{
"type": "FeatureCollection",
"crs": { "type": "name", "properties": { "name": "urn:ogc:def:crs:OGC:1.3:CRS84" } },
"features": [
{ "type": "Feature", "properties": { "code": "09159", "name": "Hontanas" }, "geometry": { "type": "Polygon", "coordinates": [ [ [ -4.056505499999957, 42.291831999000067 ], [ -4.072382, 42.303817499000047 ], [ -4.072677, 42.309669499000051 ], [ -4.069231, 42.314826999000047 ], [ -4.069976, 42.322959999000034 ], [ -4.069277, 42.324661499000058 ], [ -4.060148482999978, 42.321341761000042 ], [ -4.054198, 42.324275999000065 ], [ -4.049703784999963, 42.324727683000049 ], [ -4.045760133999977, 42.319835911000041 ], [ -4.02587669299993, 42.314132974000074 ], [ -4.015928, 42.315055999000037 ], [ -4.019312386999957, 42.303243709000071 ], [ -4.038241998999979, 42.301522902000045 ], [ -4.047151395999947, 42.294184190000067 ], [ -4.056505499999957, 42.291831999000067 ] ] ] } },
{ "type": "Feature", "properties": { "code": "09160", "name": "Hontangas" }, "geometry": { "type": "Polygon", "coordinates": [ [ [ -3.777572, 41.567390499000055 ], [ -3.786869749999937, 41.568601104000038 ], [ -3.794159499999978, 41.56427749900007 ], [ -3.803505793999932, 41.576336378000065 ], [ -3.821096161999947, 41.57853502200004 ], [ -3.825263, 41.581737499000042 ], [ -3.800992203999954, 41.593004707000034 ], [ -3.794829414999981, 41.602660340000057 ], [ -3.786731, 41.607577999000057 ], [ -3.783341, 41.609016499000063 ], [ -3.777902499999925, 41.609962499000062 ], [ -3.763848, 41.617000499000028 ], [ -3.763371, 41.608005499000058 ], [ -3.767329, 41.603755999000043 ], [ -3.776955499999929, 41.58702099900006 ], [ -3.778592499999945, 41.585403499000051 ], [ -3.775573, 41.577758999000025 ], [ -3.776238, 41.56915249900004 ], [ -3.777572, 41.567390499000055 ] ] ] } },
{ "type": "Feature", "properties": { "code": "09162", "name": "Hontoria de la Cantera" }, "geometry": { "type": "Polygon", "coordinates": [ [ [ -3.609392499999956, 42.190570999000045 ], [ -3.623028503999933, 42.191537161000042 ], [ -3.631231157999935, 42.187497012000051 ], [ -3.629682558999946, 42.175387552000075 ], [ -3.637144684999953, 42.167462612000065 ], [ -3.633607499999925, 42.161822999000037 ], [ -3.658302, 42.162944999000047 ], [ -3.654595538999956, 42.175820997000073 ], [ -3.661042055999928, 42.184806737000031 ], [ -3.659663712999929, 42.192271567000034 ], [ -3.663973, 42.205283999000073 ], [ -3.658825499999978, 42.205310999000062 ], [ -3.65544, 42.208286499000053 ], [ -3.649576, 42.211749999000062 ], [ -3.645174499999939, 42.216159499000071 ], [ -3.639256, 42.219245999000066 ], [ -3.631998, 42.221603499000025 ], [ -3.629045499999961, 42.224391999000034 ], [ -3.625845419999962, 42.225388548000069 ], [ -3.619568995999941, 42.221162555000035 ], [ -3.601656276999961, 42.20090704200004 ], [ -3.609392499999956, 42.190570999000045 ] ] ] } },
{ "type": "Feature", "properties": { "code": "09163", "name": "Hontoria del Pinar" }, "geometry": { "type": "Polygon", "coordinates": [ [ [ -3.168775081999968, 41.794413286000065 ], [ -3.171373499999959, 41.793014499000037 ], [ -3.189976944999955, 41.803933143000052 ], [ -3.19753032999995, 41.816677586000026 ], [ -3.196379419999971, 41.829893429000037 ], [ -3.222955499999955, 41.839508082000066 ], [ -3.234409, 41.840640999000072 ], [ -3.243222443999969, 41.848518562000038 ], [ -3.246827, 41.856322999000042 ], [ -3.243364, 41.863990499000067 ], [ -3.221038319999934, 41.877976458000035 ], [ -3.201193891999935, 41.870275078000077 ], [ -3.164940780999927, 41.885585929000058 ], [ -3.154173223999976, 41.884331509000049 ], [ -3.153964279999968, 41.894484530000057 ], [ -3.146654499999954, 41.91055699900005 ], [ -3.12610049999995, 41.901393999000049 ], [ -3.120541712999966, 41.897618933000047 ], [ -3.121053858999971, 41.890618836000044 ], [ -3.11846216999993, 41.887163245000067 ], [ -3.109973727999943, 41.887491126000043 ], [ -3.097183499999971, 41.881053999000073 ], [ -3.101152465999974, 41.875036676000036 ], [ -3.097185734999925, 41.865127977000043 ], [ -3.098189948999959, 41.860178345000065 ], [ -3.111885416999939, 41.85093413900006 ], [ -3.13373648399994, 41.821268825000061 ], [ -3.136218, 41.811939499000061 ], [ -3.168775081999968, 41.794413286000065 ] ] ] } },
{ "type": "Feature", "properties": { "code": "09164", "name": "Hontoria de Valdearados" }, "geometry": { "type": "Polygon", "coordinates": [ [ [ -3.510749499999974, 41.738364999000055 ], [ -3.530834748999951, 41.716161472000067 ], [ -3.533381, 41.71502349900004 ], [ -3.542628499999978, 41.715304999000068 ], [ -3.549233, 41.717433999000036 ], [ -3.563476, 41.738956499000039 ], [ -3.543300532999979, 41.751917128000059 ], [ -3.534432844999969, 41.754039376000037 ], [ -3.529698576999976, 41.764324110000075 ], [ -3.50746335499997, 41.773897489000035 ], [ -3.505207144999929, 41.778861817000063 ], [ -3.507608, 41.788501499000063 ], [ -3.476455457999975, 41.778186076000054 ], [ -3.470439499999941, 41.779464999000027 ], [ -3.455678, 41.764732499000047 ], [ -3.463014499999929, 41.759444999000038 ], [ -3.462254499999972, 41.757350999000039 ], [ -3.454206, 41.753814499000043 ], [ -3.456505, 41.747356499000034 ], [ -3.46094949999997, 41.743159999000056 ], [ -3.50185539499995, 41.743191550000063 ], [ -3.510749499999974, 41.738364999000055 ] ] ] } },
{ "type": "Feature", "properties": { "code": "09166", "name": "Hormazas, Las" }, "geometry": { "type": "Polygon", "coordinates": [ [ [ -3.907795, 42.498782999000071 ], [ -3.934456, 42.503677499000048 ], [ -3.952576499999964, 42.508147999000073 ], [ -3.953957031999948, 42.531441231000031 ], [ -3.92658204199995, 42.551916426000048 ], [ -3.909412098999951, 42.556735249000042 ], [ -3.909870017999935, 42.539816933000054 ], [ -3.899688287999936, 42.536723376000054 ], [ -3.868803319999927, 42.540463835000025 ], [ -3.854970371999968, 42.550106518000064 ], [ -3.848530499999924, 42.548743999000067 ], [ -3.847659499999963, 42.538375999000039 ], [ -3.853628425999943, 42.527648957000054 ], [ -3.866838345999952, 42.517584032000059 ], [ -3.882998, 42.492259999000055 ], [ -3.907795, 42.498782999000071 ] ] ] } },
{ "type": "Feature", "properties": { "code": "09167", "name": "Hornillos del Camino" }, "geometry": { "type": "Polygon", "coordinates": [ [ [ -3.976751499999978, 42.343116999000074 ], [ -3.937896679999938, 42.349577199000066 ], [ -3.924170741999944, 42.34666208200008 ], [ -3.913873156999955, 42.350639919000059 ], [ -3.890980499999955, 42.350589999000078 ], [ -3.880904552999937, 42.348626890000048 ], [ -3.883449499999927, 42.341720499000076 ], [ -3.89389469799994, 42.340115193000031 ], [ -3.905563370999971, 42.332341161000045 ], [ -3.930887598999959, 42.328794893000065 ], [ -3.950596499999961, 42.316768499000034 ], [ -3.954195082999945, 42.33025579200006 ], [ -3.955601890999958, 42.332140425000034 ], [ -3.973214857999949, 42.338992486000052 ], [ -3.976751499999978, 42.343116999000074 ] ] ] } },
{ "type": "Feature", "properties": { "code": "09168", "name": "Horra, La" }, "geometry": { "type": "Polygon", "coordinates": [ [ [ -3.875165, 41.776664499000049 ], [ -3.851564603999975, 41.776846707000061 ], [ -3.84761008199996, 41.773411561000046 ], [ -3.850233750999962, 41.756135764000078 ], [ -3.843775472999937, 41.743298159000062 ], [ -3.846389, 41.736027499000045 ], [ -3.860052959999962, 41.730372920000036 ], [ -3.854236499999956, 41.722026499000037 ], [ -3.858714, 41.721530999000038 ], [ -3.859704, 41.714698999000063 ], [ -3.861923, 41.708770499000025 ], [ -3.861266, 41.706435999000064 ], [ -3.878355, 41.706134999000028 ], [ -3.879861207999966, 41.708228149000036 ], [ -3.891747015999954, 41.712423774000058 ], [ -3.903350564999926, 41.722403206000081 ], [ -3.90599549999996, 41.728077499000051 ], [ -3.908178225999961, 41.742251782000039 ], [ -3.899911499999973, 41.760883499000045 ], [ -3.895646198999941, 41.761076864000074 ], [ -3.89251537399997, 41.766535124000029 ], [ -3.875165, 41.776664499000049 ] ] ] } },
{ "type": "Feature", "properties": { "code": "09169", "name": "Hortigüela" }, "geometry": { "type": "Polygon", "coordinates": [ [ [ -3.466683, 42.071063999000046 ], [ -3.45223455799993, 42.061234290000073 ], [ -3.451183570999945, 42.069857712000044 ], [ -3.432432973999937, 42.069873498000049 ], [ -3.423310278999963, 42.071846414000049 ], [ -3.418187595999939, 42.079199798000047 ], [ -3.420690906999937, 42.081876609000062 ], [ -3.420726775999981, 42.086646113000029 ], [ -3.418856, 42.088275999000075 ], [ -3.416035247999957, 42.084484708000048 ], [ -3.403240095999934, 42.084046010000066 ], [ -3.399366499999928, 42.080890499000077 ], [ -3.40360289299997, 42.071115773000031 ], [ -3.419187, 42.056045499000049 ], [ -3.425538278999966, 42.057361392000075 ], [ -3.44463639099996, 42.045556225000041 ], [ -3.464696068999956, 42.046990807000043 ], [ -3.467655756999932, 42.042076171000076 ], [ -3.476308077999931, 42.042378708000058 ], [ -3.480876, 42.034015499000077 ], [ -3.490312284999959, 42.040037432000076 ], [ -3.496766285999968, 42.039930932000061 ], [ -3.494073, 42.04569649900003 ], [ -3.489770858999975, 42.050808958000061 ], [ -3.490677418999951, 42.069228095000028 ], [ -3.497468499999968, 42.078094499000031 ], [ -3.486239499999954, 42.078933499000073 ], [ -3.481595499999969, 42.078430499000035 ], [ -3.476492499999949, 42.076545499000076 ], [ -3.466683, 42.071063999000046 ] ] ] } },
{ "type": "Feature", "properties": { "code": "09170", "name": "Hoyales de Roa" }, "geometry": { "type": "Polygon", "coordinates": [ [ [ -3.80872, 41.659618499000032 ], [ -3.818597113999942, 41.662898620000078 ], [ -3.827282191999927, 41.662137888000075 ], [ -3.838998499999946, 41.642932999000038 ], [ -3.851926501999969, 41.641822645000047 ], [ -3.886949499999957, 41.65458699900006 ], [ -3.881147006999925, 41.660491604000072 ], [ -3.883807, 41.675071499000069 ], [ -3.875891575999958, 41.676174653000032 ], [ -3.868291545999966, 41.670945929000027 ], [ -3.80587, 41.667926999000031 ], [ -3.80872, 41.659618499000032 ] ] ] } },
{ "type": "Feature", "properties": { "code": "09172", "name": "Huérmeces" }, "geometry": { "type": "Polygon", "coordinates": [ [ [ -3.847659499999963, 42.538375999000039 ], [ -3.848530499999924, 42.548743999000067 ], [ -3.83676879199993, 42.558987482000077 ], [ -3.83950155499997, 42.571492890000059 ], [ -3.836049499999945, 42.580871499000068 ], [ -3.833950417999972, 42.583839567000041 ], [ -3.823921629999973, 42.581545859000073 ], [ -3.807168163999961, 42.585872691000077 ], [ -3.797209499999951, 42.583492499000045 ], [ -3.789417499999956, 42.572463999000036 ], [ -3.78825, 42.568752499000027 ], [ -3.785894, 42.566596999000069 ], [ -3.777297, 42.560916999000028 ], [ -3.774477, 42.563495499000055 ], [ -3.759114499999953, 42.556384999000045 ], [ -3.755144499999972, 42.551475499000048 ], [ -3.747385630999929, 42.546484831000043 ], [ -3.738438043999963, 42.534805061000043 ], [ -3.73775900399994, 42.519697157000053 ], [ -3.742217301999972, 42.509163599000033 ], [ -3.74103, 42.500171499000032 ], [ -3.784946020999939, 42.502030329000036 ], [ -3.790398179999954, 42.505737478000071 ], [ -3.790977984999927, 42.521654307000063 ], [ -3.799813474999951, 42.533165673000042 ], [ -3.814196470999946, 42.532352298000035 ], [ -3.828275211999937, 42.537074275000066 ], [ -3.847659499999963, 42.538375999000039 ] ] ] } },
{ "type": "Feature", "properties": { "code": "09173", "name": "Huerta de Arriba" }, "geometry": { "type": "Polygon", "coordinates": [ [ [ -3.11245, 42.126884499000028 ], [ -3.073671, 42.135833999000056 ], [ -3.066190499999948, 42.133308499000066 ], [ -3.059151, 42.127109499000028 ], [ -3.052554499999928, 42.118697999000062 ], [ -3.03439, 42.085944999000048 ], [ -3.043557499999963, 42.070731999000031 ], [ -3.047730499999943, 42.059100999000066 ], [ -3.066093, 42.050418999000044 ], [ -3.080530293999971, 42.056058500000063 ], [ -3.07649896099997, 42.068155060000038 ], [ -3.082924124999977, 42.079536611000037 ], [ -3.081407414999944, 42.087041070000055 ], [ -3.083941750999941, 42.095526329000052 ], [ -3.087525362999941, 42.099005228000067 ], [ -3.105397479999965, 42.104186120000065 ], [ -3.11245, 42.126884499000028 ] ] ] } },
{ "type": "Feature", "properties": { "code": "09174", "name": "Huerta de Rey" }, "geometry": { "type": "Polygon", "coordinates": [ [ [ -3.397881, 41.799670999000057 ], [ -3.392457499999978, 41.802264999000045 ], [ -3.387932499999977, 41.80644249900007 ], [ -3.37897049999998, 41.809676999000033 ], [ -3.376502499999958, 41.811629999000047 ], [ -3.37353, 41.820106499000076 ], [ -3.36987849999997, 41.823810499000047 ], [ -3.367468, 41.827781499000025 ], [ -3.369411, 41.828765999000041 ], [ -3.370875, 41.831958999000051 ], [ -3.347416, 41.856345999000041 ], [ -3.33660370299998, 41.858025103000045 ], [ -3.333365011999945, 41.867269957000076 ], [ -3.325843840999937, 41.870844136000073 ], [ -3.315159499999936, 41.884990499000025 ], [ -3.289591499999972, 41.876403999000047 ], [ -3.279839110999944, 41.866933034000056 ], [ -3.284325859999967, 41.846559305000028 ], [ -3.288888281999959, 41.840265990000034 ], [ -3.288474745999963, 41.829785616000038 ], [ -3.281917504999967, 41.822890586000028 ], [ -3.28489449999995, 41.814594499000066 ], [ -3.283013499999925, 41.811202999000045 ], [ -3.286732, 41.805350999000041 ], [ -3.286600499999963, 41.802901999000028 ], [ -3.285331, 41.801406999000051 ], [ -3.275405499999977, 41.799899999000047 ], [ -3.276351743999953, 41.794208344000026 ], [ -3.285118342999965, 41.78754400300005 ], [ -3.283143861999974, 41.778786521000029 ], [ -3.276641281999957, 41.769256879000068 ], [ -3.28383249999996, 41.762222499000075 ], [ -3.305815183999925, 41.76021085900004 ], [ -3.311288458999968, 41.750648693000073 ], [ -3.3217, 41.749187499000072 ], [ -3.331796848999943, 41.754784459000064 ], [ -3.340826406999952, 41.75314581300006 ], [ -3.358488817999955, 41.755335695000042 ], [ -3.377224575999946, 41.773665531000063 ], [ -3.403672125999947, 41.782346227000062 ], [ -3.411743499999943, 41.787524999000027 ], [ -3.411171, 41.790282999000055 ], [ -3.405397499999935, 41.796446999000068 ], [ -3.397881, 41.799670999000057 ] ] ] } },
{ "type": "Feature", "properties": { "code": "09175", "name": "Humada" }, "geometry": { "type": "Polygon", "coordinates": [ [ [ -4.03054949999995, 42.669414499000027 ], [ -3.988730989999965, 42.654862131000073 ], [ -3.985648, 42.635158499000056 ], [ -3.998667175999969, 42.633193714000072 ], [ -4.010246291999977, 42.621549188000074 ], [ -4.042690067999956, 42.610443796000027 ], [ -4.052307921999954, 42.612731577000034 ], [ -4.06861949499995, 42.625403961000075 ], [ -4.071137911999926, 42.624300653000034 ], [ -4.070580911999969, 42.618544934000056 ], [ -4.078046547999975, 42.620264082000062 ], [ -4.08255504899995, 42.631269090000046 ], [ -4.096129890999975, 42.616127400000039 ], [ -4.121573499999954, 42.621826499000065 ], [ -4.119496109999943, 42.626973639000028 ], [ -4.122739579999973, 42.636802995000039 ], [ -4.116095574999974, 42.646291836000046 ], [ -4.133817199999953, 42.647354909000057 ], [ -4.139954404999969, 42.651589770000044 ], [ -4.143012925999926, 42.659668349000071 ], [ -4.158569005999937, 42.660172370000055 ], [ -4.166829499999949, 42.66654199900006 ], [ -4.153845054999977, 42.67149702100005 ], [ -4.148728035999966, 42.676893613000061 ], [ -4.157932184999936, 42.691384409000079 ], [ -4.153779223999948, 42.700171559000069 ], [ -4.154784499999948, 42.706664999000054 ], [ -4.135421776999976, 42.70248188000005 ], [ -4.120167415999958, 42.69535004200003 ], [ -4.111912593999932, 42.697155769000062 ], [ -4.083850944999938, 42.69069679200004 ], [ -4.076718953999944, 42.684879683000077 ], [ -4.04490851099996, 42.671894073000033 ], [ -4.03054949999995, 42.669414499000027 ] ] ] } },
{ "type": "Feature", "properties": { "code": "09176", "name": "Hurones" }, "geometry": { "type": "Polygon", "coordinates": [ [ [ -3.613807, 42.392444499000078 ], [ -3.623758941999938, 42.397518956000056 ], [ -3.626075250999975, 42.409262350000063 ], [ -3.634268, 42.416625999000075 ], [ -3.615843041999938, 42.421361473000047 ], [ -3.604215494999949, 42.418228158000034 ], [ -3.586978383999963, 42.419893004000073 ], [ -3.582856499999934, 42.415611499000079 ], [ -3.579587499999946, 42.410388999000077 ], [ -3.582962, 42.406047999000066 ], [ -3.586651, 42.404254999000045 ], [ -3.598148499999979, 42.402961499000071 ], [ -3.602526499999954, 42.400798999000074 ], [ -3.613807, 42.392444499000078 ] ] ] } },
{ "type": "Feature", "properties": { "code": "09177", "name": "Ibeas de Juarros" }, "geometry": { "type": "Polygon", "coordinates": [ [ [ -3.560609499999941, 42.342498999000043 ], [ -3.555385499999943, 42.346316999000067 ], [ -3.550046, 42.346522999000058 ], [ -3.54291, 42.348273999000071 ], [ -3.534841, 42.348846499000047 ], [ -3.532007499999963, 42.349830499000063 ], [ -3.52362, 42.350074999000071 ], [ -3.511374499999931, 42.352184499000032 ], [ -3.508811499999979, 42.350440999000057 ], [ -3.507343, 42.34595149900008 ], [ -3.497650824999937, 42.337372152000057 ], [ -3.504898096999966, 42.320268442000042 ], [ -3.448953, 42.297572499000069 ], [ -3.449432821999949, 42.288903970000035 ], [ -3.446220814999947, 42.284565640000039 ], [ -3.448316948999945, 42.281567146000043 ], [ -3.453305519999958, 42.287430589000053 ], [ -3.46577148199998, 42.290482111000074 ], [ -3.476020749999975, 42.283870837000052 ], [ -3.483911239999941, 42.285404529000061 ], [ -3.508881981999934, 42.280469771000071 ], [ -3.51363946999993, 42.256648687000052 ], [ -3.507315419999941, 42.253406403000042 ], [ -3.487552637999954, 42.261340793000045 ], [ -3.471706139999981, 42.263014449000025 ], [ -3.461134650999952, 42.268345889000045 ], [ -3.458765325999934, 42.274176880000027 ], [ -3.446020982999926, 42.277052507000064 ], [ -3.438479499999971, 42.268932499000073 ], [ -3.432758719999924, 42.254172636000078 ], [ -3.411620308999943, 42.246953319000056 ], [ -3.403455916999974, 42.248201307000045 ], [ -3.398523105999971, 42.242712349000044 ], [ -3.385148841999978, 42.241713767000078 ], [ -3.33934249999993, 42.247153999000034 ], [ -3.35865754799994, 42.230292127000041 ], [ -3.357552057999953, 42.217296110000063 ], [ -3.367701, 42.212730499000031 ], [ -3.369323, 42.214542499000061 ], [ -3.372802499999977, 42.215232999000079 ], [ -3.376124, 42.217399499000066 ], [ -3.388848, 42.21576249900005 ], [ -3.395071499999972, 42.216987499000027 ], [ -3.397769499999924, 42.216525999000055 ], [ -3.402129, 42.21416799900004 ], [ -3.411740743999928, 42.218744150000077 ], [ -3.440732744999934, 42.219020648000026 ], [ -3.462087706999966, 42.228579192000041 ], [ -3.47993583899995, 42.230402628000036 ], [ -3.490233499999931, 42.228202999000075 ], [ -3.514167086999976, 42.224954740000044 ], [ -3.525456, 42.228545188000055 ], [ -3.532956499999955, 42.237719999000035 ], [ -3.555647718999978, 42.24419613200007 ], [ -3.566630728999939, 42.242453829000056 ], [ -3.574186441999927, 42.237385245000041 ], [ -3.584752609999953, 42.236444405000043 ], [ -3.589413110999942, 42.23853755500005 ], [ -3.593530595999937, 42.246483278000028 ], [ -3.602898499999981, 42.250144999000042 ], [ -3.59783658799995, 42.261888350000049 ], [ -3.599038534999977, 42.270249841000066 ], [ -3.585424, 42.275714999000058 ], [ -3.571653233999939, 42.279939418000026 ], [ -3.554832703999978, 42.304432228000053 ], [ -3.554860951999956, 42.309230654000032 ], [ -3.563166378999938, 42.312729705000038 ], [ -3.56464555499997, 42.317474799000081 ], [ -3.559877279999967, 42.330035201000044 ], [ -3.560609499999941, 42.342498999000043 ] ] ] } },
{ "type": "Feature", "properties": { "code": "09178", "name": "Ibrillos" }, "geometry": { "type": "Polygon", "coordinates": [ [ [ -3.055288499999961, 42.455776499000081 ], [ -3.06665080099998, 42.456105207000064 ], [ -3.071054499999946, 42.447688999000036 ], [ -3.08514650799998, 42.448066597000036 ], [ -3.09512849999993, 42.453212999000073 ], [ -3.088576020999938, 42.456311922000054 ], [ -3.085745979999956, 42.473115639000071 ], [ -3.08280149999996, 42.475917999000046 ], [ -3.072993074999943, 42.475834778000035 ], [ -3.064230499999951, 42.470920499000044 ], [ -3.061011, 42.461959999000044 ], [ -3.055288499999961, 42.455776499000081 ] ] ] } },
{ "type": "Feature", "properties": { "code": "09179", "name": "Iglesiarrubia" }, "geometry": { "type": "Polygon", "coordinates": [ [ [ -3.838241499999981, 41.995795999000052 ], [ -3.838770204999946, 41.983285051000053 ], [ -3.829666108999959, 41.974999748000073 ], [ -3.824052, 41.96269249900007 ], [ -3.820281816999966, 41.950387427000067 ], [ -3.824771087999977, 41.94363041400004 ], [ -3.833071864999965, 41.940702348000059 ], [ -3.840510025999947, 41.940993592000041 ], [ -3.844474697999942, 41.953784503000065 ], [ -3.854356808999967, 41.944669884000064 ], [ -3.876773, 41.947612499000059 ], [ -3.874236, 41.955162217000066 ], [ -3.860315294999964, 41.974218501000053 ], [ -3.848380583999926, 41.983861879000074 ], [ -3.840914, 41.998840499000039 ], [ -3.840359, 41.996078499000077 ], [ -3.838241499999981, 41.995795999000052 ] ] ] } },
{ "type": "Feature", "properties": { "code": "09180", "name": "Iglesias" }, "geometry": { "type": "Polygon", "coordinates": [ [ [ -3.976751499999978, 42.343116999000074 ], [ -3.973214857999949, 42.338992486000052 ], [ -3.955601890999958, 42.332140425000034 ], [ -3.954195082999945, 42.33025579200006 ], [ -3.950596499999961, 42.316768499000034 ], [ -3.954058671999974, 42.313955961000033 ], [ -3.950911844999951, 42.309826371000042 ], [ -3.962935202999972, 42.301901187000055 ], [ -3.96499, 42.288253499000064 ], [ -3.976349499999969, 42.285445999000046 ], [ -3.982277, 42.28605249900005 ], [ -3.985838, 42.287292499000046 ], [ -3.998041499999943, 42.288150999000038 ], [ -4.001498, 42.286609499000065 ], [ -4.016453499999955, 42.282890499000075 ], [ -4.021849, 42.279655999000056 ], [ -4.026785, 42.27824399900004 ], [ -4.030531499999938, 42.275226499000041 ], [ -4.032808, 42.271262999000044 ], [ -4.036990499999945, 42.270442999000068 ], [ -4.040781, 42.271606499000029 ], [ -4.053108499999951, 42.280803499000058 ], [ -4.056272499999977, 42.280631999000036 ], [ -4.057067, 42.287730999000075 ], [ -4.056505499999957, 42.291831999000067 ], [ -4.047151395999947, 42.294184190000067 ], [ -4.038241998999979, 42.301522902000045 ], [ -4.019312386999957, 42.303243709000071 ], [ -4.015928, 42.315055999000037 ], [ -4.005747252999925, 42.323947642000064 ], [ -4.003050499999972, 42.331615499000065 ], [ -3.977517, 42.344615999000041 ], [ -3.976751499999978, 42.343116999000074 ] ] ] } },
{ "type": "Feature", "properties": { "code": "09181", "name": "Isar" }, "geometry": { "type": "Polygon", "coordinates": [ [ [ -3.90994, 42.45447899900006 ], [ -3.906275, 42.449981999000045 ], [ -3.900054499999953, 42.446975499000075 ], [ -3.898400808999952, 42.430105360000027 ], [ -3.908670692999976, 42.421071057000063 ], [ -3.910170113999925, 42.416536177000069 ], [ -3.871611951999967, 42.413330453000071 ], [ -3.866151547999948, 42.408288157000072 ], [ -3.863777, 42.395381999000051 ], [ -3.869429406999927, 42.383183375000044 ], [ -3.879861207999966, 42.377260360000037 ], [ -3.890980499999955, 42.350589999000078 ], [ -3.913873156999955, 42.350639919000059 ], [ -3.924170741999944, 42.34666208200008 ], [ -3.937896679999938, 42.349577199000066 ], [ -3.976751499999978, 42.343116999000074 ], [ -3.980506526999932, 42.358281867000073 ], [ -3.975153960999933, 42.371699056000068 ], [ -3.967929, 42.374770999000077 ], [ -3.959406036999951, 42.372218076000081 ], [ -3.940276000999972, 42.372457267000073 ], [ -3.91457860099996, 42.380286411000043 ], [ -3.921479361999957, 42.396200192000038 ], [ -3.960004499999968, 42.389564499000073 ], [ -3.964972091999925, 42.403111116000048 ], [ -3.974591326999928, 42.413461106000057 ], [ -3.971290499999952, 42.421214999000028 ], [ -3.949890914999969, 42.429576466000071 ], [ -3.950352499999951, 42.437583999000026 ], [ -3.941492499999981, 42.441077999000072 ], [ -3.937529, 42.445152499000073 ], [ -3.932926, 42.44549949900005 ], [ -3.922955, 42.453864999000075 ], [ -3.920589, 42.454151499000034 ], [ -3.915048, 42.452846499000032 ], [ -3.913693, 42.454154999000025 ], [ -3.90994, 42.45447899900006 ] ] ] } },
{ "type": "Feature", "properties": { "code": "09182", "name": "Itero del Castillo" }, "geometry": { "type": "Polygon", "coordinates": [ [ [ -4.213858, 42.271624999000039 ], [ -4.214179499999943, 42.268703499000026 ], [ -4.218402, 42.263156999000046 ], [ -4.218558499999972, 42.260650499000064 ], [ -4.221264, 42.258262499000068 ], [ -4.229055, 42.257297999000059 ], [ -4.231456499999979, 42.256072999000025 ], [ -4.241585434999934, 42.259921648000045 ], [ -4.241974422999931, 42.270106276000035 ], [ -4.251794627999971, 42.290501789000075 ], [ -4.249955799999952, 42.297172447000037 ], [ -4.251905499999964, 42.309974499000077 ], [ -4.251465525999947, 42.313338582000029 ], [ -4.239594499999953, 42.314494999000033 ], [ -4.21993249999997, 42.311122999000077 ], [ -4.208155499999975, 42.282214999000075 ], [ -4.213858, 42.271624999000039 ] ] ] } },
{ "type": "Feature", "properties": { "code": "09183", "name": "Jaramillo de la Fuente" }, "geometry": { "type": "Polygon", "coordinates": [ [ [ -3.318338499999925, 42.093143499000064 ], [ -3.346931698999981, 42.102681817000075 ], [ -3.34671960299994, 42.115792189000047 ], [ -3.350503499999945, 42.119521999000028 ], [ -3.318143149999969, 42.14536511700004 ], [ -3.309309482999936, 42.145506630000057 ], [ -3.295550882999976, 42.138668060000043 ], [ -3.282171499999947, 42.137138499000059 ], [ -3.276696139999956, 42.135744030000069 ], [ -3.278070997999976, 42.131679051000049 ], [ -3.275748499999963, 42.129615499000067 ], [ -3.282939901999953, 42.127228374000026 ], [ -3.301527431999943, 42.108017941000071 ], [ -3.302936, 42.09901049900003 ], [ -3.304092, 42.097820499000079 ], [ -3.30958007299995, 42.092664334000062 ], [ -3.318338499999925, 42.093143499000064 ] ] ] } },
{ "type": "Feature", "properties": { "code": "09184", "name": "Jaramillo Quemado" }, "geometry": { "type": "Polygon", "coordinates": [ [ [ -3.350503499999945, 42.119521999000028 ], [ -3.34671960299994, 42.115792189000047 ], [ -3.346931698999981, 42.102681817000075 ], [ -3.318338499999925, 42.093143499000064 ], [ -3.345013, 42.07715999900006 ], [ -3.357194499999935, 42.072005999000055 ], [ -3.363772499999925, 42.070327999000028 ], [ -3.370467499999961, 42.070091499000057 ], [ -3.37748449999998, 42.073085499000058 ], [ -3.388197, 42.079337999000074 ], [ -3.388285017999976, 42.086036336000063 ], [ -3.371492499999931, 42.115215499000044 ], [ -3.364884343999961, 42.115622151000025 ], [ -3.359713315999954, 42.112574112000061 ], [ -3.350503499999945, 42.119521999000028 ] ] ] } },
{ "type": "Feature", "properties": { "code": "09189", "name": "Junta de Traslaloma" }, "geometry": { "type": "Polygon", "coordinates": [ [ [ -3.427796, 43.077731999000036 ], [ -3.368914687999961, 43.081804539000075 ], [ -3.363677462999931, 43.064672691000055 ], [ -3.344198, 43.055022999000073 ], [ -3.35524705399996, 43.041618779000032 ], [ -3.350061641999957, 43.037089929000047 ], [ -3.34076, 43.015361499000051 ], [ -3.340658589999975, 43.007124149000049 ], [ -3.353559925999946, 43.001547790000075 ], [ -3.364937689999977, 42.998794763000035 ], [ -3.380342970999948, 43.000443670000038 ], [ -3.384535416999938, 43.009644962000039 ], [ -3.394065600999966, 43.006388589000039 ], [ -3.411699661999933, 43.009292559000073 ], [ -3.408129928999927, 43.018482543000061 ], [ -3.413063637999926, 43.028966580000031 ], [ -3.418199457999947, 43.029377751000027 ], [ -3.421539935999931, 43.028106080000043 ], [ -3.42733919099993, 43.017496679000033 ], [ -3.419867851999925, 43.009652090000031 ], [ -3.41726407699997, 43.00233014500003 ], [ -3.426414706999935, 42.991391176000036 ], [ -3.433270561999962, 42.997974621000026 ], [ -3.440063150999947, 42.99846807800003 ], [ -3.445033639999963, 43.004162243000053 ], [ -3.443135096999924, 43.014233575000048 ], [ -3.446791900999926, 43.013432059000081 ], [ -3.451192568999943, 43.007154681000031 ], [ -3.459578499999964, 43.004195999000046 ], [ -3.472748612999965, 43.008335977000058 ], [ -3.464319142999955, 43.025445684000033 ], [ -3.472526947999938, 43.030497113000081 ], [ -3.475140582999927, 43.042169711000042 ], [ -3.469309221999936, 43.046425674000034 ], [ -3.470033529999967, 43.052158715000076 ], [ -3.448503867999932, 43.066143894000049 ], [ -3.445414954999933, 43.071103186000073 ], [ -3.427796, 43.077731999000036 ] ] ] } },
{ "type": "Feature", "properties": { "code": "09190", "name": "Junta de Villalba de Losa" }, "geometry": { "type": "MultiPolygon", "coordinates": [ [ [ [ -3.020920499999932, 42.956569999000067 ], [ -3.030668119999973, 42.94826690900004 ], [ -3.035859384999981, 42.938410169000065 ], [ -3.050473402999955, 42.927084476000061 ], [ -3.060743338999941, 42.924329197000077 ], [ -3.075048046999939, 42.92613130400008 ], [ -3.08768221899993, 42.916970139000057 ], [ -3.087711906999971, 42.911765410000044 ], [ -3.091630757999951, 42.908324797000034 ], [ -3.089547, 42.898948499000028 ], [ -3.104694, 42.910109999000042 ], [ -3.109772275999944, 42.91474936000003 ], [ -3.105767398999944, 42.924048965000054 ], [ -3.108272391999947, 42.930479836000075 ], [ -3.104253559999961, 42.936003602000028 ], [ -3.11481721399997, 42.95201234700005 ], [ -3.103449414999943, 42.966584210000065 ], [ -3.091331813999943, 42.968123829000035 ], [ -3.084438585999976, 42.97194040800008 ], [ -3.089153499999952, 43.00150349900008 ], [ -3.076444672999969, 43.007725723000078 ], [ -3.062380978999954, 43.003359067000076 ], [ -3.059080792999964, 42.997281917000066 ], [ -3.043067785999938, 42.98404759400006 ], [ -3.037528, 42.982438999000067 ], [ -3.042738719999932, 42.970918945000051 ], [ -3.021598770999958, 42.960419076000051 ], [ -3.020920499999932, 42.956569999000067 ] ] ], [ [ [ -3.148483, 43.008492999000055 ], [ -3.150752594999972, 42.994899170000053 ], [ -3.166176771999972, 42.985150287000067 ], [ -3.168775081999968, 42.973705146000043 ], [ -3.19144412199995, 42.972914795000065 ], [ -3.193640673999937, 42.975066164000054 ], [ -3.168775081999968, 43.001687998000079 ], [ -3.161907335999956, 43.006215551000025 ], [ -3.160638499999948, 43.013068499000042 ], [ -3.148483, 43.008492999000055 ] ] ] ] } },
{ "type": "Feature", "properties": { "code": "09191", "name": "Jurisdicción de Lara" }, "geometry": { "type": "Polygon", "coordinates": [ [ [ -3.422955499999944, 42.143237999000064 ], [ -3.437217604999944, 42.122577550000074 ], [ -3.442556499999966, 42.102516499000046 ], [ -3.454826108999953, 42.107101681000074 ], [ -3.464817036999932, 42.105491932000064 ], [ -3.476275825999949, 42.112188785000058 ], [ -3.464447883999981, 42.127595413000051 ], [ -3.49816, 42.146465499000044 ], [ -3.498183499999925, 42.151428499000076 ], [ -3.496035, 42.155059999000059 ], [ -3.496282, 42.157020499000055 ], [ -3.48533249999997, 42.170497999000077 ], [ -3.483120499999927, 42.170928999000068 ], [ -3.476888, 42.166408499000056 ], [ -3.463048499999957, 42.16610349900003 ], [ -3.458834499999966, 42.16284949900006 ], [ -3.456756499999926, 42.158427999000025 ], [ -3.433726, 42.152129999000067 ], [ -3.422955499999944, 42.143237999000064 ] ] ] } },
{ "type": "Feature", "properties": { "code": "09192", "name": "Jurisdicción de San Zadornil" }, "geometry": { "type": "Polygon", "coordinates": [ [ [ -3.159259499999962, 42.804546499000026 ], [ -3.191358463999961, 42.817424484000071 ], [ -3.220876097999962, 42.838458917000025 ], [ -3.210219760999962, 42.844173978000072 ], [ -3.190938464999931, 42.868316785000047 ], [ -3.173487037999962, 42.85779930700005 ], [ -3.164151231999938, 42.856881515000055 ], [ -3.151167126999951, 42.860997111000074 ], [ -3.138750499999958, 42.871246499000051 ], [ -3.136542, 42.869044999000039 ], [ -3.138324499999953, 42.866374999000072 ], [ -3.12921149999994, 42.853069499000071 ], [ -3.127944499999955, 42.849528999000029 ], [ -3.131725734999975, 42.838944795000032 ], [ -3.141043092999951, 42.834792256000071 ], [ -3.147999603999949, 42.821974304000037 ], [ -3.149695750999967, 42.812585321000029 ], [ -3.159259499999962, 42.804546499000026 ] ] ] } },
{ "type": "Feature", "properties": { "code": "09194", "name": "Lerma" }, "geometry": { "type": "Polygon", "coordinates": [ [ [ -3.762629, 42.084350499000038 ], [ -3.75727875299998, 42.076899524000055 ], [ -3.763447267999936, 42.061304268000072 ], [ -3.760742876999927, 42.044276731000025 ], [ -3.749754335999967, 42.038469589000044 ], [ -3.737887644999944, 42.037823304000028 ], [ -3.720533499999931, 42.043933999000046 ], [ -3.71388968399998, 42.035286549000034 ], [ -3.71229277499998, 42.028068917000041 ], [ -3.692053287999954, 42.027249300000051 ], [ -3.686674499999981, 42.024696499000072 ], [ -3.657139743999949, 42.031914677000032 ], [ -3.645855049999966, 42.028830067000058 ], [ -3.64433994999996, 42.027135017000035 ], [ -3.647951285999966, 42.019789987000081 ], [ -3.64536, 42.006553499000063 ], [ -3.656446870999957, 41.993749862000072 ], [ -3.658285927999941, 41.986069026000052 ], [ -3.665526184999976, 41.97720623500004 ], [ -3.67502481899993, 41.973848622000048 ], [ -3.679667070999926, 41.968588447000059 ], [ -3.681215898999938, 41.961015713000052 ], [ -3.690293499999939, 41.956016999000042 ], [ -3.697795920999965, 41.948564671000042 ], [ -3.700876552999944, 41.931202810000059 ], [ -3.727942, 41.919006499000034 ], [ -3.728403682999954, 41.923331268000027 ], [ -3.72258377199995, 41.927252853000027 ], [ -3.712542543999973, 41.945190447000073 ], [ -3.722037012999976, 41.954129760000058 ], [ -3.764756448999947, 41.958635850000064 ], [ -3.765399990999981, 41.950462221000066 ], [ -3.774709321999978, 41.94053531600008 ], [ -3.771438456999931, 41.931253050000066 ], [ -3.765155, 41.930919499000026 ], [ -3.79385376099998, 41.924819813000056 ], [ -3.827084230999958, 41.923738745000037 ], [ -3.838372714999934, 41.905489578000072 ], [ -3.859261077999975, 41.894556675000047 ], [ -3.862389499999949, 41.890136999000049 ], [ -3.867691499999978, 41.889167999000051 ], [ -3.871558, 41.887122999000042 ], [ -3.87742, 41.886508999000057 ], [ -3.886558354999977, 41.888492363000069 ], [ -3.888867, 41.890663499000027 ], [ -3.879021646999945, 41.926482916000055 ], [ -3.883392880999963, 41.93859463900003 ], [ -3.876773, 41.947612499000059 ], [ -3.854356808999967, 41.944669884000064 ], [ -3.844474697999942, 41.953784503000065 ], [ -3.840510025999947, 41.940993592000041 ], [ -3.833071864999965, 41.940702348000059 ], [ -3.824771087999977, 41.94363041400004 ], [ -3.820281816999966, 41.950387427000067 ], [ -3.824052, 41.96269249900007 ], [ -3.819489060999956, 41.967349795000075 ], [ -3.804329766999956, 41.957743856000036 ], [ -3.798428692999948, 41.964509933000045 ], [ -3.801057, 41.976642499000036 ], [ -3.791533897999955, 41.993724340000028 ], [ -3.78191591999996, 42.002672155000027 ], [ -3.796241144999954, 42.006927462000078 ], [ -3.831800499999929, 42.009246999000027 ], [ -3.828109757999925, 42.020250335000071 ], [ -3.834120499999926, 42.026061999000035 ], [ -3.839943395999967, 42.036879744000032 ], [ -3.830041371999926, 42.037920425000038 ], [ -3.825341499999979, 42.04501699900004 ], [ -3.786772151999969, 42.040671538000026 ], [ -3.788279490999969, 42.050412404000042 ], [ -3.783802106999929, 42.056521038000028 ], [ -3.778652277999925, 42.077870892000078 ], [ -3.788900412999965, 42.078732697000078 ], [ -3.822145, 42.071544499000026 ], [ -3.831730332999939, 42.071327691000079 ], [ -3.838763, 42.077773999000044 ], [ -3.837037499999951, 42.080795499000033 ], [ -3.828497499999969, 42.081378999000037 ], [ -3.816948, 42.087604499000065 ], [ -3.80043749999993, 42.085346499000025 ], [ -3.792411499999957, 42.082553999000027 ], [ -3.785477499999956, 42.082061999000075 ], [ -3.776087, 42.084438999000042 ], [ -3.762629, 42.084350499000038 ] ], [ [ -3.77747911299997, 41.975186538000059 ], [ -3.752987784999959, 41.977730100000031 ], [ -3.745902128999944, 41.996306767000078 ], [ -3.749583001999952, 42.003345238000065 ], [ -3.75603697899993, 42.006161641000062 ], [ -3.766661279999937, 42.003847906000033 ], [ -3.764895018999937, 41.997637716000042 ], [ -3.773839524999971, 41.98705749800007 ], [ -3.77747911299997, 41.975186538000059 ] ] ] } },
{ "type": "Feature", "properties": { "code": "09195", "name": "Llano de Bureba" }, "geometry": { "type": "Polygon", "coordinates": [ [ [ -3.432047499999953, 42.604984499000068 ], [ -3.439392, 42.609267999000053 ], [ -3.440183499999932, 42.612552999000059 ], [ -3.450133499999936, 42.612666999000055 ], [ -3.470061, 42.609866999000076 ], [ -3.482206499999961, 42.605540999000027 ], [ -3.483078499999976, 42.60795949900006 ], [ -3.474705149999977, 42.612885697000081 ], [ -3.478702130999977, 42.620126035000055 ], [ -3.45937, 42.645091999000044 ], [ -3.446806, 42.638450499000044 ], [ -3.442819499999928, 42.635272999000051 ], [ -3.439055, 42.634105499000043 ], [ -3.431312499999933, 42.63442599900003 ], [ -3.425033, 42.636394499000062 ], [ -3.425557, 42.632781999000031 ], [ -3.410572, 42.628268999000056 ], [ -3.411654985999974, 42.613720714000067 ], [ -3.432047499999953, 42.604984499000068 ] ] ] } },
{ "type": "Feature", "properties": { "code": "09196", "name": "Madrigal del Monte" }, "geometry": { "type": "Polygon", "coordinates": [ [ [ -3.702088499999945, 42.142268999000066 ], [ -3.673736499999961, 42.162936999000067 ], [ -3.662933, 42.160144999000067 ], [ -3.661704499999928, 42.16192649900006 ], [ -3.658302, 42.162944999000047 ], [ -3.633607499999925, 42.161822999000037 ], [ -3.631329499999936, 42.157962999000063 ], [ -3.626017, 42.153209999000069 ], [ -3.621783771999958, 42.145735882000054 ], [ -3.608089499999949, 42.131545999000025 ], [ -3.607406, 42.129722499000025 ], [ -3.613525, 42.124347499000066 ], [ -3.622153, 42.120860999000058 ], [ -3.627874, 42.126819499000078 ], [ -3.627396, 42.129783499000041 ], [ -3.647832499999936, 42.120528999000044 ], [ -3.669444161999934, 42.118212157000073 ], [ -3.685970499999939, 42.124442999000053 ], [ -3.696727499999952, 42.132357999000078 ], [ -3.700063, 42.136317999000028 ], [ -3.702088499999945, 42.142268999000066 ] ] ] } },
{ "type": "Feature", "properties": { "code": "09197", "name": "Madrigalejo del Monte" }, "geometry": { "type": "Polygon", "coordinates": [ [ [ -3.702088499999945, 42.142268999000066 ], [ -3.700063, 42.136317999000028 ], [ -3.698317499999973, 42.133887999000081 ], [ -3.685970499999939, 42.124442999000053 ], [ -3.687557, 42.121188999000026 ], [ -3.690009499999974, 42.119598499000062 ], [ -3.695378, 42.120499499000061 ], [ -3.696919952999963, 42.122494900000049 ], [ -3.702300756999932, 42.118151079000029 ], [ -3.727308584999946, 42.116701197000054 ], [ -3.739609923999978, 42.120992735000073 ], [ -3.748125386999959, 42.130532763000076 ], [ -3.765430177999974, 42.134302718000072 ], [ -3.768342, 42.139474499000073 ], [ -3.758632950999925, 42.14203870700004 ], [ -3.760486950999962, 42.167443842000068 ], [ -3.753176374999953, 42.177591453000048 ], [ -3.753284912999959, 42.182572547000063 ], [ -3.732493, 42.174182999000038 ], [ -3.714047365999932, 42.155386171000032 ], [ -3.712049928999932, 42.148131635000027 ], [ -3.702088499999945, 42.142268999000066 ] ] ] } },
{ "type": "Feature", "properties": { "code": "09198", "name": "Mahamud" }, "geometry": { "type": "Polygon", "coordinates": [ [ [ -3.907945499999926, 42.162284999000065 ], [ -3.890277581999953, 42.164401482000073 ], [ -3.88439029999995, 42.170508596000047 ], [ -3.880185, 42.170768999000074 ], [ -3.880867158999934, 42.165444918000048 ], [ -3.86986152299994, 42.143212495000057 ], [ -3.858728038999971, 42.14318367900006 ], [ -3.852313495999965, 42.13985142100006 ], [ -3.868648986999972, 42.130823475000057 ], [ -3.886728743999925, 42.126555906000078 ], [ -3.894029050999961, 42.120086148000041 ], [ -3.895549, 42.111408499000049 ], [ -3.909126104999928, 42.11137764700004 ], [ -3.954195082999945, 42.091420968000079 ], [ -3.954195082999945, 42.093319829000052 ], [ -3.960696809999945, 42.09867588600008 ], [ -3.961639256999945, 42.101485110000056 ], [ -3.954195082999945, 42.123426944000073 ], [ -3.944316, 42.135711499000081 ], [ -3.937724, 42.142421499000079 ], [ -3.91475771599994, 42.148333342000058 ], [ -3.907945499999926, 42.162284999000065 ] ] ] } },
{ "type": "Feature", "properties": { "code": "09199", "name": "Mambrilla de Castrejón" }, "geometry": { "type": "Polygon", "coordinates": [ [ [ -4.025887, 41.659537999000065 ], [ -4.024767, 41.661655499000062 ], [ -4.024092499999938, 41.666911999000035 ], [ -4.024349, 41.675456999000062 ], [ -4.01669611799997, 41.677309876000038 ], [ -3.997158881999951, 41.677316974000064 ], [ -3.977819040999975, 41.684603845000026 ], [ -3.965451499999972, 41.685512499000026 ], [ -3.962398567999969, 41.676117506000026 ], [ -3.947083, 41.664291499000058 ], [ -3.961813455999959, 41.661622451000028 ], [ -3.972673, 41.654315999000062 ], [ -4.002049243999977, 41.657335980000028 ], [ -4.028973, 41.644424499000024 ], [ -4.027253499999972, 41.657111999000051 ], [ -4.025887, 41.659537999000065 ] ] ] } },
{ "type": "Feature", "properties": { "code": "09200", "name": "Mambrillas de Lara" }, "geometry": { "type": "Polygon", "coordinates": [ [ [ -3.497468499999968, 42.078094499000031 ], [ -3.500037508999981, 42.07914799100007 ], [ -3.496889697999961, 42.085935004000078 ], [ -3.498477761999936, 42.093089959000054 ], [ -3.510827164999966, 42.096728984000038 ], [ -3.517559499999948, 42.101798999000039 ], [ -3.512792, 42.109081499000069 ], [ -3.500564499999939, 42.11989599900005 ], [ -3.523744, 42.125999499000045 ], [ -3.529106499999955, 42.12338999900004 ], [ -3.533376499999974, 42.125835499000061 ], [ -3.536229499999934, 42.124572999000065 ], [ -3.543872, 42.123943499000063 ], [ -3.552616499999942, 42.127834499000073 ], [ -3.551195, 42.129985999000041 ], [ -3.551416, 42.135966999000061 ], [ -3.544551927999976, 42.134989627000039 ], [ -3.528129496999952, 42.140657653000062 ], [ -3.523613499999954, 42.149795499000049 ], [ -3.517736, 42.150252999000031 ], [ -3.504711, 42.146934499000054 ], [ -3.49816, 42.146465499000044 ], [ -3.464447883999981, 42.127595413000051 ], [ -3.476275825999949, 42.112188785000058 ], [ -3.464817036999932, 42.105491932000064 ], [ -3.454826108999953, 42.107101681000074 ], [ -3.442556499999966, 42.102516499000046 ], [ -3.438767, 42.100208499000075 ], [ -3.444718, 42.089915999000027 ], [ -3.460572, 42.080184999000039 ], [ -3.461322, 42.071727999000075 ], [ -3.466683, 42.071063999000046 ], [ -3.476492499999949, 42.076545499000076 ], [ -3.481595499999969, 42.078430499000035 ], [ -3.486239499999954, 42.078933499000073 ], [ -3.497468499999968, 42.078094499000031 ] ] ] } },
{ "type": "Feature", "properties": { "code": "09201", "name": "Mamolar" }, "geometry": { "type": "Polygon", "coordinates": [ [ [ -3.330626499999937, 41.941798999000071 ], [ -3.326737, 41.933749999000042 ], [ -3.333334, 41.917491999000049 ], [ -3.332914499999958, 41.899272999000061 ], [ -3.334372, 41.894340499000066 ], [ -3.334186, 41.89103699900005 ], [ -3.340642499999944, 41.892322499000045 ], [ -3.34814549999993, 41.895725499000037 ], [ -3.348449, 41.898441499000057 ], [ -3.350405499999965, 41.901263999000037 ], [ -3.361756499999956, 41.906154499000024 ], [ -3.379213499999935, 41.906074499000056 ], [ -3.389496, 41.911639999000045 ], [ -3.38986, 41.919872499000064 ], [ -3.380771, 41.932693499000038 ], [ -3.375708499999973, 41.935672499000077 ], [ -3.36208449999998, 41.936679999000035 ], [ -3.344485499999962, 41.939155499000037 ], [ -3.338774499999943, 41.942710499000043 ], [ -3.330626499999937, 41.941798999000071 ] ] ] } },
{ "type": "Feature", "properties": { "code": "09202", "name": "Manciles" }, "geometry": { "type": "Polygon", "coordinates": [ [ [ -3.938285499999949, 42.46246349900008 ], [ -3.926888, 42.459861499000056 ], [ -3.922955, 42.453864999000075 ], [ -3.932926, 42.44549949900005 ], [ -3.937529, 42.445152499000073 ], [ -3.941492499999981, 42.441077999000072 ], [ -3.950352499999951, 42.437583999000026 ], [ -3.954195082999945, 42.447545854000055 ], [ -3.960902138999927, 42.452572501000077 ], [ -3.962166, 42.461173999000039 ], [ -3.95458949999994, 42.469947999000055 ], [ -3.938285499999949, 42.46246349900008 ] ] ] } },
{ "type": "Feature", "properties": { "code": "09206", "name": "Mazuela" }, "geometry": { "type": "Polygon", "coordinates": [ [ [ -3.883002, 42.214011999000036 ], [ -3.898615660999951, 42.199065853000036 ], [ -3.907209165999973, 42.19916749600003 ], [ -3.934349, 42.182109499000035 ], [ -3.937077416999955, 42.187638951000054 ], [ -3.932550534999962, 42.213211443000034 ], [ -3.937537, 42.224044999000057 ], [ -3.935116499999936, 42.225074999000071 ], [ -3.934623, 42.229453999000043 ], [ -3.92035, 42.228767499000071 ], [ -3.912057539999978, 42.224338616000068 ], [ -3.900507460999961, 42.225773489000062 ], [ -3.883002, 42.214011999000036 ] ] ] } },
{ "type": "Feature", "properties": { "code": "09208", "name": "Mecerreyes" }, "geometry": { "type": "Polygon", "coordinates": [ [ [ -3.622153, 42.120860999000058 ], [ -3.620221656999945, 42.115418996000074 ], [ -3.613430918999939, 42.110020875000032 ], [ -3.587421409999934, 42.112196843000049 ], [ -3.577002974999971, 42.124386187000027 ], [ -3.564081653999949, 42.120248397000069 ], [ -3.551075958999945, 42.125787086000059 ], [ -3.543872, 42.123943499000063 ], [ -3.536229499999934, 42.124572999000065 ], [ -3.533376499999974, 42.125835499000061 ], [ -3.529106499999955, 42.12338999900004 ], [ -3.523744, 42.125999499000045 ], [ -3.500564499999939, 42.11989599900005 ], [ -3.512792, 42.109081499000069 ], [ -3.517559499999948, 42.101798999000039 ], [ -3.537555812999926, 42.09563875200007 ], [ -3.546401331999959, 42.083210086000065 ], [ -3.560467268999957, 42.072223572000041 ], [ -3.564534966999929, 42.064659272000029 ], [ -3.571431, 42.063296999000045 ], [ -3.589149150999958, 42.063243871000054 ], [ -3.594576242999949, 42.070551739000052 ], [ -3.613094499999931, 42.075698999000053 ], [ -3.627599724999925, 42.080979598000056 ], [ -3.647311640999931, 42.077758837000033 ], [ -3.677157499999964, 42.06243149900007 ], [ -3.67259020399996, 42.076504986000032 ], [ -3.663106374999927, 42.082371483000031 ], [ -3.673455, 42.086039999000036 ], [ -3.666221438999969, 42.088494313000069 ], [ -3.660607031999973, 42.098760091000031 ], [ -3.665851786999951, 42.10494011600008 ], [ -3.665839643999959, 42.108949806000055 ], [ -3.647560657999975, 42.116390595000041 ], [ -3.647832499999936, 42.120528999000044 ], [ -3.627396, 42.129783499000041 ], [ -3.627874, 42.126819499000078 ], [ -3.622153, 42.120860999000058 ] ] ] } },
{ "type": "Feature", "properties": { "code": "09209", "name": "Medina de Pomar" }, "geometry": { "type": "MultiPolygon", "coordinates": [ [ [ [ -3.508561499999928, 42.904693999000074 ], [ -3.52161265999996, 42.91590685400007 ], [ -3.51410564899993, 42.935435341000073 ], [ -3.516616879999958, 42.940184530000067 ], [ -3.509858718999965, 42.946593505000067 ], [ -3.518270341999937, 42.955555 ], [ -3.508733131999975, 42.960733600000026 ], [ -3.506946662999951, 42.966853960000037 ], [ -3.496068994999973, 42.976002289000064 ], [ -3.488503005999974, 42.986706869000045 ], [ -3.490951, 42.990195999000036 ], [ -3.459273417999952, 42.995301587000029 ], [ -3.457364482999935, 42.997101757000053 ], [ -3.459578499999964, 43.004195999000046 ], [ -3.451192568999943, 43.007154681000031 ], [ -3.446791900999926, 43.013432059000081 ], [ -3.443135096999924, 43.014233575000048 ], [ -3.445033639999963, 43.004162243000053 ], [ -3.440063150999947, 42.99846807800003 ], [ -3.433270561999962, 42.997974621000026 ], [ -3.426414706999935, 42.991391176000036 ], [ -3.41726407699997, 43.00233014500003 ], [ -3.419867851999925, 43.009652090000031 ], [ -3.42733919099993, 43.017496679000033 ], [ -3.421539935999931, 43.028106080000043 ], [ -3.418199457999947, 43.029377751000027 ], [ -3.413063637999926, 43.028966580000031 ], [ -3.408129928999927, 43.018482543000061 ], [ -3.411699661999933, 43.009292559000073 ], [ -3.394065600999966, 43.006388589000039 ], [ -3.384535416999938, 43.009644962000039 ], [ -3.380342970999948, 43.000443670000038 ], [ -3.364937689999977, 42.998794763000035 ], [ -3.353559925999946, 43.001547790000075 ], [ -3.340658589999975, 43.007124149000049 ], [ -3.34076, 43.015361499000051 ], [ -3.300175389999936, 43.013332843000057 ], [ -3.277758601999949, 42.997986480000066 ], [ -3.268366800999956, 42.995919832000027 ], [ -3.270505048999951, 42.986164175000056 ], [ -3.267580446999943, 42.980692875000045 ], [ -3.273096954999971, 42.979811977000054 ], [ -3.273458250999965, 42.973003735000077 ], [ -3.288187385999947, 42.969547444000057 ], [ -3.292512626999951, 42.955579411000031 ], [ -3.304468322999981, 42.95425627000003 ], [ -3.304224694999959, 42.944250154000031 ], [ -3.317088165999962, 42.938687618000074 ], [ -3.319510458999957, 42.935128060000068 ], [ -3.311743099999944, 42.917638497000041 ], [ -3.293089, 42.889487999000039 ], [ -3.30058147099993, 42.885577435000073 ], [ -3.323193967999941, 42.902790057000061 ], [ -3.335182367999948, 42.902350506000062 ], [ -3.351180251999949, 42.910010432000036 ], [ -3.360818949999953, 42.90797974600008 ], [ -3.372326690999955, 42.909707504000039 ], [ -3.380017419999945, 42.90394966000008 ], [ -3.391811641999936, 42.902804115000038 ], [ -3.399789684999973, 42.904827225000076 ], [ -3.410895964999952, 42.91369370700005 ], [ -3.416614434999929, 42.914314918000059 ], [ -3.439151344999971, 42.903024430000073 ], [ -3.43954854499998, 42.890460971000039 ], [ -3.443768600999931, 42.881613725000079 ], [ -3.442427791999933, 42.875005952000038 ], [ -3.451580211999953, 42.879322437000042 ], [ -3.461589831999959, 42.878597411000044 ], [ -3.474100939999971, 42.869913087000043 ], [ -3.48172350599998, 42.874627122000049 ], [ -3.484076838999954, 42.88836288400006 ], [ -3.495112139999947, 42.900743954000063 ], [ -3.508561499999928, 42.904693999000074 ] ] ], [ [ [ -3.36690649999997, 42.875891999000032 ], [ -3.368108, 42.867938999000046 ], [ -3.392457864999926, 42.86859696700003 ], [ -3.403847789999929, 42.877768572000036 ], [ -3.405708741999945, 42.885300034000068 ], [ -3.394558405999931, 42.897192711000059 ], [ -3.376880282999934, 42.899748515000056 ], [ -3.374795957999936, 42.893907213000034 ], [ -3.380938759999935, 42.883439679000048 ], [ -3.377813368999966, 42.879533047000052 ], [ -3.36690649999997, 42.875891999000032 ] ] ] ] } },
{ "type": "Feature", "properties": { "code": "09211", "name": "Melgar de Fernamental" }, "geometry": { "type": "Polygon", "coordinates": [ [ [ -4.276521, 42.365035999000042 ], [ -4.280003758999953, 42.375853489000065 ], [ -4.273362596999959, 42.376279194000062 ], [ -4.272099682999965, 42.380676977000064 ], [ -4.278874004999977, 42.389772924000056 ], [ -4.321608, 42.379871499000046 ], [ -4.330182055999956, 42.391394677000051 ], [ -4.329215575999967, 42.404749114000026 ], [ -4.321191811999938, 42.41047246200003 ], [ -4.33347224399995, 42.41807693100003 ], [ -4.33478716999997, 42.429915381000058 ], [ -4.323295053999971, 42.444647910000072 ], [ -4.317113499999948, 42.458900499000038 ], [ -4.307672225999966, 42.454205533000049 ], [ -4.268468351999957, 42.453767672000026 ], [ -4.244085064999979, 42.456553090000057 ], [ -4.247043859999962, 42.465661202000035 ], [ -4.253026185999943, 42.468876524000052 ], [ -4.246806445999937, 42.472277732000066 ], [ -4.250062911999976, 42.481300597000029 ], [ -4.246129499999938, 42.492366999000069 ], [ -4.23753019399993, 42.496497863000059 ], [ -4.232671267999933, 42.503910752000024 ], [ -4.214345891999926, 42.509488161000036 ], [ -4.209484499999974, 42.516769499000077 ], [ -4.207772689999956, 42.513005640000074 ], [ -4.190221643999962, 42.505766092000044 ], [ -4.177902853999967, 42.492930523000041 ], [ -4.169984499999941, 42.490871499000036 ], [ -4.17565849999994, 42.484538999000051 ], [ -4.175011499999925, 42.482356499000048 ], [ -4.175506499999926, 42.480243499000039 ], [ -4.211702748999926, 42.467741666000052 ], [ -4.220034072999965, 42.461580428000048 ], [ -4.213025472999959, 42.453114029000062 ], [ -4.215763353999932, 42.443669551000028 ], [ -4.213570731999937, 42.429839347000041 ], [ -4.208606, 42.423038499000029 ], [ -4.210399, 42.422034999000061 ], [ -4.209425, 42.419524999000032 ], [ -4.211491499999966, 42.416892999000027 ], [ -4.21032, 42.414790999000047 ], [ -4.208119499999952, 42.414146999000025 ], [ -4.206461499999932, 42.407535499000062 ], [ -4.208062, 42.406646499000033 ], [ -4.205161499999974, 42.403049499000076 ], [ -4.205442499999947, 42.398723499000027 ], [ -4.203410499999961, 42.395366499000033 ], [ -4.204210499999931, 42.392726999000047 ], [ -4.203552, 42.389392999000052 ], [ -4.206351, 42.385951999000042 ], [ -4.206743499999959, 42.38230149900005 ], [ -4.210466, 42.378764999000055 ], [ -4.22152953899996, 42.376351322000062 ], [ -4.242263474999959, 42.377162865000059 ], [ -4.253161, 42.36832799900003 ], [ -4.256276, 42.371078499000077 ], [ -4.260970499999928, 42.373248999000054 ], [ -4.261013, 42.365638999000055 ], [ -4.264339499999949, 42.366199499000061 ], [ -4.274326499999972, 42.36461999900007 ], [ -4.276521, 42.365035999000042 ] ] ] } },
{ "type": "Feature", "properties": { "code": "09213", "name": "Merindad de Cuesta-Urria" }, "geometry": { "type": "Polygon", "coordinates": [ [ [ -3.367337, 42.855594999000061 ], [ -3.397511620999978, 42.83534497200003 ], [ -3.404008181999927, 42.82109465700006 ], [ -3.402514620999966, 42.811540820000062 ], [ -3.421451013999956, 42.801413534000062 ], [ -3.445699499999932, 42.807933999000056 ], [ -3.443627588999959, 42.81038406700003 ], [ -3.451832990999947, 42.818685078000044 ], [ -3.496970917999931, 42.851719047000074 ], [ -3.509175433999928, 42.857974281000054 ], [ -3.522041499999943, 42.860252499000069 ], [ -3.520218683999929, 42.863311303000046 ], [ -3.52810825499995, 42.876362591000031 ], [ -3.527284825999971, 42.882117589000075 ], [ -3.514503436999973, 42.893319604000055 ], [ -3.514128210999957, 42.904662123000037 ], [ -3.508561499999928, 42.904693999000074 ], [ -3.495112139999947, 42.900743954000063 ], [ -3.484076838999954, 42.88836288400006 ], [ -3.48172350599998, 42.874627122000049 ], [ -3.474100939999971, 42.869913087000043 ], [ -3.461589831999959, 42.878597411000044 ], [ -3.451580211999953, 42.879322437000042 ], [ -3.442427791999933, 42.875005952000038 ], [ -3.443768600999931, 42.881613725000079 ], [ -3.43954854499998, 42.890460971000039 ], [ -3.439151344999971, 42.903024430000073 ], [ -3.416614434999929, 42.914314918000059 ], [ -3.410895964999952, 42.91369370700005 ], [ -3.399789684999973, 42.904827225000076 ], [ -3.391811641999936, 42.902804115000038 ], [ -3.380017419999945, 42.90394966000008 ], [ -3.372326690999955, 42.909707504000039 ], [ -3.360818949999953, 42.90797974600008 ], [ -3.351180251999949, 42.910010432000036 ], [ -3.335182367999948, 42.902350506000062 ], [ -3.323193967999941, 42.902790057000061 ], [ -3.30058147099993, 42.885577435000073 ], [ -3.293089, 42.889487999000039 ], [ -3.289507, 42.885597499000028 ], [ -3.286797499999977, 42.88509749900004 ], [ -3.282031590999964, 42.861127532000069 ], [ -3.283801873999948, 42.854311427000027 ], [ -3.29153821899996, 42.854952536000042 ], [ -3.291590567999947, 42.847972627000047 ], [ -3.280464603999974, 42.842291272000068 ], [ -3.280868626999961, 42.832956769000077 ], [ -3.288841935999926, 42.829201485000056 ], [ -3.297909748999928, 42.839813348000064 ], [ -3.30617190199996, 42.820384723000075 ], [ -3.313368250999929, 42.815926786000034 ], [ -3.327038499999958, 42.824687999000048 ], [ -3.330782, 42.831599999000048 ], [ -3.324518173999934, 42.845121988000074 ], [ -3.323853673999963, 42.857761914000037 ], [ -3.336769444999959, 42.863479233000078 ], [ -3.337323493999975, 42.870730881000043 ], [ -3.341833599999973, 42.876741029000073 ], [ -3.361225107999928, 42.878908735000039 ], [ -3.36690649999997, 42.875891999000032 ], [ -3.377813368999966, 42.879533047000052 ], [ -3.380938759999935, 42.883439679000048 ], [ -3.374795957999936, 42.893907213000034 ], [ -3.376880282999934, 42.899748515000056 ], [ -3.394558405999931, 42.897192711000059 ], [ -3.405708741999945, 42.885300034000068 ], [ -3.403847789999929, 42.877768572000036 ], [ -3.392457864999926, 42.86859696700003 ], [ -3.368108, 42.867938999000046 ], [ -3.367337, 42.855594999000061 ] ] ] } },
{ "type": "Feature", "properties": { "code": "09214", "name": "Merindad de Montija" }, "geometry": { "type": "Polygon", "coordinates": [ [ [ -3.417608, 43.133315999000047 ], [ -3.421976499999971, 43.115653999000074 ], [ -3.426183, 43.103969499000073 ], [ -3.423908, 43.101878999000064 ], [ -3.42589849999996, 43.098106499000039 ], [ -3.431951, 43.095599999000058 ], [ -3.434945, 43.091357999000081 ], [ -3.433333499999947, 43.089542499000061 ], [ -3.427796, 43.077731999000036 ], [ -3.445414954999933, 43.071103186000073 ], [ -3.448503867999932, 43.066143894000049 ], [ -3.470033529999967, 43.052158715000076 ], [ -3.469309221999936, 43.046425674000034 ], [ -3.475140582999927, 43.042169711000042 ], [ -3.472526947999938, 43.030497113000081 ], [ -3.464319142999955, 43.025445684000033 ], [ -3.472748612999965, 43.008335977000058 ], [ -3.459578499999964, 43.004195999000046 ], [ -3.457364482999935, 42.997101757000053 ], [ -3.459273417999952, 42.995301587000029 ], [ -3.490951, 42.990195999000036 ], [ -3.504825335999953, 42.992572940000059 ], [ -3.507376592999947, 42.998100101000034 ], [ -3.511631732999945, 42.993682899000078 ], [ -3.518618843999946, 42.994729207000034 ], [ -3.54179849999997, 43.007148999000037 ], [ -3.537603959999956, 43.010570840000071 ], [ -3.545166092999978, 43.024685334000026 ], [ -3.541649255999971, 43.038517410000054 ], [ -3.551175499999943, 43.045768499000076 ], [ -3.519874461999962, 43.05465139000006 ], [ -3.518651939999927, 43.063509968000062 ], [ -3.507639984999969, 43.071194084000069 ], [ -3.51226360499993, 43.090018696000072 ], [ -3.519924848999949, 43.092740549000041 ], [ -3.525422226999979, 43.104923796000037 ], [ -3.52068798099998, 43.123270323000042 ], [ -3.511996716999931, 43.127365434000069 ], [ -3.508912, 43.136059999000054 ], [ -3.490184967999937, 43.133834482000054 ], [ -3.461852343999965, 43.136195044000033 ], [ -3.444725099999971, 43.132084550000059 ], [ -3.417608, 43.133315999000047 ] ] ] } },
{ "type": "Feature", "properties": { "code": "09215", "name": "Merindad de Sotoscueva" }, "geometry": { "type": "Polygon", "coordinates": [ [ [ -3.649867, 42.968055999000057 ], [ -3.67273585099997, 42.978593403000048 ], [ -3.713716721999958, 42.99175039000005 ], [ -3.718157811999959, 43.000942051000038 ], [ -3.710351580999941, 43.015974822000032 ], [ -3.709685622999928, 43.029645799000036 ], [ -3.719031626999936, 43.042375716000038 ], [ -3.730049053999949, 43.051144493000038 ], [ -3.740031163999959, 43.07832680100006 ], [ -3.760583, 43.083457999000075 ], [ -3.757887592999964, 43.085867087000054 ], [ -3.759121103999973, 43.092616185000054 ], [ -3.756044499999973, 43.098917499000038 ], [ -3.719248499999935, 43.108350499000039 ], [ -3.70874953799995, 43.104542177000042 ], [ -3.69453625899996, 43.091544095000074 ], [ -3.668546038999978, 43.097084672000051 ], [ -3.650229837999973, 43.092432373000065 ], [ -3.617735241999981, 43.09260355400005 ], [ -3.604791753999962, 43.084365095000067 ], [ -3.60250138899994, 43.073776129000066 ], [ -3.588573487999952, 43.062833469000054 ], [ -3.578230174999931, 43.046390763000034 ], [ -3.571620516999928, 43.044198800000061 ], [ -3.551175499999943, 43.045768499000076 ], [ -3.541649255999971, 43.038517410000054 ], [ -3.545166092999978, 43.024685334000026 ], [ -3.537603959999956, 43.010570840000071 ], [ -3.54179849999997, 43.007148999000037 ], [ -3.552935459999958, 43.005221773000073 ], [ -3.569667, 43.007250165000073 ], [ -3.576137119999942, 42.998327068000037 ], [ -3.586536363999926, 42.993865137000057 ], [ -3.611672425999927, 42.998184609000077 ], [ -3.629960073999939, 42.99809652700003 ], [ -3.631364528999939, 42.989762029000076 ], [ -3.649867, 42.968055999000057 ] ] ] } },
{ "type": "Feature", "properties": { "code": "09216", "name": "Merindad de Valdeporres" }, "geometry": { "type": "Polygon", "coordinates": [ [ [ -3.649867, 42.968055999000057 ], [ -3.65042970199994, 42.958879634000027 ], [ -3.660432003999972, 42.950058770000055 ], [ -3.669875011999977, 42.946191041000077 ], [ -3.66894, 42.942352499000037 ], [ -3.671757499999956, 42.940986999000074 ], [ -3.676699, 42.940082499000027 ], [ -3.678238, 42.93857949900007 ], [ -3.688164, 42.93724049900004 ], [ -3.690106669999977, 42.946931431000053 ], [ -3.720164801999942, 42.945589492000067 ], [ -3.735072943999967, 42.94935289700004 ], [ -3.73654391599996, 42.952154570000062 ], [ -3.730563190999931, 42.963790319000054 ], [ -3.74012025199994, 42.974964094000029 ], [ -3.753154381999934, 42.980471584000043 ], [ -3.770957905999978, 42.995177538000064 ], [ -3.786186708999935, 42.999760156000036 ], [ -3.795081797999956, 43.007157494000069 ], [ -3.802742894999938, 43.009224742000072 ], [ -3.814644892999979, 43.00754042300008 ], [ -3.829224056999976, 43.012020062000033 ], [ -3.853752868999948, 43.034223603000044 ], [ -3.851115, 43.03909199900005 ], [ -3.848992541999962, 43.048001127000077 ], [ -3.836522381999941, 43.056412538000075 ], [ -3.834117318999972, 43.061393365000072 ], [ -3.84975146599993, 43.075937905000046 ], [ -3.846985, 43.084338999000067 ], [ -3.825046352999948, 43.080559577000031 ], [ -3.810927707999952, 43.086095840000041 ], [ -3.789862888999949, 43.078354192000063 ], [ -3.760583, 43.083457999000075 ], [ -3.740031163999959, 43.07832680100006 ], [ -3.730049053999949, 43.051144493000038 ], [ -3.719031626999936, 43.042375716000038 ], [ -3.709685622999928, 43.029645799000036 ], [ -3.710351580999941, 43.015974822000032 ], [ -3.718157811999959, 43.000942051000038 ], [ -3.713716721999958, 42.99175039000005 ], [ -3.67273585099997, 42.978593403000048 ], [ -3.649867, 42.968055999000057 ] ] ] } },
{ "type": "Feature", "properties": { "code": "09217", "name": "Merindad de Valdivielso" }, "geometry": { "type": "Polygon", "coordinates": [ [ [ -3.643775, 42.876422999000056 ], [ -3.62183349999998, 42.877586499000074 ], [ -3.613865499999974, 42.875495999000066 ], [ -3.610398499999974, 42.872840999000061 ], [ -3.600853, 42.870647499000029 ], [ -3.591820499999926, 42.867244499000037 ], [ -3.585021499999925, 42.867919999000037 ], [ -3.57849049999993, 42.867332499000042 ], [ -3.566123499999946, 42.864501999000026 ], [ -3.553653, 42.863517999000067 ], [ -3.550456, 42.861923499000056 ], [ -3.541491, 42.860053999000058 ], [ -3.530825, 42.859519999000042 ], [ -3.522041499999943, 42.860252499000069 ], [ -3.509175433999928, 42.857974281000054 ], [ -3.496970917999931, 42.851719047000074 ], [ -3.451832990999947, 42.818685078000044 ], [ -3.443627588999959, 42.81038406700003 ], [ -3.445699499999932, 42.807933999000056 ], [ -3.44498869399996, 42.800519130000055 ], [ -3.434905896999965, 42.790204237000069 ], [ -3.435294686999953, 42.779054946000031 ], [ -3.444229680999968, 42.772964913000067 ], [ -3.488944373999971, 42.792939398000044 ], [ -3.492735118999974, 42.789155151000045 ], [ -3.495777499999974, 42.77638999900006 ], [ -3.518275139999957, 42.779557632000035 ], [ -3.551135660999932, 42.779261096000027 ], [ -3.566822957999932, 42.786453121000079 ], [ -3.576491499999975, 42.783992499000078 ], [ -3.591316405999976, 42.786691924000081 ], [ -3.608322451999925, 42.781912239000064 ], [ -3.620047979999924, 42.788187621000077 ], [ -3.615946276999978, 42.802003092000064 ], [ -3.617386110999973, 42.808110341000031 ], [ -3.631799213999955, 42.823808719000056 ], [ -3.649809399999981, 42.836797692000061 ], [ -3.643775, 42.876422999000056 ] ] ] } },
{ "type": "Feature", "properties": { "code": "09218", "name": "Milagros" }, "geometry": { "type": "Polygon", "coordinates": [ [ [ -3.720740499999977, 41.577674999000067 ], [ -3.717557, 41.580532499000071 ], [ -3.692995, 41.612495499000033 ], [ -3.672730670999954, 41.616279409000072 ], [ -3.663924, 41.611243999000067 ], [ -3.671032615999934, 41.604153194000048 ], [ -3.667706067999973, 41.595045437000067 ], [ -3.659055391999971, 41.581769948000044 ], [ -3.645279499999958, 41.572097499000051 ], [ -3.658879, 41.565894999000079 ], [ -3.661076499999979, 41.566070499000034 ], [ -3.669476, 41.560672499000077 ], [ -3.671751499999971, 41.560424999000077 ], [ -3.675538499999959, 41.554439499000068 ], [ -3.681425, 41.552028499000073 ], [ -3.681595499999958, 41.554523499000027 ], [ -3.690410499999928, 41.555786499000078 ], [ -3.692155, 41.56179049900004 ], [ -3.694594499999937, 41.563468999000065 ], [ -3.692676499999948, 41.566985999000053 ], [ -3.694707, 41.568340499000044 ], [ -3.701124499999935, 41.569545499000071 ], [ -3.708432, 41.576534499000047 ], [ -3.720740499999977, 41.577674999000067 ] ] ] } },
{ "type": "Feature", "properties": { "code": "09219", "name": "Miranda de Ebro" }, "geometry": { "type": "MultiPolygon", "coordinates": [ [ [ [ -2.859007499999962, 42.638665499000069 ], [ -2.858067499999947, 42.638383999000041 ], [ -2.864654187999975, 42.633384505000038 ], [ -2.877610665999953, 42.629686774000049 ], [ -2.882533343999967, 42.624809637000055 ], [ -2.882169, 42.620692999000028 ], [ -2.892446761999963, 42.621463572000039 ], [ -2.89156832499998, 42.625890899000069 ], [ -2.895033601999955, 42.627369467000051 ], [ -2.903471787999933, 42.626087208000058 ], [ -2.904461, 42.620128499000032 ], [ -2.908728, 42.620479499000055 ], [ -2.916035499999964, 42.619483999000067 ], [ -2.92422449999998, 42.621696999000051 ], [ -2.933094167999968, 42.633670679000033 ], [ -2.945094220999977, 42.638664341000037 ], [ -2.96989885399995, 42.64075837300004 ], [ -2.977935499999944, 42.636569999000073 ], [ -2.984055473999945, 42.636002069000028 ], [ -2.990665413999977, 42.641843936000043 ], [ -3.004780499999924, 42.644229999000061 ], [ -3.009135784999955, 42.669238088000043 ], [ -3.020777030999966, 42.676778541000033 ], [ -3.024445499999956, 42.674781499000062 ], [ -3.051719021999929, 42.676305337000031 ], [ -3.05397464999993, 42.679191246000073 ], [ -3.055178981999973, 42.689156540000056 ], [ -3.051718527999981, 42.698926881000034 ], [ -3.041364663999957, 42.704414801000041 ], [ -3.021769617999951, 42.70728560200007 ], [ -3.041768937999962, 42.731128501000057 ], [ -3.040763499999969, 42.73849399900007 ], [ -3.033193281999957, 42.73718742300008 ], [ -3.017371594999929, 42.740384987000027 ], [ -3.014864803999956, 42.733498539000038 ], [ -3.006332689999965, 42.73198612300007 ], [ -3.009779623999975, 42.727677485000072 ], [ -3.007760618999953, 42.724196708000079 ], [ -2.990043020999963, 42.719174987000031 ], [ -2.986501816999976, 42.709138587000041 ], [ -2.980984409999962, 42.704444980000062 ], [ -2.973202350999941, 42.708186933000036 ], [ -2.947011, 42.70965299900007 ], [ -2.931124090999958, 42.707742111000073 ], [ -2.928373779999959, 42.700588114000027 ], [ -2.922054980999974, 42.700654917000065 ], [ -2.905417499999942, 42.693992499000046 ], [ -2.902444362999972, 42.684520195000061 ], [ -2.895054499999958, 42.679312499000048 ], [ -2.896618499999931, 42.676803499000073 ], [ -2.899332297999933, 42.666356533000055 ], [ -2.895381206999957, 42.653981070000043 ], [ -2.870732774999965, 42.639632065000058 ], [ -2.859007499999962, 42.638665499000069 ] ] ], [ [ [ -2.945239, 42.603854999000077 ], [ -2.934900962999961, 42.613151049000066 ], [ -2.929760499999929, 42.61118699900004 ], [ -2.929583, 42.606216499000027 ], [ -2.922653, 42.600799499000061 ], [ -2.927681, 42.596107499000027 ], [ -2.936264499999936, 42.594100999000034 ], [ -2.941283386999942, 42.596526199000039 ], [ -2.945239, 42.603854999000077 ] ] ], [ [ [ -2.982881499999962, 42.610763499000029 ], [ -2.999402, 42.600913999000056 ], [ -2.99373425999994, 42.614686414000062 ], [ -2.985246, 42.61418549900003 ], [ -2.982881499999962, 42.610763499000029 ] ] ] ] } },
{ "type": "Feature", "properties": { "code": "09220", "name": "Miraveche" }, "geometry": { "type": "Polygon", "coordinates": [ [ [ -3.168775081999968, 42.696513749000076 ], [ -3.163466872999948, 42.697802932000059 ], [ -3.160052064999945, 42.691866016000063 ], [ -3.158719748999943, 42.681645916000036 ], [ -3.155354, 42.675456999000062 ], [ -3.167775784999947, 42.669338994000043 ], [ -3.168673899999931, 42.666230197000061 ], [ -3.164380647999963, 42.660956790000057 ], [ -3.174029, 42.650340999000036 ], [ -3.184218869999938, 42.655808064000041 ], [ -3.191743499999973, 42.654894999000078 ], [ -3.214149, 42.65599049900004 ], [ -3.215982924999935, 42.660888899000042 ], [ -3.221108, 42.663181499000075 ], [ -3.221064620999925, 42.68349734800006 ], [ -3.213618499999939, 42.693099999000026 ], [ -3.20723449999997, 42.697002499000064 ], [ -3.209021, 42.698329999000066 ], [ -3.204462499999977, 42.700401499000066 ], [ -3.205129499999941, 42.702811999000062 ], [ -3.204362, 42.704504499000052 ], [ -3.188534534999974, 42.705245146000038 ], [ -3.18231, 42.700209499000039 ], [ -3.180851134999955, 42.692391776000079 ], [ -3.178423794999958, 42.691412077000052 ], [ -3.175133930999948, 42.691561365000041 ], [ -3.170933668999965, 42.695989503000078 ], [ -3.168775081999968, 42.696513749000076 ] ] ] } },
{ "type": "Feature", "properties": { "code": "09221", "name": "Modúbar de la Emparedada" }, "geometry": { "type": "Polygon", "coordinates": [ [ [ -3.644809499999951, 42.298099499000045 ], [ -3.640704100999926, 42.295758384000067 ], [ -3.642979258999958, 42.288078809000069 ], [ -3.639388455999949, 42.281098927000073 ], [ -3.645977568999967, 42.269925023000042 ], [ -3.648040538999965, 42.264096602000052 ], [ -3.646893791999958, 42.257414651000033 ], [ -3.644430769999929, 42.254091057000039 ], [ -3.645060501999978, 42.250101137000058 ], [ -3.643573, 42.248054499000034 ], [ -3.663200293999978, 42.241326075000075 ], [ -3.67144090599993, 42.241838545000064 ], [ -3.680463499999973, 42.237174999000047 ], [ -3.684496401999979, 42.244360518000065 ], [ -3.681633, 42.250163999000051 ], [ -3.670671718999927, 42.254676934000031 ], [ -3.669328499999949, 42.277652999000054 ], [ -3.644809499999951, 42.298099499000045 ] ] ] } },
{ "type": "Feature", "properties": { "code": "09223", "name": "Monasterio de la Sierra" }, "geometry": { "type": "Polygon", "coordinates": [ [ [ -3.168775081999968, 42.048267064000072 ], [ -3.16682628999996, 42.042681251000033 ], [ -3.172939471999939, 42.040344649000076 ], [ -3.18910804099994, 42.042391051000038 ], [ -3.211202800999956, 42.052753408000058 ], [ -3.203740225999979, 42.059506292000037 ], [ -3.17600933999995, 42.062668748000078 ], [ -3.173072350999973, 42.060584302000052 ], [ -3.168775081999968, 42.048267064000072 ] ] ] } },
{ "type": "Feature", "properties": { "code": "09224", "name": "Monasterio de Rodilla" }, "geometry": { "type": "Polygon", "coordinates": [ [ [ -3.527391, 42.490402499000027 ], [ -3.51946449999997, 42.492557499000043 ], [ -3.513774789999957, 42.485165915000039 ], [ -3.481678018999958, 42.498658954000064 ], [ -3.476666, 42.49259949900005 ], [ -3.445708371999956, 42.463637369000026 ], [ -3.446389499999952, 42.453391999000075 ], [ -3.452539152999975, 42.450362038000037 ], [ -3.456672029999936, 42.44223161900004 ], [ -3.47082249999994, 42.438892499000076 ], [ -3.486812549999968, 42.436359309000068 ], [ -3.502839499999936, 42.430038499000034 ], [ -3.526334499999962, 42.430888999000047 ], [ -3.52947336099993, 42.439690774000042 ], [ -3.518456375999961, 42.467815589000054 ], [ -3.520454693999966, 42.469923144000063 ], [ -3.528025612999954, 42.468888594000077 ], [ -3.530957595999951, 42.47197649800006 ], [ -3.527391, 42.490402499000027 ] ] ] } },
{ "type": "Feature", "properties": { "code": "09225", "name": "Moncalvillo" }, "geometry": { "type": "Polygon", "coordinates": [ [ [ -3.168775081999968, 41.950800982000032 ], [ -3.165964494999969, 41.944279671000061 ], [ -3.164388, 41.91886499900005 ], [ -3.193475499999977, 41.918521999000063 ], [ -3.197750499999927, 41.920738999000037 ], [ -3.201411, 41.930496499000071 ], [ -3.210453499999971, 41.940254499000048 ], [ -3.223833499999955, 41.941306999000062 ], [ -3.233526, 41.945667499000081 ], [ -3.227103, 41.950893499000074 ], [ -3.22981, 41.955726499000036 ], [ -3.227964499999928, 41.96228749900007 ], [ -3.224265499999944, 41.967517999000052 ], [ -3.204848923999975, 41.978034294000054 ], [ -3.168775081999968, 41.98292318700004 ], [ -3.168775081999968, 41.981388869000057 ], [ -3.175793810999949, 41.967086306000056 ], [ -3.168775081999968, 41.950800982000032 ] ] ] } },
{ "type": "Feature", "properties": { "code": "09226", "name": "Monterrubio de la Demanda" }, "geometry": { "type": "Polygon", "coordinates": [ [ [ -3.11245, 42.126884499000028 ], [ -3.13427214799998, 42.130077215000028 ], [ -3.126939422999953, 42.157159526000044 ], [ -3.114989, 42.178783499000076 ], [ -3.102788114999953, 42.171863047000045 ], [ -3.090489728999955, 42.159484717000055 ], [ -3.090058630999977, 42.147013650000076 ], [ -3.083832, 42.13343799900008 ], [ -3.11245, 42.126884499000028 ] ] ] } },
{ "type": "Feature", "properties": { "code": "09227", "name": "Montorio" }, "geometry": { "type": "Polygon", "coordinates": [ [ [ -3.755144499999972, 42.551475499000048 ], [ -3.759114499999953, 42.556384999000045 ], [ -3.774477, 42.563495499000055 ], [ -3.777297, 42.560916999000028 ], [ -3.785894, 42.566596999000069 ], [ -3.78825, 42.568752499000027 ], [ -3.789417499999956, 42.572463999000036 ], [ -3.797209499999951, 42.583492499000045 ], [ -3.794157107999979, 42.596453489000055 ], [ -3.787306, 42.60618899900004 ], [ -3.783308, 42.60816199900006 ], [ -3.783763499999964, 42.611465499000076 ], [ -3.780933499999946, 42.612277999000071 ], [ -3.777662499999963, 42.611045999000055 ], [ -3.773108499999978, 42.612498999000024 ], [ -3.762256, 42.609412999000028 ], [ -3.757378499999959, 42.610282999000049 ], [ -3.752694, 42.619155499000044 ], [ -3.74803449999996, 42.624168499000064 ], [ -3.744586, 42.62335949900006 ], [ -3.740707, 42.620170499000039 ], [ -3.745392438999943, 42.61583068300007 ], [ -3.739312784999925, 42.607586218000051 ], [ -3.743341998999938, 42.602522987000043 ], [ -3.739769664999926, 42.590732154000079 ], [ -3.749057362999963, 42.568120001000068 ], [ -3.748720314999957, 42.55604776000007 ], [ -3.755144499999972, 42.551475499000048 ] ] ] } },
{ "type": "Feature", "properties": { "code": "09228", "name": "Moradillo de Roa" }, "geometry": { "type": "Polygon", "coordinates": [ [ [ -3.766215, 41.537921999000048 ], [ -3.780269148999935, 41.533323962000054 ], [ -3.785993208999969, 41.526924852000036 ], [ -3.796236, 41.52247249900006 ], [ -3.800578849999965, 41.530931015000078 ], [ -3.813960539999925, 41.539754650000077 ], [ -3.814278981999962, 41.544602416000032 ], [ -3.809664, 41.549728999000081 ], [ -3.809636499999954, 41.552386999000078 ], [ -3.804054, 41.559569999000075 ], [ -3.786869749999937, 41.568601104000038 ], [ -3.777572, 41.567390499000055 ], [ -3.766302, 41.562709999000049 ], [ -3.765155035999953, 41.551820987000042 ], [ -3.768791997999926, 41.542179144000045 ], [ -3.766215, 41.537921999000048 ] ] ] } },
{ "type": "Feature", "properties": { "code": "09229", "name": "Nava de Roa" }, "geometry": { "type": "Polygon", "coordinates": [ [ [ -3.980689499999926, 41.583366499000078 ], [ -3.985534381999969, 41.597302657000057 ], [ -3.991514061999965, 41.600028773000076 ], [ -3.993486059999952, 41.60791856600008 ], [ -4.00789623999998, 41.610671264000075 ], [ -4.00334, 41.615955499000052 ], [ -3.974215166999954, 41.627551890000063 ], [ -3.973300637999955, 41.632171834000076 ], [ -3.960501, 41.643394499000067 ], [ -3.942451175999963, 41.640227335000077 ], [ -3.934783172999971, 41.641899421000062 ], [ -3.924131, 41.636787499000036 ], [ -3.933847499999956, 41.622955499000057 ], [ -3.947070769999925, 41.611843820000047 ], [ -3.954195082999945, 41.593347071000039 ], [ -3.963849, 41.586074999000061 ], [ -3.980689499999926, 41.583366499000078 ] ] ] } },
{ "type": "Feature", "properties": { "code": "09230", "name": "Navas de Bureba" }, "geometry": { "type": "Polygon", "coordinates": [ [ [ -3.359682, 42.68121749900007 ], [ -3.353669, 42.688457499000037 ], [ -3.352420499999937, 42.700671999000065 ], [ -3.346188, 42.699691499000039 ], [ -3.337646, 42.700656999000046 ], [ -3.327908, 42.699168999000051 ], [ -3.322442, 42.697509999000033 ], [ -3.318978830999924, 42.692877529000043 ], [ -3.311147232999929, 42.689722849000077 ], [ -3.315891577999935, 42.67380434100005 ], [ -3.325509499999953, 42.670348999000055 ], [ -3.33484961399995, 42.672383248000074 ], [ -3.345462621999957, 42.680421566000064 ], [ -3.359682, 42.68121749900007 ] ] ] } },
{ "type": "Feature", "properties": { "code": "09231", "name": "Nebreda" }, "geometry": { "type": "Polygon", "coordinates": [ [ [ -3.628939, 42.006751999000073 ], [ -3.635035499999958, 41.999240999000051 ], [ -3.633669, 41.997783499000036 ], [ -3.624035, 41.989269499000045 ], [ -3.611604499999942, 41.984706999000025 ], [ -3.60663349999993, 41.977302499000075 ], [ -3.590489, 41.971469999000078 ], [ -3.588994, 41.967658999000037 ], [ -3.588975699999935, 41.944447450000041 ], [ -3.572297, 41.941264999000055 ], [ -3.597999497999979, 41.937822195000081 ], [ -3.604086635999977, 41.93190129900006 ], [ -3.616586487999939, 41.932719377000069 ], [ -3.624174499999981, 41.921954999000036 ], [ -3.62896686299996, 41.930212109000081 ], [ -3.649385499999937, 41.933074999000041 ], [ -3.643264, 41.939716499000042 ], [ -3.643737499999929, 41.942516499000078 ], [ -3.641843, 41.945983999000077 ], [ -3.646235499999932, 41.94620149900004 ], [ -3.646694499999967, 41.950873999000066 ], [ -3.647822, 41.95264449900003 ], [ -3.647993, 41.95880149900006 ], [ -3.641859, 41.983730499000046 ], [ -3.647528499999964, 41.992885499000067 ], [ -3.639486, 41.997524499000065 ], [ -3.639639, 41.999404999000035 ], [ -3.638033, 42.002017999000032 ], [ -3.638084499999934, 42.004684499000064 ], [ -3.636537, 42.005855499000063 ], [ -3.634326499999929, 42.006965499000046 ], [ -3.628939, 42.006751999000073 ] ] ] } },
{ "type": "Feature", "properties": { "code": "09232", "name": "Neila" }, "geometry": { "type": "Polygon", "coordinates": [ [ [ -3.066093, 42.050418999000044 ], [ -3.047730499999943, 42.059100999000066 ], [ -3.043557499999963, 42.070731999000031 ], [ -3.03439, 42.085944999000048 ], [ -3.022897625999974, 42.088942655000039 ], [ -3.004833023999936, 42.083739850000029 ], [ -2.991881854999974, 42.087134545000026 ], [ -2.976872176999962, 42.084019299000033 ], [ -2.958663499999943, 42.085887999000079 ], [ -2.93885467299998, 42.089257366000027 ], [ -2.932197377999955, 42.08690548900006 ], [ -2.915647657999955, 42.039522744000067 ], [ -2.913637499999936, 42.022838499000045 ], [ -2.931684, 42.018032499000071 ], [ -2.942642, 42.020436999000026 ], [ -2.953019, 42.020587999000043 ], [ -2.955553, 42.019382999000072 ], [ -2.972681684999941, 42.030757337000068 ], [ -2.98934225499994, 42.032649332000062 ], [ -2.999468382999964, 42.042297534000056 ], [ -3.026781934999974, 42.046783264000055 ], [ -3.040766204999954, 42.04041787400007 ], [ -3.054713499999934, 42.039283999000077 ], [ -3.063348359999964, 42.042442553000058 ], [ -3.066093, 42.050418999000044 ] ] ] } },
{ "type": "Feature", "properties": { "code": "09235", "name": "Olmedillo de Roa" }, "geometry": { "type": "Polygon", "coordinates": [ [ [ -3.956735499999979, 41.763847499000065 ], [ -3.960335, 41.764781999000036 ], [ -3.967183, 41.769054499000049 ], [ -3.972179, 41.770759499000064 ], [ -3.983404499999949, 41.777084499000068 ], [ -3.980092, 41.779220499000076 ], [ -3.978542499999946, 41.785041999000043 ], [ -3.976337499999943, 41.787223999000048 ], [ -3.963691132999941, 41.788453730000072 ], [ -3.946684, 41.803512499000078 ], [ -3.943860499999971, 41.801345999000034 ], [ -3.919324499999959, 41.80027749900006 ], [ -3.909873, 41.801036999000075 ], [ -3.889139612999941, 41.790916974000027 ], [ -3.885581019999961, 41.780201709000039 ], [ -3.875165, 41.776664499000049 ], [ -3.89251537399997, 41.766535124000029 ], [ -3.895646198999941, 41.761076864000074 ], [ -3.899911499999973, 41.760883499000045 ], [ -3.901222, 41.762576999000032 ], [ -3.904519, 41.761783499000046 ], [ -3.907351, 41.762202999000067 ], [ -3.919258499999955, 41.767043999000066 ], [ -3.923299, 41.766914499000052 ], [ -3.928035499999964, 41.768306499000062 ], [ -3.934581499999979, 41.767505499000038 ], [ -3.941608, 41.769241499000032 ], [ -3.952416, 41.764522499000066 ], [ -3.956735499999979, 41.763847499000065 ] ] ] } },
{ "type": "Feature", "properties": { "code": "09236", "name": "Olmillos de Muñó" }, "geometry": { "type": "Polygon", "coordinates": [ [ [ -3.953562, 42.18105299900003 ], [ -3.954195082999945, 42.187681890000079 ], [ -3.956670499999973, 42.188754999000025 ], [ -3.954195082999945, 42.191332210000041 ], [ -3.954195082999945, 42.193892067000036 ], [ -3.956977599999959, 42.197060106000038 ], [ -3.954195082999945, 42.201488021000046 ], [ -3.952783329999932, 42.216295387000059 ], [ -3.937537, 42.224044999000057 ], [ -3.932550534999962, 42.213211443000034 ], [ -3.937077416999955, 42.187638951000054 ], [ -3.934349, 42.182109499000035 ], [ -3.94449549999996, 42.183631999000056 ], [ -3.953562, 42.18105299900003 ] ] ] } },
{ "type": "Feature", "properties": { "code": "09238", "name": "Oña" }, "geometry": { "type": "Polygon", "coordinates": [ [ [ -3.45937, 42.645091999000044 ], [ -3.462790728999948, 42.652165345000071 ], [ -3.456124587999966, 42.662374339000053 ], [ -3.457526, 42.67138649900005 ], [ -3.446822187999942, 42.676305588000048 ], [ -3.449325931999965, 42.694237247000046 ], [ -3.468726965999963, 42.705366741000034 ], [ -3.474682019999932, 42.716261358000054 ], [ -3.470981274999929, 42.720569942000054 ], [ -3.47514, 42.726653999000064 ], [ -3.456263447999959, 42.731714582000052 ], [ -3.461524464999968, 42.745000376000064 ], [ -3.473518499999955, 42.749496499000031 ], [ -3.470501543999944, 42.760673851000035 ], [ -3.495777499999974, 42.77638999900006 ], [ -3.492735118999974, 42.789155151000045 ], [ -3.488944373999971, 42.792939398000044 ], [ -3.444229680999968, 42.772964913000067 ], [ -3.440429, 42.775382999000044 ], [ -3.437738499999966, 42.775165499000025 ], [ -3.430199499999958, 42.777465499000073 ], [ -3.427038, 42.783610999000075 ], [ -3.41863, 42.785873499000047 ], [ -3.407661394999934, 42.779958604000058 ], [ -3.41016368399994, 42.773408713000038 ], [ -3.406438899999955, 42.769562009000026 ], [ -3.38469422999998, 42.765779092000059 ], [ -3.381428487999926, 42.760548537000034 ], [ -3.358460812999965, 42.758722887000033 ], [ -3.350134499999967, 42.763347499000076 ], [ -3.342138499999976, 42.762920499000074 ], [ -3.330856499999925, 42.755771499000048 ], [ -3.327807499999949, 42.750053499000046 ], [ -3.325418, 42.741801999000074 ], [ -3.324844816999928, 42.730208794000077 ], [ -3.304569904999937, 42.725746437000055 ], [ -3.296674689999975, 42.717769027000031 ], [ -3.27961215199997, 42.710019945000056 ], [ -3.275204081999959, 42.711006119000047 ], [ -3.269735499999967, 42.72121899900003 ], [ -3.25607982899993, 42.712988431000042 ], [ -3.252231499999937, 42.714693499000077 ], [ -3.211569082999972, 42.71927032900004 ], [ -3.212049623999974, 42.708199911000065 ], [ -3.204362, 42.704504499000052 ], [ -3.205129499999941, 42.702811999000062 ], [ -3.204462499999977, 42.700401499000066 ], [ -3.209021, 42.698329999000066 ], [ -3.20723449999997, 42.697002499000064 ], [ -3.213618499999939, 42.693099999000026 ], [ -3.215804499999933, 42.690070999000056 ], [ -3.23593382599995, 42.693343635000076 ], [ -3.267514499999947, 42.689906499000074 ], [ -3.292307721999975, 42.693281571000057 ], [ -3.308908071999952, 42.702175538000063 ], [ -3.318841919999954, 42.701189766000027 ], [ -3.322442, 42.697509999000033 ], [ -3.327908, 42.699168999000051 ], [ -3.337646, 42.700656999000046 ], [ -3.346188, 42.699691499000039 ], [ -3.352420499999937, 42.700671999000065 ], [ -3.353669, 42.688457499000037 ], [ -3.359682, 42.68121749900007 ], [ -3.361891181999965, 42.676701353000055 ], [ -3.355983458999958, 42.671224155000061 ], [ -3.358702748999974, 42.665260814000078 ], [ -3.387009040999942, 42.66448640200008 ], [ -3.403494638999973, 42.668306232000077 ], [ -3.405396633999942, 42.661686647000067 ], [ -3.413952998999946, 42.65621255800005 ], [ -3.425033, 42.636394499000062 ], [ -3.431312499999933, 42.63442599900003 ], [ -3.439055, 42.634105499000043 ], [ -3.442819499999928, 42.635272999000051 ], [ -3.446806, 42.638450499000044 ], [ -3.45937, 42.645091999000044 ] ] ] } },
{ "type": "Feature", "properties": { "code": "09239", "name": "Oquillas" }, "geometry": { "type": "Polygon", "coordinates": [ [ [ -3.661964499999954, 41.835918499000059 ], [ -3.663790499999948, 41.829639499000052 ], [ -3.66893749999997, 41.820873499000072 ], [ -3.673708, 41.818847499000071 ], [ -3.68707749999993, 41.821494999000038 ], [ -3.71475, 41.811935499000072 ], [ -3.715567, 41.814010499000062 ], [ -3.727923, 41.803672499000072 ], [ -3.724635499999977, 41.836658499000066 ], [ -3.72167473199994, 41.842718172000048 ], [ -3.693689499999948, 41.846191499000042 ], [ -3.677192052999942, 41.844237128000032 ], [ -3.661964499999954, 41.835918499000059 ] ] ] } },
{ "type": "Feature", "properties": { "code": "09241", "name": "Orbaneja Riopico" }, "geometry": { "type": "Polygon", "coordinates": [ [ [ -3.586051, 42.372226499000078 ], [ -3.576418933999946, 42.37147751200007 ], [ -3.571286499999928, 42.374282999000059 ], [ -3.567317, 42.372897999000031 ], [ -3.56161149999997, 42.369232499000077 ], [ -3.559446, 42.366035499000077 ], [ -3.564187, 42.357162499000026 ], [ -3.560554499999967, 42.348720499000081 ], [ -3.557453, 42.347987999000054 ], [ -3.555385499999943, 42.346316999000067 ], [ -3.560609499999941, 42.342498999000043 ], [ -3.580288121999956, 42.347108443000025 ], [ -3.589158, 42.344653999000059 ], [ -3.593663, 42.348590999000066 ], [ -3.593273674999978, 42.350883700000054 ], [ -3.605544726999938, 42.357710540000028 ], [ -3.599935728999981, 42.362645992000068 ], [ -3.597297435999963, 42.369699741000034 ], [ -3.586051, 42.372226499000078 ] ] ] } },
{ "type": "Feature", "properties": { "code": "09242", "name": "Padilla de Abajo" }, "geometry": { "type": "Polygon", "coordinates": [ [ [ -4.208606, 42.423038499000029 ], [ -4.197454100999948, 42.426618197000039 ], [ -4.186306670999954, 42.42509672500006 ], [ -4.154678499999932, 42.43928149900006 ], [ -4.150383499999975, 42.415137999000081 ], [ -4.148279127999956, 42.411073154000064 ], [ -4.152878046999945, 42.404978260000064 ], [ -4.14666436899995, 42.396555714000044 ], [ -4.173281499999973, 42.372768499000074 ], [ -4.188364499999977, 42.367488999000045 ], [ -4.199566150999942, 42.370836829000041 ], [ -4.210466, 42.378764999000055 ], [ -4.206743499999959, 42.38230149900005 ], [ -4.206351, 42.385951999000042 ], [ -4.203552, 42.389392999000052 ], [ -4.204210499999931, 42.392726999000047 ], [ -4.203410499999961, 42.395366499000033 ], [ -4.205442499999947, 42.398723499000027 ], [ -4.205161499999974, 42.403049499000076 ], [ -4.208062, 42.406646499000033 ], [ -4.206461499999932, 42.407535499000062 ], [ -4.208119499999952, 42.414146999000025 ], [ -4.21032, 42.414790999000047 ], [ -4.211491499999966, 42.416892999000027 ], [ -4.209425, 42.419524999000032 ], [ -4.210399, 42.422034999000061 ], [ -4.208606, 42.423038499000029 ] ] ] } },
{ "type": "Feature", "properties": { "code": "09243", "name": "Padilla de Arriba" }, "geometry": { "type": "Polygon", "coordinates": [ [ [ -4.153985499999976, 42.443915999000069 ], [ -4.154678499999932, 42.43928149900006 ], [ -4.186306670999954, 42.42509672500006 ], [ -4.197454100999948, 42.426618197000039 ], [ -4.208606, 42.423038499000029 ], [ -4.213570731999937, 42.429839347000041 ], [ -4.215763353999932, 42.443669551000028 ], [ -4.213025472999959, 42.453114029000062 ], [ -4.220034072999965, 42.461580428000048 ], [ -4.211702748999926, 42.467741666000052 ], [ -4.175506499999926, 42.480243499000039 ], [ -4.166751624999961, 42.470608894000065 ], [ -4.153985499999976, 42.443915999000069 ] ] ] } },
{ "type": "Feature", "properties": { "code": "09244", "name": "Padrones de Bureba" }, "geometry": { "type": "Polygon", "coordinates": [ [ [ -3.509687499999927, 42.706054499000061 ], [ -3.532368229999975, 42.692475400000035 ], [ -3.560430746999941, 42.687130480000064 ], [ -3.56980699199994, 42.679972109000062 ], [ -3.596159560999979, 42.692380639000078 ], [ -3.607458, 42.683486999000081 ], [ -3.599123499999962, 42.694003999000074 ], [ -3.589152, 42.704639499000052 ], [ -3.579082, 42.71272299900005 ], [ -3.575387499999977, 42.720069999000032 ], [ -3.570827, 42.720821499000067 ], [ -3.562186, 42.72425849900003 ], [ -3.557612499999948, 42.723666999000045 ], [ -3.525993, 42.715293999000039 ], [ -3.519799888999955, 42.714921315000026 ], [ -3.509687499999927, 42.706054499000061 ] ] ] } },
{ "type": "Feature", "properties": { "code": "09246", "name": "Palacios de la Sierra" }, "geometry": { "type": "Polygon", "coordinates": [ [ [ -3.12610049999995, 41.901393999000049 ], [ -3.164388, 41.91886499900005 ], [ -3.165964494999969, 41.944279671000061 ], [ -3.175793810999949, 41.967086306000056 ], [ -3.168775081999968, 41.981388869000057 ], [ -3.168775081999968, 41.98292318700004 ], [ -3.159633252999924, 41.981287286000054 ], [ -3.144472837999956, 41.991345368000054 ], [ -3.123875192999947, 41.992746845000056 ], [ -3.095290678999959, 42.018672824000078 ], [ -3.057877, 42.023852999000042 ], [ -3.057263444999933, 42.013373371000057 ], [ -3.065164, 42.003806999000062 ], [ -3.067492, 42.002246999000079 ], [ -3.069626, 41.998740499000064 ], [ -3.080287, 41.988773499000047 ], [ -3.096397499999966, 41.966872999000032 ], [ -3.098627, 41.949641499000052 ], [ -3.096769499999937, 41.926711999000077 ], [ -3.099401499999942, 41.912994499000035 ], [ -3.094574499999965, 41.901515999000026 ], [ -3.098892, 41.895232999000029 ], [ -3.099141, 41.892307499000026 ], [ -3.102944499999978, 41.888652999000044 ], [ -3.12610049999995, 41.901393999000049 ] ] ] } },
{ "type": "Feature", "properties": { "code": "09247", "name": "Palacios de Riopisuerga" }, "geometry": { "type": "Polygon", "coordinates": [ [ [ -4.253161, 42.36832799900003 ], [ -4.259281072999954, 42.363785203000077 ], [ -4.259644586999968, 42.359592860000078 ], [ -4.248762657999976, 42.34781835800004 ], [ -4.24360465999996, 42.337735980000048 ], [ -4.239594499999953, 42.314494999000033 ], [ -4.251465525999947, 42.313338582000029 ], [ -4.251905499999964, 42.309974499000077 ], [ -4.26191, 42.309658499000079 ], [ -4.262254499999926, 42.311717999000052 ], [ -4.263954, 42.312393499000052 ], [ -4.262461086999963, 42.327344978000042 ], [ -4.269735639999965, 42.341140136000035 ], [ -4.265590330999942, 42.352437869000028 ], [ -4.279507510999963, 42.362640897000063 ], [ -4.276521, 42.365035999000042 ], [ -4.274326499999972, 42.36461999900007 ], [ -4.264339499999949, 42.366199499000061 ], [ -4.261013, 42.365638999000055 ], [ -4.260970499999928, 42.373248999000054 ], [ -4.256276, 42.371078499000077 ], [ -4.253161, 42.36832799900003 ] ], [ [ -4.26116712299995, 42.324442279000039 ], [ -4.258616533999941, 42.320500020000054 ], [ -4.25490194899993, 42.322699936000049 ], [ -4.256901155999969, 42.326463102000048 ], [ -4.26116712299995, 42.324442279000039 ] ] ] } },
{ "type": "Feature", "properties": { "code": "09248", "name": "Palazuelos de la Sierra" }, "geometry": { "type": "Polygon", "coordinates": [ [ [ -3.402129, 42.21416799900004 ], [ -3.412877005999974, 42.21381933400005 ], [ -3.430312332999961, 42.207895302000054 ], [ -3.439157730999966, 42.199437092000039 ], [ -3.44703728199994, 42.20041337300006 ], [ -3.450891, 42.189838499000075 ], [ -3.453751499999953, 42.191753499000072 ], [ -3.475269, 42.200832499000057 ], [ -3.494348823999928, 42.21711837600003 ], [ -3.490233499999931, 42.228202999000075 ], [ -3.47993583899995, 42.230402628000036 ], [ -3.462087706999966, 42.228579192000041 ], [ -3.440732744999934, 42.219020648000026 ], [ -3.411740743999928, 42.218744150000077 ], [ -3.402129, 42.21416799900004 ] ] ] } },
{ "type": "Feature", "properties": { "code": "09249", "name": "Palazuelos de Muñó" }, "geometry": { "type": "Polygon", "coordinates": [ [ [ -4.000164499999926, 42.199901499000077 ], [ -3.99574365899997, 42.202591606000055 ], [ -3.956670499999973, 42.188754999000025 ], [ -3.954195082999945, 42.187681890000079 ], [ -3.953562, 42.18105299900003 ], [ -3.958918095999934, 42.179543729000045 ], [ -3.964863, 42.165973499000074 ], [ -3.968297499999949, 42.166557499000078 ], [ -3.974068, 42.165469999000038 ], [ -3.976705, 42.166152999000076 ], [ -3.978963499999963, 42.168079499000044 ], [ -3.984106, 42.168788999000071 ], [ -3.985687017999965, 42.180292827000073 ], [ -4.001103095999952, 42.185119609000026 ], [ -3.997373934999928, 42.194877991000055 ], [ -4.00243, 42.195342999000047 ], [ -4.000164499999926, 42.199901499000077 ] ] ] } },
{ "type": "Feature", "properties": { "code": "09250", "name": "Pampliega" }, "geometry": { "type": "Polygon", "coordinates": [ [ [ -3.982741, 42.227638499000079 ], [ -3.973908020999943, 42.230845470000077 ], [ -3.967896780999979, 42.239862196000047 ], [ -3.957264657999929, 42.243600183000069 ], [ -3.952397499999961, 42.248634499000048 ], [ -3.936122311999952, 42.25488172300004 ], [ -3.923429499999941, 42.255489499000078 ], [ -3.917518410999946, 42.251730623000071 ], [ -3.915280690999964, 42.245841781000081 ], [ -3.915928581999935, 42.235247765000054 ], [ -3.92035, 42.228767499000071 ], [ -3.934623, 42.229453999000043 ], [ -3.935116499999936, 42.225074999000071 ], [ -3.952783329999932, 42.216295387000059 ], [ -3.954195082999945, 42.201488021000046 ], [ -3.956977599999959, 42.197060106000038 ], [ -3.954195082999945, 42.193892067000036 ], [ -3.954195082999945, 42.191332210000041 ], [ -3.956670499999973, 42.188754999000025 ], [ -3.99574365899997, 42.202591606000055 ], [ -4.000164499999926, 42.199901499000077 ], [ -4.003599, 42.205680999000037 ], [ -4.004058499999928, 42.208541999000033 ], [ -4.005385499999932, 42.209827499000028 ], [ -3.995927808999966, 42.217952387000025 ], [ -3.984535784999935, 42.221870442000068 ], [ -3.982741, 42.227638499000079 ] ] ] } },
{ "type": "Feature", "properties": { "code": "09251", "name": "Pancorbo" }, "geometry": { "type": "Polygon", "coordinates": [ [ [ -3.168775081999968, 42.704446724000036 ], [ -3.166097036999929, 42.704285804000051 ], [ -3.159970684999962, 42.707319298000073 ], [ -3.161263499999961, 42.728656999000066 ], [ -3.139834499999949, 42.732962999000051 ], [ -3.139397499999973, 42.728336499000079 ], [ -3.132025, 42.719825999000079 ], [ -3.134379803999934, 42.706240682000043 ], [ -3.132295, 42.702678499000058 ], [ -3.139050095999949, 42.698990692000052 ], [ -3.146323175999953, 42.700070993000054 ], [ -3.152126161999945, 42.697672253000064 ], [ -3.158288683999956, 42.690267989000063 ], [ -3.15710715299997, 42.680811887000061 ], [ -3.144456502999958, 42.674254509000036 ], [ -3.132881331999954, 42.672201140000027 ], [ -3.120295254999974, 42.675907735000067 ], [ -3.086399853999978, 42.668327715000032 ], [ -3.079246499999954, 42.657474499000045 ], [ -3.082490163999978, 42.654192329000068 ], [ -3.080081080999946, 42.651710835000074 ], [ -3.084177499999953, 42.640651999000056 ], [ -3.082155540999963, 42.631438329000048 ], [ -3.083876222999947, 42.628061334000051 ], [ -3.078216, 42.623695499000064 ], [ -3.081046, 42.615688499000044 ], [ -3.084933, 42.612876999000036 ], [ -3.087500499999976, 42.609279499000081 ], [ -3.095242499999927, 42.601852499000074 ], [ -3.100569499999949, 42.601535999000077 ], [ -3.117687499999931, 42.603057999000043 ], [ -3.129508, 42.600883499000076 ], [ -3.14277, 42.600570499000071 ], [ -3.150874499999929, 42.599498499000049 ], [ -3.154135, 42.601936499000033 ], [ -3.161089784999945, 42.605295383000055 ], [ -3.163569075999931, 42.609684016000074 ], [ -3.156667499999969, 42.620742499000073 ], [ -3.155014568999945, 42.627448857000047 ], [ -3.159679754999956, 42.635603122000077 ], [ -3.154664128999968, 42.651359436000064 ], [ -3.155354, 42.675456999000062 ], [ -3.158719748999943, 42.681645916000036 ], [ -3.160052064999945, 42.691866016000063 ], [ -3.163466872999948, 42.697802932000059 ], [ -3.170933668999965, 42.695989503000078 ], [ -3.175133930999948, 42.691561365000041 ], [ -3.178423794999958, 42.691412077000052 ], [ -3.180851134999955, 42.692391776000079 ], [ -3.18231, 42.700209499000039 ], [ -3.176455601999976, 42.704908237000041 ], [ -3.168775081999968, 42.704446724000036 ] ] ] } },
{ "type": "Feature", "properties": { "code": "09253", "name": "Pardilla" }, "geometry": { "type": "Polygon", "coordinates": [ [ [ -3.681425, 41.552028499000073 ], [ -3.689203499999962, 41.54058849900008 ], [ -3.691575, 41.534534999000073 ], [ -3.701743144999966, 41.532746918000043 ], [ -3.70871344699998, 41.525238376000061 ], [ -3.728332499999965, 41.51763549900005 ], [ -3.722003152999946, 41.541300284000044 ], [ -3.726939, 41.552833343000032 ], [ -3.725851, 41.558429999000055 ], [ -3.725678795999954, 41.568922778000058 ], [ -3.720740499999977, 41.577674999000067 ], [ -3.708432, 41.576534499000047 ], [ -3.701124499999935, 41.569545499000071 ], [ -3.694707, 41.568340499000044 ], [ -3.692676499999948, 41.566985999000053 ], [ -3.694594499999937, 41.563468999000065 ], [ -3.692155, 41.56179049900004 ], [ -3.690410499999928, 41.555786499000078 ], [ -3.681595499999958, 41.554523499000027 ], [ -3.681425, 41.552028499000073 ] ] ] } },
{ "type": "Feature", "properties": { "code": "09255", "name": "Partido de la Sierra en Tobalina" }, "geometry": { "type": "MultiPolygon", "coordinates": [ [ [ [ -3.161263499999961, 42.728656999000066 ], [ -3.159970684999962, 42.707319298000073 ], [ -3.166097036999929, 42.704285804000051 ], [ -3.176455601999976, 42.704908237000041 ], [ -3.18231, 42.700209499000039 ], [ -3.188534534999974, 42.705245146000038 ], [ -3.204362, 42.704504499000052 ], [ -3.212049623999974, 42.708199911000065 ], [ -3.211569082999972, 42.71927032900004 ], [ -3.252231499999937, 42.714693499000077 ], [ -3.26871655399998, 42.737223261000054 ], [ -3.264686225999981, 42.748064180000029 ], [ -3.25844776699995, 42.749795844000062 ], [ -3.20884136799998, 42.731894311000076 ], [ -3.196959362999962, 42.734368639000024 ], [ -3.183111520999944, 42.728435065000042 ], [ -3.161263499999961, 42.728656999000066 ] ] ], [ [ [ -3.269735499999967, 42.72121899900003 ], [ -3.275204081999959, 42.711006119000047 ], [ -3.27961215199997, 42.710019945000056 ], [ -3.296674689999975, 42.717769027000031 ], [ -3.304569904999937, 42.725746437000055 ], [ -3.324844816999928, 42.730208794000077 ], [ -3.325396, 42.738220999000077 ], [ -3.28716278099995, 42.72935306800008 ], [ -3.269735499999967, 42.72121899900003 ] ] ] ] } },
{ "type": "Feature", "properties": { "code": "09256", "name": "Pedrosa de Duero" }, "geometry": { "type": "Polygon", "coordinates": [ [ [ -3.978542499999946, 41.785041999000043 ], [ -3.980092, 41.779220499000076 ], [ -3.983404499999949, 41.777084499000068 ], [ -3.972179, 41.770759499000064 ], [ -3.967183, 41.769054499000049 ], [ -3.960335, 41.764781999000036 ], [ -3.956735499999979, 41.763847499000065 ], [ -3.943517679999957, 41.744611766000048 ], [ -3.943152385999952, 41.734743508000065 ], [ -3.928554499999962, 41.729907999000034 ], [ -3.945331612999951, 41.727162804000045 ], [ -3.950477605999936, 41.719300944000054 ], [ -3.958466037999926, 41.715306744000031 ], [ -3.968622516999972, 41.694235449000075 ], [ -3.965451499999972, 41.685512499000026 ], [ -3.977819040999975, 41.684603845000026 ], [ -3.997158881999951, 41.677316974000064 ], [ -4.01669611799997, 41.677309876000038 ], [ -4.024349, 41.675456999000062 ], [ -4.026317679999977, 41.69194103500007 ], [ -4.039124499999957, 41.706676499000025 ], [ -4.024294251999947, 41.706688006000036 ], [ -3.991909118999956, 41.723137320000035 ], [ -4.00868935799997, 41.737717942000074 ], [ -4.055809499999953, 41.740680499000064 ], [ -4.052762, 41.759475499000075 ], [ -4.049608, 41.768195999000056 ], [ -4.044506, 41.767421499000079 ], [ -4.040900499999964, 41.768344499000079 ], [ -4.038924499999951, 41.77269749900006 ], [ -4.020760417999952, 41.781582477000029 ], [ -4.016876555999943, 41.789114915000027 ], [ -4.012013499999966, 41.792156499000043 ], [ -4.004411157999925, 41.788671449000049 ], [ -3.997306712999944, 41.792391574000078 ], [ -3.994343499999957, 41.79820249900007 ], [ -3.989928, 41.796016499000075 ], [ -3.981706506999956, 41.783635141000047 ], [ -3.978542499999946, 41.785041999000043 ] ] ] } },
{ "type": "Feature", "properties": { "code": "09257", "name": "Pedrosa del Páramo" }, "geometry": { "type": "Polygon", "coordinates": [ [ [ -3.981958, 42.462917499000071 ], [ -3.977733, 42.46108999900008 ], [ -3.965954, 42.460647499000061 ], [ -3.962166, 42.461173999000039 ], [ -3.960902138999927, 42.452572501000077 ], [ -3.954195082999945, 42.447545854000055 ], [ -3.950352499999951, 42.437583999000026 ], [ -3.949890914999969, 42.429576466000071 ], [ -3.971290499999952, 42.421214999000028 ], [ -3.974946, 42.42250849900006 ], [ -3.979263, 42.427341499000079 ], [ -3.987025, 42.433147499000029 ], [ -3.988919, 42.436076999000079 ], [ -3.99540449999995, 42.440273499000057 ], [ -3.986370609999938, 42.45911337900003 ], [ -3.981958, 42.462917499000071 ] ] ] } },
{ "type": "Feature", "properties": { "code": "09258", "name": "Pedrosa del Príncipe" }, "geometry": { "type": "Polygon", "coordinates": [ [ [ -4.226951, 42.229537999000058 ], [ -4.236642754999934, 42.235799626000073 ], [ -4.229366234999929, 42.243374736000078 ], [ -4.231456499999979, 42.256072999000025 ], [ -4.229055, 42.257297999000059 ], [ -4.221264, 42.258262499000068 ], [ -4.218558499999972, 42.260650499000064 ], [ -4.218402, 42.263156999000046 ], [ -4.214179499999943, 42.268703499000026 ], [ -4.213858, 42.271624999000039 ], [ -4.196531499999935, 42.268459499000073 ], [ -4.175842100999944, 42.256839182000078 ], [ -4.170524194999928, 42.249291134000032 ], [ -4.168182318999925, 42.237107250000065 ], [ -4.180538866999939, 42.218088482000041 ], [ -4.204505405999953, 42.207355265000047 ], [ -4.215309, 42.206866999000056 ], [ -4.231462499999964, 42.208423499000048 ], [ -4.231366590999926, 42.218248405000054 ], [ -4.226951, 42.229537999000058 ] ] ] } },
{ "type": "Feature", "properties": { "code": "09259", "name": "Pedrosa de Río Úrbel" }, "geometry": { "type": "Polygon", "coordinates": [ [ [ -3.863777, 42.395381999000051 ], [ -3.866151547999948, 42.408288157000072 ], [ -3.871611951999967, 42.413330453000071 ], [ -3.910170113999925, 42.416536177000069 ], [ -3.908670692999976, 42.421071057000063 ], [ -3.898400808999952, 42.430105360000027 ], [ -3.900054499999953, 42.446975499000075 ], [ -3.883913236999945, 42.451200586000027 ], [ -3.865992217999974, 42.450920951000057 ], [ -3.860609390999969, 42.448469069000055 ], [ -3.848545265999974, 42.452957060000074 ], [ -3.840268032999973, 42.441673050000077 ], [ -3.829937199999961, 42.44035681400004 ], [ -3.799418499999945, 42.427997499000071 ], [ -3.784390923999979, 42.418879067000034 ], [ -3.771287647999941, 42.416754644000036 ], [ -3.766409956999951, 42.406302383000025 ], [ -3.793759995999949, 42.39120924000008 ], [ -3.804277499999955, 42.380122999000037 ], [ -3.813687565999942, 42.382715117000032 ], [ -3.81311608599998, 42.396711114000027 ], [ -3.824479756999949, 42.398024369000041 ], [ -3.830402007999965, 42.39013559700004 ], [ -3.863777, 42.395381999000051 ] ] ] } },
{ "type": "Feature", "properties": { "code": "09261", "name": "Peñaranda de Duero" }, "geometry": { "type": "Polygon", "coordinates": [ [ [ -3.506923, 41.641506499000059 ], [ -3.499740619999955, 41.666841696000063 ], [ -3.498012675999973, 41.695506053000031 ], [ -3.50247075599998, 41.729146649000029 ], [ -3.510749499999974, 41.738364999000055 ], [ -3.50185539499995, 41.743191550000063 ], [ -3.46094949999997, 41.743159999000056 ], [ -3.462414076999949, 41.732638945000076 ], [ -3.439063752999971, 41.720126555000036 ], [ -3.43027142699998, 41.704050085000063 ], [ -3.421506, 41.695998999000039 ], [ -3.421238720999952, 41.688458805000039 ], [ -3.428007893999961, 41.683792711000081 ], [ -3.429359645999966, 41.677728045000038 ], [ -3.426838696999937, 41.659217628000079 ], [ -3.417753499999947, 41.656245999000078 ], [ -3.41663, 41.64789199900008 ], [ -3.419091, 41.644107999000028 ], [ -3.421517499999936, 41.646064999000032 ], [ -3.429781, 41.646285999000042 ], [ -3.432618499999933, 41.643184499000029 ], [ -3.433029, 41.639770499000065 ], [ -3.435259, 41.639384999000072 ], [ -3.440267, 41.639590499000064 ], [ -3.444293, 41.641860999000073 ], [ -3.485746, 41.639072499000065 ], [ -3.489196, 41.637977499000044 ], [ -3.493990499999938, 41.638374499000065 ], [ -3.497924, 41.637580999000079 ], [ -3.506923, 41.641506499000059 ] ] ] } },
{ "type": "Feature", "properties": { "code": "09262", "name": "Peral de Arlanza" }, "geometry": { "type": "Polygon", "coordinates": [ [ [ -4.03772349999997, 42.102565999000035 ], [ -4.028233758999932, 42.08866636700003 ], [ -4.031965499999956, 42.078616999000076 ], [ -4.031802, 42.076762999000039 ], [ -4.044659845999945, 42.066805479000038 ], [ -4.045906, 42.050796499000057 ], [ -4.047912499999939, 42.039031999000031 ], [ -4.063419188999944, 42.043036663000066 ], [ -4.078856217999942, 42.03753105800007 ], [ -4.084447, 42.038882999000066 ], [ -4.104135499999927, 42.061606999000048 ], [ -4.102200492999941, 42.086426279000079 ], [ -4.078098115999978, 42.083094962000075 ], [ -4.070658072999947, 42.084766251000076 ], [ -4.060638575999974, 42.091718383000057 ], [ -4.056233499999962, 42.100894999000047 ], [ -4.046661765999943, 42.107798716000048 ], [ -4.041915269999947, 42.107239486000026 ], [ -4.03772349999997, 42.102565999000035 ] ] ] } },
{ "type": "Feature", "properties": { "code": "09265", "name": "Piérnigas" }, "geometry": { "type": "Polygon", "coordinates": [ [ [ -3.402665499999955, 42.572551999000041 ], [ -3.405550723999966, 42.578860132000045 ], [ -3.420607190999931, 42.584967594000034 ], [ -3.43097423699993, 42.599344503000054 ], [ -3.432047499999953, 42.604984499000068 ], [ -3.411654985999974, 42.613720714000067 ], [ -3.410572, 42.628268999000056 ], [ -3.390553041999965, 42.619656674000055 ], [ -3.378768499999978, 42.606296499000052 ], [ -3.381782499999929, 42.604728499000032 ], [ -3.388184499999966, 42.597079999000073 ], [ -3.395494, 42.592540499000052 ], [ -3.398606499999971, 42.589522999000053 ], [ -3.394339499999944, 42.583595499000069 ], [ -3.39530149999996, 42.581275499000071 ], [ -3.394345, 42.57853299900006 ], [ -3.39572, 42.57439449900005 ], [ -3.400359499999979, 42.57161349900008 ], [ -3.402665499999955, 42.572551999000041 ] ] ] } },
{ "type": "Feature", "properties": { "code": "09266", "name": "Pineda de la Sierra" }, "geometry": { "type": "Polygon", "coordinates": [ [ [ -3.282061, 42.178073999000048 ], [ -3.284302, 42.17802449900006 ], [ -3.299545499999965, 42.182998499000064 ], [ -3.303794, 42.182998499000064 ], [ -3.313063499999942, 42.186252499000034 ], [ -3.315385, 42.19045249900006 ], [ -3.317293499999948, 42.191886999000076 ], [ -3.33045, 42.199279499000056 ], [ -3.354659499999968, 42.203197499000055 ], [ -3.367701, 42.212730499000031 ], [ -3.357552057999953, 42.217296110000063 ], [ -3.35865754799994, 42.230292127000041 ], [ -3.335803006999924, 42.251020001000029 ], [ -3.337892649999958, 42.254988925000077 ], [ -3.328501270999936, 42.25674388300007 ], [ -3.308218956999951, 42.250415314000065 ], [ -3.262950118999925, 42.244240768000054 ], [ -3.254532112999925, 42.246634813000071 ], [ -3.24516749999998, 42.256221999000047 ], [ -3.237888213999952, 42.248771910000073 ], [ -3.218697756999973, 42.244454666000081 ], [ -3.212945159999947, 42.235693678000075 ], [ -3.20635249999998, 42.232002499000032 ], [ -3.209854, 42.224662499000033 ], [ -3.212967, 42.220577499000058 ], [ -3.225475503999974, 42.217202117000056 ], [ -3.236838159999934, 42.205248364000056 ], [ -3.253552463999938, 42.202618213000051 ], [ -3.263831915999958, 42.195778102000077 ], [ -3.271523684999977, 42.181616259000066 ], [ -3.282061, 42.178073999000048 ] ] ] } },
{ "type": "Feature", "properties": { "code": "09267", "name": "Pineda Trasmonte" }, "geometry": { "type": "Polygon", "coordinates": [ [ [ -3.698039, 41.865237999000044 ], [ -3.703067639999972, 41.869298601000025 ], [ -3.701649158999942, 41.881982156000049 ], [ -3.72347149999996, 41.893741499000043 ], [ -3.727405499999975, 41.903613999000072 ], [ -3.725262, 41.917762499000048 ], [ -3.727942, 41.919006499000034 ], [ -3.700876552999944, 41.931202810000059 ], [ -3.697795920999965, 41.948564671000042 ], [ -3.690293499999939, 41.956016999000042 ], [ -3.681072333999964, 41.951621389000024 ], [ -3.678048740999941, 41.942270880000081 ], [ -3.67177553199997, 41.940536664000035 ], [ -3.663913, 41.930091999000069 ], [ -3.680041499999959, 41.916667999000026 ], [ -3.675781499999971, 41.909549499000036 ], [ -3.675748499999941, 41.903011499000058 ], [ -3.682137, 41.89380649900005 ], [ -3.681077, 41.892650499000069 ], [ -3.668191499999978, 41.896236499000054 ], [ -3.666199651999932, 41.891091613000071 ], [ -3.669513499999937, 41.885394999000027 ], [ -3.683071459999951, 41.891568633000077 ], [ -3.683146153999928, 41.867105914000035 ], [ -3.698039, 41.865237999000044 ] ] ] } },
{ "type": "Feature", "properties": { "code": "09268", "name": "Pinilla de los Barruecos" }, "geometry": { "type": "Polygon", "coordinates": [ [ [ -3.28377949999998, 41.883804499000064 ], [ -3.289591499999972, 41.876403999000047 ], [ -3.322575, 41.888049999000032 ], [ -3.326145, 41.888553499000068 ], [ -3.330783499999939, 41.890910999000027 ], [ -3.334186, 41.89103699900005 ], [ -3.334372, 41.894340499000066 ], [ -3.332914499999958, 41.899272999000061 ], [ -3.333334, 41.917491999000049 ], [ -3.326737, 41.933749999000042 ], [ -3.330626499999937, 41.941798999000071 ], [ -3.318596, 41.950877999000056 ], [ -3.306836, 41.956619499000055 ], [ -3.30555, 41.955253499000037 ], [ -3.299283, 41.956484999000054 ], [ -3.29371, 41.949042999000028 ], [ -3.288927499999943, 41.945773999000039 ], [ -3.29263949999995, 41.942233999000052 ], [ -3.275784499999929, 41.936378499000057 ], [ -3.270511, 41.923961499000029 ], [ -3.26967, 41.919170499000074 ], [ -3.278651, 41.909763499000064 ], [ -3.282133, 41.901199499000029 ], [ -3.28377949999998, 41.883804499000064 ] ] ] } },
{ "type": "Feature", "properties": { "code": "09269", "name": "Pinilla de los Moros" }, "geometry": { "type": "Polygon", "coordinates": [ [ [ -3.318338499999925, 42.093143499000064 ], [ -3.30958007299995, 42.092664334000062 ], [ -3.304092, 42.097820499000079 ], [ -3.298793080999928, 42.096643424000035 ], [ -3.292340725999964, 42.084022956000069 ], [ -3.287147, 42.083957499000064 ], [ -3.28383507999996, 42.077200597000058 ], [ -3.28653, 42.073222999000052 ], [ -3.32123674099995, 42.057816568000078 ], [ -3.338794135999933, 42.06695355800008 ], [ -3.318338499999925, 42.093143499000064 ] ] ] } },
{ "type": "Feature", "properties": { "code": "09270", "name": "Pinilla Trasmonte" }, "geometry": { "type": "Polygon", "coordinates": [ [ [ -3.572297, 41.941264999000055 ], [ -3.566823499999941, 41.941600999000059 ], [ -3.568590499999971, 41.938258999000027 ], [ -3.567990499999951, 41.934558999000046 ], [ -3.568852, 41.932330999000044 ], [ -3.570403499999941, 41.93060299900003 ], [ -3.579469203999963, 41.925308646000076 ], [ -3.580997742999955, 41.919332033000046 ], [ -3.576239442999963, 41.898295652000058 ], [ -3.560517, 41.893859999000028 ], [ -3.583359123999969, 41.884713485000077 ], [ -3.582503942999949, 41.876187665000032 ], [ -3.595014256999946, 41.855842884000026 ], [ -3.59861849999993, 41.833949999000026 ], [ -3.623182294999935, 41.838543519000041 ], [ -3.65321974699998, 41.832657339000036 ], [ -3.661964499999954, 41.835918499000059 ], [ -3.677192052999942, 41.844237128000032 ], [ -3.693689499999948, 41.846191499000042 ], [ -3.696703382999942, 41.848207719000072 ], [ -3.695280757999967, 41.858782889000054 ], [ -3.698039, 41.865237999000044 ], [ -3.683146153999928, 41.867105914000035 ], [ -3.683071459999951, 41.891568633000077 ], [ -3.662500009999974, 41.881375867000031 ], [ -3.648356383999953, 41.88273107200007 ], [ -3.631926927999928, 41.897096660000045 ], [ -3.633595924999952, 41.902502027000025 ], [ -3.624174499999981, 41.921954999000036 ], [ -3.616586487999939, 41.932719377000069 ], [ -3.604086635999977, 41.93190129900006 ], [ -3.597999497999979, 41.937822195000081 ], [ -3.572297, 41.941264999000055 ] ] ] } },
{ "type": "Feature", "properties": { "code": "09272", "name": "Poza de la Sal" }, "geometry": { "type": "Polygon", "coordinates": [ [ [ -3.614654, 42.682983499000045 ], [ -3.607458, 42.683486999000081 ], [ -3.596159560999979, 42.692380639000078 ], [ -3.56980699199994, 42.679972109000062 ], [ -3.560430746999941, 42.687130480000064 ], [ -3.532368229999975, 42.692475400000035 ], [ -3.509687499999927, 42.706054499000061 ], [ -3.502101, 42.705554999000071 ], [ -3.499090983999963, 42.697008129000039 ], [ -3.483892326999978, 42.682300447000046 ], [ -3.457526, 42.67138649900005 ], [ -3.456124587999966, 42.662374339000053 ], [ -3.462790728999948, 42.652165345000071 ], [ -3.45937, 42.645091999000044 ], [ -3.478702130999977, 42.620126035000055 ], [ -3.474705149999977, 42.612885697000081 ], [ -3.483078499999976, 42.60795949900006 ], [ -3.491657649999979, 42.606027726000036 ], [ -3.49165572499993, 42.612621485000034 ], [ -3.49559559599993, 42.615290142000049 ], [ -3.534291, 42.61477349900008 ], [ -3.537739230999932, 42.62333004900006 ], [ -3.55910713399993, 42.63008971000005 ], [ -3.580283569999949, 42.651857079000081 ], [ -3.594681247999972, 42.659038911000039 ], [ -3.605843499999935, 42.659126499000081 ], [ -3.619921, 42.65643299900006 ], [ -3.616021, 42.666816499000049 ], [ -3.614654, 42.682983499000045 ] ] ] } },
{ "type": "Feature", "properties": { "code": "09273", "name": "Prádanos de Bureba" }, "geometry": { "type": "Polygon", "coordinates": [ [ [ -3.373346499999968, 42.498111999000059 ], [ -3.364827499999933, 42.506587999000033 ], [ -3.345492806999971, 42.516681711000047 ], [ -3.330899038999974, 42.510373625000057 ], [ -3.326317560999939, 42.502358805000028 ], [ -3.313206, 42.496688999000071 ], [ -3.318015499999944, 42.49237049900006 ], [ -3.318370499999958, 42.49029149900008 ], [ -3.331974188999936, 42.48538030800006 ], [ -3.351606287999971, 42.48504437500003 ], [ -3.36112994299998, 42.487701794000031 ], [ -3.363673499999948, 42.494521999000028 ], [ -3.368091499999935, 42.492438999000058 ], [ -3.373346499999968, 42.498111999000059 ] ] ] } },
{ "type": "Feature", "properties": { "code": "09274", "name": "Pradoluengo" }, "geometry": { "type": "Polygon", "coordinates": [ [ [ -3.168775081999968, 42.309804512000028 ], [ -3.159696, 42.30510349900004 ], [ -3.15669756799997, 42.299614639000026 ], [ -3.157228590999978, 42.283812485000055 ], [ -3.170544, 42.269748499000059 ], [ -3.190264737999939, 42.282403858000066 ], [ -3.193925658999945, 42.295534906000057 ], [ -3.208352107999929, 42.305927826000072 ], [ -3.206658191999963, 42.315303677000031 ], [ -3.210831115999952, 42.32120222900005 ], [ -3.239447499999926, 42.308673999000064 ], [ -3.243222443999969, 42.312737150000032 ], [ -3.245332979999944, 42.317904608000049 ], [ -3.251891, 42.319724999000073 ], [ -3.25105521699993, 42.329065059000072 ], [ -3.237732697999945, 42.34338607400008 ], [ -3.23523849999998, 42.351394499000037 ], [ -3.229483731999949, 42.35399994900007 ], [ -3.217945777999944, 42.351537992000033 ], [ -3.20885106999998, 42.340468998000063 ], [ -3.189258182999936, 42.333822458000043 ], [ -3.168775081999968, 42.309804512000028 ] ] ] } },
{ "type": "Feature", "properties": { "code": "09275", "name": "Presencio" }, "geometry": { "type": "Polygon", "coordinates": [ [ [ -3.934349, 42.182109499000035 ], [ -3.907209165999973, 42.19916749600003 ], [ -3.898615660999951, 42.199065853000036 ], [ -3.883002, 42.214011999000036 ], [ -3.872942683999952, 42.214334652000048 ], [ -3.864771720999954, 42.20906450800004 ], [ -3.857792013999926, 42.209277748000034 ], [ -3.850727357999972, 42.199447969000062 ], [ -3.834515082999928, 42.202111225000067 ], [ -3.82063459099993, 42.199159590000079 ], [ -3.816552, 42.201129999000045 ], [ -3.814325310999948, 42.197970549000047 ], [ -3.817639499999927, 42.175506499000051 ], [ -3.840776305999952, 42.162295229000051 ], [ -3.850577050999959, 42.170535914000027 ], [ -3.860024846999977, 42.167575932000034 ], [ -3.880185, 42.170768999000074 ], [ -3.88439029999995, 42.170508596000047 ], [ -3.890277581999953, 42.164401482000073 ], [ -3.907945499999926, 42.162284999000065 ], [ -3.911196, 42.165142499000069 ], [ -3.916447499999947, 42.173347499000045 ], [ -3.924164, 42.179492999000047 ], [ -3.934349, 42.182109499000035 ] ] ] } },
{ "type": "Feature", "properties": { "code": "09276", "name": "Puebla de Arganzón, La" }, "geometry": { "type": "Polygon", "coordinates": [ [ [ -2.852754, 42.759112999000081 ], [ -2.852597242999934, 42.769465312000079 ], [ -2.84722318799993, 42.776351645000034 ], [ -2.840690130999974, 42.778505671000062 ], [ -2.835499499999969, 42.796226499000056 ], [ -2.82569577299995, 42.786006016000044 ], [ -2.809765592999952, 42.791414670000052 ], [ -2.779273499999931, 42.792930499000079 ], [ -2.784503565999955, 42.789663993000033 ], [ -2.789737343999946, 42.772824578000041 ], [ -2.806098265999935, 42.755544101000055 ], [ -2.835092920999955, 42.751961799000071 ], [ -2.846679450999943, 42.752698814000041 ], [ -2.852754, 42.759112999000081 ] ] ] } },
{ "type": "Feature", "properties": { "code": "09277", "name": "Puentedura" }, "geometry": { "type": "Polygon", "coordinates": [ [ [ -3.613094499999931, 42.075698999000053 ], [ -3.594576242999949, 42.070551739000052 ], [ -3.589149150999958, 42.063243871000054 ], [ -3.571431, 42.063296999000045 ], [ -3.571374094999953, 42.049946116000058 ], [ -3.561526439999966, 42.051462184000059 ], [ -3.556204484999967, 42.047870749000026 ], [ -3.561061023999969, 42.040763401000049 ], [ -3.558020499999941, 42.030782999000053 ], [ -3.570960499999956, 42.03076949900003 ], [ -3.577947577999964, 42.021539649000033 ], [ -3.585283, 42.018551499000068 ], [ -3.59280149999995, 42.021782499000039 ], [ -3.595451499999967, 42.01833349900005 ], [ -3.599388153999939, 42.025084541000069 ], [ -3.606657, 42.030797499000073 ], [ -3.596756931999948, 42.026654002000043 ], [ -3.595610397999963, 42.030801843000063 ], [ -3.600820499999941, 42.031932999000048 ], [ -3.607628329999955, 42.052029406000031 ], [ -3.602417438999964, 42.06360404600008 ], [ -3.61607749999996, 42.069213999000056 ], [ -3.613094499999931, 42.075698999000053 ] ] ] } },
{ "type": "Feature", "properties": { "code": "09279", "name": "Quemada" }, "geometry": { "type": "Polygon", "coordinates": [ [ [ -3.563476, 41.738956499000039 ], [ -3.549233, 41.717433999000036 ], [ -3.561735470999963, 41.708646619000035 ], [ -3.570338660999937, 41.697345852000069 ], [ -3.567643919999966, 41.681631160000052 ], [ -3.573670499999935, 41.672293999000033 ], [ -3.592701394999949, 41.67928084600004 ], [ -3.599835632999941, 41.686977400000046 ], [ -3.608972528999971, 41.689620034000029 ], [ -3.611394520999966, 41.69539607300004 ], [ -3.612144988999944, 41.702490619000059 ], [ -3.606266135999931, 41.703284008000026 ], [ -3.599994462999973, 41.713498611000034 ], [ -3.585124118999943, 41.718512738000072 ], [ -3.584991274999936, 41.728797331000067 ], [ -3.589448499999946, 41.736167999000031 ], [ -3.574992174999977, 41.74145147400003 ], [ -3.563476, 41.738956499000039 ] ] ] } },
{ "type": "Feature", "properties": { "code": "09280", "name": "Quintanabureba" }, "geometry": { "type": "Polygon", "coordinates": [ [ [ -3.397786499999938, 42.573604499000055 ], [ -3.39572, 42.57439449900005 ], [ -3.394345, 42.57853299900006 ], [ -3.39530149999996, 42.581275499000071 ], [ -3.394339499999944, 42.583595499000069 ], [ -3.398606499999971, 42.589522999000053 ], [ -3.395494, 42.592540499000052 ], [ -3.388184499999966, 42.597079999000073 ], [ -3.381782499999929, 42.604728499000032 ], [ -3.378768499999978, 42.606296499000052 ], [ -3.372823, 42.604758999000069 ], [ -3.35379, 42.604205999000044 ], [ -3.347695353999939, 42.592715273000067 ], [ -3.348025233999977, 42.583700079000039 ], [ -3.345237, 42.580680999000037 ], [ -3.367998693999937, 42.570047548000048 ], [ -3.377431336999962, 42.574742420000064 ], [ -3.393457182999953, 42.56997380200005 ], [ -3.397786499999938, 42.573604499000055 ] ] ] } },
{ "type": "Feature", "properties": { "code": "09281", "name": "Quintana del Pidio" }, "geometry": { "type": "Polygon", "coordinates": [ [ [ -3.771353499999975, 41.748191999000028 ], [ -3.774389903999975, 41.760760154000025 ], [ -3.754775483999936, 41.772294687000056 ], [ -3.74124, 41.791217999000025 ], [ -3.740008203999935, 41.781835105000027 ], [ -3.727186461999963, 41.769046279000065 ], [ -3.725261730999932, 41.759480989000053 ], [ -3.751542499999971, 41.745933499000046 ], [ -3.76209589299998, 41.742766488000029 ], [ -3.771353499999975, 41.748191999000028 ] ] ] } },
{ "type": "Feature", "properties": { "code": "09283", "name": "Quintanaélez" }, "geometry": { "type": "Polygon", "coordinates": [ [ [ -3.267514499999947, 42.689906499000074 ], [ -3.267944, 42.687267499000029 ], [ -3.27071449999994, 42.684341499000027 ], [ -3.270423, 42.679328999000063 ], [ -3.268173, 42.675342499000067 ], [ -3.268066499999975, 42.670139499000072 ], [ -3.271065499999963, 42.664012999000079 ], [ -3.276378, 42.664932499000031 ], [ -3.282290499999931, 42.663737999000034 ], [ -3.287981, 42.664550999000028 ], [ -3.287291, 42.660560499000042 ], [ -3.289281, 42.660571999000069 ], [ -3.291221499999949, 42.655440999000064 ], [ -3.293950499999937, 42.654517999000063 ], [ -3.295093, 42.648597499000061 ], [ -3.297651, 42.64772799900004 ], [ -3.298759, 42.64980299900003 ], [ -3.304452, 42.651408999000068 ], [ -3.309472, 42.65018849900008 ], [ -3.314267499999971, 42.647800499000027 ], [ -3.32035, 42.642307999000025 ], [ -3.324822406999942, 42.64303157900008 ], [ -3.323673496999959, 42.649485263000031 ], [ -3.312142409999979, 42.658683144000065 ], [ -3.320793717999948, 42.66889277000007 ], [ -3.325509499999953, 42.670348999000055 ], [ -3.315891577999935, 42.67380434100005 ], [ -3.311147232999929, 42.689722849000077 ], [ -3.318978830999924, 42.692877529000043 ], [ -3.322442, 42.697509999000033 ], [ -3.318841919999954, 42.701189766000027 ], [ -3.308908071999952, 42.702175538000063 ], [ -3.292307721999975, 42.693281571000057 ], [ -3.267514499999947, 42.689906499000074 ] ] ] } },
{ "type": "Feature", "properties": { "code": "09287", "name": "Quintanaortuño" }, "geometry": { "type": "Polygon", "coordinates": [ [ [ -3.703956, 42.453136499000038 ], [ -3.703108998999937, 42.46569727900004 ], [ -3.691305031999946, 42.46970305800005 ], [ -3.68423422099994, 42.464112626000031 ], [ -3.676222011999926, 42.450578285000063 ], [ -3.67683440899998, 42.447549244000072 ], [ -3.686946623999972, 42.441400421000026 ], [ -3.698662499999955, 42.439685999000062 ], [ -3.703094477999969, 42.445946867000032 ], [ -3.703956, 42.453136499000038 ] ] ] } },
{ "type": "Feature", "properties": { "code": "09288", "name": "Quintanapalla" }, "geometry": { "type": "Polygon", "coordinates": [ [ [ -3.556088, 42.395808999000053 ], [ -3.569620790999977, 42.410599581000042 ], [ -3.579587499999946, 42.410388999000077 ], [ -3.582856499999934, 42.415611499000079 ], [ -3.526334499999962, 42.430888999000047 ], [ -3.502839499999936, 42.430038499000034 ], [ -3.507685016999972, 42.424119257000029 ], [ -3.499179885999979, 42.408698881000078 ], [ -3.501924, 42.405234999000072 ], [ -3.508165564999956, 42.406278343000054 ], [ -3.556088, 42.395808999000053 ] ] ] } },
{ "type": "Feature", "properties": { "code": "09289", "name": "Quintanar de la Sierra" }, "geometry": { "type": "Polygon", "coordinates": [ [ [ -2.955553, 42.019382999000072 ], [ -2.973480519999953, 41.994743124000081 ], [ -2.998206499999981, 41.968192999000053 ], [ -3.013529910999978, 41.974244870000064 ], [ -3.020765160999929, 41.969281143000046 ], [ -3.028421, 41.956985499000041 ], [ -3.038110499999959, 41.955974499000035 ], [ -3.047642499999938, 41.957275499000048 ], [ -3.054728499999953, 41.959415499000045 ], [ -3.065486499999963, 41.976470999000071 ], [ -3.06319508699994, 41.978792961000067 ], [ -3.061181896999926, 41.986002762000055 ], [ -3.064325, 41.997256999000058 ], [ -3.065164, 42.003806999000062 ], [ -3.057263444999933, 42.013373371000057 ], [ -3.057877, 42.023852999000042 ], [ -3.058600499999955, 42.024162499000056 ], [ -3.054129, 42.036067999000068 ], [ -3.054713499999934, 42.039283999000077 ], [ -3.040766204999954, 42.04041787400007 ], [ -3.026781934999974, 42.046783264000055 ], [ -2.999468382999964, 42.042297534000056 ], [ -2.98934225499994, 42.032649332000062 ], [ -2.972681684999941, 42.030757337000068 ], [ -2.955553, 42.019382999000072 ] ] ] } },
{ "type": "Feature", "properties": { "code": "09292", "name": "Quintanavides" }, "geometry": { "type": "Polygon", "coordinates": [ [ [ -3.442282, 42.502048499000068 ], [ -3.434896499999979, 42.502425999000025 ], [ -3.426665499999956, 42.505546499000047 ], [ -3.421137844999976, 42.498666807000063 ], [ -3.414617352999926, 42.495924865000063 ], [ -3.408275351999976, 42.482666195000036 ], [ -3.404060499999957, 42.480583499000033 ], [ -3.399669373999927, 42.463931475000038 ], [ -3.401685499999928, 42.455375999000069 ], [ -3.414077020999969, 42.45828222800003 ], [ -3.431747, 42.456912999000053 ], [ -3.430706011999973, 42.473290328000076 ], [ -3.442282, 42.502048499000068 ] ] ] } },
{ "type": "Feature", "properties": { "code": "09294", "name": "Quintanilla de la Mata" }, "geometry": { "type": "MultiPolygon", "coordinates": [ [ [ [ -3.77747911299997, 41.975186538000059 ], [ -3.773839524999971, 41.98705749800007 ], [ -3.764895018999937, 41.997637716000042 ], [ -3.766661279999937, 42.003847906000033 ], [ -3.75603697899993, 42.006161641000062 ], [ -3.749583001999952, 42.003345238000065 ], [ -3.745902128999944, 41.996306767000078 ], [ -3.752987784999959, 41.977730100000031 ], [ -3.77747911299997, 41.975186538000059 ] ] ], [ [ [ -3.831800499999929, 42.009246999000027 ], [ -3.796241144999954, 42.006927462000078 ], [ -3.78191591999996, 42.002672155000027 ], [ -3.791533897999955, 41.993724340000028 ], [ -3.801057, 41.976642499000036 ], [ -3.805606499999953, 41.980556499000045 ], [ -3.808748499999979, 41.99217999900003 ], [ -3.840359, 41.996078499000077 ], [ -3.840914, 41.998840499000039 ], [ -3.842192, 42.000507499000037 ], [ -3.836259, 42.00203699900004 ], [ -3.832736499999953, 42.004142499000068 ], [ -3.831865, 42.005794499000046 ], [ -3.831800499999929, 42.009246999000027 ] ] ] ] } },
{ "type": "Feature", "properties": { "code": "09295", "name": "Quintanilla del Coco" }, "geometry": { "type": "MultiPolygon", "coordinates": [ [ [ [ -3.484482, 42.001395999000067 ], [ -3.491786694999973, 41.990071083000032 ], [ -3.485597089999942, 41.984697908000044 ], [ -3.496219518999965, 41.981834397000057 ], [ -3.502717036999968, 41.973594711000032 ], [ -3.501631, 41.96179599900006 ], [ -3.530847698999935, 41.96291323500003 ], [ -3.535245594999935, 41.976226152000038 ], [ -3.555621, 41.971561499000074 ], [ -3.55808849999994, 41.983115999000063 ], [ -3.554542052999977, 41.987089104000063 ], [ -3.559471250999934, 41.99926574300008 ], [ -3.558039773999951, 42.011228391000031 ], [ -3.548329, 42.010666499000081 ], [ -3.543527893999965, 42.003686747000074 ], [ -3.532719388999965, 42.003032376000078 ], [ -3.519101503999934, 41.99510596600004 ], [ -3.507952687999932, 42.000911349000035 ], [ -3.493877082999973, 41.999238407000064 ], [ -3.484482, 42.001395999000067 ] ] ], [ [ [ -3.570857499999931, 42.022185999000044 ], [ -3.577671, 42.016784499000039 ], [ -3.578049499999963, 42.018619499000067 ], [ -3.575300499999969, 42.021731999000053 ], [ -3.572243499999956, 42.023242999000047 ], [ -3.570857499999931, 42.022185999000044 ] ] ] ] } },
{ "type": "Feature", "properties": { "code": "09297", "name": "Quintanillas, Las" }, "geometry": { "type": "Polygon", "coordinates": [ [ [ -3.798051, 42.377593999000055 ], [ -3.813495990999968, 42.364223 ], [ -3.828035689999979, 42.367515553000032 ], [ -3.83171453999995, 42.357512433000068 ], [ -3.843537499999968, 42.351927999000054 ], [ -3.858443788999978, 42.354332813000042 ], [ -3.860802499999977, 42.348357499000031 ], [ -3.879861207999966, 42.343799385000068 ], [ -3.883531, 42.342269999000052 ], [ -3.880904552999937, 42.348626890000048 ], [ -3.890980499999955, 42.350589999000078 ], [ -3.879861207999966, 42.377260360000037 ], [ -3.869429406999927, 42.383183375000044 ], [ -3.863777, 42.395381999000051 ], [ -3.830402007999965, 42.39013559700004 ], [ -3.824479756999949, 42.398024369000041 ], [ -3.81311608599998, 42.396711114000027 ], [ -3.813687565999942, 42.382715117000032 ], [ -3.804277499999955, 42.380122999000037 ], [ -3.800237, 42.380431999000052 ], [ -3.798051, 42.377593999000055 ] ] ] } },
{ "type": "Feature", "properties": { "code": "09298", "name": "Quintanilla San García" }, "geometry": { "type": "Polygon", "coordinates": [ [ [ -3.20827, 42.516803999000047 ], [ -3.216367085999934, 42.516739621000056 ], [ -3.222305483999946, 42.511517124000079 ], [ -3.231275499999981, 42.512416999000038 ], [ -3.222911856999929, 42.519135678000055 ], [ -3.222899536999932, 42.523383285000079 ], [ -3.238842665999925, 42.531111389000046 ], [ -3.246568701999934, 42.542605810000055 ], [ -3.260990509999942, 42.547834827000031 ], [ -3.256588703999967, 42.556554187000074 ], [ -3.248929, 42.562156499000025 ], [ -3.228854076999937, 42.552505367000037 ], [ -3.211259876999975, 42.566482202000032 ], [ -3.209007220999979, 42.577512535000039 ], [ -3.174373483999943, 42.586250677000066 ], [ -3.159402, 42.597488499000065 ], [ -3.157349177999947, 42.576797782000028 ], [ -3.140590784999972, 42.557180370000026 ], [ -3.134294499999953, 42.542022499000041 ], [ -3.192255709999927, 42.524821690000067 ], [ -3.20827, 42.516803999000047 ] ] ] } },
{ "type": "Feature", "properties": { "code": "09301", "name": "Quintanilla Vivar" }, "geometry": { "type": "Polygon", "coordinates": [ [ [ -3.65331649999996, 42.412223999000048 ], [ -3.668357499999956, 42.401473999000075 ], [ -3.698530499999947, 42.391685499000062 ], [ -3.700945499999932, 42.393733999000062 ], [ -3.703296499999965, 42.39954749900005 ], [ -3.709021, 42.402976999000032 ], [ -3.704111, 42.406150999000033 ], [ -3.706103499999926, 42.407291499000053 ], [ -3.70123022599995, 42.41055900200007 ], [ -3.707271656999978, 42.415667320000068 ], [ -3.701087499999971, 42.421634499000049 ], [ -3.690315773999941, 42.429337045000068 ], [ -3.659407499999929, 42.428699499000061 ], [ -3.650330011999927, 42.420803646000024 ], [ -3.649987086999943, 42.41459450800005 ], [ -3.65331649999996, 42.412223999000048 ] ] ] } },
{ "type": "Feature", "properties": { "code": "09302", "name": "Rabanera del Pinar" }, "geometry": { "type": "Polygon", "coordinates": [ [ [ -3.168775081999968, 41.883926748000079 ], [ -3.201193891999935, 41.870275078000077 ], [ -3.221038319999934, 41.877976458000035 ], [ -3.243364, 41.863990499000067 ], [ -3.246598499999948, 41.865684499000054 ], [ -3.24047749999994, 41.881606999000041 ], [ -3.247750499999938, 41.885894999000072 ], [ -3.243222443999969, 41.895853749000025 ], [ -3.240092129999937, 41.897599547000027 ], [ -3.231422, 41.91079699900007 ], [ -3.223157063999963, 41.911563198000067 ], [ -3.20346462699996, 41.92130174700003 ], [ -3.197750499999927, 41.920738999000037 ], [ -3.193475499999977, 41.918521999000063 ], [ -3.164388, 41.91886499900005 ], [ -3.146654499999954, 41.91055699900005 ], [ -3.153964279999968, 41.894484530000057 ], [ -3.154173223999976, 41.884331509000049 ], [ -3.164940780999927, 41.885585929000058 ], [ -3.168775081999968, 41.883926748000079 ] ] ] } },
{ "type": "Feature", "properties": { "code": "09303", "name": "Rábanos" }, "geometry": { "type": "Polygon", "coordinates": [ [ [ -3.25842549999993, 42.347358499000052 ], [ -3.239805499999932, 42.351791499000058 ], [ -3.23523849999998, 42.351394499000037 ], [ -3.237732697999945, 42.34338607400008 ], [ -3.25105521699993, 42.329065059000072 ], [ -3.251891, 42.319724999000073 ], [ -3.277623138999957, 42.311644503000025 ], [ -3.273999716999981, 42.302242656000033 ], [ -3.277660640999954, 42.294715904000043 ], [ -3.26707872399993, 42.281741738000051 ], [ -3.26452816699998, 42.272159530000067 ], [ -3.251019914999972, 42.268833775000076 ], [ -3.244513997999945, 42.259613191000028 ], [ -3.24516749999998, 42.256221999000047 ], [ -3.260077206999938, 42.253598808000049 ], [ -3.274640181999928, 42.264037933000054 ], [ -3.304925622999974, 42.265563101000055 ], [ -3.296451318999971, 42.277244927000027 ], [ -3.301355383999976, 42.28366558700003 ], [ -3.314334859999974, 42.291490669000041 ], [ -3.316453140999954, 42.301587587000029 ], [ -3.313481127999978, 42.31232822100003 ], [ -3.326624587999959, 42.329467154000042 ], [ -3.334583499999951, 42.333030999000073 ], [ -3.329425881999953, 42.343211321000069 ], [ -3.308195778999959, 42.353551266000068 ], [ -3.300705978999929, 42.351161592000039 ], [ -3.29883246199995, 42.346588885000074 ], [ -3.280651592999959, 42.33311546300007 ], [ -3.27165965699993, 42.33476127800003 ], [ -3.270026949999931, 42.340316148000056 ], [ -3.257254806999924, 42.335081396000078 ], [ -3.254781317999971, 42.338731779000057 ], [ -3.25842549999993, 42.347358499000052 ] ] ] } },
{ "type": "Feature", "properties": { "code": "09304", "name": "Rabé de las Calzadas" }, "geometry": { "type": "MultiPolygon", "coordinates": [ [ [ [ -3.826466, 42.325995499000044 ], [ -3.824245, 42.327848499000027 ], [ -3.822747, 42.327462999000034 ], [ -3.823586766999938, 42.326171602000045 ], [ -3.826466, 42.325995499000044 ] ] ], [ [ [ -3.860802499999977, 42.348357499000031 ], [ -3.855261560999963, 42.345781923000061 ], [ -3.840027419999956, 42.346600082000066 ], [ -3.828832915999953, 42.344519913000056 ], [ -3.825008128999968, 42.341922016000069 ], [ -3.830054, 42.336688999000046 ], [ -3.832306, 42.32514549900003 ], [ -3.844889062999925, 42.326607295000031 ], [ -3.862543499999958, 42.31845449900004 ], [ -3.872314475999929, 42.325697114000036 ], [ -3.883531, 42.342269999000052 ], [ -3.879861207999966, 42.343799385000068 ], [ -3.860802499999977, 42.348357499000031 ] ] ] ] } },
{ "type": "Feature", "properties": { "code": "09306", "name": "Rebolledo de la Torre" }, "geometry": { "type": "MultiPolygon", "coordinates": [ [ [ [ -4.269254499999931, 42.704714999000032 ], [ -4.267021153999963, 42.694919287000062 ], [ -4.25582204799997, 42.689122307000048 ], [ -4.249069098999939, 42.693506350000064 ], [ -4.247986454999932, 42.697436216000028 ], [ -4.237685640999928, 42.697869428000047 ], [ -4.218793590999951, 42.70511355800005 ], [ -4.214619410999944, 42.713677135000069 ], [ -4.202221878999978, 42.718075619000047 ], [ -4.191026499999964, 42.72971349900007 ], [ -4.18743872999994, 42.728298376000055 ], [ -4.178412649999927, 42.712575317000073 ], [ -4.168313651999938, 42.707578946000069 ], [ -4.154784499999948, 42.706664999000054 ], [ -4.153779223999948, 42.700171559000069 ], [ -4.157932184999936, 42.691384409000079 ], [ -4.148728035999966, 42.676893613000061 ], [ -4.153845054999977, 42.67149702100005 ], [ -4.166829499999949, 42.66654199900006 ], [ -4.200511740999957, 42.665393169000026 ], [ -4.216292963999933, 42.652226936000034 ], [ -4.249100688999931, 42.67098366700003 ], [ -4.27605449999993, 42.673034499000039 ], [ -4.288411363999955, 42.678029002000073 ], [ -4.28767537899995, 42.686296963000075 ], [ -4.291870087999939, 42.691095958000062 ], [ -4.269254499999931, 42.704714999000032 ] ] ], [ [ [ -4.26411455899995, 42.730156739000051 ], [ -4.260139725999977, 42.738828212000044 ], [ -4.245123163999949, 42.735356560000071 ], [ -4.251184087999945, 42.726719540000033 ], [ -4.26411455899995, 42.730156739000051 ] ] ] ] } },
{ "type": "Feature", "properties": { "code": "09307", "name": "Redecilla del Camino" }, "geometry": { "type": "Polygon", "coordinates": [ [ [ -3.053165, 42.373393999000029 ], [ -3.057718, 42.370097999000052 ], [ -3.060279, 42.370753999000044 ], [ -3.064436, 42.373317499000052 ], [ -3.075176866999925, 42.390501503000053 ], [ -3.082673499999942, 42.397358499000063 ], [ -3.075203, 42.398891499000058 ], [ -3.069631, 42.403190499000061 ], [ -3.069909, 42.412124499000072 ], [ -3.071589499999959, 42.416248499000062 ], [ -3.06989, 42.41743849900007 ], [ -3.068679499999973, 42.421950999000046 ], [ -3.070531, 42.424636999000029 ], [ -3.081198, 42.430732499000044 ], [ -3.06665080099998, 42.456105207000064 ], [ -3.055288499999961, 42.455776499000081 ], [ -3.050300499999935, 42.451564999000027 ], [ -3.046025499999928, 42.445125499000028 ], [ -3.062498898999934, 42.425309473000027 ], [ -3.057883200999925, 42.415941457000031 ], [ -3.063377877999926, 42.402563385000064 ], [ -3.053165, 42.373393999000029 ] ] ] } },
{ "type": "Feature", "properties": { "code": "09308", "name": "Redecilla del Campo" }, "geometry": { "type": "Polygon", "coordinates": [ [ [ -3.138367499999958, 42.433688999000026 ], [ -3.144193499999972, 42.434840999000073 ], [ -3.147798499999965, 42.437171999000043 ], [ -3.151022, 42.437759499000038 ], [ -3.148478499999953, 42.442413499000054 ], [ -3.14841, 42.449317999000073 ], [ -3.135563459999958, 42.456581861000075 ], [ -3.126513372999966, 42.476911057000052 ], [ -3.107817350999937, 42.481833025000071 ], [ -3.099604742999929, 42.475091461000034 ], [ -3.090445, 42.477855499000043 ], [ -3.08280149999996, 42.475917999000046 ], [ -3.085745979999956, 42.473115639000071 ], [ -3.088576020999938, 42.456311922000054 ], [ -3.09512849999993, 42.453212999000073 ], [ -3.103148333999968, 42.452078606000043 ], [ -3.108347, 42.445590499000048 ], [ -3.109027995999952, 42.441772122000032 ], [ -3.116892184999926, 42.436845746000074 ], [ -3.119714, 42.431152499000063 ], [ -3.125038, 42.430820499000049 ], [ -3.126357499999926, 42.428550499000039 ], [ -3.129036, 42.430499999000062 ], [ -3.12983, 42.432185999000069 ], [ -3.131551, 42.43034749900005 ], [ -3.137208499999929, 42.431709499000078 ], [ -3.138367499999958, 42.433688999000026 ] ] ] } },
{ "type": "Feature", "properties": { "code": "09309", "name": "Regumiel de la Sierra" }, "geometry": { "type": "Polygon", "coordinates": [ [ [ -2.998206499999981, 41.968192999000053 ], [ -2.973480519999953, 41.994743124000081 ], [ -2.955553, 42.019382999000072 ], [ -2.953019, 42.020587999000043 ], [ -2.942642, 42.020436999000026 ], [ -2.931684, 42.018032499000071 ], [ -2.949227306999944, 41.995628961000079 ], [ -2.965583197999933, 41.965839720000076 ], [ -2.966981204999968, 41.957928823000032 ], [ -2.960915314999966, 41.950840976000052 ], [ -2.964903233999962, 41.936862980000058 ], [ -2.970803, 41.929260499000065 ], [ -2.98155126499995, 41.92852391200006 ], [ -2.998497, 41.932590499000071 ], [ -3.006466190999959, 41.941865227000051 ], [ -3.007339, 41.952106499000081 ], [ -2.997674718999974, 41.960014981000029 ], [ -2.998206499999981, 41.968192999000053 ] ] ] } },
{ "type": "Feature", "properties": { "code": "09310", "name": "Reinoso" }, "geometry": { "type": "Polygon", "coordinates": [ [ [ -3.413080499999978, 42.505397999000024 ], [ -3.412927, 42.507919499000025 ], [ -3.406965, 42.517684999000039 ], [ -3.395385541999929, 42.52370662900006 ], [ -3.386817963999931, 42.519654355000057 ], [ -3.376535806999925, 42.522732403000077 ], [ -3.369417025999951, 42.516152323000028 ], [ -3.364827499999933, 42.506587999000033 ], [ -3.373346499999968, 42.498111999000059 ], [ -3.379918682999971, 42.494987846000072 ], [ -3.392482, 42.496940499000061 ], [ -3.413080499999978, 42.505397999000024 ] ] ] } },
{ "type": "Feature", "properties": { "code": "09311", "name": "Retuerta" }, "geometry": { "type": "Polygon", "coordinates": [ [ [ -3.471000499999946, 42.022086999000066 ], [ -3.508913807999932, 42.018892779000055 ], [ -3.518030931999931, 42.024189657000079 ], [ -3.524587, 42.034393499000032 ], [ -3.504314177999959, 42.046707899000069 ], [ -3.494073, 42.04569649900003 ], [ -3.496766285999968, 42.039930932000061 ], [ -3.490312284999959, 42.040037432000076 ], [ -3.480876, 42.034015499000077 ], [ -3.471000499999946, 42.022086999000066 ] ] ] } },
{ "type": "Feature", "properties": { "code": "09312", "name": "Revilla y Ahedo, La" }, "geometry": { "type": "Polygon", "coordinates": [ [ [ -3.321112, 42.031539999000074 ], [ -3.32148849999993, 42.015071999000043 ], [ -3.318937, 42.002486999000041 ], [ -3.340616499999953, 41.996688499000072 ], [ -3.34739449999995, 41.986221499000067 ], [ -3.352341499999966, 41.987979999000061 ], [ -3.372555499999976, 41.99236649900007 ], [ -3.376061499999935, 41.991454999000041 ], [ -3.384631499999955, 41.994811999000035 ], [ -3.380389499999978, 42.004642499000056 ], [ -3.375195, 42.004092999000079 ], [ -3.36505649999998, 42.007548999000051 ], [ -3.365991, 42.010371999000029 ], [ -3.357556, 42.015796499000032 ], [ -3.363566, 42.021316499000079 ], [ -3.362258499999939, 42.025211499000079 ], [ -3.350259499999936, 42.022239499000079 ], [ -3.345446, 42.023326499000063 ], [ -3.334345, 42.030006499000081 ], [ -3.330379499999935, 42.034106999000073 ], [ -3.327859, 42.035140999000077 ], [ -3.321112, 42.031539999000074 ] ] ] } },
{ "type": "Feature", "properties": { "code": "09314", "name": "Revilla del Campo" }, "geometry": { "type": "Polygon", "coordinates": [ [ [ -3.571943, 42.179454999000029 ], [ -3.567413145999978, 42.193432322000035 ], [ -3.569617290999929, 42.200349763000077 ], [ -3.566713382999978, 42.20743966200007 ], [ -3.56821378099994, 42.211884250000026 ], [ -3.563766036999937, 42.220082310000066 ], [ -3.55093639599994, 42.237006737000058 ], [ -3.532956499999955, 42.237719999000035 ], [ -3.525456, 42.228545188000055 ], [ -3.514167086999976, 42.224954740000044 ], [ -3.490233499999931, 42.228202999000075 ], [ -3.494348823999928, 42.21711837600003 ], [ -3.487061, 42.211284499000044 ], [ -3.488761350999937, 42.203110325000068 ], [ -3.495290291999936, 42.200756740000031 ], [ -3.490892, 42.195892499000081 ], [ -3.503396270999929, 42.192411414000048 ], [ -3.515584140999977, 42.183828833000064 ], [ -3.532866641999931, 42.163385951000066 ], [ -3.532434499999965, 42.156490499000029 ], [ -3.535709499999939, 42.15759299900003 ], [ -3.540163, 42.161613499000055 ], [ -3.553805499999953, 42.16169349900008 ], [ -3.565926, 42.166022499000064 ], [ -3.567559, 42.167236499000069 ], [ -3.570782248999933, 42.17359293700008 ], [ -3.568876176999936, 42.17809956800005 ], [ -3.571943, 42.179454999000029 ] ] ] } },
{ "type": "Feature", "properties": { "code": "09315", "name": "Revillarruz" }, "geometry": { "type": "Polygon", "coordinates": [ [ [ -3.643573, 42.248054499000034 ], [ -3.631191888999979, 42.244344957000067 ], [ -3.631488499999932, 42.240924999000072 ], [ -3.637526930999968, 42.238042680000035 ], [ -3.637614543999973, 42.231694643000026 ], [ -3.629045499999961, 42.224391999000034 ], [ -3.631998, 42.221603499000025 ], [ -3.639256, 42.219245999000066 ], [ -3.645174499999939, 42.216159499000071 ], [ -3.649576, 42.211749999000062 ], [ -3.65544, 42.208286499000053 ], [ -3.658825499999978, 42.205310999000062 ], [ -3.666753, 42.20585999900004 ], [ -3.672234499999945, 42.208747999000025 ], [ -3.67441249999996, 42.210777499000073 ], [ -3.688835499999925, 42.216872999000032 ], [ -3.706319, 42.225574499000061 ], [ -3.689733639999929, 42.237782301000038 ], [ -3.68440471599996, 42.23509131600008 ], [ -3.67144090599993, 42.241838545000064 ], [ -3.663200293999978, 42.241326075000075 ], [ -3.643573, 42.248054499000034 ] ] ] } },
{ "type": "Feature", "properties": { "code": "09316", "name": "Revilla Vallejera" }, "geometry": { "type": "Polygon", "coordinates": [ [ [ -4.076318, 42.167834999000036 ], [ -4.083570499999951, 42.162940999000057 ], [ -4.089630499999942, 42.160541499000033 ], [ -4.094254499999977, 42.157695999000055 ], [ -4.101159, 42.158740999000031 ], [ -4.107804499999929, 42.15800099900008 ], [ -4.109327, 42.159190999000032 ], [ -4.11187, 42.158553999000048 ], [ -4.111173, 42.146465499000044 ], [ -4.110064, 42.14316149900003 ], [ -4.10276, 42.137218499000028 ], [ -4.11099747399993, 42.133330905000037 ], [ -4.115235499999926, 42.124767499000029 ], [ -4.121297314999936, 42.127432193000061 ], [ -4.126293399999952, 42.123086042000068 ], [ -4.140203165999935, 42.119843307000053 ], [ -4.147093935999976, 42.130027815000062 ], [ -4.154602411999974, 42.131249409000077 ], [ -4.175739054999951, 42.126720642000066 ], [ -4.178341499999931, 42.130737499000077 ], [ -4.180709078999939, 42.139289353000038 ], [ -4.178704315999937, 42.148952035000036 ], [ -4.170432499999947, 42.153991499000028 ], [ -4.142699685999958, 42.15547558600008 ], [ -4.127050432999965, 42.168667529000061 ], [ -4.122642499999927, 42.181171499000072 ], [ -4.122902, 42.185557999000025 ], [ -4.111460680999926, 42.187101421000079 ], [ -4.101789138999948, 42.178053673000079 ], [ -4.086883143999955, 42.170600620000073 ], [ -4.07584587499997, 42.172540580000032 ], [ -4.072345499999926, 42.170619999000053 ], [ -4.076318, 42.167834999000036 ] ] ] } },
{ "type": "Feature", "properties": { "code": "09317", "name": "Rezmondo" }, "geometry": { "type": "Polygon", "coordinates": [ [ [ -4.237918, 42.533824999000046 ], [ -4.216561514999967, 42.521197763000032 ], [ -4.214761979999935, 42.516544239000041 ], [ -4.209484499999974, 42.516769499000077 ], [ -4.214345891999926, 42.509488161000036 ], [ -4.232671267999933, 42.503910752000024 ], [ -4.23753019399993, 42.496497863000059 ], [ -4.246129499999938, 42.492366999000069 ], [ -4.247064499999965, 42.49468949900006 ], [ -4.237918, 42.533824999000046 ] ] ] } },
{ "type": "Feature", "properties": { "code": "09318", "name": "Riocavado de la Sierra" }, "geometry": { "type": "Polygon", "coordinates": [ [ [ -3.282061, 42.178073999000048 ], [ -3.271523684999977, 42.181616259000066 ], [ -3.263831915999958, 42.195778102000077 ], [ -3.253552463999938, 42.202618213000051 ], [ -3.236838159999934, 42.205248364000056 ], [ -3.225475503999974, 42.217202117000056 ], [ -3.212967, 42.220577499000058 ], [ -3.209910240999932, 42.215785584000059 ], [ -3.190202245999956, 42.20394359200003 ], [ -3.182703317999938, 42.179809077000073 ], [ -3.18633532299998, 42.150338466000051 ], [ -3.194334010999967, 42.14443973200008 ], [ -3.203262, 42.129889999000056 ], [ -3.210383006999962, 42.131404944000053 ], [ -3.214546499999926, 42.139320499000064 ], [ -3.229873175999955, 42.156914665000045 ], [ -3.243222443999969, 42.164957036000033 ], [ -3.266320271999973, 42.167894729000068 ], [ -3.280226499999969, 42.173827999000025 ], [ -3.282061, 42.178073999000048 ] ] ] } },
{ "type": "Feature", "properties": { "code": "09321", "name": "Roa" }, "geometry": { "type": "MultiPolygon", "coordinates": [ [ [ [ -3.965451499999972, 41.685512499000026 ], [ -3.968622516999972, 41.694235449000075 ], [ -3.958466037999926, 41.715306744000031 ], [ -3.950477605999936, 41.719300944000054 ], [ -3.945331612999951, 41.727162804000045 ], [ -3.928554499999962, 41.729907999000034 ], [ -3.911904896999943, 41.733656373000031 ], [ -3.90599549999996, 41.728077499000051 ], [ -3.903350564999926, 41.722403206000081 ], [ -3.891747015999954, 41.712423774000058 ], [ -3.879861207999966, 41.708228149000036 ], [ -3.878355, 41.706134999000028 ], [ -3.861266, 41.706435999000064 ], [ -3.861923, 41.708770499000025 ], [ -3.859704, 41.714698999000063 ], [ -3.858714, 41.721530999000038 ], [ -3.854236499999956, 41.722026499000037 ], [ -3.85077443299997, 41.714100055000074 ], [ -3.851342236999926, 41.705877289000057 ], [ -3.858795, 41.700473499000054 ], [ -3.877777564999974, 41.699363929000071 ], [ -3.88802278999998, 41.706562657000063 ], [ -3.891136561999929, 41.706045878000054 ], [ -3.896869004999928, 41.692220687000031 ], [ -3.883807, 41.675071499000069 ], [ -3.881147006999925, 41.660491604000072 ], [ -3.888875, 41.652148999000076 ], [ -3.895098, 41.649783999000078 ], [ -3.904646, 41.649043999000071 ], [ -3.907571, 41.647010999000031 ], [ -3.912052499999959, 41.646201999000027 ], [ -3.922843904999979, 41.652501439000048 ], [ -3.923496532999934, 41.670254813000042 ], [ -3.934329756999944, 41.680462857000066 ], [ -3.947083, 41.664291499000058 ], [ -3.962398567999969, 41.676117506000026 ], [ -3.965451499999972, 41.685512499000026 ] ] ], [ [ [ -3.989928, 41.796016499000075 ], [ -3.981216864999965, 41.792566868000051 ], [ -3.976337499999943, 41.787223999000048 ], [ -3.978542499999946, 41.785041999000043 ], [ -3.981706506999956, 41.783635141000047 ], [ -3.989928, 41.796016499000075 ] ] ], [ [ [ -4.012013499999966, 41.792156499000043 ], [ -4.010353, 41.793719999000075 ], [ -4.005894499999954, 41.795722999000077 ], [ -3.994343499999957, 41.79820249900007 ], [ -3.997306712999944, 41.792391574000078 ], [ -4.004411157999925, 41.788671449000049 ], [ -4.012013499999966, 41.792156499000043 ] ] ] ] } },
{ "type": "Feature", "properties": { "code": "09323", "name": "Rojas" }, "geometry": { "type": "Polygon", "coordinates": [ [ [ -3.476838, 42.568252499000039 ], [ -3.48265, 42.56980149900005 ], [ -3.48186445999994, 42.598331746000042 ], [ -3.478758479999954, 42.603692242000079 ], [ -3.482206499999961, 42.605540999000027 ], [ -3.470061, 42.609866999000076 ], [ -3.450133499999936, 42.612666999000055 ], [ -3.440183499999932, 42.612552999000059 ], [ -3.439392, 42.609267999000053 ], [ -3.432047499999953, 42.604984499000068 ], [ -3.43097423699993, 42.599344503000054 ], [ -3.420607190999931, 42.584967594000034 ], [ -3.405550723999966, 42.578860132000045 ], [ -3.402665499999955, 42.572551999000041 ], [ -3.402898285999925, 42.568140860000028 ], [ -3.419330381999941, 42.567242837000038 ], [ -3.433570499999973, 42.553706999000042 ], [ -3.442324499999927, 42.554862999000079 ], [ -3.443380217999959, 42.567894245000048 ], [ -3.447790991999966, 42.570995110000069 ], [ -3.455926142999942, 42.570034933000045 ], [ -3.463670556999944, 42.572826202000044 ], [ -3.476838, 42.568252499000039 ] ] ] } },
{ "type": "Feature", "properties": { "code": "09325", "name": "Royuela de Río Franco" }, "geometry": { "type": "Polygon", "coordinates": [ [ [ -3.928271499999937, 42.019580999000027 ], [ -3.914518805999933, 42.012577546000045 ], [ -3.910323449999964, 42.020533776000036 ], [ -3.901046, 42.027217999000072 ], [ -3.895853755999951, 42.023205219000033 ], [ -3.882273553999937, 42.026523576000045 ], [ -3.871309, 42.022109999000065 ], [ -3.877476258999934, 42.012911858000052 ], [ -3.90342282499995, 42.007200838000074 ], [ -3.910230499999955, 41.996951999000032 ], [ -3.915916657999958, 41.99188510700003 ], [ -3.949070612999947, 41.980311388000075 ], [ -3.957377454999971, 41.979967912000063 ], [ -3.974713359999953, 41.966239728000062 ], [ -3.990639793999947, 41.960223430000042 ], [ -4.019633, 41.958350999000061 ], [ -4.025254565999944, 41.954336735000027 ], [ -4.032432084999925, 41.955082591000064 ], [ -4.029121499999974, 41.97654699900005 ], [ -4.014092198999947, 41.998317684000028 ], [ -3.995465079999974, 42.005551677000028 ], [ -3.98568389199994, 42.02227797200004 ], [ -3.979083472999946, 42.022571064000033 ], [ -3.97110349999997, 42.033195499000044 ], [ -3.957096178999961, 42.022514308000041 ], [ -3.928271499999937, 42.019580999000027 ] ] ] } },
{ "type": "Feature", "properties": { "code": "09326", "name": "Rubena" }, "geometry": { "type": "Polygon", "coordinates": [ [ [ -3.560459, 42.385657999000045 ], [ -3.571286499999928, 42.374282999000059 ], [ -3.576418933999946, 42.37147751200007 ], [ -3.586051, 42.372226499000078 ], [ -3.600292184999944, 42.381660784000076 ], [ -3.586439707999943, 42.392828243000054 ], [ -3.586651, 42.404254999000045 ], [ -3.582962, 42.406047999000066 ], [ -3.579587499999946, 42.410388999000077 ], [ -3.569620790999977, 42.410599581000042 ], [ -3.556088, 42.395808999000053 ], [ -3.555566088999967, 42.387225580000063 ], [ -3.560459, 42.385657999000045 ] ] ] } },
{ "type": "Feature", "properties": { "code": "09327", "name": "Rublacedo de Abajo" }, "geometry": { "type": "Polygon", "coordinates": [ [ [ -3.45742, 42.54521199900006 ], [ -3.458703343999957, 42.537444576000041 ], [ -3.465744357999938, 42.529739075000066 ], [ -3.51946449999997, 42.492557499000043 ], [ -3.527391, 42.490402499000027 ], [ -3.527493685999957, 42.497962542000039 ], [ -3.534653125999967, 42.513708883000049 ], [ -3.544049178999956, 42.519719666000071 ], [ -3.536746216999973, 42.534617930000024 ], [ -3.537112499999978, 42.542770499000028 ], [ -3.533179482999969, 42.562345468000046 ], [ -3.524289341999975, 42.568643403000067 ], [ -3.52266637799994, 42.575955390000047 ], [ -3.506846691999954, 42.568607148000069 ], [ -3.48265, 42.56980149900005 ], [ -3.476838, 42.568252499000039 ], [ -3.467122379999978, 42.549301633000027 ], [ -3.45742, 42.54521199900006 ] ] ] } },
{ "type": "Feature", "properties": { "code": "09328", "name": "Rucandio" }, "geometry": { "type": "Polygon", "coordinates": [ [ [ -3.525993, 42.715293999000039 ], [ -3.557612499999948, 42.723666999000045 ], [ -3.549435528999936, 42.737106591000042 ], [ -3.554829005999977, 42.749258385000076 ], [ -3.568216720999942, 42.755136171000061 ], [ -3.572382156999936, 42.765633207000064 ], [ -3.581511311999975, 42.775911447000055 ], [ -3.576491499999975, 42.783992499000078 ], [ -3.566822957999932, 42.786453121000079 ], [ -3.551135660999932, 42.779261096000027 ], [ -3.518275139999957, 42.779557632000035 ], [ -3.495777499999974, 42.77638999900006 ], [ -3.476235499999973, 42.764449999000078 ], [ -3.513389389999929, 42.745839785000044 ], [ -3.519172596999965, 42.747697888000062 ], [ -3.524359987999958, 42.744516158000067 ], [ -3.524841816999981, 42.740955792000079 ], [ -3.515581961999942, 42.725711011000044 ], [ -3.525993, 42.715293999000039 ] ] ] } },
{ "type": "Feature", "properties": { "code": "09329", "name": "Salas de Bureba" }, "geometry": { "type": "Polygon", "coordinates": [ [ [ -3.47514, 42.726653999000064 ], [ -3.470981274999929, 42.720569942000054 ], [ -3.474682019999932, 42.716261358000054 ], [ -3.468726965999963, 42.705366741000034 ], [ -3.449325931999965, 42.694237247000046 ], [ -3.446822187999942, 42.676305588000048 ], [ -3.457526, 42.67138649900005 ], [ -3.483892326999978, 42.682300447000046 ], [ -3.499090983999963, 42.697008129000039 ], [ -3.502101, 42.705554999000071 ], [ -3.489650612999981, 42.708434872000055 ], [ -3.476426, 42.726947499000062 ], [ -3.47514, 42.726653999000064 ] ] ] } },
{ "type": "Feature", "properties": { "code": "09330", "name": "Salas de los Infantes" }, "geometry": { "type": "MultiPolygon", "coordinates": [ [ [ [ -3.245965499999954, 42.099361499000054 ], [ -3.22514, 42.08911899900005 ], [ -3.228729452999971, 42.084949331000075 ], [ -3.22873, 42.07189949900004 ], [ -3.240132500999948, 42.078215764000049 ], [ -3.26571040999994, 42.079689200000075 ], [ -3.270067756999936, 42.075364569000044 ], [ -3.262790180999957, 42.072107908000078 ], [ -3.273765812999955, 42.065360896000072 ], [ -3.278558389999944, 42.072076239000069 ], [ -3.28653, 42.073222999000052 ], [ -3.28383507999996, 42.077200597000058 ], [ -3.287147, 42.083957499000064 ], [ -3.275267923999934, 42.09356931800005 ], [ -3.267609045999961, 42.095150057000069 ], [ -3.265295137999942, 42.10033175500007 ], [ -3.245965499999954, 42.099361499000054 ] ] ], [ [ [ -3.241924514999937, 42.047457016000067 ], [ -3.24765214699994, 42.045471844000076 ], [ -3.255181651999976, 42.049704184000063 ], [ -3.249310141999956, 42.052159764000066 ], [ -3.241924514999937, 42.047457016000067 ] ] ], [ [ [ -3.32148849999993, 42.015071999000043 ], [ -3.321112, 42.031539999000074 ], [ -3.318654828999968, 42.03731803800008 ], [ -3.296542939999938, 42.041224166000063 ], [ -3.283277209999937, 42.028595253000049 ], [ -3.267759314999978, 42.023373517000039 ], [ -3.250266045999979, 42.021503695000035 ], [ -3.246739206999962, 42.009589463000054 ], [ -3.26565022799997, 42.002248758000064 ], [ -3.290325117999942, 42.002154335000057 ], [ -3.293040203999965, 42.004054963000044 ], [ -3.29121435899998, 42.013360801000033 ], [ -3.306159678999961, 42.010389798000062 ], [ -3.317636357999959, 42.011250313000062 ], [ -3.32148849999993, 42.015071999000043 ] ] ], [ [ [ -3.247842499999933, 42.059871499000053 ], [ -3.249376499999926, 42.053466999000079 ], [ -3.255348, 42.056156499000053 ], [ -3.254267, 42.058391499000038 ], [ -3.247842499999933, 42.059871499000053 ] ] ], [ [ [ -3.267629798999963, 42.052740673000073 ], [ -3.260589442999958, 42.049841585000081 ], [ -3.262699749999967, 42.043986478000079 ], [ -3.248578327999951, 42.038957960000062 ], [ -3.267354121999972, 42.032987852000076 ], [ -3.275509752999938, 42.035861454000042 ], [ -3.283906420999926, 42.043879526000069 ], [ -3.278377063999926, 42.052798537000058 ], [ -3.267629798999963, 42.052740673000073 ] ] ] ] } },
{ "type": "Feature", "properties": { "code": "09332", "name": "Saldaña de Burgos" }, "geometry": { "type": "Polygon", "coordinates": [ [ [ -3.700193, 42.262340499000061 ], [ -3.704215906999934, 42.268651323000029 ], [ -3.699920991999932, 42.272606038000049 ], [ -3.701090499999964, 42.285251499000026 ], [ -3.688223, 42.285552499000062 ], [ -3.669328499999949, 42.277652999000054 ], [ -3.670671718999927, 42.254676934000031 ], [ -3.681633, 42.250163999000051 ], [ -3.700193, 42.262340499000061 ] ] ] } },
{ "type": "Feature", "properties": { "code": "09334", "name": "Salinillas de Bureba" }, "geometry": { "type": "Polygon", "coordinates": [ [ [ -3.345237, 42.580680999000037 ], [ -3.340123, 42.576949999000078 ], [ -3.335947499999975, 42.570964999000068 ], [ -3.339101, 42.568252499000039 ], [ -3.345904499999961, 42.558676999000056 ], [ -3.344014499999957, 42.55582799900003 ], [ -3.34838, 42.552215499000056 ], [ -3.352327499999944, 42.552471499000035 ], [ -3.357387499999959, 42.551158999000052 ], [ -3.374673, 42.540931499000067 ], [ -3.382753, 42.532107999000061 ], [ -3.39247649999993, 42.525131499000054 ], [ -3.396619, 42.52754599900004 ], [ -3.398665, 42.531520999000065 ], [ -3.401969, 42.533996499000068 ], [ -3.40809349999995, 42.534007999000039 ], [ -3.408943096999963, 42.54076636700006 ], [ -3.419881729999929, 42.555668022000077 ], [ -3.430292, 42.556888499000081 ], [ -3.419330381999941, 42.567242837000038 ], [ -3.402898285999925, 42.568140860000028 ], [ -3.402665499999955, 42.572551999000041 ], [ -3.400359499999979, 42.57161349900008 ], [ -3.397786499999938, 42.573604499000055 ], [ -3.393457182999953, 42.56997380200005 ], [ -3.377431336999962, 42.574742420000064 ], [ -3.367998693999937, 42.570047548000048 ], [ -3.345237, 42.580680999000037 ] ] ] } },
{ "type": "Feature", "properties": { "code": "09335", "name": "San Adrián de Juarros" }, "geometry": { "type": "Polygon", "coordinates": [ [ [ -3.438479499999971, 42.268932499000073 ], [ -3.446020982999926, 42.277052507000064 ], [ -3.458765325999934, 42.274176880000027 ], [ -3.461134650999952, 42.268345889000045 ], [ -3.471706139999981, 42.263014449000025 ], [ -3.487552637999954, 42.261340793000045 ], [ -3.507315419999941, 42.253406403000042 ], [ -3.51363946999993, 42.256648687000052 ], [ -3.508881981999934, 42.280469771000071 ], [ -3.483911239999941, 42.285404529000061 ], [ -3.476020749999975, 42.283870837000052 ], [ -3.46577148199998, 42.290482111000074 ], [ -3.453305519999958, 42.287430589000053 ], [ -3.448316948999945, 42.281567146000043 ], [ -3.446220814999947, 42.284565640000039 ], [ -3.449432821999949, 42.288903970000035 ], [ -3.448953, 42.297572499000069 ], [ -3.431809496999961, 42.29573969300003 ], [ -3.419490499999938, 42.291030999000043 ], [ -3.412089425999966, 42.281159282000033 ], [ -3.412344974999939, 42.272219064000069 ], [ -3.423306276999938, 42.276675778000026 ], [ -3.424051209999959, 42.270369011000071 ], [ -3.438479499999971, 42.268932499000073 ] ] ] } },
{ "type": "Feature", "properties": { "code": "09337", "name": "San Juan del Monte" }, "geometry": { "type": "Polygon", "coordinates": [ [ [ -3.545936499999925, 41.644416999000043 ], [ -3.540872499999978, 41.653373499000054 ], [ -3.538873, 41.659950499000047 ], [ -3.537049499999966, 41.663085999000032 ], [ -3.536748499999931, 41.665904999000077 ], [ -3.537670499999933, 41.671439999000029 ], [ -3.536548, 41.686740999000051 ], [ -3.526158499999951, 41.697467999000025 ], [ -3.522441499999957, 41.703033499000071 ], [ -3.524065, 41.707591999000044 ], [ -3.533381, 41.71502349900004 ], [ -3.530834748999951, 41.716161472000067 ], [ -3.510749499999974, 41.738364999000055 ], [ -3.50247075599998, 41.729146649000029 ], [ -3.498012675999973, 41.695506053000031 ], [ -3.499740619999955, 41.666841696000063 ], [ -3.506923, 41.641506499000059 ], [ -3.511814675999972, 41.639415394000025 ], [ -3.515857214999926, 41.646511878000069 ], [ -3.521656811999947, 41.649862193000047 ], [ -3.531423492999977, 41.643811482000046 ], [ -3.539885941999955, 41.642335513000035 ], [ -3.545936499999925, 41.644416999000043 ] ] ] } },
{ "type": "Feature", "properties": { "code": "09338", "name": "San Mamés de Burgos" }, "geometry": { "type": "Polygon", "coordinates": [ [ [ -3.798115, 42.344955999000035 ], [ -3.790273627999966, 42.342135559000042 ], [ -3.784677877999968, 42.335309333000055 ], [ -3.781979664999938, 42.327561425000056 ], [ -3.7842, 42.322501999000053 ], [ -3.805888404999962, 42.322092522000048 ], [ -3.819808499999965, 42.329252499000063 ], [ -3.798115, 42.344955999000035 ] ] ] } },
{ "type": "Feature", "properties": { "code": "09339", "name": "San Martín de Rubiales" }, "geometry": { "type": "Polygon", "coordinates": [ [ [ -4.028736, 41.614398999000059 ], [ -4.032186499999966, 41.617126499000051 ], [ -4.034958193999955, 41.62368529400004 ], [ -4.030243679999955, 41.632134180000037 ], [ -4.028973, 41.644424499000024 ], [ -4.002049243999977, 41.657335980000028 ], [ -3.972673, 41.654315999000062 ], [ -3.974447, 41.652534499000069 ], [ -3.96993249999997, 41.65021499900007 ], [ -3.960501, 41.643394499000067 ], [ -3.973300637999955, 41.632171834000076 ], [ -3.974215166999954, 41.627551890000063 ], [ -4.00334, 41.615955499000052 ], [ -4.017523414999971, 41.619823751000069 ], [ -4.028736, 41.614398999000059 ] ] ] } },
{ "type": "Feature", "properties": { "code": "09340", "name": "San Millán de Lara" }, "geometry": { "type": "Polygon", "coordinates": [ [ [ -3.282061, 42.178073999000048 ], [ -3.280226499999969, 42.173827999000025 ], [ -3.282795379999925, 42.162466264000045 ], [ -3.277982711999925, 42.146168369000065 ], [ -3.282171499999947, 42.137138499000059 ], [ -3.295550882999976, 42.138668060000043 ], [ -3.309309482999936, 42.145506630000057 ], [ -3.318143149999969, 42.14536511700004 ], [ -3.359713315999954, 42.112574112000061 ], [ -3.364884343999961, 42.115622151000025 ], [ -3.371492499999931, 42.115215499000044 ], [ -3.371364358999926, 42.123475711000026 ], [ -3.366988061999962, 42.127602885000044 ], [ -3.376758499999937, 42.148566999000025 ], [ -3.374951, 42.158172499000045 ], [ -3.369172452999976, 42.155220781000025 ], [ -3.357436267999958, 42.161172113000077 ], [ -3.346902, 42.162063499000055 ], [ -3.345119, 42.16380699900003 ], [ -3.337596, 42.165054999000063 ], [ -3.333473499999968, 42.170936499000049 ], [ -3.320884499999977, 42.17824949900006 ], [ -3.313063499999942, 42.186252499000034 ], [ -3.303794, 42.182998499000064 ], [ -3.299545499999965, 42.182998499000064 ], [ -3.284302, 42.17802449900006 ], [ -3.282061, 42.178073999000048 ] ] ] } },
{ "type": "Feature", "properties": { "code": "09343", "name": "Santa Cecilia" }, "geometry": { "type": "Polygon", "coordinates": [ [ [ -3.822145, 42.071544499000026 ], [ -3.788900412999965, 42.078732697000078 ], [ -3.778652277999925, 42.077870892000078 ], [ -3.783802106999929, 42.056521038000028 ], [ -3.788279490999969, 42.050412404000042 ], [ -3.786772151999969, 42.040671538000026 ], [ -3.825341499999979, 42.04501699900004 ], [ -3.820781705999934, 42.066678515000035 ], [ -3.822145, 42.071544499000026 ] ] ] } },
{ "type": "Feature", "properties": { "code": "09345", "name": "Santa Cruz de la Salceda" }, "geometry": { "type": "Polygon", "coordinates": [ [ [ -3.610702, 41.624633999000025 ], [ -3.607520499999964, 41.620723999000063 ], [ -3.606060499999955, 41.614787999000043 ], [ -3.603109, 41.61367799900006 ], [ -3.596196499999962, 41.615100999000049 ], [ -3.592777499999954, 41.612506999000061 ], [ -3.584682, 41.610816999000065 ], [ -3.577862, 41.60752099900003 ], [ -3.573156499999925, 41.60749049900005 ], [ -3.568678, 41.603206499000066 ], [ -3.55154049999993, 41.607368499000074 ], [ -3.541466499999956, 41.60816599900005 ], [ -3.540914932999954, 41.599104416000046 ], [ -3.548049975999959, 41.596020381000073 ], [ -3.537376839999979, 41.586757737000028 ], [ -3.541596, 41.577602499000079 ], [ -3.551148894999926, 41.580496444000062 ], [ -3.568137768999975, 41.578889487000026 ], [ -3.573559964999959, 41.573301757000024 ], [ -3.572652499999947, 41.565391499000043 ], [ -3.599144432999935, 41.570010447000072 ], [ -3.607500467999955, 41.56617439300004 ], [ -3.616864499999963, 41.57715199900008 ], [ -3.616925167999966, 41.597572529000047 ], [ -3.612674413999969, 41.609071398000026 ], [ -3.616553754999927, 41.613705078000066 ], [ -3.610702, 41.624633999000025 ] ] ] } },
{ "type": "Feature", "properties": { "code": "09346", "name": "Santa Cruz del Valle Urbión" }, "geometry": { "type": "Polygon", "coordinates": [ [ [ -3.170544, 42.269748499000059 ], [ -3.176611912999931, 42.259232363000081 ], [ -3.177220656999964, 42.251007922000042 ], [ -3.183841499999971, 42.24220249900003 ], [ -3.189700499999958, 42.240508499000043 ], [ -3.20635249999998, 42.232002499000032 ], [ -3.212945159999947, 42.235693678000075 ], [ -3.218697756999973, 42.244454666000081 ], [ -3.237888213999952, 42.248771910000073 ], [ -3.24516749999998, 42.256221999000047 ], [ -3.241598, 42.258235999000078 ], [ -3.232630499999971, 42.269431999000062 ], [ -3.237523, 42.280578499000057 ], [ -3.23144149999996, 42.292335499000046 ], [ -3.23304, 42.302005499000074 ], [ -3.235947499999952, 42.304225999000039 ], [ -3.239447499999926, 42.308673999000064 ], [ -3.210831115999952, 42.32120222900005 ], [ -3.206658191999963, 42.315303677000031 ], [ -3.208352107999929, 42.305927826000072 ], [ -3.193925658999945, 42.295534906000057 ], [ -3.190264737999939, 42.282403858000066 ], [ -3.170544, 42.269748499000059 ] ] ] } },
{ "type": "Feature", "properties": { "code": "09347", "name": "Santa Gadea del Cid" }, "geometry": { "type": "Polygon", "coordinates": [ [ [ -3.060371, 42.761844999000061 ], [ -3.057706499999938, 42.762891499000034 ], [ -3.047967537999966, 42.764039604000061 ], [ -3.049034323999933, 42.751143720000073 ], [ -3.040763499999969, 42.73849399900007 ], [ -3.041768937999962, 42.731128501000057 ], [ -3.021769617999951, 42.70728560200007 ], [ -3.041364663999957, 42.704414801000041 ], [ -3.051718527999981, 42.698926881000034 ], [ -3.055178981999973, 42.689156540000056 ], [ -3.05397464999993, 42.679191246000073 ], [ -3.051719021999929, 42.676305337000031 ], [ -3.024445499999956, 42.674781499000062 ], [ -3.02633143099996, 42.668935232000081 ], [ -3.030117, 42.668018499000027 ], [ -3.04159, 42.672408999000027 ], [ -3.054628499999978, 42.675861499000064 ], [ -3.061546499999963, 42.674598499000069 ], [ -3.06545, 42.672424499000044 ], [ -3.074880499999949, 42.670310999000037 ], [ -3.057904210999936, 42.67831852900008 ], [ -3.061649214999932, 42.696942715000034 ], [ -3.071936341999958, 42.697771946000046 ], [ -3.085470121999947, 42.692963051000049 ], [ -3.093548816999942, 42.685824111000045 ], [ -3.09083611099993, 42.678111142000034 ], [ -3.105128369999932, 42.680951820000075 ], [ -3.115314858999966, 42.692412951000051 ], [ -3.132295, 42.702678499000058 ], [ -3.134379803999934, 42.706240682000043 ], [ -3.132025, 42.719825999000079 ], [ -3.123224104999963, 42.718520341000044 ], [ -3.11487092599998, 42.713329946000044 ], [ -3.097152352999956, 42.710557401000074 ], [ -3.079912172999968, 42.714581373000044 ], [ -3.071818663999977, 42.727804558000059 ], [ -3.054479896999965, 42.733564641000044 ], [ -3.050434229999951, 42.738357609000047 ], [ -3.05074792399995, 42.74805367700003 ], [ -3.060371, 42.761844999000061 ] ] ] } },
{ "type": "Feature", "properties": { "code": "09348", "name": "Santa Inés" }, "geometry": { "type": "Polygon", "coordinates": [ [ [ -3.673455, 42.086039999000036 ], [ -3.663106374999927, 42.082371483000031 ], [ -3.67259020399996, 42.076504986000032 ], [ -3.677157499999964, 42.06243149900007 ], [ -3.682970175999969, 42.039502348000042 ], [ -3.690879672999927, 42.031500867000034 ], [ -3.686695379999946, 42.028326746000062 ], [ -3.686674499999981, 42.024696499000072 ], [ -3.692053287999954, 42.027249300000051 ], [ -3.71229277499998, 42.028068917000041 ], [ -3.71388968399998, 42.035286549000034 ], [ -3.720533499999931, 42.043933999000046 ], [ -3.704216620999944, 42.065728585000045 ], [ -3.695554232999939, 42.070033186000046 ], [ -3.697001556999965, 42.074445659000048 ], [ -3.69421449999993, 42.079314999000076 ], [ -3.673455, 42.086039999000036 ] ] ] } },
{ "type": "Feature", "properties": { "code": "09350", "name": "Santa María del Campo" }, "geometry": { "type": "Polygon", "coordinates": [ [ [ -4.031965499999956, 42.078616999000076 ], [ -4.024352499999964, 42.081054499000061 ], [ -4.024403, 42.083530499000062 ], [ -4.025669, 42.091533499000036 ], [ -4.03346449999998, 42.106956499000034 ], [ -4.034270310999943, 42.11250420500005 ], [ -4.028683046999959, 42.122348310000064 ], [ -4.034031, 42.128516999000055 ], [ -4.028862499999946, 42.135803499000076 ], [ -3.99775410999996, 42.152408078000065 ], [ -3.992795783999952, 42.163484964000077 ], [ -3.984106, 42.168788999000071 ], [ -3.978963499999963, 42.168079499000044 ], [ -3.976705, 42.166152999000076 ], [ -3.974068, 42.165469999000038 ], [ -3.968297499999949, 42.166557499000078 ], [ -3.964863, 42.165973499000074 ], [ -3.961485, 42.15716549900003 ], [ -3.951482499999941, 42.152816999000038 ], [ -3.950506, 42.147449499000061 ], [ -3.942724, 42.145019499000057 ], [ -3.937724, 42.142421499000079 ], [ -3.944316, 42.135711499000081 ], [ -3.954195082999945, 42.123426944000073 ], [ -3.961639256999945, 42.101485110000056 ], [ -3.960696809999945, 42.09867588600008 ], [ -3.954195082999945, 42.093319829000052 ], [ -3.954195082999945, 42.091420968000079 ], [ -3.962218, 42.088046999000028 ], [ -3.963791, 42.077686499000038 ], [ -3.965437, 42.073764999000048 ], [ -3.964127499999961, 42.070354499000075 ], [ -3.968185, 42.066184999000029 ], [ -3.984551352999972, 42.057198117000041 ], [ -4.001842779999947, 42.063987771000029 ], [ -4.008466216999977, 42.073697285000037 ], [ -4.017398302999936, 42.072879228000033 ], [ -4.024012294999977, 42.075878122000063 ], [ -4.034554, 42.074340999000071 ], [ -4.031802, 42.076762999000039 ], [ -4.031965499999956, 42.078616999000076 ] ] ] } },
{ "type": "Feature", "properties": { "code": "09351", "name": "Santa María del Invierno" }, "geometry": { "type": "Polygon", "coordinates": [ [ [ -3.401685499999928, 42.455375999000069 ], [ -3.404153, 42.443881999000041 ], [ -3.416831853999952, 42.43873863400006 ], [ -3.41875986499997, 42.432668748000026 ], [ -3.42702752799994, 42.426276615000063 ], [ -3.421315082999968, 42.418848021000031 ], [ -3.437757, 42.404716499000074 ], [ -3.442771088999962, 42.403938326000059 ], [ -3.444324402999939, 42.415051006000056 ], [ -3.45232649999997, 42.423218499000029 ], [ -3.452692996999929, 42.42596711200008 ], [ -3.47082249999994, 42.438892499000076 ], [ -3.456672029999936, 42.44223161900004 ], [ -3.452539152999975, 42.450362038000037 ], [ -3.446389499999952, 42.453391999000075 ], [ -3.431747, 42.456912999000053 ], [ -3.414077020999969, 42.45828222800003 ], [ -3.401685499999928, 42.455375999000069 ] ] ] } },
{ "type": "Feature", "properties": { "code": "09352", "name": "Santa María del Mercadillo" }, "geometry": { "type": "Polygon", "coordinates": [ [ [ -3.510780499999953, 41.874309499000049 ], [ -3.520924499999978, 41.860591999000064 ], [ -3.548604, 41.845351999000059 ], [ -3.557593499999939, 41.845821499000067 ], [ -3.564118, 41.841186499000059 ], [ -3.568791, 41.831607999000028 ], [ -3.571554499999934, 41.833621999000059 ], [ -3.593339, 41.836066999000025 ], [ -3.59861849999993, 41.833949999000026 ], [ -3.595014256999946, 41.855842884000026 ], [ -3.582503942999949, 41.876187665000032 ], [ -3.583359123999969, 41.884713485000077 ], [ -3.560517, 41.893859999000028 ], [ -3.53846118499996, 41.889854520000029 ], [ -3.512589, 41.87885299900006 ], [ -3.510780499999953, 41.874309499000049 ] ] ] } },
{ "type": "Feature", "properties": { "code": "09353", "name": "Santa María Ribarredonda" }, "geometry": { "type": "Polygon", "coordinates": [ [ [ -3.156667499999969, 42.620742499000073 ], [ -3.163569075999931, 42.609684016000074 ], [ -3.161089784999945, 42.605295383000055 ], [ -3.154135, 42.601936499000033 ], [ -3.159402, 42.597488499000065 ], [ -3.159199462999936, 42.602447908000045 ], [ -3.164168148999977, 42.607520132000047 ], [ -3.17668, 42.60334399900006 ], [ -3.180925, 42.604327999000077 ], [ -3.18582, 42.606734999000025 ], [ -3.19044, 42.607021499000041 ], [ -3.196104, 42.616351999000074 ], [ -3.191304542999944, 42.622004104000041 ], [ -3.195589305999931, 42.629143248000048 ], [ -3.191743499999973, 42.654894999000078 ], [ -3.184218869999938, 42.655808064000041 ], [ -3.174029, 42.650340999000036 ], [ -3.170116530999962, 42.642411899000081 ], [ -3.168775081999968, 42.628662334000069 ], [ -3.16349379899998, 42.621877717000075 ], [ -3.156667499999969, 42.620742499000073 ] ] ] } },
{ "type": "Feature", "properties": { "code": "09354", "name": "Santa Olalla de Bureba" }, "geometry": { "type": "Polygon", "coordinates": [ [ [ -3.476666, 42.49259949900005 ], [ -3.459520854999937, 42.498586609000029 ], [ -3.460328318999927, 42.50483841700003 ], [ -3.442282, 42.502048499000068 ], [ -3.430706011999973, 42.473290328000076 ], [ -3.431747, 42.456912999000053 ], [ -3.446389499999952, 42.453391999000075 ], [ -3.445708371999956, 42.463637369000026 ], [ -3.476666, 42.49259949900005 ] ] ] } },
{ "type": "Feature", "properties": { "code": "09355", "name": "Santibáñez de Esgueva" }, "geometry": { "type": "Polygon", "coordinates": [ [ [ -3.769023, 41.802711499000054 ], [ -3.771205, 41.823169499000073 ], [ -3.771478499999944, 41.846946499000069 ], [ -3.773257499999943, 41.86370449900005 ], [ -3.767157, 41.862331499000049 ], [ -3.76525, 41.864055499000074 ], [ -3.762919, 41.863639999000043 ], [ -3.758705, 41.857730999000069 ], [ -3.746446499999934, 41.85108199900003 ], [ -3.730995, 41.839591999000049 ], [ -3.724635499999977, 41.836658499000066 ], [ -3.727923, 41.803672499000072 ], [ -3.732858, 41.800327499000048 ], [ -3.735869, 41.801585999000054 ], [ -3.747830499999964, 41.797015999000052 ], [ -3.758203, 41.795810499000027 ], [ -3.767234499999972, 41.796157999000059 ], [ -3.76862049999994, 41.797321499000077 ], [ -3.767840499999977, 41.799548499000025 ], [ -3.769023, 41.802711499000054 ] ] ] } },
{ "type": "Feature", "properties": { "code": "09356", "name": "Santibáñez del Val" }, "geometry": { "type": "Polygon", "coordinates": [ [ [ -3.466566499999942, 42.008731999000076 ], [ -3.462477, 42.00936899900006 ], [ -3.464883586999974, 41.997848626000064 ], [ -3.462435525999979, 41.993604165000079 ], [ -3.47484407099995, 41.956853261000049 ], [ -3.491683, 41.947032999000044 ], [ -3.512815, 41.944896499000038 ], [ -3.50389268999993, 41.952229888000033 ], [ -3.501631, 41.96179599900006 ], [ -3.502717036999968, 41.973594711000032 ], [ -3.496219518999965, 41.981834397000057 ], [ -3.485597089999942, 41.984697908000044 ], [ -3.491786694999973, 41.990071083000032 ], [ -3.484482, 42.001395999000067 ], [ -3.466566499999942, 42.008731999000076 ] ] ] } },
{ "type": "Feature", "properties": { "code": "09358", "name": "Santo Domingo de Silos" }, "geometry": { "type": "Polygon", "coordinates": [ [ [ -3.423613499999931, 41.899669499000026 ], [ -3.440300499999978, 41.905196999000054 ], [ -3.434860499999957, 41.917330999000058 ], [ -3.443296499999974, 41.919902499000045 ], [ -3.466543, 41.916110999000068 ], [ -3.469387499999925, 41.91909799900003 ], [ -3.489098615999978, 41.924659853000037 ], [ -3.489105496999969, 41.931065884000077 ], [ -3.497210551999956, 41.93431782600004 ], [ -3.497391049999976, 41.940265113000066 ], [ -3.491683, 41.947032999000044 ], [ -3.47484407099995, 41.956853261000049 ], [ -3.462435525999979, 41.993604165000079 ], [ -3.464883586999974, 41.997848626000064 ], [ -3.462477, 42.00936899900006 ], [ -3.437590326999953, 42.007513176000032 ], [ -3.421573131999935, 42.001274669000054 ], [ -3.415611590999958, 41.993289483000069 ], [ -3.384698499999956, 41.994334999000046 ], [ -3.37618, 41.991019999000059 ], [ -3.392011416999935, 41.975975648000031 ], [ -3.37337213099994, 41.965263936000042 ], [ -3.380535408999947, 41.953936053000064 ], [ -3.375708499999973, 41.935672499000077 ], [ -3.380771, 41.932693499000038 ], [ -3.38986, 41.919872499000064 ], [ -3.389496, 41.911639999000045 ], [ -3.401598, 41.910823999000058 ], [ -3.40729, 41.909137999000052 ], [ -3.415731499999936, 41.901904999000067 ], [ -3.423613499999931, 41.899669499000026 ] ] ] } },
{ "type": "Feature", "properties": { "code": "09360", "name": "San Vicente del Valle" }, "geometry": { "type": "Polygon", "coordinates": [ [ [ -3.133189499999958, 42.335956499000076 ], [ -3.150700365999967, 42.328473761000055 ], [ -3.158250499999951, 42.328620999000066 ], [ -3.168289942999934, 42.338358640000081 ], [ -3.167822139999942, 42.346462512000073 ], [ -3.162663541999962, 42.35365605100003 ], [ -3.177770691999967, 42.360397930000033 ], [ -3.18857077499996, 42.358690655000032 ], [ -3.199494616999971, 42.360704650000059 ], [ -3.20189518899997, 42.365109724000035 ], [ -3.196831312999961, 42.370789144000071 ], [ -3.197127499999965, 42.375766999000064 ], [ -3.198268245999941, 42.379186519000029 ], [ -3.176565, 42.388580499000057 ], [ -3.177655070999947, 42.379849166000042 ], [ -3.173722597999927, 42.373468178000053 ], [ -3.160389755999972, 42.362473672000078 ], [ -3.139375499999971, 42.355346499000063 ], [ -3.140584, 42.353473999000073 ], [ -3.139874, 42.345348499000067 ], [ -3.142736, 42.343761499000038 ], [ -3.141314, 42.337413999000034 ], [ -3.13528249999996, 42.338340499000026 ], [ -3.133189499999958, 42.335956499000076 ] ] ] } },
{ "type": "Feature", "properties": { "code": "09361", "name": "Sargentes de la Lora" }, "geometry": { "type": "MultiPolygon", "coordinates": [ [ [ [ -3.829498499999943, 42.798881999000059 ], [ -3.827077, 42.788795499000059 ], [ -3.823163, 42.782222999000055 ], [ -3.825965, 42.77960949900006 ], [ -3.825569499999972, 42.776397499000041 ], [ -3.828129, 42.770511499000065 ], [ -3.824602499999969, 42.768150499000058 ], [ -3.824811009999962, 42.76185767100003 ], [ -3.846828119999941, 42.751640319000046 ], [ -3.876297091999959, 42.727056969000046 ], [ -3.876282515999947, 42.713929527000062 ], [ -3.866286552999952, 42.694749140000056 ], [ -3.866366389999939, 42.68399849900004 ], [ -3.872333230999971, 42.678736035000043 ], [ -3.860575, 42.669028999000034 ], [ -3.861642, 42.665973499000074 ], [ -3.86585249999996, 42.66424949900005 ], [ -3.870426042999952, 42.668645221000077 ], [ -3.877028339999981, 42.669463371000063 ], [ -3.891985535999936, 42.661561627000026 ], [ -3.898443387999976, 42.662754317000065 ], [ -3.906962295999961, 42.671385151000038 ], [ -3.904196204999948, 42.682234853000068 ], [ -3.910375329999965, 42.691469677000043 ], [ -3.935602824999933, 42.704763531000026 ], [ -3.93264268799993, 42.71057522600006 ], [ -3.933047166999927, 42.724820478000026 ], [ -3.944814741999949, 42.736400825000032 ], [ -3.951572495999926, 42.749681916000043 ], [ -3.950997041999926, 42.75595667500005 ], [ -3.946600499999931, 42.761863499000071 ], [ -3.946864700999924, 42.76848156300008 ], [ -3.932025087999932, 42.773584849000031 ], [ -3.923267872999929, 42.769484762000047 ], [ -3.911290498999961, 42.769115990000046 ], [ -3.90888692599998, 42.786321464000025 ], [ -3.900572236999949, 42.790259903000049 ], [ -3.89444830399998, 42.803398257000026 ], [ -3.863929889999952, 42.786848123000027 ], [ -3.853364951999936, 42.788075456000058 ], [ -3.829498499999943, 42.798881999000059 ] ] ], [ [ [ -4.003112, 42.763309499000059 ], [ -4.002546, 42.768420999000057 ], [ -3.994579, 42.768562499000041 ], [ -3.990683499999932, 42.770938999000066 ], [ -3.987962, 42.770545999000035 ], [ -3.983783499999959, 42.768367499000078 ], [ -3.981606, 42.768260999000063 ], [ -3.978902, 42.758033999000077 ], [ -3.985478499999942, 42.756511499000055 ], [ -3.994687499999941, 42.756240999000056 ], [ -4.002334, 42.757526499000051 ], [ -4.001952499999959, 42.761104499000055 ], [ -4.003112, 42.763309499000059 ] ] ] ] } },
{ "type": "Feature", "properties": { "code": "09362", "name": "Sarracín" }, "geometry": { "type": "Polygon", "coordinates": [ [ [ -3.700193, 42.262340499000061 ], [ -3.681633, 42.250163999000051 ], [ -3.684496401999979, 42.244360518000065 ], [ -3.680463499999973, 42.237174999000047 ], [ -3.68440471599996, 42.23509131600008 ], [ -3.689733639999929, 42.237782301000038 ], [ -3.706319, 42.225574499000061 ], [ -3.710333, 42.225925499000027 ], [ -3.714681499999926, 42.224639999000033 ], [ -3.715711, 42.227901499000041 ], [ -3.719492, 42.232139499000027 ], [ -3.721583, 42.235915999000042 ], [ -3.722272499999974, 42.24217999900003 ], [ -3.717419747999941, 42.249724055000058 ], [ -3.716800668999952, 42.260897278000073 ], [ -3.700193, 42.262340499000061 ] ] ] } },
{ "type": "Feature", "properties": { "code": "09363", "name": "Sasamón" }, "geometry": { "type": "Polygon", "coordinates": [ [ [ -3.971290499999952, 42.421214999000028 ], [ -3.974591326999928, 42.413461106000057 ], [ -3.964972091999925, 42.403111116000048 ], [ -3.960004499999968, 42.389564499000073 ], [ -3.960743838999974, 42.379540705000068 ], [ -3.967929, 42.374770999000077 ], [ -3.975153960999933, 42.371699056000068 ], [ -3.980506526999932, 42.358281867000073 ], [ -3.977517, 42.344615999000041 ], [ -4.003050499999972, 42.331615499000065 ], [ -4.009126, 42.337352499000076 ], [ -4.021433, 42.344119999000043 ], [ -4.021989499999961, 42.346240999000031 ], [ -4.031532, 42.342437999000026 ], [ -4.034727, 42.343318999000076 ], [ -4.045436499999937, 42.339023499000064 ], [ -4.05207, 42.333537499000045 ], [ -4.05140849999998, 42.331084999000041 ], [ -4.054198, 42.324275999000065 ], [ -4.060148482999978, 42.321341761000042 ], [ -4.069277, 42.324661499000058 ], [ -4.090103382999928, 42.33522565800007 ], [ -4.097758, 42.345416999000065 ], [ -4.060055892999969, 42.382651301000067 ], [ -4.063268354999934, 42.388226561000067 ], [ -4.079685173999962, 42.396196823000025 ], [ -4.087381, 42.411880499000063 ], [ -4.082402499999944, 42.419173999000066 ], [ -4.088262, 42.428397999000026 ], [ -4.091086, 42.429954499000075 ], [ -4.092894, 42.43535599900008 ], [ -4.096497499999941, 42.438411999000039 ], [ -4.081519838999952, 42.451635335000049 ], [ -4.081574775999968, 42.46104176700004 ], [ -4.065661499999976, 42.462665499000025 ], [ -4.059678, 42.459163499000056 ], [ -4.05721, 42.454944499000078 ], [ -4.055498, 42.453597999000067 ], [ -4.045767, 42.452735999000026 ], [ -3.99540449999995, 42.440273499000057 ], [ -3.988919, 42.436076999000079 ], [ -3.987025, 42.433147499000029 ], [ -3.979263, 42.427341499000079 ], [ -3.974946, 42.42250849900006 ], [ -3.971290499999952, 42.421214999000028 ] ] ] } },
{ "type": "Feature", "properties": { "code": "09365", "name": "Sequera de Haza, La" }, "geometry": { "type": "Polygon", "coordinates": [ [ [ -3.82779249999993, 41.580619999000078 ], [ -3.825263, 41.581737499000042 ], [ -3.821096161999947, 41.57853502200004 ], [ -3.803505793999932, 41.576336378000065 ], [ -3.794159499999978, 41.56427749900007 ], [ -3.799245, 41.56249249900003 ], [ -3.804054, 41.559569999000075 ], [ -3.809636499999954, 41.552386999000078 ], [ -3.809664, 41.549728999000081 ], [ -3.821888373999968, 41.555313265000052 ], [ -3.825088095999945, 41.55266972000004 ], [ -3.828798651999932, 41.55702150500008 ], [ -3.826477807999936, 41.564263997000069 ], [ -3.832165347999933, 41.572123826000052 ], [ -3.82779249999993, 41.580619999000078 ] ] ] } },
{ "type": "Feature", "properties": { "code": "09366", "name": "Solarana" }, "geometry": { "type": "Polygon", "coordinates": [ [ [ -3.663913, 41.930091999000069 ], [ -3.67177553199997, 41.940536664000035 ], [ -3.678048740999941, 41.942270880000081 ], [ -3.681072333999964, 41.951621389000024 ], [ -3.690293499999939, 41.956016999000042 ], [ -3.681215898999938, 41.961015713000052 ], [ -3.679667070999926, 41.968588447000059 ], [ -3.67502481899993, 41.973848622000048 ], [ -3.665526184999976, 41.97720623500004 ], [ -3.658285927999941, 41.986069026000052 ], [ -3.656446870999957, 41.993749862000072 ], [ -3.64536, 42.006553499000063 ], [ -3.638084499999934, 42.004684499000064 ], [ -3.638033, 42.002017999000032 ], [ -3.639639, 41.999404999000035 ], [ -3.639486, 41.997524499000065 ], [ -3.647528499999964, 41.992885499000067 ], [ -3.641859, 41.983730499000046 ], [ -3.647993, 41.95880149900006 ], [ -3.647822, 41.95264449900003 ], [ -3.646694499999967, 41.950873999000066 ], [ -3.646235499999932, 41.94620149900004 ], [ -3.641843, 41.945983999000077 ], [ -3.643737499999929, 41.942516499000078 ], [ -3.643264, 41.939716499000042 ], [ -3.649385499999937, 41.933074999000041 ], [ -3.656352499999969, 41.932697499000028 ], [ -3.663913, 41.930091999000069 ] ] ] } },
{ "type": "Feature", "properties": { "code": "09368", "name": "Sordillos" }, "geometry": { "type": "MultiPolygon", "coordinates": [ [ [ [ -4.096497499999941, 42.438411999000039 ], [ -4.116, 42.448802999000065 ], [ -4.111374855999941, 42.45568576800008 ], [ -4.11349, 42.471801499000037 ], [ -4.063337499999932, 42.472026999000036 ], [ -4.062952499999938, 42.467201499000055 ], [ -4.065661499999976, 42.462665499000025 ], [ -4.081574775999968, 42.46104176700004 ], [ -4.081519838999952, 42.451635335000049 ], [ -4.096497499999941, 42.438411999000039 ] ] ], [ [ [ -4.115142, 42.472354999000061 ], [ -4.116617079999969, 42.470733806000055 ], [ -4.118989, 42.471126499000036 ], [ -4.118928, 42.472541499000044 ], [ -4.115142, 42.472354999000061 ] ] ] ] } },
{ "type": "Feature", "properties": { "code": "09369", "name": "Sotillo de la Ribera" }, "geometry": { "type": "Polygon", "coordinates": [ [ [ -3.820977, 41.863094499000056 ], [ -3.824486994999972, 41.847262218000026 ], [ -3.823381020999932, 41.840323797000053 ], [ -3.820423491999975, 41.831302624000045 ], [ -3.814115124999944, 41.824762391000036 ], [ -3.808628748999979, 41.808635718000062 ], [ -3.796538047999945, 41.803138121000075 ], [ -3.769023, 41.802711499000054 ], [ -3.767840499999977, 41.799548499000025 ], [ -3.76862049999994, 41.797321499000077 ], [ -3.780085636999956, 41.794645201000037 ], [ -3.783397690999948, 41.789019160000066 ], [ -3.793258442999957, 41.784527490000073 ], [ -3.797122232999925, 41.775869013000033 ], [ -3.82732584699994, 41.754072394000048 ], [ -3.829157228999975, 41.744022566000069 ], [ -3.836509073999935, 41.736273383000025 ], [ -3.846389, 41.736027499000045 ], [ -3.843775472999937, 41.743298159000062 ], [ -3.850233750999962, 41.756135764000078 ], [ -3.84761008199996, 41.773411561000046 ], [ -3.851564603999975, 41.776846707000061 ], [ -3.858607499999948, 41.776637999000059 ], [ -3.853180721999934, 41.783708835000027 ], [ -3.843086379999932, 41.786298557000066 ], [ -3.834046520999948, 41.795533056000068 ], [ -3.822261708999974, 41.801367457000026 ], [ -3.845734093999965, 41.828057005000062 ], [ -3.866634, 41.835693499000058 ], [ -3.862209, 41.837188999000034 ], [ -3.86265549999996, 41.840823999000065 ], [ -3.856971499999929, 41.842727499000034 ], [ -3.855633, 41.860671999000033 ], [ -3.853333, 41.865299499000059 ], [ -3.855945, 41.871406999000044 ], [ -3.843995499999949, 41.872638499000061 ], [ -3.834199499999954, 41.867278999000064 ], [ -3.820977, 41.863094499000056 ] ] ] } },
{ "type": "Feature", "properties": { "code": "09372", "name": "Sotragero" }, "geometry": { "type": "Polygon", "coordinates": [ [ [ -3.706103499999926, 42.407291499000053 ], [ -3.719345991999944, 42.400328069000068 ], [ -3.728460533999964, 42.403743572000053 ], [ -3.736036499999955, 42.421962999000073 ], [ -3.713153758999965, 42.424862632000043 ], [ -3.701087499999971, 42.421634499000049 ], [ -3.707271656999978, 42.415667320000068 ], [ -3.70123022599995, 42.41055900200007 ], [ -3.706103499999926, 42.407291499000053 ] ] ] } },
{ "type": "Feature", "properties": { "code": "09373", "name": "Sotresgudo" }, "geometry": { "type": "Polygon", "coordinates": [ [ [ -4.27605449999993, 42.673034499000039 ], [ -4.249100688999931, 42.67098366700003 ], [ -4.216292963999933, 42.652226936000034 ], [ -4.200511740999957, 42.665393169000026 ], [ -4.166829499999949, 42.66654199900006 ], [ -4.158569005999937, 42.660172370000055 ], [ -4.143012925999926, 42.659668349000071 ], [ -4.139954404999969, 42.651589770000044 ], [ -4.133817199999953, 42.647354909000057 ], [ -4.116095574999974, 42.646291836000046 ], [ -4.122739579999973, 42.636802995000039 ], [ -4.119496109999943, 42.626973639000028 ], [ -4.121573499999954, 42.621826499000065 ], [ -4.128995853999925, 42.615635282000028 ], [ -4.14282641899996, 42.592961563000074 ], [ -4.143943211999954, 42.578952180000044 ], [ -4.154081960999974, 42.549524652000059 ], [ -4.146622058999981, 42.538064975000054 ], [ -4.149512151999943, 42.524836439000069 ], [ -4.146686353999939, 42.518231225000079 ], [ -4.150928499999964, 42.504752999000061 ], [ -4.162708221999935, 42.492478759000051 ], [ -4.169984499999941, 42.490871499000036 ], [ -4.177902853999967, 42.492930523000041 ], [ -4.190221643999962, 42.505766092000044 ], [ -4.207772689999956, 42.513005640000074 ], [ -4.209484499999974, 42.516769499000077 ], [ -4.214761979999935, 42.516544239000041 ], [ -4.216561514999967, 42.521197763000032 ], [ -4.237918, 42.533824999000046 ], [ -4.238358499999947, 42.541995999000051 ], [ -4.236311499999942, 42.549880999000038 ], [ -4.240005, 42.559287999000048 ], [ -4.239895499999932, 42.561187999000026 ], [ -4.242263474999959, 42.561377851000032 ], [ -4.253868499999953, 42.568412999000032 ], [ -4.259082477999925, 42.575687587000061 ], [ -4.270833499999981, 42.58135549900004 ], [ -4.284943762999944, 42.582868789000031 ], [ -4.283598103999964, 42.586768998000025 ], [ -4.293406736999941, 42.60260630700003 ], [ -4.292618, 42.605926499000077 ], [ -4.26671922099996, 42.618736671000079 ], [ -4.269830241999955, 42.624052901000027 ], [ -4.268386864999968, 42.632197054000073 ], [ -4.276346299999943, 42.641842229000076 ], [ -4.272508136999932, 42.657740379000074 ], [ -4.27605449999993, 42.673034499000039 ] ] ] } },
{ "type": "Feature", "properties": { "code": "09374", "name": "Susinos del Páramo" }, "geometry": { "type": "Polygon", "coordinates": [ [ [ -3.907795, 42.498782999000071 ], [ -3.882998, 42.492259999000055 ], [ -3.90994, 42.45447899900006 ], [ -3.913693, 42.454154999000025 ], [ -3.915048, 42.452846499000032 ], [ -3.920589, 42.454151499000034 ], [ -3.922955, 42.453864999000075 ], [ -3.926888, 42.459861499000056 ], [ -3.938285499999949, 42.46246349900008 ], [ -3.936736974999974, 42.468246409000074 ], [ -3.907795, 42.498782999000071 ] ] ] } },
{ "type": "Feature", "properties": { "code": "09375", "name": "Tamarón" }, "geometry": { "type": "Polygon", "coordinates": [ [ [ -4.032808, 42.271262999000044 ], [ -4.030531499999938, 42.275226499000041 ], [ -4.026785, 42.27824399900004 ], [ -4.021849, 42.279655999000056 ], [ -4.016453499999955, 42.282890499000075 ], [ -4.001498, 42.286609499000065 ], [ -3.998041499999943, 42.288150999000038 ], [ -3.985838, 42.287292499000046 ], [ -3.982277, 42.28605249900005 ], [ -3.976349499999969, 42.285445999000046 ], [ -3.96499, 42.288253499000064 ], [ -3.963081, 42.285503499000072 ], [ -3.960806499999933, 42.284362999000052 ], [ -3.958687325999961, 42.276228384000035 ], [ -3.96636849999993, 42.265735999000071 ], [ -3.97670549999998, 42.26444249900004 ], [ -3.987575499999934, 42.255709999000032 ], [ -3.990784499999961, 42.255313999000066 ], [ -4.000949499999933, 42.256496999000035 ], [ -4.004767499999957, 42.255633999000054 ], [ -4.01218549999993, 42.259387999000069 ], [ -4.018505499999947, 42.260314999000059 ], [ -4.02769, 42.264564499000073 ], [ -4.032808, 42.271262999000044 ] ] ] } },
{ "type": "Feature", "properties": { "code": "09377", "name": "Tardajos" }, "geometry": { "type": "Polygon", "coordinates": [ [ [ -3.824245, 42.327848499000027 ], [ -3.823639118999949, 42.331521053000074 ], [ -3.830054, 42.336688999000046 ], [ -3.825008128999968, 42.341922016000069 ], [ -3.828832915999953, 42.344519913000056 ], [ -3.840027419999956, 42.346600082000066 ], [ -3.855261560999963, 42.345781923000061 ], [ -3.860802499999977, 42.348357499000031 ], [ -3.857274, 42.346915999000032 ], [ -3.845793499999957, 42.349876499000061 ], [ -3.843537499999968, 42.351927999000054 ], [ -3.83171453999995, 42.357512433000068 ], [ -3.828035689999979, 42.367515553000032 ], [ -3.813495990999968, 42.364223 ], [ -3.798051, 42.377593999000055 ], [ -3.792360456999972, 42.375190799000052 ], [ -3.792942400999948, 42.370498554000051 ], [ -3.784356231999936, 42.363494518000039 ], [ -3.792894209999929, 42.358769969000036 ], [ -3.79244, 42.355496499000026 ], [ -3.794126, 42.354389499000035 ], [ -3.795859499999949, 42.348430499000074 ], [ -3.798115, 42.344955999000035 ], [ -3.819808499999965, 42.329252499000063 ], [ -3.822747, 42.327462999000034 ], [ -3.824245, 42.327848499000027 ] ] ] } },
{ "type": "Feature", "properties": { "code": "09378", "name": "Tejada" }, "geometry": { "type": "Polygon", "coordinates": [ [ [ -3.572297, 41.941264999000055 ], [ -3.588975699999935, 41.944447450000041 ], [ -3.588994, 41.967658999000037 ], [ -3.555621, 41.971561499000074 ], [ -3.535245594999935, 41.976226152000038 ], [ -3.530847698999935, 41.96291323500003 ], [ -3.501631, 41.96179599900006 ], [ -3.50389268999993, 41.952229888000033 ], [ -3.512815, 41.944896499000038 ], [ -3.519138876999932, 41.941956054000059 ], [ -3.521358006999947, 41.93162499400006 ], [ -3.537131000999977, 41.940153855000062 ], [ -3.552952073999961, 41.93272154400006 ], [ -3.573042499999929, 41.928886499000043 ], [ -3.568852, 41.932330999000044 ], [ -3.567990499999951, 41.934558999000046 ], [ -3.568590499999971, 41.938258999000027 ], [ -3.566823499999941, 41.941600999000059 ], [ -3.572297, 41.941264999000055 ] ] ] } },
{ "type": "Feature", "properties": { "code": "09380", "name": "Terradillos de Esgueva" }, "geometry": { "type": "Polygon", "coordinates": [ [ [ -3.858607499999948, 41.776637999000059 ], [ -3.875165, 41.776664499000049 ], [ -3.879305587999966, 41.788353366000081 ], [ -3.87499056799993, 41.791781189000062 ], [ -3.868218466999963, 41.786345679000078 ], [ -3.86304187099995, 41.798352526000031 ], [ -3.861602362999975, 41.822778905000064 ], [ -3.867688, 41.835254999000028 ], [ -3.866634, 41.835693499000058 ], [ -3.845734093999965, 41.828057005000062 ], [ -3.822261708999974, 41.801367457000026 ], [ -3.834046520999948, 41.795533056000068 ], [ -3.843086379999932, 41.786298557000066 ], [ -3.853180721999934, 41.783708835000027 ], [ -3.858607499999948, 41.776637999000059 ] ] ] } },
{ "type": "Feature", "properties": { "code": "09381", "name": "Tinieblas de la Sierra" }, "geometry": { "type": "Polygon", "coordinates": [ [ [ -3.376758499999937, 42.148566999000025 ], [ -3.383572395999977, 42.150776776000043 ], [ -3.392089976999955, 42.147405369000069 ], [ -3.400271, 42.148074999000073 ], [ -3.405976147999979, 42.154402143000027 ], [ -3.406281519999936, 42.163640438000073 ], [ -3.400210499999957, 42.176975499000037 ], [ -3.39907478799995, 42.18418482800007 ], [ -3.380202319999967, 42.198502684000061 ], [ -3.367701, 42.212730499000031 ], [ -3.354659499999968, 42.203197499000055 ], [ -3.33045, 42.199279499000056 ], [ -3.315385, 42.19045249900006 ], [ -3.313063499999942, 42.186252499000034 ], [ -3.320884499999977, 42.17824949900006 ], [ -3.333473499999968, 42.170936499000049 ], [ -3.337596, 42.165054999000063 ], [ -3.345119, 42.16380699900003 ], [ -3.346902, 42.162063499000055 ], [ -3.352997287999926, 42.166055939000046 ], [ -3.378445782999961, 42.166933512000071 ], [ -3.374951, 42.158172499000045 ], [ -3.376758499999937, 42.148566999000025 ] ] ] } },
{ "type": "Feature", "properties": { "code": "09382", "name": "Tobar" }, "geometry": { "type": "Polygon", "coordinates": [ [ [ -3.907795, 42.498782999000071 ], [ -3.936736974999974, 42.468246409000074 ], [ -3.938285499999949, 42.46246349900008 ], [ -3.95458949999994, 42.469947999000055 ], [ -3.95742308399997, 42.474754277000045 ], [ -3.955100001999938, 42.487478721000059 ], [ -3.957369469999946, 42.502648211000064 ], [ -3.952576499999964, 42.508147999000073 ], [ -3.934456, 42.503677499000048 ], [ -3.907795, 42.498782999000071 ] ] ] } },
{ "type": "Feature", "properties": { "code": "09384", "name": "Tordómar" }, "geometry": { "type": "Polygon", "coordinates": [ [ [ -3.834120499999926, 42.026061999000035 ], [ -3.837384, 42.02432649900004 ], [ -3.846736, 42.024448499000073 ], [ -3.851559499999951, 42.023852999000042 ], [ -3.855464499999925, 42.022365499000045 ], [ -3.863492, 42.021899499000028 ], [ -3.871309, 42.022109999000065 ], [ -3.882273553999937, 42.026523576000045 ], [ -3.895853755999951, 42.023205219000033 ], [ -3.901046, 42.027217999000072 ], [ -3.893816386999958, 42.036215814000059 ], [ -3.896690311999976, 42.040743853000038 ], [ -3.895918008999956, 42.049707954000041 ], [ -3.870722785999931, 42.074951284000065 ], [ -3.860717499999964, 42.081367499000066 ], [ -3.846889, 42.079787999000075 ], [ -3.838763, 42.077773999000044 ], [ -3.831730332999939, 42.071327691000079 ], [ -3.822145, 42.071544499000026 ], [ -3.820781705999934, 42.066678515000035 ], [ -3.825341499999979, 42.04501699900004 ], [ -3.830041371999926, 42.037920425000038 ], [ -3.839943395999967, 42.036879744000032 ], [ -3.834120499999926, 42.026061999000035 ] ] ] } },
{ "type": "Feature", "properties": { "code": "09386", "name": "Torrecilla del Monte" }, "geometry": { "type": "Polygon", "coordinates": [ [ [ -3.685970499999939, 42.124442999000053 ], [ -3.669444161999934, 42.118212157000073 ], [ -3.647832499999936, 42.120528999000044 ], [ -3.647560657999975, 42.116390595000041 ], [ -3.665839643999959, 42.108949806000055 ], [ -3.665851786999951, 42.10494011600008 ], [ -3.660607031999973, 42.098760091000031 ], [ -3.666221438999969, 42.088494313000069 ], [ -3.69421449999993, 42.079314999000076 ], [ -3.711449, 42.090800999000066 ], [ -3.695378, 42.120499499000061 ], [ -3.690009499999974, 42.119598499000062 ], [ -3.687557, 42.121188999000026 ], [ -3.685970499999939, 42.124442999000053 ] ] ] } },
{ "type": "Feature", "properties": { "code": "09387", "name": "Torregalindo" }, "geometry": { "type": "Polygon", "coordinates": [ [ [ -3.766302, 41.562709999000049 ], [ -3.777572, 41.567390499000055 ], [ -3.776238, 41.56915249900004 ], [ -3.775573, 41.577758999000025 ], [ -3.778592499999945, 41.585403499000051 ], [ -3.776955499999929, 41.58702099900006 ], [ -3.769986499999959, 41.599281499000028 ], [ -3.735396120999951, 41.584586493000074 ], [ -3.723320891999947, 41.584328081000081 ], [ -3.717557, 41.580532499000071 ], [ -3.720740499999977, 41.577674999000067 ], [ -3.725678795999954, 41.568922778000058 ], [ -3.725851, 41.558429999000055 ], [ -3.737136499999963, 41.556369999000026 ], [ -3.759412, 41.558978999000033 ], [ -3.766302, 41.562709999000049 ] ] ] } },
{ "type": "Feature", "properties": { "code": "09388", "name": "Torrelara" }, "geometry": { "type": "Polygon", "coordinates": [ [ [ -3.532434499999965, 42.156490499000029 ], [ -3.532866641999931, 42.163385951000066 ], [ -3.515584140999977, 42.183828833000064 ], [ -3.503396270999929, 42.192411414000048 ], [ -3.489052, 42.196071499000027 ], [ -3.484783, 42.20008849900006 ], [ -3.481869, 42.200751999000033 ], [ -3.482183499999962, 42.197669999000027 ], [ -3.492247937999934, 42.192229292000036 ], [ -3.497650057999977, 42.184276437000051 ], [ -3.492465207999942, 42.175931778000063 ], [ -3.483120499999927, 42.170928999000068 ], [ -3.48533249999997, 42.170497999000077 ], [ -3.496282, 42.157020499000055 ], [ -3.496035, 42.155059999000059 ], [ -3.498183499999925, 42.151428499000076 ], [ -3.49816, 42.146465499000044 ], [ -3.504711, 42.146934499000054 ], [ -3.517736, 42.150252999000031 ], [ -3.523613499999954, 42.149795499000049 ], [ -3.532434499999965, 42.156490499000029 ] ] ] } },
{ "type": "Feature", "properties": { "code": "09389", "name": "Torrepadre" }, "geometry": { "type": "Polygon", "coordinates": [ [ [ -4.045906, 42.050796499000057 ], [ -4.044659845999945, 42.066805479000038 ], [ -4.034554, 42.074340999000071 ], [ -4.024012294999977, 42.075878122000063 ], [ -4.017398302999936, 42.072879228000033 ], [ -4.008466216999977, 42.073697285000037 ], [ -4.001842779999947, 42.063987771000029 ], [ -3.984551352999972, 42.057198117000041 ], [ -3.968185, 42.066184999000029 ], [ -3.959773963999965, 42.067675904000055 ], [ -3.951649808999946, 42.059892477000062 ], [ -3.933112392999931, 42.053617627000051 ], [ -3.928311285999939, 42.049369006000063 ], [ -3.922911933999956, 42.039323607000028 ], [ -3.928271499999937, 42.019580999000027 ], [ -3.957096178999961, 42.022514308000041 ], [ -3.97110349999997, 42.033195499000044 ], [ -3.982904140999949, 42.050164737000046 ], [ -3.994876621999936, 42.045489800000041 ], [ -4.010759875999952, 42.051285429000075 ], [ -4.030936647999965, 42.04982285300008 ], [ -4.038956784999925, 42.05275625400003 ], [ -4.045906, 42.050796499000057 ] ] ] } },
{ "type": "Feature", "properties": { "code": "09390", "name": "Torresandino" }, "geometry": { "type": "Polygon", "coordinates": [ [ [ -3.946684, 41.803512499000078 ], [ -3.94841, 41.817657499000063 ], [ -3.946301, 41.819953999000063 ], [ -3.94813, 41.821540999000035 ], [ -3.948411499999963, 41.823528499000076 ], [ -3.952816, 41.832275499000048 ], [ -3.961082665999925, 41.843489976000058 ], [ -3.967576810999958, 41.846070401000077 ], [ -3.994668536999939, 41.843529930000045 ], [ -4.008360281999956, 41.854923929000051 ], [ -4.036472286999981, 41.870470175000037 ], [ -4.035244499999976, 41.873787499000059 ], [ -4.017415, 41.879455499000073 ], [ -4.00713849999994, 41.885150999000075 ], [ -3.998261499999956, 41.89240249900007 ], [ -3.987908499999946, 41.896381499000029 ], [ -3.980727, 41.900604499000053 ], [ -3.978898813999933, 41.894059716000072 ], [ -3.961721527999941, 41.895531609000045 ], [ -3.944574572999954, 41.889267649000033 ], [ -3.888867, 41.890663499000027 ], [ -3.886558354999977, 41.888492363000069 ], [ -3.87742, 41.886508999000057 ], [ -3.871558, 41.887122999000042 ], [ -3.867691499999978, 41.889167999000051 ], [ -3.862389499999949, 41.890136999000049 ], [ -3.853333, 41.865299499000059 ], [ -3.855633, 41.860671999000033 ], [ -3.856971499999929, 41.842727499000034 ], [ -3.86265549999996, 41.840823999000065 ], [ -3.862209, 41.837188999000034 ], [ -3.888043, 41.827560499000072 ], [ -3.892730499999971, 41.827819999000042 ], [ -3.898506499999939, 41.823154499000054 ], [ -3.901531499999976, 41.816501499000026 ], [ -3.902242499999943, 41.812175499000034 ], [ -3.901715499999966, 41.806609999000045 ], [ -3.909873, 41.801036999000075 ], [ -3.919324499999959, 41.80027749900006 ], [ -3.943860499999971, 41.801345999000034 ], [ -3.946684, 41.803512499000078 ] ] ] } },
{ "type": "Feature", "properties": { "code": "09391", "name": "Tórtoles de Esgueva" }, "geometry": { "type": "Polygon", "coordinates": [ [ [ -4.066356, 41.876472499000045 ], [ -4.047451499999966, 41.873736999000073 ], [ -4.045409499999948, 41.874160999000026 ], [ -4.043636499999934, 41.873233499000037 ], [ -4.041501, 41.873908999000037 ], [ -4.037602, 41.872764499000027 ], [ -4.035244499999976, 41.873787499000059 ], [ -4.036472286999981, 41.870470175000037 ], [ -4.008360281999956, 41.854923929000051 ], [ -3.994668536999939, 41.843529930000045 ], [ -3.967576810999958, 41.846070401000077 ], [ -3.961082665999925, 41.843489976000058 ], [ -3.952816, 41.832275499000048 ], [ -3.948411499999963, 41.823528499000076 ], [ -3.94813, 41.821540999000035 ], [ -3.946301, 41.819953999000063 ], [ -3.94841, 41.817657499000063 ], [ -3.946684, 41.803512499000078 ], [ -3.963691132999941, 41.788453730000072 ], [ -3.976337499999943, 41.787223999000048 ], [ -3.981216864999965, 41.792566868000051 ], [ -3.994343499999957, 41.79820249900007 ], [ -4.005894499999954, 41.795722999000077 ], [ -4.010353, 41.793719999000075 ], [ -4.016876555999943, 41.789114915000027 ], [ -4.020760417999952, 41.781582477000029 ], [ -4.038924499999951, 41.77269749900006 ], [ -4.038628874999972, 41.788852126000052 ], [ -4.048660177999977, 41.801730276000058 ], [ -4.060690531999967, 41.806509110000036 ], [ -4.090057121999962, 41.832262893000063 ], [ -4.089021583999966, 41.842492961000062 ], [ -4.07970874199998, 41.850423249000073 ], [ -4.081087651999951, 41.860894032000033 ], [ -4.087765579999939, 41.870385962000057 ], [ -4.066356, 41.876472499000045 ] ] ] } },
{ "type": "Feature", "properties": { "code": "09392", "name": "Tosantos" }, "geometry": { "type": "Polygon", "coordinates": [ [ [ -3.251582, 42.430884999000057 ], [ -3.244846540999959, 42.433798868000054 ], [ -3.22912066899994, 42.413254932000029 ], [ -3.227948448999939, 42.401187763000053 ], [ -3.245734113999958, 42.392546340000081 ], [ -3.252266, 42.385772499000041 ], [ -3.247135223999976, 42.401413908000052 ], [ -3.253067199999975, 42.426226510000049 ], [ -3.251582, 42.430884999000057 ] ] ] } },
{ "type": "Feature", "properties": { "code": "09394", "name": "Trespaderne" }, "geometry": { "type": "Polygon", "coordinates": [ [ [ -3.440429, 42.775382999000044 ], [ -3.435294686999953, 42.779054946000031 ], [ -3.434905896999965, 42.790204237000069 ], [ -3.44498869399996, 42.800519130000055 ], [ -3.445699499999932, 42.807933999000056 ], [ -3.421451013999956, 42.801413534000062 ], [ -3.402514620999966, 42.811540820000062 ], [ -3.404008181999927, 42.82109465700006 ], [ -3.397511620999978, 42.83534497200003 ], [ -3.367337, 42.855594999000061 ], [ -3.353968150999947, 42.842026650000037 ], [ -3.342007769999952, 42.839727332000052 ], [ -3.338622180999948, 42.833680180000044 ], [ -3.330782, 42.831599999000048 ], [ -3.327038499999958, 42.824687999000048 ], [ -3.334575524999934, 42.825216404000059 ], [ -3.349873559999935, 42.819718082000065 ], [ -3.346479363999947, 42.806624949000025 ], [ -3.353438547999929, 42.796353926000052 ], [ -3.347492, 42.791377999000076 ], [ -3.357056045999968, 42.786647162000065 ], [ -3.361138701999948, 42.780492917000061 ], [ -3.369012092999981, 42.778405323000072 ], [ -3.380747627999938, 42.783744984000066 ], [ -3.376556567999955, 42.792970942000068 ], [ -3.380976700999952, 42.797075882000058 ], [ -3.405294893999951, 42.793191663000073 ], [ -3.420970499999953, 42.784759499000074 ], [ -3.427038, 42.783610999000075 ], [ -3.430199499999958, 42.777465499000073 ], [ -3.437738499999966, 42.775165499000025 ], [ -3.440429, 42.775382999000044 ] ] ] } },
{ "type": "Feature", "properties": { "code": "09395", "name": "Tubilla del Agua" }, "geometry": { "type": "Polygon", "coordinates": [ [ [ -3.860575, 42.669028999000034 ], [ -3.872333230999971, 42.678736035000043 ], [ -3.866366389999939, 42.68399849900004 ], [ -3.866286552999952, 42.694749140000056 ], [ -3.876282515999947, 42.713929527000062 ], [ -3.876297091999959, 42.727056969000046 ], [ -3.846828119999941, 42.751640319000046 ], [ -3.824811009999962, 42.76185767100003 ], [ -3.824602499999969, 42.768150499000058 ], [ -3.811518857999943, 42.771669069000041 ], [ -3.800903738999978, 42.769328862000066 ], [ -3.782808597999974, 42.773313058000042 ], [ -3.780577628999936, 42.769985484000074 ], [ -3.78289369099997, 42.762267460000032 ], [ -3.765607798999952, 42.743718990000048 ], [ -3.779159555999968, 42.719590681000057 ], [ -3.775404474999959, 42.711953269000048 ], [ -3.774830744999974, 42.701205697000034 ], [ -3.78577390199996, 42.680468626000049 ], [ -3.785314582999945, 42.674179778000052 ], [ -3.778606490999948, 42.665595505000056 ], [ -3.787612706999937, 42.660263594000071 ], [ -3.830315747999975, 42.673563345000048 ], [ -3.835283826999955, 42.672564591000025 ], [ -3.84294080899997, 42.665225215000078 ], [ -3.860575, 42.669028999000034 ] ] ] } },
{ "type": "Feature", "properties": { "code": "09396", "name": "Tubilla del Lago" }, "geometry": { "type": "Polygon", "coordinates": [ [ [ -3.615349499999979, 41.785068499000033 ], [ -3.617584, 41.789611999000044 ], [ -3.615759, 41.796397999000078 ], [ -3.604753499999958, 41.80121249900003 ], [ -3.593799, 41.803745499000058 ], [ -3.596120499999927, 41.808811499000058 ], [ -3.589827, 41.816867999000067 ], [ -3.590797, 41.826823999000055 ], [ -3.593764499999963, 41.832645999000079 ], [ -3.595699499999967, 41.834678499000063 ], [ -3.593339, 41.836066999000025 ], [ -3.571554499999934, 41.833621999000059 ], [ -3.568791, 41.831607999000028 ], [ -3.569729088999964, 41.822915723000051 ], [ -3.558898086999932, 41.810313391000079 ], [ -3.559037773999933, 41.806144344000074 ], [ -3.55400711599998, 41.805539766000038 ], [ -3.551367499999969, 41.801242999000067 ], [ -3.557854, 41.798194999000032 ], [ -3.564815499999952, 41.797214499000063 ], [ -3.568878499999926, 41.795078999000054 ], [ -3.580651499999931, 41.784789999000054 ], [ -3.582098499999972, 41.779456999000047 ], [ -3.582060499999955, 41.775550999000075 ], [ -3.586610499999949, 41.769176499000025 ], [ -3.591891499999974, 41.765067999000053 ], [ -3.598482499999932, 41.764827999000033 ], [ -3.604887, 41.761497499000029 ], [ -3.609536499999933, 41.757106499000031 ], [ -3.612764499999969, 41.758674499000051 ], [ -3.626845, 41.770549499000026 ], [ -3.617964233999942, 41.774352769000075 ], [ -3.615349499999979, 41.785068499000033 ] ] ] } },
{ "type": "Feature", "properties": { "code": "09398", "name": "Úrbel del Castillo" }, "geometry": { "type": "Polygon", "coordinates": [ [ [ -3.836049499999945, 42.580871499000068 ], [ -3.851894198999958, 42.594794783000054 ], [ -3.895247357999949, 42.607946201000061 ], [ -3.894839499999932, 42.612830999000039 ], [ -3.867419196999947, 42.617523195000047 ], [ -3.855993702999967, 42.638006326000038 ], [ -3.85162349999996, 42.641059999000049 ], [ -3.833200460999933, 42.635289343000068 ], [ -3.828419560999976, 42.629090613000074 ], [ -3.791917964999925, 42.613131816000077 ], [ -3.78734699499995, 42.609740110000075 ], [ -3.787306, 42.60618899900004 ], [ -3.794157107999979, 42.596453489000055 ], [ -3.797209499999951, 42.583492499000045 ], [ -3.807168163999961, 42.585872691000077 ], [ -3.823921629999973, 42.581545859000073 ], [ -3.833950417999972, 42.583839567000041 ], [ -3.836049499999945, 42.580871499000068 ] ] ] } },
{ "type": "Feature", "properties": { "code": "09400", "name": "Vadocondes" }, "geometry": { "type": "Polygon", "coordinates": [ [ [ -3.545936499999925, 41.644416999000043 ], [ -3.54820994399995, 41.638934203000076 ], [ -3.546945791999974, 41.629367621000029 ], [ -3.530474652999942, 41.627065832000028 ], [ -3.532186499999966, 41.610866499000053 ], [ -3.541466499999956, 41.60816599900005 ], [ -3.55154049999993, 41.607368499000074 ], [ -3.568678, 41.603206499000066 ], [ -3.573156499999925, 41.60749049900005 ], [ -3.577862, 41.60752099900003 ], [ -3.584682, 41.610816999000065 ], [ -3.592777499999954, 41.612506999000061 ], [ -3.596196499999962, 41.615100999000049 ], [ -3.603109, 41.61367799900006 ], [ -3.606060499999955, 41.614787999000043 ], [ -3.607520499999964, 41.620723999000063 ], [ -3.610702, 41.624633999000025 ], [ -3.603828499999963, 41.649837499000057 ], [ -3.594877499999939, 41.651881999000068 ], [ -3.579550499999925, 41.656898499000079 ], [ -3.574854499999958, 41.65946199900003 ], [ -3.57113697099993, 41.650112272000058 ], [ -3.554232906999971, 41.644448355000065 ], [ -3.545936499999925, 41.644416999000043 ] ] ] } },
{ "type": "Feature", "properties": { "code": "09403", "name": "Valdeande" }, "geometry": { "type": "Polygon", "coordinates": [ [ [ -3.568791, 41.831607999000028 ], [ -3.564118, 41.841186499000059 ], [ -3.557593499999939, 41.845821499000067 ], [ -3.548604, 41.845351999000059 ], [ -3.520924499999978, 41.860591999000064 ], [ -3.510780499999953, 41.874309499000049 ], [ -3.493297, 41.87152499900003 ], [ -3.487003499999958, 41.859992999000042 ], [ -3.497943885999973, 41.837672312000052 ], [ -3.510610802999963, 41.828190500000062 ], [ -3.515345810999975, 41.812131219000037 ], [ -3.525644, 41.805472999000074 ], [ -3.531956590999926, 41.805770623000058 ], [ -3.546872006999934, 41.796612160000052 ], [ -3.551367499999969, 41.801242999000067 ], [ -3.55400711599998, 41.805539766000038 ], [ -3.559037773999933, 41.806144344000074 ], [ -3.558898086999932, 41.810313391000079 ], [ -3.569729088999964, 41.822915723000051 ], [ -3.568791, 41.831607999000028 ] ] ] } },
{ "type": "Feature", "properties": { "code": "09405", "name": "Valdezate" }, "geometry": { "type": "Polygon", "coordinates": [ [ [ -3.933847499999956, 41.622955499000057 ], [ -3.923611, 41.624793999000076 ], [ -3.914358730999936, 41.619168684000044 ], [ -3.912469, 41.608443999000031 ], [ -3.914187089999928, 41.584140852000075 ], [ -3.905593244999977, 41.567913379000061 ], [ -3.914523499999973, 41.563445999000066 ], [ -3.954195082999945, 41.574114977000079 ], [ -3.960512499999936, 41.577968499000065 ], [ -3.96274, 41.58152749900006 ], [ -3.963849, 41.586074999000061 ], [ -3.954195082999945, 41.593347071000039 ], [ -3.947070769999925, 41.611843820000047 ], [ -3.933847499999956, 41.622955499000057 ] ] ] } },
{ "type": "Feature", "properties": { "code": "09406", "name": "Valdorros" }, "geometry": { "type": "Polygon", "coordinates": [ [ [ -3.673736499999961, 42.162936999000067 ], [ -3.702088499999945, 42.142268999000066 ], [ -3.712049928999932, 42.148131635000027 ], [ -3.714047365999932, 42.155386171000032 ], [ -3.732493, 42.174182999000038 ], [ -3.731305606999967, 42.182172597000033 ], [ -3.738011608999955, 42.194856250000043 ], [ -3.74727327599993, 42.200178067000024 ], [ -3.745887499999981, 42.204284499000039 ], [ -3.728874820999977, 42.20257317800008 ], [ -3.716575870999975, 42.188197530000025 ], [ -3.676180491999958, 42.169136769000033 ], [ -3.673736499999961, 42.162936999000067 ] ] ] } },
{ "type": "Feature", "properties": { "code": "09407", "name": "Valmala" }, "geometry": { "type": "Polygon", "coordinates": [ [ [ -3.239447499999926, 42.308673999000064 ], [ -3.235947499999952, 42.304225999000039 ], [ -3.23304, 42.302005499000074 ], [ -3.23144149999996, 42.292335499000046 ], [ -3.237523, 42.280578499000057 ], [ -3.232630499999971, 42.269431999000062 ], [ -3.241598, 42.258235999000078 ], [ -3.24516749999998, 42.256221999000047 ], [ -3.244513997999945, 42.259613191000028 ], [ -3.251019914999972, 42.268833775000076 ], [ -3.26452816699998, 42.272159530000067 ], [ -3.26707872399993, 42.281741738000051 ], [ -3.277660640999954, 42.294715904000043 ], [ -3.273999716999981, 42.302242656000033 ], [ -3.277623138999957, 42.311644503000025 ], [ -3.251891, 42.319724999000073 ], [ -3.245332979999944, 42.317904608000049 ], [ -3.243222443999969, 42.312737150000032 ], [ -3.239447499999926, 42.308673999000064 ] ] ] } },
{ "type": "Feature", "properties": { "code": "09408", "name": "Vallarta de Bureba" }, "geometry": { "type": "Polygon", "coordinates": [ [ [ -3.237236499999938, 42.585918499000059 ], [ -3.224472753999976, 42.584903305000068 ], [ -3.217491013999961, 42.588403648000053 ], [ -3.212256472999968, 42.595717869000055 ], [ -3.19044, 42.607021499000041 ], [ -3.18582, 42.606734999000025 ], [ -3.180925, 42.604327999000077 ], [ -3.17668, 42.60334399900006 ], [ -3.164168148999977, 42.607520132000047 ], [ -3.159199462999936, 42.602447908000045 ], [ -3.159402, 42.597488499000065 ], [ -3.174373483999943, 42.586250677000066 ], [ -3.209007220999979, 42.577512535000039 ], [ -3.211259876999975, 42.566482202000032 ], [ -3.228854076999937, 42.552505367000037 ], [ -3.248929, 42.562156499000025 ], [ -3.250362499999937, 42.564437999000063 ], [ -3.255471499999942, 42.568271499000048 ], [ -3.237236499999938, 42.585918499000059 ] ] ] } },
{ "type": "Feature", "properties": { "code": "09409", "name": "Valle de Manzanedo" }, "geometry": { "type": "Polygon", "coordinates": [ [ [ -3.688164, 42.93724049900004 ], [ -3.678238, 42.93857949900007 ], [ -3.676699, 42.940082499000027 ], [ -3.671757499999956, 42.940986999000074 ], [ -3.66894, 42.942352499000037 ], [ -3.668938357999934, 42.937467110000057 ], [ -3.65997518699993, 42.936599896000075 ], [ -3.65752619899996, 42.931769286000076 ], [ -3.629018792999943, 42.92401224200006 ], [ -3.623450116999948, 42.917481044000056 ], [ -3.622986355999956, 42.905912786000044 ], [ -3.617513318999954, 42.902304469000057 ], [ -3.617303703999937, 42.891616072000033 ], [ -3.624472079999975, 42.885620338000081 ], [ -3.627859, 42.877689499000041 ], [ -3.643775, 42.876422999000056 ], [ -3.653757456999926, 42.867441254000028 ], [ -3.671343726999964, 42.873153197000079 ], [ -3.675955918999932, 42.878672158000029 ], [ -3.704963764999945, 42.877656391000073 ], [ -3.715050645999952, 42.870949316000065 ], [ -3.714576, 42.859836499000039 ], [ -3.721826, 42.86647399900005 ], [ -3.73508, 42.874324499000068 ], [ -3.740589499999942, 42.87932949900005 ], [ -3.747077499999932, 42.877200999000081 ], [ -3.756107499999928, 42.872756999000046 ], [ -3.763158, 42.875537999000073 ], [ -3.77702249999993, 42.877864999000053 ], [ -3.78338, 42.880950999000049 ], [ -3.787231499999962, 42.88050049900005 ], [ -3.788852, 42.878951999000037 ], [ -3.782663562999971, 42.891027972000074 ], [ -3.80635594599994, 42.906044037000072 ], [ -3.805003, 42.914443999000071 ], [ -3.797492682999973, 42.90715642300006 ], [ -3.78213449499998, 42.908326229000068 ], [ -3.772150522999937, 42.899143031000051 ], [ -3.767372707999925, 42.900488592000045 ], [ -3.760411869999928, 42.908534402000043 ], [ -3.75455872699996, 42.905781005000051 ], [ -3.750755174999938, 42.897393839000074 ], [ -3.747368996999967, 42.897198576000051 ], [ -3.738661906999937, 42.908649814000057 ], [ -3.729004527999962, 42.906677453000043 ], [ -3.715835917999925, 42.927322008000033 ], [ -3.697953366999968, 42.930523883000035 ], [ -3.688164, 42.93724049900004 ] ] ] } },
{ "type": "Feature", "properties": { "code": "09410", "name": "Valle de Mena" }, "geometry": { "type": "Polygon", "coordinates": [ [ [ -3.168775081999968, 43.109757374000026 ], [ -3.153746013999978, 43.104978286000062 ], [ -3.141463234999947, 43.109603934000063 ], [ -3.133973499999968, 43.097179499000049 ], [ -3.15711257199996, 43.074064447000069 ], [ -3.141148968999971, 43.06676784900003 ], [ -3.146613142999968, 43.03481449800006 ], [ -3.143474047999973, 43.028639215000055 ], [ -3.168775081999968, 43.02853310100005 ], [ -3.177834, 43.021934499000054 ], [ -3.18966323799998, 43.025490661000049 ], [ -3.198041033999971, 43.040995628000076 ], [ -3.197176837999962, 43.044639034000056 ], [ -3.188317673999961, 43.048141302000033 ], [ -3.192140175999953, 43.057261861000029 ], [ -3.216687330999946, 43.073223264000035 ], [ -3.224064956999939, 43.088345031000074 ], [ -3.234620825999968, 43.07707165100004 ], [ -3.253119142999935, 43.073590732000071 ], [ -3.276528764999966, 43.061522301000025 ], [ -3.313813967999977, 43.050594793000073 ], [ -3.344198, 43.055022999000073 ], [ -3.363677462999931, 43.064672691000055 ], [ -3.368914687999961, 43.081804539000075 ], [ -3.427796, 43.077731999000036 ], [ -3.433333499999947, 43.089542499000061 ], [ -3.434945, 43.091357999000081 ], [ -3.431951, 43.095599999000058 ], [ -3.42589849999996, 43.098106499000039 ], [ -3.423908, 43.101878999000064 ], [ -3.426183, 43.103969499000073 ], [ -3.421976499999971, 43.115653999000074 ], [ -3.417608, 43.133315999000047 ], [ -3.38798156799993, 43.140821621000043 ], [ -3.369102229999953, 43.150912669000036 ], [ -3.350133900999936, 43.154339188000051 ], [ -3.341412562999949, 43.166237110000054 ], [ -3.332074534999947, 43.166145559000029 ], [ -3.310256534999951, 43.172478929000079 ], [ -3.296769636999954, 43.182445316000042 ], [ -3.278969869999969, 43.189788836000048 ], [ -3.278148499999929, 43.194370499000058 ], [ -3.256108985999958, 43.195391581000081 ], [ -3.253273499999978, 43.198747499000035 ], [ -3.223343470999964, 43.172750609000047 ], [ -3.21400445699993, 43.17440567500006 ], [ -3.208636446999947, 43.178499220000049 ], [ -3.199399369999981, 43.171451593000029 ], [ -3.187126906999936, 43.169589103000078 ], [ -3.179084, 43.175230499000065 ], [ -3.175557499999968, 43.175445499000034 ], [ -3.174091499999975, 43.177310999000042 ], [ -3.171529, 43.177162499000076 ], [ -3.168775081999968, 43.17825059900008 ], [ -3.148292499999968, 43.174000999000043 ], [ -3.142235652999943, 43.16671782800006 ], [ -3.141839499999946, 43.161136499000065 ], [ -3.150023664999935, 43.160339662000069 ], [ -3.16232654099997, 43.153271162000067 ], [ -3.165847562999943, 43.147536661000061 ], [ -3.162944311999979, 43.141738849000035 ], [ -3.181195965999962, 43.119429970000056 ], [ -3.171083406999969, 43.110491398000079 ], [ -3.168775081999968, 43.109757374000026 ] ] ] } },
{ "type": "Feature", "properties": { "code": "09411", "name": "Valle de Oca" }, "geometry": { "type": "Polygon", "coordinates": [ [ [ -3.276831499999957, 42.441642999000067 ], [ -3.27767, 42.430610999000066 ], [ -3.283874499999968, 42.426433499000041 ], [ -3.297779443999957, 42.420243683000081 ], [ -3.317926296999929, 42.418572409000035 ], [ -3.332208790999971, 42.396791958000051 ], [ -3.34199029399997, 42.403373482000063 ], [ -3.346507499999973, 42.40254999900003 ], [ -3.342821937999929, 42.425214226000037 ], [ -3.344757005999952, 42.430422104000058 ], [ -3.351887082999951, 42.43566432700004 ], [ -3.374416207999957, 42.434690062000072 ], [ -3.372444, 42.440314999000066 ], [ -3.362117122999962, 42.450132071000041 ], [ -3.359468751999941, 42.46083483700005 ], [ -3.349548399999946, 42.467894986000033 ], [ -3.344937000999948, 42.475035424000055 ], [ -3.324008, 42.481727499000044 ], [ -3.306640819999927, 42.464331278000031 ], [ -3.28228, 42.455623499000069 ], [ -3.283894825999937, 42.445722353000065 ], [ -3.276831499999957, 42.441642999000067 ] ] ] } },
{ "type": "Feature", "properties": { "code": "09412", "name": "Valle de Tobalina" }, "geometry": { "type": "MultiPolygon", "coordinates": [ [ [ [ -3.168775081999968, 42.808364115000074 ], [ -3.159259499999962, 42.804546499000026 ], [ -3.131767190999938, 42.790295742000069 ], [ -3.123284499999954, 42.789283999000077 ], [ -3.14286231899996, 42.760005181000054 ], [ -3.131296499999962, 42.757645499000034 ], [ -3.135337, 42.748824999000078 ], [ -3.139457499999935, 42.743896499000073 ], [ -3.140938499999947, 42.740131499000029 ], [ -3.139834499999949, 42.732962999000051 ], [ -3.161263499999961, 42.728656999000066 ], [ -3.183111520999944, 42.728435065000042 ], [ -3.196959362999962, 42.734368639000024 ], [ -3.20884136799998, 42.731894311000076 ], [ -3.226185499999929, 42.738174499000081 ], [ -3.245517641999925, 42.751517233000072 ], [ -3.273965880999981, 42.758562493000056 ], [ -3.282024370999977, 42.766540856000063 ], [ -3.278644371999974, 42.779062405000047 ], [ -3.281362784999942, 42.781497696000031 ], [ -3.288046075999944, 42.783192022000037 ], [ -3.327633737999975, 42.776806579000038 ], [ -3.337369499999966, 42.780422499000053 ], [ -3.338662524999961, 42.788438997000071 ], [ -3.347492, 42.791377999000076 ], [ -3.353438547999929, 42.796353926000052 ], [ -3.346479363999947, 42.806624949000025 ], [ -3.349873559999935, 42.819718082000065 ], [ -3.334575524999934, 42.825216404000059 ], [ -3.327038499999958, 42.824687999000048 ], [ -3.313368250999929, 42.815926786000034 ], [ -3.30617190199996, 42.820384723000075 ], [ -3.297909748999928, 42.839813348000064 ], [ -3.288841935999926, 42.829201485000056 ], [ -3.280868626999961, 42.832956769000077 ], [ -3.280464603999974, 42.842291272000068 ], [ -3.291590567999947, 42.847972627000047 ], [ -3.29153821899996, 42.854952536000042 ], [ -3.283801873999948, 42.854311427000027 ], [ -3.282031590999964, 42.861127532000069 ], [ -3.286797499999977, 42.88509749900004 ], [ -3.28264, 42.875465499000029 ], [ -3.269159, 42.864047999000036 ], [ -3.253641, 42.852771499000028 ], [ -3.236791, 42.837886999000034 ], [ -3.227688, 42.832042999000066 ], [ -3.225871499999926, 42.830070499000044 ], [ -3.217000499999926, 42.826469499000041 ], [ -3.205563499999926, 42.82735449900008 ], [ -3.191358463999961, 42.817424484000071 ], [ -3.168775081999968, 42.808364115000074 ] ] ], [ [ [ -3.367337, 42.855594999000061 ], [ -3.368108, 42.867938999000046 ], [ -3.36690649999997, 42.875891999000032 ], [ -3.361225107999928, 42.878908735000039 ], [ -3.341833599999973, 42.876741029000073 ], [ -3.337323493999975, 42.870730881000043 ], [ -3.336769444999959, 42.863479233000078 ], [ -3.323853673999963, 42.857761914000037 ], [ -3.324518173999934, 42.845121988000074 ], [ -3.330782, 42.831599999000048 ], [ -3.338622180999948, 42.833680180000044 ], [ -3.342007769999952, 42.839727332000052 ], [ -3.353968150999947, 42.842026650000037 ], [ -3.367337, 42.855594999000061 ] ] ] ] } },
{ "type": "Feature", "properties": { "code": "09413", "name": "Valle de Valdebezana" }, "geometry": { "type": "Polygon", "coordinates": [ [ [ -3.851115, 43.03909199900005 ], [ -3.853752868999948, 43.034223603000044 ], [ -3.829224056999976, 43.012020062000033 ], [ -3.814644892999979, 43.00754042300008 ], [ -3.802742894999938, 43.009224742000072 ], [ -3.795081797999956, 43.007157494000069 ], [ -3.786186708999935, 42.999760156000036 ], [ -3.770957905999978, 42.995177538000064 ], [ -3.753154381999934, 42.980471584000043 ], [ -3.74012025199994, 42.974964094000029 ], [ -3.730563190999931, 42.963790319000054 ], [ -3.73654391599996, 42.952154570000062 ], [ -3.735072943999967, 42.94935289700004 ], [ -3.720164801999942, 42.945589492000067 ], [ -3.690106669999977, 42.946931431000053 ], [ -3.688164, 42.93724049900004 ], [ -3.697953366999968, 42.930523883000035 ], [ -3.715835917999925, 42.927322008000033 ], [ -3.729004527999962, 42.906677453000043 ], [ -3.738661906999937, 42.908649814000057 ], [ -3.747368996999967, 42.897198576000051 ], [ -3.750755174999938, 42.897393839000074 ], [ -3.75455872699996, 42.905781005000051 ], [ -3.760411869999928, 42.908534402000043 ], [ -3.767372707999925, 42.900488592000045 ], [ -3.772150522999937, 42.899143031000051 ], [ -3.78213449499998, 42.908326229000068 ], [ -3.797492682999973, 42.90715642300006 ], [ -3.805003, 42.914443999000071 ], [ -3.804399127999943, 42.921759819000044 ], [ -3.810760969999933, 42.927182580000078 ], [ -3.840764499999977, 42.940645499000027 ], [ -3.866035078999971, 42.953906692000032 ], [ -3.874951513999974, 42.948455379000052 ], [ -3.887383499999942, 42.948766999000043 ], [ -3.889060704999963, 42.949763848000032 ], [ -3.893377794999935, 42.948296196000058 ], [ -3.897014252999952, 42.951200354000036 ], [ -3.901651, 42.950357499000063 ], [ -3.92209921999995, 42.950715912000078 ], [ -3.924499583999932, 42.954462147000072 ], [ -3.916798297999946, 42.961435951000055 ], [ -3.920091520999961, 42.970028855000066 ], [ -3.941607, 42.976457499000048 ], [ -3.939498125999933, 42.983191343000044 ], [ -3.930258455999933, 42.994479737000063 ], [ -3.945018, 43.006491999000048 ], [ -3.911134662999928, 43.015851938000026 ], [ -3.89133723599997, 43.039513705000047 ], [ -3.878177, 43.042486999000062 ], [ -3.861842506999949, 43.042746851000061 ], [ -3.851115, 43.03909199900005 ] ] ] } },
{ "type": "Feature", "properties": { "code": "09414", "name": "Valle de Valdelaguna" }, "geometry": { "type": "Polygon", "coordinates": [ [ [ -3.168775081999968, 42.073763049000036 ], [ -3.203540202999932, 42.067894813000066 ], [ -3.22873, 42.07189949900004 ], [ -3.228729452999971, 42.084949331000075 ], [ -3.22514, 42.08911899900005 ], [ -3.205701937999947, 42.099091120000026 ], [ -3.209895616999972, 42.110908882000047 ], [ -3.210281049999935, 42.123235344000079 ], [ -3.198538, 42.128215499000078 ], [ -3.19283323999997, 42.128807800000061 ], [ -3.184622551999951, 42.135333567000032 ], [ -3.166230694999967, 42.130036867000058 ], [ -3.156694841999979, 42.139714952000077 ], [ -3.142312219999951, 42.141507334000039 ], [ -3.13800170199994, 42.147645322000074 ], [ -3.142990004999945, 42.165480989000059 ], [ -3.138746186999981, 42.181321303000061 ], [ -3.134920112999964, 42.182761037000034 ], [ -3.114989, 42.178783499000076 ], [ -3.126939422999953, 42.157159526000044 ], [ -3.13427214799998, 42.130077215000028 ], [ -3.11245, 42.126884499000028 ], [ -3.105397479999965, 42.104186120000065 ], [ -3.087525362999941, 42.099005228000067 ], [ -3.083941750999941, 42.095526329000052 ], [ -3.081407414999944, 42.087041070000055 ], [ -3.082924124999977, 42.079536611000037 ], [ -3.07649896099997, 42.068155060000038 ], [ -3.080530293999971, 42.056058500000063 ], [ -3.066093, 42.050418999000044 ], [ -3.063348359999964, 42.042442553000058 ], [ -3.054713499999934, 42.039283999000077 ], [ -3.054129, 42.036067999000068 ], [ -3.058600499999955, 42.024162499000056 ], [ -3.108971501999974, 42.041434528000025 ], [ -3.108876690999978, 42.055662315000063 ], [ -3.115246358999968, 42.060180397000067 ], [ -3.14216668499995, 42.064710318000039 ], [ -3.162349227999925, 42.074847712000064 ], [ -3.168775081999968, 42.073763049000036 ] ] ] } },
{ "type": "Feature", "properties": { "code": "09415", "name": "Valle de Valdelucio" }, "geometry": { "type": "Polygon", "coordinates": [ [ [ -4.08145849999994, 42.761622999000053 ], [ -4.071931499999948, 42.760675999000057 ], [ -4.054483, 42.763395499000069 ], [ -4.046112, 42.766800499000055 ], [ -4.040881, 42.76726099900003 ], [ -4.034598, 42.76577749900008 ], [ -4.030453, 42.766364999000075 ], [ -4.018545499999959, 42.763892999000063 ], [ -4.009395, 42.765640499000028 ], [ -4.003112, 42.763309499000059 ], [ -4.001952499999959, 42.761104499000055 ], [ -4.002334, 42.757526499000051 ], [ -3.994687499999941, 42.756240999000056 ], [ -4.001589588999934, 42.751646626000081 ], [ -4.003804087999924, 42.746455126000058 ], [ -3.996641967999949, 42.724091494000049 ], [ -4.02489067099998, 42.722686187000079 ], [ -4.024958433999927, 42.702972721000037 ], [ -4.029775830999938, 42.691273575000025 ], [ -4.020173794999948, 42.685092315000077 ], [ -4.03054949999995, 42.669414499000027 ], [ -4.04490851099996, 42.671894073000033 ], [ -4.076718953999944, 42.684879683000077 ], [ -4.083850944999938, 42.69069679200004 ], [ -4.111912593999932, 42.697155769000062 ], [ -4.120167415999958, 42.69535004200003 ], [ -4.135421776999976, 42.70248188000005 ], [ -4.154784499999948, 42.706664999000054 ], [ -4.168313651999938, 42.707578946000069 ], [ -4.178412649999927, 42.712575317000073 ], [ -4.18743872999994, 42.728298376000055 ], [ -4.191026499999964, 42.72971349900007 ], [ -4.18433042099997, 42.736350789000028 ], [ -4.172980593999966, 42.737892374000069 ], [ -4.158636, 42.747649999000032 ], [ -4.141064297999947, 42.753007826000044 ], [ -4.127477729999953, 42.752014723000059 ], [ -4.120844894999948, 42.745056230000046 ], [ -4.122644949999938, 42.736279878000062 ], [ -4.110304539999959, 42.734278523000057 ], [ -4.090298251999968, 42.750389306000045 ], [ -4.085377752999932, 42.762580249000052 ], [ -4.08145849999994, 42.761622999000053 ] ] ] } },
{ "type": "Feature", "properties": { "code": "09416", "name": "Valle de Zamanzas" }, "geometry": { "type": "Polygon", "coordinates": [ [ [ -3.714576, 42.859836499000039 ], [ -3.712066469999968, 42.856290868000031 ], [ -3.720803125999964, 42.851156204000063 ], [ -3.722696541999937, 42.843609789000027 ], [ -3.729786070999978, 42.839934935000031 ], [ -3.725280715999929, 42.832504134000033 ], [ -3.726751499999978, 42.825908499000036 ], [ -3.741748030999929, 42.836801594000065 ], [ -3.775269417999937, 42.853759383000067 ], [ -3.785619422999957, 42.864416357000039 ], [ -3.788852, 42.878951999000037 ], [ -3.787231499999962, 42.88050049900005 ], [ -3.78338, 42.880950999000049 ], [ -3.77702249999993, 42.877864999000053 ], [ -3.763158, 42.875537999000073 ], [ -3.756107499999928, 42.872756999000046 ], [ -3.747077499999932, 42.877200999000081 ], [ -3.740589499999942, 42.87932949900005 ], [ -3.73508, 42.874324499000068 ], [ -3.721826, 42.86647399900005 ], [ -3.714576, 42.859836499000039 ] ] ] } },
{ "type": "Feature", "properties": { "code": "09417", "name": "Vallejera" }, "geometry": { "type": "Polygon", "coordinates": [ [ [ -4.122902, 42.185557999000025 ], [ -4.122642499999927, 42.181171499000072 ], [ -4.13307942199998, 42.178863656000033 ], [ -4.149668746999964, 42.168591105000075 ], [ -4.184644499999933, 42.157924499000046 ], [ -4.188271484999973, 42.161359202000028 ], [ -4.188421848999951, 42.167606135000028 ], [ -4.175623395999935, 42.191817843000081 ], [ -4.147645983999951, 42.212194713000031 ], [ -4.134269, 42.212363999000047 ], [ -4.122902, 42.185557999000025 ] ] ] } },
{ "type": "Feature", "properties": { "code": "09418", "name": "Valles de Palenzuela" }, "geometry": { "type": "Polygon", "coordinates": [ [ [ -4.034031, 42.128516999000055 ], [ -4.028683046999959, 42.122348310000064 ], [ -4.034270310999943, 42.11250420500005 ], [ -4.03346449999998, 42.106956499000034 ], [ -4.03772349999997, 42.102565999000035 ], [ -4.041915269999947, 42.107239486000026 ], [ -4.046661765999943, 42.107798716000048 ], [ -4.056233499999962, 42.100894999000047 ], [ -4.075717734999955, 42.104996640000024 ], [ -4.085528537999949, 42.103747780000049 ], [ -4.103085470999929, 42.109837028000072 ], [ -4.115235499999926, 42.124767499000029 ], [ -4.11099747399993, 42.133330905000037 ], [ -4.10276, 42.137218499000028 ], [ -4.088122474999977, 42.141611650000073 ], [ -4.070938725999952, 42.136562291000075 ], [ -4.062164, 42.131556999000054 ], [ -4.051302113999952, 42.129547281000043 ], [ -4.048362156999929, 42.126566079000042 ], [ -4.034031, 42.128516999000055 ] ] ] } },
{ "type": "Feature", "properties": { "code": "09419", "name": "Valluércanes" }, "geometry": { "type": "Polygon", "coordinates": [ [ [ -3.134294499999953, 42.542022499000041 ], [ -3.140590784999972, 42.557180370000026 ], [ -3.157349177999947, 42.576797782000028 ], [ -3.159402, 42.597488499000065 ], [ -3.154135, 42.601936499000033 ], [ -3.150874499999929, 42.599498499000049 ], [ -3.14277, 42.600570499000071 ], [ -3.129508, 42.600883499000076 ], [ -3.117687499999931, 42.603057999000043 ], [ -3.098680499999944, 42.601806999000075 ], [ -3.093536111999924, 42.589564713000073 ], [ -3.086221, 42.582179999000061 ], [ -3.083166809999966, 42.573990180000067 ], [ -3.088306, 42.56707349900006 ], [ -3.100794676999953, 42.560368251000057 ], [ -3.106553105999978, 42.553452607000054 ], [ -3.134294499999953, 42.542022499000041 ] ] ] } },
{ "type": "Feature", "properties": { "code": "09421", "name": "Vid y Barrios, La" }, "geometry": { "type": "Polygon", "coordinates": [ [ [ -3.506923, 41.641506499000059 ], [ -3.497924, 41.637580999000079 ], [ -3.493990499999938, 41.638374499000065 ], [ -3.489196, 41.637977499000044 ], [ -3.485746, 41.639072499000065 ], [ -3.444293, 41.641860999000073 ], [ -3.440267, 41.639590499000064 ], [ -3.435259, 41.639384999000072 ], [ -3.439885218999962, 41.629081089000067 ], [ -3.436721339999963, 41.621567919000029 ], [ -3.459070088999965, 41.590675199000032 ], [ -3.465577, 41.589275499000053 ], [ -3.475033020999945, 41.596119955000063 ], [ -3.508367978999956, 41.597116760000063 ], [ -3.523903618999952, 41.610029618000056 ], [ -3.532186499999966, 41.610866499000053 ], [ -3.530474652999942, 41.627065832000028 ], [ -3.546945791999974, 41.629367621000029 ], [ -3.54820994399995, 41.638934203000076 ], [ -3.545936499999925, 41.644416999000043 ], [ -3.539885941999955, 41.642335513000035 ], [ -3.531423492999977, 41.643811482000046 ], [ -3.521656811999947, 41.649862193000047 ], [ -3.515857214999926, 41.646511878000069 ], [ -3.511814675999972, 41.639415394000025 ], [ -3.506923, 41.641506499000059 ] ] ] } },
{ "type": "Feature", "properties": { "code": "09422", "name": "Vid de Bureba, La" }, "geometry": { "type": "Polygon", "coordinates": [ [ [ -3.295093, 42.648597499000061 ], [ -3.279994, 42.638755499000069 ], [ -3.280691499999932, 42.63618849900007 ], [ -3.283521499999949, 42.633598499000072 ], [ -3.286201499999947, 42.62818549900004 ], [ -3.291823499999964, 42.614646999000058 ], [ -3.297992, 42.612010999000063 ], [ -3.299810499999978, 42.609546499000032 ], [ -3.303856499999938, 42.609409499000037 ], [ -3.310614188999978, 42.622156029000053 ], [ -3.322751499999924, 42.630107999000074 ], [ -3.32035, 42.642307999000025 ], [ -3.314267499999971, 42.647800499000027 ], [ -3.309472, 42.65018849900008 ], [ -3.304452, 42.651408999000068 ], [ -3.298759, 42.64980299900003 ], [ -3.297651, 42.64772799900004 ], [ -3.295093, 42.648597499000061 ] ] ] } },
{ "type": "Feature", "properties": { "code": "09423", "name": "Vileña" }, "geometry": { "type": "Polygon", "coordinates": [ [ [ -3.322751499999924, 42.630107999000074 ], [ -3.310614188999978, 42.622156029000053 ], [ -3.303856499999938, 42.609409499000037 ], [ -3.32128, 42.602336999000045 ], [ -3.323523, 42.602512499000056 ], [ -3.325657499999977, 42.604781999000068 ], [ -3.332235499999967, 42.608375499000033 ], [ -3.33933, 42.610572999000055 ], [ -3.34100849999993, 42.611980499000026 ], [ -3.344089, 42.620155499000077 ], [ -3.336047, 42.623664999000027 ], [ -3.324849499999971, 42.630237499000032 ], [ -3.322751499999924, 42.630107999000074 ] ] ] } },
{ "type": "Feature", "properties": { "code": "09424", "name": "Viloria de Rioja" }, "geometry": { "type": "Polygon", "coordinates": [ [ [ -3.120314499999949, 42.427684999000064 ], [ -3.119714, 42.431152499000063 ], [ -3.116892184999926, 42.436845746000074 ], [ -3.109027995999952, 42.441772122000032 ], [ -3.108347, 42.445590499000048 ], [ -3.087286, 42.427413999000066 ], [ -3.090377499999931, 42.422343999000077 ], [ -3.100556860999973, 42.415862024000035 ], [ -3.096366772999943, 42.40363910800005 ], [ -3.104416, 42.385379999000065 ], [ -3.108436499999925, 42.384555499000044 ], [ -3.109751800999959, 42.397917256000028 ], [ -3.103592661999926, 42.416652111000076 ], [ -3.120314499999949, 42.427684999000064 ] ] ] } },
{ "type": "Feature", "properties": { "code": "09425", "name": "Vilviestre del Pinar" }, "geometry": { "type": "Polygon", "coordinates": [ [ [ -3.065164, 42.003806999000062 ], [ -3.064325, 41.997256999000058 ], [ -3.066834, 41.996528499000078 ], [ -3.065486499999963, 41.976470999000071 ], [ -3.054728499999953, 41.959415499000045 ], [ -3.065536612999949, 41.925892571000077 ], [ -3.061409578999928, 41.914222928000072 ], [ -3.049069733999943, 41.903575553000053 ], [ -3.045254499999942, 41.889475999000069 ], [ -3.058648499999947, 41.891315499000029 ], [ -3.060958, 41.886138999000025 ], [ -3.063632, 41.883361999000044 ], [ -3.065969, 41.883605999000054 ], [ -3.06971649999997, 41.882549499000049 ], [ -3.075467499999945, 41.883113999000045 ], [ -3.084257025999932, 41.888590032000025 ], [ -3.090925476999928, 41.908679679000045 ], [ -3.099401499999942, 41.912994499000035 ], [ -3.096769499999937, 41.926711999000077 ], [ -3.098627, 41.949641499000052 ], [ -3.096397499999966, 41.966872999000032 ], [ -3.080287, 41.988773499000047 ], [ -3.069626, 41.998740499000064 ], [ -3.067492, 42.002246999000079 ], [ -3.065164, 42.003806999000062 ] ] ] } },
{ "type": "Feature", "properties": { "code": "09427", "name": "Villadiego" }, "geometry": { "type": "Polygon", "coordinates": [ [ [ -3.952576499999964, 42.508147999000073 ], [ -3.957369469999946, 42.502648211000064 ], [ -3.955100001999938, 42.487478721000059 ], [ -3.95742308399997, 42.474754277000045 ], [ -3.95458949999994, 42.469947999000055 ], [ -3.962166, 42.461173999000039 ], [ -3.965954, 42.460647499000061 ], [ -3.977733, 42.46108999900008 ], [ -3.981958, 42.462917499000071 ], [ -4.000449798999966, 42.485873422000054 ], [ -4.005090411999959, 42.487852721000081 ], [ -4.017113465999955, 42.483006623000051 ], [ -4.04981034399998, 42.492602951000038 ], [ -4.052723192999963, 42.483093150000059 ], [ -4.063337499999932, 42.472026999000036 ], [ -4.11349, 42.471801499000037 ], [ -4.118928, 42.472541499000044 ], [ -4.118989, 42.471126499000036 ], [ -4.135786052999947, 42.478269810000029 ], [ -4.148482522999927, 42.488133178000055 ], [ -4.144570482999939, 42.494254986000044 ], [ -4.150928499999964, 42.504752999000061 ], [ -4.146686353999939, 42.518231225000079 ], [ -4.149512151999943, 42.524836439000069 ], [ -4.146622058999981, 42.538064975000054 ], [ -4.154081960999974, 42.549524652000059 ], [ -4.143943211999954, 42.578952180000044 ], [ -4.14282641899996, 42.592961563000074 ], [ -4.128995853999925, 42.615635282000028 ], [ -4.121573499999954, 42.621826499000065 ], [ -4.096129890999975, 42.616127400000039 ], [ -4.08255504899995, 42.631269090000046 ], [ -4.078046547999975, 42.620264082000062 ], [ -4.070580911999969, 42.618544934000056 ], [ -4.071137911999926, 42.624300653000034 ], [ -4.06861949499995, 42.625403961000075 ], [ -4.052307921999954, 42.612731577000034 ], [ -4.042690067999956, 42.610443796000027 ], [ -4.010246291999977, 42.621549188000074 ], [ -3.998667175999969, 42.633193714000072 ], [ -3.985648, 42.635158499000056 ], [ -3.974005832999978, 42.635954771000058 ], [ -3.969602103999932, 42.63137671100003 ], [ -3.90978961299993, 42.627526332000059 ], [ -3.89734808299994, 42.619637156000067 ], [ -3.894839499999932, 42.612830999000039 ], [ -3.895247357999949, 42.607946201000061 ], [ -3.851894198999958, 42.594794783000054 ], [ -3.836049499999945, 42.580871499000068 ], [ -3.83950155499997, 42.571492890000059 ], [ -3.83676879199993, 42.558987482000077 ], [ -3.848530499999924, 42.548743999000067 ], [ -3.854970371999968, 42.550106518000064 ], [ -3.868803319999927, 42.540463835000025 ], [ -3.899688287999936, 42.536723376000054 ], [ -3.909870017999935, 42.539816933000054 ], [ -3.909412098999951, 42.556735249000042 ], [ -3.92658204199995, 42.551916426000048 ], [ -3.953957031999948, 42.531441231000031 ], [ -3.952576499999964, 42.508147999000073 ] ] ] } },
{ "type": "Feature", "properties": { "code": "09428", "name": "Villaescusa de Roa" }, "geometry": { "type": "Polygon", "coordinates": [ [ [ -4.039124499999957, 41.706676499000025 ], [ -4.053990213999953, 41.719615974000078 ], [ -4.067904283999951, 41.726027959000078 ], [ -4.076383499999963, 41.72607799900004 ], [ -4.075790255999948, 41.733874896000032 ], [ -4.070364211999959, 41.739720599000066 ], [ -4.055809499999953, 41.740680499000064 ], [ -4.00868935799997, 41.737717942000074 ], [ -3.991909118999956, 41.723137320000035 ], [ -4.024294251999947, 41.706688006000036 ], [ -4.039124499999957, 41.706676499000025 ] ] ] } },
{ "type": "Feature", "properties": { "code": "09001", "name": "Abajas" }, "geometry": { "type": "Polygon", "coordinates": [ [ [ -3.572463, 42.595660999000074 ], [ -3.586631505999947, 42.597562244000073 ], [ -3.61892093199998, 42.592467094000028 ], [ -3.62309086199997, 42.600630964000061 ], [ -3.631029821999959, 42.603621278000048 ], [ -3.63628668399997, 42.613166317000037 ], [ -3.631239725999933, 42.614213415000052 ], [ -3.623140202999934, 42.626722836000056 ], [ -3.602098270999932, 42.641094285000065 ], [ -3.600040810999928, 42.652879600000063 ], [ -3.605843499999935, 42.659126499000081 ], [ -3.594681247999972, 42.659038911000039 ], [ -3.580283569999949, 42.651857079000081 ], [ -3.55910713399993, 42.63008971000005 ], [ -3.537739230999932, 42.62333004900006 ], [ -3.534291, 42.61477349900008 ], [ -3.535314577999941, 42.61045333900006 ], [ -3.552754217999961, 42.596983078000051 ], [ -3.567218165999975, 42.594177624000054 ], [ -3.572463, 42.595660999000074 ] ] ] } },
{ "type": "Feature", "properties": { "code": "09003", "name": "Adrada de Haza" }, "geometry": { "type": "Polygon", "coordinates": [ [ [ -3.82779249999993, 41.580619999000078 ], [ -3.847118577999936, 41.585952346000056 ], [ -3.841891499999974, 41.594714999000075 ], [ -3.833918499999925, 41.600971499000025 ], [ -3.832991499999935, 41.604373999000074 ], [ -3.811212374999968, 41.615605415000061 ], [ -3.797281767999948, 41.613128506000066 ], [ -3.786731, 41.607577999000057 ], [ -3.794829414999981, 41.602660340000057 ], [ -3.800992203999954, 41.593004707000034 ], [ -3.82779249999993, 41.580619999000078 ] ] ] } },
{ "type": "Feature", "properties": { "code": "09006", "name": "Aguas Cándidas" }, "geometry": { "type": "Polygon", "coordinates": [ [ [ -3.473518499999955, 42.749496499000031 ], [ -3.478326158999948, 42.740724810000074 ], [ -3.476426, 42.726947499000062 ], [ -3.489650612999981, 42.708434872000055 ], [ -3.502101, 42.705554999000071 ], [ -3.509687499999927, 42.706054499000061 ], [ -3.519799888999955, 42.714921315000026 ], [ -3.525993, 42.715293999000039 ], [ -3.515581961999942, 42.725711011000044 ], [ -3.524841816999981, 42.740955792000079 ], [ -3.524359987999958, 42.744516158000067 ], [ -3.519172596999965, 42.747697888000062 ], [ -3.513389389999929, 42.745839785000044 ], [ -3.476235499999973, 42.764449999000078 ], [ -3.470501543999944, 42.760673851000035 ], [ -3.473518499999955, 42.749496499000031 ] ] ] } },
{ "type": "Feature", "properties": { "code": "09007", "name": "Aguilar de Bureba" }, "geometry": { "type": "Polygon", "coordinates": [ [ [ -3.345237, 42.580680999000037 ], [ -3.348025233999977, 42.583700079000039 ], [ -3.347695353999939, 42.592715273000067 ], [ -3.35379, 42.604205999000044 ], [ -3.34100849999993, 42.611980499000026 ], [ -3.33933, 42.610572999000055 ], [ -3.332235499999967, 42.608375499000033 ], [ -3.325657499999977, 42.604781999000068 ], [ -3.315384008999956, 42.594743562000076 ], [ -3.312556867999945, 42.58138417400005 ], [ -3.32772323699993, 42.573726580000027 ], [ -3.337099499999965, 42.572402999000076 ], [ -3.340123, 42.576949999000078 ], [ -3.345237, 42.580680999000037 ] ] ] } },
{ "type": "Feature", "properties": { "code": "09009", "name": "Albillos" }, "geometry": { "type": "Polygon", "coordinates": [ [ [ -3.769141499999932, 42.299872999000058 ], [ -3.768827002999956, 42.294797388000063 ], [ -3.762620499999969, 42.286308499000029 ], [ -3.765656061999948, 42.281281933000059 ], [ -3.764856770999927, 42.276429736000068 ], [ -3.76978349999996, 42.27180499900004 ], [ -3.793612822999933, 42.271833449000042 ], [ -3.807020902999966, 42.263664125000048 ], [ -3.810981517999949, 42.278610449000041 ], [ -3.808637, 42.285148499000059 ], [ -3.812837499999944, 42.29294199900005 ], [ -3.806605124999976, 42.296790658000077 ], [ -3.771755, 42.305331999000032 ], [ -3.769141499999932, 42.299872999000058 ] ] ] } },
{ "type": "Feature", "properties": { "code": "09010", "name": "Alcocero de Mola" }, "geometry": { "type": "Polygon", "coordinates": [ [ [ -3.363673499999948, 42.494521999000028 ], [ -3.36112994299998, 42.487701794000031 ], [ -3.351606287999971, 42.48504437500003 ], [ -3.331974188999936, 42.48538030800006 ], [ -3.318370499999958, 42.49029149900008 ], [ -3.324008, 42.481727499000044 ], [ -3.344937000999948, 42.475035424000055 ], [ -3.349548399999946, 42.467894986000033 ], [ -3.359468751999941, 42.46083483700005 ], [ -3.362117122999962, 42.450132071000041 ], [ -3.372444, 42.440314999000066 ], [ -3.378613499999972, 42.445060499000078 ], [ -3.363502887999971, 42.457725336000067 ], [ -3.371965433999947, 42.471730491000073 ], [ -3.373605467999937, 42.481639059000031 ], [ -3.363673499999948, 42.494521999000028 ] ] ] } },
{ "type": "Feature", "properties": { "code": "09011", "name": "Alfoz de Bricia" }, "geometry": { "type": "MultiPolygon", "coordinates": [ [ [ [ -3.840764499999977, 42.940645499000027 ], [ -3.810760969999933, 42.927182580000078 ], [ -3.804399127999943, 42.921759819000044 ], [ -3.80635594599994, 42.906044037000072 ], [ -3.782663562999971, 42.891027972000074 ], [ -3.788852, 42.878951999000037 ], [ -3.787910499999953, 42.875125999000034 ], [ -3.825374499999953, 42.868583499000067 ], [ -3.83712208399993, 42.878680074000044 ], [ -3.863282909999953, 42.887934139000038 ], [ -3.872432054999933, 42.875654799000074 ], [ -3.873133165999946, 42.865037114000074 ], [ -3.870197747999953, 42.857215753000048 ], [ -3.873799924999958, 42.853380489000074 ], [ -3.880613141999959, 42.852354972000057 ], [ -3.912164469999937, 42.86237643700008 ], [ -3.900285114999974, 42.876011138000081 ], [ -3.894546375999937, 42.889595531000055 ], [ -3.900801890999958, 42.906545808000033 ], [ -3.877762706999931, 42.90135417700003 ], [ -3.863291605999962, 42.901094346000036 ], [ -3.858271813999977, 42.905097794000028 ], [ -3.851453409999976, 42.91789030800004 ], [ -3.838926747999949, 42.91737554000008 ], [ -3.832185086999971, 42.921431138000059 ], [ -3.831571775999976, 42.929770544000064 ], [ -3.840764499999977, 42.940645499000027 ] ] ], [ [ [ -3.901651, 42.950357499000063 ], [ -3.897014252999952, 42.951200354000036 ], [ -3.893377794999935, 42.948296196000058 ], [ -3.889060704999963, 42.949763848000032 ], [ -3.887383499999942, 42.948766999000043 ], [ -3.892745407999939, 42.926157294000063 ], [ -3.912184723999928, 42.922159385000043 ], [ -3.922381426999948, 42.91497415200007 ], [ -3.926596521999954, 42.905965048000041 ], [ -3.931922023999959, 42.901729455000066 ], [ -3.936019744999953, 42.904715696000039 ], [ -3.935830386999953, 42.911204063000071 ], [ -3.945419, 42.909432999000046 ], [ -3.937460954999949, 42.914166433000048 ], [ -3.931487148999963, 42.928310659000033 ], [ -3.918945277999967, 42.931355738000036 ], [ -3.904837138999937, 42.94148608100005 ], [ -3.901651, 42.950357499000063 ] ] ], [ [ [ -3.915786363999928, 42.889324287000079 ], [ -3.910146722999968, 42.891801344000044 ], [ -3.904795628999977, 42.886339235000037 ], [ -3.908638571999973, 42.88560198600004 ], [ -3.915786363999928, 42.889324287000079 ] ] ], [ [ [ -3.924666477999949, 42.889499990000047 ], [ -3.919795798999928, 42.891511631000071 ], [ -3.915654891999964, 42.888951545000054 ], [ -3.919219531999943, 42.886999155000069 ], [ -3.924666477999949, 42.889499990000047 ] ] ] ] } },
{ "type": "Feature", "properties": { "code": "09012", "name": "Alfoz de Santa Gadea" }, "geometry": { "type": "Polygon", "coordinates": [ [ [ -3.989792499999965, 42.933412499000042 ], [ -3.987067499999966, 42.936060999000063 ], [ -3.986935, 42.940498999000056 ], [ -3.983727, 42.945036499000025 ], [ -3.978156499999955, 42.960458499000026 ], [ -3.974126, 42.968276499000069 ], [ -3.941607, 42.976457499000048 ], [ -3.920091520999961, 42.970028855000066 ], [ -3.916798297999946, 42.961435951000055 ], [ -3.924499583999932, 42.954462147000072 ], [ -3.92209921999995, 42.950715912000078 ], [ -3.901651, 42.950357499000063 ], [ -3.904837138999937, 42.94148608100005 ], [ -3.918945277999967, 42.931355738000036 ], [ -3.931487148999963, 42.928310659000033 ], [ -3.937460954999949, 42.914166433000048 ], [ -3.945419, 42.909432999000046 ], [ -3.973274, 42.911585999000067 ], [ -3.987545982999961, 42.926071762000049 ], [ -3.989792499999965, 42.933412499000042 ] ] ] } },
{ "type": "Feature", "properties": { "code": "09013", "name": "Altable" }, "geometry": { "type": "Polygon", "coordinates": [ [ [ -3.078216, 42.623695499000064 ], [ -3.070519634999926, 42.620253735000063 ], [ -3.061035367999978, 42.602157111000054 ], [ -3.064813152999932, 42.594691043000068 ], [ -3.059854, 42.589156999000068 ], [ -3.068343497999933, 42.588623270000028 ], [ -3.086221, 42.582179999000061 ], [ -3.093536111999924, 42.589564713000073 ], [ -3.098680499999944, 42.601806999000075 ], [ -3.095242499999927, 42.601852499000074 ], [ -3.087500499999976, 42.609279499000081 ], [ -3.084933, 42.612876999000036 ], [ -3.081046, 42.615688499000044 ], [ -3.078216, 42.623695499000064 ] ] ] } },
{ "type": "Feature", "properties": { "code": "09014", "name": "Altos, Los" }, "geometry": { "type": "Polygon", "coordinates": [ [ [ -3.726751499999978, 42.825908499000036 ], [ -3.725280715999929, 42.832504134000033 ], [ -3.729786070999978, 42.839934935000031 ], [ -3.722696541999937, 42.843609789000027 ], [ -3.720803125999964, 42.851156204000063 ], [ -3.712066469999968, 42.856290868000031 ], [ -3.714576, 42.859836499000039 ], [ -3.715050645999952, 42.870949316000065 ], [ -3.704963764999945, 42.877656391000073 ], [ -3.675955918999932, 42.878672158000029 ], [ -3.671343726999964, 42.873153197000079 ], [ -3.653757456999926, 42.867441254000028 ], [ -3.643775, 42.876422999000056 ], [ -3.649809399999981, 42.836797692000061 ], [ -3.631799213999955, 42.823808719000056 ], [ -3.617386110999973, 42.808110341000031 ], [ -3.615946276999978, 42.802003092000064 ], [ -3.620047979999924, 42.788187621000077 ], [ -3.608322451999925, 42.781912239000064 ], [ -3.591316405999976, 42.786691924000081 ], [ -3.576491499999975, 42.783992499000078 ], [ -3.581511311999975, 42.775911447000055 ], [ -3.572382156999936, 42.765633207000064 ], [ -3.568216720999942, 42.755136171000061 ], [ -3.554829005999977, 42.749258385000076 ], [ -3.549435528999936, 42.737106591000042 ], [ -3.557612499999948, 42.723666999000045 ], [ -3.562186, 42.72425849900003 ], [ -3.570827, 42.720821499000067 ], [ -3.575387499999977, 42.720069999000032 ], [ -3.579082, 42.71272299900005 ], [ -3.589152, 42.704639499000052 ], [ -3.599123499999962, 42.694003999000074 ], [ -3.607458, 42.683486999000081 ], [ -3.614654, 42.682983499000045 ], [ -3.614619220999941, 42.706550312000047 ], [ -3.617576300999929, 42.711984053000037 ], [ -3.668016695999938, 42.744758389000026 ], [ -3.682435543999929, 42.74231960700007 ], [ -3.702805975999979, 42.750986395000041 ], [ -3.706427902999962, 42.760790439000061 ], [ -3.723904511999933, 42.768121018000045 ], [ -3.698745329999952, 42.789329469000052 ], [ -3.689689487999942, 42.789976704000026 ], [ -3.664617327999963, 42.780990761000055 ], [ -3.654640059999963, 42.785850689000029 ], [ -3.693806028999973, 42.807948473000067 ], [ -3.720261665999942, 42.81857433700003 ], [ -3.728218455999979, 42.817571159000067 ], [ -3.726751499999978, 42.825908499000036 ] ] ] } },
{ "type": "Feature", "properties": { "code": "09016", "name": "Ameyugo" }, "geometry": { "type": "Polygon", "coordinates": [ [ [ -3.040812, 42.640013999000075 ], [ -3.065002, 42.639644499000042 ], [ -3.06938, 42.63874049900005 ], [ -3.084177499999953, 42.640651999000056 ], [ -3.080081080999946, 42.651710835000074 ], [ -3.082490163999978, 42.654192329000068 ], [ -3.079246499999954, 42.657474499000045 ], [ -3.074880499999949, 42.670310999000037 ], [ -3.06545, 42.672424499000044 ], [ -3.061546499999963, 42.674598499000069 ], [ -3.054628499999978, 42.675861499000064 ], [ -3.04159, 42.672408999000027 ], [ -3.030117, 42.668018499000027 ], [ -3.038671415999943, 42.66257523400003 ], [ -3.041704396999933, 42.64760577800007 ], [ -3.037002384999937, 42.643705942000054 ], [ -3.040812, 42.640013999000075 ] ] ] } },
{ "type": "Feature", "properties": { "code": "09017", "name": "Anguix" }, "geometry": { "type": "Polygon", "coordinates": [ [ [ -3.956735499999979, 41.763847499000065 ], [ -3.952416, 41.764522499000066 ], [ -3.941608, 41.769241499000032 ], [ -3.934581499999979, 41.767505499000038 ], [ -3.928035499999964, 41.768306499000062 ], [ -3.923299, 41.766914499000052 ], [ -3.919258499999955, 41.767043999000066 ], [ -3.907351, 41.762202999000067 ], [ -3.904519, 41.761783499000046 ], [ -3.901222, 41.762576999000032 ], [ -3.899911499999973, 41.760883499000045 ], [ -3.908178225999961, 41.742251782000039 ], [ -3.90599549999996, 41.728077499000051 ], [ -3.911904896999943, 41.733656373000031 ], [ -3.928554499999962, 41.729907999000034 ], [ -3.943152385999952, 41.734743508000065 ], [ -3.943517679999957, 41.744611766000048 ], [ -3.956735499999979, 41.763847499000065 ] ] ] } },
{ "type": "Feature", "properties": { "code": "09018", "name": "Aranda de Duero" }, "geometry": { "type": "Polygon", "coordinates": [ [ [ -3.741706, 41.667564499000036 ], [ -3.735650161999956, 41.668088795000074 ], [ -3.733609270999978, 41.671017085000074 ], [ -3.731299960999934, 41.692881928000077 ], [ -3.735820239999953, 41.697586262000073 ], [ -3.749750049999932, 41.702125182000032 ], [ -3.782427499999926, 41.693343999000035 ], [ -3.787083314999961, 41.704096931000038 ], [ -3.808132659999956, 41.730355476000057 ], [ -3.783053282999958, 41.73603881300005 ], [ -3.784866991999934, 41.741358179000031 ], [ -3.771353499999975, 41.748191999000028 ], [ -3.76209589299998, 41.742766488000029 ], [ -3.751542499999971, 41.745933499000046 ], [ -3.734432843999969, 41.724697778000063 ], [ -3.726274279999927, 41.720207857000048 ], [ -3.689080056999956, 41.720793471000036 ], [ -3.664852778999943, 41.729523500000028 ], [ -3.657358, 41.72576949900008 ], [ -3.622124134999979, 41.715783270000031 ], [ -3.589448499999946, 41.736167999000031 ], [ -3.584991274999936, 41.728797331000067 ], [ -3.585124118999943, 41.718512738000072 ], [ -3.599994462999973, 41.713498611000034 ], [ -3.606266135999931, 41.703284008000026 ], [ -3.612144988999944, 41.702490619000059 ], [ -3.611394520999966, 41.69539607300004 ], [ -3.608972528999971, 41.689620034000029 ], [ -3.599835632999941, 41.686977400000046 ], [ -3.592701394999949, 41.67928084600004 ], [ -3.573670499999935, 41.672293999000033 ], [ -3.574854499999958, 41.65946199900003 ], [ -3.579550499999925, 41.656898499000079 ], [ -3.594877499999939, 41.651881999000068 ], [ -3.603828499999963, 41.649837499000057 ], [ -3.619754609999973, 41.654540336000025 ], [ -3.631311852999943, 41.653685159000077 ], [ -3.637177965999967, 41.649040252000077 ], [ -3.662376582999968, 41.65020899600006 ], [ -3.664504, 41.646655999000075 ], [ -3.67639749999995, 41.643760499000052 ], [ -3.68066749999997, 41.641006499000071 ], [ -3.68679549999996, 41.641402999000036 ], [ -3.691778, 41.638076999000077 ], [ -3.70225, 41.634815499000069 ], [ -3.716414, 41.633392499000081 ], [ -3.721311499999956, 41.631274999000027 ], [ -3.723762, 41.631358999000042 ], [ -3.73237249999994, 41.63369749900005 ], [ -3.735247673999936, 41.641082968000035 ], [ -3.73353938799994, 41.659129175000032 ], [ -3.741706, 41.667564499000036 ] ] ] } },
{ "type": "Feature", "properties": { "code": "09019", "name": "Arandilla" }, "geometry": { "type": "Polygon", "coordinates": [ [ [ -3.46094949999997, 41.743159999000056 ], [ -3.456505, 41.747356499000034 ], [ -3.454206, 41.753814499000043 ], [ -3.462254499999972, 41.757350999000039 ], [ -3.463014499999929, 41.759444999000038 ], [ -3.455678, 41.764732499000047 ], [ -3.450395049999941, 41.765565138000056 ], [ -3.421500391999928, 41.755763389000037 ], [ -3.412313676999929, 41.74479236500008 ], [ -3.392142429999979, 41.736458037000034 ], [ -3.390312349999931, 41.73278309300008 ], [ -3.394076499999926, 41.718593499000065 ], [ -3.409976220999965, 41.698865800000078 ], [ -3.421506, 41.695998999000039 ], [ -3.43027142699998, 41.704050085000063 ], [ -3.439063752999971, 41.720126555000036 ], [ -3.462414076999949, 41.732638945000076 ], [ -3.46094949999997, 41.743159999000056 ] ] ] } },
{ "type": "Feature", "properties": { "code": "09020", "name": "Arauzo de Miel" }, "geometry": { "type": "Polygon", "coordinates": [ [ [ -3.423613499999931, 41.899669499000026 ], [ -3.415731499999936, 41.901904999000067 ], [ -3.40729, 41.909137999000052 ], [ -3.401598, 41.910823999000058 ], [ -3.389496, 41.911639999000045 ], [ -3.379213499999935, 41.906074499000056 ], [ -3.361756499999956, 41.906154499000024 ], [ -3.350405499999965, 41.901263999000037 ], [ -3.348449, 41.898441499000057 ], [ -3.34814549999993, 41.895725499000037 ], [ -3.340642499999944, 41.892322499000045 ], [ -3.330783499999939, 41.890910999000027 ], [ -3.334855432999973, 41.882161273000065 ], [ -3.35513599199993, 41.867782854000041 ], [ -3.355479933999959, 41.861389614000075 ], [ -3.347416, 41.856345999000041 ], [ -3.370875, 41.831958999000051 ], [ -3.377615499999933, 41.830981999000073 ], [ -3.398951499999953, 41.830524499000035 ], [ -3.415601, 41.840720999000041 ], [ -3.435638, 41.843475499000078 ], [ -3.440129499999955, 41.85359949900004 ], [ -3.438120499999968, 41.857715499000051 ], [ -3.443763, 41.86714949900005 ], [ -3.444306499999925, 41.875865999000041 ], [ -3.436879499999975, 41.886306999000055 ], [ -3.423613499999931, 41.899669499000026 ] ] ] } },
{ "type": "Feature", "properties": { "code": "09021", "name": "Arauzo de Salce" }, "geometry": { "type": "Polygon", "coordinates": [ [ [ -3.435638, 41.843475499000078 ], [ -3.415601, 41.840720999000041 ], [ -3.398951499999953, 41.830524499000035 ], [ -3.377615499999933, 41.830981999000073 ], [ -3.370875, 41.831958999000051 ], [ -3.369411, 41.828765999000041 ], [ -3.367468, 41.827781499000025 ], [ -3.36987849999997, 41.823810499000047 ], [ -3.37353, 41.820106499000076 ], [ -3.376502499999958, 41.811629999000047 ], [ -3.37897049999998, 41.809676999000033 ], [ -3.387932499999977, 41.80644249900007 ], [ -3.392457499999978, 41.802264999000045 ], [ -3.397881, 41.799670999000057 ], [ -3.410873017999961, 41.805394892000038 ], [ -3.415871146999962, 41.804509422000081 ], [ -3.425614700999972, 41.812653207000039 ], [ -3.430884, 41.811889499000074 ], [ -3.443183, 41.821464499000058 ], [ -3.446917, 41.831958999000051 ], [ -3.444719, 41.836307999000041 ], [ -3.435638, 41.843475499000078 ] ] ] } },
{ "type": "Feature", "properties": { "code": "09022", "name": "Arauzo de Torre" }, "geometry": { "type": "Polygon", "coordinates": [ [ [ -3.430884, 41.811889499000074 ], [ -3.425614700999972, 41.812653207000039 ], [ -3.415871146999962, 41.804509422000081 ], [ -3.410873017999961, 41.805394892000038 ], [ -3.397881, 41.799670999000057 ], [ -3.405397499999935, 41.796446999000068 ], [ -3.411171, 41.790282999000055 ], [ -3.411743499999943, 41.787524999000027 ], [ -3.41796, 41.785506999000063 ], [ -3.431952499999966, 41.773380499000041 ], [ -3.434441, 41.773444999000048 ], [ -3.447238, 41.770648999000059 ], [ -3.461062499999969, 41.78579699900007 ], [ -3.458425, 41.790778999000054 ], [ -3.462553499999956, 41.794105499000068 ], [ -3.430884, 41.811889499000074 ] ] ] } },
{ "type": "Feature", "properties": { "code": "09023", "name": "Arcos" }, "geometry": { "type": "Polygon", "coordinates": [ [ [ -3.790988, 42.215205999000034 ], [ -3.789473757999929, 42.223058943000069 ], [ -3.804779, 42.241271999000048 ], [ -3.770908647999931, 42.255274050000025 ], [ -3.76978349999996, 42.27180499900004 ], [ -3.764856770999927, 42.276429736000068 ], [ -3.765656061999948, 42.281281933000059 ], [ -3.762620499999969, 42.286308499000029 ], [ -3.747227499999951, 42.288154499000029 ], [ -3.73455649999994, 42.286517999000068 ], [ -3.728687, 42.286643499000036 ], [ -3.741218282999967, 42.274587071000042 ], [ -3.742964480999944, 42.267127984000069 ], [ -3.733877094999968, 42.262816280000038 ], [ -3.729945363999946, 42.245924456000068 ], [ -3.722272499999974, 42.24217999900003 ], [ -3.721583, 42.235915999000042 ], [ -3.719492, 42.232139499000027 ], [ -3.715711, 42.227901499000041 ], [ -3.714681499999926, 42.224639999000033 ], [ -3.719462, 42.224132499000063 ], [ -3.727876499999979, 42.226726499000051 ], [ -3.746793, 42.22447949900004 ], [ -3.749692499999981, 42.223823499000048 ], [ -3.760071499999981, 42.218349499000055 ], [ -3.773242219999929, 42.212896441000055 ], [ -3.790988, 42.215205999000034 ] ] ] } },
{ "type": "Feature", "properties": { "code": "09024", "name": "Arenillas de Riopisuerga" }, "geometry": { "type": "Polygon", "coordinates": [ [ [ -4.22234, 42.312030999000058 ], [ -4.239594499999953, 42.314494999000033 ], [ -4.24360465999996, 42.337735980000048 ], [ -4.248762657999976, 42.34781835800004 ], [ -4.259644586999968, 42.359592860000078 ], [ -4.259281072999954, 42.363785203000077 ], [ -4.242263474999959, 42.377162865000059 ], [ -4.22152953899996, 42.376351322000062 ], [ -4.210466, 42.378764999000055 ], [ -4.199566150999942, 42.370836829000041 ], [ -4.188364499999977, 42.367488999000045 ], [ -4.196579846999953, 42.34832669900004 ], [ -4.195839, 42.338897499000041 ], [ -4.200709499999959, 42.332038999000076 ], [ -4.200869, 42.328242999000054 ], [ -4.219098, 42.318858999000042 ], [ -4.22234, 42.312030999000058 ] ] ] } },
{ "type": "Feature", "properties": { "code": "09429", "name": "Villaescusa la Sombría" }, "geometry": { "type": "Polygon", "coordinates": [ [ [ -3.385823499999958, 42.447116999000059 ], [ -3.388234, 42.433673999000064 ], [ -3.40255485299997, 42.430310057000042 ], [ -3.408873978999964, 42.420168524000076 ], [ -3.404006906999939, 42.409341419000043 ], [ -3.404777452999951, 42.390998943000056 ], [ -3.40180993599995, 42.389439166000045 ], [ -3.39716696399995, 42.39350991200007 ], [ -3.392969025999946, 42.391391067000029 ], [ -3.391572, 42.374223999000037 ], [ -3.41219, 42.37696149900006 ], [ -3.423253147999958, 42.381993158000057 ], [ -3.42516059999997, 42.391798125000037 ], [ -3.431175867999968, 42.402151837000076 ], [ -3.437757, 42.404716499000074 ], [ -3.421315082999968, 42.418848021000031 ], [ -3.42702752799994, 42.426276615000063 ], [ -3.41875986499997, 42.432668748000026 ], [ -3.416831853999952, 42.43873863400006 ], [ -3.386559, 42.449996999000064 ], [ -3.385823499999958, 42.447116999000059 ] ] ] } },
{ "type": "Feature", "properties": { "code": "09430", "name": "Villaespasa" }, "geometry": { "type": "Polygon", "coordinates": [ [ [ -3.402898, 42.14630149900006 ], [ -3.400271, 42.148074999000073 ], [ -3.392089976999955, 42.147405369000069 ], [ -3.383572395999977, 42.150776776000043 ], [ -3.376758499999937, 42.148566999000025 ], [ -3.366988061999962, 42.127602885000044 ], [ -3.371364358999926, 42.123475711000026 ], [ -3.371492499999931, 42.115215499000044 ], [ -3.388285017999976, 42.086036336000063 ], [ -3.388197, 42.079337999000074 ], [ -3.399366499999928, 42.080890499000077 ], [ -3.403240095999934, 42.084046010000066 ], [ -3.416035247999957, 42.084484708000048 ], [ -3.418856, 42.088275999000075 ], [ -3.424727980999933, 42.090284861000043 ], [ -3.424597499999948, 42.093585999000027 ], [ -3.407749738999939, 42.102823705000048 ], [ -3.403881272999968, 42.110620276000077 ], [ -3.406036526999969, 42.123331807000056 ], [ -3.398463592999974, 42.144357661000072 ], [ -3.402898, 42.14630149900006 ] ] ] } },
{ "type": "Feature", "properties": { "code": "09431", "name": "Villafranca Montes de Oca" }, "geometry": { "type": "MultiPolygon", "coordinates": [ [ [ [ -3.283874499999968, 42.426433499000041 ], [ -3.293491058999962, 42.402765855000041 ], [ -3.293258651999963, 42.386944071000073 ], [ -3.28552995299998, 42.379092743000058 ], [ -3.262335499999949, 42.382121999000049 ], [ -3.270327658999975, 42.367657023000049 ], [ -3.270952516999955, 42.361358037000059 ], [ -3.261546969999927, 42.355844886000057 ], [ -3.254781317999971, 42.338731779000057 ], [ -3.257254806999924, 42.335081396000078 ], [ -3.270026949999931, 42.340316148000056 ], [ -3.27165965699993, 42.33476127800003 ], [ -3.280651592999959, 42.33311546300007 ], [ -3.29883246199995, 42.346588885000074 ], [ -3.300705978999929, 42.351161592000039 ], [ -3.308195778999959, 42.353551266000068 ], [ -3.329425881999953, 42.343211321000069 ], [ -3.334583499999951, 42.333030999000073 ], [ -3.353928499999938, 42.336936999000045 ], [ -3.354805776999967, 42.345698768000034 ], [ -3.346048602999929, 42.352844442000048 ], [ -3.345495218999929, 42.359236761000034 ], [ -3.352070696999931, 42.366413713000043 ], [ -3.367626499999972, 42.366973999000038 ], [ -3.36974031099993, 42.376226339000027 ], [ -3.37812447899995, 42.387678024000024 ], [ -3.378228499999977, 42.393318499000031 ], [ -3.360576641999955, 42.380743922000079 ], [ -3.357075682999948, 42.390394274000073 ], [ -3.346507499999973, 42.40254999900003 ], [ -3.34199029399997, 42.403373482000063 ], [ -3.332208790999971, 42.396791958000051 ], [ -3.317926296999929, 42.418572409000035 ], [ -3.297779443999957, 42.420243683000081 ], [ -3.283874499999968, 42.426433499000041 ] ] ], [ [ [ -3.276831499999957, 42.441642999000067 ], [ -3.269539, 42.442634499000064 ], [ -3.26167, 42.444911999000055 ], [ -3.256881, 42.445220999000071 ], [ -3.255264499999953, 42.442790999000067 ], [ -3.26140023399995, 42.442818749000025 ], [ -3.276898, 42.437480999000059 ], [ -3.276831499999957, 42.441642999000067 ] ] ] ] } },
{ "type": "Feature", "properties": { "code": "09432", "name": "Villafruela" }, "geometry": { "type": "Polygon", "coordinates": [ [ [ -3.983164, 41.91329199900008 ], [ -3.98420355899998, 41.922732676000066 ], [ -3.981725982999933, 41.929667368000025 ], [ -3.951787043999957, 41.935899438000035 ], [ -3.93532365599998, 41.957244254000045 ], [ -3.923227813999972, 41.960148637000032 ], [ -3.910708498999952, 41.956302639000057 ], [ -3.892427, 41.957553999000027 ], [ -3.876773, 41.947612499000059 ], [ -3.883392880999963, 41.93859463900003 ], [ -3.879021646999945, 41.926482916000055 ], [ -3.888867, 41.890663499000027 ], [ -3.944574572999954, 41.889267649000033 ], [ -3.961721527999941, 41.895531609000045 ], [ -3.978898813999933, 41.894059716000072 ], [ -3.982337499999971, 41.904994999000053 ], [ -3.9822, 41.91099549900008 ], [ -3.983164, 41.91329199900008 ] ] ] } },
{ "type": "Feature", "properties": { "code": "09433", "name": "Villagalijo" }, "geometry": { "type": "Polygon", "coordinates": [ [ [ -3.159696, 42.30510349900004 ], [ -3.168775081999968, 42.309804512000028 ], [ -3.189258182999936, 42.333822458000043 ], [ -3.20885106999998, 42.340468998000063 ], [ -3.217945777999944, 42.351537992000033 ], [ -3.229483731999949, 42.35399994900007 ], [ -3.23523849999998, 42.351394499000037 ], [ -3.239805499999932, 42.351791499000058 ], [ -3.243840757999976, 42.354692198000066 ], [ -3.242128866999963, 42.361100901000043 ], [ -3.220251373999929, 42.37802604400008 ], [ -3.213376185999948, 42.377815038000051 ], [ -3.210575954999968, 42.381197422000071 ], [ -3.197127499999965, 42.375766999000064 ], [ -3.196831312999961, 42.370789144000071 ], [ -3.20189518899997, 42.365109724000035 ], [ -3.199494616999971, 42.360704650000059 ], [ -3.18857077499996, 42.358690655000032 ], [ -3.177770691999967, 42.360397930000033 ], [ -3.162663541999962, 42.35365605100003 ], [ -3.167822139999942, 42.346462512000073 ], [ -3.168289942999934, 42.338358640000081 ], [ -3.158250499999951, 42.328620999000066 ], [ -3.159696, 42.30510349900004 ] ] ] } },
{ "type": "Feature", "properties": { "code": "09434", "name": "Villagonzalo Pedernales" }, "geometry": { "type": "Polygon", "coordinates": [ [ [ -3.762620499999969, 42.286308499000029 ], [ -3.768827002999956, 42.294797388000063 ], [ -3.769141499999932, 42.299872999000058 ], [ -3.765020848999939, 42.298173035000048 ], [ -3.74773258099998, 42.307225788000039 ], [ -3.744083607999926, 42.312334041000042 ], [ -3.74454, 42.317596499000047 ], [ -3.732818818999931, 42.317264826000041 ], [ -3.726981056999932, 42.313058038000065 ], [ -3.703515877999962, 42.307454195000048 ], [ -3.702804499999957, 42.285678999000027 ], [ -3.73455649999994, 42.286517999000068 ], [ -3.747227499999951, 42.288154499000029 ], [ -3.762620499999969, 42.286308499000029 ] ] ] } },
{ "type": "Feature", "properties": { "code": "09437", "name": "Villahoz" }, "geometry": { "type": "Polygon", "coordinates": [ [ [ -3.901046, 42.027217999000072 ], [ -3.910323449999964, 42.020533776000036 ], [ -3.914518805999933, 42.012577546000045 ], [ -3.928271499999937, 42.019580999000027 ], [ -3.922911933999956, 42.039323607000028 ], [ -3.928311285999939, 42.049369006000063 ], [ -3.933112392999931, 42.053617627000051 ], [ -3.951649808999946, 42.059892477000062 ], [ -3.959773963999965, 42.067675904000055 ], [ -3.968185, 42.066184999000029 ], [ -3.964127499999961, 42.070354499000075 ], [ -3.965437, 42.073764999000048 ], [ -3.963791, 42.077686499000038 ], [ -3.962218, 42.088046999000028 ], [ -3.909126104999928, 42.11137764700004 ], [ -3.895549, 42.111408499000049 ], [ -3.889518008999971, 42.113096838000047 ], [ -3.882229108999979, 42.110780181000052 ], [ -3.861997, 42.094589499000051 ], [ -3.860717499999964, 42.081367499000066 ], [ -3.870722785999931, 42.074951284000065 ], [ -3.895918008999956, 42.049707954000041 ], [ -3.896690311999976, 42.040743853000038 ], [ -3.893816386999958, 42.036215814000059 ], [ -3.901046, 42.027217999000072 ] ] ] } },
{ "type": "Feature", "properties": { "code": "09438", "name": "Villalba de Duero" }, "geometry": { "type": "Polygon", "coordinates": [ [ [ -3.777866499999959, 41.671820999000033 ], [ -3.786515, 41.680660499000055 ], [ -3.782427499999926, 41.693343999000035 ], [ -3.749750049999932, 41.702125182000032 ], [ -3.735820239999953, 41.697586262000073 ], [ -3.731299960999934, 41.692881928000077 ], [ -3.733609270999978, 41.671017085000074 ], [ -3.735650161999956, 41.668088795000074 ], [ -3.744671499999924, 41.667419499000061 ], [ -3.749329499999931, 41.665256499000066 ], [ -3.752512, 41.665099999000063 ], [ -3.759495499999957, 41.666522999000051 ], [ -3.773567499999956, 41.673083999000028 ], [ -3.775612, 41.673251999000058 ], [ -3.777866499999959, 41.671820999000033 ] ] ] } },
{ "type": "Feature", "properties": { "code": "09439", "name": "Villalbilla de Burgos" }, "geometry": { "type": "Polygon", "coordinates": [ [ [ -3.771755, 42.305331999000032 ], [ -3.769157499999949, 42.30812049900004 ], [ -3.773771, 42.312106999000036 ], [ -3.775379, 42.316798999000071 ], [ -3.778796499999942, 42.32232299900005 ], [ -3.7842, 42.322501999000053 ], [ -3.781979664999938, 42.327561425000056 ], [ -3.784677877999968, 42.335309333000055 ], [ -3.790273627999966, 42.342135559000042 ], [ -3.798115, 42.344955999000035 ], [ -3.795859499999949, 42.348430499000074 ], [ -3.794126, 42.354389499000035 ], [ -3.79244, 42.355496499000026 ], [ -3.76925496399997, 42.35121878700005 ], [ -3.76277762999996, 42.355842042000063 ], [ -3.758663150999951, 42.355344575000061 ], [ -3.756804808999959, 42.347761305000063 ], [ -3.761198735999926, 42.336593871000048 ], [ -3.750472268999943, 42.327741881000065 ], [ -3.74454, 42.317596499000047 ], [ -3.744083607999926, 42.312334041000042 ], [ -3.74773258099998, 42.307225788000039 ], [ -3.765020848999939, 42.298173035000048 ], [ -3.769141499999932, 42.299872999000058 ], [ -3.771755, 42.305331999000032 ] ] ] } },
{ "type": "Feature", "properties": { "code": "09440", "name": "Villalbilla de Gumiel" }, "geometry": { "type": "Polygon", "coordinates": [ [ [ -3.665543499999956, 41.826740499000039 ], [ -3.663790499999948, 41.829639499000052 ], [ -3.661964499999954, 41.835918499000059 ], [ -3.65321974699998, 41.832657339000036 ], [ -3.623182294999935, 41.838543519000041 ], [ -3.59861849999993, 41.833949999000026 ], [ -3.595699499999967, 41.834678499000063 ], [ -3.593764499999963, 41.832645999000079 ], [ -3.590797, 41.826823999000055 ], [ -3.589827, 41.816867999000067 ], [ -3.596120499999927, 41.808811499000058 ], [ -3.593799, 41.803745499000058 ], [ -3.604753499999958, 41.80121249900003 ], [ -3.615759, 41.796397999000078 ], [ -3.617584, 41.789611999000044 ], [ -3.615349499999979, 41.785068499000033 ], [ -3.631354921999957, 41.77743358500004 ], [ -3.636609127999975, 41.778605550000066 ], [ -3.645522887999959, 41.787145944000031 ], [ -3.651991550999981, 41.80239885900005 ], [ -3.651549177999925, 41.817215125000075 ], [ -3.665543499999956, 41.826740499000039 ] ] ] } },
{ "type": "Feature", "properties": { "code": "09441", "name": "Villaldemiro" }, "geometry": { "type": "Polygon", "coordinates": [ [ [ -3.982741, 42.227638499000079 ], [ -3.988335519999964, 42.232612506000066 ], [ -4.00893571499995, 42.236825640000063 ], [ -4.013986832999933, 42.242342405000045 ], [ -4.014834578999967, 42.251321039000061 ], [ -4.02769, 42.264564499000073 ], [ -4.018505499999947, 42.260314999000059 ], [ -4.01218549999993, 42.259387999000069 ], [ -4.004767499999957, 42.255633999000054 ], [ -4.000949499999933, 42.256496999000035 ], [ -3.990784499999961, 42.255313999000066 ], [ -3.987575499999934, 42.255709999000032 ], [ -3.97670549999998, 42.26444249900004 ], [ -3.96636849999993, 42.265735999000071 ], [ -3.963687499999935, 42.263297999000031 ], [ -3.961213499999928, 42.256897499000047 ], [ -3.957585499999936, 42.252685499000052 ], [ -3.955537, 42.251784999000051 ], [ -3.952397499999961, 42.248634499000048 ], [ -3.957264657999929, 42.243600183000069 ], [ -3.967896780999979, 42.239862196000047 ], [ -3.973908020999943, 42.230845470000077 ], [ -3.982741, 42.227638499000079 ] ] ] } },
{ "type": "Feature", "properties": { "code": "09442", "name": "Villalmanzo" }, "geometry": { "type": "Polygon", "coordinates": [ [ [ -3.762629, 42.084350499000038 ], [ -3.733156176999955, 42.086950700000045 ], [ -3.728061946999958, 42.090518251000049 ], [ -3.711449, 42.090800999000066 ], [ -3.69421449999993, 42.079314999000076 ], [ -3.697001556999965, 42.074445659000048 ], [ -3.695554232999939, 42.070033186000046 ], [ -3.704216620999944, 42.065728585000045 ], [ -3.720533499999931, 42.043933999000046 ], [ -3.737887644999944, 42.037823304000028 ], [ -3.749754335999967, 42.038469589000044 ], [ -3.760742876999927, 42.044276731000025 ], [ -3.763447267999936, 42.061304268000072 ], [ -3.75727875299998, 42.076899524000055 ], [ -3.762629, 42.084350499000038 ] ] ] } },
{ "type": "Feature", "properties": { "code": "09443", "name": "Villamayor de los Montes" }, "geometry": { "type": "Polygon", "coordinates": [ [ [ -3.695378, 42.120499499000061 ], [ -3.711449, 42.090800999000066 ], [ -3.728061946999958, 42.090518251000049 ], [ -3.733156176999955, 42.086950700000045 ], [ -3.762629, 42.084350499000038 ], [ -3.776087, 42.084438999000042 ], [ -3.785477499999956, 42.082061999000075 ], [ -3.792411499999957, 42.082553999000027 ], [ -3.80043749999993, 42.085346499000025 ], [ -3.804919499999926, 42.08592599900004 ], [ -3.803570321999928, 42.103557833000025 ], [ -3.809446279999975, 42.107244754000078 ], [ -3.813195906999965, 42.118258852000054 ], [ -3.822258929999975, 42.120281662000025 ], [ -3.821003, 42.129356499000039 ], [ -3.811394998999958, 42.127676906000033 ], [ -3.805011986999943, 42.128471475000026 ], [ -3.789851916999964, 42.132588824000038 ], [ -3.787127709999936, 42.134478741000066 ], [ -3.787165496999933, 42.13770291600008 ], [ -3.768342, 42.139474499000073 ], [ -3.765430177999974, 42.134302718000072 ], [ -3.748125386999959, 42.130532763000076 ], [ -3.739609923999978, 42.120992735000073 ], [ -3.727308584999946, 42.116701197000054 ], [ -3.702300756999932, 42.118151079000029 ], [ -3.696919952999963, 42.122494900000049 ], [ -3.695378, 42.120499499000061 ] ] ] } },
{ "type": "Feature", "properties": { "code": "09444", "name": "Villamayor de Treviño" }, "geometry": { "type": "Polygon", "coordinates": [ [ [ -4.11349, 42.471801499000037 ], [ -4.111374855999941, 42.45568576800008 ], [ -4.116, 42.448802999000065 ], [ -4.153985499999976, 42.443915999000069 ], [ -4.166751624999961, 42.470608894000065 ], [ -4.175506499999926, 42.480243499000039 ], [ -4.175011499999925, 42.482356499000048 ], [ -4.17565849999994, 42.484538999000051 ], [ -4.169984499999941, 42.490871499000036 ], [ -4.162708221999935, 42.492478759000051 ], [ -4.150928499999964, 42.504752999000061 ], [ -4.144570482999939, 42.494254986000044 ], [ -4.148482522999927, 42.488133178000055 ], [ -4.135786052999947, 42.478269810000029 ], [ -4.118989, 42.471126499000036 ], [ -4.116617079999969, 42.470733806000055 ], [ -4.115142, 42.472354999000061 ], [ -4.11349, 42.471801499000037 ] ] ] } },
{ "type": "Feature", "properties": { "code": "09445", "name": "Villambistia" }, "geometry": { "type": "Polygon", "coordinates": [ [ [ -3.276898, 42.437480999000059 ], [ -3.26140023399995, 42.442818749000025 ], [ -3.255264499999953, 42.442790999000067 ], [ -3.251582, 42.430884999000057 ], [ -3.253067199999975, 42.426226510000049 ], [ -3.247135223999976, 42.401413908000052 ], [ -3.252266, 42.385772499000041 ], [ -3.262335499999949, 42.382121999000049 ], [ -3.276916, 42.38070699900004 ], [ -3.281286689999945, 42.386924588000056 ], [ -3.271784565999951, 42.404672722000043 ], [ -3.269759302999944, 42.416372396000042 ], [ -3.27767, 42.430610999000066 ], [ -3.276898, 42.437480999000059 ] ] ] } },
{ "type": "Feature", "properties": { "code": "09446", "name": "Villamedianilla" }, "geometry": { "type": "Polygon", "coordinates": [ [ [ -4.184644499999933, 42.157924499000046 ], [ -4.149668746999964, 42.168591105000075 ], [ -4.13307942199998, 42.178863656000033 ], [ -4.122642499999927, 42.181171499000072 ], [ -4.127050432999965, 42.168667529000061 ], [ -4.142699685999958, 42.15547558600008 ], [ -4.170432499999947, 42.153991499000028 ], [ -4.184644499999933, 42.157924499000046 ] ] ] } },
{ "type": "Feature", "properties": { "code": "09447", "name": "Villamiel de la Sierra" }, "geometry": { "type": "Polygon", "coordinates": [ [ [ -3.367701, 42.212730499000031 ], [ -3.380202319999967, 42.198502684000061 ], [ -3.39907478799995, 42.18418482800007 ], [ -3.400210499999957, 42.176975499000037 ], [ -3.415724959999977, 42.177117553000073 ], [ -3.450891, 42.189838499000075 ], [ -3.44703728199994, 42.20041337300006 ], [ -3.439157730999966, 42.199437092000039 ], [ -3.430312332999961, 42.207895302000054 ], [ -3.412877005999974, 42.21381933400005 ], [ -3.402129, 42.21416799900004 ], [ -3.397769499999924, 42.216525999000055 ], [ -3.395071499999972, 42.216987499000027 ], [ -3.388848, 42.21576249900005 ], [ -3.376124, 42.217399499000066 ], [ -3.372802499999977, 42.215232999000079 ], [ -3.369323, 42.214542499000061 ], [ -3.367701, 42.212730499000031 ] ] ] } },
{ "type": "Feature", "properties": { "code": "09448", "name": "Villangómez" }, "geometry": { "type": "Polygon", "coordinates": [ [ [ -3.816552, 42.201129999000045 ], [ -3.80675604299995, 42.212067792000028 ], [ -3.790988, 42.215205999000034 ], [ -3.773242219999929, 42.212896441000055 ], [ -3.760071499999981, 42.218349499000055 ], [ -3.761718755999937, 42.210784284000056 ], [ -3.745887499999981, 42.204284499000039 ], [ -3.74727327599993, 42.200178067000024 ], [ -3.738011608999955, 42.194856250000043 ], [ -3.731305606999967, 42.182172597000033 ], [ -3.732493, 42.174182999000038 ], [ -3.753284912999959, 42.182572547000063 ], [ -3.753176374999953, 42.177591453000048 ], [ -3.760486950999962, 42.167443842000068 ], [ -3.758632950999925, 42.14203870700004 ], [ -3.768342, 42.139474499000073 ], [ -3.782273499999974, 42.147964499000068 ], [ -3.785183, 42.14543149900004 ], [ -3.795229, 42.148460499000066 ], [ -3.807199499999967, 42.165664499000059 ], [ -3.815252499999929, 42.170554999000046 ], [ -3.817639499999927, 42.175506499000051 ], [ -3.814325310999948, 42.197970549000047 ], [ -3.816552, 42.201129999000045 ] ] ] } },
{ "type": "Feature", "properties": { "code": "09449", "name": "Villanueva de Argaño" }, "geometry": { "type": "Polygon", "coordinates": [ [ [ -3.967929, 42.374770999000077 ], [ -3.960743838999974, 42.379540705000068 ], [ -3.960004499999968, 42.389564499000073 ], [ -3.921479361999957, 42.396200192000038 ], [ -3.91457860099996, 42.380286411000043 ], [ -3.940276000999972, 42.372457267000073 ], [ -3.959406036999951, 42.372218076000081 ], [ -3.967929, 42.374770999000077 ] ] ] } },
{ "type": "Feature", "properties": { "code": "09450", "name": "Villanueva de Carazo" }, "geometry": { "type": "Polygon", "coordinates": [ [ [ -3.306836, 41.956619499000055 ], [ -3.313761499999941, 41.966273999000066 ], [ -3.319897, 41.972228999000038 ], [ -3.318221499999936, 41.972663999000076 ], [ -3.320762499999944, 41.97654699900005 ], [ -3.329122, 41.977488999000059 ], [ -3.331562499999961, 41.975806999000042 ], [ -3.34739449999995, 41.986221499000067 ], [ -3.340616499999953, 41.996688499000072 ], [ -3.318937, 42.002486999000041 ], [ -3.313796499999967, 41.993236499000034 ], [ -3.310870499999965, 41.989963499000055 ], [ -3.312399, 41.971778999000037 ], [ -3.299283, 41.956484999000054 ], [ -3.30555, 41.955253499000037 ], [ -3.306836, 41.956619499000055 ] ] ] } },
{ "type": "Feature", "properties": { "code": "09451", "name": "Villanueva de Gumiel" }, "geometry": { "type": "Polygon", "coordinates": [ [ [ -3.609536499999933, 41.757106499000031 ], [ -3.607161922999978, 41.748211090000041 ], [ -3.589448499999946, 41.736167999000031 ], [ -3.622124134999979, 41.715783270000031 ], [ -3.657358, 41.72576949900008 ], [ -3.659443493999959, 41.755547610000065 ], [ -3.626845, 41.770549499000026 ], [ -3.612764499999969, 41.758674499000051 ], [ -3.609536499999933, 41.757106499000031 ] ] ] } },
{ "type": "Feature", "properties": { "code": "09454", "name": "Villanueva de Teba" }, "geometry": { "type": "Polygon", "coordinates": [ [ [ -3.168775081999968, 42.628662334000069 ], [ -3.170116530999962, 42.642411899000081 ], [ -3.174029, 42.650340999000036 ], [ -3.164380647999963, 42.660956790000057 ], [ -3.168673899999931, 42.666230197000061 ], [ -3.167775784999947, 42.669338994000043 ], [ -3.155354, 42.675456999000062 ], [ -3.154664128999968, 42.651359436000064 ], [ -3.159679754999956, 42.635603122000077 ], [ -3.155014568999945, 42.627448857000047 ], [ -3.156667499999969, 42.620742499000073 ], [ -3.16349379899998, 42.621877717000075 ], [ -3.168775081999968, 42.628662334000069 ] ] ] } },
{ "type": "Feature", "properties": { "code": "09455", "name": "Villaquirán de la Puebla" }, "geometry": { "type": "Polygon", "coordinates": [ [ [ -4.056272499999977, 42.280631999000036 ], [ -4.072935515999973, 42.271791617000076 ], [ -4.088236499999937, 42.259311999000033 ], [ -4.097754223999971, 42.262850097000069 ], [ -4.111393437999936, 42.277532459000042 ], [ -4.110424447999947, 42.28893118600007 ], [ -4.073531078999963, 42.294136007000077 ], [ -4.06508839199995, 42.290940307000028 ], [ -4.059338, 42.293663499000047 ], [ -4.056505499999957, 42.291831999000067 ], [ -4.057067, 42.287730999000075 ], [ -4.056272499999977, 42.280631999000036 ] ] ] } },
{ "type": "Feature", "properties": { "code": "09025", "name": "Arija" }, "geometry": { "type": "Polygon", "coordinates": [ [ [ -3.974126, 42.968276499000069 ], [ -3.972845, 42.970257999000069 ], [ -3.971765, 42.974576999000078 ], [ -3.9697, 42.976515999000071 ], [ -3.966394, 42.983703499000057 ], [ -3.960838499999966, 42.99239699900005 ], [ -3.956088, 42.997962499000039 ], [ -3.945018, 43.006491999000048 ], [ -3.930258455999933, 42.994479737000063 ], [ -3.939498125999933, 42.983191343000044 ], [ -3.941607, 42.976457499000048 ], [ -3.974126, 42.968276499000069 ] ] ] } },
{ "type": "Feature", "properties": { "code": "09026", "name": "Arlanzón" }, "geometry": { "type": "Polygon", "coordinates": [ [ [ -3.391172, 42.360643999000047 ], [ -3.387898499999949, 42.36738249900003 ], [ -3.383254499999964, 42.370649499000081 ], [ -3.383548499999961, 42.371071499000038 ], [ -3.374284, 42.369346499000073 ], [ -3.367626499999972, 42.366973999000038 ], [ -3.352070696999931, 42.366413713000043 ], [ -3.345495218999929, 42.359236761000034 ], [ -3.346048602999929, 42.352844442000048 ], [ -3.354805776999967, 42.345698768000034 ], [ -3.353928499999938, 42.336936999000045 ], [ -3.357495089999929, 42.330786583000076 ], [ -3.377690586999961, 42.334403344000066 ], [ -3.406413009999937, 42.315114923000067 ], [ -3.405443795999929, 42.309441278000065 ], [ -3.41067854399995, 42.298868869000046 ], [ -3.40663025799995, 42.294723098000077 ], [ -3.419490499999938, 42.291030999000043 ], [ -3.431809496999961, 42.29573969300003 ], [ -3.448953, 42.297572499000069 ], [ -3.504898096999966, 42.320268442000042 ], [ -3.497650824999937, 42.337372152000057 ], [ -3.507343, 42.34595149900008 ], [ -3.50640821199994, 42.35159737500004 ], [ -3.49226645799996, 42.362728063000077 ], [ -3.49046330799996, 42.378010948000053 ], [ -3.47681, 42.384807499000033 ], [ -3.464430788999948, 42.380561476000025 ], [ -3.45662051599993, 42.373779341000045 ], [ -3.44447146899995, 42.371730068000033 ], [ -3.451664678999975, 42.362699431000067 ], [ -3.433466974999931, 42.360688369000059 ], [ -3.427646031999927, 42.364657442000066 ], [ -3.414624605999961, 42.363591221000036 ], [ -3.397422542999948, 42.356169721000072 ], [ -3.391172, 42.360643999000047 ] ] ] } },
{ "type": "Feature", "properties": { "code": "09027", "name": "Arraya de Oca" }, "geometry": { "type": "Polygon", "coordinates": [ [ [ -3.391572, 42.374223999000037 ], [ -3.392969025999946, 42.391391067000029 ], [ -3.39716696399995, 42.39350991200007 ], [ -3.40180993599995, 42.389439166000045 ], [ -3.404777452999951, 42.390998943000056 ], [ -3.404006906999939, 42.409341419000043 ], [ -3.408873978999964, 42.420168524000076 ], [ -3.40255485299997, 42.430310057000042 ], [ -3.388234, 42.433673999000064 ], [ -3.387901805999945, 42.427663457000051 ], [ -3.377587726999934, 42.409661203000041 ], [ -3.380492962999938, 42.401106562000052 ], [ -3.378228499999977, 42.393318499000031 ], [ -3.37812447899995, 42.387678024000024 ], [ -3.36974031099993, 42.376226339000027 ], [ -3.367626499999972, 42.366973999000038 ], [ -3.374284, 42.369346499000073 ], [ -3.383548499999961, 42.371071499000038 ], [ -3.391572, 42.374223999000037 ] ] ] } },
{ "type": "Feature", "properties": { "code": "09029", "name": "Atapuerca" }, "geometry": { "type": "MultiPolygon", "coordinates": [ [ [ [ -3.383254499999964, 42.370649499000081 ], [ -3.388643443999968, 42.369452620000061 ], [ -3.388942499999928, 42.368537056000037 ], [ -3.387898499999949, 42.36738249900003 ], [ -3.391172, 42.360643999000047 ], [ -3.41219, 42.37696149900006 ], [ -3.391572, 42.374223999000037 ], [ -3.383254499999964, 42.370649499000081 ] ] ], [ [ [ -3.489808499999981, 42.40365999900007 ], [ -3.487178, 42.396526499000061 ], [ -3.479626499999938, 42.390983499000072 ], [ -3.47681, 42.384807499000033 ], [ -3.49046330799996, 42.378010948000053 ], [ -3.49226645799996, 42.362728063000077 ], [ -3.50640821199994, 42.35159737500004 ], [ -3.507343, 42.34595149900008 ], [ -3.508811499999979, 42.350440999000057 ], [ -3.511374499999931, 42.352184499000032 ], [ -3.52362, 42.350074999000071 ], [ -3.52927649999998, 42.34989549900007 ], [ -3.523005344999945, 42.360845605000065 ], [ -3.531154025999967, 42.377067308000051 ], [ -3.560459, 42.385657999000045 ], [ -3.555566088999967, 42.387225580000063 ], [ -3.556088, 42.395808999000053 ], [ -3.508165564999956, 42.406278343000054 ], [ -3.501924, 42.405234999000072 ], [ -3.497243282999932, 42.401969533000056 ], [ -3.489808499999981, 42.40365999900007 ] ] ] ] } },
{ "type": "Feature", "properties": { "code": "09030", "name": "Ausines, Los" }, "geometry": { "type": "MultiPolygon", "coordinates": [ [ [ [ -3.567559, 42.167236499000069 ], [ -3.565926, 42.166022499000064 ], [ -3.553805499999953, 42.16169349900008 ], [ -3.540163, 42.161613499000055 ], [ -3.535709499999939, 42.15759299900003 ], [ -3.532434499999965, 42.156490499000029 ], [ -3.523613499999954, 42.149795499000049 ], [ -3.528129496999952, 42.140657653000062 ], [ -3.544551927999976, 42.134989627000039 ], [ -3.551416, 42.135966999000061 ], [ -3.57041804499994, 42.144643699000028 ], [ -3.574457, 42.149532499000031 ], [ -3.572474589999956, 42.163225797000052 ], [ -3.575581499999942, 42.166827999000077 ], [ -3.567559, 42.167236499000069 ] ] ], [ [ [ -3.571943, 42.179454999000029 ], [ -3.584622, 42.180911999000045 ], [ -3.593035499999928, 42.179446999000049 ], [ -3.600242499999979, 42.180900499000074 ], [ -3.602750499999956, 42.182357999000033 ], [ -3.608927499999936, 42.188754999000025 ], [ -3.609392499999956, 42.190570999000045 ], [ -3.601656276999961, 42.20090704200004 ], [ -3.619568995999941, 42.221162555000035 ], [ -3.625845419999962, 42.225388548000069 ], [ -3.629045499999961, 42.224391999000034 ], [ -3.637614543999973, 42.231694643000026 ], [ -3.637526930999968, 42.238042680000035 ], [ -3.631488499999932, 42.240924999000072 ], [ -3.602898499999981, 42.250144999000042 ], [ -3.593530595999937, 42.246483278000028 ], [ -3.589413110999942, 42.23853755500005 ], [ -3.584752609999953, 42.236444405000043 ], [ -3.574186441999927, 42.237385245000041 ], [ -3.566630728999939, 42.242453829000056 ], [ -3.555647718999978, 42.24419613200007 ], [ -3.532956499999955, 42.237719999000035 ], [ -3.55093639599994, 42.237006737000058 ], [ -3.563766036999937, 42.220082310000066 ], [ -3.56821378099994, 42.211884250000026 ], [ -3.566713382999978, 42.20743966200007 ], [ -3.569617290999929, 42.200349763000077 ], [ -3.567413145999978, 42.193432322000035 ], [ -3.571943, 42.179454999000029 ] ] ] ] } },
{ "type": "Feature", "properties": { "code": "09032", "name": "Avellanosa de Muñó" }, "geometry": { "type": "MultiPolygon", "coordinates": [ [ [ [ -3.838241499999981, 41.995795999000052 ], [ -3.808748499999979, 41.99217999900003 ], [ -3.805606499999953, 41.980556499000045 ], [ -3.801057, 41.976642499000036 ], [ -3.798428692999948, 41.964509933000045 ], [ -3.804329766999956, 41.957743856000036 ], [ -3.819489060999956, 41.967349795000075 ], [ -3.824052, 41.96269249900007 ], [ -3.829666108999959, 41.974999748000073 ], [ -3.838770204999946, 41.983285051000053 ], [ -3.838241499999981, 41.995795999000052 ] ] ], [ [ [ -3.910230499999955, 41.996951999000032 ], [ -3.90342282499995, 42.007200838000074 ], [ -3.877476258999934, 42.012911858000052 ], [ -3.871309, 42.022109999000065 ], [ -3.855464499999925, 42.022365499000045 ], [ -3.851559499999951, 42.023852999000042 ], [ -3.846736, 42.024448499000073 ], [ -3.837384, 42.02432649900004 ], [ -3.834120499999926, 42.026061999000035 ], [ -3.828109757999925, 42.020250335000071 ], [ -3.831800499999929, 42.009246999000027 ], [ -3.831865, 42.005794499000046 ], [ -3.832736499999953, 42.004142499000068 ], [ -3.836259, 42.00203699900004 ], [ -3.842192, 42.000507499000037 ], [ -3.840914, 41.998840499000039 ], [ -3.848380583999926, 41.983861879000074 ], [ -3.860315294999964, 41.974218501000053 ], [ -3.874236, 41.955162217000066 ], [ -3.876773, 41.947612499000059 ], [ -3.892427, 41.957553999000027 ], [ -3.893540935999965, 41.972729582000056 ], [ -3.890072471999929, 41.98775921400005 ], [ -3.892021646999979, 41.995375709000029 ], [ -3.910230499999955, 41.996951999000032 ] ] ] ] } },
{ "type": "Feature", "properties": { "code": "09033", "name": "Bahabón de Esgueva" }, "geometry": { "type": "Polygon", "coordinates": [ [ [ -3.72347149999996, 41.893741499000043 ], [ -3.701649158999942, 41.881982156000049 ], [ -3.703067639999972, 41.869298601000025 ], [ -3.698039, 41.865237999000044 ], [ -3.695280757999967, 41.858782889000054 ], [ -3.696703382999942, 41.848207719000072 ], [ -3.693689499999948, 41.846191499000042 ], [ -3.72167473199994, 41.842718172000048 ], [ -3.724635499999977, 41.836658499000066 ], [ -3.730995, 41.839591999000049 ], [ -3.746446499999934, 41.85108199900003 ], [ -3.758705, 41.857730999000069 ], [ -3.762919, 41.863639999000043 ], [ -3.751476311999966, 41.86768409900003 ], [ -3.740330755999935, 41.882785692000027 ], [ -3.740907, 41.890884499000038 ], [ -3.729655499999978, 41.893695999000045 ], [ -3.72347149999996, 41.893741499000043 ] ] ] } },
{ "type": "Feature", "properties": { "code": "09034", "name": "Balbases, Los" }, "geometry": { "type": "Polygon", "coordinates": [ [ [ -4.088236499999937, 42.259311999000033 ], [ -4.072935515999973, 42.271791617000076 ], [ -4.056272499999977, 42.280631999000036 ], [ -4.053108499999951, 42.280803499000058 ], [ -4.040781, 42.271606499000029 ], [ -4.036990499999945, 42.270442999000068 ], [ -4.032808, 42.271262999000044 ], [ -4.02769, 42.264564499000073 ], [ -4.028719, 42.261420999000052 ], [ -4.028738, 42.257278499000051 ], [ -4.041391499999975, 42.240142999000057 ], [ -4.034719499999937, 42.229457999000033 ], [ -4.032828, 42.227874499000052 ], [ -4.034475, 42.225547999000071 ], [ -4.026901, 42.216571999000053 ], [ -4.044831225999928, 42.183689041000036 ], [ -4.039444499999945, 42.171626999000068 ], [ -4.047408239999925, 42.170969627000034 ], [ -4.055747456999939, 42.165372791000038 ], [ -4.067297017999977, 42.172051836000037 ], [ -4.072345499999926, 42.170619999000053 ], [ -4.07584587499997, 42.172540580000032 ], [ -4.086883143999955, 42.170600620000073 ], [ -4.101789138999948, 42.178053673000079 ], [ -4.111460680999926, 42.187101421000079 ], [ -4.122902, 42.185557999000025 ], [ -4.134269, 42.212363999000047 ], [ -4.131242499999928, 42.211170499000048 ], [ -4.116478499999971, 42.216857999000069 ], [ -4.087678, 42.233127499000034 ], [ -4.086567499999944, 42.23900149900004 ], [ -4.081419, 42.244056499000067 ], [ -4.088236499999937, 42.259311999000033 ] ] ] } },
{ "type": "Feature", "properties": { "code": "09035", "name": "Baños de Valdearados" }, "geometry": { "type": "Polygon", "coordinates": [ [ [ -3.589448499999946, 41.736167999000031 ], [ -3.607161922999978, 41.748211090000041 ], [ -3.609536499999933, 41.757106499000031 ], [ -3.604887, 41.761497499000029 ], [ -3.598482499999932, 41.764827999000033 ], [ -3.591891499999974, 41.765067999000053 ], [ -3.586610499999949, 41.769176499000025 ], [ -3.582060499999955, 41.775550999000075 ], [ -3.582098499999972, 41.779456999000047 ], [ -3.580651499999931, 41.784789999000054 ], [ -3.568878499999926, 41.795078999000054 ], [ -3.564815499999952, 41.797214499000063 ], [ -3.557854, 41.798194999000032 ], [ -3.551367499999969, 41.801242999000067 ], [ -3.546872006999934, 41.796612160000052 ], [ -3.531956590999926, 41.805770623000058 ], [ -3.525644, 41.805472999000074 ], [ -3.517271499999936, 41.795863999000062 ], [ -3.517548499999975, 41.789844499000026 ], [ -3.507608, 41.788501499000063 ], [ -3.505207144999929, 41.778861817000063 ], [ -3.50746335499997, 41.773897489000035 ], [ -3.529698576999976, 41.764324110000075 ], [ -3.534432844999969, 41.754039376000037 ], [ -3.543300532999979, 41.751917128000059 ], [ -3.563476, 41.738956499000039 ], [ -3.574992174999977, 41.74145147400003 ], [ -3.589448499999946, 41.736167999000031 ] ] ] } },
{ "type": "Feature", "properties": { "code": "09036", "name": "Bañuelos de Bureba" }, "geometry": { "type": "Polygon", "coordinates": [ [ [ -3.244754499999942, 42.507472999000072 ], [ -3.255053802999953, 42.493108903000063 ], [ -3.24910813799994, 42.481385497000076 ], [ -3.256929292999928, 42.478559117000032 ], [ -3.269736242999954, 42.482934122000074 ], [ -3.272542385999941, 42.489262669000027 ], [ -3.278643633999934, 42.492707024000026 ], [ -3.288430078999966, 42.494856200000072 ], [ -3.300372015999926, 42.491050011000027 ], [ -3.311604, 42.497386999000071 ], [ -3.270633681999925, 42.527346489000081 ], [ -3.257653648999963, 42.522554906000039 ], [ -3.253872458999979, 42.514296038000055 ], [ -3.245785127999966, 42.513476294000043 ], [ -3.244754499999942, 42.507472999000072 ] ] ] } },
{ "type": "Feature", "properties": { "code": "09037", "name": "Barbadillo de Herreros" }, "geometry": { "type": "Polygon", "coordinates": [ [ [ -3.183841499999971, 42.24220249900003 ], [ -3.168775081999968, 42.235549333000051 ], [ -3.14542129299997, 42.240812558000073 ], [ -3.102504499999952, 42.232211999000072 ], [ -3.099711154999966, 42.224498385000061 ], [ -3.101486, 42.217128999000067 ], [ -3.12833352399997, 42.200118521000036 ], [ -3.126593208999964, 42.194737043000032 ], [ -3.11541426499997, 42.187380871000073 ], [ -3.114989, 42.178783499000076 ], [ -3.134920112999964, 42.182761037000034 ], [ -3.138746186999981, 42.181321303000061 ], [ -3.142990004999945, 42.165480989000059 ], [ -3.13800170199994, 42.147645322000074 ], [ -3.142312219999951, 42.141507334000039 ], [ -3.156694841999979, 42.139714952000077 ], [ -3.166230694999967, 42.130036867000058 ], [ -3.184622551999951, 42.135333567000032 ], [ -3.19283323999997, 42.128807800000061 ], [ -3.198538, 42.128215499000078 ], [ -3.203262, 42.129889999000056 ], [ -3.194334010999967, 42.14443973200008 ], [ -3.18633532299998, 42.150338466000051 ], [ -3.182703317999938, 42.179809077000073 ], [ -3.190202245999956, 42.20394359200003 ], [ -3.209910240999932, 42.215785584000059 ], [ -3.212967, 42.220577499000058 ], [ -3.209854, 42.224662499000033 ], [ -3.20635249999998, 42.232002499000032 ], [ -3.189700499999958, 42.240508499000043 ], [ -3.183841499999971, 42.24220249900003 ] ] ] } },
{ "type": "Feature", "properties": { "code": "09038", "name": "Barbadillo del Mercado" }, "geometry": { "type": "Polygon", "coordinates": [ [ [ -3.363772499999925, 42.070327999000028 ], [ -3.361500499999977, 42.066074499000081 ], [ -3.35815, 42.063544999000044 ], [ -3.35143549999998, 42.056129499000065 ], [ -3.345273, 42.046939999000074 ], [ -3.33863249999996, 42.041267499000071 ], [ -3.327859, 42.035140999000077 ], [ -3.330379499999935, 42.034106999000073 ], [ -3.334345, 42.030006499000081 ], [ -3.345446, 42.023326499000063 ], [ -3.350259499999936, 42.022239499000079 ], [ -3.362258499999939, 42.025211499000079 ], [ -3.36642, 42.028297499000075 ], [ -3.380281, 42.031150999000033 ], [ -3.39256, 42.036083499000028 ], [ -3.40435, 42.039382999000054 ], [ -3.403868, 42.047355499000048 ], [ -3.400923499999976, 42.053661499000043 ], [ -3.386876461999975, 42.04383643500006 ], [ -3.375072800999931, 42.044277887000078 ], [ -3.37405969799994, 42.04646689100008 ], [ -3.379047126999978, 42.050275198000065 ], [ -3.372656409999934, 42.06524440000004 ], [ -3.363772499999925, 42.070327999000028 ] ] ] } },
{ "type": "Feature", "properties": { "code": "09039", "name": "Barbadillo del Pez" }, "geometry": { "type": "Polygon", "coordinates": [ [ [ -3.249725, 42.114833999000041 ], [ -3.26018931599998, 42.137991527000054 ], [ -3.256585625999946, 42.145083008000029 ], [ -3.247186204999934, 42.147323404000076 ], [ -3.242093395999973, 42.157097692000036 ], [ -3.235298644999943, 42.155774195000049 ], [ -3.230936864999933, 42.139499517000047 ], [ -3.214546499999926, 42.139320499000064 ], [ -3.210383006999962, 42.131404944000053 ], [ -3.198538, 42.128215499000078 ], [ -3.210281049999935, 42.123235344000079 ], [ -3.209895616999972, 42.110908882000047 ], [ -3.205701937999947, 42.099091120000026 ], [ -3.22514, 42.08911899900005 ], [ -3.245965499999954, 42.099361499000054 ], [ -3.249292, 42.105685999000059 ], [ -3.249725, 42.114833999000041 ] ] ] } },
{ "type": "Feature", "properties": { "code": "09041", "name": "Barrio de Muñó" }, "geometry": { "type": "Polygon", "coordinates": [ [ [ -4.018092499999966, 42.176482999000029 ], [ -4.012431928999945, 42.178108266000038 ], [ -4.014874814999928, 42.180891403000032 ], [ -4.009174318999953, 42.183378798000035 ], [ -4.010610472999929, 42.187632759000053 ], [ -4.00645514799993, 42.188823571000057 ], [ -4.00243, 42.195342999000047 ], [ -3.997373934999928, 42.194877991000055 ], [ -4.001103095999952, 42.185119609000026 ], [ -3.985687017999965, 42.180292827000073 ], [ -3.984106, 42.168788999000071 ], [ -3.996008038999946, 42.172658395000042 ], [ -4.010121092999952, 42.172221085000047 ], [ -4.018092499999966, 42.176482999000029 ] ] ] } },
{ "type": "Feature", "properties": { "code": "09043", "name": "Barrios de Bureba, Los" }, "geometry": { "type": "Polygon", "coordinates": [ [ [ -3.410572, 42.628268999000056 ], [ -3.425557, 42.632781999000031 ], [ -3.425033, 42.636394499000062 ], [ -3.413952998999946, 42.65621255800005 ], [ -3.405396633999942, 42.661686647000067 ], [ -3.403494638999973, 42.668306232000077 ], [ -3.387009040999942, 42.66448640200008 ], [ -3.358702748999974, 42.665260814000078 ], [ -3.355983458999958, 42.671224155000061 ], [ -3.361891181999965, 42.676701353000055 ], [ -3.359682, 42.68121749900007 ], [ -3.345462621999957, 42.680421566000064 ], [ -3.33484961399995, 42.672383248000074 ], [ -3.320793717999948, 42.66889277000007 ], [ -3.312142409999979, 42.658683144000065 ], [ -3.323673496999959, 42.649485263000031 ], [ -3.324822406999942, 42.64303157900008 ], [ -3.32035, 42.642307999000025 ], [ -3.322751499999924, 42.630107999000074 ], [ -3.324849499999971, 42.630237499000032 ], [ -3.336047, 42.623664999000027 ], [ -3.344089, 42.620155499000077 ], [ -3.34100849999993, 42.611980499000026 ], [ -3.35379, 42.604205999000044 ], [ -3.372823, 42.604758999000069 ], [ -3.378768499999978, 42.606296499000052 ], [ -3.390553041999965, 42.619656674000055 ], [ -3.410572, 42.628268999000056 ] ] ] } },
{ "type": "Feature", "properties": { "code": "09044", "name": "Barrios de Colina" }, "geometry": { "type": "MultiPolygon", "coordinates": [ [ [ [ -3.383254499999964, 42.370649499000081 ], [ -3.387898499999949, 42.36738249900003 ], [ -3.388942499999928, 42.368537056000037 ], [ -3.388643443999968, 42.369452620000061 ], [ -3.383254499999964, 42.370649499000081 ] ] ], [ [ [ -3.45232649999997, 42.423218499000029 ], [ -3.444324402999939, 42.415051006000056 ], [ -3.442771088999962, 42.403938326000059 ], [ -3.437757, 42.404716499000074 ], [ -3.431175867999968, 42.402151837000076 ], [ -3.42516059999997, 42.391798125000037 ], [ -3.423253147999958, 42.381993158000057 ], [ -3.41219, 42.37696149900006 ], [ -3.391172, 42.360643999000047 ], [ -3.397422542999948, 42.356169721000072 ], [ -3.414624605999961, 42.363591221000036 ], [ -3.427646031999927, 42.364657442000066 ], [ -3.433466974999931, 42.360688369000059 ], [ -3.451664678999975, 42.362699431000067 ], [ -3.44447146899995, 42.371730068000033 ], [ -3.45662051599993, 42.373779341000045 ], [ -3.464430788999948, 42.380561476000025 ], [ -3.47681, 42.384807499000033 ], [ -3.479626499999938, 42.390983499000072 ], [ -3.487178, 42.396526499000061 ], [ -3.489808499999981, 42.40365999900007 ], [ -3.4743, 42.408092499000077 ], [ -3.460512499999936, 42.413738499000033 ], [ -3.45232649999997, 42.423218499000029 ] ] ] ] } },
{ "type": "Feature", "properties": { "code": "09045", "name": "Basconcillos del Tozo" }, "geometry": { "type": "Polygon", "coordinates": [ [ [ -3.85162349999996, 42.641059999000049 ], [ -3.855993702999967, 42.638006326000038 ], [ -3.867419196999947, 42.617523195000047 ], [ -3.894839499999932, 42.612830999000039 ], [ -3.89734808299994, 42.619637156000067 ], [ -3.90978961299993, 42.627526332000059 ], [ -3.969602103999932, 42.63137671100003 ], [ -3.974005832999978, 42.635954771000058 ], [ -3.985648, 42.635158499000056 ], [ -3.988730989999965, 42.654862131000073 ], [ -4.03054949999995, 42.669414499000027 ], [ -4.020173794999948, 42.685092315000077 ], [ -4.029775830999938, 42.691273575000025 ], [ -4.024958433999927, 42.702972721000037 ], [ -4.02489067099998, 42.722686187000079 ], [ -3.996641967999949, 42.724091494000049 ], [ -4.003804087999924, 42.746455126000058 ], [ -4.001589588999934, 42.751646626000081 ], [ -3.994687499999941, 42.756240999000056 ], [ -3.985478499999942, 42.756511499000055 ], [ -3.978902, 42.758033999000077 ], [ -3.965713499999936, 42.758552499000075 ], [ -3.956566, 42.762168999000039 ], [ -3.946600499999931, 42.761863499000071 ], [ -3.950997041999926, 42.75595667500005 ], [ -3.951572495999926, 42.749681916000043 ], [ -3.944814741999949, 42.736400825000032 ], [ -3.933047166999927, 42.724820478000026 ], [ -3.93264268799993, 42.71057522600006 ], [ -3.935602824999933, 42.704763531000026 ], [ -3.910375329999965, 42.691469677000043 ], [ -3.904196204999948, 42.682234853000068 ], [ -3.906962295999961, 42.671385151000038 ], [ -3.898443387999976, 42.662754317000065 ], [ -3.891985535999936, 42.661561627000026 ], [ -3.877028339999981, 42.669463371000063 ], [ -3.870426042999952, 42.668645221000077 ], [ -3.86585249999996, 42.66424949900005 ], [ -3.859240757999942, 42.655983756000069 ], [ -3.861632137999948, 42.652484168000058 ], [ -3.860622754999952, 42.644543260000034 ], [ -3.85162349999996, 42.641059999000049 ] ] ] } },
{ "type": "Feature", "properties": { "code": "09046", "name": "Bascuñana" }, "geometry": { "type": "MultiPolygon", "coordinates": [ [ [ [ -3.081198, 42.430732499000044 ], [ -3.070531, 42.424636999000029 ], [ -3.068679499999973, 42.421950999000046 ], [ -3.06989, 42.41743849900007 ], [ -3.071589499999959, 42.416248499000062 ], [ -3.069909, 42.412124499000072 ], [ -3.069631, 42.403190499000061 ], [ -3.075203, 42.398891499000058 ], [ -3.082673499999942, 42.397358499000063 ], [ -3.078942, 42.405898999000044 ], [ -3.078201499999977, 42.415721999000027 ], [ -3.090377499999931, 42.422343999000077 ], [ -3.087286, 42.427413999000066 ], [ -3.081198, 42.430732499000044 ] ] ], [ [ [ -3.112726, 42.385009999000033 ], [ -3.117864088999966, 42.393598516000054 ], [ -3.124133720999964, 42.394511886000032 ], [ -3.126251392999961, 42.399494173000051 ], [ -3.117302089999953, 42.413750567000079 ], [ -3.116833489999976, 42.421776771000054 ], [ -3.120314499999949, 42.427684999000064 ], [ -3.103592661999926, 42.416652111000076 ], [ -3.109751800999959, 42.397917256000028 ], [ -3.108436499999925, 42.384555499000044 ], [ -3.110063305999972, 42.380953231000035 ], [ -3.112726, 42.385009999000033 ] ] ] ] } },
{ "type": "Feature", "properties": { "code": "09047", "name": "Belbimbre" }, "geometry": { "type": "Polygon", "coordinates": [ [ [ -4.028862499999946, 42.135803499000076 ], [ -4.034082486999978, 42.16896341000006 ], [ -4.042028, 42.171249499000055 ], [ -4.022498900999949, 42.172697097000025 ], [ -4.018092499999966, 42.176482999000029 ], [ -4.010121092999952, 42.172221085000047 ], [ -3.996008038999946, 42.172658395000042 ], [ -3.984106, 42.168788999000071 ], [ -3.992795783999952, 42.163484964000077 ], [ -3.99775410999996, 42.152408078000065 ], [ -4.028862499999946, 42.135803499000076 ] ] ] } },
{ "type": "Feature", "properties": { "code": "09456", "name": "Villaquirán de los Infantes" }, "geometry": { "type": "Polygon", "coordinates": [ [ [ -4.026901, 42.216571999000053 ], [ -4.034475, 42.225547999000071 ], [ -4.032828, 42.227874499000052 ], [ -4.034719499999937, 42.229457999000033 ], [ -4.041391499999975, 42.240142999000057 ], [ -4.028738, 42.257278499000051 ], [ -4.028719, 42.261420999000052 ], [ -4.02769, 42.264564499000073 ], [ -4.014834578999967, 42.251321039000061 ], [ -4.013986832999933, 42.242342405000045 ], [ -4.00893571499995, 42.236825640000063 ], [ -3.988335519999964, 42.232612506000066 ], [ -3.982741, 42.227638499000079 ], [ -3.984535784999935, 42.221870442000068 ], [ -3.995927808999966, 42.217952387000025 ], [ -4.005385499999932, 42.209827499000028 ], [ -4.018278399999929, 42.216067745000032 ], [ -4.026901, 42.216571999000053 ] ] ] } },
{ "type": "Feature", "properties": { "code": "09458", "name": "Villariezo" }, "geometry": { "type": "Polygon", "coordinates": [ [ [ -3.728687, 42.286643499000036 ], [ -3.701090499999964, 42.285251499000026 ], [ -3.699920991999932, 42.272606038000049 ], [ -3.704215906999934, 42.268651323000029 ], [ -3.700193, 42.262340499000061 ], [ -3.716800668999952, 42.260897278000073 ], [ -3.717419747999941, 42.249724055000058 ], [ -3.722272499999974, 42.24217999900003 ], [ -3.729945363999946, 42.245924456000068 ], [ -3.733877094999968, 42.262816280000038 ], [ -3.742964480999944, 42.267127984000069 ], [ -3.741218282999967, 42.274587071000042 ], [ -3.728687, 42.286643499000036 ] ] ] } },
{ "type": "Feature", "properties": { "code": "09460", "name": "Villasandino" }, "geometry": { "type": "Polygon", "coordinates": [ [ [ -4.097758, 42.345416999000065 ], [ -4.12242755699998, 42.352600946000052 ], [ -4.130069133999939, 42.351250175000075 ], [ -4.150106274999928, 42.359187805000033 ], [ -4.173281499999973, 42.372768499000074 ], [ -4.14666436899995, 42.396555714000044 ], [ -4.152878046999945, 42.404978260000064 ], [ -4.148279127999956, 42.411073154000064 ], [ -4.150383499999975, 42.415137999000081 ], [ -4.147013499999957, 42.416370499000038 ], [ -4.138022, 42.415054499000064 ], [ -4.136357499999974, 42.413810999000077 ], [ -4.132545, 42.414027999000041 ], [ -4.13199149999997, 42.410258499000065 ], [ -4.132506, 42.407760499000062 ], [ -4.129958, 42.40735999900005 ], [ -4.124026499999957, 42.407237999000074 ], [ -4.118327499999964, 42.408618999000055 ], [ -4.115135, 42.407531499000072 ], [ -4.1044, 42.408637999000064 ], [ -4.103054499999928, 42.410251999000025 ], [ -4.087381, 42.411880499000063 ], [ -4.079685173999962, 42.396196823000025 ], [ -4.063268354999934, 42.388226561000067 ], [ -4.060055892999969, 42.382651301000067 ], [ -4.097758, 42.345416999000065 ] ] ] } },
{ "type": "Feature", "properties": { "code": "09463", "name": "Villasur de Herreros" }, "geometry": { "type": "Polygon", "coordinates": [ [ [ -3.353928499999938, 42.336936999000045 ], [ -3.334583499999951, 42.333030999000073 ], [ -3.326624587999959, 42.329467154000042 ], [ -3.313481127999978, 42.31232822100003 ], [ -3.316453140999954, 42.301587587000029 ], [ -3.314334859999974, 42.291490669000041 ], [ -3.301355383999976, 42.28366558700003 ], [ -3.296451318999971, 42.277244927000027 ], [ -3.304925622999974, 42.265563101000055 ], [ -3.274640181999928, 42.264037933000054 ], [ -3.260077206999938, 42.253598808000049 ], [ -3.24516749999998, 42.256221999000047 ], [ -3.254532112999925, 42.246634813000071 ], [ -3.262950118999925, 42.244240768000054 ], [ -3.308218956999951, 42.250415314000065 ], [ -3.328501270999936, 42.25674388300007 ], [ -3.337892649999958, 42.254988925000077 ], [ -3.335803006999924, 42.251020001000029 ], [ -3.33934249999993, 42.247153999000034 ], [ -3.385148841999978, 42.241713767000078 ], [ -3.398523105999971, 42.242712349000044 ], [ -3.403455916999974, 42.248201307000045 ], [ -3.411620308999943, 42.246953319000056 ], [ -3.432758719999924, 42.254172636000078 ], [ -3.438479499999971, 42.268932499000073 ], [ -3.424051209999959, 42.270369011000071 ], [ -3.423306276999938, 42.276675778000026 ], [ -3.412344974999939, 42.272219064000069 ], [ -3.412089425999966, 42.281159282000033 ], [ -3.419490499999938, 42.291030999000043 ], [ -3.40663025799995, 42.294723098000077 ], [ -3.41067854399995, 42.298868869000046 ], [ -3.405443795999929, 42.309441278000065 ], [ -3.406413009999937, 42.315114923000067 ], [ -3.377690586999961, 42.334403344000066 ], [ -3.357495089999929, 42.330786583000076 ], [ -3.353928499999938, 42.336936999000045 ] ] ] } },
{ "type": "Feature", "properties": { "code": "09464", "name": "Villatuelda" }, "geometry": { "type": "Polygon", "coordinates": [ [ [ -3.875165, 41.776664499000049 ], [ -3.885581019999961, 41.780201709000039 ], [ -3.889139612999941, 41.790916974000027 ], [ -3.909873, 41.801036999000075 ], [ -3.901715499999966, 41.806609999000045 ], [ -3.902242499999943, 41.812175499000034 ], [ -3.901531499999976, 41.816501499000026 ], [ -3.898506499999939, 41.823154499000054 ], [ -3.892730499999971, 41.827819999000042 ], [ -3.888043, 41.827560499000072 ], [ -3.867688, 41.835254999000028 ], [ -3.861602362999975, 41.822778905000064 ], [ -3.86304187099995, 41.798352526000031 ], [ -3.868218466999963, 41.786345679000078 ], [ -3.87499056799993, 41.791781189000062 ], [ -3.879305587999966, 41.788353366000081 ], [ -3.875165, 41.776664499000049 ] ] ] } },
{ "type": "Feature", "properties": { "code": "09466", "name": "Villaverde del Monte" }, "geometry": { "type": "Polygon", "coordinates": [ [ [ -3.768342, 42.139474499000073 ], [ -3.787165496999933, 42.13770291600008 ], [ -3.787127709999936, 42.134478741000066 ], [ -3.789851916999964, 42.132588824000038 ], [ -3.805011986999943, 42.128471475000026 ], [ -3.811394998999958, 42.127676906000033 ], [ -3.821003, 42.129356499000039 ], [ -3.828566167999952, 42.136525727000048 ], [ -3.83646089299998, 42.135727527000029 ], [ -3.829503339999974, 42.122456578000026 ], [ -3.837832553999931, 42.116363488000047 ], [ -3.862822239999957, 42.106387184000027 ], [ -3.86461573899993, 42.101316300000065 ], [ -3.861997, 42.094589499000051 ], [ -3.882229108999979, 42.110780181000052 ], [ -3.889518008999971, 42.113096838000047 ], [ -3.895549, 42.111408499000049 ], [ -3.894029050999961, 42.120086148000041 ], [ -3.886728743999925, 42.126555906000078 ], [ -3.868648986999972, 42.130823475000057 ], [ -3.852313495999965, 42.13985142100006 ], [ -3.858728038999971, 42.14318367900006 ], [ -3.86986152299994, 42.143212495000057 ], [ -3.880867158999934, 42.165444918000048 ], [ -3.880185, 42.170768999000074 ], [ -3.860024846999977, 42.167575932000034 ], [ -3.850577050999959, 42.170535914000027 ], [ -3.840776305999952, 42.162295229000051 ], [ -3.817639499999927, 42.175506499000051 ], [ -3.815252499999929, 42.170554999000046 ], [ -3.807199499999967, 42.165664499000059 ], [ -3.795229, 42.148460499000066 ], [ -3.785183, 42.14543149900004 ], [ -3.782273499999974, 42.147964499000068 ], [ -3.768342, 42.139474499000073 ] ] ] } },
{ "type": "Feature", "properties": { "code": "09467", "name": "Villaverde-Mogina" }, "geometry": { "type": "Polygon", "coordinates": [ [ [ -4.034031, 42.128516999000055 ], [ -4.048362156999929, 42.126566079000042 ], [ -4.051302113999952, 42.129547281000043 ], [ -4.062164, 42.131556999000054 ], [ -4.060986494999952, 42.136495730000036 ], [ -4.073662043999946, 42.154484486000058 ], [ -4.067891803999942, 42.157875125000032 ], [ -4.067245901999968, 42.161203447000048 ], [ -4.076318, 42.167834999000036 ], [ -4.072345499999926, 42.170619999000053 ], [ -4.067297017999977, 42.172051836000037 ], [ -4.055747456999939, 42.165372791000038 ], [ -4.047408239999925, 42.170969627000034 ], [ -4.042028, 42.171249499000055 ], [ -4.034082486999978, 42.16896341000006 ], [ -4.028862499999946, 42.135803499000076 ], [ -4.034031, 42.128516999000055 ] ] ] } },
{ "type": "Feature", "properties": { "code": "09471", "name": "Villayerno Morquillas" }, "geometry": { "type": "Polygon", "coordinates": [ [ [ -3.634268, 42.416625999000075 ], [ -3.626075250999975, 42.409262350000063 ], [ -3.623758941999938, 42.397518956000056 ], [ -3.613807, 42.392444499000078 ], [ -3.62140771199995, 42.384947231000069 ], [ -3.639892266999937, 42.381429081000078 ], [ -3.655136101999972, 42.384602101000041 ], [ -3.658710295999981, 42.393540163000068 ], [ -3.668357499999956, 42.401473999000075 ], [ -3.65331649999996, 42.412223999000048 ], [ -3.65177749999998, 42.410415499000067 ], [ -3.648380499999973, 42.40966049900004 ], [ -3.640830499999936, 42.415374999000051 ], [ -3.637415, 42.416583999000068 ], [ -3.634268, 42.416625999000075 ] ] ] } },
{ "type": "Feature", "properties": { "code": "09472", "name": "Villazopeque" }, "geometry": { "type": "Polygon", "coordinates": [ [ [ -4.000164499999926, 42.199901499000077 ], [ -4.00645514799993, 42.188823571000057 ], [ -4.010610472999929, 42.187632759000053 ], [ -4.009174318999953, 42.183378798000035 ], [ -4.014874814999928, 42.180891403000032 ], [ -4.012431928999945, 42.178108266000038 ], [ -4.018092499999966, 42.176482999000029 ], [ -4.022498900999949, 42.172697097000025 ], [ -4.039444499999945, 42.171626999000068 ], [ -4.044831225999928, 42.183689041000036 ], [ -4.026901, 42.216571999000053 ], [ -4.018278399999929, 42.216067745000032 ], [ -4.005385499999932, 42.209827499000028 ], [ -4.004058499999928, 42.208541999000033 ], [ -4.003599, 42.205680999000037 ], [ -4.000164499999926, 42.199901499000077 ] ] ] } },
{ "type": "Feature", "properties": { "code": "09473", "name": "Villegas" }, "geometry": { "type": "Polygon", "coordinates": [ [ [ -3.99540449999995, 42.440273499000057 ], [ -4.045767, 42.452735999000026 ], [ -4.055498, 42.453597999000067 ], [ -4.05721, 42.454944499000078 ], [ -4.059678, 42.459163499000056 ], [ -4.065661499999976, 42.462665499000025 ], [ -4.062952499999938, 42.467201499000055 ], [ -4.063337499999932, 42.472026999000036 ], [ -4.052723192999963, 42.483093150000059 ], [ -4.04981034399998, 42.492602951000038 ], [ -4.017113465999955, 42.483006623000051 ], [ -4.005090411999959, 42.487852721000081 ], [ -4.000449798999966, 42.485873422000054 ], [ -3.981958, 42.462917499000071 ], [ -3.986370609999938, 42.45911337900003 ], [ -3.99540449999995, 42.440273499000057 ] ] ] } },
{ "type": "Feature", "properties": { "code": "09476", "name": "Villoruebo" }, "geometry": { "type": "Polygon", "coordinates": [ [ [ -3.402898, 42.14630149900006 ], [ -3.409918715999936, 42.145945993000055 ], [ -3.415633380999964, 42.141443188000039 ], [ -3.422955499999944, 42.143237999000064 ], [ -3.433726, 42.152129999000067 ], [ -3.456756499999926, 42.158427999000025 ], [ -3.458834499999966, 42.16284949900006 ], [ -3.463048499999957, 42.16610349900003 ], [ -3.476888, 42.166408499000056 ], [ -3.483120499999927, 42.170928999000068 ], [ -3.492465207999942, 42.175931778000063 ], [ -3.497650057999977, 42.184276437000051 ], [ -3.492247937999934, 42.192229292000036 ], [ -3.482183499999962, 42.197669999000027 ], [ -3.477217, 42.199104499000043 ], [ -3.475269, 42.200832499000057 ], [ -3.453751499999953, 42.191753499000072 ], [ -3.450891, 42.189838499000075 ], [ -3.415724959999977, 42.177117553000073 ], [ -3.400210499999957, 42.176975499000037 ], [ -3.406281519999936, 42.163640438000073 ], [ -3.405976147999979, 42.154402143000027 ], [ -3.400271, 42.148074999000073 ], [ -3.402898, 42.14630149900006 ] ] ] } },
{ "type": "Feature", "properties": { "code": "09478", "name": "Vizcaínos" }, "geometry": { "type": "Polygon", "coordinates": [ [ [ -3.249725, 42.114833999000041 ], [ -3.249292, 42.105685999000059 ], [ -3.245965499999954, 42.099361499000054 ], [ -3.265295137999942, 42.10033175500007 ], [ -3.267609045999961, 42.095150057000069 ], [ -3.275267923999934, 42.09356931800005 ], [ -3.287147, 42.083957499000064 ], [ -3.292340725999964, 42.084022956000069 ], [ -3.298793080999928, 42.096643424000035 ], [ -3.304092, 42.097820499000079 ], [ -3.29880049999997, 42.101589499000056 ], [ -3.29569349999997, 42.101802999000029 ], [ -3.282286, 42.116683999000031 ], [ -3.275748499999963, 42.129615499000067 ], [ -3.267693, 42.127498499000069 ], [ -3.251306499999941, 42.113830499000073 ], [ -3.249725, 42.114833999000041 ] ] ] } },
{ "type": "Feature", "properties": { "code": "09480", "name": "Zael" }, "geometry": { "type": "Polygon", "coordinates": [ [ [ -3.804919499999926, 42.08592599900004 ], [ -3.816948, 42.087604499000065 ], [ -3.828497499999969, 42.081378999000037 ], [ -3.837037499999951, 42.080795499000033 ], [ -3.838763, 42.077773999000044 ], [ -3.846889, 42.079787999000075 ], [ -3.860717499999964, 42.081367499000066 ], [ -3.861997, 42.094589499000051 ], [ -3.86461573899993, 42.101316300000065 ], [ -3.862822239999957, 42.106387184000027 ], [ -3.837832553999931, 42.116363488000047 ], [ -3.829503339999974, 42.122456578000026 ], [ -3.83646089299998, 42.135727527000029 ], [ -3.828566167999952, 42.136525727000048 ], [ -3.821003, 42.129356499000039 ], [ -3.822258929999975, 42.120281662000025 ], [ -3.813195906999965, 42.118258852000054 ], [ -3.809446279999975, 42.107244754000078 ], [ -3.803570321999928, 42.103557833000025 ], [ -3.804919499999926, 42.08592599900004 ] ] ] } },
{ "type": "Feature", "properties": { "code": "09482", "name": "Zarzosa de Río Pisuerga" }, "geometry": { "type": "Polygon", "coordinates": [ [ [ -4.253868499999953, 42.568412999000032 ], [ -4.242263474999959, 42.561377851000032 ], [ -4.239895499999932, 42.561187999000026 ], [ -4.240005, 42.559287999000048 ], [ -4.236311499999942, 42.549880999000038 ], [ -4.238358499999947, 42.541995999000051 ], [ -4.237918, 42.533824999000046 ], [ -4.272169, 42.519950999000059 ], [ -4.275378499999931, 42.528720999000029 ], [ -4.277532, 42.52980399900008 ], [ -4.279635, 42.533790499000077 ], [ -4.27743849999996, 42.53538099900004 ], [ -4.278964499999972, 42.542732499000067 ], [ -4.277713499999948, 42.544654999000045 ], [ -4.254208615999971, 42.561604935000048 ], [ -4.253868499999953, 42.568412999000032 ] ] ] } },
{ "type": "Feature", "properties": { "code": "09483", "name": "Zazuar" }, "geometry": { "type": "Polygon", "coordinates": [ [ [ -3.574854499999958, 41.65946199900003 ], [ -3.573670499999935, 41.672293999000033 ], [ -3.567643919999966, 41.681631160000052 ], [ -3.570338660999937, 41.697345852000069 ], [ -3.561735470999963, 41.708646619000035 ], [ -3.549233, 41.717433999000036 ], [ -3.542628499999978, 41.715304999000068 ], [ -3.533381, 41.71502349900004 ], [ -3.524065, 41.707591999000044 ], [ -3.522441499999957, 41.703033499000071 ], [ -3.526158499999951, 41.697467999000025 ], [ -3.536548, 41.686740999000051 ], [ -3.537670499999933, 41.671439999000029 ], [ -3.536748499999931, 41.665904999000077 ], [ -3.537049499999966, 41.663085999000032 ], [ -3.538873, 41.659950499000047 ], [ -3.540872499999978, 41.653373499000054 ], [ -3.545936499999925, 41.644416999000043 ], [ -3.554232906999971, 41.644448355000065 ], [ -3.57113697099993, 41.650112272000058 ], [ -3.574854499999958, 41.65946199900003 ] ] ] } },
{ "type": "Feature", "properties": { "code": "09485", "name": "Zuñeda" }, "geometry": { "type": "Polygon", "coordinates": [ [ [ -3.19044, 42.607021499000041 ], [ -3.212256472999968, 42.595717869000055 ], [ -3.217491013999961, 42.588403648000053 ], [ -3.224472753999976, 42.584903305000068 ], [ -3.237236499999938, 42.585918499000059 ], [ -3.242120253999929, 42.587757785000065 ], [ -3.250077562999934, 42.599463105000041 ], [ -3.244529, 42.608768499000064 ], [ -3.241252499999973, 42.615997499000059 ], [ -3.228487, 42.619109999000045 ], [ -3.220355499999926, 42.619991499000037 ], [ -3.21817, 42.618880999000055 ], [ -3.20112249999994, 42.615039499000034 ], [ -3.196104, 42.616351999000074 ], [ -3.19044, 42.607021499000041 ] ] ] } },
{ "type": "Feature", "properties": { "code": "09901", "name": "Quintanilla del Agua y Tordueles" }, "geometry": { "type": "Polygon", "coordinates": [ [ [ -3.64536, 42.006553499000063 ], [ -3.647951285999966, 42.019789987000081 ], [ -3.64433994999996, 42.027135017000035 ], [ -3.645855049999966, 42.028830067000058 ], [ -3.657139743999949, 42.031914677000032 ], [ -3.686674499999981, 42.024696499000072 ], [ -3.686695379999946, 42.028326746000062 ], [ -3.690879672999927, 42.031500867000034 ], [ -3.682970175999969, 42.039502348000042 ], [ -3.677157499999964, 42.06243149900007 ], [ -3.647311640999931, 42.077758837000033 ], [ -3.627599724999925, 42.080979598000056 ], [ -3.613094499999931, 42.075698999000053 ], [ -3.624743867999939, 42.049821257000076 ], [ -3.62285467099997, 42.036033572000065 ], [ -3.61870371699996, 42.031735275000074 ], [ -3.600820499999941, 42.031932999000048 ], [ -3.595610397999963, 42.030801843000063 ], [ -3.596756931999948, 42.026654002000043 ], [ -3.606657, 42.030797499000073 ], [ -3.608046759999979, 42.028834729000039 ], [ -3.595451499999967, 42.01833349900005 ], [ -3.59280149999995, 42.021782499000039 ], [ -3.591289425999946, 42.015226609000081 ], [ -3.594084313999929, 42.012466035000045 ], [ -3.614497752999966, 42.006974777000039 ], [ -3.634326499999929, 42.006965499000046 ], [ -3.638084499999934, 42.004684499000064 ], [ -3.64536, 42.006553499000063 ] ] ] } },
{ "type": "Feature", "properties": { "code": "09902", "name": "Valle de Santibáñez" }, "geometry": { "type": "Polygon", "coordinates": [ [ [ -3.847659499999963, 42.538375999000039 ], [ -3.828275211999937, 42.537074275000066 ], [ -3.814196470999946, 42.532352298000035 ], [ -3.799813474999951, 42.533165673000042 ], [ -3.790977984999927, 42.521654307000063 ], [ -3.790398179999954, 42.505737478000071 ], [ -3.784946020999939, 42.502030329000036 ], [ -3.74103, 42.500171499000032 ], [ -3.741527499999961, 42.49698999900005 ], [ -3.740334, 42.49074549900007 ], [ -3.737299, 42.48414199900003 ], [ -3.738512, 42.47537999900004 ], [ -3.741169, 42.475749999000072 ], [ -3.741416499999957, 42.470012499000063 ], [ -3.736576, 42.452427499000066 ], [ -3.753600984999935, 42.444187648000025 ], [ -3.771618264999972, 42.443109306000053 ], [ -3.779531759999941, 42.433841611000048 ], [ -3.799418499999945, 42.427997499000071 ], [ -3.829937199999961, 42.44035681400004 ], [ -3.840268032999973, 42.441673050000077 ], [ -3.848545265999974, 42.452957060000074 ], [ -3.860609390999969, 42.448469069000055 ], [ -3.865992217999974, 42.450920951000057 ], [ -3.883913236999945, 42.451200586000027 ], [ -3.900054499999953, 42.446975499000075 ], [ -3.906275, 42.449981999000045 ], [ -3.90994, 42.45447899900006 ], [ -3.882998, 42.492259999000055 ], [ -3.866838345999952, 42.517584032000059 ], [ -3.853628425999943, 42.527648957000054 ], [ -3.847659499999963, 42.538375999000039 ] ] ] } },
{ "type": "Feature", "properties": { "code": "09903", "name": "Villarcayo de Merindad de Castilla la Vieja" }, "geometry": { "type": "Polygon", "coordinates": [ [ [ -3.66894, 42.942352499000037 ], [ -3.669875011999977, 42.946191041000077 ], [ -3.660432003999972, 42.950058770000055 ], [ -3.65042970199994, 42.958879634000027 ], [ -3.649867, 42.968055999000057 ], [ -3.631364528999939, 42.989762029000076 ], [ -3.629960073999939, 42.99809652700003 ], [ -3.611672425999927, 42.998184609000077 ], [ -3.586536363999926, 42.993865137000057 ], [ -3.576137119999942, 42.998327068000037 ], [ -3.569667, 43.007250165000073 ], [ -3.552935459999958, 43.005221773000073 ], [ -3.54179849999997, 43.007148999000037 ], [ -3.518618843999946, 42.994729207000034 ], [ -3.511631732999945, 42.993682899000078 ], [ -3.507376592999947, 42.998100101000034 ], [ -3.504825335999953, 42.992572940000059 ], [ -3.490951, 42.990195999000036 ], [ -3.488503005999974, 42.986706869000045 ], [ -3.496068994999973, 42.976002289000064 ], [ -3.506946662999951, 42.966853960000037 ], [ -3.508733131999975, 42.960733600000026 ], [ -3.518270341999937, 42.955555 ], [ -3.509858718999965, 42.946593505000067 ], [ -3.516616879999958, 42.940184530000067 ], [ -3.51410564899993, 42.935435341000073 ], [ -3.52161265999996, 42.91590685400007 ], [ -3.508561499999928, 42.904693999000074 ], [ -3.514128210999957, 42.904662123000037 ], [ -3.514503436999973, 42.893319604000055 ], [ -3.527284825999971, 42.882117589000075 ], [ -3.52810825499995, 42.876362591000031 ], [ -3.520218683999929, 42.863311303000046 ], [ -3.522041499999943, 42.860252499000069 ], [ -3.530825, 42.859519999000042 ], [ -3.541491, 42.860053999000058 ], [ -3.550456, 42.861923499000056 ], [ -3.553653, 42.863517999000067 ], [ -3.566123499999946, 42.864501999000026 ], [ -3.57849049999993, 42.867332499000042 ], [ -3.585021499999925, 42.867919999000037 ], [ -3.591820499999926, 42.867244499000037 ], [ -3.600853, 42.870647499000029 ], [ -3.610398499999974, 42.872840999000061 ], [ -3.613865499999974, 42.875495999000066 ], [ -3.617748499999948, 42.876926499000035 ], [ -3.627859, 42.877689499000041 ], [ -3.624472079999975, 42.885620338000081 ], [ -3.617303703999937, 42.891616072000033 ], [ -3.617513318999954, 42.902304469000057 ], [ -3.622986355999956, 42.905912786000044 ], [ -3.623450116999948, 42.917481044000056 ], [ -3.629018792999943, 42.92401224200006 ], [ -3.65752619899996, 42.931769286000076 ], [ -3.65997518699993, 42.936599896000075 ], [ -3.668938357999934, 42.937467110000057 ], [ -3.66894, 42.942352499000037 ] ] ] } },
{ "type": "Feature", "properties": { "code": "09904", "name": "Valle de las Navas" }, "geometry": { "type": "Polygon", "coordinates": [ [ [ -3.526334499999962, 42.430888999000047 ], [ -3.582856499999934, 42.415611499000079 ], [ -3.586978383999963, 42.419893004000073 ], [ -3.604215494999949, 42.418228158000034 ], [ -3.615843041999938, 42.421361473000047 ], [ -3.640830499999936, 42.415374999000051 ], [ -3.648380499999973, 42.40966049900004 ], [ -3.65177749999998, 42.410415499000067 ], [ -3.65331649999996, 42.412223999000048 ], [ -3.649987086999943, 42.41459450800005 ], [ -3.650330011999927, 42.420803646000024 ], [ -3.659407499999929, 42.428699499000061 ], [ -3.659407245999944, 42.433230293000065 ], [ -3.651575398999967, 42.436166127000035 ], [ -3.662503054999945, 42.451047316000029 ], [ -3.65431332299994, 42.455450336000069 ], [ -3.636311802999955, 42.477274611000041 ], [ -3.634340411999972, 42.483256978000043 ], [ -3.618994096999927, 42.491218253000056 ], [ -3.617574487999946, 42.502332931000069 ], [ -3.612499967999952, 42.509559659000047 ], [ -3.583569279999949, 42.529427440000063 ], [ -3.579339711999978, 42.535307339000042 ], [ -3.578613722999933, 42.545365169000036 ], [ -3.569538, 42.555373999000039 ], [ -3.561976194999943, 42.550888998000062 ], [ -3.543218313999944, 42.548809088000041 ], [ -3.537112499999978, 42.542770499000028 ], [ -3.536746216999973, 42.534617930000024 ], [ -3.544049178999956, 42.519719666000071 ], [ -3.534653125999967, 42.513708883000049 ], [ -3.527493685999957, 42.497962542000039 ], [ -3.527391, 42.490402499000027 ], [ -3.530957595999951, 42.47197649800006 ], [ -3.528025612999954, 42.468888594000077 ], [ -3.520454693999966, 42.469923144000063 ], [ -3.518456375999961, 42.467815589000054 ], [ -3.52947336099993, 42.439690774000042 ], [ -3.526334499999962, 42.430888999000047 ] ] ] } },
{ "type": "Feature", "properties": { "code": "09048", "name": "Belorado" }, "geometry": { "type": "Polygon", "coordinates": [ [ [ -3.108436499999925, 42.384555499000044 ], [ -3.104416, 42.385379999000065 ], [ -3.084808688999942, 42.384598831000062 ], [ -3.063979795999956, 42.362776429000064 ], [ -3.064846314999954, 42.356213461000038 ], [ -3.107084246999932, 42.351882662000037 ], [ -3.109561, 42.346175999000025 ], [ -3.120896856999934, 42.33812017300005 ], [ -3.133189499999958, 42.335956499000076 ], [ -3.13528249999996, 42.338340499000026 ], [ -3.141314, 42.337413999000034 ], [ -3.142736, 42.343761499000038 ], [ -3.139874, 42.345348499000067 ], [ -3.140584, 42.353473999000073 ], [ -3.139375499999971, 42.355346499000063 ], [ -3.13842920999997, 42.361294761000067 ], [ -3.14576560699993, 42.373306772000035 ], [ -3.154562337999948, 42.370988622000027 ], [ -3.16563178399997, 42.385036355000068 ], [ -3.176565, 42.388580499000057 ], [ -3.198268245999941, 42.379186519000029 ], [ -3.197127499999965, 42.375766999000064 ], [ -3.210575954999968, 42.381197422000071 ], [ -3.213376185999948, 42.377815038000051 ], [ -3.220251373999929, 42.37802604400008 ], [ -3.242128866999963, 42.361100901000043 ], [ -3.243840757999976, 42.354692198000066 ], [ -3.239805499999932, 42.351791499000058 ], [ -3.25842549999993, 42.347358499000052 ], [ -3.261546969999927, 42.355844886000057 ], [ -3.270952516999955, 42.361358037000059 ], [ -3.270327658999975, 42.367657023000049 ], [ -3.262335499999949, 42.382121999000049 ], [ -3.252266, 42.385772499000041 ], [ -3.245734113999958, 42.392546340000081 ], [ -3.227948448999939, 42.401187763000053 ], [ -3.22912066899994, 42.413254932000029 ], [ -3.244846540999959, 42.433798868000054 ], [ -3.251582, 42.430884999000057 ], [ -3.255264499999953, 42.442790999000067 ], [ -3.256881, 42.445220999000071 ], [ -3.26167, 42.444911999000055 ], [ -3.269539, 42.442634499000064 ], [ -3.276831499999957, 42.441642999000067 ], [ -3.283894825999937, 42.445722353000065 ], [ -3.28228, 42.455623499000069 ], [ -3.276511101999972, 42.472827392000056 ], [ -3.261961499999927, 42.480167499000061 ], [ -3.256929292999928, 42.478559117000032 ], [ -3.24910813799994, 42.481385497000076 ], [ -3.255053802999953, 42.493108903000063 ], [ -3.244754499999942, 42.507472999000072 ], [ -3.231275499999981, 42.512416999000038 ], [ -3.222305483999946, 42.511517124000079 ], [ -3.216367085999934, 42.516739621000056 ], [ -3.20827, 42.516803999000047 ], [ -3.206255825999961, 42.511356182000043 ], [ -3.191184375999967, 42.508757200000048 ], [ -3.192511700999944, 42.504046312000071 ], [ -3.187163642999963, 42.497491187000037 ], [ -3.179980311999941, 42.498235697000041 ], [ -3.189115, 42.478507999000044 ], [ -3.22395914699996, 42.462488404000055 ], [ -3.204994130999978, 42.456596932000025 ], [ -3.168775081999968, 42.455439420000062 ], [ -3.14841, 42.449317999000073 ], [ -3.148478499999953, 42.442413499000054 ], [ -3.151022, 42.437759499000038 ], [ -3.147798499999965, 42.437171999000043 ], [ -3.144193499999972, 42.434840999000073 ], [ -3.138367499999958, 42.433688999000026 ], [ -3.153901232999942, 42.425585459000047 ], [ -3.142939720999948, 42.417469697000058 ], [ -3.153535932999944, 42.403086830000063 ], [ -3.152012123999953, 42.388494197000057 ], [ -3.142355444999964, 42.377919098000064 ], [ -3.112726, 42.385009999000033 ], [ -3.110063305999972, 42.380953231000035 ], [ -3.108436499999925, 42.384555499000044 ] ] ] } },
{ "type": "Feature", "properties": { "code": "09050", "name": "Berberana" }, "geometry": { "type": "MultiPolygon", "coordinates": [ [ [ [ -3.016167499999938, 42.910506999000063 ], [ -3.033163909999928, 42.905820777000031 ], [ -3.059193649999941, 42.901956172000041 ], [ -3.070323328999962, 42.903109822000033 ], [ -3.089547, 42.898948499000028 ], [ -3.091630757999951, 42.908324797000034 ], [ -3.087711906999971, 42.911765410000044 ], [ -3.08768221899993, 42.916970139000057 ], [ -3.075048046999939, 42.92613130400008 ], [ -3.060743338999941, 42.924329197000077 ], [ -3.050473402999955, 42.927084476000061 ], [ -3.035859384999981, 42.938410169000065 ], [ -3.030668119999973, 42.94826690900004 ], [ -3.020920499999932, 42.956569999000067 ], [ -3.01161161999994, 42.95264247700004 ], [ -2.995887609999954, 42.952191324000069 ], [ -2.981419, 42.939876999000035 ], [ -2.98515, 42.936279499000079 ], [ -2.992092499999956, 42.935177999000075 ], [ -2.998208, 42.926772999000036 ], [ -3.003294, 42.928304499000035 ], [ -3.011953, 42.922254499000076 ], [ -3.013062, 42.920011499000054 ], [ -3.014717, 42.919088499000054 ], [ -3.016551499999935, 42.914964999000063 ], [ -3.016167499999938, 42.910506999000063 ] ] ], [ [ [ -3.138750499999958, 42.871246499000051 ], [ -3.136631561999934, 42.87785963400006 ], [ -3.12436718899994, 42.891064167000025 ], [ -3.116623208999954, 42.889511929000037 ], [ -3.112398399999961, 42.882137410000041 ], [ -3.105987786999947, 42.878972335000071 ], [ -3.114501150999956, 42.85964003600003 ], [ -3.123316514999942, 42.849641335000058 ], [ -3.127944499999955, 42.849528999000029 ], [ -3.12921149999994, 42.853069499000071 ], [ -3.138324499999953, 42.866374999000072 ], [ -3.136542, 42.869044999000039 ], [ -3.138750499999958, 42.871246499000051 ] ] ] ] } },
{ "type": "Feature", "properties": { "code": "09051", "name": "Berlangas de Roa" }, "geometry": { "type": "Polygon", "coordinates": [ [ [ -3.810815499999933, 41.671512499000073 ], [ -3.808695, 41.668079499000044 ], [ -3.868291545999966, 41.670945929000027 ], [ -3.875891575999958, 41.676174653000032 ], [ -3.883807, 41.675071499000069 ], [ -3.896869004999928, 41.692220687000031 ], [ -3.891136561999929, 41.706045878000054 ], [ -3.88802278999998, 41.706562657000063 ], [ -3.877777564999974, 41.699363929000071 ], [ -3.858795, 41.700473499000054 ], [ -3.845872093999958, 41.687864973000046 ], [ -3.825130982999951, 41.681982189000053 ], [ -3.810815499999933, 41.671512499000073 ] ] ] } },
{ "type": "Feature", "properties": { "code": "09052", "name": "Berzosa de Bureba" }, "geometry": { "type": "Polygon", "coordinates": [ [ [ -3.292425499999979, 42.613231499000051 ], [ -3.295069, 42.609565499000041 ], [ -3.299810499999978, 42.609546499000032 ], [ -3.297992, 42.612010999000063 ], [ -3.291823499999964, 42.614646999000058 ], [ -3.286201499999947, 42.62818549900004 ], [ -3.283521499999949, 42.633598499000072 ], [ -3.280691499999932, 42.63618849900007 ], [ -3.279994, 42.638755499000069 ], [ -3.26978549599994, 42.63589104700003 ], [ -3.251293, 42.638381999000046 ], [ -3.253056499999957, 42.61297249900008 ], [ -3.268190030999961, 42.610569632000079 ], [ -3.280509025999947, 42.614387992000047 ], [ -3.292425499999979, 42.613231499000051 ] ] ] } },
{ "type": "Feature", "properties": { "code": "09054", "name": "Bozoó" }, "geometry": { "type": "Polygon", "coordinates": [ [ [ -3.080805, 42.766775499000062 ], [ -3.067098870999928, 42.76086329900005 ], [ -3.060371, 42.761844999000061 ], [ -3.05074792399995, 42.74805367700003 ], [ -3.050434229999951, 42.738357609000047 ], [ -3.054479896999965, 42.733564641000044 ], [ -3.071818663999977, 42.727804558000059 ], [ -3.079912172999968, 42.714581373000044 ], [ -3.097152352999956, 42.710557401000074 ], [ -3.11487092599998, 42.713329946000044 ], [ -3.123224104999963, 42.718520341000044 ], [ -3.132025, 42.719825999000079 ], [ -3.139397499999973, 42.728336499000079 ], [ -3.140938499999947, 42.740131499000029 ], [ -3.139457499999935, 42.743896499000073 ], [ -3.135337, 42.748824999000078 ], [ -3.131296499999962, 42.757645499000034 ], [ -3.115785107999955, 42.759759622000047 ], [ -3.099270993999937, 42.766801204000046 ], [ -3.08426663399996, 42.758505095000032 ], [ -3.080805, 42.766775499000062 ] ] ] } },
{ "type": "Feature", "properties": { "code": "09055", "name": "Brazacorta" }, "geometry": { "type": "Polygon", "coordinates": [ [ [ -3.421506, 41.695998999000039 ], [ -3.409976220999965, 41.698865800000078 ], [ -3.394076499999926, 41.718593499000065 ], [ -3.387063703999956, 41.723972408000066 ], [ -3.355148, 41.733768499000064 ], [ -3.352489499999933, 41.729148999000074 ], [ -3.360683, 41.721584499000073 ], [ -3.359882, 41.71366849900005 ], [ -3.361833499999932, 41.710307999000065 ], [ -3.360456499999941, 41.704440999000042 ], [ -3.36094449999996, 41.699455499000067 ], [ -3.358714499999962, 41.69594199900007 ], [ -3.358423499999958, 41.69343199900004 ], [ -3.392102544999943, 41.69074738900008 ], [ -3.406260749999944, 41.676177801000051 ], [ -3.417753499999947, 41.656245999000078 ], [ -3.426838696999937, 41.659217628000079 ], [ -3.429359645999966, 41.677728045000038 ], [ -3.428007893999961, 41.683792711000081 ], [ -3.421238720999952, 41.688458805000039 ], [ -3.421506, 41.695998999000039 ] ] ] } },
{ "type": "Feature", "properties": { "code": "09056", "name": "Briviesca" }, "geometry": { "type": "MultiPolygon", "coordinates": [ [ [ [ -3.248929, 42.562156499000025 ], [ -3.256588703999967, 42.556554187000074 ], [ -3.260990509999942, 42.547834827000031 ], [ -3.246568701999934, 42.542605810000055 ], [ -3.238842665999925, 42.531111389000046 ], [ -3.222899536999932, 42.523383285000079 ], [ -3.222911856999929, 42.519135678000055 ], [ -3.231275499999981, 42.512416999000038 ], [ -3.244754499999942, 42.507472999000072 ], [ -3.245785127999966, 42.513476294000043 ], [ -3.253872458999979, 42.514296038000055 ], [ -3.257653648999963, 42.522554906000039 ], [ -3.270633681999925, 42.527346489000081 ], [ -3.313206, 42.496688999000071 ], [ -3.326317560999939, 42.502358805000028 ], [ -3.330899038999974, 42.510373625000057 ], [ -3.345492806999971, 42.516681711000047 ], [ -3.364827499999933, 42.506587999000033 ], [ -3.369417025999951, 42.516152323000028 ], [ -3.376535806999925, 42.522732403000077 ], [ -3.386817963999931, 42.519654355000057 ], [ -3.395385541999929, 42.52370662900006 ], [ -3.406965, 42.517684999000039 ], [ -3.416677299999947, 42.520253556000057 ], [ -3.40809349999995, 42.534007999000039 ], [ -3.401969, 42.533996499000068 ], [ -3.398665, 42.531520999000065 ], [ -3.396619, 42.52754599900004 ], [ -3.39247649999993, 42.525131499000054 ], [ -3.382753, 42.532107999000061 ], [ -3.374673, 42.540931499000067 ], [ -3.357387499999959, 42.551158999000052 ], [ -3.352327499999944, 42.552471499000035 ], [ -3.34838, 42.552215499000056 ], [ -3.344014499999957, 42.55582799900003 ], [ -3.345904499999961, 42.558676999000056 ], [ -3.339101, 42.568252499000039 ], [ -3.335947499999975, 42.570964999000068 ], [ -3.337099499999965, 42.572402999000076 ], [ -3.32772323699993, 42.573726580000027 ], [ -3.312556867999945, 42.58138417400005 ], [ -3.315384008999956, 42.594743562000076 ], [ -3.323523, 42.602512499000056 ], [ -3.32128, 42.602336999000045 ], [ -3.303856499999938, 42.609409499000037 ], [ -3.295069, 42.609565499000041 ], [ -3.292425499999979, 42.613231499000051 ], [ -3.296904, 42.595664999000064 ], [ -3.289578, 42.592963999000062 ], [ -3.287181, 42.591079499000045 ], [ -3.284862499999974, 42.590862499000025 ], [ -3.285380499999974, 42.586547999000061 ], [ -3.287711, 42.584613499000056 ], [ -3.278579, 42.580817999000033 ], [ -3.278193, 42.578811499000039 ], [ -3.271424499999966, 42.569377999000039 ], [ -3.26842849999997, 42.569511499000043 ], [ -3.255743, 42.566280499000072 ], [ -3.248929, 42.562156499000025 ] ] ], [ [ [ -3.413080499999978, 42.505397999000024 ], [ -3.392482, 42.496940499000061 ], [ -3.398414152999976, 42.493000070000051 ], [ -3.396306669999944, 42.487508052000067 ], [ -3.404060499999957, 42.480583499000033 ], [ -3.408275351999976, 42.482666195000036 ], [ -3.414617352999926, 42.495924865000063 ], [ -3.421137844999976, 42.498666807000063 ], [ -3.426665499999956, 42.505546499000047 ], [ -3.420864237999979, 42.509474408000074 ], [ -3.413080499999978, 42.505397999000024 ] ] ] ] } },
{ "type": "Feature", "properties": { "code": "09057", "name": "Bugedo" }, "geometry": { "type": "Polygon", "coordinates": [ [ [ -3.024445499999956, 42.674781499000062 ], [ -3.020777030999966, 42.676778541000033 ], [ -3.009135784999955, 42.669238088000043 ], [ -3.004780499999924, 42.644229999000061 ], [ -3.014393864999931, 42.639527626000074 ], [ -3.018037499999934, 42.632140999000057 ], [ -3.029456499999981, 42.638171999000065 ], [ -3.03406549999994, 42.638000499000043 ], [ -3.040812, 42.640013999000075 ], [ -3.037002384999937, 42.643705942000054 ], [ -3.041704396999933, 42.64760577800007 ], [ -3.038671415999943, 42.66257523400003 ], [ -3.030117, 42.668018499000027 ], [ -3.02633143099996, 42.668935232000081 ], [ -3.024445499999956, 42.674781499000062 ] ] ] } },
{ "type": "Feature", "properties": { "code": "09058", "name": "Buniel" }, "geometry": { "type": "Polygon", "coordinates": [ [ [ -3.819808499999965, 42.329252499000063 ], [ -3.805888404999962, 42.322092522000048 ], [ -3.778796499999942, 42.32232299900005 ], [ -3.775379, 42.316798999000071 ], [ -3.773771, 42.312106999000036 ], [ -3.769157499999949, 42.30812049900004 ], [ -3.771755, 42.305331999000032 ], [ -3.806605124999976, 42.296790658000077 ], [ -3.812837499999944, 42.29294199900005 ], [ -3.816569499999957, 42.29453649900006 ], [ -3.817296499999941, 42.296424999000067 ], [ -3.819109, 42.295798999000056 ], [ -3.825084, 42.296306499000025 ], [ -3.828594, 42.294837999000038 ], [ -3.831756499999926, 42.295509499000048 ], [ -3.834573, 42.294703999000035 ], [ -3.830953874999977, 42.297837506000064 ], [ -3.83431872999995, 42.305781366000076 ], [ -3.828979663999974, 42.317022074000079 ], [ -3.829612499999939, 42.325305999000079 ], [ -3.823586766999938, 42.326171602000045 ], [ -3.819808499999965, 42.329252499000063 ] ] ] } },
{ "type": "Feature", "properties": { "code": "09059", "name": "Burgos" }, "geometry": { "type": "Polygon", "coordinates": [ [ [ -3.668357499999956, 42.401473999000075 ], [ -3.658710295999981, 42.393540163000068 ], [ -3.655136101999972, 42.384602101000041 ], [ -3.639892266999937, 42.381429081000078 ], [ -3.62140771199995, 42.384947231000069 ], [ -3.613807, 42.392444499000078 ], [ -3.602526499999954, 42.400798999000074 ], [ -3.598148499999979, 42.402961499000071 ], [ -3.586651, 42.404254999000045 ], [ -3.586439707999943, 42.392828243000054 ], [ -3.600292184999944, 42.381660784000076 ], [ -3.586051, 42.372226499000078 ], [ -3.597297435999963, 42.369699741000034 ], [ -3.599935728999981, 42.362645992000068 ], [ -3.605544726999938, 42.357710540000028 ], [ -3.593273674999978, 42.350883700000054 ], [ -3.593663, 42.348590999000066 ], [ -3.597363771999937, 42.345961953000028 ], [ -3.602702697999973, 42.346704186000068 ], [ -3.608627730999956, 42.341016082000067 ], [ -3.61883753799998, 42.342148309000038 ], [ -3.627020983999955, 42.337406421000026 ], [ -3.638442651999981, 42.336360984000066 ], [ -3.63872159999994, 42.327297648000069 ], [ -3.632731404999959, 42.320678385000065 ], [ -3.649277499999926, 42.309158499000034 ], [ -3.655907113999945, 42.31304966600004 ], [ -3.66208632799993, 42.307987469000068 ], [ -3.677998656999932, 42.307028931000048 ], [ -3.68899709599998, 42.293425029000048 ], [ -3.688223, 42.285552499000062 ], [ -3.702804499999957, 42.285678999000027 ], [ -3.703515877999962, 42.307454195000048 ], [ -3.726981056999932, 42.313058038000065 ], [ -3.732818818999931, 42.317264826000041 ], [ -3.74454, 42.317596499000047 ], [ -3.750472268999943, 42.327741881000065 ], [ -3.761198735999926, 42.336593871000048 ], [ -3.756804808999959, 42.347761305000063 ], [ -3.758663150999951, 42.355344575000061 ], [ -3.76277762999996, 42.355842042000063 ], [ -3.76925496399997, 42.35121878700005 ], [ -3.79244, 42.355496499000026 ], [ -3.792894209999929, 42.358769969000036 ], [ -3.784356231999936, 42.363494518000039 ], [ -3.788806, 42.366850499000066 ], [ -3.775829852999948, 42.367955515000062 ], [ -3.765898622999941, 42.372118164000028 ], [ -3.762629334999929, 42.369943327000044 ], [ -3.749977894999972, 42.372504068000069 ], [ -3.732187980999925, 42.380200718000026 ], [ -3.725688051999953, 42.375632995000046 ], [ -3.720287095999936, 42.376047628000038 ], [ -3.719250534999958, 42.378544353000052 ], [ -3.710038420999979, 42.378204994000043 ], [ -3.702393197999925, 42.382566580000059 ], [ -3.698530499999947, 42.391685499000062 ], [ -3.668357499999956, 42.401473999000075 ] ] ] } },
{ "type": "Feature", "properties": { "code": "09060", "name": "Busto de Bureba" }, "geometry": { "type": "Polygon", "coordinates": [ [ [ -3.221108, 42.663181499000075 ], [ -3.215982924999935, 42.660888899000042 ], [ -3.214149, 42.65599049900004 ], [ -3.219163656999967, 42.655583958000079 ], [ -3.225485, 42.649005999000053 ], [ -3.245233866999968, 42.646661051000081 ], [ -3.251293, 42.638381999000046 ], [ -3.26978549599994, 42.63589104700003 ], [ -3.279994, 42.638755499000069 ], [ -3.295093, 42.648597499000061 ], [ -3.293950499999937, 42.654517999000063 ], [ -3.291221499999949, 42.655440999000064 ], [ -3.289281, 42.660571999000069 ], [ -3.287291, 42.660560499000042 ], [ -3.287981, 42.664550999000028 ], [ -3.282290499999931, 42.663737999000034 ], [ -3.276378, 42.664932499000031 ], [ -3.271065499999963, 42.664012999000079 ], [ -3.268066499999975, 42.670139499000072 ], [ -3.268173, 42.675342499000067 ], [ -3.270423, 42.679328999000063 ], [ -3.27071449999994, 42.684341499000027 ], [ -3.267944, 42.687267499000029 ], [ -3.267514499999947, 42.689906499000074 ], [ -3.254873, 42.691314499000043 ], [ -3.240385719999949, 42.665058637000072 ], [ -3.228165367999964, 42.657681137000054 ], [ -3.221108, 42.663181499000075 ] ] ] } },
{ "type": "Feature", "properties": { "code": "09061", "name": "Cabañes de Esgueva" }, "geometry": { "type": "Polygon", "coordinates": [ [ [ -3.820977, 41.863094499000056 ], [ -3.784752056999935, 41.86589460700003 ], [ -3.773257499999943, 41.86370449900005 ], [ -3.771478499999944, 41.846946499000069 ], [ -3.771205, 41.823169499000073 ], [ -3.769023, 41.802711499000054 ], [ -3.796538047999945, 41.803138121000075 ], [ -3.808628748999979, 41.808635718000062 ], [ -3.814115124999944, 41.824762391000036 ], [ -3.820423491999975, 41.831302624000045 ], [ -3.823381020999932, 41.840323797000053 ], [ -3.824486994999972, 41.847262218000026 ], [ -3.820977, 41.863094499000056 ] ] ] } },
{ "type": "Feature", "properties": { "code": "09062", "name": "Cabezón de la Sierra" }, "geometry": { "type": "Polygon", "coordinates": [ [ [ -3.197750499999927, 41.920738999000037 ], [ -3.20346462699996, 41.92130174700003 ], [ -3.223157063999963, 41.911563198000067 ], [ -3.231422, 41.91079699900007 ], [ -3.252571, 41.919967499000052 ], [ -3.270511, 41.923961499000029 ], [ -3.275784499999929, 41.936378499000057 ], [ -3.29263949999995, 41.942233999000052 ], [ -3.288927499999943, 41.945773999000039 ], [ -3.270614699999953, 41.950663812000073 ], [ -3.255707499999971, 41.950195499000074 ], [ -3.233526, 41.945667499000081 ], [ -3.223833499999955, 41.941306999000062 ], [ -3.210453499999971, 41.940254499000048 ], [ -3.201411, 41.930496499000071 ], [ -3.197750499999927, 41.920738999000037 ] ] ] } },
{ "type": "Feature", "properties": { "code": "09063", "name": "Cavia" }, "geometry": { "type": "Polygon", "coordinates": [ [ [ -3.865294, 42.295142999000063 ], [ -3.852819097999941, 42.296936791000064 ], [ -3.834573, 42.294703999000035 ], [ -3.831756499999926, 42.295509499000048 ], [ -3.828594, 42.294837999000038 ], [ -3.825084, 42.296306499000025 ], [ -3.819109, 42.295798999000056 ], [ -3.817296499999941, 42.296424999000067 ], [ -3.816569499999957, 42.29453649900006 ], [ -3.812837499999944, 42.29294199900005 ], [ -3.808637, 42.285148499000059 ], [ -3.828193247999934, 42.278373214000055 ], [ -3.83321, 42.265723999000045 ], [ -3.858313737999936, 42.264567447000047 ], [ -3.859248943999944, 42.269332665000036 ], [ -3.866816970999935, 42.273061383000027 ], [ -3.86906376099995, 42.279558365000071 ], [ -3.876617351999926, 42.284418307000067 ], [ -3.865294, 42.295142999000063 ] ] ] } },
{ "type": "Feature", "properties": { "code": "09064", "name": "Caleruega" }, "geometry": { "type": "Polygon", "coordinates": [ [ [ -3.487003499999958, 41.859992999000042 ], [ -3.466377499999965, 41.868259499000033 ], [ -3.451512499999978, 41.87056749900006 ], [ -3.444306499999925, 41.875865999000041 ], [ -3.443763, 41.86714949900005 ], [ -3.438120499999968, 41.857715499000051 ], [ -3.440129499999955, 41.85359949900004 ], [ -3.435638, 41.843475499000078 ], [ -3.444719, 41.836307999000041 ], [ -3.446917, 41.831958999000051 ], [ -3.443183, 41.821464499000058 ], [ -3.430884, 41.811889499000074 ], [ -3.462553499999956, 41.794105499000068 ], [ -3.458425, 41.790778999000054 ], [ -3.461062499999969, 41.78579699900007 ], [ -3.459509, 41.784110999000063 ], [ -3.462274, 41.783694999000033 ], [ -3.470439499999941, 41.779464999000027 ], [ -3.476455457999975, 41.778186076000054 ], [ -3.507608, 41.788501499000063 ], [ -3.517548499999975, 41.789844499000026 ], [ -3.517271499999936, 41.795863999000062 ], [ -3.525644, 41.805472999000074 ], [ -3.515345810999975, 41.812131219000037 ], [ -3.510610802999963, 41.828190500000062 ], [ -3.497943885999973, 41.837672312000052 ], [ -3.487003499999958, 41.859992999000042 ] ] ] } },
{ "type": "Feature", "properties": { "code": "09065", "name": "Campillo de Aranda" }, "geometry": { "type": "Polygon", "coordinates": [ [ [ -3.723762, 41.631358999000042 ], [ -3.71140251099996, 41.626983843000062 ], [ -3.692995, 41.612495499000033 ], [ -3.717557, 41.580532499000071 ], [ -3.723320891999947, 41.584328081000081 ], [ -3.735396120999951, 41.584586493000074 ], [ -3.769986499999959, 41.599281499000028 ], [ -3.767329, 41.603755999000043 ], [ -3.763371, 41.608005499000058 ], [ -3.763848, 41.617000499000028 ], [ -3.763214, 41.620094499000061 ], [ -3.746169667999936, 41.632199250000042 ], [ -3.73237249999994, 41.63369749900005 ], [ -3.723762, 41.631358999000042 ] ] ] } },
{ "type": "Feature", "properties": { "code": "09066", "name": "Campolara" }, "geometry": { "type": "Polygon", "coordinates": [ [ [ -3.422955499999944, 42.143237999000064 ], [ -3.415633380999964, 42.141443188000039 ], [ -3.409918715999936, 42.145945993000055 ], [ -3.402898, 42.14630149900006 ], [ -3.398463592999974, 42.144357661000072 ], [ -3.406036526999969, 42.123331807000056 ], [ -3.403881272999968, 42.110620276000077 ], [ -3.407749738999939, 42.102823705000048 ], [ -3.424597499999948, 42.093585999000027 ], [ -3.442556499999966, 42.102516499000046 ], [ -3.437217604999944, 42.122577550000074 ], [ -3.422955499999944, 42.143237999000064 ] ] ] } },
{ "type": "Feature", "properties": { "code": "09067", "name": "Canicosa de la Sierra" }, "geometry": { "type": "Polygon", "coordinates": [ [ [ -2.998497, 41.932590499000071 ], [ -3.008083499999941, 41.922214499000063 ], [ -3.011074, 41.915279499000064 ], [ -3.011290499999973, 41.913348499000051 ], [ -3.010228499999926, 41.911018499000079 ], [ -3.007745499999942, 41.908782999000039 ], [ -3.013169, 41.902442499000074 ], [ -3.014930499999934, 41.901576999000042 ], [ -3.016521499999953, 41.898418499000059 ], [ -3.015013499999952, 41.896175499000037 ], [ -3.016783499999974, 41.886901999000031 ], [ -3.032778759999928, 41.88871161000003 ], [ -3.038152499999967, 41.885761499000068 ], [ -3.044699499999979, 41.887317499000062 ], [ -3.049069733999943, 41.903575553000053 ], [ -3.061409578999928, 41.914222928000072 ], [ -3.065536612999949, 41.925892571000077 ], [ -3.054728499999953, 41.959415499000045 ], [ -3.047642499999938, 41.957275499000048 ], [ -3.038110499999959, 41.955974499000035 ], [ -3.028421, 41.956985499000041 ], [ -3.021556584999928, 41.952508992000048 ], [ -3.007339, 41.952106499000081 ], [ -3.006466190999959, 41.941865227000051 ], [ -2.998497, 41.932590499000071 ] ] ] } },
{ "type": "Feature", "properties": { "code": "09068", "name": "Cantabrana" }, "geometry": { "type": "Polygon", "coordinates": [ [ [ -3.47514, 42.726653999000064 ], [ -3.476426, 42.726947499000062 ], [ -3.478326158999948, 42.740724810000074 ], [ -3.473518499999955, 42.749496499000031 ], [ -3.461524464999968, 42.745000376000064 ], [ -3.456263447999959, 42.731714582000052 ], [ -3.47514, 42.726653999000064 ] ] ] } },
{ "type": "Feature", "properties": { "code": "09070", "name": "Carazo" }, "geometry": { "type": "Polygon", "coordinates": [ [ [ -3.330626499999937, 41.941798999000071 ], [ -3.338774499999943, 41.942710499000043 ], [ -3.344485499999962, 41.939155499000037 ], [ -3.36208449999998, 41.936679999000035 ], [ -3.375708499999973, 41.935672499000077 ], [ -3.380535408999947, 41.953936053000064 ], [ -3.37337213099994, 41.965263936000042 ], [ -3.392011416999935, 41.975975648000031 ], [ -3.37618, 41.991019999000059 ], [ -3.364277, 41.989070999000035 ], [ -3.362652, 41.988001999000062 ], [ -3.34523, 41.983524499000055 ], [ -3.343366499999945, 41.982333999000048 ], [ -3.34336449999995, 41.97995699900008 ], [ -3.345885499999952, 41.977111999000044 ], [ -3.34267049999994, 41.976310999000077 ], [ -3.344378, 41.97076049900005 ], [ -3.336109499999964, 41.968147499000054 ], [ -3.326177, 41.967948999000043 ], [ -3.323605, 41.965552999000067 ], [ -3.322395499999971, 41.967277499000033 ], [ -3.32406949999995, 41.969055499000035 ], [ -3.3207, 41.970962499000052 ], [ -3.319897, 41.972228999000038 ], [ -3.313761499999941, 41.966273999000066 ], [ -3.306836, 41.956619499000055 ], [ -3.318596, 41.950877999000056 ], [ -3.330626499999937, 41.941798999000071 ] ] ] } },
{ "type": "Feature", "properties": { "code": "09905", "name": "Valle de Sedano" }, "geometry": { "type": "Polygon", "coordinates": [ [ [ -3.825374499999953, 42.868583499000067 ], [ -3.787910499999953, 42.875125999000034 ], [ -3.785619422999957, 42.864416357000039 ], [ -3.775269417999937, 42.853759383000067 ], [ -3.741748030999929, 42.836801594000065 ], [ -3.726751499999978, 42.825908499000036 ], [ -3.728218455999979, 42.817571159000067 ], [ -3.720261665999942, 42.81857433700003 ], [ -3.693806028999973, 42.807948473000067 ], [ -3.654640059999963, 42.785850689000029 ], [ -3.664617327999963, 42.780990761000055 ], [ -3.689689487999942, 42.789976704000026 ], [ -3.698745329999952, 42.789329469000052 ], [ -3.723904511999933, 42.768121018000045 ], [ -3.706427902999962, 42.760790439000061 ], [ -3.702805975999979, 42.750986395000041 ], [ -3.682435543999929, 42.74231960700007 ], [ -3.668016695999938, 42.744758389000026 ], [ -3.617576300999929, 42.711984053000037 ], [ -3.614619220999941, 42.706550312000047 ], [ -3.61447, 42.680442999000036 ], [ -3.625537769999937, 42.677332736000039 ], [ -3.63468897599995, 42.679043464000074 ], [ -3.646299374999955, 42.671892177000075 ], [ -3.652781377999929, 42.66125145400008 ], [ -3.68858286699998, 42.65160413600006 ], [ -3.707860890999939, 42.662330993000069 ], [ -3.71292086099993, 42.669007201000056 ], [ -3.718947270999934, 42.669020252000053 ], [ -3.732511440999929, 42.656339803000037 ], [ -3.744118424999954, 42.652265396000075 ], [ -3.738415271999941, 42.62921207200003 ], [ -3.740707, 42.620170499000039 ], [ -3.744586, 42.62335949900006 ], [ -3.74803449999996, 42.624168499000064 ], [ -3.752694, 42.619155499000044 ], [ -3.757378499999959, 42.610282999000049 ], [ -3.759868499999925, 42.609626499000058 ], [ -3.762256, 42.609412999000028 ], [ -3.773108499999978, 42.612498999000024 ], [ -3.777662499999963, 42.611045999000055 ], [ -3.780933499999946, 42.612277999000071 ], [ -3.783763499999964, 42.611465499000076 ], [ -3.783308, 42.60816199900006 ], [ -3.787306, 42.60618899900004 ], [ -3.78734699499995, 42.609740110000075 ], [ -3.791917964999925, 42.613131816000077 ], [ -3.828419560999976, 42.629090613000074 ], [ -3.833200460999933, 42.635289343000068 ], [ -3.860622754999952, 42.644543260000034 ], [ -3.861632137999948, 42.652484168000058 ], [ -3.859240757999942, 42.655983756000069 ], [ -3.86585249999996, 42.66424949900005 ], [ -3.861642, 42.665973499000074 ], [ -3.860575, 42.669028999000034 ], [ -3.84294080899997, 42.665225215000078 ], [ -3.835283826999955, 42.672564591000025 ], [ -3.830315747999975, 42.673563345000048 ], [ -3.787612706999937, 42.660263594000071 ], [ -3.778606490999948, 42.665595505000056 ], [ -3.785314582999945, 42.674179778000052 ], [ -3.78577390199996, 42.680468626000049 ], [ -3.774830744999974, 42.701205697000034 ], [ -3.775404474999959, 42.711953269000048 ], [ -3.779159555999968, 42.719590681000057 ], [ -3.765607798999952, 42.743718990000048 ], [ -3.78289369099997, 42.762267460000032 ], [ -3.780577628999936, 42.769985484000074 ], [ -3.782808597999974, 42.773313058000042 ], [ -3.800903738999978, 42.769328862000066 ], [ -3.811518857999943, 42.771669069000041 ], [ -3.824602499999969, 42.768150499000058 ], [ -3.828129, 42.770511499000065 ], [ -3.825569499999972, 42.776397499000041 ], [ -3.825965, 42.77960949900006 ], [ -3.823163, 42.782222999000055 ], [ -3.827077, 42.788795499000059 ], [ -3.829498499999943, 42.798881999000059 ], [ -3.823438209999949, 42.800090501000057 ], [ -3.816246024999941, 42.813013284000078 ], [ -3.819250164999971, 42.82715416800005 ], [ -3.817432543999928, 42.835963466000067 ], [ -3.834315231999938, 42.854437251000036 ], [ -3.825374499999953, 42.868583499000067 ] ] ] } },
{ "type": "Feature", "properties": { "code": "09906", "name": "Merindad de Río Ubierna" }, "geometry": { "type": "Polygon", "coordinates": [ [ [ -3.736576, 42.452427499000066 ], [ -3.741416499999957, 42.470012499000063 ], [ -3.741169, 42.475749999000072 ], [ -3.738512, 42.47537999900004 ], [ -3.737299, 42.48414199900003 ], [ -3.740334, 42.49074549900007 ], [ -3.741527499999961, 42.49698999900005 ], [ -3.74103, 42.500171499000032 ], [ -3.742217301999972, 42.509163599000033 ], [ -3.73775900399994, 42.519697157000053 ], [ -3.738438043999963, 42.534805061000043 ], [ -3.747385630999929, 42.546484831000043 ], [ -3.755144499999972, 42.551475499000048 ], [ -3.748720314999957, 42.55604776000007 ], [ -3.749057362999963, 42.568120001000068 ], [ -3.739769664999926, 42.590732154000079 ], [ -3.743341998999938, 42.602522987000043 ], [ -3.739312784999925, 42.607586218000051 ], [ -3.745392438999943, 42.61583068300007 ], [ -3.740707, 42.620170499000039 ], [ -3.738415271999941, 42.62921207200003 ], [ -3.744118424999954, 42.652265396000075 ], [ -3.732511440999929, 42.656339803000037 ], [ -3.718947270999934, 42.669020252000053 ], [ -3.71292086099993, 42.669007201000056 ], [ -3.707860890999939, 42.662330993000069 ], [ -3.68858286699998, 42.65160413600006 ], [ -3.652781377999929, 42.66125145400008 ], [ -3.646299374999955, 42.671892177000075 ], [ -3.63468897599995, 42.679043464000074 ], [ -3.625537769999937, 42.677332736000039 ], [ -3.61447, 42.680442999000036 ], [ -3.616021, 42.666816499000049 ], [ -3.619921, 42.65643299900006 ], [ -3.605843499999935, 42.659126499000081 ], [ -3.600040810999928, 42.652879600000063 ], [ -3.602098270999932, 42.641094285000065 ], [ -3.623140202999934, 42.626722836000056 ], [ -3.631239725999933, 42.614213415000052 ], [ -3.63628668399997, 42.613166317000037 ], [ -3.631029821999959, 42.603621278000048 ], [ -3.62309086199997, 42.600630964000061 ], [ -3.61892093199998, 42.592467094000028 ], [ -3.586631505999947, 42.597562244000073 ], [ -3.572463, 42.595660999000074 ], [ -3.572913024999934, 42.591510160000041 ], [ -3.568604176999941, 42.591425878000052 ], [ -3.564109383999948, 42.586053493000065 ], [ -3.566972194999948, 42.58127356600005 ], [ -3.565509804999976, 42.573217346000035 ], [ -3.56899883799997, 42.566819731000066 ], [ -3.569538, 42.555373999000039 ], [ -3.578613722999933, 42.545365169000036 ], [ -3.579339711999978, 42.535307339000042 ], [ -3.583569279999949, 42.529427440000063 ], [ -3.612499967999952, 42.509559659000047 ], [ -3.617574487999946, 42.502332931000069 ], [ -3.618994096999927, 42.491218253000056 ], [ -3.634340411999972, 42.483256978000043 ], [ -3.636311802999955, 42.477274611000041 ], [ -3.65431332299994, 42.455450336000069 ], [ -3.662503054999945, 42.451047316000029 ], [ -3.651575398999967, 42.436166127000035 ], [ -3.659407245999944, 42.433230293000065 ], [ -3.659407499999929, 42.428699499000061 ], [ -3.690315773999941, 42.429337045000068 ], [ -3.701087499999971, 42.421634499000049 ], [ -3.713153758999965, 42.424862632000043 ], [ -3.736036499999955, 42.421962999000073 ], [ -3.736755354999957, 42.43240951100006 ], [ -3.743947596999931, 42.434425936000025 ], [ -3.733999148999942, 42.441581950000057 ], [ -3.736576, 42.452427499000066 ] ], [ [ -3.703956, 42.453136499000038 ], [ -3.703094477999969, 42.445946867000032 ], [ -3.698662499999955, 42.439685999000062 ], [ -3.686946623999972, 42.441400421000026 ], [ -3.67683440899998, 42.447549244000072 ], [ -3.676222011999926, 42.450578285000063 ], [ -3.68423422099994, 42.464112626000031 ], [ -3.691305031999946, 42.46970305800005 ], [ -3.703108998999937, 42.46569727900004 ], [ -3.703956, 42.453136499000038 ] ] ] } },
{ "type": "Feature", "properties": { "code": "09907", "name": "Alfoz de Quintanadueñas" }, "geometry": { "type": "Polygon", "coordinates": [ [ [ -3.706103499999926, 42.407291499000053 ], [ -3.704111, 42.406150999000033 ], [ -3.709021, 42.402976999000032 ], [ -3.703296499999965, 42.39954749900005 ], [ -3.700945499999932, 42.393733999000062 ], [ -3.698530499999947, 42.391685499000062 ], [ -3.702393197999925, 42.382566580000059 ], [ -3.710038420999979, 42.378204994000043 ], [ -3.719250534999958, 42.378544353000052 ], [ -3.720287095999936, 42.376047628000038 ], [ -3.725688051999953, 42.375632995000046 ], [ -3.732187980999925, 42.380200718000026 ], [ -3.749977894999972, 42.372504068000069 ], [ -3.762629334999929, 42.369943327000044 ], [ -3.765898622999941, 42.372118164000028 ], [ -3.775829852999948, 42.367955515000062 ], [ -3.788806, 42.366850499000066 ], [ -3.792942400999948, 42.370498554000051 ], [ -3.792360456999972, 42.375190799000052 ], [ -3.798051, 42.377593999000055 ], [ -3.800237, 42.380431999000052 ], [ -3.804277499999955, 42.380122999000037 ], [ -3.793759995999949, 42.39120924000008 ], [ -3.766409956999951, 42.406302383000025 ], [ -3.771287647999941, 42.416754644000036 ], [ -3.784390923999979, 42.418879067000034 ], [ -3.799418499999945, 42.427997499000071 ], [ -3.779531759999941, 42.433841611000048 ], [ -3.771618264999972, 42.443109306000053 ], [ -3.753600984999935, 42.444187648000025 ], [ -3.736576, 42.452427499000066 ], [ -3.733999148999942, 42.441581950000057 ], [ -3.743947596999931, 42.434425936000025 ], [ -3.736755354999957, 42.43240951100006 ], [ -3.736036499999955, 42.421962999000073 ], [ -3.728460533999964, 42.403743572000053 ], [ -3.719345991999944, 42.400328069000068 ], [ -3.706103499999926, 42.407291499000053 ] ] ] } },
{ "type": "Feature", "properties": { "code": "09908", "name": "Valle de Losa" }, "geometry": { "type": "Polygon", "coordinates": [ [ [ -3.104694, 42.910109999000042 ], [ -3.109791375999976, 42.906248545000039 ], [ -3.12604687299995, 42.90467564000005 ], [ -3.133019356999966, 42.912713604000032 ], [ -3.142115563999937, 42.91366623600004 ], [ -3.149614702999941, 42.917955800000072 ], [ -3.148373591999928, 42.935345187000053 ], [ -3.180943563999961, 42.944276620000039 ], [ -3.212684711999941, 42.94498057800007 ], [ -3.22421640999994, 42.94936053400005 ], [ -3.234849176999944, 42.943584715000043 ], [ -3.235785168999939, 42.934102768000059 ], [ -3.245128572999931, 42.924466653000025 ], [ -3.249588059999951, 42.912182294000047 ], [ -3.27585469099995, 42.901788579000026 ], [ -3.277075621999927, 42.887712749000059 ], [ -3.286797499999977, 42.88509749900004 ], [ -3.289507, 42.885597499000028 ], [ -3.293089, 42.889487999000039 ], [ -3.311743099999944, 42.917638497000041 ], [ -3.319510458999957, 42.935128060000068 ], [ -3.317088165999962, 42.938687618000074 ], [ -3.304224694999959, 42.944250154000031 ], [ -3.304468322999981, 42.95425627000003 ], [ -3.292512626999951, 42.955579411000031 ], [ -3.288187385999947, 42.969547444000057 ], [ -3.273458250999965, 42.973003735000077 ], [ -3.273096954999971, 42.979811977000054 ], [ -3.267580446999943, 42.980692875000045 ], [ -3.270505048999951, 42.986164175000056 ], [ -3.268366800999956, 42.995919832000027 ], [ -3.277758601999949, 42.997986480000066 ], [ -3.300175389999936, 43.013332843000057 ], [ -3.34076, 43.015361499000051 ], [ -3.350061641999957, 43.037089929000047 ], [ -3.35524705399996, 43.041618779000032 ], [ -3.344198, 43.055022999000073 ], [ -3.313813967999977, 43.050594793000073 ], [ -3.276528764999966, 43.061522301000025 ], [ -3.253119142999935, 43.073590732000071 ], [ -3.234620825999968, 43.07707165100004 ], [ -3.224064956999939, 43.088345031000074 ], [ -3.216687330999946, 43.073223264000035 ], [ -3.192140175999953, 43.057261861000029 ], [ -3.188317673999961, 43.048141302000033 ], [ -3.197176837999962, 43.044639034000056 ], [ -3.198041033999971, 43.040995628000076 ], [ -3.18966323799998, 43.025490661000049 ], [ -3.177834, 43.021934499000054 ], [ -3.171740536999948, 43.018278165000027 ], [ -3.168775081999968, 43.014857370000072 ], [ -3.160638499999948, 43.013068499000042 ], [ -3.161907335999956, 43.006215551000025 ], [ -3.168775081999968, 43.001687998000079 ], [ -3.193640673999937, 42.975066164000054 ], [ -3.19144412199995, 42.972914795000065 ], [ -3.168775081999968, 42.973705146000043 ], [ -3.166176771999972, 42.985150287000067 ], [ -3.150752594999972, 42.994899170000053 ], [ -3.148483, 43.008492999000055 ], [ -3.144821, 43.006786499000043 ], [ -3.135939, 43.007960999000034 ], [ -3.124418, 43.007713499000033 ], [ -3.119542499999966, 43.00567249900007 ], [ -3.106143499999973, 43.005351999000027 ], [ -3.089153499999952, 43.00150349900008 ], [ -3.084438585999976, 42.97194040800008 ], [ -3.091331813999943, 42.968123829000035 ], [ -3.103449414999943, 42.966584210000065 ], [ -3.11481721399997, 42.95201234700005 ], [ -3.104253559999961, 42.936003602000028 ], [ -3.108272391999947, 42.930479836000075 ], [ -3.105767398999944, 42.924048965000054 ], [ -3.109772275999944, 42.91474936000003 ], [ -3.104694, 42.910109999000042 ] ] ] } },
{ "type": "Feature", "properties": { "code": "09071", "name": "Carcedo de Bureba" }, "geometry": { "type": "MultiPolygon", "coordinates": [ [ [ [ -3.476838, 42.568252499000039 ], [ -3.463670556999944, 42.572826202000044 ], [ -3.455926142999942, 42.570034933000045 ], [ -3.447790991999966, 42.570995110000069 ], [ -3.443380217999959, 42.567894245000048 ], [ -3.442324499999927, 42.554862999000079 ], [ -3.450597955999967, 42.545782991000067 ], [ -3.45742, 42.54521199900006 ], [ -3.467122379999978, 42.549301633000027 ], [ -3.476838, 42.568252499000039 ] ] ], [ [ [ -3.48265, 42.56980149900005 ], [ -3.506846691999954, 42.568607148000069 ], [ -3.52266637799994, 42.575955390000047 ], [ -3.524289341999975, 42.568643403000067 ], [ -3.533179482999969, 42.562345468000046 ], [ -3.537112499999978, 42.542770499000028 ], [ -3.543218313999944, 42.548809088000041 ], [ -3.561976194999943, 42.550888998000062 ], [ -3.569538, 42.555373999000039 ], [ -3.56899883799997, 42.566819731000066 ], [ -3.565509804999976, 42.573217346000035 ], [ -3.566972194999948, 42.58127356600005 ], [ -3.564109383999948, 42.586053493000065 ], [ -3.568604176999941, 42.591425878000052 ], [ -3.572913024999934, 42.591510160000041 ], [ -3.572463, 42.595660999000074 ], [ -3.567218165999975, 42.594177624000054 ], [ -3.552754217999961, 42.596983078000051 ], [ -3.535314577999941, 42.61045333900006 ], [ -3.534291, 42.61477349900008 ], [ -3.49559559599993, 42.615290142000049 ], [ -3.49165572499993, 42.612621485000034 ], [ -3.491657649999979, 42.606027726000036 ], [ -3.483078499999976, 42.60795949900006 ], [ -3.482206499999961, 42.605540999000027 ], [ -3.478758479999954, 42.603692242000079 ], [ -3.48186445999994, 42.598331746000042 ], [ -3.48265, 42.56980149900005 ] ] ] ] } },
{ "type": "Feature", "properties": { "code": "09072", "name": "Carcedo de Burgos" }, "geometry": { "type": "Polygon", "coordinates": [ [ [ -3.644735499999967, 42.307544499000073 ], [ -3.631538212999942, 42.309788987000047 ], [ -3.616859, 42.305663999000046 ], [ -3.600344449999966, 42.296448492000025 ], [ -3.585424, 42.275714999000058 ], [ -3.599038534999977, 42.270249841000066 ], [ -3.59783658799995, 42.261888350000049 ], [ -3.602898499999981, 42.250144999000042 ], [ -3.631488499999932, 42.240924999000072 ], [ -3.631191888999979, 42.244344957000067 ], [ -3.643573, 42.248054499000034 ], [ -3.645060501999978, 42.250101137000058 ], [ -3.644430769999929, 42.254091057000039 ], [ -3.646893791999958, 42.257414651000033 ], [ -3.648040538999965, 42.264096602000052 ], [ -3.645977568999967, 42.269925023000042 ], [ -3.639388455999949, 42.281098927000073 ], [ -3.642979258999958, 42.288078809000069 ], [ -3.640704100999926, 42.295758384000067 ], [ -3.644809499999951, 42.298099499000045 ], [ -3.64153, 42.301402999000061 ], [ -3.64226, 42.303931999000042 ], [ -3.644735499999967, 42.307544499000073 ] ] ] } },
{ "type": "Feature", "properties": { "code": "09073", "name": "Cardeñadijo" }, "geometry": { "type": "Polygon", "coordinates": [ [ [ -3.649277499999926, 42.309158499000034 ], [ -3.644735499999967, 42.307544499000073 ], [ -3.64226, 42.303931999000042 ], [ -3.64153, 42.301402999000061 ], [ -3.669328499999949, 42.277652999000054 ], [ -3.688223, 42.285552499000062 ], [ -3.68899709599998, 42.293425029000048 ], [ -3.677998656999932, 42.307028931000048 ], [ -3.66208632799993, 42.307987469000068 ], [ -3.655907113999945, 42.31304966600004 ], [ -3.649277499999926, 42.309158499000034 ] ] ] } },
{ "type": "Feature", "properties": { "code": "09074", "name": "Cardeñajimeno" }, "geometry": { "type": "Polygon", "coordinates": [ [ [ -3.589158, 42.344653999000059 ], [ -3.579565389999971, 42.335169153000038 ], [ -3.582695051999963, 42.322709356000075 ], [ -3.604234154999972, 42.327055399000074 ], [ -3.617869304999942, 42.314961098000026 ], [ -3.619159338999964, 42.309459582000045 ], [ -3.616859, 42.305663999000046 ], [ -3.631538212999942, 42.309788987000047 ], [ -3.644735499999967, 42.307544499000073 ], [ -3.649277499999926, 42.309158499000034 ], [ -3.632731404999959, 42.320678385000065 ], [ -3.63872159999994, 42.327297648000069 ], [ -3.638442651999981, 42.336360984000066 ], [ -3.627020983999955, 42.337406421000026 ], [ -3.61883753799998, 42.342148309000038 ], [ -3.608627730999956, 42.341016082000067 ], [ -3.602702697999973, 42.346704186000068 ], [ -3.597363771999937, 42.345961953000028 ], [ -3.593663, 42.348590999000066 ], [ -3.589158, 42.344653999000059 ] ] ] } },
{ "type": "Feature", "properties": { "code": "09075", "name": "Cardeñuela Riopico" }, "geometry": { "type": "Polygon", "coordinates": [ [ [ -3.571286499999928, 42.374282999000059 ], [ -3.560459, 42.385657999000045 ], [ -3.531154025999967, 42.377067308000051 ], [ -3.523005344999945, 42.360845605000065 ], [ -3.52927649999998, 42.34989549900007 ], [ -3.54291, 42.348273999000071 ], [ -3.550046, 42.346522999000058 ], [ -3.555385499999943, 42.346316999000067 ], [ -3.557453, 42.347987999000054 ], [ -3.560554499999967, 42.348720499000081 ], [ -3.564187, 42.357162499000026 ], [ -3.559446, 42.366035499000077 ], [ -3.560275499999932, 42.367824499000051 ], [ -3.567317, 42.372897999000031 ], [ -3.571286499999928, 42.374282999000059 ] ] ] } },
{ "type": "Feature", "properties": { "code": "09076", "name": "Carrias" }, "geometry": { "type": "Polygon", "coordinates": [ [ [ -3.324008, 42.481727499000044 ], [ -3.318370499999958, 42.49029149900008 ], [ -3.318015499999944, 42.49237049900006 ], [ -3.311604, 42.497386999000071 ], [ -3.300372015999926, 42.491050011000027 ], [ -3.288430078999966, 42.494856200000072 ], [ -3.278643633999934, 42.492707024000026 ], [ -3.272542385999941, 42.489262669000027 ], [ -3.269736242999954, 42.482934122000074 ], [ -3.261961499999927, 42.480167499000061 ], [ -3.276511101999972, 42.472827392000056 ], [ -3.28228, 42.455623499000069 ], [ -3.306640819999927, 42.464331278000031 ], [ -3.324008, 42.481727499000044 ] ] ] } },
{ "type": "Feature", "properties": { "code": "09077", "name": "Cascajares de Bureba" }, "geometry": { "type": "Polygon", "coordinates": [ [ [ -3.215804499999933, 42.690070999000056 ], [ -3.221064620999925, 42.68349734800006 ], [ -3.221108, 42.663181499000075 ], [ -3.228165367999964, 42.657681137000054 ], [ -3.240385719999949, 42.665058637000072 ], [ -3.254873, 42.691314499000043 ], [ -3.23593382599995, 42.693343635000076 ], [ -3.215804499999933, 42.690070999000056 ] ] ] } },
{ "type": "Feature", "properties": { "code": "09078", "name": "Cascajares de la Sierra" }, "geometry": { "type": "Polygon", "coordinates": [ [ [ -3.370467499999961, 42.070091499000057 ], [ -3.377436494999927, 42.066997107000077 ], [ -3.377679411999964, 42.059627541000054 ], [ -3.386901875999968, 42.052511008000067 ], [ -3.404970829999968, 42.056720176000056 ], [ -3.407346, 42.054439499000068 ], [ -3.419187, 42.056045499000049 ], [ -3.40360289299997, 42.071115773000031 ], [ -3.399366499999928, 42.080890499000077 ], [ -3.388197, 42.079337999000074 ], [ -3.37748449999998, 42.073085499000058 ], [ -3.370467499999961, 42.070091499000057 ] ] ] } },
{ "type": "Feature", "properties": { "code": "09079", "name": "Castellanos de Castro" }, "geometry": { "type": "Polygon", "coordinates": [ [ [ -4.054198, 42.324275999000065 ], [ -4.05140849999998, 42.331084999000041 ], [ -4.05207, 42.333537499000045 ], [ -4.045436499999937, 42.339023499000064 ], [ -4.034727, 42.343318999000076 ], [ -4.031532, 42.342437999000026 ], [ -4.021989499999961, 42.346240999000031 ], [ -4.021433, 42.344119999000043 ], [ -4.009126, 42.337352499000076 ], [ -4.003050499999972, 42.331615499000065 ], [ -4.005747252999925, 42.323947642000064 ], [ -4.015928, 42.315055999000037 ], [ -4.02587669299993, 42.314132974000074 ], [ -4.045760133999977, 42.319835911000041 ], [ -4.049703784999963, 42.324727683000049 ], [ -4.054198, 42.324275999000065 ] ] ] } },
{ "type": "Feature", "properties": { "code": "09082", "name": "Castildelgado" }, "geometry": { "type": "Polygon", "coordinates": [ [ [ -3.108347, 42.445590499000048 ], [ -3.103148333999968, 42.452078606000043 ], [ -3.09512849999993, 42.453212999000073 ], [ -3.08514650799998, 42.448066597000036 ], [ -3.071054499999946, 42.447688999000036 ], [ -3.081198, 42.430732499000044 ], [ -3.087286, 42.427413999000066 ], [ -3.108347, 42.445590499000048 ] ] ] } },
{ "type": "Feature", "properties": { "code": "09083", "name": "Castil de Peones" }, "geometry": { "type": "Polygon", "coordinates": [ [ [ -3.392482, 42.496940499000061 ], [ -3.379918682999971, 42.494987846000072 ], [ -3.373346499999968, 42.498111999000059 ], [ -3.368091499999935, 42.492438999000058 ], [ -3.363673499999948, 42.494521999000028 ], [ -3.373605467999937, 42.481639059000031 ], [ -3.371965433999947, 42.471730491000073 ], [ -3.363502887999971, 42.457725336000067 ], [ -3.378613499999972, 42.445060499000078 ], [ -3.383294499999977, 42.445125499000028 ], [ -3.385823499999958, 42.447116999000059 ], [ -3.386559, 42.449996999000064 ], [ -3.404153, 42.443881999000041 ], [ -3.399669373999927, 42.463931475000038 ], [ -3.404060499999957, 42.480583499000033 ], [ -3.396306669999944, 42.487508052000067 ], [ -3.398414152999976, 42.493000070000051 ], [ -3.392482, 42.496940499000061 ] ] ] } },
{ "type": "Feature", "properties": { "code": "09084", "name": "Castrillo de la Reina" }, "geometry": { "type": "Polygon", "coordinates": [ [ [ -3.233526, 41.945667499000081 ], [ -3.255707499999971, 41.950195499000074 ], [ -3.242068, 41.968085999000039 ], [ -3.255599076999943, 41.987279641000043 ], [ -3.253569599999935, 41.99685882700004 ], [ -3.243222443999969, 42.004323749000037 ], [ -3.222361, 42.00337199900008 ], [ -3.218953, 42.002399499000035 ], [ -3.209393499999976, 41.996352499000068 ], [ -3.210828, 41.992129999000042 ], [ -3.216925499999945, 41.984687999000073 ], [ -3.21594349999998, 41.983150499000033 ], [ -3.217373, 41.981101999000032 ], [ -3.222777, 41.976905999000053 ], [ -3.22990649999997, 41.975711999000055 ], [ -3.224265499999944, 41.967517999000052 ], [ -3.227964499999928, 41.96228749900007 ], [ -3.22981, 41.955726499000036 ], [ -3.227103, 41.950893499000074 ], [ -3.233526, 41.945667499000081 ] ] ] } },
{ "type": "Feature", "properties": { "code": "09085", "name": "Castrillo de la Vega" }, "geometry": { "type": "Polygon", "coordinates": [ [ [ -3.73237249999994, 41.63369749900005 ], [ -3.746169667999936, 41.632199250000042 ], [ -3.763214, 41.620094499000061 ], [ -3.775206998999977, 41.626570504000028 ], [ -3.780185869999968, 41.62539903000004 ], [ -3.782044938999945, 41.628587701000072 ], [ -3.792066260999945, 41.630730483000036 ], [ -3.809331640999972, 41.646981876000041 ], [ -3.80872, 41.659618499000032 ], [ -3.80587, 41.667926999000031 ], [ -3.777866499999959, 41.671820999000033 ], [ -3.775612, 41.673251999000058 ], [ -3.773567499999956, 41.673083999000028 ], [ -3.759495499999957, 41.666522999000051 ], [ -3.752512, 41.665099999000063 ], [ -3.749329499999931, 41.665256499000066 ], [ -3.744671499999924, 41.667419499000061 ], [ -3.741706, 41.667564499000036 ], [ -3.73353938799994, 41.659129175000032 ], [ -3.735247673999936, 41.641082968000035 ], [ -3.73237249999994, 41.63369749900005 ] ] ] } },
{ "type": "Feature", "properties": { "code": "09086", "name": "Castrillo del Val" }, "geometry": { "type": "Polygon", "coordinates": [ [ [ -3.560609499999941, 42.342498999000043 ], [ -3.559877279999967, 42.330035201000044 ], [ -3.56464555499997, 42.317474799000081 ], [ -3.563166378999938, 42.312729705000038 ], [ -3.554860951999956, 42.309230654000032 ], [ -3.554832703999978, 42.304432228000053 ], [ -3.571653233999939, 42.279939418000026 ], [ -3.585424, 42.275714999000058 ], [ -3.600344449999966, 42.296448492000025 ], [ -3.616859, 42.305663999000046 ], [ -3.619159338999964, 42.309459582000045 ], [ -3.617869304999942, 42.314961098000026 ], [ -3.604234154999972, 42.327055399000074 ], [ -3.582695051999963, 42.322709356000075 ], [ -3.579565389999971, 42.335169153000038 ], [ -3.589158, 42.344653999000059 ], [ -3.580288121999956, 42.347108443000025 ], [ -3.560609499999941, 42.342498999000043 ] ] ] } },
{ "type": "Feature", "properties": { "code": "09088", "name": "Castrillo de Riopisuerga" }, "geometry": { "type": "MultiPolygon", "coordinates": [ [ [ [ -4.247064499999965, 42.49468949900006 ], [ -4.261488563999933, 42.50968425800005 ], [ -4.277716261999956, 42.512592664000067 ], [ -4.272169, 42.519950999000059 ], [ -4.237918, 42.533824999000046 ], [ -4.247064499999965, 42.49468949900006 ] ] ], [ [ [ -4.277713499999948, 42.544654999000045 ], [ -4.301483848999965, 42.553925868000078 ], [ -4.302777084999946, 42.557718841000053 ], [ -4.298779142999933, 42.561369910000053 ], [ -4.303400631999978, 42.569281600000068 ], [ -4.270833499999981, 42.58135549900004 ], [ -4.259082477999925, 42.575687587000061 ], [ -4.253868499999953, 42.568412999000032 ], [ -4.254208615999971, 42.561604935000048 ], [ -4.277713499999948, 42.544654999000045 ] ] ] ] } },
{ "type": "Feature", "properties": { "code": "09090", "name": "Castrillo Mota de Judíos" }, "geometry": { "type": "Polygon", "coordinates": [ [ [ -4.195839, 42.338897499000041 ], [ -4.182248406999975, 42.321429788000046 ], [ -4.173013243999947, 42.323121310000033 ], [ -4.165776392999931, 42.317428340000049 ], [ -4.161273232999974, 42.301393456000028 ], [ -4.165399884999943, 42.291945627000075 ], [ -4.178857540999957, 42.286717536000026 ], [ -4.196531499999935, 42.268459499000073 ], [ -4.213858, 42.271624999000039 ], [ -4.208155499999975, 42.282214999000075 ], [ -4.21993249999997, 42.311122999000077 ], [ -4.22234, 42.312030999000058 ], [ -4.219098, 42.318858999000042 ], [ -4.200869, 42.328242999000054 ], [ -4.200709499999959, 42.332038999000076 ], [ -4.195839, 42.338897499000041 ] ] ] } },
{ "type": "Feature", "properties": { "code": "09091", "name": "Castrojeriz" }, "geometry": { "type": "Polygon", "coordinates": [ [ [ -4.186923, 42.126399999000057 ], [ -4.20058, 42.132011499000043 ], [ -4.204692160999969, 42.135289597000053 ], [ -4.201686265999967, 42.149693858000035 ], [ -4.204876998999964, 42.154012095000041 ], [ -4.192230566999967, 42.162580475000027 ], [ -4.189132320999931, 42.17627284200006 ], [ -4.192913848999979, 42.182709724000063 ], [ -4.205862499999967, 42.192424499000026 ], [ -4.206468008999934, 42.196831883000073 ], [ -4.215309, 42.206866999000056 ], [ -4.204505405999953, 42.207355265000047 ], [ -4.180538866999939, 42.218088482000041 ], [ -4.168182318999925, 42.237107250000065 ], [ -4.170524194999928, 42.249291134000032 ], [ -4.175842100999944, 42.256839182000078 ], [ -4.196531499999935, 42.268459499000073 ], [ -4.178857540999957, 42.286717536000026 ], [ -4.165399884999943, 42.291945627000075 ], [ -4.161273232999974, 42.301393456000028 ], [ -4.165776392999931, 42.317428340000049 ], [ -4.173013243999947, 42.323121310000033 ], [ -4.182248406999975, 42.321429788000046 ], [ -4.195839, 42.338897499000041 ], [ -4.196579846999953, 42.34832669900004 ], [ -4.188364499999977, 42.367488999000045 ], [ -4.173281499999973, 42.372768499000074 ], [ -4.150106274999928, 42.359187805000033 ], [ -4.130069133999939, 42.351250175000075 ], [ -4.12242755699998, 42.352600946000052 ], [ -4.097758, 42.345416999000065 ], [ -4.090103382999928, 42.33522565800007 ], [ -4.069277, 42.324661499000058 ], [ -4.069976, 42.322959999000034 ], [ -4.069231, 42.314826999000047 ], [ -4.072677, 42.309669499000051 ], [ -4.072382, 42.303817499000047 ], [ -4.059338, 42.293663499000047 ], [ -4.06508839199995, 42.290940307000028 ], [ -4.073531078999963, 42.294136007000077 ], [ -4.110424447999947, 42.28893118600007 ], [ -4.111393437999936, 42.277532459000042 ], [ -4.097754223999971, 42.262850097000069 ], [ -4.088236499999937, 42.259311999000033 ], [ -4.081419, 42.244056499000067 ], [ -4.086567499999944, 42.23900149900004 ], [ -4.087678, 42.233127499000034 ], [ -4.101730499999974, 42.225761499000043 ], [ -4.113954, 42.21804449900003 ], [ -4.131242499999928, 42.211170499000048 ], [ -4.134269, 42.212363999000047 ], [ -4.147645983999951, 42.212194713000031 ], [ -4.175623395999935, 42.191817843000081 ], [ -4.188421848999951, 42.167606135000028 ], [ -4.188271484999973, 42.161359202000028 ], [ -4.184644499999933, 42.157924499000046 ], [ -4.170432499999947, 42.153991499000028 ], [ -4.178704315999937, 42.148952035000036 ], [ -4.180709078999939, 42.139289353000038 ], [ -4.178341499999931, 42.130737499000077 ], [ -4.186923, 42.126399999000057 ] ] ] } },
{ "type": "Feature", "properties": { "code": "09093", "name": "Cayuela" }, "geometry": { "type": "Polygon", "coordinates": [ [ [ -3.808637, 42.285148499000059 ], [ -3.810981517999949, 42.278610449000041 ], [ -3.807020902999966, 42.263664125000048 ], [ -3.793612822999933, 42.271833449000042 ], [ -3.76978349999996, 42.27180499900004 ], [ -3.770908647999931, 42.255274050000025 ], [ -3.804779, 42.241271999000048 ], [ -3.811709367999981, 42.246852573000069 ], [ -3.810246148999965, 42.254646580000042 ], [ -3.829595965999943, 42.256521620000058 ], [ -3.83321, 42.265723999000045 ], [ -3.828193247999934, 42.278373214000055 ], [ -3.808637, 42.285148499000059 ] ] ] } },
{ "type": "Feature", "properties": { "code": "09094", "name": "Cebrecos" }, "geometry": { "type": "MultiPolygon", "coordinates": [ [ [ [ -3.588994, 41.967658999000037 ], [ -3.590489, 41.971469999000078 ], [ -3.60663349999993, 41.977302499000075 ], [ -3.611604499999942, 41.984706999000025 ], [ -3.624035, 41.989269499000045 ], [ -3.635035499999958, 41.999240999000051 ], [ -3.628939, 42.006751999000073 ], [ -3.614497752999966, 42.006974777000039 ], [ -3.594084313999929, 42.012466035000045 ], [ -3.591289425999946, 42.015226609000081 ], [ -3.59280149999995, 42.021782499000039 ], [ -3.585283, 42.018551499000068 ], [ -3.58657452999995, 42.014719458000059 ], [ -3.583522847999973, 42.011469771000066 ], [ -3.576261904999967, 42.014354662000073 ], [ -3.577671, 42.016784499000039 ], [ -3.570857499999931, 42.022185999000044 ], [ -3.57181049999997, 42.016525499000068 ], [ -3.573401, 42.01465999900006 ], [ -3.569833, 42.011428999000032 ], [ -3.560534, 41.999107499000047 ], [ -3.557654, 41.98710599900005 ], [ -3.55808849999994, 41.983115999000063 ], [ -3.555621, 41.971561499000074 ], [ -3.588994, 41.967658999000037 ] ] ], [ [ [ -3.595451499999967, 42.01833349900005 ], [ -3.608046759999979, 42.028834729000039 ], [ -3.606657, 42.030797499000073 ], [ -3.599388153999939, 42.025084541000069 ], [ -3.595451499999967, 42.01833349900005 ] ] ] ] } },
{ "type": "Feature", "properties": { "code": "09095", "name": "Celada del Camino" }, "geometry": { "type": "Polygon", "coordinates": [ [ [ -3.923429499999941, 42.255489499000078 ], [ -3.936122311999952, 42.25488172300004 ], [ -3.952397499999961, 42.248634499000048 ], [ -3.955537, 42.251784999000051 ], [ -3.957585499999936, 42.252685499000052 ], [ -3.961213499999928, 42.256897499000047 ], [ -3.963687499999935, 42.263297999000031 ], [ -3.96636849999993, 42.265735999000071 ], [ -3.958687325999961, 42.276228384000035 ], [ -3.960806499999933, 42.284362999000052 ], [ -3.914890770999932, 42.28119707500008 ], [ -3.913372408999976, 42.26459236900007 ], [ -3.923429499999941, 42.255489499000078 ] ] ] } },
{ "type": "Feature", "properties": { "code": "09098", "name": "Cerezo de Río Tirón" }, "geometry": { "type": "Polygon", "coordinates": [ [ [ -3.134294499999953, 42.542022499000041 ], [ -3.126135694999959, 42.533837836000032 ], [ -3.109016671999939, 42.529459159000055 ], [ -3.099949314999947, 42.535298678000061 ], [ -3.089395391999972, 42.537575101000073 ], [ -3.084183, 42.535285999000052 ], [ -3.082916907999959, 42.532168020000029 ], [ -3.072901283999954, 42.528244469000072 ], [ -3.076116, 42.520164499000032 ], [ -3.074461690999954, 42.512340730000062 ], [ -3.07830028799998, 42.50121290900006 ], [ -3.093814616999964, 42.489557590000061 ], [ -3.090445, 42.477855499000043 ], [ -3.099604742999929, 42.475091461000034 ], [ -3.107817350999937, 42.481833025000071 ], [ -3.126513372999966, 42.476911057000052 ], [ -3.135563459999958, 42.456581861000075 ], [ -3.146006499999942, 42.45057299900003 ], [ -3.162734203999946, 42.465322636000053 ], [ -3.164940486999967, 42.473511639000037 ], [ -3.182960071999958, 42.475145917000077 ], [ -3.189115, 42.478507999000044 ], [ -3.179980311999941, 42.498235697000041 ], [ -3.187163642999963, 42.497491187000037 ], [ -3.192511700999944, 42.504046312000071 ], [ -3.191184375999967, 42.508757200000048 ], [ -3.206255825999961, 42.511356182000043 ], [ -3.20827, 42.516803999000047 ], [ -3.192255709999927, 42.524821690000067 ], [ -3.134294499999953, 42.542022499000041 ] ] ] } },
{ "type": "Feature", "properties": { "code": "09100", "name": "Cerratón de Juarros" }, "geometry": { "type": "Polygon", "coordinates": [ [ [ -3.378228499999977, 42.393318499000031 ], [ -3.380492962999938, 42.401106562000052 ], [ -3.377587726999934, 42.409661203000041 ], [ -3.387901805999945, 42.427663457000051 ], [ -3.388234, 42.433673999000064 ], [ -3.385823499999958, 42.447116999000059 ], [ -3.383294499999977, 42.445125499000028 ], [ -3.378613499999972, 42.445060499000078 ], [ -3.372444, 42.440314999000066 ], [ -3.374416207999957, 42.434690062000072 ], [ -3.351887082999951, 42.43566432700004 ], [ -3.344757005999952, 42.430422104000058 ], [ -3.342821937999929, 42.425214226000037 ], [ -3.346507499999973, 42.40254999900003 ], [ -3.357075682999948, 42.390394274000073 ], [ -3.360576641999955, 42.380743922000079 ], [ -3.378228499999977, 42.393318499000031 ] ] ] } },
{ "type": "Feature", "properties": { "code": "09101", "name": "Ciadoncha" }, "geometry": { "type": "Polygon", "coordinates": [ [ [ -3.934349, 42.182109499000035 ], [ -3.924164, 42.179492999000047 ], [ -3.916447499999947, 42.173347499000045 ], [ -3.911196, 42.165142499000069 ], [ -3.907945499999926, 42.162284999000065 ], [ -3.91475771599994, 42.148333342000058 ], [ -3.937724, 42.142421499000079 ], [ -3.942724, 42.145019499000057 ], [ -3.950506, 42.147449499000061 ], [ -3.951482499999941, 42.152816999000038 ], [ -3.961485, 42.15716549900003 ], [ -3.964863, 42.165973499000074 ], [ -3.958918095999934, 42.179543729000045 ], [ -3.94449549999996, 42.183631999000056 ], [ -3.934349, 42.182109499000035 ] ] ] } },
{ "type": "Feature", "properties": { "code": "09102", "name": "Cillaperlata" }, "geometry": { "type": "Polygon", "coordinates": [ [ [ -3.350134499999967, 42.763347499000076 ], [ -3.358460812999965, 42.758722887000033 ], [ -3.381428487999926, 42.760548537000034 ], [ -3.38469422999998, 42.765779092000059 ], [ -3.406438899999955, 42.769562009000026 ], [ -3.41016368399994, 42.773408713000038 ], [ -3.407661394999934, 42.779958604000058 ], [ -3.41863, 42.785873499000047 ], [ -3.405294893999951, 42.793191663000073 ], [ -3.380976700999952, 42.797075882000058 ], [ -3.376556567999955, 42.792970942000068 ], [ -3.380747627999938, 42.783744984000066 ], [ -3.369012092999981, 42.778405323000072 ], [ -3.361138701999948, 42.780492917000061 ], [ -3.357056045999968, 42.786647162000065 ], [ -3.347492, 42.791377999000076 ], [ -3.338662524999961, 42.788438997000071 ], [ -3.337369499999966, 42.780422499000053 ], [ -3.338647712999943, 42.770461334000061 ], [ -3.350134499999967, 42.763347499000076 ] ] ] } },
{ "type": "Feature", "properties": { "code": "09103", "name": "Cilleruelo de Abajo" }, "geometry": { "type": "Polygon", "coordinates": [ [ [ -3.765155, 41.930919499000026 ], [ -3.75413851199994, 41.918243510000025 ], [ -3.76327585599995, 41.893468589000065 ], [ -3.753574, 41.891773499000067 ], [ -3.763775965999969, 41.884504564000054 ], [ -3.767866639999966, 41.878056457000071 ], [ -3.76525, 41.864055499000074 ], [ -3.767157, 41.862331499000049 ], [ -3.784752056999935, 41.86589460700003 ], [ -3.820977, 41.863094499000056 ], [ -3.834199499999954, 41.867278999000064 ], [ -3.843995499999949, 41.872638499000061 ], [ -3.855945, 41.871406999000044 ], [ -3.862389499999949, 41.890136999000049 ], [ -3.859261077999975, 41.894556675000047 ], [ -3.838372714999934, 41.905489578000072 ], [ -3.827084230999958, 41.923738745000037 ], [ -3.79385376099998, 41.924819813000056 ], [ -3.765155, 41.930919499000026 ] ] ] } },
{ "type": "Feature", "properties": { "code": "09104", "name": "Cilleruelo de Arriba" }, "geometry": { "type": "Polygon", "coordinates": [ [ [ -3.649385499999937, 41.933074999000041 ], [ -3.62896686299996, 41.930212109000081 ], [ -3.624174499999981, 41.921954999000036 ], [ -3.633595924999952, 41.902502027000025 ], [ -3.631926927999928, 41.897096660000045 ], [ -3.648356383999953, 41.88273107200007 ], [ -3.662500009999974, 41.881375867000031 ], [ -3.669513499999937, 41.885394999000027 ], [ -3.666199651999932, 41.891091613000071 ], [ -3.668191499999978, 41.896236499000054 ], [ -3.675748499999941, 41.903011499000058 ], [ -3.675781499999971, 41.909549499000036 ], [ -3.680041499999959, 41.916667999000026 ], [ -3.662390499999958, 41.931098999000028 ], [ -3.656352499999969, 41.932697499000028 ], [ -3.649385499999937, 41.933074999000041 ] ] ] } },
{ "type": "Feature", "properties": { "code": "09105", "name": "Ciruelos de Cervera" }, "geometry": { "type": "Polygon", "coordinates": [ [ [ -3.560517, 41.893859999000028 ], [ -3.576239442999963, 41.898295652000058 ], [ -3.580997742999955, 41.919332033000046 ], [ -3.579469203999963, 41.925308646000076 ], [ -3.573042499999929, 41.928886499000043 ], [ -3.552952073999961, 41.93272154400006 ], [ -3.537131000999977, 41.940153855000062 ], [ -3.521358006999947, 41.93162499400006 ], [ -3.519138876999932, 41.941956054000059 ], [ -3.512815, 41.944896499000038 ], [ -3.491683, 41.947032999000044 ], [ -3.497391049999976, 41.940265113000066 ], [ -3.497210551999956, 41.93431782600004 ], [ -3.489105496999969, 41.931065884000077 ], [ -3.489098615999978, 41.924659853000037 ], [ -3.480677, 41.922519999000031 ], [ -3.488500140999975, 41.91013257700007 ], [ -3.494835536999972, 41.905433011000071 ], [ -3.497712418999924, 41.897344574000044 ], [ -3.505107369999962, 41.894566865000058 ], [ -3.505937038999946, 41.886594757000069 ], [ -3.512589, 41.87885299900006 ], [ -3.53846118499996, 41.889854520000029 ], [ -3.560517, 41.893859999000028 ] ] ] } },
{ "type": "Feature", "properties": { "code": "09108", "name": "Cogollos" }, "geometry": { "type": "Polygon", "coordinates": [ [ [ -3.673736499999961, 42.162936999000067 ], [ -3.676180491999958, 42.169136769000033 ], [ -3.716575870999975, 42.188197530000025 ], [ -3.728874820999977, 42.20257317800008 ], [ -3.745887499999981, 42.204284499000039 ], [ -3.761718755999937, 42.210784284000056 ], [ -3.760071499999981, 42.218349499000055 ], [ -3.749692499999981, 42.223823499000048 ], [ -3.746793, 42.22447949900004 ], [ -3.727876499999979, 42.226726499000051 ], [ -3.719462, 42.224132499000063 ], [ -3.716965, 42.224101999000027 ], [ -3.708263, 42.225993999000025 ], [ -3.67441249999996, 42.210777499000073 ], [ -3.672234499999945, 42.208747999000025 ], [ -3.666753, 42.20585999900004 ], [ -3.663973, 42.205283999000073 ], [ -3.659663712999929, 42.192271567000034 ], [ -3.661042055999928, 42.184806737000031 ], [ -3.654595538999956, 42.175820997000073 ], [ -3.658302, 42.162944999000047 ], [ -3.661704499999928, 42.16192649900006 ], [ -3.662933, 42.160144999000067 ], [ -3.673736499999961, 42.162936999000067 ] ] ] } },
{ "type": "Feature", "properties": { "code": "09109", "name": "Condado de Treviño" }, "geometry": { "type": "Polygon", "coordinates": [ [ [ -2.862002, 42.745854499000075 ], [ -2.854385737999962, 42.747852411000054 ], [ -2.852754, 42.759112999000081 ], [ -2.846679450999943, 42.752698814000041 ], [ -2.835092920999955, 42.751961799000071 ], [ -2.806098265999935, 42.755544101000055 ], [ -2.789737343999946, 42.772824578000041 ], [ -2.784503565999955, 42.789663993000033 ], [ -2.779273499999931, 42.792930499000079 ], [ -2.732288584999935, 42.793851859000029 ], [ -2.711316772999965, 42.784272336000072 ], [ -2.700201001999972, 42.783676068000034 ], [ -2.692307036999978, 42.77901759000008 ], [ -2.679514941999969, 42.778947103000064 ], [ -2.670338838999953, 42.773053436000055 ], [ -2.656001654999955, 42.772161100000062 ], [ -2.651399345999948, 42.767397939000034 ], [ -2.643570402999956, 42.765378020000071 ], [ -2.633330119999926, 42.765537788000074 ], [ -2.624592917999962, 42.76981429500006 ], [ -2.602246, 42.770712499000069 ], [ -2.601730774999965, 42.76572034700007 ], [ -2.592677227999957, 42.758431384000062 ], [ -2.589741427999968, 42.751010449000034 ], [ -2.575806286999978, 42.754778395000073 ], [ -2.56357905699997, 42.762601132000043 ], [ -2.559093704999952, 42.762016362000054 ], [ -2.55875915799993, 42.75674017700004 ], [ -2.563481684999942, 42.747078345000034 ], [ -2.56361140599995, 42.739358665000054 ], [ -2.573614871999951, 42.724473622000062 ], [ -2.589343739999947, 42.711900269000068 ], [ -2.60038465599996, 42.713998321000076 ], [ -2.607402134999973, 42.706445624000025 ], [ -2.608286594999925, 42.696766947000071 ], [ -2.593779283999936, 42.689379136000071 ], [ -2.579841213999941, 42.675646438000058 ], [ -2.576308726999969, 42.668500476000077 ], [ -2.549211625999931, 42.66933464400006 ], [ -2.537174810999943, 42.686932977000026 ], [ -2.523174809999944, 42.683863403000032 ], [ -2.522997589999932, 42.665647497000066 ], [ -2.517994446999978, 42.654993908000051 ], [ -2.517772278999928, 42.64755574000003 ], [ -2.538272, 42.638675999000043 ], [ -2.549207453999941, 42.638339977000044 ], [ -2.548963833999949, 42.645644369000081 ], [ -2.554166646999931, 42.649282630000073 ], [ -2.565259769999955, 42.645212775000061 ], [ -2.584330724999973, 42.651081030000057 ], [ -2.612536843999976, 42.64723579300005 ], [ -2.618682499999977, 42.648624999000049 ], [ -2.638117512999941, 42.649745612000061 ], [ -2.650664755999969, 42.66047681200007 ], [ -2.65432291999997, 42.669467960000077 ], [ -2.658620974999963, 42.671858120000024 ], [ -2.666790762999938, 42.667148860000054 ], [ -2.701307816999929, 42.674398345000043 ], [ -2.713380341999937, 42.669911442000057 ], [ -2.717458252999961, 42.66261049600007 ], [ -2.737709, 42.663078999000049 ], [ -2.748937, 42.665904999000077 ], [ -2.753307499999949, 42.665313999000034 ], [ -2.7679, 42.666010999000036 ], [ -2.772832708999942, 42.670411512000044 ], [ -2.771272860999943, 42.676989497000079 ], [ -2.784299593999947, 42.697850606000031 ], [ -2.796701472999928, 42.698494296000035 ], [ -2.812163151999926, 42.70668521500005 ], [ -2.824329420999959, 42.70903312400003 ], [ -2.829715508999925, 42.71860177700006 ], [ -2.852985152999963, 42.726639083000066 ], [ -2.853897225999958, 42.728647028000069 ], [ -2.849172005999947, 42.731669150000073 ], [ -2.854755204999947, 42.736095602000034 ], [ -2.868859499999928, 42.740134999000077 ], [ -2.862002, 42.745854499000075 ] ] ] } },
{ "type": "Feature", "properties": { "code": "09110", "name": "Contreras" }, "geometry": { "type": "Polygon", "coordinates": [ [ [ -3.480876, 42.034015499000077 ], [ -3.476308077999931, 42.042378708000058 ], [ -3.467655756999932, 42.042076171000076 ], [ -3.464696068999956, 42.046990807000043 ], [ -3.44463639099996, 42.045556225000041 ], [ -3.425538278999966, 42.057361392000075 ], [ -3.400923499999976, 42.053661499000043 ], [ -3.403868, 42.047355499000048 ], [ -3.40435, 42.039382999000054 ], [ -3.39256, 42.036083499000028 ], [ -3.378479499999969, 42.03076949900003 ], [ -3.381871499999932, 42.010116499000048 ], [ -3.380389499999978, 42.004642499000056 ], [ -3.384698499999956, 41.994334999000046 ], [ -3.415611590999958, 41.993289483000069 ], [ -3.421573131999935, 42.001274669000054 ], [ -3.437590326999953, 42.007513176000032 ], [ -3.462477, 42.00936899900006 ], [ -3.466566499999942, 42.008731999000076 ], [ -3.471000499999946, 42.022086999000066 ], [ -3.480876, 42.034015499000077 ] ] ] } },
{ "type": "Feature", "properties": { "code": "09112", "name": "Coruña del Conde" }, "geometry": { "type": "Polygon", "coordinates": [ [ [ -3.3217, 41.749187499000072 ], [ -3.324268330999928, 41.741215358000034 ], [ -3.350941062999937, 41.738237 ], [ -3.355148, 41.733768499000064 ], [ -3.387063703999956, 41.723972408000066 ], [ -3.394076499999926, 41.718593499000065 ], [ -3.390312349999931, 41.73278309300008 ], [ -3.392142429999979, 41.736458037000034 ], [ -3.412313676999929, 41.74479236500008 ], [ -3.421500391999928, 41.755763389000037 ], [ -3.450395049999941, 41.765565138000056 ], [ -3.455678, 41.764732499000047 ], [ -3.470439499999941, 41.779464999000027 ], [ -3.462274, 41.783694999000033 ], [ -3.459509, 41.784110999000063 ], [ -3.447238, 41.770648999000059 ], [ -3.434441, 41.773444999000048 ], [ -3.431952499999966, 41.773380499000041 ], [ -3.41796, 41.785506999000063 ], [ -3.411743499999943, 41.787524999000027 ], [ -3.403672125999947, 41.782346227000062 ], [ -3.377224575999946, 41.773665531000063 ], [ -3.358488817999955, 41.755335695000042 ], [ -3.340826406999952, 41.75314581300006 ], [ -3.331796848999943, 41.754784459000064 ], [ -3.3217, 41.749187499000072 ] ] ] } },
{ "type": "Feature", "properties": { "code": "09113", "name": "Covarrubias" }, "geometry": { "type": "MultiPolygon", "coordinates": [ [ [ [ -3.497468499999968, 42.078094499000031 ], [ -3.490677418999951, 42.069228095000028 ], [ -3.489770858999975, 42.050808958000061 ], [ -3.494073, 42.04569649900003 ], [ -3.504314177999959, 42.046707899000069 ], [ -3.524587, 42.034393499000032 ], [ -3.536760499999957, 42.020942499000057 ], [ -3.547045, 42.021498999000073 ], [ -3.55314, 42.027972999000042 ], [ -3.554736, 42.030891499000063 ], [ -3.558020499999941, 42.030782999000053 ], [ -3.561061023999969, 42.040763401000049 ], [ -3.556204484999967, 42.047870749000026 ], [ -3.561526439999966, 42.051462184000059 ], [ -3.571374094999953, 42.049946116000058 ], [ -3.571431, 42.063296999000045 ], [ -3.564534966999929, 42.064659272000029 ], [ -3.560467268999957, 42.072223572000041 ], [ -3.546401331999959, 42.083210086000065 ], [ -3.537555812999926, 42.09563875200007 ], [ -3.517559499999948, 42.101798999000039 ], [ -3.510827164999966, 42.096728984000038 ], [ -3.498477761999936, 42.093089959000054 ], [ -3.496889697999961, 42.085935004000078 ], [ -3.500037508999981, 42.07914799100007 ], [ -3.497468499999968, 42.078094499000031 ] ] ], [ [ [ -3.577671, 42.016784499000039 ], [ -3.576261904999967, 42.014354662000073 ], [ -3.583522847999973, 42.011469771000066 ], [ -3.58657452999995, 42.014719458000059 ], [ -3.585283, 42.018551499000068 ], [ -3.577947577999964, 42.021539649000033 ], [ -3.570960499999956, 42.03076949900003 ], [ -3.562249085999952, 42.019029261000071 ], [ -3.547498817999951, 42.014996964000034 ], [ -3.548329, 42.010666499000081 ], [ -3.558039773999951, 42.011228391000031 ], [ -3.559471250999934, 41.99926574300008 ], [ -3.554542052999977, 41.987089104000063 ], [ -3.55808849999994, 41.983115999000063 ], [ -3.557654, 41.98710599900005 ], [ -3.560534, 41.999107499000047 ], [ -3.569833, 42.011428999000032 ], [ -3.573401, 42.01465999900006 ], [ -3.57181049999997, 42.016525499000068 ], [ -3.570857499999931, 42.022185999000044 ], [ -3.572243499999956, 42.023242999000047 ], [ -3.575300499999969, 42.021731999000053 ], [ -3.578049499999963, 42.018619499000067 ], [ -3.577671, 42.016784499000039 ] ] ] ] } },
{ "type": "Feature", "properties": { "code": "09114", "name": "Cubillo del Campo" }, "geometry": { "type": "MultiPolygon", "coordinates": [ [ [ [ -3.575581499999942, 42.166827999000077 ], [ -3.572474589999956, 42.163225797000052 ], [ -3.574457, 42.149532499000031 ], [ -3.584512222999933, 42.140288056000031 ], [ -3.592487, 42.142596999000034 ], [ -3.625430231999928, 42.173261413000034 ], [ -3.619998274999944, 42.176643879000039 ], [ -3.592848083999968, 42.170646180000062 ], [ -3.577782598999931, 42.173249467000062 ], [ -3.573897002999956, 42.170774522000045 ], [ -3.575581499999942, 42.166827999000077 ] ] ], [ [ [ -3.595124, 42.142322499000045 ], [ -3.59335621799994, 42.135652041000071 ], [ -3.608089499999949, 42.131545999000025 ], [ -3.621783771999958, 42.145735882000054 ], [ -3.626017, 42.153209999000069 ], [ -3.624231, 42.153705499000068 ], [ -3.621073, 42.156280499000047 ], [ -3.614716, 42.157348499000079 ], [ -3.609594, 42.154727999000045 ], [ -3.606096499999978, 42.150874999000052 ], [ -3.595124, 42.142322499000045 ] ] ] ] } },
{ "type": "Feature", "properties": { "code": "09115", "name": "Cubo de Bureba" }, "geometry": { "type": "Polygon", "coordinates": [ [ [ -3.225485, 42.649005999000053 ], [ -3.219163656999967, 42.655583958000079 ], [ -3.214149, 42.65599049900004 ], [ -3.191743499999973, 42.654894999000078 ], [ -3.195589305999931, 42.629143248000048 ], [ -3.191304542999944, 42.622004104000041 ], [ -3.196104, 42.616351999000074 ], [ -3.20112249999994, 42.615039499000034 ], [ -3.21817, 42.618880999000055 ], [ -3.220355499999926, 42.619991499000037 ], [ -3.218303175999949, 42.623298297000076 ], [ -3.225485, 42.649005999000053 ] ] ] } },
{ "type": "Feature", "properties": { "code": "09117", "name": "Cueva de Roa, La" }, "geometry": { "type": "Polygon", "coordinates": [ [ [ -3.947083, 41.664291499000058 ], [ -3.934329756999944, 41.680462857000066 ], [ -3.923496532999934, 41.670254813000042 ], [ -3.922843904999979, 41.652501439000048 ], [ -3.912052499999959, 41.646201999000027 ], [ -3.917831, 41.643737999000052 ], [ -3.918691, 41.640937499000074 ], [ -3.924131, 41.636787499000036 ], [ -3.934783172999971, 41.641899421000062 ], [ -3.942451175999963, 41.640227335000077 ], [ -3.960501, 41.643394499000067 ], [ -3.96993249999997, 41.65021499900007 ], [ -3.974447, 41.652534499000069 ], [ -3.961813455999959, 41.661622451000028 ], [ -3.947083, 41.664291499000058 ] ] ] } },
{ "type": "Feature", "properties": { "code": "09119", "name": "Cuevas de San Clemente" }, "geometry": { "type": "Polygon", "coordinates": [ [ [ -3.608089499999949, 42.131545999000025 ], [ -3.59335621799994, 42.135652041000071 ], [ -3.595124, 42.142322499000045 ], [ -3.592487, 42.142596999000034 ], [ -3.584512222999933, 42.140288056000031 ], [ -3.574457, 42.149532499000031 ], [ -3.57041804499994, 42.144643699000028 ], [ -3.551416, 42.135966999000061 ], [ -3.551195, 42.129985999000041 ], [ -3.552616499999942, 42.127834499000073 ], [ -3.543872, 42.123943499000063 ], [ -3.551075958999945, 42.125787086000059 ], [ -3.564081653999949, 42.120248397000069 ], [ -3.577002974999971, 42.124386187000027 ], [ -3.587421409999934, 42.112196843000049 ], [ -3.613430918999939, 42.110020875000032 ], [ -3.620221656999945, 42.115418996000074 ], [ -3.622153, 42.120860999000058 ], [ -3.612023, 42.125392999000042 ], [ -3.607406, 42.129722499000025 ], [ -3.608089499999949, 42.131545999000025 ] ] ] } },
{ "type": "Feature", "properties": { "code": "09120", "name": "Encío" }, "geometry": { "type": "Polygon", "coordinates": [ [ [ -3.074880499999949, 42.670310999000037 ], [ -3.079246499999954, 42.657474499000045 ], [ -3.086399853999978, 42.668327715000032 ], [ -3.120295254999974, 42.675907735000067 ], [ -3.132881331999954, 42.672201140000027 ], [ -3.144456502999958, 42.674254509000036 ], [ -3.15710715299997, 42.680811887000061 ], [ -3.158288683999956, 42.690267989000063 ], [ -3.152126161999945, 42.697672253000064 ], [ -3.146323175999953, 42.700070993000054 ], [ -3.139050095999949, 42.698990692000052 ], [ -3.132295, 42.702678499000058 ], [ -3.115314858999966, 42.692412951000051 ], [ -3.105128369999932, 42.680951820000075 ], [ -3.09083611099993, 42.678111142000034 ], [ -3.093548816999942, 42.685824111000045 ], [ -3.085470121999947, 42.692963051000049 ], [ -3.071936341999958, 42.697771946000046 ], [ -3.061649214999932, 42.696942715000034 ], [ -3.057904210999936, 42.67831852900008 ], [ -3.074880499999949, 42.670310999000037 ] ] ] } },
{ "type": "Feature", "properties": { "code": "09122", "name": "Espinosa de Cervera" }, "geometry": { "type": "Polygon", "coordinates": [ [ [ -3.423613499999931, 41.899669499000026 ], [ -3.436879499999975, 41.886306999000055 ], [ -3.444306499999925, 41.875865999000041 ], [ -3.451512499999978, 41.87056749900006 ], [ -3.466377499999965, 41.868259499000033 ], [ -3.487003499999958, 41.859992999000042 ], [ -3.493297, 41.87152499900003 ], [ -3.510780499999953, 41.874309499000049 ], [ -3.512589, 41.87885299900006 ], [ -3.505937038999946, 41.886594757000069 ], [ -3.505107369999962, 41.894566865000058 ], [ -3.497712418999924, 41.897344574000044 ], [ -3.494835536999972, 41.905433011000071 ], [ -3.488500140999975, 41.91013257700007 ], [ -3.480677, 41.922519999000031 ], [ -3.469387499999925, 41.91909799900003 ], [ -3.466543, 41.916110999000068 ], [ -3.443296499999974, 41.919902499000045 ], [ -3.434860499999957, 41.917330999000058 ], [ -3.440300499999978, 41.905196999000054 ], [ -3.423613499999931, 41.899669499000026 ] ] ] } },
{ "type": "Feature", "properties": { "code": "09123", "name": "Espinosa del Camino" }, "geometry": { "type": "Polygon", "coordinates": [ [ [ -3.283874499999968, 42.426433499000041 ], [ -3.27767, 42.430610999000066 ], [ -3.269759302999944, 42.416372396000042 ], [ -3.271784565999951, 42.404672722000043 ], [ -3.281286689999945, 42.386924588000056 ], [ -3.276916, 42.38070699900004 ], [ -3.28552995299998, 42.379092743000058 ], [ -3.293258651999963, 42.386944071000073 ], [ -3.293491058999962, 42.402765855000041 ], [ -3.283874499999968, 42.426433499000041 ] ] ] } },
{ "type": "Feature", "properties": { "code": "09124", "name": "Espinosa de los Monteros" }, "geometry": { "type": "Polygon", "coordinates": [ [ [ -3.677086499999973, 43.154504999000039 ], [ -3.66889213099995, 43.157655964000071 ], [ -3.660483642999964, 43.168375322000031 ], [ -3.654523499999925, 43.170917499000041 ], [ -3.65565036199996, 43.176724252000042 ], [ -3.646643942999958, 43.179067961000044 ], [ -3.613254691999941, 43.169560150000052 ], [ -3.607142454999973, 43.162444692000065 ], [ -3.602752658999975, 43.150586034000071 ], [ -3.586455116999957, 43.154165884000065 ], [ -3.574591860999931, 43.153008534000037 ], [ -3.543454663999967, 43.147810839000044 ], [ -3.508912, 43.136059999000054 ], [ -3.511996716999931, 43.127365434000069 ], [ -3.52068798099998, 43.123270323000042 ], [ -3.525422226999979, 43.104923796000037 ], [ -3.519924848999949, 43.092740549000041 ], [ -3.51226360499993, 43.090018696000072 ], [ -3.507639984999969, 43.071194084000069 ], [ -3.518651939999927, 43.063509968000062 ], [ -3.519874461999962, 43.05465139000006 ], [ -3.551175499999943, 43.045768499000076 ], [ -3.571620516999928, 43.044198800000061 ], [ -3.578230174999931, 43.046390763000034 ], [ -3.588573487999952, 43.062833469000054 ], [ -3.60250138899994, 43.073776129000066 ], [ -3.604791753999962, 43.084365095000067 ], [ -3.617735241999981, 43.09260355400005 ], [ -3.650229837999973, 43.092432373000065 ], [ -3.668546038999978, 43.097084672000051 ], [ -3.69453625899996, 43.091544095000074 ], [ -3.70874953799995, 43.104542177000042 ], [ -3.719248499999935, 43.108350499000039 ], [ -3.71418990899997, 43.113476823000042 ], [ -3.704950933999953, 43.11679226800004 ], [ -3.702799687999971, 43.123303442000065 ], [ -3.685349659999929, 43.135351102000072 ], [ -3.677086499999973, 43.154504999000039 ] ] ] } },
{ "type": "Feature", "properties": { "code": "09125", "name": "Estépar" }, "geometry": { "type": "Polygon", "coordinates": [ [ [ -3.883449499999927, 42.341720499000076 ], [ -3.872314475999929, 42.325697114000036 ], [ -3.862543499999958, 42.31845449900004 ], [ -3.862062418999926, 42.30437947300004 ], [ -3.865294, 42.295142999000063 ], [ -3.876617351999926, 42.284418307000067 ], [ -3.86906376099995, 42.279558365000071 ], [ -3.866816970999935, 42.273061383000027 ], [ -3.859248943999944, 42.269332665000036 ], [ -3.858313737999936, 42.264567447000047 ], [ -3.83321, 42.265723999000045 ], [ -3.829595965999943, 42.256521620000058 ], [ -3.810246148999965, 42.254646580000042 ], [ -3.811709367999981, 42.246852573000069 ], [ -3.804779, 42.241271999000048 ], [ -3.789473757999929, 42.223058943000069 ], [ -3.790988, 42.215205999000034 ], [ -3.80675604299995, 42.212067792000028 ], [ -3.816552, 42.201129999000045 ], [ -3.82063459099993, 42.199159590000079 ], [ -3.834515082999928, 42.202111225000067 ], [ -3.850727357999972, 42.199447969000062 ], [ -3.857792013999926, 42.209277748000034 ], [ -3.864771720999954, 42.20906450800004 ], [ -3.872942683999952, 42.214334652000048 ], [ -3.883002, 42.214011999000036 ], [ -3.900507460999961, 42.225773489000062 ], [ -3.912057539999978, 42.224338616000068 ], [ -3.92035, 42.228767499000071 ], [ -3.915928581999935, 42.235247765000054 ], [ -3.915280690999964, 42.245841781000081 ], [ -3.917518410999946, 42.251730623000071 ], [ -3.923429499999941, 42.255489499000078 ], [ -3.913372408999976, 42.26459236900007 ], [ -3.914890770999932, 42.28119707500008 ], [ -3.960806499999933, 42.284362999000052 ], [ -3.963081, 42.285503499000072 ], [ -3.96499, 42.288253499000064 ], [ -3.962935202999972, 42.301901187000055 ], [ -3.950911844999951, 42.309826371000042 ], [ -3.954058671999974, 42.313955961000033 ], [ -3.950596499999961, 42.316768499000034 ], [ -3.930887598999959, 42.328794893000065 ], [ -3.905563370999971, 42.332341161000045 ], [ -3.89389469799994, 42.340115193000031 ], [ -3.883449499999927, 42.341720499000076 ] ] ] } },
{ "type": "Feature", "properties": { "code": "09127", "name": "Fontioso" }, "geometry": { "type": "Polygon", "coordinates": [ [ [ -3.740907, 41.890884499000038 ], [ -3.747126499999979, 41.889926999000068 ], [ -3.76327585599995, 41.893468589000065 ], [ -3.75413851199994, 41.918243510000025 ], [ -3.765155, 41.930919499000026 ], [ -3.771438456999931, 41.931253050000066 ], [ -3.774709321999978, 41.94053531600008 ], [ -3.765399990999981, 41.950462221000066 ], [ -3.764756448999947, 41.958635850000064 ], [ -3.722037012999976, 41.954129760000058 ], [ -3.712542543999973, 41.945190447000073 ], [ -3.72258377199995, 41.927252853000027 ], [ -3.728403682999954, 41.923331268000027 ], [ -3.727942, 41.919006499000034 ], [ -3.725262, 41.917762499000048 ], [ -3.727405499999975, 41.903613999000072 ], [ -3.72347149999996, 41.893741499000043 ], [ -3.729655499999978, 41.893695999000045 ], [ -3.740907, 41.890884499000038 ] ] ] } },
{ "type": "Feature", "properties": { "code": "09128", "name": "Frandovínez" }, "geometry": { "type": "Polygon", "coordinates": [ [ [ -3.862543499999958, 42.31845449900004 ], [ -3.844889062999925, 42.326607295000031 ], [ -3.829612499999939, 42.325305999000079 ], [ -3.828979663999974, 42.317022074000079 ], [ -3.83431872999995, 42.305781366000076 ], [ -3.830953874999977, 42.297837506000064 ], [ -3.834573, 42.294703999000035 ], [ -3.852819097999941, 42.296936791000064 ], [ -3.865294, 42.295142999000063 ], [ -3.862062418999926, 42.30437947300004 ], [ -3.862543499999958, 42.31845449900004 ] ] ] } },
{ "type": "Feature", "properties": { "code": "09129", "name": "Fresneda de la Sierra Tirón" }, "geometry": { "type": "Polygon", "coordinates": [ [ [ -3.168775081999968, 42.235549333000051 ], [ -3.183841499999971, 42.24220249900003 ], [ -3.177220656999964, 42.251007922000042 ], [ -3.176611912999931, 42.259232363000081 ], [ -3.170544, 42.269748499000059 ], [ -3.157228590999978, 42.283812485000055 ], [ -3.15669756799997, 42.299614639000026 ], [ -3.159696, 42.30510349900004 ], [ -3.158250499999951, 42.328620999000066 ], [ -3.150700365999967, 42.328473761000055 ], [ -3.133189499999958, 42.335956499000076 ], [ -3.120896856999934, 42.33812017300005 ], [ -3.109561, 42.346175999000025 ], [ -3.109869170999957, 42.338551491000032 ], [ -3.096875006999937, 42.326497716000063 ], [ -3.106093166999926, 42.312977252000053 ], [ -3.096384004999948, 42.287980641000047 ], [ -3.095673789999978, 42.279334525000024 ], [ -3.089643, 42.273025499000028 ], [ -3.096822490999955, 42.262617815000056 ], [ -3.089649926999925, 42.246238576000053 ], [ -3.102504499999952, 42.232211999000072 ], [ -3.14542129299997, 42.240812558000073 ], [ -3.168775081999968, 42.235549333000051 ] ] ] } },
{ "type": "Feature", "properties": { "code": "09130", "name": "Fresneña" }, "geometry": { "type": "Polygon", "coordinates": [ [ [ -3.112726, 42.385009999000033 ], [ -3.142355444999964, 42.377919098000064 ], [ -3.152012123999953, 42.388494197000057 ], [ -3.153535932999944, 42.403086830000063 ], [ -3.142939720999948, 42.417469697000058 ], [ -3.153901232999942, 42.425585459000047 ], [ -3.138367499999958, 42.433688999000026 ], [ -3.137208499999929, 42.431709499000078 ], [ -3.131551, 42.43034749900005 ], [ -3.12983, 42.432185999000069 ], [ -3.129036, 42.430499999000062 ], [ -3.126357499999926, 42.428550499000039 ], [ -3.125038, 42.430820499000049 ], [ -3.119714, 42.431152499000063 ], [ -3.120314499999949, 42.427684999000064 ], [ -3.116833489999976, 42.421776771000054 ], [ -3.117302089999953, 42.413750567000079 ], [ -3.126251392999961, 42.399494173000051 ], [ -3.124133720999964, 42.394511886000032 ], [ -3.117864088999966, 42.393598516000054 ], [ -3.112726, 42.385009999000033 ] ] ] } },
{ "type": "Feature", "properties": { "code": "09131", "name": "Fresnillo de las Dueñas" }, "geometry": { "type": "Polygon", "coordinates": [ [ [ -3.664504, 41.646655999000075 ], [ -3.662376582999968, 41.65020899600006 ], [ -3.637177965999967, 41.649040252000077 ], [ -3.631311852999943, 41.653685159000077 ], [ -3.619754609999973, 41.654540336000025 ], [ -3.603828499999963, 41.649837499000057 ], [ -3.610702, 41.624633999000025 ], [ -3.623970749999955, 41.626007162000064 ], [ -3.63358115099993, 41.623206970000069 ], [ -3.652509499999951, 41.625461499000039 ], [ -3.663829203999967, 41.635886520000042 ], [ -3.664504, 41.646655999000075 ] ] ] } },
{ "type": "Feature", "properties": { "code": "09132", "name": "Fresno de Río Tirón" }, "geometry": { "type": "Polygon", "coordinates": [ [ [ -3.14841, 42.449317999000073 ], [ -3.168775081999968, 42.455439420000062 ], [ -3.204994130999978, 42.456596932000025 ], [ -3.22395914699996, 42.462488404000055 ], [ -3.189115, 42.478507999000044 ], [ -3.182960071999958, 42.475145917000077 ], [ -3.164940486999967, 42.473511639000037 ], [ -3.162734203999946, 42.465322636000053 ], [ -3.146006499999942, 42.45057299900003 ], [ -3.14841, 42.449317999000073 ] ] ] } },
{ "type": "Feature", "properties": { "code": "09133", "name": "Fresno de Rodilla" }, "geometry": { "type": "Polygon", "coordinates": [ [ [ -3.489808499999981, 42.40365999900007 ], [ -3.497243282999932, 42.401969533000056 ], [ -3.501924, 42.405234999000072 ], [ -3.499179885999979, 42.408698881000078 ], [ -3.507685016999972, 42.424119257000029 ], [ -3.502839499999936, 42.430038499000034 ], [ -3.486812549999968, 42.436359309000068 ], [ -3.47082249999994, 42.438892499000076 ], [ -3.452692996999929, 42.42596711200008 ], [ -3.45232649999997, 42.423218499000029 ], [ -3.460512499999936, 42.413738499000033 ], [ -3.4743, 42.408092499000077 ], [ -3.489808499999981, 42.40365999900007 ] ] ] } },
{ "type": "Feature", "properties": { "code": "09134", "name": "Frías" }, "geometry": { "type": "Polygon", "coordinates": [ [ [ -3.226185499999929, 42.738174499000081 ], [ -3.25844776699995, 42.749795844000062 ], [ -3.264686225999981, 42.748064180000029 ], [ -3.26871655399998, 42.737223261000054 ], [ -3.252231499999937, 42.714693499000077 ], [ -3.25607982899993, 42.712988431000042 ], [ -3.269735499999967, 42.72121899900003 ], [ -3.28716278099995, 42.72935306800008 ], [ -3.325396, 42.738220999000077 ], [ -3.325884, 42.744563999000036 ], [ -3.330856499999925, 42.755771499000048 ], [ -3.342138499999976, 42.762920499000074 ], [ -3.350134499999967, 42.763347499000076 ], [ -3.338647712999943, 42.770461334000061 ], [ -3.337369499999966, 42.780422499000053 ], [ -3.327633737999975, 42.776806579000038 ], [ -3.288046075999944, 42.783192022000037 ], [ -3.281362784999942, 42.781497696000031 ], [ -3.278644371999974, 42.779062405000047 ], [ -3.282024370999977, 42.766540856000063 ], [ -3.273965880999981, 42.758562493000056 ], [ -3.245517641999925, 42.751517233000072 ], [ -3.226185499999929, 42.738174499000081 ] ] ] } },
{ "type": "Feature", "properties": { "code": "09135", "name": "Fuentebureba" }, "geometry": { "type": "Polygon", "coordinates": [ [ [ -3.251293, 42.638381999000046 ], [ -3.245233866999968, 42.646661051000081 ], [ -3.225485, 42.649005999000053 ], [ -3.218303175999949, 42.623298297000076 ], [ -3.220355499999926, 42.619991499000037 ], [ -3.228487, 42.619109999000045 ], [ -3.241252499999973, 42.615997499000059 ], [ -3.244529, 42.608768499000064 ], [ -3.253056499999957, 42.61297249900008 ], [ -3.251293, 42.638381999000046 ] ] ] } },
{ "type": "Feature", "properties": { "code": "09136", "name": "Fuentecén" }, "geometry": { "type": "Polygon", "coordinates": [ [ [ -3.880010499999969, 41.609741499000052 ], [ -3.882392, 41.610072999000067 ], [ -3.884254, 41.612853999000038 ], [ -3.885241, 41.616485499000078 ], [ -3.884347, 41.618804999000076 ], [ -3.889078, 41.626731999000071 ], [ -3.901108499999964, 41.628654499000049 ], [ -3.907878499999981, 41.631087999000044 ], [ -3.910306499999933, 41.63044749900007 ], [ -3.913988499999959, 41.634418499000049 ], [ -3.903635716999929, 41.639953949000073 ], [ -3.888875, 41.652148999000076 ], [ -3.886949499999957, 41.65458699900006 ], [ -3.851926501999969, 41.641822645000047 ], [ -3.838998499999946, 41.642932999000038 ], [ -3.835319062999929, 41.631263915000034 ], [ -3.843119, 41.621944499000051 ], [ -3.853366953999966, 41.623353727000051 ], [ -3.870686, 41.610914638000054 ], [ -3.880010499999969, 41.609741499000052 ] ] ] } },
{ "type": "Feature", "properties": { "code": "09137", "name": "Fuentelcésped" }, "geometry": { "type": "Polygon", "coordinates": [ [ [ -3.616864499999963, 41.57715199900008 ], [ -3.626151, 41.570003499000052 ], [ -3.645279499999958, 41.572097499000051 ], [ -3.659055391999971, 41.581769948000044 ], [ -3.667706067999973, 41.595045437000067 ], [ -3.671032615999934, 41.604153194000048 ], [ -3.663924, 41.611243999000067 ], [ -3.652509499999951, 41.625461499000039 ], [ -3.63358115099993, 41.623206970000069 ], [ -3.623970749999955, 41.626007162000064 ], [ -3.610702, 41.624633999000025 ], [ -3.616553754999927, 41.613705078000066 ], [ -3.612674413999969, 41.609071398000026 ], [ -3.616925167999966, 41.597572529000047 ], [ -3.616864499999963, 41.57715199900008 ] ] ] } },
{ "type": "Feature", "properties": { "code": "09138", "name": "Fuentelisendo" }, "geometry": { "type": "Polygon", "coordinates": [ [ [ -3.882392, 41.610072999000067 ], [ -3.893044121999935, 41.605555940000045 ], [ -3.912469, 41.608443999000031 ], [ -3.914358730999936, 41.619168684000044 ], [ -3.923611, 41.624793999000076 ], [ -3.926149, 41.631034999000065 ], [ -3.92139949999995, 41.636367499000073 ], [ -3.913988499999959, 41.634418499000049 ], [ -3.910306499999933, 41.63044749900007 ], [ -3.907878499999981, 41.631087999000044 ], [ -3.901108499999964, 41.628654499000049 ], [ -3.889078, 41.626731999000071 ], [ -3.884347, 41.618804999000076 ], [ -3.885241, 41.616485499000078 ], [ -3.884254, 41.612853999000038 ], [ -3.882392, 41.610072999000067 ] ] ] } },
{ "type": "Feature", "properties": { "code": "09139", "name": "Fuentemolinos" }, "geometry": { "type": "Polygon", "coordinates": [ [ [ -3.880010499999969, 41.609741499000052 ], [ -3.870686, 41.610914638000054 ], [ -3.853366953999966, 41.623353727000051 ], [ -3.843119, 41.621944499000051 ], [ -3.834114257999943, 41.616173058000072 ], [ -3.836368365999931, 41.611182177000046 ], [ -3.830549, 41.605830999000034 ], [ -3.832991499999935, 41.604373999000074 ], [ -3.833918499999925, 41.600971499000025 ], [ -3.83919, 41.597446499000057 ], [ -3.850201697999978, 41.587928100000056 ], [ -3.866931152999939, 41.580895483000063 ], [ -3.877555822999966, 41.579282133000049 ], [ -3.880010499999969, 41.609741499000052 ] ] ] } },
{ "type": "Feature", "properties": { "code": "09140", "name": "Fuentenebro" }, "geometry": { "type": "Polygon", "coordinates": [ [ [ -3.72912249999996, 41.457622499000081 ], [ -3.739509, 41.45078249900007 ], [ -3.744163499999956, 41.461055499000054 ], [ -3.75006, 41.460540499000047 ], [ -3.757747499999937, 41.461517499000081 ], [ -3.763768499999969, 41.460143999000024 ], [ -3.769777499999975, 41.460147999000071 ], [ -3.771662499999934, 41.471656999000061 ], [ -3.769902499999944, 41.479720999000051 ], [ -3.770281, 41.482383999000035 ], [ -3.767758790999949, 41.505386558000055 ], [ -3.771020114999942, 41.522563167000044 ], [ -3.766215, 41.537921999000048 ], [ -3.768791997999926, 41.542179144000045 ], [ -3.765155035999953, 41.551820987000042 ], [ -3.766302, 41.562709999000049 ], [ -3.759412, 41.558978999000033 ], [ -3.737136499999963, 41.556369999000026 ], [ -3.725851, 41.558429999000055 ], [ -3.726939, 41.552833343000032 ], [ -3.722003152999946, 41.541300284000044 ], [ -3.728332499999965, 41.51763549900005 ], [ -3.725518429999966, 41.508630147000076 ], [ -3.728200636999929, 41.501209224000036 ], [ -3.728028, 41.486171999000078 ], [ -3.724783736999939, 41.479107428000077 ], [ -3.732013785999925, 41.46933023400004 ], [ -3.72912249999996, 41.457622499000081 ] ] ] } },
{ "type": "Feature", "properties": { "code": "09141", "name": "Fuentespina" }, "geometry": { "type": "Polygon", "coordinates": [ [ [ -3.664504, 41.646655999000075 ], [ -3.663829203999967, 41.635886520000042 ], [ -3.652509499999951, 41.625461499000039 ], [ -3.663924, 41.611243999000067 ], [ -3.672730670999954, 41.616279409000072 ], [ -3.692995, 41.612495499000033 ], [ -3.71140251099996, 41.626983843000062 ], [ -3.723762, 41.631358999000042 ], [ -3.721311499999956, 41.631274999000027 ], [ -3.716414, 41.633392499000081 ], [ -3.70225, 41.634815499000069 ], [ -3.691778, 41.638076999000077 ], [ -3.68679549999996, 41.641402999000036 ], [ -3.68066749999997, 41.641006499000071 ], [ -3.67639749999995, 41.643760499000052 ], [ -3.664504, 41.646655999000075 ] ] ] } },
{ "type": "Feature", "properties": { "code": "09143", "name": "Galbarros" }, "geometry": { "type": "Polygon", "coordinates": [ [ [ -3.476666, 42.49259949900005 ], [ -3.481678018999958, 42.498658954000064 ], [ -3.513774789999957, 42.485165915000039 ], [ -3.51946449999997, 42.492557499000043 ], [ -3.465744357999938, 42.529739075000066 ], [ -3.458703343999957, 42.537444576000041 ], [ -3.45742, 42.54521199900006 ], [ -3.450597955999967, 42.545782991000067 ], [ -3.442324499999927, 42.554862999000079 ], [ -3.433570499999973, 42.553706999000042 ], [ -3.430292, 42.556888499000081 ], [ -3.419881729999929, 42.555668022000077 ], [ -3.408943096999963, 42.54076636700006 ], [ -3.40809349999995, 42.534007999000039 ], [ -3.416677299999947, 42.520253556000057 ], [ -3.406965, 42.517684999000039 ], [ -3.412927, 42.507919499000025 ], [ -3.413080499999978, 42.505397999000024 ], [ -3.420864237999979, 42.509474408000074 ], [ -3.426665499999956, 42.505546499000047 ], [ -3.434896499999979, 42.502425999000025 ], [ -3.442282, 42.502048499000068 ], [ -3.460328318999927, 42.50483841700003 ], [ -3.459520854999937, 42.498586609000029 ], [ -3.476666, 42.49259949900005 ] ] ] } },
{ "type": "Feature", "properties": { "code": "09144", "name": "Gallega, La" }, "geometry": { "type": "Polygon", "coordinates": [ [ [ -3.231422, 41.91079699900007 ], [ -3.240092129999937, 41.897599547000027 ], [ -3.243222443999969, 41.895853749000025 ], [ -3.247750499999938, 41.885894999000072 ], [ -3.24047749999994, 41.881606999000041 ], [ -3.246598499999948, 41.865684499000054 ], [ -3.25631035899994, 41.869993978000025 ], [ -3.267923216999975, 41.869129359000056 ], [ -3.273115212999926, 41.880538683000054 ], [ -3.28377949999998, 41.883804499000064 ], [ -3.282133, 41.901199499000029 ], [ -3.278651, 41.909763499000064 ], [ -3.26967, 41.919170499000074 ], [ -3.270511, 41.923961499000029 ], [ -3.252571, 41.919967499000052 ], [ -3.231422, 41.91079699900007 ] ] ] } },
{ "type": "Feature", "properties": { "code": "09148", "name": "Grijalba" }, "geometry": { "type": "Polygon", "coordinates": [ [ [ -4.096497499999941, 42.438411999000039 ], [ -4.092894, 42.43535599900008 ], [ -4.091086, 42.429954499000075 ], [ -4.088262, 42.428397999000026 ], [ -4.082402499999944, 42.419173999000066 ], [ -4.087381, 42.411880499000063 ], [ -4.103054499999928, 42.410251999000025 ], [ -4.1044, 42.408637999000064 ], [ -4.115135, 42.407531499000072 ], [ -4.118327499999964, 42.408618999000055 ], [ -4.124026499999957, 42.407237999000074 ], [ -4.129958, 42.40735999900005 ], [ -4.132506, 42.407760499000062 ], [ -4.13199149999997, 42.410258499000065 ], [ -4.132545, 42.414027999000041 ], [ -4.136357499999974, 42.413810999000077 ], [ -4.138022, 42.415054499000064 ], [ -4.147013499999957, 42.416370499000038 ], [ -4.150383499999975, 42.415137999000081 ], [ -4.154678499999932, 42.43928149900006 ], [ -4.153985499999976, 42.443915999000069 ], [ -4.116, 42.448802999000065 ], [ -4.096497499999941, 42.438411999000039 ] ] ] } },
{ "type": "Feature", "properties": { "code": "09149", "name": "Grisaleña" }, "geometry": { "type": "Polygon", "coordinates": [ [ [ -3.237236499999938, 42.585918499000059 ], [ -3.255471499999942, 42.568271499000048 ], [ -3.250362499999937, 42.564437999000063 ], [ -3.248929, 42.562156499000025 ], [ -3.255743, 42.566280499000072 ], [ -3.26842849999997, 42.569511499000043 ], [ -3.271424499999966, 42.569377999000039 ], [ -3.278193, 42.578811499000039 ], [ -3.278579, 42.580817999000033 ], [ -3.287711, 42.584613499000056 ], [ -3.285380499999974, 42.586547999000061 ], [ -3.284862499999974, 42.590862499000025 ], [ -3.287181, 42.591079499000045 ], [ -3.289578, 42.592963999000062 ], [ -3.296904, 42.595664999000064 ], [ -3.292425499999979, 42.613231499000051 ], [ -3.280509025999947, 42.614387992000047 ], [ -3.268190030999961, 42.610569632000079 ], [ -3.253056499999957, 42.61297249900008 ], [ -3.244529, 42.608768499000064 ], [ -3.250077562999934, 42.599463105000041 ], [ -3.242120253999929, 42.587757785000065 ], [ -3.237236499999938, 42.585918499000059 ] ] ] } },
{ "type": "Feature", "properties": { "code": "09151", "name": "Gumiel de Izán" }, "geometry": { "type": "Polygon", "coordinates": [ [ [ -3.74124, 41.791217999000025 ], [ -3.732858, 41.800327499000048 ], [ -3.715567, 41.814010499000062 ], [ -3.71475, 41.811935499000072 ], [ -3.68707749999993, 41.821494999000038 ], [ -3.673708, 41.818847499000071 ], [ -3.66893749999997, 41.820873499000072 ], [ -3.665543499999956, 41.826740499000039 ], [ -3.651549177999925, 41.817215125000075 ], [ -3.651991550999981, 41.80239885900005 ], [ -3.645522887999959, 41.787145944000031 ], [ -3.636609127999975, 41.778605550000066 ], [ -3.631354921999957, 41.77743358500004 ], [ -3.615349499999979, 41.785068499000033 ], [ -3.617964233999942, 41.774352769000075 ], [ -3.659443493999959, 41.755547610000065 ], [ -3.657358, 41.72576949900008 ], [ -3.664852778999943, 41.729523500000028 ], [ -3.689080056999956, 41.720793471000036 ], [ -3.726274279999927, 41.720207857000048 ], [ -3.734432843999969, 41.724697778000063 ], [ -3.751542499999971, 41.745933499000046 ], [ -3.725261730999932, 41.759480989000053 ], [ -3.727186461999963, 41.769046279000065 ], [ -3.740008203999935, 41.781835105000027 ], [ -3.74124, 41.791217999000025 ] ] ] } },
{ "type": "Feature", "properties": { "code": "09152", "name": "Gumiel de Mercado" }, "geometry": { "type": "Polygon", "coordinates": [ [ [ -3.771353499999975, 41.748191999000028 ], [ -3.784866991999934, 41.741358179000031 ], [ -3.783053282999958, 41.73603881300005 ], [ -3.808132659999956, 41.730355476000057 ], [ -3.787083314999961, 41.704096931000038 ], [ -3.782427499999926, 41.693343999000035 ], [ -3.786515, 41.680660499000055 ], [ -3.799311499999931, 41.68169799900005 ], [ -3.805027499999937, 41.677642499000058 ], [ -3.810815499999933, 41.671512499000073 ], [ -3.825130982999951, 41.681982189000053 ], [ -3.845872093999958, 41.687864973000046 ], [ -3.858795, 41.700473499000054 ], [ -3.851342236999926, 41.705877289000057 ], [ -3.85077443299997, 41.714100055000074 ], [ -3.854236499999956, 41.722026499000037 ], [ -3.860052959999962, 41.730372920000036 ], [ -3.846389, 41.736027499000045 ], [ -3.836509073999935, 41.736273383000025 ], [ -3.829157228999975, 41.744022566000069 ], [ -3.82732584699994, 41.754072394000048 ], [ -3.797122232999925, 41.775869013000033 ], [ -3.793258442999957, 41.784527490000073 ], [ -3.783397690999948, 41.789019160000066 ], [ -3.780085636999956, 41.794645201000037 ], [ -3.76862049999994, 41.797321499000077 ], [ -3.767234499999972, 41.796157999000059 ], [ -3.758203, 41.795810499000027 ], [ -3.747830499999964, 41.797015999000052 ], [ -3.735869, 41.801585999000054 ], [ -3.732858, 41.800327499000048 ], [ -3.74124, 41.791217999000025 ], [ -3.754775483999936, 41.772294687000056 ], [ -3.774389903999975, 41.760760154000025 ], [ -3.771353499999975, 41.748191999000028 ] ] ] } },
{ "type": "Feature", "properties": { "code": "09154", "name": "Hacinas" }, "geometry": { "type": "Polygon", "coordinates": [ [ [ -3.26335624099994, 41.973796382000046 ], [ -3.267163769999968, 41.971050911000077 ], [ -3.290717015999974, 41.966760167000075 ], [ -3.299689021999939, 41.972665734000032 ], [ -3.302671636999946, 41.980073295000068 ], [ -3.293615634999981, 41.995312394000052 ], [ -3.276950772999953, 41.996108629000048 ], [ -3.267851551999968, 41.990764009000031 ], [ -3.26335624099994, 41.973796382000046 ] ] ] } },
{ "type": "Feature", "properties": { "code": "09155", "name": "Haza" }, "geometry": { "type": "MultiPolygon", "coordinates": [ [ [ [ -3.843119, 41.621944499000051 ], [ -3.835319062999929, 41.631263915000034 ], [ -3.838998499999946, 41.642932999000038 ], [ -3.827282191999927, 41.662137888000075 ], [ -3.818597113999942, 41.662898620000078 ], [ -3.80872, 41.659618499000032 ], [ -3.809331640999972, 41.646981876000041 ], [ -3.792066260999945, 41.630730483000036 ], [ -3.782044938999945, 41.628587701000072 ], [ -3.780185869999968, 41.62539903000004 ], [ -3.775206998999977, 41.626570504000028 ], [ -3.763214, 41.620094499000061 ], [ -3.763848, 41.617000499000028 ], [ -3.777902499999925, 41.609962499000062 ], [ -3.783341, 41.609016499000063 ], [ -3.786731, 41.607577999000057 ], [ -3.797281767999948, 41.613128506000066 ], [ -3.811212374999968, 41.615605415000061 ], [ -3.830549, 41.605830999000034 ], [ -3.836368365999931, 41.611182177000046 ], [ -3.834114257999943, 41.616173058000072 ], [ -3.843119, 41.621944499000051 ] ] ], [ [ [ -3.80587, 41.667926999000031 ], [ -3.808695, 41.668079499000044 ], [ -3.810815499999933, 41.671512499000073 ], [ -3.805027499999937, 41.677642499000058 ], [ -3.799311499999931, 41.68169799900005 ], [ -3.786515, 41.680660499000055 ], [ -3.777866499999959, 41.671820999000033 ], [ -3.80587, 41.667926999000031 ] ] ], [ [ [ -3.834177499999953, 41.499641499000063 ], [ -3.810508841999933, 41.497985697000047 ], [ -3.798246499999948, 41.491924499000049 ], [ -3.794317, 41.490958999000043 ], [ -3.787666499999943, 41.485862499000064 ], [ -3.795280499999933, 41.484466499000064 ], [ -3.800220499999966, 41.485866499000053 ], [ -3.816215499999942, 41.483653999000069 ], [ -3.823903, 41.481132999000067 ], [ -3.82826, 41.491324999000028 ], [ -3.834177499999953, 41.499641499000063 ] ] ], [ [ [ -3.809664, 41.549728999000081 ], [ -3.814278981999962, 41.544602416000032 ], [ -3.813960539999925, 41.539754650000077 ], [ -3.800578849999965, 41.530931015000078 ], [ -3.796236, 41.52247249900006 ], [ -3.799138, 41.521621999000047 ], [ -3.80381049999994, 41.524566499000059 ], [ -3.814734632999944, 41.527279977000035 ], [ -3.841217153999935, 41.523221 ], [ -3.835832, 41.499770999000077 ], [ -3.842301499999962, 41.500617999000042 ], [ -3.866725157999952, 41.531351140000027 ], [ -3.875563374999956, 41.534490838000067 ], [ -3.885806499999944, 41.532298999000034 ], [ -3.886054, 41.534702499000048 ], [ -3.894695876999947, 41.55157403100003 ], [ -3.914523499999973, 41.563445999000066 ], [ -3.905593244999977, 41.567913379000061 ], [ -3.914187089999928, 41.584140852000075 ], [ -3.912469, 41.608443999000031 ], [ -3.893044121999935, 41.605555940000045 ], [ -3.882392, 41.610072999000067 ], [ -3.880010499999969, 41.609741499000052 ], [ -3.877555822999966, 41.579282133000049 ], [ -3.866931152999939, 41.580895483000063 ], [ -3.850201697999978, 41.587928100000056 ], [ -3.841891499999974, 41.594714999000075 ], [ -3.847118577999936, 41.585952346000056 ], [ -3.82779249999993, 41.580619999000078 ], [ -3.832165347999933, 41.572123826000052 ], [ -3.826477807999936, 41.564263997000069 ], [ -3.828798651999932, 41.55702150500008 ], [ -3.825088095999945, 41.55266972000004 ], [ -3.821888373999968, 41.555313265000052 ], [ -3.809664, 41.549728999000081 ] ] ], [ [ [ -3.924131, 41.636787499000036 ], [ -3.918691, 41.640937499000074 ], [ -3.917831, 41.643737999000052 ], [ -3.912052499999959, 41.646201999000027 ], [ -3.907571, 41.647010999000031 ], [ -3.904646, 41.649043999000071 ], [ -3.895098, 41.649783999000078 ], [ -3.888875, 41.652148999000076 ], [ -3.903635716999929, 41.639953949000073 ], [ -3.913988499999959, 41.634418499000049 ], [ -3.92139949999995, 41.636367499000073 ], [ -3.926149, 41.631034999000065 ], [ -3.923611, 41.624793999000076 ], [ -3.933847499999956, 41.622955499000057 ], [ -3.924131, 41.636787499000036 ] ] ] ] } }
]
}
