{
"type": "FeatureCollection",
"crs": { "type": "name", "properties": { "name": "urn:ogc:def:crs:OGC:1.3:CRS84" } },
"features": [
{ "type": "Feature", "properties": { "code": "10067", "name": "Coria" }, "geometry": { "type": "Polygon", "coordinates": [ [ [ -6.598099499999933, 39.976088999000069 ], [ -6.59425906499996, 39.982721121000054 ], [ -6.58265576499997, 39.991875164000078 ], [ -6.570454953999956, 39.99408578300006 ], [ -6.555905, 40.01303499900007 ], [ -6.537205073999928, 40.020732500000065 ], [ -6.501225588999944, 40.007914993000043 ], [ -6.501098031999959, 40.027343210000026 ], [ -6.483872, 40.028545499000074 ], [ -6.465666058999943, 40.01832462200008 ], [ -6.463170263999928, 40.004731154000069 ], [ -6.457833741999934, 39.998101292000058 ], [ -6.448251299999981, 39.997572114000036 ], [ -6.439464658999952, 40.008566216000077 ], [ -6.423596499999974, 40.007571999000049 ], [ -6.419809873999952, 39.994816826000033 ], [ -6.42977549099993, 39.98067913400007 ], [ -6.404280692999976, 39.970798495000054 ], [ -6.398976109999978, 39.96476498100003 ], [ -6.399939499999959, 39.959937999000033 ], [ -6.420018471999981, 39.953239164000024 ], [ -6.44174544599997, 39.963938260000077 ], [ -6.46646319599995, 39.952953799000056 ], [ -6.48950108799994, 39.95376729000003 ], [ -6.496535064999932, 39.947583722000047 ], [ -6.497136998999963, 39.929424165000057 ], [ -6.521120499999938, 39.928100499000038 ], [ -6.532903866999959, 39.931893037000066 ], [ -6.53716507799993, 39.940370039000072 ], [ -6.556323816999964, 39.940322434000052 ], [ -6.558398242999942, 39.944614096000066 ], [ -6.556571966999968, 39.958086617000049 ], [ -6.576169225999934, 39.961540946000071 ], [ -6.601333, 39.956714499000043 ], [ -6.60274323699997, 39.966837276000035 ], [ -6.596790484999929, 39.971519604000036 ], [ -6.598099499999933, 39.976088999000069 ] ] ] } },
{ "type": "Feature", "properties": { "code": "10068", "name": "Cuacos de Yuste" }, "geometry": { "type": "Polygon", "coordinates": [ [ [ -5.742814499999952, 40.125751499000046 ], [ -5.726836499999933, 40.12495034300008 ], [ -5.722146542999951, 40.118560014000025 ], [ -5.701122872999974, 40.109887412000035 ], [ -5.697869179999941, 40.103913999000042 ], [ -5.697453295999935, 40.093650596000032 ], [ -5.688432499999976, 40.089042499000072 ], [ -5.675050680999959, 40.084950157000037 ], [ -5.670526312999925, 40.077196867000055 ], [ -5.643269524999937, 40.058017714000073 ], [ -5.606141352999941, 40.049889220000068 ], [ -5.588245747999963, 40.057180690000052 ], [ -5.582354, 40.041022999000063 ], [ -5.592560188999926, 40.036169484000027 ], [ -5.603365361999977, 40.023377481000068 ], [ -5.629392499999938, 40.023776999000063 ], [ -5.627351595999926, 40.031873179000058 ], [ -5.633312068999942, 40.041420056000049 ], [ -5.666904824999961, 40.035213722000037 ], [ -5.667883358999973, 40.045415854000055 ], [ -5.674429138999926, 40.052193981000073 ], [ -5.688500245999933, 40.054758464000031 ], [ -5.698486070999934, 40.059893020000061 ], [ -5.700244289999944, 40.065073616000063 ], [ -5.711426499999959, 40.068816999000035 ], [ -5.711499235999952, 40.072316516000058 ], [ -5.721945492999964, 40.074861643000077 ], [ -5.726821155999971, 40.079244146000065 ], [ -5.744672110999943, 40.081962832000045 ], [ -5.750771356999962, 40.080084253000052 ], [ -5.755357, 40.082416499000033 ], [ -5.751463598999976, 40.088892626000074 ], [ -5.75140610699998, 40.099746322000044 ], [ -5.756061522999971, 40.110289642000055 ], [ -5.752265897999962, 40.120167896000055 ], [ -5.742814499999952, 40.125751499000046 ] ] ] } },
{ "type": "Feature", "properties": { "code": "10069", "name": "Cumbre, La" }, "geometry": { "type": "Polygon", "coordinates": [ [ [ -5.931402499999933, 39.404293499000062 ], [ -5.943581478999931, 39.404917176000026 ], [ -5.967801694999935, 39.38054152400008 ], [ -5.970228, 39.360088499000028 ], [ -5.989167, 39.371787999000048 ], [ -5.991939499999944, 39.375320499000054 ], [ -5.997610154999961, 39.390483410000058 ], [ -6.019262432999938, 39.388100524000038 ], [ -6.041753587999949, 39.411319529000025 ], [ -6.051494468999977, 39.42750267200006 ], [ -6.040989791999948, 39.429459418000079 ], [ -6.044840070999953, 39.435657995000042 ], [ -6.035949010999957, 39.43727762900005 ], [ -6.034951000999968, 39.440315190000035 ], [ -6.044849166999938, 39.450530959000048 ], [ -6.055655744999967, 39.445418023000059 ], [ -6.060804785999949, 39.451491057000055 ], [ -6.053690853999967, 39.474991879000072 ], [ -6.056723499999976, 39.475925499000027 ], [ -6.05436991199997, 39.482301239000037 ], [ -6.037723058999973, 39.483329688000026 ], [ -6.032730567999977, 39.488256500000034 ], [ -6.033142357999964, 39.493183275000035 ], [ -6.047442793999949, 39.496791177000034 ], [ -6.048077, 39.515544499000043 ], [ -6.038105321999979, 39.514794029000029 ], [ -6.020382745999939, 39.524715622000031 ], [ -6.013846436999927, 39.522341646000029 ], [ -6.008045546999938, 39.527168084000039 ], [ -6.001059571999974, 39.525094823000074 ], [ -5.995941432999928, 39.528238071000033 ], [ -5.98742591599995, 39.518221458000028 ], [ -5.977824376999934, 39.512862991000077 ], [ -5.97315988899993, 39.515037444000029 ], [ -5.965972616999977, 39.509056261000069 ], [ -5.963116552999963, 39.50334448600006 ], [ -5.977870862999964, 39.496697918000052 ], [ -5.981455273999927, 39.483315466000079 ], [ -5.962927387999969, 39.473447187000033 ], [ -5.970243211999957, 39.467127851000043 ], [ -5.971244462999948, 39.459386919000053 ], [ -5.957040953999979, 39.456303352000077 ], [ -5.959090986999968, 39.437082157000077 ], [ -5.948768306999966, 39.436196198000061 ], [ -5.945795820999933, 39.428428505000056 ], [ -5.936682245999975, 39.426201146000039 ], [ -5.935398459999931, 39.422945155000036 ], [ -5.938253778999979, 39.416965988000072 ], [ -5.931643039999926, 39.409883996000076 ], [ -5.931402499999933, 39.404293499000062 ] ] ] } },
{ "type": "Feature", "properties": { "code": "10070", "name": "Deleitosa" }, "geometry": { "type": "Polygon", "coordinates": [ [ [ -5.592642, 39.574039499000037 ], [ -5.614204074999975, 39.577249744000028 ], [ -5.628847762999953, 39.584992839000051 ], [ -5.647811419999925, 39.588239219000059 ], [ -5.652167870999961, 39.593056795000052 ], [ -5.659584880999944, 39.59095711100008 ], [ -5.67772903499997, 39.596508085000039 ], [ -5.691722332999973, 39.607550485000047 ], [ -5.701204351999934, 39.60868221000004 ], [ -5.710283626999967, 39.617484730000058 ], [ -5.730484398999977, 39.622300453000037 ], [ -5.752022, 39.633861499000034 ], [ -5.738920292999978, 39.648901478000028 ], [ -5.728950269999928, 39.665857092000067 ], [ -5.727551499999947, 39.692146499000046 ], [ -5.721925499999941, 39.690501999000048 ], [ -5.68883349999993, 39.684490499000049 ], [ -5.678954499999975, 39.684474999000031 ], [ -5.673287, 39.682884499000068 ], [ -5.666817499999979, 39.68379199900005 ], [ -5.655448, 39.683467999000072 ], [ -5.643038499999932, 39.676028999000039 ], [ -5.641570499999943, 39.673278999000047 ], [ -5.635607499999935, 39.677757499000052 ], [ -5.643732499999942, 39.69944349900004 ], [ -5.636482499999943, 39.704437499000051 ], [ -5.629406, 39.707912499000031 ], [ -5.62401, 39.717513999000062 ], [ -5.61445695599997, 39.716039079000041 ], [ -5.597020025999939, 39.699994414000059 ], [ -5.585245975999953, 39.694493773000033 ], [ -5.566353, 39.676387999000042 ], [ -5.574590151999928, 39.663211491000027 ], [ -5.581814918999953, 39.658032554000044 ], [ -5.581792918999952, 39.643170615000031 ], [ -5.591191736999974, 39.632571005000045 ], [ -5.579204051999966, 39.615543919000061 ], [ -5.57213349999995, 39.611262999000076 ], [ -5.582314955999948, 39.608382555000048 ], [ -5.589415217999942, 39.598968841000044 ], [ -5.588157176999971, 39.582273390000069 ], [ -5.592642, 39.574039499000037 ] ] ] } },
{ "type": "Feature", "properties": { "code": "10071", "name": "Descargamaría" }, "geometry": { "type": "Polygon", "coordinates": [ [ [ -6.516429, 40.354286499000068 ], [ -6.506341498999973, 40.336590381000065 ], [ -6.480332768999972, 40.311568890000046 ], [ -6.464462211999944, 40.302487442000029 ], [ -6.456357499999967, 40.304347999000072 ], [ -6.467680630999951, 40.283217426000078 ], [ -6.484775499999955, 40.262859499000058 ], [ -6.508625, 40.266910499000062 ], [ -6.518581836999942, 40.267353201000049 ], [ -6.532971499999974, 40.272655499000052 ], [ -6.533358499999963, 40.274696499000072 ], [ -6.538046, 40.277080499000078 ], [ -6.54109, 40.280013999000062 ], [ -6.544379499999934, 40.289848499000072 ], [ -6.550930499999936, 40.289611999000044 ], [ -6.556229, 40.290824999000051 ], [ -6.558968594999953, 40.296052943000063 ], [ -6.556924051999943, 40.305857751000076 ], [ -6.564797499999941, 40.314662999000063 ], [ -6.563054499999964, 40.316840999000078 ], [ -6.560266499999955, 40.326286499000048 ], [ -6.560462499999971, 40.329097999000055 ], [ -6.536334499999953, 40.347293999000044 ], [ -6.526862, 40.350944499000036 ], [ -6.518096499999956, 40.353091999000071 ], [ -6.516429, 40.354286499000068 ] ] ] } },
{ "type": "Feature", "properties": { "code": "10072", "name": "Eljas" }, "geometry": { "type": "Polygon", "coordinates": [ [ [ -6.846865499999979, 40.254485999000053 ], [ -6.840297715999952, 40.254770184000051 ], [ -6.835039219999942, 40.248077035000051 ], [ -6.824612018999971, 40.248004323000032 ], [ -6.805374361999952, 40.241840369000045 ], [ -6.801039648999961, 40.242806919000031 ], [ -6.800137001999929, 40.249697749000063 ], [ -6.781613, 40.249145499000065 ], [ -6.778157, 40.245574999000041 ], [ -6.797197066999956, 40.223090456000079 ], [ -6.833693169999947, 40.193273469000076 ], [ -6.86479942699998, 40.195627965000028 ], [ -6.886692499999981, 40.193362999000044 ], [ -6.870557950999967, 40.207487783000033 ], [ -6.867544401999965, 40.220533338000052 ], [ -6.846865499999979, 40.254485999000053 ] ] ] } },
{ "type": "Feature", "properties": { "code": "10073", "name": "Escurial" }, "geometry": { "type": "Polygon", "coordinates": [ [ [ -5.957851499999947, 39.225837999000078 ], [ -5.918710302999955, 39.212544796000032 ], [ -5.883746883999947, 39.219243964000043 ], [ -5.861729995999951, 39.216671852000047 ], [ -5.858934393999959, 39.211551879000069 ], [ -5.841718, 39.210719999000048 ], [ -5.815872499999955, 39.193042999000056 ], [ -5.822889655999973, 39.174667086000056 ], [ -5.824423076999949, 39.158348278000062 ], [ -5.810771470999953, 39.151527005000048 ], [ -5.810424, 39.144633999000064 ], [ -5.845130513999948, 39.150188080000078 ], [ -5.864158865999968, 39.145075766000048 ], [ -5.877250410999977, 39.149602919000074 ], [ -5.883421931999976, 39.154470486000037 ], [ -5.913663627999938, 39.163248893000059 ], [ -5.935566750999953, 39.166933325000059 ], [ -5.965267771999947, 39.164775717000055 ], [ -5.980211931999975, 39.169705527000076 ], [ -5.989587, 39.178298999000049 ], [ -5.988717765999979, 39.181215234000035 ], [ -5.994748924999953, 39.188318369000058 ], [ -5.990504499999929, 39.200771499000041 ], [ -5.997267049999948, 39.219056847000047 ], [ -6.00673, 39.226413999000044 ], [ -5.987640792999969, 39.236019129000056 ], [ -5.983975095999938, 39.240445799000042 ], [ -5.957851499999947, 39.225837999000078 ] ] ] } },
{ "type": "Feature", "properties": { "code": "10075", "name": "Fresnedoso de Ibor" }, "geometry": { "type": "Polygon", "coordinates": [ [ [ -5.560745499999939, 39.739673499000048 ], [ -5.516005362999977, 39.716428028000053 ], [ -5.50723249999993, 39.716910499000051 ], [ -5.505675922999956, 39.705231626000057 ], [ -5.48655959599995, 39.694110848000037 ], [ -5.485595587999967, 39.680479263000052 ], [ -5.488110131999974, 39.670056456000054 ], [ -5.480438897999932, 39.661671965000039 ], [ -5.478793461999942, 39.652941377000047 ], [ -5.469864608999956, 39.639700818000051 ], [ -5.480999499999939, 39.629263999000045 ], [ -5.49011102299994, 39.63428175100006 ], [ -5.500033735999978, 39.630516123000064 ], [ -5.515554667999936, 39.645394663000047 ], [ -5.521310237999955, 39.645913241000073 ], [ -5.529806429999951, 39.641269028000067 ], [ -5.54747563199993, 39.657107257000064 ], [ -5.553116, 39.66581749900007 ], [ -5.551452569999981, 39.669160321000049 ], [ -5.55758693699994, 39.677830536000045 ], [ -5.549790142999939, 39.690097106000053 ], [ -5.549746230999972, 39.695129659000031 ], [ -5.553357583999968, 39.703204289000041 ], [ -5.569092472999955, 39.71410254500006 ], [ -5.57329666399994, 39.721626353000033 ], [ -5.572457481999948, 39.727603940000051 ], [ -5.564010311999937, 39.727421675000073 ], [ -5.565492639999945, 39.732761819000075 ], [ -5.560745499999939, 39.739673499000048 ] ] ] } },
{ "type": "Feature", "properties": { "code": "10076", "name": "Galisteo" }, "geometry": { "type": "Polygon", "coordinates": [ [ [ -6.229518499999926, 40.03328699900004 ], [ -6.240035145999968, 40.022716067000033 ], [ -6.249439845999973, 40.031980505000035 ], [ -6.257919010999956, 40.032539260000078 ], [ -6.26210796099997, 40.028689553000049 ], [ -6.26538512299993, 40.017752102000031 ], [ -6.255591423999931, 40.008824539000045 ], [ -6.25854587799995, 40.000747485000034 ], [ -6.248499769999967, 40.001830817000041 ], [ -6.232716, 39.993549499000039 ], [ -6.253595192999967, 39.96846 ], [ -6.264753708999933, 39.949345426000036 ], [ -6.265980035999974, 39.930612846000031 ], [ -6.269658, 39.922462499000062 ], [ -6.284969643999943, 39.928363239000078 ], [ -6.292143126999974, 39.934733299000072 ], [ -6.298474499999941, 39.950514499000064 ], [ -6.288805279999963, 39.958706783000025 ], [ -6.287325968999937, 39.964302634000035 ], [ -6.310516303999975, 39.974696828000049 ], [ -6.304970434999973, 39.981317619000038 ], [ -6.313954499999966, 39.988214499000037 ], [ -6.319093898999938, 39.99617646400003 ], [ -6.312841330999959, 40.001764567000066 ], [ -6.312648434999971, 40.006555821000063 ], [ -6.32601445499995, 40.012115419000054 ], [ -6.328460717999974, 40.016618116000075 ], [ -6.320536673999925, 40.025502071000062 ], [ -6.317735543999959, 40.036725199000045 ], [ -6.308849675999966, 40.043900725000071 ], [ -6.308728175999931, 40.057130032000032 ], [ -6.297162648999972, 40.061841916000049 ], [ -6.294238, 40.065700499000059 ], [ -6.281387804999952, 40.063460064000026 ], [ -6.264060461999975, 40.050963699000079 ], [ -6.257496499999945, 40.03442349900007 ], [ -6.243450499999938, 40.034519499000055 ], [ -6.229518499999926, 40.03328699900004 ] ] ] } },
{ "type": "Feature", "properties": { "code": "10077", "name": "Garciaz" }, "geometry": { "type": "Polygon", "coordinates": [ [ [ -5.718215, 39.393501499000024 ], [ -5.709523225999931, 39.395411535000051 ], [ -5.702665950999972, 39.402383505000046 ], [ -5.682469049999952, 39.413204992000033 ], [ -5.679594624999936, 39.427634112000078 ], [ -5.683524507999948, 39.436638368000047 ], [ -5.680774633999931, 39.442758910000066 ], [ -5.659620243999939, 39.444651694000072 ], [ -5.651035447999959, 39.457132297000044 ], [ -5.642120499999976, 39.463069999000027 ], [ -5.63854049899993, 39.467608689000031 ], [ -5.632751030999941, 39.468974873000036 ], [ -5.631696914999964, 39.472934076000058 ], [ -5.619070723999926, 39.477359627000055 ], [ -5.614435939999964, 39.483207646000039 ], [ -5.607946840999944, 39.484197369000071 ], [ -5.603555388999951, 39.480212469000037 ], [ -5.601368869999931, 39.486158431000035 ], [ -5.585203262999926, 39.490571748000036 ], [ -5.59462438099996, 39.500007915000026 ], [ -5.586190684999963, 39.506056847000025 ], [ -5.588058312999976, 39.511093760000051 ], [ -5.573719941999968, 39.515464558000076 ], [ -5.575918, 39.519088499000077 ], [ -5.557467715999962, 39.515020016000051 ], [ -5.55354863499997, 39.511518727000066 ], [ -5.554174340999964, 39.507970104000037 ], [ -5.536778008999931, 39.49478957000008 ], [ -5.550002602999939, 39.489580681000064 ], [ -5.554783876999977, 39.479770708000046 ], [ -5.565261605999979, 39.471588816000065 ], [ -5.562408402999949, 39.466854413000078 ], [ -5.565185654999937, 39.456708218000074 ], [ -5.552686906999952, 39.446059211000033 ], [ -5.543521578999957, 39.450883714000042 ], [ -5.534152671999948, 39.447289871000066 ], [ -5.539952235999976, 39.434998869000026 ], [ -5.552348421999966, 39.426637314000061 ], [ -5.563552670999968, 39.40127504600008 ], [ -5.572484437999947, 39.39300482200008 ], [ -5.573722, 39.383758499000066 ], [ -5.597450499999979, 39.369357999000044 ], [ -5.623274025999933, 39.355662634000055 ], [ -5.641202907999968, 39.356363393000038 ], [ -5.651986635999947, 39.345279754000046 ], [ -5.664650718999951, 39.343470898000078 ], [ -5.670865499999934, 39.346607499000072 ], [ -5.677416138999945, 39.345482429000072 ], [ -5.68768603999996, 39.352040599000077 ], [ -5.689207176999957, 39.360415272000068 ], [ -5.698735, 39.376403499000048 ], [ -5.691407908999963, 39.380982437000057 ], [ -5.692939586999955, 39.38435511800003 ], [ -5.710770509999975, 39.392833757000062 ], [ -5.718215, 39.393501499000024 ] ] ] } },
{ "type": "Feature", "properties": { "code": "10078", "name": "Garganta, La" }, "geometry": { "type": "Polygon", "coordinates": [ [ [ -5.797554499999933, 40.353286499000035 ], [ -5.782619501999932, 40.31439586700003 ], [ -5.793089755999972, 40.301186745000052 ], [ -5.801474378999956, 40.29756627900008 ], [ -5.793185, 40.286746999000059 ], [ -5.80047701999996, 40.285563343000035 ], [ -5.811170329999925, 40.290074790000062 ], [ -5.817280622999931, 40.298533890000044 ], [ -5.814995894999981, 40.311006063000036 ], [ -5.835576063999952, 40.310833703000071 ], [ -5.857040499999925, 40.29729099900004 ], [ -5.839412903999971, 40.314567044000057 ], [ -5.847168, 40.328090499000041 ], [ -5.819051061999971, 40.349758302000055 ], [ -5.797554499999933, 40.353286499000035 ] ] ] } },
{ "type": "Feature", "properties": { "code": "10079", "name": "Garganta la Olla" }, "geometry": { "type": "Polygon", "coordinates": [ [ [ -5.808679, 40.069598499000051 ], [ -5.82101549999993, 40.076434999000071 ], [ -5.828706958999931, 40.082931338000037 ], [ -5.823756448999973, 40.094892200000061 ], [ -5.815614984999968, 40.102859807000073 ], [ -5.818208871999957, 40.114197482000066 ], [ -5.794147210999938, 40.137512246000028 ], [ -5.785067499999968, 40.15618149900007 ], [ -5.757528234999938, 40.169873170000074 ], [ -5.740093657999978, 40.172641558000066 ], [ -5.734074, 40.170619999000053 ], [ -5.752296131999969, 40.156059630000073 ], [ -5.749548772999958, 40.131446309000069 ], [ -5.742814499999952, 40.125751499000046 ], [ -5.752265897999962, 40.120167896000055 ], [ -5.756061522999971, 40.110289642000055 ], [ -5.75140610699998, 40.099746322000044 ], [ -5.751463598999976, 40.088892626000074 ], [ -5.755357, 40.082416499000033 ], [ -5.808679, 40.069598499000051 ] ] ] } },
{ "type": "Feature", "properties": { "code": "10080", "name": "Gargantilla" }, "geometry": { "type": "Polygon", "coordinates": [ [ [ -5.948608, 40.233646499000031 ], [ -5.945182695999961, 40.243975464000073 ], [ -5.925978288999943, 40.253148770000053 ], [ -5.909929206999948, 40.253633427000068 ], [ -5.894199989999947, 40.247079448000079 ], [ -5.881693499999926, 40.248996499000043 ], [ -5.879386, 40.247279999000057 ], [ -5.878058499999952, 40.24425099900003 ], [ -5.875682499999925, 40.241985499000066 ], [ -5.853261499999974, 40.228995999000063 ], [ -5.868827459999977, 40.226299948000076 ], [ -5.878720108999971, 40.214145646000077 ], [ -5.884977, 40.212012999000081 ], [ -5.888737, 40.21201699900007 ], [ -5.916285573999971, 40.224024069000052 ], [ -5.948608, 40.233646499000031 ] ] ] } },
{ "type": "Feature", "properties": { "code": "10081", "name": "Gargüera" }, "geometry": { "type": "Polygon", "coordinates": [ [ [ -5.943052, 40.083728999000073 ], [ -5.929306595999947, 40.078355068000064 ], [ -5.893848, 40.054927999000029 ], [ -5.920978787999957, 40.03173726600005 ], [ -5.923263006999946, 40.021191590000058 ], [ -5.915855499999964, 40.017074499000046 ], [ -5.914293317999977, 40.008327709000071 ], [ -5.907055662999937, 40.004156812000076 ], [ -5.907649325999955, 39.99933509300007 ], [ -5.896867264999969, 39.995645034000063 ], [ -5.895803012999977, 39.987010417000079 ], [ -5.88858537699997, 39.981712690000052 ], [ -5.894734984999957, 39.976654504000066 ], [ -5.902935502999981, 39.97665733000008 ], [ -5.905745, 39.973441999000045 ], [ -5.926254239999935, 39.977458379000041 ], [ -5.931760439999948, 39.982884084000034 ], [ -5.940644754999937, 39.982436341000039 ], [ -5.955766755999946, 39.992625356000076 ], [ -5.963803151999969, 40.006851847000064 ], [ -5.963944760999937, 40.012871559000075 ], [ -5.949102700999958, 40.022645709000074 ], [ -5.957700768999928, 40.032805296000049 ], [ -5.960713485999975, 40.041767349000054 ], [ -5.974599825999974, 40.05032002400003 ], [ -5.980290499999967, 40.06472399900008 ], [ -5.980048, 40.069117999000071 ], [ -5.953177075999974, 40.077417103000073 ], [ -5.943052, 40.083728999000073 ] ] ] } },
{ "type": "Feature", "properties": { "code": "10082", "name": "Garrovillas de Alconétar" }, "geometry": { "type": "Polygon", "coordinates": [ [ [ -6.602880499999969, 39.709504499000047 ], [ -6.605782627999929, 39.716133783000032 ], [ -6.604354, 39.72122149900008 ], [ -6.593032784999934, 39.732501719000027 ], [ -6.581926786999929, 39.727525872000058 ], [ -6.569817468999929, 39.731694688000061 ], [ -6.555652803999976, 39.742205299000034 ], [ -6.545858860999942, 39.742281134000052 ], [ -6.547585182999967, 39.747803216000079 ], [ -6.543780319999939, 39.754985627000053 ], [ -6.525265791999971, 39.760560265000038 ], [ -6.50687994599997, 39.762140746000057 ], [ -6.485384916999976, 39.758248851000076 ], [ -6.452347180999936, 39.765333055000042 ], [ -6.44373, 39.770572499000025 ], [ -6.435599623999963, 39.75182716900008 ], [ -6.433715780999933, 39.733430234000025 ], [ -6.437089684999933, 39.72633075300007 ], [ -6.426706213999978, 39.717187109000065 ], [ -6.415757, 39.718517499000029 ], [ -6.409712204999948, 39.716466231000027 ], [ -6.40658601399997, 39.711770995000052 ], [ -6.409738, 39.69316849900008 ], [ -6.41939057299993, 39.679447242000037 ], [ -6.425187643999948, 39.679257403000065 ], [ -6.42776872099995, 39.684384031000036 ], [ -6.436935368999968, 39.679531526000062 ], [ -6.459780072999934, 39.685358854000071 ], [ -6.45497120999994, 39.672754652000037 ], [ -6.444898853999973, 39.662691123000059 ], [ -6.43705749999998, 39.648795999000072 ], [ -6.465733499999942, 39.627387499000065 ], [ -6.489840948999927, 39.622404430000074 ], [ -6.499021579999976, 39.623213857000053 ], [ -6.531040888999939, 39.612729693000063 ], [ -6.564589499999954, 39.616264499000067 ], [ -6.575000977999935, 39.620068859000071 ], [ -6.60131841499998, 39.642612926000027 ], [ -6.600394887999926, 39.652253786000074 ], [ -6.606290154999954, 39.660481870000069 ], [ -6.60701714399994, 39.672256601000072 ], [ -6.605520061999925, 39.681638572000054 ], [ -6.597295175999932, 39.693144990000064 ], [ -6.598136931999932, 39.70283921500004 ], [ -6.602880499999969, 39.709504499000047 ] ] ] } },
{ "type": "Feature", "properties": { "code": "10083", "name": "Garvín" }, "geometry": { "type": "Polygon", "coordinates": [ [ [ -5.362369499999943, 39.670654499000079 ], [ -5.369543818999944, 39.677870513000073 ], [ -5.387443078999979, 39.683621408000079 ], [ -5.409312, 39.697780499000032 ], [ -5.390289964999965, 39.702313685000036 ], [ -5.379577289999929, 39.708587996000063 ], [ -5.368421994999949, 39.726429106000069 ], [ -5.35863771399994, 39.736388545000068 ], [ -5.355563633999964, 39.744446546000063 ], [ -5.328634, 39.771262999000044 ], [ -5.326392766999959, 39.767646701000047 ], [ -5.327936550999937, 39.760328499000025 ], [ -5.315861010999981, 39.741922503000069 ], [ -5.318983223999965, 39.707253058000049 ], [ -5.332602264999935, 39.691518237000025 ], [ -5.342142671999966, 39.692724884000029 ], [ -5.348931198999935, 39.684497896000039 ], [ -5.359420267999951, 39.681656445000044 ], [ -5.362369499999943, 39.670654499000079 ] ] ] } },
{ "type": "Feature", "properties": { "code": "10084", "name": "Gata" }, "geometry": { "type": "MultiPolygon", "coordinates": [ [ [ [ -6.67778, 40.258051999000031 ], [ -6.671809, 40.26328649900006 ], [ -6.643111, 40.267867999000032 ], [ -6.640008, 40.26897449900008 ], [ -6.636150499999928, 40.266547999000068 ], [ -6.634651499999961, 40.264701999000067 ], [ -6.625292, 40.266616999000064 ], [ -6.614856499999973, 40.266116999000076 ], [ -6.597471499999926, 40.271693999000036 ], [ -6.587075, 40.270774999000025 ], [ -6.579613996999967, 40.262712949000047 ], [ -6.566922062999936, 40.256073736000076 ], [ -6.568273499999975, 40.238094499000056 ], [ -6.57007262999997, 40.233414334000031 ], [ -6.591019184999936, 40.224981 ], [ -6.589656193999929, 40.206095228000038 ], [ -6.58752, 40.204642999000043 ], [ -6.592391499999962, 40.200797999000031 ], [ -6.597304, 40.200404999000057 ], [ -6.604790499999979, 40.203151499000057 ], [ -6.613042499999949, 40.20151499900004 ], [ -6.628747499999974, 40.194476999000074 ], [ -6.649528, 40.18884299900003 ], [ -6.662461, 40.185874999000077 ], [ -6.667040499999928, 40.187415999000052 ], [ -6.674763499999926, 40.184726499000078 ], [ -6.676984815999958, 40.194841573000076 ], [ -6.672543210999947, 40.202878827000063 ], [ -6.675218979999954, 40.213470362000066 ], [ -6.680022750999967, 40.21694536800004 ], [ -6.681627488999936, 40.224928126000066 ], [ -6.691372547999947, 40.233187563000058 ], [ -6.689825499999927, 40.244807999000045 ], [ -6.688515, 40.246650499000054 ], [ -6.67782, 40.251006999000026 ], [ -6.67778, 40.258051999000031 ] ] ], [ [ [ -6.599575499999958, 40.130576999000027 ], [ -6.583938499999931, 40.121948499000041 ], [ -6.595345, 40.112209499000073 ], [ -6.60368034399994, 40.096412688000044 ], [ -6.612724453999931, 40.091888984000036 ], [ -6.612674, 40.086131999000031 ], [ -6.626717499999927, 40.068614999000033 ], [ -6.650769398999955, 40.092817805000038 ], [ -6.652218, 40.109626999000056 ], [ -6.650551, 40.11662349900007 ], [ -6.634389811999938, 40.127349916000071 ], [ -6.632009168999957, 40.133118982000042 ], [ -6.611803982999959, 40.13474834200008 ], [ -6.599575499999958, 40.130576999000027 ] ] ] ] } },
{ "type": "Feature", "properties": { "code": "10085", "name": "Gordo, El" }, "geometry": { "type": "Polygon", "coordinates": [ [ [ -5.289280499999961, 39.864650999000048 ], [ -5.287496, 39.863658999000052 ], [ -5.284090499999934, 39.863918499000079 ], [ -5.284815284999979, 39.856532184000059 ], [ -5.310622322999961, 39.830243755000026 ], [ -5.31520949999998, 39.788730499000053 ], [ -5.329963960999976, 39.783956820000071 ], [ -5.343128499999978, 39.787635499000032 ], [ -5.335830525999938, 39.794498779000037 ], [ -5.343263913999976, 39.806308179000041 ], [ -5.334755428999927, 39.817182652000042 ], [ -5.33873342499993, 39.831249686000035 ], [ -5.336336083999925, 39.838041272000055 ], [ -5.340394213999957, 39.84414135600008 ], [ -5.356073315999936, 39.853215722000073 ], [ -5.369467511999972, 39.855291421000061 ], [ -5.377282183999966, 39.849573561000057 ], [ -5.375566649999939, 39.842727228000058 ], [ -5.368035180999925, 39.840172859000063 ], [ -5.360848998999927, 39.82755510100003 ], [ -5.371834, 39.807784999000035 ], [ -5.372738, 39.808234999000035 ], [ -5.379742370999963, 39.819907934000071 ], [ -5.396985813999947, 39.833031499000072 ], [ -5.401683343999935, 39.829639131000079 ], [ -5.408054, 39.806720999000049 ], [ -5.411865191999937, 39.825648475000037 ], [ -5.435932254999955, 39.816820002000043 ], [ -5.442395365999971, 39.83867635200005 ], [ -5.433602117999953, 39.847968391000052 ], [ -5.420949243999928, 39.852662880000025 ], [ -5.407221521999929, 39.86490518100004 ], [ -5.406153, 39.877772999000058 ], [ -5.393378, 39.879244999000036 ], [ -5.368630499999938, 39.888625999000055 ], [ -5.360601499999973, 39.889484499000048 ], [ -5.353034, 39.889079999000046 ], [ -5.340095, 39.890655499000047 ], [ -5.316999136999925, 39.889587396000024 ], [ -5.30838087099994, 39.880114879000075 ], [ -5.295464012999958, 39.874343603000057 ], [ -5.289280499999961, 39.864650999000048 ] ] ] } },
{ "type": "Feature", "properties": { "code": "10086", "name": "Granja, La" }, "geometry": { "type": "Polygon", "coordinates": [ [ [ -5.971977, 40.241534999000066 ], [ -5.970283319999965, 40.232977855000058 ], [ -5.964970499999936, 40.230457499000067 ], [ -5.967283499999951, 40.228511999000034 ], [ -5.984879, 40.221378499000025 ], [ -5.98894, 40.218082499000047 ], [ -6.007746809999958, 40.230765342000041 ], [ -6.009419948999948, 40.235824472000047 ], [ -6.034345078999934, 40.24791186300007 ], [ -6.036471720999941, 40.251638287000048 ], [ -6.028979, 40.25802599900004 ], [ -6.022936537999954, 40.261469201000068 ], [ -6.00576869899993, 40.261963950000052 ], [ -5.971977, 40.241534999000066 ] ] ] } },
{ "type": "Feature", "properties": { "code": "10087", "name": "Guadalupe" }, "geometry": { "type": "Polygon", "coordinates": [ [ [ -5.382402, 39.467395999000075 ], [ -5.377090499999952, 39.469169499000031 ], [ -5.377359, 39.471938999000031 ], [ -5.380069, 39.47604749900006 ], [ -5.338539386999969, 39.473922112000025 ], [ -5.307341117999954, 39.492595996000034 ], [ -5.296706160999975, 39.502800532000037 ], [ -5.286640997999939, 39.489825633000066 ], [ -5.284788637999952, 39.481594549000079 ], [ -5.272400421999976, 39.48197693700007 ], [ -5.263672037999925, 39.477264330000025 ], [ -5.263745860999961, 39.471357954000041 ], [ -5.273544983999955, 39.449703551000027 ], [ -5.285635253999942, 39.437727629000051 ], [ -5.277319765999948, 39.423048644000062 ], [ -5.277808079999943, 39.414948788000061 ], [ -5.295356119999951, 39.407496954000067 ], [ -5.310878406999961, 39.39208607300003 ], [ -5.312915247999968, 39.402202574000057 ], [ -5.328746499999966, 39.412234999000077 ], [ -5.345144656999935, 39.418490370000029 ], [ -5.35102825599995, 39.426639627000043 ], [ -5.360109213999976, 39.427151440000046 ], [ -5.375593273999925, 39.433149061000051 ], [ -5.382258741999976, 39.443099826000037 ], [ -5.378418512999929, 39.45833764300005 ], [ -5.382402, 39.467395999000075 ] ] ] } },
{ "type": "Feature", "properties": { "code": "10088", "name": "Guijo de Coria" }, "geometry": { "type": "Polygon", "coordinates": [ [ [ -6.483872, 40.028545499000074 ], [ -6.48863149999994, 40.034778499000026 ], [ -6.496469499999932, 40.040046499000027 ], [ -6.500798499999974, 40.053657499000053 ], [ -6.499459, 40.056338999000047 ], [ -6.503318, 40.065093999000055 ], [ -6.508283499999948, 40.073032499000078 ], [ -6.516507499999932, 40.08016599900003 ], [ -6.525263, 40.091247499000076 ], [ -6.534532499999955, 40.10037599900005 ], [ -6.541349499999967, 40.102687499000069 ], [ -6.535349266999958, 40.107372460000079 ], [ -6.508622830999968, 40.110178243000064 ], [ -6.495773680999946, 40.11624796600006 ], [ -6.482119974999932, 40.115442725000037 ], [ -6.470178233999945, 40.110497270000053 ], [ -6.450880499999926, 40.112849999000048 ], [ -6.440626, 40.099529499000027 ], [ -6.436516591999975, 40.060002989000054 ], [ -6.427149462999978, 40.052967336000052 ], [ -6.415986354999973, 40.049180156000034 ], [ -6.40259, 40.036914999000032 ], [ -6.419241478999936, 40.03126194400005 ], [ -6.420838463999928, 40.025367574000029 ], [ -6.415225694999947, 40.011321643000031 ], [ -6.423596499999974, 40.007571999000049 ], [ -6.439464658999952, 40.008566216000077 ], [ -6.448251299999981, 39.997572114000036 ], [ -6.457833741999934, 39.998101292000058 ], [ -6.463170263999928, 40.004731154000069 ], [ -6.465666058999943, 40.01832462200008 ], [ -6.483872, 40.028545499000074 ] ] ] } },
{ "type": "Feature", "properties": { "code": "10089", "name": "Guijo de Galisteo" }, "geometry": { "type": "Polygon", "coordinates": [ [ [ -6.378849, 39.941676999000038 ], [ -6.384331698999972, 39.94493903800003 ], [ -6.392553, 39.956847999000047 ], [ -6.397123499999964, 39.960273999000037 ], [ -6.39226975899993, 39.975491907000048 ], [ -6.393468169999949, 39.990894203000039 ], [ -6.398861923999959, 40.00429794300004 ], [ -6.391730779999932, 40.015971395000065 ], [ -6.393915558999936, 40.026360363000038 ], [ -6.40259, 40.036914999000032 ], [ -6.415986354999973, 40.049180156000034 ], [ -6.427149462999978, 40.052967336000052 ], [ -6.436516591999975, 40.060002989000054 ], [ -6.440626, 40.099529499000027 ], [ -6.418837499999938, 40.10359949900004 ], [ -6.42019449999998, 40.110320999000066 ], [ -6.415249, 40.110854999000026 ], [ -6.410894499999927, 40.112678499000026 ], [ -6.391224, 40.117965999000035 ], [ -6.383494, 40.110625999000035 ], [ -6.382834830999968, 40.086956004000058 ], [ -6.385293887999978, 40.066204880000043 ], [ -6.391039708999926, 40.060468236000077 ], [ -6.389827873999934, 40.052778538000041 ], [ -6.367070468999941, 40.043222302000061 ], [ -6.354042915999969, 40.025343790000079 ], [ -6.359529448999979, 39.98485000900007 ], [ -6.378849, 39.941676999000038 ] ] ] } },
{ "type": "Feature", "properties": { "code": "10090", "name": "Guijo de Granadilla" }, "geometry": { "type": "Polygon", "coordinates": [ [ [ -6.07324449999993, 40.171756999000024 ], [ -6.081606499999964, 40.168670499000029 ], [ -6.09755, 40.16814449900005 ], [ -6.107654499999967, 40.162658499000031 ], [ -6.156816499999934, 40.131099499000072 ], [ -6.175006562999954, 40.162405610000064 ], [ -6.173086713999965, 40.167336333000037 ], [ -6.180113042999949, 40.185057218000054 ], [ -6.174661033999939, 40.191730707000033 ], [ -6.178002182999933, 40.199206231000062 ], [ -6.174858657999948, 40.20504535300006 ], [ -6.187787702999969, 40.214467409000065 ], [ -6.209591499999931, 40.223593999000059 ], [ -6.19628, 40.237643999000056 ], [ -6.17297928499994, 40.24468769200007 ], [ -6.154345122999928, 40.238374008000051 ], [ -6.132822, 40.239176499000052 ], [ -6.132411806999926, 40.23366722600008 ], [ -6.118544405999955, 40.234968347000063 ], [ -6.120486446999962, 40.227475992000052 ], [ -6.116541017999964, 40.223938243000077 ], [ -6.095446539999955, 40.22563419800008 ], [ -6.092686869999966, 40.214114896000069 ], [ -6.098351277999939, 40.187901108000062 ], [ -6.077575079999974, 40.178447316000074 ], [ -6.065139, 40.177044499000033 ], [ -6.07324449999993, 40.171756999000024 ] ] ] } },
{ "type": "Feature", "properties": { "code": "10091", "name": "Guijo de Santa Bárbara" }, "geometry": { "type": "Polygon", "coordinates": [ [ [ -5.680898499999955, 40.176097999000035 ], [ -5.670755837999934, 40.186831483000049 ], [ -5.655210567999973, 40.197108215000071 ], [ -5.647740190999968, 40.20798790200007 ], [ -5.63097270999998, 40.210608443000069 ], [ -5.619486499999937, 40.207050499000047 ], [ -5.622857593999925, 40.195093030000066 ], [ -5.618286601999955, 40.179574836000029 ], [ -5.622226687999955, 40.170962164000059 ], [ -5.618713619999937, 40.157368142000053 ], [ -5.620893957999954, 40.138030678000064 ], [ -5.625688, 40.13117999900004 ], [ -5.640559325999959, 40.132980479000025 ], [ -5.648465801999976, 40.143473663000066 ], [ -5.676497499999925, 40.147761999000068 ], [ -5.68491419399993, 40.157922682000049 ], [ -5.680898499999955, 40.176097999000035 ] ] ] } },
{ "type": "Feature", "properties": { "code": "10092", "name": "Herguijuela" }, "geometry": { "type": "Polygon", "coordinates": [ [ [ -5.718215, 39.393501499000024 ], [ -5.710770509999975, 39.392833757000062 ], [ -5.692939586999955, 39.38435511800003 ], [ -5.691407908999963, 39.380982437000057 ], [ -5.698735, 39.376403499000048 ], [ -5.734143926999934, 39.371184397000036 ], [ -5.74262992599995, 39.365977681000061 ], [ -5.745478467999931, 39.362602424000045 ], [ -5.744842976999962, 39.355668258000037 ], [ -5.753894246999948, 39.341191500000036 ], [ -5.769046929999945, 39.332823008000048 ], [ -5.779457499999978, 39.318816999000035 ], [ -5.787891930999933, 39.327449717000036 ], [ -5.787668918999941, 39.340426029000071 ], [ -5.805382480999981, 39.342574006000063 ], [ -5.802601210999967, 39.348363962000064 ], [ -5.81739396699993, 39.366321148000054 ], [ -5.813074621999931, 39.372332511000025 ], [ -5.796004, 39.379512499000043 ], [ -5.784192431999941, 39.377981912000052 ], [ -5.781812125999977, 39.384723939000025 ], [ -5.767390499999976, 39.393645999000057 ], [ -5.759215499999925, 39.395976999000027 ], [ -5.756564499999968, 39.395904499000039 ], [ -5.751238, 39.39772399900005 ], [ -5.746987, 39.400344999000026 ], [ -5.744928, 39.400565999000037 ], [ -5.736616, 39.398833999000033 ], [ -5.731452, 39.400073999000028 ], [ -5.724774499999967, 39.397391999000035 ], [ -5.718215, 39.393501499000024 ] ] ] } },
{ "type": "Feature", "properties": { "code": "10093", "name": "Hernán-Pérez" }, "geometry": { "type": "Polygon", "coordinates": [ [ [ -6.438289, 40.219928999000047 ], [ -6.441718796999965, 40.21486991200004 ], [ -6.437905572999966, 40.203212550000046 ], [ -6.460021499999925, 40.195628999000064 ], [ -6.475829439999927, 40.187775664000071 ], [ -6.485957744999951, 40.187067986000045 ], [ -6.495869499999969, 40.181022499000051 ], [ -6.512896029999979, 40.196821210000053 ], [ -6.504255154999953, 40.203165179000052 ], [ -6.517964341999971, 40.223316985000054 ], [ -6.514675686999965, 40.244856647000063 ], [ -6.470552, 40.252334499000028 ], [ -6.460875163999958, 40.24460730800007 ], [ -6.459335514999964, 40.235284562000061 ], [ -6.450935682999955, 40.226254407000056 ], [ -6.438289, 40.219928999000047 ] ] ] } },
{ "type": "Feature", "properties": { "code": "10094", "name": "Herrera de Alcántara" }, "geometry": { "type": "Polygon", "coordinates": [ [ [ -7.391188, 39.529945999000063 ], [ -7.399983865999957, 39.533331505000035 ], [ -7.416396400999929, 39.531956680000064 ], [ -7.42943680999997, 39.534683802000075 ], [ -7.444372817999977, 39.54761405000005 ], [ -7.452722915999971, 39.561933901000032 ], [ -7.465954499999953, 39.575080999000079 ], [ -7.446271245999981, 39.584825328000079 ], [ -7.439919994999968, 39.610838165000075 ], [ -7.442597766999938, 39.62136067800003 ], [ -7.438513631999967, 39.627516055000058 ], [ -7.442109357999925, 39.636697822000031 ], [ -7.425748499999941, 39.651923999000076 ], [ -7.401117502999966, 39.647105200000055 ], [ -7.375554442999942, 39.651338800000076 ], [ -7.333695162999959, 39.641545949000033 ], [ -7.325141499999972, 39.644832499000074 ], [ -7.31653192899995, 39.637370734000058 ], [ -7.31849798199994, 39.630582507000042 ], [ -7.311773499999958, 39.622306499000047 ], [ -7.317896360999953, 39.619182605000049 ], [ -7.317851652999934, 39.611029641000073 ], [ -7.324204450999957, 39.60696477700003 ], [ -7.320296374999941, 39.597574291000058 ], [ -7.325362520999931, 39.589648947000057 ], [ -7.325420365999946, 39.581898448000061 ], [ -7.350088095999979, 39.572341815000073 ], [ -7.342711950999956, 39.560790217000033 ], [ -7.354154792999964, 39.543755675000057 ], [ -7.376180890999933, 39.540982603000032 ], [ -7.381665060999978, 39.53294470600008 ], [ -7.391188, 39.529945999000063 ] ] ] } },
{ "type": "Feature", "properties": { "code": "10095", "name": "Herreruela" }, "geometry": { "type": "Polygon", "coordinates": [ [ [ -6.762712499999964, 39.444377999000039 ], [ -6.76219821799998, 39.437923332000025 ], [ -6.776784747999955, 39.429380406000064 ], [ -6.780991547999975, 39.420573041000068 ], [ -6.797091690999935, 39.406320480000034 ], [ -6.796290191999958, 39.397324386000037 ], [ -6.802142499999945, 39.389556999000035 ], [ -6.812082652999948, 39.391379210000025 ], [ -6.857147230999942, 39.388489794000066 ], [ -6.870997001999967, 39.382846948000065 ], [ -6.883297499999969, 39.382819999000048 ], [ -6.892802499999959, 39.388229499000033 ], [ -6.89711, 39.389526499000056 ], [ -6.908507, 39.389072499000065 ], [ -6.910648, 39.390819499000031 ], [ -6.919488499999943, 39.392204499000059 ], [ -6.924059499999942, 39.394645499000035 ], [ -6.935835499999939, 39.39687649900003 ], [ -6.926022499999931, 39.410178999000038 ], [ -6.921608550999963, 39.427608529000054 ], [ -6.913703319999968, 39.437176104000059 ], [ -6.93039457499998, 39.462205370000049 ], [ -6.93749192699994, 39.482287960000065 ], [ -6.937035409999964, 39.492755370000054 ], [ -6.930951, 39.503959499000075 ], [ -6.881247370999972, 39.483535990000064 ], [ -6.865748118999932, 39.471818843000051 ], [ -6.838808850999953, 39.466055929000049 ], [ -6.809533137999949, 39.452139207000073 ], [ -6.804839227999935, 39.447231809000073 ], [ -6.784420959999977, 39.440663957000027 ], [ -6.774885086999973, 39.444982949000064 ], [ -6.762712499999964, 39.444377999000039 ] ] ] } },
{ "type": "Feature", "properties": { "code": "10096", "name": "Hervás" }, "geometry": { "type": "Polygon", "coordinates": [ [ [ -5.857040499999925, 40.29729099900004 ], [ -5.835576063999952, 40.310833703000071 ], [ -5.814995894999981, 40.311006063000036 ], [ -5.817280622999931, 40.298533890000044 ], [ -5.811170329999925, 40.290074790000062 ], [ -5.80047701999996, 40.285563343000035 ], [ -5.793185, 40.286746999000059 ], [ -5.776742, 40.282428999000047 ], [ -5.765032, 40.280818999000076 ], [ -5.764013784999975, 40.274513846000048 ], [ -5.767148042999963, 40.26686339500003 ], [ -5.781305742999962, 40.252774679000026 ], [ -5.800391499999932, 40.248725999000044 ], [ -5.820460123999965, 40.248012767000034 ], [ -5.831437373999961, 40.237812151000071 ], [ -5.846393444999933, 40.234206656000026 ], [ -5.853261499999974, 40.228995999000063 ], [ -5.875682499999925, 40.241985499000066 ], [ -5.878058499999952, 40.24425099900003 ], [ -5.879386, 40.247279999000057 ], [ -5.881693499999926, 40.248996499000043 ], [ -5.909567481999943, 40.263615548000075 ], [ -5.911715191999974, 40.266424311000037 ], [ -5.890475530999936, 40.278732695000031 ], [ -5.874099073999957, 40.292419616000075 ], [ -5.857040499999925, 40.29729099900004 ] ] ] } },
{ "type": "Feature", "properties": { "code": "10097", "name": "Higuera de Albalat" }, "geometry": { "type": "Polygon", "coordinates": [ [ [ -5.694787, 39.71108999900008 ], [ -5.686578833999931, 39.718822240000065 ], [ -5.683759177999946, 39.728853352000044 ], [ -5.667913304999956, 39.753578609000044 ], [ -5.672181526999964, 39.762308336000046 ], [ -5.694480239999962, 39.777107078000029 ], [ -5.696404, 39.78280249900007 ], [ -5.678842968999959, 39.77454139300005 ], [ -5.658189801999981, 39.773643456000059 ], [ -5.643782499999929, 39.766696499000034 ], [ -5.647657237999965, 39.758051154000043 ], [ -5.646581216999948, 39.752627159000042 ], [ -5.641446311999971, 39.748541906000071 ], [ -5.640174490999925, 39.743068115000028 ], [ -5.631941261999941, 39.743333691000032 ], [ -5.624093821999963, 39.738389325000071 ], [ -5.624852499999974, 39.72283199900005 ], [ -5.62401, 39.717513999000062 ], [ -5.629406, 39.707912499000031 ], [ -5.636482499999943, 39.704437499000051 ], [ -5.643732499999942, 39.69944349900004 ], [ -5.635607499999935, 39.677757499000052 ], [ -5.641570499999943, 39.673278999000047 ], [ -5.643038499999932, 39.676028999000039 ], [ -5.655448, 39.683467999000072 ], [ -5.666817499999979, 39.68379199900005 ], [ -5.673287, 39.682884499000068 ], [ -5.678954499999975, 39.684474999000031 ], [ -5.692398108999953, 39.700882038000032 ], [ -5.694787, 39.71108999900008 ] ] ] } },
{ "type": "Feature", "properties": { "code": "10098", "name": "Hinojal" }, "geometry": { "type": "Polygon", "coordinates": [ [ [ -6.310116, 39.742801999000051 ], [ -6.304284279999933, 39.739289144000054 ], [ -6.303853717999971, 39.724950618000037 ], [ -6.297980031999941, 39.714020069000071 ], [ -6.304862943999979, 39.704588426000043 ], [ -6.315177, 39.655349999000066 ], [ -6.345553476999953, 39.670250984000063 ], [ -6.356467580999947, 39.669620906000034 ], [ -6.366953009999975, 39.674847446000058 ], [ -6.371419861999925, 39.672336285000029 ], [ -6.380255882999961, 39.673209068000062 ], [ -6.386067814999933, 39.685286801000075 ], [ -6.409738, 39.69316849900008 ], [ -6.40658601399997, 39.711770995000052 ], [ -6.409712204999948, 39.716466231000027 ], [ -6.415757, 39.718517499000029 ], [ -6.39774, 39.722388499000033 ], [ -6.386534499999925, 39.731525999000041 ], [ -6.347213249999925, 39.744169103000047 ], [ -6.329337572999975, 39.745580806000078 ], [ -6.310116, 39.742801999000051 ] ] ] } },
{ "type": "Feature", "properties": { "code": "10099", "name": "Holguera" }, "geometry": { "type": "Polygon", "coordinates": [ [ [ -6.305349, 39.87866199900003 ], [ -6.322478426999965, 39.86490518100004 ], [ -6.327341499999932, 39.859096499000032 ], [ -6.339475499999935, 39.851417499000036 ], [ -6.353405, 39.862472499000035 ], [ -6.359263, 39.865897999000026 ], [ -6.364947499999971, 39.868125999000029 ], [ -6.375531499999965, 39.868682999000043 ], [ -6.390111600999944, 39.883003957000028 ], [ -6.391153119999956, 39.893333225000049 ], [ -6.397260499999959, 39.896365999000068 ], [ -6.400641, 39.907028499000035 ], [ -6.372436681999943, 39.918589216000044 ], [ -6.369012032999933, 39.923594380000054 ], [ -6.352376712999956, 39.925129842000047 ], [ -6.351990024999964, 39.91744286200003 ], [ -6.346243919999949, 39.911396447000072 ], [ -6.335790456999973, 39.908389971000076 ], [ -6.322461484999963, 39.897568743000079 ], [ -6.311030077999931, 39.894774275000032 ], [ -6.305349, 39.87866199900003 ] ] ] } },
{ "type": "Feature", "properties": { "code": "10100", "name": "Hoyos" }, "geometry": { "type": "Polygon", "coordinates": [ [ [ -6.692996, 40.171420999000077 ], [ -6.700574468999946, 40.155072135000069 ], [ -6.706649677999962, 40.150883038000075 ], [ -6.715901808999945, 40.147953033000078 ], [ -6.724415381999961, 40.143116506000069 ], [ -6.72546080099994, 40.140913781000052 ], [ -6.724873267999953, 40.136102043000051 ], [ -6.727049, 40.13319799900006 ], [ -6.728303118999975, 40.141416659000072 ], [ -6.744262499999934, 40.145995999000036 ], [ -6.74122159999996, 40.150788644000045 ], [ -6.742650759999947, 40.168587914000057 ], [ -6.747392949999949, 40.176991759000032 ], [ -6.745415, 40.182929999000066 ], [ -6.73095314699998, 40.18535896800006 ], [ -6.721713094999927, 40.180564706000041 ], [ -6.693950097999959, 40.175774161000049 ], [ -6.692996, 40.171420999000077 ] ] ] } },
{ "type": "Feature", "properties": { "code": "10101", "name": "Huélaga" }, "geometry": { "type": "Polygon", "coordinates": [ [ [ -6.612674, 40.086131999000031 ], [ -6.60839641299998, 40.08871890000006 ], [ -6.602693905999956, 40.085867572000041 ], [ -6.601206778999938, 40.061823460000028 ], [ -6.589004613999975, 40.060846703000038 ], [ -6.587028656999962, 40.058064878000039 ], [ -6.597272910999948, 40.05141751900004 ], [ -6.600438508999957, 40.044536897000057 ], [ -6.599305, 40.040225999000029 ], [ -6.604963082999973, 40.04065765100006 ], [ -6.617438151999977, 40.049195103000045 ], [ -6.621743122999931, 40.042869683000049 ], [ -6.62134, 40.035918999000046 ], [ -6.632099963999963, 40.05349194300004 ], [ -6.631228971999974, 40.059005327000079 ], [ -6.625709463999954, 40.063713568000026 ], [ -6.626717499999927, 40.068614999000033 ], [ -6.612674, 40.086131999000031 ] ] ] } },
{ "type": "Feature", "properties": { "code": "10102", "name": "Ibahernando" }, "geometry": { "type": "Polygon", "coordinates": [ [ [ -5.876571, 39.381419999000059 ], [ -5.869600348999938, 39.359248672000035 ], [ -5.871354390999954, 39.354114017000029 ], [ -5.882420876999959, 39.352549017000058 ], [ -5.887607833999937, 39.34391555600007 ], [ -5.894279365999978, 39.341570673000035 ], [ -5.888275, 39.316959499000063 ], [ -5.89488991199994, 39.307231712000032 ], [ -5.896046987999966, 39.290100056000028 ], [ -5.901806281999939, 39.283938715000033 ], [ -5.906094499999938, 39.25936499900007 ], [ -5.919212896999966, 39.251319368000054 ], [ -5.946038499999929, 39.243316499000059 ], [ -5.938169800999958, 39.277009270000065 ], [ -5.928427590999945, 39.279719936000049 ], [ -5.926511801999936, 39.283164652000039 ], [ -5.934305336999955, 39.296079285000076 ], [ -5.94781203499997, 39.297899925000024 ], [ -5.948757, 39.302917499000046 ], [ -5.948565707999933, 39.306924317000039 ], [ -5.954309696999928, 39.309053291000055 ], [ -5.957412579999925, 39.314357304000055 ], [ -5.950372009999967, 39.325874832000068 ], [ -5.958224045999941, 39.329551388000027 ], [ -5.951100351999969, 39.338190754000038 ], [ -5.958758865999926, 39.342286637000029 ], [ -5.95576091199996, 39.348290601000031 ], [ -5.955513583999959, 39.362469838000038 ], [ -5.945856760999959, 39.368680982000058 ], [ -5.941090714999973, 39.377050197000074 ], [ -5.931772782999928, 39.380363202000069 ], [ -5.920517124999947, 39.389040125000065 ], [ -5.915512499999977, 39.398891499000058 ], [ -5.91188133199995, 39.398602975000074 ], [ -5.906569872999967, 39.40379589500003 ], [ -5.890592237999954, 39.402281223000045 ], [ -5.881481640999937, 39.380086393000056 ], [ -5.876571, 39.381419999000059 ] ] ] } },
{ "type": "Feature", "properties": { "code": "10103", "name": "Jaraicejo" }, "geometry": { "type": "Polygon", "coordinates": [ [ [ -5.727551499999947, 39.692146499000046 ], [ -5.728950269999928, 39.665857092000067 ], [ -5.738920292999978, 39.648901478000028 ], [ -5.752022, 39.633861499000034 ], [ -5.770844715999942, 39.63675016500008 ], [ -5.806743998999934, 39.648497033000069 ], [ -5.82157086999996, 39.645223166000051 ], [ -5.868344576999959, 39.653383576000067 ], [ -5.875560471999961, 39.657615958000065 ], [ -5.887121990999958, 39.654386222000028 ], [ -5.895218390999958, 39.65751513400005 ], [ -5.910549233999973, 39.657990131000076 ], [ -5.93108843999994, 39.666633484000045 ], [ -5.940759, 39.664363499000046 ], [ -5.942297163999967, 39.668560398000068 ], [ -5.938910630999942, 39.682517652000058 ], [ -5.956600935999973, 39.70704302300004 ], [ -5.930951967999931, 39.714290247000065 ], [ -5.92150884299997, 39.725272041000039 ], [ -5.888737598999967, 39.714605085000073 ], [ -5.870226, 39.774211999000045 ], [ -5.83765443599998, 39.758188880000034 ], [ -5.82884404999993, 39.757676299000025 ], [ -5.818726316999971, 39.76118150800005 ], [ -5.80605449199993, 39.755283704000078 ], [ -5.774877453999977, 39.727803889000029 ], [ -5.747525166999935, 39.714364361000037 ], [ -5.738094143999945, 39.712431628000047 ], [ -5.727551499999947, 39.692146499000046 ] ] ] } },
{ "type": "Feature", "properties": { "code": "10104", "name": "Jaraíz de la Vera" }, "geometry": { "type": "Polygon", "coordinates": [ [ [ -5.78543, 40.009727499000064 ], [ -5.768078037999942, 40.016542099000048 ], [ -5.75843305199993, 40.029937896000035 ], [ -5.773742725999966, 40.055404392000071 ], [ -5.785853618999965, 40.061087373000078 ], [ -5.799230499999965, 40.062186999000062 ], [ -5.808679, 40.069598499000051 ], [ -5.755357, 40.082416499000033 ], [ -5.750771356999962, 40.080084253000052 ], [ -5.744672110999943, 40.081962832000045 ], [ -5.726821155999971, 40.079244146000065 ], [ -5.721945492999964, 40.074861643000077 ], [ -5.711499235999952, 40.072316516000058 ], [ -5.711426499999959, 40.068816999000035 ], [ -5.720059438999954, 40.063686369000038 ], [ -5.732242386999928, 40.061069198000041 ], [ -5.73342045499993, 40.053942763000066 ], [ -5.722406360999969, 40.018445389000078 ], [ -5.701251874999969, 39.987472578000052 ], [ -5.69181, 39.98380699900008 ], [ -5.719306, 39.972057499000073 ], [ -5.741200477999939, 39.97940927500008 ], [ -5.766824605999943, 39.967308523000042 ], [ -5.809683499999949, 39.982108999000047 ], [ -5.783300013999963, 39.988243718000035 ], [ -5.78543, 40.009727499000064 ] ] ] } },
{ "type": "Feature", "properties": { "code": "10105", "name": "Jarandilla de la Vera" }, "geometry": { "type": "Polygon", "coordinates": [ [ [ -5.582354, 40.041022999000063 ], [ -5.588245747999963, 40.057180690000052 ], [ -5.606141352999941, 40.049889220000068 ], [ -5.643269524999937, 40.058017714000073 ], [ -5.670526312999925, 40.077196867000055 ], [ -5.675050680999959, 40.084950157000037 ], [ -5.688432499999976, 40.089042499000072 ], [ -5.682153175999929, 40.102016958000036 ], [ -5.683697154999948, 40.126462530000026 ], [ -5.67660056099993, 40.13840663600007 ], [ -5.676497499999925, 40.147761999000068 ], [ -5.648465801999976, 40.143473663000066 ], [ -5.640559325999959, 40.132980479000025 ], [ -5.625688, 40.13117999900004 ], [ -5.625253072999953, 40.120966666000072 ], [ -5.619872073999943, 40.111288154000079 ], [ -5.620566050999969, 40.104612551000059 ], [ -5.603587, 40.102779499000064 ], [ -5.613630085999944, 40.09991760500003 ], [ -5.598198891999971, 40.083868315000075 ], [ -5.582582697999953, 40.075928831000056 ], [ -5.573972414999957, 40.063965756000073 ], [ -5.568037499999946, 40.062373999000044 ], [ -5.547694664999938, 40.062905688000058 ], [ -5.546824726999944, 40.056905135000079 ], [ -5.551220499999943, 40.050639999000055 ], [ -5.564999, 40.047324999000068 ], [ -5.57304849999997, 40.041664499000035 ], [ -5.577027499999929, 40.040863499000068 ], [ -5.582354, 40.041022999000063 ] ] ] } },
{ "type": "Feature", "properties": { "code": "10106", "name": "Jarilla" }, "geometry": { "type": "Polygon", "coordinates": [ [ [ -6.010794, 40.205871499000068 ], [ -5.959442921999937, 40.176928288000056 ], [ -5.956101634999925, 40.169713849000061 ], [ -5.950931499999967, 40.167873499000052 ], [ -5.95407, 40.164512499000068 ], [ -5.960003510999968, 40.152448391000064 ], [ -5.965651, 40.147506999000029 ], [ -6.020515860999978, 40.168913300000042 ], [ -6.026698499999952, 40.16459499900003 ], [ -6.05728449999998, 40.181339499000046 ], [ -6.010794, 40.205871499000068 ] ] ] } },
{ "type": "Feature", "properties": { "code": "10107", "name": "Jerte" }, "geometry": { "type": "Polygon", "coordinates": [ [ [ -5.734074, 40.170619999000053 ], [ -5.741788077999956, 40.177328110000076 ], [ -5.757077957999968, 40.200474727000028 ], [ -5.766845000999979, 40.198963734000074 ], [ -5.773117458999934, 40.204434401000071 ], [ -5.78008342499993, 40.205704274000027 ], [ -5.776643504999981, 40.211257463000038 ], [ -5.778461335999964, 40.218575037000051 ], [ -5.798747607999928, 40.241395428000033 ], [ -5.800391499999932, 40.248725999000044 ], [ -5.781305742999962, 40.252774679000026 ], [ -5.767148042999963, 40.26686339500003 ], [ -5.764013784999975, 40.274513846000048 ], [ -5.765032, 40.280818999000076 ], [ -5.74442449999998, 40.288902499000073 ], [ -5.747461739999949, 40.27933306500006 ], [ -5.743194805999963, 40.272824653000043 ], [ -5.740030630999968, 40.257232412000064 ], [ -5.715215146999981, 40.241508774000067 ], [ -5.713936118999925, 40.229442993000077 ], [ -5.697475760999964, 40.202261533000069 ], [ -5.695483295999964, 40.183634276000078 ], [ -5.689971499999956, 40.173904499000059 ], [ -5.694899, 40.171401999000068 ], [ -5.707317499999931, 40.173923499000068 ], [ -5.711496499999953, 40.173320499000056 ], [ -5.721841, 40.174449999000046 ], [ -5.72878, 40.171481999000036 ], [ -5.734074, 40.170619999000053 ] ] ] } },
{ "type": "Feature", "properties": { "code": "10108", "name": "Ladrillar" }, "geometry": { "type": "Polygon", "coordinates": [ [ [ -6.156196, 40.401920999000026 ], [ -6.157946639999977, 40.407613927000057 ], [ -6.177527988999941, 40.408266734000051 ], [ -6.18220518399994, 40.425177421000058 ], [ -6.196370826999953, 40.427645226000038 ], [ -6.237302032999935, 40.450091020000059 ], [ -6.246605623999926, 40.451442019000069 ], [ -6.266501, 40.446578499000054 ], [ -6.269338499999947, 40.449424499000031 ], [ -6.275371499999949, 40.458560999000042 ], [ -6.271052499999939, 40.46092599900004 ], [ -6.268488, 40.467609499000048 ], [ -6.264837, 40.470908999000073 ], [ -6.254767327999957, 40.470956206000039 ], [ -6.238190556999939, 40.485952693000058 ], [ -6.198729499999956, 40.481475999000054 ], [ -6.195826828999941, 40.47594811600004 ], [ -6.180517278999957, 40.463121695000041 ], [ -6.155384001999948, 40.456118211000046 ], [ -6.153280352999957, 40.452506048000032 ], [ -6.154997936999962, 40.446858231000078 ], [ -6.14722437599994, 40.43738038500004 ], [ -6.132063672999948, 40.436748701000056 ], [ -6.115607, 40.44106799900004 ], [ -6.117024296999944, 40.434983726000041 ], [ -6.124423289999925, 40.429778163000037 ], [ -6.12835526799995, 40.42145836800006 ], [ -6.117842499999938, 40.415952999000069 ], [ -6.132063672999948, 40.410287832000051 ], [ -6.140893214999949, 40.409237153000049 ], [ -6.156196, 40.401920999000026 ] ] ] } },
{ "type": "Feature", "properties": { "code": "10109", "name": "Logrosán" }, "geometry": { "type": "Polygon", "coordinates": [ [ [ -5.350683499999946, 39.230960499000048 ], [ -5.354069736999975, 39.224062100000026 ], [ -5.367959192999933, 39.211284269000032 ], [ -5.376204133999977, 39.187002359000076 ], [ -5.384073, 39.174236499000074 ], [ -5.414163723999934, 39.15712237300005 ], [ -5.42170609599998, 39.157738032000054 ], [ -5.428821201999938, 39.162112606000051 ], [ -5.461118657999975, 39.159206828000038 ], [ -5.478723101999947, 39.177371409000045 ], [ -5.501289143999941, 39.188684160000037 ], [ -5.51076543299996, 39.198609213000054 ], [ -5.514864324999962, 39.208500465000043 ], [ -5.524018707999971, 39.201210421000042 ], [ -5.528935459999957, 39.192535300000031 ], [ -5.550077268999928, 39.213133721000077 ], [ -5.556467444999953, 39.209515259000057 ], [ -5.564180270999941, 39.210009253000067 ], [ -5.57851949999997, 39.202449999000066 ], [ -5.583888499999944, 39.225105499000051 ], [ -5.571882716999937, 39.231331262000026 ], [ -5.572196728999927, 39.240229702000079 ], [ -5.560307683999952, 39.246750981000048 ], [ -5.55911743799993, 39.26246095700003 ], [ -5.56093724599998, 39.265038417000028 ], [ -5.580341245999932, 39.269865484000036 ], [ -5.582865968999954, 39.283844183000042 ], [ -5.600307057999942, 39.291535661000069 ], [ -5.595009826999956, 39.295359767000036 ], [ -5.588292211999942, 39.307155416000057 ], [ -5.591019800999959, 39.318613933000051 ], [ -5.602572254999927, 39.319704261000027 ], [ -5.598646182999971, 39.35074744700006 ], [ -5.59150195999996, 39.361356562000026 ], [ -5.597450499999979, 39.369357999000044 ], [ -5.573722, 39.383758499000066 ], [ -5.554978111999958, 39.380573130000073 ], [ -5.54585254999995, 39.38717398600005 ], [ -5.531114119999927, 39.391936422000072 ], [ -5.512934759999951, 39.392662856000072 ], [ -5.505551694999951, 39.389558148000049 ], [ -5.497412458999975, 39.378056645000072 ], [ -5.478679411999963, 39.383747696000057 ], [ -5.470778, 39.380695499000069 ], [ -5.460163901999977, 39.372681087000046 ], [ -5.453176839999969, 39.355619809000075 ], [ -5.434819463999929, 39.334771259000036 ], [ -5.436134416999948, 39.321267507000073 ], [ -5.426185634999968, 39.314345347000028 ], [ -5.430188084999941, 39.302160891000028 ], [ -5.400535837999939, 39.298886378000077 ], [ -5.372559936999949, 39.288669132000052 ], [ -5.354286, 39.271880999000075 ], [ -5.354837939999925, 39.259547626000028 ], [ -5.34754436399993, 39.246520566000072 ], [ -5.350683499999946, 39.230960499000048 ] ] ] } },
{ "type": "Feature", "properties": { "code": "10110", "name": "Losar de la Vera" }, "geometry": { "type": "Polygon", "coordinates": [ [ [ -5.619486499999937, 40.207050499000047 ], [ -5.61302, 40.20996849900007 ], [ -5.610083499999973, 40.215522499000031 ], [ -5.598406499999953, 40.216838999000061 ], [ -5.547147903999928, 40.197484055000075 ], [ -5.531008499999928, 40.194759499000043 ], [ -5.537591650999957, 40.180973327000061 ], [ -5.547392835999972, 40.172623564000048 ], [ -5.547634906999974, 40.165591921000043 ], [ -5.560344856999961, 40.15878667000004 ], [ -5.55748531699993, 40.154132029000039 ], [ -5.568228069999975, 40.14294680200004 ], [ -5.57101106999994, 40.133514381000055 ], [ -5.561567012999944, 40.120446075000075 ], [ -5.555935804999933, 40.101292258000058 ], [ -5.539602499999944, 40.093528999000057 ], [ -5.538006473999928, 40.08887330500005 ], [ -5.530008024999972, 40.085976753000068 ], [ -5.523539, 40.072677499000065 ], [ -5.520437354999956, 40.060274759000038 ], [ -5.51265049999995, 40.057132999000032 ], [ -5.515533916999971, 40.053362314000026 ], [ -5.531420590999971, 40.048431934000064 ], [ -5.551220499999943, 40.050639999000055 ], [ -5.546824726999944, 40.056905135000079 ], [ -5.547694664999938, 40.062905688000058 ], [ -5.568037499999946, 40.062373999000044 ], [ -5.557994783999959, 40.074810602000071 ], [ -5.556838142999936, 40.092971361000025 ], [ -5.568818581999949, 40.100726290000068 ], [ -5.585921259999964, 40.10466470800003 ], [ -5.603587, 40.102779499000064 ], [ -5.620566050999969, 40.104612551000059 ], [ -5.619872073999943, 40.111288154000079 ], [ -5.625253072999953, 40.120966666000072 ], [ -5.625688, 40.13117999900004 ], [ -5.620893957999954, 40.138030678000064 ], [ -5.618713619999937, 40.157368142000053 ], [ -5.622226687999955, 40.170962164000059 ], [ -5.618286601999955, 40.179574836000029 ], [ -5.622857593999925, 40.195093030000066 ], [ -5.619486499999937, 40.207050499000047 ] ] ] } },
{ "type": "Feature", "properties": { "code": "10111", "name": "Madrigal de la Vera" }, "geometry": { "type": "Polygon", "coordinates": [ [ [ -5.343564499999957, 40.263403499000049 ], [ -5.359569934999968, 40.226229550000028 ], [ -5.369827554999972, 40.215701896000041 ], [ -5.368504845999951, 40.20834265700006 ], [ -5.363422242999945, 40.202052375000051 ], [ -5.366374336999968, 40.198192921000043 ], [ -5.364338693999969, 40.17761610000008 ], [ -5.367847870999981, 40.162902379000059 ], [ -5.357398983999929, 40.151811845000054 ], [ -5.348766349999948, 40.132865389000074 ], [ -5.33705342899998, 40.123229817000038 ], [ -5.335693, 40.115152999000031 ], [ -5.359485499999948, 40.108443999000031 ], [ -5.372020396999972, 40.121737385000074 ], [ -5.375284402999966, 40.136428195000065 ], [ -5.395547227999941, 40.166302174000066 ], [ -5.394636132999949, 40.178362353000068 ], [ -5.388018168999963, 40.188053707000051 ], [ -5.389505437999958, 40.198343195000064 ], [ -5.385772249999945, 40.216763577000052 ], [ -5.394081634999964, 40.224918487000025 ], [ -5.39505, 40.250503499000047 ], [ -5.368459070999961, 40.256259645000057 ], [ -5.356458879999934, 40.26355594100005 ], [ -5.343564499999957, 40.263403499000049 ] ] ] } },
{ "type": "Feature", "properties": { "code": "10112", "name": "Madrigalejo" }, "geometry": { "type": "Polygon", "coordinates": [ [ [ -5.583888499999944, 39.225105499000051 ], [ -5.57851949999997, 39.202449999000066 ], [ -5.592111632999945, 39.19979733200006 ], [ -5.612304453999968, 39.187413542000058 ], [ -5.604744143999937, 39.175161 ], [ -5.577830620999976, 39.151373418000048 ], [ -5.579895, 39.142615499000044 ], [ -5.601252777999946, 39.132448153000041 ], [ -5.600623222999957, 39.128216287000043 ], [ -5.585093251999979, 39.117690380000056 ], [ -5.592343360999962, 39.108689761000051 ], [ -5.599903324999957, 39.106606366000051 ], [ -5.604417888999933, 39.10082703300003 ], [ -5.60930356199998, 39.099310223000032 ], [ -5.647681710999962, 39.10093276300006 ], [ -5.671562499999936, 39.078954999000075 ], [ -5.692107629999953, 39.084329101000037 ], [ -5.72666049999998, 39.112209499000073 ], [ -5.704761978999954, 39.127165906000073 ], [ -5.695802104999927, 39.138341322000031 ], [ -5.705949577999945, 39.144045843000072 ], [ -5.713736499999925, 39.135230499000045 ], [ -5.706543481999972, 39.145971575000033 ], [ -5.692042603999937, 39.151120410000033 ], [ -5.686104273999945, 39.157968428000061 ], [ -5.665072369999962, 39.161621172000025 ], [ -5.656459, 39.173255999000048 ], [ -5.616322621999927, 39.210512491000031 ], [ -5.609019137999951, 39.221612289000063 ], [ -5.598744189999934, 39.226060696000047 ], [ -5.583888499999944, 39.225105499000051 ] ] ] } },
{ "type": "Feature", "properties": { "code": "10113", "name": "Madroñera" }, "geometry": { "type": "Polygon", "coordinates": [ [ [ -5.642120499999976, 39.463069999000027 ], [ -5.651035447999959, 39.457132297000044 ], [ -5.659620243999939, 39.444651694000072 ], [ -5.680774633999931, 39.442758910000066 ], [ -5.683524507999948, 39.436638368000047 ], [ -5.679594624999936, 39.427634112000078 ], [ -5.682469049999952, 39.413204992000033 ], [ -5.702665950999972, 39.402383505000046 ], [ -5.709523225999931, 39.395411535000051 ], [ -5.718215, 39.393501499000024 ], [ -5.724774499999967, 39.397391999000035 ], [ -5.731452, 39.400073999000028 ], [ -5.736616, 39.398833999000033 ], [ -5.744928, 39.400565999000037 ], [ -5.746987, 39.400344999000026 ], [ -5.751238, 39.39772399900005 ], [ -5.756564499999968, 39.395904499000039 ], [ -5.759215499999925, 39.395976999000027 ], [ -5.767390499999976, 39.393645999000057 ], [ -5.772142312999961, 39.399437824000074 ], [ -5.784649786999978, 39.402775622000036 ], [ -5.797790751999969, 39.396499178000056 ], [ -5.806504659999973, 39.39730826300007 ], [ -5.819659277999961, 39.410368985000048 ], [ -5.806013744999973, 39.42335035900004 ], [ -5.814088579999975, 39.431041942000036 ], [ -5.802705905999971, 39.434634333000076 ], [ -5.797671411999943, 39.441751441000065 ], [ -5.785199595999927, 39.440716812000062 ], [ -5.780560494999975, 39.445303657000068 ], [ -5.782433506999951, 39.448624885000072 ], [ -5.802767521999954, 39.455864250000047 ], [ -5.795921850999946, 39.463506813000038 ], [ -5.79623621099995, 39.472109773000057 ], [ -5.78436570599996, 39.479145334000066 ], [ -5.780434842999966, 39.489655440000035 ], [ -5.764187658999958, 39.507373678000079 ], [ -5.75654560299995, 39.506219071000032 ], [ -5.746013752999943, 39.515249072000074 ], [ -5.741713455999957, 39.507056633000047 ], [ -5.735674156999949, 39.508836053000039 ], [ -5.731490143999963, 39.516591520000077 ], [ -5.738915, 39.522422999000071 ], [ -5.737126499999931, 39.523978999000065 ], [ -5.73535, 39.522884499000043 ], [ -5.732111, 39.52271999900006 ], [ -5.724735499999952, 39.525367999000025 ], [ -5.715999499999953, 39.525672999000051 ], [ -5.71009, 39.52480299900003 ], [ -5.701258, 39.525909499000079 ], [ -5.698974, 39.526988999000025 ], [ -5.682890777999944, 39.515833591000046 ], [ -5.696302332999949, 39.502713562000054 ], [ -5.698258905999978, 39.491146197000035 ], [ -5.685014567999929, 39.495672506000062 ], [ -5.673259110999936, 39.490524930000049 ], [ -5.676693277999959, 39.482765590000042 ], [ -5.666131891999953, 39.476048400000025 ], [ -5.660314749999941, 39.467852308000033 ], [ -5.642120499999976, 39.463069999000027 ] ] ] } },
{ "type": "Feature", "properties": { "code": "10114", "name": "Majadas" }, "geometry": { "type": "Polygon", "coordinates": [ [ [ -5.809683499999949, 39.982108999000047 ], [ -5.766824605999943, 39.967308523000042 ], [ -5.741200477999939, 39.97940927500008 ], [ -5.719306, 39.972057499000073 ], [ -5.72357500499993, 39.960717230000057 ], [ -5.726105796999946, 39.931663751000031 ], [ -5.748773, 39.91352099900007 ], [ -5.782509167999933, 39.923449470000037 ], [ -5.813639182999964, 39.927767395000046 ], [ -5.818587119999961, 39.932499396000026 ], [ -5.818898656999977, 39.941026946000079 ], [ -5.824329441999964, 39.951586460000044 ], [ -5.838014, 39.962436999000033 ], [ -5.831121499999938, 39.976398499000027 ], [ -5.809683499999949, 39.982108999000047 ] ] ] } },
{ "type": "Feature", "properties": { "code": "10115", "name": "Malpartida de Cáceres" }, "geometry": { "type": "Polygon", "coordinates": [ [ [ -6.504870499999981, 39.473956999000052 ], [ -6.486487662999934, 39.459840545000077 ], [ -6.474849499999948, 39.460155999000051 ], [ -6.46829331899994, 39.459441129000027 ], [ -6.457401176999952, 39.44980294700008 ], [ -6.460731710999937, 39.43998666300007 ], [ -6.470170666999934, 39.431783990000042 ], [ -6.473008644999936, 39.414238992000037 ], [ -6.477256558999954, 39.409346916000061 ], [ -6.481695036999952, 39.408222726000076 ], [ -6.500824487999978, 39.414238992000037 ], [ -6.50834494999998, 39.41933440300005 ], [ -6.512588265999966, 39.42822818500008 ], [ -6.530867949999958, 39.426098830000058 ], [ -6.54567184299998, 39.429662359000076 ], [ -6.537988642999949, 39.440035232000071 ], [ -6.535905025999966, 39.450036995000062 ], [ -6.523181044999944, 39.465839578000043 ], [ -6.524467, 39.469352499000024 ], [ -6.521472345999939, 39.473753664000071 ], [ -6.513743858999931, 39.471560968000063 ], [ -6.504870499999981, 39.473956999000052 ] ] ] } },
{ "type": "Feature", "properties": { "code": "10116", "name": "Malpartida de Plasencia" }, "geometry": { "type": "Polygon", "coordinates": [ [ [ -6.160125, 39.863208999000051 ], [ -6.200574041999971, 39.864190808000046 ], [ -6.207962733999977, 39.888489485000036 ], [ -6.225345399999981, 39.90022134000003 ], [ -6.260144474999947, 39.885318133000055 ], [ -6.256357886999979, 39.874551462000056 ], [ -6.263105739999958, 39.86891131200008 ], [ -6.295841, 39.868087999000068 ], [ -6.296823, 39.87008699900008 ], [ -6.266032252999935, 39.892830883000045 ], [ -6.252288710999949, 39.910879139000031 ], [ -6.242247349999957, 39.919330211000045 ], [ -6.206094393999933, 39.939321362000044 ], [ -6.170725496999978, 39.963564443000053 ], [ -6.144535050999934, 39.969495020000068 ], [ -6.132063672999948, 39.976040056000045 ], [ -6.12754678999994, 39.976688430000024 ], [ -6.125503540999944, 39.981355061000045 ], [ -6.106074538999962, 39.986721171000056 ], [ -6.081115904999933, 40.001786353000057 ], [ -6.066913489999934, 40.014373018000072 ], [ -6.053014254999937, 40.012853734000032 ], [ -6.041061777999971, 40.01518470700006 ], [ -6.039851546999955, 40.023034566000035 ], [ -6.032907492999925, 40.03174903300004 ], [ -6.016863093999973, 40.032280730000025 ], [ -5.997761173999947, 40.052947757000027 ], [ -5.980290499999967, 40.06472399900008 ], [ -5.974599825999974, 40.05032002400003 ], [ -5.960713485999975, 40.041767349000054 ], [ -5.957700768999928, 40.032805296000049 ], [ -5.949102700999958, 40.022645709000074 ], [ -5.963944760999937, 40.012871559000075 ], [ -5.963803151999969, 40.006851847000064 ], [ -5.955766755999946, 39.992625356000076 ], [ -5.940644754999937, 39.982436341000039 ], [ -5.931760439999948, 39.982884084000034 ], [ -5.926254239999935, 39.977458379000041 ], [ -5.905745, 39.973441999000045 ], [ -5.904052090999926, 39.968730702000073 ], [ -5.906307910999942, 39.958162531000028 ], [ -5.891919677999965, 39.955190427000048 ], [ -5.884407, 39.944095499000071 ], [ -5.894369824999956, 39.93809187200003 ], [ -5.886562746999971, 39.925036485000078 ], [ -5.886918852999941, 39.920222485000068 ], [ -5.898326571999974, 39.905440283000075 ], [ -5.91512425999997, 39.900185147000059 ], [ -5.920628074999968, 39.894954862000077 ], [ -5.926746303999948, 39.868380135000052 ], [ -5.948724124999956, 39.86490518100004 ], [ -5.96013652299996, 39.856623247000073 ], [ -5.964731387999961, 39.843443654000055 ], [ -5.982338, 39.851596999000037 ], [ -5.996795636999934, 39.863442268000028 ], [ -6.004072534999978, 39.864363450000042 ], [ -6.006189518999975, 39.880438751000042 ], [ -6.014464835999945, 39.884578201000068 ], [ -6.008464375999949, 39.891600863000065 ], [ -6.015069710999967, 39.900440051000032 ], [ -6.017813481999951, 39.915494864000038 ], [ -6.013971468999955, 39.927351607000048 ], [ -6.031859855999926, 39.935400888000061 ], [ -6.041209075999973, 39.934114331000046 ], [ -6.046296025999936, 39.930321332000062 ], [ -6.049381908999976, 39.91125014000005 ], [ -6.055760194999948, 39.90470440200005 ], [ -6.052294587999938, 39.898920346000068 ], [ -6.05358343499995, 39.886123444000077 ], [ -6.048971353999946, 39.872432939000078 ], [ -6.084911516999966, 39.878370258000075 ], [ -6.110193620999951, 39.887469497000041 ], [ -6.125036107999961, 39.879581028000075 ], [ -6.129514890999928, 39.866889226000069 ], [ -6.160125, 39.863208999000051 ] ] ] } },
{ "type": "Feature", "properties": { "code": "10117", "name": "Marchagaz" }, "geometry": { "type": "Polygon", "coordinates": [ [ [ -6.258587, 40.269565499000066 ], [ -6.26441084399994, 40.263966185000072 ], [ -6.277620731999946, 40.257617843000048 ], [ -6.296867, 40.260760499000071 ], [ -6.302672297999948, 40.277185158000066 ], [ -6.286939955999969, 40.286370699000031 ], [ -6.268988178999962, 40.286605290000068 ], [ -6.257565561999968, 40.278372723000075 ], [ -6.258587, 40.269565499000066 ] ] ] } },
{ "type": "Feature", "properties": { "code": "10118", "name": "Mata de Alcántara" }, "geometry": { "type": "Polygon", "coordinates": [ [ [ -6.75581649999998, 39.704992999000069 ], [ -6.771178008999925, 39.700431782000067 ], [ -6.782709319999981, 39.687990926000055 ], [ -6.798690615999931, 39.685979203000045 ], [ -6.813598806999948, 39.69065091300007 ], [ -6.81954049999996, 39.689067999000031 ], [ -6.827372423999975, 39.706524624000053 ], [ -6.828535940999927, 39.720244953000076 ], [ -6.827348926999946, 39.73359918400007 ], [ -6.822433622999938, 39.736699424000051 ], [ -6.75730069399998, 39.74184950800003 ], [ -6.746559048999927, 39.723110815000041 ], [ -6.75581649999998, 39.704992999000069 ] ] ] } },
{ "type": "Feature", "properties": { "code": "10119", "name": "Membrío" }, "geometry": { "type": "Polygon", "coordinates": [ [ [ -7.178688, 39.575412999000037 ], [ -7.181098499999962, 39.578177999000047 ], [ -7.183487, 39.583029999000075 ], [ -7.166420078999977, 39.591651554000066 ], [ -7.14670504299994, 39.597357403000046 ], [ -7.163292787999978, 39.613614899000027 ], [ -7.162183224999978, 39.618108638000081 ], [ -7.166742881999937, 39.621200757000054 ], [ -7.165779372999964, 39.625111233000041 ], [ -7.168738342999973, 39.628569602000027 ], [ -7.164682415999948, 39.634840584000074 ], [ -7.155545021999956, 39.636669591000043 ], [ -7.147994107999978, 39.645517650000045 ], [ -7.146702, 39.653033999000058 ], [ -7.124148587999969, 39.663993858000026 ], [ -7.090927673999943, 39.663554382000029 ], [ -7.064807499999972, 39.657966499000054 ], [ -7.04083279799994, 39.641664079000066 ], [ -7.03505507899996, 39.627530936000028 ], [ -7.014236894999954, 39.608374179000066 ], [ -7.016037814999947, 39.595970150000028 ], [ -7.013041311999928, 39.586443698000039 ], [ -6.996272248999958, 39.572929927000075 ], [ -6.991770802999952, 39.562523592000048 ], [ -6.98167049999995, 39.552871999000047 ], [ -6.995088086999942, 39.529095649000055 ], [ -7.007832723999968, 39.51791853900005 ], [ -7.038971003999961, 39.511582440000041 ], [ -7.055397132999929, 39.50355311900006 ], [ -7.08090137399995, 39.512438117000045 ], [ -7.094840499999975, 39.504300499000067 ], [ -7.109623005999936, 39.498472688000049 ], [ -7.124763319999943, 39.506464437000034 ], [ -7.142991811999934, 39.511472452000078 ], [ -7.145717195999964, 39.516203432000054 ], [ -7.139542282999969, 39.536517256000025 ], [ -7.140927474999955, 39.548340568000071 ], [ -7.162493093999956, 39.558493627000075 ], [ -7.178688, 39.575412999000037 ] ] ] } },
{ "type": "Feature", "properties": { "code": "10120", "name": "Mesas de Ibor" }, "geometry": { "type": "Polygon", "coordinates": [ [ [ -5.560745499999939, 39.739673499000048 ], [ -5.577467, 39.749793499000077 ], [ -5.60135319799997, 39.767924970000024 ], [ -5.605017983999971, 39.773883711000053 ], [ -5.604444499999943, 39.780212499000072 ], [ -5.599729559999957, 39.794378324000036 ], [ -5.591140711999969, 39.79204653100004 ], [ -5.575811105999946, 39.793277040000078 ], [ -5.560490499999958, 39.808693499000071 ], [ -5.551944, 39.811771499000031 ], [ -5.530109929999981, 39.791624015000025 ], [ -5.518330499999934, 39.768958999000063 ], [ -5.514994747999935, 39.764919945000031 ], [ -5.514749145999929, 39.753687111000033 ], [ -5.505651118999936, 39.730715257000043 ], [ -5.50490863899995, 39.719824201000051 ], [ -5.50723249999993, 39.716910499000051 ], [ -5.516005362999977, 39.716428028000053 ], [ -5.560745499999939, 39.739673499000048 ] ] ] } },
{ "type": "Feature", "properties": { "code": "10121", "name": "Miajadas" }, "geometry": { "type": "Polygon", "coordinates": [ [ [ -5.989587, 39.178298999000049 ], [ -5.980211931999975, 39.169705527000076 ], [ -5.965267771999947, 39.164775717000055 ], [ -5.935566750999953, 39.166933325000059 ], [ -5.913663627999938, 39.163248893000059 ], [ -5.883421931999976, 39.154470486000037 ], [ -5.877250410999977, 39.149602919000074 ], [ -5.864158865999968, 39.145075766000048 ], [ -5.845130513999948, 39.150188080000078 ], [ -5.810424, 39.144633999000064 ], [ -5.818734374999963, 39.131184309000048 ], [ -5.817843228999948, 39.119869916000027 ], [ -5.831234835999965, 39.11191291800003 ], [ -5.871775924999952, 39.104259132000038 ], [ -5.896509, 39.095210999000074 ], [ -5.924755, 39.083236499000066 ], [ -5.937704, 39.083839499000078 ], [ -5.927122805999943, 39.092684691000045 ], [ -5.925184785999932, 39.098603335000064 ], [ -5.928157350999925, 39.105161515000077 ], [ -5.939866037999934, 39.108733947000076 ], [ -5.958909487999961, 39.095214010000063 ], [ -5.981709357999932, 39.070010214000035 ], [ -5.988938446999953, 39.068238308000048 ], [ -6.00971594899994, 39.054002186000048 ], [ -6.016165, 39.099159049000036 ], [ -6.01487949999995, 39.129352499000049 ], [ -6.008468731999926, 39.133481223000047 ], [ -6.001373287999968, 39.145255558000031 ], [ -5.99435088599995, 39.174352432000035 ], [ -5.989587, 39.178298999000049 ] ] ] } },
{ "type": "Feature", "properties": { "code": "10122", "name": "Millanes" }, "geometry": { "type": "Polygon", "coordinates": [ [ [ -5.596258499999976, 39.853587999000069 ], [ -5.591036499999973, 39.862968499000033 ], [ -5.591476600999954, 39.86490518100004 ], [ -5.590654, 39.868034499000032 ], [ -5.574216818999957, 39.87864238800006 ], [ -5.559137410999938, 39.866893258000061 ], [ -5.525216691999958, 39.863128663000055 ], [ -5.521077, 39.861133499000061 ], [ -5.524898499999949, 39.858241999000029 ], [ -5.526142499999935, 39.851356499000076 ], [ -5.545678, 39.84803449900005 ], [ -5.55339749999996, 39.839648999000076 ], [ -5.557587499999954, 39.838313999000036 ], [ -5.568031499999961, 39.836901999000077 ], [ -5.571085, 39.834941499000024 ], [ -5.582538100999955, 39.836286466000047 ], [ -5.591467777999981, 39.840936309000028 ], [ -5.596258499999976, 39.853587999000069 ] ] ] } },
{ "type": "Feature", "properties": { "code": "10123", "name": "Mirabel" }, "geometry": { "type": "Polygon", "coordinates": [ [ [ -6.160125, 39.863208999000051 ], [ -6.16647732499996, 39.857074263000072 ], [ -6.155772983999952, 39.838881469000057 ], [ -6.197302, 39.838943499000038 ], [ -6.233292724999956, 39.832900405000032 ], [ -6.264898829999936, 39.831479280000053 ], [ -6.27598753999996, 39.844671292000044 ], [ -6.282676, 39.847678999000038 ], [ -6.292825236999931, 39.854713867000044 ], [ -6.297108180999942, 39.861338975000081 ], [ -6.295559323999953, 39.86490518100004 ], [ -6.295841, 39.868087999000068 ], [ -6.263105739999958, 39.86891131200008 ], [ -6.256357886999979, 39.874551462000056 ], [ -6.260144474999947, 39.885318133000055 ], [ -6.225345399999981, 39.90022134000003 ], [ -6.207962733999977, 39.888489485000036 ], [ -6.200574041999971, 39.864190808000046 ], [ -6.160125, 39.863208999000051 ] ] ] } },
{ "type": "Feature", "properties": { "code": "10124", "name": "Mohedas de Granadilla" }, "geometry": { "type": "MultiPolygon", "coordinates": [ [ [ [ -6.238745, 40.264285999000037 ], [ -6.247314191999976, 40.272014747000071 ], [ -6.246597174999977, 40.27970834000007 ], [ -6.240570825999953, 40.282735007000042 ], [ -6.231377263999946, 40.280804838000051 ], [ -6.21628246299997, 40.297956717000034 ], [ -6.208737175999943, 40.298921027000063 ], [ -6.193884732999948, 40.294588492000059 ], [ -6.180174960999977, 40.299499504000039 ], [ -6.175603499999966, 40.305141499000058 ], [ -6.174716376999925, 40.309923823000076 ], [ -6.160128089999944, 40.314210411000033 ], [ -6.145026112999972, 40.289904106000051 ], [ -6.132063672999948, 40.283987269000079 ], [ -6.126288, 40.286578999000028 ], [ -6.124258499999939, 40.28673199900004 ], [ -6.123465924999948, 40.273366306000071 ], [ -6.111765182999932, 40.268607392000035 ], [ -6.128408352999941, 40.249485701000026 ], [ -6.132822, 40.239176499000052 ], [ -6.154345122999928, 40.238374008000051 ], [ -6.17297928499994, 40.24468769200007 ], [ -6.19628, 40.237643999000056 ], [ -6.206292306999956, 40.243624621000038 ], [ -6.21626196099993, 40.239976333000072 ], [ -6.226897410999925, 40.243063401000029 ], [ -6.229398419999939, 40.248548097000025 ], [ -6.227615299999968, 40.253570251000042 ], [ -6.210510384999964, 40.245926445000066 ], [ -6.208902055999943, 40.255143819000068 ], [ -6.230694003999929, 40.259295879000035 ], [ -6.238745, 40.264285999000037 ] ] ], [ [ [ -6.244741397999974, 40.291852906000031 ], [ -6.237585512999942, 40.293421524000053 ], [ -6.236058643999968, 40.288798464000024 ], [ -6.240460621999944, 40.285634560000062 ], [ -6.244741397999974, 40.291852906000031 ] ] ] ] } },
{ "type": "Feature", "properties": { "code": "10125", "name": "Monroy" }, "geometry": { "type": "MultiPolygon", "coordinates": [ [ [ [ -6.186616, 39.714076999000042 ], [ -6.176744501999963, 39.715242999000054 ], [ -6.166919012999927, 39.720607753000024 ], [ -6.144245883999929, 39.741755807000061 ], [ -6.132063672999948, 39.747365202000026 ], [ -6.123502344999963, 39.747346662000041 ], [ -6.125679442999967, 39.685186227000031 ], [ -6.123301313999946, 39.668978670000058 ], [ -6.117969481999978, 39.662962668000034 ], [ -6.109160165999981, 39.663852238000061 ], [ -6.075500169999941, 39.678049453000028 ], [ -6.052117, 39.696971999000027 ], [ -6.03991285799998, 39.710706662000064 ], [ -6.025971501999948, 39.70317973300007 ], [ -6.019453605999956, 39.696415916000035 ], [ -6.005711499999961, 39.663215499000046 ], [ -6.028987275999953, 39.645428895000066 ], [ -6.047659815999964, 39.643135086000029 ], [ -6.056166625999936, 39.635461304000046 ], [ -6.06403232699995, 39.63402940900005 ], [ -6.078020227999957, 39.62584451400005 ], [ -6.085259859999951, 39.617513083000063 ], [ -6.103250964999972, 39.608052587000032 ], [ -6.106004308999957, 39.603073549000044 ], [ -6.117720706999933, 39.599834797000028 ], [ -6.126674700999956, 39.603112124000063 ], [ -6.132063672999948, 39.599981674000048 ], [ -6.152712771999973, 39.597651269000039 ], [ -6.164453199999969, 39.610351303000073 ], [ -6.209089707999965, 39.61024640800008 ], [ -6.240969807999932, 39.614512129000047 ], [ -6.249791103999939, 39.61060597200003 ], [ -6.255190499999969, 39.612712999000053 ], [ -6.253321014999926, 39.617555297000081 ], [ -6.258544145999963, 39.645103526000071 ], [ -6.25723157799996, 39.650514961000056 ], [ -6.233981778999976, 39.663964713000041 ], [ -6.23553814099995, 39.680001461000074 ], [ -6.233254841999951, 39.68344096800007 ], [ -6.20948137299996, 39.702409341000077 ], [ -6.186616, 39.714076999000042 ] ] ], [ [ [ -6.200515, 39.717044499000053 ], [ -6.217293952999967, 39.719246201000033 ], [ -6.223889989999975, 39.712460913000029 ], [ -6.233346337999933, 39.711694335000061 ], [ -6.244798686999957, 39.717814409000027 ], [ -6.258989264999968, 39.716459610000072 ], [ -6.269138756999951, 39.734469476000072 ], [ -6.27209449999998, 39.746635499000035 ], [ -6.268618, 39.748111499000061 ], [ -6.259056, 39.75021749900003 ], [ -6.248661499999969, 39.755996499000048 ], [ -6.245451499999945, 39.756744499000035 ], [ -6.237704, 39.756526999000073 ], [ -6.233228, 39.758128999000064 ], [ -6.224175333999938, 39.752320138000073 ], [ -6.222685302999935, 39.746550155000079 ], [ -6.216500469999971, 39.74064136700008 ], [ -6.215384621999931, 39.733152386000029 ], [ -6.200515, 39.717044499000053 ] ] ] ] } },
{ "type": "Feature", "properties": { "code": "10126", "name": "Montánchez" }, "geometry": { "type": "MultiPolygon", "coordinates": [ [ [ [ -6.241657, 39.237535999000045 ], [ -6.22254358999993, 39.24083513000005 ], [ -6.213651899999945, 39.233574006000026 ], [ -6.200030305999974, 39.235224444000039 ], [ -6.177321306999943, 39.246941303000028 ], [ -6.16316446899998, 39.258741471000064 ], [ -6.165983662999963, 39.277616934000037 ], [ -6.184241732999965, 39.283993459000044 ], [ -6.186238, 39.292098999000075 ], [ -6.168528, 39.295338499000025 ], [ -6.165305071999967, 39.283731798000076 ], [ -6.154581560999929, 39.279942056000039 ], [ -6.145418774999939, 39.271937175000062 ], [ -6.14362276199995, 39.266618030000075 ], [ -6.132063672999948, 39.263689758000055 ], [ -6.130762745999959, 39.257536275000064 ], [ -6.119338185999936, 39.243048184000031 ], [ -6.103920029999927, 39.234090989000038 ], [ -6.077919824999981, 39.231672090000075 ], [ -6.075372224999967, 39.227792941000075 ], [ -6.076845, 39.222408999000038 ], [ -6.084934183999962, 39.204110558000025 ], [ -6.089246, 39.203545999000028 ], [ -6.101501191999944, 39.199170737000031 ], [ -6.112824281999963, 39.18960854200003 ], [ -6.132063672999948, 39.194243750000055 ], [ -6.144291248999934, 39.194603920000077 ], [ -6.149182558999939, 39.198387082000067 ], [ -6.155773549999935, 39.196252408000078 ], [ -6.179100665999954, 39.204341623000062 ], [ -6.188135785999975, 39.202130716000056 ], [ -6.192105499999968, 39.195790999000053 ], [ -6.195591319999949, 39.197790591000057 ], [ -6.199440374999938, 39.203488816000061 ], [ -6.199404411999978, 39.209701749000033 ], [ -6.200732280999944, 39.212162867000075 ], [ -6.214481740999929, 39.224363864000054 ], [ -6.221191675999933, 39.227985732000036 ], [ -6.23163238099994, 39.235959619000027 ], [ -6.235924863999969, 39.237406258000078 ], [ -6.241657, 39.237535999000045 ] ] ], [ [ [ -6.21206449999994, 39.131864499000073 ], [ -6.214263091999953, 39.107603228000073 ], [ -6.171743575999926, 39.080519096000046 ], [ -6.171642499999962, 39.071041999000045 ], [ -6.220153619999962, 39.098920788000044 ], [ -6.230912499999931, 39.089734499000031 ], [ -6.295421575999967, 39.098425160000033 ], [ -6.311595672999943, 39.111649605000025 ], [ -6.311985, 39.132341499000063 ], [ -6.307920354999965, 39.146351134000042 ], [ -6.310426958999926, 39.156105811000032 ], [ -6.321044862999941, 39.170848583000065 ], [ -6.319484, 39.18394949900005 ], [ -6.303134787999966, 39.167820088000042 ], [ -6.294387422999932, 39.149704064000048 ], [ -6.279137049999974, 39.13163135700006 ], [ -6.254446217999941, 39.136459462000062 ], [ -6.21206449999994, 39.131864499000073 ] ] ] ] } },
{ "type": "Feature", "properties": { "code": "10127", "name": "Montehermoso" }, "geometry": { "type": "Polygon", "coordinates": [ [ [ -6.378849, 39.941676999000038 ], [ -6.359529448999979, 39.98485000900007 ], [ -6.354042915999969, 40.025343790000079 ], [ -6.367070468999941, 40.043222302000061 ], [ -6.389827873999934, 40.052778538000041 ], [ -6.391039708999926, 40.060468236000077 ], [ -6.385293887999978, 40.066204880000043 ], [ -6.382834830999968, 40.086956004000058 ], [ -6.383494, 40.110625999000035 ], [ -6.364192499999945, 40.110530999000048 ], [ -6.361334499999941, 40.112270499000033 ], [ -6.357591, 40.112731999000061 ], [ -6.349966, 40.111293499000055 ], [ -6.345926499999962, 40.114330499000062 ], [ -6.321254723999971, 40.116532531000075 ], [ -6.27289110199996, 40.100490703000048 ], [ -6.260379847999957, 40.111440633000029 ], [ -6.243641499999967, 40.110152999000036 ], [ -6.245536059999949, 40.104912471000034 ], [ -6.260701449999942, 40.092360069000051 ], [ -6.276267755999925, 40.083661076000055 ], [ -6.29765335999997, 40.077375461000031 ], [ -6.299466699999925, 40.072026222000034 ], [ -6.294238, 40.065700499000059 ], [ -6.297162648999972, 40.061841916000049 ], [ -6.308728175999931, 40.057130032000032 ], [ -6.308849675999966, 40.043900725000071 ], [ -6.317735543999959, 40.036725199000045 ], [ -6.320536673999925, 40.025502071000062 ], [ -6.328460717999974, 40.016618116000075 ], [ -6.32601445499995, 40.012115419000054 ], [ -6.312648434999971, 40.006555821000063 ], [ -6.312841330999959, 40.001764567000066 ], [ -6.319093898999938, 39.99617646400003 ], [ -6.313954499999966, 39.988214499000037 ], [ -6.321682, 39.985047999000074 ], [ -6.337308499999949, 39.980956999000057 ], [ -6.341066499999954, 39.979272999000045 ], [ -6.346678499999939, 39.978487999000038 ], [ -6.344367, 39.967833499000051 ], [ -6.341124499999978, 39.957632999000054 ], [ -6.340996, 39.953021499000045 ], [ -6.357300532999943, 39.94381515300006 ], [ -6.378849, 39.941676999000038 ] ] ] } },
{ "type": "Feature", "properties": { "code": "10128", "name": "Moraleja" }, "geometry": { "type": "Polygon", "coordinates": [ [ [ -6.723582, 39.903568499000073 ], [ -6.745999962999974, 39.921393434000038 ], [ -6.75012847499994, 39.92903147700008 ], [ -6.758663357999978, 39.936033885000029 ], [ -6.775336, 39.963027999000076 ], [ -6.771844, 39.965083999000058 ], [ -6.770320499999968, 39.967586499000049 ], [ -6.766381, 39.980292999000028 ], [ -6.772007, 39.991656999000043 ], [ -6.771211499999936, 39.995933499000046 ], [ -6.766763499999968, 40.004447999000035 ], [ -6.76109, 40.010783999000068 ], [ -6.760905499999978, 40.014022999000076 ], [ -6.759594499999935, 40.016792499000076 ], [ -6.754741, 40.019527499000048 ], [ -6.752167499999928, 40.022199999000065 ], [ -6.739097443999981, 40.015087704000052 ], [ -6.725657805999958, 40.015917562000027 ], [ -6.71733607799996, 40.012724638000066 ], [ -6.714361580999935, 40.01602503600003 ], [ -6.70751050299998, 40.016140336000035 ], [ -6.706991331999973, 40.018617192000079 ], [ -6.720060676999935, 40.026820840000028 ], [ -6.719397814999979, 40.029494984000053 ], [ -6.70077433199998, 40.026638018000028 ], [ -6.708003478999956, 40.053950863000068 ], [ -6.703863802999933, 40.058877996000035 ], [ -6.697580936999941, 40.059330978000048 ], [ -6.695658720999973, 40.064190032000056 ], [ -6.721309532999953, 40.070958507000057 ], [ -6.731401499999947, 40.081047499000078 ], [ -6.728265, 40.102168999000071 ], [ -6.719824678999942, 40.104697943000076 ], [ -6.710466357999962, 40.101851281000052 ], [ -6.681520374999934, 40.110863282000025 ], [ -6.652218, 40.109626999000056 ], [ -6.650769398999955, 40.092817805000038 ], [ -6.626717499999927, 40.068614999000033 ], [ -6.625709463999954, 40.063713568000026 ], [ -6.631228971999974, 40.059005327000079 ], [ -6.632099963999963, 40.05349194300004 ], [ -6.619630854999969, 40.033415379000076 ], [ -6.628089776999957, 40.028669777000061 ], [ -6.627104580999969, 40.022315177000053 ], [ -6.65100949999993, 40.017062999000075 ], [ -6.680967695999925, 40.014498684000046 ], [ -6.691932210999937, 39.996197449000078 ], [ -6.683833291999974, 39.978382769000063 ], [ -6.709232023999959, 39.952156510000066 ], [ -6.717255113999954, 39.950799827000026 ], [ -6.733253629999979, 39.939631827000028 ], [ -6.736714499999948, 39.930656499000065 ], [ -6.733831, 39.917431499000031 ], [ -6.720521158999929, 39.908378478000031 ], [ -6.719594, 39.90504099900005 ], [ -6.723582, 39.903568499000073 ] ] ] } },
{ "type": "Feature", "properties": { "code": "10129", "name": "Morcillo" }, "geometry": { "type": "Polygon", "coordinates": [ [ [ -6.397123499999964, 39.960273999000037 ], [ -6.399939499999959, 39.959937999000033 ], [ -6.398976109999978, 39.96476498100003 ], [ -6.404280692999976, 39.970798495000054 ], [ -6.42977549099993, 39.98067913400007 ], [ -6.419809873999952, 39.994816826000033 ], [ -6.423596499999974, 40.007571999000049 ], [ -6.415225694999947, 40.011321643000031 ], [ -6.420838463999928, 40.025367574000029 ], [ -6.419241478999936, 40.03126194400005 ], [ -6.40259, 40.036914999000032 ], [ -6.393915558999936, 40.026360363000038 ], [ -6.391730779999932, 40.015971395000065 ], [ -6.398861923999959, 40.00429794300004 ], [ -6.393468169999949, 39.990894203000039 ], [ -6.39226975899993, 39.975491907000048 ], [ -6.397123499999964, 39.960273999000037 ] ] ] } },
{ "type": "Feature", "properties": { "code": "10130", "name": "Navaconcejo" }, "geometry": { "type": "Polygon", "coordinates": [ [ [ -5.901674499999956, 40.198279999000079 ], [ -5.888737, 40.21201699900007 ], [ -5.884977, 40.212012999000081 ], [ -5.881128579999938, 40.209231875000057 ], [ -5.860885516999929, 40.207208452000032 ], [ -5.833945540999935, 40.193464636000044 ], [ -5.822734409999953, 40.19136297600005 ], [ -5.811194476999958, 40.179555873000027 ], [ -5.79845, 40.155875999000045 ], [ -5.808020878999969, 40.152552257000025 ], [ -5.811471697999934, 40.146636135000051 ], [ -5.816751238999927, 40.144454192000069 ], [ -5.828374705999977, 40.144535868000048 ], [ -5.83720223499995, 40.140320760000066 ], [ -5.847235615999978, 40.142302425000025 ], [ -5.868291499999941, 40.135852999000065 ], [ -5.877943, 40.147604499000067 ], [ -5.88065616199998, 40.154511242000069 ], [ -5.886762375999979, 40.159065741000063 ], [ -5.919617367999933, 40.16716307400003 ], [ -5.901674499999956, 40.198279999000079 ] ] ] } },
{ "type": "Feature", "properties": { "code": "10131", "name": "Navalmoral de la Mata" }, "geometry": { "type": "Polygon", "coordinates": [ [ [ -5.521077, 39.861133499000061 ], [ -5.525216691999958, 39.863128663000055 ], [ -5.559137410999938, 39.866893258000061 ], [ -5.574216818999957, 39.87864238800006 ], [ -5.590654, 39.868034499000032 ], [ -5.606344713999931, 39.876153492000071 ], [ -5.624542205999944, 39.880350344000078 ], [ -5.634684499999935, 39.88736349900006 ], [ -5.616728114999944, 39.916734632000043 ], [ -5.619610786999942, 39.933904614000028 ], [ -5.617091714999958, 39.940799463000076 ], [ -5.631718065999962, 39.950200967000058 ], [ -5.652657107999971, 39.958072930000071 ], [ -5.669731051999975, 39.959856082000044 ], [ -5.672932514999957, 39.963043220000031 ], [ -5.668774261999943, 39.97752491500006 ], [ -5.65475109199997, 39.977044113000034 ], [ -5.648464499999932, 39.97396849900008 ], [ -5.632251383999971, 39.968975270000044 ], [ -5.603042115999926, 39.969337799000073 ], [ -5.589508795999961, 39.973932509000065 ], [ -5.583828381999979, 39.980902998000033 ], [ -5.57585510499996, 39.983859776000031 ], [ -5.563233797999942, 39.999333755000066 ], [ -5.535570370999949, 39.995317924000062 ], [ -5.516782499999977, 39.99765099900003 ], [ -5.508948499999974, 39.995775999000045 ], [ -5.509274423999955, 39.98948553300005 ], [ -5.49945656899996, 39.973022264000065 ], [ -5.478266760999929, 39.958399001000032 ], [ -5.471902, 39.943240999000068 ], [ -5.475857273999964, 39.932305452000037 ], [ -5.492728633999945, 39.921352972000079 ], [ -5.492555779999975, 39.907787398000039 ], [ -5.487912991999963, 39.894102445000044 ], [ -5.489291747999971, 39.883164321000038 ], [ -5.496851008999954, 39.878287279000062 ], [ -5.51245036399996, 39.87494896100003 ], [ -5.518131424999979, 39.86490518100004 ], [ -5.521077, 39.861133499000061 ] ] ] } },
{ "type": "Feature", "properties": { "code": "10132", "name": "Navalvillar de Ibor" }, "geometry": { "type": "Polygon", "coordinates": [ [ [ -5.445446499999946, 39.59437949900007 ], [ -5.446715, 39.595992999000032 ], [ -5.432732130999966, 39.60272180000004 ], [ -5.41754463999996, 39.601741126000036 ], [ -5.40149616399998, 39.610485674000074 ], [ -5.387153394999928, 39.609025048000035 ], [ -5.363043049999931, 39.624053229000026 ], [ -5.33955564799993, 39.631557466000061 ], [ -5.329227499999945, 39.655406999000036 ], [ -5.324437228999955, 39.63411063500007 ], [ -5.325732086999949, 39.62260834600005 ], [ -5.337977398999953, 39.602168310000025 ], [ -5.353593295999929, 39.591953026000056 ], [ -5.354204591999974, 39.582153032000065 ], [ -5.351268749999974, 39.574124981000068 ], [ -5.362243531999979, 39.567102681000051 ], [ -5.370112080999945, 39.553037189000065 ], [ -5.387019726999938, 39.538475907000077 ], [ -5.403074499999946, 39.530773499000077 ], [ -5.412023434999981, 39.551356995000049 ], [ -5.42287349999998, 39.562152999000034 ], [ -5.436497713999927, 39.585305081000058 ], [ -5.445446499999946, 39.59437949900007 ] ] ] } },
{ "type": "Feature", "properties": { "code": "10133", "name": "Navas del Madroño" }, "geometry": { "type": "Polygon", "coordinates": [ [ [ -6.693201, 39.708490999000048 ], [ -6.655592497999976, 39.705298466000045 ], [ -6.639554827999973, 39.709240659000045 ], [ -6.613953636999952, 39.706761038000025 ], [ -6.602880499999969, 39.709504499000047 ], [ -6.598136931999932, 39.70283921500004 ], [ -6.597295175999932, 39.693144990000064 ], [ -6.605520061999925, 39.681638572000054 ], [ -6.60701714399994, 39.672256601000072 ], [ -6.606290154999954, 39.660481870000069 ], [ -6.600394887999926, 39.652253786000074 ], [ -6.60131841499998, 39.642612926000027 ], [ -6.575000977999935, 39.620068859000071 ], [ -6.564589499999954, 39.616264499000067 ], [ -6.566118499999959, 39.612236499000062 ], [ -6.570583, 39.610744499000077 ], [ -6.588105482999936, 39.598413872000037 ], [ -6.608306186999926, 39.592708501000061 ], [ -6.623937, 39.573596999000074 ], [ -6.63875749999994, 39.583030499000074 ], [ -6.679516, 39.604243999000062 ], [ -6.697503499999925, 39.615562499000077 ], [ -6.6985, 39.620097999000052 ], [ -6.699037499999974, 39.631061499000054 ], [ -6.697370499999977, 39.647845999000026 ], [ -6.69754249999994, 39.655029499000079 ], [ -6.695850499999949, 39.66262049900007 ], [ -6.693201, 39.708490999000048 ] ] ] } },
{ "type": "Feature", "properties": { "code": "10134", "name": "Navezuelas" }, "geometry": { "type": "Polygon", "coordinates": [ [ [ -5.382402, 39.467395999000075 ], [ -5.396538859999964, 39.470854041000052 ], [ -5.403644830999951, 39.466715245000046 ], [ -5.41378977599993, 39.454844107000042 ], [ -5.426427499999932, 39.449592499000062 ], [ -5.464374113999952, 39.494410108000068 ], [ -5.473964470999931, 39.512179202000027 ], [ -5.485575091999976, 39.51952979400005 ], [ -5.479900080999926, 39.525625841000078 ], [ -5.42287349999998, 39.562152999000034 ], [ -5.412023434999981, 39.551356995000049 ], [ -5.403074499999946, 39.530773499000077 ], [ -5.391349447999971, 39.510481007000067 ], [ -5.385578334999934, 39.482786267000051 ], [ -5.377359, 39.471938999000031 ], [ -5.377090499999952, 39.469169499000031 ], [ -5.382402, 39.467395999000075 ] ] ] } },
{ "type": "Feature", "properties": { "code": "10135", "name": "Nuñomoral" }, "geometry": { "type": "Polygon", "coordinates": [ [ [ -6.300068, 40.377464499000041 ], [ -6.31030885399997, 40.384799002000079 ], [ -6.331943734999925, 40.381002617000036 ], [ -6.344467638999959, 40.398210397000071 ], [ -6.361914499999955, 40.40713499900005 ], [ -6.361502, 40.415412999000068 ], [ -6.335261704999937, 40.425960896000049 ], [ -6.30258222599997, 40.422982061000027 ], [ -6.286142512999959, 40.42664435100005 ], [ -6.265208880999978, 40.43870858400004 ], [ -6.266501, 40.446578499000054 ], [ -6.246605623999926, 40.451442019000069 ], [ -6.237302032999935, 40.450091020000059 ], [ -6.196370826999953, 40.427645226000038 ], [ -6.18220518399994, 40.425177421000058 ], [ -6.177527988999941, 40.408266734000051 ], [ -6.157946639999977, 40.407613927000057 ], [ -6.156196, 40.401920999000026 ], [ -6.19555278699994, 40.366759372000047 ], [ -6.20508046599997, 40.372187849000056 ], [ -6.223435061999965, 40.371843535000039 ], [ -6.235749773999942, 40.375948994000055 ], [ -6.258334136999963, 40.370454922000079 ], [ -6.285147793999954, 40.378747444000055 ], [ -6.300068, 40.377464499000041 ] ] ] } },
{ "type": "Feature", "properties": { "code": "10136", "name": "Oliva de Plasencia" }, "geometry": { "type": "Polygon", "coordinates": [ [ [ -6.07324449999993, 40.171756999000024 ], [ -6.07398664599998, 40.162963329000036 ], [ -6.068900341999949, 40.14977835600007 ], [ -6.05226857699995, 40.129915118000042 ], [ -6.054831304999936, 40.123784800000067 ], [ -6.053333763999944, 40.116948269000034 ], [ -6.037036, 40.111770499000045 ], [ -6.029459333999966, 40.105531190000079 ], [ -6.03290949999996, 40.095744999000033 ], [ -6.043197764999945, 40.089775014000054 ], [ -6.06078563799997, 40.086709871000039 ], [ -6.07110530999995, 40.080093780000027 ], [ -6.090161361999947, 40.081151328000033 ], [ -6.117207759999928, 40.057192332000056 ], [ -6.124595403999933, 40.057331812000029 ], [ -6.132063672999948, 40.065675223000028 ], [ -6.147999962999961, 40.07602036600008 ], [ -6.158708633999936, 40.088810930000079 ], [ -6.183067499999936, 40.090133499000046 ], [ -6.177272, 40.112022499000034 ], [ -6.170797499999935, 40.119621499000061 ], [ -6.156816499999934, 40.131099499000072 ], [ -6.107654499999967, 40.162658499000031 ], [ -6.09755, 40.16814449900005 ], [ -6.081606499999964, 40.168670499000029 ], [ -6.07324449999993, 40.171756999000024 ] ] ] } },
{ "type": "Feature", "properties": { "code": "10137", "name": "Palomero" }, "geometry": { "type": "Polygon", "coordinates": [ [ [ -6.281885, 40.230030499000065 ], [ -6.30668359699996, 40.228296274000058 ], [ -6.317303439999932, 40.249290654000049 ], [ -6.323523499999965, 40.25292599900007 ], [ -6.314222196999935, 40.251909865000073 ], [ -6.296867, 40.260760499000071 ], [ -6.277620731999946, 40.257617843000048 ], [ -6.26441084399994, 40.263966185000072 ], [ -6.258587, 40.269565499000066 ], [ -6.236232, 40.248088499000062 ], [ -6.239732432999972, 40.243646474000059 ], [ -6.235833467999953, 40.235295414000063 ], [ -6.281885, 40.230030499000065 ] ] ] } },
{ "type": "Feature", "properties": { "code": "10138", "name": "Pasarón de la Vera" }, "geometry": { "type": "Polygon", "coordinates": [ [ [ -5.799230499999965, 40.062186999000062 ], [ -5.792554518999964, 40.055744515000072 ], [ -5.796688806999953, 40.043282650000037 ], [ -5.791022837999947, 40.033604293000053 ], [ -5.794730327999957, 40.023364064000077 ], [ -5.78543, 40.009727499000064 ], [ -5.783300013999963, 39.988243718000035 ], [ -5.831121499999938, 39.976398499000027 ], [ -5.835230920999948, 39.982576969000036 ], [ -5.828712249999967, 40.001531238000041 ], [ -5.831247969999936, 40.009874253000078 ], [ -5.83656541299996, 40.019624434000036 ], [ -5.850923499999965, 40.031886999000051 ], [ -5.848484934999931, 40.040064233000066 ], [ -5.838456460999964, 40.048331289000032 ], [ -5.835966069999927, 40.055665825000062 ], [ -5.830356463999976, 40.060354781000058 ], [ -5.83048772099994, 40.064017263000039 ], [ -5.836078972999928, 40.069552067000075 ], [ -5.835389499999962, 40.072738499000025 ], [ -5.82501145599997, 40.071870825000076 ], [ -5.82101549999993, 40.076434999000071 ], [ -5.808679, 40.069598499000051 ], [ -5.799230499999965, 40.062186999000062 ] ] ] } },
{ "type": "Feature", "properties": { "code": "10139", "name": "Pedroso de Acim" }, "geometry": { "type": "Polygon", "coordinates": [ [ [ -6.437984788999927, 39.86490518100004 ], [ -6.435441116999925, 39.86490518100004 ], [ -6.434218703999932, 39.867752387000053 ], [ -6.438668205999932, 39.873441999000079 ], [ -6.42393978399997, 39.879455499000073 ], [ -6.427945443999931, 39.887091435000059 ], [ -6.424394018999976, 39.891785624000079 ], [ -6.397260499999959, 39.896365999000068 ], [ -6.391153119999956, 39.893333225000049 ], [ -6.390111600999944, 39.883003957000028 ], [ -6.375531499999965, 39.868682999000043 ], [ -6.377517499999954, 39.866534999000066 ], [ -6.376372404999927, 39.86490518100004 ], [ -6.390814527999964, 39.844859811000049 ], [ -6.388225791999957, 39.836614722000036 ], [ -6.382145127999934, 39.831200596000031 ], [ -6.382320383999968, 39.818470741000056 ], [ -6.390836212999943, 39.810470975000044 ], [ -6.408254755999963, 39.806094256000051 ], [ -6.420717, 39.80716299900007 ], [ -6.428101861999949, 39.822975842000062 ], [ -6.413389663999965, 39.846511316000033 ], [ -6.437984788999927, 39.86490518100004 ] ] ] } },
{ "type": "Feature", "properties": { "code": "10140", "name": "Peraleda de la Mata" }, "geometry": { "type": "Polygon", "coordinates": [ [ [ -5.406153, 39.877772999000058 ], [ -5.407221521999929, 39.86490518100004 ], [ -5.420949243999928, 39.852662880000025 ], [ -5.433602117999953, 39.847968391000052 ], [ -5.442395365999971, 39.83867635200005 ], [ -5.435932254999955, 39.816820002000043 ], [ -5.411865191999937, 39.825648475000037 ], [ -5.408054, 39.806720999000049 ], [ -5.43953094099993, 39.801094678000027 ], [ -5.448823447999928, 39.809851325000068 ], [ -5.493914, 39.807285999000044 ], [ -5.490049781999971, 39.826355919000036 ], [ -5.508212577999927, 39.847380605000069 ], [ -5.519702312999925, 39.852152165000064 ], [ -5.526142499999935, 39.851356499000076 ], [ -5.524898499999949, 39.858241999000029 ], [ -5.521077, 39.861133499000061 ], [ -5.518131424999979, 39.86490518100004 ], [ -5.51245036399996, 39.87494896100003 ], [ -5.496851008999954, 39.878287279000062 ], [ -5.489291747999971, 39.883164321000038 ], [ -5.487912991999963, 39.894102445000044 ], [ -5.492555779999975, 39.907787398000039 ], [ -5.492728633999945, 39.921352972000079 ], [ -5.475857273999964, 39.932305452000037 ], [ -5.471902, 39.943240999000068 ], [ -5.457745537999926, 39.936028975000056 ], [ -5.44047011899994, 39.931945063000057 ], [ -5.439343256999962, 39.919307870000068 ], [ -5.434548838999945, 39.912613641000064 ], [ -5.401121499999931, 39.885703999000043 ], [ -5.406153, 39.877772999000058 ] ] ] } },
{ "type": "Feature", "properties": { "code": "10141", "name": "Peraleda de San Román" }, "geometry": { "type": "Polygon", "coordinates": [ [ [ -5.352117, 39.79542899900008 ], [ -5.353972270999975, 39.787375341000029 ], [ -5.339885509999931, 39.775708799000029 ], [ -5.328634, 39.771262999000044 ], [ -5.355563633999964, 39.744446546000063 ], [ -5.35863771399994, 39.736388545000068 ], [ -5.368421994999949, 39.726429106000069 ], [ -5.379577289999929, 39.708587996000063 ], [ -5.390289964999965, 39.702313685000036 ], [ -5.409312, 39.697780499000032 ], [ -5.414251198999978, 39.705867380000029 ], [ -5.440878583999961, 39.725042623000036 ], [ -5.438887704999956, 39.740448997000044 ], [ -5.441445499999929, 39.746169999000074 ], [ -5.439296178999939, 39.756198635000032 ], [ -5.433983392999949, 39.763247816000046 ], [ -5.418637358999945, 39.762704676000055 ], [ -5.399506076999955, 39.780485084000077 ], [ -5.39512013999996, 39.789262345000054 ], [ -5.379395733999957, 39.797156547000043 ], [ -5.372738, 39.808234999000035 ], [ -5.352117, 39.79542899900008 ] ] ] } },
{ "type": "Feature", "properties": { "code": "10142", "name": "Perales del Puerto" }, "geometry": { "type": "Polygon", "coordinates": [ [ [ -6.727049, 40.13319799900006 ], [ -6.724873267999953, 40.136102043000051 ], [ -6.72546080099994, 40.140913781000052 ], [ -6.724415381999961, 40.143116506000069 ], [ -6.715901808999945, 40.147953033000078 ], [ -6.706649677999962, 40.150883038000075 ], [ -6.700574468999946, 40.155072135000069 ], [ -6.692996, 40.171420999000077 ], [ -6.680951689999972, 40.176192542000081 ], [ -6.674763499999926, 40.184726499000078 ], [ -6.662203059999968, 40.165058953000027 ], [ -6.660522577999927, 40.150399597000046 ], [ -6.662832599999945, 40.136072544000058 ], [ -6.650551, 40.11662349900007 ], [ -6.652218, 40.109626999000056 ], [ -6.681520374999934, 40.110863282000025 ], [ -6.710466357999962, 40.101851281000052 ], [ -6.719824678999942, 40.104697943000076 ], [ -6.728265, 40.102168999000071 ], [ -6.727049, 40.13319799900006 ] ] ] } },
{ "type": "Feature", "properties": { "code": "10143", "name": "Pescueza" }, "geometry": { "type": "MultiPolygon", "coordinates": [ [ [ [ -6.581774, 39.825854999000057 ], [ -6.59844918999994, 39.837814172000037 ], [ -6.637229453999964, 39.848679974000049 ], [ -6.6487, 39.855045499000028 ], [ -6.634107731999961, 39.86490518100004 ], [ -6.627185986999962, 39.870740133000027 ], [ -6.623765940999931, 39.884686074000058 ], [ -6.639800830999945, 39.901974071000041 ], [ -6.655296087999943, 39.911774816000047 ], [ -6.658994838999945, 39.931340677000037 ], [ -6.662243, 39.935764499000072 ], [ -6.652975, 39.938815999000042 ], [ -6.648977499999944, 39.941074499000081 ], [ -6.640938, 39.942165499000055 ], [ -6.634505499999932, 39.941341499000032 ], [ -6.628111, 39.942558499000029 ], [ -6.623405488999936, 39.938032537000026 ], [ -6.621343011999954, 39.930673068000033 ], [ -6.610343175999958, 39.924517037000044 ], [ -6.595106894999958, 39.878382545000079 ], [ -6.586165576999974, 39.873650289000068 ], [ -6.580022327999927, 39.86490518100004 ], [ -6.561321534999934, 39.850387582000053 ], [ -6.55447167899996, 39.836296313000048 ], [ -6.55718767299993, 39.832839210000031 ], [ -6.581774, 39.825854999000057 ] ] ], [ [ [ -6.692056499999978, 39.927108999000041 ], [ -6.688092499999925, 39.92410299900007 ], [ -6.695842881999965, 39.91646309500004 ], [ -6.719594, 39.90504099900005 ], [ -6.720521158999929, 39.908378478000031 ], [ -6.733831, 39.917431499000031 ], [ -6.722229499999969, 39.920459999000059 ], [ -6.712166499999967, 39.918937499000037 ], [ -6.692056499999978, 39.927108999000041 ] ] ] ] } },
{ "type": "Feature", "properties": { "code": "10144", "name": "Pesga, La" }, "geometry": { "type": "Polygon", "coordinates": [ [ [ -6.201157499999965, 40.31565099900007 ], [ -6.200877784999932, 40.320136096000056 ], [ -6.181972516999963, 40.331788642000049 ], [ -6.156076214999928, 40.331241781000074 ], [ -6.132063672999948, 40.32618339000004 ], [ -6.127167499999928, 40.315540499000065 ], [ -6.122870499999976, 40.309665499000062 ], [ -6.123002499999927, 40.304107499000054 ], [ -6.12436, 40.298873999000079 ], [ -6.123772, 40.291701999000054 ], [ -6.124258499999939, 40.28673199900004 ], [ -6.126288, 40.286578999000028 ], [ -6.132063672999948, 40.283987269000079 ], [ -6.145026112999972, 40.289904106000051 ], [ -6.160128089999944, 40.314210411000033 ], [ -6.174716376999925, 40.309923823000076 ], [ -6.175603499999966, 40.305141499000058 ], [ -6.194867884999951, 40.304784514000062 ], [ -6.201157499999965, 40.31565099900007 ] ] ] } },
{ "type": "Feature", "properties": { "code": "10145", "name": "Piedras Albas" }, "geometry": { "type": "Polygon", "coordinates": [ [ [ -6.957845254999938, 39.789114457000039 ], [ -6.953076962999944, 39.793821241000046 ], [ -6.93393896699996, 39.789659860000029 ], [ -6.926571129999957, 39.792547515000081 ], [ -6.920973352999965, 39.789461775000063 ], [ -6.920156230999964, 39.785147116000076 ], [ -6.927221164999935, 39.776163860000054 ], [ -6.942481788999942, 39.779100404000076 ], [ -6.95270572499993, 39.775544338000032 ], [ -6.957845254999938, 39.789114457000039 ] ] ] } },
{ "type": "Feature", "properties": { "code": "10146", "name": "Pinofranqueado" }, "geometry": { "type": "Polygon", "coordinates": [ [ [ -6.336299499999939, 40.278918999000041 ], [ -6.351867499999969, 40.281520999000065 ], [ -6.360455257999945, 40.284548521000033 ], [ -6.365258402999928, 40.290932091000059 ], [ -6.380428988999938, 40.290457461000074 ], [ -6.424571545999981, 40.273098556000036 ], [ -6.454855694999935, 40.27153809400005 ], [ -6.470552, 40.252334499000028 ], [ -6.481801, 40.250736499000027 ], [ -6.484550827999954, 40.253627582000036 ], [ -6.484775499999955, 40.262859499000058 ], [ -6.467680630999951, 40.283217426000078 ], [ -6.456357499999967, 40.304347999000072 ], [ -6.458425563999981, 40.318628064000052 ], [ -6.449234843999932, 40.331657113000063 ], [ -6.442741615999978, 40.349201183000048 ], [ -6.434223927999938, 40.356148339000072 ], [ -6.438363, 40.372821999000053 ], [ -6.439491301999965, 40.381185858000038 ], [ -6.418747879999955, 40.398898363000058 ], [ -6.406206603999976, 40.401973598000041 ], [ -6.393567274999953, 40.399208532000046 ], [ -6.375854634999939, 40.400582736000047 ], [ -6.361914499999955, 40.40713499900005 ], [ -6.344467638999959, 40.398210397000071 ], [ -6.331943734999925, 40.381002617000036 ], [ -6.31030885399997, 40.384799002000079 ], [ -6.300068, 40.377464499000041 ], [ -6.306870249999974, 40.37277793800007 ], [ -6.311827039999969, 40.362457361000054 ], [ -6.320761647999973, 40.354370373000052 ], [ -6.320070344999976, 40.342237818000058 ], [ -6.322987197999964, 40.332707031000041 ], [ -6.309115123999959, 40.317511517000071 ], [ -6.322810318999927, 40.306062058000066 ], [ -6.325439499999959, 40.299674999000047 ], [ -6.333838098999934, 40.296996684000078 ], [ -6.336299499999939, 40.278918999000041 ] ] ] } },
{ "type": "Feature", "properties": { "code": "10147", "name": "Piornal" }, "geometry": { "type": "Polygon", "coordinates": [ [ [ -5.82101549999993, 40.076434999000071 ], [ -5.82501145599997, 40.071870825000076 ], [ -5.835389499999962, 40.072738499000025 ], [ -5.855783499999973, 40.080707499000027 ], [ -5.859157262999929, 40.094240352000043 ], [ -5.887713499999961, 40.098953999000059 ], [ -5.88077607699995, 40.100253145000067 ], [ -5.878402312999981, 40.09961572900005 ], [ -5.873992083999951, 40.105308539000077 ], [ -5.876627130999964, 40.107995801000072 ], [ -5.879057152999962, 40.115740815000038 ], [ -5.878205587999958, 40.121934597000063 ], [ -5.87638, 40.124797499000067 ], [ -5.866405721999968, 40.132921083000042 ], [ -5.868291499999941, 40.135852999000065 ], [ -5.847235615999978, 40.142302425000025 ], [ -5.83720223499995, 40.140320760000066 ], [ -5.828374705999977, 40.144535868000048 ], [ -5.816751238999927, 40.144454192000069 ], [ -5.811471697999934, 40.146636135000051 ], [ -5.808020878999969, 40.152552257000025 ], [ -5.79845, 40.155875999000045 ], [ -5.785067499999968, 40.15618149900007 ], [ -5.794147210999938, 40.137512246000028 ], [ -5.818208871999957, 40.114197482000066 ], [ -5.815614984999968, 40.102859807000073 ], [ -5.823756448999973, 40.094892200000061 ], [ -5.828706958999931, 40.082931338000037 ], [ -5.82101549999993, 40.076434999000071 ] ] ] } },
{ "type": "Feature", "properties": { "code": "10148", "name": "Plasencia" }, "geometry": { "type": "Polygon", "coordinates": [ [ [ -6.305349, 39.87866199900003 ], [ -6.282423733999963, 39.894620877000079 ], [ -6.265980035999974, 39.930612846000031 ], [ -6.264753708999933, 39.949345426000036 ], [ -6.253595192999967, 39.96846 ], [ -6.190241258999947, 40.046352478000074 ], [ -6.194295560999933, 40.058823327000027 ], [ -6.19341133699993, 40.077712584000039 ], [ -6.183067499999936, 40.090133499000046 ], [ -6.158708633999936, 40.088810930000079 ], [ -6.147999962999961, 40.07602036600008 ], [ -6.132063672999948, 40.065675223000028 ], [ -6.124595403999933, 40.057331812000029 ], [ -6.117207759999928, 40.057192332000056 ], [ -6.090161361999947, 40.081151328000033 ], [ -6.07110530999995, 40.080093780000027 ], [ -6.06078563799997, 40.086709871000039 ], [ -6.043197764999945, 40.089775014000054 ], [ -6.03290949999996, 40.095744999000033 ], [ -6.015100152999935, 40.086353921000068 ], [ -6.000956, 40.085212999000078 ], [ -5.985345166999934, 40.079397502000063 ], [ -5.976700499999936, 40.070579499000075 ], [ -5.980048, 40.069117999000071 ], [ -5.980290499999967, 40.06472399900008 ], [ -5.997761173999947, 40.052947757000027 ], [ -6.016863093999973, 40.032280730000025 ], [ -6.032907492999925, 40.03174903300004 ], [ -6.039851546999955, 40.023034566000035 ], [ -6.041061777999971, 40.01518470700006 ], [ -6.053014254999937, 40.012853734000032 ], [ -6.066913489999934, 40.014373018000072 ], [ -6.081115904999933, 40.001786353000057 ], [ -6.106074538999962, 39.986721171000056 ], [ -6.125503540999944, 39.981355061000045 ], [ -6.12754678999994, 39.976688430000024 ], [ -6.132063672999948, 39.976040056000045 ], [ -6.144535050999934, 39.969495020000068 ], [ -6.170725496999978, 39.963564443000053 ], [ -6.206094393999933, 39.939321362000044 ], [ -6.242247349999957, 39.919330211000045 ], [ -6.252288710999949, 39.910879139000031 ], [ -6.266032252999935, 39.892830883000045 ], [ -6.296823, 39.87008699900008 ], [ -6.305349, 39.87866199900003 ] ] ] } },
{ "type": "Feature", "properties": { "code": "10149", "name": "Plasenzuela" }, "geometry": { "type": "Polygon", "coordinates": [ [ [ -6.040835499999957, 39.332969499000058 ], [ -6.046159, 39.339336499000069 ], [ -6.071104870999932, 39.353541439000026 ], [ -6.074061299999926, 39.359127317000059 ], [ -6.085024499999975, 39.367111499000032 ], [ -6.08129228599995, 39.377020046000041 ], [ -6.090374835999967, 39.384107837000045 ], [ -6.086456945999942, 39.386351675000071 ], [ -6.091612459999965, 39.389295667000056 ], [ -6.093368993999945, 39.394556229000045 ], [ -6.085678306999966, 39.399378519000038 ], [ -6.090592028999936, 39.404030990000081 ], [ -6.084567, 39.405441499000062 ], [ -6.061838973999954, 39.408142582000039 ], [ -6.038415563999934, 39.393245813000078 ], [ -6.032183742999962, 39.38610422000005 ], [ -6.029263361999938, 39.376379198000052 ], [ -5.991939499999944, 39.375320499000054 ], [ -5.989167, 39.371787999000048 ], [ -6.000709196999935, 39.366786178000041 ], [ -6.003323, 39.351962999000079 ], [ -6.021287522999955, 39.345188582000048 ], [ -6.035709830999963, 39.345292100000052 ], [ -6.035132534999946, 39.33689344000004 ], [ -6.040835499999957, 39.332969499000058 ] ] ] } },
{ "type": "Feature", "properties": { "code": "10150", "name": "Portaje" }, "geometry": { "type": "Polygon", "coordinates": [ [ [ -6.601333, 39.956714499000043 ], [ -6.576169225999934, 39.961540946000071 ], [ -6.556571966999968, 39.958086617000049 ], [ -6.558398242999942, 39.944614096000066 ], [ -6.556323816999964, 39.940322434000052 ], [ -6.53716507799993, 39.940370039000072 ], [ -6.532903866999959, 39.931893037000066 ], [ -6.521120499999938, 39.928100499000038 ], [ -6.519928580999931, 39.914066954000077 ], [ -6.539528641999937, 39.891065444000049 ], [ -6.536005115999956, 39.885833980000029 ], [ -6.527667528999928, 39.88491128000004 ], [ -6.51364007899997, 39.85356889500008 ], [ -6.503846499999952, 39.846996499000056 ], [ -6.508960015999946, 39.82484888700003 ], [ -6.516656805999958, 39.812138552000079 ], [ -6.537216339999929, 39.798198669000044 ], [ -6.551737, 39.795596999000054 ], [ -6.558712003999972, 39.795808700000066 ], [ -6.579659975999959, 39.808964094000032 ], [ -6.582503958999951, 39.814568800000075 ], [ -6.581774, 39.825854999000057 ], [ -6.55718767299993, 39.832839210000031 ], [ -6.55447167899996, 39.836296313000048 ], [ -6.561321534999934, 39.850387582000053 ], [ -6.580022327999927, 39.86490518100004 ], [ -6.586165576999974, 39.873650289000068 ], [ -6.595106894999958, 39.878382545000079 ], [ -6.610343175999958, 39.924517037000044 ], [ -6.621343011999954, 39.930673068000033 ], [ -6.623405488999936, 39.938032537000026 ], [ -6.628111, 39.942558499000029 ], [ -6.601333, 39.956714499000043 ] ] ] } },
{ "type": "Feature", "properties": { "code": "10151", "name": "Portezuelo" }, "geometry": { "type": "Polygon", "coordinates": [ [ [ -6.44373, 39.770572499000025 ], [ -6.452347180999936, 39.765333055000042 ], [ -6.485384916999976, 39.758248851000076 ], [ -6.50687994599997, 39.762140746000057 ], [ -6.525265791999971, 39.760560265000038 ], [ -6.543780319999939, 39.754985627000053 ], [ -6.547585182999967, 39.747803216000079 ], [ -6.545858860999942, 39.742281134000052 ], [ -6.555652803999976, 39.742205299000034 ], [ -6.569817468999929, 39.731694688000061 ], [ -6.581926786999929, 39.727525872000058 ], [ -6.593032784999934, 39.732501719000027 ], [ -6.604354, 39.72122149900008 ], [ -6.612073487999965, 39.731321519000062 ], [ -6.628255754999941, 39.73590202400004 ], [ -6.630989693999936, 39.744361587000071 ], [ -6.647308499999951, 39.761857999000028 ], [ -6.627696396999966, 39.759974244000034 ], [ -6.61465666099997, 39.774778771000058 ], [ -6.596259732999954, 39.763588367000068 ], [ -6.579418063999981, 39.781445819000055 ], [ -6.55589454099993, 39.786544511000045 ], [ -6.551737, 39.795596999000054 ], [ -6.537216339999929, 39.798198669000044 ], [ -6.516656805999958, 39.812138552000079 ], [ -6.508960015999946, 39.82484888700003 ], [ -6.503846499999952, 39.846996499000056 ], [ -6.497510020999925, 39.855602499000042 ], [ -6.495433659999946, 39.870843956000044 ], [ -6.492270016999953, 39.874231934000079 ], [ -6.474731942999938, 39.864560698000048 ], [ -6.453238925999926, 39.868485876000079 ], [ -6.437984788999927, 39.86490518100004 ], [ -6.413389663999965, 39.846511316000033 ], [ -6.428101861999949, 39.822975842000062 ], [ -6.420717, 39.80716299900007 ], [ -6.432774609999967, 39.809173669000074 ], [ -6.452834370999938, 39.805444784000031 ], [ -6.44110546099995, 39.785414404000051 ], [ -6.44373, 39.770572499000025 ] ] ] } },
{ "type": "Feature", "properties": { "code": "10152", "name": "Pozuelo de Zarzón" }, "geometry": { "type": "Polygon", "coordinates": [ [ [ -6.383494, 40.110625999000035 ], [ -6.391224, 40.117965999000035 ], [ -6.395445499999937, 40.117194999000048 ], [ -6.415249, 40.110854999000026 ], [ -6.42019449999998, 40.110320999000066 ], [ -6.418837499999938, 40.10359949900004 ], [ -6.440626, 40.099529499000027 ], [ -6.450880499999926, 40.112849999000048 ], [ -6.419054939999967, 40.144061411000052 ], [ -6.425101022999968, 40.150460975000044 ], [ -6.456752606999942, 40.153788553000027 ], [ -6.452371937999942, 40.167030709000073 ], [ -6.43906, 40.174792999000033 ], [ -6.414535958999977, 40.165589754000052 ], [ -6.394639831999939, 40.166509331000043 ], [ -6.385813499999927, 40.169833999000048 ], [ -6.369709499999942, 40.165664499000059 ], [ -6.356401499999947, 40.160087499000042 ], [ -6.359442, 40.155570999000076 ], [ -6.356507499999964, 40.142703999000048 ], [ -6.352875, 40.136115999000026 ], [ -6.347355499999935, 40.121223499000052 ], [ -6.345926499999962, 40.114330499000062 ], [ -6.349966, 40.111293499000055 ], [ -6.357591, 40.112731999000061 ], [ -6.361334499999941, 40.112270499000033 ], [ -6.364192499999945, 40.110530999000048 ], [ -6.383494, 40.110625999000035 ] ] ] } },
{ "type": "Feature", "properties": { "code": "10153", "name": "Puerto de Santa Cruz" }, "geometry": { "type": "Polygon", "coordinates": [ [ [ -5.906094499999938, 39.25936499900007 ], [ -5.901806281999939, 39.283938715000033 ], [ -5.896046987999966, 39.290100056000028 ], [ -5.89488991199994, 39.307231712000032 ], [ -5.878968231999977, 39.329804146000072 ], [ -5.870814669999959, 39.331692095000051 ], [ -5.847213718999967, 39.320202597000048 ], [ -5.828015021999931, 39.300696907000031 ], [ -5.81880149999995, 39.299834999000041 ], [ -5.834409985999969, 39.287137818000076 ], [ -5.835032, 39.278774499000065 ], [ -5.854139251999925, 39.282803345000048 ], [ -5.858479013999954, 39.271981656000037 ], [ -5.870631106999951, 39.268196654000064 ], [ -5.885132766999959, 39.256603827000049 ], [ -5.906094499999938, 39.25936499900007 ] ] ] } },
{ "type": "Feature", "properties": { "code": "10154", "name": "Rebollar" }, "geometry": { "type": "Polygon", "coordinates": [ [ [ -5.877943, 40.147604499000067 ], [ -5.901343996999969, 40.139181417000032 ], [ -5.918050135999977, 40.14667727300008 ], [ -5.922228682999958, 40.157904070000029 ], [ -5.950931499999967, 40.167873499000052 ], [ -5.928689127999974, 40.178986146000057 ], [ -5.912212499999953, 40.179355499000053 ], [ -5.919617367999933, 40.16716307400003 ], [ -5.886762375999979, 40.159065741000063 ], [ -5.88065616199998, 40.154511242000069 ], [ -5.877943, 40.147604499000067 ] ] ] } },
{ "type": "Feature", "properties": { "code": "10155", "name": "Riolobos" }, "geometry": { "type": "Polygon", "coordinates": [ [ [ -6.340996, 39.953021499000045 ], [ -6.308833343999936, 39.948113281000076 ], [ -6.298474499999941, 39.950514499000064 ], [ -6.292143126999974, 39.934733299000072 ], [ -6.284969643999943, 39.928363239000078 ], [ -6.269658, 39.922462499000062 ], [ -6.282423733999963, 39.894620877000079 ], [ -6.305349, 39.87866199900003 ], [ -6.311030077999931, 39.894774275000032 ], [ -6.322461484999963, 39.897568743000079 ], [ -6.335790456999973, 39.908389971000076 ], [ -6.346243919999949, 39.911396447000072 ], [ -6.351990024999964, 39.91744286200003 ], [ -6.352376712999956, 39.925129842000047 ], [ -6.369012032999933, 39.923594380000054 ], [ -6.372436681999943, 39.918589216000044 ], [ -6.400641, 39.907028499000035 ], [ -6.404877531999944, 39.913522820000026 ], [ -6.403145478999932, 39.935276920000035 ], [ -6.397811286999968, 39.955690534000041 ], [ -6.392553, 39.956847999000047 ], [ -6.384331698999972, 39.94493903800003 ], [ -6.378849, 39.941676999000038 ], [ -6.357300532999943, 39.94381515300006 ], [ -6.340996, 39.953021499000045 ] ] ] } },
{ "type": "Feature", "properties": { "code": "10156", "name": "Robledillo de Gata" }, "geometry": { "type": "Polygon", "coordinates": [ [ [ -6.456357499999967, 40.304347999000072 ], [ -6.464462211999944, 40.302487442000029 ], [ -6.480332768999972, 40.311568890000046 ], [ -6.506341498999973, 40.336590381000065 ], [ -6.516429, 40.354286499000068 ], [ -6.493485499999963, 40.362059999000053 ], [ -6.48589549999997, 40.363292499000067 ], [ -6.474769, 40.370166999000048 ], [ -6.467593499999964, 40.372371499000053 ], [ -6.463262, 40.372885999000061 ], [ -6.455377, 40.371150999000065 ], [ -6.45028949999994, 40.370918499000027 ], [ -6.438363, 40.372821999000053 ], [ -6.434223927999938, 40.356148339000072 ], [ -6.442741615999978, 40.349201183000048 ], [ -6.449234843999932, 40.331657113000063 ], [ -6.458425563999981, 40.318628064000052 ], [ -6.456357499999967, 40.304347999000072 ] ] ] } },
{ "type": "Feature", "properties": { "code": "10157", "name": "Robledillo de la Vera" }, "geometry": { "type": "Polygon", "coordinates": [ [ [ -5.568037499999946, 40.062373999000044 ], [ -5.573972414999957, 40.063965756000073 ], [ -5.582582697999953, 40.075928831000056 ], [ -5.598198891999971, 40.083868315000075 ], [ -5.613630085999944, 40.09991760500003 ], [ -5.603587, 40.102779499000064 ], [ -5.585921259999964, 40.10466470800003 ], [ -5.568818581999949, 40.100726290000068 ], [ -5.556838142999936, 40.092971361000025 ], [ -5.557994783999959, 40.074810602000071 ], [ -5.568037499999946, 40.062373999000044 ] ] ] } },
{ "type": "Feature", "properties": { "code": "10158", "name": "Robledillo de Trujillo" }, "geometry": { "type": "Polygon", "coordinates": [ [ [ -6.00673, 39.226413999000044 ], [ -6.017251314999953, 39.236799112000028 ], [ -6.022693206999975, 39.257388061000029 ], [ -6.007885, 39.274577499000031 ], [ -6.005264, 39.276168999000049 ], [ -6.007202, 39.278667499000051 ], [ -5.996874950999938, 39.29057915900006 ], [ -5.978668399999947, 39.292439391000073 ], [ -5.954129915999943, 39.304864166000073 ], [ -5.948757, 39.302917499000046 ], [ -5.94781203499997, 39.297899925000024 ], [ -5.934305336999955, 39.296079285000076 ], [ -5.926511801999936, 39.283164652000039 ], [ -5.928427590999945, 39.279719936000049 ], [ -5.938169800999958, 39.277009270000065 ], [ -5.946166, 39.241347999000027 ], [ -5.949701499999946, 39.237537499000041 ], [ -5.950888499999962, 39.234374999000067 ], [ -5.953611, 39.231872499000076 ], [ -5.957851499999947, 39.225837999000078 ], [ -5.983975095999938, 39.240445799000042 ], [ -5.987640792999969, 39.236019129000056 ], [ -6.00673, 39.226413999000044 ] ] ] } },
{ "type": "Feature", "properties": { "code": "10159", "name": "Robledollano" }, "geometry": { "type": "Polygon", "coordinates": [ [ [ -5.446715, 39.595992999000032 ], [ -5.445446499999946, 39.59437949900007 ], [ -5.460368433999975, 39.588752634000059 ], [ -5.472242674999961, 39.587735980000048 ], [ -5.483052745999942, 39.592908793000049 ], [ -5.49185386299996, 39.593589502000043 ], [ -5.531626917999972, 39.582049620000078 ], [ -5.57213349999995, 39.611262999000076 ], [ -5.579204051999966, 39.615543919000061 ], [ -5.591191736999974, 39.632571005000045 ], [ -5.581792918999952, 39.643170615000031 ], [ -5.581814918999953, 39.658032554000044 ], [ -5.574590151999928, 39.663211491000027 ], [ -5.566353, 39.676387999000042 ], [ -5.553116, 39.66581749900007 ], [ -5.54747563199993, 39.657107257000064 ], [ -5.529806429999951, 39.641269028000067 ], [ -5.521310237999955, 39.645913241000073 ], [ -5.515554667999936, 39.645394663000047 ], [ -5.500033735999978, 39.630516123000064 ], [ -5.49011102299994, 39.63428175100006 ], [ -5.480999499999939, 39.629263999000045 ], [ -5.446715, 39.595992999000032 ] ] ] } },
{ "type": "Feature", "properties": { "code": "10160", "name": "Romangordo" }, "geometry": { "type": "Polygon", "coordinates": [ [ [ -5.706464, 39.805026999000063 ], [ -5.697920471999964, 39.801894085000072 ], [ -5.698731927999972, 39.787044431000027 ], [ -5.694480239999962, 39.777107078000029 ], [ -5.672181526999964, 39.762308336000046 ], [ -5.667913304999956, 39.753578609000044 ], [ -5.683759177999946, 39.728853352000044 ], [ -5.686578833999931, 39.718822240000065 ], [ -5.694787, 39.71108999900008 ], [ -5.699683808999964, 39.711719831000039 ], [ -5.712638433999928, 39.722179376000042 ], [ -5.737382691999926, 39.759481136000034 ], [ -5.755105, 39.774768499000061 ], [ -5.745797699999969, 39.780111408000039 ], [ -5.736764894999965, 39.781500958000038 ], [ -5.725671000999967, 39.789022540000076 ], [ -5.724105375999955, 39.792193588000032 ], [ -5.72759, 39.800235999000051 ], [ -5.714111609999975, 39.805455882000047 ], [ -5.706464, 39.805026999000063 ] ] ] } },
{ "type": "Feature", "properties": { "code": "10161", "name": "Ruanes" }, "geometry": { "type": "Polygon", "coordinates": [ [ [ -6.003323, 39.351962999000079 ], [ -6.001984863999951, 39.346403076000058 ], [ -5.993223476999958, 39.346322560000033 ], [ -5.989532975999964, 39.343154404000074 ], [ -5.987243622999927, 39.33591774000007 ], [ -5.989897807999967, 39.330841030000045 ], [ -5.988882, 39.322677499000065 ], [ -6.004676144999962, 39.308070934000057 ], [ -6.008855050999955, 39.298526826000057 ], [ -6.013329499999941, 39.296950999000046 ], [ -6.020213703999957, 39.314006727000049 ], [ -6.040835499999957, 39.332969499000058 ], [ -6.035132534999946, 39.33689344000004 ], [ -6.035709830999963, 39.345292100000052 ], [ -6.021287522999955, 39.345188582000048 ], [ -6.003323, 39.351962999000079 ] ] ] } },
{ "type": "Feature", "properties": { "code": "10162", "name": "Salorino" }, "geometry": { "type": "Polygon", "coordinates": [ [ [ -7.094840499999975, 39.504300499000067 ], [ -7.08090137399995, 39.512438117000045 ], [ -7.055397132999929, 39.50355311900006 ], [ -7.038971003999961, 39.511582440000041 ], [ -7.007832723999968, 39.51791853900005 ], [ -6.995088086999942, 39.529095649000055 ], [ -6.98167049999995, 39.552871999000047 ], [ -6.972108109999965, 39.546112804000074 ], [ -6.967229241999974, 39.536650695000048 ], [ -6.960178429999928, 39.534149521000074 ], [ -6.958964413999979, 39.529697213000077 ], [ -6.944579229999931, 39.518320548000077 ], [ -6.94254, 39.513351499000066 ], [ -6.930951, 39.503959499000075 ], [ -6.937035409999964, 39.492755370000054 ], [ -6.93749192699994, 39.482287960000065 ], [ -6.93039457499998, 39.462205370000049 ], [ -6.913703319999968, 39.437176104000059 ], [ -6.921608550999963, 39.427608529000054 ], [ -6.926022499999931, 39.410178999000038 ], [ -6.935835499999939, 39.39687649900003 ], [ -6.977993130999948, 39.412721943000065 ], [ -6.982712054999979, 39.418411567000078 ], [ -6.994357635999961, 39.421660492000058 ], [ -6.99816921799993, 39.425536570000077 ], [ -7.03303722499993, 39.430582461000029 ], [ -7.048769499999935, 39.436661499000024 ], [ -7.092597913999953, 39.450919830000032 ], [ -7.125422188999949, 39.465432208000038 ], [ -7.09934523499993, 39.492534575000036 ], [ -7.094840499999975, 39.504300499000067 ] ] ] } },
{ "type": "Feature", "properties": { "code": "10163", "name": "Salvatierra de Santiago" }, "geometry": { "type": "Polygon", "coordinates": [ [ [ -6.040835499999957, 39.332969499000058 ], [ -6.020213703999957, 39.314006727000049 ], [ -6.013329499999941, 39.296950999000046 ], [ -6.012751956999978, 39.287494369000058 ], [ -6.005264, 39.276168999000049 ], [ -6.007885, 39.274577499000031 ], [ -6.029619801999957, 39.278409515000078 ], [ -6.042503603999933, 39.276086668000062 ], [ -6.056733201999975, 39.268745764000073 ], [ -6.069215, 39.254860499000074 ], [ -6.088331421999953, 39.278297416000044 ], [ -6.094019499999945, 39.280084499000054 ], [ -6.092521499999975, 39.283580999000037 ], [ -6.073871157999974, 39.293933461000051 ], [ -6.074380172999952, 39.300387502000035 ], [ -6.06603376299995, 39.307644534000076 ], [ -6.068489591999935, 39.315940992000037 ], [ -6.066285, 39.321031499000071 ], [ -6.058900317999928, 39.330490629000053 ], [ -6.046159, 39.339336499000069 ], [ -6.040835499999957, 39.332969499000058 ] ] ] } },
{ "type": "Feature", "properties": { "code": "10164", "name": "San Martín de Trevejo" }, "geometry": { "type": "Polygon", "coordinates": [ [ [ -6.755661, 40.238975499000048 ], [ -6.76510049999996, 40.231609499000058 ], [ -6.770447, 40.204280999000048 ], [ -6.776816708999945, 40.19977599200007 ], [ -6.867076499999939, 40.17180249900008 ], [ -6.866375791999928, 40.179857303000063 ], [ -6.871482871999945, 40.186234399000057 ], [ -6.886692499999981, 40.193362999000044 ], [ -6.86479942699998, 40.195627965000028 ], [ -6.833693169999947, 40.193273469000076 ], [ -6.797197066999956, 40.223090456000079 ], [ -6.778157, 40.245574999000041 ], [ -6.755661, 40.238975499000048 ] ] ] } },
{ "type": "Feature", "properties": { "code": "10165", "name": "Santa Ana" }, "geometry": { "type": "Polygon", "coordinates": [ [ [ -5.970228, 39.360088499000028 ], [ -5.967801694999935, 39.38054152400008 ], [ -5.943581478999931, 39.404917176000026 ], [ -5.912911539999925, 39.403689616000065 ], [ -5.920517124999947, 39.389040125000065 ], [ -5.931772782999928, 39.380363202000069 ], [ -5.941090714999973, 39.377050197000074 ], [ -5.945856760999959, 39.368680982000058 ], [ -5.955513583999959, 39.362469838000038 ], [ -5.95576091199996, 39.348290601000031 ], [ -5.958758865999926, 39.342286637000029 ], [ -5.951100351999969, 39.338190754000038 ], [ -5.958224045999941, 39.329551388000027 ], [ -5.950372009999967, 39.325874832000068 ], [ -5.957412579999925, 39.314357304000055 ], [ -5.954309696999928, 39.309053291000055 ], [ -5.948565707999933, 39.306924317000039 ], [ -5.948757, 39.302917499000046 ], [ -5.954129915999943, 39.304864166000073 ], [ -5.978668399999947, 39.292439391000073 ], [ -5.996874950999938, 39.29057915900006 ], [ -6.007202, 39.278667499000051 ], [ -6.012751956999978, 39.287494369000058 ], [ -6.013329499999941, 39.296950999000046 ], [ -6.008855050999955, 39.298526826000057 ], [ -6.004676144999962, 39.308070934000057 ], [ -5.988882, 39.322677499000065 ], [ -5.984568984999953, 39.324581245000047 ], [ -5.980869148999943, 39.340402886000049 ], [ -5.970228, 39.360088499000028 ] ] ] } },
{ "type": "Feature", "properties": { "code": "10166", "name": "Santa Cruz de la Sierra" }, "geometry": { "type": "Polygon", "coordinates": [ [ [ -5.888275, 39.316959499000063 ], [ -5.894279365999978, 39.341570673000035 ], [ -5.887607833999937, 39.34391555600007 ], [ -5.882420876999959, 39.352549017000058 ], [ -5.871354390999954, 39.354114017000029 ], [ -5.869600348999938, 39.359248672000035 ], [ -5.876571, 39.381419999000059 ], [ -5.851633858999946, 39.368743872000039 ], [ -5.796004, 39.379512499000043 ], [ -5.813074621999931, 39.372332511000025 ], [ -5.81739396699993, 39.366321148000054 ], [ -5.802601210999967, 39.348363962000064 ], [ -5.805382480999981, 39.342574006000063 ], [ -5.787668918999941, 39.340426029000071 ], [ -5.787891930999933, 39.327449717000036 ], [ -5.779457499999978, 39.318816999000035 ], [ -5.791593, 39.313048999000046 ], [ -5.800348258999975, 39.323624515000063 ], [ -5.807359494999957, 39.322999159000062 ], [ -5.812085039999943, 39.318873690000032 ], [ -5.813783410999974, 39.30790001500003 ], [ -5.81880149999995, 39.299834999000041 ], [ -5.828015021999931, 39.300696907000031 ], [ -5.847213718999967, 39.320202597000048 ], [ -5.870814669999959, 39.331692095000051 ], [ -5.878968231999977, 39.329804146000072 ], [ -5.888275, 39.316959499000063 ] ] ] } },
{ "type": "Feature", "properties": { "code": "10167", "name": "Santa Cruz de Paniagua" }, "geometry": { "type": "Polygon", "coordinates": [ [ [ -6.287296, 40.148734999000055 ], [ -6.294684974999939, 40.158451527000068 ], [ -6.311943638999935, 40.162663802000054 ], [ -6.335185925999951, 40.163549179000029 ], [ -6.348777303999952, 40.159465794000027 ], [ -6.356401499999947, 40.160087499000042 ], [ -6.369709499999942, 40.165664499000059 ], [ -6.385813499999927, 40.169833999000048 ], [ -6.375546200999963, 40.182821540000077 ], [ -6.374876875999973, 40.195241386000077 ], [ -6.379982928999937, 40.20830157100005 ], [ -6.369326119999926, 40.222178132000067 ], [ -6.363708626999937, 40.246133427000075 ], [ -6.362599448999958, 40.257273226000052 ], [ -6.369123499999944, 40.266223999000033 ], [ -6.369014499999935, 40.270423999000059 ], [ -6.365890499999978, 40.273570999000071 ], [ -6.3608, 40.275222499000051 ], [ -6.358315499999946, 40.275176999000053 ], [ -6.351867499999969, 40.281520999000065 ], [ -6.336299499999939, 40.278918999000041 ], [ -6.323523499999965, 40.25292599900007 ], [ -6.317303439999932, 40.249290654000049 ], [ -6.30668359699996, 40.228296274000058 ], [ -6.281885, 40.230030499000065 ], [ -6.282671409999978, 40.224537016000056 ], [ -6.277800603999935, 40.214305685000056 ], [ -6.288277953999966, 40.205010973000071 ], [ -6.28245, 40.198428999000043 ], [ -6.282987955999943, 40.193337783000061 ], [ -6.278277914999933, 40.190829612000073 ], [ -6.281091560999926, 40.185196977000032 ], [ -6.265190092999944, 40.157127626000033 ], [ -6.27607441899994, 40.15672436400007 ], [ -6.287296, 40.148734999000055 ] ] ] } },
{ "type": "Feature", "properties": { "code": "10168", "name": "Santa Marta de Magasca" }, "geometry": { "type": "Polygon", "coordinates": [ [ [ -6.144717499999956, 39.54067599900003 ], [ -6.13759631399995, 39.542076036000026 ], [ -6.133823478999943, 39.54158546900004 ], [ -6.121150908999937, 39.543244805000029 ], [ -6.101802944999974, 39.537219957000048 ], [ -6.099917758999936, 39.531959627000049 ], [ -6.091473822999944, 39.525679053000033 ], [ -6.079903929999944, 39.52361690400005 ], [ -6.077253749999954, 39.515887659000043 ], [ -6.070540186999949, 39.519145531000049 ], [ -6.056068876999973, 39.513777723000032 ], [ -6.048077, 39.515544499000043 ], [ -6.047442793999949, 39.496791177000034 ], [ -6.033142357999964, 39.493183275000035 ], [ -6.032730567999977, 39.488256500000034 ], [ -6.037723058999973, 39.483329688000026 ], [ -6.05436991199997, 39.482301239000037 ], [ -6.056723499999976, 39.475925499000027 ], [ -6.065275762999931, 39.470770318000064 ], [ -6.067156384999976, 39.47994041100003 ], [ -6.07641560999997, 39.469586084000071 ], [ -6.094939499999953, 39.465606499000046 ], [ -6.090078056999971, 39.469235014000049 ], [ -6.097279223999976, 39.475457225000071 ], [ -6.097604339999975, 39.480597579000062 ], [ -6.108689252999966, 39.484670313000038 ], [ -6.117087625999943, 39.504694678000078 ], [ -6.132063672999948, 39.51215664700004 ], [ -6.138277198999958, 39.523106055000028 ], [ -6.144675312999937, 39.524324451000041 ], [ -6.136855529999934, 39.533186547000071 ], [ -6.144717499999956, 39.54067599900003 ] ] ] } },
{ "type": "Feature", "properties": { "code": "10169", "name": "Santiago de Alcántara" }, "geometry": { "type": "Polygon", "coordinates": [ [ [ -7.311773499999958, 39.622306499000047 ], [ -7.31849798199994, 39.630582507000042 ], [ -7.31653192899995, 39.637370734000058 ], [ -7.325141499999972, 39.644832499000074 ], [ -7.29138949999998, 39.657855999000049 ], [ -7.290071, 39.659766999000055 ], [ -7.287077499999953, 39.661483499000042 ], [ -7.272316, 39.663585499000078 ], [ -7.264247, 39.665935499000057 ], [ -7.245817906999946, 39.666985537000073 ], [ -7.217176901999949, 39.660785564000037 ], [ -7.19236449999994, 39.660774999000068 ], [ -7.19008546799995, 39.64453233100005 ], [ -7.20072253099994, 39.637910070000032 ], [ -7.197080207999932, 39.630690332000029 ], [ -7.211319041999957, 39.60005959800003 ], [ -7.202692731999946, 39.593113090000031 ], [ -7.188303627999971, 39.590615976000038 ], [ -7.181098499999962, 39.578177999000047 ], [ -7.178688, 39.575412999000037 ], [ -7.189278866999928, 39.571615885000028 ], [ -7.192667721999953, 39.566304596000066 ], [ -7.201044262999972, 39.565417600000046 ], [ -7.206024990999936, 39.560283781000066 ], [ -7.216661649999935, 39.55667948100006 ], [ -7.21653753399994, 39.550986558000034 ], [ -7.238906662999966, 39.550867772000061 ], [ -7.253787330999955, 39.567647218000047 ], [ -7.253341312999964, 39.571166535000032 ], [ -7.264836437999975, 39.586331284000039 ], [ -7.285448695999946, 39.59348813500003 ], [ -7.289177370999937, 39.604222827000058 ], [ -7.297068122999974, 39.60204109700004 ], [ -7.303242583999975, 39.620746852000025 ], [ -7.308732840999937, 39.618843067000057 ], [ -7.311773499999958, 39.622306499000047 ] ] ] } },
{ "type": "Feature", "properties": { "code": "10170", "name": "Santiago del Campo" }, "geometry": { "type": "Polygon", "coordinates": [ [ [ -6.43705749999998, 39.648795999000072 ], [ -6.444898853999973, 39.662691123000059 ], [ -6.45497120999994, 39.672754652000037 ], [ -6.459780072999934, 39.685358854000071 ], [ -6.436935368999968, 39.679531526000062 ], [ -6.42776872099995, 39.684384031000036 ], [ -6.425187643999948, 39.679257403000065 ], [ -6.41939057299993, 39.679447242000037 ], [ -6.409738, 39.69316849900008 ], [ -6.386067814999933, 39.685286801000075 ], [ -6.380255882999961, 39.673209068000062 ], [ -6.371419861999925, 39.672336285000029 ], [ -6.366953009999975, 39.674847446000058 ], [ -6.356467580999947, 39.669620906000034 ], [ -6.345553476999953, 39.670250984000063 ], [ -6.315177, 39.655349999000066 ], [ -6.31793305399998, 39.643059358000073 ], [ -6.338561597999956, 39.609751108000069 ], [ -6.342262, 39.593466999000043 ], [ -6.374582629999964, 39.601934904000075 ], [ -6.392278588999943, 39.612722852000047 ], [ -6.416163510999979, 39.621246294000059 ], [ -6.421079499999962, 39.626840111000035 ], [ -6.421799069999963, 39.634901939000031 ], [ -6.43705749999998, 39.648795999000072 ] ] ] } },
{ "type": "Feature", "properties": { "code": "10171", "name": "Santibáñez el Alto" }, "geometry": { "type": "Polygon", "coordinates": [ [ [ -6.597224, 40.107997999000077 ], [ -6.595345, 40.112209499000073 ], [ -6.583938499999931, 40.121948499000041 ], [ -6.599575499999958, 40.130576999000027 ], [ -6.589599521999958, 40.164185532000033 ], [ -6.581550473999926, 40.175503080000055 ], [ -6.588105370999926, 40.188456218000056 ], [ -6.58600298999994, 40.195878206000032 ], [ -6.58752, 40.204642999000043 ], [ -6.537400991999959, 40.211823196000068 ], [ -6.537586314999942, 40.223883424000064 ], [ -6.54563171999996, 40.225584592000075 ], [ -6.55639509599996, 40.234683751000034 ], [ -6.568273499999975, 40.238094499000056 ], [ -6.566922062999936, 40.256073736000076 ], [ -6.579613996999967, 40.262712949000047 ], [ -6.587075, 40.270774999000025 ], [ -6.583139499999959, 40.274814499000058 ], [ -6.571098, 40.279506999000034 ], [ -6.568479, 40.283153499000036 ], [ -6.558386499999926, 40.290263999000047 ], [ -6.556229, 40.290824999000051 ], [ -6.550930499999936, 40.289611999000044 ], [ -6.544379499999934, 40.289848499000072 ], [ -6.54109, 40.280013999000062 ], [ -6.538046, 40.277080499000078 ], [ -6.533358499999963, 40.274696499000072 ], [ -6.531123625999953, 40.265228170000057 ], [ -6.526399253999955, 40.257792346000031 ], [ -6.527934101999961, 40.254176440000037 ], [ -6.527710170999967, 40.250302064000039 ], [ -6.526566199999934, 40.248171156000069 ], [ -6.520955714999957, 40.249987133000047 ], [ -6.506791786999941, 40.260002458000031 ], [ -6.508625, 40.266910499000062 ], [ -6.484775499999955, 40.262859499000058 ], [ -6.484550827999954, 40.253627582000036 ], [ -6.481801, 40.250736499000027 ], [ -6.514675686999965, 40.244856647000063 ], [ -6.517964341999971, 40.223316985000054 ], [ -6.504255154999953, 40.203165179000052 ], [ -6.512896029999979, 40.196821210000053 ], [ -6.495869499999969, 40.181022499000051 ], [ -6.539245465999954, 40.156102674000067 ], [ -6.538410294999949, 40.153143266000029 ], [ -6.527972680999937, 40.149652337000077 ], [ -6.522118754999951, 40.143313505000037 ], [ -6.526078, 40.107917499000052 ], [ -6.535349266999958, 40.107372460000079 ], [ -6.541349499999967, 40.102687499000069 ], [ -6.597224, 40.107997999000077 ] ], [ [ -6.531465322999964, 40.225577304000069 ], [ -6.524644121999927, 40.223947336000037 ], [ -6.52319100699998, 40.23197588000005 ], [ -6.529079698999965, 40.22997644600008 ], [ -6.531465322999964, 40.225577304000069 ] ], [ [ -6.554191714999945, 40.237394718000075 ], [ -6.547366752999949, 40.228695339000069 ], [ -6.538291896999965, 40.225358105000055 ], [ -6.526343776999965, 40.238330246000032 ], [ -6.530016006999972, 40.245006446000048 ], [ -6.540030830999967, 40.247669157000075 ], [ -6.551920000999928, 40.243499117000056 ], [ -6.554191714999945, 40.237394718000075 ] ] ] } },
{ "type": "Feature", "properties": { "code": "10172", "name": "Santibáñez el Bajo" }, "geometry": { "type": "Polygon", "coordinates": [ [ [ -6.28245, 40.198428999000043 ], [ -6.276297186999955, 40.202639118000036 ], [ -6.239588800999968, 40.199572513000078 ], [ -6.228734305999978, 40.196296195000059 ], [ -6.219466943999976, 40.191064829000027 ], [ -6.209294696999962, 40.178843523000069 ], [ -6.212377796999931, 40.162480286000061 ], [ -6.208961879999947, 40.158073266000031 ], [ -6.212555518999977, 40.154504227000075 ], [ -6.205235302999938, 40.146455916000036 ], [ -6.206488037999975, 40.139088067000046 ], [ -6.219484926999939, 40.12390522000004 ], [ -6.227279499999952, 40.123347999000032 ], [ -6.228688, 40.121135499000047 ], [ -6.234316499999977, 40.11809899900004 ], [ -6.248744, 40.117316999000025 ], [ -6.253847499999949, 40.122955499000057 ], [ -6.276243499999964, 40.142444499000078 ], [ -6.287296, 40.148734999000055 ], [ -6.27607441899994, 40.15672436400007 ], [ -6.265190092999944, 40.157127626000033 ], [ -6.281091560999926, 40.185196977000032 ], [ -6.278277914999933, 40.190829612000073 ], [ -6.282987955999943, 40.193337783000061 ], [ -6.28245, 40.198428999000043 ] ] ] } },
{ "type": "Feature", "properties": { "code": "10173", "name": "Saucedilla" }, "geometry": { "type": "Polygon", "coordinates": [ [ [ -5.657064499999933, 39.839137999000059 ], [ -5.665935631999957, 39.839340435000054 ], [ -5.681687503999967, 39.833362684000065 ], [ -5.698352366999927, 39.820632432000025 ], [ -5.706464, 39.805026999000063 ], [ -5.714111609999975, 39.805455882000047 ], [ -5.72759, 39.800235999000051 ], [ -5.728982736999967, 39.808815648000063 ], [ -5.745444687999964, 39.824991769000064 ], [ -5.747652883999933, 39.836435473000051 ], [ -5.754599, 39.848987499000032 ], [ -5.751909415999933, 39.86490518100004 ], [ -5.750689499999964, 39.868418999000028 ], [ -5.727322514999969, 39.874465752000049 ], [ -5.683274794999932, 39.867487124000036 ], [ -5.654256972999974, 39.870113658000037 ], [ -5.634684499999935, 39.88736349900006 ], [ -5.624542205999944, 39.880350344000078 ], [ -5.606344713999931, 39.876153492000071 ], [ -5.590654, 39.868034499000032 ], [ -5.591476600999954, 39.86490518100004 ], [ -5.591036499999973, 39.862968499000033 ], [ -5.596258499999976, 39.853587999000069 ], [ -5.603675790999944, 39.855446972000038 ], [ -5.633915486999967, 39.851781886000026 ], [ -5.657064499999933, 39.839137999000059 ] ] ] } },
{ "type": "Feature", "properties": { "code": "10174", "name": "Segura de Toro" }, "geometry": { "type": "Polygon", "coordinates": [ [ [ -5.979256, 40.224177999000062 ], [ -5.967283499999951, 40.228511999000034 ], [ -5.959896023999931, 40.234121482000035 ], [ -5.948608, 40.233646499000031 ], [ -5.916285573999971, 40.224024069000052 ], [ -5.888737, 40.21201699900007 ], [ -5.901674499999956, 40.198279999000079 ], [ -5.90980961899993, 40.204129820000048 ], [ -5.924853322999979, 40.207568754000079 ], [ -5.946725460999971, 40.211010264000038 ], [ -5.957712042999958, 40.209496769000054 ], [ -5.963000328999954, 40.211196311000037 ], [ -5.963825872999962, 40.214570786000024 ], [ -5.968598673999963, 40.212748088000069 ], [ -5.979256, 40.224177999000062 ] ] ] } },
{ "type": "Feature", "properties": { "code": "10175", "name": "Serradilla" }, "geometry": { "type": "Polygon", "coordinates": [ [ [ -6.200515, 39.717044499000053 ], [ -6.215384621999931, 39.733152386000029 ], [ -6.216500469999971, 39.74064136700008 ], [ -6.222685302999935, 39.746550155000079 ], [ -6.224175333999938, 39.752320138000073 ], [ -6.233228, 39.758128999000064 ], [ -6.226662507999947, 39.762941744000045 ], [ -6.199820067999951, 39.768214092000051 ], [ -6.165452900999981, 39.781565642000032 ], [ -6.170505522999974, 39.791139101000056 ], [ -6.174898992999942, 39.812636646000044 ], [ -6.188406654999937, 39.827649428000029 ], [ -6.191666638999948, 39.836229200000048 ], [ -6.197302, 39.838943499000038 ], [ -6.155772983999952, 39.838881469000057 ], [ -6.16647732499996, 39.857074263000072 ], [ -6.160125, 39.863208999000051 ], [ -6.129514890999928, 39.866889226000069 ], [ -6.125036107999961, 39.879581028000075 ], [ -6.110193620999951, 39.887469497000041 ], [ -6.084911516999966, 39.878370258000075 ], [ -6.048971353999946, 39.872432939000078 ], [ -6.05358343499995, 39.886123444000077 ], [ -6.052294587999938, 39.898920346000068 ], [ -6.055760194999948, 39.90470440200005 ], [ -6.049381908999976, 39.91125014000005 ], [ -6.046296025999936, 39.930321332000062 ], [ -6.041209075999973, 39.934114331000046 ], [ -6.031859855999926, 39.935400888000061 ], [ -6.013971468999955, 39.927351607000048 ], [ -6.017813481999951, 39.915494864000038 ], [ -6.015069710999967, 39.900440051000032 ], [ -6.008464375999949, 39.891600863000065 ], [ -6.014464835999945, 39.884578201000068 ], [ -6.006189518999975, 39.880438751000042 ], [ -6.004072534999978, 39.864363450000042 ], [ -5.996795636999934, 39.863442268000028 ], [ -5.982338, 39.851596999000037 ], [ -5.987608699999953, 39.848065524000049 ], [ -5.992341244999977, 39.838106358000061 ], [ -6.001980909999929, 39.839505780000025 ], [ -6.009822525999937, 39.84483709400007 ], [ -6.032134179999957, 39.832938499000079 ], [ -6.050482709999926, 39.832887231000029 ], [ -6.057756749999953, 39.828352076000044 ], [ -6.056821960999969, 39.820462859000031 ], [ -6.044801501999927, 39.807265271000063 ], [ -6.035657713999967, 39.801997998000047 ], [ -6.035152323999966, 39.780180617000042 ], [ -6.042420036999943, 39.771067248000065 ], [ -6.058683597999959, 39.766119576000051 ], [ -6.064649634999967, 39.758272375000047 ], [ -6.079938434999974, 39.746941565000043 ], [ -6.075149066999927, 39.726916822000078 ], [ -6.052117, 39.696971999000027 ], [ -6.075500169999941, 39.678049453000028 ], [ -6.109160165999981, 39.663852238000061 ], [ -6.117969481999978, 39.662962668000034 ], [ -6.123301313999946, 39.668978670000058 ], [ -6.125679442999967, 39.685186227000031 ], [ -6.123502344999963, 39.747346662000041 ], [ -6.132063672999948, 39.747365202000026 ], [ -6.144245883999929, 39.741755807000061 ], [ -6.166919012999927, 39.720607753000024 ], [ -6.176744501999963, 39.715242999000054 ], [ -6.186616, 39.714076999000042 ], [ -6.200515, 39.717044499000053 ] ] ] } },
{ "type": "Feature", "properties": { "code": "10176", "name": "Serrejón" }, "geometry": { "type": "Polygon", "coordinates": [ [ [ -5.755105, 39.774768499000061 ], [ -5.781594248999966, 39.76465646500003 ], [ -5.802838432999977, 39.77156117800007 ], [ -5.815913752999961, 39.764566829000046 ], [ -5.826768983999955, 39.763501811000026 ], [ -5.831140608999931, 39.76637538500006 ], [ -5.83368530499996, 39.778570685000034 ], [ -5.858120499999927, 39.792838999000026 ], [ -5.864045204999968, 39.789319167000031 ], [ -5.884123464999959, 39.79582068600007 ], [ -5.895205593999947, 39.790566476000038 ], [ -5.902256899999941, 39.792819817000066 ], [ -5.919474040999944, 39.805138249000038 ], [ -5.916770048999979, 39.818437748000065 ], [ -5.919225, 39.822578499000031 ], [ -5.915722301999949, 39.830760865000059 ], [ -5.904185249999955, 39.83651327900003 ], [ -5.888596043999939, 39.837204237000037 ], [ -5.866905168999949, 39.831637045000036 ], [ -5.860218908999968, 39.83647299200004 ], [ -5.852344242999948, 39.848521955000081 ], [ -5.864706601999956, 39.857083001000035 ], [ -5.842649968999979, 39.86490518100004 ], [ -5.835597294999957, 39.868535313000052 ], [ -5.800110032999953, 39.869057395000027 ], [ -5.787311325999951, 39.86490518100004 ], [ -5.778600902999926, 39.857364758000074 ], [ -5.75982606599996, 39.85514958400006 ], [ -5.754599, 39.848987499000032 ], [ -5.747652883999933, 39.836435473000051 ], [ -5.745444687999964, 39.824991769000064 ], [ -5.728982736999967, 39.808815648000063 ], [ -5.72759, 39.800235999000051 ], [ -5.724105375999955, 39.792193588000032 ], [ -5.725671000999967, 39.789022540000076 ], [ -5.736764894999965, 39.781500958000038 ], [ -5.745797699999969, 39.780111408000039 ], [ -5.755105, 39.774768499000061 ] ] ] } },
{ "type": "Feature", "properties": { "code": "10177", "name": "Sierra de Fuentes" }, "geometry": { "type": "MultiPolygon", "coordinates": [ [ [ [ -6.299037932999966, 39.444953828000052 ], [ -6.28638527399994, 39.457306141000061 ], [ -6.280059091999931, 39.459525137000071 ], [ -6.23353310899995, 39.448152808000032 ], [ -6.231249438999953, 39.438825852000036 ], [ -6.23871197099993, 39.420312397000032 ], [ -6.253599680999969, 39.424689747000059 ], [ -6.261629765999942, 39.417441973000052 ], [ -6.26777855499995, 39.417475642000056 ], [ -6.288761321999971, 39.420144160000063 ], [ -6.299037932999966, 39.444953828000052 ] ] ], [ [ [ -6.297692499999926, 39.315116999000054 ], [ -6.301829761999954, 39.320051379000063 ], [ -6.300446069999964, 39.323111647000076 ], [ -6.287213, 39.326087999000038 ], [ -6.276112336999972, 39.316593490000059 ], [ -6.267613454999946, 39.305195231000027 ], [ -6.27233549999994, 39.287322999000025 ], [ -6.28636912199994, 39.30618557300005 ], [ -6.296285319999981, 39.309093835000056 ], [ -6.297692499999926, 39.315116999000054 ] ] ] ] } },
{ "type": "Feature", "properties": { "code": "10178", "name": "Talaván" }, "geometry": { "type": "Polygon", "coordinates": [ [ [ -6.342262, 39.593466999000043 ], [ -6.338561597999956, 39.609751108000069 ], [ -6.31793305399998, 39.643059358000073 ], [ -6.304862943999979, 39.704588426000043 ], [ -6.297980031999941, 39.714020069000071 ], [ -6.303853717999971, 39.724950618000037 ], [ -6.304284279999933, 39.739289144000054 ], [ -6.310116, 39.742801999000051 ], [ -6.27209449999998, 39.746635499000035 ], [ -6.269138756999951, 39.734469476000072 ], [ -6.258989264999968, 39.716459610000072 ], [ -6.244798686999957, 39.717814409000027 ], [ -6.233346337999933, 39.711694335000061 ], [ -6.223889989999975, 39.712460913000029 ], [ -6.217293952999967, 39.719246201000033 ], [ -6.200515, 39.717044499000053 ], [ -6.186616, 39.714076999000042 ], [ -6.20948137299996, 39.702409341000077 ], [ -6.233254841999951, 39.68344096800007 ], [ -6.23553814099995, 39.680001461000074 ], [ -6.233981778999976, 39.663964713000041 ], [ -6.25723157799996, 39.650514961000056 ], [ -6.258544145999963, 39.645103526000071 ], [ -6.253321014999926, 39.617555297000081 ], [ -6.255190499999969, 39.612712999000053 ], [ -6.285928816999956, 39.607072500000072 ], [ -6.305658, 39.591289499000027 ], [ -6.319269001999942, 39.59013942200005 ], [ -6.342262, 39.593466999000043 ] ] ] } },
{ "type": "Feature", "properties": { "code": "10179", "name": "Talaveruela de la Vera" }, "geometry": { "type": "Polygon", "coordinates": [ [ [ -5.518788, 40.196906999000078 ], [ -5.508174604999965, 40.201931828000056 ], [ -5.497111, 40.200034499000026 ], [ -5.496052567999925, 40.189458419000061 ], [ -5.505243112999949, 40.170132241000033 ], [ -5.510240856999928, 40.151427319000049 ], [ -5.506995305999965, 40.130770114000029 ], [ -5.512552595999978, 40.118494639000062 ], [ -5.514310062999925, 40.085365145000026 ], [ -5.517353847999971, 40.076986139000041 ], [ -5.523539, 40.072677499000065 ], [ -5.530008024999972, 40.085976753000068 ], [ -5.538006473999928, 40.08887330500005 ], [ -5.539602499999944, 40.093528999000057 ], [ -5.536982328999954, 40.102395767000075 ], [ -5.526620133999927, 40.11632822200005 ], [ -5.530227086999957, 40.137540114000046 ], [ -5.520655104999946, 40.156904569000062 ], [ -5.518788, 40.196906999000078 ] ] ] } },
{ "type": "Feature", "properties": { "code": "10180", "name": "Talayuela" }, "geometry": { "type": "Polygon", "coordinates": [ [ [ -5.629392499999938, 40.023776999000063 ], [ -5.603365361999977, 40.023377481000068 ], [ -5.592560188999926, 40.036169484000027 ], [ -5.582354, 40.041022999000063 ], [ -5.577027499999929, 40.040863499000068 ], [ -5.57304849999997, 40.041664499000035 ], [ -5.563206, 40.04798899900004 ], [ -5.551220499999943, 40.050639999000055 ], [ -5.531420590999971, 40.048431934000064 ], [ -5.515533916999971, 40.053362314000026 ], [ -5.51265049999995, 40.057132999000032 ], [ -5.510970275999966, 40.064323140000056 ], [ -5.506399070999976, 40.067423199000075 ], [ -5.495322063999936, 40.066762452000035 ], [ -5.479920073999949, 40.070778297000061 ], [ -5.46738849999997, 40.069263499000044 ], [ -5.449004173999981, 40.076605230000041 ], [ -5.444967003999977, 40.085352578000027 ], [ -5.422800620999965, 40.086222240000041 ], [ -5.406336499999952, 40.093272499000079 ], [ -5.400747992999925, 40.087788657000033 ], [ -5.41794041299994, 40.079083834000073 ], [ -5.426733040999977, 40.068674140000041 ], [ -5.426480396999978, 40.065511377000064 ], [ -5.422378700999957, 40.061528467000073 ], [ -5.415809537999962, 40.060473829000045 ], [ -5.416092220999928, 40.05534209800004 ], [ -5.410888391999947, 40.051081098000054 ], [ -5.399382092999929, 40.048452043000054 ], [ -5.393096655999955, 40.043264018000059 ], [ -5.377167881999981, 40.042770543000074 ], [ -5.371040677999929, 40.036497347000079 ], [ -5.36542849999995, 40.036480499000049 ], [ -5.362404499999968, 40.012016499000026 ], [ -5.365714499999967, 39.992805499000042 ], [ -5.365137, 39.98389049900004 ], [ -5.39430219299993, 39.919617624000068 ], [ -5.401121499999931, 39.885703999000043 ], [ -5.434548838999945, 39.912613641000064 ], [ -5.439343256999962, 39.919307870000068 ], [ -5.44047011899994, 39.931945063000057 ], [ -5.457745537999926, 39.936028975000056 ], [ -5.46763, 39.94150649900007 ], [ -5.451121227999977, 39.943342367000071 ], [ -5.441496383999947, 39.952906255000073 ], [ -5.440085683999939, 39.95703174700003 ], [ -5.454985315999977, 39.96982879400008 ], [ -5.426340907999929, 39.97706310600006 ], [ -5.425289644999964, 39.987568062000037 ], [ -5.417021052999928, 39.997170271000073 ], [ -5.416729918999977, 40.001783006000039 ], [ -5.429506498999956, 40.012739674000045 ], [ -5.439374, 40.012460999000041 ], [ -5.444567118999942, 40.029453469000032 ], [ -5.454438975999949, 40.035279432000038 ], [ -5.46299382899997, 40.048103047000041 ], [ -5.471400523999932, 40.050109876000079 ], [ -5.483256532999974, 40.048576723000053 ], [ -5.499317398999949, 40.041752971000051 ], [ -5.510854862999963, 40.047102057000075 ], [ -5.51260181899994, 40.029231995000032 ], [ -5.518020969999952, 40.014796875000059 ], [ -5.516782499999977, 39.99765099900003 ], [ -5.535570370999949, 39.995317924000062 ], [ -5.563233797999942, 39.999333755000066 ], [ -5.57585510499996, 39.983859776000031 ], [ -5.583828381999979, 39.980902998000033 ], [ -5.589508795999961, 39.973932509000065 ], [ -5.603042115999926, 39.969337799000073 ], [ -5.632251383999971, 39.968975270000044 ], [ -5.648464499999932, 39.97396849900008 ], [ -5.64527318699993, 39.980166208000071 ], [ -5.647716011999933, 39.999055440000063 ], [ -5.646217, 40.014369499000054 ], [ -5.641036715999974, 40.021727600000077 ], [ -5.629392499999938, 40.023776999000063 ] ] ] } },
{ "type": "Feature", "properties": { "code": "10181", "name": "Tejeda de Tiétar" }, "geometry": { "type": "Polygon", "coordinates": [ [ [ -5.838014, 39.962436999000033 ], [ -5.844863, 39.959071999000059 ], [ -5.858301, 39.950336499000059 ], [ -5.879204, 39.945891999000025 ], [ -5.884407, 39.944095499000071 ], [ -5.891919677999965, 39.955190427000048 ], [ -5.906307910999942, 39.958162531000028 ], [ -5.904052090999926, 39.968730702000073 ], [ -5.905745, 39.973441999000045 ], [ -5.902935502999981, 39.97665733000008 ], [ -5.894734984999957, 39.976654504000066 ], [ -5.88858537699997, 39.981712690000052 ], [ -5.895803012999977, 39.987010417000079 ], [ -5.896867264999969, 39.995645034000063 ], [ -5.907649325999955, 39.99933509300007 ], [ -5.907055662999937, 40.004156812000076 ], [ -5.914293317999977, 40.008327709000071 ], [ -5.915855499999964, 40.017074499000046 ], [ -5.913116583999965, 40.023542439000039 ], [ -5.884031794999942, 40.03573109000007 ], [ -5.85788170099994, 40.034982381000077 ], [ -5.850923499999965, 40.031886999000051 ], [ -5.83656541299996, 40.019624434000036 ], [ -5.831247969999936, 40.009874253000078 ], [ -5.828712249999967, 40.001531238000041 ], [ -5.835230920999948, 39.982576969000036 ], [ -5.831121499999938, 39.976398499000027 ], [ -5.838014, 39.962436999000033 ] ] ] } },
{ "type": "Feature", "properties": { "code": "10182", "name": "Toril" }, "geometry": { "type": "Polygon", "coordinates": [ [ [ -5.919225, 39.822578499000031 ], [ -5.92282849999998, 39.823547499000028 ], [ -5.926391499999966, 39.823253499000032 ], [ -5.932181, 39.817916999000033 ], [ -5.939050499999951, 39.817123499000047 ], [ -5.942227499999944, 39.818210499000031 ], [ -5.946503499999949, 39.825076999000032 ], [ -5.949722, 39.82715599900007 ], [ -5.952888499999972, 39.827121499000043 ], [ -5.956271, 39.825637999000037 ], [ -5.959026499999936, 39.825847499000076 ], [ -5.964904, 39.827514499000074 ], [ -5.979891499999951, 39.829112999000074 ], [ -5.989545499999963, 39.834914499000035 ], [ -6.003824499999951, 39.835414999000079 ], [ -6.018933499999946, 39.838371499000061 ], [ -6.022905, 39.838306499000055 ], [ -6.009822525999937, 39.84483709400007 ], [ -6.001980909999929, 39.839505780000025 ], [ -5.992341244999977, 39.838106358000061 ], [ -5.987608699999953, 39.848065524000049 ], [ -5.982338, 39.851596999000037 ], [ -5.964731387999961, 39.843443654000055 ], [ -5.96013652299996, 39.856623247000073 ], [ -5.948724124999956, 39.86490518100004 ], [ -5.926746303999948, 39.868380135000052 ], [ -5.920628074999968, 39.894954862000077 ], [ -5.91512425999997, 39.900185147000059 ], [ -5.898326571999974, 39.905440283000075 ], [ -5.886918852999941, 39.920222485000068 ], [ -5.886562746999971, 39.925036485000078 ], [ -5.894369824999956, 39.93809187200003 ], [ -5.884407, 39.944095499000071 ], [ -5.879204, 39.945891999000025 ], [ -5.858301, 39.950336499000059 ], [ -5.844863, 39.959071999000059 ], [ -5.838014, 39.962436999000033 ], [ -5.824329441999964, 39.951586460000044 ], [ -5.818898656999977, 39.941026946000079 ], [ -5.818587119999961, 39.932499396000026 ], [ -5.813639182999964, 39.927767395000046 ], [ -5.782509167999933, 39.923449470000037 ], [ -5.748773, 39.91352099900007 ], [ -5.754485365999926, 39.882784672000071 ], [ -5.750689499999964, 39.868418999000028 ], [ -5.751909415999933, 39.86490518100004 ], [ -5.754599, 39.848987499000032 ], [ -5.75982606599996, 39.85514958400006 ], [ -5.778600902999926, 39.857364758000074 ], [ -5.787311325999951, 39.86490518100004 ], [ -5.800110032999953, 39.869057395000027 ], [ -5.835597294999957, 39.868535313000052 ], [ -5.842649968999979, 39.86490518100004 ], [ -5.864706601999956, 39.857083001000035 ], [ -5.852344242999948, 39.848521955000081 ], [ -5.860218908999968, 39.83647299200004 ], [ -5.866905168999949, 39.831637045000036 ], [ -5.888596043999939, 39.837204237000037 ], [ -5.904185249999955, 39.83651327900003 ], [ -5.915722301999949, 39.830760865000059 ], [ -5.919225, 39.822578499000031 ] ] ] } },
{ "type": "Feature", "properties": { "code": "10183", "name": "Tornavacas" }, "geometry": { "type": "Polygon", "coordinates": [ [ [ -5.619486499999937, 40.207050499000047 ], [ -5.63097270999998, 40.210608443000069 ], [ -5.647740190999968, 40.20798790200007 ], [ -5.655210567999973, 40.197108215000071 ], [ -5.670755837999934, 40.186831483000049 ], [ -5.680898499999955, 40.176097999000035 ], [ -5.683235499999967, 40.175197499000035 ], [ -5.688151, 40.17505649900005 ], [ -5.689971499999956, 40.173904499000059 ], [ -5.695483295999964, 40.183634276000078 ], [ -5.697475760999964, 40.202261533000069 ], [ -5.713936118999925, 40.229442993000077 ], [ -5.715215146999981, 40.241508774000067 ], [ -5.740030630999968, 40.257232412000064 ], [ -5.743194805999963, 40.272824653000043 ], [ -5.747461739999949, 40.27933306500006 ], [ -5.74442449999998, 40.288902499000073 ], [ -5.73760249999998, 40.294162999000037 ], [ -5.699752937999961, 40.289444957000057 ], [ -5.692704499999934, 40.292144999000072 ], [ -5.657999167999947, 40.270525404000068 ], [ -5.659114182999929, 40.258628831000067 ], [ -5.65050660199995, 40.25092601700004 ], [ -5.622968144999959, 40.24591564900004 ], [ -5.614461263999942, 40.233243750000042 ], [ -5.617782975999944, 40.222675712000068 ], [ -5.610083499999973, 40.215522499000031 ], [ -5.61302, 40.20996849900007 ], [ -5.619486499999937, 40.207050499000047 ] ] ] } },
{ "type": "Feature", "properties": { "code": "10184", "name": "Torno, El" }, "geometry": { "type": "Polygon", "coordinates": [ [ [ -5.95407, 40.164512499000068 ], [ -5.937602567999932, 40.157231148000051 ], [ -5.910073, 40.132569499000056 ], [ -5.922058952999976, 40.121840853000037 ], [ -5.956021928999974, 40.107980825000027 ], [ -5.958043478999969, 40.101954185000068 ], [ -5.982466150999926, 40.095401905000074 ], [ -5.993551, 40.088820499000065 ], [ -5.999062444999936, 40.10662601000007 ], [ -5.989688225999942, 40.104117689000077 ], [ -5.97225839999993, 40.109397849000061 ], [ -5.956581486999937, 40.126299763000077 ], [ -5.957396695999932, 40.132042193000075 ], [ -5.967802669999969, 40.143204581000077 ], [ -5.965651, 40.147506999000029 ], [ -5.960003510999968, 40.152448391000064 ], [ -5.95407, 40.164512499000068 ] ] ] } },
{ "type": "Feature", "properties": { "code": "10185", "name": "Torrecilla de los Ángeles" }, "geometry": { "type": "Polygon", "coordinates": [ [ [ -6.351867499999969, 40.281520999000065 ], [ -6.358315499999946, 40.275176999000053 ], [ -6.3608, 40.275222499000051 ], [ -6.365890499999978, 40.273570999000071 ], [ -6.369014499999935, 40.270423999000059 ], [ -6.369123499999944, 40.266223999000033 ], [ -6.374986884999942, 40.263798780000059 ], [ -6.38697869899994, 40.250647537000077 ], [ -6.393040514999939, 40.235556213000052 ], [ -6.388931799999966, 40.224444098000049 ], [ -6.438289, 40.219928999000047 ], [ -6.450935682999955, 40.226254407000056 ], [ -6.459335514999964, 40.235284562000061 ], [ -6.460875163999958, 40.24460730800007 ], [ -6.470552, 40.252334499000028 ], [ -6.454855694999935, 40.27153809400005 ], [ -6.424571545999981, 40.273098556000036 ], [ -6.380428988999938, 40.290457461000074 ], [ -6.365258402999928, 40.290932091000059 ], [ -6.360455257999945, 40.284548521000033 ], [ -6.351867499999969, 40.281520999000065 ] ] ] } },
{ "type": "Feature", "properties": { "code": "10186", "name": "Torrecillas de la Tiesa" }, "geometry": { "type": "Polygon", "coordinates": [ [ [ -5.738915, 39.522422999000071 ], [ -5.750886378999951, 39.52531500200007 ], [ -5.771357147999936, 39.51776835700008 ], [ -5.787297544999944, 39.524394019000056 ], [ -5.805495906999965, 39.539773223000054 ], [ -5.817966922999972, 39.555055856000024 ], [ -5.820477740999934, 39.562301904000037 ], [ -5.830882864999978, 39.566417869000077 ], [ -5.834711047999974, 39.584778128000039 ], [ -5.828025215999958, 39.597969731000035 ], [ -5.836468006999951, 39.600484899000037 ], [ -5.833988876999967, 39.608509989000027 ], [ -5.838228860999948, 39.614998952000064 ], [ -5.82470049099993, 39.629199654000047 ], [ -5.83259755499995, 39.64044991600008 ], [ -5.833636499999955, 39.647624999000072 ], [ -5.82157086999996, 39.645223166000051 ], [ -5.806743998999934, 39.648497033000069 ], [ -5.770844715999942, 39.63675016500008 ], [ -5.752022, 39.633861499000034 ], [ -5.730484398999977, 39.622300453000037 ], [ -5.710283626999967, 39.617484730000058 ], [ -5.701204351999934, 39.60868221000004 ], [ -5.691722332999973, 39.607550485000047 ], [ -5.67772903499997, 39.596508085000039 ], [ -5.66764749999993, 39.592960499000071 ], [ -5.68140041099997, 39.576872316000049 ], [ -5.698925476999932, 39.565532258000076 ], [ -5.691888391999953, 39.541886073000057 ], [ -5.698974, 39.526988999000025 ], [ -5.701258, 39.525909499000079 ], [ -5.71009, 39.52480299900003 ], [ -5.715999499999953, 39.525672999000051 ], [ -5.724735499999952, 39.525367999000025 ], [ -5.732111, 39.52271999900006 ], [ -5.73535, 39.522884499000043 ], [ -5.737126499999931, 39.523978999000065 ], [ -5.738915, 39.522422999000071 ] ] ] } },
{ "type": "Feature", "properties": { "code": "10187", "name": "Torre de Don Miguel" }, "geometry": { "type": "Polygon", "coordinates": [ [ [ -6.58752, 40.204642999000043 ], [ -6.589656193999929, 40.206095228000038 ], [ -6.591019184999936, 40.224981 ], [ -6.57007262999997, 40.233414334000031 ], [ -6.568273499999975, 40.238094499000056 ], [ -6.55639509599996, 40.234683751000034 ], [ -6.54563171999996, 40.225584592000075 ], [ -6.537586314999942, 40.223883424000064 ], [ -6.537400991999959, 40.211823196000068 ], [ -6.58752, 40.204642999000043 ] ] ] } },
{ "type": "Feature", "properties": { "code": "10188", "name": "Torre de Santa María" }, "geometry": { "type": "Polygon", "coordinates": [ [ [ -6.071907, 39.21990899900004 ], [ -6.076845, 39.222408999000038 ], [ -6.075372224999967, 39.227792941000075 ], [ -6.077919824999981, 39.231672090000075 ], [ -6.103920029999927, 39.234090989000038 ], [ -6.119338185999936, 39.243048184000031 ], [ -6.130762745999959, 39.257536275000064 ], [ -6.132063672999948, 39.263689758000055 ], [ -6.117290640999954, 39.26265859800003 ], [ -6.105308215999969, 39.274682940000048 ], [ -6.094019499999945, 39.280084499000054 ], [ -6.088331421999953, 39.278297416000044 ], [ -6.069215, 39.254860499000074 ], [ -6.071907, 39.21990899900004 ] ] ] } },
{ "type": "Feature", "properties": { "code": "10189", "name": "Torrejoncillo" }, "geometry": { "type": "Polygon", "coordinates": [ [ [ -6.437984788999927, 39.86490518100004 ], [ -6.453238925999926, 39.868485876000079 ], [ -6.474731942999938, 39.864560698000048 ], [ -6.492270016999953, 39.874231934000079 ], [ -6.495433659999946, 39.870843956000044 ], [ -6.497510020999925, 39.855602499000042 ], [ -6.503846499999952, 39.846996499000056 ], [ -6.51364007899997, 39.85356889500008 ], [ -6.527667528999928, 39.88491128000004 ], [ -6.536005115999956, 39.885833980000029 ], [ -6.539528641999937, 39.891065444000049 ], [ -6.519928580999931, 39.914066954000077 ], [ -6.521120499999938, 39.928100499000038 ], [ -6.497136998999963, 39.929424165000057 ], [ -6.496535064999932, 39.947583722000047 ], [ -6.48950108799994, 39.95376729000003 ], [ -6.46646319599995, 39.952953799000056 ], [ -6.44174544599997, 39.963938260000077 ], [ -6.420018471999981, 39.953239164000024 ], [ -6.399939499999959, 39.959937999000033 ], [ -6.397123499999964, 39.960273999000037 ], [ -6.392553, 39.956847999000047 ], [ -6.397811286999968, 39.955690534000041 ], [ -6.403145478999932, 39.935276920000035 ], [ -6.404877531999944, 39.913522820000026 ], [ -6.400641, 39.907028499000035 ], [ -6.397260499999959, 39.896365999000068 ], [ -6.424394018999976, 39.891785624000079 ], [ -6.427945443999931, 39.887091435000059 ], [ -6.42393978399997, 39.879455499000073 ], [ -6.438668205999932, 39.873441999000079 ], [ -6.434218703999932, 39.867752387000053 ], [ -6.435441116999925, 39.86490518100004 ], [ -6.437984788999927, 39.86490518100004 ] ] ] } },
{ "type": "Feature", "properties": { "code": "10190", "name": "Torrejón el Rubio" }, "geometry": { "type": "Polygon", "coordinates": [ [ [ -5.870226, 39.774211999000045 ], [ -5.888737598999967, 39.714605085000073 ], [ -5.92150884299997, 39.725272041000039 ], [ -5.930951967999931, 39.714290247000065 ], [ -5.956600935999973, 39.70704302300004 ], [ -5.938910630999942, 39.682517652000058 ], [ -5.942297163999967, 39.668560398000068 ], [ -5.940759, 39.664363499000046 ], [ -5.957583998999951, 39.663027187000068 ], [ -5.966823598999952, 39.666041909000057 ], [ -5.984501448999936, 39.66131103500004 ], [ -6.005711499999961, 39.663215499000046 ], [ -6.019453605999956, 39.696415916000035 ], [ -6.025971501999948, 39.70317973300007 ], [ -6.03991285799998, 39.710706662000064 ], [ -6.052117, 39.696971999000027 ], [ -6.075149066999927, 39.726916822000078 ], [ -6.079938434999974, 39.746941565000043 ], [ -6.064649634999967, 39.758272375000047 ], [ -6.058683597999959, 39.766119576000051 ], [ -6.042420036999943, 39.771067248000065 ], [ -6.035152323999966, 39.780180617000042 ], [ -6.035657713999967, 39.801997998000047 ], [ -6.044801501999927, 39.807265271000063 ], [ -6.056821960999969, 39.820462859000031 ], [ -6.057756749999953, 39.828352076000044 ], [ -6.050482709999926, 39.832887231000029 ], [ -6.032134179999957, 39.832938499000079 ], [ -6.022905, 39.838306499000055 ], [ -6.018933499999946, 39.838371499000061 ], [ -6.003824499999951, 39.835414999000079 ], [ -5.989545499999963, 39.834914499000035 ], [ -5.979891499999951, 39.829112999000074 ], [ -5.964904, 39.827514499000074 ], [ -5.959026499999936, 39.825847499000076 ], [ -5.956271, 39.825637999000037 ], [ -5.952888499999972, 39.827121499000043 ], [ -5.949722, 39.82715599900007 ], [ -5.946503499999949, 39.825076999000032 ], [ -5.942227499999944, 39.818210499000031 ], [ -5.939050499999951, 39.817123499000047 ], [ -5.932181, 39.817916999000033 ], [ -5.926391499999966, 39.823253499000032 ], [ -5.92282849999998, 39.823547499000028 ], [ -5.919225, 39.822578499000031 ], [ -5.916770048999979, 39.818437748000065 ], [ -5.919474040999944, 39.805138249000038 ], [ -5.902256899999941, 39.792819817000066 ], [ -5.895205593999947, 39.790566476000038 ], [ -5.884123464999959, 39.79582068600007 ], [ -5.864045204999968, 39.789319167000031 ], [ -5.858120499999927, 39.792838999000026 ], [ -5.858234412999934, 39.782751179000059 ], [ -5.870226, 39.774211999000045 ] ] ] } },
{ "type": "Feature", "properties": { "code": "10191", "name": "Torremenga" }, "geometry": { "type": "Polygon", "coordinates": [ [ [ -5.78543, 40.009727499000064 ], [ -5.794730327999957, 40.023364064000077 ], [ -5.791022837999947, 40.033604293000053 ], [ -5.796688806999953, 40.043282650000037 ], [ -5.792554518999964, 40.055744515000072 ], [ -5.799230499999965, 40.062186999000062 ], [ -5.785853618999965, 40.061087373000078 ], [ -5.773742725999966, 40.055404392000071 ], [ -5.75843305199993, 40.029937896000035 ], [ -5.768078037999942, 40.016542099000048 ], [ -5.78543, 40.009727499000064 ] ] ] } },
{ "type": "Feature", "properties": { "code": "10192", "name": "Torremocha" }, "geometry": { "type": "Polygon", "coordinates": [ [ [ -6.168528, 39.295338499000025 ], [ -6.21352987299997, 39.285932295000066 ], [ -6.228203845999928, 39.285650792000069 ], [ -6.239747612999963, 39.289299390000053 ], [ -6.263027, 39.279456999000047 ], [ -6.233452912999951, 39.314770728000042 ], [ -6.200064, 39.347957499000074 ], [ -6.174031598999932, 39.359750691000045 ], [ -6.150653154999929, 39.364024235000045 ], [ -6.132063672999948, 39.363700896000068 ], [ -6.106691, 39.364742499000045 ], [ -6.108335470999975, 39.35499651400005 ], [ -6.10350664799995, 39.344862492000061 ], [ -6.12154, 39.324002999000072 ], [ -6.132063672999948, 39.319575537000048 ], [ -6.165571973999931, 39.299753609000049 ], [ -6.168528, 39.295338499000025 ] ] ] } },
{ "type": "Feature", "properties": { "code": "10193", "name": "Torreorgaz" }, "geometry": { "type": "Polygon", "coordinates": [ [ [ -6.27233549999994, 39.287322999000025 ], [ -6.267613454999946, 39.305195231000027 ], [ -6.276112336999972, 39.316593490000059 ], [ -6.287213, 39.326087999000038 ], [ -6.280123658999969, 39.350525358000027 ], [ -6.263119117999963, 39.353331721000075 ], [ -6.260089451999931, 39.35753455300005 ], [ -6.262077692999981, 39.365576762000046 ], [ -6.273714275999964, 39.367124302000036 ], [ -6.272704073999932, 39.375031164000063 ], [ -6.279918414999941, 39.385387251000054 ], [ -6.277931698999964, 39.389774530000068 ], [ -6.25956402099996, 39.40396387800007 ], [ -6.241869915999928, 39.404030138000053 ], [ -6.233587764999925, 39.399189902000046 ], [ -6.233032905999949, 39.388757703000067 ], [ -6.236914208999963, 39.380410101000052 ], [ -6.230343, 39.378116499000043 ], [ -6.237833889999933, 39.373011372000065 ], [ -6.249209962999942, 39.354023889000075 ], [ -6.242514731999961, 39.348000220000074 ], [ -6.270996499999967, 39.286956499000041 ], [ -6.27233549999994, 39.287322999000025 ] ] ] } },
{ "type": "Feature", "properties": { "code": "10194", "name": "Torrequemada" }, "geometry": { "type": "Polygon", "coordinates": [ [ [ -6.270996499999967, 39.286956499000041 ], [ -6.242514731999961, 39.348000220000074 ], [ -6.249209962999942, 39.354023889000075 ], [ -6.237833889999933, 39.373011372000065 ], [ -6.219314320999956, 39.384605929000031 ], [ -6.211653844999944, 39.381827136000027 ], [ -6.203960182999936, 39.384408674000042 ], [ -6.196146786999975, 39.378302724000037 ], [ -6.19749638299993, 39.367297638000025 ], [ -6.206530293999947, 39.35187626000004 ], [ -6.200064, 39.347957499000074 ], [ -6.233452912999951, 39.314770728000042 ], [ -6.263027, 39.279456999000047 ], [ -6.270996499999967, 39.286956499000041 ] ] ] } },
{ "type": "Feature", "properties": { "code": "10195", "name": "Trujillo" }, "geometry": { "type": "MultiPolygon", "coordinates": [ [ [ [ -6.048077, 39.515544499000043 ], [ -6.056068876999973, 39.513777723000032 ], [ -6.070540186999949, 39.519145531000049 ], [ -6.077253749999954, 39.515887659000043 ], [ -6.079903929999944, 39.52361690400005 ], [ -6.091473822999944, 39.525679053000033 ], [ -6.099917758999936, 39.531959627000049 ], [ -6.101802944999974, 39.537219957000048 ], [ -6.121150908999937, 39.543244805000029 ], [ -6.133823478999943, 39.54158546900004 ], [ -6.13759631399995, 39.542076036000026 ], [ -6.15469937499995, 39.53964164100006 ], [ -6.158177135999949, 39.546978608000074 ], [ -6.16735302799998, 39.547066145000031 ], [ -6.171369029999937, 39.551478492000058 ], [ -6.176754607999953, 39.551949027000035 ], [ -6.188202734999948, 39.560869063000041 ], [ -6.190265589999967, 39.566400176000059 ], [ -6.196293974999946, 39.566381966000051 ], [ -6.200770269999964, 39.570076741000037 ], [ -6.206705789999944, 39.568428687000051 ], [ -6.232778008999958, 39.577104003000045 ], [ -6.24174874199997, 39.576506679000033 ], [ -6.243781981999973, 39.582944922000024 ], [ -6.251566525999976, 39.582106947000057 ], [ -6.266983062999941, 39.587049578000062 ], [ -6.274003856999968, 39.585048707000055 ], [ -6.287322618999951, 39.595118819000049 ], [ -6.305658, 39.591289499000027 ], [ -6.285928816999956, 39.607072500000072 ], [ -6.255190499999969, 39.612712999000053 ], [ -6.249791103999939, 39.61060597200003 ], [ -6.240969807999932, 39.614512129000047 ], [ -6.209089707999965, 39.61024640800008 ], [ -6.164453199999969, 39.610351303000073 ], [ -6.152712771999973, 39.597651269000039 ], [ -6.132063672999948, 39.599981674000048 ], [ -6.126674700999956, 39.603112124000063 ], [ -6.117720706999933, 39.599834797000028 ], [ -6.106004308999957, 39.603073549000044 ], [ -6.103250964999972, 39.608052587000032 ], [ -6.085259859999951, 39.617513083000063 ], [ -6.078020227999957, 39.62584451400005 ], [ -6.06403232699995, 39.63402940900005 ], [ -6.056166625999936, 39.635461304000046 ], [ -6.047659815999964, 39.643135086000029 ], [ -6.028987275999953, 39.645428895000066 ], [ -6.005711499999961, 39.663215499000046 ], [ -5.984501448999936, 39.66131103500004 ], [ -5.966823598999952, 39.666041909000057 ], [ -5.957583998999951, 39.663027187000068 ], [ -5.940759, 39.664363499000046 ], [ -5.93108843999994, 39.666633484000045 ], [ -5.910549233999973, 39.657990131000076 ], [ -5.895218390999958, 39.65751513400005 ], [ -5.887121990999958, 39.654386222000028 ], [ -5.875560471999961, 39.657615958000065 ], [ -5.868344576999959, 39.653383576000067 ], [ -5.833636499999955, 39.647624999000072 ], [ -5.83259755499995, 39.64044991600008 ], [ -5.82470049099993, 39.629199654000047 ], [ -5.838228860999948, 39.614998952000064 ], [ -5.833988876999967, 39.608509989000027 ], [ -5.836468006999951, 39.600484899000037 ], [ -5.828025215999958, 39.597969731000035 ], [ -5.834711047999974, 39.584778128000039 ], [ -5.830882864999978, 39.566417869000077 ], [ -5.820477740999934, 39.562301904000037 ], [ -5.817966922999972, 39.555055856000024 ], [ -5.805495906999965, 39.539773223000054 ], [ -5.787297544999944, 39.524394019000056 ], [ -5.771357147999936, 39.51776835700008 ], [ -5.750886378999951, 39.52531500200007 ], [ -5.738915, 39.522422999000071 ], [ -5.731490143999963, 39.516591520000077 ], [ -5.735674156999949, 39.508836053000039 ], [ -5.741713455999957, 39.507056633000047 ], [ -5.746013752999943, 39.515249072000074 ], [ -5.75654560299995, 39.506219071000032 ], [ -5.764187658999958, 39.507373678000079 ], [ -5.780434842999966, 39.489655440000035 ], [ -5.78436570599996, 39.479145334000066 ], [ -5.79623621099995, 39.472109773000057 ], [ -5.795921850999946, 39.463506813000038 ], [ -5.802767521999954, 39.455864250000047 ], [ -5.782433506999951, 39.448624885000072 ], [ -5.780560494999975, 39.445303657000068 ], [ -5.785199595999927, 39.440716812000062 ], [ -5.797671411999943, 39.441751441000065 ], [ -5.802705905999971, 39.434634333000076 ], [ -5.814088579999975, 39.431041942000036 ], [ -5.806013744999973, 39.42335035900004 ], [ -5.819659277999961, 39.410368985000048 ], [ -5.806504659999973, 39.39730826300007 ], [ -5.797790751999969, 39.396499178000056 ], [ -5.784649786999978, 39.402775622000036 ], [ -5.772142312999961, 39.399437824000074 ], [ -5.767390499999976, 39.393645999000057 ], [ -5.781812125999977, 39.384723939000025 ], [ -5.784192431999941, 39.377981912000052 ], [ -5.796004, 39.379512499000043 ], [ -5.851633858999946, 39.368743872000039 ], [ -5.876571, 39.381419999000059 ], [ -5.881481640999937, 39.380086393000056 ], [ -5.890592237999954, 39.402281223000045 ], [ -5.906569872999967, 39.40379589500003 ], [ -5.91188133199995, 39.398602975000074 ], [ -5.915512499999977, 39.398891499000058 ], [ -5.912911539999925, 39.403689616000065 ], [ -5.931402499999933, 39.404293499000062 ], [ -5.931643039999926, 39.409883996000076 ], [ -5.938253778999979, 39.416965988000072 ], [ -5.935398459999931, 39.422945155000036 ], [ -5.936682245999975, 39.426201146000039 ], [ -5.945795820999933, 39.428428505000056 ], [ -5.948768306999966, 39.436196198000061 ], [ -5.959090986999968, 39.437082157000077 ], [ -5.957040953999979, 39.456303352000077 ], [ -5.971244462999948, 39.459386919000053 ], [ -5.970243211999957, 39.467127851000043 ], [ -5.962927387999969, 39.473447187000033 ], [ -5.981455273999927, 39.483315466000079 ], [ -5.977870862999964, 39.496697918000052 ], [ -5.963116552999963, 39.50334448600006 ], [ -5.965972616999977, 39.509056261000069 ], [ -5.97315988899993, 39.515037444000029 ], [ -5.977824376999934, 39.512862991000077 ], [ -5.98742591599995, 39.518221458000028 ], [ -5.995941432999928, 39.528238071000033 ], [ -6.001059571999974, 39.525094823000074 ], [ -6.008045546999938, 39.527168084000039 ], [ -6.013846436999927, 39.522341646000029 ], [ -6.020382745999939, 39.524715622000031 ], [ -6.038105321999979, 39.514794029000029 ], [ -6.048077, 39.515544499000043 ] ], [ [ -5.962265010999943, 39.596700957000053 ], [ -5.954616076999969, 39.579746740000076 ], [ -5.947202865999941, 39.573219989000052 ], [ -5.953171340999972, 39.565783870000075 ], [ -5.953245513999946, 39.558376715000065 ], [ -5.942228262999947, 39.549025916000062 ], [ -5.938826847999962, 39.536398320000046 ], [ -5.921521667999968, 39.534696773000064 ], [ -5.907951260999937, 39.525888767000026 ], [ -5.893317737999951, 39.537353273000065 ], [ -5.894748240999945, 39.553090780000048 ], [ -5.891068337999968, 39.56177647700008 ], [ -5.896135226999945, 39.574888571000031 ], [ -5.89308416199998, 39.588542856000061 ], [ -5.895946825999943, 39.592181814000071 ], [ -5.894777283999929, 39.598534702000052 ], [ -5.900338252999973, 39.59766139900006 ], [ -5.904223918999946, 39.606888932000061 ], [ -5.919715258999929, 39.608184503000075 ], [ -5.933213511999952, 39.599942665000071 ], [ -5.951575644999934, 39.601098956000044 ], [ -5.962265010999943, 39.596700957000053 ] ] ], [ [ [ -6.003323, 39.351962999000079 ], [ -6.000709196999935, 39.366786178000041 ], [ -5.989167, 39.371787999000048 ], [ -5.970228, 39.360088499000028 ], [ -5.980869148999943, 39.340402886000049 ], [ -5.984568984999953, 39.324581245000047 ], [ -5.988882, 39.322677499000065 ], [ -5.989897807999967, 39.330841030000045 ], [ -5.987243622999927, 39.33591774000007 ], [ -5.989532975999964, 39.343154404000074 ], [ -5.993223476999958, 39.346322560000033 ], [ -6.001984863999951, 39.346403076000058 ], [ -6.003323, 39.351962999000079 ] ] ], [ [ [ -6.084567, 39.405441499000062 ], [ -6.086812928999962, 39.40854128400008 ], [ -6.081365000999938, 39.412213474000055 ], [ -6.080010294999965, 39.421754476000046 ], [ -6.088281623999933, 39.423498821000067 ], [ -6.08510486199998, 39.428046499000061 ], [ -6.091509534999943, 39.439541413000029 ], [ -6.087734175999969, 39.448077347000037 ], [ -6.082025342999941, 39.452896918000079 ], [ -6.093093462999946, 39.456351815000062 ], [ -6.097190256999966, 39.46315160000006 ], [ -6.094939499999953, 39.465606499000046 ], [ -6.07641560999997, 39.469586084000071 ], [ -6.067156384999976, 39.47994041100003 ], [ -6.065275762999931, 39.470770318000064 ], [ -6.056723499999976, 39.475925499000027 ], [ -6.053690853999967, 39.474991879000072 ], [ -6.060804785999949, 39.451491057000055 ], [ -6.055655744999967, 39.445418023000059 ], [ -6.044849166999938, 39.450530959000048 ], [ -6.034951000999968, 39.440315190000035 ], [ -6.035949010999957, 39.43727762900005 ], [ -6.044840070999953, 39.435657995000042 ], [ -6.040989791999948, 39.429459418000079 ], [ -6.051494468999977, 39.42750267200006 ], [ -6.041753587999949, 39.411319529000025 ], [ -6.019262432999938, 39.388100524000038 ], [ -5.997610154999961, 39.390483410000058 ], [ -5.991939499999944, 39.375320499000054 ], [ -6.029263361999938, 39.376379198000052 ], [ -6.032183742999962, 39.38610422000005 ], [ -6.038415563999934, 39.393245813000078 ], [ -6.061838973999954, 39.408142582000039 ], [ -6.084567, 39.405441499000062 ] ] ] ] } },
{ "type": "Feature", "properties": { "code": "10196", "name": "Valdastillas" }, "geometry": { "type": "Polygon", "coordinates": [ [ [ -5.95407, 40.164512499000068 ], [ -5.950931499999967, 40.167873499000052 ], [ -5.922228682999958, 40.157904070000029 ], [ -5.918050135999977, 40.14667727300008 ], [ -5.901343996999969, 40.139181417000032 ], [ -5.877943, 40.147604499000067 ], [ -5.866405721999968, 40.132921083000042 ], [ -5.87638, 40.124797499000067 ], [ -5.893347576999929, 40.133068969000078 ], [ -5.910073, 40.132569499000056 ], [ -5.937602567999932, 40.157231148000051 ], [ -5.95407, 40.164512499000068 ] ] ] } },
{ "type": "Feature", "properties": { "code": "10197", "name": "Valdecañas de Tajo" }, "geometry": { "type": "Polygon", "coordinates": [ [ [ -5.620048499999939, 39.777584499000056 ], [ -5.604444499999943, 39.780212499000072 ], [ -5.605017983999971, 39.773883711000053 ], [ -5.60135319799997, 39.767924970000024 ], [ -5.577467, 39.749793499000077 ], [ -5.591228722999972, 39.745054141000026 ], [ -5.597769287999938, 39.738719303000039 ], [ -5.599527770999941, 39.731137598000032 ], [ -5.614235925999935, 39.732131683000034 ], [ -5.624852499999974, 39.72283199900005 ], [ -5.624093821999963, 39.738389325000071 ], [ -5.631941261999941, 39.743333691000032 ], [ -5.640174490999925, 39.743068115000028 ], [ -5.641446311999971, 39.748541906000071 ], [ -5.646581216999948, 39.752627159000042 ], [ -5.647657237999965, 39.758051154000043 ], [ -5.643782499999929, 39.766696499000034 ], [ -5.634868853999933, 39.766387235000025 ], [ -5.626889921999975, 39.774766599000031 ], [ -5.620048499999939, 39.777584499000056 ] ] ] } },
{ "type": "Feature", "properties": { "code": "10198", "name": "Valdefuentes" }, "geometry": { "type": "Polygon", "coordinates": [ [ [ -6.115435499999933, 39.320930999000041 ], [ -6.106857033999972, 39.30961405000005 ], [ -6.101981985999942, 39.290984316000049 ], [ -6.092521499999975, 39.283580999000037 ], [ -6.094019499999945, 39.280084499000054 ], [ -6.105308215999969, 39.274682940000048 ], [ -6.117290640999954, 39.26265859800003 ], [ -6.132063672999948, 39.263689758000055 ], [ -6.14362276199995, 39.266618030000075 ], [ -6.145418774999939, 39.271937175000062 ], [ -6.154581560999929, 39.279942056000039 ], [ -6.165305071999967, 39.283731798000076 ], [ -6.168528, 39.295338499000025 ], [ -6.165571973999931, 39.299753609000049 ], [ -6.127820499999928, 39.321797999000069 ], [ -6.12154, 39.324002999000072 ], [ -6.115435499999933, 39.320930999000041 ] ] ] } },
{ "type": "Feature", "properties": { "code": "10199", "name": "Valdehúncar" }, "geometry": { "type": "Polygon", "coordinates": [ [ [ -5.551944, 39.811771499000031 ], [ -5.560490499999958, 39.808693499000071 ], [ -5.563383937999959, 39.820593733000067 ], [ -5.57385174999996, 39.827202474000046 ], [ -5.571085, 39.834941499000024 ], [ -5.568031499999961, 39.836901999000077 ], [ -5.557587499999954, 39.838313999000036 ], [ -5.55339749999996, 39.839648999000076 ], [ -5.545678, 39.84803449900005 ], [ -5.519702312999925, 39.852152165000064 ], [ -5.508212577999927, 39.847380605000069 ], [ -5.490049781999971, 39.826355919000036 ], [ -5.493914, 39.807285999000044 ], [ -5.512234643999932, 39.807731551000074 ], [ -5.518718237999963, 39.804102681000074 ], [ -5.537781870999936, 39.813287847000026 ], [ -5.545359819999931, 39.814347511000051 ], [ -5.551944, 39.811771499000031 ] ] ] } },
{ "type": "Feature", "properties": { "code": "10200", "name": "Valdelacasa de Tajo" }, "geometry": { "type": "Polygon", "coordinates": [ [ [ -5.254264499999977, 39.752586499000074 ], [ -5.249423730999979, 39.746135831000061 ], [ -5.25376784499997, 39.742245984000078 ], [ -5.245364941999981, 39.73265314300005 ], [ -5.244818467999949, 39.725920468000027 ], [ -5.240503933999946, 39.720148074000065 ], [ -5.242491137999934, 39.714846968000074 ], [ -5.24969492799994, 39.711220418000039 ], [ -5.250984936999942, 39.687964127000043 ], [ -5.257175719999964, 39.682591390000027 ], [ -5.27162723899994, 39.67933978700006 ], [ -5.29208080799998, 39.66989846000007 ], [ -5.304578453999966, 39.671522164000066 ], [ -5.329227499999945, 39.655406999000036 ], [ -5.329876917999968, 39.657880611000053 ], [ -5.357099954999967, 39.665980206000029 ], [ -5.362369499999943, 39.670654499000079 ], [ -5.359420267999951, 39.681656445000044 ], [ -5.348931198999935, 39.684497896000039 ], [ -5.342142671999966, 39.692724884000029 ], [ -5.332602264999935, 39.691518237000025 ], [ -5.318983223999965, 39.707253058000049 ], [ -5.315861010999981, 39.741922503000069 ], [ -5.327936550999937, 39.760328499000025 ], [ -5.326392766999959, 39.767646701000047 ], [ -5.328634, 39.771262999000044 ], [ -5.339885509999931, 39.775708799000029 ], [ -5.353972270999975, 39.787375341000029 ], [ -5.352117, 39.79542899900008 ], [ -5.343128499999978, 39.787635499000032 ], [ -5.329963960999976, 39.783956820000071 ], [ -5.31520949999998, 39.788730499000053 ], [ -5.312252672999932, 39.786252758000046 ], [ -5.315541219999943, 39.770660725000027 ], [ -5.308511886999952, 39.760789039000031 ], [ -5.293510191999928, 39.76057159800007 ], [ -5.266783165999925, 39.752758550000067 ], [ -5.254264499999977, 39.752586499000074 ] ] ] } },
{ "type": "Feature", "properties": { "code": "10201", "name": "Valdemorales" }, "geometry": { "type": "Polygon", "coordinates": [ [ [ -6.039382, 39.203934999000069 ], [ -6.044205677999969, 39.198952892000079 ], [ -6.078386, 39.186471499000049 ], [ -6.086305356999958, 39.195277868000062 ], [ -6.089246, 39.203545999000028 ], [ -6.084934183999962, 39.204110558000025 ], [ -6.076845, 39.222408999000038 ], [ -6.071907, 39.21990899900004 ], [ -6.044038790999934, 39.210861216000069 ], [ -6.039382, 39.203934999000069 ] ] ] } },
{ "type": "Feature", "properties": { "code": "10202", "name": "Valdeobispo" }, "geometry": { "type": "Polygon", "coordinates": [ [ [ -6.294238, 40.065700499000059 ], [ -6.299466699999925, 40.072026222000034 ], [ -6.29765335999997, 40.077375461000031 ], [ -6.276267755999925, 40.083661076000055 ], [ -6.260701449999942, 40.092360069000051 ], [ -6.245536059999949, 40.104912471000034 ], [ -6.243641499999967, 40.110152999000036 ], [ -6.239199, 40.117870499000048 ], [ -6.234316499999977, 40.11809899900004 ], [ -6.23091, 40.119479999000077 ], [ -6.227279499999952, 40.123347999000032 ], [ -6.214408301999981, 40.114197368000077 ], [ -6.196530696999957, 40.108005086000048 ], [ -6.178873, 40.10633849900006 ], [ -6.183067499999936, 40.090133499000046 ], [ -6.19341133699993, 40.077712584000039 ], [ -6.193405, 40.074455499000067 ], [ -6.226669499999957, 40.071281499000065 ], [ -6.25095749999997, 40.045524499000066 ], [ -6.257496499999945, 40.03442349900007 ], [ -6.264060461999975, 40.050963699000079 ], [ -6.281387804999952, 40.063460064000026 ], [ -6.294238, 40.065700499000059 ] ] ] } },
{ "type": "Feature", "properties": { "code": "10203", "name": "Valencia de Alcántara" }, "geometry": { "type": "Polygon", "coordinates": [ [ [ -7.077242, 39.310241999000027 ], [ -7.083665244999963, 39.320959042000027 ], [ -7.083698436999953, 39.335992009000051 ], [ -7.100771605999967, 39.345805522000035 ], [ -7.102724112999965, 39.353282629000034 ], [ -7.097829925999974, 39.358564053000066 ], [ -7.079388684999969, 39.352472584000054 ], [ -7.064337425999952, 39.372196552000048 ], [ -7.074681841999961, 39.38055818600003 ], [ -7.092575902999954, 39.380467592000059 ], [ -7.103697677999946, 39.38578294000007 ], [ -7.120746403999931, 39.383017067000026 ], [ -7.132877031999953, 39.375911115000065 ], [ -7.141167792999966, 39.374986919000037 ], [ -7.160254144999953, 39.362077627000076 ], [ -7.164432666999971, 39.352648256000066 ], [ -7.176314293999951, 39.33866759700004 ], [ -7.177555137999946, 39.330688302000056 ], [ -7.168886439999937, 39.321392198000069 ], [ -7.160751553999944, 39.329532413000038 ], [ -7.156701016999932, 39.329672352000046 ], [ -7.153037767999933, 39.320931397000038 ], [ -7.156155772999966, 39.314755430000048 ], [ -7.16875960699997, 39.306530397000074 ], [ -7.172872175999942, 39.297061198000051 ], [ -7.189981801999977, 39.283491797000067 ], [ -7.203933499999948, 39.265762499000061 ], [ -7.211797499999932, 39.270316999000045 ], [ -7.219992, 39.272700999000051 ], [ -7.225642, 39.276279499000054 ], [ -7.231467, 39.278430999000079 ], [ -7.266127918999928, 39.300731742000039 ], [ -7.272092008999948, 39.312008395000078 ], [ -7.308793, 39.337657999000044 ], [ -7.306894586999931, 39.356028086000038 ], [ -7.312009597999975, 39.369375353000066 ], [ -7.322952421999958, 39.381763156000034 ], [ -7.312863, 39.399413999000046 ], [ -7.308202945999938, 39.401038689000075 ], [ -7.302120705999926, 39.415308014000061 ], [ -7.308492991999969, 39.430543057000079 ], [ -7.305329403999963, 39.445088196000029 ], [ -7.295663953999963, 39.456052877000047 ], [ -7.305219, 39.463922499000034 ], [ -7.323254199999951, 39.475187127000027 ], [ -7.343526295999936, 39.479365514000051 ], [ -7.348188258999926, 39.487373171000058 ], [ -7.361778708999964, 39.483099458000027 ], [ -7.365181228999973, 39.487013950000062 ], [ -7.380068, 39.49304599900006 ], [ -7.379773090999947, 39.497439361000033 ], [ -7.38925949999998, 39.503257499000028 ], [ -7.388564017999954, 39.520848989000058 ], [ -7.391188, 39.529945999000063 ], [ -7.381665060999978, 39.53294470600008 ], [ -7.376180890999933, 39.540982603000032 ], [ -7.354154792999964, 39.543755675000057 ], [ -7.342711950999956, 39.560790217000033 ], [ -7.350088095999979, 39.572341815000073 ], [ -7.325420365999946, 39.581898448000061 ], [ -7.325362520999931, 39.589648947000057 ], [ -7.320296374999941, 39.597574291000058 ], [ -7.324204450999957, 39.60696477700003 ], [ -7.317851652999934, 39.611029641000073 ], [ -7.317896360999953, 39.619182605000049 ], [ -7.311773499999958, 39.622306499000047 ], [ -7.308732840999937, 39.618843067000057 ], [ -7.303242583999975, 39.620746852000025 ], [ -7.297068122999974, 39.60204109700004 ], [ -7.289177370999937, 39.604222827000058 ], [ -7.285448695999946, 39.59348813500003 ], [ -7.264836437999975, 39.586331284000039 ], [ -7.253341312999964, 39.571166535000032 ], [ -7.253787330999955, 39.567647218000047 ], [ -7.238906662999966, 39.550867772000061 ], [ -7.21653753399994, 39.550986558000034 ], [ -7.216661649999935, 39.55667948100006 ], [ -7.206024990999936, 39.560283781000066 ], [ -7.201044262999972, 39.565417600000046 ], [ -7.192667721999953, 39.566304596000066 ], [ -7.189278866999928, 39.571615885000028 ], [ -7.178688, 39.575412999000037 ], [ -7.162493093999956, 39.558493627000075 ], [ -7.140927474999955, 39.548340568000071 ], [ -7.139542282999969, 39.536517256000025 ], [ -7.145717195999964, 39.516203432000054 ], [ -7.142991811999934, 39.511472452000078 ], [ -7.124763319999943, 39.506464437000034 ], [ -7.109623005999936, 39.498472688000049 ], [ -7.094840499999975, 39.504300499000067 ], [ -7.09934523499993, 39.492534575000036 ], [ -7.125422188999949, 39.465432208000038 ], [ -7.092597913999953, 39.450919830000032 ], [ -7.048769499999935, 39.436661499000024 ], [ -7.065753638999979, 39.413890339000034 ], [ -7.04227981799994, 39.398325064000062 ], [ -7.011654895999925, 39.38829351000004 ], [ -7.018385603999945, 39.382626019000043 ], [ -7.021488218999934, 39.372187483000062 ], [ -7.031526137999947, 39.367654911000045 ], [ -7.03019150199998, 39.352030719000027 ], [ -7.047536116999936, 39.333779222000032 ], [ -7.048050860999979, 39.329706788000067 ], [ -7.044203499999981, 39.326984499000048 ], [ -7.050458, 39.321662999000068 ], [ -7.077242, 39.310241999000027 ] ] ] } },
{ "type": "Feature", "properties": { "code": "10204", "name": "Valverde de la Vera" }, "geometry": { "type": "Polygon", "coordinates": [ [ [ -5.51265049999995, 40.057132999000032 ], [ -5.520437354999956, 40.060274759000038 ], [ -5.523539, 40.072677499000065 ], [ -5.517353847999971, 40.076986139000041 ], [ -5.514310062999925, 40.085365145000026 ], [ -5.512552595999978, 40.118494639000062 ], [ -5.506995305999965, 40.130770114000029 ], [ -5.510240856999928, 40.151427319000049 ], [ -5.505243112999949, 40.170132241000033 ], [ -5.496052567999925, 40.189458419000061 ], [ -5.497111, 40.200034499000026 ], [ -5.48811, 40.204776499000047 ], [ -5.476363584999945, 40.20288170200007 ], [ -5.469635764999964, 40.185925002000033 ], [ -5.475079111999946, 40.172779662000039 ], [ -5.470160032999956, 40.161407893000046 ], [ -5.479170453999927, 40.145719745000065 ], [ -5.479499883999949, 40.133865628000081 ], [ -5.474732009999968, 40.105121098000041 ], [ -5.460575694999932, 40.080073406000054 ], [ -5.46738849999997, 40.069263499000044 ], [ -5.479920073999949, 40.070778297000061 ], [ -5.495322063999936, 40.066762452000035 ], [ -5.506399070999976, 40.067423199000075 ], [ -5.510970275999966, 40.064323140000056 ], [ -5.51265049999995, 40.057132999000032 ] ] ] } },
{ "type": "Feature", "properties": { "code": "10205", "name": "Valverde del Fresno" }, "geometry": { "type": "Polygon", "coordinates": [ [ [ -6.932988, 40.099425999000061 ], [ -6.933359863999954, 40.101906803000077 ], [ -6.942455029999962, 40.104601725000066 ], [ -6.94307628599995, 40.112291895000055 ], [ -6.953002033999951, 40.113378566000051 ], [ -6.960429063999925, 40.110396133000052 ], [ -6.979750260999936, 40.118400173000055 ], [ -6.987177601999974, 40.118418349000081 ], [ -6.993148772999973, 40.113602439000033 ], [ -6.994313300999977, 40.118170900000052 ], [ -7.010532883999929, 40.126864318000059 ], [ -7.014271405999978, 40.140754952000066 ], [ -7.018518612999969, 40.145110273000057 ], [ -7.013695042999927, 40.152055159000042 ], [ -7.014016977999972, 40.159241404000056 ], [ -7.019169295999973, 40.168107989000077 ], [ -7.016355121999936, 40.17777342100004 ], [ -7.028182209999954, 40.186196887000051 ], [ -7.019587265999974, 40.197591798000076 ], [ -7.010769760999949, 40.226958197000044 ], [ -6.997504998999943, 40.235512077000067 ], [ -6.98110404099998, 40.239993771000059 ], [ -6.970471490999955, 40.236895710000056 ], [ -6.964278398999966, 40.238229483000055 ], [ -6.95129849999995, 40.257445999000026 ], [ -6.922530526999935, 40.257705736000048 ], [ -6.910462056999961, 40.255074609000076 ], [ -6.893383397999969, 40.259877920000065 ], [ -6.880547707999938, 40.259444294000048 ], [ -6.870598663999942, 40.263270042000045 ], [ -6.865144, 40.270694499000058 ], [ -6.846865499999979, 40.254485999000053 ], [ -6.867544401999965, 40.220533338000052 ], [ -6.870557950999967, 40.207487783000033 ], [ -6.886692499999981, 40.193362999000044 ], [ -6.871482871999945, 40.186234399000057 ], [ -6.866375791999928, 40.179857303000063 ], [ -6.867076499999939, 40.17180249900008 ], [ -6.864323291999938, 40.168108860000075 ], [ -6.868312082999978, 40.156910742000036 ], [ -6.865688907999981, 40.150166581000065 ], [ -6.871682798999927, 40.144292230000076 ], [ -6.863984604999928, 40.138084726000045 ], [ -6.861494, 40.131740499000045 ], [ -6.897089905999962, 40.112691668000025 ], [ -6.898160227999938, 40.106714684000053 ], [ -6.912138726999956, 40.098059557000056 ], [ -6.92046, 40.083636999000078 ], [ -6.922530526999935, 40.087649956000064 ], [ -6.932988, 40.099425999000061 ] ] ] } },
{ "type": "Feature", "properties": { "code": "10206", "name": "Viandar de la Vera" }, "geometry": { "type": "Polygon", "coordinates": [ [ [ -5.531008499999928, 40.194759499000043 ], [ -5.518788, 40.196906999000078 ], [ -5.520655104999946, 40.156904569000062 ], [ -5.530227086999957, 40.137540114000046 ], [ -5.526620133999927, 40.11632822200005 ], [ -5.536982328999954, 40.102395767000075 ], [ -5.539602499999944, 40.093528999000057 ], [ -5.555935804999933, 40.101292258000058 ], [ -5.561567012999944, 40.120446075000075 ], [ -5.57101106999994, 40.133514381000055 ], [ -5.568228069999975, 40.14294680200004 ], [ -5.55748531699993, 40.154132029000039 ], [ -5.560344856999961, 40.15878667000004 ], [ -5.547634906999974, 40.165591921000043 ], [ -5.547392835999972, 40.172623564000048 ], [ -5.537591650999957, 40.180973327000061 ], [ -5.531008499999928, 40.194759499000043 ] ] ] } },
{ "type": "Feature", "properties": { "code": "10207", "name": "Villa del Campo" }, "geometry": { "type": "Polygon", "coordinates": [ [ [ -6.460021499999925, 40.195628999000064 ], [ -6.452501707999943, 40.183243236000067 ], [ -6.43906, 40.174792999000033 ], [ -6.452371937999942, 40.167030709000073 ], [ -6.456752606999942, 40.153788553000027 ], [ -6.425101022999968, 40.150460975000044 ], [ -6.419054939999967, 40.144061411000052 ], [ -6.450880499999926, 40.112849999000048 ], [ -6.470178233999945, 40.110497270000053 ], [ -6.482119974999932, 40.115442725000037 ], [ -6.495773680999946, 40.11624796600006 ], [ -6.508622830999968, 40.110178243000064 ], [ -6.526078, 40.107917499000052 ], [ -6.522118754999951, 40.143313505000037 ], [ -6.527972680999937, 40.149652337000077 ], [ -6.538410294999949, 40.153143266000029 ], [ -6.539245465999954, 40.156102674000067 ], [ -6.485957744999951, 40.187067986000045 ], [ -6.475829439999927, 40.187775664000071 ], [ -6.460021499999925, 40.195628999000064 ] ] ] } },
{ "type": "Feature", "properties": { "code": "10208", "name": "Villa del Rey" }, "geometry": { "type": "Polygon", "coordinates": [ [ [ -6.856791, 39.599101999000027 ], [ -6.859989693999978, 39.609933727000055 ], [ -6.858334992999971, 39.626927437000063 ], [ -6.861553555999933, 39.657336902000054 ], [ -6.852920395999945, 39.669152419000056 ], [ -6.85183423999996, 39.676780348000079 ], [ -6.83702829799995, 39.673796946000039 ], [ -6.820960150999952, 39.675068674000045 ], [ -6.817655167999931, 39.68019023800008 ], [ -6.81954049999996, 39.689067999000031 ], [ -6.813598806999948, 39.69065091300007 ], [ -6.798690615999931, 39.685979203000045 ], [ -6.782709319999981, 39.687990926000055 ], [ -6.771178008999925, 39.700431782000067 ], [ -6.75581649999998, 39.704992999000069 ], [ -6.749146174999964, 39.699059370000043 ], [ -6.75518034199996, 39.68506857400007 ], [ -6.749504978999937, 39.675997713000072 ], [ -6.759517008999978, 39.658106695000072 ], [ -6.794035251999958, 39.639290618000075 ], [ -6.800056702999939, 39.628769197000054 ], [ -6.812966133999964, 39.61821416500004 ], [ -6.850551158999963, 39.609458489000076 ], [ -6.856791, 39.599101999000027 ] ] ] } },
{ "type": "Feature", "properties": { "code": "10209", "name": "Villamesías" }, "geometry": { "type": "Polygon", "coordinates": [ [ [ -5.946038499999929, 39.243316499000059 ], [ -5.919212896999966, 39.251319368000054 ], [ -5.906094499999938, 39.25936499900007 ], [ -5.885132766999959, 39.256603827000049 ], [ -5.870631106999951, 39.268196654000064 ], [ -5.858479013999954, 39.271981656000037 ], [ -5.854139251999925, 39.282803345000048 ], [ -5.835032, 39.278774499000065 ], [ -5.847071207999932, 39.257553481000059 ], [ -5.83666409999995, 39.237493976000053 ], [ -5.841718, 39.210719999000048 ], [ -5.858934393999959, 39.211551879000069 ], [ -5.861729995999951, 39.216671852000047 ], [ -5.883746883999947, 39.219243964000043 ], [ -5.918710302999955, 39.212544796000032 ], [ -5.957851499999947, 39.225837999000078 ], [ -5.953611, 39.231872499000076 ], [ -5.950888499999962, 39.234374999000067 ], [ -5.949701499999946, 39.237537499000041 ], [ -5.947427, 39.23937999900005 ], [ -5.946166, 39.241347999000027 ], [ -5.946038499999929, 39.243316499000059 ] ] ] } },
{ "type": "Feature", "properties": { "code": "10210", "name": "Villamiel" }, "geometry": { "type": "Polygon", "coordinates": [ [ [ -6.745415, 40.182929999000066 ], [ -6.747392949999949, 40.176991759000032 ], [ -6.742650759999947, 40.168587914000057 ], [ -6.74122159999996, 40.150788644000045 ], [ -6.744262499999934, 40.145995999000036 ], [ -6.780770718999975, 40.128812082000024 ], [ -6.795109142999934, 40.125507734000053 ], [ -6.804601740999942, 40.115279437000027 ], [ -6.81237449899993, 40.112784903000033 ], [ -6.823913445999949, 40.113998939000055 ], [ -6.83792869399997, 40.110674140000071 ], [ -6.842431022999961, 40.114812382000025 ], [ -6.845080916999962, 40.129138881000074 ], [ -6.861494, 40.131740499000045 ], [ -6.863984604999928, 40.138084726000045 ], [ -6.871682798999927, 40.144292230000076 ], [ -6.865688907999981, 40.150166581000065 ], [ -6.868312082999978, 40.156910742000036 ], [ -6.864323291999938, 40.168108860000075 ], [ -6.867076499999939, 40.17180249900008 ], [ -6.776816708999945, 40.19977599200007 ], [ -6.770447, 40.204280999000048 ], [ -6.758090126999946, 40.199881398000059 ], [ -6.745415, 40.182929999000066 ] ] ] } },
{ "type": "Feature", "properties": { "code": "10211", "name": "Villanueva de la Sierra" }, "geometry": { "type": "Polygon", "coordinates": [ [ [ -6.438289, 40.219928999000047 ], [ -6.388931799999966, 40.224444098000049 ], [ -6.393040514999939, 40.235556213000052 ], [ -6.38697869899994, 40.250647537000077 ], [ -6.374986884999942, 40.263798780000059 ], [ -6.369123499999944, 40.266223999000033 ], [ -6.362599448999958, 40.257273226000052 ], [ -6.363708626999937, 40.246133427000075 ], [ -6.369326119999926, 40.222178132000067 ], [ -6.379982928999937, 40.20830157100005 ], [ -6.374876875999973, 40.195241386000077 ], [ -6.375546200999963, 40.182821540000077 ], [ -6.385813499999927, 40.169833999000048 ], [ -6.394639831999939, 40.166509331000043 ], [ -6.414535958999977, 40.165589754000052 ], [ -6.43906, 40.174792999000033 ], [ -6.452501707999943, 40.183243236000067 ], [ -6.460021499999925, 40.195628999000064 ], [ -6.437905572999966, 40.203212550000046 ], [ -6.441718796999965, 40.21486991200004 ], [ -6.438289, 40.219928999000047 ] ] ] } },
{ "type": "Feature", "properties": { "code": "10212", "name": "Villanueva de la Vera" }, "geometry": { "type": "Polygon", "coordinates": [ [ [ -5.39505, 40.250503499000047 ], [ -5.394081634999964, 40.224918487000025 ], [ -5.385772249999945, 40.216763577000052 ], [ -5.389505437999958, 40.198343195000064 ], [ -5.388018168999963, 40.188053707000051 ], [ -5.394636132999949, 40.178362353000068 ], [ -5.395547227999941, 40.166302174000066 ], [ -5.375284402999966, 40.136428195000065 ], [ -5.372020396999972, 40.121737385000074 ], [ -5.359485499999948, 40.108443999000031 ], [ -5.365114, 40.104625499000065 ], [ -5.369010499999945, 40.100085499000045 ], [ -5.391230613999937, 40.099827446000063 ], [ -5.422800620999965, 40.086222240000041 ], [ -5.444967003999977, 40.085352578000027 ], [ -5.449004173999981, 40.076605230000041 ], [ -5.46738849999997, 40.069263499000044 ], [ -5.460575694999932, 40.080073406000054 ], [ -5.474732009999968, 40.105121098000041 ], [ -5.479499883999949, 40.133865628000081 ], [ -5.479170453999927, 40.145719745000065 ], [ -5.470160032999956, 40.161407893000046 ], [ -5.475079111999946, 40.172779662000039 ], [ -5.469635764999964, 40.185925002000033 ], [ -5.476363584999945, 40.20288170200007 ], [ -5.48811, 40.204776499000047 ], [ -5.478878, 40.207110999000065 ], [ -5.470952499999953, 40.207893499000079 ], [ -5.469733, 40.212783499000068 ], [ -5.469220499999949, 40.221965999000076 ], [ -5.468115, 40.22419349900008 ], [ -5.452333499999952, 40.22718799900008 ], [ -5.439813, 40.23366949900003 ], [ -5.436102, 40.238944999000068 ], [ -5.43386, 40.244952999000077 ], [ -5.430381499999953, 40.248927999000045 ], [ -5.429867, 40.252300499000057 ], [ -5.412321314999929, 40.255062347000035 ], [ -5.39505, 40.250503499000047 ] ] ] } },
{ "type": "Feature", "properties": { "code": "10213", "name": "Villar del Pedroso" }, "geometry": { "type": "Polygon", "coordinates": [ [ [ -5.181236, 39.798839499000053 ], [ -5.172028499999954, 39.798362999000062 ], [ -5.166938499999958, 39.799926499000037 ], [ -5.165879111999971, 39.782354337000072 ], [ -5.158498499999951, 39.759704499000065 ], [ -5.164449499999932, 39.755935499000032 ], [ -5.174444, 39.755252999000049 ], [ -5.173827499999959, 39.750896499000078 ], [ -5.170666, 39.746848999000065 ], [ -5.165401, 39.742324999000061 ], [ -5.162605, 39.740592999000057 ], [ -5.156617, 39.739016999000057 ], [ -5.155156499999975, 39.735965499000031 ], [ -5.145214499999952, 39.726581499000076 ], [ -5.141478, 39.721912499000041 ], [ -5.137835499999937, 39.71504199900005 ], [ -5.147208347999936, 39.704534172000081 ], [ -5.153091299999971, 39.690288499000076 ], [ -5.155665456999941, 39.674232013000051 ], [ -5.148886, 39.668151999000031 ], [ -5.153633549999938, 39.659339168000031 ], [ -5.161783989999947, 39.654467196000041 ], [ -5.162061499999936, 39.646178999000028 ], [ -5.163362390999964, 39.641668375000052 ], [ -5.172692, 39.635440999000025 ], [ -5.170386599999972, 39.640215191000038 ], [ -5.173198634999949, 39.649856431000046 ], [ -5.184631062999927, 39.66244183200007 ], [ -5.229825826999956, 39.677812715000073 ], [ -5.243196849999947, 39.679051385000037 ], [ -5.251083888999972, 39.665051987000027 ], [ -5.278291484999954, 39.656688612000039 ], [ -5.275659294999969, 39.64990361100007 ], [ -5.25083564199997, 39.627028382000049 ], [ -5.202112499999942, 39.592063999000061 ], [ -5.218055204999928, 39.581818337000072 ], [ -5.262761796999939, 39.566384135000078 ], [ -5.278071018999981, 39.564395780000041 ], [ -5.317093349999936, 39.549291038000035 ], [ -5.345982014999947, 39.523291860000029 ], [ -5.347906351999939, 39.518067721000079 ], [ -5.35422674299997, 39.515519273000052 ], [ -5.380069, 39.47604749900006 ], [ -5.385578334999934, 39.482786267000051 ], [ -5.391349447999971, 39.510481007000067 ], [ -5.403074499999946, 39.530773499000077 ], [ -5.387019726999938, 39.538475907000077 ], [ -5.370112080999945, 39.553037189000065 ], [ -5.362243531999979, 39.567102681000051 ], [ -5.351268749999974, 39.574124981000068 ], [ -5.354204591999974, 39.582153032000065 ], [ -5.353593295999929, 39.591953026000056 ], [ -5.337977398999953, 39.602168310000025 ], [ -5.325732086999949, 39.62260834600005 ], [ -5.324437228999955, 39.63411063500007 ], [ -5.329227499999945, 39.655406999000036 ], [ -5.304578453999966, 39.671522164000066 ], [ -5.29208080799998, 39.66989846000007 ], [ -5.27162723899994, 39.67933978700006 ], [ -5.257175719999964, 39.682591390000027 ], [ -5.250984936999942, 39.687964127000043 ], [ -5.24969492799994, 39.711220418000039 ], [ -5.242491137999934, 39.714846968000074 ], [ -5.240503933999946, 39.720148074000065 ], [ -5.244818467999949, 39.725920468000027 ], [ -5.245364941999981, 39.73265314300005 ], [ -5.25376784499997, 39.742245984000078 ], [ -5.249423730999979, 39.746135831000061 ], [ -5.254264499999977, 39.752586499000074 ], [ -5.245579332999966, 39.760821972000031 ], [ -5.24261665299997, 39.767896914000062 ], [ -5.214799, 39.78997799900003 ], [ -5.211165499999936, 39.79176699900006 ], [ -5.207908499999974, 39.796550999000033 ], [ -5.206126499999925, 39.797771499000078 ], [ -5.181236, 39.798839499000053 ] ] ] } },
{ "type": "Feature", "properties": { "code": "10214", "name": "Villar de Plasencia" }, "geometry": { "type": "Polygon", "coordinates": [ [ [ -6.026698499999952, 40.16459499900003 ], [ -6.008946632999937, 40.150886661000072 ], [ -6.016625696999938, 40.130536342000028 ], [ -6.037036, 40.111770499000045 ], [ -6.053333763999944, 40.116948269000034 ], [ -6.054831304999936, 40.123784800000067 ], [ -6.05226857699995, 40.129915118000042 ], [ -6.068900341999949, 40.14977835600007 ], [ -6.07398664599998, 40.162963329000036 ], [ -6.07324449999993, 40.171756999000024 ], [ -6.05728449999998, 40.181339499000046 ], [ -6.026698499999952, 40.16459499900003 ] ] ] } },
{ "type": "Feature", "properties": { "code": "10215", "name": "Villasbuenas de Gata" }, "geometry": { "type": "Polygon", "coordinates": [ [ [ -6.58752, 40.204642999000043 ], [ -6.58600298999994, 40.195878206000032 ], [ -6.588105370999926, 40.188456218000056 ], [ -6.581550473999926, 40.175503080000055 ], [ -6.589599521999958, 40.164185532000033 ], [ -6.599575499999958, 40.130576999000027 ], [ -6.611803982999959, 40.13474834200008 ], [ -6.632009168999957, 40.133118982000042 ], [ -6.634389811999938, 40.127349916000071 ], [ -6.650551, 40.11662349900007 ], [ -6.662832599999945, 40.136072544000058 ], [ -6.660522577999927, 40.150399597000046 ], [ -6.662203059999968, 40.165058953000027 ], [ -6.674763499999926, 40.184726499000078 ], [ -6.667040499999928, 40.187415999000052 ], [ -6.662461, 40.185874999000077 ], [ -6.649528, 40.18884299900003 ], [ -6.628747499999974, 40.194476999000074 ], [ -6.613042499999949, 40.20151499900004 ], [ -6.604790499999979, 40.203151499000057 ], [ -6.597304, 40.200404999000057 ], [ -6.592391499999962, 40.200797999000031 ], [ -6.58752, 40.204642999000043 ] ] ] } },
{ "type": "Feature", "properties": { "code": "10216", "name": "Zarza de Granadilla" }, "geometry": { "type": "Polygon", "coordinates": [ [ [ -6.010794, 40.205871499000068 ], [ -6.065139, 40.177044499000033 ], [ -6.077575079999974, 40.178447316000074 ], [ -6.098351277999939, 40.187901108000062 ], [ -6.092686869999966, 40.214114896000069 ], [ -6.095446539999955, 40.22563419800008 ], [ -6.116541017999964, 40.223938243000077 ], [ -6.120486446999962, 40.227475992000052 ], [ -6.118544405999955, 40.234968347000063 ], [ -6.132411806999926, 40.23366722600008 ], [ -6.132822, 40.239176499000052 ], [ -6.128408352999941, 40.249485701000026 ], [ -6.111765182999932, 40.268607392000035 ], [ -6.123465924999948, 40.273366306000071 ], [ -6.12436, 40.298873999000079 ], [ -6.123002499999927, 40.304107499000054 ], [ -6.122870499999976, 40.309665499000062 ], [ -6.127167499999928, 40.315540499000065 ], [ -6.128146, 40.318439499000078 ], [ -6.12656594799995, 40.332427219000067 ], [ -6.119425289999981, 40.338517361000072 ], [ -6.119102152999972, 40.346456830000079 ], [ -6.108924529999967, 40.347725444000048 ], [ -6.105855499999961, 40.35682299900003 ], [ -6.066264499999932, 40.347582999000053 ], [ -6.053558499999951, 40.342132999000057 ], [ -6.049238499999944, 40.343008499000064 ], [ -6.04565249999996, 40.341459499000052 ], [ -6.040502, 40.34128049900005 ], [ -6.038473, 40.342083499000069 ], [ -6.027727, 40.339568999000051 ], [ -6.016143499999941, 40.339979499000037 ], [ -6.019380473999945, 40.323794930000076 ], [ -6.016473, 40.316562499000042 ], [ -6.048821459999942, 40.317739289000031 ], [ -6.05513474299994, 40.313695555000038 ], [ -6.061533484999927, 40.300936085000046 ], [ -6.059616304999963, 40.291524949000063 ], [ -6.047159857999929, 40.273123043000055 ], [ -6.028979, 40.25802599900004 ], [ -6.036471720999941, 40.251638287000048 ], [ -6.034345078999934, 40.24791186300007 ], [ -6.009419948999948, 40.235824472000047 ], [ -6.007746809999958, 40.230765342000041 ], [ -5.98894, 40.218082499000047 ], [ -5.998155499999939, 40.212306999000077 ], [ -6.010794, 40.205871499000068 ] ] ] } },
{ "type": "Feature", "properties": { "code": "10217", "name": "Zarza de Montánchez" }, "geometry": { "type": "Polygon", "coordinates": [ [ [ -6.00673, 39.226413999000044 ], [ -5.997267049999948, 39.219056847000047 ], [ -5.990504499999929, 39.200771499000041 ], [ -6.025206757999968, 39.205459659000041 ], [ -6.039382, 39.203934999000069 ], [ -6.044038790999934, 39.210861216000069 ], [ -6.071907, 39.21990899900004 ], [ -6.069215, 39.254860499000074 ], [ -6.056733201999975, 39.268745764000073 ], [ -6.042503603999933, 39.276086668000062 ], [ -6.029619801999957, 39.278409515000078 ], [ -6.007885, 39.274577499000031 ], [ -6.022693206999975, 39.257388061000029 ], [ -6.017251314999953, 39.236799112000028 ], [ -6.00673, 39.226413999000044 ] ] ] } },
{ "type": "Feature", "properties": { "code": "10218", "name": "Zarza la Mayor" }, "geometry": { "type": "Polygon", "coordinates": [ [ [ -6.827928499999928, 39.826527499000065 ], [ -6.858292737999932, 39.835808710000038 ], [ -6.89826596599994, 39.854446710000047 ], [ -6.916378, 39.858470999000076 ], [ -6.909158158999958, 39.86490518100004 ], [ -6.904415971999981, 39.872554112000046 ], [ -6.903374241999927, 39.88543513500008 ], [ -6.906154301999948, 39.891926428000033 ], [ -6.900832600999934, 39.901173436000079 ], [ -6.901398872999948, 39.91192111600003 ], [ -6.907617951999953, 39.919573510000077 ], [ -6.901767915999926, 39.929951483000025 ], [ -6.894007917999943, 39.933300682000038 ], [ -6.885655287999953, 39.942041857000049 ], [ -6.887803112999961, 39.96266564900003 ], [ -6.880863571999953, 39.971824138000045 ], [ -6.884920428999976, 39.980199528000071 ], [ -6.874266539999951, 39.995886953000024 ], [ -6.874626499999977, 40.006362999000032 ], [ -6.866542, 40.008906999000033 ], [ -6.851179394999974, 40.001636032000079 ], [ -6.83501840699995, 39.978703867000036 ], [ -6.81474305699993, 39.961105222000072 ], [ -6.798105589999977, 39.954680224000072 ], [ -6.779255614999954, 39.953170554000053 ], [ -6.770593, 39.955947999000045 ], [ -6.758663357999978, 39.936033885000029 ], [ -6.75012847499994, 39.92903147700008 ], [ -6.745999962999974, 39.921393434000038 ], [ -6.723582, 39.903568499000073 ], [ -6.737550245999955, 39.892371883000067 ], [ -6.754754017999971, 39.890812012000026 ], [ -6.762387543999978, 39.894339760000037 ], [ -6.761387255999978, 39.887114093000037 ], [ -6.771900613999946, 39.884880481000039 ], [ -6.785051543999941, 39.876861738000059 ], [ -6.795124444999942, 39.876291338000044 ], [ -6.800110749999931, 39.86490518100004 ], [ -6.811975977999964, 39.830931729000042 ], [ -6.827928499999928, 39.826527499000065 ] ] ] } },
{ "type": "Feature", "properties": { "code": "10219", "name": "Zorita" }, "geometry": { "type": "Polygon", "coordinates": [ [ [ -5.656459, 39.173255999000048 ], [ -5.694311163999942, 39.23840272700005 ], [ -5.717246045999957, 39.262187705000031 ], [ -5.731404537999936, 39.272621879000042 ], [ -5.730485290999979, 39.285765482000045 ], [ -5.748678966999933, 39.289590227000076 ], [ -5.761521371999947, 39.27915657300008 ], [ -5.766544499999952, 39.270412499000031 ], [ -5.777950499999974, 39.283058499000049 ], [ -5.772867457999951, 39.297672907000049 ], [ -5.766421994999973, 39.30386229800007 ], [ -5.740712895999934, 39.311070302000076 ], [ -5.731759512999929, 39.319108719000042 ], [ -5.719840706999946, 39.324661279000054 ], [ -5.710487264999927, 39.325434571000073 ], [ -5.701552918999937, 39.321170327000061 ], [ -5.696931994999943, 39.328693311000052 ], [ -5.686195958999974, 39.331896853000046 ], [ -5.670865499999934, 39.346607499000072 ], [ -5.664650718999951, 39.343470898000078 ], [ -5.651986635999947, 39.345279754000046 ], [ -5.641202907999968, 39.356363393000038 ], [ -5.623274025999933, 39.355662634000055 ], [ -5.597450499999979, 39.369357999000044 ], [ -5.59150195999996, 39.361356562000026 ], [ -5.598646182999971, 39.35074744700006 ], [ -5.602572254999927, 39.319704261000027 ], [ -5.591019800999959, 39.318613933000051 ], [ -5.588292211999942, 39.307155416000057 ], [ -5.595009826999956, 39.295359767000036 ], [ -5.600307057999942, 39.291535661000069 ], [ -5.582865968999954, 39.283844183000042 ], [ -5.580341245999932, 39.269865484000036 ], [ -5.56093724599998, 39.265038417000028 ], [ -5.55911743799993, 39.26246095700003 ], [ -5.560307683999952, 39.246750981000048 ], [ -5.572196728999927, 39.240229702000079 ], [ -5.571882716999937, 39.231331262000026 ], [ -5.583888499999944, 39.225105499000051 ], [ -5.598744189999934, 39.226060696000047 ], [ -5.609019137999951, 39.221612289000063 ], [ -5.616322621999927, 39.210512491000031 ], [ -5.656459, 39.173255999000048 ] ] ] } },
{ "type": "Feature", "properties": { "code": "10901", "name": "Rosalejo" }, "geometry": { "type": "Polygon", "coordinates": [ [ [ -5.439374, 40.012460999000041 ], [ -5.429506498999956, 40.012739674000045 ], [ -5.416729918999977, 40.001783006000039 ], [ -5.417021052999928, 39.997170271000073 ], [ -5.425289644999964, 39.987568062000037 ], [ -5.426340907999929, 39.97706310600006 ], [ -5.454985315999977, 39.96982879400008 ], [ -5.440085683999939, 39.95703174700003 ], [ -5.441496383999947, 39.952906255000073 ], [ -5.451121227999977, 39.943342367000071 ], [ -5.46763, 39.94150649900007 ], [ -5.471902, 39.943240999000068 ], [ -5.478266760999929, 39.958399001000032 ], [ -5.49945656899996, 39.973022264000065 ], [ -5.509274423999955, 39.98948553300005 ], [ -5.508948499999974, 39.995775999000045 ], [ -5.49630183499994, 40.007620086000031 ], [ -5.485196290999966, 40.011730527000054 ], [ -5.47943136899994, 40.010864598000069 ], [ -5.47928202199995, 40.01841870100003 ], [ -5.456706278999945, 40.008979423000028 ], [ -5.445073882999964, 40.014726231000054 ], [ -5.439374, 40.012460999000041 ] ] ] } },
{ "type": "Feature", "properties": { "code": "10902", "name": "Vegaviana" }, "geometry": { "type": "Polygon", "coordinates": [ [ [ -6.752167499999928, 40.022199999000065 ], [ -6.75090370199996, 40.026259230000051 ], [ -6.756933351999976, 40.04041116500008 ], [ -6.73447949499996, 40.065154307000057 ], [ -6.731401499999947, 40.081047499000078 ], [ -6.721309532999953, 40.070958507000057 ], [ -6.695658720999973, 40.064190032000056 ], [ -6.697580936999941, 40.059330978000048 ], [ -6.703863802999933, 40.058877996000035 ], [ -6.708003478999956, 40.053950863000068 ], [ -6.70077433199998, 40.026638018000028 ], [ -6.719397814999979, 40.029494984000053 ], [ -6.720060676999935, 40.026820840000028 ], [ -6.706991331999973, 40.018617192000079 ], [ -6.70751050299998, 40.016140336000035 ], [ -6.714361580999935, 40.01602503600003 ], [ -6.71733607799996, 40.012724638000066 ], [ -6.725657805999958, 40.015917562000027 ], [ -6.739097443999981, 40.015087704000052 ], [ -6.752167499999928, 40.022199999000065 ] ] ] } },
{ "type": "Feature", "properties": { "code": "10903", "name": "Alagón del Río" }, "geometry": { "type": "Polygon", "coordinates": [ [ [ -6.340996, 39.953021499000045 ], [ -6.341124499999978, 39.957632999000054 ], [ -6.344367, 39.967833499000051 ], [ -6.346678499999939, 39.978487999000038 ], [ -6.341066499999954, 39.979272999000045 ], [ -6.337308499999949, 39.980956999000057 ], [ -6.321682, 39.985047999000074 ], [ -6.313954499999966, 39.988214499000037 ], [ -6.304970434999973, 39.981317619000038 ], [ -6.310516303999975, 39.974696828000049 ], [ -6.287325968999937, 39.964302634000035 ], [ -6.288805279999963, 39.958706783000025 ], [ -6.298474499999941, 39.950514499000064 ], [ -6.308833343999936, 39.948113281000076 ], [ -6.340996, 39.953021499000045 ] ] ] } },
{ "type": "Feature", "properties": { "code": "10904", "name": "Tiétar" }, "geometry": { "type": "Polygon", "coordinates": [ [ [ -5.439374, 40.012460999000041 ], [ -5.445073882999964, 40.014726231000054 ], [ -5.456706278999945, 40.008979423000028 ], [ -5.47928202199995, 40.01841870100003 ], [ -5.47943136899994, 40.010864598000069 ], [ -5.485196290999966, 40.011730527000054 ], [ -5.49630183499994, 40.007620086000031 ], [ -5.508948499999974, 39.995775999000045 ], [ -5.516782499999977, 39.99765099900003 ], [ -5.518020969999952, 40.014796875000059 ], [ -5.51260181899994, 40.029231995000032 ], [ -5.510854862999963, 40.047102057000075 ], [ -5.499317398999949, 40.041752971000051 ], [ -5.483256532999974, 40.048576723000053 ], [ -5.471400523999932, 40.050109876000079 ], [ -5.46299382899997, 40.048103047000041 ], [ -5.454438975999949, 40.035279432000038 ], [ -5.444567118999942, 40.029453469000032 ], [ -5.439374, 40.012460999000041 ] ] ] } },
{ "type": "Feature", "properties": { "code": "10905", "name": "Pueblonuevo de Miramontes" }, "geometry": { "type": "Polygon", "coordinates": [ [ [ -5.406336499999952, 40.093272499000079 ], [ -5.391230613999937, 40.099827446000063 ], [ -5.369010499999945, 40.100085499000045 ], [ -5.367898566999941, 40.081125932000077 ], [ -5.373626567999963, 40.059411584000031 ], [ -5.36542849999995, 40.036480499000049 ], [ -5.371040677999929, 40.036497347000079 ], [ -5.377167881999981, 40.042770543000074 ], [ -5.393096655999955, 40.043264018000059 ], [ -5.399382092999929, 40.048452043000054 ], [ -5.410888391999947, 40.051081098000054 ], [ -5.416092220999928, 40.05534209800004 ], [ -5.415809537999962, 40.060473829000045 ], [ -5.422378700999957, 40.061528467000073 ], [ -5.426480396999978, 40.065511377000064 ], [ -5.426733040999977, 40.068674140000041 ], [ -5.41794041299994, 40.079083834000073 ], [ -5.400747992999925, 40.087788657000033 ], [ -5.406336499999952, 40.093272499000079 ] ] ] } },
{ "type": "Feature", "properties": { "code": "10001", "name": "Abadía" }, "geometry": { "type": "Polygon", "coordinates": [ [ [ -6.028979, 40.25802599900004 ], [ -6.047159857999929, 40.273123043000055 ], [ -6.059616304999963, 40.291524949000063 ], [ -6.061533484999927, 40.300936085000046 ], [ -6.05513474299994, 40.313695555000038 ], [ -6.048821459999942, 40.317739289000031 ], [ -6.016473, 40.316562499000042 ], [ -6.00353073499997, 40.304587265000066 ], [ -5.980487484999969, 40.297455998000032 ], [ -5.968529499999931, 40.289600499000073 ], [ -5.964802577999933, 40.269652210000061 ], [ -5.957133598999974, 40.261877541000047 ], [ -5.941390811999952, 40.257603078000045 ], [ -5.947533337999971, 40.25060372300004 ], [ -5.959999578999941, 40.250109361000057 ], [ -5.971977, 40.241534999000066 ], [ -6.00576869899993, 40.261963950000052 ], [ -6.022936537999954, 40.261469201000068 ], [ -6.028979, 40.25802599900004 ] ] ] } },
{ "type": "Feature", "properties": { "code": "10002", "name": "Abertura" }, "geometry": { "type": "Polygon", "coordinates": [ [ [ -5.768428, 39.221351499000036 ], [ -5.781020499999954, 39.220832999000038 ], [ -5.783309499999973, 39.219588499000054 ], [ -5.791649, 39.213752999000064 ], [ -5.800607, 39.205131499000061 ], [ -5.807978499999933, 39.200378499000067 ], [ -5.815872499999955, 39.193042999000056 ], [ -5.841718, 39.210719999000048 ], [ -5.83666409999995, 39.237493976000053 ], [ -5.847071207999932, 39.257553481000059 ], [ -5.835032, 39.278774499000065 ], [ -5.834409985999969, 39.287137818000076 ], [ -5.81880149999995, 39.299834999000041 ], [ -5.813783410999974, 39.30790001500003 ], [ -5.812085039999943, 39.318873690000032 ], [ -5.807359494999957, 39.322999159000062 ], [ -5.800348258999975, 39.323624515000063 ], [ -5.791593, 39.313048999000046 ], [ -5.777950499999974, 39.283058499000049 ], [ -5.766544499999952, 39.270412499000031 ], [ -5.77583319699994, 39.253544108000028 ], [ -5.76488537299997, 39.234616888000062 ], [ -5.769901191999963, 39.227429844000028 ], [ -5.768428, 39.221351499000036 ] ] ] } },
{ "type": "Feature", "properties": { "code": "10003", "name": "Acebo" }, "geometry": { "type": "Polygon", "coordinates": [ [ [ -6.755661, 40.238975499000048 ], [ -6.752207738999971, 40.249440525000068 ], [ -6.71838516899993, 40.268728792000047 ], [ -6.712103730999956, 40.26655708800007 ], [ -6.702515191999964, 40.250705802000027 ], [ -6.690194, 40.242713999000046 ], [ -6.691372547999947, 40.233187563000058 ], [ -6.681627488999936, 40.224928126000066 ], [ -6.680022750999967, 40.21694536800004 ], [ -6.675218979999954, 40.213470362000066 ], [ -6.672543210999947, 40.202878827000063 ], [ -6.676984815999958, 40.194841573000076 ], [ -6.674763499999926, 40.184726499000078 ], [ -6.680951689999972, 40.176192542000081 ], [ -6.692996, 40.171420999000077 ], [ -6.693950097999959, 40.175774161000049 ], [ -6.721713094999927, 40.180564706000041 ], [ -6.73095314699998, 40.18535896800006 ], [ -6.745415, 40.182929999000066 ], [ -6.758090126999946, 40.199881398000059 ], [ -6.770447, 40.204280999000048 ], [ -6.76510049999996, 40.231609499000058 ], [ -6.755661, 40.238975499000048 ] ] ] } },
{ "type": "Feature", "properties": { "code": "10004", "name": "Acehúche" }, "geometry": { "type": "Polygon", "coordinates": [ [ [ -6.6487, 39.855045499000028 ], [ -6.637229453999964, 39.848679974000049 ], [ -6.59844918999994, 39.837814172000037 ], [ -6.581774, 39.825854999000057 ], [ -6.582503958999951, 39.814568800000075 ], [ -6.579659975999959, 39.808964094000032 ], [ -6.558712003999972, 39.795808700000066 ], [ -6.551737, 39.795596999000054 ], [ -6.55589454099993, 39.786544511000045 ], [ -6.579418063999981, 39.781445819000055 ], [ -6.596259732999954, 39.763588367000068 ], [ -6.61465666099997, 39.774778771000058 ], [ -6.627696396999966, 39.759974244000034 ], [ -6.647308499999951, 39.761857999000028 ], [ -6.651871246999974, 39.768707134000067 ], [ -6.67018208199994, 39.760948094000071 ], [ -6.691978488999951, 39.766058350000037 ], [ -6.712960731999942, 39.76010775900005 ], [ -6.728767452999932, 39.762627104000046 ], [ -6.748903844999973, 39.760735722000049 ], [ -6.763743499999975, 39.773275499000079 ], [ -6.719278370999973, 39.783740365000028 ], [ -6.700635394999949, 39.801304086000073 ], [ -6.682529304999946, 39.80209595000008 ], [ -6.678105912999968, 39.80868152100004 ], [ -6.665721390999977, 39.811821040000041 ], [ -6.659875328999931, 39.822107020000033 ], [ -6.658989453999936, 39.83509046000006 ], [ -6.655475948999936, 39.840381724000054 ], [ -6.656988250999973, 39.84891536300006 ], [ -6.6487, 39.855045499000028 ] ] ] } },
{ "type": "Feature", "properties": { "code": "10005", "name": "Aceituna" }, "geometry": { "type": "Polygon", "coordinates": [ [ [ -6.345926499999962, 40.114330499000062 ], [ -6.347355499999935, 40.121223499000052 ], [ -6.352875, 40.136115999000026 ], [ -6.356507499999964, 40.142703999000048 ], [ -6.359442, 40.155570999000076 ], [ -6.356401499999947, 40.160087499000042 ], [ -6.348777303999952, 40.159465794000027 ], [ -6.335185925999951, 40.163549179000029 ], [ -6.311943638999935, 40.162663802000054 ], [ -6.294684974999939, 40.158451527000068 ], [ -6.287296, 40.148734999000055 ], [ -6.276243499999964, 40.142444499000078 ], [ -6.253847499999949, 40.122955499000057 ], [ -6.248744, 40.117316999000025 ], [ -6.239199, 40.117870499000048 ], [ -6.243641499999967, 40.110152999000036 ], [ -6.260379847999957, 40.111440633000029 ], [ -6.27289110199996, 40.100490703000048 ], [ -6.321254723999971, 40.116532531000075 ], [ -6.345926499999962, 40.114330499000062 ] ] ] } },
{ "type": "Feature", "properties": { "code": "10006", "name": "Ahigal" }, "geometry": { "type": "Polygon", "coordinates": [ [ [ -6.156816499999934, 40.131099499000072 ], [ -6.17361649999998, 40.116897499000061 ], [ -6.178245499999946, 40.110221999000032 ], [ -6.178873, 40.10633849900006 ], [ -6.196530696999957, 40.108005086000048 ], [ -6.214408301999981, 40.114197368000077 ], [ -6.227279499999952, 40.123347999000032 ], [ -6.219484926999939, 40.12390522000004 ], [ -6.206488037999975, 40.139088067000046 ], [ -6.205235302999938, 40.146455916000036 ], [ -6.212555518999977, 40.154504227000075 ], [ -6.208961879999947, 40.158073266000031 ], [ -6.212377796999931, 40.162480286000061 ], [ -6.209294696999962, 40.178843523000069 ], [ -6.219466943999976, 40.191064829000027 ], [ -6.228734305999978, 40.196296195000059 ], [ -6.239588800999968, 40.199572513000078 ], [ -6.268422, 40.201545499000076 ], [ -6.266316136999933, 40.207947729000068 ], [ -6.254831962999958, 40.21691661400007 ], [ -6.209591499999931, 40.223593999000059 ], [ -6.187787702999969, 40.214467409000065 ], [ -6.174858657999948, 40.20504535300006 ], [ -6.178002182999933, 40.199206231000062 ], [ -6.174661033999939, 40.191730707000033 ], [ -6.180113042999949, 40.185057218000054 ], [ -6.173086713999965, 40.167336333000037 ], [ -6.175006562999954, 40.162405610000064 ], [ -6.156816499999934, 40.131099499000072 ] ] ] } },
{ "type": "Feature", "properties": { "code": "10007", "name": "Albalá" }, "geometry": { "type": "Polygon", "coordinates": [ [ [ -6.256153, 39.282310499000062 ], [ -6.239747612999963, 39.289299390000053 ], [ -6.228203845999928, 39.285650792000069 ], [ -6.21352987299997, 39.285932295000066 ], [ -6.186238, 39.292098999000075 ], [ -6.184241732999965, 39.283993459000044 ], [ -6.165983662999963, 39.277616934000037 ], [ -6.16316446899998, 39.258741471000064 ], [ -6.177321306999943, 39.246941303000028 ], [ -6.200030305999974, 39.235224444000039 ], [ -6.213651899999945, 39.233574006000026 ], [ -6.22254358999993, 39.24083513000005 ], [ -6.241657, 39.237535999000045 ], [ -6.248283, 39.237549499000067 ], [ -6.256153, 39.282310499000062 ] ] ] } },
{ "type": "Feature", "properties": { "code": "10008", "name": "Alcántara" }, "geometry": { "type": "Polygon", "coordinates": [ [ [ -6.604354, 39.72122149900008 ], [ -6.605782627999929, 39.716133783000032 ], [ -6.602880499999969, 39.709504499000047 ], [ -6.613953636999952, 39.706761038000025 ], [ -6.639554827999973, 39.709240659000045 ], [ -6.655592497999976, 39.705298466000045 ], [ -6.693201, 39.708490999000048 ], [ -6.714424755999971, 39.704356929000028 ], [ -6.75581649999998, 39.704992999000069 ], [ -6.746559048999927, 39.723110815000041 ], [ -6.75730069399998, 39.74184950800003 ], [ -6.822433622999938, 39.736699424000051 ], [ -6.827348926999946, 39.73359918400007 ], [ -6.828535940999927, 39.720244953000076 ], [ -6.827372423999975, 39.706524624000053 ], [ -6.81954049999996, 39.689067999000031 ], [ -6.817655167999931, 39.68019023800008 ], [ -6.820960150999952, 39.675068674000045 ], [ -6.83702829799995, 39.673796946000039 ], [ -6.85183423999996, 39.676780348000079 ], [ -6.852920395999945, 39.669152419000056 ], [ -6.861553555999933, 39.657336902000054 ], [ -6.858334992999971, 39.626927437000063 ], [ -6.859989693999978, 39.609933727000055 ], [ -6.856791, 39.599101999000027 ], [ -6.858753097999966, 39.548673024000038 ], [ -6.882934692999982, 39.532341789000043 ], [ -6.917697705999956, 39.516227643000036 ], [ -6.94254, 39.513351499000066 ], [ -6.944579229999931, 39.518320548000077 ], [ -6.958964413999979, 39.529697213000077 ], [ -6.960178429999928, 39.534149521000074 ], [ -6.967229241999974, 39.536650695000048 ], [ -6.972108109999965, 39.546112804000074 ], [ -6.98167049999995, 39.552871999000047 ], [ -6.991770802999952, 39.562523592000048 ], [ -6.996272248999958, 39.572929927000075 ], [ -7.013041311999928, 39.586443698000039 ], [ -7.016037814999947, 39.595970150000028 ], [ -7.014236894999954, 39.608374179000066 ], [ -7.03505507899996, 39.627530936000028 ], [ -7.04083279799994, 39.641664079000066 ], [ -7.064807499999972, 39.657966499000054 ], [ -7.015717800999937, 39.671770596000044 ], [ -7.008169031999955, 39.684820364000075 ], [ -6.999215380999942, 39.713491697000052 ], [ -6.988185065999971, 39.727039169000079 ], [ -6.992139757999951, 39.732866873000035 ], [ -6.988466, 39.753158499000051 ], [ -6.984819091999952, 39.765898717000027 ], [ -6.977317166999967, 39.773958586000049 ], [ -6.988586153999961, 39.794819902000029 ], [ -6.986418495999942, 39.809312331000058 ], [ -6.980707197999948, 39.819665161000046 ], [ -6.968238003999943, 39.825888888000065 ], [ -6.958964413999979, 39.824777687000051 ], [ -6.938235903999953, 39.836238265000077 ], [ -6.936387499999967, 39.842834499000048 ], [ -6.926545828999963, 39.856324635000078 ], [ -6.916378, 39.858470999000076 ], [ -6.89826596599994, 39.854446710000047 ], [ -6.858292737999932, 39.835808710000038 ], [ -6.827928499999928, 39.826527499000065 ], [ -6.835389185999929, 39.815155261000029 ], [ -6.841173092999952, 39.793879379000032 ], [ -6.857212790999938, 39.777275926000073 ], [ -6.832860803999949, 39.762896028000057 ], [ -6.814883192999957, 39.760254996000072 ], [ -6.763743499999975, 39.773275499000079 ], [ -6.748903844999973, 39.760735722000049 ], [ -6.728767452999932, 39.762627104000046 ], [ -6.712960731999942, 39.76010775900005 ], [ -6.691978488999951, 39.766058350000037 ], [ -6.67018208199994, 39.760948094000071 ], [ -6.651871246999974, 39.768707134000067 ], [ -6.647308499999951, 39.761857999000028 ], [ -6.630989693999936, 39.744361587000071 ], [ -6.628255754999941, 39.73590202400004 ], [ -6.612073487999965, 39.731321519000062 ], [ -6.604354, 39.72122149900008 ] ], [ [ -6.957845254999938, 39.789114457000039 ], [ -6.95270572499993, 39.775544338000032 ], [ -6.942481788999942, 39.779100404000076 ], [ -6.927221164999935, 39.776163860000054 ], [ -6.920156230999964, 39.785147116000076 ], [ -6.920973352999965, 39.789461775000063 ], [ -6.926571129999957, 39.792547515000081 ], [ -6.93393896699996, 39.789659860000029 ], [ -6.953076962999944, 39.793821241000046 ], [ -6.957845254999938, 39.789114457000039 ] ] ] } },
{ "type": "Feature", "properties": { "code": "10009", "name": "Alcollarín" }, "geometry": { "type": "Polygon", "coordinates": [ [ [ -5.768428, 39.221351499000036 ], [ -5.769901191999963, 39.227429844000028 ], [ -5.76488537299997, 39.234616888000062 ], [ -5.77583319699994, 39.253544108000028 ], [ -5.761521371999947, 39.27915657300008 ], [ -5.748678966999933, 39.289590227000076 ], [ -5.730485290999979, 39.285765482000045 ], [ -5.731404537999936, 39.272621879000042 ], [ -5.717246045999957, 39.262187705000031 ], [ -5.694311163999942, 39.23840272700005 ], [ -5.656459, 39.173255999000048 ], [ -5.665072369999962, 39.161621172000025 ], [ -5.686104273999945, 39.157968428000061 ], [ -5.692042603999937, 39.151120410000033 ], [ -5.706543481999972, 39.145971575000033 ], [ -5.713736499999925, 39.135230499000045 ], [ -5.727035743999977, 39.154308762000028 ], [ -5.729853473999981, 39.172589813000059 ], [ -5.728629851999926, 39.186705729000039 ], [ -5.733712801999957, 39.205246257000056 ], [ -5.72960715499994, 39.210264625000036 ], [ -5.768428, 39.221351499000036 ] ] ] } },
{ "type": "Feature", "properties": { "code": "10010", "name": "Alcuéscar" }, "geometry": { "type": "MultiPolygon", "coordinates": [ [ [ [ -6.230912499999931, 39.089734499000031 ], [ -6.220153619999962, 39.098920788000044 ], [ -6.171642499999962, 39.071041999000045 ], [ -6.168465499999968, 39.058932999000035 ], [ -6.184509, 39.057124999000052 ], [ -6.202914, 39.057078999000055 ], [ -6.206557499999974, 39.059676499000034 ], [ -6.215649499999927, 39.068656999000041 ], [ -6.225487, 39.085036499000068 ], [ -6.230912499999931, 39.089734499000031 ] ] ], [ [ [ -6.319484, 39.18394949900005 ], [ -6.305113742999936, 39.195315951000055 ], [ -6.287887230999957, 39.199191148000068 ], [ -6.274025372999972, 39.206788071000062 ], [ -6.248283, 39.237549499000067 ], [ -6.235924863999969, 39.237406258000078 ], [ -6.23163238099994, 39.235959619000027 ], [ -6.221191675999933, 39.227985732000036 ], [ -6.214481740999929, 39.224363864000054 ], [ -6.200732280999944, 39.212162867000075 ], [ -6.199404411999978, 39.209701749000033 ], [ -6.199440374999938, 39.203488816000061 ], [ -6.195591319999949, 39.197790591000057 ], [ -6.192105499999968, 39.195790999000053 ], [ -6.188777647999927, 39.19160271800007 ], [ -6.190766158999963, 39.183506822000027 ], [ -6.171276367999951, 39.15725291800004 ], [ -6.172794139999951, 39.139731469000026 ], [ -6.21206449999994, 39.131864499000073 ], [ -6.254446217999941, 39.136459462000062 ], [ -6.279137049999974, 39.13163135700006 ], [ -6.294387422999932, 39.149704064000048 ], [ -6.303134787999966, 39.167820088000042 ], [ -6.319484, 39.18394949900005 ] ] ] ] } },
{ "type": "Feature", "properties": { "code": "10011", "name": "Aldeacentenera" }, "geometry": { "type": "Polygon", "coordinates": [ [ [ -5.642120499999976, 39.463069999000027 ], [ -5.660314749999941, 39.467852308000033 ], [ -5.666131891999953, 39.476048400000025 ], [ -5.676693277999959, 39.482765590000042 ], [ -5.673259110999936, 39.490524930000049 ], [ -5.685014567999929, 39.495672506000062 ], [ -5.698258905999978, 39.491146197000035 ], [ -5.696302332999949, 39.502713562000054 ], [ -5.682890777999944, 39.515833591000046 ], [ -5.698974, 39.526988999000025 ], [ -5.691888391999953, 39.541886073000057 ], [ -5.698925476999932, 39.565532258000076 ], [ -5.68140041099997, 39.576872316000049 ], [ -5.66764749999993, 39.592960499000071 ], [ -5.659584880999944, 39.59095711100008 ], [ -5.652167870999961, 39.593056795000052 ], [ -5.647811419999925, 39.588239219000059 ], [ -5.628847762999953, 39.584992839000051 ], [ -5.614204074999975, 39.577249744000028 ], [ -5.592642, 39.574039499000037 ], [ -5.58680346999995, 39.560006697000063 ], [ -5.578505, 39.555003999000064 ], [ -5.569491907999975, 39.545477715000061 ], [ -5.567386140999929, 39.538521211000045 ], [ -5.575918, 39.519088499000077 ], [ -5.573719941999968, 39.515464558000076 ], [ -5.588058312999976, 39.511093760000051 ], [ -5.586190684999963, 39.506056847000025 ], [ -5.59462438099996, 39.500007915000026 ], [ -5.585203262999926, 39.490571748000036 ], [ -5.601368869999931, 39.486158431000035 ], [ -5.603555388999951, 39.480212469000037 ], [ -5.607946840999944, 39.484197369000071 ], [ -5.614435939999964, 39.483207646000039 ], [ -5.619070723999926, 39.477359627000055 ], [ -5.631696914999964, 39.472934076000058 ], [ -5.632751030999941, 39.468974873000036 ], [ -5.63854049899993, 39.467608689000031 ], [ -5.642120499999976, 39.463069999000027 ] ] ] } },
{ "type": "Feature", "properties": { "code": "10012", "name": "Aldea del Cano" }, "geometry": { "type": "Polygon", "coordinates": [ [ [ -6.263027, 39.279456999000047 ], [ -6.286053322999976, 39.25999900100004 ], [ -6.291451499999937, 39.250109499000075 ], [ -6.298978044999956, 39.253138514000057 ], [ -6.296792014999937, 39.267406120000032 ], [ -6.305204770999978, 39.276812174000042 ], [ -6.323542891999978, 39.271116635000055 ], [ -6.334490039999935, 39.273205647000054 ], [ -6.342339597999967, 39.278731137000079 ], [ -6.36535188199997, 39.280558186000064 ], [ -6.362977361999981, 39.287492153000073 ], [ -6.355409501999929, 39.292970057000048 ], [ -6.323348451999948, 39.296846035000044 ], [ -6.325705270999947, 39.320165306000035 ], [ -6.316030285999943, 39.321781180000073 ], [ -6.308932224999978, 39.314647670000056 ], [ -6.297692499999926, 39.315116999000054 ], [ -6.296285319999981, 39.309093835000056 ], [ -6.28636912199994, 39.30618557300005 ], [ -6.27233549999994, 39.287322999000025 ], [ -6.270996499999967, 39.286956499000041 ], [ -6.263027, 39.279456999000047 ] ] ] } },
{ "type": "Feature", "properties": { "code": "10013", "name": "Aldea del Obispo, La" }, "geometry": { "type": "Polygon", "coordinates": [ [ [ -5.962265010999943, 39.596700957000053 ], [ -5.951575644999934, 39.601098956000044 ], [ -5.933213511999952, 39.599942665000071 ], [ -5.919715258999929, 39.608184503000075 ], [ -5.904223918999946, 39.606888932000061 ], [ -5.900338252999973, 39.59766139900006 ], [ -5.894777283999929, 39.598534702000052 ], [ -5.895946825999943, 39.592181814000071 ], [ -5.89308416199998, 39.588542856000061 ], [ -5.896135226999945, 39.574888571000031 ], [ -5.891068337999968, 39.56177647700008 ], [ -5.894748240999945, 39.553090780000048 ], [ -5.893317737999951, 39.537353273000065 ], [ -5.907951260999937, 39.525888767000026 ], [ -5.921521667999968, 39.534696773000064 ], [ -5.938826847999962, 39.536398320000046 ], [ -5.942228262999947, 39.549025916000062 ], [ -5.953245513999946, 39.558376715000065 ], [ -5.953171340999972, 39.565783870000075 ], [ -5.947202865999941, 39.573219989000052 ], [ -5.954616076999969, 39.579746740000076 ], [ -5.962265010999943, 39.596700957000053 ] ] ] } },
{ "type": "Feature", "properties": { "code": "10014", "name": "Aldeanueva de la Vera" }, "geometry": { "type": "Polygon", "coordinates": [ [ [ -5.688432499999976, 40.089042499000072 ], [ -5.697453295999935, 40.093650596000032 ], [ -5.697869179999941, 40.103913999000042 ], [ -5.701122872999974, 40.109887412000035 ], [ -5.722146542999951, 40.118560014000025 ], [ -5.726836499999933, 40.12495034300008 ], [ -5.742814499999952, 40.125751499000046 ], [ -5.749548772999958, 40.131446309000069 ], [ -5.752296131999969, 40.156059630000073 ], [ -5.734074, 40.170619999000053 ], [ -5.72878, 40.171481999000036 ], [ -5.721841, 40.174449999000046 ], [ -5.711496499999953, 40.173320499000056 ], [ -5.707317499999931, 40.173923499000068 ], [ -5.694899, 40.171401999000068 ], [ -5.688151, 40.17505649900005 ], [ -5.683235499999967, 40.175197499000035 ], [ -5.680898499999955, 40.176097999000035 ], [ -5.68491419399993, 40.157922682000049 ], [ -5.676497499999925, 40.147761999000068 ], [ -5.67660056099993, 40.13840663600007 ], [ -5.683697154999948, 40.126462530000026 ], [ -5.682153175999929, 40.102016958000036 ], [ -5.688432499999976, 40.089042499000072 ] ] ] } },
{ "type": "Feature", "properties": { "code": "10015", "name": "Aldeanueva del Camino" }, "geometry": { "type": "Polygon", "coordinates": [ [ [ -5.968529499999931, 40.289600499000073 ], [ -5.964993, 40.291530499000032 ], [ -5.953773, 40.287547999000026 ], [ -5.941712499999937, 40.28445799900004 ], [ -5.937828, 40.281108999000026 ], [ -5.920884, 40.280944999000042 ], [ -5.910961499999928, 40.27225099900005 ], [ -5.90801149999993, 40.268722499000035 ], [ -5.911715191999974, 40.266424311000037 ], [ -5.909567481999943, 40.263615548000075 ], [ -5.881693499999926, 40.248996499000043 ], [ -5.894199989999947, 40.247079448000079 ], [ -5.909929206999948, 40.253633427000068 ], [ -5.925978288999943, 40.253148770000053 ], [ -5.945182695999961, 40.243975464000073 ], [ -5.948608, 40.233646499000031 ], [ -5.959896023999931, 40.234121482000035 ], [ -5.964970499999936, 40.230457499000067 ], [ -5.970283319999965, 40.232977855000058 ], [ -5.971977, 40.241534999000066 ], [ -5.959999578999941, 40.250109361000057 ], [ -5.947533337999971, 40.25060372300004 ], [ -5.941390811999952, 40.257603078000045 ], [ -5.957133598999974, 40.261877541000047 ], [ -5.964802577999933, 40.269652210000061 ], [ -5.968529499999931, 40.289600499000073 ] ] ] } },
{ "type": "Feature", "properties": { "code": "10016", "name": "Aldehuela de Jerte" }, "geometry": { "type": "Polygon", "coordinates": [ [ [ -6.232716, 39.993549499000039 ], [ -6.248499769999967, 40.001830817000041 ], [ -6.25854587799995, 40.000747485000034 ], [ -6.255591423999931, 40.008824539000045 ], [ -6.26538512299993, 40.017752102000031 ], [ -6.26210796099997, 40.028689553000049 ], [ -6.257919010999956, 40.032539260000078 ], [ -6.249439845999973, 40.031980505000035 ], [ -6.240035145999968, 40.022716067000033 ], [ -6.229518499999926, 40.03328699900004 ], [ -6.21930434799998, 40.024168152000072 ], [ -6.208763499999975, 40.023235499000066 ], [ -6.232716, 39.993549499000039 ] ] ] } },
{ "type": "Feature", "properties": { "code": "10017", "name": "Alía" }, "geometry": { "type": "Polygon", "coordinates": [ [ [ -5.202112499999942, 39.592063999000061 ], [ -5.146053499999937, 39.549392499000078 ], [ -5.123572395999929, 39.521927866000055 ], [ -5.103688752999972, 39.508748136000065 ], [ -5.084094437999966, 39.491232829000069 ], [ -5.073096047999968, 39.487025484000071 ], [ -5.058506955999974, 39.488710315000048 ], [ -5.039485, 39.470454999000026 ], [ -5.032966, 39.462928999000042 ], [ -5.032062, 39.460636499000032 ], [ -5.03, 39.459277999000051 ], [ -5.026690499999972, 39.454948499000068 ], [ -5.026186499999937, 39.452811999000062 ], [ -5.024622, 39.450938999000073 ], [ -5.018254, 39.445743499000059 ], [ -5.008626499999934, 39.434997499000076 ], [ -5.000895, 39.430354999000031 ], [ -4.998105499999951, 39.426692999000068 ], [ -4.99540449999995, 39.42482749900006 ], [ -4.985227, 39.41950599900008 ], [ -4.978368499999931, 39.414828999000065 ], [ -4.972314499999925, 39.408916499000043 ], [ -4.964467, 39.404922499000065 ], [ -4.957299, 39.399860499000056 ], [ -4.952554499999962, 39.395038499000066 ], [ -4.972686163999981, 39.394300143000066 ], [ -4.974035077999929, 39.39120579300004 ], [ -4.970409829999937, 39.383344214000033 ], [ -4.985884798999962, 39.371681859000034 ], [ -4.994599644999937, 39.371818856000061 ], [ -5.007989705999933, 39.377926733000038 ], [ -5.015203499999927, 39.374545999000077 ], [ -5.019646, 39.368335999000067 ], [ -5.053513353999961, 39.363186129000042 ], [ -5.090174838999928, 39.390142390000051 ], [ -5.112041217999945, 39.387346279000042 ], [ -5.111679368999944, 39.35988167000005 ], [ -5.118007076999959, 39.342637005000029 ], [ -5.148976473999937, 39.321824327000058 ], [ -5.171589, 39.315566999000055 ], [ -5.17566, 39.31705099900006 ], [ -5.185732, 39.316043999000044 ], [ -5.229335499999934, 39.307044999000027 ], [ -5.247668499999975, 39.301872499000069 ], [ -5.283135499999958, 39.31956849900007 ], [ -5.30324, 39.319640999000057 ], [ -5.328628642999945, 39.345887264000055 ], [ -5.333179604999941, 39.358711982000045 ], [ -5.329843199999971, 39.375143752000042 ], [ -5.328746499999966, 39.412234999000077 ], [ -5.312915247999968, 39.402202574000057 ], [ -5.310878406999961, 39.39208607300003 ], [ -5.295356119999951, 39.407496954000067 ], [ -5.277808079999943, 39.414948788000061 ], [ -5.277319765999948, 39.423048644000062 ], [ -5.285635253999942, 39.437727629000051 ], [ -5.273544983999955, 39.449703551000027 ], [ -5.263745860999961, 39.471357954000041 ], [ -5.263672037999925, 39.477264330000025 ], [ -5.272400421999976, 39.48197693700007 ], [ -5.284788637999952, 39.481594549000079 ], [ -5.286640997999939, 39.489825633000066 ], [ -5.296706160999975, 39.502800532000037 ], [ -5.307341117999954, 39.492595996000034 ], [ -5.338539386999969, 39.473922112000025 ], [ -5.380069, 39.47604749900006 ], [ -5.35422674299997, 39.515519273000052 ], [ -5.347906351999939, 39.518067721000079 ], [ -5.345982014999947, 39.523291860000029 ], [ -5.317093349999936, 39.549291038000035 ], [ -5.278071018999981, 39.564395780000041 ], [ -5.262761796999939, 39.566384135000078 ], [ -5.218055204999928, 39.581818337000072 ], [ -5.202112499999942, 39.592063999000061 ] ] ] } },
{ "type": "Feature", "properties": { "code": "10018", "name": "Aliseda" }, "geometry": { "type": "Polygon", "coordinates": [ [ [ -6.762580153999977, 39.402845584000033 ], [ -6.755944845999977, 39.41590978000005 ], [ -6.739846425999929, 39.439615606000075 ], [ -6.705977540999925, 39.448856382000031 ], [ -6.69796518499993, 39.461832644000026 ], [ -6.683933443999933, 39.461078044000033 ], [ -6.68064637599997, 39.454223733000049 ], [ -6.66440748499997, 39.442107708000037 ], [ -6.659414939999976, 39.435054505000039 ], [ -6.650894114999971, 39.434746410000059 ], [ -6.641818678999925, 39.42581978000004 ], [ -6.643295302999945, 39.422924909000074 ], [ -6.654198595999958, 39.421086573000025 ], [ -6.657728707999979, 39.416656383000031 ], [ -6.648740926999949, 39.407242014000076 ], [ -6.647593970999935, 39.395469053000056 ], [ -6.63605070899996, 39.384113187000025 ], [ -6.659153665999952, 39.367138498000031 ], [ -6.679289598999958, 39.365638316000059 ], [ -6.692158946999939, 39.360831818000065 ], [ -6.699465761999932, 39.35422910300008 ], [ -6.71749488599994, 39.351079257000038 ], [ -6.72364668299997, 39.352911197000026 ], [ -6.733734522999953, 39.36211155500007 ], [ -6.736706365999964, 39.37216520100003 ], [ -6.732617807999929, 39.381152716000031 ], [ -6.745042059999946, 39.399946158000034 ], [ -6.762580153999977, 39.402845584000033 ] ] ] } },
{ "type": "Feature", "properties": { "code": "10019", "name": "Almaraz" }, "geometry": { "type": "Polygon", "coordinates": [ [ [ -5.620048499999939, 39.777584499000056 ], [ -5.626889921999975, 39.774766599000031 ], [ -5.634868853999933, 39.766387235000025 ], [ -5.643782499999929, 39.766696499000034 ], [ -5.658189801999981, 39.773643456000059 ], [ -5.678842968999959, 39.77454139300005 ], [ -5.696404, 39.78280249900007 ], [ -5.698731927999972, 39.787044431000027 ], [ -5.697920471999964, 39.801894085000072 ], [ -5.706464, 39.805026999000063 ], [ -5.698352366999927, 39.820632432000025 ], [ -5.681687503999967, 39.833362684000065 ], [ -5.665935631999957, 39.839340435000054 ], [ -5.657064499999933, 39.839137999000059 ], [ -5.643993006999949, 39.821875318000025 ], [ -5.648262773999932, 39.807871516000034 ], [ -5.647507252999958, 39.801155308000034 ], [ -5.620048499999939, 39.777584499000056 ] ] ] } },
{ "type": "Feature", "properties": { "code": "10020", "name": "Almoharín" }, "geometry": { "type": "Polygon", "coordinates": [ [ [ -6.125241499999959, 39.050002999000071 ], [ -6.13253666199995, 39.075422655000068 ], [ -6.127767090999953, 39.084051480000028 ], [ -6.12754130299993, 39.092878198000051 ], [ -6.133396847999961, 39.105005749000043 ], [ -6.129748090999954, 39.10781933700008 ], [ -6.107862556999976, 39.110157661000073 ], [ -6.095892533999972, 39.119708542000069 ], [ -6.090702462999957, 39.144699952000053 ], [ -6.09118499899995, 39.166688565000072 ], [ -6.087487253999939, 39.176074180000057 ], [ -6.078386, 39.186471499000049 ], [ -6.044205677999969, 39.198952892000079 ], [ -6.039382, 39.203934999000069 ], [ -6.025206757999968, 39.205459659000041 ], [ -5.990504499999929, 39.200771499000041 ], [ -5.994748924999953, 39.188318369000058 ], [ -5.988717765999979, 39.181215234000035 ], [ -5.989587, 39.178298999000049 ], [ -5.99435088599995, 39.174352432000035 ], [ -6.001373287999968, 39.145255558000031 ], [ -6.008468731999926, 39.133481223000047 ], [ -6.01487949999995, 39.129352499000049 ], [ -6.045191360999979, 39.114148341000032 ], [ -6.062349499999925, 39.102149999000062 ], [ -6.078654824999944, 39.093572843000061 ], [ -6.105790596999952, 39.065501798000071 ], [ -6.125241499999959, 39.050002999000071 ] ] ] } },
{ "type": "Feature", "properties": { "code": "10021", "name": "Arroyo de la Luz" }, "geometry": { "type": "Polygon", "coordinates": [ [ [ -6.623937, 39.573596999000074 ], [ -6.608306186999926, 39.592708501000061 ], [ -6.588105482999936, 39.598413872000037 ], [ -6.570583, 39.610744499000077 ], [ -6.565202583999962, 39.603987860000075 ], [ -6.567125089999934, 39.594211856000072 ], [ -6.557762692999972, 39.581631702000038 ], [ -6.55736, 39.576491999000041 ], [ -6.553812060999974, 39.571546230000024 ], [ -6.556000002999951, 39.566893934000063 ], [ -6.546825198999954, 39.549171253000054 ], [ -6.529885, 39.54450999900007 ], [ -6.534871623999948, 39.532089228000075 ], [ -6.527445177999937, 39.518467107000049 ], [ -6.528921615999934, 39.511237010000059 ], [ -6.521972391999952, 39.508203966000053 ], [ -6.506033499999944, 39.489507394000043 ], [ -6.507332826999971, 39.47738664700006 ], [ -6.504870499999981, 39.473956999000052 ], [ -6.513743858999931, 39.471560968000063 ], [ -6.521472345999939, 39.473753664000071 ], [ -6.524467, 39.469352499000024 ], [ -6.541996104999953, 39.477220144000057 ], [ -6.550245981999979, 39.465141914000071 ], [ -6.577088229999958, 39.458087214000045 ], [ -6.580356485999971, 39.449833278000028 ], [ -6.617028839999932, 39.451114665000034 ], [ -6.622456424999939, 39.456515645000025 ], [ -6.620827946999952, 39.460858820000055 ], [ -6.627713320999931, 39.470724487000041 ], [ -6.627917840999942, 39.480102578000071 ], [ -6.637996009999938, 39.484795244000054 ], [ -6.638348389999976, 39.492098244000033 ], [ -6.648254418999954, 39.49366038800008 ], [ -6.647746063999932, 39.500145662000079 ], [ -6.644047893999925, 39.504849696000065 ], [ -6.648921499999972, 39.509197499000038 ], [ -6.631699826999977, 39.537341856000069 ], [ -6.627963423999972, 39.564986647000069 ], [ -6.623937, 39.573596999000074 ] ] ] } },
{ "type": "Feature", "properties": { "code": "10022", "name": "Arroyomolinos de la Vera" }, "geometry": { "type": "Polygon", "coordinates": [ [ [ -5.893848, 40.054927999000029 ], [ -5.868903285999977, 40.066277169000045 ], [ -5.855783499999973, 40.080707499000027 ], [ -5.835389499999962, 40.072738499000025 ], [ -5.836078972999928, 40.069552067000075 ], [ -5.83048772099994, 40.064017263000039 ], [ -5.830356463999976, 40.060354781000058 ], [ -5.835966069999927, 40.055665825000062 ], [ -5.838456460999964, 40.048331289000032 ], [ -5.848484934999931, 40.040064233000066 ], [ -5.850923499999965, 40.031886999000051 ], [ -5.85788170099994, 40.034982381000077 ], [ -5.884031794999942, 40.03573109000007 ], [ -5.913116583999965, 40.023542439000039 ], [ -5.915855499999964, 40.017074499000046 ], [ -5.923263006999946, 40.021191590000058 ], [ -5.920978787999957, 40.03173726600005 ], [ -5.893848, 40.054927999000029 ] ] ] } },
{ "type": "Feature", "properties": { "code": "10023", "name": "Arroyomolinos" }, "geometry": { "type": "Polygon", "coordinates": [ [ [ -6.21206449999994, 39.131864499000073 ], [ -6.172794139999951, 39.139731469000026 ], [ -6.171276367999951, 39.15725291800004 ], [ -6.190766158999963, 39.183506822000027 ], [ -6.188777647999927, 39.19160271800007 ], [ -6.192105499999968, 39.195790999000053 ], [ -6.188135785999975, 39.202130716000056 ], [ -6.179100665999954, 39.204341623000062 ], [ -6.155773549999935, 39.196252408000078 ], [ -6.149182558999939, 39.198387082000067 ], [ -6.144291248999934, 39.194603920000077 ], [ -6.132063672999948, 39.194243750000055 ], [ -6.112824281999963, 39.18960854200003 ], [ -6.101501191999944, 39.199170737000031 ], [ -6.089246, 39.203545999000028 ], [ -6.086305356999958, 39.195277868000062 ], [ -6.078386, 39.186471499000049 ], [ -6.087487253999939, 39.176074180000057 ], [ -6.09118499899995, 39.166688565000072 ], [ -6.090702462999957, 39.144699952000053 ], [ -6.095892533999972, 39.119708542000069 ], [ -6.107862556999976, 39.110157661000073 ], [ -6.129748090999954, 39.10781933700008 ], [ -6.133396847999961, 39.105005749000043 ], [ -6.12754130299993, 39.092878198000051 ], [ -6.127767090999953, 39.084051480000028 ], [ -6.13253666199995, 39.075422655000068 ], [ -6.125241499999959, 39.050002999000071 ], [ -6.132063672999948, 39.038693353000042 ], [ -6.136534499999925, 39.034167999000033 ], [ -6.142163499999981, 39.031638999000052 ], [ -6.153397569999981, 39.052348875000064 ], [ -6.168465499999968, 39.058932999000035 ], [ -6.171642499999962, 39.071041999000045 ], [ -6.171743575999926, 39.080519096000046 ], [ -6.214263091999953, 39.107603228000073 ], [ -6.21206449999994, 39.131864499000073 ] ] ] } },
{ "type": "Feature", "properties": { "code": "10024", "name": "Baños de Montemayor" }, "geometry": { "type": "Polygon", "coordinates": [ [ [ -5.917219, 40.27774049900006 ], [ -5.914115489999972, 40.285960663000026 ], [ -5.894853428999966, 40.307698913000024 ], [ -5.892138909999971, 40.320175325000037 ], [ -5.884288499999968, 40.326644999000052 ], [ -5.87607686299998, 40.326721588000055 ], [ -5.849975, 40.338241499000048 ], [ -5.852715642999954, 40.331751669000028 ], [ -5.847168, 40.328090499000041 ], [ -5.839412903999971, 40.314567044000057 ], [ -5.857040499999925, 40.29729099900004 ], [ -5.874099073999957, 40.292419616000075 ], [ -5.890475530999936, 40.278732695000031 ], [ -5.90801149999993, 40.268722499000035 ], [ -5.917219, 40.27774049900006 ] ] ] } },
{ "type": "Feature", "properties": { "code": "10025", "name": "Barrado" }, "geometry": { "type": "Polygon", "coordinates": [ [ [ -5.887713499999961, 40.098953999000059 ], [ -5.859157262999929, 40.094240352000043 ], [ -5.855783499999973, 40.080707499000027 ], [ -5.868903285999977, 40.066277169000045 ], [ -5.893848, 40.054927999000029 ], [ -5.929306595999947, 40.078355068000064 ], [ -5.943052, 40.083728999000073 ], [ -5.926665895999975, 40.091878386000076 ], [ -5.887713499999961, 40.098953999000059 ] ] ] } },
{ "type": "Feature", "properties": { "code": "10026", "name": "Belvís de Monroy" }, "geometry": { "type": "Polygon", "coordinates": [ [ [ -5.571085, 39.834941499000024 ], [ -5.57385174999996, 39.827202474000046 ], [ -5.563383937999959, 39.820593733000067 ], [ -5.560490499999958, 39.808693499000071 ], [ -5.575811105999946, 39.793277040000078 ], [ -5.591140711999969, 39.79204653100004 ], [ -5.599729559999957, 39.794378324000036 ], [ -5.604444499999943, 39.780212499000072 ], [ -5.620048499999939, 39.777584499000056 ], [ -5.647507252999958, 39.801155308000034 ], [ -5.648262773999932, 39.807871516000034 ], [ -5.643993006999949, 39.821875318000025 ], [ -5.657064499999933, 39.839137999000059 ], [ -5.633915486999967, 39.851781886000026 ], [ -5.603675790999944, 39.855446972000038 ], [ -5.596258499999976, 39.853587999000069 ], [ -5.591467777999981, 39.840936309000028 ], [ -5.582538100999955, 39.836286466000047 ], [ -5.571085, 39.834941499000024 ] ] ] } },
{ "type": "Feature", "properties": { "code": "10027", "name": "Benquerencia" }, "geometry": { "type": "Polygon", "coordinates": [ [ [ -6.115435499999933, 39.320930999000041 ], [ -6.074747471999956, 39.327194966000036 ], [ -6.066285, 39.321031499000071 ], [ -6.068489591999935, 39.315940992000037 ], [ -6.06603376299995, 39.307644534000076 ], [ -6.074380172999952, 39.300387502000035 ], [ -6.073871157999974, 39.293933461000051 ], [ -6.092521499999975, 39.283580999000037 ], [ -6.101981985999942, 39.290984316000049 ], [ -6.106857033999972, 39.30961405000005 ], [ -6.115435499999933, 39.320930999000041 ] ] ] } },
{ "type": "Feature", "properties": { "code": "10028", "name": "Berrocalejo" }, "geometry": { "type": "Polygon", "coordinates": [ [ [ -5.371834, 39.807784999000035 ], [ -5.360848998999927, 39.82755510100003 ], [ -5.368035180999925, 39.840172859000063 ], [ -5.375566649999939, 39.842727228000058 ], [ -5.377282183999966, 39.849573561000057 ], [ -5.369467511999972, 39.855291421000061 ], [ -5.356073315999936, 39.853215722000073 ], [ -5.340394213999957, 39.84414135600008 ], [ -5.336336083999925, 39.838041272000055 ], [ -5.33873342499993, 39.831249686000035 ], [ -5.334755428999927, 39.817182652000042 ], [ -5.343263913999976, 39.806308179000041 ], [ -5.335830525999938, 39.794498779000037 ], [ -5.343128499999978, 39.787635499000032 ], [ -5.352117, 39.79542899900008 ], [ -5.371834, 39.807784999000035 ] ] ] } },
{ "type": "Feature", "properties": { "code": "10029", "name": "Berzocana" }, "geometry": { "type": "Polygon", "coordinates": [ [ [ -5.433269499999938, 39.443492999000057 ], [ -5.415709990999972, 39.418817905000026 ], [ -5.433686467999962, 39.410714259000031 ], [ -5.432255325999961, 39.403436657000043 ], [ -5.445985292999978, 39.38759985400003 ], [ -5.456629931999942, 39.38519081700008 ], [ -5.462939763999941, 39.379517259000067 ], [ -5.470778, 39.380695499000069 ], [ -5.478679411999963, 39.383747696000057 ], [ -5.497412458999975, 39.378056645000072 ], [ -5.505551694999951, 39.389558148000049 ], [ -5.512934759999951, 39.392662856000072 ], [ -5.531114119999927, 39.391936422000072 ], [ -5.54585254999995, 39.38717398600005 ], [ -5.554978111999958, 39.380573130000073 ], [ -5.573722, 39.383758499000066 ], [ -5.572484437999947, 39.39300482200008 ], [ -5.563552670999968, 39.40127504600008 ], [ -5.552348421999966, 39.426637314000061 ], [ -5.539952235999976, 39.434998869000026 ], [ -5.534152671999948, 39.447289871000066 ], [ -5.543521578999957, 39.450883714000042 ], [ -5.552686906999952, 39.446059211000033 ], [ -5.565185654999937, 39.456708218000074 ], [ -5.562408402999949, 39.466854413000078 ], [ -5.565261605999979, 39.471588816000065 ], [ -5.554783876999977, 39.479770708000046 ], [ -5.550002602999939, 39.489580681000064 ], [ -5.536778008999931, 39.49478957000008 ], [ -5.554174340999964, 39.507970104000037 ], [ -5.55354863499997, 39.511518727000066 ], [ -5.557467715999962, 39.515020016000051 ], [ -5.575918, 39.519088499000077 ], [ -5.567386140999929, 39.538521211000045 ], [ -5.569491907999975, 39.545477715000061 ], [ -5.578505, 39.555003999000064 ], [ -5.563672040999961, 39.556779473000063 ], [ -5.539372172999947, 39.552455893000058 ], [ -5.529320852999945, 39.53451343100005 ], [ -5.520381357999952, 39.531478778000064 ], [ -5.503737106999949, 39.515664850000064 ], [ -5.499166636999973, 39.50550035100008 ], [ -5.50417183199994, 39.496448779000048 ], [ -5.492788470999926, 39.481201948000034 ], [ -5.492589867999925, 39.470568157000059 ], [ -5.489379719999931, 39.466398104000064 ], [ -5.491813655999977, 39.456207760000041 ], [ -5.48053902099997, 39.453223900000069 ], [ -5.462414066999941, 39.45888413800003 ], [ -5.449370149999936, 39.458609650000028 ], [ -5.439176802999953, 39.446409480000057 ], [ -5.433269499999938, 39.443492999000057 ] ] ] } },
{ "type": "Feature", "properties": { "code": "10030", "name": "Bohonal de Ibor" }, "geometry": { "type": "Polygon", "coordinates": [ [ [ -5.441445499999929, 39.746169999000074 ], [ -5.463239693999981, 39.751519334000079 ], [ -5.503681982999979, 39.770493289000058 ], [ -5.518330499999934, 39.768958999000063 ], [ -5.530109929999981, 39.791624015000025 ], [ -5.551944, 39.811771499000031 ], [ -5.545359819999931, 39.814347511000051 ], [ -5.537781870999936, 39.813287847000026 ], [ -5.518718237999963, 39.804102681000074 ], [ -5.512234643999932, 39.807731551000074 ], [ -5.493914, 39.807285999000044 ], [ -5.448823447999928, 39.809851325000068 ], [ -5.43953094099993, 39.801094678000027 ], [ -5.408054, 39.806720999000049 ], [ -5.401683343999935, 39.829639131000079 ], [ -5.396985813999947, 39.833031499000072 ], [ -5.379742370999963, 39.819907934000071 ], [ -5.372738, 39.808234999000035 ], [ -5.379395733999957, 39.797156547000043 ], [ -5.39512013999996, 39.789262345000054 ], [ -5.399506076999955, 39.780485084000077 ], [ -5.418637358999945, 39.762704676000055 ], [ -5.433983392999949, 39.763247816000046 ], [ -5.439296178999939, 39.756198635000032 ], [ -5.441445499999929, 39.746169999000074 ] ] ] } },
{ "type": "Feature", "properties": { "code": "10031", "name": "Botija" }, "geometry": { "type": "Polygon", "coordinates": [ [ [ -6.066285, 39.321031499000071 ], [ -6.074747471999956, 39.327194966000036 ], [ -6.115435499999933, 39.320930999000041 ], [ -6.12154, 39.324002999000072 ], [ -6.10350664799995, 39.344862492000061 ], [ -6.108335470999975, 39.35499651400005 ], [ -6.106691, 39.364742499000045 ], [ -6.085024499999975, 39.367111499000032 ], [ -6.074061299999926, 39.359127317000059 ], [ -6.071104870999932, 39.353541439000026 ], [ -6.046159, 39.339336499000069 ], [ -6.058900317999928, 39.330490629000053 ], [ -6.066285, 39.321031499000071 ] ] ] } },
{ "type": "Feature", "properties": { "code": "10032", "name": "Brozas" }, "geometry": { "type": "Polygon", "coordinates": [ [ [ -6.693201, 39.708490999000048 ], [ -6.695850499999949, 39.66262049900007 ], [ -6.69754249999994, 39.655029499000079 ], [ -6.697370499999977, 39.647845999000026 ], [ -6.699037499999974, 39.631061499000054 ], [ -6.6985, 39.620097999000052 ], [ -6.697503499999925, 39.615562499000077 ], [ -6.679516, 39.604243999000062 ], [ -6.63875749999994, 39.583030499000074 ], [ -6.623937, 39.573596999000074 ], [ -6.627963423999972, 39.564986647000069 ], [ -6.631699826999977, 39.537341856000069 ], [ -6.648921499999972, 39.509197499000038 ], [ -6.660656096999958, 39.493898587000047 ], [ -6.682253120999974, 39.483373983000035 ], [ -6.688792230999979, 39.473097984000049 ], [ -6.724309700999981, 39.467047696000066 ], [ -6.736369894999939, 39.457621863000043 ], [ -6.747145134999926, 39.455261 ], [ -6.751177750999943, 39.448461874000031 ], [ -6.762712499999964, 39.444377999000039 ], [ -6.774885086999973, 39.444982949000064 ], [ -6.784420959999977, 39.440663957000027 ], [ -6.804839227999935, 39.447231809000073 ], [ -6.809533137999949, 39.452139207000073 ], [ -6.838808850999953, 39.466055929000049 ], [ -6.865748118999932, 39.471818843000051 ], [ -6.881247370999972, 39.483535990000064 ], [ -6.930951, 39.503959499000075 ], [ -6.94254, 39.513351499000066 ], [ -6.917697705999956, 39.516227643000036 ], [ -6.882934692999982, 39.532341789000043 ], [ -6.858753097999966, 39.548673024000038 ], [ -6.856791, 39.599101999000027 ], [ -6.850551158999963, 39.609458489000076 ], [ -6.812966133999964, 39.61821416500004 ], [ -6.800056702999939, 39.628769197000054 ], [ -6.794035251999958, 39.639290618000075 ], [ -6.759517008999978, 39.658106695000072 ], [ -6.749504978999937, 39.675997713000072 ], [ -6.75518034199996, 39.68506857400007 ], [ -6.749146174999964, 39.699059370000043 ], [ -6.75581649999998, 39.704992999000069 ], [ -6.714424755999971, 39.704356929000028 ], [ -6.693201, 39.708490999000048 ] ] ] } },
{ "type": "Feature", "properties": { "code": "10033", "name": "Cabañas del Castillo" }, "geometry": { "type": "Polygon", "coordinates": [ [ [ -5.433269499999938, 39.443492999000057 ], [ -5.439176802999953, 39.446409480000057 ], [ -5.449370149999936, 39.458609650000028 ], [ -5.462414066999941, 39.45888413800003 ], [ -5.48053902099997, 39.453223900000069 ], [ -5.491813655999977, 39.456207760000041 ], [ -5.489379719999931, 39.466398104000064 ], [ -5.492589867999925, 39.470568157000059 ], [ -5.492788470999926, 39.481201948000034 ], [ -5.50417183199994, 39.496448779000048 ], [ -5.499166636999973, 39.50550035100008 ], [ -5.503737106999949, 39.515664850000064 ], [ -5.520381357999952, 39.531478778000064 ], [ -5.529320852999945, 39.53451343100005 ], [ -5.539372172999947, 39.552455893000058 ], [ -5.563672040999961, 39.556779473000063 ], [ -5.578505, 39.555003999000064 ], [ -5.58680346999995, 39.560006697000063 ], [ -5.592642, 39.574039499000037 ], [ -5.588157176999971, 39.582273390000069 ], [ -5.589415217999942, 39.598968841000044 ], [ -5.582314955999948, 39.608382555000048 ], [ -5.57213349999995, 39.611262999000076 ], [ -5.531626917999972, 39.582049620000078 ], [ -5.49185386299996, 39.593589502000043 ], [ -5.483052745999942, 39.592908793000049 ], [ -5.472242674999961, 39.587735980000048 ], [ -5.460368433999975, 39.588752634000059 ], [ -5.445446499999946, 39.59437949900007 ], [ -5.436497713999927, 39.585305081000058 ], [ -5.42287349999998, 39.562152999000034 ], [ -5.479900080999926, 39.525625841000078 ], [ -5.485575091999976, 39.51952979400005 ], [ -5.473964470999931, 39.512179202000027 ], [ -5.464374113999952, 39.494410108000068 ], [ -5.426427499999932, 39.449592499000062 ], [ -5.433269499999938, 39.443492999000057 ] ] ] } },
{ "type": "Feature", "properties": { "code": "10034", "name": "Cabezabellosa" }, "geometry": { "type": "Polygon", "coordinates": [ [ [ -5.993551, 40.088820499000065 ], [ -6.000956, 40.085212999000078 ], [ -6.015100152999935, 40.086353921000068 ], [ -6.03290949999996, 40.095744999000033 ], [ -6.029459333999966, 40.105531190000079 ], [ -6.037036, 40.111770499000045 ], [ -6.016625696999938, 40.130536342000028 ], [ -6.008946632999937, 40.150886661000072 ], [ -6.026698499999952, 40.16459499900003 ], [ -6.020515860999978, 40.168913300000042 ], [ -5.965651, 40.147506999000029 ], [ -5.967802669999969, 40.143204581000077 ], [ -5.957396695999932, 40.132042193000075 ], [ -5.956581486999937, 40.126299763000077 ], [ -5.97225839999993, 40.109397849000061 ], [ -5.989688225999942, 40.104117689000077 ], [ -5.999062444999936, 40.10662601000007 ], [ -5.993551, 40.088820499000065 ] ] ] } },
{ "type": "Feature", "properties": { "code": "10035", "name": "Cabezuela del Valle" }, "geometry": { "type": "Polygon", "coordinates": [ [ [ -5.853261499999974, 40.228995999000063 ], [ -5.846393444999933, 40.234206656000026 ], [ -5.831437373999961, 40.237812151000071 ], [ -5.820460123999965, 40.248012767000034 ], [ -5.800391499999932, 40.248725999000044 ], [ -5.798747607999928, 40.241395428000033 ], [ -5.778461335999964, 40.218575037000051 ], [ -5.776643504999981, 40.211257463000038 ], [ -5.78008342499993, 40.205704274000027 ], [ -5.773117458999934, 40.204434401000071 ], [ -5.766845000999979, 40.198963734000074 ], [ -5.757077957999968, 40.200474727000028 ], [ -5.741788077999956, 40.177328110000076 ], [ -5.734074, 40.170619999000053 ], [ -5.740093657999978, 40.172641558000066 ], [ -5.757528234999938, 40.169873170000074 ], [ -5.785067499999968, 40.15618149900007 ], [ -5.79845, 40.155875999000045 ], [ -5.811194476999958, 40.179555873000027 ], [ -5.822734409999953, 40.19136297600005 ], [ -5.833945540999935, 40.193464636000044 ], [ -5.860885516999929, 40.207208452000032 ], [ -5.881128579999938, 40.209231875000057 ], [ -5.884977, 40.212012999000081 ], [ -5.878720108999971, 40.214145646000077 ], [ -5.868827459999977, 40.226299948000076 ], [ -5.853261499999974, 40.228995999000063 ] ] ] } },
{ "type": "Feature", "properties": { "code": "10036", "name": "Cabrero" }, "geometry": { "type": "Polygon", "coordinates": [ [ [ -5.910073, 40.132569499000056 ], [ -5.893347576999929, 40.133068969000078 ], [ -5.87638, 40.124797499000067 ], [ -5.878205587999958, 40.121934597000063 ], [ -5.879057152999962, 40.115740815000038 ], [ -5.876627130999964, 40.107995801000072 ], [ -5.873992083999951, 40.105308539000077 ], [ -5.878402312999981, 40.09961572900005 ], [ -5.88077607699995, 40.100253145000067 ], [ -5.887713499999961, 40.098953999000059 ], [ -5.892633243999967, 40.10022353100004 ], [ -5.894567936999977, 40.110090956000079 ], [ -5.903687844999979, 40.118215992000046 ], [ -5.910073, 40.132569499000056 ] ] ] } },
{ "type": "Feature", "properties": { "code": "10037", "name": "Cáceres" }, "geometry": { "type": "Polygon", "coordinates": [ [ [ -6.474849499999948, 39.460155999000051 ], [ -6.480382520999967, 39.472052666000025 ], [ -6.479404013999954, 39.491461659000038 ], [ -6.475061192999931, 39.494958299000075 ], [ -6.466251758999931, 39.495294560000048 ], [ -6.446935185999962, 39.512862398000038 ], [ -6.494718303999946, 39.537167725000074 ], [ -6.521017727999947, 39.540274966000027 ], [ -6.529885, 39.54450999900007 ], [ -6.546825198999954, 39.549171253000054 ], [ -6.556000002999951, 39.566893934000063 ], [ -6.553812060999974, 39.571546230000024 ], [ -6.55736, 39.576491999000041 ], [ -6.550245981999979, 39.580616647000056 ], [ -6.53735458999995, 39.583423424000046 ], [ -6.534733639999956, 39.571958968000047 ], [ -6.52056289899997, 39.571074318000058 ], [ -6.508139306999965, 39.565673827000069 ], [ -6.496670893999976, 39.566909100000032 ], [ -6.487762174999943, 39.572851036000031 ], [ -6.46813046699998, 39.565843753000024 ], [ -6.465396833999932, 39.561361061000071 ], [ -6.466051712999956, 39.555349096000043 ], [ -6.451478063999957, 39.539625929000067 ], [ -6.441070408999963, 39.539227501000028 ], [ -6.428820262999977, 39.533451913000079 ], [ -6.401232858999947, 39.538839349000057 ], [ -6.384385012999928, 39.551477103000025 ], [ -6.387967457999935, 39.582012790000078 ], [ -6.391709306999928, 39.591082940000035 ], [ -6.419951525999977, 39.598044903000073 ], [ -6.427923902999964, 39.611851169000033 ], [ -6.430593346999956, 39.622598169000071 ], [ -6.440736940999955, 39.620698090000076 ], [ -6.447579723999979, 39.62629952900005 ], [ -6.462543202999939, 39.624927203000027 ], [ -6.465733499999942, 39.627387499000065 ], [ -6.43705749999998, 39.648795999000072 ], [ -6.421799069999963, 39.634901939000031 ], [ -6.421079499999962, 39.626840111000035 ], [ -6.416163510999979, 39.621246294000059 ], [ -6.392278588999943, 39.612722852000047 ], [ -6.374582629999964, 39.601934904000075 ], [ -6.342262, 39.593466999000043 ], [ -6.319269001999942, 39.59013942200005 ], [ -6.305658, 39.591289499000027 ], [ -6.287322618999951, 39.595118819000049 ], [ -6.274003856999968, 39.585048707000055 ], [ -6.266983062999941, 39.587049578000062 ], [ -6.251566525999976, 39.582106947000057 ], [ -6.243781981999973, 39.582944922000024 ], [ -6.24174874199997, 39.576506679000033 ], [ -6.232778008999958, 39.577104003000045 ], [ -6.206705789999944, 39.568428687000051 ], [ -6.200770269999964, 39.570076741000037 ], [ -6.196293974999946, 39.566381966000051 ], [ -6.190265589999967, 39.566400176000059 ], [ -6.188202734999948, 39.560869063000041 ], [ -6.176754607999953, 39.551949027000035 ], [ -6.171369029999937, 39.551478492000058 ], [ -6.16735302799998, 39.547066145000031 ], [ -6.158177135999949, 39.546978608000074 ], [ -6.15469937499995, 39.53964164100006 ], [ -6.144717499999956, 39.54067599900003 ], [ -6.136855529999934, 39.533186547000071 ], [ -6.144675312999937, 39.524324451000041 ], [ -6.138277198999958, 39.523106055000028 ], [ -6.132063672999948, 39.51215664700004 ], [ -6.117087625999943, 39.504694678000078 ], [ -6.108689252999966, 39.484670313000038 ], [ -6.097604339999975, 39.480597579000062 ], [ -6.097279223999976, 39.475457225000071 ], [ -6.090078056999971, 39.469235014000049 ], [ -6.097190256999966, 39.46315160000006 ], [ -6.093093462999946, 39.456351815000062 ], [ -6.082025342999941, 39.452896918000079 ], [ -6.087734175999969, 39.448077347000037 ], [ -6.091509534999943, 39.439541413000029 ], [ -6.08510486199998, 39.428046499000061 ], [ -6.088281623999933, 39.423498821000067 ], [ -6.080010294999965, 39.421754476000046 ], [ -6.081365000999938, 39.412213474000055 ], [ -6.086812928999962, 39.40854128400008 ], [ -6.084567, 39.405441499000062 ], [ -6.090592028999936, 39.404030990000081 ], [ -6.085678306999966, 39.399378519000038 ], [ -6.093368993999945, 39.394556229000045 ], [ -6.091612459999965, 39.389295667000056 ], [ -6.086456945999942, 39.386351675000071 ], [ -6.090374835999967, 39.384107837000045 ], [ -6.08129228599995, 39.377020046000041 ], [ -6.085024499999975, 39.367111499000032 ], [ -6.106691, 39.364742499000045 ], [ -6.132063672999948, 39.363700896000068 ], [ -6.150653154999929, 39.364024235000045 ], [ -6.174031598999932, 39.359750691000045 ], [ -6.200064, 39.347957499000074 ], [ -6.206530293999947, 39.35187626000004 ], [ -6.19749638299993, 39.367297638000025 ], [ -6.196146786999975, 39.378302724000037 ], [ -6.203960182999936, 39.384408674000042 ], [ -6.211653844999944, 39.381827136000027 ], [ -6.219314320999956, 39.384605929000031 ], [ -6.230343, 39.378116499000043 ], [ -6.236914208999963, 39.380410101000052 ], [ -6.233032905999949, 39.388757703000067 ], [ -6.233587764999925, 39.399189902000046 ], [ -6.241869915999928, 39.404030138000053 ], [ -6.25956402099996, 39.40396387800007 ], [ -6.277931698999964, 39.389774530000068 ], [ -6.279918414999941, 39.385387251000054 ], [ -6.272704073999932, 39.375031164000063 ], [ -6.273714275999964, 39.367124302000036 ], [ -6.262077692999981, 39.365576762000046 ], [ -6.260089451999931, 39.35753455300005 ], [ -6.263119117999963, 39.353331721000075 ], [ -6.280123658999969, 39.350525358000027 ], [ -6.287213, 39.326087999000038 ], [ -6.300446069999964, 39.323111647000076 ], [ -6.301829761999954, 39.320051379000063 ], [ -6.297692499999926, 39.315116999000054 ], [ -6.308932224999978, 39.314647670000056 ], [ -6.316030285999943, 39.321781180000073 ], [ -6.325705270999947, 39.320165306000035 ], [ -6.323348451999948, 39.296846035000044 ], [ -6.355409501999929, 39.292970057000048 ], [ -6.362977361999981, 39.287492153000073 ], [ -6.36535188199997, 39.280558186000064 ], [ -6.342339597999967, 39.278731137000079 ], [ -6.334490039999935, 39.273205647000054 ], [ -6.323542891999978, 39.271116635000055 ], [ -6.305204770999978, 39.276812174000042 ], [ -6.296792014999937, 39.267406120000032 ], [ -6.298978044999956, 39.253138514000057 ], [ -6.291451499999937, 39.250109499000075 ], [ -6.305884067999955, 39.230438369000069 ], [ -6.308364360999974, 39.218390475000035 ], [ -6.31918479199993, 39.200170688000071 ], [ -6.319484, 39.18394949900005 ], [ -6.327784343999951, 39.186514782000074 ], [ -6.342362329999958, 39.183501828000033 ], [ -6.355828627999927, 39.177104282000073 ], [ -6.368879439999944, 39.164922644000058 ], [ -6.376382, 39.162922999000045 ], [ -6.398231499999952, 39.165269999000031 ], [ -6.402014, 39.164475999000047 ], [ -6.406758499999967, 39.165003999000078 ], [ -6.436813238999946, 39.175296935000063 ], [ -6.457856499999934, 39.174110499000051 ], [ -6.491698914999972, 39.168310225000027 ], [ -6.53542803199997, 39.180296717000033 ], [ -6.538530692999927, 39.156764797000051 ], [ -6.574326, 39.158416499000055 ], [ -6.574893889999942, 39.167613347000042 ], [ -6.583730069999945, 39.172064783000053 ], [ -6.580994161999968, 39.179430446000026 ], [ -6.63318155199994, 39.196478247000073 ], [ -6.645639666999955, 39.194003589000033 ], [ -6.659852083999965, 39.198225228000069 ], [ -6.681075499999963, 39.177211499000066 ], [ -6.690174499999955, 39.178600499000027 ], [ -6.708485, 39.185016499000028 ], [ -6.732762499999978, 39.189804499000047 ], [ -6.738252, 39.18958599900003 ], [ -6.750726, 39.194100499000058 ], [ -6.753309, 39.193912499000078 ], [ -6.756852, 39.190669999000079 ], [ -6.761453499999959, 39.188513999000065 ], [ -6.767576499999961, 39.188434499000039 ], [ -6.783248023999931, 39.200336985000035 ], [ -6.794290642999954, 39.214082485000063 ], [ -6.800801367999952, 39.237828257000047 ], [ -6.784092837999935, 39.253862164000054 ], [ -6.778273442999932, 39.265124243000059 ], [ -6.768014021999932, 39.26913045100008 ], [ -6.761744376999957, 39.276223243000061 ], [ -6.747195820999934, 39.321752837000076 ], [ -6.750972041999944, 39.326143202000026 ], [ -6.772083377999934, 39.329447476000041 ], [ -6.796155712999962, 39.344526163000069 ], [ -6.791857996999966, 39.368307121000043 ], [ -6.802142499999945, 39.389556999000035 ], [ -6.796290191999958, 39.397324386000037 ], [ -6.797091690999935, 39.406320480000034 ], [ -6.780991547999975, 39.420573041000068 ], [ -6.776784747999955, 39.429380406000064 ], [ -6.76219821799998, 39.437923332000025 ], [ -6.762712499999964, 39.444377999000039 ], [ -6.751177750999943, 39.448461874000031 ], [ -6.747145134999926, 39.455261 ], [ -6.736369894999939, 39.457621863000043 ], [ -6.724309700999981, 39.467047696000066 ], [ -6.688792230999979, 39.473097984000049 ], [ -6.682253120999974, 39.483373983000035 ], [ -6.660656096999958, 39.493898587000047 ], [ -6.648921499999972, 39.509197499000038 ], [ -6.644047893999925, 39.504849696000065 ], [ -6.647746063999932, 39.500145662000079 ], [ -6.648254418999954, 39.49366038800008 ], [ -6.638348389999976, 39.492098244000033 ], [ -6.637996009999938, 39.484795244000054 ], [ -6.627917840999942, 39.480102578000071 ], [ -6.627713320999931, 39.470724487000041 ], [ -6.620827946999952, 39.460858820000055 ], [ -6.622456424999939, 39.456515645000025 ], [ -6.617028839999932, 39.451114665000034 ], [ -6.580356485999971, 39.449833278000028 ], [ -6.577088229999958, 39.458087214000045 ], [ -6.550245981999979, 39.465141914000071 ], [ -6.541996104999953, 39.477220144000057 ], [ -6.524467, 39.469352499000024 ], [ -6.523181044999944, 39.465839578000043 ], [ -6.535905025999966, 39.450036995000062 ], [ -6.537988642999949, 39.440035232000071 ], [ -6.54567184299998, 39.429662359000076 ], [ -6.530867949999958, 39.426098830000058 ], [ -6.512588265999966, 39.42822818500008 ], [ -6.50834494999998, 39.41933440300005 ], [ -6.500824487999978, 39.414238992000037 ], [ -6.481695036999952, 39.408222726000076 ], [ -6.477256558999954, 39.409346916000061 ], [ -6.473008644999936, 39.414238992000037 ], [ -6.470170666999934, 39.431783990000042 ], [ -6.460731710999937, 39.43998666300007 ], [ -6.457401176999952, 39.44980294700008 ], [ -6.46829331899994, 39.459441129000027 ], [ -6.474849499999948, 39.460155999000051 ] ], [ [ -6.299037932999966, 39.444953828000052 ], [ -6.288761321999971, 39.420144160000063 ], [ -6.26777855499995, 39.417475642000056 ], [ -6.261629765999942, 39.417441973000052 ], [ -6.253599680999969, 39.424689747000059 ], [ -6.23871197099993, 39.420312397000032 ], [ -6.231249438999953, 39.438825852000036 ], [ -6.23353310899995, 39.448152808000032 ], [ -6.280059091999931, 39.459525137000071 ], [ -6.28638527399994, 39.457306141000061 ], [ -6.299037932999966, 39.444953828000052 ] ], [ [ -6.762580153999977, 39.402845584000033 ], [ -6.745042059999946, 39.399946158000034 ], [ -6.732617807999929, 39.381152716000031 ], [ -6.736706365999964, 39.37216520100003 ], [ -6.733734522999953, 39.36211155500007 ], [ -6.72364668299997, 39.352911197000026 ], [ -6.71749488599994, 39.351079257000038 ], [ -6.699465761999932, 39.35422910300008 ], [ -6.692158946999939, 39.360831818000065 ], [ -6.679289598999958, 39.365638316000059 ], [ -6.659153665999952, 39.367138498000031 ], [ -6.63605070899996, 39.384113187000025 ], [ -6.647593970999935, 39.395469053000056 ], [ -6.648740926999949, 39.407242014000076 ], [ -6.657728707999979, 39.416656383000031 ], [ -6.654198595999958, 39.421086573000025 ], [ -6.643295302999945, 39.422924909000074 ], [ -6.641818678999925, 39.42581978000004 ], [ -6.650894114999971, 39.434746410000059 ], [ -6.659414939999976, 39.435054505000039 ], [ -6.66440748499997, 39.442107708000037 ], [ -6.68064637599997, 39.454223733000049 ], [ -6.683933443999933, 39.461078044000033 ], [ -6.69796518499993, 39.461832644000026 ], [ -6.705977540999925, 39.448856382000031 ], [ -6.739846425999929, 39.439615606000075 ], [ -6.755944845999977, 39.41590978000005 ], [ -6.762580153999977, 39.402845584000033 ] ] ] } },
{ "type": "Feature", "properties": { "code": "10038", "name": "Cachorrilla" }, "geometry": { "type": "MultiPolygon", "coordinates": [ [ [ [ -6.688092499999925, 39.92410299900007 ], [ -6.662243, 39.935764499000072 ], [ -6.658994838999945, 39.931340677000037 ], [ -6.655296087999943, 39.911774816000047 ], [ -6.639800830999945, 39.901974071000041 ], [ -6.623765940999931, 39.884686074000058 ], [ -6.627185986999962, 39.870740133000027 ], [ -6.634107731999961, 39.86490518100004 ], [ -6.6487, 39.855045499000028 ], [ -6.658677834999935, 39.862404794000042 ], [ -6.664845498999966, 39.86490518100004 ], [ -6.672291, 39.86986549900007 ], [ -6.688298, 39.877605499000026 ], [ -6.694637499999942, 39.883098499000027 ], [ -6.710284499999943, 39.892493999000067 ], [ -6.711910499999931, 39.894683999000051 ], [ -6.72234549999996, 39.901672499000028 ], [ -6.723582, 39.903568499000073 ], [ -6.695842881999965, 39.91646309500004 ], [ -6.688092499999925, 39.92410299900007 ] ] ], [ [ [ -6.736714499999948, 39.930656499000065 ], [ -6.714637047999929, 39.928213609000068 ], [ -6.694280396999943, 39.931187059000081 ], [ -6.692056499999978, 39.927108999000041 ], [ -6.712166499999967, 39.918937499000037 ], [ -6.722229499999969, 39.920459999000059 ], [ -6.733831, 39.917431499000031 ], [ -6.736714499999948, 39.930656499000065 ] ] ] ] } },
{ "type": "Feature", "properties": { "code": "10039", "name": "Cadalso" }, "geometry": { "type": "MultiPolygon", "coordinates": [ [ [ [ -6.508625, 40.266910499000062 ], [ -6.506791786999941, 40.260002458000031 ], [ -6.520955714999957, 40.249987133000047 ], [ -6.526566199999934, 40.248171156000069 ], [ -6.527710170999967, 40.250302064000039 ], [ -6.527934101999961, 40.254176440000037 ], [ -6.526399253999955, 40.257792346000031 ], [ -6.531123625999953, 40.265228170000057 ], [ -6.532971499999974, 40.272655499000052 ], [ -6.518581836999942, 40.267353201000049 ], [ -6.508625, 40.266910499000062 ] ] ], [ [ [ -6.531465322999964, 40.225577304000069 ], [ -6.529079698999965, 40.22997644600008 ], [ -6.52319100699998, 40.23197588000005 ], [ -6.524644121999927, 40.223947336000037 ], [ -6.531465322999964, 40.225577304000069 ] ] ], [ [ [ -6.554191714999945, 40.237394718000075 ], [ -6.551920000999928, 40.243499117000056 ], [ -6.540030830999967, 40.247669157000075 ], [ -6.530016006999972, 40.245006446000048 ], [ -6.526343776999965, 40.238330246000032 ], [ -6.538291896999965, 40.225358105000055 ], [ -6.547366752999949, 40.228695339000069 ], [ -6.554191714999945, 40.237394718000075 ] ] ] ] } },
{ "type": "Feature", "properties": { "code": "10040", "name": "Calzadilla" }, "geometry": { "type": "Polygon", "coordinates": [ [ [ -6.612674, 40.086131999000031 ], [ -6.612724453999931, 40.091888984000036 ], [ -6.60368034399994, 40.096412688000044 ], [ -6.597224, 40.107997999000077 ], [ -6.541349499999967, 40.102687499000069 ], [ -6.534532499999955, 40.10037599900005 ], [ -6.525263, 40.091247499000076 ], [ -6.516507499999932, 40.08016599900003 ], [ -6.508283499999948, 40.073032499000078 ], [ -6.503318, 40.065093999000055 ], [ -6.499459, 40.056338999000047 ], [ -6.500798499999974, 40.053657499000053 ], [ -6.496469499999932, 40.040046499000027 ], [ -6.48863149999994, 40.034778499000026 ], [ -6.483872, 40.028545499000074 ], [ -6.501098031999959, 40.027343210000026 ], [ -6.501225588999944, 40.007914993000043 ], [ -6.537205073999928, 40.020732500000065 ], [ -6.555905, 40.01303499900007 ], [ -6.568659, 40.018604499000048 ], [ -6.57347249999998, 40.02196899900008 ], [ -6.579418, 40.021629499000028 ], [ -6.592597, 40.025634999000033 ], [ -6.594980499999963, 40.02729049900006 ], [ -6.596365, 40.030238999000062 ], [ -6.596701, 40.03373349900005 ], [ -6.598043, 40.035850499000048 ], [ -6.600438508999957, 40.044536897000057 ], [ -6.597272910999948, 40.05141751900004 ], [ -6.587028656999962, 40.058064878000039 ], [ -6.589004613999975, 40.060846703000038 ], [ -6.601206778999938, 40.061823460000028 ], [ -6.602693905999956, 40.085867572000041 ], [ -6.60839641299998, 40.08871890000006 ], [ -6.612674, 40.086131999000031 ] ] ] } },
{ "type": "Feature", "properties": { "code": "10041", "name": "Caminomorisco" }, "geometry": { "type": "Polygon", "coordinates": [ [ [ -6.075211499999966, 40.403040499000042 ], [ -6.066763893999962, 40.395553171000074 ], [ -6.080150291999928, 40.390511178000054 ], [ -6.073248469999953, 40.385461453000062 ], [ -6.084707998999932, 40.376786555000081 ], [ -6.082819764999954, 40.363973134000048 ], [ -6.097062377999976, 40.357270952000079 ], [ -6.105855499999961, 40.35682299900003 ], [ -6.108924529999967, 40.347725444000048 ], [ -6.119102152999972, 40.346456830000079 ], [ -6.119425289999981, 40.338517361000072 ], [ -6.12656594799995, 40.332427219000067 ], [ -6.128146, 40.318439499000078 ], [ -6.132063672999948, 40.32618339000004 ], [ -6.156076214999928, 40.331241781000074 ], [ -6.181972516999963, 40.331788642000049 ], [ -6.200877784999932, 40.320136096000056 ], [ -6.201157499999965, 40.31565099900007 ], [ -6.212802765999925, 40.316870211000037 ], [ -6.232872507999957, 40.303893688000073 ], [ -6.251209931999938, 40.305603704000077 ], [ -6.266351831999941, 40.302782087000026 ], [ -6.273785774999965, 40.30644454000003 ], [ -6.29146906699998, 40.300994736000064 ], [ -6.305871212999932, 40.305610061000039 ], [ -6.316452136999942, 40.297903208000037 ], [ -6.325439499999959, 40.299674999000047 ], [ -6.322810318999927, 40.306062058000066 ], [ -6.309115123999959, 40.317511517000071 ], [ -6.322987197999964, 40.332707031000041 ], [ -6.320070344999976, 40.342237818000058 ], [ -6.320761647999973, 40.354370373000052 ], [ -6.311827039999969, 40.362457361000054 ], [ -6.306870249999974, 40.37277793800007 ], [ -6.300068, 40.377464499000041 ], [ -6.285147793999954, 40.378747444000055 ], [ -6.258334136999963, 40.370454922000079 ], [ -6.235749773999942, 40.375948994000055 ], [ -6.223435061999965, 40.371843535000039 ], [ -6.20508046599997, 40.372187849000056 ], [ -6.19555278699994, 40.366759372000047 ], [ -6.156196, 40.401920999000026 ], [ -6.140893214999949, 40.409237153000049 ], [ -6.132063672999948, 40.410287832000051 ], [ -6.117842499999938, 40.415952999000069 ], [ -6.098389529999963, 40.413241818000074 ], [ -6.082520196999951, 40.403040277000059 ], [ -6.075211499999966, 40.403040499000042 ] ] ] } },
{ "type": "Feature", "properties": { "code": "10042", "name": "Campillo de Deleitosa" }, "geometry": { "type": "Polygon", "coordinates": [ [ [ -5.560745499999939, 39.739673499000048 ], [ -5.565492639999945, 39.732761819000075 ], [ -5.564010311999937, 39.727421675000073 ], [ -5.572457481999948, 39.727603940000051 ], [ -5.57329666399994, 39.721626353000033 ], [ -5.569092472999955, 39.71410254500006 ], [ -5.553357583999968, 39.703204289000041 ], [ -5.549746230999972, 39.695129659000031 ], [ -5.549790142999939, 39.690097106000053 ], [ -5.55758693699994, 39.677830536000045 ], [ -5.551452569999981, 39.669160321000049 ], [ -5.553116, 39.66581749900007 ], [ -5.566353, 39.676387999000042 ], [ -5.585245975999953, 39.694493773000033 ], [ -5.597020025999939, 39.699994414000059 ], [ -5.61445695599997, 39.716039079000041 ], [ -5.62401, 39.717513999000062 ], [ -5.624852499999974, 39.72283199900005 ], [ -5.614235925999935, 39.732131683000034 ], [ -5.599527770999941, 39.731137598000032 ], [ -5.597769287999938, 39.738719303000039 ], [ -5.591228722999972, 39.745054141000026 ], [ -5.577467, 39.749793499000077 ], [ -5.560745499999939, 39.739673499000048 ] ] ] } },
{ "type": "Feature", "properties": { "code": "10043", "name": "Campo Lugar" }, "geometry": { "type": "Polygon", "coordinates": [ [ [ -5.768428, 39.221351499000036 ], [ -5.72960715499994, 39.210264625000036 ], [ -5.733712801999957, 39.205246257000056 ], [ -5.728629851999926, 39.186705729000039 ], [ -5.729853473999981, 39.172589813000059 ], [ -5.727035743999977, 39.154308762000028 ], [ -5.713736499999925, 39.135230499000045 ], [ -5.705949577999945, 39.144045843000072 ], [ -5.695802104999927, 39.138341322000031 ], [ -5.704761978999954, 39.127165906000073 ], [ -5.72666049999998, 39.112209499000073 ], [ -5.758351552999954, 39.133449885000061 ], [ -5.810424, 39.144633999000064 ], [ -5.810771470999953, 39.151527005000048 ], [ -5.824423076999949, 39.158348278000062 ], [ -5.822889655999973, 39.174667086000056 ], [ -5.815872499999955, 39.193042999000056 ], [ -5.807978499999933, 39.200378499000067 ], [ -5.800607, 39.205131499000061 ], [ -5.791649, 39.213752999000064 ], [ -5.783309499999973, 39.219588499000054 ], [ -5.781020499999954, 39.220832999000038 ], [ -5.768428, 39.221351499000036 ] ] ] } },
{ "type": "Feature", "properties": { "code": "10044", "name": "Cañamero" }, "geometry": { "type": "Polygon", "coordinates": [ [ [ -5.354286, 39.271880999000075 ], [ -5.372559936999949, 39.288669132000052 ], [ -5.400535837999939, 39.298886378000077 ], [ -5.430188084999941, 39.302160891000028 ], [ -5.426185634999968, 39.314345347000028 ], [ -5.436134416999948, 39.321267507000073 ], [ -5.434819463999929, 39.334771259000036 ], [ -5.453176839999969, 39.355619809000075 ], [ -5.460163901999977, 39.372681087000046 ], [ -5.470778, 39.380695499000069 ], [ -5.462939763999941, 39.379517259000067 ], [ -5.456629931999942, 39.38519081700008 ], [ -5.445985292999978, 39.38759985400003 ], [ -5.432255325999961, 39.403436657000043 ], [ -5.433686467999962, 39.410714259000031 ], [ -5.415709990999972, 39.418817905000026 ], [ -5.433269499999938, 39.443492999000057 ], [ -5.426427499999932, 39.449592499000062 ], [ -5.41378977599993, 39.454844107000042 ], [ -5.403644830999951, 39.466715245000046 ], [ -5.396538859999964, 39.470854041000052 ], [ -5.382402, 39.467395999000075 ], [ -5.378418512999929, 39.45833764300005 ], [ -5.382258741999976, 39.443099826000037 ], [ -5.375593273999925, 39.433149061000051 ], [ -5.360109213999976, 39.427151440000046 ], [ -5.35102825599995, 39.426639627000043 ], [ -5.345144656999935, 39.418490370000029 ], [ -5.328746499999966, 39.412234999000077 ], [ -5.329843199999971, 39.375143752000042 ], [ -5.333179604999941, 39.358711982000045 ], [ -5.328628642999945, 39.345887264000055 ], [ -5.30324, 39.319640999000057 ], [ -5.321625807999965, 39.330616606000035 ], [ -5.339904499999932, 39.33355399900006 ], [ -5.346436, 39.31201549900004 ], [ -5.352757, 39.286110499000074 ], [ -5.354286, 39.271880999000075 ] ] ] } },
{ "type": "Feature", "properties": { "code": "10045", "name": "Cañaveral" }, "geometry": { "type": "Polygon", "coordinates": [ [ [ -6.415757, 39.718517499000029 ], [ -6.426706213999978, 39.717187109000065 ], [ -6.437089684999933, 39.72633075300007 ], [ -6.433715780999933, 39.733430234000025 ], [ -6.435599623999963, 39.75182716900008 ], [ -6.44373, 39.770572499000025 ], [ -6.44110546099995, 39.785414404000051 ], [ -6.452834370999938, 39.805444784000031 ], [ -6.432774609999967, 39.809173669000074 ], [ -6.408254755999963, 39.806094256000051 ], [ -6.390836212999943, 39.810470975000044 ], [ -6.382320383999968, 39.818470741000056 ], [ -6.382145127999934, 39.831200596000031 ], [ -6.388225791999957, 39.836614722000036 ], [ -6.390814527999964, 39.844859811000049 ], [ -6.376372404999927, 39.86490518100004 ], [ -6.377517499999954, 39.866534999000066 ], [ -6.375531499999965, 39.868682999000043 ], [ -6.364947499999971, 39.868125999000029 ], [ -6.359263, 39.865897999000026 ], [ -6.353405, 39.862472499000035 ], [ -6.339475499999935, 39.851417499000036 ], [ -6.327341499999932, 39.859096499000032 ], [ -6.322478426999965, 39.86490518100004 ], [ -6.305349, 39.87866199900003 ], [ -6.296823, 39.87008699900008 ], [ -6.295559323999953, 39.86490518100004 ], [ -6.297108180999942, 39.861338975000081 ], [ -6.292825236999931, 39.854713867000044 ], [ -6.282676, 39.847678999000038 ], [ -6.323294843999975, 39.836916455000051 ], [ -6.342829172999927, 39.823264183000049 ], [ -6.363359640999931, 39.820479985000077 ], [ -6.365028939999945, 39.800220759000069 ], [ -6.372275487999957, 39.788538011000071 ], [ -6.369298994999951, 39.784936274000074 ], [ -6.369493151999961, 39.779297702000065 ], [ -6.376016169999957, 39.770826309000029 ], [ -6.374829152999951, 39.761551695000037 ], [ -6.382073415999969, 39.750143921000074 ], [ -6.381184487999974, 39.744583664000061 ], [ -6.387622953999937, 39.734708703000081 ], [ -6.386534499999925, 39.731525999000041 ], [ -6.39774, 39.722388499000033 ], [ -6.415757, 39.718517499000029 ] ] ] } },
{ "type": "Feature", "properties": { "code": "10046", "name": "Carbajo" }, "geometry": { "type": "Polygon", "coordinates": [ [ [ -7.146702, 39.653033999000058 ], [ -7.147994107999978, 39.645517650000045 ], [ -7.155545021999956, 39.636669591000043 ], [ -7.164682415999948, 39.634840584000074 ], [ -7.168738342999973, 39.628569602000027 ], [ -7.165779372999964, 39.625111233000041 ], [ -7.166742881999937, 39.621200757000054 ], [ -7.162183224999978, 39.618108638000081 ], [ -7.163292787999978, 39.613614899000027 ], [ -7.14670504299994, 39.597357403000046 ], [ -7.166420078999977, 39.591651554000066 ], [ -7.183487, 39.583029999000075 ], [ -7.188303627999971, 39.590615976000038 ], [ -7.202692731999946, 39.593113090000031 ], [ -7.211319041999957, 39.60005959800003 ], [ -7.197080207999932, 39.630690332000029 ], [ -7.20072253099994, 39.637910070000032 ], [ -7.19008546799995, 39.64453233100005 ], [ -7.19236449999994, 39.660774999000068 ], [ -7.167959, 39.656024999000067 ], [ -7.161517499999945, 39.655662499000073 ], [ -7.15272, 39.653312499000037 ], [ -7.146702, 39.653033999000058 ] ] ] } },
{ "type": "Feature", "properties": { "code": "10047", "name": "Carcaboso" }, "geometry": { "type": "Polygon", "coordinates": [ [ [ -6.193405, 40.074455499000067 ], [ -6.194295560999933, 40.058823327000027 ], [ -6.190241258999947, 40.046352478000074 ], [ -6.208763499999975, 40.023235499000066 ], [ -6.21930434799998, 40.024168152000072 ], [ -6.229518499999926, 40.03328699900004 ], [ -6.243450499999938, 40.034519499000055 ], [ -6.257496499999945, 40.03442349900007 ], [ -6.25095749999997, 40.045524499000066 ], [ -6.226669499999957, 40.071281499000065 ], [ -6.193405, 40.074455499000067 ] ] ] } },
{ "type": "Feature", "properties": { "code": "10048", "name": "Carrascalejo" }, "geometry": { "type": "Polygon", "coordinates": [ [ [ -5.172692, 39.635440999000025 ], [ -5.182525315999953, 39.618831352000029 ], [ -5.205321775999948, 39.599163156000031 ], [ -5.202112499999942, 39.592063999000061 ], [ -5.25083564199997, 39.627028382000049 ], [ -5.275659294999969, 39.64990361100007 ], [ -5.278291484999954, 39.656688612000039 ], [ -5.251083888999972, 39.665051987000027 ], [ -5.243196849999947, 39.679051385000037 ], [ -5.229825826999956, 39.677812715000073 ], [ -5.184631062999927, 39.66244183200007 ], [ -5.173198634999949, 39.649856431000046 ], [ -5.170386599999972, 39.640215191000038 ], [ -5.172692, 39.635440999000025 ] ] ] } },
{ "type": "Feature", "properties": { "code": "10049", "name": "Casar de Cáceres" }, "geometry": { "type": "MultiPolygon", "coordinates": [ [ [ [ -6.465733499999942, 39.627387499000065 ], [ -6.462543202999939, 39.624927203000027 ], [ -6.447579723999979, 39.62629952900005 ], [ -6.440736940999955, 39.620698090000076 ], [ -6.430593346999956, 39.622598169000071 ], [ -6.427923902999964, 39.611851169000033 ], [ -6.419951525999977, 39.598044903000073 ], [ -6.391709306999928, 39.591082940000035 ], [ -6.387967457999935, 39.582012790000078 ], [ -6.384385012999928, 39.551477103000025 ], [ -6.401232858999947, 39.538839349000057 ], [ -6.428820262999977, 39.533451913000079 ], [ -6.441070408999963, 39.539227501000028 ], [ -6.451478063999957, 39.539625929000067 ], [ -6.466051712999956, 39.555349096000043 ], [ -6.465396833999932, 39.561361061000071 ], [ -6.46813046699998, 39.565843753000024 ], [ -6.487762174999943, 39.572851036000031 ], [ -6.496670893999976, 39.566909100000032 ], [ -6.508139306999965, 39.565673827000069 ], [ -6.52056289899997, 39.571074318000058 ], [ -6.534733639999956, 39.571958968000047 ], [ -6.53735458999995, 39.583423424000046 ], [ -6.550245981999979, 39.580616647000056 ], [ -6.55736, 39.576491999000041 ], [ -6.557762692999972, 39.581631702000038 ], [ -6.567125089999934, 39.594211856000072 ], [ -6.565202583999962, 39.603987860000075 ], [ -6.570583, 39.610744499000077 ], [ -6.566118499999959, 39.612236499000062 ], [ -6.564589499999954, 39.616264499000067 ], [ -6.531040888999939, 39.612729693000063 ], [ -6.499021579999976, 39.623213857000053 ], [ -6.489840948999927, 39.622404430000074 ], [ -6.465733499999942, 39.627387499000065 ] ] ], [ [ [ -6.474849499999948, 39.460155999000051 ], [ -6.486487662999934, 39.459840545000077 ], [ -6.504870499999981, 39.473956999000052 ], [ -6.507332826999971, 39.47738664700006 ], [ -6.506033499999944, 39.489507394000043 ], [ -6.521972391999952, 39.508203966000053 ], [ -6.528921615999934, 39.511237010000059 ], [ -6.527445177999937, 39.518467107000049 ], [ -6.534871623999948, 39.532089228000075 ], [ -6.529885, 39.54450999900007 ], [ -6.521017727999947, 39.540274966000027 ], [ -6.494718303999946, 39.537167725000074 ], [ -6.446935185999962, 39.512862398000038 ], [ -6.466251758999931, 39.495294560000048 ], [ -6.475061192999931, 39.494958299000075 ], [ -6.479404013999954, 39.491461659000038 ], [ -6.480382520999967, 39.472052666000025 ], [ -6.474849499999948, 39.460155999000051 ] ] ] ] } },
{ "type": "Feature", "properties": { "code": "10050", "name": "Casar de Palomero" }, "geometry": { "type": "Polygon", "coordinates": [ [ [ -6.236232, 40.248088499000062 ], [ -6.258587, 40.269565499000066 ], [ -6.257565561999968, 40.278372723000075 ], [ -6.268988178999962, 40.286605290000068 ], [ -6.286939955999969, 40.286370699000031 ], [ -6.302672297999948, 40.277185158000066 ], [ -6.296867, 40.260760499000071 ], [ -6.314222196999935, 40.251909865000073 ], [ -6.323523499999965, 40.25292599900007 ], [ -6.336299499999939, 40.278918999000041 ], [ -6.333838098999934, 40.296996684000078 ], [ -6.325439499999959, 40.299674999000047 ], [ -6.316452136999942, 40.297903208000037 ], [ -6.305871212999932, 40.305610061000039 ], [ -6.29146906699998, 40.300994736000064 ], [ -6.273785774999965, 40.30644454000003 ], [ -6.266351831999941, 40.302782087000026 ], [ -6.251209931999938, 40.305603704000077 ], [ -6.232872507999957, 40.303893688000073 ], [ -6.212802765999925, 40.316870211000037 ], [ -6.201157499999965, 40.31565099900007 ], [ -6.194867884999951, 40.304784514000062 ], [ -6.175603499999966, 40.305141499000058 ], [ -6.180174960999977, 40.299499504000039 ], [ -6.193884732999948, 40.294588492000059 ], [ -6.208737175999943, 40.298921027000063 ], [ -6.21628246299997, 40.297956717000034 ], [ -6.231377263999946, 40.280804838000051 ], [ -6.240570825999953, 40.282735007000042 ], [ -6.246597174999977, 40.27970834000007 ], [ -6.247314191999976, 40.272014747000071 ], [ -6.238745, 40.264285999000037 ], [ -6.237118, 40.259033499000054 ], [ -6.235135, 40.258109999000055 ], [ -6.234404, 40.251915499000063 ], [ -6.236232, 40.248088499000062 ] ], [ [ -6.244741397999974, 40.291852906000031 ], [ -6.240460621999944, 40.285634560000062 ], [ -6.236058643999968, 40.288798464000024 ], [ -6.237585512999942, 40.293421524000053 ], [ -6.244741397999974, 40.291852906000031 ] ] ] } },
{ "type": "Feature", "properties": { "code": "10051", "name": "Casares de las Hurdes" }, "geometry": { "type": "Polygon", "coordinates": [ [ [ -6.365599, 40.422420499000054 ], [ -6.348249469999928, 40.435009553000043 ], [ -6.343386041999963, 40.443173873000035 ], [ -6.335894391999943, 40.446692645000041 ], [ -6.296074755999939, 40.452026871000044 ], [ -6.287205712999935, 40.457389384000066 ], [ -6.275371499999949, 40.458560999000042 ], [ -6.269338499999947, 40.449424499000031 ], [ -6.266501, 40.446578499000054 ], [ -6.265208880999978, 40.43870858400004 ], [ -6.286142512999959, 40.42664435100005 ], [ -6.30258222599997, 40.422982061000027 ], [ -6.335261704999937, 40.425960896000049 ], [ -6.361502, 40.415412999000068 ], [ -6.365177040999981, 40.41780491600008 ], [ -6.365599, 40.422420499000054 ] ] ] } },
{ "type": "Feature", "properties": { "code": "10052", "name": "Casas de Don Antonio" }, "geometry": { "type": "Polygon", "coordinates": [ [ [ -6.291451499999937, 39.250109499000075 ], [ -6.286053322999976, 39.25999900100004 ], [ -6.263027, 39.279456999000047 ], [ -6.256153, 39.282310499000062 ], [ -6.248283, 39.237549499000067 ], [ -6.274025372999972, 39.206788071000062 ], [ -6.287887230999957, 39.199191148000068 ], [ -6.305113742999936, 39.195315951000055 ], [ -6.319484, 39.18394949900005 ], [ -6.31918479199993, 39.200170688000071 ], [ -6.308364360999974, 39.218390475000035 ], [ -6.305884067999955, 39.230438369000069 ], [ -6.291451499999937, 39.250109499000075 ] ] ] } },
{ "type": "Feature", "properties": { "code": "10053", "name": "Casas de Don Gómez" }, "geometry": { "type": "Polygon", "coordinates": [ [ [ -6.555905, 40.01303499900007 ], [ -6.570454953999956, 39.99408578300006 ], [ -6.58265576499997, 39.991875164000078 ], [ -6.59425906499996, 39.982721121000054 ], [ -6.598099499999933, 39.976088999000069 ], [ -6.608369375999928, 39.978029889000027 ], [ -6.611190016999956, 39.982668862000025 ], [ -6.631456147999927, 39.994922056000064 ], [ -6.647391423999977, 40.009846478000043 ], [ -6.65100949999993, 40.017062999000075 ], [ -6.627104580999969, 40.022315177000053 ], [ -6.628089776999957, 40.028669777000061 ], [ -6.619630854999969, 40.033415379000076 ], [ -6.62134, 40.035918999000046 ], [ -6.621743122999931, 40.042869683000049 ], [ -6.617438151999977, 40.049195103000045 ], [ -6.604963082999973, 40.04065765100006 ], [ -6.599305, 40.040225999000029 ], [ -6.596701, 40.03373349900005 ], [ -6.596365, 40.030238999000062 ], [ -6.594980499999963, 40.02729049900006 ], [ -6.592597, 40.025634999000033 ], [ -6.579418, 40.021629499000028 ], [ -6.57347249999998, 40.02196899900008 ], [ -6.568659, 40.018604499000048 ], [ -6.555905, 40.01303499900007 ] ] ] } },
{ "type": "Feature", "properties": { "code": "10054", "name": "Casas del Castañar" }, "geometry": { "type": "Polygon", "coordinates": [ [ [ -5.993551, 40.088820499000065 ], [ -5.982466150999926, 40.095401905000074 ], [ -5.958043478999969, 40.101954185000068 ], [ -5.956021928999974, 40.107980825000027 ], [ -5.922058952999976, 40.121840853000037 ], [ -5.910073, 40.132569499000056 ], [ -5.903687844999979, 40.118215992000046 ], [ -5.894567936999977, 40.110090956000079 ], [ -5.892633243999967, 40.10022353100004 ], [ -5.887713499999961, 40.098953999000059 ], [ -5.926665895999975, 40.091878386000076 ], [ -5.943052, 40.083728999000073 ], [ -5.953177075999974, 40.077417103000073 ], [ -5.976700499999936, 40.070579499000075 ], [ -5.985345166999934, 40.079397502000063 ], [ -6.000956, 40.085212999000078 ], [ -5.993551, 40.088820499000065 ] ] ] } },
{ "type": "Feature", "properties": { "code": "10055", "name": "Casas del Monte" }, "geometry": { "type": "Polygon", "coordinates": [ [ [ -5.979256, 40.224177999000062 ], [ -5.968598673999963, 40.212748088000069 ], [ -5.963825872999962, 40.214570786000024 ], [ -5.963000328999954, 40.211196311000037 ], [ -5.957712042999958, 40.209496769000054 ], [ -5.946725460999971, 40.211010264000038 ], [ -5.924853322999979, 40.207568754000079 ], [ -5.90980961899993, 40.204129820000048 ], [ -5.901674499999956, 40.198279999000079 ], [ -5.912212499999953, 40.179355499000053 ], [ -5.928689127999974, 40.178986146000057 ], [ -5.950931499999967, 40.167873499000052 ], [ -5.956101634999925, 40.169713849000061 ], [ -5.959442921999937, 40.176928288000056 ], [ -6.010794, 40.205871499000068 ], [ -5.998155499999939, 40.212306999000077 ], [ -5.984879, 40.221378499000025 ], [ -5.979256, 40.224177999000062 ] ] ] } },
{ "type": "Feature", "properties": { "code": "10056", "name": "Casas de Millán" }, "geometry": { "type": "Polygon", "coordinates": [ [ [ -6.27209449999998, 39.746635499000035 ], [ -6.310116, 39.742801999000051 ], [ -6.329337572999975, 39.745580806000078 ], [ -6.347213249999925, 39.744169103000047 ], [ -6.386534499999925, 39.731525999000041 ], [ -6.387622953999937, 39.734708703000081 ], [ -6.381184487999974, 39.744583664000061 ], [ -6.382073415999969, 39.750143921000074 ], [ -6.374829152999951, 39.761551695000037 ], [ -6.376016169999957, 39.770826309000029 ], [ -6.369493151999961, 39.779297702000065 ], [ -6.369298994999951, 39.784936274000074 ], [ -6.372275487999957, 39.788538011000071 ], [ -6.365028939999945, 39.800220759000069 ], [ -6.363359640999931, 39.820479985000077 ], [ -6.342829172999927, 39.823264183000049 ], [ -6.323294843999975, 39.836916455000051 ], [ -6.282676, 39.847678999000038 ], [ -6.27598753999996, 39.844671292000044 ], [ -6.264898829999936, 39.831479280000053 ], [ -6.233292724999956, 39.832900405000032 ], [ -6.197302, 39.838943499000038 ], [ -6.191666638999948, 39.836229200000048 ], [ -6.188406654999937, 39.827649428000029 ], [ -6.174898992999942, 39.812636646000044 ], [ -6.170505522999974, 39.791139101000056 ], [ -6.165452900999981, 39.781565642000032 ], [ -6.199820067999951, 39.768214092000051 ], [ -6.226662507999947, 39.762941744000045 ], [ -6.234846499999946, 39.757308999000031 ], [ -6.237704, 39.756526999000073 ], [ -6.245451499999945, 39.756744499000035 ], [ -6.248661499999969, 39.755996499000048 ], [ -6.259056, 39.75021749900003 ], [ -6.268618, 39.748111499000061 ], [ -6.27209449999998, 39.746635499000035 ] ] ] } },
{ "type": "Feature", "properties": { "code": "10057", "name": "Casas de Miravete" }, "geometry": { "type": "Polygon", "coordinates": [ [ [ -5.678954499999975, 39.684474999000031 ], [ -5.68883349999993, 39.684490499000049 ], [ -5.721925499999941, 39.690501999000048 ], [ -5.727551499999947, 39.692146499000046 ], [ -5.738094143999945, 39.712431628000047 ], [ -5.747525166999935, 39.714364361000037 ], [ -5.774877453999977, 39.727803889000029 ], [ -5.80605449199993, 39.755283704000078 ], [ -5.818726316999971, 39.76118150800005 ], [ -5.82884404999993, 39.757676299000025 ], [ -5.83765443599998, 39.758188880000034 ], [ -5.870226, 39.774211999000045 ], [ -5.858234412999934, 39.782751179000059 ], [ -5.858120499999927, 39.792838999000026 ], [ -5.83368530499996, 39.778570685000034 ], [ -5.831140608999931, 39.76637538500006 ], [ -5.826768983999955, 39.763501811000026 ], [ -5.815913752999961, 39.764566829000046 ], [ -5.802838432999977, 39.77156117800007 ], [ -5.781594248999966, 39.76465646500003 ], [ -5.755105, 39.774768499000061 ], [ -5.737382691999926, 39.759481136000034 ], [ -5.712638433999928, 39.722179376000042 ], [ -5.699683808999964, 39.711719831000039 ], [ -5.694787, 39.71108999900008 ], [ -5.692398108999953, 39.700882038000032 ], [ -5.678954499999975, 39.684474999000031 ] ] ] } },
{ "type": "Feature", "properties": { "code": "10058", "name": "Casatejada" }, "geometry": { "type": "Polygon", "coordinates": [ [ [ -5.748773, 39.91352099900007 ], [ -5.726105796999946, 39.931663751000031 ], [ -5.72357500499993, 39.960717230000057 ], [ -5.719306, 39.972057499000073 ], [ -5.69181, 39.98380699900008 ], [ -5.677275781999981, 39.991756104000046 ], [ -5.665138449999972, 40.00399049300006 ], [ -5.646217, 40.014369499000054 ], [ -5.647716011999933, 39.999055440000063 ], [ -5.64527318699993, 39.980166208000071 ], [ -5.648464499999932, 39.97396849900008 ], [ -5.65475109199997, 39.977044113000034 ], [ -5.668774261999943, 39.97752491500006 ], [ -5.672932514999957, 39.963043220000031 ], [ -5.669731051999975, 39.959856082000044 ], [ -5.652657107999971, 39.958072930000071 ], [ -5.631718065999962, 39.950200967000058 ], [ -5.617091714999958, 39.940799463000076 ], [ -5.619610786999942, 39.933904614000028 ], [ -5.616728114999944, 39.916734632000043 ], [ -5.634684499999935, 39.88736349900006 ], [ -5.654256972999974, 39.870113658000037 ], [ -5.683274794999932, 39.867487124000036 ], [ -5.727322514999969, 39.874465752000049 ], [ -5.750689499999964, 39.868418999000028 ], [ -5.754485365999926, 39.882784672000071 ], [ -5.748773, 39.91352099900007 ] ] ] } },
{ "type": "Feature", "properties": { "code": "10059", "name": "Casillas de Coria" }, "geometry": { "type": "Polygon", "coordinates": [ [ [ -6.692056499999978, 39.927108999000041 ], [ -6.694280396999943, 39.931187059000081 ], [ -6.714637047999929, 39.928213609000068 ], [ -6.736714499999948, 39.930656499000065 ], [ -6.733253629999979, 39.939631827000028 ], [ -6.717255113999954, 39.950799827000026 ], [ -6.709232023999959, 39.952156510000066 ], [ -6.683833291999974, 39.978382769000063 ], [ -6.691932210999937, 39.996197449000078 ], [ -6.680967695999925, 40.014498684000046 ], [ -6.65100949999993, 40.017062999000075 ], [ -6.647391423999977, 40.009846478000043 ], [ -6.631456147999927, 39.994922056000064 ], [ -6.611190016999956, 39.982668862000025 ], [ -6.608369375999928, 39.978029889000027 ], [ -6.598099499999933, 39.976088999000069 ], [ -6.596790484999929, 39.971519604000036 ], [ -6.60274323699997, 39.966837276000035 ], [ -6.601333, 39.956714499000043 ], [ -6.628111, 39.942558499000029 ], [ -6.634505499999932, 39.941341499000032 ], [ -6.640938, 39.942165499000055 ], [ -6.648977499999944, 39.941074499000081 ], [ -6.688092499999925, 39.92410299900007 ], [ -6.692056499999978, 39.927108999000041 ] ] ] } },
{ "type": "Feature", "properties": { "code": "10060", "name": "Castañar de Ibor" }, "geometry": { "type": "Polygon", "coordinates": [ [ [ -5.480999499999939, 39.629263999000045 ], [ -5.469864608999956, 39.639700818000051 ], [ -5.478793461999942, 39.652941377000047 ], [ -5.480438897999932, 39.661671965000039 ], [ -5.488110131999974, 39.670056456000054 ], [ -5.485595587999967, 39.680479263000052 ], [ -5.48655959599995, 39.694110848000037 ], [ -5.505675922999956, 39.705231626000057 ], [ -5.50723249999993, 39.716910499000051 ], [ -5.50490863899995, 39.719824201000051 ], [ -5.505651118999936, 39.730715257000043 ], [ -5.514749145999929, 39.753687111000033 ], [ -5.514994747999935, 39.764919945000031 ], [ -5.518330499999934, 39.768958999000063 ], [ -5.503681982999979, 39.770493289000058 ], [ -5.463239693999981, 39.751519334000079 ], [ -5.441445499999929, 39.746169999000074 ], [ -5.438887704999956, 39.740448997000044 ], [ -5.440878583999961, 39.725042623000036 ], [ -5.414251198999978, 39.705867380000029 ], [ -5.409312, 39.697780499000032 ], [ -5.387443078999979, 39.683621408000079 ], [ -5.369543818999944, 39.677870513000073 ], [ -5.357099954999967, 39.665980206000029 ], [ -5.329876917999968, 39.657880611000053 ], [ -5.329227499999945, 39.655406999000036 ], [ -5.33955564799993, 39.631557466000061 ], [ -5.363043049999931, 39.624053229000026 ], [ -5.387153394999928, 39.609025048000035 ], [ -5.40149616399998, 39.610485674000074 ], [ -5.41754463999996, 39.601741126000036 ], [ -5.432732130999966, 39.60272180000004 ], [ -5.446715, 39.595992999000032 ], [ -5.480999499999939, 39.629263999000045 ] ] ] } },
{ "type": "Feature", "properties": { "code": "10061", "name": "Ceclavín" }, "geometry": { "type": "Polygon", "coordinates": [ [ [ -6.763743499999975, 39.773275499000079 ], [ -6.814883192999957, 39.760254996000072 ], [ -6.832860803999949, 39.762896028000057 ], [ -6.857212790999938, 39.777275926000073 ], [ -6.841173092999952, 39.793879379000032 ], [ -6.835389185999929, 39.815155261000029 ], [ -6.827928499999928, 39.826527499000065 ], [ -6.811975977999964, 39.830931729000042 ], [ -6.800110749999931, 39.86490518100004 ], [ -6.795124444999942, 39.876291338000044 ], [ -6.785051543999941, 39.876861738000059 ], [ -6.771900613999946, 39.884880481000039 ], [ -6.761387255999978, 39.887114093000037 ], [ -6.762387543999978, 39.894339760000037 ], [ -6.754754017999971, 39.890812012000026 ], [ -6.737550245999955, 39.892371883000067 ], [ -6.723582, 39.903568499000073 ], [ -6.72234549999996, 39.901672499000028 ], [ -6.711910499999931, 39.894683999000051 ], [ -6.710284499999943, 39.892493999000067 ], [ -6.694637499999942, 39.883098499000027 ], [ -6.688298, 39.877605499000026 ], [ -6.672291, 39.86986549900007 ], [ -6.664845498999966, 39.86490518100004 ], [ -6.658677834999935, 39.862404794000042 ], [ -6.6487, 39.855045499000028 ], [ -6.656988250999973, 39.84891536300006 ], [ -6.655475948999936, 39.840381724000054 ], [ -6.658989453999936, 39.83509046000006 ], [ -6.659875328999931, 39.822107020000033 ], [ -6.665721390999977, 39.811821040000041 ], [ -6.678105912999968, 39.80868152100004 ], [ -6.682529304999946, 39.80209595000008 ], [ -6.700635394999949, 39.801304086000073 ], [ -6.719278370999973, 39.783740365000028 ], [ -6.763743499999975, 39.773275499000079 ] ] ] } },
{ "type": "Feature", "properties": { "code": "10062", "name": "Cedillo" }, "geometry": { "type": "Polygon", "coordinates": [ [ [ -7.542929, 39.662814999000034 ], [ -7.545092, 39.66355149900005 ], [ -7.53957, 39.666946499000062 ], [ -7.531266, 39.667884499000024 ], [ -7.453513413999929, 39.663202143000035 ], [ -7.425748499999941, 39.651923999000076 ], [ -7.442109357999925, 39.636697822000031 ], [ -7.438513631999967, 39.627516055000058 ], [ -7.442597766999938, 39.62136067800003 ], [ -7.439919994999968, 39.610838165000075 ], [ -7.446271245999981, 39.584825328000079 ], [ -7.465954499999953, 39.575080999000079 ], [ -7.498321390999934, 39.589146307000078 ], [ -7.510228888999961, 39.617735653000068 ], [ -7.527127630999928, 39.632992392000062 ], [ -7.526155699999947, 39.641442881000046 ], [ -7.530482655999947, 39.656057582000074 ], [ -7.53596633899997, 39.661357807000059 ], [ -7.542929, 39.662814999000034 ] ] ] } },
{ "type": "Feature", "properties": { "code": "10063", "name": "Cerezo" }, "geometry": { "type": "Polygon", "coordinates": [ [ [ -6.209591499999931, 40.223593999000059 ], [ -6.254831962999958, 40.21691661400007 ], [ -6.266316136999933, 40.207947729000068 ], [ -6.268422, 40.201545499000076 ], [ -6.276297186999955, 40.202639118000036 ], [ -6.28245, 40.198428999000043 ], [ -6.288277953999966, 40.205010973000071 ], [ -6.277800603999935, 40.214305685000056 ], [ -6.282671409999978, 40.224537016000056 ], [ -6.281885, 40.230030499000065 ], [ -6.235833467999953, 40.235295414000063 ], [ -6.239732432999972, 40.243646474000059 ], [ -6.236232, 40.248088499000062 ], [ -6.234404, 40.251915499000063 ], [ -6.235135, 40.258109999000055 ], [ -6.237118, 40.259033499000054 ], [ -6.238745, 40.264285999000037 ], [ -6.230694003999929, 40.259295879000035 ], [ -6.208902055999943, 40.255143819000068 ], [ -6.210510384999964, 40.245926445000066 ], [ -6.227615299999968, 40.253570251000042 ], [ -6.229398419999939, 40.248548097000025 ], [ -6.226897410999925, 40.243063401000029 ], [ -6.21626196099993, 40.239976333000072 ], [ -6.206292306999956, 40.243624621000038 ], [ -6.19628, 40.237643999000056 ], [ -6.209591499999931, 40.223593999000059 ] ] ] } },
{ "type": "Feature", "properties": { "code": "10064", "name": "Cilleros" }, "geometry": { "type": "Polygon", "coordinates": [ [ [ -6.728265, 40.102168999000071 ], [ -6.73447949499996, 40.065154307000057 ], [ -6.756933351999976, 40.04041116500008 ], [ -6.75090370199996, 40.026259230000051 ], [ -6.752167499999928, 40.022199999000065 ], [ -6.754741, 40.019527499000048 ], [ -6.759594499999935, 40.016792499000076 ], [ -6.760905499999978, 40.014022999000076 ], [ -6.76109, 40.010783999000068 ], [ -6.766763499999968, 40.004447999000035 ], [ -6.771211499999936, 39.995933499000046 ], [ -6.772007, 39.991656999000043 ], [ -6.766381, 39.980292999000028 ], [ -6.770320499999968, 39.967586499000049 ], [ -6.771844, 39.965083999000058 ], [ -6.775336, 39.963027999000076 ], [ -6.770593, 39.955947999000045 ], [ -6.779255614999954, 39.953170554000053 ], [ -6.798105589999977, 39.954680224000072 ], [ -6.81474305699993, 39.961105222000072 ], [ -6.83501840699995, 39.978703867000036 ], [ -6.851179394999974, 40.001636032000079 ], [ -6.866542, 40.008906999000033 ], [ -6.86565990899993, 40.013687708000077 ], [ -6.875890205999951, 40.017810605000079 ], [ -6.882134297999926, 40.041808843000069 ], [ -6.895718476999946, 40.051946496000028 ], [ -6.893232189999935, 40.059404767000046 ], [ -6.91615636299997, 40.066072081000073 ], [ -6.92046, 40.083636999000078 ], [ -6.912138726999956, 40.098059557000056 ], [ -6.898160227999938, 40.106714684000053 ], [ -6.897089905999962, 40.112691668000025 ], [ -6.861494, 40.131740499000045 ], [ -6.845080916999962, 40.129138881000074 ], [ -6.842431022999961, 40.114812382000025 ], [ -6.83792869399997, 40.110674140000071 ], [ -6.823913445999949, 40.113998939000055 ], [ -6.81237449899993, 40.112784903000033 ], [ -6.804601740999942, 40.115279437000027 ], [ -6.795109142999934, 40.125507734000053 ], [ -6.780770718999975, 40.128812082000024 ], [ -6.744262499999934, 40.145995999000036 ], [ -6.728303118999975, 40.141416659000072 ], [ -6.727049, 40.13319799900006 ], [ -6.728265, 40.102168999000071 ] ] ] } },
{ "type": "Feature", "properties": { "code": "10065", "name": "Collado de la Vera" }, "geometry": { "type": "Polygon", "coordinates": [ [ [ -5.646217, 40.014369499000054 ], [ -5.665138449999972, 40.00399049300006 ], [ -5.677275781999981, 39.991756104000046 ], [ -5.69181, 39.98380699900008 ], [ -5.701251874999969, 39.987472578000052 ], [ -5.722406360999969, 40.018445389000078 ], [ -5.73342045499993, 40.053942763000066 ], [ -5.732242386999928, 40.061069198000041 ], [ -5.720059438999954, 40.063686369000038 ], [ -5.711426499999959, 40.068816999000035 ], [ -5.700244289999944, 40.065073616000063 ], [ -5.698486070999934, 40.059893020000061 ], [ -5.688500245999933, 40.054758464000031 ], [ -5.674429138999926, 40.052193981000073 ], [ -5.667883358999973, 40.045415854000055 ], [ -5.666904824999961, 40.035213722000037 ], [ -5.633312068999942, 40.041420056000049 ], [ -5.627351595999926, 40.031873179000058 ], [ -5.629392499999938, 40.023776999000063 ], [ -5.641036715999974, 40.021727600000077 ], [ -5.646217, 40.014369499000054 ] ] ] } },
{ "type": "Feature", "properties": { "code": "10066", "name": "Conquista de la Sierra" }, "geometry": { "type": "Polygon", "coordinates": [ [ [ -5.777950499999974, 39.283058499000049 ], [ -5.791593, 39.313048999000046 ], [ -5.779457499999978, 39.318816999000035 ], [ -5.769046929999945, 39.332823008000048 ], [ -5.753894246999948, 39.341191500000036 ], [ -5.744842976999962, 39.355668258000037 ], [ -5.745478467999931, 39.362602424000045 ], [ -5.74262992599995, 39.365977681000061 ], [ -5.734143926999934, 39.371184397000036 ], [ -5.698735, 39.376403499000048 ], [ -5.689207176999957, 39.360415272000068 ], [ -5.68768603999996, 39.352040599000077 ], [ -5.677416138999945, 39.345482429000072 ], [ -5.670865499999934, 39.346607499000072 ], [ -5.686195958999974, 39.331896853000046 ], [ -5.696931994999943, 39.328693311000052 ], [ -5.701552918999937, 39.321170327000061 ], [ -5.710487264999927, 39.325434571000073 ], [ -5.719840706999946, 39.324661279000054 ], [ -5.731759512999929, 39.319108719000042 ], [ -5.740712895999934, 39.311070302000076 ], [ -5.766421994999973, 39.30386229800007 ], [ -5.772867457999951, 39.297672907000049 ], [ -5.777950499999974, 39.283058499000049 ] ] ] } }
]
}
