{
"type": "FeatureCollection",
"crs": { "type": "name", "properties": { "name": "urn:ogc:def:crs:OGC:1.3:CRS84" } },
"features": [
{ "type": "Feature", "properties": { "code": "18087", "name": "Granada" }, "geometry": { "type": "Polygon", "coordinates": [ [ [ -3.509953, 37.21708699900006 ], [ -3.497894499999973, 37.205138999000042 ], [ -3.502835158999972, 37.198663650000071 ], [ -3.497340271999974, 37.190476157000035 ], [ -3.511305499999935, 37.18194599900005 ], [ -3.517149264999944, 37.17936135900004 ], [ -3.523306, 37.169173999000066 ], [ -3.537267788999941, 37.170755954000072 ], [ -3.544661547999965, 37.166591959000073 ], [ -3.550061359999972, 37.159245433000024 ], [ -3.558472952999978, 37.159974698000042 ], [ -3.559988, 37.157493499000054 ], [ -3.578920607999976, 37.152769301000035 ], [ -3.580385134999972, 37.148251218000041 ], [ -3.585414521999951, 37.146076767000068 ], [ -3.578430499999968, 37.14083849900004 ], [ -3.603642112999978, 37.136885519000032 ], [ -3.608812499999942, 37.13829049900005 ], [ -3.60986749999995, 37.139339499000073 ], [ -3.606950888999961, 37.152210282000055 ], [ -3.616976595999972, 37.160606800000039 ], [ -3.630377, 37.160270499000035 ], [ -3.653967601999966, 37.161259641000072 ], [ -3.657053814999927, 37.171103898000069 ], [ -3.652678657999957, 37.173867320000056 ], [ -3.657475139999974, 37.17841651100008 ], [ -3.698919, 37.18815199900007 ], [ -3.698521, 37.20241549900004 ], [ -3.688171947999933, 37.207969588000026 ], [ -3.658630453999933, 37.20452403400003 ], [ -3.652693, 37.206725999000071 ], [ -3.646571350999977, 37.199179460000039 ], [ -3.633798174999924, 37.201587078000045 ], [ -3.624096, 37.210132499000053 ], [ -3.602901, 37.214900999000065 ], [ -3.601064881999946, 37.211483330000078 ], [ -3.590523400999928, 37.208577138000066 ], [ -3.566577280999979, 37.211119216000043 ], [ -3.555582069999957, 37.223998191000078 ], [ -3.542020707999939, 37.217323634000024 ], [ -3.533949, 37.216991499000073 ], [ -3.517714505999948, 37.210123456000076 ], [ -3.509953, 37.21708699900006 ] ] ] } },
{ "type": "Feature", "properties": { "code": "18088", "name": "Guadahortuna" }, "geometry": { "type": "Polygon", "coordinates": [ [ [ -3.302478, 37.52589049900007 ], [ -3.323482499999955, 37.507167999000046 ], [ -3.329084274999957, 37.512064506000058 ], [ -3.329152314999931, 37.516154467000035 ], [ -3.342198377999978, 37.511861085000078 ], [ -3.353569645999926, 37.514414822000049 ], [ -3.371269552999934, 37.510854421000033 ], [ -3.377412396999944, 37.503907024000057 ], [ -3.395080878999977, 37.503734326000028 ], [ -3.400118, 37.490249499000072 ], [ -3.412538109999957, 37.481127395000044 ], [ -3.419199721999973, 37.470898944000055 ], [ -3.426692777999961, 37.465231408000079 ], [ -3.436882725999965, 37.468906428000025 ], [ -3.449759558999972, 37.460723472000041 ], [ -3.457861112999979, 37.459762754000053 ], [ -3.467354981999961, 37.465531189000046 ], [ -3.470065, 37.472694499000056 ], [ -3.463430001999939, 37.480229197000028 ], [ -3.458249810999973, 37.499626488000047 ], [ -3.46914904099998, 37.511239881000051 ], [ -3.466829049999944, 37.514711347000059 ], [ -3.468025197999964, 37.521149353000055 ], [ -3.460973932999934, 37.527370363000045 ], [ -3.47164259799996, 37.531551088000072 ], [ -3.475485, 37.540916499000048 ], [ -3.472048499999971, 37.545303499000056 ], [ -3.471406499999944, 37.551082499000074 ], [ -3.468797499999937, 37.554069499000036 ], [ -3.457959, 37.555473499000072 ], [ -3.446434499999953, 37.555751499000053 ], [ -3.444336499999963, 37.560825499000032 ], [ -3.436235, 37.56380099900008 ], [ -3.436883, 37.573913499000071 ], [ -3.399241963999941, 37.564296288000037 ], [ -3.379774848999944, 37.564612048000072 ], [ -3.366187531999969, 37.568387621000056 ], [ -3.35720625099998, 37.575714144000074 ], [ -3.345649667999965, 37.575628948000031 ], [ -3.330835745999934, 37.581540415000063 ], [ -3.296941499999946, 37.58797449900004 ], [ -3.311284484999931, 37.569969169000046 ], [ -3.309826876999978, 37.547926853000035 ], [ -3.299182757999972, 37.537830211000028 ], [ -3.302478, 37.52589049900007 ] ] ] } },
{ "type": "Feature", "properties": { "code": "18089", "name": "Guadix" }, "geometry": { "type": "MultiPolygon", "coordinates": [ [ [ [ -2.999095499999953, 37.546058999000024 ], [ -2.969234845999949, 37.542390552000029 ], [ -2.96272027599997, 37.559806170000059 ], [ -2.95523, 37.561172499000065 ], [ -2.940874979999933, 37.525180215000034 ], [ -2.937761920999947, 37.500180443000033 ], [ -2.93863, 37.478770999000062 ], [ -2.937374614999953, 37.455037022000056 ], [ -2.939938499999926, 37.440215999000031 ], [ -2.943063389999963, 37.443069596000043 ], [ -2.960188458999937, 37.445048391000057 ], [ -2.974528278999969, 37.442212147000077 ], [ -2.992243173999952, 37.448484746000076 ], [ -3.019538, 37.444804999000041 ], [ -3.033495297999934, 37.474605514000075 ], [ -3.007679568999947, 37.490758587000073 ], [ -2.989342142999931, 37.483921710000061 ], [ -2.979034814999977, 37.504124039000033 ], [ -3.005489866999937, 37.532058285000062 ], [ -2.999095499999953, 37.546058999000024 ] ] ], [ [ [ -3.175126499999976, 37.316593999000077 ], [ -3.172555503999945, 37.323546814000053 ], [ -3.177730222999969, 37.329531238000072 ], [ -3.17804859499995, 37.336214496000025 ], [ -3.169616, 37.341126999000039 ], [ -3.16483175999997, 37.339829990000055 ], [ -3.143480650999948, 37.348914315000059 ], [ -3.155889029999969, 37.367242648000058 ], [ -3.156272, 37.371695499000054 ], [ -3.136658172999944, 37.377932970000074 ], [ -3.138107376999926, 37.387385509000069 ], [ -3.135417134999955, 37.389824800000042 ], [ -3.116551357999981, 37.368000455000072 ], [ -3.107615002999978, 37.366120394000063 ], [ -3.10545011499994, 37.368460360000029 ], [ -3.105009191999955, 37.393991522000078 ], [ -3.119805046999943, 37.418219309000051 ], [ -3.121703465999929, 37.428120598000078 ], [ -3.137844037999969, 37.442944139000076 ], [ -3.139157323999939, 37.450368852000054 ], [ -3.126311286999965, 37.461923324000054 ], [ -3.126192499999945, 37.465003999000032 ], [ -3.114026213999978, 37.475603122000052 ], [ -3.11679709699996, 37.484042418000058 ], [ -3.112647957999968, 37.48842839200006 ], [ -3.10968027499996, 37.502640534000079 ], [ -3.099843499999963, 37.506518999000036 ], [ -3.091677360999938, 37.502198947000068 ], [ -3.079992527999934, 37.482492284000045 ], [ -3.056313639999928, 37.475167304000024 ], [ -3.040277633999949, 37.465238051000028 ], [ -3.029383405999965, 37.448484357000041 ], [ -3.022838499999978, 37.443435499000032 ], [ -3.03923382499994, 37.434871030000068 ], [ -3.047620586999926, 37.425008368000078 ], [ -3.047198718999937, 37.416973800000051 ], [ -3.041746209999928, 37.40729420200006 ], [ -3.040908095999953, 37.391977691000079 ], [ -3.021102599999949, 37.344964964000042 ], [ -2.998926541999936, 37.32411163200004 ], [ -2.983149499999968, 37.324260999000046 ], [ -2.997935823999967, 37.321414761000028 ], [ -3.035228223999979, 37.30194657900006 ], [ -3.055462872999954, 37.298187977000055 ], [ -3.076591003999965, 37.290420873000073 ], [ -3.091694835999931, 37.279326563000041 ], [ -3.124129374999939, 37.273288664000063 ], [ -3.126456524999981, 37.270805821000067 ], [ -3.126413560999936, 37.25855993600004 ], [ -3.133695499999931, 37.25041599900004 ], [ -3.137703220999924, 37.24907687700005 ], [ -3.149615, 37.260898499000064 ], [ -3.157212275999939, 37.263869555000042 ], [ -3.160394036999946, 37.261803734000068 ], [ -3.164623528999925, 37.267332298000042 ], [ -3.172114199999953, 37.267109355000059 ], [ -3.196605616999932, 37.243051076000029 ], [ -3.21210149999996, 37.238628499000072 ], [ -3.215661400999977, 37.242973473000063 ], [ -3.216554, 37.255092499000057 ], [ -3.210856899999953, 37.262343997000073 ], [ -3.189469539999948, 37.270485897000071 ], [ -3.173030904999962, 37.289193890000035 ], [ -3.17466, 37.293819499000051 ], [ -3.173781948999931, 37.297240843000054 ], [ -3.178461955999978, 37.303705766000064 ], [ -3.175126499999976, 37.316593999000077 ] ] ], [ [ [ -3.248668499999951, 37.341142499000057 ], [ -3.260529479999946, 37.356158550000032 ], [ -3.235434804999954, 37.364790835000065 ], [ -3.241408843999977, 37.382777218000058 ], [ -3.250466499999959, 37.396248999000079 ], [ -3.247498431999929, 37.398413048000066 ], [ -3.235071499999947, 37.396716999000034 ], [ -3.21046367799994, 37.391015527000036 ], [ -3.195650499999942, 37.382060499000033 ], [ -3.193589304999932, 37.374110933000054 ], [ -3.19632635499994, 37.364435741000079 ], [ -3.210876000999974, 37.346398789000034 ], [ -3.243222443999969, 37.34437198300003 ], [ -3.248668499999951, 37.341142499000057 ] ] ] ] } },
{ "type": "Feature", "properties": { "code": "18093", "name": "Gualchos" }, "geometry": { "type": "Polygon", "coordinates": [ [ [ -3.419759, 36.768680499000027 ], [ -3.40037106699998, 36.773786962000031 ], [ -3.391792887999941, 36.772148560000062 ], [ -3.375944220999941, 36.760824703000026 ], [ -3.360922914999946, 36.73561679900007 ], [ -3.350208499999951, 36.729461499000024 ], [ -3.365337557999965, 36.714777903000027 ], [ -3.411185, 36.702987999000072 ], [ -3.416889924999964, 36.711146166000049 ], [ -3.416106517999935, 36.721084297000061 ], [ -3.410381761999929, 36.727908490000061 ], [ -3.417357683999967, 36.739756572000033 ], [ -3.419759, 36.768680499000027 ] ] ] } },
{ "type": "Feature", "properties": { "code": "18094", "name": "Güéjar Sierra" }, "geometry": { "type": "Polygon", "coordinates": [ [ [ -3.30015149999997, 37.209884499000054 ], [ -3.283423650999964, 37.197652508000033 ], [ -3.281001045999972, 37.186494377000031 ], [ -3.284512751999955, 37.171345127000052 ], [ -3.249924499999963, 37.141761999000039 ], [ -3.257736, 37.114703999000028 ], [ -3.270031029999927, 37.113915797000061 ], [ -3.275161181999977, 37.110327872000028 ], [ -3.279104014999973, 37.101422821000028 ], [ -3.286256431999959, 37.095721713000046 ], [ -3.289841930999955, 37.07957641400003 ], [ -3.311558499999933, 37.053394499000035 ], [ -3.326942930999962, 37.057249401000036 ], [ -3.346650843999953, 37.054030609000051 ], [ -3.365682499999934, 37.056045499000049 ], [ -3.370402036999963, 37.065716160000079 ], [ -3.375933102999966, 37.070277128000043 ], [ -3.376815503999978, 37.07970195300004 ], [ -3.385768508999945, 37.095124405000035 ], [ -3.405058408999935, 37.110583137000049 ], [ -3.42038677499994, 37.114353324000035 ], [ -3.429904743999941, 37.120055078000064 ], [ -3.440018262999956, 37.119931508000036 ], [ -3.46068543399997, 37.132682970000076 ], [ -3.490034, 37.139961499000037 ], [ -3.490402676999963, 37.144613736000053 ], [ -3.481527003999929, 37.154842384000062 ], [ -3.474999499999967, 37.169902499000045 ], [ -3.470658499999956, 37.173156499000072 ], [ -3.450967435999928, 37.180593484000042 ], [ -3.419173456999943, 37.205693732000043 ], [ -3.367597549999971, 37.217886534000058 ], [ -3.353964737999945, 37.228035061000071 ], [ -3.339217499999961, 37.230331499000044 ], [ -3.319998379999959, 37.21590610800007 ], [ -3.307377150999969, 37.21406158800005 ], [ -3.30015149999997, 37.209884499000054 ] ] ] } },
{ "type": "Feature", "properties": { "code": "18095", "name": "Güevéjar" }, "geometry": { "type": "Polygon", "coordinates": [ [ [ -3.612302499999942, 37.24301549900008 ], [ -3.612671645999967, 37.247365 ], [ -3.626054499999952, 37.262962499000025 ], [ -3.610772346999966, 37.265263337000079 ], [ -3.605564, 37.277591499000039 ], [ -3.594217920999938, 37.275887484000066 ], [ -3.590339788999927, 37.270607357000074 ], [ -3.580962499999941, 37.267158499000061 ], [ -3.592239702999962, 37.248429459000079 ], [ -3.587858499999925, 37.243201999000064 ], [ -3.589269962999936, 37.240109401000041 ], [ -3.607639022999933, 37.236870674000045 ], [ -3.612302499999942, 37.24301549900008 ] ] ] } },
{ "type": "Feature", "properties": { "code": "18096", "name": "Huélago" }, "geometry": { "type": "Polygon", "coordinates": [ [ [ -3.26381, 37.440191999000035 ], [ -3.240834025999959, 37.439201644000036 ], [ -3.237489107999977, 37.445956792000061 ], [ -3.234946, 37.44614849900006 ], [ -3.224455102999968, 37.44573622300004 ], [ -3.219719861999977, 37.440870983000025 ], [ -3.228690903999961, 37.432952271000033 ], [ -3.224481803999936, 37.408165139000062 ], [ -3.235071499999947, 37.396716999000034 ], [ -3.247498431999929, 37.398413048000066 ], [ -3.250466499999959, 37.396248999000079 ], [ -3.27704992699995, 37.392888396000046 ], [ -3.285894544999962, 37.398682167000061 ], [ -3.322723, 37.389052499000059 ], [ -3.321562206999943, 37.39449589600008 ], [ -3.31519650499996, 37.39844187500006 ], [ -3.308623102999945, 37.412446249000027 ], [ -3.309255914999937, 37.419486013000039 ], [ -3.289477828999964, 37.421421807000058 ], [ -3.284573295999962, 37.435536064000075 ], [ -3.267990729999951, 37.435436054000036 ], [ -3.26381, 37.440191999000035 ] ] ] } },
{ "type": "Feature", "properties": { "code": "18097", "name": "Huéneja" }, "geometry": { "type": "Polygon", "coordinates": [ [ [ -2.926977, 37.261329499000055 ], [ -2.904518499999938, 37.264495999000076 ], [ -2.90360250599997, 37.256936306000057 ], [ -2.899437528999954, 37.254496674000052 ], [ -2.877408729999956, 37.258867463000058 ], [ -2.873897266999961, 37.249032607000061 ], [ -2.869419, 37.24556349900007 ], [ -2.867533691999938, 37.242733197000064 ], [ -2.874637795999945, 37.231034967000028 ], [ -2.873490225999944, 37.219601628000078 ], [ -2.879798125999969, 37.203844294000078 ], [ -2.880584854999938, 37.188871583000036 ], [ -2.887816632999943, 37.182762679000064 ], [ -2.895719491999955, 37.16749205800005 ], [ -2.928286577999927, 37.156213862000072 ], [ -2.931611506999957, 37.138600233000034 ], [ -2.939341970999976, 37.132138459000032 ], [ -2.945386170999939, 37.121086241000057 ], [ -2.94324682499996, 37.111886745000049 ], [ -2.94878350099998, 37.103966356000058 ], [ -2.948956499999952, 37.096557499000028 ], [ -2.984159, 37.093051999000068 ], [ -2.99648, 37.095722499000033 ], [ -2.995246444999964, 37.108740485000055 ], [ -2.988495083999965, 37.118549763000033 ], [ -2.992886871999929, 37.140357103000042 ], [ -2.980765187999964, 37.144954614000028 ], [ -2.968099866999978, 37.169555279000065 ], [ -2.971181255999966, 37.184691993000058 ], [ -2.969791240999939, 37.195966385000077 ], [ -2.97789602499995, 37.203027889000055 ], [ -2.976274559999979, 37.217640033000066 ], [ -2.985470541999973, 37.227932206000048 ], [ -2.995989, 37.226532499000029 ], [ -3.008986499999935, 37.235084499000038 ], [ -3.012021, 37.235915999000042 ], [ -3.00638349999997, 37.241153999000062 ], [ -2.997003, 37.23596199900004 ], [ -2.986011, 37.233596999000042 ], [ -2.971183487999951, 37.223836166000069 ], [ -2.961247835999927, 37.229729273000032 ], [ -2.950903601999926, 37.24491794100004 ], [ -2.926977, 37.261329499000055 ] ] ] } },
{ "type": "Feature", "properties": { "code": "18098", "name": "Huéscar" }, "geometry": { "type": "Polygon", "coordinates": [ [ [ -2.48324, 38.055617999000049 ], [ -2.483932598999957, 38.048242191000043 ], [ -2.495853631999978, 38.037042876000044 ], [ -2.527378754999972, 38.025048102000028 ], [ -2.535830302999955, 38.017322335000074 ], [ -2.545663925999975, 38.014633932000038 ], [ -2.560844432999943, 38.015500713000051 ], [ -2.57523312099994, 38.006402465000065 ], [ -2.581833562999975, 37.99821438500004 ], [ -2.584975855999971, 37.978211223000073 ], [ -2.568345936999947, 37.963822296000046 ], [ -2.550277109999968, 37.958751268000071 ], [ -2.547242108999967, 37.950591536000047 ], [ -2.52573547999998, 37.929186836000042 ], [ -2.51370299599995, 37.926605301000052 ], [ -2.501229839999951, 37.913740254000061 ], [ -2.492999445999942, 37.918749447000039 ], [ -2.485041815999978, 37.917814177000025 ], [ -2.478144850999968, 37.907294726000032 ], [ -2.463839808999978, 37.899414507000074 ], [ -2.461497857999973, 37.892973599000072 ], [ -2.464075213999934, 37.885731596000028 ], [ -2.461267221999947, 37.879438353000069 ], [ -2.472878524999942, 37.855306656000039 ], [ -2.484605354999928, 37.845463057000075 ], [ -2.486875211999973, 37.83926159400005 ], [ -2.474609944999941, 37.821991776000061 ], [ -2.444269499999962, 37.793403499000078 ], [ -2.47367107499997, 37.784900480000033 ], [ -2.497654, 37.765874999000062 ], [ -2.504077261999953, 37.76497826700006 ], [ -2.51353280099994, 37.770553500000062 ], [ -2.532559005999929, 37.770699828000033 ], [ -2.556095755999934, 37.776038933000052 ], [ -2.600783658999944, 37.773554692000062 ], [ -2.624642499999936, 37.761256999000068 ], [ -2.623079771999926, 37.772663924000028 ], [ -2.627674240999966, 37.783183772000029 ], [ -2.651275444999953, 37.788262399000075 ], [ -2.664307960999963, 37.796750942000074 ], [ -2.699872443999936, 37.804538432000072 ], [ -2.702237749999938, 37.807507054000041 ], [ -2.700579912999956, 37.814378700000077 ], [ -2.713688, 37.814594499000066 ], [ -2.708985602999974, 37.824872861000074 ], [ -2.710246764999965, 37.833751999000071 ], [ -2.705884623999964, 37.844717485000047 ], [ -2.696580255999947, 37.854863536000039 ], [ -2.712474105999945, 37.87089938400004 ], [ -2.725036365999927, 37.874090983000031 ], [ -2.728060531999972, 37.884018096000034 ], [ -2.718749804999959, 37.905968076000079 ], [ -2.696636858999966, 37.923357279000072 ], [ -2.684944492999932, 37.939149944000064 ], [ -2.694359203999966, 37.964189389000069 ], [ -2.691440499999942, 37.972839499000031 ], [ -2.689716499999975, 37.973842499000057 ], [ -2.669979524999974, 37.962135658000079 ], [ -2.655708703999949, 37.966815689000043 ], [ -2.650354, 37.971401499000081 ], [ -2.641241862999948, 37.981189743000073 ], [ -2.619464843999936, 37.989290803000074 ], [ -2.599465115999976, 38.005975466000052 ], [ -2.599460860999955, 38.041622485000062 ], [ -2.596909989999972, 38.05307909000004 ], [ -2.602493301999971, 38.062127307000026 ], [ -2.575515774999928, 38.074344626000027 ], [ -2.565842056999941, 38.082045772000072 ], [ -2.552334499999972, 38.084092999000063 ], [ -2.538496162999934, 38.074951636000037 ], [ -2.524415678999958, 38.069916961000047 ], [ -2.507265876999952, 38.068625436000048 ], [ -2.491844112999956, 38.057842191000077 ], [ -2.48324, 38.055617999000049 ] ] ] } },
{ "type": "Feature", "properties": { "code": "18099", "name": "Huétor de Santillán" }, "geometry": { "type": "Polygon", "coordinates": [ [ [ -3.376974, 37.357227499000032 ], [ -3.386908658999971, 37.343056722000028 ], [ -3.390597386999957, 37.324486905000072 ], [ -3.395391578999977, 37.31557328100007 ], [ -3.38380112699997, 37.295759300000043 ], [ -3.383814, 37.28123449900005 ], [ -3.393187937999926, 37.282202654000059 ], [ -3.429900499999974, 37.27592099900005 ], [ -3.45872824099996, 37.266543240000033 ], [ -3.464573880999978, 37.253450865000048 ], [ -3.473435988999938, 37.250422694000065 ], [ -3.475589179999929, 37.244898230000047 ], [ -3.481437782999933, 37.240559404000066 ], [ -3.481982582999933, 37.232354121000071 ], [ -3.509953, 37.21708699900006 ], [ -3.517714505999948, 37.210123456000076 ], [ -3.533949, 37.216991499000073 ], [ -3.533783017999951, 37.224099505000027 ], [ -3.506861411999978, 37.25218179500007 ], [ -3.507525, 37.263526999000078 ], [ -3.505352200999937, 37.266355250000061 ], [ -3.508455383999944, 37.272524857000064 ], [ -3.506447, 37.275935999000069 ], [ -3.505588, 37.280742499000041 ], [ -3.507362641999975, 37.291865044000076 ], [ -3.500722257999939, 37.300667123000039 ], [ -3.491491217999965, 37.30615634000003 ], [ -3.486809107999932, 37.317211601000054 ], [ -3.489293, 37.327007499000047 ], [ -3.376974, 37.357227499000032 ] ] ] } },
{ "type": "Feature", "properties": { "code": "18100", "name": "Huétor Tájar" }, "geometry": { "type": "Polygon", "coordinates": [ [ [ -4.016787, 37.211194499000044 ], [ -4.004570054999931, 37.199404270000059 ], [ -3.99854887999993, 37.18841640100004 ], [ -3.998280608999949, 37.180440472000043 ], [ -3.99304714699997, 37.17603315000008 ], [ -3.983378951999953, 37.174184986000057 ], [ -3.987109499999974, 37.16631299900007 ], [ -3.989533580999932, 37.171324748000075 ], [ -4.005584724999949, 37.181430585000044 ], [ -4.055097544999967, 37.171536133000075 ], [ -4.065472334999924, 37.166547298000069 ], [ -4.073804889999963, 37.171150109000052 ], [ -4.080786773999932, 37.179522127000041 ], [ -4.085285854999938, 37.173656024000024 ], [ -4.110659821999946, 37.163934540000071 ], [ -4.126726971999972, 37.171692814000039 ], [ -4.128163852999933, 37.174952880000035 ], [ -4.106602519999967, 37.170001743000057 ], [ -4.091766034999978, 37.176832021000052 ], [ -4.082777131999933, 37.187911567000071 ], [ -4.082049203999929, 37.196049191000043 ], [ -4.076955831999953, 37.19695915300008 ], [ -4.065399954999975, 37.214152496000054 ], [ -4.073042810999937, 37.225265002000071 ], [ -4.073203153999941, 37.233100021000041 ], [ -4.064476113999945, 37.23815987100005 ], [ -4.057796393999979, 37.227706407000028 ], [ -4.043390066999962, 37.230291067000053 ], [ -4.025246, 37.228873999000029 ], [ -4.023909, 37.225673499000038 ], [ -4.021512499999972, 37.22604749900006 ], [ -4.018934499999943, 37.21367649900003 ], [ -4.016787, 37.211194499000044 ] ] ] } },
{ "type": "Feature", "properties": { "code": "18101", "name": "Huétor Vega" }, "geometry": { "type": "Polygon", "coordinates": [ [ [ -3.569834499999956, 37.140090999000051 ], [ -3.578430499999968, 37.14083849900004 ], [ -3.585414521999951, 37.146076767000068 ], [ -3.580385134999972, 37.148251218000041 ], [ -3.578920607999976, 37.152769301000035 ], [ -3.559988, 37.157493499000054 ], [ -3.553835142999958, 37.154591800000048 ], [ -3.550737, 37.147681999000042 ], [ -3.553612553999926, 37.14287764200003 ], [ -3.569834499999956, 37.140090999000051 ] ] ] } },
{ "type": "Feature", "properties": { "code": "18102", "name": "Íllora" }, "geometry": { "type": "Polygon", "coordinates": [ [ [ -3.923741, 37.378730999000027 ], [ -3.91170137499995, 37.378757319000044 ], [ -3.881670308999958, 37.387521263000053 ], [ -3.857758, 37.38784399900004 ], [ -3.861702031999926, 37.383458792000056 ], [ -3.845681141999933, 37.358517992000031 ], [ -3.850428102999956, 37.351722638000069 ], [ -3.849439002999929, 37.343629832000033 ], [ -3.839903627999945, 37.328413354000077 ], [ -3.839712721999945, 37.321817195000051 ], [ -3.832272903999979, 37.320249715000045 ], [ -3.809992, 37.295058999000048 ], [ -3.816814804999979, 37.29229680900005 ], [ -3.816867179999974, 37.284952150000038 ], [ -3.831749353999953, 37.277884211000071 ], [ -3.830612807999955, 37.274732475000064 ], [ -3.839204872999971, 37.261547128000075 ], [ -3.833854499999973, 37.24993549900006 ], [ -3.832388987999934, 37.232923504000041 ], [ -3.82417849999996, 37.220961999000053 ], [ -3.82998084299993, 37.214239870000029 ], [ -3.836569031999943, 37.213043601000038 ], [ -3.848843464999959, 37.22771229500006 ], [ -3.87436336199994, 37.214252874000067 ], [ -3.92317559199995, 37.206416524000076 ], [ -3.927013113999976, 37.201187128000072 ], [ -3.925697, 37.198318499000038 ], [ -3.932064919999959, 37.197583417000033 ], [ -3.937339944999962, 37.203043028000025 ], [ -3.95030959099995, 37.204693821000035 ], [ -3.954195082999945, 37.217247167000039 ], [ -3.97778730999994, 37.209094633000063 ], [ -3.987193, 37.209765999000069 ], [ -3.992888910999966, 37.211166071000036 ], [ -3.995643461999975, 37.214987762000078 ], [ -3.98860302099996, 37.22704540400008 ], [ -3.990833499999951, 37.249617999000066 ], [ -3.985223651999945, 37.254358720000027 ], [ -3.986420242999941, 37.261234209000065 ], [ -3.980747790999942, 37.271396210000034 ], [ -3.954195082999945, 37.287071088000062 ], [ -3.94540221099993, 37.297580381000046 ], [ -3.930231425999978, 37.304312420000031 ], [ -3.922407629999952, 37.31295065200004 ], [ -3.924482173999934, 37.339516263000064 ], [ -3.92096171399993, 37.346927169000026 ], [ -3.924451061999946, 37.362527312000054 ], [ -3.923741, 37.378730999000027 ] ] ] } },
{ "type": "Feature", "properties": { "code": "18103", "name": "Ítrabo" }, "geometry": { "type": "Polygon", "coordinates": [ [ [ -3.670577, 36.772418999000024 ], [ -3.651048401999958, 36.78364201100004 ], [ -3.649832189999927, 36.801063 ], [ -3.640252445999977, 36.814610050000056 ], [ -3.641969, 36.824733999000046 ], [ -3.636041, 36.825252499000044 ], [ -3.627515499999959, 36.82757949900008 ], [ -3.620768, 36.825073499000041 ], [ -3.614969499999972, 36.819621999000049 ], [ -3.62189901499994, 36.805692389000058 ], [ -3.621202726999968, 36.788161104000039 ], [ -3.640147560999935, 36.773875045000068 ], [ -3.630515499999944, 36.762729499000045 ], [ -3.632183496999971, 36.751569683000071 ], [ -3.635607, 36.748298499000043 ], [ -3.636439, 36.750095499000054 ], [ -3.660957, 36.763900499000044 ], [ -3.670577, 36.772418999000024 ] ] ] } },
{ "type": "Feature", "properties": { "code": "18105", "name": "Iznalloz" }, "geometry": { "type": "Polygon", "coordinates": [ [ [ -3.376974, 37.357227499000032 ], [ -3.489293, 37.327007499000047 ], [ -3.501448816999925, 37.324305638000055 ], [ -3.516014164999945, 37.325846270000056 ], [ -3.538782122999976, 37.31364153800007 ], [ -3.559900499999969, 37.313815999000042 ], [ -3.55756454699997, 37.32671558100003 ], [ -3.549399588999961, 37.339884702000063 ], [ -3.569938307999962, 37.349568622000049 ], [ -3.569239095999933, 37.37471524700004 ], [ -3.576745906999975, 37.375669607000077 ], [ -3.589607280999928, 37.368831545000035 ], [ -3.591030100999944, 37.373979864000034 ], [ -3.595885082999928, 37.376879338000037 ], [ -3.596042669999974, 37.385369628000035 ], [ -3.602044346999946, 37.389090679000049 ], [ -3.604162866999957, 37.383902502000069 ], [ -3.613468290999947, 37.389359044000059 ], [ -3.612219628999981, 37.367543429000079 ], [ -3.618166569999971, 37.361922694000043 ], [ -3.634683499999937, 37.392116499000053 ], [ -3.641468389999943, 37.399468643000034 ], [ -3.647639499999968, 37.399688499000035 ], [ -3.637573919999966, 37.403573833000053 ], [ -3.638541627999928, 37.419188551000047 ], [ -3.643566591999956, 37.424763300000052 ], [ -3.643370310999956, 37.432674888000065 ], [ -3.646744499999954, 37.436214499000073 ], [ -3.646526970999957, 37.440043662000051 ], [ -3.632740897999952, 37.441036738000037 ], [ -3.639327, 37.449462999000048 ], [ -3.638828673999967, 37.467317148000063 ], [ -3.64871583799993, 37.486736612000072 ], [ -3.64994915799997, 37.49464290800006 ], [ -3.657628346999957, 37.500569420000033 ], [ -3.667828507999957, 37.516439417000072 ], [ -3.671974499999976, 37.51822499900004 ], [ -3.626499499999966, 37.529056999000034 ], [ -3.607236535999959, 37.526857729000028 ], [ -3.600031828999931, 37.521502506000047 ], [ -3.613707640999962, 37.511437914000055 ], [ -3.62008782099997, 37.502331649000041 ], [ -3.636458059999939, 37.497351638000055 ], [ -3.638283564999938, 37.486214507000057 ], [ -3.633720566999955, 37.478674585000078 ], [ -3.633559395999953, 37.46655194300007 ], [ -3.628504539999938, 37.463151430000039 ], [ -3.595985311999925, 37.475416472000063 ], [ -3.587143499999968, 37.475842999000065 ], [ -3.579077896999934, 37.473710021000045 ], [ -3.576419942999962, 37.464370146000078 ], [ -3.544026499999973, 37.472601999000062 ], [ -3.539355753999928, 37.466594138000062 ], [ -3.540350940999929, 37.461486944000058 ], [ -3.536125970999933, 37.453757979000045 ], [ -3.508152780999978, 37.45322585100007 ], [ -3.494152422999946, 37.457239221000066 ], [ -3.487792499999955, 37.452754999000035 ], [ -3.486703689999956, 37.447357984000064 ], [ -3.503092240999933, 37.442959493000046 ], [ -3.50488082499993, 37.438118179000071 ], [ -3.50170856799997, 37.436628479000035 ], [ -3.492508886999929, 37.44120958600007 ], [ -3.488580602999946, 37.435233954000068 ], [ -3.490008176999936, 37.414533351000046 ], [ -3.501701305999973, 37.410681769000064 ], [ -3.492410989999939, 37.400746367000067 ], [ -3.484550617999957, 37.401063425000075 ], [ -3.439323560999981, 37.42239440700007 ], [ -3.435989331999963, 37.415221565000024 ], [ -3.43998643599997, 37.39899243800005 ], [ -3.424204432999943, 37.381661294000025 ], [ -3.374860035999973, 37.370003868000026 ], [ -3.343953499999941, 37.383979999000076 ], [ -3.349928, 37.361953499000037 ], [ -3.376974, 37.357227499000032 ] ] ] } },
{ "type": "Feature", "properties": { "code": "18106", "name": "Játar" }, "geometry": { "type": "Polygon", "coordinates": [ [ [ -3.90611, 36.915397999000049 ], [ -3.939048173999936, 36.931600108000055 ], [ -3.936451060999957, 36.938490957000056 ], [ -3.926642670999968, 36.947213159000057 ], [ -3.926921499999935, 36.957870999000079 ], [ -3.922840945999951, 36.957641015000036 ], [ -3.908134976999975, 36.941685866000057 ], [ -3.893346802999929, 36.93806068300006 ], [ -3.89776186499995, 36.921286474000055 ], [ -3.90611, 36.915397999000049 ] ] ] } },
{ "type": "Feature", "properties": { "code": "18107", "name": "Jayena" }, "geometry": { "type": "Polygon", "coordinates": [ [ [ -3.744034499999941, 36.973113999000077 ], [ -3.748189199999956, 36.966951151000046 ], [ -3.752087866999943, 36.935926305000066 ], [ -3.758496527999966, 36.918916073000048 ], [ -3.75673255199996, 36.906385236000062 ], [ -3.76918274999997, 36.889682821000065 ], [ -3.767413499999975, 36.883292999000048 ], [ -3.777670646999979, 36.875987151000061 ], [ -3.77997449999998, 36.867046499000026 ], [ -3.80433775399996, 36.883435990000066 ], [ -3.806661381999959, 36.89145540700008 ], [ -3.819767510999952, 36.907027576000075 ], [ -3.825585848999935, 36.909379976000025 ], [ -3.829077499999926, 36.907566999000039 ], [ -3.823925218999932, 36.922468514000059 ], [ -3.841050001999974, 36.937882364000075 ], [ -3.850601465999944, 36.957439071000067 ], [ -3.847073829999943, 36.961465405000069 ], [ -3.827528522999955, 36.969620761000044 ], [ -3.823628499999927, 36.985467999000036 ], [ -3.820885103999956, 36.990777884000067 ], [ -3.81127, 36.99355299900003 ], [ -3.77132649999993, 36.988761999000076 ], [ -3.761513, 36.983974499000055 ], [ -3.760419853999963, 36.981062519000034 ], [ -3.744034499999941, 36.973113999000077 ] ] ] } },
{ "type": "Feature", "properties": { "code": "18108", "name": "Jérez del Marquesado" }, "geometry": { "type": "Polygon", "coordinates": [ [ [ -3.249924499999963, 37.141761999000039 ], [ -3.239647004999938, 37.151933472000053 ], [ -3.237525981999966, 37.167332449000071 ], [ -3.227335360999973, 37.181730185000049 ], [ -3.196953, 37.197246499000073 ], [ -3.174483607999946, 37.198376634000056 ], [ -3.152880499999981, 37.207694999000068 ], [ -3.119526499999949, 37.232997999000077 ], [ -3.112651049999954, 37.23396410600003 ], [ -3.116067, 37.226394499000037 ], [ -3.127192094999941, 37.209237032000033 ], [ -3.134060499999975, 37.202019499000073 ], [ -3.14250169099995, 37.190615717000071 ], [ -3.143596674999969, 37.174727277000045 ], [ -3.156346484999972, 37.16878403100003 ], [ -3.174400444999947, 37.141622762000054 ], [ -3.171138303999953, 37.126366403000077 ], [ -3.178282499999966, 37.09277699900008 ], [ -3.200390499999969, 37.090511499000058 ], [ -3.221566484999926, 37.096878477000075 ], [ -3.243222443999969, 37.113066358000026 ], [ -3.257736, 37.114703999000028 ], [ -3.249924499999963, 37.141761999000039 ] ] ] } },
{ "type": "Feature", "properties": { "code": "18109", "name": "Jete" }, "geometry": { "type": "Polygon", "coordinates": [ [ [ -3.653096499999947, 36.826594999000065 ], [ -3.649562499999945, 36.826450499000032 ], [ -3.646789, 36.82485949900007 ], [ -3.641969, 36.824733999000046 ], [ -3.640252445999977, 36.814610050000056 ], [ -3.649832189999927, 36.801063 ], [ -3.651048401999958, 36.78364201100004 ], [ -3.670577, 36.772418999000024 ], [ -3.689168354999936, 36.775901494000038 ], [ -3.689833862999933, 36.787633398000025 ], [ -3.683144830999936, 36.794409018000067 ], [ -3.68246449999998, 36.800033499000051 ], [ -3.665203540999926, 36.804412785000068 ], [ -3.662543, 36.812984499000038 ], [ -3.661015405999933, 36.823130782000078 ], [ -3.653096499999947, 36.826594999000065 ] ] ] } },
{ "type": "Feature", "properties": { "code": "18111", "name": "Jun" }, "geometry": { "type": "Polygon", "coordinates": [ [ [ -3.570407, 37.219451999000057 ], [ -3.576864, 37.21041849900007 ], [ -3.590523400999928, 37.208577138000066 ], [ -3.601064881999946, 37.211483330000078 ], [ -3.602901, 37.214900999000065 ], [ -3.600268458999949, 37.222167510000077 ], [ -3.591458, 37.227397999000061 ], [ -3.583644895999953, 37.22065804600004 ], [ -3.570407, 37.219451999000057 ] ] ] } },
{ "type": "Feature", "properties": { "code": "18112", "name": "Juviles" }, "geometry": { "type": "Polygon", "coordinates": [ [ [ -3.250527499999976, 36.969566499000052 ], [ -3.249496, 36.977176499000052 ], [ -3.237698, 36.994735499000058 ], [ -3.225202272999979, 36.98390835400005 ], [ -3.208035963999976, 36.95965486700004 ], [ -3.206947, 36.952449499000068 ], [ -3.213356, 36.946975499000075 ], [ -3.21792, 36.944434999000066 ], [ -3.218247499999961, 36.94113549900004 ], [ -3.238853062999965, 36.938970532000042 ], [ -3.250527499999976, 36.969566499000052 ] ] ] } },
{ "type": "Feature", "properties": { "code": "18114", "name": "Calahorra, La" }, "geometry": { "type": "Polygon", "coordinates": [ [ [ -3.096863, 37.213134499000034 ], [ -3.095199, 37.225837499000079 ], [ -3.094646499999953, 37.242763499000034 ], [ -3.086664, 37.242439499000056 ], [ -3.082769611999936, 37.22573931200003 ], [ -3.068528730999958, 37.20074463900005 ], [ -3.065519708999943, 37.205182081000032 ], [ -3.060551718999932, 37.204680551000024 ], [ -3.056084294999948, 37.216838247000055 ], [ -3.029053499999975, 37.262935499000037 ], [ -3.015317308999954, 37.275354790000051 ], [ -2.982911760999968, 37.274137664000079 ], [ -2.980431499999952, 37.27179699900006 ], [ -2.992757880999932, 37.250914918000035 ], [ -3.00638349999997, 37.241153999000062 ], [ -3.04240075499996, 37.209170273000041 ], [ -3.053344212999946, 37.195065536000072 ], [ -3.052288978999968, 37.18495757200003 ], [ -3.046364750999942, 37.17803757400003 ], [ -3.051730499999962, 37.157214999000075 ], [ -3.059280116999957, 37.160575259000041 ], [ -3.066546015999961, 37.177470282000058 ], [ -3.073769375999973, 37.176092771000071 ], [ -3.080027496999946, 37.180577955000047 ], [ -3.096863, 37.213134499000034 ] ] ] } },
{ "type": "Feature", "properties": { "code": "18115", "name": "Láchar" }, "geometry": { "type": "Polygon", "coordinates": [ [ [ -3.825746, 37.204395499000043 ], [ -3.823545211999942, 37.181281971000033 ], [ -3.826943141999948, 37.172079994000057 ], [ -3.849876096999935, 37.164349065000067 ], [ -3.860125499999981, 37.168285499000035 ], [ -3.865686977999928, 37.191319839000073 ], [ -3.864890375999948, 37.200429049000036 ], [ -3.857059460999949, 37.202418187000035 ], [ -3.845842157999925, 37.198039581000046 ], [ -3.834214499999973, 37.20082099900003 ], [ -3.82886840499998, 37.207457628000043 ], [ -3.825746, 37.204395499000043 ] ] ] } },
{ "type": "Feature", "properties": { "code": "18116", "name": "Lanjarón" }, "geometry": { "type": "Polygon", "coordinates": [ [ [ -3.405176, 37.039764499000057 ], [ -3.392675499999939, 37.040572999000062 ], [ -3.401168279999979, 37.031933575000039 ], [ -3.406307, 37.016052499000068 ], [ -3.413624877999951, 37.010245012000041 ], [ -3.439532382999971, 36.963007836000031 ], [ -3.456389590999947, 36.94302798800004 ], [ -3.452742499999943, 36.92782949900004 ], [ -3.459497516999932, 36.905115813000066 ], [ -3.465811153999937, 36.899819877000027 ], [ -3.47012190199996, 36.885116814000071 ], [ -3.474197993999951, 36.879482075000055 ], [ -3.484640499999955, 36.874084499000048 ], [ -3.486214883999935, 36.879255489000059 ], [ -3.50607026299997, 36.896435292000035 ], [ -3.513469363999945, 36.900103797000043 ], [ -3.520222690999958, 36.898350808000032 ], [ -3.523519685999929, 36.900245288000065 ], [ -3.508748049999951, 36.922308924000049 ], [ -3.508701, 36.932288999000036 ], [ -3.507328499999971, 36.935172999000031 ], [ -3.501528, 36.937808999000026 ], [ -3.494548499999951, 36.947280999000043 ], [ -3.477285, 36.956111999000029 ], [ -3.473678, 36.96156299900008 ], [ -3.474593499999969, 36.971446999000079 ], [ -3.471936, 36.979507499000078 ], [ -3.439627, 37.01192099900004 ], [ -3.439924110999925, 37.014962237000077 ], [ -3.431758944999956, 37.022466001000055 ], [ -3.416730469999948, 37.029578428000036 ], [ -3.405176, 37.039764499000057 ] ] ] } },
{ "type": "Feature", "properties": { "code": "18117", "name": "Lanteira" }, "geometry": { "type": "Polygon", "coordinates": [ [ [ -3.178282499999966, 37.09277699900008 ], [ -3.171138303999953, 37.126366403000077 ], [ -3.174400444999947, 37.141622762000054 ], [ -3.156346484999972, 37.16878403100003 ], [ -3.143596674999969, 37.174727277000045 ], [ -3.14250169099995, 37.190615717000071 ], [ -3.134060499999975, 37.202019499000073 ], [ -3.126768726999956, 37.207102848000034 ], [ -3.113022499999943, 37.224479999000039 ], [ -3.103926361999925, 37.239497259000075 ], [ -3.094646499999953, 37.242763499000034 ], [ -3.095199, 37.225837499000079 ], [ -3.128777269999944, 37.178054340000074 ], [ -3.120473649999951, 37.168170097000029 ], [ -3.11332557399993, 37.165346559000056 ], [ -3.10654349999993, 37.155326999000067 ], [ -3.120263229999978, 37.133327476000034 ], [ -3.121687475999977, 37.125811690000035 ], [ -3.114032, 37.094623499000079 ], [ -3.120295499999941, 37.091922999000076 ], [ -3.130846499999961, 37.095886499000073 ], [ -3.135326, 37.096610999000063 ], [ -3.146193499999924, 37.094787499000063 ], [ -3.148377499999981, 37.095390499000075 ], [ -3.154307499999959, 37.094814499000051 ], [ -3.15962449999995, 37.092155499000057 ], [ -3.168775081999968, 37.094299510000042 ], [ -3.175424, 37.092304499000079 ], [ -3.178282499999966, 37.09277699900008 ] ] ] } },
{ "type": "Feature", "properties": { "code": "18119", "name": "Lecrín" }, "geometry": { "type": "Polygon", "coordinates": [ [ [ -3.56372749999997, 36.921932499000036 ], [ -3.565847155999961, 36.929601496000032 ], [ -3.562099837999938, 36.941761176000057 ], [ -3.574786249999931, 36.940441103000069 ], [ -3.594342, 36.953403499000046 ], [ -3.580294983999977, 36.950604247000058 ], [ -3.572243499999956, 36.963103999000055 ], [ -3.560448533999931, 36.95890812500005 ], [ -3.549336423999932, 36.95884290500004 ], [ -3.53464314799993, 36.978705880000064 ], [ -3.515742787999955, 36.981455299000061 ], [ -3.498546258999966, 36.977578016000052 ], [ -3.471936, 36.979507499000078 ], [ -3.474593499999969, 36.971446999000079 ], [ -3.473678, 36.96156299900008 ], [ -3.477285, 36.956111999000029 ], [ -3.494548499999951, 36.947280999000043 ], [ -3.501528, 36.937808999000026 ], [ -3.507328499999971, 36.935172999000031 ], [ -3.508701, 36.932288999000036 ], [ -3.513569351999934, 36.937108060000071 ], [ -3.525267607999979, 36.933187879000059 ], [ -3.527570761999925, 36.912093737000077 ], [ -3.531102274999967, 36.905127794000066 ], [ -3.545928120999974, 36.919249328000035 ], [ -3.558796609999945, 36.923996541000065 ], [ -3.56372749999997, 36.921932499000036 ] ] ] } },
{ "type": "Feature", "properties": { "code": "18120", "name": "Lentegí" }, "geometry": { "type": "Polygon", "coordinates": [ [ [ -3.680435, 36.870929499000056 ], [ -3.669829665999941, 36.862147428000071 ], [ -3.668636817999925, 36.856002982000064 ], [ -3.656210378999958, 36.84039806100003 ], [ -3.657330385999956, 36.832867083000053 ], [ -3.653096499999947, 36.826594999000065 ], [ -3.661015405999933, 36.823130782000078 ], [ -3.662543, 36.812984499000038 ], [ -3.672627441999964, 36.821596132000025 ], [ -3.681052835999935, 36.818077047000031 ], [ -3.689667630999963, 36.819405680000045 ], [ -3.708101306999936, 36.835989011000038 ], [ -3.72042498299993, 36.839163236000047 ], [ -3.716493112999956, 36.851230302000033 ], [ -3.723270686999967, 36.861091073000068 ], [ -3.72166, 36.869968499000038 ], [ -3.70713776599996, 36.867754301000048 ], [ -3.705128241999944, 36.862882365000075 ], [ -3.701577725999925, 36.861759103000054 ], [ -3.689443860999972, 36.864611072000059 ], [ -3.680435, 36.870929499000056 ] ] ] } },
{ "type": "Feature", "properties": { "code": "18121", "name": "Lobras" }, "geometry": { "type": "Polygon", "coordinates": [ [ [ -3.204666499999973, 36.876361999000039 ], [ -3.232653739999932, 36.908521448000045 ], [ -3.225597387999926, 36.920113388000061 ], [ -3.224307220999947, 36.927931984000054 ], [ -3.217441852999968, 36.936267845000032 ], [ -3.218247499999961, 36.94113549900004 ], [ -3.21792, 36.944434999000066 ], [ -3.213356, 36.946975499000075 ], [ -3.206947, 36.952449499000068 ], [ -3.206536, 36.950386499000047 ], [ -3.19926049999998, 36.946876499000041 ], [ -3.205418277999968, 36.91995062400008 ], [ -3.195572208999977, 36.895598595000024 ], [ -3.188884425999959, 36.888315894000073 ], [ -3.192708499999981, 36.878322499000035 ], [ -3.204666499999973, 36.876361999000039 ] ] ] } },
{ "type": "Feature", "properties": { "code": "18122", "name": "Loja" }, "geometry": { "type": "Polygon", "coordinates": [ [ [ -4.198413, 37.257064999000079 ], [ -4.194120658999964, 37.244815516000074 ], [ -4.171655044999966, 37.230478919000063 ], [ -4.163434962999929, 37.235515120000059 ], [ -4.164625882999928, 37.238708689000077 ], [ -4.158785196999929, 37.244568401000038 ], [ -4.155488239999954, 37.263689645000056 ], [ -4.160317925999948, 37.270435988000031 ], [ -4.16753, 37.274211999000045 ], [ -4.154713121999976, 37.278242796000029 ], [ -4.130116931999964, 37.27811620600005 ], [ -4.125891457999955, 37.28348795800008 ], [ -4.107515499999977, 37.292850499000053 ], [ -4.095664402999944, 37.283854958000063 ], [ -4.092768745999933, 37.277880588000073 ], [ -4.046962342999961, 37.258179746000053 ], [ -4.033703499999945, 37.24217599900004 ], [ -4.033117, 37.24033349900003 ], [ -4.029721499999937, 37.236159999000051 ], [ -4.025874499999929, 37.232726999000079 ], [ -4.025246, 37.228873999000029 ], [ -4.043390066999962, 37.230291067000053 ], [ -4.057796393999979, 37.227706407000028 ], [ -4.064476113999945, 37.23815987100005 ], [ -4.073203153999941, 37.233100021000041 ], [ -4.073042810999937, 37.225265002000071 ], [ -4.065399954999975, 37.214152496000054 ], [ -4.076955831999953, 37.19695915300008 ], [ -4.082049203999929, 37.196049191000043 ], [ -4.082777131999933, 37.187911567000071 ], [ -4.091766034999978, 37.176832021000052 ], [ -4.106602519999967, 37.170001743000057 ], [ -4.128163852999933, 37.174952880000035 ], [ -4.126726971999972, 37.171692814000039 ], [ -4.110659821999946, 37.163934540000071 ], [ -4.095036499999935, 37.170318499000075 ], [ -4.088167788999954, 37.165509469000028 ], [ -4.096992453999974, 37.161874969000053 ], [ -4.103845699999965, 37.150038403000053 ], [ -4.09652394699998, 37.134191581000039 ], [ -4.093879760999926, 37.123487815000033 ], [ -4.095266498999933, 37.117476778000025 ], [ -4.076176115999942, 37.097297544000071 ], [ -4.061214499999949, 37.089946999000063 ], [ -4.080519385999935, 37.084901456000068 ], [ -4.086947582999926, 37.079512849000025 ], [ -4.137005048999981, 37.067212605000066 ], [ -4.179877788999931, 37.050943115000052 ], [ -4.183794502999945, 37.037602321000065 ], [ -4.182729, 37.028659499000071 ], [ -4.191260499999942, 37.024966999000071 ], [ -4.205745499999978, 37.026652999000078 ], [ -4.212933499999963, 37.022647999000071 ], [ -4.223368, 37.01235549900008 ], [ -4.242263474999959, 37.02033302600006 ], [ -4.251948499999969, 37.023002499000029 ], [ -4.255079, 37.022605999000064 ], [ -4.25629749999996, 37.020213999000077 ], [ -4.260465499999952, 37.017321999000046 ], [ -4.272532499999954, 37.014927499000066 ], [ -4.270058, 37.02705749900008 ], [ -4.271671499999968, 37.030070999000031 ], [ -4.272776499999964, 37.04174849900005 ], [ -4.280850499999929, 37.055850999000029 ], [ -4.282661499999961, 37.066554999000061 ], [ -4.287678967999966, 37.120693108000069 ], [ -4.308961, 37.152831999000057 ], [ -4.322690908999959, 37.178665316000036 ], [ -4.328133, 37.184070499000029 ], [ -4.321577652999963, 37.190954182000041 ], [ -4.295782699999961, 37.199734333000038 ], [ -4.284189171999969, 37.207307983000078 ], [ -4.265438734999975, 37.225834702000043 ], [ -4.25652555399995, 37.229680526000038 ], [ -4.258722499999976, 37.25155649900006 ], [ -4.253389604999938, 37.252194066000072 ], [ -4.245330892999959, 37.248359262000065 ], [ -4.234908443999927, 37.251049715000079 ], [ -4.225136635999945, 37.246243236000055 ], [ -4.198413, 37.257064999000079 ] ] ] } },
{ "type": "Feature", "properties": { "code": "18123", "name": "Lugros" }, "geometry": { "type": "Polygon", "coordinates": [ [ [ -3.216554, 37.255092499000057 ], [ -3.215661400999977, 37.242973473000063 ], [ -3.21210149999996, 37.238628499000072 ], [ -3.21041919399994, 37.225188501000048 ], [ -3.201239211999962, 37.215865765000046 ], [ -3.198513918999936, 37.205421583000032 ], [ -3.200136143999941, 37.200494824000032 ], [ -3.196953, 37.197246499000073 ], [ -3.227335360999973, 37.181730185000049 ], [ -3.237525981999966, 37.167332449000071 ], [ -3.239647004999938, 37.151933472000053 ], [ -3.249924499999963, 37.141761999000039 ], [ -3.284512751999955, 37.171345127000052 ], [ -3.281001045999972, 37.186494377000031 ], [ -3.283423650999964, 37.197652508000033 ], [ -3.30015149999997, 37.209884499000054 ], [ -3.299110198999927, 37.215538253000034 ], [ -3.28704810499994, 37.230084063000049 ], [ -3.272538440999938, 37.240315290000069 ], [ -3.270362838999972, 37.253749975000062 ], [ -3.25906649999996, 37.253871999000069 ], [ -3.251172, 37.243430999000054 ], [ -3.24862143699994, 37.228359635000061 ], [ -3.222619, 37.257404499000074 ], [ -3.216554, 37.255092499000057 ] ] ] } },
{ "type": "Feature", "properties": { "code": "18124", "name": "Lújar" }, "geometry": { "type": "Polygon", "coordinates": [ [ [ -3.338398, 36.738399499000025 ], [ -3.350208499999951, 36.729461499000024 ], [ -3.360922914999946, 36.73561679900007 ], [ -3.375944220999941, 36.760824703000026 ], [ -3.391792887999941, 36.772148560000062 ], [ -3.40037106699998, 36.773786962000031 ], [ -3.419759, 36.768680499000027 ], [ -3.423564, 36.773975499000073 ], [ -3.424981499999944, 36.780948499000033 ], [ -3.428462, 36.786353999000028 ], [ -3.417833499999972, 36.816680999000027 ], [ -3.399728508999942, 36.821343426000055 ], [ -3.367290307999951, 36.806686943000045 ], [ -3.35551, 36.806091499000047 ], [ -3.370926846999964, 36.792757133000066 ], [ -3.37297674399997, 36.785228028000063 ], [ -3.366003203999981, 36.772532888000057 ], [ -3.351701736999928, 36.774515256000029 ], [ -3.34265376999997, 36.771729791000041 ], [ -3.340524519999974, 36.765196886000069 ], [ -3.344131559999937, 36.748976719000041 ], [ -3.338398, 36.738399499000025 ] ] ] } },
{ "type": "Feature", "properties": { "code": "18126", "name": "Malahá, La" }, "geometry": { "type": "Polygon", "coordinates": [ [ [ -3.77924, 37.091377499000032 ], [ -3.780095499999959, 37.094814499000051 ], [ -3.764786198999957, 37.094700301000046 ], [ -3.761128970999948, 37.098204378000048 ], [ -3.765710638999963, 37.107266247000041 ], [ -3.779451864999942, 37.115759346000061 ], [ -3.77868131799994, 37.122440347000065 ], [ -3.769827126999928, 37.122856641000055 ], [ -3.757032, 37.118064999000069 ], [ -3.727834566999945, 37.117599776000077 ], [ -3.71392900099994, 37.114844475000041 ], [ -3.708547646999932, 37.111116250000066 ], [ -3.698659699999951, 37.112762514000053 ], [ -3.687387, 37.109061999000062 ], [ -3.694298599999968, 37.103105453000069 ], [ -3.703002431999948, 37.088114791000066 ], [ -3.727582499999926, 37.076179499000034 ], [ -3.734501111999975, 37.074955451000051 ], [ -3.743630043999929, 37.078012429000069 ], [ -3.744923522999954, 37.083802221000042 ], [ -3.752651005999951, 37.088953500000059 ], [ -3.77162950099995, 37.083987364000052 ], [ -3.774695353999959, 37.090725475000056 ], [ -3.77924, 37.091377499000032 ] ] ] } },
{ "type": "Feature", "properties": { "code": "18127", "name": "Maracena" }, "geometry": { "type": "Polygon", "coordinates": [ [ [ -3.62556, 37.218246499000031 ], [ -3.624096, 37.210132499000053 ], [ -3.633798174999924, 37.201587078000045 ], [ -3.646571350999977, 37.199179460000039 ], [ -3.652693, 37.206725999000071 ], [ -3.661469, 37.210220499000059 ], [ -3.638635, 37.21938349900006 ], [ -3.63108121099998, 37.221682925000039 ], [ -3.62556, 37.218246499000031 ] ] ] } },
{ "type": "Feature", "properties": { "code": "18128", "name": "Marchal" }, "geometry": { "type": "Polygon", "coordinates": [ [ [ -3.175126499999976, 37.316593999000077 ], [ -3.178461955999978, 37.303705766000064 ], [ -3.173781948999931, 37.297240843000054 ], [ -3.17466, 37.293819499000051 ], [ -3.185675794999952, 37.288586700000053 ], [ -3.194630738999933, 37.29448521900008 ], [ -3.203357668999956, 37.29435409000007 ], [ -3.222569551999925, 37.278876165000042 ], [ -3.230375952999964, 37.28239135900003 ], [ -3.226453499999934, 37.287738999000055 ], [ -3.212816335999946, 37.293925549000051 ], [ -3.206993332999957, 37.30589438800007 ], [ -3.201471499999968, 37.310089499000071 ], [ -3.175126499999976, 37.316593999000077 ] ] ] } },
{ "type": "Feature", "properties": { "code": "18132", "name": "Moclín" }, "geometry": { "type": "Polygon", "coordinates": [ [ [ -3.809992, 37.295058999000048 ], [ -3.832272903999979, 37.320249715000045 ], [ -3.839712721999945, 37.321817195000051 ], [ -3.839903627999945, 37.328413354000077 ], [ -3.849439002999929, 37.343629832000033 ], [ -3.850428102999956, 37.351722638000069 ], [ -3.845681141999933, 37.358517992000031 ], [ -3.861702031999926, 37.383458792000056 ], [ -3.857758, 37.38784399900004 ], [ -3.842608520999931, 37.386077083000032 ], [ -3.83371524699993, 37.398217286000033 ], [ -3.825637495999956, 37.403260942000031 ], [ -3.826492569999971, 37.412758145000055 ], [ -3.818525302999944, 37.421361519000072 ], [ -3.8101, 37.438529999000025 ], [ -3.790357642999936, 37.436456027000077 ], [ -3.79047270999996, 37.432827798000062 ], [ -3.785912607999933, 37.433809301000053 ], [ -3.774002947999975, 37.410775385000079 ], [ -3.765473802999963, 37.402342263000037 ], [ -3.756541248999952, 37.356512181000028 ], [ -3.744721757999969, 37.344775994000031 ], [ -3.725641279999934, 37.307853269000077 ], [ -3.712075, 37.302875499000038 ], [ -3.710707626999977, 37.29564957000008 ], [ -3.721013285999959, 37.298846258000026 ], [ -3.739462499999945, 37.296092999000052 ], [ -3.735379167999952, 37.306483030000038 ], [ -3.742305959999953, 37.308374373000049 ], [ -3.754807715999959, 37.304773474000058 ], [ -3.768133564999971, 37.293588510000063 ], [ -3.809992, 37.295058999000048 ] ] ] } },
{ "type": "Feature", "properties": { "code": "18133", "name": "Molvízar" }, "geometry": { "type": "Polygon", "coordinates": [ [ [ -3.630515499999944, 36.762729499000045 ], [ -3.640147560999935, 36.773875045000068 ], [ -3.621202726999968, 36.788161104000039 ], [ -3.62189901499994, 36.805692389000058 ], [ -3.614969499999972, 36.819621999000049 ], [ -3.604984612999942, 36.818481779000024 ], [ -3.588363175999973, 36.809712861000037 ], [ -3.57378049099998, 36.80710005800006 ], [ -3.565711, 36.801143499000034 ], [ -3.571157654999979, 36.788773645000049 ], [ -3.579157382999938, 36.785775265000041 ], [ -3.582365774999971, 36.774932091000039 ], [ -3.617479445999948, 36.771904642000038 ], [ -3.630515499999944, 36.762729499000045 ] ] ] } },
{ "type": "Feature", "properties": { "code": "18134", "name": "Monachil" }, "geometry": { "type": "Polygon", "coordinates": [ [ [ -3.532425499999931, 37.081756499000051 ], [ -3.537306054999931, 37.094421117000024 ], [ -3.564681057999962, 37.127065100000038 ], [ -3.569834499999956, 37.140090999000051 ], [ -3.553612553999926, 37.14287764200003 ], [ -3.550737, 37.147681999000042 ], [ -3.528678721999938, 37.140914804000033 ], [ -3.51922849999994, 37.144470499000079 ], [ -3.510598865999953, 37.144035695000071 ], [ -3.499830971999927, 37.138294517000077 ], [ -3.490034, 37.139961499000037 ], [ -3.46068543399997, 37.132682970000076 ], [ -3.440018262999956, 37.119931508000036 ], [ -3.429904743999941, 37.120055078000064 ], [ -3.42038677499994, 37.114353324000035 ], [ -3.405058408999935, 37.110583137000049 ], [ -3.385768508999945, 37.095124405000035 ], [ -3.376815503999978, 37.07970195300004 ], [ -3.375933102999966, 37.070277128000043 ], [ -3.370402036999963, 37.065716160000079 ], [ -3.365682499999934, 37.056045499000049 ], [ -3.388413971999967, 37.063807429000065 ], [ -3.399180372999979, 37.071088634000034 ], [ -3.416887109999948, 37.076078342000073 ], [ -3.453412320999973, 37.078893380000068 ], [ -3.470004059999951, 37.071408915000063 ], [ -3.489826410999967, 37.079410954000025 ], [ -3.532425499999931, 37.081756499000051 ] ] ] } },
{ "type": "Feature", "properties": { "code": "18135", "name": "Montefrío" }, "geometry": { "type": "Polygon", "coordinates": [ [ [ -4.033703499999945, 37.24217599900004 ], [ -4.046962342999961, 37.258179746000053 ], [ -4.092768745999933, 37.277880588000073 ], [ -4.095664402999944, 37.283854958000063 ], [ -4.107515499999977, 37.292850499000053 ], [ -4.111427068999944, 37.300288640000076 ], [ -4.133724667999957, 37.317318686000078 ], [ -4.145374247999939, 37.334371451000038 ], [ -4.161986499999955, 37.341964999000027 ], [ -4.156310923999968, 37.344104137000045 ], [ -4.144279396999934, 37.363130640000065 ], [ -4.126150002999964, 37.378733540000042 ], [ -4.104178841999953, 37.388918147000027 ], [ -4.098244499999964, 37.400142499000026 ], [ -4.085557441999981, 37.403421059000038 ], [ -4.052061588999948, 37.402758983000069 ], [ -4.033969972999955, 37.406126765000067 ], [ -4.018016061999958, 37.401845363000064 ], [ -4.000835, 37.402114999000048 ], [ -3.981605939999952, 37.388143905000049 ], [ -3.973001411999974, 37.38770329700003 ], [ -3.951638393999929, 37.378953695000064 ], [ -3.923741, 37.378730999000027 ], [ -3.924451061999946, 37.362527312000054 ], [ -3.92096171399993, 37.346927169000026 ], [ -3.924482173999934, 37.339516263000064 ], [ -3.922407629999952, 37.31295065200004 ], [ -3.930231425999978, 37.304312420000031 ], [ -3.94540221099993, 37.297580381000046 ], [ -3.954195082999945, 37.287071088000062 ], [ -3.980747790999942, 37.271396210000034 ], [ -3.986420242999941, 37.261234209000065 ], [ -3.985223651999945, 37.254358720000027 ], [ -3.990833499999951, 37.249617999000066 ], [ -4.015400345999979, 37.242155008000054 ], [ -4.033703499999945, 37.24217599900004 ] ] ] } },
{ "type": "Feature", "properties": { "code": "18136", "name": "Montejícar" }, "geometry": { "type": "Polygon", "coordinates": [ [ [ -3.58344, 37.553642499000034 ], [ -3.56173337599995, 37.564496519000045 ], [ -3.555861874999948, 37.572634175000076 ], [ -3.537205509999978, 37.580281072000048 ], [ -3.536838339999974, 37.596082717000058 ], [ -3.50646949999998, 37.617276999000069 ], [ -3.48136741999997, 37.60195308200008 ], [ -3.461729013999957, 37.598227003000034 ], [ -3.436883, 37.573913499000071 ], [ -3.436235, 37.56380099900008 ], [ -3.444336499999963, 37.560825499000032 ], [ -3.446434499999953, 37.555751499000053 ], [ -3.465892499999939, 37.55467599900004 ], [ -3.468797499999937, 37.554069499000036 ], [ -3.471406499999944, 37.551082499000074 ], [ -3.472048499999971, 37.545303499000056 ], [ -3.475485, 37.540916499000048 ], [ -3.475925270999937, 37.524916990000065 ], [ -3.480563475999929, 37.51900069800007 ], [ -3.492985612999973, 37.513055965000035 ], [ -3.511648168999955, 37.510303786000065 ], [ -3.520431317999964, 37.514765619000059 ], [ -3.540235153999959, 37.514927141000044 ], [ -3.554541941999958, 37.521950038000057 ], [ -3.568293499999925, 37.533172499000045 ], [ -3.572965097999941, 37.534559355000056 ], [ -3.578743447999955, 37.54163128600004 ], [ -3.58344, 37.553642499000034 ] ] ] } },
{ "type": "Feature", "properties": { "code": "18137", "name": "Montillana" }, "geometry": { "type": "Polygon", "coordinates": [ [ [ -3.8101, 37.438529999000025 ], [ -3.803000493999946, 37.452476637000075 ], [ -3.808375499999954, 37.457965999000066 ], [ -3.79216454699997, 37.466866847000063 ], [ -3.787714573999949, 37.477452589000052 ], [ -3.790951466999957, 37.481354681000028 ], [ -3.787192404999928, 37.488524748000032 ], [ -3.78298652899997, 37.491247890000068 ], [ -3.777681, 37.49007799900005 ], [ -3.774104203999968, 37.478359302000058 ], [ -3.729940756999952, 37.48862716900004 ], [ -3.697791325999958, 37.51126984800004 ], [ -3.683921577999968, 37.51738873000005 ], [ -3.671974499999976, 37.51822499900004 ], [ -3.667828507999957, 37.516439417000072 ], [ -3.657628346999957, 37.500569420000033 ], [ -3.64994915799997, 37.49464290800006 ], [ -3.64871583799993, 37.486736612000072 ], [ -3.638828673999967, 37.467317148000063 ], [ -3.639327, 37.449462999000048 ], [ -3.65029653299996, 37.449826395000059 ], [ -3.650455394999938, 37.456146312000044 ], [ -3.661852606999958, 37.460249862000069 ], [ -3.663856818999932, 37.471832411000037 ], [ -3.671378457999936, 37.473442671000043 ], [ -3.684675053999968, 37.468778360000044 ], [ -3.701466, 37.448173499000063 ], [ -3.706780203999926, 37.443934180000042 ], [ -3.730227614999933, 37.441686572000037 ], [ -3.732375137999952, 37.431360156000039 ], [ -3.738026592999972, 37.428574403000027 ], [ -3.73908294599994, 37.434345162000056 ], [ -3.757587623999939, 37.440592872000025 ], [ -3.758190389999925, 37.448954903000072 ], [ -3.767666609999935, 37.451607867000064 ], [ -3.770558543999925, 37.445159582000031 ], [ -3.767626194999934, 37.431431399000076 ], [ -3.782603, 37.428455499000052 ], [ -3.785912607999933, 37.433809301000053 ], [ -3.79047270999996, 37.432827798000062 ], [ -3.790357642999936, 37.436456027000077 ], [ -3.8101, 37.438529999000025 ] ] ] } },
{ "type": "Feature", "properties": { "code": "18138", "name": "Moraleda de Zafayona" }, "geometry": { "type": "Polygon", "coordinates": [ [ [ -3.897312, 37.159209999000041 ], [ -3.917951889999927, 37.149471207000033 ], [ -3.933654678999972, 37.146649576000073 ], [ -3.938425499999937, 37.142379499000072 ], [ -3.957778410999936, 37.155300190000048 ], [ -3.967868, 37.15461749900004 ], [ -3.967228260999946, 37.158482133000064 ], [ -3.973038675999931, 37.166123795000033 ], [ -3.987109499999974, 37.16631299900007 ], [ -3.983378951999953, 37.174184986000057 ], [ -3.99304714699997, 37.17603315000008 ], [ -3.998280608999949, 37.180440472000043 ], [ -3.99854887999993, 37.18841640100004 ], [ -4.004570054999931, 37.199404270000059 ], [ -4.016787, 37.211194499000044 ], [ -3.97778730999994, 37.209094633000063 ], [ -3.954195082999945, 37.217247167000039 ], [ -3.95030959099995, 37.204693821000035 ], [ -3.937339944999962, 37.203043028000025 ], [ -3.932064919999959, 37.197583417000033 ], [ -3.925697, 37.198318499000038 ], [ -3.916895770999929, 37.197336570000061 ], [ -3.911146770999949, 37.192654105000031 ], [ -3.908895984999958, 37.18654418400007 ], [ -3.914659860999961, 37.180142294000063 ], [ -3.903918164999936, 37.178891755000052 ], [ -3.892936710999948, 37.181493988000057 ], [ -3.897312, 37.159209999000041 ] ] ] } },
{ "type": "Feature", "properties": { "code": "18140", "name": "Motril" }, "geometry": { "type": "Polygon", "coordinates": [ [ [ -3.419759, 36.768680499000027 ], [ -3.417357683999967, 36.739756572000033 ], [ -3.410381761999929, 36.727908490000061 ], [ -3.416106517999935, 36.721084297000061 ], [ -3.416889924999964, 36.711146166000049 ], [ -3.411185, 36.702987999000072 ], [ -3.420498832999954, 36.694578078000063 ], [ -3.464773499999978, 36.694648999000037 ], [ -3.464304660999971, 36.709105672000078 ], [ -3.474936512999932, 36.719825664000041 ], [ -3.482393669999965, 36.719061526000075 ], [ -3.492520576999937, 36.722693079000067 ], [ -3.500658499999929, 36.71093249900008 ], [ -3.514679399999977, 36.721076724000056 ], [ -3.526943426999935, 36.723715325000057 ], [ -3.55058816899998, 36.714930174000074 ], [ -3.567068499999948, 36.719039999000074 ], [ -3.562437816999932, 36.728168068000059 ], [ -3.565290225999945, 36.749495287000059 ], [ -3.56360465299997, 36.761877836000053 ], [ -3.55916377899996, 36.770164740000041 ], [ -3.547634731999949, 36.777009233000058 ], [ -3.539629929999933, 36.788484500000038 ], [ -3.54244, 36.791866499000037 ], [ -3.534297915999957, 36.792328611000073 ], [ -3.532755517999931, 36.785467820000065 ], [ -3.514992486999972, 36.778805823000027 ], [ -3.488221899999928, 36.784000189000039 ], [ -3.450768042999925, 36.78177456700007 ], [ -3.428462, 36.786353999000028 ], [ -3.424981499999944, 36.780948499000033 ], [ -3.423564, 36.773975499000073 ], [ -3.419759, 36.768680499000027 ] ] ] } },
{ "type": "Feature", "properties": { "code": "18141", "name": "Murtas" }, "geometry": { "type": "Polygon", "coordinates": [ [ [ -3.168775081999968, 36.828318997000054 ], [ -3.173772605999943, 36.854467815000078 ], [ -3.179923404999954, 36.859214554000062 ], [ -3.192708499999981, 36.878322499000035 ], [ -3.179962903999979, 36.878611705000026 ], [ -3.150295116999928, 36.88779067400003 ], [ -3.143633254999941, 36.893432785000073 ], [ -3.148268499999972, 36.90553649900005 ], [ -3.103368577999959, 36.914307833000066 ], [ -3.080120104999935, 36.930389736000052 ], [ -3.069386243999929, 36.914872743000046 ], [ -3.069596652999962, 36.90167911900005 ], [ -3.060755, 36.892139499000052 ], [ -3.074939133999976, 36.892741587000046 ], [ -3.077698237999925, 36.884886391000066 ], [ -3.088515260999941, 36.872552512000027 ], [ -3.098792925999931, 36.873161142000072 ], [ -3.103674670999965, 36.868257665000044 ], [ -3.104795786999944, 36.861786093000035 ], [ -3.122040302999949, 36.860060683000029 ], [ -3.124013429999934, 36.855482898000048 ], [ -3.121770540999933, 36.847581373000025 ], [ -3.126934602999938, 36.836155339000072 ], [ -3.123427678999974, 36.827323627000055 ], [ -3.123633165999934, 36.815100338000036 ], [ -3.139408905999971, 36.798543989000052 ], [ -3.141457, 36.790794499000071 ], [ -3.156100587999958, 36.795954339000048 ], [ -3.167515804999937, 36.818389726000078 ], [ -3.168775081999968, 36.828318997000054 ] ] ] } },
{ "type": "Feature", "properties": { "code": "18143", "name": "Nigüelas" }, "geometry": { "type": "Polygon", "coordinates": [ [ [ -3.573492, 36.964980999000034 ], [ -3.559398914999974, 36.977674547000049 ], [ -3.539131840999971, 36.988894196000047 ], [ -3.532844715999943, 36.998783417000027 ], [ -3.524221645999944, 37.002719718000037 ], [ -3.497643161999974, 37.011693042000047 ], [ -3.485299268999938, 37.011755624000045 ], [ -3.47328754199998, 37.017746368000076 ], [ -3.439627, 37.01192099900004 ], [ -3.471936, 36.979507499000078 ], [ -3.498546258999966, 36.977578016000052 ], [ -3.515742787999955, 36.981455299000061 ], [ -3.53464314799993, 36.978705880000064 ], [ -3.549336423999932, 36.95884290500004 ], [ -3.560448533999931, 36.95890812500005 ], [ -3.572243499999956, 36.963103999000055 ], [ -3.573492, 36.964980999000034 ] ] ] } },
{ "type": "Feature", "properties": { "code": "18144", "name": "Nívar" }, "geometry": { "type": "Polygon", "coordinates": [ [ [ -3.505588, 37.280742499000041 ], [ -3.506447, 37.275935999000069 ], [ -3.548289564999948, 37.26320237200008 ], [ -3.587858499999925, 37.243201999000064 ], [ -3.592239702999962, 37.248429459000079 ], [ -3.580962499999941, 37.267158499000061 ], [ -3.557388684999978, 37.274902739000026 ], [ -3.546939778999956, 37.274722759000042 ], [ -3.53522411299997, 37.280212130000052 ], [ -3.505588, 37.280742499000041 ] ] ] } },
{ "type": "Feature", "properties": { "code": "18145", "name": "Ogíjares" }, "geometry": { "type": "Polygon", "coordinates": [ [ [ -3.624124, 37.134036999000045 ], [ -3.60986749999995, 37.139339499000073 ], [ -3.608812499999942, 37.13829049900005 ], [ -3.60775304699996, 37.133261517000051 ], [ -3.600685552999948, 37.128495049000037 ], [ -3.599876, 37.116698499000051 ], [ -3.605676694999943, 37.115638041000068 ], [ -3.608316892999937, 37.109985832000064 ], [ -3.616618364999965, 37.110826752000037 ], [ -3.622781, 37.107609999000033 ], [ -3.625365600999942, 37.11189184400007 ], [ -3.629803017999961, 37.114097387000072 ], [ -3.634590752999941, 37.119735309000077 ], [ -3.624124, 37.134036999000045 ] ] ] } },
{ "type": "Feature", "properties": { "code": "18146", "name": "Orce" }, "geometry": { "type": "Polygon", "coordinates": [ [ [ -2.497654, 37.765874999000062 ], [ -2.47367107499997, 37.784900480000033 ], [ -2.444269499999962, 37.793403499000078 ], [ -2.438811, 37.794376499000066 ], [ -2.421546, 37.791354999000077 ], [ -2.408256499999936, 37.791423999000074 ], [ -2.398503499999947, 37.789706999000032 ], [ -2.390431, 37.789313999000058 ], [ -2.387633499999936, 37.793822999000042 ], [ -2.380638499999975, 37.795150499000044 ], [ -2.366678499999978, 37.801746499000046 ], [ -2.360213499999929, 37.807250999000075 ], [ -2.356289, 37.814323999000067 ], [ -2.354288, 37.815738499000076 ], [ -2.345978, 37.818854999000052 ], [ -2.343237, 37.817893999000034 ], [ -2.339033499999971, 37.82030499900003 ], [ -2.337548, 37.822665999000037 ], [ -2.330549499999961, 37.82761799900004 ], [ -2.326355, 37.827647999000078 ], [ -2.326666499999931, 37.824669499000038 ], [ -2.307919499999969, 37.814609499000028 ], [ -2.301769499999978, 37.810241999000027 ], [ -2.292354935999924, 37.791136548000054 ], [ -2.280332501999965, 37.780797730000074 ], [ -2.277502810999977, 37.774938990000066 ], [ -2.286280732999955, 37.753519715000039 ], [ -2.295368480999969, 37.746839366000074 ], [ -2.306460214999959, 37.724851837000074 ], [ -2.307244545999936, 37.711299780000047 ], [ -2.314122137999959, 37.709841289000053 ], [ -2.32257285999998, 37.695542857000078 ], [ -2.325637085999972, 37.675558290000026 ], [ -2.323436, 37.665454999000076 ], [ -2.319769700999927, 37.658176402000038 ], [ -2.319408666999948, 37.648405757000035 ], [ -2.30940334099995, 37.634679465000033 ], [ -2.316373258999931, 37.622795696000026 ], [ -2.338750370999946, 37.623299413000041 ], [ -2.346643538999956, 37.628528165000034 ], [ -2.36245947599997, 37.621577273000071 ], [ -2.374840008999968, 37.62900923400008 ], [ -2.402132062999954, 37.635268532000055 ], [ -2.410885943999972, 37.629249375000029 ], [ -2.462048219999929, 37.637575137000056 ], [ -2.496318563999978, 37.648324623000065 ], [ -2.50693549999994, 37.654937999000026 ], [ -2.498004373999947, 37.660096567000039 ], [ -2.49719085199996, 37.663193785000033 ], [ -2.518206437999936, 37.718551110000078 ], [ -2.524612197999943, 37.726685386000042 ], [ -2.506565397999964, 37.746511772000076 ], [ -2.497654, 37.765874999000062 ] ] ] } },
{ "type": "Feature", "properties": { "code": "18147", "name": "Órgiva" }, "geometry": { "type": "Polygon", "coordinates": [ [ [ -3.417833499999972, 36.816680999000027 ], [ -3.434113673999946, 36.815986552000027 ], [ -3.455178387999979, 36.841604223000047 ], [ -3.488779721999947, 36.86205611500003 ], [ -3.489502314999925, 36.865923672000065 ], [ -3.484640499999955, 36.874084499000048 ], [ -3.474197993999951, 36.879482075000055 ], [ -3.47012190199996, 36.885116814000071 ], [ -3.465811153999937, 36.899819877000027 ], [ -3.459497516999932, 36.905115813000066 ], [ -3.452742499999943, 36.92782949900004 ], [ -3.43095253499996, 36.917275068000038 ], [ -3.418453574999944, 36.924339118000034 ], [ -3.41579349999995, 36.930614499000058 ], [ -3.404085131999977, 36.912389505000078 ], [ -3.388254167999946, 36.907680791000075 ], [ -3.381933516999936, 36.912901931000079 ], [ -3.368185499999925, 36.912669999000059 ], [ -3.362137410999935, 36.914177385000073 ], [ -3.352029951999953, 36.908241786000076 ], [ -3.351961434999964, 36.898147667000046 ], [ -3.348307, 36.88874049900005 ], [ -3.344554585999958, 36.886446895000063 ], [ -3.339413157999957, 36.88589453000003 ], [ -3.338862061999976, 36.882548904000032 ], [ -3.335472857999946, 36.880522486000075 ], [ -3.335721299999932, 36.877732652000077 ], [ -3.332704163999949, 36.873544260000074 ], [ -3.321793585999956, 36.865492075000077 ], [ -3.318338825999945, 36.864821623000068 ], [ -3.311519139999973, 36.85564798200005 ], [ -3.31091624499993, 36.853718713000035 ], [ -3.312303291999967, 36.850993939000034 ], [ -3.311461689999931, 36.847337308000078 ], [ -3.316643324999973, 36.840879223000059 ], [ -3.316211835999979, 36.832662149000043 ], [ -3.313703337999925, 36.830050500000027 ], [ -3.315082569999959, 36.828729839000061 ], [ -3.31504564599993, 36.826083926000024 ], [ -3.317370044999961, 36.824716745000046 ], [ -3.317759, 36.822230499000057 ], [ -3.321879, 36.82005299900004 ], [ -3.349908804999927, 36.820588255000075 ], [ -3.355176237999956, 36.813880512000026 ], [ -3.35551, 36.806091499000047 ], [ -3.367290307999951, 36.806686943000045 ], [ -3.399728508999942, 36.821343426000055 ], [ -3.417833499999972, 36.816680999000027 ] ] ] } },
{ "type": "Feature", "properties": { "code": "18148", "name": "Otívar" }, "geometry": { "type": "Polygon", "coordinates": [ [ [ -3.767413499999975, 36.883292999000048 ], [ -3.763365868999927, 36.87512778100006 ], [ -3.72166, 36.869968499000038 ], [ -3.723270686999967, 36.861091073000068 ], [ -3.716493112999956, 36.851230302000033 ], [ -3.72042498299993, 36.839163236000047 ], [ -3.708101306999936, 36.835989011000038 ], [ -3.689667630999963, 36.819405680000045 ], [ -3.681052835999935, 36.818077047000031 ], [ -3.672627441999964, 36.821596132000025 ], [ -3.662543, 36.812984499000038 ], [ -3.665203540999926, 36.804412785000068 ], [ -3.68246449999998, 36.800033499000051 ], [ -3.706032856999968, 36.798338719000071 ], [ -3.713102160999938, 36.800998567000079 ], [ -3.720991312999956, 36.808951255000068 ], [ -3.731934407999972, 36.810832100000027 ], [ -3.758918980999965, 36.822339469000042 ], [ -3.790627, 36.820705499000042 ], [ -3.794349160999957, 36.821581040000069 ], [ -3.796633500999974, 36.831382967000025 ], [ -3.815215499999965, 36.841850499000032 ], [ -3.815335, 36.846862499000054 ], [ -3.808387232999962, 36.858094031000064 ], [ -3.794630902999927, 36.858703294000065 ], [ -3.77997449999998, 36.867046499000026 ], [ -3.777670646999979, 36.875987151000061 ], [ -3.767413499999975, 36.883292999000048 ] ] ] } },
{ "type": "Feature", "properties": { "code": "18149", "name": "Villa de Otura" }, "geometry": { "type": "Polygon", "coordinates": [ [ [ -3.60981, 37.088756499000056 ], [ -3.616723, 37.083438999000066 ], [ -3.62727, 37.073081999000067 ], [ -3.632482499999981, 37.069484999000053 ], [ -3.635001, 37.069350999000051 ], [ -3.636948, 37.065482999000039 ], [ -3.639568499999939, 37.064044999000032 ], [ -3.649097, 37.053592499000047 ], [ -3.650675499999977, 37.055377999000029 ], [ -3.671914935999951, 37.050191950000055 ], [ -3.68014554399997, 37.041859622000061 ], [ -3.700061499999947, 37.034515499000065 ], [ -3.676156037999931, 37.076838098000053 ], [ -3.658659020999949, 37.086771972000065 ], [ -3.645220988999938, 37.099557360000063 ], [ -3.6232, 37.108439499000042 ], [ -3.60981, 37.088756499000056 ] ] ] } },
{ "type": "Feature", "properties": { "code": "18150", "name": "Padul" }, "geometry": { "type": "Polygon", "coordinates": [ [ [ -3.603235499999926, 37.000118999000051 ], [ -3.606298274999972, 36.994263040000078 ], [ -3.621442287999969, 36.995273471000075 ], [ -3.62841, 36.992927499000075 ], [ -3.640292131999956, 36.997581593000064 ], [ -3.650891716999979, 36.996663776000048 ], [ -3.66022535999997, 36.992916134000041 ], [ -3.673314036999955, 36.981225967000057 ], [ -3.700577881999948, 36.988285136000059 ], [ -3.720229410999934, 36.969868852000047 ], [ -3.744034499999941, 36.973113999000077 ], [ -3.760419853999963, 36.981062519000034 ], [ -3.761513, 36.983974499000055 ], [ -3.749553243999969, 37.007323041000063 ], [ -3.750986328999943, 37.016627086000028 ], [ -3.746008499999959, 37.02439490900008 ], [ -3.719837628999926, 37.027561018000029 ], [ -3.710004316999971, 37.03478932400003 ], [ -3.700061499999947, 37.034515499000065 ], [ -3.68014554399997, 37.041859622000061 ], [ -3.671914935999951, 37.050191950000055 ], [ -3.650675499999977, 37.055377999000029 ], [ -3.647429946999978, 37.049866155000075 ], [ -3.624732239999958, 37.048321408000049 ], [ -3.593237813999963, 37.04007701300003 ], [ -3.580037778999952, 37.043666603000077 ], [ -3.565726, 37.040344499000071 ], [ -3.573048594999932, 37.032300457000076 ], [ -3.575413626999932, 37.021307187000048 ], [ -3.599764171999936, 37.007926762000068 ], [ -3.603235499999926, 37.000118999000051 ] ] ] } },
{ "type": "Feature", "properties": { "code": "18151", "name": "Pampaneira" }, "geometry": { "type": "Polygon", "coordinates": [ [ [ -3.406307, 37.016052499000068 ], [ -3.391260279999926, 37.010280546000047 ], [ -3.382072570999981, 37.010527249000063 ], [ -3.376928708999969, 37.006868076000046 ], [ -3.369626635999964, 36.99272051500003 ], [ -3.379124461999936, 36.981673500000056 ], [ -3.381347876999939, 36.960964710000042 ], [ -3.376703191999979, 36.953156362000072 ], [ -3.364384423999979, 36.952139785000043 ], [ -3.359990964999952, 36.944281020000062 ], [ -3.349992499999928, 36.940459999000041 ], [ -3.37328589599997, 36.919528460000038 ], [ -3.368185499999925, 36.912669999000059 ], [ -3.379023525999969, 36.917295420000073 ], [ -3.395853406999947, 36.980624911000064 ], [ -3.392700355999978, 37.003457229000048 ], [ -3.406307, 37.016052499000068 ] ] ] } },
{ "type": "Feature", "properties": { "code": "18152", "name": "Pedro Martínez" }, "geometry": { "type": "Polygon", "coordinates": [ [ [ -3.234946, 37.44614849900006 ], [ -3.237489107999977, 37.445956792000061 ], [ -3.240834025999959, 37.439201644000036 ], [ -3.26381, 37.440191999000035 ], [ -3.267920499999946, 37.44293299900005 ], [ -3.264412499999935, 37.448586499000044 ], [ -3.265603, 37.452688999000031 ], [ -3.26792, 37.455604999000059 ], [ -3.24897658499998, 37.453720858000054 ], [ -3.263039837999941, 37.479879332000053 ], [ -3.295336376999956, 37.485539931000062 ], [ -3.323482499999955, 37.507167999000046 ], [ -3.302478, 37.52589049900007 ], [ -3.292659564999951, 37.522059023000054 ], [ -3.275125178999929, 37.534232072000066 ], [ -3.270487365999941, 37.544885873000055 ], [ -3.238965588999974, 37.552349100000072 ], [ -3.214985645999946, 37.571911214000068 ], [ -3.17338497999998, 37.576328047000061 ], [ -3.159577, 37.587910499000031 ], [ -3.156848499999967, 37.577945999000065 ], [ -3.150232838999955, 37.567490999000029 ], [ -3.151809604999926, 37.556572095000035 ], [ -3.142997176999927, 37.548585309000032 ], [ -3.132879611999954, 37.530498376000025 ], [ -3.140487363999966, 37.531089166000072 ], [ -3.155123781999976, 37.522349528000063 ], [ -3.159253000999968, 37.511250227000062 ], [ -3.170793020999952, 37.496363161000033 ], [ -3.171122134999962, 37.489271071000076 ], [ -3.163088499999958, 37.48699349900005 ], [ -3.175309664999929, 37.473667467000041 ], [ -3.183010575999958, 37.471235222000075 ], [ -3.196843975999968, 37.454968454000038 ], [ -3.202449951999938, 37.454046891000075 ], [ -3.216487821999976, 37.458449700000074 ], [ -3.219504434999976, 37.453528789000075 ], [ -3.230811614999936, 37.451966606000042 ], [ -3.234946, 37.44614849900006 ] ] ] } },
{ "type": "Feature", "properties": { "code": "18153", "name": "Peligros" }, "geometry": { "type": "Polygon", "coordinates": [ [ [ -3.640639, 37.263351499000066 ], [ -3.626054499999952, 37.262962499000025 ], [ -3.612671645999967, 37.247365 ], [ -3.612302499999942, 37.24301549900008 ], [ -3.615618926999957, 37.24006617100008 ], [ -3.615512744999933, 37.234622509000076 ], [ -3.623470981999958, 37.229877998000063 ], [ -3.62068194099993, 37.221358064000071 ], [ -3.62556, 37.218246499000031 ], [ -3.63108121099998, 37.221682925000039 ], [ -3.638635, 37.21938349900006 ], [ -3.637759168999935, 37.222854817000041 ], [ -3.643768549999947, 37.228820875000054 ], [ -3.643220275999965, 37.233960291000074 ], [ -3.647348058999967, 37.238266768000074 ], [ -3.643637273999957, 37.249906988000077 ], [ -3.638299733999929, 37.256398524000076 ], [ -3.640639, 37.263351499000066 ] ] ] } },
{ "type": "Feature", "properties": { "code": "18154", "name": "Peza, La" }, "geometry": { "type": "Polygon", "coordinates": [ [ [ -3.32166049999995, 37.356612999000049 ], [ -3.316909521999946, 37.351525575000039 ], [ -3.316061802999968, 37.344606141000042 ], [ -3.301441980999925, 37.339444090000029 ], [ -3.285315676999971, 37.339905757000054 ], [ -3.275515306999978, 37.328322431000061 ], [ -3.266311499999972, 37.322887499000046 ], [ -3.262808649999954, 37.314795051000033 ], [ -3.253948295999976, 37.313213567000048 ], [ -3.248429947999966, 37.309029151000061 ], [ -3.252228528999979, 37.284197960000029 ], [ -3.260587493999935, 37.268017508000071 ], [ -3.25906649999996, 37.253871999000069 ], [ -3.270362838999972, 37.253749975000062 ], [ -3.272538440999938, 37.240315290000069 ], [ -3.28704810499994, 37.230084063000049 ], [ -3.299110198999927, 37.215538253000034 ], [ -3.30015149999997, 37.209884499000054 ], [ -3.307377150999969, 37.21406158800005 ], [ -3.319998379999959, 37.21590610800007 ], [ -3.339217499999961, 37.230331499000044 ], [ -3.344492116999959, 37.239104239000028 ], [ -3.358552095999926, 37.237821762000067 ], [ -3.367550764999976, 37.24479905700008 ], [ -3.376934934999952, 37.27299428200007 ], [ -3.375031, 37.284644999000079 ], [ -3.364085426999964, 37.298144434000051 ], [ -3.334995898999978, 37.300405030000036 ], [ -3.314615699999933, 37.310255703000053 ], [ -3.288421013999937, 37.315575199000079 ], [ -3.293721327999947, 37.32440424300006 ], [ -3.338200735999976, 37.336770620000038 ], [ -3.341418843999975, 37.351071973000046 ], [ -3.32166049999995, 37.356612999000049 ] ] ] } },
{ "type": "Feature", "properties": { "code": "18157", "name": "Pinos Genil" }, "geometry": { "type": "Polygon", "coordinates": [ [ [ -3.474999499999967, 37.169902499000045 ], [ -3.481527003999929, 37.154842384000062 ], [ -3.490402676999963, 37.144613736000053 ], [ -3.490034, 37.139961499000037 ], [ -3.499830971999927, 37.138294517000077 ], [ -3.510598865999953, 37.144035695000071 ], [ -3.51922849999994, 37.144470499000079 ], [ -3.529143943999941, 37.160921878000067 ], [ -3.517149264999944, 37.17936135900004 ], [ -3.511305499999935, 37.18194599900005 ], [ -3.49397264199996, 37.169494615000076 ], [ -3.474999499999967, 37.169902499000045 ] ] ] } },
{ "type": "Feature", "properties": { "code": "18158", "name": "Pinos Puente" }, "geometry": { "type": "Polygon", "coordinates": [ [ [ -3.834214499999973, 37.20082099900003 ], [ -3.845842157999925, 37.198039581000046 ], [ -3.857059460999949, 37.202418187000035 ], [ -3.864890375999948, 37.200429049000036 ], [ -3.865686977999928, 37.191319839000073 ], [ -3.860125499999981, 37.168285499000035 ], [ -3.8602, 37.163982499000042 ], [ -3.858497499999942, 37.15800099900008 ], [ -3.897312, 37.159209999000041 ], [ -3.892936710999948, 37.181493988000057 ], [ -3.903918164999936, 37.178891755000052 ], [ -3.914659860999961, 37.180142294000063 ], [ -3.908895984999958, 37.18654418400007 ], [ -3.911146770999949, 37.192654105000031 ], [ -3.916895770999929, 37.197336570000061 ], [ -3.925697, 37.198318499000038 ], [ -3.927013113999976, 37.201187128000072 ], [ -3.92317559199995, 37.206416524000076 ], [ -3.87436336199994, 37.214252874000067 ], [ -3.848843464999959, 37.22771229500006 ], [ -3.836569031999943, 37.213043601000038 ], [ -3.82998084299993, 37.214239870000029 ], [ -3.82417849999996, 37.220961999000053 ], [ -3.822056733999943, 37.216389078000077 ], [ -3.813827647999972, 37.224336743000038 ], [ -3.81043757599997, 37.231837278000057 ], [ -3.815509773999963, 37.238366427000074 ], [ -3.81288875499996, 37.245218991000058 ], [ -3.817920360999949, 37.252412847000073 ], [ -3.833854499999973, 37.24993549900006 ], [ -3.839204872999971, 37.261547128000075 ], [ -3.830612807999955, 37.274732475000064 ], [ -3.831749353999953, 37.277884211000071 ], [ -3.816867179999974, 37.284952150000038 ], [ -3.816814804999979, 37.29229680900005 ], [ -3.809992, 37.295058999000048 ], [ -3.768133564999971, 37.293588510000063 ], [ -3.754807715999959, 37.304773474000058 ], [ -3.742305959999953, 37.308374373000049 ], [ -3.735379167999952, 37.306483030000038 ], [ -3.739462499999945, 37.296092999000052 ], [ -3.738433347999944, 37.289741764000041 ], [ -3.747694949999925, 37.27201232200008 ], [ -3.742376388999958, 37.268414442000051 ], [ -3.733789263999938, 37.269838328000048 ], [ -3.734502397999961, 37.261024189000068 ], [ -3.72731695799996, 37.246583196000074 ], [ -3.730091854999955, 37.240482465000071 ], [ -3.740311576999943, 37.234335100000067 ], [ -3.734687421999979, 37.227751626000043 ], [ -3.72366214799996, 37.223211965000075 ], [ -3.716061811999964, 37.22632356500003 ], [ -3.710176955999941, 37.22526231900008 ], [ -3.705944909999971, 37.214964310000028 ], [ -3.712993, 37.211108999000032 ], [ -3.723971499999948, 37.216414499000052 ], [ -3.739359641999954, 37.222354391000067 ], [ -3.77040575999996, 37.228455691000079 ], [ -3.780799097999932, 37.234112732000028 ], [ -3.78737323699994, 37.234307224000077 ], [ -3.790892478999979, 37.23792887500008 ], [ -3.801863437999941, 37.23127585800006 ], [ -3.80913862999995, 37.230296109000051 ], [ -3.820664220999959, 37.211510642000064 ], [ -3.829310738999936, 37.208075567000037 ], [ -3.834214499999973, 37.20082099900003 ] ] ] } },
{ "type": "Feature", "properties": { "code": "18159", "name": "Píñar" }, "geometry": { "type": "Polygon", "coordinates": [ [ [ -3.342816, 37.476844999000036 ], [ -3.34166, 37.463820499000065 ], [ -3.335930950999966, 37.456386056000042 ], [ -3.348022213999968, 37.451685948000033 ], [ -3.34576505299998, 37.44006392700004 ], [ -3.348290922999979, 37.432259525000063 ], [ -3.341296100999955, 37.423323187000051 ], [ -3.334075069999926, 37.396896094000056 ], [ -3.343953499999941, 37.383979999000076 ], [ -3.374860035999973, 37.370003868000026 ], [ -3.424204432999943, 37.381661294000025 ], [ -3.43998643599997, 37.39899243800005 ], [ -3.435989331999963, 37.415221565000024 ], [ -3.439323560999981, 37.42239440700007 ], [ -3.484550617999957, 37.401063425000075 ], [ -3.492410989999939, 37.400746367000067 ], [ -3.501701305999973, 37.410681769000064 ], [ -3.490008176999936, 37.414533351000046 ], [ -3.488580602999946, 37.435233954000068 ], [ -3.492508886999929, 37.44120958600007 ], [ -3.50170856799997, 37.436628479000035 ], [ -3.50488082499993, 37.438118179000071 ], [ -3.503092240999933, 37.442959493000046 ], [ -3.486703689999956, 37.447357984000064 ], [ -3.487792499999955, 37.452754999000035 ], [ -3.48080996799996, 37.453214626000033 ], [ -3.479674329999966, 37.467304583000043 ], [ -3.470065, 37.472694499000056 ], [ -3.467354981999961, 37.465531189000046 ], [ -3.457861112999979, 37.459762754000053 ], [ -3.449759558999972, 37.460723472000041 ], [ -3.436882725999965, 37.468906428000025 ], [ -3.426692777999961, 37.465231408000079 ], [ -3.419199721999973, 37.470898944000055 ], [ -3.412538109999957, 37.481127395000044 ], [ -3.400118, 37.490249499000072 ], [ -3.385016499999949, 37.492481499000064 ], [ -3.376775, 37.485553999000047 ], [ -3.36455849999993, 37.486873499000069 ], [ -3.350923499999965, 37.478866499000048 ], [ -3.342816, 37.476844999000036 ] ] ] } },
{ "type": "Feature", "properties": { "code": "18161", "name": "Polícar" }, "geometry": { "type": "Polygon", "coordinates": [ [ [ -3.248115, 37.260646999000073 ], [ -3.237450729999978, 37.263244432000079 ], [ -3.222619, 37.257404499000074 ], [ -3.24862143699994, 37.228359635000061 ], [ -3.251172, 37.243430999000054 ], [ -3.248115, 37.260646999000073 ] ] ] } },
{ "type": "Feature", "properties": { "code": "18162", "name": "Polopos" }, "geometry": { "type": "Polygon", "coordinates": [ [ [ -3.304883, 36.737903499000026 ], [ -3.31973538799997, 36.757767499000067 ], [ -3.31796791599993, 36.779423192000024 ], [ -3.32274005499994, 36.792599464000034 ], [ -3.320523004999927, 36.79955781700005 ], [ -3.324533130999953, 36.808953857000063 ], [ -3.321879, 36.82005299900004 ], [ -3.317759, 36.822230499000057 ], [ -3.300666, 36.811323999000024 ], [ -3.284733442999936, 36.799171164000029 ], [ -3.285776616999954, 36.788150723000058 ], [ -3.272526, 36.748485499000026 ], [ -3.304883, 36.737903499000026 ] ] ] } },
{ "type": "Feature", "properties": { "code": "18163", "name": "Pórtugos" }, "geometry": { "type": "Polygon", "coordinates": [ [ [ -3.325868499999956, 36.980193999000051 ], [ -3.31353622599994, 36.993809168000041 ], [ -3.304733499999941, 37.011241999000049 ], [ -3.289816, 37.001918999000054 ], [ -3.279902, 36.992687499000056 ], [ -3.292570589999968, 36.991710068000032 ], [ -3.285903798999925, 36.978339131000041 ], [ -3.287937475999968, 36.963213101000065 ], [ -3.305447499999957, 36.936744999000041 ], [ -3.316560547999927, 36.937323262000064 ], [ -3.320753564999961, 36.941527804000032 ], [ -3.325610487999938, 36.953659165000033 ], [ -3.323271147999947, 36.961605234000046 ], [ -3.325868499999956, 36.980193999000051 ] ] ] } },
{ "type": "Feature", "properties": { "code": "18164", "name": "Puebla de Don Fadrique" }, "geometry": { "type": "Polygon", "coordinates": [ [ [ -2.341195499999969, 38.025868999000068 ], [ -2.298366499999929, 38.00280249900004 ], [ -2.29618389999996, 37.988098011000034 ], [ -2.27682065099998, 37.96086593800004 ], [ -2.258623464999971, 37.949285778000046 ], [ -2.247281209999926, 37.934433776000049 ], [ -2.207789, 37.916247999000063 ], [ -2.248908274999962, 37.897986379000031 ], [ -2.265409155999976, 37.881709757000067 ], [ -2.287344573999974, 37.884786978000079 ], [ -2.294108627999947, 37.87720782100007 ], [ -2.296095459999947, 37.859618243000057 ], [ -2.289946362999956, 37.83231052900004 ], [ -2.301769499999978, 37.810241999000027 ], [ -2.307919499999969, 37.814609499000028 ], [ -2.326666499999931, 37.824669499000038 ], [ -2.326355, 37.827647999000078 ], [ -2.330549499999961, 37.82761799900004 ], [ -2.337548, 37.822665999000037 ], [ -2.339033499999971, 37.82030499900003 ], [ -2.343237, 37.817893999000034 ], [ -2.345978, 37.818854999000052 ], [ -2.354288, 37.815738499000076 ], [ -2.356289, 37.814323999000067 ], [ -2.360213499999929, 37.807250999000075 ], [ -2.366678499999978, 37.801746499000046 ], [ -2.380638499999975, 37.795150499000044 ], [ -2.387633499999936, 37.793822999000042 ], [ -2.390431, 37.789313999000058 ], [ -2.398503499999947, 37.789706999000032 ], [ -2.408256499999936, 37.791423999000074 ], [ -2.421546, 37.791354999000077 ], [ -2.438811, 37.794376499000066 ], [ -2.444269499999962, 37.793403499000078 ], [ -2.474609944999941, 37.821991776000061 ], [ -2.486875211999973, 37.83926159400005 ], [ -2.484605354999928, 37.845463057000075 ], [ -2.472878524999942, 37.855306656000039 ], [ -2.461267221999947, 37.879438353000069 ], [ -2.464075213999934, 37.885731596000028 ], [ -2.461497857999973, 37.892973599000072 ], [ -2.463839808999978, 37.899414507000074 ], [ -2.478144850999968, 37.907294726000032 ], [ -2.485041815999978, 37.917814177000025 ], [ -2.492999445999942, 37.918749447000039 ], [ -2.501229839999951, 37.913740254000061 ], [ -2.51370299599995, 37.926605301000052 ], [ -2.52573547999998, 37.929186836000042 ], [ -2.547242108999967, 37.950591536000047 ], [ -2.550277109999968, 37.958751268000071 ], [ -2.568345936999947, 37.963822296000046 ], [ -2.584975855999971, 37.978211223000073 ], [ -2.581833562999975, 37.99821438500004 ], [ -2.57523312099994, 38.006402465000065 ], [ -2.560844432999943, 38.015500713000051 ], [ -2.545663925999975, 38.014633932000038 ], [ -2.535830302999955, 38.017322335000074 ], [ -2.527378754999972, 38.025048102000028 ], [ -2.495853631999978, 38.037042876000044 ], [ -2.483932598999957, 38.048242191000043 ], [ -2.48324, 38.055617999000049 ], [ -2.480276067999966, 38.053890961000036 ], [ -2.473043294999968, 38.056139683000026 ], [ -2.46405275099994, 38.050850353000044 ], [ -2.433446251999953, 38.042294628000036 ], [ -2.422551746999943, 38.032655083000066 ], [ -2.396395662999964, 38.031107108000072 ], [ -2.37222412899996, 38.022776635000071 ], [ -2.358073465999951, 38.022355336000032 ], [ -2.341195499999969, 38.025868999000068 ] ] ] } },
{ "type": "Feature", "properties": { "code": "18165", "name": "Pulianas" }, "geometry": { "type": "Polygon", "coordinates": [ [ [ -3.602901, 37.214900999000065 ], [ -3.624096, 37.210132499000053 ], [ -3.62556, 37.218246499000031 ], [ -3.62068194099993, 37.221358064000071 ], [ -3.623470981999958, 37.229877998000063 ], [ -3.615512744999933, 37.234622509000076 ], [ -3.615618926999957, 37.24006617100008 ], [ -3.612302499999942, 37.24301549900008 ], [ -3.607639022999933, 37.236870674000045 ], [ -3.596685, 37.238334499000075 ], [ -3.591458, 37.227397999000061 ], [ -3.600268458999949, 37.222167510000077 ], [ -3.602901, 37.214900999000065 ] ] ] } },
{ "type": "Feature", "properties": { "code": "18167", "name": "Purullena" }, "geometry": { "type": "Polygon", "coordinates": [ [ [ -3.232831, 37.330920499000058 ], [ -3.248668499999951, 37.341142499000057 ], [ -3.243222443999969, 37.34437198300003 ], [ -3.210876000999974, 37.346398789000034 ], [ -3.19632635499994, 37.364435741000079 ], [ -3.193589304999932, 37.374110933000054 ], [ -3.195650499999942, 37.382060499000033 ], [ -3.18337358499997, 37.382803060000072 ], [ -3.186229630999946, 37.368653346000031 ], [ -3.184145499999943, 37.361514999000065 ], [ -3.184021774999962, 37.35357442600008 ], [ -3.169616, 37.341126999000039 ], [ -3.17804859499995, 37.336214496000025 ], [ -3.177730222999969, 37.329531238000072 ], [ -3.172555503999945, 37.323546814000053 ], [ -3.175126499999976, 37.316593999000077 ], [ -3.201471499999968, 37.310089499000071 ], [ -3.207423640999934, 37.326348620000033 ], [ -3.220176837999929, 37.329504555000028 ], [ -3.227015717999961, 37.327202873000033 ], [ -3.232831, 37.330920499000058 ] ] ] } },
{ "type": "Feature", "properties": { "code": "18168", "name": "Quéntar" }, "geometry": { "type": "Polygon", "coordinates": [ [ [ -3.482107, 37.202014999000028 ], [ -3.474055043999954, 37.213665054000046 ], [ -3.454066300999955, 37.220678450000037 ], [ -3.440807451999945, 37.23347147800007 ], [ -3.429900499999974, 37.27592099900005 ], [ -3.393187937999926, 37.282202654000059 ], [ -3.383814, 37.28123449900005 ], [ -3.378371499999957, 37.28236399900004 ], [ -3.375031, 37.284644999000079 ], [ -3.376934934999952, 37.27299428200007 ], [ -3.367550764999976, 37.24479905700008 ], [ -3.358552095999926, 37.237821762000067 ], [ -3.344492116999959, 37.239104239000028 ], [ -3.339217499999961, 37.230331499000044 ], [ -3.353964737999945, 37.228035061000071 ], [ -3.367597549999971, 37.217886534000058 ], [ -3.419173456999943, 37.205693732000043 ], [ -3.450967435999928, 37.180593484000042 ], [ -3.470658499999956, 37.173156499000072 ], [ -3.47993663099993, 37.187556417000053 ], [ -3.479115070999967, 37.199162440000066 ], [ -3.482107, 37.202014999000028 ] ] ] } },
{ "type": "Feature", "properties": { "code": "18170", "name": "Rubite" }, "geometry": { "type": "Polygon", "coordinates": [ [ [ -3.321879, 36.82005299900004 ], [ -3.324533130999953, 36.808953857000063 ], [ -3.320523004999927, 36.79955781700005 ], [ -3.32274005499994, 36.792599464000034 ], [ -3.31796791599993, 36.779423192000024 ], [ -3.31973538799997, 36.757767499000067 ], [ -3.304883, 36.737903499000026 ], [ -3.319223527999952, 36.741592810000043 ], [ -3.338398, 36.738399499000025 ], [ -3.344131559999937, 36.748976719000041 ], [ -3.340524519999974, 36.765196886000069 ], [ -3.34265376999997, 36.771729791000041 ], [ -3.351701736999928, 36.774515256000029 ], [ -3.366003203999981, 36.772532888000057 ], [ -3.37297674399997, 36.785228028000063 ], [ -3.370926846999964, 36.792757133000066 ], [ -3.35551, 36.806091499000047 ], [ -3.355176237999956, 36.813880512000026 ], [ -3.349908804999927, 36.820588255000075 ], [ -3.321879, 36.82005299900004 ] ] ] } },
{ "type": "Feature", "properties": { "code": "18171", "name": "Salar" }, "geometry": { "type": "Polygon", "coordinates": [ [ [ -4.061214499999949, 37.089946999000063 ], [ -4.076176115999942, 37.097297544000071 ], [ -4.095266498999933, 37.117476778000025 ], [ -4.093879760999926, 37.123487815000033 ], [ -4.09652394699998, 37.134191581000039 ], [ -4.103845699999965, 37.150038403000053 ], [ -4.096992453999974, 37.161874969000053 ], [ -4.088167788999954, 37.165509469000028 ], [ -4.095036499999935, 37.170318499000075 ], [ -4.085285854999938, 37.173656024000024 ], [ -4.080786773999932, 37.179522127000041 ], [ -4.073804889999963, 37.171150109000052 ], [ -4.065472334999924, 37.166547298000069 ], [ -4.055097544999967, 37.171536133000075 ], [ -4.005584724999949, 37.181430585000044 ], [ -3.989533580999932, 37.171324748000075 ], [ -3.987109499999974, 37.16631299900007 ], [ -3.973038675999931, 37.166123795000033 ], [ -3.967228260999946, 37.158482133000064 ], [ -3.967868, 37.15461749900004 ], [ -3.975813143999972, 37.147835047000058 ], [ -3.982089702999929, 37.131611259000067 ], [ -3.982977099999971, 37.118681997000067 ], [ -3.994267922999938, 37.117625869000051 ], [ -4.013656657999945, 37.098434977000068 ], [ -4.022458256999926, 37.099867926000059 ], [ -4.061214499999949, 37.089946999000063 ] ] ] } },
{ "type": "Feature", "properties": { "code": "18173", "name": "Salobreña" }, "geometry": { "type": "Polygon", "coordinates": [ [ [ -3.54244, 36.791866499000037 ], [ -3.539629929999933, 36.788484500000038 ], [ -3.547634731999949, 36.777009233000058 ], [ -3.55916377899996, 36.770164740000041 ], [ -3.56360465299997, 36.761877836000053 ], [ -3.565290225999945, 36.749495287000059 ], [ -3.562437816999932, 36.728168068000059 ], [ -3.567068499999948, 36.719039999000074 ], [ -3.580969654999933, 36.724343237000028 ], [ -3.601694504999955, 36.743860246000054 ], [ -3.637697, 36.74236249900008 ], [ -3.635607, 36.748298499000043 ], [ -3.632183496999971, 36.751569683000071 ], [ -3.630515499999944, 36.762729499000045 ], [ -3.617479445999948, 36.771904642000038 ], [ -3.582365774999971, 36.774932091000039 ], [ -3.579157382999938, 36.785775265000041 ], [ -3.571157654999979, 36.788773645000049 ], [ -3.565711, 36.801143499000034 ], [ -3.559872514999938, 36.801234457000078 ], [ -3.543834499999946, 36.811187499000027 ], [ -3.539946360999977, 36.796677809000073 ], [ -3.54244, 36.791866499000037 ] ] ] } },
{ "type": "Feature", "properties": { "code": "18174", "name": "Santa Cruz del Comercio" }, "geometry": { "type": "Polygon", "coordinates": [ [ [ -4.006920614999956, 37.072730825000065 ], [ -3.998438568999973, 37.078234863000034 ], [ -3.975649670999928, 37.085266938000075 ], [ -3.964530158999935, 37.072644127000046 ], [ -3.956756913999925, 37.078455090000034 ], [ -3.942276075999928, 37.069573902000059 ], [ -3.944637259999979, 37.051346526000032 ], [ -3.974428911999951, 37.049499386000036 ], [ -3.977148524999961, 37.041531817000077 ], [ -3.980288739999935, 37.045296427000039 ], [ -3.989536702999942, 37.046616563000043 ], [ -3.992508566999959, 37.05227508400003 ], [ -4.002087533999941, 37.058952641000076 ], [ -4.006920614999956, 37.072730825000065 ] ] ] } },
{ "type": "Feature", "properties": { "code": "18175", "name": "Santa Fe" }, "geometry": { "type": "Polygon", "coordinates": [ [ [ -3.778067, 37.151759999000035 ], [ -3.771667866999962, 37.165715831000057 ], [ -3.773974962999944, 37.175938754000072 ], [ -3.768191916999967, 37.197039851000056 ], [ -3.754599496999958, 37.20551041300007 ], [ -3.754707499999938, 37.210357999000053 ], [ -3.753335352999954, 37.218914691000066 ], [ -3.723971499999948, 37.216414499000052 ], [ -3.712993, 37.211108999000032 ], [ -3.698521, 37.20241549900004 ], [ -3.698919, 37.18815199900007 ], [ -3.706934792999959, 37.173763774000065 ], [ -3.719521763999978, 37.170273018000046 ], [ -3.745287, 37.143966499000044 ], [ -3.745491, 37.139445999000031 ], [ -3.747673, 37.13462049900005 ], [ -3.757575541999927, 37.146646842000052 ], [ -3.778067, 37.151759999000035 ] ] ] } },
{ "type": "Feature", "properties": { "code": "18176", "name": "Soportújar" }, "geometry": { "type": "Polygon", "coordinates": [ [ [ -3.413023, 36.935317999000063 ], [ -3.408771725999941, 36.973807548000025 ], [ -3.39819284999993, 37.001266463000036 ], [ -3.406307, 37.016052499000068 ], [ -3.392700355999978, 37.003457229000048 ], [ -3.395853406999947, 36.980624911000064 ], [ -3.380838, 36.923770999000055 ], [ -3.406731497999942, 36.925898091000079 ], [ -3.412262684999973, 36.930297176000067 ], [ -3.413023, 36.935317999000063 ] ] ] } },
{ "type": "Feature", "properties": { "code": "18177", "name": "Sorvilán" }, "geometry": { "type": "Polygon", "coordinates": [ [ [ -3.238922499999944, 36.821964499000046 ], [ -3.23456049999993, 36.814182499000026 ], [ -3.240585009999961, 36.809460958000045 ], [ -3.241993568999931, 36.802138237000065 ], [ -3.236574370999961, 36.79661799400003 ], [ -3.23467725699993, 36.786539727000047 ], [ -3.237286384999948, 36.770931846000053 ], [ -3.233345, 36.750098999000045 ], [ -3.249270516999957, 36.754560800000036 ], [ -3.272526, 36.748485499000026 ], [ -3.285776616999954, 36.788150723000058 ], [ -3.284733442999936, 36.799171164000029 ], [ -3.300666, 36.811323999000024 ], [ -3.296244997999963, 36.82285394400003 ], [ -3.289120037999965, 36.829178462000073 ], [ -3.275450314999944, 36.824931410000033 ], [ -3.264792234999959, 36.817349268000044 ], [ -3.259061444999929, 36.820932992000053 ], [ -3.238922499999944, 36.821964499000046 ] ] ] } },
{ "type": "Feature", "properties": { "code": "18178", "name": "Torre-Cardela" }, "geometry": { "type": "Polygon", "coordinates": [ [ [ -3.323482499999955, 37.507167999000046 ], [ -3.329828434999968, 37.497950246000073 ], [ -3.339886417999935, 37.493707279000034 ], [ -3.342816, 37.476844999000036 ], [ -3.350923499999965, 37.478866499000048 ], [ -3.36455849999993, 37.486873499000069 ], [ -3.376775, 37.485553999000047 ], [ -3.385016499999949, 37.492481499000064 ], [ -3.400118, 37.490249499000072 ], [ -3.395080878999977, 37.503734326000028 ], [ -3.377412396999944, 37.503907024000057 ], [ -3.371269552999934, 37.510854421000033 ], [ -3.353569645999926, 37.514414822000049 ], [ -3.342198377999978, 37.511861085000078 ], [ -3.329152314999931, 37.516154467000035 ], [ -3.329084274999957, 37.512064506000058 ], [ -3.323482499999955, 37.507167999000046 ] ] ] } },
{ "type": "Feature", "properties": { "code": "18179", "name": "Torvizcón" }, "geometry": { "type": "Polygon", "coordinates": [ [ [ -3.33475, 36.886066499000037 ], [ -3.303071623999926, 36.893295998000042 ], [ -3.288016101999972, 36.886504415000047 ], [ -3.28162931199995, 36.880632547000062 ], [ -3.268966382999963, 36.876361778000046 ], [ -3.255849023999929, 36.875044674000037 ], [ -3.243837, 36.879417499000056 ], [ -3.237322017999929, 36.872633343000075 ], [ -3.230361, 36.871944499000051 ], [ -3.241460385999972, 36.847204181000052 ], [ -3.237666579999939, 36.83826235600003 ], [ -3.231332148999968, 36.832932662000076 ], [ -3.238922499999944, 36.821964499000046 ], [ -3.259061444999929, 36.820932992000053 ], [ -3.264792234999959, 36.817349268000044 ], [ -3.275450314999944, 36.824931410000033 ], [ -3.289120037999965, 36.829178462000073 ], [ -3.296244997999963, 36.82285394400003 ], [ -3.300666, 36.811323999000024 ], [ -3.317759, 36.822230499000057 ], [ -3.317370044999961, 36.824716745000046 ], [ -3.31504564599993, 36.826083926000024 ], [ -3.315082569999959, 36.828729839000061 ], [ -3.313703337999925, 36.830050500000027 ], [ -3.316211835999979, 36.832662149000043 ], [ -3.316643324999973, 36.840879223000059 ], [ -3.311461689999931, 36.847337308000078 ], [ -3.312303291999967, 36.850993939000034 ], [ -3.31091624499993, 36.853718713000035 ], [ -3.311519139999973, 36.85564798200005 ], [ -3.318338825999945, 36.864821623000068 ], [ -3.321793585999956, 36.865492075000077 ], [ -3.332704163999949, 36.873544260000074 ], [ -3.335721299999932, 36.877732652000077 ], [ -3.335472857999946, 36.880522486000075 ], [ -3.338862061999976, 36.882548904000032 ], [ -3.339413157999957, 36.88589453000003 ], [ -3.344554585999958, 36.886446895000063 ], [ -3.348307, 36.88874049900005 ], [ -3.33475, 36.886066499000037 ] ] ] } },
{ "type": "Feature", "properties": { "code": "18180", "name": "Trevélez" }, "geometry": { "type": "Polygon", "coordinates": [ [ [ -3.200390499999969, 37.090511499000058 ], [ -3.216782928999976, 37.069741577000059 ], [ -3.222996483999964, 37.046706251000046 ], [ -3.223332151999955, 37.032555760000037 ], [ -3.236453431999962, 37.005408706000026 ], [ -3.237698, 36.994735499000058 ], [ -3.249496, 36.977176499000052 ], [ -3.26320549999997, 36.977047499000037 ], [ -3.270924, 36.980186499000069 ], [ -3.279902, 36.992687499000056 ], [ -3.289816, 37.001918999000054 ], [ -3.304733499999941, 37.011241999000049 ], [ -3.300460457999975, 37.034542726000041 ], [ -3.310472438999966, 37.041951936000032 ], [ -3.311558499999933, 37.053394499000035 ], [ -3.289841930999955, 37.07957641400003 ], [ -3.286256431999959, 37.095721713000046 ], [ -3.279104014999973, 37.101422821000028 ], [ -3.275161181999977, 37.110327872000028 ], [ -3.270031029999927, 37.113915797000061 ], [ -3.257736, 37.114703999000028 ], [ -3.243222443999969, 37.113066358000026 ], [ -3.221566484999926, 37.096878477000075 ], [ -3.200390499999969, 37.090511499000058 ] ] ] } },
{ "type": "Feature", "properties": { "code": "18181", "name": "Turón" }, "geometry": { "type": "Polygon", "coordinates": [ [ [ -3.060755, 36.892139499000052 ], [ -3.056630499999926, 36.885055499000032 ], [ -3.050458499999934, 36.883498999000039 ], [ -3.043262, 36.879119999000068 ], [ -3.043373499999973, 36.87658699900004 ], [ -3.035747, 36.863601999000025 ], [ -3.032067499999926, 36.860942999000031 ], [ -3.030188, 36.846969499000068 ], [ -3.028999, 36.844436499000039 ], [ -3.037372, 36.835392499000079 ], [ -3.042797499999949, 36.831874999000036 ], [ -3.073945, 36.824676499000077 ], [ -3.092885366999951, 36.809915513000078 ], [ -3.140185499999973, 36.787784499000054 ], [ -3.141457, 36.790794499000071 ], [ -3.139408905999971, 36.798543989000052 ], [ -3.123633165999934, 36.815100338000036 ], [ -3.123427678999974, 36.827323627000055 ], [ -3.126934602999938, 36.836155339000072 ], [ -3.121770540999933, 36.847581373000025 ], [ -3.124013429999934, 36.855482898000048 ], [ -3.122040302999949, 36.860060683000029 ], [ -3.104795786999944, 36.861786093000035 ], [ -3.103674670999965, 36.868257665000044 ], [ -3.098792925999931, 36.873161142000072 ], [ -3.088515260999941, 36.872552512000027 ], [ -3.077698237999925, 36.884886391000066 ], [ -3.074939133999976, 36.892741587000046 ], [ -3.060755, 36.892139499000052 ] ] ] } },
{ "type": "Feature", "properties": { "code": "18182", "name": "Ugíjar" }, "geometry": { "type": "Polygon", "coordinates": [ [ [ -3.097159, 36.959541499000068 ], [ -3.092198609999969, 36.967794638000044 ], [ -3.082246448999967, 36.968962009000052 ], [ -3.067949789999943, 36.97980915200003 ], [ -3.063544122999929, 36.978468983000027 ], [ -3.061146433999966, 36.984756838000067 ], [ -3.054943499999979, 36.989162499000031 ], [ -3.034690105999971, 36.985844678000035 ], [ -3.01313734799993, 36.993382821000068 ], [ -3.010493800999939, 36.979639055000064 ], [ -3.001267583999947, 36.977873933000069 ], [ -2.986138499999925, 36.968242499000041 ], [ -2.985736376999967, 36.963251256000035 ], [ -2.990590404999978, 36.958409957000072 ], [ -3.012899405999974, 36.956405132000043 ], [ -3.027100514999972, 36.949559221000072 ], [ -3.031579419999957, 36.942780147000065 ], [ -3.032691806999935, 36.924661338000078 ], [ -3.057555692999927, 36.911883997000075 ], [ -3.065075264999962, 36.912289933000068 ], [ -3.071926, 36.919283999000072 ], [ -3.080120104999935, 36.930389736000052 ], [ -3.103368577999959, 36.914307833000066 ], [ -3.148268499999972, 36.90553649900005 ], [ -3.153608052999971, 36.918589532000055 ], [ -3.153845261999948, 36.933591611000054 ], [ -3.137502547999929, 36.933767341000078 ], [ -3.127061842999979, 36.937923172000069 ], [ -3.12065696999997, 36.936666935000062 ], [ -3.108310499999959, 36.948703999000031 ], [ -3.102592385999969, 36.949370982000062 ], [ -3.097159, 36.959541499000068 ] ] ] } },
{ "type": "Feature", "properties": { "code": "18183", "name": "Válor" }, "geometry": { "type": "Polygon", "coordinates": [ [ [ -3.054943499999979, 36.989162499000031 ], [ -3.061146433999966, 36.984756838000067 ], [ -3.063544122999929, 36.978468983000027 ], [ -3.067949789999943, 36.97980915200003 ], [ -3.082246448999967, 36.968962009000052 ], [ -3.092198609999969, 36.967794638000044 ], [ -3.097159, 36.959541499000068 ], [ -3.098017080999966, 36.967162710000025 ], [ -3.106810459999963, 36.983464770000069 ], [ -3.126163000999952, 37.001613813000063 ], [ -3.128734807999933, 37.010741024000026 ], [ -3.120086145999949, 37.047333027000036 ], [ -3.120804668999938, 37.074620854000045 ], [ -3.118443740999965, 37.082785491000038 ], [ -3.120295499999941, 37.091922999000076 ], [ -3.101098499999978, 37.101054999000041 ], [ -3.09633273999998, 37.092920547000062 ], [ -3.093825706999951, 37.076045712000052 ], [ -3.071620075999931, 37.044188834000067 ], [ -3.056897312999979, 37.012434752000047 ], [ -3.054943499999979, 36.989162499000031 ] ] ] } },
{ "type": "Feature", "properties": { "code": "18184", "name": "Vélez de Benaudalla" }, "geometry": { "type": "Polygon", "coordinates": [ [ [ -3.543834499999946, 36.811187499000027 ], [ -3.535397087999968, 36.822744777000025 ], [ -3.538316664999968, 36.847010974000057 ], [ -3.532895264999979, 36.86063389800006 ], [ -3.536979, 36.871478999000033 ], [ -3.522843178999949, 36.870249760000036 ], [ -3.511783815999934, 36.873847869000031 ], [ -3.499629856999945, 36.871972219000043 ], [ -3.484640499999955, 36.874084499000048 ], [ -3.489502314999925, 36.865923672000065 ], [ -3.488779721999947, 36.86205611500003 ], [ -3.455178387999979, 36.841604223000047 ], [ -3.434113673999946, 36.815986552000027 ], [ -3.417833499999972, 36.816680999000027 ], [ -3.428462, 36.786353999000028 ], [ -3.450768042999925, 36.78177456700007 ], [ -3.488221899999928, 36.784000189000039 ], [ -3.514992486999972, 36.778805823000027 ], [ -3.532755517999931, 36.785467820000065 ], [ -3.534297915999957, 36.792328611000073 ], [ -3.54244, 36.791866499000037 ], [ -3.539946360999977, 36.796677809000073 ], [ -3.543834499999946, 36.811187499000027 ] ] ] } },
{ "type": "Feature", "properties": { "code": "18185", "name": "Ventas de Huelma" }, "geometry": { "type": "Polygon", "coordinates": [ [ [ -3.77924, 37.091377499000032 ], [ -3.77942653599996, 37.081596930000046 ], [ -3.803850931999932, 37.073763055000029 ], [ -3.810060801999953, 37.048891900000058 ], [ -3.817554332999975, 37.045601269000031 ], [ -3.81997754899993, 37.040153544000077 ], [ -3.842246427999953, 37.031413397000051 ], [ -3.851583243999926, 37.04046481000006 ], [ -3.862004506999938, 37.04152252800003 ], [ -3.873703499999976, 37.03442749900006 ], [ -3.876375130999975, 37.050932568000064 ], [ -3.884895, 37.069667999000046 ], [ -3.86298401099998, 37.075505288000045 ], [ -3.857076715999938, 37.091778333000036 ], [ -3.845971934999966, 37.091945305000024 ], [ -3.84179680099993, 37.108430026000065 ], [ -3.831830113999956, 37.09616485500004 ], [ -3.821502616999965, 37.089500417000068 ], [ -3.811730668999928, 37.091600059000029 ], [ -3.792452284999968, 37.103393900000071 ], [ -3.787570337999966, 37.102512173000036 ], [ -3.780095499999959, 37.094814499000051 ], [ -3.77924, 37.091377499000032 ] ] ] } },
{ "type": "Feature", "properties": { "code": "18187", "name": "Villanueva de las Torres" }, "geometry": { "type": "Polygon", "coordinates": [ [ [ -3.168775081999968, 37.488605671000073 ], [ -3.171122134999962, 37.489271071000076 ], [ -3.170793020999952, 37.496363161000033 ], [ -3.159253000999968, 37.511250227000062 ], [ -3.155123781999976, 37.522349528000063 ], [ -3.140487363999966, 37.531089166000072 ], [ -3.132879611999954, 37.530498376000025 ], [ -3.142997176999927, 37.548585309000032 ], [ -3.151809604999926, 37.556572095000035 ], [ -3.150232838999955, 37.567490999000029 ], [ -3.156848499999967, 37.577945999000065 ], [ -3.118238652999935, 37.567648316000032 ], [ -3.102425346999951, 37.568775489000075 ], [ -3.084230577999961, 37.560983413000031 ], [ -3.071806488999925, 37.562205464000044 ], [ -3.070132250999961, 37.57140699100006 ], [ -3.06329, 37.579589999000063 ], [ -3.054937311999936, 37.573882830000059 ], [ -3.043331157999944, 37.57249917200005 ], [ -3.038923846999978, 37.568834251000055 ], [ -3.054599320999955, 37.55401549100003 ], [ -3.053602364999961, 37.544951494000031 ], [ -3.059540626999933, 37.534748912000055 ], [ -3.058091526999931, 37.52528579300008 ], [ -3.061857613999962, 37.520881900000063 ], [ -3.087710881999953, 37.523611084000038 ], [ -3.100564592999945, 37.519611871000052 ], [ -3.103245788999971, 37.515362371000037 ], [ -3.099843499999963, 37.506518999000036 ], [ -3.10968027499996, 37.502640534000079 ], [ -3.112647957999968, 37.48842839200006 ], [ -3.11679709699996, 37.484042418000058 ], [ -3.114026213999978, 37.475603122000052 ], [ -3.126192499999945, 37.465003999000032 ], [ -3.137631733999967, 37.472091162000027 ], [ -3.138038481999956, 37.478887590000056 ], [ -3.143842372999927, 37.488803154000038 ], [ -3.163088499999958, 37.48699349900005 ], [ -3.168775081999968, 37.488605671000073 ] ] ] } },
{ "type": "Feature", "properties": { "code": "18188", "name": "Villanueva Mesía" }, "geometry": { "type": "Polygon", "coordinates": [ [ [ -4.016787, 37.211194499000044 ], [ -4.018934499999943, 37.21367649900003 ], [ -4.021512499999972, 37.22604749900006 ], [ -4.023909, 37.225673499000038 ], [ -4.025874499999929, 37.232726999000079 ], [ -4.029721499999937, 37.236159999000051 ], [ -4.033117, 37.24033349900003 ], [ -4.033703499999945, 37.24217599900004 ], [ -4.015400345999979, 37.242155008000054 ], [ -3.990833499999951, 37.249617999000066 ], [ -3.98860302099996, 37.22704540400008 ], [ -3.995643461999975, 37.214987762000078 ], [ -3.992888910999966, 37.211166071000036 ], [ -3.987193, 37.209765999000069 ], [ -4.016787, 37.211194499000044 ] ] ] } },
{ "type": "Feature", "properties": { "code": "18189", "name": "Víznar" }, "geometry": { "type": "Polygon", "coordinates": [ [ [ -3.576864, 37.21041849900007 ], [ -3.570407, 37.219451999000057 ], [ -3.564163801999939, 37.231998098000076 ], [ -3.54868857799994, 37.238877289000072 ], [ -3.539663934999965, 37.251900954000064 ], [ -3.507525, 37.263526999000078 ], [ -3.506861411999978, 37.25218179500007 ], [ -3.533783017999951, 37.224099505000027 ], [ -3.533949, 37.216991499000073 ], [ -3.542020707999939, 37.217323634000024 ], [ -3.555582069999957, 37.223998191000078 ], [ -3.566577280999979, 37.211119216000043 ], [ -3.576864, 37.21041849900007 ] ] ] } },
{ "type": "Feature", "properties": { "code": "18192", "name": "Zafarraya" }, "geometry": { "type": "Polygon", "coordinates": [ [ [ -4.140586, 36.952473499000064 ], [ -4.16571503199998, 36.957240804000037 ], [ -4.193107, 36.980464999000048 ], [ -4.214272885999947, 36.991216662000056 ], [ -4.223368, 37.01235549900008 ], [ -4.212933499999963, 37.022647999000071 ], [ -4.205745499999978, 37.026652999000078 ], [ -4.191260499999942, 37.024966999000071 ], [ -4.182729, 37.028659499000071 ], [ -4.165955, 37.034293499000057 ], [ -4.151698, 37.033667999000045 ], [ -4.13817, 37.031497499000068 ], [ -4.089134499999943, 36.998232999000038 ], [ -4.08242649999994, 36.989201999000045 ], [ -4.07927049999995, 36.978976499000055 ], [ -4.080182499999978, 36.976192499000035 ], [ -4.089381499999945, 36.979314999000053 ], [ -4.104335, 36.976005499000053 ], [ -4.10984, 36.973743499000079 ], [ -4.133478, 36.959228499000062 ], [ -4.140586, 36.952473499000064 ] ] ] } },
{ "type": "Feature", "properties": { "code": "18193", "name": "Zubia, La" }, "geometry": { "type": "Polygon", "coordinates": [ [ [ -3.532425499999931, 37.081756499000051 ], [ -3.545058, 37.076005999000074 ], [ -3.56777759299996, 37.095464294000067 ], [ -3.590192344999934, 37.102065425000035 ], [ -3.599876, 37.116698499000051 ], [ -3.600685552999948, 37.128495049000037 ], [ -3.60775304699996, 37.133261517000051 ], [ -3.608812499999942, 37.13829049900005 ], [ -3.603642112999978, 37.136885519000032 ], [ -3.578430499999968, 37.14083849900004 ], [ -3.579197978999957, 37.135132936000048 ], [ -3.574980736999976, 37.129740497000057 ], [ -3.55784749999998, 37.119361999000034 ], [ -3.537306054999931, 37.094421117000024 ], [ -3.532425499999931, 37.081756499000051 ] ] ] } },
{ "type": "Feature", "properties": { "code": "18194", "name": "Zújar" }, "geometry": { "type": "Polygon", "coordinates": [ [ [ -2.866316, 37.494384499000034 ], [ -2.878093499999977, 37.501273999000034 ], [ -2.887679, 37.522098499000037 ], [ -2.890846, 37.531268999000076 ], [ -2.89348949999993, 37.542423499000051 ], [ -2.891748, 37.548297999000056 ], [ -2.893034, 37.559707499000069 ], [ -2.895161, 37.56150449900008 ], [ -2.906265, 37.563937999000075 ], [ -2.907030499999962, 37.567870999000036 ], [ -2.901646510999967, 37.571371948000035 ], [ -2.890606375999937, 37.572215171000039 ], [ -2.877345784999932, 37.58003622800004 ], [ -2.842284395999968, 37.581870715000036 ], [ -2.83464470399997, 37.591875125000058 ], [ -2.835874883999963, 37.596544290000054 ], [ -2.850969499999962, 37.605985521000036 ], [ -2.868413946999965, 37.624153224000054 ], [ -2.870996527999978, 37.630513921000045 ], [ -2.86764395199998, 37.641764764000072 ], [ -2.868818509999926, 37.649918921000051 ], [ -2.874603805999925, 37.661685895000062 ], [ -2.888421499999936, 37.676509999000075 ], [ -2.876611232999949, 37.688206793000063 ], [ -2.862890756999946, 37.682372335000025 ], [ -2.85303195299997, 37.665841611000076 ], [ -2.835092920999955, 37.647810893000042 ], [ -2.829943, 37.644588499000065 ], [ -2.820083555999929, 37.609330529000033 ], [ -2.796276254999952, 37.583759446000045 ], [ -2.795422576999954, 37.579458591000048 ], [ -2.799074873999928, 37.56010361500006 ], [ -2.808261300999959, 37.543828018000056 ], [ -2.801769169999943, 37.525509989000057 ], [ -2.819380559999956, 37.506213969000044 ], [ -2.845866499999943, 37.497386999000071 ], [ -2.861618, 37.496360499000048 ], [ -2.866316, 37.494384499000034 ] ] ] } },
{ "type": "Feature", "properties": { "code": "18901", "name": "Taha, La" }, "geometry": { "type": "Polygon", "coordinates": [ [ [ -3.332817, 36.975936999000055 ], [ -3.325868499999956, 36.980193999000051 ], [ -3.323271147999947, 36.961605234000046 ], [ -3.325610487999938, 36.953659165000033 ], [ -3.320753564999961, 36.941527804000032 ], [ -3.316560547999927, 36.937323262000064 ], [ -3.305447499999957, 36.936744999000041 ], [ -3.302272592999941, 36.929777589000025 ], [ -3.295518499999957, 36.924446499000055 ], [ -3.29553532999995, 36.91597560200006 ], [ -3.305147125999952, 36.919949835000068 ], [ -3.325020736999932, 36.912147499000071 ], [ -3.329641584999933, 36.893097582000053 ], [ -3.33475, 36.886066499000037 ], [ -3.348307, 36.88874049900005 ], [ -3.351961434999964, 36.898147667000046 ], [ -3.352029951999953, 36.908241786000076 ], [ -3.362137410999935, 36.914177385000073 ], [ -3.368185499999925, 36.912669999000059 ], [ -3.37328589599997, 36.919528460000038 ], [ -3.332389993999925, 36.956027168000048 ], [ -3.332817, 36.975936999000055 ] ] ] } },
{ "type": "Feature", "properties": { "code": "18902", "name": "Valle, El" }, "geometry": { "type": "Polygon", "coordinates": [ [ [ -3.594342, 36.953403499000046 ], [ -3.574786249999931, 36.940441103000069 ], [ -3.562099837999938, 36.941761176000057 ], [ -3.565847155999961, 36.929601496000032 ], [ -3.56372749999997, 36.921932499000036 ], [ -3.578246167999964, 36.901204621000034 ], [ -3.592596583999978, 36.897658496000076 ], [ -3.595193285999926, 36.887545483000054 ], [ -3.593419, 36.883445499000061 ], [ -3.608475558999942, 36.886752183000056 ], [ -3.611822, 36.891746499000078 ], [ -3.605214476999947, 36.900659870000027 ], [ -3.608171481999932, 36.917228183000077 ], [ -3.607314671999973, 36.934254915000054 ], [ -3.618566126999951, 36.947418964000065 ], [ -3.62636716399993, 36.949377213000048 ], [ -3.636873499999979, 36.964938999000026 ], [ -3.630688120999935, 36.963053667000054 ], [ -3.62398238399993, 36.965704264000067 ], [ -3.609433837999973, 36.962410446000035 ], [ -3.594342, 36.953403499000046 ] ] ] } },
{ "type": "Feature", "properties": { "code": "18903", "name": "Nevada" }, "geometry": { "type": "Polygon", "coordinates": [ [ [ -3.029572499999972, 37.113261999000031 ], [ -3.022457193999969, 37.098346527000047 ], [ -3.02401860599997, 37.086047861000054 ], [ -3.017412487999934, 37.068442056000038 ], [ -3.016383731999952, 37.053771849000043 ], [ -3.006706495999936, 37.036264029000051 ], [ -3.00518882199998, 37.024148392000029 ], [ -3.000089238999976, 37.021272133000025 ], [ -2.998276272999931, 37.013079596000068 ], [ -2.993421907999959, 37.012640779000037 ], [ -2.98330937999998, 37.005512526000075 ], [ -2.978482, 36.992667999000048 ], [ -2.977167752999947, 36.976612016000047 ], [ -2.986138499999925, 36.968242499000041 ], [ -3.001267583999947, 36.977873933000069 ], [ -3.010493800999939, 36.979639055000064 ], [ -3.01313734799993, 36.993382821000068 ], [ -3.034690105999971, 36.985844678000035 ], [ -3.054943499999979, 36.989162499000031 ], [ -3.056897312999979, 37.012434752000047 ], [ -3.071620075999931, 37.044188834000067 ], [ -3.093825706999951, 37.076045712000052 ], [ -3.09633273999998, 37.092920547000062 ], [ -3.101098499999978, 37.101054999000041 ], [ -3.074212594999949, 37.091307534000066 ], [ -3.053134277999959, 37.093354092000027 ], [ -3.033656, 37.10678099900008 ], [ -3.029572499999972, 37.113261999000031 ] ] ] } },
{ "type": "Feature", "properties": { "code": "18904", "name": "Alpujarra de la Sierra" }, "geometry": { "type": "Polygon", "coordinates": [ [ [ -3.173847, 36.973758499000041 ], [ -3.17435100199998, 36.991620802000057 ], [ -3.178535592999935, 37.008154756000067 ], [ -3.172211125999979, 37.019192342000053 ], [ -3.166983552999966, 37.03719626600008 ], [ -3.166275661999975, 37.059706202000029 ], [ -3.160694236999973, 37.073257088000048 ], [ -3.15962449999995, 37.092155499000057 ], [ -3.154307499999959, 37.094814499000051 ], [ -3.148377499999981, 37.095390499000075 ], [ -3.146193499999924, 37.094787499000063 ], [ -3.135326, 37.096610999000063 ], [ -3.130846499999961, 37.095886499000073 ], [ -3.120295499999941, 37.091922999000076 ], [ -3.118443740999965, 37.082785491000038 ], [ -3.120804668999938, 37.074620854000045 ], [ -3.120086145999949, 37.047333027000036 ], [ -3.128734807999933, 37.010741024000026 ], [ -3.126163000999952, 37.001613813000063 ], [ -3.106810459999963, 36.983464770000069 ], [ -3.098017080999966, 36.967162710000025 ], [ -3.097159, 36.959541499000068 ], [ -3.102592385999969, 36.949370982000062 ], [ -3.108310499999959, 36.948703999000031 ], [ -3.124404316999971, 36.968610377000061 ], [ -3.135800965999977, 36.960273167000025 ], [ -3.143870653999954, 36.963676331000045 ], [ -3.158053510999935, 36.953798992000031 ], [ -3.173847, 36.973758499000041 ] ] ] } },
{ "type": "Feature", "properties": { "code": "18905", "name": "Gabias, Las" }, "geometry": { "type": "Polygon", "coordinates": [ [ [ -3.65797, 37.148536499000045 ], [ -3.645354552999947, 37.139402181000037 ], [ -3.637274499999933, 37.128783999000063 ], [ -3.645179321999933, 37.121385973000031 ], [ -3.658421714999974, 37.119738688000041 ], [ -3.669692667999925, 37.109205879000058 ], [ -3.687387, 37.109061999000062 ], [ -3.698659699999951, 37.112762514000053 ], [ -3.708547646999932, 37.111116250000066 ], [ -3.71392900099994, 37.114844475000041 ], [ -3.727834566999945, 37.117599776000077 ], [ -3.757032, 37.118064999000069 ], [ -3.750663, 37.124965499000041 ], [ -3.752161, 37.127353499000037 ], [ -3.749673, 37.130813499000055 ], [ -3.745491, 37.139445999000031 ], [ -3.745287, 37.143966499000044 ], [ -3.739525499999957, 37.149288999000078 ], [ -3.715396375999944, 37.153410572000041 ], [ -3.70418449999994, 37.159438999000031 ], [ -3.697371504999978, 37.155734452000047 ], [ -3.686534664999954, 37.158894356000076 ], [ -3.666722032999928, 37.148920057000055 ], [ -3.65797, 37.148536499000045 ] ] ] } },
{ "type": "Feature", "properties": { "code": "18906", "name": "Guájares, Los" }, "geometry": { "type": "Polygon", "coordinates": [ [ [ -3.641969, 36.824733999000046 ], [ -3.646789, 36.82485949900007 ], [ -3.649562499999945, 36.826450499000032 ], [ -3.653096499999947, 36.826594999000065 ], [ -3.657330385999956, 36.832867083000053 ], [ -3.656210378999958, 36.84039806100003 ], [ -3.668636817999925, 36.856002982000064 ], [ -3.669829665999941, 36.862147428000071 ], [ -3.680435, 36.870929499000056 ], [ -3.677393750999954, 36.878305985000054 ], [ -3.680466193999962, 36.885686071000066 ], [ -3.659379940999941, 36.897166479000077 ], [ -3.644320612999934, 36.894793426000035 ], [ -3.63535066299994, 36.896871050000073 ], [ -3.611822, 36.891746499000078 ], [ -3.608475558999942, 36.886752183000056 ], [ -3.593419, 36.883445499000061 ], [ -3.585402172999977, 36.877435608000042 ], [ -3.569844642999954, 36.873601504000078 ], [ -3.56763849999993, 36.867535298000064 ], [ -3.552620197999943, 36.871746151000025 ], [ -3.548798581999961, 36.876175280000041 ], [ -3.536979, 36.871478999000033 ], [ -3.532895264999979, 36.86063389800006 ], [ -3.538316664999968, 36.847010974000057 ], [ -3.535397087999968, 36.822744777000025 ], [ -3.543834499999946, 36.811187499000027 ], [ -3.559872514999938, 36.801234457000078 ], [ -3.565711, 36.801143499000034 ], [ -3.57378049099998, 36.80710005800006 ], [ -3.588363175999973, 36.809712861000037 ], [ -3.604984612999942, 36.818481779000024 ], [ -3.614969499999972, 36.819621999000049 ], [ -3.620768, 36.825073499000041 ], [ -3.627515499999959, 36.82757949900008 ], [ -3.636041, 36.825252499000044 ], [ -3.641969, 36.824733999000046 ] ] ] } },
{ "type": "Feature", "properties": { "code": "18907", "name": "Valle del Zalabí" }, "geometry": { "type": "Polygon", "coordinates": [ [ [ -3.119526499999949, 37.232997999000077 ], [ -3.12739303099994, 37.238373290000027 ], [ -3.133695499999931, 37.25041599900004 ], [ -3.126413560999936, 37.25855993600004 ], [ -3.126456524999981, 37.270805821000067 ], [ -3.124129374999939, 37.273288664000063 ], [ -3.091694835999931, 37.279326563000041 ], [ -3.076591003999965, 37.290420873000073 ], [ -3.055462872999954, 37.298187977000055 ], [ -3.035228223999979, 37.30194657900006 ], [ -2.997935823999967, 37.321414761000028 ], [ -2.983149499999968, 37.324260999000046 ], [ -2.963890649999939, 37.32459252600006 ], [ -2.94805301699995, 37.31674010100005 ], [ -2.91667255599998, 37.322384499000066 ], [ -2.902389312999958, 37.316394848000073 ], [ -2.892610115999958, 37.308700399000031 ], [ -2.867286499999977, 37.303371499000036 ], [ -2.87192646699998, 37.29334687100004 ], [ -2.89237695199995, 37.280383192000045 ], [ -2.904518499999938, 37.264495999000076 ], [ -2.926977, 37.261329499000055 ], [ -2.925274344999934, 37.266285785000036 ], [ -2.941202372999953, 37.276143398000045 ], [ -2.947091761999957, 37.270446048000053 ], [ -2.95539746399993, 37.268446356000027 ], [ -2.964892728999928, 37.272418808000054 ], [ -2.980431499999952, 37.27179699900006 ], [ -2.982911760999968, 37.274137664000079 ], [ -3.015317308999954, 37.275354790000051 ], [ -3.029053499999975, 37.262935499000037 ], [ -3.056778485999928, 37.256781982000064 ], [ -3.07172608999997, 37.246668424000063 ], [ -3.086664, 37.242439499000056 ], [ -3.094646499999953, 37.242763499000034 ], [ -3.103926361999925, 37.239497259000075 ], [ -3.113022499999943, 37.224479999000039 ], [ -3.116067, 37.226394499000037 ], [ -3.112651049999954, 37.23396410600003 ], [ -3.119526499999949, 37.232997999000077 ] ] ] } },
{ "type": "Feature", "properties": { "code": "18908", "name": "Villamena" }, "geometry": { "type": "Polygon", "coordinates": [ [ [ -3.594342, 36.953403499000046 ], [ -3.609433837999973, 36.962410446000035 ], [ -3.62398238399993, 36.965704264000067 ], [ -3.630688120999935, 36.963053667000054 ], [ -3.636873499999979, 36.964938999000026 ], [ -3.639114508999967, 36.969128897000076 ], [ -3.637809768999944, 36.97873928000007 ], [ -3.62841, 36.992927499000075 ], [ -3.621442287999969, 36.995273471000075 ], [ -3.606298274999972, 36.994263040000078 ], [ -3.603235499999926, 37.000118999000051 ], [ -3.589231499999926, 36.998189869000043 ], [ -3.583171718999949, 36.993707963000077 ], [ -3.581823045999954, 36.988626697000029 ], [ -3.586841639999932, 36.98170149300006 ], [ -3.582299444999933, 36.977749561000053 ], [ -3.583829666999975, 36.972201704000042 ], [ -3.573492, 36.964980999000034 ], [ -3.572243499999956, 36.963103999000055 ], [ -3.580294983999977, 36.950604247000058 ], [ -3.594342, 36.953403499000046 ] ] ] } },
{ "type": "Feature", "properties": { "code": "18909", "name": "Morelábor" }, "geometry": { "type": "Polygon", "coordinates": [ [ [ -3.26381, 37.440191999000035 ], [ -3.267990729999951, 37.435436054000036 ], [ -3.284573295999962, 37.435536064000075 ], [ -3.289477828999964, 37.421421807000058 ], [ -3.309255914999937, 37.419486013000039 ], [ -3.308623102999945, 37.412446249000027 ], [ -3.31519650499996, 37.39844187500006 ], [ -3.321562206999943, 37.39449589600008 ], [ -3.324601499999972, 37.38136649900008 ], [ -3.335605499999929, 37.381885499000077 ], [ -3.339168499999971, 37.387572999000042 ], [ -3.341433499999937, 37.386923499000034 ], [ -3.334075069999926, 37.396896094000056 ], [ -3.341296100999955, 37.423323187000051 ], [ -3.348290922999979, 37.432259525000063 ], [ -3.34576505299998, 37.44006392700004 ], [ -3.348022213999968, 37.451685948000033 ], [ -3.335930950999966, 37.456386056000042 ], [ -3.34166, 37.463820499000065 ], [ -3.333737547999931, 37.466159963000052 ], [ -3.328578701999959, 37.462439493000034 ], [ -3.313518207999948, 37.46248612800008 ], [ -3.295090866999942, 37.471413624000036 ], [ -3.26792, 37.455604999000059 ], [ -3.265603, 37.452688999000031 ], [ -3.264412499999935, 37.448586499000044 ], [ -3.267920499999946, 37.44293299900005 ], [ -3.26381, 37.440191999000035 ] ] ] } },
{ "type": "Feature", "properties": { "code": "18910", "name": "Pinar, El" }, "geometry": { "type": "Polygon", "coordinates": [ [ [ -3.536979, 36.871478999000033 ], [ -3.548798581999961, 36.876175280000041 ], [ -3.552620197999943, 36.871746151000025 ], [ -3.56763849999993, 36.867535298000064 ], [ -3.569844642999954, 36.873601504000078 ], [ -3.585402172999977, 36.877435608000042 ], [ -3.593419, 36.883445499000061 ], [ -3.595193285999926, 36.887545483000054 ], [ -3.592596583999978, 36.897658496000076 ], [ -3.578246167999964, 36.901204621000034 ], [ -3.56372749999997, 36.921932499000036 ], [ -3.558796609999945, 36.923996541000065 ], [ -3.545928120999974, 36.919249328000035 ], [ -3.531102274999967, 36.905127794000066 ], [ -3.527570761999925, 36.912093737000077 ], [ -3.525267607999979, 36.933187879000059 ], [ -3.513569351999934, 36.937108060000071 ], [ -3.508701, 36.932288999000036 ], [ -3.508748049999951, 36.922308924000049 ], [ -3.523519685999929, 36.900245288000065 ], [ -3.520222690999958, 36.898350808000032 ], [ -3.513469363999945, 36.900103797000043 ], [ -3.50607026299997, 36.896435292000035 ], [ -3.486214883999935, 36.879255489000059 ], [ -3.484640499999955, 36.874084499000048 ], [ -3.499629856999945, 36.871972219000043 ], [ -3.511783815999934, 36.873847869000031 ], [ -3.522843178999949, 36.870249760000036 ], [ -3.536979, 36.871478999000033 ] ] ] } },
{ "type": "Feature", "properties": { "code": "18911", "name": "Vegas del Genil" }, "geometry": { "type": "Polygon", "coordinates": [ [ [ -3.660326, 37.163009499000054 ], [ -3.669126176999953, 37.16157686400004 ], [ -3.674057900999969, 37.164864961000035 ], [ -3.688507134999952, 37.166825410000058 ], [ -3.693828325999959, 37.163125020000052 ], [ -3.704637913999932, 37.163296334000052 ], [ -3.70418449999994, 37.159438999000031 ], [ -3.715396375999944, 37.153410572000041 ], [ -3.739525499999957, 37.149288999000078 ], [ -3.719521763999978, 37.170273018000046 ], [ -3.706934792999959, 37.173763774000065 ], [ -3.698919, 37.18815199900007 ], [ -3.657475139999974, 37.17841651100008 ], [ -3.652678657999957, 37.173867320000056 ], [ -3.657053814999927, 37.171103898000069 ], [ -3.654979, 37.164741499000058 ], [ -3.660326, 37.163009499000054 ] ] ] } },
{ "type": "Feature", "properties": { "code": "18912", "name": "Cuevas del Campo" }, "geometry": { "type": "Polygon", "coordinates": [ [ [ -2.97818, 37.602767999000037 ], [ -2.977151374999949, 37.606164320000062 ], [ -2.982262292999962, 37.613588639000056 ], [ -2.97511013999997, 37.622026324000046 ], [ -2.976313119999929, 37.634299333000058 ], [ -2.905143344999942, 37.664349671000025 ], [ -2.888421499999936, 37.676509999000075 ], [ -2.874603805999925, 37.661685895000062 ], [ -2.868818509999926, 37.649918921000051 ], [ -2.86764395199998, 37.641764764000072 ], [ -2.870996527999978, 37.630513921000045 ], [ -2.868413946999965, 37.624153224000054 ], [ -2.850969499999962, 37.605985521000036 ], [ -2.835874883999963, 37.596544290000054 ], [ -2.83464470399997, 37.591875125000058 ], [ -2.842284395999968, 37.581870715000036 ], [ -2.877345784999932, 37.58003622800004 ], [ -2.890606375999937, 37.572215171000039 ], [ -2.901646510999967, 37.571371948000035 ], [ -2.907030499999962, 37.567870999000036 ], [ -2.919290961999934, 37.566488906000075 ], [ -2.924647170999947, 37.570278391000045 ], [ -2.935306546999925, 37.570684241000038 ], [ -2.946849481999948, 37.560347196000066 ], [ -2.95523, 37.561172499000065 ], [ -2.955022, 37.566986499000052 ], [ -2.962794, 37.581176999000036 ], [ -2.975579332999928, 37.59194971800008 ], [ -2.97818, 37.602767999000037 ] ] ] } },
{ "type": "Feature", "properties": { "code": "18913", "name": "Zagra" }, "geometry": { "type": "Polygon", "coordinates": [ [ [ -4.198413, 37.257064999000079 ], [ -4.187473229999966, 37.260217370000078 ], [ -4.181671287999961, 37.266979938000077 ], [ -4.16753, 37.274211999000045 ], [ -4.160317925999948, 37.270435988000031 ], [ -4.155488239999954, 37.263689645000056 ], [ -4.158785196999929, 37.244568401000038 ], [ -4.164625882999928, 37.238708689000077 ], [ -4.163434962999929, 37.235515120000059 ], [ -4.171655044999966, 37.230478919000063 ], [ -4.194120658999964, 37.244815516000074 ], [ -4.198413, 37.257064999000079 ] ] ] } },
{ "type": "Feature", "properties": { "code": "18914", "name": "Valderrubio" }, "geometry": { "type": "Polygon", "coordinates": [ [ [ -3.833854499999973, 37.24993549900006 ], [ -3.817920360999949, 37.252412847000073 ], [ -3.81288875499996, 37.245218991000058 ], [ -3.815509773999963, 37.238366427000074 ], [ -3.81043757599997, 37.231837278000057 ], [ -3.813827647999972, 37.224336743000038 ], [ -3.822056733999943, 37.216389078000077 ], [ -3.82417849999996, 37.220961999000053 ], [ -3.832388987999934, 37.232923504000041 ], [ -3.833854499999973, 37.24993549900006 ] ] ] } },
{ "type": "Feature", "properties": { "code": "18915", "name": "Domingo Pérez de Granada" }, "geometry": { "type": "Polygon", "coordinates": [ [ [ -3.544026499999973, 37.472601999000062 ], [ -3.532198841999957, 37.47844884400007 ], [ -3.532482805999962, 37.481743542000061 ], [ -3.554025371999955, 37.506747912000037 ], [ -3.567031, 37.511067499000035 ], [ -3.565808097999934, 37.523623455000063 ], [ -3.569658634999939, 37.530034980000039 ], [ -3.568293499999925, 37.533172499000045 ], [ -3.554541941999958, 37.521950038000057 ], [ -3.540235153999959, 37.514927141000044 ], [ -3.520431317999964, 37.514765619000059 ], [ -3.511648168999955, 37.510303786000065 ], [ -3.492985612999973, 37.513055965000035 ], [ -3.480563475999929, 37.51900069800007 ], [ -3.475925270999937, 37.524916990000065 ], [ -3.475485, 37.540916499000048 ], [ -3.47164259799996, 37.531551088000072 ], [ -3.460973932999934, 37.527370363000045 ], [ -3.468025197999964, 37.521149353000055 ], [ -3.466829049999944, 37.514711347000059 ], [ -3.46914904099998, 37.511239881000051 ], [ -3.458249810999973, 37.499626488000047 ], [ -3.463430001999939, 37.480229197000028 ], [ -3.470065, 37.472694499000056 ], [ -3.479674329999966, 37.467304583000043 ], [ -3.48080996799996, 37.453214626000033 ], [ -3.487792499999955, 37.452754999000035 ], [ -3.494152422999946, 37.457239221000066 ], [ -3.508152780999978, 37.45322585100007 ], [ -3.536125970999933, 37.453757979000045 ], [ -3.540350940999929, 37.461486944000058 ], [ -3.539355753999928, 37.466594138000062 ], [ -3.544026499999973, 37.472601999000062 ] ] ] } },
{ "type": "Feature", "properties": { "code": "18916", "name": "Torrenueva Costa" }, "geometry": { "type": "Polygon", "coordinates": [ [ [ -3.464773499999978, 36.694648999000037 ], [ -3.480931415999976, 36.697433962000048 ], [ -3.500658499999929, 36.71093249900008 ], [ -3.492520576999937, 36.722693079000067 ], [ -3.482393669999965, 36.719061526000075 ], [ -3.474936512999932, 36.719825664000041 ], [ -3.464304660999971, 36.709105672000078 ], [ -3.464773499999978, 36.694648999000037 ] ] ] } },
{ "type": "Feature", "properties": { "code": "18001", "name": "Agrón" }, "geometry": { "type": "Polygon", "coordinates": [ [ [ -3.81127, 36.99355299900003 ], [ -3.818622064999943, 36.994650173000025 ], [ -3.823276076999946, 37.001649066000027 ], [ -3.838515513999937, 37.001777115000039 ], [ -3.845530010999937, 37.006399745000067 ], [ -3.855793080999945, 37.008217458000047 ], [ -3.872087499999964, 37.02496349900008 ], [ -3.873703499999976, 37.03442749900006 ], [ -3.862004506999938, 37.04152252800003 ], [ -3.851583243999926, 37.04046481000006 ], [ -3.842246427999953, 37.031413397000051 ], [ -3.828706, 37.036594499000046 ], [ -3.825772486999938, 37.026930316000062 ], [ -3.817982699999959, 37.016106180000065 ], [ -3.785340847999976, 37.019610825000029 ], [ -3.765582499999937, 37.016769499000077 ], [ -3.768882598999937, 37.006363840000063 ], [ -3.774679465999952, 36.998992061000024 ], [ -3.77132649999993, 36.988761999000076 ], [ -3.81127, 36.99355299900003 ] ] ] } },
{ "type": "Feature", "properties": { "code": "18002", "name": "Alamedilla" }, "geometry": { "type": "Polygon", "coordinates": [ [ [ -3.168775081999968, 37.624265976000061 ], [ -3.19948882999995, 37.625538279000068 ], [ -3.212516766999954, 37.620563746000073 ], [ -3.216189597999971, 37.615149856000073 ], [ -3.208495330999938, 37.608319327000061 ], [ -3.177575471999944, 37.606653737000045 ], [ -3.168775081999968, 37.593673024000054 ], [ -3.161607906999961, 37.591526473000044 ], [ -3.159577, 37.587910499000031 ], [ -3.17338497999998, 37.576328047000061 ], [ -3.214985645999946, 37.571911214000068 ], [ -3.238965588999974, 37.552349100000072 ], [ -3.270487365999941, 37.544885873000055 ], [ -3.275125178999929, 37.534232072000066 ], [ -3.292659564999951, 37.522059023000054 ], [ -3.302478, 37.52589049900007 ], [ -3.299182757999972, 37.537830211000028 ], [ -3.309826876999978, 37.547926853000035 ], [ -3.311284484999931, 37.569969169000046 ], [ -3.291254434999928, 37.594478202000062 ], [ -3.286739291999936, 37.606503985000074 ], [ -3.263588499999969, 37.631282499000065 ], [ -3.239137225999968, 37.630629512000041 ], [ -3.210658241999965, 37.638953767000032 ], [ -3.177755280999975, 37.639889177000043 ], [ -3.153970499999957, 37.62678549900005 ], [ -3.162122360999945, 37.623990390000074 ], [ -3.168775081999968, 37.624265976000061 ] ] ] } },
{ "type": "Feature", "properties": { "code": "18003", "name": "Albolote" }, "geometry": { "type": "Polygon", "coordinates": [ [ [ -3.661469, 37.210220499000059 ], [ -3.669699210999966, 37.214270117000069 ], [ -3.670031946999927, 37.220118502000048 ], [ -3.687493591999953, 37.242304460000071 ], [ -3.698954556999979, 37.246010671000079 ], [ -3.696120353999959, 37.254764864000038 ], [ -3.672197145999974, 37.278290761000051 ], [ -3.673240016999955, 37.291908615000068 ], [ -3.680133931999933, 37.29541131700006 ], [ -3.685220276999928, 37.30523966800007 ], [ -3.700170727999932, 37.302692828000033 ], [ -3.705180499999926, 37.305297999000061 ], [ -3.706733997999947, 37.312115774000063 ], [ -3.704476694999926, 37.31668026300008 ], [ -3.693861092999953, 37.320852341000034 ], [ -3.675532854999972, 37.321111242000029 ], [ -3.683433827999977, 37.348436149000065 ], [ -3.678902368999957, 37.355255303000035 ], [ -3.672094124999944, 37.358258029000069 ], [ -3.67197411099994, 37.365405218000035 ], [ -3.663170517999959, 37.37245609100006 ], [ -3.663466878999941, 37.385760066000046 ], [ -3.647639499999968, 37.399688499000035 ], [ -3.641468389999943, 37.399468643000034 ], [ -3.634683499999937, 37.392116499000053 ], [ -3.639381130999936, 37.389972226000054 ], [ -3.639167464999957, 37.380944904000046 ], [ -3.620185363999951, 37.35623307000003 ], [ -3.628650923999942, 37.336612243000047 ], [ -3.627631, 37.316920999000047 ], [ -3.62850943799998, 37.310744385000078 ], [ -3.638209077999932, 37.304785521000042 ], [ -3.638466, 37.301112499000055 ], [ -3.646940993999976, 37.279222249000043 ], [ -3.645632238999951, 37.269910034000077 ], [ -3.640639, 37.263351499000066 ], [ -3.638299733999929, 37.256398524000076 ], [ -3.643637273999957, 37.249906988000077 ], [ -3.647348058999967, 37.238266768000074 ], [ -3.643220275999965, 37.233960291000074 ], [ -3.643768549999947, 37.228820875000054 ], [ -3.637759168999935, 37.222854817000041 ], [ -3.638635, 37.21938349900006 ], [ -3.661469, 37.210220499000059 ] ] ] } },
{ "type": "Feature", "properties": { "code": "18004", "name": "Albondón" }, "geometry": { "type": "Polygon", "coordinates": [ [ [ -3.238922499999944, 36.821964499000046 ], [ -3.231332148999968, 36.832932662000076 ], [ -3.237666579999939, 36.83826235600003 ], [ -3.241460385999972, 36.847204181000052 ], [ -3.230361, 36.871944499000051 ], [ -3.219415291999951, 36.86965940500005 ], [ -3.204666499999973, 36.876361999000039 ], [ -3.192708499999981, 36.878322499000035 ], [ -3.179923404999954, 36.859214554000062 ], [ -3.173772605999943, 36.854467815000078 ], [ -3.169586, 36.834712999000033 ], [ -3.178660215999969, 36.83348016900004 ], [ -3.187448015999962, 36.812348343000053 ], [ -3.227568330999929, 36.811355742000046 ], [ -3.23456049999993, 36.814182499000026 ], [ -3.238922499999944, 36.821964499000046 ] ] ] } },
{ "type": "Feature", "properties": { "code": "18005", "name": "Albuñán" }, "geometry": { "type": "Polygon", "coordinates": [ [ [ -3.119526499999949, 37.232997999000077 ], [ -3.152880499999981, 37.207694999000068 ], [ -3.149615, 37.260898499000064 ], [ -3.137703220999924, 37.24907687700005 ], [ -3.133695499999931, 37.25041599900004 ], [ -3.12739303099994, 37.238373290000027 ], [ -3.119526499999949, 37.232997999000077 ] ] ] } },
{ "type": "Feature", "properties": { "code": "18006", "name": "Albuñol" }, "geometry": { "type": "Polygon", "coordinates": [ [ [ -3.140185499999973, 36.787784499000054 ], [ -3.134920331999979, 36.780955883000047 ], [ -3.136462136999967, 36.766183510000076 ], [ -3.128691, 36.750887999000042 ], [ -3.146399229999929, 36.745481079000058 ], [ -3.168775081999968, 36.745831108000061 ], [ -3.175207910999973, 36.748522397000045 ], [ -3.200043791999974, 36.750053559000037 ], [ -3.212328293999974, 36.745723565000048 ], [ -3.227530312999932, 36.750729985000078 ], [ -3.233345, 36.750098999000045 ], [ -3.237286384999948, 36.770931846000053 ], [ -3.23467725699993, 36.786539727000047 ], [ -3.236574370999961, 36.79661799400003 ], [ -3.241993568999931, 36.802138237000065 ], [ -3.240585009999961, 36.809460958000045 ], [ -3.23456049999993, 36.814182499000026 ], [ -3.227568330999929, 36.811355742000046 ], [ -3.187448015999962, 36.812348343000053 ], [ -3.178660215999969, 36.83348016900004 ], [ -3.169586, 36.834712999000033 ], [ -3.167515804999937, 36.818389726000078 ], [ -3.156100587999958, 36.795954339000048 ], [ -3.141457, 36.790794499000071 ], [ -3.140185499999973, 36.787784499000054 ] ] ] } },
{ "type": "Feature", "properties": { "code": "18007", "name": "Albuñuelas" }, "geometry": { "type": "Polygon", "coordinates": [ [ [ -3.767413499999975, 36.883292999000048 ], [ -3.76918274999997, 36.889682821000065 ], [ -3.75673255199996, 36.906385236000062 ], [ -3.758496527999966, 36.918916073000048 ], [ -3.752087866999943, 36.935926305000066 ], [ -3.748189199999956, 36.966951151000046 ], [ -3.744034499999941, 36.973113999000077 ], [ -3.720229410999934, 36.969868852000047 ], [ -3.700577881999948, 36.988285136000059 ], [ -3.673314036999955, 36.981225967000057 ], [ -3.66022535999997, 36.992916134000041 ], [ -3.650891716999979, 36.996663776000048 ], [ -3.640292131999956, 36.997581593000064 ], [ -3.62841, 36.992927499000075 ], [ -3.637809768999944, 36.97873928000007 ], [ -3.639114508999967, 36.969128897000076 ], [ -3.62636716399993, 36.949377213000048 ], [ -3.618566126999951, 36.947418964000065 ], [ -3.607314671999973, 36.934254915000054 ], [ -3.608171481999932, 36.917228183000077 ], [ -3.605214476999947, 36.900659870000027 ], [ -3.611822, 36.891746499000078 ], [ -3.63535066299994, 36.896871050000073 ], [ -3.644320612999934, 36.894793426000035 ], [ -3.659379940999941, 36.897166479000077 ], [ -3.680466193999962, 36.885686071000066 ], [ -3.677393750999954, 36.878305985000054 ], [ -3.680435, 36.870929499000056 ], [ -3.689443860999972, 36.864611072000059 ], [ -3.701577725999925, 36.861759103000054 ], [ -3.705128241999944, 36.862882365000075 ], [ -3.70713776599996, 36.867754301000048 ], [ -3.763365868999927, 36.87512778100006 ], [ -3.767413499999975, 36.883292999000048 ] ] ] } },
{ "type": "Feature", "properties": { "code": "18010", "name": "Aldeire" }, "geometry": { "type": "MultiPolygon", "coordinates": [ [ [ [ -3.029053499999975, 37.262935499000037 ], [ -3.056084294999948, 37.216838247000055 ], [ -3.060551718999932, 37.204680551000024 ], [ -3.065519708999943, 37.205182081000032 ], [ -3.068528730999958, 37.20074463900005 ], [ -3.082769611999936, 37.22573931200003 ], [ -3.086664, 37.242439499000056 ], [ -3.07172608999997, 37.246668424000063 ], [ -3.056778485999928, 37.256781982000064 ], [ -3.029053499999975, 37.262935499000037 ] ] ], [ [ [ -3.051730499999962, 37.157214999000075 ], [ -3.046987811999941, 37.145663252000077 ], [ -3.049047305999977, 37.137373255000057 ], [ -3.046386064999979, 37.123960941000064 ], [ -3.050495181999963, 37.11688629300005 ], [ -3.041272, 37.101737999000079 ], [ -3.053134277999959, 37.093354092000027 ], [ -3.074212594999949, 37.091307534000066 ], [ -3.101098499999978, 37.101054999000041 ], [ -3.114032, 37.094623499000079 ], [ -3.121687475999977, 37.125811690000035 ], [ -3.120263229999978, 37.133327476000034 ], [ -3.10654349999993, 37.155326999000067 ], [ -3.096102213999927, 37.15871472200007 ], [ -3.095874465999941, 37.167628679000074 ], [ -3.101528547999976, 37.181671480000034 ], [ -3.096863, 37.213134499000034 ], [ -3.080027496999946, 37.180577955000047 ], [ -3.073769375999973, 37.176092771000071 ], [ -3.066546015999961, 37.177470282000058 ], [ -3.059280116999957, 37.160575259000041 ], [ -3.051730499999962, 37.157214999000075 ] ] ] ] } },
{ "type": "Feature", "properties": { "code": "18011", "name": "Alfacar" }, "geometry": { "type": "Polygon", "coordinates": [ [ [ -3.587858499999925, 37.243201999000064 ], [ -3.548289564999948, 37.26320237200008 ], [ -3.506447, 37.275935999000069 ], [ -3.508455383999944, 37.272524857000064 ], [ -3.505352200999937, 37.266355250000061 ], [ -3.507525, 37.263526999000078 ], [ -3.539663934999965, 37.251900954000064 ], [ -3.54868857799994, 37.238877289000072 ], [ -3.564163801999939, 37.231998098000076 ], [ -3.570407, 37.219451999000057 ], [ -3.583644895999953, 37.22065804600004 ], [ -3.591458, 37.227397999000061 ], [ -3.596685, 37.238334499000075 ], [ -3.589269962999936, 37.240109401000041 ], [ -3.587858499999925, 37.243201999000064 ] ] ] } },
{ "type": "Feature", "properties": { "code": "18012", "name": "Algarinejo" }, "geometry": { "type": "Polygon", "coordinates": [ [ [ -4.161986499999955, 37.341964999000027 ], [ -4.145374247999939, 37.334371451000038 ], [ -4.133724667999957, 37.317318686000078 ], [ -4.111427068999944, 37.300288640000076 ], [ -4.107515499999977, 37.292850499000053 ], [ -4.125891457999955, 37.28348795800008 ], [ -4.130116931999964, 37.27811620600005 ], [ -4.154713121999976, 37.278242796000029 ], [ -4.16753, 37.274211999000045 ], [ -4.181671287999961, 37.266979938000077 ], [ -4.187473229999966, 37.260217370000078 ], [ -4.198413, 37.257064999000079 ], [ -4.225136635999945, 37.246243236000055 ], [ -4.234908443999927, 37.251049715000079 ], [ -4.245330892999959, 37.248359262000065 ], [ -4.253389604999938, 37.252194066000072 ], [ -4.258722499999976, 37.25155649900006 ], [ -4.262336561999973, 37.260165526000037 ], [ -4.248166969999943, 37.269918244000053 ], [ -4.23679853699997, 37.297833789000038 ], [ -4.235559701999932, 37.312590992000025 ], [ -4.239139, 37.327709499000036 ], [ -4.236482773999967, 37.335189855000067 ], [ -4.226058179999939, 37.338819790000059 ], [ -4.20786482099993, 37.352508810000074 ], [ -4.173863666999978, 37.348514115000057 ], [ -4.161986499999955, 37.341964999000027 ] ] ] } },
{ "type": "Feature", "properties": { "code": "18013", "name": "Alhama de Granada" }, "geometry": { "type": "MultiPolygon", "coordinates": [ [ [ [ -3.90611, 36.915397999000049 ], [ -3.903938962999973, 36.890203882000037 ], [ -3.889037508999934, 36.87840226600008 ], [ -3.870245956999952, 36.875310546000037 ], [ -3.849634979999962, 36.87437112200007 ], [ -3.838643911999952, 36.88872867200007 ], [ -3.818905923999978, 36.883980906000033 ], [ -3.817393049999964, 36.89058030700005 ], [ -3.829077499999926, 36.907566999000039 ], [ -3.825585848999935, 36.909379976000025 ], [ -3.819767510999952, 36.907027576000075 ], [ -3.806661381999959, 36.89145540700008 ], [ -3.80433775399996, 36.883435990000066 ], [ -3.77997449999998, 36.867046499000026 ], [ -3.794630902999927, 36.858703294000065 ], [ -3.808387232999962, 36.858094031000064 ], [ -3.815335, 36.846862499000054 ], [ -3.82831321599997, 36.855744370000025 ], [ -3.842118077999942, 36.85766323200005 ], [ -3.85869873799993, 36.851829441000064 ], [ -3.870431613999926, 36.851526079000053 ], [ -3.881995717999928, 36.858153519000041 ], [ -3.889502387999926, 36.866509577000045 ], [ -3.918351432999941, 36.868705994000038 ], [ -3.922434499999952, 36.873722499000053 ], [ -3.924907438999981, 36.879257926000037 ], [ -3.930797759999962, 36.88294017100003 ], [ -3.969673976999957, 36.891579484000033 ], [ -3.99089349999997, 36.89157349900006 ], [ -4.000219517999938, 36.890462281000055 ], [ -4.018137820999925, 36.899607267000079 ], [ -4.035443619999967, 36.904273052000065 ], [ -4.043671, 36.903286999000045 ], [ -4.049186499999962, 36.906085499000028 ], [ -4.053790499999934, 36.914989499000058 ], [ -4.055841499999929, 36.91492099900006 ], [ -4.061237, 36.919899499000053 ], [ -4.065667499999961, 36.920643999000049 ], [ -4.073436, 36.925888999000051 ], [ -4.081641499999932, 36.930034499000044 ], [ -4.086614, 36.930108999000026 ], [ -4.089961499999959, 36.932148999000049 ], [ -4.098617499999932, 36.942571499000053 ], [ -4.099727499999972, 36.952721499000063 ], [ -4.111363, 36.949659499000063 ], [ -4.140586, 36.952473499000064 ], [ -4.133478, 36.959228499000062 ], [ -4.10984, 36.973743499000079 ], [ -4.104335, 36.976005499000053 ], [ -4.089381499999945, 36.979314999000053 ], [ -4.080182499999978, 36.976192499000035 ], [ -4.07927049999995, 36.978976499000055 ], [ -4.08242649999994, 36.989201999000045 ], [ -4.089134499999943, 36.998232999000038 ], [ -4.13817, 37.031497499000068 ], [ -4.151698, 37.033667999000045 ], [ -4.165955, 37.034293499000057 ], [ -4.182729, 37.028659499000071 ], [ -4.183794502999945, 37.037602321000065 ], [ -4.179877788999931, 37.050943115000052 ], [ -4.137005048999981, 37.067212605000066 ], [ -4.086947582999926, 37.079512849000025 ], [ -4.080519385999935, 37.084901456000068 ], [ -4.022458256999926, 37.099867926000059 ], [ -4.013656657999945, 37.098434977000068 ], [ -3.994267922999938, 37.117625869000051 ], [ -3.982977099999971, 37.118681997000067 ], [ -3.982089702999929, 37.131611259000067 ], [ -3.975813143999972, 37.147835047000058 ], [ -3.967868, 37.15461749900004 ], [ -3.965094499999964, 37.154388499000049 ], [ -3.95591671699998, 37.146384793000038 ], [ -3.957126943999981, 37.133163262000039 ], [ -3.938379980999969, 37.110152128000038 ], [ -3.938094640999964, 37.099540477000062 ], [ -3.934022221999953, 37.09398013100008 ], [ -3.927241799999933, 37.056554392000066 ], [ -3.927039135999962, 37.044117824000068 ], [ -3.921057022999946, 37.029233420000025 ], [ -3.903755901999943, 37.020890856000051 ], [ -3.900228177999963, 37.022835180000072 ], [ -3.903826894999952, 37.026013785000032 ], [ -3.903185956999948, 37.029231634000041 ], [ -3.891043013999933, 37.033231450000073 ], [ -3.886788528999944, 37.033040673000073 ], [ -3.878233439999974, 37.025953228000049 ], [ -3.872087499999964, 37.02496349900008 ], [ -3.889091574999952, 37.020357330000024 ], [ -3.925145236999981, 37.003709205000064 ], [ -3.92404149999993, 36.995854012000052 ], [ -3.918394503999934, 36.988802670000041 ], [ -3.915858141999934, 36.971138732000043 ], [ -3.932210497999961, 36.962813762000053 ], [ -3.926921499999935, 36.957870999000079 ], [ -3.926642670999968, 36.947213159000057 ], [ -3.936451060999957, 36.938490957000056 ], [ -3.939048173999936, 36.931600108000055 ], [ -3.90611, 36.915397999000049 ] ], [ [ -4.006920614999956, 37.072730825000065 ], [ -4.002087533999941, 37.058952641000076 ], [ -3.992508566999959, 37.05227508400003 ], [ -3.989536702999942, 37.046616563000043 ], [ -3.980288739999935, 37.045296427000039 ], [ -3.977148524999961, 37.041531817000077 ], [ -3.974428911999951, 37.049499386000036 ], [ -3.944637259999979, 37.051346526000032 ], [ -3.942276075999928, 37.069573902000059 ], [ -3.956756913999925, 37.078455090000034 ], [ -3.964530158999935, 37.072644127000046 ], [ -3.975649670999928, 37.085266938000075 ], [ -3.998438568999973, 37.078234863000034 ], [ -4.006920614999956, 37.072730825000065 ] ] ], [ [ [ -3.918233499999928, 37.123454999000046 ], [ -3.908507090999933, 37.123104203000025 ], [ -3.902971391999927, 37.117281407000064 ], [ -3.897694532999935, 37.099102654000035 ], [ -3.897957, 37.090728499000079 ], [ -3.921694141999978, 37.092963945000065 ], [ -3.927213502999962, 37.116771090000043 ], [ -3.925399012999947, 37.121323110000048 ], [ -3.918233499999928, 37.123454999000046 ] ] ] ] } },
{ "type": "Feature", "properties": { "code": "18014", "name": "Alhendín" }, "geometry": { "type": "Polygon", "coordinates": [ [ [ -3.761513, 36.983974499000055 ], [ -3.77132649999993, 36.988761999000076 ], [ -3.774679465999952, 36.998992061000024 ], [ -3.768882598999937, 37.006363840000063 ], [ -3.765582499999937, 37.016769499000077 ], [ -3.760377622999954, 37.02581067400007 ], [ -3.763696747999973, 37.034401071000048 ], [ -3.741327587999933, 37.036466307000069 ], [ -3.732296318999943, 37.047529291000046 ], [ -3.732080030999953, 37.065778530000046 ], [ -3.727582499999926, 37.076179499000034 ], [ -3.703002431999948, 37.088114791000066 ], [ -3.694298599999968, 37.103105453000069 ], [ -3.687387, 37.109061999000062 ], [ -3.669692667999925, 37.109205879000058 ], [ -3.658421714999974, 37.119738688000041 ], [ -3.645179321999933, 37.121385973000031 ], [ -3.637274499999933, 37.128783999000063 ], [ -3.629834499999959, 37.138396999000065 ], [ -3.624124, 37.134036999000045 ], [ -3.634590752999941, 37.119735309000077 ], [ -3.629803017999961, 37.114097387000072 ], [ -3.625365600999942, 37.11189184400007 ], [ -3.6232, 37.108439499000042 ], [ -3.645220988999938, 37.099557360000063 ], [ -3.658659020999949, 37.086771972000065 ], [ -3.676156037999931, 37.076838098000053 ], [ -3.700061499999947, 37.034515499000065 ], [ -3.710004316999971, 37.03478932400003 ], [ -3.719837628999926, 37.027561018000029 ], [ -3.746008499999959, 37.02439490900008 ], [ -3.750986328999943, 37.016627086000028 ], [ -3.749553243999969, 37.007323041000063 ], [ -3.761513, 36.983974499000055 ] ] ] } },
{ "type": "Feature", "properties": { "code": "18015", "name": "Alicún de Ortega" }, "geometry": { "type": "Polygon", "coordinates": [ [ [ -3.168775081999968, 37.624265976000061 ], [ -3.162122360999945, 37.623990390000074 ], [ -3.153970499999957, 37.62678549900005 ], [ -3.11652, 37.608131499000081 ], [ -3.120144351999954, 37.60209511100004 ], [ -3.114508023999974, 37.597557460000075 ], [ -3.115963264999948, 37.59114766700003 ], [ -3.125211375999925, 37.59334352500008 ], [ -3.13893305299996, 37.58741107600008 ], [ -3.152664100999971, 37.589642905000062 ], [ -3.159577, 37.587910499000031 ], [ -3.161607906999961, 37.591526473000044 ], [ -3.168775081999968, 37.593673024000054 ], [ -3.177575471999944, 37.606653737000045 ], [ -3.208495330999938, 37.608319327000061 ], [ -3.216189597999971, 37.615149856000073 ], [ -3.212516766999954, 37.620563746000073 ], [ -3.19948882999995, 37.625538279000068 ], [ -3.168775081999968, 37.624265976000061 ] ] ] } },
{ "type": "Feature", "properties": { "code": "18016", "name": "Almegíjar" }, "geometry": { "type": "Polygon", "coordinates": [ [ [ -3.27491318999995, 36.940144587000077 ], [ -3.264899905999926, 36.92400463000007 ], [ -3.25719167099993, 36.918143409000038 ], [ -3.257189275999963, 36.909556765000048 ], [ -3.247210518999964, 36.891585956000029 ], [ -3.243837, 36.879417499000056 ], [ -3.255849023999929, 36.875044674000037 ], [ -3.268966382999963, 36.876361778000046 ], [ -3.28162931199995, 36.880632547000062 ], [ -3.288016101999972, 36.886504415000047 ], [ -3.303071623999926, 36.893295998000042 ], [ -3.33475, 36.886066499000037 ], [ -3.329641584999933, 36.893097582000053 ], [ -3.325020736999932, 36.912147499000071 ], [ -3.305147125999952, 36.919949835000068 ], [ -3.29553532999995, 36.91597560200006 ], [ -3.295518499999957, 36.924446499000055 ], [ -3.284221436999928, 36.92748649300006 ], [ -3.275276991999931, 36.935623674000055 ], [ -3.27491318999995, 36.940144587000077 ] ] ] } },
{ "type": "Feature", "properties": { "code": "18017", "name": "Almuñécar" }, "geometry": { "type": "Polygon", "coordinates": [ [ [ -3.637697, 36.74236249900008 ], [ -3.659919731999935, 36.745806111000036 ], [ -3.67813740899993, 36.730432228000041 ], [ -3.694218529999944, 36.728708881000045 ], [ -3.704087074999961, 36.733203641000046 ], [ -3.718194430999972, 36.732406791000074 ], [ -3.725910017999979, 36.728505797000025 ], [ -3.730571877999978, 36.719499506000034 ], [ -3.735172318999957, 36.720770119000065 ], [ -3.736979616999974, 36.728875084000038 ], [ -3.748502729999927, 36.737049799000033 ], [ -3.756965760999947, 36.737408702000039 ], [ -3.766929587999925, 36.729232689000071 ], [ -3.777457499999969, 36.737926499000025 ], [ -3.781328113999962, 36.764910517000033 ], [ -3.76665382799996, 36.789855412000065 ], [ -3.770169092999936, 36.796282960000042 ], [ -3.769621957999959, 36.803203989000053 ], [ -3.784980628999961, 36.811656241000037 ], [ -3.790627, 36.820705499000042 ], [ -3.758918980999965, 36.822339469000042 ], [ -3.731934407999972, 36.810832100000027 ], [ -3.720991312999956, 36.808951255000068 ], [ -3.713102160999938, 36.800998567000079 ], [ -3.706032856999968, 36.798338719000071 ], [ -3.68246449999998, 36.800033499000051 ], [ -3.683144830999936, 36.794409018000067 ], [ -3.689833862999933, 36.787633398000025 ], [ -3.689168354999936, 36.775901494000038 ], [ -3.670577, 36.772418999000024 ], [ -3.660957, 36.763900499000044 ], [ -3.636439, 36.750095499000054 ], [ -3.635607, 36.748298499000043 ], [ -3.637697, 36.74236249900008 ] ] ] } },
{ "type": "Feature", "properties": { "code": "18018", "name": "Alquife" }, "geometry": { "type": "MultiPolygon", "coordinates": [ [ [ [ -3.10654349999993, 37.155326999000067 ], [ -3.11332557399993, 37.165346559000056 ], [ -3.120473649999951, 37.168170097000029 ], [ -3.128777269999944, 37.178054340000074 ], [ -3.095199, 37.225837499000079 ], [ -3.101528547999976, 37.181671480000034 ], [ -3.095874465999941, 37.167628679000074 ], [ -3.096102213999927, 37.15871472200007 ], [ -3.10654349999993, 37.155326999000067 ] ] ], [ [ [ -3.113022499999943, 37.224479999000039 ], [ -3.126768726999956, 37.207102848000034 ], [ -3.134060499999975, 37.202019499000073 ], [ -3.127192094999941, 37.209237032000033 ], [ -3.116067, 37.226394499000037 ], [ -3.113022499999943, 37.224479999000039 ] ] ] ] } },
{ "type": "Feature", "properties": { "code": "18020", "name": "Arenas del Rey" }, "geometry": { "type": "Polygon", "coordinates": [ [ [ -3.872087499999964, 37.02496349900008 ], [ -3.855793080999945, 37.008217458000047 ], [ -3.845530010999937, 37.006399745000067 ], [ -3.838515513999937, 37.001777115000039 ], [ -3.823276076999946, 37.001649066000027 ], [ -3.818622064999943, 36.994650173000025 ], [ -3.81127, 36.99355299900003 ], [ -3.820885103999956, 36.990777884000067 ], [ -3.823628499999927, 36.985467999000036 ], [ -3.837404732999971, 36.978970055000048 ], [ -3.864539296999965, 36.975571984000055 ], [ -3.869685573999959, 36.97093548600003 ], [ -3.871623959999965, 36.963581466000051 ], [ -3.853124645999969, 36.930641207000065 ], [ -3.829077499999926, 36.907566999000039 ], [ -3.817393049999964, 36.89058030700005 ], [ -3.818905923999978, 36.883980906000033 ], [ -3.838643911999952, 36.88872867200007 ], [ -3.849634979999962, 36.87437112200007 ], [ -3.870245956999952, 36.875310546000037 ], [ -3.889037508999934, 36.87840226600008 ], [ -3.903938962999973, 36.890203882000037 ], [ -3.90611, 36.915397999000049 ], [ -3.89776186499995, 36.921286474000055 ], [ -3.893346802999929, 36.93806068300006 ], [ -3.908134976999975, 36.941685866000057 ], [ -3.922840945999951, 36.957641015000036 ], [ -3.926921499999935, 36.957870999000079 ], [ -3.932210497999961, 36.962813762000053 ], [ -3.915858141999934, 36.971138732000043 ], [ -3.918394503999934, 36.988802670000041 ], [ -3.92404149999993, 36.995854012000052 ], [ -3.925145236999981, 37.003709205000064 ], [ -3.889091574999952, 37.020357330000024 ], [ -3.872087499999964, 37.02496349900008 ] ] ] } },
{ "type": "Feature", "properties": { "code": "18021", "name": "Armilla" }, "geometry": { "type": "Polygon", "coordinates": [ [ [ -3.629834499999959, 37.138396999000065 ], [ -3.631727423999962, 37.143026255000052 ], [ -3.625653715999931, 37.154212704000031 ], [ -3.630377, 37.160270499000035 ], [ -3.616976595999972, 37.160606800000039 ], [ -3.606950888999961, 37.152210282000055 ], [ -3.60986749999995, 37.139339499000073 ], [ -3.624124, 37.134036999000045 ], [ -3.629834499999959, 37.138396999000065 ] ] ] } },
{ "type": "Feature", "properties": { "code": "18022", "name": "Atarfe" }, "geometry": { "type": "Polygon", "coordinates": [ [ [ -3.705180499999926, 37.305297999000061 ], [ -3.700170727999932, 37.302692828000033 ], [ -3.685220276999928, 37.30523966800007 ], [ -3.680133931999933, 37.29541131700006 ], [ -3.673240016999955, 37.291908615000068 ], [ -3.672197145999974, 37.278290761000051 ], [ -3.696120353999959, 37.254764864000038 ], [ -3.698954556999979, 37.246010671000079 ], [ -3.687493591999953, 37.242304460000071 ], [ -3.670031946999927, 37.220118502000048 ], [ -3.669699210999966, 37.214270117000069 ], [ -3.652693, 37.206725999000071 ], [ -3.658630453999933, 37.20452403400003 ], [ -3.688171947999933, 37.207969588000026 ], [ -3.698521, 37.20241549900004 ], [ -3.712993, 37.211108999000032 ], [ -3.705944909999971, 37.214964310000028 ], [ -3.710176955999941, 37.22526231900008 ], [ -3.716061811999964, 37.22632356500003 ], [ -3.72366214799996, 37.223211965000075 ], [ -3.734687421999979, 37.227751626000043 ], [ -3.740311576999943, 37.234335100000067 ], [ -3.730091854999955, 37.240482465000071 ], [ -3.72731695799996, 37.246583196000074 ], [ -3.734502397999961, 37.261024189000068 ], [ -3.733789263999938, 37.269838328000048 ], [ -3.742376388999958, 37.268414442000051 ], [ -3.747694949999925, 37.27201232200008 ], [ -3.738433347999944, 37.289741764000041 ], [ -3.739462499999945, 37.296092999000052 ], [ -3.721013285999959, 37.298846258000026 ], [ -3.710707626999977, 37.29564957000008 ], [ -3.712075, 37.302875499000038 ], [ -3.705180499999926, 37.305297999000061 ] ] ] } },
{ "type": "Feature", "properties": { "code": "18023", "name": "Baza" }, "geometry": { "type": "Polygon", "coordinates": [ [ [ -2.653441499999929, 37.332382499000062 ], [ -2.651202703999957, 37.326107656000033 ], [ -2.654214635999949, 37.319071472000076 ], [ -2.651467901999979, 37.311740917000066 ], [ -2.662395378999975, 37.295384685000045 ], [ -2.664829957999928, 37.281694920000064 ], [ -2.662270654999929, 37.266154335000067 ], [ -2.667077306999943, 37.250375230000031 ], [ -2.66572494199994, 37.238356597000063 ], [ -2.657612, 37.228931499000055 ], [ -2.660100499999942, 37.212001999000051 ], [ -2.669545329999949, 37.216602323000075 ], [ -2.692412237999974, 37.218264982000051 ], [ -2.707586617999937, 37.22435706300007 ], [ -2.717222757999934, 37.232821480000041 ], [ -2.72658611199995, 37.231744530000071 ], [ -2.732981582999969, 37.236133125000038 ], [ -2.741886095999973, 37.228360295000073 ], [ -2.75902149999996, 37.226722499000061 ], [ -2.775582499999928, 37.245601499000031 ], [ -2.779648075999944, 37.262217853000038 ], [ -2.794765477999931, 37.263806024000075 ], [ -2.815510836999977, 37.271851750000053 ], [ -2.820092280999972, 37.277828488000068 ], [ -2.830359499999929, 37.280105499000058 ], [ -2.832831520999946, 37.282514871000046 ], [ -2.832432963999963, 37.287258508000036 ], [ -2.847176967999928, 37.294539433000068 ], [ -2.852791009999976, 37.293769484000052 ], [ -2.861978, 37.312877499000024 ], [ -2.849971424999978, 37.314841202000025 ], [ -2.833202664999931, 37.325489934000075 ], [ -2.83874445899994, 37.341938088000063 ], [ -2.834008937999954, 37.351391118000038 ], [ -2.836613720999935, 37.36149092800008 ], [ -2.85209582899995, 37.367713858000059 ], [ -2.88134800499995, 37.363435085000049 ], [ -2.896675074999962, 37.367616135000048 ], [ -2.899637191999943, 37.376569504000031 ], [ -2.893775683999934, 37.390523289000043 ], [ -2.916939105999973, 37.401039523000065 ], [ -2.939938499999926, 37.440215999000031 ], [ -2.937374614999953, 37.455037022000056 ], [ -2.93863, 37.478770999000062 ], [ -2.933103790999951, 37.477594792000048 ], [ -2.921210679999945, 37.450699309000072 ], [ -2.873061639999946, 37.476472537000063 ], [ -2.867419826999935, 37.483963582000058 ], [ -2.866316, 37.494384499000034 ], [ -2.861618, 37.496360499000048 ], [ -2.845866499999943, 37.497386999000071 ], [ -2.819380559999956, 37.506213969000044 ], [ -2.801769169999943, 37.525509989000057 ], [ -2.808261300999959, 37.543828018000056 ], [ -2.799074873999928, 37.56010361500006 ], [ -2.795422576999954, 37.579458591000048 ], [ -2.796276254999952, 37.583759446000045 ], [ -2.820083555999929, 37.609330529000033 ], [ -2.829943, 37.644588499000065 ], [ -2.820702466999933, 37.63241959700008 ], [ -2.804729152999926, 37.628709256000036 ], [ -2.795200041999976, 37.620483963000027 ], [ -2.783796499999937, 37.616847999000072 ], [ -2.797128777999944, 37.603090906000034 ], [ -2.783176684999944, 37.601259265000067 ], [ -2.774971216999973, 37.603397175000055 ], [ -2.754901977999964, 37.596880249000037 ], [ -2.742584133999969, 37.583620834000044 ], [ -2.712425158999963, 37.564709503000074 ], [ -2.704768700999978, 37.568371351000053 ], [ -2.685315196999966, 37.569678545000045 ], [ -2.655032499999948, 37.558688999000026 ], [ -2.652146702999971, 37.554102765000039 ], [ -2.655868829999974, 37.530091482000046 ], [ -2.649813119999976, 37.518902929000035 ], [ -2.642229542999928, 37.511450455000045 ], [ -2.631238400999962, 37.511783414000035 ], [ -2.621398211999974, 37.506508067000027 ], [ -2.595750912999961, 37.50064842300003 ], [ -2.591974324999967, 37.48430460600008 ], [ -2.585162499999967, 37.470428499000036 ], [ -2.602142445999959, 37.47264563300007 ], [ -2.651703377999979, 37.491263667000055 ], [ -2.680875250999975, 37.491234100000042 ], [ -2.697175581999943, 37.494355757000051 ], [ -2.720233161999943, 37.485457030000077 ], [ -2.765849226999933, 37.453246841000066 ], [ -2.761164134999945, 37.417509232000043 ], [ -2.752155902999959, 37.397458952000079 ], [ -2.753121778999969, 37.374224952000077 ], [ -2.748179993999941, 37.356851164000034 ], [ -2.754423644999974, 37.348770476000027 ], [ -2.745230248999974, 37.342743304000066 ], [ -2.748066226999924, 37.338230685000042 ], [ -2.730556904999958, 37.329202924000072 ], [ -2.711019256999975, 37.326589461000026 ], [ -2.685045706999972, 37.325703101000045 ], [ -2.665949808999926, 37.332123429000035 ], [ -2.653441499999929, 37.332382499000062 ] ] ] } },
{ "type": "Feature", "properties": { "code": "18024", "name": "Beas de Granada" }, "geometry": { "type": "Polygon", "coordinates": [ [ [ -3.482107, 37.202014999000028 ], [ -3.497894499999973, 37.205138999000042 ], [ -3.509953, 37.21708699900006 ], [ -3.481982582999933, 37.232354121000071 ], [ -3.481437782999933, 37.240559404000066 ], [ -3.475589179999929, 37.244898230000047 ], [ -3.473435988999938, 37.250422694000065 ], [ -3.464573880999978, 37.253450865000048 ], [ -3.45872824099996, 37.266543240000033 ], [ -3.429900499999974, 37.27592099900005 ], [ -3.440807451999945, 37.23347147800007 ], [ -3.454066300999955, 37.220678450000037 ], [ -3.474055043999954, 37.213665054000046 ], [ -3.482107, 37.202014999000028 ] ] ] } },
{ "type": "Feature", "properties": { "code": "18025", "name": "Beas de Guadix" }, "geometry": { "type": "Polygon", "coordinates": [ [ [ -3.248115, 37.260646999000073 ], [ -3.247317126999974, 37.275356113000043 ], [ -3.24182669299995, 37.283157402000029 ], [ -3.235121968999977, 37.289524122000046 ], [ -3.226453499999934, 37.287738999000055 ], [ -3.230375952999964, 37.28239135900003 ], [ -3.222569551999925, 37.278876165000042 ], [ -3.203357668999956, 37.29435409000007 ], [ -3.194630738999933, 37.29448521900008 ], [ -3.185675794999952, 37.288586700000053 ], [ -3.17466, 37.293819499000051 ], [ -3.173030904999962, 37.289193890000035 ], [ -3.189469539999948, 37.270485897000071 ], [ -3.210856899999953, 37.262343997000073 ], [ -3.216554, 37.255092499000057 ], [ -3.237450729999978, 37.263244432000079 ], [ -3.248115, 37.260646999000073 ] ] ] } },
{ "type": "Feature", "properties": { "code": "18027", "name": "Benalúa" }, "geometry": { "type": "Polygon", "coordinates": [ [ [ -3.168775081999968, 37.37276064200006 ], [ -3.166549418999978, 37.373804703000076 ], [ -3.156272, 37.371695499000054 ], [ -3.155889029999969, 37.367242648000058 ], [ -3.143480650999948, 37.348914315000059 ], [ -3.16483175999997, 37.339829990000055 ], [ -3.169616, 37.341126999000039 ], [ -3.184021774999962, 37.35357442600008 ], [ -3.184145499999943, 37.361514999000065 ], [ -3.176759644999947, 37.362726704000067 ], [ -3.174742052999932, 37.369961529000079 ], [ -3.168775081999968, 37.37276064200006 ] ] ] } },
{ "type": "Feature", "properties": { "code": "18028", "name": "Benalúa de las Villas" }, "geometry": { "type": "Polygon", "coordinates": [ [ [ -3.701466, 37.448173499000063 ], [ -3.684675053999968, 37.468778360000044 ], [ -3.671378457999936, 37.473442671000043 ], [ -3.663856818999932, 37.471832411000037 ], [ -3.661852606999958, 37.460249862000069 ], [ -3.650455394999938, 37.456146312000044 ], [ -3.65029653299996, 37.449826395000059 ], [ -3.639327, 37.449462999000048 ], [ -3.632740897999952, 37.441036738000037 ], [ -3.646526970999957, 37.440043662000051 ], [ -3.647212691999925, 37.422689435000052 ], [ -3.68126747599996, 37.417426626000065 ], [ -3.691256546999966, 37.42526969100004 ], [ -3.69906307399998, 37.436234256000034 ], [ -3.695790452999972, 37.443532278000077 ], [ -3.701466, 37.448173499000063 ] ], [ [ -3.682295499999952, 37.450004999000043 ], [ -3.676004, 37.441882999000029 ], [ -3.665856499999961, 37.443565499000044 ], [ -3.662856499999975, 37.449405499000079 ], [ -3.663161499999944, 37.451980499000058 ], [ -3.682295499999952, 37.450004999000043 ] ] ] } },
{ "type": "Feature", "properties": { "code": "18029", "name": "Benamaurel" }, "geometry": { "type": "Polygon", "coordinates": [ [ [ -2.783796499999937, 37.616847999000072 ], [ -2.783349190999957, 37.619461124000054 ], [ -2.758991868999942, 37.621707151000066 ], [ -2.747651598999937, 37.625682614000027 ], [ -2.743531550999933, 37.649135799000078 ], [ -2.72761879199993, 37.662109088000079 ], [ -2.72742855499996, 37.673910017000026 ], [ -2.737489260999951, 37.683576685000048 ], [ -2.743491928999958, 37.693667576000053 ], [ -2.743201608999925, 37.698399269000049 ], [ -2.753085957999929, 37.707447386000069 ], [ -2.763833, 37.709232499000052 ], [ -2.753636307999955, 37.714298736000046 ], [ -2.741472467999927, 37.715260852000029 ], [ -2.734462011999938, 37.708960324000032 ], [ -2.720776335999972, 37.706045877000065 ], [ -2.698428240999931, 37.684281306000059 ], [ -2.670115241999952, 37.668442768000034 ], [ -2.63082049999997, 37.665480999000067 ], [ -2.631444374999944, 37.657869679000044 ], [ -2.612736922999943, 37.62864157000007 ], [ -2.617735004999929, 37.623726934000047 ], [ -2.633058000999938, 37.622684349000053 ], [ -2.63672708799993, 37.60312686900005 ], [ -2.646593641999971, 37.595498227000064 ], [ -2.665051621999964, 37.589794758000039 ], [ -2.666214574999969, 37.580870211000047 ], [ -2.655032499999948, 37.558688999000026 ], [ -2.685315196999966, 37.569678545000045 ], [ -2.704768700999978, 37.568371351000053 ], [ -2.712425158999963, 37.564709503000074 ], [ -2.742584133999969, 37.583620834000044 ], [ -2.754901977999964, 37.596880249000037 ], [ -2.774971216999973, 37.603397175000055 ], [ -2.783176684999944, 37.601259265000067 ], [ -2.797128777999944, 37.603090906000034 ], [ -2.783796499999937, 37.616847999000072 ] ] ] } },
{ "type": "Feature", "properties": { "code": "18030", "name": "Bérchules" }, "geometry": { "type": "Polygon", "coordinates": [ [ [ -3.19926049999998, 36.946876499000041 ], [ -3.206536, 36.950386499000047 ], [ -3.208035963999976, 36.95965486700004 ], [ -3.225202272999979, 36.98390835400005 ], [ -3.237698, 36.994735499000058 ], [ -3.236453431999962, 37.005408706000026 ], [ -3.223332151999955, 37.032555760000037 ], [ -3.222996483999964, 37.046706251000046 ], [ -3.216782928999976, 37.069741577000059 ], [ -3.200390499999969, 37.090511499000058 ], [ -3.178282499999966, 37.09277699900008 ], [ -3.175424, 37.092304499000079 ], [ -3.168775081999968, 37.094299510000042 ], [ -3.15962449999995, 37.092155499000057 ], [ -3.160694236999973, 37.073257088000048 ], [ -3.166275661999975, 37.059706202000029 ], [ -3.166983552999966, 37.03719626600008 ], [ -3.172211125999979, 37.019192342000053 ], [ -3.178535592999935, 37.008154756000067 ], [ -3.17435100199998, 36.991620802000057 ], [ -3.173847, 36.973758499000041 ], [ -3.19926049999998, 36.946876499000041 ] ] ] } },
{ "type": "Feature", "properties": { "code": "18032", "name": "Bubión" }, "geometry": { "type": "Polygon", "coordinates": [ [ [ -3.332817, 36.975936999000055 ], [ -3.332389993999925, 36.956027168000048 ], [ -3.349992499999928, 36.940459999000041 ], [ -3.359990964999952, 36.944281020000062 ], [ -3.364384423999979, 36.952139785000043 ], [ -3.376703191999979, 36.953156362000072 ], [ -3.381347876999939, 36.960964710000042 ], [ -3.379124461999936, 36.981673500000056 ], [ -3.369626635999964, 36.99272051500003 ], [ -3.376928708999969, 37.006868076000046 ], [ -3.382072570999981, 37.010527249000063 ], [ -3.391260279999926, 37.010280546000047 ], [ -3.406307, 37.016052499000068 ], [ -3.401168279999979, 37.031933575000039 ], [ -3.394642, 37.038051499000062 ], [ -3.38639918399997, 37.033639741000059 ], [ -3.384190445999934, 37.025642092000055 ], [ -3.373044266999955, 37.016392507000035 ], [ -3.367828970999938, 37.002989188000072 ], [ -3.359991142999945, 36.993790526000055 ], [ -3.360395626999946, 36.99044480200007 ], [ -3.374961754999958, 36.976852114000053 ], [ -3.379198130999953, 36.963828914000032 ], [ -3.365881652999974, 36.960766337000052 ], [ -3.361977664999927, 36.955215562000035 ], [ -3.355012109999961, 36.955872653000029 ], [ -3.33690052999998, 36.966996822000056 ], [ -3.332817, 36.975936999000055 ] ] ] } },
{ "type": "Feature", "properties": { "code": "18033", "name": "Busquístar" }, "geometry": { "type": "Polygon", "coordinates": [ [ [ -3.295518499999957, 36.924446499000055 ], [ -3.302272592999941, 36.929777589000025 ], [ -3.305447499999957, 36.936744999000041 ], [ -3.287937475999968, 36.963213101000065 ], [ -3.285903798999925, 36.978339131000041 ], [ -3.292570589999968, 36.991710068000032 ], [ -3.279902, 36.992687499000056 ], [ -3.270924, 36.980186499000069 ], [ -3.26320549999997, 36.977047499000037 ], [ -3.249496, 36.977176499000052 ], [ -3.250527499999976, 36.969566499000052 ], [ -3.262242982999965, 36.951322634000064 ], [ -3.27491318999995, 36.940144587000077 ], [ -3.275276991999931, 36.935623674000055 ], [ -3.284221436999928, 36.92748649300006 ], [ -3.295518499999957, 36.924446499000055 ] ] ] } },
{ "type": "Feature", "properties": { "code": "18034", "name": "Cacín" }, "geometry": { "type": "Polygon", "coordinates": [ [ [ -3.873703499999976, 37.03442749900006 ], [ -3.872087499999964, 37.02496349900008 ], [ -3.878233439999974, 37.025953228000049 ], [ -3.886788528999944, 37.033040673000073 ], [ -3.891043013999933, 37.033231450000073 ], [ -3.903185956999948, 37.029231634000041 ], [ -3.903826894999952, 37.026013785000032 ], [ -3.900228177999963, 37.022835180000072 ], [ -3.903755901999943, 37.020890856000051 ], [ -3.921057022999946, 37.029233420000025 ], [ -3.927039135999962, 37.044117824000068 ], [ -3.927241799999933, 37.056554392000066 ], [ -3.934022221999953, 37.09398013100008 ], [ -3.938094640999964, 37.099540477000062 ], [ -3.938379980999969, 37.110152128000038 ], [ -3.957126943999981, 37.133163262000039 ], [ -3.95591671699998, 37.146384793000038 ], [ -3.965094499999964, 37.154388499000049 ], [ -3.957778410999936, 37.155300190000048 ], [ -3.938425499999937, 37.142379499000072 ], [ -3.918233499999928, 37.123454999000046 ], [ -3.925399012999947, 37.121323110000048 ], [ -3.927213502999962, 37.116771090000043 ], [ -3.921694141999978, 37.092963945000065 ], [ -3.897957, 37.090728499000079 ], [ -3.88988145999997, 37.078161687000033 ], [ -3.891534, 37.072907501000032 ], [ -3.884895, 37.069667999000046 ], [ -3.876375130999975, 37.050932568000064 ], [ -3.873703499999976, 37.03442749900006 ] ] ] } },
{ "type": "Feature", "properties": { "code": "18035", "name": "Cádiar" }, "geometry": { "type": "Polygon", "coordinates": [ [ [ -3.168775081999968, 36.967348707000042 ], [ -3.158053510999935, 36.953798992000031 ], [ -3.143870653999954, 36.963676331000045 ], [ -3.135800965999977, 36.960273167000025 ], [ -3.124404316999971, 36.968610377000061 ], [ -3.108310499999959, 36.948703999000031 ], [ -3.12065696999997, 36.936666935000062 ], [ -3.127061842999979, 36.937923172000069 ], [ -3.137502547999929, 36.933767341000078 ], [ -3.153845261999948, 36.933591611000054 ], [ -3.153608052999971, 36.918589532000055 ], [ -3.143633254999941, 36.893432785000073 ], [ -3.150295116999928, 36.88779067400003 ], [ -3.179962903999979, 36.878611705000026 ], [ -3.192708499999981, 36.878322499000035 ], [ -3.188884425999959, 36.888315894000073 ], [ -3.195572208999977, 36.895598595000024 ], [ -3.205418277999968, 36.91995062400008 ], [ -3.19926049999998, 36.946876499000041 ], [ -3.173847, 36.973758499000041 ], [ -3.168775081999968, 36.967348707000042 ] ] ] } },
{ "type": "Feature", "properties": { "code": "18036", "name": "Cájar" }, "geometry": { "type": "Polygon", "coordinates": [ [ [ -3.578430499999968, 37.14083849900004 ], [ -3.569834499999956, 37.140090999000051 ], [ -3.564681057999962, 37.127065100000038 ], [ -3.55784749999998, 37.119361999000034 ], [ -3.574980736999976, 37.129740497000057 ], [ -3.579197978999957, 37.135132936000048 ], [ -3.578430499999968, 37.14083849900004 ] ] ] } },
{ "type": "Feature", "properties": { "code": "18037", "name": "Calicasas" }, "geometry": { "type": "Polygon", "coordinates": [ [ [ -3.605564, 37.277591499000039 ], [ -3.610772346999966, 37.265263337000079 ], [ -3.626054499999952, 37.262962499000025 ], [ -3.640639, 37.263351499000066 ], [ -3.645632238999951, 37.269910034000077 ], [ -3.646940993999976, 37.279222249000043 ], [ -3.638466, 37.301112499000055 ], [ -3.626555805999942, 37.301474469000027 ], [ -3.622018899999944, 37.29401630600006 ], [ -3.613226477999945, 37.289556225000069 ], [ -3.610561938999979, 37.278744257000028 ], [ -3.605564, 37.277591499000039 ] ] ] } },
{ "type": "Feature", "properties": { "code": "18038", "name": "Campotéjar" }, "geometry": { "type": "Polygon", "coordinates": [ [ [ -3.626499499999966, 37.529056999000034 ], [ -3.600324828999931, 37.546704495000029 ], [ -3.58344, 37.553642499000034 ], [ -3.578743447999955, 37.54163128600004 ], [ -3.572965097999941, 37.534559355000056 ], [ -3.568293499999925, 37.533172499000045 ], [ -3.569658634999939, 37.530034980000039 ], [ -3.565808097999934, 37.523623455000063 ], [ -3.567031, 37.511067499000035 ], [ -3.570308015999956, 37.509128712000063 ], [ -3.571718636999947, 37.499463596000055 ], [ -3.567525279999927, 37.491829346000031 ], [ -3.583987763999971, 37.484621725000068 ], [ -3.587143499999968, 37.475842999000065 ], [ -3.595985311999925, 37.475416472000063 ], [ -3.628504539999938, 37.463151430000039 ], [ -3.633559395999953, 37.46655194300007 ], [ -3.633720566999955, 37.478674585000078 ], [ -3.638283564999938, 37.486214507000057 ], [ -3.636458059999939, 37.497351638000055 ], [ -3.62008782099997, 37.502331649000041 ], [ -3.613707640999962, 37.511437914000055 ], [ -3.600031828999931, 37.521502506000047 ], [ -3.607236535999959, 37.526857729000028 ], [ -3.626499499999966, 37.529056999000034 ] ] ] } },
{ "type": "Feature", "properties": { "code": "18039", "name": "Caniles" }, "geometry": { "type": "Polygon", "coordinates": [ [ [ -2.585162499999967, 37.470428499000036 ], [ -2.57605198899995, 37.447721929000068 ], [ -2.571196499999928, 37.442668999000034 ], [ -2.578012264999927, 37.429016151000042 ], [ -2.598630356999934, 37.419853185000079 ], [ -2.608193, 37.411079499000039 ], [ -2.633776696999973, 37.395278593000057 ], [ -2.641014956999925, 37.387098072000072 ], [ -2.642306077999933, 37.374726126000041 ], [ -2.635993923999933, 37.364659171000028 ], [ -2.637557141999935, 37.34515398800005 ], [ -2.652458294999974, 37.341258364000055 ], [ -2.653441499999929, 37.332382499000062 ], [ -2.665949808999926, 37.332123429000035 ], [ -2.685045706999972, 37.325703101000045 ], [ -2.711019256999975, 37.326589461000026 ], [ -2.730556904999958, 37.329202924000072 ], [ -2.748066226999924, 37.338230685000042 ], [ -2.745230248999974, 37.342743304000066 ], [ -2.754423644999974, 37.348770476000027 ], [ -2.748179993999941, 37.356851164000034 ], [ -2.753121778999969, 37.374224952000077 ], [ -2.752155902999959, 37.397458952000079 ], [ -2.761164134999945, 37.417509232000043 ], [ -2.765849226999933, 37.453246841000066 ], [ -2.720233161999943, 37.485457030000077 ], [ -2.697175581999943, 37.494355757000051 ], [ -2.680875250999975, 37.491234100000042 ], [ -2.651703377999979, 37.491263667000055 ], [ -2.602142445999959, 37.47264563300007 ], [ -2.585162499999967, 37.470428499000036 ] ] ] } },
{ "type": "Feature", "properties": { "code": "18040", "name": "Cáñar" }, "geometry": { "type": "Polygon", "coordinates": [ [ [ -3.41579349999995, 36.930614499000058 ], [ -3.418453574999944, 36.924339118000034 ], [ -3.43095253499996, 36.917275068000038 ], [ -3.452742499999943, 36.92782949900004 ], [ -3.456389590999947, 36.94302798800004 ], [ -3.439532382999971, 36.963007836000031 ], [ -3.413624877999951, 37.010245012000041 ], [ -3.406307, 37.016052499000068 ], [ -3.39819284999993, 37.001266463000036 ], [ -3.408771725999941, 36.973807548000025 ], [ -3.413023, 36.935317999000063 ], [ -3.41579349999995, 36.930614499000058 ] ] ] } },
{ "type": "Feature", "properties": { "code": "18042", "name": "Capileira" }, "geometry": { "type": "Polygon", "coordinates": [ [ [ -3.325868499999956, 36.980193999000051 ], [ -3.332817, 36.975936999000055 ], [ -3.33690052999998, 36.966996822000056 ], [ -3.355012109999961, 36.955872653000029 ], [ -3.361977664999927, 36.955215562000035 ], [ -3.365881652999974, 36.960766337000052 ], [ -3.379198130999953, 36.963828914000032 ], [ -3.374961754999958, 36.976852114000053 ], [ -3.360395626999946, 36.99044480200007 ], [ -3.359991142999945, 36.993790526000055 ], [ -3.367828970999938, 37.002989188000072 ], [ -3.373044266999955, 37.016392507000035 ], [ -3.384190445999934, 37.025642092000055 ], [ -3.38639918399997, 37.033639741000059 ], [ -3.394642, 37.038051499000062 ], [ -3.392675499999939, 37.040572999000062 ], [ -3.372415908999926, 37.04843539500007 ], [ -3.365682499999934, 37.056045499000049 ], [ -3.346650843999953, 37.054030609000051 ], [ -3.326942930999962, 37.057249401000036 ], [ -3.311558499999933, 37.053394499000035 ], [ -3.310472438999966, 37.041951936000032 ], [ -3.300460457999975, 37.034542726000041 ], [ -3.304733499999941, 37.011241999000049 ], [ -3.31353622599994, 36.993809168000041 ], [ -3.325868499999956, 36.980193999000051 ] ] ] } },
{ "type": "Feature", "properties": { "code": "18043", "name": "Carataunas" }, "geometry": { "type": "Polygon", "coordinates": [ [ [ -3.413023, 36.935317999000063 ], [ -3.412262684999973, 36.930297176000067 ], [ -3.406731497999942, 36.925898091000079 ], [ -3.380838, 36.923770999000055 ], [ -3.379023525999969, 36.917295420000073 ], [ -3.368185499999925, 36.912669999000059 ], [ -3.381933516999936, 36.912901931000079 ], [ -3.388254167999946, 36.907680791000075 ], [ -3.404085131999977, 36.912389505000078 ], [ -3.41579349999995, 36.930614499000058 ], [ -3.413023, 36.935317999000063 ] ] ] } },
{ "type": "Feature", "properties": { "code": "18044", "name": "Cástaras" }, "geometry": { "type": "Polygon", "coordinates": [ [ [ -3.230361, 36.871944499000051 ], [ -3.237322017999929, 36.872633343000075 ], [ -3.243837, 36.879417499000056 ], [ -3.247210518999964, 36.891585956000029 ], [ -3.257189275999963, 36.909556765000048 ], [ -3.25719167099993, 36.918143409000038 ], [ -3.264899905999926, 36.92400463000007 ], [ -3.27491318999995, 36.940144587000077 ], [ -3.262242982999965, 36.951322634000064 ], [ -3.250527499999976, 36.969566499000052 ], [ -3.238853062999965, 36.938970532000042 ], [ -3.218247499999961, 36.94113549900004 ], [ -3.217441852999968, 36.936267845000032 ], [ -3.224307220999947, 36.927931984000054 ], [ -3.225597387999926, 36.920113388000061 ], [ -3.232653739999932, 36.908521448000045 ], [ -3.204666499999973, 36.876361999000039 ], [ -3.219415291999951, 36.86965940500005 ], [ -3.230361, 36.871944499000051 ] ] ] } },
{ "type": "Feature", "properties": { "code": "18045", "name": "Castilléjar" }, "geometry": { "type": "Polygon", "coordinates": [ [ [ -2.713688, 37.814594499000066 ], [ -2.700579912999956, 37.814378700000077 ], [ -2.702237749999938, 37.807507054000041 ], [ -2.699872443999936, 37.804538432000072 ], [ -2.664307960999963, 37.796750942000074 ], [ -2.651275444999953, 37.788262399000075 ], [ -2.627674240999966, 37.783183772000029 ], [ -2.623079771999926, 37.772663924000028 ], [ -2.624642499999936, 37.761256999000068 ], [ -2.622948460999964, 37.748215673000061 ], [ -2.616779071999929, 37.740042103000064 ], [ -2.620147491999944, 37.731860264000034 ], [ -2.61404231299997, 37.712650073000077 ], [ -2.618545736999977, 37.696280196000032 ], [ -2.630664157999945, 37.685784239000043 ], [ -2.629883499999949, 37.666055499000038 ], [ -2.63082049999997, 37.665480999000067 ], [ -2.670115241999952, 37.668442768000034 ], [ -2.698428240999931, 37.684281306000059 ], [ -2.720776335999972, 37.706045877000065 ], [ -2.734462011999938, 37.708960324000032 ], [ -2.741472467999927, 37.715260852000029 ], [ -2.753636307999955, 37.714298736000046 ], [ -2.763833, 37.709232499000052 ], [ -2.761249499999963, 37.718482999000059 ], [ -2.7567, 37.728442999000038 ], [ -2.751221, 37.738003499000058 ], [ -2.746591, 37.743808999000066 ], [ -2.738244, 37.752189499000053 ], [ -2.734881, 37.752982999000039 ], [ -2.733280499999978, 37.759471999000027 ], [ -2.731243499999948, 37.763702499000033 ], [ -2.724575, 37.773826499000052 ], [ -2.713751, 37.795017499000039 ], [ -2.715144499999951, 37.801997499000038 ], [ -2.715415, 37.808367999000041 ], [ -2.713688, 37.814594499000066 ] ] ] } },
{ "type": "Feature", "properties": { "code": "18046", "name": "Castril" }, "geometry": { "type": "Polygon", "coordinates": [ [ [ -2.774303499999974, 37.925601999000037 ], [ -2.766778581999972, 37.921104649000029 ], [ -2.762126333999959, 37.922438456000066 ], [ -2.743792284999927, 37.93590477500004 ], [ -2.721762446999946, 37.962444002000041 ], [ -2.715080351999973, 37.963286907000054 ], [ -2.69853059899998, 37.97298094000007 ], [ -2.691440499999942, 37.972839499000031 ], [ -2.694359203999966, 37.964189389000069 ], [ -2.684944492999932, 37.939149944000064 ], [ -2.696636858999966, 37.923357279000072 ], [ -2.718749804999959, 37.905968076000079 ], [ -2.728060531999972, 37.884018096000034 ], [ -2.725036365999927, 37.874090983000031 ], [ -2.712474105999945, 37.87089938400004 ], [ -2.696580255999947, 37.854863536000039 ], [ -2.705884623999964, 37.844717485000047 ], [ -2.710246764999965, 37.833751999000071 ], [ -2.708985602999974, 37.824872861000074 ], [ -2.713688, 37.814594499000066 ], [ -2.715415, 37.808367999000041 ], [ -2.715144499999951, 37.801997499000038 ], [ -2.713751, 37.795017499000039 ], [ -2.724575, 37.773826499000052 ], [ -2.731243499999948, 37.763702499000033 ], [ -2.733280499999978, 37.759471999000027 ], [ -2.734881, 37.752982999000039 ], [ -2.738244, 37.752189499000053 ], [ -2.746591, 37.743808999000066 ], [ -2.751221, 37.738003499000058 ], [ -2.7567, 37.728442999000038 ], [ -2.761249499999963, 37.718482999000059 ], [ -2.763833, 37.709232499000052 ], [ -2.779345499999977, 37.711517499000024 ], [ -2.789571, 37.714652999000066 ], [ -2.802821, 37.719993499000054 ], [ -2.807533499999977, 37.722915499000067 ], [ -2.815819499999975, 37.735790499000075 ], [ -2.822803499999964, 37.743625499000075 ], [ -2.828321, 37.748019999000064 ], [ -2.835092920999955, 37.744469215000038 ], [ -2.844910655999968, 37.75283887300003 ], [ -2.86142435499994, 37.74917544300007 ], [ -2.880292, 37.759963999000036 ], [ -2.872709499999928, 37.792045999000038 ], [ -2.856406068999945, 37.809826115000078 ], [ -2.845706405999977, 37.815800033000073 ], [ -2.838972669999976, 37.828203285000029 ], [ -2.835092920999955, 37.830021291000037 ], [ -2.820605766999961, 37.851216969000063 ], [ -2.818473924999978, 37.876013526000065 ], [ -2.805207288999952, 37.882481385000062 ], [ -2.795336474999942, 37.902383127000064 ], [ -2.784101960999976, 37.917787132000058 ], [ -2.774303499999974, 37.925601999000037 ] ] ] } },
{ "type": "Feature", "properties": { "code": "18047", "name": "Cenes de la Vega" }, "geometry": { "type": "Polygon", "coordinates": [ [ [ -3.559988, 37.157493499000054 ], [ -3.558472952999978, 37.159974698000042 ], [ -3.550061359999972, 37.159245433000024 ], [ -3.544661547999965, 37.166591959000073 ], [ -3.537267788999941, 37.170755954000072 ], [ -3.523306, 37.169173999000066 ], [ -3.529143943999941, 37.160921878000067 ], [ -3.51922849999994, 37.144470499000079 ], [ -3.528678721999938, 37.140914804000033 ], [ -3.550737, 37.147681999000042 ], [ -3.553835142999958, 37.154591800000048 ], [ -3.559988, 37.157493499000054 ] ] ] } },
{ "type": "Feature", "properties": { "code": "18048", "name": "Cijuela" }, "geometry": { "type": "Polygon", "coordinates": [ [ [ -3.801503499999967, 37.206371499000056 ], [ -3.803698148999956, 37.203431581000075 ], [ -3.804625587999965, 37.177960094000071 ], [ -3.810474499999941, 37.157760499000062 ], [ -3.815028449999943, 37.14653185700007 ], [ -3.847119640999949, 37.147480743000074 ], [ -3.856380673999979, 37.143392878000043 ], [ -3.86109498899998, 37.147845888000063 ], [ -3.858497499999942, 37.15800099900008 ], [ -3.8602, 37.163982499000042 ], [ -3.860125499999981, 37.168285499000035 ], [ -3.849876096999935, 37.164349065000067 ], [ -3.826943141999948, 37.172079994000057 ], [ -3.823545211999942, 37.181281971000033 ], [ -3.825746, 37.204395499000043 ], [ -3.801503499999967, 37.206371499000056 ] ] ] } },
{ "type": "Feature", "properties": { "code": "18049", "name": "Cogollos de Guadix" }, "geometry": { "type": "Polygon", "coordinates": [ [ [ -3.168775081999968, 37.200838971000053 ], [ -3.174483607999946, 37.198376634000056 ], [ -3.196953, 37.197246499000073 ], [ -3.200136143999941, 37.200494824000032 ], [ -3.198513918999936, 37.205421583000032 ], [ -3.201239211999962, 37.215865765000046 ], [ -3.21041919399994, 37.225188501000048 ], [ -3.21210149999996, 37.238628499000072 ], [ -3.196605616999932, 37.243051076000029 ], [ -3.172114199999953, 37.267109355000059 ], [ -3.164623528999925, 37.267332298000042 ], [ -3.160394036999946, 37.261803734000068 ], [ -3.157212275999939, 37.263869555000042 ], [ -3.149615, 37.260898499000064 ], [ -3.152880499999981, 37.207694999000068 ], [ -3.168775081999968, 37.200838971000053 ] ] ] } },
{ "type": "Feature", "properties": { "code": "18050", "name": "Cogollos de la Vega" }, "geometry": { "type": "Polygon", "coordinates": [ [ [ -3.489293, 37.327007499000047 ], [ -3.486809107999932, 37.317211601000054 ], [ -3.491491217999965, 37.30615634000003 ], [ -3.500722257999939, 37.300667123000039 ], [ -3.507362641999975, 37.291865044000076 ], [ -3.505588, 37.280742499000041 ], [ -3.53522411299997, 37.280212130000052 ], [ -3.546939778999956, 37.274722759000042 ], [ -3.557388684999978, 37.274902739000026 ], [ -3.580962499999941, 37.267158499000061 ], [ -3.590339788999927, 37.270607357000074 ], [ -3.594217920999938, 37.275887484000066 ], [ -3.610561938999979, 37.278744257000028 ], [ -3.613226477999945, 37.289556225000069 ], [ -3.622018899999944, 37.29401630600006 ], [ -3.626555805999942, 37.301474469000027 ], [ -3.638466, 37.301112499000055 ], [ -3.638209077999932, 37.304785521000042 ], [ -3.62850943799998, 37.310744385000078 ], [ -3.627631, 37.316920999000047 ], [ -3.611839810999925, 37.321913443000028 ], [ -3.586668890999931, 37.308296651000035 ], [ -3.559900499999969, 37.313815999000042 ], [ -3.538782122999976, 37.31364153800007 ], [ -3.516014164999945, 37.325846270000056 ], [ -3.501448816999925, 37.324305638000055 ], [ -3.489293, 37.327007499000047 ] ] ] } },
{ "type": "Feature", "properties": { "code": "18051", "name": "Colomera" }, "geometry": { "type": "MultiPolygon", "coordinates": [ [ [ [ -3.701466, 37.448173499000063 ], [ -3.695790452999972, 37.443532278000077 ], [ -3.69906307399998, 37.436234256000034 ], [ -3.691256546999966, 37.42526969100004 ], [ -3.68126747599996, 37.417426626000065 ], [ -3.647212691999925, 37.422689435000052 ], [ -3.646744499999954, 37.436214499000073 ], [ -3.643370310999956, 37.432674888000065 ], [ -3.643566591999956, 37.424763300000052 ], [ -3.638541627999928, 37.419188551000047 ], [ -3.637573919999966, 37.403573833000053 ], [ -3.647639499999968, 37.399688499000035 ], [ -3.663466878999941, 37.385760066000046 ], [ -3.663170517999959, 37.37245609100006 ], [ -3.67197411099994, 37.365405218000035 ], [ -3.672094124999944, 37.358258029000069 ], [ -3.678902368999957, 37.355255303000035 ], [ -3.683433827999977, 37.348436149000065 ], [ -3.675532854999972, 37.321111242000029 ], [ -3.693861092999953, 37.320852341000034 ], [ -3.704476694999926, 37.31668026300008 ], [ -3.706733997999947, 37.312115774000063 ], [ -3.705180499999926, 37.305297999000061 ], [ -3.712075, 37.302875499000038 ], [ -3.725641279999934, 37.307853269000077 ], [ -3.744721757999969, 37.344775994000031 ], [ -3.756541248999952, 37.356512181000028 ], [ -3.765473802999963, 37.402342263000037 ], [ -3.774002947999975, 37.410775385000079 ], [ -3.782603, 37.428455499000052 ], [ -3.767626194999934, 37.431431399000076 ], [ -3.770558543999925, 37.445159582000031 ], [ -3.767666609999935, 37.451607867000064 ], [ -3.758190389999925, 37.448954903000072 ], [ -3.757587623999939, 37.440592872000025 ], [ -3.73908294599994, 37.434345162000056 ], [ -3.738026592999972, 37.428574403000027 ], [ -3.732375137999952, 37.431360156000039 ], [ -3.730227614999933, 37.441686572000037 ], [ -3.706780203999926, 37.443934180000042 ], [ -3.701466, 37.448173499000063 ] ] ], [ [ [ -3.682295499999952, 37.450004999000043 ], [ -3.663161499999944, 37.451980499000058 ], [ -3.662856499999975, 37.449405499000079 ], [ -3.665856499999961, 37.443565499000044 ], [ -3.676004, 37.441882999000029 ], [ -3.682295499999952, 37.450004999000043 ] ] ] ] } },
{ "type": "Feature", "properties": { "code": "18053", "name": "Cortes de Baza" }, "geometry": { "type": "Polygon", "coordinates": [ [ [ -2.763833, 37.709232499000052 ], [ -2.753085957999929, 37.707447386000069 ], [ -2.743201608999925, 37.698399269000049 ], [ -2.743491928999958, 37.693667576000053 ], [ -2.737489260999951, 37.683576685000048 ], [ -2.72742855499996, 37.673910017000026 ], [ -2.72761879199993, 37.662109088000079 ], [ -2.743531550999933, 37.649135799000078 ], [ -2.747651598999937, 37.625682614000027 ], [ -2.758991868999942, 37.621707151000066 ], [ -2.783349190999957, 37.619461124000054 ], [ -2.783796499999937, 37.616847999000072 ], [ -2.795200041999976, 37.620483963000027 ], [ -2.804729152999926, 37.628709256000036 ], [ -2.820702466999933, 37.63241959700008 ], [ -2.829943, 37.644588499000065 ], [ -2.835092920999955, 37.647810893000042 ], [ -2.85303195299997, 37.665841611000076 ], [ -2.862890756999946, 37.682372335000025 ], [ -2.876611232999949, 37.688206793000063 ], [ -2.884035499999925, 37.681335499000056 ], [ -2.896298715999933, 37.683931822000034 ], [ -2.900507642999969, 37.687571644000059 ], [ -2.904037517999939, 37.707433864000052 ], [ -2.901137391999953, 37.721807235000028 ], [ -2.906606317999945, 37.728875475000052 ], [ -2.903006122999955, 37.739038707000077 ], [ -2.903053322999938, 37.75163869000005 ], [ -2.890053, 37.761481999000068 ], [ -2.880292, 37.759963999000036 ], [ -2.86142435499994, 37.74917544300007 ], [ -2.844910655999968, 37.75283887300003 ], [ -2.835092920999955, 37.744469215000038 ], [ -2.828321, 37.748019999000064 ], [ -2.822803499999964, 37.743625499000075 ], [ -2.815819499999975, 37.735790499000075 ], [ -2.807533499999977, 37.722915499000067 ], [ -2.802821, 37.719993499000054 ], [ -2.789571, 37.714652999000066 ], [ -2.779345499999977, 37.711517499000024 ], [ -2.763833, 37.709232499000052 ] ] ] } },
{ "type": "Feature", "properties": { "code": "18054", "name": "Cortes y Graena" }, "geometry": { "type": "Polygon", "coordinates": [ [ [ -3.226453499999934, 37.287738999000055 ], [ -3.235121968999977, 37.289524122000046 ], [ -3.24182669299995, 37.283157402000029 ], [ -3.247317126999974, 37.275356113000043 ], [ -3.248115, 37.260646999000073 ], [ -3.251172, 37.243430999000054 ], [ -3.25906649999996, 37.253871999000069 ], [ -3.260587493999935, 37.268017508000071 ], [ -3.252228528999979, 37.284197960000029 ], [ -3.248429947999966, 37.309029151000061 ], [ -3.253948295999976, 37.313213567000048 ], [ -3.262808649999954, 37.314795051000033 ], [ -3.266311499999972, 37.322887499000046 ], [ -3.232831, 37.330920499000058 ], [ -3.227015717999961, 37.327202873000033 ], [ -3.220176837999929, 37.329504555000028 ], [ -3.207423640999934, 37.326348620000033 ], [ -3.201471499999968, 37.310089499000071 ], [ -3.206993332999957, 37.30589438800007 ], [ -3.212816335999946, 37.293925549000051 ], [ -3.226453499999934, 37.287738999000055 ] ] ] } },
{ "type": "Feature", "properties": { "code": "18056", "name": "Cúllar" }, "geometry": { "type": "Polygon", "coordinates": [ [ [ -2.571196499999928, 37.442668999000034 ], [ -2.57605198899995, 37.447721929000068 ], [ -2.585162499999967, 37.470428499000036 ], [ -2.591974324999967, 37.48430460600008 ], [ -2.595750912999961, 37.50064842300003 ], [ -2.621398211999974, 37.506508067000027 ], [ -2.631238400999962, 37.511783414000035 ], [ -2.642229542999928, 37.511450455000045 ], [ -2.649813119999976, 37.518902929000035 ], [ -2.655868829999974, 37.530091482000046 ], [ -2.652146702999971, 37.554102765000039 ], [ -2.666214574999969, 37.580870211000047 ], [ -2.665051621999964, 37.589794758000039 ], [ -2.646593641999971, 37.595498227000064 ], [ -2.63672708799993, 37.60312686900005 ], [ -2.633058000999938, 37.622684349000053 ], [ -2.617735004999929, 37.623726934000047 ], [ -2.612736922999943, 37.62864157000007 ], [ -2.631444374999944, 37.657869679000044 ], [ -2.63082049999997, 37.665480999000067 ], [ -2.594566836999945, 37.671017333000066 ], [ -2.567092177999939, 37.671092080000051 ], [ -2.528204163999931, 37.657751468000072 ], [ -2.50693549999994, 37.654937999000026 ], [ -2.496318563999978, 37.648324623000065 ], [ -2.462048219999929, 37.637575137000056 ], [ -2.410885943999972, 37.629249375000029 ], [ -2.402132062999954, 37.635268532000055 ], [ -2.391248499999961, 37.632495999000071 ], [ -2.388035572999968, 37.618364339000038 ], [ -2.375565611999946, 37.610711699000035 ], [ -2.368584453999972, 37.593066711000063 ], [ -2.370089509999957, 37.582346023000071 ], [ -2.373500747999969, 37.578749402000028 ], [ -2.368385830999955, 37.57157966300008 ], [ -2.367716392999967, 37.564718420000077 ], [ -2.373083701999974, 37.557285300000046 ], [ -2.355707499999937, 37.547000999000034 ], [ -2.359911980999925, 37.537257212000043 ], [ -2.358888226999966, 37.523842498000079 ], [ -2.361478488999978, 37.520855363000067 ], [ -2.381323241999951, 37.522461873000054 ], [ -2.39845053099998, 37.514139691000025 ], [ -2.410644159999947, 37.524548752000044 ], [ -2.417947931999947, 37.515388630000075 ], [ -2.43483546799996, 37.510161139000047 ], [ -2.456282848999933, 37.509127499000044 ], [ -2.459350851999943, 37.507183618000056 ], [ -2.459234, 37.503168499000026 ], [ -2.461110332999965, 37.498626334000051 ], [ -2.45816597399994, 37.491751640000075 ], [ -2.461245224999971, 37.489183997000055 ], [ -2.475030151999931, 37.483584200000053 ], [ -2.503652932999955, 37.483123896000052 ], [ -2.514408, 37.47791649900006 ], [ -2.535036, 37.46205549900003 ], [ -2.564892654999937, 37.448324301000071 ], [ -2.571196499999928, 37.442668999000034 ] ] ] } },
{ "type": "Feature", "properties": { "code": "18057", "name": "Cúllar Vega" }, "geometry": { "type": "Polygon", "coordinates": [ [ [ -3.660326, 37.163009499000054 ], [ -3.66066, 37.159762999000066 ], [ -3.65797, 37.148536499000045 ], [ -3.666722032999928, 37.148920057000055 ], [ -3.686534664999954, 37.158894356000076 ], [ -3.697371504999978, 37.155734452000047 ], [ -3.70418449999994, 37.159438999000031 ], [ -3.704637913999932, 37.163296334000052 ], [ -3.693828325999959, 37.163125020000052 ], [ -3.688507134999952, 37.166825410000058 ], [ -3.674057900999969, 37.164864961000035 ], [ -3.669126176999953, 37.16157686400004 ], [ -3.660326, 37.163009499000054 ] ] ] } },
{ "type": "Feature", "properties": { "code": "18059", "name": "Chauchina" }, "geometry": { "type": "Polygon", "coordinates": [ [ [ -3.801503499999967, 37.206371499000056 ], [ -3.754707499999938, 37.210357999000053 ], [ -3.754599496999958, 37.20551041300007 ], [ -3.768191916999967, 37.197039851000056 ], [ -3.773974962999944, 37.175938754000072 ], [ -3.771667866999962, 37.165715831000057 ], [ -3.778067, 37.151759999000035 ], [ -3.779649616999961, 37.145299655000031 ], [ -3.787279443999978, 37.137810736000063 ], [ -3.793636131999961, 37.141773625000042 ], [ -3.798301979999962, 37.150515177000045 ], [ -3.810474499999941, 37.157760499000062 ], [ -3.804625587999965, 37.177960094000071 ], [ -3.803698148999956, 37.203431581000075 ], [ -3.801503499999967, 37.206371499000056 ] ] ] } },
{ "type": "Feature", "properties": { "code": "18061", "name": "Chimeneas" }, "geometry": { "type": "Polygon", "coordinates": [ [ [ -3.897957, 37.090728499000079 ], [ -3.897694532999935, 37.099102654000035 ], [ -3.902971391999927, 37.117281407000064 ], [ -3.908507090999933, 37.123104203000025 ], [ -3.918233499999928, 37.123454999000046 ], [ -3.938425499999937, 37.142379499000072 ], [ -3.933654678999972, 37.146649576000073 ], [ -3.917951889999927, 37.149471207000033 ], [ -3.897312, 37.159209999000041 ], [ -3.858497499999942, 37.15800099900008 ], [ -3.86109498899998, 37.147845888000063 ], [ -3.856380673999979, 37.143392878000043 ], [ -3.847119640999949, 37.147480743000074 ], [ -3.815028449999943, 37.14653185700007 ], [ -3.810474499999941, 37.157760499000062 ], [ -3.798301979999962, 37.150515177000045 ], [ -3.793636131999961, 37.141773625000042 ], [ -3.787279443999978, 37.137810736000063 ], [ -3.779649616999961, 37.145299655000031 ], [ -3.778067, 37.151759999000035 ], [ -3.757575541999927, 37.146646842000052 ], [ -3.747673, 37.13462049900005 ], [ -3.752161, 37.127353499000037 ], [ -3.750663, 37.124965499000041 ], [ -3.757032, 37.118064999000069 ], [ -3.769827126999928, 37.122856641000055 ], [ -3.77868131799994, 37.122440347000065 ], [ -3.779451864999942, 37.115759346000061 ], [ -3.765710638999963, 37.107266247000041 ], [ -3.761128970999948, 37.098204378000048 ], [ -3.764786198999957, 37.094700301000046 ], [ -3.780095499999959, 37.094814499000051 ], [ -3.787570337999966, 37.102512173000036 ], [ -3.792452284999968, 37.103393900000071 ], [ -3.811730668999928, 37.091600059000029 ], [ -3.821502616999965, 37.089500417000068 ], [ -3.831830113999956, 37.09616485500004 ], [ -3.84179680099993, 37.108430026000065 ], [ -3.845971934999966, 37.091945305000024 ], [ -3.857076715999938, 37.091778333000036 ], [ -3.86298401099998, 37.075505288000045 ], [ -3.884895, 37.069667999000046 ], [ -3.891534, 37.072907501000032 ], [ -3.88988145999997, 37.078161687000033 ], [ -3.897957, 37.090728499000079 ] ] ] } },
{ "type": "Feature", "properties": { "code": "18062", "name": "Churriana de la Vega" }, "geometry": { "type": "Polygon", "coordinates": [ [ [ -3.629834499999959, 37.138396999000065 ], [ -3.637274499999933, 37.128783999000063 ], [ -3.645354552999947, 37.139402181000037 ], [ -3.65797, 37.148536499000045 ], [ -3.66066, 37.159762999000066 ], [ -3.660326, 37.163009499000054 ], [ -3.654979, 37.164741499000058 ], [ -3.653967601999966, 37.161259641000072 ], [ -3.630377, 37.160270499000035 ], [ -3.625653715999931, 37.154212704000031 ], [ -3.631727423999962, 37.143026255000052 ], [ -3.629834499999959, 37.138396999000065 ] ] ] } },
{ "type": "Feature", "properties": { "code": "18063", "name": "Darro" }, "geometry": { "type": "Polygon", "coordinates": [ [ [ -3.232831, 37.330920499000058 ], [ -3.266311499999972, 37.322887499000046 ], [ -3.275515306999978, 37.328322431000061 ], [ -3.285315676999971, 37.339905757000054 ], [ -3.301441980999925, 37.339444090000029 ], [ -3.316061802999968, 37.344606141000042 ], [ -3.316909521999946, 37.351525575000039 ], [ -3.32166049999995, 37.356612999000049 ], [ -3.325133, 37.365852499000027 ], [ -3.327764499999944, 37.36549399900008 ], [ -3.330307499999947, 37.363776999000038 ], [ -3.336717, 37.362403999000037 ], [ -3.343925499999955, 37.362914999000054 ], [ -3.349928, 37.361953499000037 ], [ -3.343953499999941, 37.383979999000076 ], [ -3.341433499999937, 37.386923499000034 ], [ -3.339168499999971, 37.387572999000042 ], [ -3.335605499999929, 37.381885499000077 ], [ -3.324601499999972, 37.38136649900008 ], [ -3.322723, 37.389052499000059 ], [ -3.285894544999962, 37.398682167000061 ], [ -3.27704992699995, 37.392888396000046 ], [ -3.250466499999959, 37.396248999000079 ], [ -3.241408843999977, 37.382777218000058 ], [ -3.235434804999954, 37.364790835000065 ], [ -3.260529479999946, 37.356158550000032 ], [ -3.248668499999951, 37.341142499000057 ], [ -3.232831, 37.330920499000058 ] ] ] } },
{ "type": "Feature", "properties": { "code": "18064", "name": "Dehesas de Guadix" }, "geometry": { "type": "MultiPolygon", "coordinates": [ [ [ [ -3.156848499999967, 37.577945999000065 ], [ -3.159577, 37.587910499000031 ], [ -3.152664100999971, 37.589642905000062 ], [ -3.13893305299996, 37.58741107600008 ], [ -3.125211375999925, 37.59334352500008 ], [ -3.115963264999948, 37.59114766700003 ], [ -3.114508023999974, 37.597557460000075 ], [ -3.120144351999954, 37.60209511100004 ], [ -3.11652, 37.608131499000081 ], [ -3.10093558899996, 37.605255577000037 ], [ -3.091692499999965, 37.596572999000045 ], [ -3.058482847999926, 37.607050491000052 ], [ -3.049481008999976, 37.618115561000025 ], [ -3.036199374999967, 37.61815520600004 ], [ -3.022494588999962, 37.611163121000061 ], [ -3.008215499999949, 37.60797149900003 ], [ -2.996212519999972, 37.603612613000053 ], [ -2.97818, 37.602767999000037 ], [ -2.975579332999928, 37.59194971800008 ], [ -2.962794, 37.581176999000036 ], [ -2.987723967999955, 37.577582480000046 ], [ -2.998121, 37.568275499000038 ], [ -3.004330385999936, 37.57101586400006 ], [ -3.008247895999943, 37.578515128000049 ], [ -3.007132186999968, 37.582958090000034 ], [ -3.015580861999979, 37.590092407000043 ], [ -3.06329, 37.579589999000063 ], [ -3.070132250999961, 37.57140699100006 ], [ -3.071806488999925, 37.562205464000044 ], [ -3.084230577999961, 37.560983413000031 ], [ -3.102425346999951, 37.568775489000075 ], [ -3.118238652999935, 37.567648316000032 ], [ -3.156848499999967, 37.577945999000065 ] ] ], [ [ [ -3.168775081999968, 37.640361649000056 ], [ -3.147838, 37.625934499000039 ], [ -3.14291, 37.621497999000042 ], [ -3.177755280999975, 37.639889177000043 ], [ -3.210658241999965, 37.638953767000032 ], [ -3.239137225999968, 37.630629512000041 ], [ -3.263588499999969, 37.631282499000065 ], [ -3.260252298999944, 37.639113421000047 ], [ -3.232869207999954, 37.638251697000044 ], [ -3.214900884999963, 37.643998389000046 ], [ -3.18382801499996, 37.64429382600008 ], [ -3.171554817999947, 37.642277086000036 ], [ -3.168775081999968, 37.640361649000056 ] ] ] ] } },
{ "type": "Feature", "properties": { "code": "18065", "name": "Dehesas Viejas" }, "geometry": { "type": "Polygon", "coordinates": [ [ [ -3.544026499999973, 37.472601999000062 ], [ -3.576419942999962, 37.464370146000078 ], [ -3.579077896999934, 37.473710021000045 ], [ -3.587143499999968, 37.475842999000065 ], [ -3.583987763999971, 37.484621725000068 ], [ -3.567525279999927, 37.491829346000031 ], [ -3.571718636999947, 37.499463596000055 ], [ -3.570308015999956, 37.509128712000063 ], [ -3.567031, 37.511067499000035 ], [ -3.554025371999955, 37.506747912000037 ], [ -3.532482805999962, 37.481743542000061 ], [ -3.532198841999957, 37.47844884400007 ], [ -3.544026499999973, 37.472601999000062 ] ] ] } },
{ "type": "Feature", "properties": { "code": "18066", "name": "Deifontes" }, "geometry": { "type": "Polygon", "coordinates": [ [ [ -3.627631, 37.316920999000047 ], [ -3.628650923999942, 37.336612243000047 ], [ -3.620185363999951, 37.35623307000003 ], [ -3.639167464999957, 37.380944904000046 ], [ -3.639381130999936, 37.389972226000054 ], [ -3.634683499999937, 37.392116499000053 ], [ -3.618166569999971, 37.361922694000043 ], [ -3.612219628999981, 37.367543429000079 ], [ -3.613468290999947, 37.389359044000059 ], [ -3.604162866999957, 37.383902502000069 ], [ -3.602044346999946, 37.389090679000049 ], [ -3.596042669999974, 37.385369628000035 ], [ -3.595885082999928, 37.376879338000037 ], [ -3.591030100999944, 37.373979864000034 ], [ -3.589607280999928, 37.368831545000035 ], [ -3.576745906999975, 37.375669607000077 ], [ -3.569239095999933, 37.37471524700004 ], [ -3.569938307999962, 37.349568622000049 ], [ -3.549399588999961, 37.339884702000063 ], [ -3.55756454699997, 37.32671558100003 ], [ -3.559900499999969, 37.313815999000042 ], [ -3.586668890999931, 37.308296651000035 ], [ -3.611839810999925, 37.321913443000028 ], [ -3.627631, 37.316920999000047 ] ] ] } },
{ "type": "Feature", "properties": { "code": "18067", "name": "Diezma" }, "geometry": { "type": "Polygon", "coordinates": [ [ [ -3.375031, 37.284644999000079 ], [ -3.378371499999957, 37.28236399900004 ], [ -3.383814, 37.28123449900005 ], [ -3.38380112699997, 37.295759300000043 ], [ -3.395391578999977, 37.31557328100007 ], [ -3.390597386999957, 37.324486905000072 ], [ -3.386908658999971, 37.343056722000028 ], [ -3.376974, 37.357227499000032 ], [ -3.346768499999939, 37.362647999000046 ], [ -3.336717, 37.362403999000037 ], [ -3.330307499999947, 37.363776999000038 ], [ -3.327764499999944, 37.36549399900008 ], [ -3.325133, 37.365852499000027 ], [ -3.32166049999995, 37.356612999000049 ], [ -3.341418843999975, 37.351071973000046 ], [ -3.338200735999976, 37.336770620000038 ], [ -3.293721327999947, 37.32440424300006 ], [ -3.288421013999937, 37.315575199000079 ], [ -3.314615699999933, 37.310255703000053 ], [ -3.334995898999978, 37.300405030000036 ], [ -3.364085426999964, 37.298144434000051 ], [ -3.375031, 37.284644999000079 ] ] ] } },
{ "type": "Feature", "properties": { "code": "18068", "name": "Dílar" }, "geometry": { "type": "Polygon", "coordinates": [ [ [ -3.405176, 37.039764499000057 ], [ -3.414587779999977, 37.042250909000074 ], [ -3.420126939999932, 37.052780121000069 ], [ -3.432420979999961, 37.05562529000008 ], [ -3.454783543999952, 37.054230437000058 ], [ -3.480458757999941, 37.045489309000061 ], [ -3.502726975999963, 37.052763933000051 ], [ -3.519066617999954, 37.049949050000066 ], [ -3.532086765999964, 37.051242715000058 ], [ -3.565726, 37.040344499000071 ], [ -3.580037778999952, 37.043666603000077 ], [ -3.593237813999963, 37.04007701300003 ], [ -3.624732239999958, 37.048321408000049 ], [ -3.647429946999978, 37.049866155000075 ], [ -3.650675499999977, 37.055377999000029 ], [ -3.649097, 37.053592499000047 ], [ -3.639568499999939, 37.064044999000032 ], [ -3.636948, 37.065482999000039 ], [ -3.635001, 37.069350999000051 ], [ -3.632482499999981, 37.069484999000053 ], [ -3.62727, 37.073081999000067 ], [ -3.616723, 37.083438999000066 ], [ -3.60981, 37.088756499000056 ], [ -3.593812539999931, 37.082555100000036 ], [ -3.545058, 37.076005999000074 ], [ -3.532425499999931, 37.081756499000051 ], [ -3.489826410999967, 37.079410954000025 ], [ -3.470004059999951, 37.071408915000063 ], [ -3.453412320999973, 37.078893380000068 ], [ -3.416887109999948, 37.076078342000073 ], [ -3.399180372999979, 37.071088634000034 ], [ -3.388413971999967, 37.063807429000065 ], [ -3.365682499999934, 37.056045499000049 ], [ -3.372415908999926, 37.04843539500007 ], [ -3.392675499999939, 37.040572999000062 ], [ -3.405176, 37.039764499000057 ] ] ] } },
{ "type": "Feature", "properties": { "code": "18069", "name": "Dólar" }, "geometry": { "type": "MultiPolygon", "coordinates": [ [ [ [ -2.830359499999929, 37.280105499000058 ], [ -2.835092920999955, 37.277940612000066 ], [ -2.843793270999925, 37.279261836000046 ], [ -2.851074851999954, 37.275636791000068 ], [ -2.860086068999976, 37.25025232400003 ], [ -2.869419, 37.24556349900007 ], [ -2.873897266999961, 37.249032607000061 ], [ -2.877408729999956, 37.258867463000058 ], [ -2.899437528999954, 37.254496674000052 ], [ -2.90360250599997, 37.256936306000057 ], [ -2.904518499999938, 37.264495999000076 ], [ -2.89237695199995, 37.280383192000045 ], [ -2.87192646699998, 37.29334687100004 ], [ -2.861978, 37.312877499000024 ], [ -2.852791009999976, 37.293769484000052 ], [ -2.847176967999928, 37.294539433000068 ], [ -2.832432963999963, 37.287258508000036 ], [ -2.832831520999946, 37.282514871000046 ], [ -2.830359499999929, 37.280105499000058 ] ] ], [ [ [ -2.976799, 37.27177049900007 ], [ -2.964892728999928, 37.272418808000054 ], [ -2.95539746399993, 37.268446356000027 ], [ -2.947091761999957, 37.270446048000053 ], [ -2.941202372999953, 37.276143398000045 ], [ -2.925274344999934, 37.266285785000036 ], [ -2.926977, 37.261329499000055 ], [ -2.950903601999926, 37.24491794100004 ], [ -2.961247835999927, 37.229729273000032 ], [ -2.971183487999951, 37.223836166000069 ], [ -2.986011, 37.233596999000042 ], [ -2.979884114999948, 37.242093981000039 ], [ -2.976799, 37.27177049900007 ] ] ], [ [ [ -2.995989, 37.226532499000029 ], [ -2.985470541999973, 37.227932206000048 ], [ -2.976274559999979, 37.217640033000066 ], [ -2.97789602499995, 37.203027889000055 ], [ -2.969791240999939, 37.195966385000077 ], [ -2.971181255999966, 37.184691993000058 ], [ -2.968099866999978, 37.169555279000065 ], [ -2.980765187999964, 37.144954614000028 ], [ -2.992886871999929, 37.140357103000042 ], [ -2.988495083999965, 37.118549763000033 ], [ -2.995246444999964, 37.108740485000055 ], [ -2.99648, 37.095722499000033 ], [ -3.003455583999937, 37.097144368000045 ], [ -3.015007, 37.113292999000066 ], [ -3.012316718999955, 37.122761972000035 ], [ -3.02076268899998, 37.148218358000065 ], [ -3.020254745999978, 37.158272755000041 ], [ -3.015698699999973, 37.165895201000069 ], [ -3.016441233999956, 37.195056631000057 ], [ -2.995989, 37.226532499000029 ] ] ] ] } },
{ "type": "Feature", "properties": { "code": "18070", "name": "Dúdar" }, "geometry": { "type": "Polygon", "coordinates": [ [ [ -3.482107, 37.202014999000028 ], [ -3.479115070999967, 37.199162440000066 ], [ -3.47993663099993, 37.187556417000053 ], [ -3.470658499999956, 37.173156499000072 ], [ -3.474999499999967, 37.169902499000045 ], [ -3.49397264199996, 37.169494615000076 ], [ -3.511305499999935, 37.18194599900005 ], [ -3.497340271999974, 37.190476157000035 ], [ -3.502835158999972, 37.198663650000071 ], [ -3.497894499999973, 37.205138999000042 ], [ -3.482107, 37.202014999000028 ] ] ] } },
{ "type": "Feature", "properties": { "code": "18071", "name": "Dúrcal" }, "geometry": { "type": "Polygon", "coordinates": [ [ [ -3.603235499999926, 37.000118999000051 ], [ -3.599764171999936, 37.007926762000068 ], [ -3.575413626999932, 37.021307187000048 ], [ -3.573048594999932, 37.032300457000076 ], [ -3.565726, 37.040344499000071 ], [ -3.532086765999964, 37.051242715000058 ], [ -3.519066617999954, 37.049949050000066 ], [ -3.502726975999963, 37.052763933000051 ], [ -3.480458757999941, 37.045489309000061 ], [ -3.454783543999952, 37.054230437000058 ], [ -3.432420979999961, 37.05562529000008 ], [ -3.420126939999932, 37.052780121000069 ], [ -3.414587779999977, 37.042250909000074 ], [ -3.405176, 37.039764499000057 ], [ -3.416730469999948, 37.029578428000036 ], [ -3.431758944999956, 37.022466001000055 ], [ -3.439924110999925, 37.014962237000077 ], [ -3.439627, 37.01192099900004 ], [ -3.47328754199998, 37.017746368000076 ], [ -3.485299268999938, 37.011755624000045 ], [ -3.497643161999974, 37.011693042000047 ], [ -3.524221645999944, 37.002719718000037 ], [ -3.532844715999943, 36.998783417000027 ], [ -3.539131840999971, 36.988894196000047 ], [ -3.559398914999974, 36.977674547000049 ], [ -3.573492, 36.964980999000034 ], [ -3.583829666999975, 36.972201704000042 ], [ -3.582299444999933, 36.977749561000053 ], [ -3.586841639999932, 36.98170149300006 ], [ -3.581823045999954, 36.988626697000029 ], [ -3.583171718999949, 36.993707963000077 ], [ -3.589231499999926, 36.998189869000043 ], [ -3.603235499999926, 37.000118999000051 ] ] ] } },
{ "type": "Feature", "properties": { "code": "18072", "name": "Escúzar" }, "geometry": { "type": "Polygon", "coordinates": [ [ [ -3.828706, 37.036594499000046 ], [ -3.81997754899993, 37.040153544000077 ], [ -3.817554332999975, 37.045601269000031 ], [ -3.810060801999953, 37.048891900000058 ], [ -3.803850931999932, 37.073763055000029 ], [ -3.77942653599996, 37.081596930000046 ], [ -3.77924, 37.091377499000032 ], [ -3.774695353999959, 37.090725475000056 ], [ -3.77162950099995, 37.083987364000052 ], [ -3.752651005999951, 37.088953500000059 ], [ -3.744923522999954, 37.083802221000042 ], [ -3.743630043999929, 37.078012429000069 ], [ -3.734501111999975, 37.074955451000051 ], [ -3.727582499999926, 37.076179499000034 ], [ -3.732080030999953, 37.065778530000046 ], [ -3.732296318999943, 37.047529291000046 ], [ -3.741327587999933, 37.036466307000069 ], [ -3.763696747999973, 37.034401071000048 ], [ -3.760377622999954, 37.02581067400007 ], [ -3.765582499999937, 37.016769499000077 ], [ -3.785340847999976, 37.019610825000029 ], [ -3.817982699999959, 37.016106180000065 ], [ -3.825772486999938, 37.026930316000062 ], [ -3.828706, 37.036594499000046 ] ] ] } },
{ "type": "Feature", "properties": { "code": "18074", "name": "Ferreira" }, "geometry": { "type": "MultiPolygon", "coordinates": [ [ [ [ -2.976799, 37.27177049900007 ], [ -2.979884114999948, 37.242093981000039 ], [ -2.986011, 37.233596999000042 ], [ -2.997003, 37.23596199900004 ], [ -3.00638349999997, 37.241153999000062 ], [ -2.992757880999932, 37.250914918000035 ], [ -2.980431499999952, 37.27179699900006 ], [ -2.976799, 37.27177049900007 ] ] ], [ [ [ -3.051730499999962, 37.157214999000075 ], [ -3.046364750999942, 37.17803757400003 ], [ -3.052288978999968, 37.18495757200003 ], [ -3.053344212999946, 37.195065536000072 ], [ -3.04240075499996, 37.209170273000041 ], [ -3.012021, 37.235915999000042 ], [ -3.008986499999935, 37.235084499000038 ], [ -2.995989, 37.226532499000029 ], [ -3.016441233999956, 37.195056631000057 ], [ -3.015698699999973, 37.165895201000069 ], [ -3.020254745999978, 37.158272755000041 ], [ -3.02076268899998, 37.148218358000065 ], [ -3.012316718999955, 37.122761972000035 ], [ -3.015007, 37.113292999000066 ], [ -3.025948165999978, 37.115628364000031 ], [ -3.029572499999972, 37.113261999000031 ], [ -3.033656, 37.10678099900008 ], [ -3.041272, 37.101737999000079 ], [ -3.050495181999963, 37.11688629300005 ], [ -3.046386064999979, 37.123960941000064 ], [ -3.049047305999977, 37.137373255000057 ], [ -3.046987811999941, 37.145663252000077 ], [ -3.051730499999962, 37.157214999000075 ] ] ] ] } },
{ "type": "Feature", "properties": { "code": "18076", "name": "Fonelas" }, "geometry": { "type": "Polygon", "coordinates": [ [ [ -3.168775081999968, 37.37276064200006 ], [ -3.174742052999932, 37.369961529000079 ], [ -3.176759644999947, 37.362726704000067 ], [ -3.184145499999943, 37.361514999000065 ], [ -3.186229630999946, 37.368653346000031 ], [ -3.18337358499997, 37.382803060000072 ], [ -3.195650499999942, 37.382060499000033 ], [ -3.21046367799994, 37.391015527000036 ], [ -3.235071499999947, 37.396716999000034 ], [ -3.224481803999936, 37.408165139000062 ], [ -3.228690903999961, 37.432952271000033 ], [ -3.219719861999977, 37.440870983000025 ], [ -3.224455102999968, 37.44573622300004 ], [ -3.234946, 37.44614849900006 ], [ -3.230811614999936, 37.451966606000042 ], [ -3.219504434999976, 37.453528789000075 ], [ -3.216487821999976, 37.458449700000074 ], [ -3.202449951999938, 37.454046891000075 ], [ -3.196843975999968, 37.454968454000038 ], [ -3.183010575999958, 37.471235222000075 ], [ -3.175309664999929, 37.473667467000041 ], [ -3.163088499999958, 37.48699349900005 ], [ -3.143842372999927, 37.488803154000038 ], [ -3.138038481999956, 37.478887590000056 ], [ -3.137631733999967, 37.472091162000027 ], [ -3.126192499999945, 37.465003999000032 ], [ -3.126311286999965, 37.461923324000054 ], [ -3.139157323999939, 37.450368852000054 ], [ -3.137844037999969, 37.442944139000076 ], [ -3.121703465999929, 37.428120598000078 ], [ -3.119805046999943, 37.418219309000051 ], [ -3.105009191999955, 37.393991522000078 ], [ -3.10545011499994, 37.368460360000029 ], [ -3.107615002999978, 37.366120394000063 ], [ -3.116551357999981, 37.368000455000072 ], [ -3.135417134999955, 37.389824800000042 ], [ -3.138107376999926, 37.387385509000069 ], [ -3.136658172999944, 37.377932970000074 ], [ -3.156272, 37.371695499000054 ], [ -3.166549418999978, 37.373804703000076 ], [ -3.168775081999968, 37.37276064200006 ] ] ] } },
{ "type": "Feature", "properties": { "code": "18077", "name": "Fornes" }, "geometry": { "type": "Polygon", "coordinates": [ [ [ -3.823628499999927, 36.985467999000036 ], [ -3.827528522999955, 36.969620761000044 ], [ -3.847073829999943, 36.961465405000069 ], [ -3.850601465999944, 36.957439071000067 ], [ -3.841050001999974, 36.937882364000075 ], [ -3.823925218999932, 36.922468514000059 ], [ -3.829077499999926, 36.907566999000039 ], [ -3.853124645999969, 36.930641207000065 ], [ -3.871623959999965, 36.963581466000051 ], [ -3.869685573999959, 36.97093548600003 ], [ -3.864539296999965, 36.975571984000055 ], [ -3.837404732999971, 36.978970055000048 ], [ -3.823628499999927, 36.985467999000036 ] ] ] } },
{ "type": "Feature", "properties": { "code": "18078", "name": "Freila" }, "geometry": { "type": "MultiPolygon", "coordinates": [ [ [ [ -2.962794, 37.581176999000036 ], [ -2.955022, 37.566986499000052 ], [ -2.95523, 37.561172499000065 ], [ -2.96272027599997, 37.559806170000059 ], [ -2.969234845999949, 37.542390552000029 ], [ -2.999095499999953, 37.546058999000024 ], [ -3.013330135999979, 37.552626523000072 ], [ -3.009455959999968, 37.562222432000056 ], [ -2.998121, 37.568275499000038 ], [ -2.987723967999955, 37.577582480000046 ], [ -2.962794, 37.581176999000036 ] ] ], [ [ [ -2.95523, 37.561172499000065 ], [ -2.946849481999948, 37.560347196000066 ], [ -2.935306546999925, 37.570684241000038 ], [ -2.924647170999947, 37.570278391000045 ], [ -2.919290961999934, 37.566488906000075 ], [ -2.907030499999962, 37.567870999000036 ], [ -2.906265, 37.563937999000075 ], [ -2.895161, 37.56150449900008 ], [ -2.893034, 37.559707499000069 ], [ -2.891748, 37.548297999000056 ], [ -2.89348949999993, 37.542423499000051 ], [ -2.890846, 37.531268999000076 ], [ -2.887679, 37.522098499000037 ], [ -2.878093499999977, 37.501273999000034 ], [ -2.866316, 37.494384499000034 ], [ -2.867419826999935, 37.483963582000058 ], [ -2.873061639999946, 37.476472537000063 ], [ -2.921210679999945, 37.450699309000072 ], [ -2.933103790999951, 37.477594792000048 ], [ -2.93863, 37.478770999000062 ], [ -2.937761920999947, 37.500180443000033 ], [ -2.940874979999933, 37.525180215000034 ], [ -2.95523, 37.561172499000065 ] ] ] ] } },
{ "type": "Feature", "properties": { "code": "18079", "name": "Fuente Vaqueros" }, "geometry": { "type": "Polygon", "coordinates": [ [ [ -3.825746, 37.204395499000043 ], [ -3.82886840499998, 37.207457628000043 ], [ -3.834214499999973, 37.20082099900003 ], [ -3.829310738999936, 37.208075567000037 ], [ -3.820664220999959, 37.211510642000064 ], [ -3.80913862999995, 37.230296109000051 ], [ -3.801863437999941, 37.23127585800006 ], [ -3.790892478999979, 37.23792887500008 ], [ -3.78737323699994, 37.234307224000077 ], [ -3.780799097999932, 37.234112732000028 ], [ -3.77040575999996, 37.228455691000079 ], [ -3.739359641999954, 37.222354391000067 ], [ -3.723971499999948, 37.216414499000052 ], [ -3.753335352999954, 37.218914691000066 ], [ -3.754707499999938, 37.210357999000053 ], [ -3.825746, 37.204395499000043 ] ] ] } },
{ "type": "Feature", "properties": { "code": "18082", "name": "Galera" }, "geometry": { "type": "Polygon", "coordinates": [ [ [ -2.629883499999949, 37.666055499000038 ], [ -2.630664157999945, 37.685784239000043 ], [ -2.618545736999977, 37.696280196000032 ], [ -2.61404231299997, 37.712650073000077 ], [ -2.620147491999944, 37.731860264000034 ], [ -2.616779071999929, 37.740042103000064 ], [ -2.622948460999964, 37.748215673000061 ], [ -2.624642499999936, 37.761256999000068 ], [ -2.600783658999944, 37.773554692000062 ], [ -2.556095755999934, 37.776038933000052 ], [ -2.532559005999929, 37.770699828000033 ], [ -2.51353280099994, 37.770553500000062 ], [ -2.504077261999953, 37.76497826700006 ], [ -2.497654, 37.765874999000062 ], [ -2.506565397999964, 37.746511772000076 ], [ -2.524612197999943, 37.726685386000042 ], [ -2.518206437999936, 37.718551110000078 ], [ -2.49719085199996, 37.663193785000033 ], [ -2.498004373999947, 37.660096567000039 ], [ -2.50693549999994, 37.654937999000026 ], [ -2.528204163999931, 37.657751468000072 ], [ -2.567092177999939, 37.671092080000051 ], [ -2.594566836999945, 37.671017333000066 ], [ -2.629883499999949, 37.666055499000038 ] ] ] } },
{ "type": "Feature", "properties": { "code": "18083", "name": "Gobernador" }, "geometry": { "type": "Polygon", "coordinates": [ [ [ -3.342816, 37.476844999000036 ], [ -3.339886417999935, 37.493707279000034 ], [ -3.329828434999968, 37.497950246000073 ], [ -3.323482499999955, 37.507167999000046 ], [ -3.295336376999956, 37.485539931000062 ], [ -3.263039837999941, 37.479879332000053 ], [ -3.24897658499998, 37.453720858000054 ], [ -3.26792, 37.455604999000059 ], [ -3.295090866999942, 37.471413624000036 ], [ -3.313518207999948, 37.46248612800008 ], [ -3.328578701999959, 37.462439493000034 ], [ -3.333737547999931, 37.466159963000052 ], [ -3.34166, 37.463820499000065 ], [ -3.342816, 37.476844999000036 ] ] ] } },
{ "type": "Feature", "properties": { "code": "18084", "name": "Gójar" }, "geometry": { "type": "Polygon", "coordinates": [ [ [ -3.599876, 37.116698499000051 ], [ -3.590192344999934, 37.102065425000035 ], [ -3.56777759299996, 37.095464294000067 ], [ -3.545058, 37.076005999000074 ], [ -3.593812539999931, 37.082555100000036 ], [ -3.60981, 37.088756499000056 ], [ -3.622781, 37.107609999000033 ], [ -3.616618364999965, 37.110826752000037 ], [ -3.608316892999937, 37.109985832000064 ], [ -3.605676694999943, 37.115638041000068 ], [ -3.599876, 37.116698499000051 ] ] ] } },
{ "type": "Feature", "properties": { "code": "18085", "name": "Gor" }, "geometry": { "type": "Polygon", "coordinates": [ [ [ -3.019538, 37.444804999000041 ], [ -2.992243173999952, 37.448484746000076 ], [ -2.974528278999969, 37.442212147000077 ], [ -2.960188458999937, 37.445048391000057 ], [ -2.943063389999963, 37.443069596000043 ], [ -2.939938499999926, 37.440215999000031 ], [ -2.916939105999973, 37.401039523000065 ], [ -2.893775683999934, 37.390523289000043 ], [ -2.899637191999943, 37.376569504000031 ], [ -2.896675074999962, 37.367616135000048 ], [ -2.88134800499995, 37.363435085000049 ], [ -2.85209582899995, 37.367713858000059 ], [ -2.836613720999935, 37.36149092800008 ], [ -2.834008937999954, 37.351391118000038 ], [ -2.83874445899994, 37.341938088000063 ], [ -2.833202664999931, 37.325489934000075 ], [ -2.849971424999978, 37.314841202000025 ], [ -2.861978, 37.312877499000024 ], [ -2.867286499999977, 37.303371499000036 ], [ -2.892610115999958, 37.308700399000031 ], [ -2.902389312999958, 37.316394848000073 ], [ -2.91667255599998, 37.322384499000066 ], [ -2.94805301699995, 37.31674010100005 ], [ -2.963890649999939, 37.32459252600006 ], [ -2.998926541999936, 37.32411163200004 ], [ -3.021102599999949, 37.344964964000042 ], [ -3.040908095999953, 37.391977691000079 ], [ -3.041746209999928, 37.40729420200006 ], [ -3.047198718999937, 37.416973800000051 ], [ -3.047620586999926, 37.425008368000078 ], [ -3.03923382499994, 37.434871030000068 ], [ -3.019538, 37.444804999000041 ] ] ] } },
{ "type": "Feature", "properties": { "code": "18086", "name": "Gorafe" }, "geometry": { "type": "Polygon", "coordinates": [ [ [ -3.022838499999978, 37.443435499000032 ], [ -3.029383405999965, 37.448484357000041 ], [ -3.040277633999949, 37.465238051000028 ], [ -3.056313639999928, 37.475167304000024 ], [ -3.079992527999934, 37.482492284000045 ], [ -3.091677360999938, 37.502198947000068 ], [ -3.099843499999963, 37.506518999000036 ], [ -3.103245788999971, 37.515362371000037 ], [ -3.100564592999945, 37.519611871000052 ], [ -3.087710881999953, 37.523611084000038 ], [ -3.061857613999962, 37.520881900000063 ], [ -3.058091526999931, 37.52528579300008 ], [ -3.059540626999933, 37.534748912000055 ], [ -3.053602364999961, 37.544951494000031 ], [ -3.054599320999955, 37.55401549100003 ], [ -3.038923846999978, 37.568834251000055 ], [ -3.043331157999944, 37.57249917200005 ], [ -3.054937311999936, 37.573882830000059 ], [ -3.06329, 37.579589999000063 ], [ -3.015580861999979, 37.590092407000043 ], [ -3.007132186999968, 37.582958090000034 ], [ -3.008247895999943, 37.578515128000049 ], [ -3.004330385999936, 37.57101586400006 ], [ -2.998121, 37.568275499000038 ], [ -3.009455959999968, 37.562222432000056 ], [ -3.013330135999979, 37.552626523000072 ], [ -2.999095499999953, 37.546058999000024 ], [ -3.005489866999937, 37.532058285000062 ], [ -2.979034814999977, 37.504124039000033 ], [ -2.989342142999931, 37.483921710000061 ], [ -3.007679568999947, 37.490758587000073 ], [ -3.033495297999934, 37.474605514000075 ], [ -3.019538, 37.444804999000041 ], [ -3.022838499999978, 37.443435499000032 ] ] ] } }
]
}
