{
"type": "FeatureCollection",
"crs": { "type": "name", "properties": { "name": "urn:ogc:def:crs:OGC:1.3:CRS84" } },
"features": [
{ "type": "Feature", "properties": { "code": "19238", "name": "Riofrío del Llano" }, "geometry": { "type": "Polygon", "coordinates": [ [ [ -2.822678499999938, 41.165862999000069 ], [ -2.813702929999977, 41.158836154000028 ], [ -2.809487333999925, 41.149743955000076 ], [ -2.796885114999952, 41.142022637000025 ], [ -2.781577264999953, 41.140701480000075 ], [ -2.774171766999928, 41.142991404000043 ], [ -2.761900499999967, 41.13851549900005 ], [ -2.760237297999936, 41.128461923000032 ], [ -2.765161628999977, 41.11693931800005 ], [ -2.762407, 41.106834499000058 ], [ -2.768149009999945, 41.102747071000067 ], [ -2.795266, 41.103835999000069 ], [ -2.79951604799993, 41.108882384000026 ], [ -2.812527245999945, 41.104375738000044 ], [ -2.816188312999941, 41.100501049000059 ], [ -2.830409499999973, 41.099307999000075 ], [ -2.835092920999955, 41.100243860000035 ], [ -2.857633472999964, 41.099345871000025 ], [ -2.86672249999998, 41.102740999000048 ], [ -2.865901337999958, 41.114583359000051 ], [ -2.869621739999957, 41.124546928000029 ], [ -2.864765499999976, 41.139484499000048 ], [ -2.843765693999956, 41.139880168000047 ], [ -2.835092920999955, 41.154004119000035 ], [ -2.822678499999938, 41.165862999000069 ] ] ] } },
{ "type": "Feature", "properties": { "code": "19239", "name": "Robledillo de Mohernando" }, "geometry": { "type": "Polygon", "coordinates": [ [ [ -3.18234, 40.879222999000035 ], [ -3.181821162999938, 40.868752220000033 ], [ -3.197865642999943, 40.863219855000068 ], [ -3.202800723999928, 40.858869412000047 ], [ -3.200032768999961, 40.84890177300008 ], [ -3.192580820999979, 40.842122585000027 ], [ -3.195818, 40.832378499000072 ], [ -3.200551838999957, 40.822030197000061 ], [ -3.199412576999975, 40.815920172000062 ], [ -3.224261499999955, 40.797850999000048 ], [ -3.244433172999948, 40.841298871000049 ], [ -3.248242741999945, 40.862174574000051 ], [ -3.245873, 40.872325999000054 ], [ -3.18234, 40.879222999000035 ] ] ] } },
{ "type": "Feature", "properties": { "code": "19240", "name": "Robledo de Corpes" }, "geometry": { "type": "Polygon", "coordinates": [ [ [ -2.955983, 41.082354999000074 ], [ -2.969733255999927, 41.089914537000027 ], [ -2.980290690999936, 41.107603849000043 ], [ -2.985788, 41.110641499000053 ], [ -2.985834499999953, 41.116260499000077 ], [ -2.973206793999964, 41.141729803000032 ], [ -2.971807499999954, 41.158492999000032 ], [ -2.967138, 41.154498999000054 ], [ -2.967072186999928, 41.142844970000056 ], [ -2.961491758999955, 41.135978762000036 ], [ -2.951754137999956, 41.137217122000038 ], [ -2.939817499999947, 41.145133999000052 ], [ -2.926171089999968, 41.147530305000032 ], [ -2.915965, 41.142020999000067 ], [ -2.915675563999969, 41.130505868000057 ], [ -2.893394, 41.090537999000048 ], [ -2.898664, 41.086490999000034 ], [ -2.93664444999996, 41.081181247000075 ], [ -2.946608, 41.073199999000053 ], [ -2.955983, 41.082354999000074 ] ] ] } },
{ "type": "Feature", "properties": { "code": "19241", "name": "Romanillos de Atienza" }, "geometry": { "type": "Polygon", "coordinates": [ [ [ -2.90061, 41.24078399900003 ], [ -2.899441537999962, 41.244744539000067 ], [ -2.913976, 41.259090499000081 ], [ -2.903795785999932, 41.296830542000066 ], [ -2.891263546999937, 41.316236595000078 ], [ -2.882718, 41.321765999000036 ], [ -2.874234635999926, 41.320441550000055 ], [ -2.866855499999929, 41.313083499000072 ], [ -2.872397027999966, 41.299679122000043 ], [ -2.864246102999971, 41.286891132000051 ], [ -2.866898, 41.274474999000063 ], [ -2.877949, 41.264560499000027 ], [ -2.880977499999972, 41.260131999000066 ], [ -2.882953, 41.256397499000059 ], [ -2.883798499999955, 41.251605999000049 ], [ -2.887711499999966, 41.245574499000043 ], [ -2.887978499999974, 41.243232499000044 ], [ -2.885874499999943, 41.238834499000063 ], [ -2.890881499999978, 41.234550499000079 ], [ -2.895558, 41.235526999000058 ], [ -2.90061, 41.24078399900003 ] ] ] } },
{ "type": "Feature", "properties": { "code": "19242", "name": "Romanones" }, "geometry": { "type": "Polygon", "coordinates": [ [ [ -3.017892499999959, 40.59004599900004 ], [ -3.012622499999964, 40.593417999000053 ], [ -2.97809912799994, 40.586517675000039 ], [ -2.973584513999981, 40.589933059000032 ], [ -2.952383339999926, 40.593126378000079 ], [ -2.93925, 40.598652499000025 ], [ -2.9356, 40.596111499000074 ], [ -2.93225949999993, 40.59234249900004 ], [ -2.938044892999926, 40.585050040000056 ], [ -2.93966, 40.575427999000055 ], [ -2.947510543999954, 40.567716498000038 ], [ -2.986489499999948, 40.551040499000067 ], [ -2.98904, 40.549094999000033 ], [ -2.990706499999931, 40.545039999000039 ], [ -2.995300499999928, 40.542590999000026 ], [ -2.999032, 40.541759499000079 ], [ -3.00666149999995, 40.542804999000055 ], [ -3.019157, 40.546211499000037 ], [ -3.018086154999935, 40.555773700000032 ], [ -3.023267026999974, 40.564004337000028 ], [ -3.022687732999941, 40.57722308600006 ], [ -3.017892499999959, 40.59004599900004 ] ] ] } },
{ "type": "Feature", "properties": { "code": "19243", "name": "Rueda de la Sierra" }, "geometry": { "type": "Polygon", "coordinates": [ [ [ -1.850056499999937, 41.00410449900005 ], [ -1.845212, 41.003001999000048 ], [ -1.840922, 41.000091499000064 ], [ -1.831717, 40.99763099900008 ], [ -1.832422838999946, 40.977864279000073 ], [ -1.825658163999947, 40.973128907000046 ], [ -1.825279167999952, 40.961818553000057 ], [ -1.82069017699996, 40.953934240000081 ], [ -1.823519071999954, 40.94515967600006 ], [ -1.800073, 40.934833499000035 ], [ -1.80557433599995, 40.926133600000071 ], [ -1.817621820999932, 40.916972515000054 ], [ -1.833925503999978, 40.889105750000056 ], [ -1.846661925999967, 40.893568235000032 ], [ -1.865726494999933, 40.895351533000053 ], [ -1.887519, 40.891987499000038 ], [ -1.888696, 40.896087499000032 ], [ -1.893307, 40.901519999000072 ], [ -1.895022499999925, 40.905490999000051 ], [ -1.895907, 40.909995999000046 ], [ -1.89608, 40.916129999000077 ], [ -1.895441, 40.91814049900006 ], [ -1.899484, 40.932105999000044 ], [ -1.886617113999932, 40.932793034000042 ], [ -1.883898, 40.937820499000054 ], [ -1.869244755999944, 40.944388987000025 ], [ -1.861604966999948, 40.954942442000061 ], [ -1.856445690999976, 40.972369331000039 ], [ -1.857165094999971, 40.980417400000078 ], [ -1.845349218999957, 40.988742185000035 ], [ -1.845223906999934, 40.996874784000056 ], [ -1.850056499999937, 41.00410449900005 ] ] ] } },
{ "type": "Feature", "properties": { "code": "19244", "name": "Sacecorbo" }, "geometry": { "type": "Polygon", "coordinates": [ [ [ -2.347565, 40.785846499000058 ], [ -2.373336566999967, 40.806203512000025 ], [ -2.382984014999977, 40.808560942000042 ], [ -2.399164058999929, 40.802957378000031 ], [ -2.41635598199997, 40.785945051000056 ], [ -2.428435032999971, 40.784385943000075 ], [ -2.436543, 40.778732499000057 ], [ -2.439384, 40.783252999000069 ], [ -2.445218499999953, 40.78558749900003 ], [ -2.453137, 40.786990999000068 ], [ -2.458657245999973, 40.812007893000043 ], [ -2.46593887399996, 40.819739048000031 ], [ -2.460423529999957, 40.827800769000078 ], [ -2.464052806999973, 40.835715848000063 ], [ -2.472148738999977, 40.840360286000077 ], [ -2.49442182599995, 40.843082220000042 ], [ -2.497782499999971, 40.845523999000079 ], [ -2.487304488999939, 40.847710169000038 ], [ -2.475484648999952, 40.858199757000079 ], [ -2.441002469999944, 40.872089546000041 ], [ -2.425475499999948, 40.884200999000029 ], [ -2.419034655999951, 40.872825369000054 ], [ -2.408575046999943, 40.864154014000064 ], [ -2.402770705999956, 40.85362720300003 ], [ -2.385177381999938, 40.835832137000068 ], [ -2.329708, 40.828044999000042 ], [ -2.327022382999928, 40.818560391000062 ], [ -2.333496298999933, 40.806455106000044 ], [ -2.340891343999942, 40.803809370000067 ], [ -2.339666720999958, 40.799604675000069 ], [ -2.34711122799996, 40.791478961000053 ], [ -2.345006, 40.787021499000048 ], [ -2.347565, 40.785846499000058 ] ] ] } },
{ "type": "Feature", "properties": { "code": "19245", "name": "Sacedón" }, "geometry": { "type": "Polygon", "coordinates": [ [ [ -2.730993, 40.537540499000045 ], [ -2.732019769999965, 40.526251481000031 ], [ -2.729587733999949, 40.521206474000053 ], [ -2.712998308999943, 40.52385461800003 ], [ -2.694242656999961, 40.518875661000038 ], [ -2.686220886999934, 40.522135074000062 ], [ -2.666111899999976, 40.521092062000037 ], [ -2.662569595999969, 40.513466467000057 ], [ -2.649757183999952, 40.507911641000078 ], [ -2.641581727999949, 40.498782703000074 ], [ -2.634974499999942, 40.501464999000063 ], [ -2.634082570999965, 40.49486818400004 ], [ -2.648037875999933, 40.469885204000036 ], [ -2.64731156299996, 40.460816824000062 ], [ -2.652196394999976, 40.451094561000048 ], [ -2.651306, 40.440028999000049 ], [ -2.665212460999953, 40.437197621000053 ], [ -2.671454020999931, 40.447046850000049 ], [ -2.674854189999962, 40.447454955000069 ], [ -2.684182049999947, 40.442825392000032 ], [ -2.677191763999929, 40.435463241000036 ], [ -2.683436139999969, 40.429099364000081 ], [ -2.701660009999955, 40.42856237400008 ], [ -2.702366212999948, 40.420803374000059 ], [ -2.680772, 40.402732999000079 ], [ -2.690858038999977, 40.397118591000037 ], [ -2.705563535999943, 40.415118235000079 ], [ -2.713348078999957, 40.417412184000057 ], [ -2.713536499999975, 40.410594999000068 ], [ -2.722191985999928, 40.407301042000029 ], [ -2.721501519999947, 40.401249333000067 ], [ -2.726152454999976, 40.398076242000059 ], [ -2.757246564999946, 40.411200593000046 ], [ -2.768184776999931, 40.422156718000053 ], [ -2.761889784999937, 40.440392484000029 ], [ -2.77685, 40.446647499000051 ], [ -2.77521642499994, 40.452698521000059 ], [ -2.783405, 40.458197999000049 ], [ -2.782866655999953, 40.46649466000008 ], [ -2.774814953999964, 40.473052227000039 ], [ -2.775827490999973, 40.476190325000061 ], [ -2.782570926999938, 40.478807414000073 ], [ -2.778325635999977, 40.488249677000056 ], [ -2.744269136999947, 40.493631403000052 ], [ -2.733659947999968, 40.50813757700007 ], [ -2.731999110999936, 40.519475318000048 ], [ -2.734185795999963, 40.532156780000037 ], [ -2.730993, 40.537540499000045 ] ] ] } },
{ "type": "Feature", "properties": { "code": "19246", "name": "Saelices de la Sal" }, "geometry": { "type": "Polygon", "coordinates": [ [ [ -2.342864499999962, 40.882701999000062 ], [ -2.347972499999969, 40.882461499000044 ], [ -2.354413, 40.884009999000057 ], [ -2.363474, 40.884837499000071 ], [ -2.37067049999996, 40.88439149900006 ], [ -2.367977951999933, 40.891282926000031 ], [ -2.368824878999931, 40.902883558000042 ], [ -2.360437499999932, 40.914321999000038 ], [ -2.335913607999942, 40.931472380000059 ], [ -2.323769051999932, 40.930543786000044 ], [ -2.319466, 40.932933999000056 ], [ -2.309111040999937, 40.919948456000043 ], [ -2.308200555999974, 40.911190453000074 ], [ -2.312866201999952, 40.903377824000074 ], [ -2.312645933999931, 40.901205956000069 ], [ -2.316010282999969, 40.897012835000055 ], [ -2.337413051999931, 40.888028248000069 ], [ -2.342864499999962, 40.882701999000062 ] ] ] } },
{ "type": "Feature", "properties": { "code": "19247", "name": "Salmerón" }, "geometry": { "type": "Polygon", "coordinates": [ [ [ -2.527238499999953, 40.544295999000042 ], [ -2.525392740999962, 40.562074695000035 ], [ -2.521688499999925, 40.570640499000035 ], [ -2.515799501999936, 40.57545417800003 ], [ -2.505634925999971, 40.577633639000055 ], [ -2.495964183999945, 40.574633671000072 ], [ -2.483118, 40.576480999000069 ], [ -2.465235268999947, 40.560500972000057 ], [ -2.460956060999933, 40.547970331000045 ], [ -2.43537, 40.534549499000036 ], [ -2.44787380799994, 40.525146832000075 ], [ -2.463099841999963, 40.522831779000057 ], [ -2.495973, 40.508830999000054 ], [ -2.513828257999933, 40.516557388000081 ], [ -2.527238499999953, 40.544295999000042 ] ] ] } },
{ "type": "Feature", "properties": { "code": "19248", "name": "San Andrés del Congosto" }, "geometry": { "type": "Polygon", "coordinates": [ [ [ -3.019776499999978, 40.976596999000037 ], [ -3.044307, 40.957370499000035 ], [ -3.055092940999941, 40.980260632000068 ], [ -3.056738499999938, 40.997771999000065 ], [ -3.041695682999944, 41.00796854500004 ], [ -3.02533705299993, 41.005522618000043 ], [ -3.012825759999942, 41.006918465000069 ], [ -3.007334459999925, 41.000204279000059 ], [ -3.005635181999935, 40.992956243000037 ], [ -3.01652295699995, 40.985093048000067 ], [ -3.019776499999978, 40.976596999000037 ] ] ] } },
{ "type": "Feature", "properties": { "code": "19249", "name": "San Andrés del Rey" }, "geometry": { "type": "Polygon", "coordinates": [ [ [ -2.793213, 40.663768999000069 ], [ -2.792003569999963, 40.657672175000073 ], [ -2.796927338999978, 40.651268003000041 ], [ -2.796355229999961, 40.635663358000045 ], [ -2.805232, 40.610889499000052 ], [ -2.814947870999958, 40.599562376000051 ], [ -2.824643, 40.597030499000027 ], [ -2.829434499999934, 40.599857499000052 ], [ -2.827644, 40.60218799900008 ], [ -2.828218, 40.603992499000071 ], [ -2.826093974999935, 40.621592285000077 ], [ -2.833857698999964, 40.637977678000027 ], [ -2.815058499999964, 40.652385499000047 ], [ -2.807609499999955, 40.660010999000065 ], [ -2.793213, 40.663768999000069 ] ] ] } },
{ "type": "Feature", "properties": { "code": "19250", "name": "Santiuste" }, "geometry": { "type": "Polygon", "coordinates": [ [ [ -2.826597, 41.099609499000053 ], [ -2.816188312999941, 41.100501049000059 ], [ -2.812527245999945, 41.104375738000044 ], [ -2.79951604799993, 41.108882384000026 ], [ -2.795266, 41.103835999000069 ], [ -2.794671, 41.099727499000039 ], [ -2.795437499999935, 41.09807949900005 ], [ -2.795112, 41.095618999000067 ], [ -2.790202, 41.085494999000048 ], [ -2.78971649999994, 41.073775999000077 ], [ -2.792219499999931, 41.072742499000071 ], [ -2.79814749999997, 41.072627999000076 ], [ -2.803060499999958, 41.073608499000045 ], [ -2.809778499999936, 41.072322499000052 ], [ -2.814365499999951, 41.07046499900008 ], [ -2.820294499999932, 41.065837999000053 ], [ -2.824545, 41.069724999000073 ], [ -2.827248400999963, 41.08047728400004 ], [ -2.826597, 41.099609499000053 ] ] ] } },
{ "type": "Feature", "properties": { "code": "19251", "name": "Saúca" }, "geometry": { "type": "Polygon", "coordinates": [ [ [ -2.568819499999961, 40.983909999000048 ], [ -2.57803082199996, 40.98873099900004 ], [ -2.580197114999976, 41.000682399000027 ], [ -2.58442308399998, 41.005459171000041 ], [ -2.603259, 41.009654999000077 ], [ -2.611588419999975, 41.013217740000073 ], [ -2.597055267999963, 41.031833859000074 ], [ -2.603197095999974, 41.039864112000032 ], [ -2.567985869999973, 41.056077739000045 ], [ -2.567650589999971, 41.072781863000046 ], [ -2.564922, 41.075797999000031 ], [ -2.560478113999977, 41.064165866000053 ], [ -2.54516349599993, 41.058208258000036 ], [ -2.544291621999946, 41.048207282000078 ], [ -2.528298898999935, 41.049548170000037 ], [ -2.506187499999953, 41.039222499000061 ], [ -2.496325613999943, 41.035760735000054 ], [ -2.495393513999943, 41.028132845000073 ], [ -2.507870597999954, 41.019991083000036 ], [ -2.523042154999928, 41.001616889000047 ], [ -2.546870180999974, 40.994509940000057 ], [ -2.568819499999961, 40.983909999000048 ] ] ] } },
{ "type": "Feature", "properties": { "code": "19252", "name": "Sayatón" }, "geometry": { "type": "MultiPolygon", "coordinates": [ [ [ [ -2.77685, 40.446647499000051 ], [ -2.788795342999947, 40.432120036000072 ], [ -2.78763439599993, 40.427944646000071 ], [ -2.79843268999997, 40.423256596000044 ], [ -2.799037127999952, 40.415838576000056 ], [ -2.807101499999931, 40.404629499000066 ], [ -2.835092920999955, 40.412541009000051 ], [ -2.842135162999966, 40.413276932000031 ], [ -2.848117685999966, 40.422477984000068 ], [ -2.853831499999956, 40.425319499000068 ], [ -2.850847389999956, 40.431970758000034 ], [ -2.839384246999941, 40.443003968000028 ], [ -2.844280646999948, 40.456063309000058 ], [ -2.841446499999961, 40.463527999000064 ], [ -2.826322, 40.473720499000081 ], [ -2.799612087999947, 40.46882875600005 ], [ -2.788075016999926, 40.463503798000033 ], [ -2.783405, 40.458197999000049 ], [ -2.77521642499994, 40.452698521000059 ], [ -2.77685, 40.446647499000051 ] ] ], [ [ [ -2.823861499999964, 40.363178499000071 ], [ -2.835092920999955, 40.366772186000048 ], [ -2.847537204999981, 40.365723531000071 ], [ -2.855693919999965, 40.372093243000052 ], [ -2.862400499999978, 40.36784349900006 ], [ -2.869297144999962, 40.376955627000029 ], [ -2.864081942999974, 40.392364877000034 ], [ -2.842620336999971, 40.404205219000062 ], [ -2.835092920999955, 40.40557924400008 ], [ -2.826101852999955, 40.403303914000048 ], [ -2.824063259999946, 40.39327434300003 ], [ -2.825409900999944, 40.388320660000034 ], [ -2.823917687999938, 40.381458768000073 ], [ -2.825130363999961, 40.376575564000063 ], [ -2.823066680999943, 40.371461317000069 ], [ -2.823861499999964, 40.363178499000071 ] ] ] ] } },
{ "type": "Feature", "properties": { "code": "19254", "name": "Selas" }, "geometry": { "type": "Polygon", "coordinates": [ [ [ -2.157128499999942, 40.922336499000039 ], [ -2.149621448999937, 40.943126860000064 ], [ -2.131362019999926, 40.964417222000066 ], [ -2.127172907999977, 40.97511336000008 ], [ -2.110511454999937, 40.981571516000031 ], [ -2.10778449999998, 40.986427499000058 ], [ -2.107067, 40.989303499000073 ], [ -2.094208499999979, 40.978256499000054 ], [ -2.0631, 40.961867999000049 ], [ -2.072629499999948, 40.944965499000034 ], [ -2.081285, 40.927295499000024 ], [ -2.090290499999981, 40.915072999000074 ], [ -2.101580208999962, 40.920579754000073 ], [ -2.109286181999948, 40.917991103000077 ], [ -2.103270445999954, 40.901517507000051 ], [ -2.10537549999998, 40.886649999000042 ], [ -2.107143441999938, 40.885195234000037 ], [ -2.117212466999945, 40.889602829000069 ], [ -2.135237674999928, 40.914479826000047 ], [ -2.157128499999942, 40.922336499000039 ] ] ] } },
{ "type": "Feature", "properties": { "code": "19255", "name": "Setiles" }, "geometry": { "type": "Polygon", "coordinates": [ [ [ -1.552586, 40.708972999000025 ], [ -1.558537, 40.70423499900005 ], [ -1.564940499999977, 40.697639499000047 ], [ -1.580942499999935, 40.690479499000048 ], [ -1.597478499999966, 40.688014999000075 ], [ -1.60881, 40.685451499000067 ], [ -1.625827499999957, 40.691203999000038 ], [ -1.626747, 40.693683499000031 ], [ -1.637240499999962, 40.698615999000026 ], [ -1.640918499999941, 40.702216999000029 ], [ -1.64140249999997, 40.705169499000078 ], [ -1.639924, 40.709666999000035 ], [ -1.649270499999943, 40.731727499000044 ], [ -1.64982, 40.734473999000045 ], [ -1.647145898999952, 40.741877257000056 ], [ -1.645537471999944, 40.743519341000081 ], [ -1.645055, 40.746333999000058 ], [ -1.641781, 40.74652099900004 ], [ -1.63472349999995, 40.751060499000062 ], [ -1.632555499999967, 40.751655499000037 ], [ -1.630085, 40.753742499000055 ], [ -1.630182, 40.756519499000035 ], [ -1.60093749999993, 40.772716499000069 ], [ -1.574533499999973, 40.764529999000047 ], [ -1.568821499999956, 40.760142999000038 ], [ -1.565297, 40.758731999000076 ], [ -1.555284, 40.750091499000064 ], [ -1.561999, 40.739761499000053 ], [ -1.560659499999929, 40.738116999000056 ], [ -1.558851499999946, 40.719276499000046 ], [ -1.554113, 40.715594999000075 ], [ -1.552586, 40.708972999000025 ] ] ] } },
{ "type": "Feature", "properties": { "code": "19256", "name": "Sienes" }, "geometry": { "type": "Polygon", "coordinates": [ [ [ -2.686668499999939, 41.212798999000029 ], [ -2.678803, 41.211406499000077 ], [ -2.675792499999943, 41.212310999000067 ], [ -2.669539499999928, 41.217273999000042 ], [ -2.666192, 41.218757499000048 ], [ -2.659538, 41.220702999000025 ], [ -2.657107, 41.222209999000029 ], [ -2.648664, 41.223937999000043 ], [ -2.641653499999961, 41.22280949900005 ], [ -2.63625849999994, 41.223819999000057 ], [ -2.629206499999952, 41.215221499000052 ], [ -2.62390849999997, 41.223743499000079 ], [ -2.616978, 41.219444499000076 ], [ -2.608278499999926, 41.221645499000033 ], [ -2.589493499999946, 41.224544499000046 ], [ -2.588429, 41.223125499000048 ], [ -2.58701149999996, 41.216960999000037 ], [ -2.589816, 41.207240999000078 ], [ -2.593170499999928, 41.200919999000064 ], [ -2.600877, 41.194812999000078 ], [ -2.605811499999959, 41.193561499000054 ], [ -2.620015499999965, 41.195373499000027 ], [ -2.622074, 41.187995999000066 ], [ -2.619345499999952, 41.183295999000052 ], [ -2.626910917999965, 41.175001670000029 ], [ -2.670389221999926, 41.179610486000058 ], [ -2.675125865999973, 41.201415445000066 ], [ -2.686668499999939, 41.212798999000029 ] ] ] } },
{ "type": "Feature", "properties": { "code": "19257", "name": "Sigüenza" }, "geometry": { "type": "Polygon", "coordinates": [ [ [ -2.822678499999938, 41.165862999000069 ], [ -2.812117284999943, 41.180146281000077 ], [ -2.791361, 41.185573499000043 ], [ -2.782140031999973, 41.183296714000051 ], [ -2.770291720999978, 41.186086291000038 ], [ -2.758870499999944, 41.184680999000079 ], [ -2.748162, 41.182117499000071 ], [ -2.744693824999956, 41.195978771000057 ], [ -2.739125409999929, 41.204858243000047 ], [ -2.715064281999958, 41.212552866000067 ], [ -2.701528499999938, 41.211215999000046 ], [ -2.693127849999939, 41.208685713000079 ], [ -2.686668499999939, 41.212798999000029 ], [ -2.675125865999973, 41.201415445000066 ], [ -2.670389221999926, 41.179610486000058 ], [ -2.626910917999965, 41.175001670000029 ], [ -2.619345499999952, 41.183295999000052 ], [ -2.602244112999927, 41.18819331800006 ], [ -2.579260424999973, 41.179359101000045 ], [ -2.582311351999977, 41.165208595000081 ], [ -2.595451740999977, 41.152363473000037 ], [ -2.580068650999976, 41.140643633000025 ], [ -2.543741938999972, 41.15042310900003 ], [ -2.536142324999958, 41.161519960000078 ], [ -2.516943, 41.146457999000063 ], [ -2.517012527999952, 41.137659547000055 ], [ -2.511781249999956, 41.13088495900007 ], [ -2.508242111999948, 41.119305638000071 ], [ -2.485057602999973, 41.117515578000052 ], [ -2.480333908999967, 41.113477280000041 ], [ -2.46960557899996, 41.089277351000078 ], [ -2.469467, 41.07811749900003 ], [ -2.482244735999927, 41.077082035000046 ], [ -2.499153499999977, 41.064479999000071 ], [ -2.511248379999927, 41.073032066000053 ], [ -2.52606476099993, 41.076607039000066 ], [ -2.539833102999978, 41.086332970000058 ], [ -2.547336743999949, 41.086406725000074 ], [ -2.564922, 41.075797999000031 ], [ -2.567650589999971, 41.072781863000046 ], [ -2.567985869999973, 41.056077739000045 ], [ -2.603197095999974, 41.039864112000032 ], [ -2.597055267999963, 41.031833859000074 ], [ -2.611588419999975, 41.013217740000073 ], [ -2.603259, 41.009654999000077 ], [ -2.615641511999968, 40.997634155000071 ], [ -2.63212299199995, 40.995609524000031 ], [ -2.643317895999928, 40.98937869000008 ], [ -2.656555, 40.990066499000079 ], [ -2.666949442999965, 40.995489255000052 ], [ -2.679695926999955, 40.990083598000069 ], [ -2.690118, 40.992248499000027 ], [ -2.704702318999978, 41.000997442000028 ], [ -2.71999595799997, 40.991793064000035 ], [ -2.727639, 40.990352499000039 ], [ -2.731957908999959, 41.010371022000072 ], [ -2.728222499999958, 41.024146999000038 ], [ -2.726066499999945, 41.025058999000066 ], [ -2.72462, 41.026801999000043 ], [ -2.721844, 41.027652999000054 ], [ -2.720534499999928, 41.030872499000054 ], [ -2.72527649999995, 41.037669999000059 ], [ -2.727126, 41.038905499000066 ], [ -2.743062, 41.041068999000061 ], [ -2.748334499999942, 41.046649999000067 ], [ -2.74573445599998, 41.052149234000069 ], [ -2.75493466699993, 41.060348260000069 ], [ -2.77272869899997, 41.062278255000081 ], [ -2.792219499999931, 41.072742499000071 ], [ -2.78971649999994, 41.073775999000077 ], [ -2.790202, 41.085494999000048 ], [ -2.794012499999951, 41.092960499000071 ], [ -2.795437499999935, 41.09807949900005 ], [ -2.794671, 41.099727499000039 ], [ -2.795266, 41.103835999000069 ], [ -2.768149009999945, 41.102747071000067 ], [ -2.762407, 41.106834499000058 ], [ -2.74441229599995, 41.111527227000067 ], [ -2.728196243999946, 41.106800996000061 ], [ -2.720130168999958, 41.108762151000064 ], [ -2.71633613399996, 41.115425033000065 ], [ -2.724314199999981, 41.123290740000073 ], [ -2.724030997999932, 41.139149952000025 ], [ -2.730926289999957, 41.143960365000055 ], [ -2.74459861899993, 41.138905499000032 ], [ -2.761900499999967, 41.13851549900005 ], [ -2.774171766999928, 41.142991404000043 ], [ -2.781577264999953, 41.140701480000075 ], [ -2.796885114999952, 41.142022637000025 ], [ -2.809487333999925, 41.149743955000076 ], [ -2.813702929999977, 41.158836154000028 ], [ -2.822678499999938, 41.165862999000069 ] ] ] } },
{ "type": "Feature", "properties": { "code": "19258", "name": "Solanillos del Extremo" }, "geometry": { "type": "Polygon", "coordinates": [ [ [ -2.665062, 40.715537999000048 ], [ -2.673654499999941, 40.718669999000042 ], [ -2.675776499999927, 40.71826149900005 ], [ -2.679939, 40.724139999000045 ], [ -2.678495, 40.726844499000038 ], [ -2.68182749999994, 40.73296349900005 ], [ -2.688343, 40.735385999000073 ], [ -2.691598499999941, 40.733089499000073 ], [ -2.699661, 40.733588999000062 ], [ -2.709783499999958, 40.736892999000077 ], [ -2.719086499999946, 40.738265999000077 ], [ -2.732723499999963, 40.743129499000077 ], [ -2.719372807999946, 40.756060793000074 ], [ -2.719321839999964, 40.762367882000035 ], [ -2.727703343999963, 40.775889343000074 ], [ -2.723237, 40.788471499000025 ], [ -2.720253, 40.790256499000066 ], [ -2.71633, 40.790496999000027 ], [ -2.710551499999951, 40.797427999000035 ], [ -2.704474, 40.801711999000077 ], [ -2.692546499999935, 40.79686749900003 ], [ -2.68814, 40.793620999000041 ], [ -2.684776499999941, 40.792766499000038 ], [ -2.682284453999955, 40.790353607000043 ], [ -2.683620236999957, 40.78582921800006 ], [ -2.678656807999971, 40.78209319900003 ], [ -2.663483933999942, 40.750860824000029 ], [ -2.650248884999939, 40.739335357000073 ], [ -2.65537567399997, 40.725219774000038 ], [ -2.665062, 40.715537999000048 ] ] ] } },
{ "type": "Feature", "properties": { "code": "19259", "name": "Somolinos" }, "geometry": { "type": "Polygon", "coordinates": [ [ [ -3.07190449999996, 41.244842499000072 ], [ -3.075306508999972, 41.25626260100006 ], [ -3.086607529999981, 41.257700190000037 ], [ -3.09614632499995, 41.263878026000043 ], [ -3.097843, 41.279945499000064 ], [ -3.09111513199997, 41.283453193000071 ], [ -3.061972, 41.273330499000053 ], [ -3.030265, 41.249156499000037 ], [ -3.031574, 41.241870999000071 ], [ -3.037039, 41.239833999000041 ], [ -3.03864, 41.242534499000044 ], [ -3.047098499999947, 41.239333999000053 ], [ -3.055212499999925, 41.23825049900006 ], [ -3.060477, 41.238517499000068 ], [ -3.07190449999996, 41.244842499000072 ] ] ] } },
{ "type": "Feature", "properties": { "code": "19260", "name": "Sotillo, El" }, "geometry": { "type": "Polygon", "coordinates": [ [ [ -2.610458499999936, 40.845058499000061 ], [ -2.610919019999926, 40.84071470300006 ], [ -2.617316088999928, 40.840931386000079 ], [ -2.624067817999958, 40.83708765800003 ], [ -2.623568035999938, 40.830554953000046 ], [ -2.627360472999953, 40.825122349000026 ], [ -2.634419435999973, 40.825879884000074 ], [ -2.640415, 40.83150899900005 ], [ -2.635728762999975, 40.837634372000025 ], [ -2.643002429999967, 40.853152487000045 ], [ -2.639698243999931, 40.865615174000027 ], [ -2.653324285999929, 40.896182156000066 ], [ -2.660235, 40.903148499000054 ], [ -2.657146460999968, 40.910599486000081 ], [ -2.642869499999961, 40.920013499000049 ], [ -2.631031678999932, 40.912856648000059 ], [ -2.616361967999978, 40.896560516000079 ], [ -2.613383318999979, 40.882927566000035 ], [ -2.607383857999935, 40.873895639000068 ], [ -2.612409340999932, 40.863390674000073 ], [ -2.613429040999961, 40.851733399000068 ], [ -2.610458499999936, 40.845058499000061 ] ] ] } },
{ "type": "Feature", "properties": { "code": "19261", "name": "Sotodosos" }, "geometry": { "type": "Polygon", "coordinates": [ [ [ -2.418191, 40.887973499000054 ], [ -2.420978, 40.893672999000046 ], [ -2.42444, 40.898311499000044 ], [ -2.427241, 40.901088999000081 ], [ -2.43465, 40.905151499000056 ], [ -2.437805499999968, 40.908340499000076 ], [ -2.43776749999995, 40.911601999000027 ], [ -2.43586849999997, 40.914203499000052 ], [ -2.433805499999949, 40.914966499000059 ], [ -2.425597, 40.926322999000035 ], [ -2.414665, 40.928355999000075 ], [ -2.411829499999953, 40.93057649900004 ], [ -2.402917499999944, 40.933837999000048 ], [ -2.386370499999941, 40.946578999000053 ], [ -2.367559705999952, 40.940682329000026 ], [ -2.363568040999951, 40.920926861000055 ], [ -2.366534997999963, 40.916435324000076 ], [ -2.360437499999932, 40.914321999000038 ], [ -2.368824878999931, 40.902883558000042 ], [ -2.367977951999933, 40.891282926000031 ], [ -2.37067049999996, 40.88439149900006 ], [ -2.394735611999977, 40.888226811000038 ], [ -2.418191, 40.887973499000054 ] ] ] } },
{ "type": "Feature", "properties": { "code": "19262", "name": "Tamajón" }, "geometry": { "type": "Polygon", "coordinates": [ [ [ -3.179358, 41.075694999000063 ], [ -3.175056440999981, 41.069280230000061 ], [ -3.182951672999934, 41.064589769000065 ], [ -3.181150154999955, 41.059740242000032 ], [ -3.18365255599997, 41.051614636000068 ], [ -3.194712846999948, 41.04473262700003 ], [ -3.191348808999976, 41.036398285000075 ], [ -3.196015292999959, 41.034612597000034 ], [ -3.19818749999996, 41.027263499000071 ], [ -3.201594861999979, 41.020313041000065 ], [ -3.199504642999955, 41.006487394000033 ], [ -3.186708667999937, 40.999545682000075 ], [ -3.181541025999934, 40.991878973000041 ], [ -3.187607040999978, 40.981427423000071 ], [ -3.184705590999954, 40.967760774000055 ], [ -3.187461472999928, 40.960362520000047 ], [ -3.185071655999934, 40.953421364000064 ], [ -3.215308499999935, 40.943923999000049 ], [ -3.222736977999944, 40.955298157000072 ], [ -3.243222443999969, 40.969211815000051 ], [ -3.246628, 40.970374999000057 ], [ -3.246285866999926, 40.97268684800008 ], [ -3.273157181999977, 40.987415251000073 ], [ -3.275802040999963, 40.991683243000068 ], [ -3.275520068999981, 41.001587822000033 ], [ -3.280763319999949, 41.006350583000028 ], [ -3.296319, 41.007136999000068 ], [ -3.299686, 41.010181499000055 ], [ -3.301544068999931, 41.018948452000075 ], [ -3.298079045999941, 41.026260020000052 ], [ -3.283715856999947, 41.032926150000037 ], [ -3.279228974999967, 41.046993309000072 ], [ -3.265741636999962, 41.054538191000063 ], [ -3.264554558999976, 41.05997093700006 ], [ -3.26891339499997, 41.068565291000027 ], [ -3.26796922699998, 41.080328372000054 ], [ -3.257880134999937, 41.092439114000058 ], [ -3.254802, 41.102046999000038 ], [ -3.248410988999979, 41.100089519000051 ], [ -3.225174712999944, 41.110013551000065 ], [ -3.199630826999964, 41.098380619000068 ], [ -3.194810557999972, 41.099098814000058 ], [ -3.192705399999966, 41.102635926000062 ], [ -3.183104765999929, 41.098063354000033 ], [ -3.185777184999949, 41.092055230000028 ], [ -3.178607462999935, 41.089659522000034 ], [ -3.180848083999933, 41.081997252000065 ], [ -3.179358, 41.075694999000063 ] ] ] } },
{ "type": "Feature", "properties": { "code": "19263", "name": "Taragudo" }, "geometry": { "type": "MultiPolygon", "coordinates": [ [ [ [ -3.070412, 40.851852499000074 ], [ -3.074003096999945, 40.843736679000074 ], [ -3.076959144999933, 40.841816964000031 ], [ -3.079607499999952, 40.84326149900005 ], [ -3.077597499999968, 40.848964999000032 ], [ -3.073928653999928, 40.851690900000051 ], [ -3.070412, 40.851852499000074 ] ] ], [ [ [ -3.100011499999937, 40.811050499000032 ], [ -3.101393499999972, 40.815715999000076 ], [ -3.099708499999963, 40.822776999000041 ], [ -3.10157449999997, 40.825507999000081 ], [ -3.095550499999945, 40.833926999000028 ], [ -3.090272499999969, 40.834335499000076 ], [ -3.084738499999958, 40.838023999000029 ], [ -3.071077481999964, 40.826021660000038 ], [ -3.076365789999954, 40.81602206000008 ], [ -3.076068499999963, 40.80763599900007 ], [ -3.080751499999963, 40.807937499000047 ], [ -3.08349549999997, 40.810207499000057 ], [ -3.087583, 40.809402499000043 ], [ -3.094665, 40.811748499000032 ], [ -3.100011499999937, 40.811050499000032 ] ] ] ] } },
{ "type": "Feature", "properties": { "code": "19264", "name": "Taravilla" }, "geometry": { "type": "Polygon", "coordinates": [ [ [ -1.947649499999955, 40.713111999000034 ], [ -1.944532157999959, 40.709936113000026 ], [ -1.94474476299996, 40.704611478000061 ], [ -1.938630457999977, 40.702344229000062 ], [ -1.93345962199993, 40.689233308000041 ], [ -1.933332871999937, 40.674936014000025 ], [ -1.937168770999961, 40.669743356000026 ], [ -1.926854771999956, 40.668260972000041 ], [ -1.920995, 40.663417999000046 ], [ -1.917719, 40.656115999000065 ], [ -1.926744683999971, 40.652945552000062 ], [ -1.928241330999924, 40.651268003000041 ], [ -1.927091, 40.643394499000067 ], [ -1.93461, 40.639022499000077 ], [ -1.938258499999961, 40.637901499000066 ], [ -1.963334177999968, 40.622970598000052 ], [ -1.978177525999968, 40.626132604000077 ], [ -1.976474182999937, 40.628732655000078 ], [ -1.979652204999979, 40.638262054000052 ], [ -1.975443481999946, 40.646415859000058 ], [ -2.005871426999931, 40.66384208900007 ], [ -2.013861004999967, 40.662309829000037 ], [ -2.027061382999932, 40.664784723000025 ], [ -2.038645322999969, 40.675269596000078 ], [ -2.044134499999927, 40.676952499000038 ], [ -2.049000977999981, 40.692054710000036 ], [ -2.04645249999993, 40.696078999000065 ], [ -2.020696640999972, 40.700492465000025 ], [ -2.003931329999944, 40.706514877000075 ], [ -1.970618224999953, 40.70790065500006 ], [ -1.947649499999955, 40.713111999000034 ] ] ] } },
{ "type": "Feature", "properties": { "code": "19265", "name": "Tartanedo" }, "geometry": { "type": "Polygon", "coordinates": [ [ [ -1.979256499999963, 41.094684499000039 ], [ -1.962577230999955, 41.092495212000074 ], [ -1.939517, 41.097956999000075 ], [ -1.936105, 41.096950499000059 ], [ -1.934012, 41.097446499000057 ], [ -1.921485707999977, 41.091959383000074 ], [ -1.899288153999976, 41.071154384000067 ], [ -1.876647244999958, 41.057862574000069 ], [ -1.870340384999963, 41.042735719000063 ], [ -1.860535, 41.040508499000055 ], [ -1.862712887999976, 41.029301190000069 ], [ -1.852691614999969, 41.022381499000062 ], [ -1.823581499999932, 41.016471999000032 ], [ -1.831717, 40.99763099900008 ], [ -1.840922, 41.000091499000064 ], [ -1.845212, 41.003001999000048 ], [ -1.853389, 41.004669499000045 ], [ -1.866867499999955, 41.000106999000025 ], [ -1.881553499999939, 40.992981499000052 ], [ -1.894442, 40.987926499000025 ], [ -1.906399499999964, 40.981555999000079 ], [ -1.922076, 40.970874999000046 ], [ -1.959323798999947, 40.960625139000058 ], [ -1.961654, 40.949584999000081 ], [ -1.967453, 40.951068999000029 ], [ -1.982775499999946, 40.948196499000062 ], [ -1.997782, 40.951301499000067 ], [ -1.996614, 40.956279499000061 ], [ -2.001821, 40.961550999000053 ], [ -2.01207549999998, 40.963287499000046 ], [ -2.006574688999933, 40.978198810000038 ], [ -2.009223668999937, 40.98598875600004 ], [ -2.006216596999934, 40.993506750000051 ], [ -1.999108269999965, 40.999267141000075 ], [ -1.997519054999941, 41.007671043000073 ], [ -1.984934428999964, 41.022399571000051 ], [ -1.973811986999976, 41.027142063000042 ], [ -1.972416443999975, 41.030214207000029 ], [ -1.977883469999938, 41.048461602000032 ], [ -1.982481758999938, 41.053574100000048 ], [ -2.020089499999926, 41.056945499000051 ], [ -2.021955, 41.063491499000065 ], [ -2.02459, 41.064693499000043 ], [ -2.025812499999972, 41.071342499000025 ], [ -2.022399, 41.074504999000055 ], [ -2.01298, 41.079421999000033 ], [ -1.992269499999964, 41.089385999000058 ], [ -1.979256499999963, 41.094684499000039 ] ] ] } },
{ "type": "Feature", "properties": { "code": "19266", "name": "Tendilla" }, "geometry": { "type": "Polygon", "coordinates": [ [ [ -2.913226, 40.533622499000046 ], [ -2.927922574999968, 40.531774188000043 ], [ -2.952495, 40.522483999000031 ], [ -2.975524391999954, 40.532503853000037 ], [ -2.990783897999961, 40.532073994000029 ], [ -2.993199, 40.537639499000079 ], [ -2.988083084999971, 40.543150253000078 ], [ -2.986489499999948, 40.551040499000067 ], [ -2.947510543999954, 40.567716498000038 ], [ -2.93966, 40.575427999000055 ], [ -2.926231834999953, 40.569726708000076 ], [ -2.927493537999965, 40.564430788000038 ], [ -2.915936960999943, 40.547679991000052 ], [ -2.918379609999931, 40.539333458000044 ], [ -2.913226, 40.533622499000046 ] ] ] } },
{ "type": "Feature", "properties": { "code": "19267", "name": "Terzaga" }, "geometry": { "type": "Polygon", "coordinates": [ [ [ -1.920995, 40.663417999000046 ], [ -1.926854771999956, 40.668260972000041 ], [ -1.937168770999961, 40.669743356000026 ], [ -1.933332871999937, 40.674936014000025 ], [ -1.93345962199993, 40.689233308000041 ], [ -1.938630457999977, 40.702344229000062 ], [ -1.94474476299996, 40.704611478000061 ], [ -1.944532157999959, 40.709936113000026 ], [ -1.947649499999955, 40.713111999000034 ], [ -1.942201499999953, 40.721511999000029 ], [ -1.933229, 40.730876999000031 ], [ -1.930242499999963, 40.730292999000028 ], [ -1.926656499999979, 40.731636499000047 ], [ -1.919620499999951, 40.72951499900006 ], [ -1.917061499999932, 40.725944499000036 ], [ -1.906682499999931, 40.720492999000044 ], [ -1.904118499999925, 40.720199499000046 ], [ -1.889121, 40.72285849900004 ], [ -1.885074, 40.72053149900006 ], [ -1.882458499999927, 40.717658999000037 ], [ -1.880258, 40.717547999000033 ], [ -1.877232, 40.71574399900004 ], [ -1.875000499999942, 40.716109999000025 ], [ -1.870409, 40.719413499000041 ], [ -1.867855499999962, 40.722739999000055 ], [ -1.866895499999941, 40.725604999000041 ], [ -1.855351499999927, 40.714465999000026 ], [ -1.853346, 40.713329499000054 ], [ -1.849343, 40.70720699900005 ], [ -1.848493499999961, 40.701568499000075 ], [ -1.868156927999962, 40.699648651000075 ], [ -1.879464998999936, 40.690105617000029 ], [ -1.894319096999936, 40.684638063000079 ], [ -1.908268375999967, 40.665732503000072 ], [ -1.920995, 40.663417999000046 ] ] ] } },
{ "type": "Feature", "properties": { "code": "19268", "name": "Tierzo" }, "geometry": { "type": "Polygon", "coordinates": [ [ [ -1.981640499999969, 40.744052999000075 ], [ -1.982467499999927, 40.745788499000071 ], [ -1.982675, 40.750034499000037 ], [ -1.981929, 40.757812499000067 ], [ -1.965729188999944, 40.760441339000067 ], [ -1.940413, 40.775172499000064 ], [ -1.92430584799996, 40.78224070400006 ], [ -1.901094499999942, 40.773048499000026 ], [ -1.900076499999955, 40.77155299900005 ], [ -1.897026499999924, 40.771144999000057 ], [ -1.88805, 40.767825999000024 ], [ -1.886459499999944, 40.77155699900004 ], [ -1.884050499999944, 40.774650499000074 ], [ -1.88605, 40.769103999000038 ], [ -1.891022499999963, 40.762267999000073 ], [ -1.888105499999938, 40.751071999000033 ], [ -1.867172499999924, 40.730228499000077 ], [ -1.866895499999941, 40.725604999000041 ], [ -1.867855499999962, 40.722739999000055 ], [ -1.870409, 40.719413499000041 ], [ -1.875000499999942, 40.716109999000025 ], [ -1.877232, 40.71574399900004 ], [ -1.880258, 40.717547999000033 ], [ -1.882458499999927, 40.717658999000037 ], [ -1.885074, 40.72053149900006 ], [ -1.889121, 40.72285849900004 ], [ -1.904118499999925, 40.720199499000046 ], [ -1.906682499999931, 40.720492999000044 ], [ -1.917061499999932, 40.725944499000036 ], [ -1.919620499999951, 40.72951499900006 ], [ -1.926656499999979, 40.731636499000047 ], [ -1.930242499999963, 40.730292999000028 ], [ -1.933229, 40.730876999000031 ], [ -1.942201499999953, 40.721511999000029 ], [ -1.948818203999963, 40.72406085800003 ], [ -1.967127534999975, 40.74369411300006 ], [ -1.981640499999969, 40.744052999000075 ] ] ] } },
{ "type": "Feature", "properties": { "code": "19269", "name": "Toba, La" }, "geometry": { "type": "Polygon", "coordinates": [ [ [ -3.057638499999939, 41.021121999000059 ], [ -3.040376518999949, 41.030357714000047 ], [ -3.03056055899998, 41.039953944000047 ], [ -3.027378978999934, 41.048314833000063 ], [ -3.021761499999968, 41.052039999000044 ], [ -3.008495, 41.050384499000074 ], [ -3.013181695999947, 41.039523621000058 ], [ -2.998441212999978, 41.026151330000062 ], [ -2.997058084999935, 41.020117742000025 ], [ -2.987192192999942, 41.016215985000031 ], [ -2.96887049999998, 41.02107649900006 ], [ -2.968014206999953, 41.015988192000066 ], [ -2.954671499999961, 40.999156999000036 ], [ -2.960775, 40.971980999000039 ], [ -2.964413499999978, 40.97119899900008 ], [ -2.969464, 40.97259499900008 ], [ -2.990389609999966, 40.98396144700007 ], [ -3.004195107999976, 40.97500958300003 ], [ -3.019776499999978, 40.976596999000037 ], [ -3.01652295699995, 40.985093048000067 ], [ -3.005635181999935, 40.992956243000037 ], [ -3.007334459999925, 41.000204279000059 ], [ -3.012825759999942, 41.006918465000069 ], [ -3.02533705299993, 41.005522618000043 ], [ -3.041695682999944, 41.00796854500004 ], [ -3.056738499999938, 40.997771999000065 ], [ -3.062546499999939, 41.003932999000028 ], [ -3.07391, 41.010203999000055 ], [ -3.057638499999939, 41.021121999000059 ] ] ] } },
{ "type": "Feature", "properties": { "code": "19270", "name": "Tordelrábano" }, "geometry": { "type": "Polygon", "coordinates": [ [ [ -2.758870499999944, 41.184680999000079 ], [ -2.76349, 41.193515999000056 ], [ -2.764751, 41.197700499000064 ], [ -2.765395499999954, 41.20420449900007 ], [ -2.769523499999934, 41.211204499000075 ], [ -2.770168499999954, 41.213844499000061 ], [ -2.769589499999938, 41.218875999000034 ], [ -2.773818, 41.234756499000071 ], [ -2.773869, 41.243640999000036 ], [ -2.775778, 41.248039499000072 ], [ -2.77552, 41.250091499000064 ], [ -2.74391520699993, 41.225854814000058 ], [ -2.735516845999939, 41.208602977000055 ], [ -2.747182621999968, 41.203357374000063 ], [ -2.747076872999969, 41.196885034000047 ], [ -2.750930750999942, 41.191026499000031 ], [ -2.748162, 41.182117499000071 ], [ -2.758870499999944, 41.184680999000079 ] ] ] } },
{ "type": "Feature", "properties": { "code": "19271", "name": "Tordellego" }, "geometry": { "type": "Polygon", "coordinates": [ [ [ -1.712254, 40.685318499000061 ], [ -1.723232499999938, 40.686736999000061 ], [ -1.729247499999929, 40.690360999000063 ], [ -1.734837499999969, 40.692622999000037 ], [ -1.740961499999969, 40.692958999000041 ], [ -1.745978499999978, 40.694308999000043 ], [ -1.73962660199993, 40.705835065000031 ], [ -1.729669516999934, 40.708343960000036 ], [ -1.725327919999927, 40.705833677000044 ], [ -1.71999849499997, 40.70695889600006 ], [ -1.709862742999974, 40.719405345000041 ], [ -1.706941499999971, 40.728191499000047 ], [ -1.694015021999974, 40.730690665000054 ], [ -1.671388358999934, 40.747106576000078 ], [ -1.659562066999968, 40.745131020000031 ], [ -1.650116, 40.74853149900008 ], [ -1.647885308999946, 40.746493827000052 ], [ -1.645055, 40.746333999000058 ], [ -1.645537471999944, 40.743519341000081 ], [ -1.647145898999952, 40.741877257000056 ], [ -1.64982, 40.734473999000045 ], [ -1.649270499999943, 40.731727499000044 ], [ -1.639924, 40.709666999000035 ], [ -1.64140249999997, 40.705169499000078 ], [ -1.640918499999941, 40.702216999000029 ], [ -1.637240499999962, 40.698615999000026 ], [ -1.626747, 40.693683499000031 ], [ -1.625827499999957, 40.691203999000038 ], [ -1.635489403999941, 40.68967286700007 ], [ -1.649221, 40.693828499000062 ], [ -1.652951, 40.693118999000035 ], [ -1.672079, 40.699561999000025 ], [ -1.678034499999967, 40.700740999000061 ], [ -1.691991499999972, 40.700565499000049 ], [ -1.696632499999964, 40.697482999000044 ], [ -1.698779, 40.697344999000052 ], [ -1.701764499999967, 40.695316499000057 ], [ -1.704984499999966, 40.690444999000078 ], [ -1.70807, 40.687568499000065 ], [ -1.712254, 40.685318499000061 ] ] ] } },
{ "type": "Feature", "properties": { "code": "19272", "name": "Tordesilos" }, "geometry": { "type": "Polygon", "coordinates": [ [ [ -1.649221, 40.693828499000062 ], [ -1.635489403999941, 40.68967286700007 ], [ -1.625827499999957, 40.691203999000038 ], [ -1.60881, 40.685451499000067 ], [ -1.597478499999966, 40.688014999000075 ], [ -1.580942499999935, 40.690479499000048 ], [ -1.564940499999977, 40.697639499000047 ], [ -1.558537, 40.70423499900005 ], [ -1.552586, 40.708972999000025 ], [ -1.538336, 40.689368999000067 ], [ -1.538971499999946, 40.658099999000058 ], [ -1.54544739399995, 40.651268003000041 ], [ -1.564837, 40.614753499000074 ], [ -1.573537499999929, 40.622527999000056 ], [ -1.579707499999927, 40.629287499000043 ], [ -1.589521, 40.636607999000034 ], [ -1.600886, 40.642223499000067 ], [ -1.623208, 40.662669999000059 ], [ -1.626327499999945, 40.662795999000025 ], [ -1.632182259999979, 40.67322359800005 ], [ -1.649221, 40.693828499000062 ] ] ] } },
{ "type": "Feature", "properties": { "code": "19274", "name": "Torija" }, "geometry": { "type": "Polygon", "coordinates": [ [ [ -3.063913, 40.712171999000077 ], [ -3.080409499999973, 40.719847999000081 ], [ -3.077605158999972, 40.737301638000076 ], [ -3.079897811999956, 40.742130161000034 ], [ -3.074556343999973, 40.741510995000056 ], [ -3.068461499999955, 40.749081499000056 ], [ -3.048717002999979, 40.754933477000066 ], [ -3.044955129999948, 40.760646852000036 ], [ -3.05435422599993, 40.781659818000037 ], [ -3.052402499999971, 40.791568999000049 ], [ -3.035919367999952, 40.78854433500004 ], [ -3.030035, 40.79084399900006 ], [ -3.02639979099996, 40.78752946000003 ], [ -3.026959630999954, 40.777951573000053 ], [ -3.019342062999954, 40.76884887500006 ], [ -3.022282340999936, 40.761929923000025 ], [ -2.994170499999939, 40.747386999000071 ], [ -2.995653499999946, 40.740222999000025 ], [ -2.999845499999935, 40.733650499000078 ], [ -3.005436499999973, 40.730522499000074 ], [ -3.011687, 40.725639499000067 ], [ -3.032985499999938, 40.715644999000062 ], [ -3.041137499999934, 40.70834349900008 ], [ -3.047813539999936, 40.71494184800008 ], [ -3.057299218999958, 40.715224059000036 ], [ -3.063913, 40.712171999000077 ] ] ] } },
{ "type": "Feature", "properties": { "code": "19277", "name": "Torrecuadrada de Molina" }, "geometry": { "type": "Polygon", "coordinates": [ [ [ -1.848493499999961, 40.701568499000075 ], [ -1.849343, 40.70720699900005 ], [ -1.853346, 40.713329499000054 ], [ -1.855351499999927, 40.714465999000026 ], [ -1.866895499999941, 40.725604999000041 ], [ -1.867172499999924, 40.730228499000077 ], [ -1.857462940999937, 40.729918732000044 ], [ -1.845223961999977, 40.736988114000042 ], [ -1.824734049999961, 40.757215425000027 ], [ -1.820023499999934, 40.769355499000028 ], [ -1.79732, 40.76348499900007 ], [ -1.793321, 40.760558999000068 ], [ -1.788066, 40.753135499000052 ], [ -1.778551, 40.750674999000069 ], [ -1.771009499999934, 40.75175499900007 ], [ -1.775074618999952, 40.738766607000059 ], [ -1.77589949999998, 40.713016499000048 ], [ -1.801249389999953, 40.71042989700004 ], [ -1.809210586999939, 40.721156233000045 ], [ -1.81398246699996, 40.70795223500005 ], [ -1.819825025999933, 40.702290077000043 ], [ -1.848493499999961, 40.701568499000075 ] ] ] } },
{ "type": "Feature", "properties": { "code": "19278", "name": "Torrecuadradilla" }, "geometry": { "type": "Polygon", "coordinates": [ [ [ -2.506006, 40.873908999000037 ], [ -2.506198499999925, 40.872050999000066 ], [ -2.5012, 40.864310999000054 ], [ -2.499649, 40.849529499000027 ], [ -2.497782499999971, 40.845523999000079 ], [ -2.507603513999925, 40.843718281000065 ], [ -2.517528866999953, 40.822485681000046 ], [ -2.53149844099994, 40.810978473000034 ], [ -2.555816423999943, 40.81845012000008 ], [ -2.563631, 40.814998499000069 ], [ -2.569836133999956, 40.82694271500003 ], [ -2.575860090999925, 40.828121642000042 ], [ -2.580153499999938, 40.825610999000048 ], [ -2.586042212999928, 40.82688326300007 ], [ -2.592500499999971, 40.833003999000027 ], [ -2.57618772099994, 40.841120132000071 ], [ -2.555856951999942, 40.861381337000068 ], [ -2.545552877999967, 40.865615401000071 ], [ -2.545057798999949, 40.877868958000079 ], [ -2.525392871999941, 40.873207809000064 ], [ -2.506006, 40.873908999000037 ] ] ] } },
{ "type": "Feature", "properties": { "code": "19279", "name": "Torre del Burgo" }, "geometry": { "type": "Polygon", "coordinates": [ [ [ -3.100011499999937, 40.811050499000032 ], [ -3.094665, 40.811748499000032 ], [ -3.087583, 40.809402499000043 ], [ -3.08349549999997, 40.810207499000057 ], [ -3.080751499999963, 40.807937499000047 ], [ -3.069655, 40.80783849900007 ], [ -3.066856, 40.806441999000072 ], [ -3.06454, 40.802787999000032 ], [ -3.070915499999956, 40.800937499000042 ], [ -3.071771499999954, 40.802188999000066 ], [ -3.079437, 40.799461499000074 ], [ -3.079696, 40.797633999000027 ], [ -3.078913499999942, 40.796661499000038 ], [ -3.074146499999927, 40.795608499000025 ], [ -3.073092, 40.795673499000031 ], [ -3.070167, 40.799667499000066 ], [ -3.069055343999935, 40.793861433000075 ], [ -3.080081890999963, 40.791385914000045 ], [ -3.088512499999979, 40.794887499000026 ], [ -3.090157499999975, 40.793418999000039 ], [ -3.094133499999941, 40.796100499000033 ], [ -3.098686499999928, 40.796222499000066 ], [ -3.102852499999926, 40.800010499000052 ], [ -3.103696, 40.80211999900007 ], [ -3.102405, 40.810760499000025 ], [ -3.100011499999937, 40.811050499000032 ] ] ] } },
{ "type": "Feature", "properties": { "code": "19280", "name": "Torrejón del Rey" }, "geometry": { "type": "MultiPolygon", "coordinates": [ [ [ [ -3.383064499999932, 40.683314999000061 ], [ -3.363517508999962, 40.69907102500008 ], [ -3.353937797999947, 40.696211801000061 ], [ -3.34880189699993, 40.689905580000072 ], [ -3.335430564999967, 40.684035618000053 ], [ -3.311651499999925, 40.678180499000064 ], [ -3.315686213999925, 40.674362024000061 ], [ -3.316346499999952, 40.655137999000033 ], [ -3.324415896999938, 40.642387928000062 ], [ -3.340156997999941, 40.636820976000081 ], [ -3.345327493999946, 40.63813618100005 ], [ -3.346878035999964, 40.642033575000028 ], [ -3.363643085999968, 40.646772476000081 ], [ -3.365189, 40.650766499000042 ], [ -3.363270346999968, 40.654644652000059 ], [ -3.37400175199997, 40.678490139000075 ], [ -3.383064499999932, 40.683314999000061 ] ] ], [ [ [ -3.380256499999973, 40.632853999000076 ], [ -3.373865748999947, 40.635300462000032 ], [ -3.373038073999965, 40.638316270000075 ], [ -3.364439879999964, 40.637806395000041 ], [ -3.364164192999965, 40.632664378000072 ], [ -3.371729, 40.62576849900006 ], [ -3.382135, 40.630470499000069 ], [ -3.380256499999973, 40.632853999000076 ] ] ] ] } },
{ "type": "Feature", "properties": { "code": "19281", "name": "Torremocha de Jadraque" }, "geometry": { "type": "Polygon", "coordinates": [ [ [ -2.922536499999978, 41.035514999000043 ], [ -2.917713499999934, 41.030318999000031 ], [ -2.908519, 41.028747499000076 ], [ -2.90294, 41.029128999000079 ], [ -2.890547499999968, 41.033908999000062 ], [ -2.887237451999965, 41.02775783900006 ], [ -2.88611549999996, 41.010711499000081 ], [ -2.895082, 41.002727499000059 ], [ -2.896990499999959, 40.999721499000032 ], [ -2.902215, 40.996906499000033 ], [ -2.909166, 40.991496999000049 ], [ -2.91518149999996, 40.990764499000079 ], [ -2.916058, 40.994331499000054 ], [ -2.918371, 40.998676499000055 ], [ -2.923729499999979, 41.002307999000038 ], [ -2.92682149999996, 41.002204999000071 ], [ -2.922606, 41.016414499000064 ], [ -2.920057499999928, 41.018871499000056 ], [ -2.923231499999929, 41.021587499000077 ], [ -2.922834, 41.026171999000042 ], [ -2.924331499999937, 41.028083999000046 ], [ -2.924097, 41.033378499000037 ], [ -2.922536499999978, 41.035514999000043 ] ] ] } },
{ "type": "Feature", "properties": { "code": "19282", "name": "Torremocha del Campo" }, "geometry": { "type": "Polygon", "coordinates": [ [ [ -2.568819499999961, 40.983909999000048 ], [ -2.55638816499993, 40.977306515000066 ], [ -2.558957025999973, 40.969645290000074 ], [ -2.555409599999962, 40.963255005000065 ], [ -2.531348707999939, 40.951507037000056 ], [ -2.525147090999951, 40.945489920000057 ], [ -2.514943323999944, 40.943526367000061 ], [ -2.515765190999957, 40.93456627900008 ], [ -2.504406145999951, 40.928289173000053 ], [ -2.50241191899994, 40.920947308000052 ], [ -2.493013463999944, 40.914172072000042 ], [ -2.491912499999955, 40.908816999000067 ], [ -2.50308, 40.904845999000031 ], [ -2.506690499999934, 40.904907499000046 ], [ -2.507059, 40.901549999000054 ], [ -2.505262499999958, 40.900398499000062 ], [ -2.502058, 40.900294999000039 ], [ -2.501455, 40.898292499000036 ], [ -2.504329499999926, 40.891727499000069 ], [ -2.508231499999965, 40.887546499000052 ], [ -2.508073499999966, 40.884681499000067 ], [ -2.498345, 40.877830499000027 ], [ -2.506006, 40.873908999000037 ], [ -2.525392871999941, 40.873207809000064 ], [ -2.545057798999949, 40.877868958000079 ], [ -2.545552877999967, 40.865615401000071 ], [ -2.555856951999942, 40.861381337000068 ], [ -2.57618772099994, 40.841120132000071 ], [ -2.592500499999971, 40.833003999000027 ], [ -2.602625, 40.841651999000078 ], [ -2.610458499999936, 40.845058499000061 ], [ -2.613429040999961, 40.851733399000068 ], [ -2.612409340999932, 40.863390674000073 ], [ -2.607383857999935, 40.873895639000068 ], [ -2.613383318999979, 40.882927566000035 ], [ -2.616361967999978, 40.896560516000079 ], [ -2.631031678999932, 40.912856648000059 ], [ -2.642869499999961, 40.920013499000049 ], [ -2.629028253999934, 40.939911149000068 ], [ -2.640338342999939, 40.969778881000025 ], [ -2.656555, 40.990066499000079 ], [ -2.643317895999928, 40.98937869000008 ], [ -2.63212299199995, 40.995609524000031 ], [ -2.615641511999968, 40.997634155000071 ], [ -2.603259, 41.009654999000077 ], [ -2.58442308399998, 41.005459171000041 ], [ -2.580197114999976, 41.000682399000027 ], [ -2.57803082199996, 40.98873099900004 ], [ -2.568819499999961, 40.983909999000048 ] ] ] } },
{ "type": "Feature", "properties": { "code": "19283", "name": "Torremocha del Pinar" }, "geometry": { "type": "Polygon", "coordinates": [ [ [ -2.090290499999981, 40.915072999000074 ], [ -2.085452237999959, 40.910964714000045 ], [ -2.075863227999946, 40.914080959000046 ], [ -2.02742255499993, 40.90860441600006 ], [ -2.007819506999965, 40.911266283000032 ], [ -2.006595009999955, 40.892185209000047 ], [ -2.002421018999939, 40.879373782000073 ], [ -2.01006472399996, 40.86860703800005 ], [ -2.044899594999947, 40.849211128000036 ], [ -2.069289995999952, 40.850031982000075 ], [ -2.08797949999996, 40.858527999000046 ], [ -2.08704849999998, 40.860709999000051 ], [ -2.087641, 40.863315499000066 ], [ -2.09247, 40.868579999000076 ], [ -2.095764499999973, 40.874099499000067 ], [ -2.100512, 40.879371499000058 ], [ -2.10537549999998, 40.886649999000042 ], [ -2.103270445999954, 40.901517507000051 ], [ -2.109286181999948, 40.917991103000077 ], [ -2.101580208999962, 40.920579754000073 ], [ -2.090290499999981, 40.915072999000074 ] ] ] } },
{ "type": "Feature", "properties": { "code": "19284", "name": "Torremochuela" }, "geometry": { "type": "Polygon", "coordinates": [ [ [ -1.888105499999938, 40.751071999000033 ], [ -1.881311, 40.751411499000028 ], [ -1.87554149999994, 40.75640099900005 ], [ -1.875958, 40.760512999000071 ], [ -1.872751499999936, 40.763793999000029 ], [ -1.86961249999996, 40.764430999000069 ], [ -1.864754499999947, 40.763717499000052 ], [ -1.858142499999929, 40.768635499000027 ], [ -1.855794499999945, 40.777030999000033 ], [ -1.852308, 40.779960499000026 ], [ -1.848269499999958, 40.780525499000078 ], [ -1.838175, 40.779064499000071 ], [ -1.828406499999971, 40.775775999000075 ], [ -1.818202499999927, 40.773807499000043 ], [ -1.824734049999961, 40.757215425000027 ], [ -1.845223961999977, 40.736988114000042 ], [ -1.857462940999937, 40.729918732000044 ], [ -1.867172499999924, 40.730228499000077 ], [ -1.888105499999938, 40.751071999000033 ] ] ] } },
{ "type": "Feature", "properties": { "code": "19285", "name": "Torrubia" }, "geometry": { "type": "MultiPolygon", "coordinates": [ [ [ [ -1.883898, 40.937820499000054 ], [ -1.89199550799998, 40.939454433000037 ], [ -1.900563981999937, 40.945887847000051 ], [ -1.922076, 40.970874999000046 ], [ -1.906399499999964, 40.981555999000079 ], [ -1.894442, 40.987926499000025 ], [ -1.881553499999939, 40.992981499000052 ], [ -1.866867499999955, 41.000106999000025 ], [ -1.853389, 41.004669499000045 ], [ -1.850056499999937, 41.00410449900005 ], [ -1.845223906999934, 40.996874784000056 ], [ -1.845349218999957, 40.988742185000035 ], [ -1.857165094999971, 40.980417400000078 ], [ -1.856445690999976, 40.972369331000039 ], [ -1.861604966999948, 40.954942442000061 ], [ -1.869244755999944, 40.944388987000025 ], [ -1.883898, 40.937820499000054 ] ] ], [ [ [ -1.899484, 40.932105999000044 ], [ -1.895441, 40.91814049900006 ], [ -1.901461499999925, 40.920280499000057 ], [ -1.91041, 40.92132949900008 ], [ -1.914139, 40.923560999000074 ], [ -1.913976313999967, 40.92671875700006 ], [ -1.908720004999964, 40.931417884000041 ], [ -1.899484, 40.932105999000044 ] ] ] ] } },
{ "type": "Feature", "properties": { "code": "19286", "name": "Tórtola de Henares" }, "geometry": { "type": "Polygon", "coordinates": [ [ [ -3.086875, 40.723218999000039 ], [ -3.087646358999962, 40.712828764000051 ], [ -3.093640539999967, 40.707111840000039 ], [ -3.090260422999961, 40.703309091000051 ], [ -3.090911283999958, 40.699874143000045 ], [ -3.10741040399995, 40.687139665000075 ], [ -3.126063015999932, 40.690368406000061 ], [ -3.157796886999961, 40.68902582700008 ], [ -3.162758620999966, 40.696085878000076 ], [ -3.144529123999973, 40.709914932000061 ], [ -3.147473280999975, 40.711535926000067 ], [ -3.147493721999979, 40.718144085000063 ], [ -3.157235, 40.713072999000076 ], [ -3.157802149999952, 40.720629300000041 ], [ -3.155288, 40.723689999000044 ], [ -3.142824142999928, 40.727446784000051 ], [ -3.145484158999977, 40.733669242000076 ], [ -3.143696424999973, 40.741501561000064 ], [ -3.132437, 40.743907999000044 ], [ -3.117357029999937, 40.734602966000068 ], [ -3.086875, 40.723218999000039 ] ] ] } },
{ "type": "Feature", "properties": { "code": "19287", "name": "Tortuera" }, "geometry": { "type": "Polygon", "coordinates": [ [ [ -1.714759, 41.012084499000025 ], [ -1.73784, 41.002288999000029 ], [ -1.751058, 40.989261499000065 ], [ -1.753010499999959, 40.985366999000064 ], [ -1.748573499999964, 40.98299399900003 ], [ -1.741986499999939, 40.976211499000044 ], [ -1.74208, 40.97126399900003 ], [ -1.74448, 40.96252849900003 ], [ -1.74247, 40.957038999000076 ], [ -1.742992499999957, 40.953864999000075 ], [ -1.741613, 40.949542999000073 ], [ -1.743058, 40.947917999000026 ], [ -1.739865, 40.945281999000031 ], [ -1.737701499999957, 40.942210999000054 ], [ -1.739464, 40.94134899900007 ], [ -1.755725499999926, 40.945850499000073 ], [ -1.76431249999996, 40.945354499000075 ], [ -1.783132499999965, 40.94093699900003 ], [ -1.800073, 40.934833499000035 ], [ -1.823519071999954, 40.94515967600006 ], [ -1.82069017699996, 40.953934240000081 ], [ -1.825279167999952, 40.961818553000057 ], [ -1.825658163999947, 40.973128907000046 ], [ -1.832422838999946, 40.977864279000073 ], [ -1.831717, 40.99763099900008 ], [ -1.823581499999932, 41.016471999000032 ], [ -1.809125266999956, 41.024065342000029 ], [ -1.807815112999947, 41.042022469000074 ], [ -1.804983451999931, 41.046103740000035 ], [ -1.79534937699998, 41.048734375000038 ], [ -1.77209772599997, 41.047392204000062 ], [ -1.7619, 41.058513499000071 ], [ -1.760966, 41.05691149900008 ], [ -1.757739499999957, 41.055083999000033 ], [ -1.758740694999972, 41.048513244000048 ], [ -1.749598463999973, 41.041531504000034 ], [ -1.746688924999944, 41.034373681000034 ], [ -1.736067291999973, 41.030142116000036 ], [ -1.729811, 41.024024999000062 ], [ -1.724597, 41.021209499000065 ], [ -1.714759, 41.012084499000025 ] ] ] } },
{ "type": "Feature", "properties": { "code": "19288", "name": "Tortuero" }, "geometry": { "type": "Polygon", "coordinates": [ [ [ -3.348411, 40.899814499000058 ], [ -3.353911309999944, 40.896607011000071 ], [ -3.35885327699998, 40.898586603000069 ], [ -3.360906816999943, 40.903066155000033 ], [ -3.358849404999944, 40.91190073100006 ], [ -3.383070460999932, 40.94209268000003 ], [ -3.393909727999926, 40.961364304000028 ], [ -3.41716, 40.974593499000036 ], [ -3.416917781999928, 40.987653169000055 ], [ -3.394300499999929, 41.000234499000044 ], [ -3.383548, 40.999385999000026 ], [ -3.368244499999946, 41.001281999000071 ], [ -3.344808, 41.001536999000052 ], [ -3.348626679999938, 40.985101997000072 ], [ -3.347724580999966, 40.96887410800008 ], [ -3.328171524999959, 40.943464713000026 ], [ -3.319146, 40.939597999000057 ], [ -3.324071104999973, 40.934122838000064 ], [ -3.322792602999925, 40.925873309000053 ], [ -3.33008949799995, 40.923740188000068 ], [ -3.339393583999936, 40.907537269000045 ], [ -3.348411, 40.899814499000058 ] ] ] } },
{ "type": "Feature", "properties": { "code": "19289", "name": "Traíd" }, "geometry": { "type": "Polygon", "coordinates": [ [ [ -1.7666, 40.696090499000036 ], [ -1.769919, 40.670013499000049 ], [ -1.781497499999944, 40.658595999000056 ], [ -1.784366636999948, 40.651268003000041 ], [ -1.793959100999928, 40.64020901300006 ], [ -1.796128499999952, 40.627128499000037 ], [ -1.804056, 40.615501499000061 ], [ -1.816041, 40.623027999000044 ], [ -1.819317, 40.624359499000036 ], [ -1.82880849999998, 40.625816499000052 ], [ -1.829587568999955, 40.637082705000068 ], [ -1.841681499999936, 40.664287499000068 ], [ -1.843508, 40.679050499000027 ], [ -1.843610499999954, 40.69572849900004 ], [ -1.848493499999961, 40.701568499000075 ], [ -1.819825025999933, 40.702290077000043 ], [ -1.81398246699996, 40.70795223500005 ], [ -1.809210586999939, 40.721156233000045 ], [ -1.801249389999953, 40.71042989700004 ], [ -1.77589949999998, 40.713016499000048 ], [ -1.769511499999965, 40.710933499000078 ], [ -1.768167499999947, 40.708656499000028 ], [ -1.76935, 40.701022999000031 ], [ -1.7666, 40.696090499000036 ] ] ] } },
{ "type": "Feature", "properties": { "code": "19290", "name": "Trijueque" }, "geometry": { "type": "Polygon", "coordinates": [ [ [ -2.994170499999939, 40.747386999000071 ], [ -3.022282340999936, 40.761929923000025 ], [ -3.019342062999954, 40.76884887500006 ], [ -3.026959630999954, 40.777951573000053 ], [ -3.02639979099996, 40.78752946000003 ], [ -3.030035, 40.79084399900006 ], [ -3.019218, 40.809089499000038 ], [ -3.000608391999947, 40.800409670000079 ], [ -2.984972052999979, 40.798707774000036 ], [ -2.970762, 40.807746999000074 ], [ -2.924437, 40.789184499000044 ], [ -2.947925273999942, 40.770980325000039 ], [ -2.969250268999929, 40.764449504000027 ], [ -2.984858606999978, 40.752446676000034 ], [ -2.987775, 40.745349999000041 ], [ -2.994170499999939, 40.747386999000071 ] ] ] } },
{ "type": "Feature", "properties": { "code": "19291", "name": "Trillo" }, "geometry": { "type": "Polygon", "coordinates": [ [ [ -2.445628, 40.648223999000038 ], [ -2.452741383999978, 40.649710735000042 ], [ -2.455956817999947, 40.651268003000041 ], [ -2.463531830999955, 40.652344815000049 ], [ -2.472078323999938, 40.658197413000039 ], [ -2.489702638999972, 40.655193313000041 ], [ -2.494231436999939, 40.651268003000041 ], [ -2.502448059999949, 40.632813356000042 ], [ -2.520446955999944, 40.615665927000066 ], [ -2.545584560999941, 40.616329415000052 ], [ -2.576902, 40.603610999000068 ], [ -2.588313109999945, 40.607164956000076 ], [ -2.609669285999928, 40.608305511000026 ], [ -2.627747539999973, 40.639032880000059 ], [ -2.634852726999952, 40.644073413000058 ], [ -2.644700169999965, 40.645653762000052 ], [ -2.659774499999969, 40.642677499000058 ], [ -2.667205005999961, 40.651268003000041 ], [ -2.668888, 40.655964999000048 ], [ -2.663163698999938, 40.662229556000057 ], [ -2.65697406399994, 40.65621058000005 ], [ -2.648684021999941, 40.66109854900003 ], [ -2.633756054999935, 40.656522141000039 ], [ -2.62895051199996, 40.664837569000042 ], [ -2.639634883999975, 40.67567874100007 ], [ -2.639324871999975, 40.699625033000075 ], [ -2.602483732999929, 40.731133243000045 ], [ -2.592826220999939, 40.735587534000047 ], [ -2.569326980999961, 40.716037721000077 ], [ -2.554509836999955, 40.718245616000047 ], [ -2.526731392999977, 40.715569585000026 ], [ -2.507143717999952, 40.708181421000063 ], [ -2.500284445999966, 40.70268640200004 ], [ -2.488186533999965, 40.707656467000049 ], [ -2.48236276199998, 40.702308148000043 ], [ -2.461605499999962, 40.708266999000045 ], [ -2.440934418999973, 40.695700664000071 ], [ -2.441874346999953, 40.689313454000057 ], [ -2.449460663999957, 40.679610241000034 ], [ -2.44384249999996, 40.649249999000062 ], [ -2.445628, 40.648223999000038 ] ] ] } },
{ "type": "Feature", "properties": { "code": "19293", "name": "Uceda" }, "geometry": { "type": "Polygon", "coordinates": [ [ [ -3.470085, 40.852020999000047 ], [ -3.466738606999968, 40.856805805000079 ], [ -3.471373913999969, 40.861662236000029 ], [ -3.470889161999935, 40.864913241000068 ], [ -3.44868503999993, 40.875613464000025 ], [ -3.441244491999953, 40.876090840000074 ], [ -3.440976499999977, 40.880435499000043 ], [ -3.426036017999934, 40.871071097000026 ], [ -3.414529014999971, 40.872500978000062 ], [ -3.402461091999953, 40.86354437500006 ], [ -3.392535499999951, 40.864379499000052 ], [ -3.396443096999974, 40.863357176000079 ], [ -3.397846499999957, 40.849696999000059 ], [ -3.426370879999979, 40.839717471000029 ], [ -3.431302690999928, 40.830271867000079 ], [ -3.451675012999942, 40.813851266000029 ], [ -3.453672137999945, 40.792519123000034 ], [ -3.43049986799997, 40.796579294000026 ], [ -3.425236684999959, 40.794761725000058 ], [ -3.425145499999928, 40.790420499000049 ], [ -3.435874593999927, 40.783807462000027 ], [ -3.446833499999968, 40.763301499000079 ], [ -3.449512415999948, 40.770819397000025 ], [ -3.460696567999946, 40.781800731000033 ], [ -3.497991, 40.788772499000061 ], [ -3.50239449999998, 40.788056999000048 ], [ -3.511418499999934, 40.788454499000068 ], [ -3.509119, 40.790491499000041 ], [ -3.504098, 40.789190999000027 ], [ -3.502436, 40.791321499000048 ], [ -3.502195, 40.793471999000076 ], [ -3.503199499999937, 40.795458499000063 ], [ -3.502050499999939, 40.797592999000074 ], [ -3.492372733999957, 40.79874095100007 ], [ -3.490497058999949, 40.808077688000026 ], [ -3.477058590999945, 40.82522745700004 ], [ -3.478363757999944, 40.837446697000075 ], [ -3.470661358999962, 40.843001927000046 ], [ -3.474856379999949, 40.850917007000078 ], [ -3.470085, 40.852020999000047 ] ] ] } },
{ "type": "Feature", "properties": { "code": "19294", "name": "Ujados" }, "geometry": { "type": "Polygon", "coordinates": [ [ [ -2.991052, 41.203327499000068 ], [ -2.995798541999932, 41.207002136000028 ], [ -3.004282645999979, 41.208227488000034 ], [ -3.022289, 41.207622499000081 ], [ -3.02445, 41.211181499000077 ], [ -3.025101, 41.220481999000071 ], [ -3.029208, 41.233905999000058 ], [ -3.030772, 41.236697999000057 ], [ -3.031574, 41.241870999000071 ], [ -3.030265, 41.249156499000037 ], [ -3.000955528999953, 41.24153534800007 ], [ -2.995090875999949, 41.236726756000053 ], [ -2.993869501999939, 41.228778569000042 ], [ -2.989545, 41.224890999000024 ], [ -2.992814095999961, 41.218793599000037 ], [ -2.991052, 41.203327499000068 ] ] ] } },
{ "type": "Feature", "properties": { "code": "19296", "name": "Utande" }, "geometry": { "type": "Polygon", "coordinates": [ [ [ -2.949261499999977, 40.845870999000056 ], [ -2.94093855999995, 40.852796987000033 ], [ -2.942072726999925, 40.858091606000073 ], [ -2.938468472999944, 40.87033406900008 ], [ -2.941522499999962, 40.87661349900003 ], [ -2.933331510999949, 40.880381758000055 ], [ -2.925283515999979, 40.869819568000025 ], [ -2.915293499999962, 40.885009999000033 ], [ -2.912128, 40.891807499000038 ], [ -2.908064, 40.894290999000077 ], [ -2.90887, 40.896030499000062 ], [ -2.906265150999957, 40.89434650100003 ], [ -2.905538496999952, 40.88160292200007 ], [ -2.902139541999929, 40.873461268000028 ], [ -2.904395499999964, 40.854263499000069 ], [ -2.906269403999943, 40.851122302000078 ], [ -2.901767408999945, 40.836142776000031 ], [ -2.932248, 40.823852499000054 ], [ -2.951571876999935, 40.840430211000069 ], [ -2.949261499999977, 40.845870999000056 ] ] ] } },
{ "type": "Feature", "properties": { "code": "19297", "name": "Valdarachas" }, "geometry": { "type": "Polygon", "coordinates": [ [ [ -3.107983499999932, 40.494484499000066 ], [ -3.132672376999949, 40.494755723000026 ], [ -3.135945988999936, 40.498058947000061 ], [ -3.146332518999941, 40.499324086000058 ], [ -3.143102233999969, 40.505427988000065 ], [ -3.135456889999944, 40.508675767000057 ], [ -3.140392888999941, 40.519236718000059 ], [ -3.136579037999979, 40.523780536000061 ], [ -3.139820756999939, 40.535240379000072 ], [ -3.138453427999934, 40.54151618800006 ], [ -3.135175696999966, 40.541799725000033 ], [ -3.129666748999966, 40.534441705000063 ], [ -3.123932221999951, 40.538298789000066 ], [ -3.123336, 40.531808499000078 ], [ -3.126662085999953, 40.525485394000043 ], [ -3.117779218999942, 40.523152467000045 ], [ -3.107393997999964, 40.506060038000044 ], [ -3.102362, 40.502532999000039 ], [ -3.107983499999932, 40.494484499000066 ] ] ] } },
{ "type": "Feature", "properties": { "code": "19298", "name": "Valdearenas" }, "geometry": { "type": "Polygon", "coordinates": [ [ [ -3.019218, 40.809089499000038 ], [ -3.012723933999951, 40.821669806000045 ], [ -3.010741845999974, 40.838127905000078 ], [ -2.995884758999978, 40.839867913000035 ], [ -2.985968227999933, 40.849251464000076 ], [ -2.975275499999952, 40.847976499000026 ], [ -2.96886084199997, 40.840938538000046 ], [ -2.974191430999952, 40.836780031000046 ], [ -2.980417646999967, 40.824006956000062 ], [ -2.970762, 40.807746999000074 ], [ -2.984972052999979, 40.798707774000036 ], [ -3.000608391999947, 40.800409670000079 ], [ -3.019218, 40.809089499000038 ] ] ] } },
{ "type": "Feature", "properties": { "code": "19299", "name": "Valdeavellano" }, "geometry": { "type": "Polygon", "coordinates": [ [ [ -2.981454, 40.626558499000055 ], [ -2.984731499999953, 40.633283999000071 ], [ -2.989567788999977, 40.648687689000042 ], [ -2.987055465999958, 40.658763638000039 ], [ -2.989684774999944, 40.664655305000053 ], [ -2.983752, 40.682216999000048 ], [ -2.979160499999978, 40.681106499000066 ], [ -2.974284, 40.682979499000055 ], [ -2.960733499999947, 40.685020499000075 ], [ -2.952258, 40.688728499000035 ], [ -2.941562499999975, 40.696029499000076 ], [ -2.932873499999971, 40.698531499000069 ], [ -2.930634, 40.700744499000052 ], [ -2.928331259999936, 40.698153062000074 ], [ -2.928404720999936, 40.686201677000042 ], [ -2.937939961999973, 40.676597925000067 ], [ -2.94459, 40.644710499000041 ], [ -2.971752316999925, 40.628654036000057 ], [ -2.981454, 40.626558499000055 ] ] ] } },
{ "type": "Feature", "properties": { "code": "19300", "name": "Valdeaveruelo" }, "geometry": { "type": "Polygon", "coordinates": [ [ [ -3.288672, 40.660577499000055 ], [ -3.293189, 40.63931149900003 ], [ -3.29707420699998, 40.637850060000062 ], [ -3.298737700999936, 40.627315399000054 ], [ -3.311392, 40.611101499000029 ], [ -3.321601499999929, 40.611724499000047 ], [ -3.334947601999943, 40.624421910000081 ], [ -3.324314987999969, 40.630041534000043 ], [ -3.32235636799993, 40.64057383100004 ], [ -3.314631321999968, 40.649709087000076 ], [ -3.316346499999952, 40.655137999000033 ], [ -3.315686213999925, 40.674362024000061 ], [ -3.299755, 40.688742999000056 ], [ -3.300617323999973, 40.680616327000052 ], [ -3.286653059999935, 40.67464711100007 ], [ -3.282375287999969, 40.669417038000063 ], [ -3.288672, 40.660577499000055 ] ] ] } },
{ "type": "Feature", "properties": { "code": "19301", "name": "Valdeconcha" }, "geometry": { "type": "Polygon", "coordinates": [ [ [ -2.905609, 40.475787499000035 ], [ -2.896547891999944, 40.477723894000064 ], [ -2.857077968999931, 40.469880949000071 ], [ -2.841446499999961, 40.463527999000064 ], [ -2.844280646999948, 40.456063309000058 ], [ -2.839384246999941, 40.443003968000028 ], [ -2.850847389999956, 40.431970758000034 ], [ -2.853831499999956, 40.425319499000068 ], [ -2.872327747999975, 40.428419765000058 ], [ -2.891464618999976, 40.436823944000025 ], [ -2.896022267999967, 40.448499603000073 ], [ -2.915477, 40.462085499000068 ], [ -2.905609, 40.475787499000035 ] ] ] } },
{ "type": "Feature", "properties": { "code": "19302", "name": "Valdegrudas" }, "geometry": { "type": "Polygon", "coordinates": [ [ [ -2.987775, 40.745349999000041 ], [ -2.987076, 40.742801499000052 ], [ -2.98427, 40.739169999000069 ], [ -2.980138499999953, 40.731071499000052 ], [ -2.973686499999928, 40.725337999000033 ], [ -3.005139410999959, 40.70183826300007 ], [ -3.002532499999973, 40.695506999000031 ], [ -3.023767, 40.695907499000043 ], [ -3.041137499999934, 40.70834349900008 ], [ -3.032985499999938, 40.715644999000062 ], [ -3.011687, 40.725639499000067 ], [ -3.005436499999973, 40.730522499000074 ], [ -2.999845499999935, 40.733650499000078 ], [ -2.995653499999946, 40.740222999000025 ], [ -2.994170499999939, 40.747386999000071 ], [ -2.987775, 40.745349999000041 ] ] ] } },
{ "type": "Feature", "properties": { "code": "19303", "name": "Valdelcubo" }, "geometry": { "type": "Polygon", "coordinates": [ [ [ -2.63625849999994, 41.223819999000057 ], [ -2.641653499999961, 41.22280949900005 ], [ -2.648664, 41.223937999000043 ], [ -2.657107, 41.222209999000029 ], [ -2.659538, 41.220702999000025 ], [ -2.669539499999928, 41.217273999000042 ], [ -2.675792499999943, 41.212310999000067 ], [ -2.678803, 41.211406499000077 ], [ -2.686668499999939, 41.212798999000029 ], [ -2.693127849999939, 41.208685713000079 ], [ -2.701528499999938, 41.211215999000046 ], [ -2.701305227999967, 41.237113564000026 ], [ -2.695356499999946, 41.245601499000031 ], [ -2.668706115999953, 41.237613588000045 ], [ -2.647250088999954, 41.23999974600008 ], [ -2.635678811999981, 41.231981761000043 ], [ -2.63625849999994, 41.223819999000057 ] ] ] } },
{ "type": "Feature", "properties": { "code": "19304", "name": "Valdenuño Fernández" }, "geometry": { "type": "Polygon", "coordinates": [ [ [ -3.400508, 40.783203499000081 ], [ -3.39517544399996, 40.785141667000062 ], [ -3.390814776999946, 40.791302684000073 ], [ -3.379552622999938, 40.790815724000026 ], [ -3.376065, 40.794807499000058 ], [ -3.366337778999934, 40.782551165000029 ], [ -3.350635499999953, 40.769725999000059 ], [ -3.355223988999967, 40.762077810000051 ], [ -3.352947986999936, 40.75251331700008 ], [ -3.338407906999976, 40.745661549000033 ], [ -3.330103977999954, 40.739740669000071 ], [ -3.329580499999963, 40.736362499000052 ], [ -3.351068, 40.73708349900005 ], [ -3.367445, 40.734248999000044 ], [ -3.370762499999955, 40.732578499000056 ], [ -3.37856, 40.731372499000031 ], [ -3.386953, 40.728644999000039 ], [ -3.39352508099995, 40.73760281300008 ], [ -3.405901892999964, 40.739424886000052 ], [ -3.397668637999971, 40.75685450900005 ], [ -3.400508, 40.783203499000081 ] ] ] } },
{ "type": "Feature", "properties": { "code": "19305", "name": "Valdepeñas de la Sierra" }, "geometry": { "type": "Polygon", "coordinates": [ [ [ -3.348411, 40.899814499000058 ], [ -3.33715, 40.891650999000035 ], [ -3.335549683999943, 40.879986070000029 ], [ -3.34757133599993, 40.871051439000041 ], [ -3.362277499999948, 40.866901499000051 ], [ -3.383047675999933, 40.870458617000054 ], [ -3.392535499999951, 40.864379499000052 ], [ -3.402461091999953, 40.86354437500006 ], [ -3.414529014999971, 40.872500978000062 ], [ -3.426036017999934, 40.871071097000026 ], [ -3.440976499999977, 40.880435499000043 ], [ -3.443759628999942, 40.886078078000025 ], [ -3.440876214999946, 40.890205265000077 ], [ -3.442423024999925, 40.893082177000053 ], [ -3.459487266999929, 40.899644035000051 ], [ -3.458531078999954, 40.907411259000071 ], [ -3.44582386299993, 40.906725340000037 ], [ -3.445941576999928, 40.909841577000066 ], [ -3.451135, 40.912822499000072 ], [ -3.447202389999973, 40.924044919000039 ], [ -3.437131706999935, 40.933642891000034 ], [ -3.435465477999969, 40.945735809000041 ], [ -3.41716, 40.974593499000036 ], [ -3.393909727999926, 40.961364304000028 ], [ -3.383070460999932, 40.94209268000003 ], [ -3.358849404999944, 40.91190073100006 ], [ -3.360906816999943, 40.903066155000033 ], [ -3.35885327699998, 40.898586603000069 ], [ -3.353911309999944, 40.896607011000071 ], [ -3.348411, 40.899814499000058 ] ] ] } },
{ "type": "Feature", "properties": { "code": "19306", "name": "Valderrebollo" }, "geometry": { "type": "Polygon", "coordinates": [ [ [ -2.752721, 40.831382999000027 ], [ -2.739320911999926, 40.826255839000055 ], [ -2.725654499999962, 40.825877999000056 ], [ -2.718079607999925, 40.817208211000036 ], [ -2.708767087999945, 40.812567475000037 ], [ -2.704474, 40.801711999000077 ], [ -2.710551499999951, 40.797427999000035 ], [ -2.71633, 40.790496999000027 ], [ -2.720253, 40.790256499000066 ], [ -2.723237, 40.788471499000025 ], [ -2.754071851999925, 40.798069702000078 ], [ -2.764006772999949, 40.796303075000026 ], [ -2.774918499999956, 40.804958499000065 ], [ -2.766388173999928, 40.802783193000039 ], [ -2.758774452999944, 40.805946745000028 ], [ -2.753444338999941, 40.81386823400004 ], [ -2.754295406999972, 40.828397776000031 ], [ -2.752721, 40.831382999000027 ] ] ] } },
{ "type": "Feature", "properties": { "code": "19307", "name": "Valdesotos" }, "geometry": { "type": "Polygon", "coordinates": [ [ [ -3.283103499999925, 40.95331199900005 ], [ -3.285671624999964, 40.944898815000045 ], [ -3.29163906399998, 40.940367889000072 ], [ -3.319146, 40.939597999000057 ], [ -3.328171524999959, 40.943464713000026 ], [ -3.347724580999966, 40.96887410800008 ], [ -3.348626679999938, 40.985101997000072 ], [ -3.344808, 41.001536999000052 ], [ -3.339319345999968, 41.001172474000043 ], [ -3.317536564999955, 41.01325620800003 ], [ -3.299686, 41.010181499000055 ], [ -3.296319, 41.007136999000068 ], [ -3.301699299999939, 41.001151290000053 ], [ -3.295838362999973, 40.996409597000024 ], [ -3.295412229999954, 40.984540197000058 ], [ -3.31085840399993, 40.975486056000079 ], [ -3.313317716999961, 40.971243708000031 ], [ -3.304418397999939, 40.964108465000038 ], [ -3.310885406999944, 40.953491563000057 ], [ -3.295759678999957, 40.950654809000071 ], [ -3.283103499999925, 40.95331199900005 ] ] ] } },
{ "type": "Feature", "properties": { "code": "19308", "name": "Valfermoso de Tajuña" }, "geometry": { "type": "Polygon", "coordinates": [ [ [ -2.99204, 40.616467999000065 ], [ -2.990077647999954, 40.621121792000054 ], [ -2.981454, 40.626558499000055 ], [ -2.971752316999925, 40.628654036000057 ], [ -2.94459, 40.644710499000041 ], [ -2.933629935999932, 40.63908338300007 ], [ -2.913540018999925, 40.622549642000081 ], [ -2.911378499999955, 40.617706499000064 ], [ -2.93925, 40.598652499000025 ], [ -2.952383339999926, 40.593126378000079 ], [ -2.973584513999981, 40.589933059000032 ], [ -2.97809912799994, 40.586517675000039 ], [ -3.012622499999964, 40.593417999000053 ], [ -2.99204, 40.616467999000065 ] ] ] } },
{ "type": "Feature", "properties": { "code": "19309", "name": "Valhermoso" }, "geometry": { "type": "Polygon", "coordinates": [ [ [ -1.981929, 40.757812499000067 ], [ -1.99969107499993, 40.770472895000069 ], [ -2.010042502999966, 40.765154708000068 ], [ -2.01879691399995, 40.755706600000053 ], [ -2.037942, 40.751231999000026 ], [ -2.039567847999933, 40.770077736000076 ], [ -2.029429033999975, 40.783132758000079 ], [ -2.025500516999955, 40.78604622000006 ], [ -2.008318869999925, 40.786699436000049 ], [ -2.002787428999966, 40.795866371000045 ], [ -1.993156534999969, 40.798263461000033 ], [ -1.988307449999979, 40.808469133000074 ], [ -1.977659049999943, 40.805903535000027 ], [ -1.94409912499998, 40.787493143000063 ], [ -1.939845200999969, 40.782081729000026 ], [ -1.940413, 40.775172499000064 ], [ -1.965729188999944, 40.760441339000067 ], [ -1.981929, 40.757812499000067 ] ] ] } },
{ "type": "Feature", "properties": { "code": "19310", "name": "Valtablado del Río" }, "geometry": { "type": "Polygon", "coordinates": [ [ [ -2.388294499999972, 40.750568499000053 ], [ -2.38550633899996, 40.743581892000066 ], [ -2.375176585999952, 40.736778298000047 ], [ -2.360378694999952, 40.719533733000048 ], [ -2.355110239999931, 40.704011119000029 ], [ -2.356749499999978, 40.69872299900004 ], [ -2.386965389999943, 40.694521939000026 ], [ -2.401583114999937, 40.697445308000056 ], [ -2.417559117999929, 40.701872497000068 ], [ -2.420373885999936, 40.707035223000048 ], [ -2.429381122999928, 40.712822288000041 ], [ -2.441907535999974, 40.716912669000067 ], [ -2.441359, 40.721515499000077 ], [ -2.43288167999998, 40.728941 ], [ -2.420723925999937, 40.725951542000075 ], [ -2.412336, 40.731074999000043 ], [ -2.400416048999944, 40.736954878000063 ], [ -2.400095417999978, 40.743082524000044 ], [ -2.39329388699997, 40.750132087000054 ], [ -2.388294499999972, 40.750568499000053 ] ] ] } },
{ "type": "Feature", "properties": { "code": "19311", "name": "Valverde de los Arroyos" }, "geometry": { "type": "Polygon", "coordinates": [ [ [ -3.279170499999964, 41.161834999000064 ], [ -3.271658499999944, 41.172977499000069 ], [ -3.200899499999935, 41.156280999000046 ], [ -3.202388620999955, 41.150423366000041 ], [ -3.194532548999973, 41.143252704000076 ], [ -3.191955382999936, 41.136276830000043 ], [ -3.197398567999926, 41.127254110000081 ], [ -3.194148564999978, 41.120603213000038 ], [ -3.19029373199993, 41.119152392000046 ], [ -3.191444571999966, 41.114433277000046 ], [ -3.186456169999929, 41.11337297700004 ], [ -3.18424893699995, 41.109714272000076 ], [ -3.184575337999945, 41.102451710000025 ], [ -3.188107499999944, 41.100868499000057 ], [ -3.192705399999966, 41.102635926000062 ], [ -3.194810557999972, 41.099098814000058 ], [ -3.199630826999964, 41.098380619000068 ], [ -3.225174712999944, 41.110013551000065 ], [ -3.248410988999979, 41.100089519000051 ], [ -3.254802, 41.102046999000038 ], [ -3.255641499999967, 41.103893499000037 ], [ -3.265532499999949, 41.111121999000034 ], [ -3.27399349999996, 41.129375499000048 ], [ -3.275886, 41.140247499000054 ], [ -3.279169499999966, 41.147685999000032 ], [ -3.280096, 41.15808849900003 ], [ -3.279170499999964, 41.161834999000064 ] ] ] } },
{ "type": "Feature", "properties": { "code": "19314", "name": "Viana de Jadraque" }, "geometry": { "type": "Polygon", "coordinates": [ [ [ -2.748334499999942, 41.046649999000067 ], [ -2.743062, 41.041068999000061 ], [ -2.733784499999956, 41.040263999000047 ], [ -2.727126, 41.038905499000066 ], [ -2.72527649999995, 41.037669999000059 ], [ -2.720534499999928, 41.030872499000054 ], [ -2.721844, 41.027652999000054 ], [ -2.741994004999981, 41.01781021100004 ], [ -2.758788598999956, 41.02069074700006 ], [ -2.79945534999996, 41.020541304000062 ], [ -2.809007233999978, 41.015981178000061 ], [ -2.812058810999929, 41.009020391000035 ], [ -2.827352499999961, 41.002113499000075 ], [ -2.841533499999969, 41.009341999000071 ], [ -2.842632, 41.012496999000064 ], [ -2.841739052999969, 41.017009051000059 ], [ -2.835092920999955, 41.021884981000028 ], [ -2.828836295999963, 41.023076149000076 ], [ -2.830717855999978, 41.036937358000046 ], [ -2.82861349999996, 41.043643999000039 ], [ -2.82942670999995, 41.051925519000065 ], [ -2.82227864999993, 41.063738588000035 ], [ -2.828698499999973, 41.074756499000046 ], [ -2.825626, 41.07512299900003 ], [ -2.824545, 41.069724999000073 ], [ -2.820294499999932, 41.065837999000053 ], [ -2.824097440999935, 41.050338578000037 ], [ -2.810101630999952, 41.030920623000043 ], [ -2.79099802099995, 41.034347352000054 ], [ -2.770405168999957, 41.043246302000057 ], [ -2.755107151999937, 41.043358742000066 ], [ -2.748334499999942, 41.046649999000067 ] ] ] } },
{ "type": "Feature", "properties": { "code": "19317", "name": "Villanueva de Alcorón" }, "geometry": { "type": "Polygon", "coordinates": [ [ [ -2.156929499999933, 40.658706499000061 ], [ -2.16225652299994, 40.651268003000041 ], [ -2.166822084999978, 40.633609959000069 ], [ -2.170335499999965, 40.629894499000045 ], [ -2.184950499999957, 40.628955999000027 ], [ -2.189769, 40.630305999000029 ], [ -2.213808, 40.619193999000061 ], [ -2.225666, 40.619388499000024 ], [ -2.240215681999928, 40.628247336000072 ], [ -2.255362640999977, 40.632770858000072 ], [ -2.274596499999973, 40.644771499000058 ], [ -2.280656765999936, 40.651268003000041 ], [ -2.302574505999928, 40.662963302000037 ], [ -2.313479316999974, 40.664368487000047 ], [ -2.323705, 40.673957999000038 ], [ -2.33201, 40.68354049900006 ], [ -2.324928685999964, 40.690144106000048 ], [ -2.317729544999963, 40.688881583000068 ], [ -2.303211059999967, 40.694272324000053 ], [ -2.28454732299997, 40.708065886000043 ], [ -2.246079, 40.718467499000042 ], [ -2.237414137999963, 40.710716987000069 ], [ -2.211846240999932, 40.704729737000036 ], [ -2.146476499999949, 40.67600999900003 ], [ -2.158377, 40.664962999000068 ], [ -2.158362499999953, 40.662437499000077 ], [ -2.156929499999933, 40.658706499000061 ] ] ] } },
{ "type": "Feature", "properties": { "code": "19318", "name": "Villanueva de Argecilla" }, "geometry": { "type": "Polygon", "coordinates": [ [ [ -2.898189499999944, 40.909110999000063 ], [ -2.90887, 40.896030499000062 ], [ -2.908064, 40.894290999000077 ], [ -2.912128, 40.891807499000038 ], [ -2.915293499999962, 40.885009999000033 ], [ -2.924807, 40.89197899900006 ], [ -2.926774, 40.894412999000053 ], [ -2.928715499999953, 40.899253999000052 ], [ -2.928258, 40.905620499000065 ], [ -2.921934046999979, 40.916279792000068 ], [ -2.898189499999944, 40.909110999000063 ] ] ] } },
{ "type": "Feature", "properties": { "code": "19319", "name": "Villanueva de la Torre" }, "geometry": { "type": "Polygon", "coordinates": [ [ [ -3.27770049999998, 40.586820499000055 ], [ -3.277855, 40.584978499000044 ], [ -3.27409549999993, 40.582271499000058 ], [ -3.286960499999964, 40.572354499000028 ], [ -3.31343346999995, 40.582388756000057 ], [ -3.32829122499993, 40.595151472000055 ], [ -3.330716499999937, 40.600920999000039 ], [ -3.329569896999942, 40.605694914000026 ], [ -3.321601499999929, 40.611724499000047 ], [ -3.307280499999933, 40.610734999000044 ], [ -3.295817, 40.597517499000048 ], [ -3.279339, 40.589824499000031 ], [ -3.27770049999998, 40.586820499000055 ] ] ] } },
{ "type": "Feature", "properties": { "code": "19321", "name": "Villares de Jadraque" }, "geometry": { "type": "Polygon", "coordinates": [ [ [ -2.985834499999953, 41.116260499000077 ], [ -2.985788, 41.110641499000053 ], [ -3.017404769999928, 41.089224374000025 ], [ -3.026295, 41.077480499000046 ], [ -3.045578287999945, 41.091864464000025 ], [ -3.065068488999941, 41.086262027000032 ], [ -3.079798499999924, 41.092120999000031 ], [ -3.071941, 41.092494999000053 ], [ -3.063941, 41.094596999000032 ], [ -3.057106499999975, 41.095016499000053 ], [ -3.050148, 41.10407249900004 ], [ -3.049317499999972, 41.108703499000057 ], [ -3.046202, 41.113784499000076 ], [ -3.046310499999947, 41.117152999000041 ], [ -3.044788499999925, 41.121665999000072 ], [ -3.039465, 41.125170999000034 ], [ -3.018733078999958, 41.120140832000061 ], [ -3.004965868999932, 41.112493505000032 ], [ -2.985834499999953, 41.116260499000077 ] ] ] } },
{ "type": "Feature", "properties": { "code": "19322", "name": "Villaseca de Henares" }, "geometry": { "type": "Polygon", "coordinates": [ [ [ -2.811916, 40.935973999000055 ], [ -2.820932212999935, 40.953382941000029 ], [ -2.831045499999959, 40.962245999000061 ], [ -2.822493914999939, 40.978209052000068 ], [ -2.81280449999997, 40.98732749900006 ], [ -2.803396, 40.981159499000057 ], [ -2.800652, 40.980567499000074 ], [ -2.79556, 40.981792499000051 ], [ -2.791359499999942, 40.980163499000071 ], [ -2.786226499999941, 40.982784499000047 ], [ -2.780090499999972, 40.983142999000052 ], [ -2.776044, 40.984496999000044 ], [ -2.767451, 40.983875499000078 ], [ -2.775375091999933, 40.969745117000059 ], [ -2.772922499999936, 40.955478499000037 ], [ -2.794150548999937, 40.949580486000059 ], [ -2.811916, 40.935973999000055 ] ] ] } },
{ "type": "Feature", "properties": { "code": "19323", "name": "Villaseca de Uceda" }, "geometry": { "type": "Polygon", "coordinates": [ [ [ -3.362277499999948, 40.866901499000051 ], [ -3.34757133599993, 40.871051439000041 ], [ -3.339981, 40.876609999000038 ], [ -3.329208094999956, 40.873756185000047 ], [ -3.322977899999955, 40.868567873000075 ], [ -3.318917704999933, 40.856876580000062 ], [ -3.320989095999948, 40.85292727500007 ], [ -3.319474, 40.842101999000079 ], [ -3.332844904999945, 40.826874644000043 ], [ -3.332820499999968, 40.811507999000071 ], [ -3.371255, 40.810596499000042 ], [ -3.370412852999948, 40.817102218000059 ], [ -3.375953, 40.821445499000049 ], [ -3.35044757199995, 40.83154062400007 ], [ -3.333763610999938, 40.841222010000081 ], [ -3.330914664999966, 40.846116710000047 ], [ -3.332304083999929, 40.858776443000068 ], [ -3.344026429999928, 40.86799747200007 ], [ -3.362277499999948, 40.866901499000051 ] ] ] } },
{ "type": "Feature", "properties": { "code": "19324", "name": "Villel de Mesa" }, "geometry": { "type": "Polygon", "coordinates": [ [ [ -1.939517, 41.097956999000075 ], [ -1.962577230999955, 41.092495212000074 ], [ -1.979256499999963, 41.094684499000039 ], [ -1.981055, 41.09696199900003 ], [ -1.987607, 41.098388499000066 ], [ -1.99376, 41.104018999000061 ], [ -2.004947499999957, 41.116413499000032 ], [ -2.007835499999942, 41.117553499000053 ], [ -2.018639, 41.118366499000047 ], [ -2.032212, 41.128490499000065 ], [ -2.040167499999939, 41.127906499000062 ], [ -2.050606499999958, 41.129417499000056 ], [ -2.05169, 41.146857999000076 ], [ -2.047612, 41.152660499000035 ], [ -2.038399499999969, 41.155086999000048 ], [ -2.029455, 41.156272999000066 ], [ -2.008429, 41.156444499000031 ], [ -1.98779849999994, 41.161147999000036 ], [ -1.957380178999927, 41.118028719000051 ], [ -1.939517, 41.097956999000075 ] ] ] } },
{ "type": "Feature", "properties": { "code": "19325", "name": "Viñuelas" }, "geometry": { "type": "Polygon", "coordinates": [ [ [ -3.371255, 40.810596499000042 ], [ -3.332820499999968, 40.811507999000071 ], [ -3.33105656999993, 40.799882449000052 ], [ -3.324604575999956, 40.790589534000048 ], [ -3.329352581999956, 40.784761157000048 ], [ -3.327222569999947, 40.770045439000057 ], [ -3.336743393999939, 40.767246344000057 ], [ -3.350635499999953, 40.769725999000059 ], [ -3.366337778999934, 40.782551165000029 ], [ -3.376065, 40.794807499000058 ], [ -3.371255, 40.810596499000042 ] ] ] } },
{ "type": "Feature", "properties": { "code": "19326", "name": "Yebes" }, "geometry": { "type": "MultiPolygon", "coordinates": [ [ [ [ -3.069107499999973, 40.529880499000058 ], [ -3.06687894099997, 40.525305231000061 ], [ -3.059227762999967, 40.522216356000058 ], [ -3.062495499999955, 40.518642499000066 ], [ -3.07298549099994, 40.519134165000025 ], [ -3.09111999299995, 40.514614804000075 ], [ -3.098111759999938, 40.510295491000079 ], [ -3.102362, 40.502532999000039 ], [ -3.107393997999964, 40.506060038000044 ], [ -3.117779218999942, 40.523152467000045 ], [ -3.126662085999953, 40.525485394000043 ], [ -3.123336, 40.531808499000078 ], [ -3.120548622999934, 40.534746136000081 ], [ -3.119658527999945, 40.54667495700005 ], [ -3.109944, 40.556211999000027 ], [ -3.103163499999937, 40.547572999000067 ], [ -3.094382499999938, 40.539714999000068 ], [ -3.082372, 40.533267999000032 ], [ -3.076357499999972, 40.53099449900003 ], [ -3.069107499999973, 40.529880499000058 ] ] ], [ [ [ -3.105031, 40.581520999000077 ], [ -3.122035427999947, 40.580345819000058 ], [ -3.126976297999931, 40.583925435000026 ], [ -3.126864694999938, 40.588865516000055 ], [ -3.119140768999955, 40.595569468000065 ], [ -3.107398957999976, 40.597491838000053 ], [ -3.098728499999936, 40.590301999000076 ], [ -3.105031, 40.581520999000077 ] ] ] ] } },
{ "type": "Feature", "properties": { "code": "19327", "name": "Yebra" }, "geometry": { "type": "Polygon", "coordinates": [ [ [ -2.921075, 40.29479599900003 ], [ -2.921679412999936, 40.301645719000078 ], [ -2.927908590999948, 40.308797384000059 ], [ -2.952244675999964, 40.321666028000038 ], [ -2.972553540999968, 40.328653650000035 ], [ -2.993113, 40.345340499000031 ], [ -3.013771365999958, 40.365913375000048 ], [ -3.030719, 40.364391499000078 ], [ -3.024364, 40.380309999000076 ], [ -3.011735853999937, 40.382003112000064 ], [ -2.988222028999928, 40.392065752000065 ], [ -2.969781172999944, 40.39264474600003 ], [ -2.950065989999928, 40.379512376000037 ], [ -2.917282280999927, 40.370307787000058 ], [ -2.913994, 40.358424999000079 ], [ -2.919857284999978, 40.342745183000034 ], [ -2.913279860999978, 40.338715206000074 ], [ -2.912553195999976, 40.322524563000059 ], [ -2.908890733999954, 40.317303441000035 ], [ -2.910670717999949, 40.313204046000067 ], [ -2.89203317099998, 40.307709345000035 ], [ -2.889305401999934, 40.305510066000068 ], [ -2.890576499999952, 40.302303499000061 ], [ -2.900112499999977, 40.298968999000067 ], [ -2.909974499999976, 40.298354999000026 ], [ -2.915413, 40.296069999000053 ], [ -2.921075, 40.29479599900003 ] ] ] } },
{ "type": "Feature", "properties": { "code": "19329", "name": "Yélamos de Abajo" }, "geometry": { "type": "Polygon", "coordinates": [ [ [ -2.88558949999998, 40.62654849900008 ], [ -2.876598499999943, 40.636035999000057 ], [ -2.853149630999951, 40.637998108000033 ], [ -2.835092920999955, 40.615411936000044 ], [ -2.832083499999953, 40.613464499000031 ], [ -2.827296, 40.608512999000027 ], [ -2.828218, 40.603992499000071 ], [ -2.827644, 40.60218799900008 ], [ -2.829434499999934, 40.599857499000052 ], [ -2.835092920999955, 40.599429100000066 ], [ -2.841107, 40.597423499000058 ], [ -2.84688749999998, 40.596721499000068 ], [ -2.854226, 40.597007499000028 ], [ -2.855123, 40.603217999000037 ], [ -2.856796, 40.605731999000056 ], [ -2.866381499999932, 40.612067999000033 ], [ -2.872564, 40.617923999000027 ], [ -2.877924499999949, 40.621638999000027 ], [ -2.880076, 40.622226499000078 ], [ -2.88558949999998, 40.62654849900008 ] ] ] } },
{ "type": "Feature", "properties": { "code": "19330", "name": "Yélamos de Arriba" }, "geometry": { "type": "Polygon", "coordinates": [ [ [ -2.876598499999943, 40.636035999000057 ], [ -2.863629880999952, 40.668912043000034 ], [ -2.835092920999955, 40.669547381000029 ], [ -2.807609499999955, 40.660010999000065 ], [ -2.815058499999964, 40.652385499000047 ], [ -2.833857698999964, 40.637977678000027 ], [ -2.826093974999935, 40.621592285000077 ], [ -2.827296, 40.608512999000027 ], [ -2.832083499999953, 40.613464499000031 ], [ -2.835092920999955, 40.615411936000044 ], [ -2.853149630999951, 40.637998108000033 ], [ -2.876598499999943, 40.636035999000057 ] ] ] } },
{ "type": "Feature", "properties": { "code": "19331", "name": "Yunquera de Henares" }, "geometry": { "type": "Polygon", "coordinates": [ [ [ -3.155288, 40.723689999000044 ], [ -3.164360206999959, 40.72783725000005 ], [ -3.164566022999963, 40.73285295900007 ], [ -3.17361460799998, 40.740474751000079 ], [ -3.204680297999971, 40.747699072000046 ], [ -3.211169973999972, 40.753617281000061 ], [ -3.215672, 40.751076999000077 ], [ -3.220592, 40.757024999000066 ], [ -3.222445079999943, 40.768456010000079 ], [ -3.207610356999965, 40.780778462000058 ], [ -3.197743, 40.783904999000072 ], [ -3.182301637999956, 40.784434114000078 ], [ -3.172234100999958, 40.779399423000029 ], [ -3.164557947999981, 40.784768504000056 ], [ -3.149866980999946, 40.774504860000036 ], [ -3.133945499999925, 40.769450999000071 ], [ -3.140319000999966, 40.754980365000051 ], [ -3.132437, 40.743907999000044 ], [ -3.143696424999973, 40.741501561000064 ], [ -3.145484158999977, 40.733669242000076 ], [ -3.142824142999928, 40.727446784000051 ], [ -3.155288, 40.723689999000044 ] ] ] } },
{ "type": "Feature", "properties": { "code": "19332", "name": "Yunta, La" }, "geometry": { "type": "Polygon", "coordinates": [ [ [ -1.617433499999947, 40.943740999000056 ], [ -1.608300611999937, 40.926893203000077 ], [ -1.612494040999934, 40.913384144000077 ], [ -1.625273178999976, 40.898276377000059 ], [ -1.620291499999951, 40.879493499000034 ], [ -1.633703964999938, 40.890447152000036 ], [ -1.658057, 40.90111949900006 ], [ -1.663837, 40.901885999000058 ], [ -1.682605, 40.899051499000052 ], [ -1.699938499999973, 40.900794999000027 ], [ -1.702235, 40.901767499000073 ], [ -1.70839849999993, 40.900511999000059 ], [ -1.707948659999943, 40.906090541000026 ], [ -1.71705, 40.932056499000055 ], [ -1.678681798999946, 40.96842201100003 ], [ -1.660999499999946, 40.978332499000032 ], [ -1.657044, 40.969413999000039 ], [ -1.654068499999937, 40.969009499000038 ], [ -1.651255, 40.967113999000048 ], [ -1.632070499999941, 40.950633999000047 ], [ -1.617433499999947, 40.943740999000056 ] ] ] } },
{ "type": "Feature", "properties": { "code": "19333", "name": "Zaorejas" }, "geometry": { "type": "Polygon", "coordinates": [ [ [ -2.246250499999974, 40.79661549900004 ], [ -2.240554118999967, 40.793320364000067 ], [ -2.219182363999948, 40.804291169000066 ], [ -2.206721695999931, 40.80544666600008 ], [ -2.199497181999959, 40.831809037000028 ], [ -2.206726403999937, 40.839727538000034 ], [ -2.177552617999936, 40.842134021000049 ], [ -2.163787499999955, 40.846156499000074 ], [ -2.153636499999948, 40.842246999000054 ], [ -2.135169499999961, 40.833026999000026 ], [ -2.126707, 40.831485499000053 ], [ -2.124113499999964, 40.830303499000024 ], [ -2.118914849999953, 40.823852334000037 ], [ -2.137688158999936, 40.815780914000072 ], [ -2.141242789999978, 40.804040476000068 ], [ -2.153232225999943, 40.797169599000028 ], [ -2.155708850999929, 40.787738723000075 ], [ -2.14948730499998, 40.783192813000028 ], [ -2.111901203999935, 40.780385534000061 ], [ -2.10931375399997, 40.76986052400008 ], [ -2.101001464999968, 40.760522405000074 ], [ -2.101476264999974, 40.756182945000035 ], [ -2.088919030999932, 40.752844167000035 ], [ -2.085660863999976, 40.748351822000075 ], [ -2.087191510999958, 40.741610269000034 ], [ -2.08118750999995, 40.739793583000051 ], [ -2.077817835999952, 40.729951304000053 ], [ -2.071084, 40.725898499000039 ], [ -2.090063610999948, 40.724010551000049 ], [ -2.110377150999966, 40.713538190000065 ], [ -2.13507732599993, 40.693003520000048 ], [ -2.146476499999949, 40.67600999900003 ], [ -2.211846240999932, 40.704729737000036 ], [ -2.237414137999963, 40.710716987000069 ], [ -2.246079, 40.718467499000042 ], [ -2.241361, 40.727237499000069 ], [ -2.271483499999931, 40.745033499000044 ], [ -2.279748499999926, 40.754031999000063 ], [ -2.290498499999956, 40.761348999000063 ], [ -2.299460499999952, 40.763114999000038 ], [ -2.315593499999977, 40.771629499000028 ], [ -2.322927499999935, 40.778660499000068 ], [ -2.328731499999947, 40.789550999000028 ], [ -2.300999315999945, 40.791510447000064 ], [ -2.289456232999953, 40.796869233000052 ], [ -2.28267995899995, 40.792004120000058 ], [ -2.251081844999931, 40.789432454000064 ], [ -2.249633779999954, 40.79588244100006 ], [ -2.246250499999974, 40.79661549900004 ] ] ] } },
{ "type": "Feature", "properties": { "code": "19334", "name": "Zarzuela de Jadraque" }, "geometry": { "type": "Polygon", "coordinates": [ [ [ -3.10208149999994, 41.094382999000061 ], [ -3.089276, 41.091556499000035 ], [ -3.081725499999948, 41.091109999000025 ], [ -3.079798499999924, 41.092120999000031 ], [ -3.065068488999941, 41.086262027000032 ], [ -3.045578287999945, 41.091864464000025 ], [ -3.026295, 41.077480499000046 ], [ -3.020950866999954, 41.061723761000053 ], [ -3.023578346999955, 41.056058066000048 ], [ -3.021761499999968, 41.052039999000044 ], [ -3.027378978999934, 41.048314833000063 ], [ -3.03056055899998, 41.039953944000047 ], [ -3.040376518999949, 41.030357714000047 ], [ -3.057638499999939, 41.021121999000059 ], [ -3.081890658999953, 41.051288643000078 ], [ -3.084211355999969, 41.072065163000048 ], [ -3.095927146999941, 41.084412715000042 ], [ -3.108449499999949, 41.085449999000048 ], [ -3.10208149999994, 41.094382999000061 ] ] ] } },
{ "type": "Feature", "properties": { "code": "19335", "name": "Zorita de los Canes" }, "geometry": { "type": "Polygon", "coordinates": [ [ [ -2.849096, 40.318545999000037 ], [ -2.858930844999975, 40.314561741000034 ], [ -2.869735827999932, 40.30424994100008 ], [ -2.879851963999954, 40.300774815000068 ], [ -2.890576499999952, 40.302303499000061 ], [ -2.889305401999934, 40.305510066000068 ], [ -2.89203317099998, 40.307709345000035 ], [ -2.910670717999949, 40.313204046000067 ], [ -2.908890733999954, 40.317303441000035 ], [ -2.912553195999976, 40.322524563000059 ], [ -2.913279860999978, 40.338715206000074 ], [ -2.919857284999978, 40.342745183000034 ], [ -2.913994, 40.358424999000079 ], [ -2.904952880999929, 40.357945191000056 ], [ -2.894439499999976, 40.346038499000031 ], [ -2.886120172999938, 40.342879527000036 ], [ -2.873037358999966, 40.342950961000042 ], [ -2.863593361999961, 40.328138615000057 ], [ -2.849096, 40.318545999000037 ] ] ] } },
{ "type": "Feature", "properties": { "code": "19901", "name": "Semillas" }, "geometry": { "type": "Polygon", "coordinates": [ [ [ -3.168877499999951, 41.017772499000046 ], [ -3.188453422999942, 41.021536178000076 ], [ -3.19818749999996, 41.027263499000071 ], [ -3.196015292999959, 41.034612597000034 ], [ -3.191348808999976, 41.036398285000075 ], [ -3.194712846999948, 41.04473262700003 ], [ -3.18365255599997, 41.051614636000068 ], [ -3.181150154999955, 41.059740242000032 ], [ -3.182951672999934, 41.064589769000065 ], [ -3.179146, 41.067157999000074 ], [ -3.155619109999975, 41.060558723000042 ], [ -3.135583710999924, 41.064602680000064 ], [ -3.122556499999973, 41.071723999000028 ], [ -3.115636499999937, 41.069866499000057 ], [ -3.114238, 41.073085999000057 ], [ -3.109972499999969, 41.077510999000026 ], [ -3.108449499999949, 41.085449999000048 ], [ -3.095927146999941, 41.084412715000042 ], [ -3.084211355999969, 41.072065163000048 ], [ -3.081890658999953, 41.051288643000078 ], [ -3.057638499999939, 41.021121999000059 ], [ -3.07391, 41.010203999000055 ], [ -3.086232499999937, 41.012241499000027 ], [ -3.095492499999978, 41.017711499000029 ], [ -3.12632992999994, 41.026351070000032 ], [ -3.124676694999948, 41.031630242000062 ], [ -3.125930357999948, 41.034533319000047 ], [ -3.140111823999973, 41.039366082000072 ], [ -3.14590114899994, 41.03770550400003 ], [ -3.157601438999961, 41.029388366000035 ], [ -3.167693142999951, 41.020891899000048 ], [ -3.168877499999951, 41.017772499000046 ] ] ] } },
{ "type": "Feature", "properties": { "code": "19001", "name": "Abánades" }, "geometry": { "type": "Polygon", "coordinates": [ [ [ -2.491912499999955, 40.908816999000067 ], [ -2.472508179999977, 40.914954588000057 ], [ -2.443885137999928, 40.913687139000046 ], [ -2.438044, 40.911105999000029 ], [ -2.437805499999968, 40.908340499000076 ], [ -2.43465, 40.905151499000056 ], [ -2.427241, 40.901088999000081 ], [ -2.42444, 40.898311499000044 ], [ -2.420978, 40.893672999000046 ], [ -2.418191, 40.887973499000054 ], [ -2.425475499999948, 40.884200999000029 ], [ -2.441002469999944, 40.872089546000041 ], [ -2.475484648999952, 40.858199757000079 ], [ -2.487304488999939, 40.847710169000038 ], [ -2.497782499999971, 40.845523999000079 ], [ -2.499649, 40.849529499000027 ], [ -2.5012, 40.864310999000054 ], [ -2.506198499999925, 40.872050999000066 ], [ -2.506006, 40.873908999000037 ], [ -2.498345, 40.877830499000027 ], [ -2.508073499999966, 40.884681499000067 ], [ -2.508231499999965, 40.887546499000052 ], [ -2.504329499999926, 40.891727499000069 ], [ -2.501455, 40.898292499000036 ], [ -2.502058, 40.900294999000039 ], [ -2.505262499999958, 40.900398499000062 ], [ -2.507059, 40.901549999000054 ], [ -2.506690499999934, 40.904907499000046 ], [ -2.50308, 40.904845999000031 ], [ -2.491912499999955, 40.908816999000067 ] ] ] } },
{ "type": "Feature", "properties": { "code": "19002", "name": "Ablanque" }, "geometry": { "type": "Polygon", "coordinates": [ [ [ -2.183074499999975, 40.895507999000074 ], [ -2.19473248099996, 40.88736596900003 ], [ -2.202317477999941, 40.878043309000077 ], [ -2.201537230999975, 40.871764532000043 ], [ -2.21149596999993, 40.856508358000042 ], [ -2.214047636999965, 40.846835795000061 ], [ -2.216382797999927, 40.847323340000059 ], [ -2.219223061999969, 40.857427191000056 ], [ -2.228534287999935, 40.857244767000054 ], [ -2.239169499999946, 40.851894499000025 ], [ -2.247214, 40.857120499000075 ], [ -2.249276499999951, 40.859519999000042 ], [ -2.249131, 40.861716999000066 ], [ -2.25030849999996, 40.864570499000081 ], [ -2.250049475999958, 40.873052587000075 ], [ -2.260332425999934, 40.894514936000064 ], [ -2.254947246999961, 40.903384696000046 ], [ -2.25287999699998, 40.919261195000047 ], [ -2.238411, 40.955241999000066 ], [ -2.188731866999944, 40.930199574000028 ], [ -2.167081499999938, 40.913695999000026 ], [ -2.183074499999975, 40.895507999000074 ] ] ] } },
{ "type": "Feature", "properties": { "code": "19003", "name": "Adobes" }, "geometry": { "type": "Polygon", "coordinates": [ [ [ -1.649221, 40.693828499000062 ], [ -1.632182259999979, 40.67322359800005 ], [ -1.626327499999945, 40.662795999000025 ], [ -1.647885308999946, 40.657231273000036 ], [ -1.655362467999964, 40.651268003000041 ], [ -1.66961740499994, 40.64472173200005 ], [ -1.677799274999927, 40.634923422000043 ], [ -1.695138, 40.631526999000073 ], [ -1.693679317999965, 40.640713247000065 ], [ -1.697230060999971, 40.651268003000041 ], [ -1.705819604999931, 40.662483867000049 ], [ -1.706831549999947, 40.674379778000059 ], [ -1.712254, 40.685318499000061 ], [ -1.70807, 40.687568499000065 ], [ -1.704984499999966, 40.690444999000078 ], [ -1.701764499999967, 40.695316499000057 ], [ -1.698779, 40.697344999000052 ], [ -1.696632499999964, 40.697482999000044 ], [ -1.691991499999972, 40.700565499000049 ], [ -1.678034499999967, 40.700740999000061 ], [ -1.672079, 40.699561999000025 ], [ -1.652951, 40.693118999000035 ], [ -1.649221, 40.693828499000062 ] ] ] } },
{ "type": "Feature", "properties": { "code": "19004", "name": "Alaminos" }, "geometry": { "type": "Polygon", "coordinates": [ [ [ -2.751089499999978, 40.868007499000043 ], [ -2.753385499999979, 40.869777999000064 ], [ -2.748560753999925, 40.879682875000071 ], [ -2.735306579999929, 40.893943089000061 ], [ -2.735111, 40.91102999900005 ], [ -2.733163499999932, 40.911090499000068 ], [ -2.73075208399996, 40.905834276000064 ], [ -2.717654559999971, 40.903833322000025 ], [ -2.7064, 40.894466499000032 ], [ -2.703538606999928, 40.875073575000044 ], [ -2.697230730999934, 40.870739477000029 ], [ -2.700105936999933, 40.861787914000047 ], [ -2.698995, 40.85470949900008 ], [ -2.71235194999997, 40.851664552000045 ], [ -2.715457499999957, 40.847472999000047 ], [ -2.73392008999997, 40.850833432000059 ], [ -2.751089499999978, 40.868007499000043 ] ] ] } },
{ "type": "Feature", "properties": { "code": "19005", "name": "Alarilla" }, "geometry": { "type": "Polygon", "coordinates": [ [ [ -3.077597499999968, 40.848964999000032 ], [ -3.079607499999952, 40.84326149900005 ], [ -3.079888499999925, 40.839442999000028 ], [ -3.084738499999958, 40.838023999000029 ], [ -3.090272499999969, 40.834335499000076 ], [ -3.095550499999945, 40.833926999000028 ], [ -3.100132499999972, 40.828227999000035 ], [ -3.10157449999997, 40.825507999000081 ], [ -3.099708499999963, 40.822776999000041 ], [ -3.101393499999972, 40.815715999000076 ], [ -3.100011499999937, 40.811050499000032 ], [ -3.102405, 40.810760499000025 ], [ -3.103696, 40.80211999900007 ], [ -3.109468, 40.801700499000049 ], [ -3.114728499999956, 40.799262999000064 ], [ -3.130443499999956, 40.802749499000072 ], [ -3.135380572999964, 40.805479454000078 ], [ -3.117854740999974, 40.83860190300004 ], [ -3.11113950999993, 40.870283847000053 ], [ -3.111862051999935, 40.883674563000056 ], [ -3.119384499999967, 40.88366699900007 ], [ -3.11961649999995, 40.886802999000054 ], [ -3.118624499999953, 40.889556999000035 ], [ -3.099768032999975, 40.88288973300007 ], [ -3.090269576999958, 40.872516573000041 ], [ -3.089155431999927, 40.86190845200008 ], [ -3.077597499999968, 40.848964999000032 ] ] ] } },
{ "type": "Feature", "properties": { "code": "19006", "name": "Albalate de Zorita" }, "geometry": { "type": "Polygon", "coordinates": [ [ [ -2.903561, 40.266864999000063 ], [ -2.923785408999947, 40.291190638000046 ], [ -2.924554668999974, 40.293652244000043 ], [ -2.915413, 40.296069999000053 ], [ -2.909974499999976, 40.298354999000026 ], [ -2.900112499999977, 40.298968999000067 ], [ -2.890576499999952, 40.302303499000061 ], [ -2.879851963999954, 40.300774815000068 ], [ -2.869735827999932, 40.30424994100008 ], [ -2.858930844999975, 40.314561741000034 ], [ -2.849096, 40.318545999000037 ], [ -2.822115379999957, 40.324804289000042 ], [ -2.814774, 40.331927999000072 ], [ -2.812041499999964, 40.331607999000028 ], [ -2.811015499999939, 40.32816249900003 ], [ -2.80850049999998, 40.326953999000068 ], [ -2.808935880999968, 40.311417189000053 ], [ -2.804819899999927, 40.287418645000059 ], [ -2.805915267999978, 40.271296887000062 ], [ -2.802937118999978, 40.262279008000064 ], [ -2.805854499999953, 40.251857499000039 ], [ -2.835092920999955, 40.25389049000006 ], [ -2.847430113999962, 40.255600503000039 ], [ -2.851112499999942, 40.252853499000025 ], [ -2.868050891999928, 40.258732739000038 ], [ -2.881836936999946, 40.271157169000048 ], [ -2.903561, 40.266864999000063 ] ] ] } },
{ "type": "Feature", "properties": { "code": "19007", "name": "Albares" }, "geometry": { "type": "Polygon", "coordinates": [ [ [ -3.076312, 40.299464999000065 ], [ -3.066401802999962, 40.314180805000035 ], [ -3.065394467999965, 40.326596229000074 ], [ -3.06763449999994, 40.332130999000071 ], [ -3.054160979999949, 40.335604690000025 ], [ -3.031292750999967, 40.332926505000046 ], [ -3.022527722999939, 40.329266157000063 ], [ -3.013728499999957, 40.331428499000026 ], [ -3.011112535999928, 40.321161159000042 ], [ -2.998853557999951, 40.309421827000051 ], [ -3.014908685999956, 40.286503846000073 ], [ -3.014189, 40.277221499000063 ], [ -3.030598, 40.278049499000076 ], [ -3.052011, 40.285190499000066 ], [ -3.057422499999973, 40.28510699900005 ], [ -3.0608, 40.28602599900006 ], [ -3.069288, 40.291282499000033 ], [ -3.076312, 40.299464999000065 ] ] ] } },
{ "type": "Feature", "properties": { "code": "19008", "name": "Albendiego" }, "geometry": { "type": "Polygon", "coordinates": [ [ [ -3.07190449999996, 41.244842499000072 ], [ -3.060477, 41.238517499000068 ], [ -3.05813749999993, 41.23821999900008 ], [ -3.047098499999947, 41.239333999000053 ], [ -3.03864, 41.242534499000044 ], [ -3.037039, 41.239833999000041 ], [ -3.031574, 41.241870999000071 ], [ -3.030772, 41.236697999000057 ], [ -3.029208, 41.233905999000058 ], [ -3.025101, 41.220481999000071 ], [ -3.02445, 41.211181499000077 ], [ -3.022289, 41.207622499000081 ], [ -3.026535499999966, 41.204551499000047 ], [ -3.047357, 41.198672999000053 ], [ -3.069655499999953, 41.195895999000072 ], [ -3.075347, 41.197685499000045 ], [ -3.084349499999973, 41.196616999000071 ], [ -3.087034499999959, 41.198055999000076 ], [ -3.088151, 41.204402999000081 ], [ -3.085648499999934, 41.223186499000064 ], [ -3.084235499999977, 41.227969999000038 ], [ -3.077011499999969, 41.243506999000033 ], [ -3.07190449999996, 41.244842499000072 ] ] ] } },
{ "type": "Feature", "properties": { "code": "19009", "name": "Alcocer" }, "geometry": { "type": "Polygon", "coordinates": [ [ [ -2.54445549999997, 40.474654999000052 ], [ -2.54159, 40.474635999000043 ], [ -2.526999, 40.469150499000079 ], [ -2.521981499999924, 40.466266499000028 ], [ -2.516223, 40.460063999000056 ], [ -2.510733973999947, 40.457550506000075 ], [ -2.505085668999925, 40.448074432000055 ], [ -2.510534663999977, 40.429194884000026 ], [ -2.519810499999949, 40.423446999000078 ], [ -2.532583445999933, 40.426991986000075 ], [ -2.542275492999977, 40.425853780000068 ], [ -2.546654267999941, 40.429339121000055 ], [ -2.547621425999978, 40.43434693100005 ], [ -2.556420499999945, 40.434825999000054 ], [ -2.586888461999933, 40.44983953600007 ], [ -2.59801671799994, 40.443959322000069 ], [ -2.626038841999957, 40.448725533000072 ], [ -2.633988233999958, 40.444762402000038 ], [ -2.641539905999934, 40.448074784000028 ], [ -2.651306, 40.440028999000049 ], [ -2.652196394999976, 40.451094561000048 ], [ -2.64731156299996, 40.460816824000062 ], [ -2.648037875999933, 40.469885204000036 ], [ -2.634082570999965, 40.49486818400004 ], [ -2.634974499999942, 40.501464999000063 ], [ -2.620129, 40.506912499000066 ], [ -2.599625342999957, 40.50086458800007 ], [ -2.551516533999973, 40.472005965000051 ], [ -2.54445549999997, 40.474654999000052 ] ] ] } },
{ "type": "Feature", "properties": { "code": "19010", "name": "Alcolea de las Peñas" }, "geometry": { "type": "Polygon", "coordinates": [ [ [ -2.758870499999944, 41.184680999000079 ], [ -2.770291720999978, 41.186086291000038 ], [ -2.782140031999973, 41.183296714000051 ], [ -2.791361, 41.185573499000043 ], [ -2.79243, 41.190719499000068 ], [ -2.798296499999935, 41.201881499000081 ], [ -2.798679, 41.206115499000077 ], [ -2.80321, 41.218723499000077 ], [ -2.806389499999966, 41.224784999000065 ], [ -2.803677428999947, 41.228134816000079 ], [ -2.792751760999977, 41.231504076000078 ], [ -2.790027391999956, 41.243726797000079 ], [ -2.782501499999967, 41.253772999000034 ], [ -2.777984, 41.252024999000071 ], [ -2.77552, 41.250091499000064 ], [ -2.775778, 41.248039499000072 ], [ -2.773869, 41.243640999000036 ], [ -2.773818, 41.234756499000071 ], [ -2.769589499999938, 41.218875999000034 ], [ -2.770168499999954, 41.213844499000061 ], [ -2.769523499999934, 41.211204499000075 ], [ -2.765395499999954, 41.20420449900007 ], [ -2.764751, 41.197700499000064 ], [ -2.76349, 41.193515999000056 ], [ -2.758870499999944, 41.184680999000079 ] ] ] } },
{ "type": "Feature", "properties": { "code": "19011", "name": "Alcolea del Pinar" }, "geometry": { "type": "Polygon", "coordinates": [ [ [ -2.491912499999955, 40.908816999000067 ], [ -2.493013463999944, 40.914172072000042 ], [ -2.50241191899994, 40.920947308000052 ], [ -2.504406145999951, 40.928289173000053 ], [ -2.515765190999957, 40.93456627900008 ], [ -2.514943323999944, 40.943526367000061 ], [ -2.525147090999951, 40.945489920000057 ], [ -2.531348707999939, 40.951507037000056 ], [ -2.555409599999962, 40.963255005000065 ], [ -2.558957025999973, 40.969645290000074 ], [ -2.55638816499993, 40.977306515000066 ], [ -2.568819499999961, 40.983909999000048 ], [ -2.546870180999974, 40.994509940000057 ], [ -2.523042154999928, 41.001616889000047 ], [ -2.507870597999954, 41.019991083000036 ], [ -2.495393513999943, 41.028132845000073 ], [ -2.496325613999943, 41.035760735000054 ], [ -2.506187499999953, 41.039222499000061 ], [ -2.500848689999941, 41.045817765000038 ], [ -2.499153499999977, 41.064479999000071 ], [ -2.482244735999927, 41.077082035000046 ], [ -2.469467, 41.07811749900003 ], [ -2.443075957999952, 41.07649897400006 ], [ -2.439532525999937, 41.071780444000069 ], [ -2.430863315999943, 41.071788527000081 ], [ -2.428860937999957, 41.065745890000073 ], [ -2.418909, 41.057716499000037 ], [ -2.417140195999934, 41.050333910000063 ], [ -2.420181637999974, 41.031469557000037 ], [ -2.431973917999926, 41.017942417000029 ], [ -2.435692, 41.005988999000067 ], [ -2.446705103999932, 41.002180090000024 ], [ -2.459041998999965, 40.98284372300003 ], [ -2.470438000999934, 40.978160734000028 ], [ -2.48954892699993, 40.979258849000075 ], [ -2.495127350999951, 40.96690707700003 ], [ -2.491139525999927, 40.962109498000075 ], [ -2.471719720999943, 40.958833721000076 ], [ -2.465357338999979, 40.951701949000039 ], [ -2.454382117999955, 40.946465127000067 ], [ -2.446263421999959, 40.925061442000072 ], [ -2.43776749999995, 40.911601999000027 ], [ -2.438044, 40.911105999000029 ], [ -2.443885137999928, 40.913687139000046 ], [ -2.472508179999977, 40.914954588000057 ], [ -2.491912499999955, 40.908816999000067 ] ] ] } },
{ "type": "Feature", "properties": { "code": "19013", "name": "Alcoroches" }, "geometry": { "type": "Polygon", "coordinates": [ [ [ -1.700444, 40.630466499000079 ], [ -1.70352300899998, 40.623122805000037 ], [ -1.714865174999943, 40.615279667000038 ], [ -1.715096040999924, 40.598860820000027 ], [ -1.718079, 40.594939999000076 ], [ -1.72871, 40.594707499000037 ], [ -1.735021499999959, 40.59208299900007 ], [ -1.745877499999949, 40.589156999000068 ], [ -1.751593598999932, 40.594081427000049 ], [ -1.762271855999927, 40.614296936000073 ], [ -1.796128499999952, 40.627128499000037 ], [ -1.793959100999928, 40.64020901300006 ], [ -1.784366636999948, 40.651268003000041 ], [ -1.781497499999944, 40.658595999000056 ], [ -1.769919, 40.670013499000049 ], [ -1.756565961999968, 40.662224296000034 ], [ -1.759115753999936, 40.654898193000065 ], [ -1.757042720999948, 40.651268003000041 ], [ -1.749082284999929, 40.64091661100008 ], [ -1.736686154999973, 40.633824903000061 ], [ -1.700444, 40.630466499000079 ] ] ] } },
{ "type": "Feature", "properties": { "code": "19015", "name": "Aldeanueva de Guadalajara" }, "geometry": { "type": "Polygon", "coordinates": [ [ [ -3.079055499999924, 40.672216499000058 ], [ -3.068952520999972, 40.682771351000042 ], [ -3.071638105999966, 40.691688247000059 ], [ -3.077089132999959, 40.695510427000045 ], [ -3.069210380999948, 40.702543800000058 ], [ -3.063913, 40.712171999000077 ], [ -3.057299218999958, 40.715224059000036 ], [ -3.047813539999936, 40.71494184800008 ], [ -3.041137499999934, 40.70834349900008 ], [ -3.023767, 40.695907499000043 ], [ -3.031308600999978, 40.685190661000036 ], [ -3.030668402999936, 40.678861725000047 ], [ -3.038602891999972, 40.669226107000043 ], [ -3.048745499999939, 40.667560499000047 ], [ -3.051702669999941, 40.670993420000059 ], [ -3.063555176999955, 40.674303128000076 ], [ -3.075051722999945, 40.670865981000077 ], [ -3.079055499999924, 40.672216499000058 ] ] ] } },
{ "type": "Feature", "properties": { "code": "19016", "name": "Algar de Mesa" }, "geometry": { "type": "Polygon", "coordinates": [ [ [ -1.962116499999979, 41.17133349900007 ], [ -1.959010499999977, 41.172492999000042 ], [ -1.954023, 41.169772999000031 ], [ -1.950687, 41.168895999000028 ], [ -1.948324499999956, 41.166854999000066 ], [ -1.947731, 41.161483999000041 ], [ -1.93915149999998, 41.152477499000042 ], [ -1.938457, 41.149657999000055 ], [ -1.939149499999928, 41.147342499000047 ], [ -1.935976, 41.144664999000042 ], [ -1.932440499999927, 41.138595499000076 ], [ -1.921643499999959, 41.134300499000062 ], [ -1.92129, 41.131233499000075 ], [ -1.917216499999938, 41.119491499000048 ], [ -1.925092499999948, 41.10546849900004 ], [ -1.929153499999927, 41.100326499000062 ], [ -1.934012, 41.097446499000057 ], [ -1.936105, 41.096950499000059 ], [ -1.939517, 41.097956999000075 ], [ -1.957380178999927, 41.118028719000051 ], [ -1.98779849999994, 41.161147999000036 ], [ -1.982801, 41.165069499000026 ], [ -1.962116499999979, 41.17133349900007 ] ] ] } },
{ "type": "Feature", "properties": { "code": "19017", "name": "Algora" }, "geometry": { "type": "Polygon", "coordinates": [ [ [ -2.642869499999961, 40.920013499000049 ], [ -2.657146460999968, 40.910599486000081 ], [ -2.660235, 40.903148499000054 ], [ -2.684458, 40.90025349900003 ], [ -2.697480307999967, 40.911360596000065 ], [ -2.689436394999973, 40.926373080000076 ], [ -2.690025341999956, 40.932562781000058 ], [ -2.695400652999979, 40.943045762000054 ], [ -2.707419621999975, 40.949144051000076 ], [ -2.710423499999933, 40.95996849900007 ], [ -2.704152928999974, 40.966061485000068 ], [ -2.703703527999949, 40.978578697000046 ], [ -2.690118, 40.992248499000027 ], [ -2.679695926999955, 40.990083598000069 ], [ -2.666949442999965, 40.995489255000052 ], [ -2.656555, 40.990066499000079 ], [ -2.640338342999939, 40.969778881000025 ], [ -2.629028253999934, 40.939911149000068 ], [ -2.642869499999961, 40.920013499000049 ] ] ] } },
{ "type": "Feature", "properties": { "code": "19018", "name": "Alhóndiga" }, "geometry": { "type": "Polygon", "coordinates": [ [ [ -2.85347749999994, 40.549594999000078 ], [ -2.843941, 40.547069499000031 ], [ -2.841418, 40.545615999000063 ], [ -2.832301, 40.545017499000039 ], [ -2.821563, 40.54179749900004 ], [ -2.817390499999931, 40.539382999000054 ], [ -2.814021499999967, 40.535991499000033 ], [ -2.80405, 40.529937999000026 ], [ -2.822029021999981, 40.506796433000034 ], [ -2.817578311999966, 40.485148078000066 ], [ -2.824158499999953, 40.479385499000045 ], [ -2.830967184999963, 40.48117472000007 ], [ -2.835092920999955, 40.484484906000034 ], [ -2.842662313999938, 40.496658331000049 ], [ -2.855441088999953, 40.508168134000073 ], [ -2.850723187999961, 40.517336317000058 ], [ -2.849762353999949, 40.530664369000078 ], [ -2.85347749999994, 40.549594999000078 ] ] ] } },
{ "type": "Feature", "properties": { "code": "19019", "name": "Alique" }, "geometry": { "type": "Polygon", "coordinates": [ [ [ -2.650552, 40.605739499000038 ], [ -2.643699548999962, 40.60119136000003 ], [ -2.624269075999962, 40.59783389100005 ], [ -2.623543323999968, 40.593340346000048 ], [ -2.631247925999958, 40.581566611000028 ], [ -2.655505079999955, 40.57114710500008 ], [ -2.658443921999947, 40.577484971000047 ], [ -2.66681798999997, 40.575052534000065 ], [ -2.678501358999938, 40.579806242000075 ], [ -2.679713027999981, 40.588205142000049 ], [ -2.650552, 40.605739499000038 ] ] ] } },
{ "type": "Feature", "properties": { "code": "19020", "name": "Almadrones" }, "geometry": { "type": "Polygon", "coordinates": [ [ [ -2.753385499999979, 40.869777999000064 ], [ -2.769673499999953, 40.86459349900008 ], [ -2.779328159999977, 40.872724521000066 ], [ -2.78615465799993, 40.885219210000059 ], [ -2.789363395999942, 40.898148760000026 ], [ -2.78422, 40.916114999000058 ], [ -2.764350685999943, 40.916767138000068 ], [ -2.755046, 40.924434499000029 ], [ -2.742154379999931, 40.919567760000064 ], [ -2.735111, 40.91102999900005 ], [ -2.735306579999929, 40.893943089000061 ], [ -2.748560753999925, 40.879682875000071 ], [ -2.753385499999979, 40.869777999000064 ] ] ] } },
{ "type": "Feature", "properties": { "code": "19021", "name": "Almoguera" }, "geometry": { "type": "MultiPolygon", "coordinates": [ [ [ [ -3.013728499999957, 40.331428499000026 ], [ -3.008690499999943, 40.337012999000081 ], [ -2.993113, 40.345340499000031 ], [ -2.972553540999968, 40.328653650000035 ], [ -2.952244675999964, 40.321666028000038 ], [ -2.927908590999948, 40.308797384000059 ], [ -2.921679412999936, 40.301645719000078 ], [ -2.921075, 40.29479599900003 ], [ -2.924554668999974, 40.293652244000043 ], [ -2.923785408999947, 40.291190638000046 ], [ -2.903561, 40.266864999000063 ], [ -2.922288627999933, 40.265044609000029 ], [ -2.941425289999927, 40.252007072000026 ], [ -2.948462227999926, 40.252046301000064 ], [ -2.951642619999973, 40.247419817000036 ], [ -2.961319105999962, 40.248264820000031 ], [ -2.967924423999932, 40.244162041000038 ], [ -2.975558499999977, 40.243922999000063 ], [ -2.979965334999974, 40.256952828000067 ], [ -2.995608524999966, 40.271660783000073 ], [ -3.014189, 40.277221499000063 ], [ -3.014908685999956, 40.286503846000073 ], [ -2.998853557999951, 40.309421827000051 ], [ -3.011112535999928, 40.321161159000042 ], [ -3.013728499999957, 40.331428499000026 ] ] ], [ [ [ -3.10929, 40.285162999000079 ], [ -3.106860499999925, 40.286704999000051 ], [ -3.091662499999927, 40.287669999000059 ], [ -3.095073794999962, 40.281432084000073 ], [ -3.084423133999962, 40.265060336000033 ], [ -3.08411621099998, 40.259505209000054 ], [ -3.076183481999976, 40.254572701000029 ], [ -3.063368904999948, 40.23674214600004 ], [ -3.052203612999961, 40.211586300000079 ], [ -3.034626, 40.195998999000039 ], [ -3.034978213999977, 40.189533158000074 ], [ -3.028489160999925, 40.184495766000055 ], [ -3.028647823999961, 40.179552615000034 ], [ -3.037365200999943, 40.175570091000054 ], [ -3.048637768999924, 40.182678923000026 ], [ -3.060318535999954, 40.18182265400003 ], [ -3.063005121999936, 40.179687158000036 ], [ -3.063774499999965, 40.168281499000045 ], [ -3.067845, 40.157913999000073 ], [ -3.077022117999945, 40.166746114000034 ], [ -3.084694592999938, 40.186045621000062 ], [ -3.085316172999967, 40.197931557000061 ], [ -3.088075, 40.200288999000065 ], [ -3.080130814999961, 40.207003903000043 ], [ -3.079963728999928, 40.226332276000051 ], [ -3.088715589999936, 40.237603042000046 ], [ -3.087507653999978, 40.247174026000039 ], [ -3.098547753999981, 40.260512160000076 ], [ -3.097182199999963, 40.271081311000046 ], [ -3.10929, 40.285162999000079 ] ] ], [ [ [ -3.048396499999967, 40.36278949900003 ], [ -3.05223449999994, 40.359508499000071 ], [ -3.055833, 40.352775499000074 ], [ -3.064053, 40.341846499000042 ], [ -3.066235, 40.332546499000046 ], [ -3.06763449999994, 40.332130999000071 ], [ -3.077331, 40.338802499000053 ], [ -3.083068499999968, 40.341625499000031 ], [ -3.09331549999996, 40.344348999000033 ], [ -3.099333, 40.345000999000035 ], [ -3.105248, 40.347408499000039 ], [ -3.098769901999958, 40.351203508000026 ], [ -3.085199498999941, 40.35234917400004 ], [ -3.048396499999967, 40.36278949900003 ] ] ], [ [ [ -3.112521, 40.285447999000041 ], [ -3.152796510999963, 40.263746385000047 ], [ -3.169357615999957, 40.244724099000052 ], [ -3.173242, 40.234138999000038 ], [ -3.182914085999926, 40.242752493000069 ], [ -3.194294499999955, 40.248005999000043 ], [ -3.194669499999975, 40.255050499000049 ], [ -3.197051, 40.257515999000077 ], [ -3.191995491999933, 40.260194738000052 ], [ -3.184860114999935, 40.269025873000032 ], [ -3.186367623999956, 40.278346249000037 ], [ -3.180957569999975, 40.289909046000048 ], [ -3.18005549999998, 40.302028999000072 ], [ -3.172865000999934, 40.30392659000006 ], [ -3.14502895499993, 40.300035966000053 ], [ -3.112521, 40.285447999000041 ] ] ] ] } },
{ "type": "Feature", "properties": { "code": "19022", "name": "Almonacid de Zorita" }, "geometry": { "type": "MultiPolygon", "coordinates": [ [ [ [ -2.851112499999942, 40.252853499000025 ], [ -2.847430113999962, 40.255600503000039 ], [ -2.835092920999955, 40.25389049000006 ], [ -2.805854499999953, 40.251857499000039 ], [ -2.812992169999973, 40.228231435000055 ], [ -2.81930357799996, 40.220184975000052 ], [ -2.822347797999953, 40.205599758000062 ], [ -2.825984, 40.202266499000075 ], [ -2.86313, 40.200137999000049 ], [ -2.867187499999943, 40.204170499000043 ], [ -2.869341499999962, 40.208766999000034 ], [ -2.866880476999938, 40.215969253000026 ], [ -2.852916391999941, 40.232372248000047 ], [ -2.851112499999942, 40.252853499000025 ] ] ], [ [ [ -2.849096, 40.318545999000037 ], [ -2.863593361999961, 40.328138615000057 ], [ -2.873037358999966, 40.342950961000042 ], [ -2.886120172999938, 40.342879527000036 ], [ -2.894439499999976, 40.346038499000031 ], [ -2.867555153999945, 40.354365735000044 ], [ -2.862400499999978, 40.36784349900006 ], [ -2.855693919999965, 40.372093243000052 ], [ -2.847537204999981, 40.365723531000071 ], [ -2.835092920999955, 40.366772186000048 ], [ -2.820634025999937, 40.362525401000028 ], [ -2.816933499999948, 40.363815499000054 ], [ -2.817469493999965, 40.34841743700008 ], [ -2.811253892999957, 40.341517229000033 ], [ -2.814774, 40.331927999000072 ], [ -2.822115379999957, 40.324804289000042 ], [ -2.849096, 40.318545999000037 ] ] ] ] } },
{ "type": "Feature", "properties": { "code": "19023", "name": "Alocén" }, "geometry": { "type": "Polygon", "coordinates": [ [ [ -2.72923, 40.570186499000044 ], [ -2.735030783999946, 40.56995925800004 ], [ -2.736693264999928, 40.567231204000052 ], [ -2.731047846999957, 40.564463872000033 ], [ -2.711640487999944, 40.566016630000036 ], [ -2.706387593999978, 40.562645371000031 ], [ -2.712274884999943, 40.55542203400006 ], [ -2.719408518999956, 40.557745128000079 ], [ -2.723297449999961, 40.556080697000027 ], [ -2.730993, 40.537540499000045 ], [ -2.73667949999998, 40.538497999000072 ], [ -2.739796499999954, 40.542079999000066 ], [ -2.746312499999931, 40.542491999000049 ], [ -2.757552, 40.546733999000026 ], [ -2.760328, 40.549544999000034 ], [ -2.761029, 40.555373999000039 ], [ -2.76221449999997, 40.557487499000047 ], [ -2.765344, 40.560401999000078 ], [ -2.772161499999925, 40.563651999000058 ], [ -2.77057149999996, 40.565990499000065 ], [ -2.770772499999964, 40.572910499000045 ], [ -2.769375499999967, 40.577068499000063 ], [ -2.752358096999956, 40.580881913000042 ], [ -2.743874367999979, 40.591010940000047 ], [ -2.717421, 40.602836499000034 ], [ -2.730473755999981, 40.583106446000045 ], [ -2.72923, 40.570186499000044 ] ] ] } },
{ "type": "Feature", "properties": { "code": "19024", "name": "Alovera" }, "geometry": { "type": "Polygon", "coordinates": [ [ [ -3.255298499999981, 40.615109499000027 ], [ -3.239068514999929, 40.612109227000076 ], [ -3.230500111999959, 40.60373622000003 ], [ -3.221440280999957, 40.599493579000068 ], [ -3.220992318999947, 40.595089199000029 ], [ -3.217023, 40.592167499000027 ], [ -3.230156868999927, 40.579913303000069 ], [ -3.230202879999979, 40.567716476000044 ], [ -3.232843499999944, 40.563875499000062 ], [ -3.24791261699994, 40.576555868000071 ], [ -3.27409549999993, 40.582271499000058 ], [ -3.277855, 40.584978499000044 ], [ -3.27770049999998, 40.586820499000055 ], [ -3.263203273999977, 40.598355507000065 ], [ -3.256796975999976, 40.606829365000067 ], [ -3.255298499999981, 40.615109499000027 ] ] ] } },
{ "type": "Feature", "properties": { "code": "19027", "name": "Alustante" }, "geometry": { "type": "Polygon", "coordinates": [ [ [ -1.564837, 40.614753499000074 ], [ -1.555365499999937, 40.607196999000053 ], [ -1.554907, 40.604842999000027 ], [ -1.553023, 40.60241299900008 ], [ -1.545494499999961, 40.595210999000074 ], [ -1.54964149999995, 40.593128499000045 ], [ -1.555681499999935, 40.585998999000026 ], [ -1.582875, 40.569469499000036 ], [ -1.587163499999974, 40.569423499000038 ], [ -1.59873, 40.562068999000076 ], [ -1.602292, 40.564578999000048 ], [ -1.629688499999929, 40.576080499000057 ], [ -1.634231, 40.579810999000074 ], [ -1.643273499999964, 40.58015799900005 ], [ -1.653694, 40.58197399900007 ], [ -1.66644249999996, 40.582061999000075 ], [ -1.674313, 40.592185999000037 ], [ -1.67808249999996, 40.59096899900004 ], [ -1.685802499999966, 40.579921999000078 ], [ -1.693267499999934, 40.577663499000039 ], [ -1.695691499999953, 40.584872999000027 ], [ -1.70539, 40.586204499000075 ], [ -1.708595499999944, 40.58911499900006 ], [ -1.711997499999939, 40.590415999000072 ], [ -1.718079, 40.594939999000076 ], [ -1.715096040999924, 40.598860820000027 ], [ -1.714865174999943, 40.615279667000038 ], [ -1.70352300899998, 40.623122805000037 ], [ -1.700444, 40.630466499000079 ], [ -1.677799274999927, 40.634923422000043 ], [ -1.66961740499994, 40.64472173200005 ], [ -1.655362467999964, 40.651268003000041 ], [ -1.647885308999946, 40.657231273000036 ], [ -1.626327499999945, 40.662795999000025 ], [ -1.623208, 40.662669999000059 ], [ -1.600886, 40.642223499000067 ], [ -1.589521, 40.636607999000034 ], [ -1.579707499999927, 40.629287499000043 ], [ -1.573537499999929, 40.622527999000056 ], [ -1.564837, 40.614753499000074 ] ] ] } },
{ "type": "Feature", "properties": { "code": "19031", "name": "Angón" }, "geometry": { "type": "Polygon", "coordinates": [ [ [ -2.893394, 41.090537999000048 ], [ -2.880066762999945, 41.090010145000065 ], [ -2.870819499999925, 41.096648999000081 ], [ -2.846687044999953, 41.078227603000073 ], [ -2.835092920999955, 41.074438906000069 ], [ -2.828698499999973, 41.074756499000046 ], [ -2.82227864999993, 41.063738588000035 ], [ -2.82942670999995, 41.051925519000065 ], [ -2.82861349999996, 41.043643999000039 ], [ -2.849309867999978, 41.048570697000059 ], [ -2.876650499999926, 41.047397499000056 ], [ -2.882883, 41.049640499000077 ], [ -2.886898, 41.053535499000077 ], [ -2.882323, 41.055980499000043 ], [ -2.879784499999971, 41.058562499000061 ], [ -2.881491499999925, 41.061896999000055 ], [ -2.882046, 41.065151999000079 ], [ -2.883701499999972, 41.064738999000042 ], [ -2.885003, 41.082774999000037 ], [ -2.889130499999965, 41.085094499000036 ], [ -2.898664, 41.086490999000034 ], [ -2.893394, 41.090537999000048 ] ] ] } },
{ "type": "Feature", "properties": { "code": "19032", "name": "Anguita" }, "geometry": { "type": "Polygon", "coordinates": [ [ [ -2.385506, 40.976993499000059 ], [ -2.348158522999938, 40.981901915000037 ], [ -2.342854017999969, 40.992208897000069 ], [ -2.373687142999927, 41.009891138000057 ], [ -2.386736147999954, 41.003599660000077 ], [ -2.388343632999977, 40.99625022400005 ], [ -2.396668499999976, 40.984629999000049 ], [ -2.41108, 40.988307999000028 ], [ -2.41360625599998, 40.994640135000054 ], [ -2.433868666999956, 40.99985480600003 ], [ -2.435692, 41.005988999000067 ], [ -2.431973917999926, 41.017942417000029 ], [ -2.420181637999974, 41.031469557000037 ], [ -2.417140195999934, 41.050333910000063 ], [ -2.418909, 41.057716499000037 ], [ -2.4143, 41.060924499000066 ], [ -2.410185, 41.060535499000025 ], [ -2.402129, 41.061663999000075 ], [ -2.396033, 41.064677999000025 ], [ -2.38306549999993, 41.074157999000079 ], [ -2.381349, 41.077010999000038 ], [ -2.372577, 41.079154999000025 ], [ -2.355328, 41.086463999000046 ], [ -2.349238, 41.07741949900003 ], [ -2.339273499999933, 41.071536999000045 ], [ -2.333875499999976, 41.067352499000037 ], [ -2.330704, 41.066756999000063 ], [ -2.323404, 41.056518499000049 ], [ -2.325705, 41.05394349900007 ], [ -2.32927049999995, 41.035163999000076 ], [ -2.32857649999994, 41.031413999000051 ], [ -2.323271499999976, 41.027816999000038 ], [ -2.32309749999996, 41.023898999000039 ], [ -2.318069499999979, 41.014251499000068 ], [ -2.315691499999957, 41.01305749900007 ], [ -2.315317, 41.009010499000055 ], [ -2.299076499999956, 40.995235499000046 ], [ -2.281932, 40.98752999900006 ], [ -2.267899, 40.985862999000062 ], [ -2.261169499999937, 40.986937999000077 ], [ -2.26093508699995, 40.979278547000035 ], [ -2.253132836999953, 40.971713238000063 ], [ -2.253686499999958, 40.964298499000051 ], [ -2.278389584999957, 40.957428545000027 ], [ -2.300839262999943, 40.956065348000038 ], [ -2.305962628999964, 40.945626871000059 ], [ -2.319466, 40.932933999000056 ], [ -2.323769051999932, 40.930543786000044 ], [ -2.335913607999942, 40.931472380000059 ], [ -2.360437499999932, 40.914321999000038 ], [ -2.366534997999963, 40.916435324000076 ], [ -2.363568040999951, 40.920926861000055 ], [ -2.367559705999952, 40.940682329000026 ], [ -2.386370499999941, 40.946578999000053 ], [ -2.382237199999963, 40.952955030000055 ], [ -2.385734690999925, 40.962063998000076 ], [ -2.385506, 40.976993499000059 ] ] ] } },
{ "type": "Feature", "properties": { "code": "19033", "name": "Anquela del Ducado" }, "geometry": { "type": "Polygon", "coordinates": [ [ [ -2.157128499999942, 40.922336499000039 ], [ -2.17156852599993, 40.939887986000031 ], [ -2.190063154999962, 40.969553731000076 ], [ -2.14744972799997, 40.998653159000071 ], [ -2.10778449999998, 40.986427499000058 ], [ -2.110511454999937, 40.981571516000031 ], [ -2.127172907999977, 40.97511336000008 ], [ -2.131362019999926, 40.964417222000066 ], [ -2.149621448999937, 40.943126860000064 ], [ -2.157128499999942, 40.922336499000039 ] ] ] } },
{ "type": "Feature", "properties": { "code": "19034", "name": "Anquela del Pedregal" }, "geometry": { "type": "Polygon", "coordinates": [ [ [ -1.735703499999943, 40.770156999000051 ], [ -1.72562191999998, 40.765392017000067 ], [ -1.715260581999928, 40.766609625000058 ], [ -1.701141415999928, 40.760365033000028 ], [ -1.706941499999971, 40.728191499000047 ], [ -1.709862742999974, 40.719405345000041 ], [ -1.71999849499997, 40.70695889600006 ], [ -1.725327919999927, 40.705833677000044 ], [ -1.729669516999934, 40.708343960000036 ], [ -1.73962660199993, 40.705835065000031 ], [ -1.745978499999978, 40.694308999000043 ], [ -1.750762499999951, 40.698588999000037 ], [ -1.762255499999981, 40.69804349900005 ], [ -1.7666, 40.696090499000036 ], [ -1.76935, 40.701022999000031 ], [ -1.768167499999947, 40.708656499000028 ], [ -1.769511499999965, 40.710933499000078 ], [ -1.77589949999998, 40.713016499000048 ], [ -1.775074618999952, 40.738766607000059 ], [ -1.771009499999934, 40.75175499900007 ], [ -1.754459, 40.763244499000052 ], [ -1.745274, 40.767802999000025 ], [ -1.735703499999943, 40.770156999000051 ] ] ] } },
{ "type": "Feature", "properties": { "code": "19036", "name": "Aranzueque" }, "geometry": { "type": "Polygon", "coordinates": [ [ [ -3.070195499999954, 40.462871499000073 ], [ -3.084612361999973, 40.472214213000029 ], [ -3.101482499999975, 40.47021249900007 ], [ -3.103584235999961, 40.487187200000051 ], [ -3.107983499999932, 40.494484499000066 ], [ -3.102362, 40.502532999000039 ], [ -3.098111759999938, 40.510295491000079 ], [ -3.09111999299995, 40.514614804000075 ], [ -3.07298549099994, 40.519134165000025 ], [ -3.062495499999955, 40.518642499000066 ], [ -3.06241033799995, 40.509901153000044 ], [ -3.049373, 40.491466999000068 ], [ -3.049195900999962, 40.481159651000041 ], [ -3.05316, 40.473922499000025 ], [ -3.059121932999972, 40.469174963000057 ], [ -3.06435573899995, 40.468968772000039 ], [ -3.070195499999954, 40.462871499000073 ] ] ] } },
{ "type": "Feature", "properties": { "code": "19037", "name": "Arbancón" }, "geometry": { "type": "Polygon", "coordinates": [ [ [ -3.097837499999969, 40.970477999000025 ], [ -3.097859557999925, 40.959623702000044 ], [ -3.118205064999927, 40.948538881000047 ], [ -3.129944032999958, 40.946775698000067 ], [ -3.140252240999928, 40.948459409000066 ], [ -3.150755173999926, 40.962314475000028 ], [ -3.185809, 40.973911499000053 ], [ -3.187607040999978, 40.981427423000071 ], [ -3.181541025999934, 40.991878973000041 ], [ -3.186708667999937, 40.999545682000075 ], [ -3.199504642999955, 41.006487394000033 ], [ -3.201594861999979, 41.020313041000065 ], [ -3.19818749999996, 41.027263499000071 ], [ -3.188453422999942, 41.021536178000076 ], [ -3.168877499999951, 41.017772499000046 ], [ -3.153813499999956, 41.009414499000059 ], [ -3.130385683999975, 40.98320689500008 ], [ -3.111254110999937, 40.980908748000047 ], [ -3.097837499999969, 40.970477999000025 ] ] ] } },
{ "type": "Feature", "properties": { "code": "19038", "name": "Arbeteta" }, "geometry": { "type": "Polygon", "coordinates": [ [ [ -2.445628, 40.648223999000038 ], [ -2.44384249999996, 40.649249999000062 ], [ -2.449460663999957, 40.679610241000034 ], [ -2.441874346999953, 40.689313454000057 ], [ -2.440934418999973, 40.695700664000071 ], [ -2.461605499999962, 40.708266999000045 ], [ -2.459399872999938, 40.710434980000059 ], [ -2.461142, 40.716189951000047 ], [ -2.457279654999979, 40.722402865000049 ], [ -2.441359, 40.721515499000077 ], [ -2.441907535999974, 40.716912669000067 ], [ -2.429381122999928, 40.712822288000041 ], [ -2.420373885999936, 40.707035223000048 ], [ -2.417559117999929, 40.701872497000068 ], [ -2.401583114999937, 40.697445308000056 ], [ -2.386965389999943, 40.694521939000026 ], [ -2.356749499999978, 40.69872299900004 ], [ -2.33201, 40.68354049900006 ], [ -2.323705, 40.673957999000038 ], [ -2.327514662999931, 40.669961908000062 ], [ -2.338366373999975, 40.671149461000027 ], [ -2.361764297999969, 40.651268003000041 ], [ -2.372432, 40.646045499000024 ], [ -2.386346499999945, 40.636455499000078 ], [ -2.392501, 40.634505999000055 ], [ -2.396449, 40.631976999000074 ], [ -2.403081, 40.629482499000062 ], [ -2.415777499999933, 40.628608999000051 ], [ -2.427289, 40.632133499000076 ], [ -2.435747499999934, 40.635886999000036 ], [ -2.441638, 40.645663999000078 ], [ -2.445628, 40.648223999000038 ] ] ] } },
{ "type": "Feature", "properties": { "code": "19039", "name": "Argecilla" }, "geometry": { "type": "Polygon", "coordinates": [ [ [ -2.792887, 40.844325999000034 ], [ -2.799798608999936, 40.851927535000073 ], [ -2.829017492999981, 40.862716664000061 ], [ -2.835092920999955, 40.875325203000045 ], [ -2.839726929999927, 40.880406702000073 ], [ -2.85564360199993, 40.888150906000078 ], [ -2.864630473999966, 40.903154790000031 ], [ -2.862127, 40.914397999000073 ], [ -2.842074499999967, 40.922404999000037 ], [ -2.829119499999933, 40.922416499000065 ], [ -2.825254, 40.923526999000046 ], [ -2.821049043999949, 40.919899010000051 ], [ -2.78422, 40.916114999000058 ], [ -2.789363395999942, 40.898148760000026 ], [ -2.78615465799993, 40.885219210000059 ], [ -2.779328159999977, 40.872724521000066 ], [ -2.769673499999953, 40.86459349900008 ], [ -2.77833153399996, 40.85734035400003 ], [ -2.785581988999979, 40.845242674000076 ], [ -2.792887, 40.844325999000034 ] ] ] } },
{ "type": "Feature", "properties": { "code": "19040", "name": "Armallones" }, "geometry": { "type": "Polygon", "coordinates": [ [ [ -2.345006, 40.787021499000048 ], [ -2.328731499999947, 40.789550999000028 ], [ -2.322927499999935, 40.778660499000068 ], [ -2.315593499999977, 40.771629499000028 ], [ -2.299460499999952, 40.763114999000038 ], [ -2.290498499999956, 40.761348999000063 ], [ -2.279748499999926, 40.754031999000063 ], [ -2.271483499999931, 40.745033499000044 ], [ -2.241361, 40.727237499000069 ], [ -2.246079, 40.718467499000042 ], [ -2.28454732299997, 40.708065886000043 ], [ -2.303211059999967, 40.694272324000053 ], [ -2.317729544999963, 40.688881583000068 ], [ -2.324928685999964, 40.690144106000048 ], [ -2.33201, 40.68354049900006 ], [ -2.356749499999978, 40.69872299900004 ], [ -2.355110239999931, 40.704011119000029 ], [ -2.360378694999952, 40.719533733000048 ], [ -2.375176585999952, 40.736778298000047 ], [ -2.38550633899996, 40.743581892000066 ], [ -2.388294499999972, 40.750568499000053 ], [ -2.379120977999946, 40.765357424000058 ], [ -2.365817998999944, 40.775283880000075 ], [ -2.359292806999974, 40.785223895000058 ], [ -2.347565, 40.785846499000058 ], [ -2.345006, 40.787021499000048 ] ] ] } },
{ "type": "Feature", "properties": { "code": "19041", "name": "Armuña de Tajuña" }, "geometry": { "type": "Polygon", "coordinates": [ [ [ -3.069107499999973, 40.529880499000058 ], [ -3.05071699299998, 40.545992951000073 ], [ -3.043264002999933, 40.544242800000063 ], [ -3.019157, 40.546211499000037 ], [ -3.00666149999995, 40.542804999000055 ], [ -2.999032, 40.541759499000079 ], [ -2.995300499999928, 40.542590999000026 ], [ -2.990706499999931, 40.545039999000039 ], [ -2.98904, 40.549094999000033 ], [ -2.986489499999948, 40.551040499000067 ], [ -2.988083084999971, 40.543150253000078 ], [ -2.993199, 40.537639499000079 ], [ -3.008010843999955, 40.53302370800003 ], [ -3.01410784899997, 40.527532242000063 ], [ -3.018319499999961, 40.507971999000063 ], [ -3.039496185999951, 40.508997506000071 ], [ -3.041197801999942, 40.504905016000066 ], [ -3.037488457999928, 40.498115110000072 ], [ -3.041810878999968, 40.492782723000062 ], [ -3.049373, 40.491466999000068 ], [ -3.06241033799995, 40.509901153000044 ], [ -3.062495499999955, 40.518642499000066 ], [ -3.059227762999967, 40.522216356000058 ], [ -3.06687894099997, 40.525305231000061 ], [ -3.069107499999973, 40.529880499000058 ] ] ] } },
{ "type": "Feature", "properties": { "code": "19042", "name": "Arroyo de las Fraguas" }, "geometry": { "type": "MultiPolygon", "coordinates": [ [ [ [ -3.109457499999962, 41.11232749900006 ], [ -3.109801232999928, 41.100664563000066 ], [ -3.106221452999932, 41.095424546000061 ], [ -3.10208149999994, 41.094382999000061 ], [ -3.108449499999949, 41.085449999000048 ], [ -3.109972499999969, 41.077510999000026 ], [ -3.114238, 41.073085999000057 ], [ -3.115636499999937, 41.069866499000057 ], [ -3.122556499999973, 41.071723999000028 ], [ -3.123697499999935, 41.077037499000028 ], [ -3.127136, 41.083068499000035 ], [ -3.128065, 41.089141999000049 ], [ -3.136029, 41.093799499000056 ], [ -3.148002499999961, 41.09718699900003 ], [ -3.145675046999941, 41.106551523000064 ], [ -3.152248082999961, 41.126205208000044 ], [ -3.149453499999936, 41.133323499000028 ], [ -3.116727, 41.114959999000064 ], [ -3.115092499999946, 41.113323499000046 ], [ -3.112423, 41.112342499000079 ], [ -3.109457499999962, 41.11232749900006 ] ] ], [ [ [ -3.168775081999968, 41.017715674000044 ], [ -3.167693142999951, 41.020891899000048 ], [ -3.157601438999961, 41.029388366000035 ], [ -3.14590114899994, 41.03770550400003 ], [ -3.140111823999973, 41.039366082000072 ], [ -3.125930357999948, 41.034533319000047 ], [ -3.124676694999948, 41.031630242000062 ], [ -3.12632992999994, 41.026351070000032 ], [ -3.116589, 41.023887499000068 ], [ -3.122157499999958, 41.023955999000066 ], [ -3.126854, 41.022777499000028 ], [ -3.131794499999955, 41.019485499000041 ], [ -3.134768, 41.019111499000076 ], [ -3.135930499999972, 41.016994499000077 ], [ -3.13874549999997, 41.014964999000028 ], [ -3.145224, 41.013496499000041 ], [ -3.153813499999956, 41.009414499000059 ], [ -3.168775081999968, 41.017715674000044 ] ] ] ] } },
{ "type": "Feature", "properties": { "code": "19043", "name": "Atanzón" }, "geometry": { "type": "Polygon", "coordinates": [ [ [ -3.048745499999939, 40.667560499000047 ], [ -3.038602891999972, 40.669226107000043 ], [ -3.030668402999936, 40.678861725000047 ], [ -3.031308600999978, 40.685190661000036 ], [ -3.023767, 40.695907499000043 ], [ -3.002532499999973, 40.695506999000031 ], [ -2.983752, 40.682216999000048 ], [ -2.989684774999944, 40.664655305000053 ], [ -2.987055465999958, 40.658763638000039 ], [ -2.989567788999977, 40.648687689000042 ], [ -2.984731499999953, 40.633283999000071 ], [ -3.005019, 40.622670499000037 ], [ -3.021922375999964, 40.624476249000054 ], [ -3.027485, 40.637881999000058 ], [ -3.029110800999945, 40.656010681000055 ], [ -3.048745499999939, 40.667560499000047 ] ] ] } },
{ "type": "Feature", "properties": { "code": "19044", "name": "Atienza" }, "geometry": { "type": "MultiPolygon", "coordinates": [ [ [ [ -2.822678499999938, 41.165862999000069 ], [ -2.835092920999955, 41.154004119000035 ], [ -2.843765693999956, 41.139880168000047 ], [ -2.864765499999976, 41.139484499000048 ], [ -2.880836, 41.154529499000034 ], [ -2.89510619899994, 41.160755872000038 ], [ -2.917611289999968, 41.177679839000064 ], [ -2.91109236799997, 41.191572717000042 ], [ -2.899441386999968, 41.204058599000064 ], [ -2.897951878999947, 41.208908264000058 ], [ -2.900531638999951, 41.213183447000063 ], [ -2.942646314999934, 41.219718173000047 ], [ -2.952914, 41.228748499000062 ], [ -2.929048086999956, 41.250769615000024 ], [ -2.90061, 41.24078399900003 ], [ -2.895558, 41.235526999000058 ], [ -2.890881499999978, 41.234550499000079 ], [ -2.885874499999943, 41.238834499000063 ], [ -2.887978499999974, 41.243232499000044 ], [ -2.887711499999966, 41.245574499000043 ], [ -2.883798499999955, 41.251605999000049 ], [ -2.882953, 41.256397499000059 ], [ -2.880977499999972, 41.260131999000066 ], [ -2.877949, 41.264560499000027 ], [ -2.866898, 41.274474999000063 ], [ -2.859021499999926, 41.272880499000053 ], [ -2.855170499999929, 41.270515499000055 ], [ -2.841412499999933, 41.266128499000047 ], [ -2.839217499999961, 41.266070999000078 ], [ -2.83028749999994, 41.262664999000037 ], [ -2.821773499999949, 41.258381499000052 ], [ -2.822255, 41.25662599900005 ], [ -2.819604, 41.257350999000039 ], [ -2.810690499999964, 41.255740999000068 ], [ -2.803551, 41.256522999000026 ], [ -2.794019, 41.254344999000068 ], [ -2.782501499999967, 41.253772999000034 ], [ -2.790027391999956, 41.243726797000079 ], [ -2.792751760999977, 41.231504076000078 ], [ -2.803677428999947, 41.228134816000079 ], [ -2.806389499999966, 41.224784999000065 ], [ -2.835092920999955, 41.218352823000032 ], [ -2.839366968999968, 41.215973156000075 ], [ -2.840550335999978, 41.205827586000055 ], [ -2.835092920999955, 41.193796706000057 ], [ -2.832992081999976, 41.179468730000053 ], [ -2.822678499999938, 41.165862999000069 ] ] ], [ [ [ -2.886898, 41.053535499000077 ], [ -2.888418499999943, 41.055122499000049 ], [ -2.888237, 41.057159499000079 ], [ -2.890102499999955, 41.058429499000056 ], [ -2.888443499999937, 41.061797999000078 ], [ -2.882046, 41.065151999000079 ], [ -2.881491499999925, 41.061896999000055 ], [ -2.879784499999971, 41.058562499000061 ], [ -2.882323, 41.055980499000043 ], [ -2.886898, 41.053535499000077 ] ] ], [ [ [ -2.967138, 41.154498999000054 ], [ -2.963666865999926, 41.162465261000079 ], [ -2.951725847999967, 41.160470668000073 ], [ -2.949139493999951, 41.15091204600003 ], [ -2.939817499999947, 41.145133999000052 ], [ -2.951754137999956, 41.137217122000038 ], [ -2.961491758999955, 41.135978762000036 ], [ -2.967072186999928, 41.142844970000056 ], [ -2.967138, 41.154498999000054 ] ] ] ] } },
{ "type": "Feature", "properties": { "code": "19045", "name": "Auñón" }, "geometry": { "type": "Polygon", "coordinates": [ [ [ -2.730993, 40.537540499000045 ], [ -2.734185795999963, 40.532156780000037 ], [ -2.731999110999936, 40.519475318000048 ], [ -2.733659947999968, 40.50813757700007 ], [ -2.744269136999947, 40.493631403000052 ], [ -2.778325635999977, 40.488249677000056 ], [ -2.782570926999938, 40.478807414000073 ], [ -2.775827490999973, 40.476190325000061 ], [ -2.774814953999964, 40.473052227000039 ], [ -2.782866655999953, 40.46649466000008 ], [ -2.783405, 40.458197999000049 ], [ -2.788075016999926, 40.463503798000033 ], [ -2.799612087999947, 40.46882875600005 ], [ -2.826322, 40.473720499000081 ], [ -2.824158499999953, 40.479385499000045 ], [ -2.817578311999966, 40.485148078000066 ], [ -2.822029021999981, 40.506796433000034 ], [ -2.80405, 40.529937999000026 ], [ -2.799259725999946, 40.538070487000027 ], [ -2.799228028999948, 40.552894412000057 ], [ -2.772161499999925, 40.563651999000058 ], [ -2.765344, 40.560401999000078 ], [ -2.76221449999997, 40.557487499000047 ], [ -2.761029, 40.555373999000039 ], [ -2.760328, 40.549544999000034 ], [ -2.757552, 40.546733999000026 ], [ -2.746312499999931, 40.542491999000049 ], [ -2.739796499999954, 40.542079999000066 ], [ -2.73667949999998, 40.538497999000072 ], [ -2.730993, 40.537540499000045 ] ] ] } },
{ "type": "Feature", "properties": { "code": "19046", "name": "Azuqueca de Henares" }, "geometry": { "type": "Polygon", "coordinates": [ [ [ -3.232843499999944, 40.563875499000062 ], [ -3.236065433999954, 40.557086690000062 ], [ -3.24214634599997, 40.553786943000034 ], [ -3.232224499999973, 40.539696499000058 ], [ -3.234055393999938, 40.533305291000033 ], [ -3.249806321999927, 40.543311574000029 ], [ -3.289849499999946, 40.531749999000056 ], [ -3.296023856999966, 40.537924254000075 ], [ -3.284053184999948, 40.549899024000069 ], [ -3.287298392999958, 40.558655162000036 ], [ -3.284299671999975, 40.563363245000062 ], [ -3.286960499999964, 40.572354499000028 ], [ -3.27409549999993, 40.582271499000058 ], [ -3.24791261699994, 40.576555868000071 ], [ -3.232843499999944, 40.563875499000062 ] ] ] } },
{ "type": "Feature", "properties": { "code": "19047", "name": "Baides" }, "geometry": { "type": "Polygon", "coordinates": [ [ [ -2.827352499999961, 41.002113499000075 ], [ -2.812058810999929, 41.009020391000035 ], [ -2.809007233999978, 41.015981178000061 ], [ -2.79945534999996, 41.020541304000062 ], [ -2.758788598999956, 41.02069074700006 ], [ -2.741994004999981, 41.01781021100004 ], [ -2.728222499999958, 41.024146999000038 ], [ -2.731957908999959, 41.010371022000072 ], [ -2.727639, 40.990352499000039 ], [ -2.738054165999927, 40.983069207000028 ], [ -2.756114305999972, 40.985988673000065 ], [ -2.767451, 40.983875499000078 ], [ -2.776044, 40.984496999000044 ], [ -2.780090499999972, 40.983142999000052 ], [ -2.783929499999942, 40.98340999900006 ], [ -2.791359499999942, 40.980163499000071 ], [ -2.79556, 40.981792499000051 ], [ -2.800652, 40.980567499000074 ], [ -2.803396, 40.981159499000057 ], [ -2.82765924499995, 40.996915229000081 ], [ -2.827352499999961, 41.002113499000075 ] ] ] } },
{ "type": "Feature", "properties": { "code": "19048", "name": "Baños de Tajo" }, "geometry": { "type": "Polygon", "coordinates": [ [ [ -1.942201499999953, 40.721511999000029 ], [ -1.947649499999955, 40.713111999000034 ], [ -1.970618224999953, 40.70790065500006 ], [ -2.003931329999944, 40.706514877000075 ], [ -2.020696640999972, 40.700492465000025 ], [ -2.04645249999993, 40.696078999000065 ], [ -2.053401989999941, 40.703669051000077 ], [ -2.068675249999956, 40.709863818000031 ], [ -2.071740499999976, 40.715366499000027 ], [ -2.039999499999965, 40.720203499000036 ], [ -2.010463499999958, 40.730205499000078 ], [ -1.999588499999959, 40.731986999000071 ], [ -1.990491, 40.735996499000066 ], [ -1.981640499999969, 40.744052999000075 ], [ -1.967127534999975, 40.74369411300006 ], [ -1.948818203999963, 40.72406085800003 ], [ -1.942201499999953, 40.721511999000029 ] ] ] } },
{ "type": "Feature", "properties": { "code": "19049", "name": "Bañuelos" }, "geometry": { "type": "Polygon", "coordinates": [ [ [ -2.913976, 41.259090499000081 ], [ -2.921494205999977, 41.267200224000078 ], [ -2.926911318999942, 41.265401592000046 ], [ -2.930211894999957, 41.267200040000034 ], [ -2.934535058999927, 41.284432387000038 ], [ -2.950145, 41.292648499000052 ], [ -2.942552770999953, 41.300769842000079 ], [ -2.940406152999969, 41.31317888500007 ], [ -2.911279901999933, 41.321722842000042 ], [ -2.906679, 41.32764049900004 ], [ -2.897948499999927, 41.324813999000071 ], [ -2.888434, 41.325248499000054 ], [ -2.882718, 41.321765999000036 ], [ -2.891263546999937, 41.316236595000078 ], [ -2.903795785999932, 41.296830542000066 ], [ -2.913976, 41.259090499000081 ] ] ] } },
{ "type": "Feature", "properties": { "code": "19050", "name": "Barriopedro" }, "geometry": { "type": "Polygon", "coordinates": [ [ [ -2.774918499999956, 40.804958499000065 ], [ -2.764006772999949, 40.796303075000026 ], [ -2.754071851999925, 40.798069702000078 ], [ -2.727320499999962, 40.790019999000037 ], [ -2.733183271999962, 40.783380851000061 ], [ -2.746090647999949, 40.778616015000068 ], [ -2.761021863999929, 40.766839055000048 ], [ -2.766871334999962, 40.765503436000074 ], [ -2.775203820999934, 40.769647822000024 ], [ -2.782351613999936, 40.785052549000056 ], [ -2.774918499999956, 40.804958499000065 ] ] ] } },
{ "type": "Feature", "properties": { "code": "19051", "name": "Berninches" }, "geometry": { "type": "Polygon", "coordinates": [ [ [ -2.769375499999967, 40.577068499000063 ], [ -2.770772499999964, 40.572910499000045 ], [ -2.77057149999996, 40.565990499000065 ], [ -2.772161499999925, 40.563651999000058 ], [ -2.799228028999948, 40.552894412000057 ], [ -2.799259725999946, 40.538070487000027 ], [ -2.80405, 40.529937999000026 ], [ -2.814021499999967, 40.535991499000033 ], [ -2.817390499999931, 40.539382999000054 ], [ -2.821563, 40.54179749900004 ], [ -2.832301, 40.545017499000039 ], [ -2.841418, 40.545615999000063 ], [ -2.843941, 40.547069499000031 ], [ -2.85347749999994, 40.549594999000078 ], [ -2.859535, 40.555926999000064 ], [ -2.846964931999935, 40.573384357000066 ], [ -2.838841078999963, 40.579801529000065 ], [ -2.839631122999947, 40.585388187000035 ], [ -2.835092920999955, 40.587694575000057 ], [ -2.82886926499998, 40.587799663000055 ], [ -2.825241441999935, 40.592149343000074 ], [ -2.824643, 40.597030499000027 ], [ -2.814947870999958, 40.599562376000051 ], [ -2.805232, 40.610889499000052 ], [ -2.801757499999951, 40.610568999000066 ], [ -2.769375499999967, 40.577068499000063 ] ] ] } },
{ "type": "Feature", "properties": { "code": "19052", "name": "Bodera, La" }, "geometry": { "type": "Polygon", "coordinates": [ [ [ -2.893394, 41.090537999000048 ], [ -2.915675563999969, 41.130505868000057 ], [ -2.915965, 41.142020999000067 ], [ -2.902427192999937, 41.14933450400008 ], [ -2.880836, 41.154529499000034 ], [ -2.864765499999976, 41.139484499000048 ], [ -2.869621739999957, 41.124546928000029 ], [ -2.865901337999958, 41.114583359000051 ], [ -2.86672249999998, 41.102740999000048 ], [ -2.870819499999925, 41.096648999000081 ], [ -2.880066762999945, 41.090010145000065 ], [ -2.893394, 41.090537999000048 ] ] ] } },
{ "type": "Feature", "properties": { "code": "19053", "name": "Brihuega" }, "geometry": { "type": "Polygon", "coordinates": [ [ [ -2.751089499999978, 40.868007499000043 ], [ -2.752721, 40.831382999000027 ], [ -2.754295406999972, 40.828397776000031 ], [ -2.753444338999941, 40.81386823400004 ], [ -2.758774452999944, 40.805946745000028 ], [ -2.766388173999928, 40.802783193000039 ], [ -2.774918499999956, 40.804958499000065 ], [ -2.782351613999936, 40.785052549000056 ], [ -2.775203820999934, 40.769647822000024 ], [ -2.766871334999962, 40.765503436000074 ], [ -2.761021863999929, 40.766839055000048 ], [ -2.746090647999949, 40.778616015000068 ], [ -2.733183271999962, 40.783380851000061 ], [ -2.727320499999962, 40.790019999000037 ], [ -2.723237, 40.788471499000025 ], [ -2.727703343999963, 40.775889343000074 ], [ -2.719321839999964, 40.762367882000035 ], [ -2.719372807999946, 40.756060793000074 ], [ -2.732723499999963, 40.743129499000077 ], [ -2.745369499999924, 40.737887999000066 ], [ -2.745725499999935, 40.734500999000034 ], [ -2.750258333999966, 40.72957690700008 ], [ -2.748572614999944, 40.719634386000052 ], [ -2.755533637999974, 40.712608985000031 ], [ -2.766399039999953, 40.70838064700007 ], [ -2.774961623999957, 40.712923336000074 ], [ -2.784338898999977, 40.712610443000074 ], [ -2.79851954999998, 40.704991962000065 ], [ -2.809126532999926, 40.695218430000068 ], [ -2.793213, 40.663768999000069 ], [ -2.807609499999955, 40.660010999000065 ], [ -2.835092920999955, 40.669547381000029 ], [ -2.863629880999952, 40.668912043000034 ], [ -2.876598499999943, 40.636035999000057 ], [ -2.88558949999998, 40.62654849900008 ], [ -2.894201499999951, 40.624088499000038 ], [ -2.899053, 40.621543999000039 ], [ -2.907011499999953, 40.620090499000071 ], [ -2.911378499999955, 40.617706499000064 ], [ -2.913540018999925, 40.622549642000081 ], [ -2.933629935999932, 40.63908338300007 ], [ -2.94459, 40.644710499000041 ], [ -2.937939961999973, 40.676597925000067 ], [ -2.928404720999936, 40.686201677000042 ], [ -2.928331259999936, 40.698153062000074 ], [ -2.930634, 40.700744499000052 ], [ -2.952067424999939, 40.703654121000056 ], [ -2.964182197999946, 40.713009653000029 ], [ -2.968343707999963, 40.721874014000036 ], [ -2.973686499999928, 40.725337999000033 ], [ -2.980138499999953, 40.731071499000052 ], [ -2.98427, 40.739169999000069 ], [ -2.987076, 40.742801499000052 ], [ -2.987775, 40.745349999000041 ], [ -2.984858606999978, 40.752446676000034 ], [ -2.969250268999929, 40.764449504000027 ], [ -2.947925273999942, 40.770980325000039 ], [ -2.924437, 40.789184499000044 ], [ -2.911508542999968, 40.787943496000025 ], [ -2.908579187999976, 40.797744395000052 ], [ -2.89129371699994, 40.808605164000028 ], [ -2.852007, 40.819526499000062 ], [ -2.849161740999932, 40.815493511000057 ], [ -2.835092920999955, 40.813072595000051 ], [ -2.823210231999951, 40.81557736700006 ], [ -2.795688195999958, 40.834510826000042 ], [ -2.792887, 40.844325999000034 ], [ -2.785581988999979, 40.845242674000076 ], [ -2.77833153399996, 40.85734035400003 ], [ -2.769673499999953, 40.86459349900008 ], [ -2.753385499999979, 40.869777999000064 ], [ -2.751089499999978, 40.868007499000043 ] ] ] } },
{ "type": "Feature", "properties": { "code": "19054", "name": "Budia" }, "geometry": { "type": "Polygon", "coordinates": [ [ [ -2.74004, 40.622284499000045 ], [ -2.77111468399994, 40.612802638000062 ], [ -2.790014165999935, 40.613530533000073 ], [ -2.801757499999951, 40.610568999000066 ], [ -2.805232, 40.610889499000052 ], [ -2.796355229999961, 40.635663358000045 ], [ -2.796927338999978, 40.651268003000041 ], [ -2.792003569999963, 40.657672175000073 ], [ -2.793213, 40.663768999000069 ], [ -2.809126532999926, 40.695218430000068 ], [ -2.79851954999998, 40.704991962000065 ], [ -2.784338898999977, 40.712610443000074 ], [ -2.774961623999957, 40.712923336000074 ], [ -2.766399039999953, 40.70838064700007 ], [ -2.755533637999974, 40.712608985000031 ], [ -2.748572614999944, 40.719634386000052 ], [ -2.750258333999966, 40.72957690700008 ], [ -2.745725499999935, 40.734500999000034 ], [ -2.739028395999981, 40.722193487000027 ], [ -2.726890776999937, 40.714302161000035 ], [ -2.725208004999956, 40.705504752000024 ], [ -2.718795843999942, 40.699645077000071 ], [ -2.722485953999978, 40.687988577000056 ], [ -2.711008360999926, 40.66746805300005 ], [ -2.713709499999936, 40.663734499000043 ], [ -2.739542372999949, 40.659537217000036 ], [ -2.740095307999979, 40.651268003000041 ], [ -2.736656370999981, 40.638873583000077 ], [ -2.74004, 40.622284499000045 ] ] ] } },
{ "type": "Feature", "properties": { "code": "19055", "name": "Bujalaro" }, "geometry": { "type": "Polygon", "coordinates": [ [ [ -2.844738, 40.921462999000028 ], [ -2.862127, 40.914397999000073 ], [ -2.869331796999973, 40.917402630000026 ], [ -2.896470563999969, 40.91213820300004 ], [ -2.903795, 40.913733430000036 ], [ -2.905807028999959, 40.917940523000027 ], [ -2.904518034999967, 40.930818673000033 ], [ -2.91065, 40.942065999000079 ], [ -2.892654983999932, 40.954665267000053 ], [ -2.885122499999966, 40.965976499000078 ], [ -2.882819, 40.965217499000062 ], [ -2.878747499999974, 40.96187149900004 ], [ -2.862170499999934, 40.955890499000077 ], [ -2.855373499999928, 40.956573499000058 ], [ -2.850213829999973, 40.940919431000054 ], [ -2.846637845999965, 40.937611438000033 ], [ -2.844738, 40.921462999000028 ] ] ] } },
{ "type": "Feature", "properties": { "code": "19057", "name": "Bustares" }, "geometry": { "type": "Polygon", "coordinates": [ [ [ -3.099899, 41.162696999000048 ], [ -3.065718638999954, 41.163862335000033 ], [ -3.05347205299995, 41.167758916000025 ], [ -3.04366049999993, 41.164623499000072 ], [ -3.046494499999937, 41.15939699900008 ], [ -3.044989499999929, 41.13829449900004 ], [ -3.039465, 41.125170999000034 ], [ -3.044788499999925, 41.121665999000072 ], [ -3.046310499999947, 41.117152999000041 ], [ -3.046202, 41.113784499000076 ], [ -3.049317499999972, 41.108703499000057 ], [ -3.050148, 41.10407249900004 ], [ -3.057106499999975, 41.095016499000053 ], [ -3.069175567999935, 41.104780187000074 ], [ -3.075355314999968, 41.114221643000064 ], [ -3.091102357999944, 41.119268099000067 ], [ -3.10398, 41.113639999000043 ], [ -3.109652328999971, 41.122641505000047 ], [ -3.099899, 41.162696999000048 ] ] ] } },
{ "type": "Feature", "properties": { "code": "19058", "name": "Cabanillas del Campo" }, "geometry": { "type": "Polygon", "coordinates": [ [ [ -3.288672, 40.660577499000055 ], [ -3.277743489999978, 40.65106565800005 ], [ -3.265086818999976, 40.65400782200004 ], [ -3.253526536999971, 40.664917718000027 ], [ -3.242401, 40.665928499000074 ], [ -3.235599135999962, 40.65723235400003 ], [ -3.200144, 40.644695999000078 ], [ -3.20023907999996, 40.637705305000054 ], [ -3.20476324699996, 40.629021210000076 ], [ -3.201915149999934, 40.620388997000077 ], [ -3.21136205199997, 40.607889604000036 ], [ -3.21029008499994, 40.598921816000029 ], [ -3.217023, 40.592167499000027 ], [ -3.220992318999947, 40.595089199000029 ], [ -3.221440280999957, 40.599493579000068 ], [ -3.230500111999959, 40.60373622000003 ], [ -3.239068514999929, 40.612109227000076 ], [ -3.255298499999981, 40.615109499000027 ], [ -3.287619867999979, 40.631783666000047 ], [ -3.293189, 40.63931149900003 ], [ -3.288672, 40.660577499000055 ] ] ] } },
{ "type": "Feature", "properties": { "code": "19059", "name": "Campillo de Dueñas" }, "geometry": { "type": "Polygon", "coordinates": [ [ [ -1.717637, 40.830852499000059 ], [ -1.720029833999945, 40.844760988000075 ], [ -1.729444499999943, 40.850333999000043 ], [ -1.726227346999963, 40.862279121000029 ], [ -1.715166390999968, 40.870304819000069 ], [ -1.70839849999993, 40.900511999000059 ], [ -1.702235, 40.901767499000073 ], [ -1.699938499999973, 40.900794999000027 ], [ -1.682605, 40.899051499000052 ], [ -1.663837, 40.901885999000058 ], [ -1.658057, 40.90111949900006 ], [ -1.647885308999946, 40.896784331000049 ], [ -1.633703964999938, 40.890447152000036 ], [ -1.620291499999951, 40.879493499000034 ], [ -1.60276721799994, 40.859402371000044 ], [ -1.593667, 40.853267499000026 ], [ -1.612198499999977, 40.847556999000062 ], [ -1.626693, 40.844199999000068 ], [ -1.628777499999956, 40.844981999000026 ], [ -1.67571709799995, 40.837771165000049 ], [ -1.682833565999942, 40.840232718000038 ], [ -1.690482948999943, 40.820238363000044 ], [ -1.694357019999927, 40.816536283000062 ], [ -1.717637, 40.830852499000059 ] ] ] } },
{ "type": "Feature", "properties": { "code": "19060", "name": "Campillo de Ranas" }, "geometry": { "type": "Polygon", "coordinates": [ [ [ -3.394300499999929, 41.000234499000044 ], [ -3.396916499999975, 41.004606499000033 ], [ -3.397338499999933, 41.006765999000038 ], [ -3.405682499999955, 41.013333499000055 ], [ -3.407348, 41.015784999000061 ], [ -3.382453518999966, 41.029853944000081 ], [ -3.381345473999943, 41.05080928600006 ], [ -3.362033745999952, 41.058659562000059 ], [ -3.357966651999959, 41.07019931800005 ], [ -3.349092534999954, 41.069076619000043 ], [ -3.352232147999928, 41.07459207200003 ], [ -3.355875499999968, 41.102752499000076 ], [ -3.348950554999931, 41.111577709000073 ], [ -3.333770454999978, 41.118693703000076 ], [ -3.32957158399995, 41.114724645000081 ], [ -3.324067464999928, 41.115007640000044 ], [ -3.317527712999947, 41.121099155000024 ], [ -3.313882916999944, 41.117647246000047 ], [ -3.311203171999978, 41.101423246000024 ], [ -3.302006396999957, 41.096879078000029 ], [ -3.288511144999973, 41.096471572000041 ], [ -3.261906173999932, 41.104666418000079 ], [ -3.255641499999967, 41.103893499000037 ], [ -3.254802, 41.102046999000038 ], [ -3.257880134999937, 41.092439114000058 ], [ -3.26796922699998, 41.080328372000054 ], [ -3.26891339499997, 41.068565291000027 ], [ -3.264554558999976, 41.05997093700006 ], [ -3.265741636999962, 41.054538191000063 ], [ -3.279228974999967, 41.046993309000072 ], [ -3.283715856999947, 41.032926150000037 ], [ -3.298079045999941, 41.026260020000052 ], [ -3.301544068999931, 41.018948452000075 ], [ -3.299686, 41.010181499000055 ], [ -3.317536564999955, 41.01325620800003 ], [ -3.339319345999968, 41.001172474000043 ], [ -3.353882499999941, 41.001895999000055 ], [ -3.375446499999953, 41.000728499000047 ], [ -3.383548, 40.999385999000026 ], [ -3.394300499999929, 41.000234499000044 ] ] ] } },
{ "type": "Feature", "properties": { "code": "19061", "name": "Campisábalos" }, "geometry": { "type": "Polygon", "coordinates": [ [ [ -3.149343499999929, 41.231796499000041 ], [ -3.153015732999961, 41.244396379000079 ], [ -3.173866143999931, 41.245484048000037 ], [ -3.196681467999952, 41.241555601000073 ], [ -3.20258290299995, 41.243851318000054 ], [ -3.208482, 41.250972999000055 ], [ -3.181801806999943, 41.282624877000046 ], [ -3.17862, 41.299815999000032 ], [ -3.157808, 41.293678499000066 ], [ -3.148428499999966, 41.292007499000078 ], [ -3.141312, 41.292197999000052 ], [ -3.130065, 41.288165999000057 ], [ -3.125066, 41.29090099900003 ], [ -3.121242, 41.289481999000031 ], [ -3.108676, 41.287898999000049 ], [ -3.100183499999957, 41.280086499000049 ], [ -3.097843, 41.279945499000064 ], [ -3.09614632499995, 41.263878026000043 ], [ -3.086607529999981, 41.257700190000037 ], [ -3.075306508999972, 41.25626260100006 ], [ -3.07190449999996, 41.244842499000072 ], [ -3.077011499999969, 41.243506999000033 ], [ -3.080999499999962, 41.235793999000066 ], [ -3.090181984999958, 41.238618320000057 ], [ -3.114866499999948, 41.229415999000025 ], [ -3.134693499999969, 41.228156999000078 ], [ -3.143107, 41.229598999000075 ], [ -3.149343499999929, 41.231796499000041 ] ] ] } },
{ "type": "Feature", "properties": { "code": "19064", "name": "Canredondo" }, "geometry": { "type": "Polygon", "coordinates": [ [ [ -2.563631, 40.814998499000069 ], [ -2.555816423999943, 40.81845012000008 ], [ -2.53149844099994, 40.810978473000034 ], [ -2.517528866999953, 40.822485681000046 ], [ -2.507603513999925, 40.843718281000065 ], [ -2.497782499999971, 40.845523999000079 ], [ -2.49442182599995, 40.843082220000042 ], [ -2.472148738999977, 40.840360286000077 ], [ -2.464052806999973, 40.835715848000063 ], [ -2.460423529999957, 40.827800769000078 ], [ -2.46593887399996, 40.819739048000031 ], [ -2.458657245999973, 40.812007893000043 ], [ -2.453137, 40.786990999000068 ], [ -2.465581629999974, 40.783730564000052 ], [ -2.479942821999941, 40.773497424000027 ], [ -2.484872751999944, 40.764896670000041 ], [ -2.482789267999976, 40.75586751600008 ], [ -2.499296480999931, 40.753880730000049 ], [ -2.504906502999972, 40.749498340000059 ], [ -2.51220641599997, 40.750636775000032 ], [ -2.537341868999931, 40.775716584000065 ], [ -2.556527031999963, 40.791001017000042 ], [ -2.571449452999957, 40.798211970000068 ], [ -2.586402009999972, 40.811863574000029 ], [ -2.591944351999928, 40.819594542000061 ], [ -2.592500499999971, 40.833003999000027 ], [ -2.586042212999928, 40.82688326300007 ], [ -2.580153499999938, 40.825610999000048 ], [ -2.567335040999978, 40.814746559000071 ], [ -2.563631, 40.814998499000069 ] ] ] } },
{ "type": "Feature", "properties": { "code": "19065", "name": "Cantalojas" }, "geometry": { "type": "Polygon", "coordinates": [ [ [ -3.401395, 41.213724999000078 ], [ -3.401468631999933, 41.225539032000029 ], [ -3.405598261999955, 41.233421553000028 ], [ -3.399232594999944, 41.242149831000063 ], [ -3.399939008999979, 41.253047313000025 ], [ -3.405125263999935, 41.25887080900003 ], [ -3.410648499999979, 41.259956499000054 ], [ -3.415174, 41.273204999000029 ], [ -3.411470154999961, 41.263881510000033 ], [ -3.397558686999957, 41.257918422000046 ], [ -3.367046558999959, 41.259938093000073 ], [ -3.337856286999966, 41.253081819000045 ], [ -3.323840399999938, 41.261472143000049 ], [ -3.29254737499997, 41.258025282000062 ], [ -3.276376, 41.275182499000039 ], [ -3.273036202999947, 41.260589675000062 ], [ -3.254948512999931, 41.258673139000052 ], [ -3.23912334299996, 41.278328975000079 ], [ -3.237079694999977, 41.289602168000044 ], [ -3.227256491999981, 41.297302419000061 ], [ -3.215724590999969, 41.298802461000037 ], [ -3.207373, 41.304244999000048 ], [ -3.20369, 41.303187999000045 ], [ -3.199775, 41.304439499000068 ], [ -3.192161, 41.302676999000028 ], [ -3.188569499999971, 41.303924499000061 ], [ -3.17862, 41.299815999000032 ], [ -3.181801806999943, 41.282624877000046 ], [ -3.208482, 41.250972999000055 ], [ -3.218663082999967, 41.241266711000037 ], [ -3.230687110999952, 41.183243936000054 ], [ -3.243222443999969, 41.182915786000081 ], [ -3.250661351999952, 41.175063806000026 ], [ -3.271658499999944, 41.172977499000069 ], [ -3.279170499999964, 41.161834999000064 ], [ -3.288782737999952, 41.156196818000069 ], [ -3.291550801999961, 41.150891994000062 ], [ -3.304734736999933, 41.154552815000045 ], [ -3.309808275999956, 41.158330775000024 ], [ -3.311820907999959, 41.166552353000043 ], [ -3.322688960999926, 41.17106099800003 ], [ -3.338571559999934, 41.170637155000065 ], [ -3.354515110999955, 41.182349123000051 ], [ -3.361383571999966, 41.195156024000028 ], [ -3.369221783999933, 41.199306370000045 ], [ -3.378079499999956, 41.199264499000037 ], [ -3.401395, 41.213724999000078 ] ] ] } },
{ "type": "Feature", "properties": { "code": "19066", "name": "Cañizar" }, "geometry": { "type": "Polygon", "coordinates": [ [ [ -3.06454, 40.802787999000032 ], [ -3.062211499999933, 40.798129999000025 ], [ -3.057029499999942, 40.795665499000052 ], [ -3.052402499999971, 40.791568999000049 ], [ -3.05435422599993, 40.781659818000037 ], [ -3.044955129999948, 40.760646852000036 ], [ -3.048717002999979, 40.754933477000066 ], [ -3.068461499999955, 40.749081499000056 ], [ -3.087206981999941, 40.767958495000073 ], [ -3.108997, 40.774574499000039 ], [ -3.094307064999953, 40.77742610100006 ], [ -3.088512499999979, 40.794887499000026 ], [ -3.080081890999963, 40.791385914000045 ], [ -3.069055343999935, 40.793861433000075 ], [ -3.070915499999956, 40.800937499000042 ], [ -3.06454, 40.802787999000032 ] ] ] } },
{ "type": "Feature", "properties": { "code": "19067", "name": "Cardoso de la Sierra, El" }, "geometry": { "type": "Polygon", "coordinates": [ [ [ -3.475154, 41.095266999000046 ], [ -3.488045080999939, 41.094977302000075 ], [ -3.495422617999964, 41.115297104000035 ], [ -3.510100054999953, 41.136379877000024 ], [ -3.526646632999928, 41.139701014000025 ], [ -3.533358200999942, 41.14674360500004 ], [ -3.541098, 41.149666999000033 ], [ -3.537625, 41.155332999000052 ], [ -3.536704499999928, 41.160576499000058 ], [ -3.539722, 41.165040999000041 ], [ -3.527492958999972, 41.165922418000036 ], [ -3.517212499999971, 41.162859999000034 ], [ -3.50648362499993, 41.169419674000039 ], [ -3.499945284999967, 41.177909550000038 ], [ -3.468911595999941, 41.184243103000028 ], [ -3.459165285999973, 41.192418159000056 ], [ -3.453765499999975, 41.202176999000073 ], [ -3.442442373999938, 41.214871998000035 ], [ -3.41781881199995, 41.216001534000043 ], [ -3.40882146499996, 41.212205810000057 ], [ -3.401395, 41.213724999000078 ], [ -3.378079499999956, 41.199264499000037 ], [ -3.374490591999972, 41.192079762000049 ], [ -3.373329918999957, 41.169766754000079 ], [ -3.36602058099993, 41.16593440500003 ], [ -3.363841054999966, 41.157882835000066 ], [ -3.36335834199997, 41.148684006000053 ], [ -3.367137947999936, 41.140868979000061 ], [ -3.365620287999946, 41.129211404000046 ], [ -3.36271475999996, 41.120919277000041 ], [ -3.356323821999979, 41.114385016000028 ], [ -3.355875499999968, 41.102752499000076 ], [ -3.352232147999928, 41.07459207200003 ], [ -3.349092534999954, 41.069076619000043 ], [ -3.357966651999959, 41.07019931800005 ], [ -3.362033745999952, 41.058659562000059 ], [ -3.381345473999943, 41.05080928600006 ], [ -3.382453518999966, 41.029853944000081 ], [ -3.407348, 41.015784999000061 ], [ -3.424144559999945, 41.029797359000042 ], [ -3.430706473999976, 41.040821167000047 ], [ -3.438935, 41.042669499000056 ], [ -3.426762204999932, 41.06637601400007 ], [ -3.425390857999957, 41.073993980000068 ], [ -3.42828874099996, 41.082779300000027 ], [ -3.449732142999949, 41.081478901000025 ], [ -3.475154, 41.095266999000046 ] ] ] } },
{ "type": "Feature", "properties": { "code": "19070", "name": "Casa de Uceda" }, "geometry": { "type": "Polygon", "coordinates": [ [ [ -3.375953, 40.821445499000049 ], [ -3.390066255999955, 40.834481177000043 ], [ -3.397846499999957, 40.849696999000059 ], [ -3.396443096999974, 40.863357176000079 ], [ -3.392535499999951, 40.864379499000052 ], [ -3.383047675999933, 40.870458617000054 ], [ -3.362277499999948, 40.866901499000051 ], [ -3.344026429999928, 40.86799747200007 ], [ -3.332304083999929, 40.858776443000068 ], [ -3.330914664999966, 40.846116710000047 ], [ -3.333763610999938, 40.841222010000081 ], [ -3.35044757199995, 40.83154062400007 ], [ -3.375953, 40.821445499000049 ] ] ] } },
{ "type": "Feature", "properties": { "code": "19071", "name": "Casar, El" }, "geometry": { "type": "Polygon", "coordinates": [ [ [ -3.400508, 40.783203499000081 ], [ -3.397668637999971, 40.75685450900005 ], [ -3.405901892999964, 40.739424886000052 ], [ -3.39352508099995, 40.73760281300008 ], [ -3.386953, 40.728644999000039 ], [ -3.388894193999931, 40.715522718000045 ], [ -3.399749453999959, 40.704465431000074 ], [ -3.399916499999961, 40.691444499000056 ], [ -3.406036081999957, 40.670517553000025 ], [ -3.41518763299996, 40.672519570000077 ], [ -3.419496557999935, 40.67968429900003 ], [ -3.423878880999951, 40.68164820100003 ], [ -3.427485445999935, 40.673218979000069 ], [ -3.440531263999958, 40.674796692000029 ], [ -3.455766427999947, 40.687289626000052 ], [ -3.468549499999938, 40.689935499000057 ], [ -3.463070952999942, 40.694017961000043 ], [ -3.459450834999927, 40.702923768000062 ], [ -3.437419998999928, 40.723414691000073 ], [ -3.435031346999949, 40.731013030000042 ], [ -3.439825, 40.736454499000047 ], [ -3.441882499999963, 40.737727999000072 ], [ -3.448737499999936, 40.732960499000058 ], [ -3.45127, 40.738125999000033 ], [ -3.444551298999954, 40.749548491000041 ], [ -3.443984979999925, 40.758427854000047 ], [ -3.446833499999968, 40.763301499000079 ], [ -3.435874593999927, 40.783807462000027 ], [ -3.425145499999928, 40.790420499000049 ], [ -3.418185394999966, 40.791639585000041 ], [ -3.412172175999956, 40.787430449000055 ], [ -3.402459257999965, 40.786148058000038 ], [ -3.400508, 40.783203499000081 ] ] ] } },
{ "type": "Feature", "properties": { "code": "19073", "name": "Casas de San Galindo" }, "geometry": { "type": "Polygon", "coordinates": [ [ [ -2.949261499999977, 40.845870999000056 ], [ -2.963598, 40.854522499000041 ], [ -2.96286878199993, 40.863005319000081 ], [ -2.965991779999968, 40.867379141000072 ], [ -3.003226499999926, 40.878818499000033 ], [ -2.995322697999939, 40.88096549200003 ], [ -2.98402010999996, 40.890622587000053 ], [ -2.990747, 40.901824999000041 ], [ -2.985323884999957, 40.900810052000054 ], [ -2.986081056999979, 40.895763955000064 ], [ -2.978535311999963, 40.894815412000071 ], [ -2.971419924999964, 40.887424439000029 ], [ -2.952866499999971, 40.879481999000063 ], [ -2.941522499999962, 40.87661349900003 ], [ -2.938468472999944, 40.87033406900008 ], [ -2.942072726999925, 40.858091606000073 ], [ -2.94093855999995, 40.852796987000033 ], [ -2.949261499999977, 40.845870999000056 ] ] ] } },
{ "type": "Feature", "properties": { "code": "19074", "name": "Caspueñas" }, "geometry": { "type": "Polygon", "coordinates": [ [ [ -2.983752, 40.682216999000048 ], [ -3.002532499999973, 40.695506999000031 ], [ -3.005139410999959, 40.70183826300007 ], [ -2.973686499999928, 40.725337999000033 ], [ -2.968343707999963, 40.721874014000036 ], [ -2.964182197999946, 40.713009653000029 ], [ -2.952067424999939, 40.703654121000056 ], [ -2.930634, 40.700744499000052 ], [ -2.932873499999971, 40.698531499000069 ], [ -2.941562499999975, 40.696029499000076 ], [ -2.952258, 40.688728499000035 ], [ -2.960733499999947, 40.685020499000075 ], [ -2.974284, 40.682979499000055 ], [ -2.979160499999978, 40.681106499000066 ], [ -2.983752, 40.682216999000048 ] ] ] } },
{ "type": "Feature", "properties": { "code": "19075", "name": "Castejón de Henares" }, "geometry": { "type": "Polygon", "coordinates": [ [ [ -2.78422, 40.916114999000058 ], [ -2.821049043999949, 40.919899010000051 ], [ -2.825254, 40.923526999000046 ], [ -2.822046499999942, 40.924045499000044 ], [ -2.819916, 40.925609499000075 ], [ -2.818208, 40.929317499000035 ], [ -2.814197, 40.932472499000028 ], [ -2.811916, 40.935973999000055 ], [ -2.794150548999937, 40.949580486000059 ], [ -2.772922499999936, 40.955478499000037 ], [ -2.771394732999966, 40.945548313000074 ], [ -2.755046, 40.924434499000029 ], [ -2.764350685999943, 40.916767138000068 ], [ -2.78422, 40.916114999000058 ] ] ] } },
{ "type": "Feature", "properties": { "code": "19076", "name": "Castellar de la Muela" }, "geometry": { "type": "Polygon", "coordinates": [ [ [ -1.717637, 40.830852499000059 ], [ -1.729761567999958, 40.814882966000027 ], [ -1.730409, 40.809860499000081 ], [ -1.736734431999935, 40.803714210000066 ], [ -1.74867949999998, 40.80097949900005 ], [ -1.762574434999976, 40.804530523000039 ], [ -1.786828499999956, 40.816493999000045 ], [ -1.767905880999933, 40.840234445000078 ], [ -1.757823407999979, 40.842522258000031 ], [ -1.747724482999956, 40.850968269000077 ], [ -1.735008131999962, 40.85279588700007 ], [ -1.720029833999945, 40.844760988000075 ], [ -1.717637, 40.830852499000059 ] ] ] } },
{ "type": "Feature", "properties": { "code": "19078", "name": "Castilforte" }, "geometry": { "type": "Polygon", "coordinates": [ [ [ -2.381395, 40.547679999000025 ], [ -2.380002, 40.54360949900007 ], [ -2.411819499999979, 40.525649999000052 ], [ -2.425075515999936, 40.53962152500003 ], [ -2.43537, 40.534549499000036 ], [ -2.460956060999933, 40.547970331000045 ], [ -2.465235268999947, 40.560500972000057 ], [ -2.483118, 40.576480999000069 ], [ -2.467110127999945, 40.588928263000071 ], [ -2.424536928999942, 40.583534461000056 ], [ -2.41628, 40.588432499000078 ], [ -2.415309874999934, 40.579758942000069 ], [ -2.393664291999926, 40.563365267000052 ], [ -2.381395, 40.547679999000025 ] ] ] } },
{ "type": "Feature", "properties": { "code": "19079", "name": "Castilnuevo" }, "geometry": { "type": "Polygon", "coordinates": [ [ [ -1.901094499999942, 40.773048499000026 ], [ -1.904803252999955, 40.789136446000043 ], [ -1.896209, 40.802531999000053 ], [ -1.87893811899994, 40.813269492000074 ], [ -1.878067328999975, 40.821871289000057 ], [ -1.86949575999995, 40.824861100000078 ], [ -1.862465955999937, 40.823450621000063 ], [ -1.855429128999958, 40.827933113000029 ], [ -1.826849, 40.811736999000061 ], [ -1.831097868999962, 40.803637600000059 ], [ -1.847535165999943, 40.803344980000077 ], [ -1.875053333999972, 40.785105197000064 ], [ -1.886459499999944, 40.77155699900004 ], [ -1.88805, 40.767825999000024 ], [ -1.897026499999924, 40.771144999000057 ], [ -1.900076499999955, 40.77155299900005 ], [ -1.901094499999942, 40.773048499000026 ] ] ] } },
{ "type": "Feature", "properties": { "code": "19080", "name": "Cendejas de Enmedio" }, "geometry": { "type": "Polygon", "coordinates": [ [ [ -2.91518149999996, 40.990764499000079 ], [ -2.909166, 40.991496999000049 ], [ -2.902215, 40.996906499000033 ], [ -2.896990499999959, 40.999721499000032 ], [ -2.895082, 41.002727499000059 ], [ -2.88611549999996, 41.010711499000081 ], [ -2.859465238999974, 41.008289519000073 ], [ -2.842632, 41.012496999000064 ], [ -2.841533499999969, 41.009341999000071 ], [ -2.82929, 41.002830499000027 ], [ -2.838040952999961, 40.997708123000052 ], [ -2.84726646699994, 41.001538168000025 ], [ -2.850977879999959, 40.999753923000071 ], [ -2.862977484999931, 40.978461529000072 ], [ -2.863310268999953, 40.966825130000075 ], [ -2.868025499999931, 40.957942999000068 ], [ -2.878747499999974, 40.96187149900004 ], [ -2.882819, 40.965217499000062 ], [ -2.885122499999966, 40.965976499000078 ], [ -2.88673160999997, 40.973179602000073 ], [ -2.906072919999929, 40.986058808000053 ], [ -2.917589499999963, 40.985801499000047 ], [ -2.91518149999996, 40.990764499000079 ] ] ] } },
{ "type": "Feature", "properties": { "code": "19081", "name": "Cendejas de la Torre" }, "geometry": { "type": "Polygon", "coordinates": [ [ [ -2.855373499999928, 40.956573499000058 ], [ -2.862170499999934, 40.955890499000077 ], [ -2.868025499999931, 40.957942999000068 ], [ -2.863310268999953, 40.966825130000075 ], [ -2.862977484999931, 40.978461529000072 ], [ -2.850977879999959, 40.999753923000071 ], [ -2.84726646699994, 41.001538168000025 ], [ -2.838040952999961, 40.997708123000052 ], [ -2.82929, 41.002830499000027 ], [ -2.827352499999961, 41.002113499000075 ], [ -2.82765924499995, 40.996915229000081 ], [ -2.81280449999997, 40.98732749900006 ], [ -2.822493914999939, 40.978209052000068 ], [ -2.831045499999959, 40.962245999000061 ], [ -2.835092920999955, 40.959695562000036 ], [ -2.840633, 40.959087499000077 ], [ -2.845473499999969, 40.957137999000054 ], [ -2.855373499999928, 40.956573499000058 ] ] ] } },
{ "type": "Feature", "properties": { "code": "19082", "name": "Centenera" }, "geometry": { "type": "Polygon", "coordinates": [ [ [ -3.092585, 40.63870349900003 ], [ -3.077466536999964, 40.661146117000044 ], [ -3.080766124999968, 40.668758885000045 ], [ -3.079055499999924, 40.672216499000058 ], [ -3.075051722999945, 40.670865981000077 ], [ -3.063555176999955, 40.674303128000076 ], [ -3.051702669999941, 40.670993420000059 ], [ -3.048745499999939, 40.667560499000047 ], [ -3.029110800999945, 40.656010681000055 ], [ -3.027485, 40.637881999000058 ], [ -3.03474618499996, 40.633105569000065 ], [ -3.040920877999952, 40.636373096000057 ], [ -3.048254625999959, 40.636060132000068 ], [ -3.06412751199997, 40.630431027000043 ], [ -3.072360274999937, 40.632918773000029 ], [ -3.07392281999995, 40.639601158000062 ], [ -3.092585, 40.63870349900003 ] ] ] } },
{ "type": "Feature", "properties": { "code": "19086", "name": "Cifuentes" }, "geometry": { "type": "MultiPolygon", "coordinates": [ [ [ [ -2.610458499999936, 40.845058499000061 ], [ -2.602625, 40.841651999000078 ], [ -2.592500499999971, 40.833003999000027 ], [ -2.591944351999928, 40.819594542000061 ], [ -2.586402009999972, 40.811863574000029 ], [ -2.571449452999957, 40.798211970000068 ], [ -2.556527031999963, 40.791001017000042 ], [ -2.537341868999931, 40.775716584000065 ], [ -2.51220641599997, 40.750636775000032 ], [ -2.504906502999972, 40.749498340000059 ], [ -2.499296480999931, 40.753880730000049 ], [ -2.482789267999976, 40.75586751600008 ], [ -2.484872751999944, 40.764896670000041 ], [ -2.479942821999941, 40.773497424000027 ], [ -2.465581629999974, 40.783730564000052 ], [ -2.453137, 40.786990999000068 ], [ -2.445218499999953, 40.78558749900003 ], [ -2.439384, 40.783252999000069 ], [ -2.436543, 40.778732499000057 ], [ -2.42948684299995, 40.766541755000048 ], [ -2.42862624299994, 40.758584373000076 ], [ -2.422490719999928, 40.75182122800004 ], [ -2.421193677999952, 40.739764773000047 ], [ -2.412336, 40.731074999000043 ], [ -2.420723925999937, 40.725951542000075 ], [ -2.43288167999998, 40.728941 ], [ -2.441359, 40.721515499000077 ], [ -2.457279654999979, 40.722402865000049 ], [ -2.461142, 40.716189951000047 ], [ -2.459399872999938, 40.710434980000059 ], [ -2.461605499999962, 40.708266999000045 ], [ -2.48236276199998, 40.702308148000043 ], [ -2.488186533999965, 40.707656467000049 ], [ -2.500284445999966, 40.70268640200004 ], [ -2.507143717999952, 40.708181421000063 ], [ -2.526731392999977, 40.715569585000026 ], [ -2.554509836999955, 40.718245616000047 ], [ -2.569326980999961, 40.716037721000077 ], [ -2.592826220999939, 40.735587534000047 ], [ -2.602483732999929, 40.731133243000045 ], [ -2.639324871999975, 40.699625033000075 ], [ -2.639634883999975, 40.67567874100007 ], [ -2.62895051199996, 40.664837569000042 ], [ -2.633756054999935, 40.656522141000039 ], [ -2.648684021999941, 40.66109854900003 ], [ -2.65697406399994, 40.65621058000005 ], [ -2.663163698999938, 40.662229556000057 ], [ -2.668888, 40.655964999000048 ], [ -2.68116953699996, 40.654582444000027 ], [ -2.682304551999948, 40.651826163000067 ], [ -2.677093, 40.646637499000065 ], [ -2.682988, 40.648147499000061 ], [ -2.693805, 40.649196499000027 ], [ -2.710008499999958, 40.654967999000064 ], [ -2.71264, 40.656658499000059 ], [ -2.714303499999971, 40.660465499000054 ], [ -2.713709499999936, 40.663734499000043 ], [ -2.711008360999926, 40.66746805300005 ], [ -2.722485953999978, 40.687988577000056 ], [ -2.720734499999935, 40.692488999000034 ], [ -2.710294002999944, 40.692329815000051 ], [ -2.663350827999977, 40.702959005000025 ], [ -2.662498292999942, 40.711364499000069 ], [ -2.665062, 40.715537999000048 ], [ -2.65537567399997, 40.725219774000038 ], [ -2.650248884999939, 40.739335357000073 ], [ -2.663483933999942, 40.750860824000029 ], [ -2.678656807999971, 40.78209319900003 ], [ -2.683620236999957, 40.78582921800006 ], [ -2.682284453999955, 40.790353607000043 ], [ -2.684776499999941, 40.792766499000038 ], [ -2.682859, 40.792750999000077 ], [ -2.681450499999926, 40.80188399900004 ], [ -2.681879, 40.804362999000034 ], [ -2.68020649999994, 40.81175199900008 ], [ -2.680456499999934, 40.824004999000067 ], [ -2.67527, 40.826793499000075 ], [ -2.677285499999925, 40.832256499000039 ], [ -2.652538494999931, 40.831069614000057 ], [ -2.646473474999937, 40.834633180000026 ], [ -2.640415, 40.83150899900005 ], [ -2.634419435999973, 40.825879884000074 ], [ -2.627360472999953, 40.825122349000026 ], [ -2.623568035999938, 40.830554953000046 ], [ -2.624067817999958, 40.83708765800003 ], [ -2.617316088999928, 40.840931386000079 ], [ -2.610919019999926, 40.84071470300006 ], [ -2.610458499999936, 40.845058499000061 ] ] ], [ [ [ -2.580153499999938, 40.825610999000048 ], [ -2.575860090999925, 40.828121642000042 ], [ -2.569836133999956, 40.82694271500003 ], [ -2.563631, 40.814998499000069 ], [ -2.567335040999978, 40.814746559000071 ], [ -2.580153499999938, 40.825610999000048 ] ] ] ] } },
{ "type": "Feature", "properties": { "code": "19087", "name": "Cincovillas" }, "geometry": { "type": "Polygon", "coordinates": [ [ [ -2.822678499999938, 41.165862999000069 ], [ -2.832992081999976, 41.179468730000053 ], [ -2.835092920999955, 41.193796706000057 ], [ -2.840550335999978, 41.205827586000055 ], [ -2.839366968999968, 41.215973156000075 ], [ -2.835092920999955, 41.218352823000032 ], [ -2.806389499999966, 41.224784999000065 ], [ -2.80321, 41.218723499000077 ], [ -2.798679, 41.206115499000077 ], [ -2.798296499999935, 41.201881499000081 ], [ -2.79243, 41.190719499000068 ], [ -2.791361, 41.185573499000043 ], [ -2.812117284999943, 41.180146281000077 ], [ -2.822678499999938, 41.165862999000069 ] ] ] } },
{ "type": "Feature", "properties": { "code": "19088", "name": "Ciruelas" }, "geometry": { "type": "Polygon", "coordinates": [ [ [ -3.080409499999973, 40.719847999000081 ], [ -3.086875, 40.723218999000039 ], [ -3.117357029999937, 40.734602966000068 ], [ -3.132437, 40.743907999000044 ], [ -3.140319000999966, 40.754980365000051 ], [ -3.133060499999942, 40.771793499000069 ], [ -3.108997, 40.774574499000039 ], [ -3.087206981999941, 40.767958495000073 ], [ -3.068461499999955, 40.749081499000056 ], [ -3.074556343999973, 40.741510995000056 ], [ -3.079897811999956, 40.742130161000034 ], [ -3.077605158999972, 40.737301638000076 ], [ -3.080409499999973, 40.719847999000081 ] ] ] } },
{ "type": "Feature", "properties": { "code": "19089", "name": "Ciruelos del Pinar" }, "geometry": { "type": "Polygon", "coordinates": [ [ [ -2.230161499999952, 41.032226499000046 ], [ -2.22119214199995, 41.029662053000038 ], [ -2.212159253999971, 41.022245066000039 ], [ -2.195456499999977, 41.020854999000051 ], [ -2.202043833999937, 41.002185819000033 ], [ -2.198326019999968, 40.987861151000061 ], [ -2.207340109999961, 40.978812851000043 ], [ -2.22634276499997, 40.977532590000067 ], [ -2.239156, 40.992774999000062 ], [ -2.238145, 40.999137999000027 ], [ -2.238917, 41.023006499000076 ], [ -2.236835499999927, 41.02496349900008 ], [ -2.235806, 41.027587999000048 ], [ -2.230161499999952, 41.032226499000046 ] ] ] } },
{ "type": "Feature", "properties": { "code": "19090", "name": "Cobeta" }, "geometry": { "type": "Polygon", "coordinates": [ [ [ -2.157128499999942, 40.922336499000039 ], [ -2.135237674999928, 40.914479826000047 ], [ -2.117212466999945, 40.889602829000069 ], [ -2.107143441999938, 40.885195234000037 ], [ -2.10537549999998, 40.886649999000042 ], [ -2.100512, 40.879371499000058 ], [ -2.095764499999973, 40.874099499000067 ], [ -2.09247, 40.868579999000076 ], [ -2.087641, 40.863315499000066 ], [ -2.08704849999998, 40.860709999000051 ], [ -2.08797949999996, 40.858527999000046 ], [ -2.098447427999929, 40.857140877000063 ], [ -2.109091134999971, 40.850605948000066 ], [ -2.124113499999964, 40.830303499000024 ], [ -2.126707, 40.831485499000053 ], [ -2.135169499999961, 40.833026999000026 ], [ -2.153636499999948, 40.842246999000054 ], [ -2.163787499999955, 40.846156499000074 ], [ -2.160053741999945, 40.860639216000038 ], [ -2.172018593999951, 40.882695643000034 ], [ -2.183074499999975, 40.895507999000074 ], [ -2.167081499999938, 40.913695999000026 ], [ -2.161606, 40.917587499000035 ], [ -2.157128499999942, 40.922336499000039 ] ] ] } },
{ "type": "Feature", "properties": { "code": "19091", "name": "Cogollor" }, "geometry": { "type": "Polygon", "coordinates": [ [ [ -2.752721, 40.831382999000027 ], [ -2.751089499999978, 40.868007499000043 ], [ -2.73392008999997, 40.850833432000059 ], [ -2.715457499999957, 40.847472999000047 ], [ -2.725654499999962, 40.825877999000056 ], [ -2.739320911999926, 40.826255839000055 ], [ -2.752721, 40.831382999000027 ] ] ] } },
{ "type": "Feature", "properties": { "code": "19092", "name": "Cogolludo" }, "geometry": { "type": "Polygon", "coordinates": [ [ [ -3.168775081999968, 40.883003629000029 ], [ -3.18234, 40.879222999000035 ], [ -3.183029546999933, 40.897618082000065 ], [ -3.189630844999954, 40.901230512000041 ], [ -3.210301367999932, 40.90414886700006 ], [ -3.222290499999929, 40.917747499000029 ], [ -3.214103233999936, 40.929064571000026 ], [ -3.215308499999935, 40.943923999000049 ], [ -3.185071655999934, 40.953421364000064 ], [ -3.187461472999928, 40.960362520000047 ], [ -3.184705590999954, 40.967760774000055 ], [ -3.185809, 40.973911499000053 ], [ -3.150755173999926, 40.962314475000028 ], [ -3.140252240999928, 40.948459409000066 ], [ -3.129944032999958, 40.946775698000067 ], [ -3.118205064999927, 40.948538881000047 ], [ -3.097859557999925, 40.959623702000044 ], [ -3.097837499999969, 40.970477999000025 ], [ -3.080069743999957, 40.969228996000027 ], [ -3.073452906999933, 40.973011418000056 ], [ -3.082791948999954, 40.979804699000056 ], [ -3.101356, 41.018921499000044 ], [ -3.095492499999978, 41.017711499000029 ], [ -3.086232499999937, 41.012241499000027 ], [ -3.07391, 41.010203999000055 ], [ -3.062546499999939, 41.003932999000028 ], [ -3.056738499999938, 40.997771999000065 ], [ -3.055092940999941, 40.980260632000068 ], [ -3.044307, 40.957370499000035 ], [ -3.033263284999975, 40.943405979000033 ], [ -3.034489551999968, 40.922225814000058 ], [ -3.059758931999966, 40.921085257000072 ], [ -3.074537, 40.911430499000062 ], [ -3.073446898999975, 40.918621177000034 ], [ -3.097506829999929, 40.933221382000056 ], [ -3.113312015999952, 40.932139574000075 ], [ -3.119269499999973, 40.926196999000069 ], [ -3.126259545999972, 40.92270196100003 ], [ -3.13610467999996, 40.911086921000049 ], [ -3.137489118999952, 40.895196086000055 ], [ -3.132742499999949, 40.885833499000057 ], [ -3.168775081999968, 40.883003629000029 ] ] ] } },
{ "type": "Feature", "properties": { "code": "19095", "name": "Condemios de Abajo" }, "geometry": { "type": "Polygon", "coordinates": [ [ [ -3.084349499999973, 41.196616999000071 ], [ -3.095438, 41.194968499000026 ], [ -3.106538, 41.191776499000071 ], [ -3.108311, 41.190444999000078 ], [ -3.10937, 41.188377499000069 ], [ -3.11144349999995, 41.187549499000056 ], [ -3.118837499999927, 41.188152499000068 ], [ -3.117756499999928, 41.190810999000064 ], [ -3.116928499999972, 41.201621999000054 ], [ -3.117323499999941, 41.209350499000038 ], [ -3.115083499999969, 41.217731499000081 ], [ -3.114866499999948, 41.229415999000025 ], [ -3.090181984999958, 41.238618320000057 ], [ -3.080999499999962, 41.235793999000066 ], [ -3.085648499999934, 41.223186499000064 ], [ -3.088151, 41.204402999000081 ], [ -3.087034499999959, 41.198055999000076 ], [ -3.084349499999973, 41.196616999000071 ] ] ] } },
{ "type": "Feature", "properties": { "code": "19096", "name": "Condemios de Arriba" }, "geometry": { "type": "Polygon", "coordinates": [ [ [ -3.162357, 41.181796999000028 ], [ -3.160572145999936, 41.197162164000076 ], [ -3.149343499999929, 41.231796499000041 ], [ -3.143107, 41.229598999000075 ], [ -3.134693499999969, 41.228156999000078 ], [ -3.114866499999948, 41.229415999000025 ], [ -3.115083499999969, 41.217731499000081 ], [ -3.117323499999941, 41.209350499000038 ], [ -3.116928499999972, 41.201621999000054 ], [ -3.117756499999928, 41.190810999000064 ], [ -3.118837499999927, 41.188152499000068 ], [ -3.11144349999995, 41.187549499000056 ], [ -3.10937, 41.188377499000069 ], [ -3.108311, 41.190444999000078 ], [ -3.106538, 41.191776499000071 ], [ -3.095438, 41.194968499000026 ], [ -3.081393, 41.197265499000025 ], [ -3.075347, 41.197685499000045 ], [ -3.069655499999953, 41.195895999000072 ], [ -3.047357, 41.198672999000053 ], [ -3.051312138999947, 41.189331339000034 ], [ -3.048891112999968, 41.185189260000072 ], [ -3.040933849999931, 41.18313415700004 ], [ -3.044801866999933, 41.172702866000066 ], [ -3.04366049999993, 41.164623499000072 ], [ -3.05347205299995, 41.167758916000025 ], [ -3.065718638999954, 41.163862335000033 ], [ -3.099899, 41.162696999000048 ], [ -3.105424, 41.166881499000056 ], [ -3.112533499999927, 41.170214999000052 ], [ -3.114344, 41.169051999000033 ], [ -3.124142499999948, 41.16880799900008 ], [ -3.131799, 41.164321999000038 ], [ -3.135519, 41.164607999000054 ], [ -3.137849499999959, 41.168277499000055 ], [ -3.146297, 41.171062499000072 ], [ -3.15234049999998, 41.170902499000078 ], [ -3.158761499999969, 41.169223499000054 ], [ -3.16252, 41.175266499000031 ], [ -3.162357, 41.181796999000028 ] ] ] } },
{ "type": "Feature", "properties": { "code": "19097", "name": "Congostrina" }, "geometry": { "type": "Polygon", "coordinates": [ [ [ -2.96887049999998, 41.02107649900006 ], [ -2.987192192999942, 41.016215985000031 ], [ -2.997058084999935, 41.020117742000025 ], [ -2.998441212999978, 41.026151330000062 ], [ -3.013181695999947, 41.039523621000058 ], [ -3.008495, 41.050384499000074 ], [ -2.980104707999942, 41.074672649000036 ], [ -2.962217504999956, 41.078022910000072 ], [ -2.955983, 41.082354999000074 ], [ -2.944302499999935, 41.071376999000051 ], [ -2.949766499999953, 41.069236499000056 ], [ -2.953971499999966, 41.06408699900004 ], [ -2.95495, 41.061691499000062 ], [ -2.952538, 41.05630099900003 ], [ -2.952814499999931, 41.050986999000031 ], [ -2.950973499999975, 41.046771999000043 ], [ -2.94862, 41.044986499000061 ], [ -2.947563499999944, 41.039813999000046 ], [ -2.94994481699996, 41.029658583000071 ], [ -2.962165237999955, 41.027046615000074 ], [ -2.96887049999998, 41.02107649900006 ] ] ] } },
{ "type": "Feature", "properties": { "code": "19098", "name": "Copernal" }, "geometry": { "type": "Polygon", "coordinates": [ [ [ -3.040160499999956, 40.892394499000034 ], [ -3.042493524999941, 40.88122482700004 ], [ -3.036090778999949, 40.871524183000076 ], [ -3.029464809999979, 40.867965050000066 ], [ -3.030016711999963, 40.85977033100005 ], [ -3.040972988999954, 40.853485632000059 ], [ -3.056233665999969, 40.858409289000065 ], [ -3.069533499999977, 40.852401999000051 ], [ -3.07186769499998, 40.87832998500005 ], [ -3.065968974999976, 40.883914423000078 ], [ -3.052539654999975, 40.885595045000059 ], [ -3.040160499999956, 40.892394499000034 ] ] ] } },
{ "type": "Feature", "properties": { "code": "19099", "name": "Corduente" }, "geometry": { "type": "Polygon", "coordinates": [ [ [ -1.960040499999934, 40.931228999000041 ], [ -1.967239417999963, 40.903997183000058 ], [ -1.97975317099997, 40.89335002200005 ], [ -1.984884935999958, 40.88487735700005 ], [ -1.974253, 40.865470999000024 ], [ -1.948927392999963, 40.848004072000037 ], [ -1.937611103999927, 40.844987830000036 ], [ -1.932625236999968, 40.838056287000029 ], [ -1.927441620999957, 40.842858593000074 ], [ -1.927382499999965, 40.852855499000043 ], [ -1.915343668999981, 40.850603775000025 ], [ -1.910141182999951, 40.846217350000074 ], [ -1.906635821999942, 40.830175604000033 ], [ -1.894087966999962, 40.809688593000033 ], [ -1.896209, 40.802531999000053 ], [ -1.904803252999955, 40.789136446000043 ], [ -1.901094499999942, 40.773048499000026 ], [ -1.92430584799996, 40.78224070400006 ], [ -1.940413, 40.775172499000064 ], [ -1.939845200999969, 40.782081729000026 ], [ -1.94409912499998, 40.787493143000063 ], [ -1.977659049999943, 40.805903535000027 ], [ -1.988307449999979, 40.808469133000074 ], [ -1.993156534999969, 40.798263461000033 ], [ -2.002787428999966, 40.795866371000045 ], [ -2.008318869999925, 40.786699436000049 ], [ -2.025500516999955, 40.78604622000006 ], [ -2.029429033999975, 40.783132758000079 ], [ -2.039567847999933, 40.770077736000076 ], [ -2.037942, 40.751231999000026 ], [ -2.050955559999977, 40.752964058000032 ], [ -2.066445879999947, 40.739048585000035 ], [ -2.079639499999928, 40.735824499000046 ], [ -2.08118750999995, 40.739793583000051 ], [ -2.087191510999958, 40.741610269000034 ], [ -2.085660863999976, 40.748351822000075 ], [ -2.088919030999932, 40.752844167000035 ], [ -2.101476264999974, 40.756182945000035 ], [ -2.101001464999968, 40.760522405000074 ], [ -2.10931375399997, 40.76986052400008 ], [ -2.111901203999935, 40.780385534000061 ], [ -2.14948730499998, 40.783192813000028 ], [ -2.155708850999929, 40.787738723000075 ], [ -2.153232225999943, 40.797169599000028 ], [ -2.141242789999978, 40.804040476000068 ], [ -2.137688158999936, 40.815780914000072 ], [ -2.118914849999953, 40.823852334000037 ], [ -2.124113499999964, 40.830303499000024 ], [ -2.109091134999971, 40.850605948000066 ], [ -2.098447427999929, 40.857140877000063 ], [ -2.08797949999996, 40.858527999000046 ], [ -2.069289995999952, 40.850031982000075 ], [ -2.044899594999947, 40.849211128000036 ], [ -2.01006472399996, 40.86860703800005 ], [ -2.002421018999939, 40.879373782000073 ], [ -2.006595009999955, 40.892185209000047 ], [ -2.007819506999965, 40.911266283000032 ], [ -2.02742255499993, 40.90860441600006 ], [ -2.075863227999946, 40.914080959000046 ], [ -2.085452237999959, 40.910964714000045 ], [ -2.090290499999981, 40.915072999000074 ], [ -2.081285, 40.927295499000024 ], [ -2.072629499999948, 40.944965499000034 ], [ -2.0631, 40.961867999000049 ], [ -2.017075499999976, 40.963428499000031 ], [ -2.001821, 40.961550999000053 ], [ -1.996614, 40.956279499000061 ], [ -1.997782, 40.951301499000067 ], [ -1.982775499999946, 40.948196499000062 ], [ -1.967453, 40.951068999000029 ], [ -1.961654, 40.949584999000081 ], [ -1.963720499999965, 40.935180499000069 ], [ -1.960040499999934, 40.931228999000041 ] ] ] } },
{ "type": "Feature", "properties": { "code": "19102", "name": "Cubillo de Uceda, El" }, "geometry": { "type": "Polygon", "coordinates": [ [ [ -3.400508, 40.783203499000081 ], [ -3.402459257999965, 40.786148058000038 ], [ -3.412172175999956, 40.787430449000055 ], [ -3.418185394999966, 40.791639585000041 ], [ -3.425145499999928, 40.790420499000049 ], [ -3.425236684999959, 40.794761725000058 ], [ -3.43049986799997, 40.796579294000026 ], [ -3.453672137999945, 40.792519123000034 ], [ -3.451675012999942, 40.813851266000029 ], [ -3.431302690999928, 40.830271867000079 ], [ -3.426370879999979, 40.839717471000029 ], [ -3.397846499999957, 40.849696999000059 ], [ -3.390066255999955, 40.834481177000043 ], [ -3.370412852999948, 40.817102218000059 ], [ -3.371255, 40.810596499000042 ], [ -3.376065, 40.794807499000058 ], [ -3.379552622999938, 40.790815724000026 ], [ -3.390814776999946, 40.791302684000073 ], [ -3.39517544399996, 40.785141667000062 ], [ -3.400508, 40.783203499000081 ] ] ] } },
{ "type": "Feature", "properties": { "code": "19103", "name": "Checa" }, "geometry": { "type": "Polygon", "coordinates": [ [ [ -1.804056, 40.615501499000061 ], [ -1.796128499999952, 40.627128499000037 ], [ -1.762271855999927, 40.614296936000073 ], [ -1.751593598999932, 40.594081427000049 ], [ -1.745877499999949, 40.589156999000068 ], [ -1.745520069999941, 40.580395235000026 ], [ -1.76039596399994, 40.570661288000053 ], [ -1.759195748999957, 40.561078043000066 ], [ -1.784133253999926, 40.524697066000044 ], [ -1.778850600999931, 40.516207480000048 ], [ -1.736284245999968, 40.502035384000067 ], [ -1.761407119999944, 40.46714288700008 ], [ -1.763085031999935, 40.460457818000066 ], [ -1.758190499999955, 40.451060999000049 ], [ -1.77721237399993, 40.429148983000061 ], [ -1.785409874999971, 40.414460541000039 ], [ -1.793635113999926, 40.41718254500006 ], [ -1.800117732999979, 40.413898800000027 ], [ -1.805664, 40.397994999000048 ], [ -1.819148961999929, 40.406638288000067 ], [ -1.83691788699997, 40.425173380000047 ], [ -1.84571191699996, 40.418333374000042 ], [ -1.856165172999965, 40.426097042000038 ], [ -1.857872126999951, 40.436749107000026 ], [ -1.865464102999965, 40.450946343000055 ], [ -1.861929849999967, 40.461252282000032 ], [ -1.873355745999959, 40.470885195000051 ], [ -1.880317498999943, 40.487203855000075 ], [ -1.879851310999925, 40.491769428000055 ], [ -1.888731, 40.505757999000025 ], [ -1.882188653999947, 40.517737538000063 ], [ -1.889061499999968, 40.529517999000063 ], [ -1.876959825999961, 40.532891624000058 ], [ -1.862234629999932, 40.527943802000038 ], [ -1.852232701999981, 40.52786201300006 ], [ -1.853090939999959, 40.542861425000069 ], [ -1.84767659399995, 40.557324209000058 ], [ -1.847353016999932, 40.577868440000032 ], [ -1.843866, 40.582244999000068 ], [ -1.830474303999949, 40.580370572000049 ], [ -1.82158465699996, 40.587088403000052 ], [ -1.804056, 40.615501499000061 ] ] ] } },
{ "type": "Feature", "properties": { "code": "19104", "name": "Chequilla" }, "geometry": { "type": "Polygon", "coordinates": [ [ [ -1.843866, 40.582244999000068 ], [ -1.846613, 40.584011499000042 ], [ -1.849233, 40.587676999000053 ], [ -1.856554, 40.592116999000041 ], [ -1.858278, 40.598464999000043 ], [ -1.848173653999936, 40.616940603000046 ], [ -1.82880849999998, 40.625816499000052 ], [ -1.819317, 40.624359499000036 ], [ -1.816041, 40.623027999000044 ], [ -1.804056, 40.615501499000061 ], [ -1.82158465699996, 40.587088403000052 ], [ -1.830474303999949, 40.580370572000049 ], [ -1.843866, 40.582244999000068 ] ] ] } },
{ "type": "Feature", "properties": { "code": "19105", "name": "Chiloeches" }, "geometry": { "type": "Polygon", "coordinates": [ [ [ -3.168775081999968, 40.550723954000034 ], [ -3.189840295999943, 40.550603442000067 ], [ -3.201485177999928, 40.541426702000081 ], [ -3.203676709999968, 40.532431170000052 ], [ -3.215506370999947, 40.529945044000044 ], [ -3.200722499999927, 40.516694999000038 ], [ -3.199955, 40.514448499000025 ], [ -3.22235375899993, 40.526103315000057 ], [ -3.24214634599997, 40.553786943000034 ], [ -3.236065433999954, 40.557086690000062 ], [ -3.230202879999979, 40.567716476000044 ], [ -3.230156868999927, 40.579913303000069 ], [ -3.21029008499994, 40.598921816000029 ], [ -3.210965, 40.604880999000045 ], [ -3.207544930999973, 40.609509123000066 ], [ -3.196379752999974, 40.61203278000005 ], [ -3.161904667999977, 40.592747169000063 ], [ -3.15089040099997, 40.595987562000062 ], [ -3.141986925999959, 40.585424284000055 ], [ -3.14932737099997, 40.568208514000048 ], [ -3.163403707999976, 40.550754683000036 ], [ -3.168775081999968, 40.550723954000034 ] ] ] } },
{ "type": "Feature", "properties": { "code": "19106", "name": "Chillarón del Rey" }, "geometry": { "type": "Polygon", "coordinates": [ [ [ -2.661309, 40.60269099900006 ], [ -2.669698435999976, 40.59443411400008 ], [ -2.682935651999969, 40.588301968000053 ], [ -2.682746129999941, 40.581767949000039 ], [ -2.689255174999971, 40.575204232000033 ], [ -2.706587537999951, 40.570816887000035 ], [ -2.72923, 40.570186499000044 ], [ -2.730473755999981, 40.583106446000045 ], [ -2.717421, 40.602836499000034 ], [ -2.709789956999941, 40.606077009000046 ], [ -2.696794, 40.619975999000076 ], [ -2.686166272999969, 40.608911441000032 ], [ -2.661309, 40.60269099900006 ] ] ] } },
{ "type": "Feature", "properties": { "code": "19107", "name": "Driebes" }, "geometry": { "type": "Polygon", "coordinates": [ [ [ -3.083619499999941, 40.291362499000059 ], [ -3.043275800999936, 40.260964958000045 ], [ -3.029499573999942, 40.254298451000068 ], [ -3.016658987999961, 40.239555571000039 ], [ -2.999684, 40.231880499000056 ], [ -3.003304401999969, 40.226241590000029 ], [ -2.996102895999968, 40.217668505000063 ], [ -2.998191499999962, 40.209113999000067 ], [ -3.00550616299995, 40.208125171000063 ], [ -3.00935458999993, 40.199485211000081 ], [ -3.019775, 40.193210499000031 ], [ -3.029569357999947, 40.197434145000045 ], [ -3.034626, 40.195998999000039 ], [ -3.052203612999961, 40.211586300000079 ], [ -3.063368904999948, 40.23674214600004 ], [ -3.076183481999976, 40.254572701000029 ], [ -3.08411621099998, 40.259505209000054 ], [ -3.084423133999962, 40.265060336000033 ], [ -3.095073794999962, 40.281432084000073 ], [ -3.091662499999927, 40.287669999000059 ], [ -3.083619499999941, 40.291362499000059 ] ] ] } },
{ "type": "Feature", "properties": { "code": "19108", "name": "Durón" }, "geometry": { "type": "Polygon", "coordinates": [ [ [ -2.717421, 40.602836499000034 ], [ -2.724051, 40.599994999000046 ], [ -2.73338730699993, 40.607865554000057 ], [ -2.74004, 40.622284499000045 ], [ -2.736656370999981, 40.638873583000077 ], [ -2.740095307999979, 40.651268003000041 ], [ -2.739542372999949, 40.659537217000036 ], [ -2.713709499999936, 40.663734499000043 ], [ -2.714303499999971, 40.660465499000054 ], [ -2.71264, 40.656658499000059 ], [ -2.710008499999958, 40.654967999000064 ], [ -2.693805, 40.649196499000027 ], [ -2.682988, 40.648147499000061 ], [ -2.677093, 40.646637499000065 ], [ -2.67900685799998, 40.640715460000081 ], [ -2.686102828999935, 40.643704034000052 ], [ -2.688719843999934, 40.640653042000054 ], [ -2.687218092999956, 40.637657682000054 ], [ -2.679275526999959, 40.63583662700006 ], [ -2.679832045999945, 40.631124343000067 ], [ -2.690281607999964, 40.628077055000063 ], [ -2.696794, 40.619975999000076 ], [ -2.709789956999941, 40.606077009000046 ], [ -2.717421, 40.602836499000034 ] ] ] } },
{ "type": "Feature", "properties": { "code": "19109", "name": "Embid" }, "geometry": { "type": "Polygon", "coordinates": [ [ [ -1.71705, 40.932056499000055 ], [ -1.737701499999957, 40.942210999000054 ], [ -1.739865, 40.945281999000031 ], [ -1.743058, 40.947917999000026 ], [ -1.741613, 40.949542999000073 ], [ -1.742992499999957, 40.953864999000075 ], [ -1.74247, 40.957038999000076 ], [ -1.74448, 40.96252849900003 ], [ -1.74208, 40.97126399900003 ], [ -1.741986499999939, 40.976211499000044 ], [ -1.748573499999964, 40.98299399900003 ], [ -1.753010499999959, 40.985366999000064 ], [ -1.751058, 40.989261499000065 ], [ -1.73784, 41.002288999000029 ], [ -1.714759, 41.012084499000025 ], [ -1.700062499999945, 41.002334499000028 ], [ -1.691835499999968, 40.995639999000048 ], [ -1.679204, 40.989333999000053 ], [ -1.674769499999968, 40.984039499000062 ], [ -1.666399, 40.981738999000072 ], [ -1.660999499999946, 40.978332499000032 ], [ -1.678681798999946, 40.96842201100003 ], [ -1.71705, 40.932056499000055 ] ] ] } },
{ "type": "Feature", "properties": { "code": "19110", "name": "Escamilla" }, "geometry": { "type": "Polygon", "coordinates": [ [ [ -2.521688499999925, 40.570640499000035 ], [ -2.525392740999962, 40.562074695000035 ], [ -2.527238499999953, 40.544295999000042 ], [ -2.537175696999952, 40.53554648800008 ], [ -2.546268, 40.518977999000072 ], [ -2.553208981999944, 40.516752933000078 ], [ -2.566874608999967, 40.524309042000027 ], [ -2.588901331999978, 40.523230116000036 ], [ -2.601854883999977, 40.52863052500004 ], [ -2.607724499999961, 40.535346999000069 ], [ -2.600537219999978, 40.540041343000041 ], [ -2.596087003999969, 40.559449650000033 ], [ -2.601026068999943, 40.570630623000056 ], [ -2.586734948999947, 40.59257271000007 ], [ -2.578346, 40.599437999000031 ], [ -2.551447449999955, 40.574438445000055 ], [ -2.54264451399996, 40.570919167000056 ], [ -2.53080125799994, 40.572980867000069 ], [ -2.521688499999925, 40.570640499000035 ] ] ] } },
{ "type": "Feature", "properties": { "code": "19111", "name": "Escariche" }, "geometry": { "type": "Polygon", "coordinates": [ [ [ -3.038136499999951, 40.423324499000046 ], [ -3.027393076999942, 40.407600722000041 ], [ -3.027896020999947, 40.394910664000065 ], [ -3.024271499999941, 40.383563999000046 ], [ -3.024364, 40.380309999000076 ], [ -3.030837, 40.365020499000025 ], [ -3.040762924999967, 40.365644405000069 ], [ -3.052938612999981, 40.37612861100007 ], [ -3.077267352999968, 40.38689095400008 ], [ -3.091473554999936, 40.400820094000039 ], [ -3.130407, 40.405153999000049 ], [ -3.125763672999938, 40.409686620000059 ], [ -3.112047361999942, 40.408233544000041 ], [ -3.093974652999975, 40.416659211000081 ], [ -3.085350643999959, 40.430412802000035 ], [ -3.079524, 40.431880999000043 ], [ -3.074307252999972, 40.425891193000041 ], [ -3.038136499999951, 40.423324499000046 ] ] ] } },
{ "type": "Feature", "properties": { "code": "19112", "name": "Escopete" }, "geometry": { "type": "Polygon", "coordinates": [ [ [ -2.974026499999979, 40.433166499000038 ], [ -2.967387358999929, 40.425501022000049 ], [ -2.977269571999955, 40.41728833600007 ], [ -2.981279332999975, 40.402156031000061 ], [ -2.985021951999954, 40.400145966000025 ], [ -2.996596200999932, 40.404864044000078 ], [ -3.004571595999948, 40.403580452000028 ], [ -3.007887295999979, 40.394999945000052 ], [ -3.024271499999941, 40.383563999000046 ], [ -3.027896020999947, 40.394910664000065 ], [ -3.027393076999942, 40.407600722000041 ], [ -3.038136499999951, 40.423324499000046 ], [ -3.013738530999944, 40.433523532000038 ], [ -2.989187499999957, 40.437999499000057 ], [ -2.977953499999956, 40.432880499000078 ], [ -2.974026499999979, 40.433166499000038 ] ] ] } },
{ "type": "Feature", "properties": { "code": "19113", "name": "Espinosa de Henares" }, "geometry": { "type": "Polygon", "coordinates": [ [ [ -3.085975499999961, 40.905776999000068 ], [ -3.074537, 40.911430499000062 ], [ -3.059758931999966, 40.921085257000072 ], [ -3.034489551999968, 40.922225814000058 ], [ -3.033579499999973, 40.933665999000027 ], [ -3.005066236999937, 40.924715160000062 ], [ -2.988991450999947, 40.909638202000053 ], [ -2.990747, 40.901824999000041 ], [ -2.98402010999996, 40.890622587000053 ], [ -2.995322697999939, 40.88096549200003 ], [ -3.003226499999926, 40.878818499000033 ], [ -3.006692012999963, 40.883317197000054 ], [ -3.007023750999963, 40.88999485800008 ], [ -3.014587632999962, 40.893125256000076 ], [ -3.029154337999955, 40.894953915000031 ], [ -3.040160499999956, 40.892394499000034 ], [ -3.052539654999975, 40.885595045000059 ], [ -3.065968974999976, 40.883914423000078 ], [ -3.07186769499998, 40.87832998500005 ], [ -3.069533499999977, 40.852401999000051 ], [ -3.073928653999928, 40.851690900000051 ], [ -3.077597499999968, 40.848964999000032 ], [ -3.089155431999927, 40.86190845200008 ], [ -3.090269576999958, 40.872516573000041 ], [ -3.099768032999975, 40.88288973300007 ], [ -3.118624499999953, 40.889556999000035 ], [ -3.113410643999941, 40.896211091000055 ], [ -3.105986239999936, 40.891562201000056 ], [ -3.099871481999969, 40.891305841000076 ], [ -3.085975499999961, 40.905776999000068 ] ] ] } },
{ "type": "Feature", "properties": { "code": "19114", "name": "Esplegares" }, "geometry": { "type": "Polygon", "coordinates": [ [ [ -2.37067049999996, 40.88439149900006 ], [ -2.363474, 40.884837499000071 ], [ -2.354413, 40.884009999000057 ], [ -2.347972499999969, 40.882461499000044 ], [ -2.342864499999962, 40.882701999000062 ], [ -2.338798499999939, 40.870490999000026 ], [ -2.332398, 40.858978499000045 ], [ -2.330674, 40.854446499000062 ], [ -2.326626499999975, 40.848827499000038 ], [ -2.323351499999944, 40.847881499000039 ], [ -2.32137462399993, 40.833350413000062 ], [ -2.32460597599993, 40.829130789000033 ], [ -2.329708, 40.828044999000042 ], [ -2.385177381999938, 40.835832137000068 ], [ -2.402770705999956, 40.85362720300003 ], [ -2.408575046999943, 40.864154014000064 ], [ -2.419034655999951, 40.872825369000054 ], [ -2.425475499999948, 40.884200999000029 ], [ -2.418191, 40.887973499000054 ], [ -2.394735611999977, 40.888226811000038 ], [ -2.37067049999996, 40.88439149900006 ] ] ] } },
{ "type": "Feature", "properties": { "code": "19115", "name": "Establés" }, "geometry": { "type": "Polygon", "coordinates": [ [ [ -2.021098, 41.056171499000072 ], [ -2.020089499999926, 41.056945499000051 ], [ -1.982481758999938, 41.053574100000048 ], [ -1.977883469999938, 41.048461602000032 ], [ -1.972416443999975, 41.030214207000029 ], [ -1.973811986999976, 41.027142063000042 ], [ -1.984934428999964, 41.022399571000051 ], [ -1.997519054999941, 41.007671043000073 ], [ -1.999108269999965, 40.999267141000075 ], [ -2.006216596999934, 40.993506750000051 ], [ -2.009223668999937, 40.98598875600004 ], [ -2.006574688999933, 40.978198810000038 ], [ -2.01207549999998, 40.963287499000046 ], [ -2.0631, 40.961867999000049 ], [ -2.094208499999979, 40.978256499000054 ], [ -2.067059149999977, 40.982082903000048 ], [ -2.067440880999925, 40.986506130000066 ], [ -2.076689508999948, 40.990050713000073 ], [ -2.076564416999929, 40.998184554000034 ], [ -2.060826471999974, 41.010377693000066 ], [ -2.047362894999935, 41.011915329000033 ], [ -2.040229409999938, 41.020499571000073 ], [ -2.031337765999979, 41.024015200000065 ], [ -2.029625009999961, 41.039775402000032 ], [ -2.021098, 41.056171499000072 ] ] ] } },
{ "type": "Feature", "properties": { "code": "19116", "name": "Estriégana" }, "geometry": { "type": "Polygon", "coordinates": [ [ [ -2.506187499999953, 41.039222499000061 ], [ -2.528298898999935, 41.049548170000037 ], [ -2.544291621999946, 41.048207282000078 ], [ -2.54516349599993, 41.058208258000036 ], [ -2.560478113999977, 41.064165866000053 ], [ -2.564922, 41.075797999000031 ], [ -2.547336743999949, 41.086406725000074 ], [ -2.539833102999978, 41.086332970000058 ], [ -2.52606476099993, 41.076607039000066 ], [ -2.511248379999927, 41.073032066000053 ], [ -2.499153499999977, 41.064479999000071 ], [ -2.500848689999941, 41.045817765000038 ], [ -2.506187499999953, 41.039222499000061 ] ] ] } },
{ "type": "Feature", "properties": { "code": "19117", "name": "Fontanar" }, "geometry": { "type": "Polygon", "coordinates": [ [ [ -3.155288, 40.723689999000044 ], [ -3.157802149999952, 40.720629300000041 ], [ -3.157235, 40.713072999000076 ], [ -3.176206517999958, 40.70919243000003 ], [ -3.179806937999956, 40.705570849000026 ], [ -3.185844499999973, 40.706173999000043 ], [ -3.205328, 40.723701499000072 ], [ -3.209886945999926, 40.730564091000076 ], [ -3.217674153999951, 40.734275645000025 ], [ -3.220571107999945, 40.744068230000039 ], [ -3.215672, 40.751076999000077 ], [ -3.211169973999972, 40.753617281000061 ], [ -3.204680297999971, 40.747699072000046 ], [ -3.17361460799998, 40.740474751000079 ], [ -3.164566022999963, 40.73285295900007 ], [ -3.164360206999959, 40.72783725000005 ], [ -3.155288, 40.723689999000044 ] ] ] } },
{ "type": "Feature", "properties": { "code": "19118", "name": "Fuembellida" }, "geometry": { "type": "Polygon", "coordinates": [ [ [ -2.037942, 40.751231999000026 ], [ -2.01879691399995, 40.755706600000053 ], [ -2.010042502999966, 40.765154708000068 ], [ -1.99969107499993, 40.770472895000069 ], [ -1.981929, 40.757812499000067 ], [ -1.982675, 40.750034499000037 ], [ -1.982467499999927, 40.745788499000071 ], [ -1.981640499999969, 40.744052999000075 ], [ -1.990491, 40.735996499000066 ], [ -1.999588499999959, 40.731986999000071 ], [ -2.010463499999958, 40.730205499000078 ], [ -2.039999499999965, 40.720203499000036 ], [ -2.071740499999976, 40.715366499000027 ], [ -2.074450499999955, 40.716315999000074 ], [ -2.074262499999975, 40.723872999000037 ], [ -2.071084, 40.725898499000039 ], [ -2.077817835999952, 40.729951304000053 ], [ -2.079639499999928, 40.735824499000046 ], [ -2.066445879999947, 40.739048585000035 ], [ -2.050955559999977, 40.752964058000032 ], [ -2.037942, 40.751231999000026 ] ] ] } },
{ "type": "Feature", "properties": { "code": "19119", "name": "Fuencemillán" }, "geometry": { "type": "Polygon", "coordinates": [ [ [ -3.085975499999961, 40.905776999000068 ], [ -3.094140212999946, 40.905315819000066 ], [ -3.096063220999952, 40.910568148000038 ], [ -3.109784390999948, 40.91694418700007 ], [ -3.119269499999973, 40.926196999000069 ], [ -3.113312015999952, 40.932139574000075 ], [ -3.097506829999929, 40.933221382000056 ], [ -3.073446898999975, 40.918621177000034 ], [ -3.074537, 40.911430499000062 ], [ -3.085975499999961, 40.905776999000068 ] ] ] } },
{ "type": "Feature", "properties": { "code": "19120", "name": "Fuentelahiguera de Albatages" }, "geometry": { "type": "Polygon", "coordinates": [ [ [ -3.288426499999957, 40.841346999000052 ], [ -3.295576868999945, 40.818953561000058 ], [ -3.293767339999931, 40.810033778000047 ], [ -3.280604499999924, 40.800681999000062 ], [ -3.281603634999954, 40.778500324000049 ], [ -3.277449499999932, 40.765607999000053 ], [ -3.280234121999968, 40.752860198000064 ], [ -3.297476312999947, 40.73649325100007 ], [ -3.305631803999972, 40.720920020000051 ], [ -3.313749499999972, 40.712164999000038 ], [ -3.319171888999961, 40.716246169000044 ], [ -3.320933029999935, 40.725643009000066 ], [ -3.329580499999963, 40.736362499000052 ], [ -3.330103977999954, 40.739740669000071 ], [ -3.338407906999976, 40.745661549000033 ], [ -3.352947986999936, 40.75251331700008 ], [ -3.355223988999967, 40.762077810000051 ], [ -3.350635499999953, 40.769725999000059 ], [ -3.336743393999939, 40.767246344000057 ], [ -3.327222569999947, 40.770045439000057 ], [ -3.329352581999956, 40.784761157000048 ], [ -3.324604575999956, 40.790589534000048 ], [ -3.33105656999993, 40.799882449000052 ], [ -3.332820499999968, 40.811507999000071 ], [ -3.332844904999945, 40.826874644000043 ], [ -3.319474, 40.842101999000079 ], [ -3.305972079999947, 40.844966662000047 ], [ -3.288426499999957, 40.841346999000052 ] ] ] } },
{ "type": "Feature", "properties": { "code": "19121", "name": "Fuentelencina" }, "geometry": { "type": "Polygon", "coordinates": [ [ [ -2.841446499999961, 40.463527999000064 ], [ -2.857077968999931, 40.469880949000071 ], [ -2.896547891999944, 40.477723894000064 ], [ -2.905609, 40.475787499000035 ], [ -2.907222740999941, 40.47928663700003 ], [ -2.89984149999998, 40.490609646000053 ], [ -2.911057618999962, 40.510369849000028 ], [ -2.903255650999938, 40.526464781000072 ], [ -2.913001876999942, 40.52989769800007 ], [ -2.913226, 40.533622499000046 ], [ -2.894309145999955, 40.544774586000074 ], [ -2.868984261999969, 40.550664020000056 ], [ -2.859535, 40.555926999000064 ], [ -2.85347749999994, 40.549594999000078 ], [ -2.849762353999949, 40.530664369000078 ], [ -2.850723187999961, 40.517336317000058 ], [ -2.855441088999953, 40.508168134000073 ], [ -2.842662313999938, 40.496658331000049 ], [ -2.835092920999955, 40.484484906000034 ], [ -2.830967184999963, 40.48117472000007 ], [ -2.824158499999953, 40.479385499000045 ], [ -2.826322, 40.473720499000081 ], [ -2.841446499999961, 40.463527999000064 ] ] ] } },
{ "type": "Feature", "properties": { "code": "19122", "name": "Fuentelsaz" }, "geometry": { "type": "Polygon", "coordinates": [ [ [ -1.7619, 41.058513499000071 ], [ -1.77209772599997, 41.047392204000062 ], [ -1.79534937699998, 41.048734375000038 ], [ -1.804983451999931, 41.046103740000035 ], [ -1.807815112999947, 41.042022469000074 ], [ -1.809125266999956, 41.024065342000029 ], [ -1.823581499999932, 41.016471999000032 ], [ -1.852691614999969, 41.022381499000062 ], [ -1.862712887999976, 41.029301190000069 ], [ -1.860535, 41.040508499000055 ], [ -1.853604760999929, 41.049214185000039 ], [ -1.848072327999944, 41.074111239000047 ], [ -1.832769983999981, 41.086307318000024 ], [ -1.826382, 41.095375499000056 ], [ -1.817375499999969, 41.095165999000073 ], [ -1.811917499999936, 41.091776499000048 ], [ -1.803212, 41.089982999000028 ], [ -1.794696, 41.078796499000077 ], [ -1.78624, 41.073460499000078 ], [ -1.769927, 41.066079499000068 ], [ -1.7619, 41.058513499000071 ] ] ] } },
{ "type": "Feature", "properties": { "code": "19123", "name": "Fuentelviejo" }, "geometry": { "type": "Polygon", "coordinates": [ [ [ -2.993199, 40.537639499000079 ], [ -2.990783897999961, 40.532073994000029 ], [ -2.975524391999954, 40.532503853000037 ], [ -2.952495, 40.522483999000031 ], [ -2.95256821199996, 40.518912113000056 ], [ -2.956958781999958, 40.515530999000077 ], [ -2.967437858999972, 40.515326989000073 ], [ -2.978501168999969, 40.511179107000032 ], [ -2.98784530699993, 40.512126455000043 ], [ -2.990853499999957, 40.504619499000057 ], [ -3.010541832999934, 40.504401831000052 ], [ -3.018319499999961, 40.507971999000063 ], [ -3.01410784899997, 40.527532242000063 ], [ -3.008010843999955, 40.53302370800003 ], [ -2.993199, 40.537639499000079 ] ] ] } },
{ "type": "Feature", "properties": { "code": "19124", "name": "Fuentenovilla" }, "geometry": { "type": "Polygon", "coordinates": [ [ [ -3.105248, 40.347408499000039 ], [ -3.126285486999961, 40.348520547000078 ], [ -3.133896781999965, 40.355353868000066 ], [ -3.143248, 40.358102999000039 ], [ -3.148434645999941, 40.360545965000028 ], [ -3.152114162999965, 40.366850302000046 ], [ -3.149902, 40.37307849900003 ], [ -3.13935459399994, 40.375837432000026 ], [ -3.142408710999973, 40.386845469000036 ], [ -3.135657454999944, 40.390806780000048 ], [ -3.130407, 40.405153999000049 ], [ -3.091473554999936, 40.400820094000039 ], [ -3.077267352999968, 40.38689095400008 ], [ -3.052938612999981, 40.37612861100007 ], [ -3.040762924999967, 40.365644405000069 ], [ -3.030837, 40.365020499000025 ], [ -3.030719, 40.364391499000078 ], [ -3.048396499999967, 40.36278949900003 ], [ -3.085199498999941, 40.35234917400004 ], [ -3.098769901999958, 40.351203508000026 ], [ -3.105248, 40.347408499000039 ] ] ] } },
{ "type": "Feature", "properties": { "code": "19125", "name": "Gajanejos" }, "geometry": { "type": "Polygon", "coordinates": [ [ [ -2.904395499999964, 40.854263499000069 ], [ -2.893985629999975, 40.860845822000044 ], [ -2.881592782999974, 40.855099133000067 ], [ -2.868209180999941, 40.858558570000071 ], [ -2.855864204999932, 40.84086428300003 ], [ -2.852007, 40.819526499000062 ], [ -2.89129371699994, 40.808605164000028 ], [ -2.905363, 40.799483999000074 ], [ -2.912416241999949, 40.807947290000072 ], [ -2.932248, 40.823852499000054 ], [ -2.901767408999945, 40.836142776000031 ], [ -2.906269403999943, 40.851122302000078 ], [ -2.904395499999964, 40.854263499000069 ] ] ] } },
{ "type": "Feature", "properties": { "code": "19126", "name": "Galápagos" }, "geometry": { "type": "Polygon", "coordinates": [ [ [ -3.299755, 40.688742999000056 ], [ -3.311651499999925, 40.678180499000064 ], [ -3.335430564999967, 40.684035618000053 ], [ -3.34880189699993, 40.689905580000072 ], [ -3.353937797999947, 40.696211801000061 ], [ -3.363517508999962, 40.69907102500008 ], [ -3.383064499999932, 40.683314999000061 ], [ -3.385555499999953, 40.684039999000049 ], [ -3.393202, 40.692418499000041 ], [ -3.399916499999961, 40.691444499000056 ], [ -3.399749453999959, 40.704465431000074 ], [ -3.388894193999931, 40.715522718000045 ], [ -3.386953, 40.728644999000039 ], [ -3.37856, 40.731372499000031 ], [ -3.370762499999955, 40.732578499000056 ], [ -3.367445, 40.734248999000044 ], [ -3.351068, 40.73708349900005 ], [ -3.329580499999963, 40.736362499000052 ], [ -3.320933029999935, 40.725643009000066 ], [ -3.319171888999961, 40.716246169000044 ], [ -3.313749499999972, 40.712164999000038 ], [ -3.308445824999978, 40.706617323000046 ], [ -3.31120406399998, 40.69273269100006 ], [ -3.302029700999981, 40.692334175000042 ], [ -3.299755, 40.688742999000056 ] ] ] } },
{ "type": "Feature", "properties": { "code": "19127", "name": "Galve de Sorbe" }, "geometry": { "type": "Polygon", "coordinates": [ [ [ -3.168775081999968, 41.182097466000073 ], [ -3.178985779999948, 41.186174566000034 ], [ -3.19265992499993, 41.184738822000043 ], [ -3.196418540999957, 41.174498226000026 ], [ -3.204016685999932, 41.16487595500007 ], [ -3.204160499999944, 41.15928499000006 ], [ -3.200899499999935, 41.156280999000046 ], [ -3.271658499999944, 41.172977499000069 ], [ -3.250661351999952, 41.175063806000026 ], [ -3.243222443999969, 41.182915786000081 ], [ -3.230687110999952, 41.183243936000054 ], [ -3.218663082999967, 41.241266711000037 ], [ -3.208482, 41.250972999000055 ], [ -3.20258290299995, 41.243851318000054 ], [ -3.196681467999952, 41.241555601000073 ], [ -3.173866143999931, 41.245484048000037 ], [ -3.153015732999961, 41.244396379000079 ], [ -3.149343499999929, 41.231796499000041 ], [ -3.160572145999936, 41.197162164000076 ], [ -3.162357, 41.181796999000028 ], [ -3.168775081999968, 41.182097466000073 ] ] ] } },
{ "type": "Feature", "properties": { "code": "19129", "name": "Gascueña de Bornova" }, "geometry": { "type": "Polygon", "coordinates": [ [ [ -2.976049, 41.162780999000063 ], [ -2.971807499999954, 41.158492999000032 ], [ -2.973206793999964, 41.141729803000032 ], [ -2.985834499999953, 41.116260499000077 ], [ -3.004965868999932, 41.112493505000032 ], [ -3.018733078999958, 41.120140832000061 ], [ -3.039465, 41.125170999000034 ], [ -3.044989499999929, 41.13829449900004 ], [ -3.046494499999937, 41.15939699900008 ], [ -3.04366049999993, 41.164623499000072 ], [ -3.022774359999971, 41.158181858000034 ], [ -3.00860327099997, 41.159914781000055 ], [ -2.993938636999928, 41.158014807000029 ], [ -2.981890760999931, 41.16483493100003 ], [ -2.976049, 41.162780999000063 ] ] ] } },
{ "type": "Feature", "properties": { "code": "19130", "name": "Guadalajara" }, "geometry": { "type": "MultiPolygon", "coordinates": [ [ [ [ -2.981454, 40.626558499000055 ], [ -2.990077647999954, 40.621121792000054 ], [ -2.99204, 40.616467999000065 ], [ -3.000083401999973, 40.622725266000032 ], [ -3.005019, 40.622670499000037 ], [ -2.984731499999953, 40.633283999000071 ], [ -2.981454, 40.626558499000055 ] ] ], [ [ [ -3.157235, 40.713072999000076 ], [ -3.147493721999979, 40.718144085000063 ], [ -3.147473280999975, 40.711535926000067 ], [ -3.144529123999973, 40.709914932000061 ], [ -3.162758620999966, 40.696085878000076 ], [ -3.157796886999961, 40.68902582700008 ], [ -3.126063015999932, 40.690368406000061 ], [ -3.10741040399995, 40.687139665000075 ], [ -3.090911283999958, 40.699874143000045 ], [ -3.090260422999961, 40.703309091000051 ], [ -3.093640539999967, 40.707111840000039 ], [ -3.087646358999962, 40.712828764000051 ], [ -3.086875, 40.723218999000039 ], [ -3.063913, 40.712171999000077 ], [ -3.069210380999948, 40.702543800000058 ], [ -3.077089132999959, 40.695510427000045 ], [ -3.071638105999966, 40.691688247000059 ], [ -3.068952520999972, 40.682771351000042 ], [ -3.079055499999924, 40.672216499000058 ], [ -3.080766124999968, 40.668758885000045 ], [ -3.077466536999964, 40.661146117000044 ], [ -3.098123624999971, 40.630446050000046 ], [ -3.09453332399994, 40.623418503000039 ], [ -3.085318642999937, 40.615411392000055 ], [ -3.081548, 40.600205499000026 ], [ -3.082465499999955, 40.598481999000057 ], [ -3.08596, 40.596262499000034 ], [ -3.092592499999967, 40.593989499000031 ], [ -3.098728499999936, 40.590301999000076 ], [ -3.107398957999976, 40.597491838000053 ], [ -3.119140768999955, 40.595569468000065 ], [ -3.126864694999938, 40.588865516000055 ], [ -3.126976297999931, 40.583925435000026 ], [ -3.122035427999947, 40.580345819000058 ], [ -3.105031, 40.581520999000077 ], [ -3.11071921599995, 40.566069735000042 ], [ -3.109944, 40.556211999000027 ], [ -3.119658527999945, 40.54667495700005 ], [ -3.120548622999934, 40.534746136000081 ], [ -3.123336, 40.531808499000078 ], [ -3.123932221999951, 40.538298789000066 ], [ -3.129666748999966, 40.534441705000063 ], [ -3.135175696999966, 40.541799725000033 ], [ -3.138453427999934, 40.54151618800006 ], [ -3.139820756999939, 40.535240379000072 ], [ -3.136579037999979, 40.523780536000061 ], [ -3.140392888999941, 40.519236718000059 ], [ -3.135456889999944, 40.508675767000057 ], [ -3.143102233999969, 40.505427988000065 ], [ -3.146332518999941, 40.499324086000058 ], [ -3.135945988999936, 40.498058947000061 ], [ -3.132672376999949, 40.494755723000026 ], [ -3.107983499999932, 40.494484499000066 ], [ -3.103584235999961, 40.487187200000051 ], [ -3.101482499999975, 40.47021249900007 ], [ -3.112800081999978, 40.471740512000054 ], [ -3.130113577999964, 40.461129605000053 ], [ -3.136754499999938, 40.463846499000056 ], [ -3.13919, 40.466887999000051 ], [ -3.148124499999938, 40.472972999000035 ], [ -3.154002, 40.479378999000062 ], [ -3.151018018999935, 40.48773701600004 ], [ -3.166240409999943, 40.507176456000025 ], [ -3.184965903999966, 40.511770016000071 ], [ -3.192462879999937, 40.516290783000045 ], [ -3.200722499999927, 40.516694999000038 ], [ -3.215506370999947, 40.529945044000044 ], [ -3.203676709999968, 40.532431170000052 ], [ -3.201485177999928, 40.541426702000081 ], [ -3.189840295999943, 40.550603442000067 ], [ -3.163403707999976, 40.550754683000036 ], [ -3.14932737099997, 40.568208514000048 ], [ -3.141986925999959, 40.585424284000055 ], [ -3.15089040099997, 40.595987562000062 ], [ -3.161904667999977, 40.592747169000063 ], [ -3.196379752999974, 40.61203278000005 ], [ -3.207544930999973, 40.609509123000066 ], [ -3.210965, 40.604880999000045 ], [ -3.21136205199997, 40.607889604000036 ], [ -3.201915149999934, 40.620388997000077 ], [ -3.20476324699996, 40.629021210000076 ], [ -3.20023907999996, 40.637705305000054 ], [ -3.200144, 40.644695999000078 ], [ -3.191897811999979, 40.655746151000073 ], [ -3.182986353999979, 40.657552059000068 ], [ -3.175288774999956, 40.667327350000051 ], [ -3.174597260999974, 40.685435815000062 ], [ -3.19936243899997, 40.689924674000054 ], [ -3.196217155999932, 40.701067482000042 ], [ -3.191532276999965, 40.705620875000079 ], [ -3.185844499999973, 40.706173999000043 ], [ -3.179806937999956, 40.705570849000026 ], [ -3.176206517999958, 40.70919243000003 ], [ -3.157235, 40.713072999000076 ] ] ], [ [ [ -3.313749499999972, 40.712164999000038 ], [ -3.305631803999972, 40.720920020000051 ], [ -3.297476312999947, 40.73649325100007 ], [ -3.280234121999968, 40.752860198000064 ], [ -3.277449499999932, 40.765607999000053 ], [ -3.272297727999955, 40.760628242000053 ], [ -3.267075506999959, 40.769513562000043 ], [ -3.255603985999926, 40.766353152000079 ], [ -3.228371599999946, 40.765318282000067 ], [ -3.223286176999977, 40.762849799000037 ], [ -3.220592, 40.757024999000066 ], [ -3.215672, 40.751076999000077 ], [ -3.220571107999945, 40.744068230000039 ], [ -3.217674153999951, 40.734275645000025 ], [ -3.209886945999926, 40.730564091000076 ], [ -3.205328, 40.723701499000072 ], [ -3.209557802999939, 40.720611096000027 ], [ -3.20998233399996, 40.716136139000071 ], [ -3.23288746299994, 40.714849891000028 ], [ -3.232044285999962, 40.709510766000051 ], [ -3.236758878999979, 40.70795324900007 ], [ -3.238304564999964, 40.700631612000052 ], [ -3.230769215999942, 40.691150094000079 ], [ -3.229603440999938, 40.683795328000031 ], [ -3.239315458999954, 40.678065786000047 ], [ -3.237807565999958, 40.67220235700006 ], [ -3.242401, 40.665928499000074 ], [ -3.253526536999971, 40.664917718000027 ], [ -3.265086818999976, 40.65400782200004 ], [ -3.277743489999978, 40.65106565800005 ], [ -3.288672, 40.660577499000055 ], [ -3.282375287999969, 40.669417038000063 ], [ -3.286653059999935, 40.67464711100007 ], [ -3.300617323999973, 40.680616327000052 ], [ -3.299755, 40.688742999000056 ], [ -3.302029700999981, 40.692334175000042 ], [ -3.31120406399998, 40.69273269100006 ], [ -3.308445824999978, 40.706617323000046 ], [ -3.313749499999972, 40.712164999000038 ] ] ] ] } },
{ "type": "Feature", "properties": { "code": "19132", "name": "Henche" }, "geometry": { "type": "Polygon", "coordinates": [ [ [ -2.720734499999935, 40.692488999000034 ], [ -2.718795843999942, 40.699645077000071 ], [ -2.725208004999956, 40.705504752000024 ], [ -2.726890776999937, 40.714302161000035 ], [ -2.739028395999981, 40.722193487000027 ], [ -2.745725499999935, 40.734500999000034 ], [ -2.745369499999924, 40.737887999000066 ], [ -2.732723499999963, 40.743129499000077 ], [ -2.719086499999946, 40.738265999000077 ], [ -2.709783499999958, 40.736892999000077 ], [ -2.699661, 40.733588999000062 ], [ -2.691598499999941, 40.733089499000073 ], [ -2.688343, 40.735385999000073 ], [ -2.68182749999994, 40.73296349900005 ], [ -2.678495, 40.726844499000038 ], [ -2.679939, 40.724139999000045 ], [ -2.675776499999927, 40.71826149900005 ], [ -2.673654499999941, 40.718669999000042 ], [ -2.665062, 40.715537999000048 ], [ -2.662498292999942, 40.711364499000069 ], [ -2.663350827999977, 40.702959005000025 ], [ -2.710294002999944, 40.692329815000051 ], [ -2.720734499999935, 40.692488999000034 ] ] ] } },
{ "type": "Feature", "properties": { "code": "19133", "name": "Heras de Ayuso" }, "geometry": { "type": "Polygon", "coordinates": [ [ [ -3.108997, 40.774574499000039 ], [ -3.133060499999942, 40.771793499000069 ], [ -3.134014322999974, 40.799005590000036 ], [ -3.130443499999956, 40.802749499000072 ], [ -3.114728499999956, 40.799262999000064 ], [ -3.109468, 40.801700499000049 ], [ -3.103696, 40.80211999900007 ], [ -3.102852499999926, 40.800010499000052 ], [ -3.098686499999928, 40.796222499000066 ], [ -3.094133499999941, 40.796100499000033 ], [ -3.090157499999975, 40.793418999000039 ], [ -3.088512499999979, 40.794887499000026 ], [ -3.094307064999953, 40.77742610100006 ], [ -3.108997, 40.774574499000039 ] ] ] } },
{ "type": "Feature", "properties": { "code": "19134", "name": "Herrería" }, "geometry": { "type": "Polygon", "coordinates": [ [ [ -1.960040499999934, 40.931228999000041 ], [ -1.939901499999962, 40.921882499000048 ], [ -1.931706137999925, 40.895154124000044 ], [ -1.932641924999928, 40.890306997000039 ], [ -1.945188927999936, 40.872564913000076 ], [ -1.96965671199996, 40.869048005000025 ], [ -1.974253, 40.865470999000024 ], [ -1.984884935999958, 40.88487735700005 ], [ -1.97975317099997, 40.89335002200005 ], [ -1.967239417999963, 40.903997183000058 ], [ -1.960040499999934, 40.931228999000041 ] ] ] } },
{ "type": "Feature", "properties": { "code": "19135", "name": "Hiendelaencina" }, "geometry": { "type": "Polygon", "coordinates": [ [ [ -3.008495, 41.050384499000074 ], [ -3.021761499999968, 41.052039999000044 ], [ -3.023578346999955, 41.056058066000048 ], [ -3.020950866999954, 41.061723761000053 ], [ -3.026295, 41.077480499000046 ], [ -3.017404769999928, 41.089224374000025 ], [ -2.985788, 41.110641499000053 ], [ -2.980290690999936, 41.107603849000043 ], [ -2.969733255999927, 41.089914537000027 ], [ -2.955983, 41.082354999000074 ], [ -2.962217504999956, 41.078022910000072 ], [ -2.980104707999942, 41.074672649000036 ], [ -3.008495, 41.050384499000074 ] ] ] } },
{ "type": "Feature", "properties": { "code": "19136", "name": "Hijes" }, "geometry": { "type": "Polygon", "coordinates": [ [ [ -3.030265, 41.249156499000037 ], [ -3.061972, 41.273330499000053 ], [ -3.019776208999929, 41.288327696000067 ], [ -3.006003499999963, 41.28440899900005 ], [ -3.001092435999965, 41.269536522000067 ], [ -2.986758189999932, 41.257519613000056 ], [ -2.981268989999933, 41.249201336000056 ], [ -2.982491873999948, 41.23570886300007 ], [ -2.989545, 41.224890999000024 ], [ -2.993869501999939, 41.228778569000042 ], [ -2.995090875999949, 41.236726756000053 ], [ -3.000955528999953, 41.24153534800007 ], [ -3.030265, 41.249156499000037 ] ] ] } },
{ "type": "Feature", "properties": { "code": "19138", "name": "Hita" }, "geometry": { "type": "MultiPolygon", "coordinates": [ [ [ [ -3.06454, 40.802787999000032 ], [ -3.066856, 40.806441999000072 ], [ -3.069655, 40.80783849900007 ], [ -3.07211, 40.808311499000069 ], [ -3.076068499999963, 40.80763599900007 ], [ -3.076365789999954, 40.81602206000008 ], [ -3.071077481999964, 40.826021660000038 ], [ -3.084738499999958, 40.838023999000029 ], [ -3.079888499999925, 40.839442999000028 ], [ -3.079607499999952, 40.84326149900005 ], [ -3.076959144999933, 40.841816964000031 ], [ -3.074003096999945, 40.843736679000074 ], [ -3.070412, 40.851852499000074 ], [ -3.056233665999969, 40.858409289000065 ], [ -3.040972988999954, 40.853485632000059 ], [ -3.030016711999963, 40.85977033100005 ], [ -3.029464809999979, 40.867965050000066 ], [ -3.036090778999949, 40.871524183000076 ], [ -3.042493524999941, 40.88122482700004 ], [ -3.040160499999956, 40.892394499000034 ], [ -3.029154337999955, 40.894953915000031 ], [ -3.014587632999962, 40.893125256000076 ], [ -3.007023750999963, 40.88999485800008 ], [ -3.006692012999963, 40.883317197000054 ], [ -3.003226499999926, 40.878818499000033 ], [ -2.965991779999968, 40.867379141000072 ], [ -2.96286878199993, 40.863005319000081 ], [ -2.963598, 40.854522499000041 ], [ -2.975275499999952, 40.847976499000026 ], [ -2.985968227999933, 40.849251464000076 ], [ -2.995884758999978, 40.839867913000035 ], [ -3.010741845999974, 40.838127905000078 ], [ -3.012723933999951, 40.821669806000045 ], [ -3.030035, 40.79084399900006 ], [ -3.035919367999952, 40.78854433500004 ], [ -3.052402499999971, 40.791568999000049 ], [ -3.057029499999942, 40.795665499000052 ], [ -3.062211499999933, 40.798129999000025 ], [ -3.06454, 40.802787999000032 ] ] ], [ [ [ -3.070915499999956, 40.800937499000042 ], [ -3.070167, 40.799667499000066 ], [ -3.073092, 40.795673499000031 ], [ -3.078913499999942, 40.796661499000038 ], [ -3.079696, 40.797633999000027 ], [ -3.079437, 40.799461499000074 ], [ -3.071771499999954, 40.802188999000066 ], [ -3.070915499999956, 40.800937499000042 ] ] ] ] } },
{ "type": "Feature", "properties": { "code": "19139", "name": "Hombrados" }, "geometry": { "type": "Polygon", "coordinates": [ [ [ -1.730409, 40.809860499000081 ], [ -1.729761567999958, 40.814882966000027 ], [ -1.717637, 40.830852499000059 ], [ -1.694357019999927, 40.816536283000062 ], [ -1.690482948999943, 40.820238363000044 ], [ -1.682833565999942, 40.840232718000038 ], [ -1.67571709799995, 40.837771165000049 ], [ -1.628777499999956, 40.844981999000026 ], [ -1.626693, 40.844199999000068 ], [ -1.612198499999977, 40.847556999000062 ], [ -1.593667, 40.853267499000026 ], [ -1.59220849999997, 40.849872499000071 ], [ -1.626563630999954, 40.819283288000065 ], [ -1.651196499999969, 40.806346999000027 ], [ -1.651012499999979, 40.799041499000055 ], [ -1.656405, 40.794967499000052 ], [ -1.661984, 40.792800999000065 ], [ -1.67403, 40.781390999000052 ], [ -1.687899638999966, 40.79195758000003 ], [ -1.702496456999938, 40.796699578000073 ], [ -1.730409, 40.809860499000081 ] ] ] } },
{ "type": "Feature", "properties": { "code": "19142", "name": "Hontoba" }, "geometry": { "type": "Polygon", "coordinates": [ [ [ -3.038136499999951, 40.423324499000046 ], [ -3.074307252999972, 40.425891193000041 ], [ -3.079524, 40.431880999000043 ], [ -3.082473254999968, 40.450185772000054 ], [ -3.079142391999937, 40.458208514000034 ], [ -3.070195499999954, 40.462871499000073 ], [ -3.06435573899995, 40.468968772000039 ], [ -3.059121932999972, 40.469174963000057 ], [ -3.05316, 40.473922499000025 ], [ -3.044224061999955, 40.467007899000066 ], [ -3.004413, 40.473567999000068 ], [ -3.00571985199997, 40.466700185000036 ], [ -2.989187499999957, 40.437999499000057 ], [ -3.013738530999944, 40.433523532000038 ], [ -3.038136499999951, 40.423324499000046 ] ] ] } },
{ "type": "Feature", "properties": { "code": "19143", "name": "Horche" }, "geometry": { "type": "Polygon", "coordinates": [ [ [ -3.098728499999936, 40.590301999000076 ], [ -3.092592499999967, 40.593989499000031 ], [ -3.08596, 40.596262499000034 ], [ -3.082465499999955, 40.598481999000057 ], [ -3.081548, 40.600205499000026 ], [ -3.058598642999925, 40.60027935200003 ], [ -3.055245609999929, 40.59544795000005 ], [ -3.037490082999966, 40.589811246000068 ], [ -3.017892499999959, 40.59004599900004 ], [ -3.022687732999941, 40.57722308600006 ], [ -3.023267026999974, 40.564004337000028 ], [ -3.018086154999935, 40.555773700000032 ], [ -3.019157, 40.546211499000037 ], [ -3.043264002999933, 40.544242800000063 ], [ -3.05071699299998, 40.545992951000073 ], [ -3.069107499999973, 40.529880499000058 ], [ -3.076357499999972, 40.53099449900003 ], [ -3.090146, 40.537013999000067 ], [ -3.097237, 40.541946499000062 ], [ -3.103163499999937, 40.547572999000067 ], [ -3.109944, 40.556211999000027 ], [ -3.11071921599995, 40.566069735000042 ], [ -3.105031, 40.581520999000077 ], [ -3.098728499999936, 40.590301999000076 ] ] ] } },
{ "type": "Feature", "properties": { "code": "19145", "name": "Hortezuela de Océn" }, "geometry": { "type": "Polygon", "coordinates": [ [ [ -2.425597, 40.926322999000035 ], [ -2.438386575999971, 40.944547575000058 ], [ -2.420707891999939, 40.967895466000073 ], [ -2.41108, 40.988307999000028 ], [ -2.396668499999976, 40.984629999000049 ], [ -2.384319, 40.979427499000053 ], [ -2.385506, 40.976993499000059 ], [ -2.385734690999925, 40.962063998000076 ], [ -2.382237199999963, 40.952955030000055 ], [ -2.386370499999941, 40.946578999000053 ], [ -2.402917499999944, 40.933837999000048 ], [ -2.411829499999953, 40.93057649900004 ], [ -2.414665, 40.928355999000075 ], [ -2.425597, 40.926322999000035 ] ] ] } },
{ "type": "Feature", "properties": { "code": "19146", "name": "Huerce, La" }, "geometry": { "type": "Polygon", "coordinates": [ [ [ -3.200899499999935, 41.156280999000046 ], [ -3.204160499999944, 41.15928499000006 ], [ -3.204016685999932, 41.16487595500007 ], [ -3.196418540999957, 41.174498226000026 ], [ -3.19265992499993, 41.184738822000043 ], [ -3.178985779999948, 41.186174566000034 ], [ -3.168775081999968, 41.182097466000073 ], [ -3.162357, 41.181796999000028 ], [ -3.16252, 41.175266499000031 ], [ -3.158761499999969, 41.169223499000054 ], [ -3.15234049999998, 41.170902499000078 ], [ -3.146297, 41.171062499000072 ], [ -3.137849499999959, 41.168277499000055 ], [ -3.135519, 41.164607999000054 ], [ -3.140275674999941, 41.15807372200004 ], [ -3.136497985999938, 41.150790384000061 ], [ -3.137088884999969, 41.145093797000072 ], [ -3.149453499999936, 41.133323499000028 ], [ -3.152248082999961, 41.126205208000044 ], [ -3.145675046999941, 41.106551523000064 ], [ -3.148002499999961, 41.09718699900003 ], [ -3.168775081999968, 41.090379254000027 ], [ -3.179358, 41.075694999000063 ], [ -3.180848083999933, 41.081997252000065 ], [ -3.178607462999935, 41.089659522000034 ], [ -3.185777184999949, 41.092055230000028 ], [ -3.183104765999929, 41.098063354000033 ], [ -3.188107499999944, 41.100868499000057 ], [ -3.184575337999945, 41.102451710000025 ], [ -3.18424893699995, 41.109714272000076 ], [ -3.186456169999929, 41.11337297700004 ], [ -3.191444571999966, 41.114433277000046 ], [ -3.19029373199993, 41.119152392000046 ], [ -3.194148564999978, 41.120603213000038 ], [ -3.197398567999926, 41.127254110000081 ], [ -3.191955382999936, 41.136276830000043 ], [ -3.194532548999973, 41.143252704000076 ], [ -3.202388620999955, 41.150423366000041 ], [ -3.200899499999935, 41.156280999000046 ] ] ] } },
{ "type": "Feature", "properties": { "code": "19147", "name": "Huérmeces del Cerro" }, "geometry": { "type": "Polygon", "coordinates": [ [ [ -2.792219499999931, 41.072742499000071 ], [ -2.77272869899997, 41.062278255000081 ], [ -2.75493466699993, 41.060348260000069 ], [ -2.74573445599998, 41.052149234000069 ], [ -2.748334499999942, 41.046649999000067 ], [ -2.755107151999937, 41.043358742000066 ], [ -2.770405168999957, 41.043246302000057 ], [ -2.79099802099995, 41.034347352000054 ], [ -2.810101630999952, 41.030920623000043 ], [ -2.824097440999935, 41.050338578000037 ], [ -2.820294499999932, 41.065837999000053 ], [ -2.814365499999951, 41.07046499900008 ], [ -2.809778499999936, 41.072322499000052 ], [ -2.803060499999958, 41.073608499000045 ], [ -2.79814749999997, 41.072627999000076 ], [ -2.792219499999931, 41.072742499000071 ] ] ] } },
{ "type": "Feature", "properties": { "code": "19148", "name": "Huertahernando" }, "geometry": { "type": "Polygon", "coordinates": [ [ [ -2.25030849999996, 40.864570499000081 ], [ -2.249131, 40.861716999000066 ], [ -2.249276499999951, 40.859519999000042 ], [ -2.247214, 40.857120499000075 ], [ -2.239169499999946, 40.851894499000025 ], [ -2.243639154999926, 40.84604790000003 ], [ -2.249584322999965, 40.827267368000037 ], [ -2.250134199999934, 40.814754269000048 ], [ -2.246250499999974, 40.79661549900004 ], [ -2.249633779999954, 40.79588244100006 ], [ -2.251081844999931, 40.789432454000064 ], [ -2.28267995899995, 40.792004120000058 ], [ -2.289456232999953, 40.796869233000052 ], [ -2.300999315999945, 40.791510447000064 ], [ -2.328731499999947, 40.789550999000028 ], [ -2.345006, 40.787021499000048 ], [ -2.34711122799996, 40.791478961000053 ], [ -2.339666720999958, 40.799604675000069 ], [ -2.340891343999942, 40.803809370000067 ], [ -2.333496298999933, 40.806455106000044 ], [ -2.327022382999928, 40.818560391000062 ], [ -2.329708, 40.828044999000042 ], [ -2.32460597599993, 40.829130789000033 ], [ -2.32137462399993, 40.833350413000062 ], [ -2.323351499999944, 40.847881499000039 ], [ -2.312296605999961, 40.854611638000051 ], [ -2.270788286999959, 40.860923243000059 ], [ -2.262200967999945, 40.859943529000077 ], [ -2.25030849999996, 40.864570499000081 ] ] ] } },
{ "type": "Feature", "properties": { "code": "19150", "name": "Hueva" }, "geometry": { "type": "Polygon", "coordinates": [ [ [ -2.905609, 40.475787499000035 ], [ -2.915477, 40.462085499000068 ], [ -2.917765499999973, 40.461715499000036 ], [ -2.924953499999958, 40.457450999000059 ], [ -2.928577, 40.454227499000069 ], [ -2.942817499999933, 40.448982499000067 ], [ -2.948303, 40.44483199900003 ], [ -2.951138, 40.440330499000027 ], [ -2.963416, 40.433730999000034 ], [ -2.971268, 40.432948999000075 ], [ -2.977953499999956, 40.432880499000078 ], [ -2.989187499999957, 40.437999499000057 ], [ -3.00571985199997, 40.466700185000036 ], [ -3.004413, 40.473567999000068 ], [ -2.973346, 40.489104999000062 ], [ -2.949385671999948, 40.48170110500007 ], [ -2.922167312999932, 40.48097387200005 ], [ -2.905609, 40.475787499000035 ] ] ] } },
{ "type": "Feature", "properties": { "code": "19151", "name": "Humanes" }, "geometry": { "type": "Polygon", "coordinates": [ [ [ -3.168775081999968, 40.883003629000029 ], [ -3.132742499999949, 40.885833499000057 ], [ -3.119384499999967, 40.88366699900007 ], [ -3.111862051999935, 40.883674563000056 ], [ -3.11113950999993, 40.870283847000053 ], [ -3.117854740999974, 40.83860190300004 ], [ -3.132274, 40.81195449900008 ], [ -3.151302297999962, 40.806930358000045 ], [ -3.163908228999958, 40.811877094000067 ], [ -3.195818, 40.832378499000072 ], [ -3.192580820999979, 40.842122585000027 ], [ -3.200032768999961, 40.84890177300008 ], [ -3.202800723999928, 40.858869412000047 ], [ -3.197865642999943, 40.863219855000068 ], [ -3.181821162999938, 40.868752220000033 ], [ -3.18234, 40.879222999000035 ], [ -3.168775081999968, 40.883003629000029 ] ] ] } },
{ "type": "Feature", "properties": { "code": "19152", "name": "Illana" }, "geometry": { "type": "MultiPolygon", "coordinates": [ [ [ [ -2.86313, 40.200137999000049 ], [ -2.874868481999954, 40.173640057000057 ], [ -2.887592, 40.164657499000043 ], [ -2.905262498999946, 40.158139393000056 ], [ -2.919212499999958, 40.159312999000065 ], [ -2.945390731999964, 40.168912510000041 ], [ -2.959693374999972, 40.182664457000044 ], [ -2.980615558999943, 40.193871744000035 ], [ -2.998191499999962, 40.209113999000067 ], [ -2.996102895999968, 40.217668505000063 ], [ -3.003304401999969, 40.226241590000029 ], [ -2.999684, 40.231880499000056 ], [ -2.997138138999958, 40.237643049000042 ], [ -2.981711435999955, 40.236798947000068 ], [ -2.977211826999962, 40.239068850000081 ], [ -2.975558499999977, 40.243922999000063 ], [ -2.967924423999932, 40.244162041000038 ], [ -2.961319105999962, 40.248264820000031 ], [ -2.951642619999973, 40.247419817000036 ], [ -2.948462227999926, 40.252046301000064 ], [ -2.941425289999927, 40.252007072000026 ], [ -2.936442499999941, 40.255149999000025 ], [ -2.934748696999975, 40.242026122000027 ], [ -2.948526034999929, 40.225752122000074 ], [ -2.946753699999931, 40.216451534000043 ], [ -2.934236707999958, 40.205534794000073 ], [ -2.869341499999962, 40.208766999000034 ], [ -2.867187499999943, 40.204170499000043 ], [ -2.86313, 40.200137999000049 ] ] ], [ [ [ -3.034626, 40.195998999000039 ], [ -3.029569357999947, 40.197434145000045 ], [ -3.019775, 40.193210499000031 ], [ -3.020290289999934, 40.182063887000027 ], [ -3.012757821999969, 40.172587424000028 ], [ -3.016523, 40.15248499900008 ], [ -3.020915, 40.155772999000078 ], [ -3.030943499999978, 40.157031999000026 ], [ -3.038013499999977, 40.160869499000057 ], [ -3.063774499999965, 40.168281499000045 ], [ -3.063005121999936, 40.179687158000036 ], [ -3.060318535999954, 40.18182265400003 ], [ -3.048637768999924, 40.182678923000026 ], [ -3.037365200999943, 40.175570091000054 ], [ -3.028647823999961, 40.179552615000034 ], [ -3.028489160999925, 40.184495766000055 ], [ -3.034978213999977, 40.189533158000074 ], [ -3.034626, 40.195998999000039 ] ] ] ] } },
{ "type": "Feature", "properties": { "code": "19153", "name": "Iniéstola" }, "geometry": { "type": "Polygon", "coordinates": [ [ [ -2.396668499999976, 40.984629999000049 ], [ -2.388343632999977, 40.99625022400005 ], [ -2.386736147999954, 41.003599660000077 ], [ -2.373687142999927, 41.009891138000057 ], [ -2.342854017999969, 40.992208897000069 ], [ -2.348158522999938, 40.981901915000037 ], [ -2.385506, 40.976993499000059 ], [ -2.384319, 40.979427499000053 ], [ -2.396668499999976, 40.984629999000049 ] ] ] } },
{ "type": "Feature", "properties": { "code": "19154", "name": "Inviernas, Las" }, "geometry": { "type": "Polygon", "coordinates": [ [ [ -2.684458, 40.90025349900003 ], [ -2.660235, 40.903148499000054 ], [ -2.653324285999929, 40.896182156000066 ], [ -2.639698243999931, 40.865615174000027 ], [ -2.643002429999967, 40.853152487000045 ], [ -2.635728762999975, 40.837634372000025 ], [ -2.640415, 40.83150899900005 ], [ -2.646473474999937, 40.834633180000026 ], [ -2.652538494999931, 40.831069614000057 ], [ -2.677285499999925, 40.832256499000039 ], [ -2.698995, 40.85470949900008 ], [ -2.700105936999933, 40.861787914000047 ], [ -2.697230730999934, 40.870739477000029 ], [ -2.703538606999928, 40.875073575000044 ], [ -2.7064, 40.894466499000032 ], [ -2.700849, 40.89588549900003 ], [ -2.693759499999942, 40.89654149900008 ], [ -2.684458, 40.90025349900003 ] ] ] } },
{ "type": "Feature", "properties": { "code": "19155", "name": "Irueste" }, "geometry": { "type": "Polygon", "coordinates": [ [ [ -2.911378499999955, 40.617706499000064 ], [ -2.907011499999953, 40.620090499000071 ], [ -2.899053, 40.621543999000039 ], [ -2.894201499999951, 40.624088499000038 ], [ -2.88558949999998, 40.62654849900008 ], [ -2.880076, 40.622226499000078 ], [ -2.877924499999949, 40.621638999000027 ], [ -2.872564, 40.617923999000027 ], [ -2.866381499999932, 40.612067999000033 ], [ -2.856796, 40.605731999000056 ], [ -2.855123, 40.603217999000037 ], [ -2.854226, 40.597007499000028 ], [ -2.870120819999954, 40.59478574700006 ], [ -2.880342329999962, 40.59893627200006 ], [ -2.896339722999926, 40.59974955000007 ], [ -2.92257903899997, 40.597144135000065 ], [ -2.93225949999993, 40.59234249900004 ], [ -2.9356, 40.596111499000074 ], [ -2.93925, 40.598652499000025 ], [ -2.911378499999955, 40.617706499000064 ] ] ] } },
{ "type": "Feature", "properties": { "code": "19156", "name": "Jadraque" }, "geometry": { "type": "Polygon", "coordinates": [ [ [ -2.960775, 40.971980999000039 ], [ -2.955987499999935, 40.969276499000046 ], [ -2.947990499999946, 40.968063499000039 ], [ -2.936876, 40.970653499000036 ], [ -2.927105499999925, 40.970828999000048 ], [ -2.923139511999977, 40.964612360000046 ], [ -2.92197177099996, 40.953274817000079 ], [ -2.91065, 40.942065999000079 ], [ -2.904518034999967, 40.930818673000033 ], [ -2.905807028999959, 40.917940523000027 ], [ -2.903795, 40.913733430000036 ], [ -2.896470563999969, 40.91213820300004 ], [ -2.869331796999973, 40.917402630000026 ], [ -2.862127, 40.914397999000073 ], [ -2.864630473999966, 40.903154790000031 ], [ -2.862067499999966, 40.898757499000055 ], [ -2.869603455999936, 40.89712313800004 ], [ -2.898189499999944, 40.909110999000063 ], [ -2.921934046999979, 40.916279792000068 ], [ -2.928258, 40.905620499000065 ], [ -2.937055, 40.90736399900004 ], [ -2.942885499999932, 40.905853499000045 ], [ -2.946483499999943, 40.906299499000056 ], [ -2.945975499999975, 40.903972499000076 ], [ -2.949371, 40.90187449900003 ], [ -2.955267, 40.894328999000038 ], [ -2.952866499999971, 40.879481999000063 ], [ -2.971419924999964, 40.887424439000029 ], [ -2.978535311999963, 40.894815412000071 ], [ -2.986081056999979, 40.895763955000064 ], [ -2.985323884999957, 40.900810052000054 ], [ -2.990747, 40.901824999000041 ], [ -2.988032729999929, 40.903872765000074 ], [ -2.976843686999928, 40.902716023000039 ], [ -2.960153168999966, 40.917499872000064 ], [ -2.962825063999958, 40.924339437000071 ], [ -2.961850086999959, 40.928162601000054 ], [ -2.96216035499998, 40.952052320000064 ], [ -2.969520459999956, 40.964388834000033 ], [ -2.972185499999966, 40.974433999000041 ], [ -2.969464, 40.97259499900008 ], [ -2.964413499999978, 40.97119899900008 ], [ -2.960775, 40.971980999000039 ] ] ] } },
{ "type": "Feature", "properties": { "code": "19157", "name": "Jirueque" }, "geometry": { "type": "Polygon", "coordinates": [ [ [ -2.917589499999963, 40.985801499000047 ], [ -2.906072919999929, 40.986058808000053 ], [ -2.88673160999997, 40.973179602000073 ], [ -2.885122499999966, 40.965976499000078 ], [ -2.892654983999932, 40.954665267000053 ], [ -2.91065, 40.942065999000079 ], [ -2.92197177099996, 40.953274817000079 ], [ -2.923139511999977, 40.964612360000046 ], [ -2.927105499999925, 40.970828999000048 ], [ -2.919133836999947, 40.97879191800007 ], [ -2.917589499999963, 40.985801499000047 ] ] ] } },
{ "type": "Feature", "properties": { "code": "19159", "name": "Ledanca" }, "geometry": { "type": "Polygon", "coordinates": [ [ [ -2.898189499999944, 40.909110999000063 ], [ -2.869603455999936, 40.89712313800004 ], [ -2.862067499999966, 40.898757499000055 ], [ -2.85564360199993, 40.888150906000078 ], [ -2.839726929999927, 40.880406702000073 ], [ -2.835092920999955, 40.875325203000045 ], [ -2.829017492999981, 40.862716664000061 ], [ -2.799798608999936, 40.851927535000073 ], [ -2.792887, 40.844325999000034 ], [ -2.795688195999958, 40.834510826000042 ], [ -2.823210231999951, 40.81557736700006 ], [ -2.835092920999955, 40.813072595000051 ], [ -2.849161740999932, 40.815493511000057 ], [ -2.852007, 40.819526499000062 ], [ -2.855864204999932, 40.84086428300003 ], [ -2.868209180999941, 40.858558570000071 ], [ -2.881592782999974, 40.855099133000067 ], [ -2.893985629999975, 40.860845822000044 ], [ -2.904395499999964, 40.854263499000069 ], [ -2.902139541999929, 40.873461268000028 ], [ -2.905538496999952, 40.88160292200007 ], [ -2.906265150999957, 40.89434650100003 ], [ -2.90887, 40.896030499000062 ], [ -2.898189499999944, 40.909110999000063 ] ] ] } },
{ "type": "Feature", "properties": { "code": "19160", "name": "Loranca de Tajuña" }, "geometry": { "type": "Polygon", "coordinates": [ [ [ -3.155363499999964, 40.439392499000064 ], [ -3.151883636999969, 40.448230025000043 ], [ -3.152114863999941, 40.459881685000028 ], [ -3.136754499999938, 40.463846499000056 ], [ -3.130113577999964, 40.461129605000053 ], [ -3.112800081999978, 40.471740512000054 ], [ -3.101482499999975, 40.47021249900007 ], [ -3.084612361999973, 40.472214213000029 ], [ -3.070195499999954, 40.462871499000073 ], [ -3.079142391999937, 40.458208514000034 ], [ -3.082473254999968, 40.450185772000054 ], [ -3.079524, 40.431880999000043 ], [ -3.085350643999959, 40.430412802000035 ], [ -3.093974652999975, 40.416659211000081 ], [ -3.112047361999942, 40.408233544000041 ], [ -3.125763672999938, 40.409686620000059 ], [ -3.130407, 40.405153999000049 ], [ -3.141955220999932, 40.412952148000045 ], [ -3.155363499999964, 40.439392499000064 ] ] ] } },
{ "type": "Feature", "properties": { "code": "19161", "name": "Lupiana" }, "geometry": { "type": "Polygon", "coordinates": [ [ [ -3.027485, 40.637881999000058 ], [ -3.021922375999964, 40.624476249000054 ], [ -3.000083401999973, 40.622725266000032 ], [ -2.99204, 40.616467999000065 ], [ -3.012622499999964, 40.593417999000053 ], [ -3.017892499999959, 40.59004599900004 ], [ -3.037490082999966, 40.589811246000068 ], [ -3.055245609999929, 40.59544795000005 ], [ -3.058598642999925, 40.60027935200003 ], [ -3.081548, 40.600205499000026 ], [ -3.085318642999937, 40.615411392000055 ], [ -3.09453332399994, 40.623418503000039 ], [ -3.098123624999971, 40.630446050000046 ], [ -3.092585, 40.63870349900003 ], [ -3.07392281999995, 40.639601158000062 ], [ -3.072360274999937, 40.632918773000029 ], [ -3.06412751199997, 40.630431027000043 ], [ -3.048254625999959, 40.636060132000068 ], [ -3.040920877999952, 40.636373096000057 ], [ -3.03474618499996, 40.633105569000065 ], [ -3.027485, 40.637881999000058 ] ] ] } },
{ "type": "Feature", "properties": { "code": "19162", "name": "Luzaga" }, "geometry": { "type": "Polygon", "coordinates": [ [ [ -2.43776749999995, 40.911601999000027 ], [ -2.446263421999959, 40.925061442000072 ], [ -2.454382117999955, 40.946465127000067 ], [ -2.465357338999979, 40.951701949000039 ], [ -2.471719720999943, 40.958833721000076 ], [ -2.491139525999927, 40.962109498000075 ], [ -2.495127350999951, 40.96690707700003 ], [ -2.48954892699993, 40.979258849000075 ], [ -2.470438000999934, 40.978160734000028 ], [ -2.459041998999965, 40.98284372300003 ], [ -2.446705103999932, 41.002180090000024 ], [ -2.435692, 41.005988999000067 ], [ -2.433868666999956, 40.99985480600003 ], [ -2.41360625599998, 40.994640135000054 ], [ -2.41108, 40.988307999000028 ], [ -2.420707891999939, 40.967895466000073 ], [ -2.438386575999971, 40.944547575000058 ], [ -2.425597, 40.926322999000035 ], [ -2.433805499999949, 40.914966499000059 ], [ -2.43586849999997, 40.914203499000052 ], [ -2.43776749999995, 40.911601999000027 ] ] ] } },
{ "type": "Feature", "properties": { "code": "19163", "name": "Luzón" }, "geometry": { "type": "Polygon", "coordinates": [ [ [ -2.263541499999974, 41.067542999000068 ], [ -2.242620568999939, 41.059277122000026 ], [ -2.242156870999963, 41.044099568000036 ], [ -2.230161499999952, 41.032226499000046 ], [ -2.235806, 41.027587999000048 ], [ -2.236835499999927, 41.02496349900008 ], [ -2.238917, 41.023006499000076 ], [ -2.238145, 40.999137999000027 ], [ -2.239156, 40.992774999000062 ], [ -2.248663499999964, 40.992305499000054 ], [ -2.25383949999997, 40.986549499000034 ], [ -2.261169499999937, 40.986937999000077 ], [ -2.267899, 40.985862999000062 ], [ -2.281932, 40.98752999900006 ], [ -2.299076499999956, 40.995235499000046 ], [ -2.315317, 41.009010499000055 ], [ -2.315691499999957, 41.01305749900007 ], [ -2.318069499999979, 41.014251499000068 ], [ -2.32309749999996, 41.023898999000039 ], [ -2.323271499999976, 41.027816999000038 ], [ -2.32857649999994, 41.031413999000051 ], [ -2.329036499999972, 41.037776999000073 ], [ -2.325705, 41.05394349900007 ], [ -2.323404, 41.056518499000049 ], [ -2.315593499999977, 41.061633999000037 ], [ -2.302247499999964, 41.06542599900007 ], [ -2.293579, 41.071262499000056 ], [ -2.29110849999995, 41.070861499000046 ], [ -2.28400449999998, 41.065059499000029 ], [ -2.276396499999976, 41.065372499000034 ], [ -2.26640249999997, 41.068137999000044 ], [ -2.263541499999974, 41.067542999000068 ] ] ] } },
{ "type": "Feature", "properties": { "code": "19165", "name": "Majaelrayo" }, "geometry": { "type": "Polygon", "coordinates": [ [ [ -3.255641499999967, 41.103893499000037 ], [ -3.261906173999932, 41.104666418000079 ], [ -3.288511144999973, 41.096471572000041 ], [ -3.302006396999957, 41.096879078000029 ], [ -3.311203171999978, 41.101423246000024 ], [ -3.313882916999944, 41.117647246000047 ], [ -3.317527712999947, 41.121099155000024 ], [ -3.324067464999928, 41.115007640000044 ], [ -3.32957158399995, 41.114724645000081 ], [ -3.333770454999978, 41.118693703000076 ], [ -3.348950554999931, 41.111577709000073 ], [ -3.355875499999968, 41.102752499000076 ], [ -3.356323821999979, 41.114385016000028 ], [ -3.36271475999996, 41.120919277000041 ], [ -3.365620287999946, 41.129211404000046 ], [ -3.367137947999936, 41.140868979000061 ], [ -3.36335834199997, 41.148684006000053 ], [ -3.363841054999966, 41.157882835000066 ], [ -3.36602058099993, 41.16593440500003 ], [ -3.373329918999957, 41.169766754000079 ], [ -3.374490591999972, 41.192079762000049 ], [ -3.378079499999956, 41.199264499000037 ], [ -3.369221783999933, 41.199306370000045 ], [ -3.361383571999966, 41.195156024000028 ], [ -3.354515110999955, 41.182349123000051 ], [ -3.338571559999934, 41.170637155000065 ], [ -3.322688960999926, 41.17106099800003 ], [ -3.311820907999959, 41.166552353000043 ], [ -3.309808275999956, 41.158330775000024 ], [ -3.304734736999933, 41.154552815000045 ], [ -3.291550801999961, 41.150891994000062 ], [ -3.288782737999952, 41.156196818000069 ], [ -3.279170499999964, 41.161834999000064 ], [ -3.280096, 41.15808849900003 ], [ -3.279169499999966, 41.147685999000032 ], [ -3.275886, 41.140247499000054 ], [ -3.27399349999996, 41.129375499000048 ], [ -3.265532499999949, 41.111121999000034 ], [ -3.255641499999967, 41.103893499000037 ] ] ] } },
{ "type": "Feature", "properties": { "code": "19166", "name": "Málaga del Fresno" }, "geometry": { "type": "Polygon", "coordinates": [ [ [ -3.280604499999924, 40.800681999000062 ], [ -3.264469142999928, 40.801185997000061 ], [ -3.243222443999969, 40.807048742000063 ], [ -3.232183, 40.815894999000079 ], [ -3.224261499999955, 40.797850999000048 ], [ -3.197743, 40.783904999000072 ], [ -3.207610356999965, 40.780778462000058 ], [ -3.222445079999943, 40.768456010000079 ], [ -3.220592, 40.757024999000066 ], [ -3.223286176999977, 40.762849799000037 ], [ -3.228371599999946, 40.765318282000067 ], [ -3.255603985999926, 40.766353152000079 ], [ -3.267075506999959, 40.769513562000043 ], [ -3.272297727999955, 40.760628242000053 ], [ -3.277449499999932, 40.765607999000053 ], [ -3.281603634999954, 40.778500324000049 ], [ -3.280604499999924, 40.800681999000062 ] ] ] } },
{ "type": "Feature", "properties": { "code": "19167", "name": "Malaguilla" }, "geometry": { "type": "Polygon", "coordinates": [ [ [ -3.232183, 40.815894999000079 ], [ -3.243222443999969, 40.807048742000063 ], [ -3.264469142999928, 40.801185997000061 ], [ -3.280604499999924, 40.800681999000062 ], [ -3.293767339999931, 40.810033778000047 ], [ -3.295576868999945, 40.818953561000058 ], [ -3.288426499999957, 40.841346999000052 ], [ -3.275217773999941, 40.86022537000008 ], [ -3.263214258999938, 40.867473380000035 ], [ -3.261846, 40.872173499000041 ], [ -3.24876769399998, 40.879846383000029 ], [ -3.245873, 40.872325999000054 ], [ -3.248242741999945, 40.862174574000051 ], [ -3.244433172999948, 40.841298871000049 ], [ -3.232183, 40.815894999000079 ] ] ] } },
{ "type": "Feature", "properties": { "code": "19168", "name": "Mandayona" }, "geometry": { "type": "Polygon", "coordinates": [ [ [ -2.755046, 40.924434499000029 ], [ -2.771394732999966, 40.945548313000074 ], [ -2.775375091999933, 40.969745117000059 ], [ -2.767451, 40.983875499000078 ], [ -2.756114305999972, 40.985988673000065 ], [ -2.738054165999927, 40.983069207000028 ], [ -2.727639, 40.990352499000039 ], [ -2.71999595799997, 40.991793064000035 ], [ -2.704702318999978, 41.000997442000028 ], [ -2.690118, 40.992248499000027 ], [ -2.703703527999949, 40.978578697000046 ], [ -2.704152928999974, 40.966061485000068 ], [ -2.710423499999933, 40.95996849900007 ], [ -2.71940565999995, 40.959581353000033 ], [ -2.723534016999963, 40.953311474000031 ], [ -2.737410444999966, 40.945298983000043 ], [ -2.724842260999935, 40.918983683000079 ], [ -2.733163499999932, 40.911090499000068 ], [ -2.735111, 40.91102999900005 ], [ -2.742154379999931, 40.919567760000064 ], [ -2.755046, 40.924434499000029 ] ] ] } },
{ "type": "Feature", "properties": { "code": "19169", "name": "Mantiel" }, "geometry": { "type": "Polygon", "coordinates": [ [ [ -2.668888, 40.655964999000048 ], [ -2.667205005999961, 40.651268003000041 ], [ -2.647873781999976, 40.628301533000069 ], [ -2.645889378999925, 40.615392879000069 ], [ -2.650552, 40.605739499000038 ], [ -2.655759499999931, 40.602088999000046 ], [ -2.661309, 40.60269099900006 ], [ -2.686166272999969, 40.608911441000032 ], [ -2.696794, 40.619975999000076 ], [ -2.690281607999964, 40.628077055000063 ], [ -2.679832045999945, 40.631124343000067 ], [ -2.679275526999959, 40.63583662700006 ], [ -2.687218092999956, 40.637657682000054 ], [ -2.688719843999934, 40.640653042000054 ], [ -2.686102828999935, 40.643704034000052 ], [ -2.67900685799998, 40.640715460000081 ], [ -2.677093, 40.646637499000065 ], [ -2.682304551999948, 40.651826163000067 ], [ -2.68116953699996, 40.654582444000027 ], [ -2.668888, 40.655964999000048 ] ] ] } },
{ "type": "Feature", "properties": { "code": "19170", "name": "Maranchón" }, "geometry": { "type": "Polygon", "coordinates": [ [ [ -2.230161499999952, 41.032226499000046 ], [ -2.242156870999963, 41.044099568000036 ], [ -2.242620568999939, 41.059277122000026 ], [ -2.263541499999974, 41.067542999000068 ], [ -2.232304054999929, 41.096276233000026 ], [ -2.176612077999948, 41.084337248000054 ], [ -2.166518012999973, 41.095566851000058 ], [ -2.143979909999928, 41.102894064000054 ], [ -2.13637818199993, 41.115384729000027 ], [ -2.131920788999935, 41.11709774600007 ], [ -2.110772278999946, 41.098506516000043 ], [ -2.081322161999935, 41.086060173000078 ], [ -2.07308435799996, 41.073543946000029 ], [ -2.056429499999979, 41.069698499000026 ], [ -2.046017, 41.058116999000049 ], [ -2.039545, 41.058677499000055 ], [ -2.021098, 41.056171499000072 ], [ -2.029625009999961, 41.039775402000032 ], [ -2.031337765999979, 41.024015200000065 ], [ -2.040229409999938, 41.020499571000073 ], [ -2.047362894999935, 41.011915329000033 ], [ -2.060826471999974, 41.010377693000066 ], [ -2.076564416999929, 40.998184554000034 ], [ -2.076689508999948, 40.990050713000073 ], [ -2.067440880999925, 40.986506130000066 ], [ -2.067059149999977, 40.982082903000048 ], [ -2.094208499999979, 40.978256499000054 ], [ -2.107067, 40.989303499000073 ], [ -2.100863715999935, 40.997619903000043 ], [ -2.101830820999965, 41.011419301000046 ], [ -2.105406938999977, 41.019436 ], [ -2.109242520999942, 41.019252632000075 ], [ -2.113469978999944, 41.007873289000031 ], [ -2.118291148999958, 41.005740126000035 ], [ -2.125820853999926, 41.007137678000049 ], [ -2.140935383999931, 41.016595107000057 ], [ -2.169961267999952, 41.022888226000077 ], [ -2.195456499999977, 41.020854999000051 ], [ -2.212159253999971, 41.022245066000039 ], [ -2.22119214199995, 41.029662053000038 ], [ -2.230161499999952, 41.032226499000046 ] ] ] } },
{ "type": "Feature", "properties": { "code": "19171", "name": "Marchamalo" }, "geometry": { "type": "Polygon", "coordinates": [ [ [ -3.205328, 40.723701499000072 ], [ -3.185844499999973, 40.706173999000043 ], [ -3.191532276999965, 40.705620875000079 ], [ -3.196217155999932, 40.701067482000042 ], [ -3.19936243899997, 40.689924674000054 ], [ -3.174597260999974, 40.685435815000062 ], [ -3.175288774999956, 40.667327350000051 ], [ -3.182986353999979, 40.657552059000068 ], [ -3.191897811999979, 40.655746151000073 ], [ -3.200144, 40.644695999000078 ], [ -3.235599135999962, 40.65723235400003 ], [ -3.242401, 40.665928499000074 ], [ -3.237807565999958, 40.67220235700006 ], [ -3.239315458999954, 40.678065786000047 ], [ -3.229603440999938, 40.683795328000031 ], [ -3.230769215999942, 40.691150094000079 ], [ -3.238304564999964, 40.700631612000052 ], [ -3.236758878999979, 40.70795324900007 ], [ -3.232044285999962, 40.709510766000051 ], [ -3.23288746299994, 40.714849891000028 ], [ -3.20998233399996, 40.716136139000071 ], [ -3.209557802999939, 40.720611096000027 ], [ -3.205328, 40.723701499000072 ] ] ] } },
{ "type": "Feature", "properties": { "code": "19172", "name": "Masegoso de Tajuña" }, "geometry": { "type": "Polygon", "coordinates": [ [ [ -2.725654499999962, 40.825877999000056 ], [ -2.715457499999957, 40.847472999000047 ], [ -2.71235194999997, 40.851664552000045 ], [ -2.698995, 40.85470949900008 ], [ -2.677285499999925, 40.832256499000039 ], [ -2.67527, 40.826793499000075 ], [ -2.680456499999934, 40.824004999000067 ], [ -2.68020649999994, 40.81175199900008 ], [ -2.681879, 40.804362999000034 ], [ -2.681450499999926, 40.80188399900004 ], [ -2.682859, 40.792750999000077 ], [ -2.68814, 40.793620999000041 ], [ -2.692546499999935, 40.79686749900003 ], [ -2.704474, 40.801711999000077 ], [ -2.708767087999945, 40.812567475000037 ], [ -2.718079607999925, 40.817208211000036 ], [ -2.725654499999962, 40.825877999000056 ] ] ] } },
{ "type": "Feature", "properties": { "code": "19173", "name": "Matarrubia" }, "geometry": { "type": "Polygon", "coordinates": [ [ [ -3.319474, 40.842101999000079 ], [ -3.320989095999948, 40.85292727500007 ], [ -3.318917704999933, 40.856876580000062 ], [ -3.322977899999955, 40.868567873000075 ], [ -3.329208094999956, 40.873756185000047 ], [ -3.339981, 40.876609999000038 ], [ -3.335549683999943, 40.879986070000029 ], [ -3.33715, 40.891650999000035 ], [ -3.314449395999929, 40.902679092000028 ], [ -3.286064404999934, 40.894149852000055 ], [ -3.273887, 40.894042999000078 ], [ -3.261846, 40.872173499000041 ], [ -3.263214258999938, 40.867473380000035 ], [ -3.275217773999941, 40.86022537000008 ], [ -3.288426499999957, 40.841346999000052 ], [ -3.305972079999947, 40.844966662000047 ], [ -3.319474, 40.842101999000079 ] ] ] } },
{ "type": "Feature", "properties": { "code": "19174", "name": "Matillas" }, "geometry": { "type": "Polygon", "coordinates": [ [ [ -2.825254, 40.923526999000046 ], [ -2.829119499999933, 40.922416499000065 ], [ -2.842074499999967, 40.922404999000037 ], [ -2.844738, 40.921462999000028 ], [ -2.846637845999965, 40.937611438000033 ], [ -2.850213829999973, 40.940919431000054 ], [ -2.855373499999928, 40.956573499000058 ], [ -2.845473499999969, 40.957137999000054 ], [ -2.840633, 40.959087499000077 ], [ -2.835092920999955, 40.959695562000036 ], [ -2.831045499999959, 40.962245999000061 ], [ -2.820932212999935, 40.953382941000029 ], [ -2.811916, 40.935973999000055 ], [ -2.814197, 40.932472499000028 ], [ -2.818208, 40.929317499000035 ], [ -2.819916, 40.925609499000075 ], [ -2.822046499999942, 40.924045499000044 ], [ -2.825254, 40.923526999000046 ] ] ] } },
{ "type": "Feature", "properties": { "code": "19175", "name": "Mazarete" }, "geometry": { "type": "Polygon", "coordinates": [ [ [ -2.253686499999958, 40.964298499000051 ], [ -2.253132836999953, 40.971713238000063 ], [ -2.26093508699995, 40.979278547000035 ], [ -2.261169499999937, 40.986937999000077 ], [ -2.25383949999997, 40.986549499000034 ], [ -2.248663499999964, 40.992305499000054 ], [ -2.239156, 40.992774999000062 ], [ -2.22634276499997, 40.977532590000067 ], [ -2.207340109999961, 40.978812851000043 ], [ -2.198326019999968, 40.987861151000061 ], [ -2.202043833999937, 41.002185819000033 ], [ -2.195456499999977, 41.020854999000051 ], [ -2.169961267999952, 41.022888226000077 ], [ -2.140935383999931, 41.016595107000057 ], [ -2.125820853999926, 41.007137678000049 ], [ -2.118291148999958, 41.005740126000035 ], [ -2.113469978999944, 41.007873289000031 ], [ -2.109242520999942, 41.019252632000075 ], [ -2.105406938999977, 41.019436 ], [ -2.101830820999965, 41.011419301000046 ], [ -2.100863715999935, 40.997619903000043 ], [ -2.107067, 40.989303499000073 ], [ -2.10778449999998, 40.986427499000058 ], [ -2.14744972799997, 40.998653159000071 ], [ -2.190063154999962, 40.969553731000076 ], [ -2.17156852599993, 40.939887986000031 ], [ -2.157128499999942, 40.922336499000039 ], [ -2.161606, 40.917587499000035 ], [ -2.167081499999938, 40.913695999000026 ], [ -2.188731866999944, 40.930199574000028 ], [ -2.238411, 40.955241999000066 ], [ -2.246914499999946, 40.957828499000072 ], [ -2.247695, 40.960292999000046 ], [ -2.252406, 40.96207399900004 ], [ -2.253686499999958, 40.964298499000051 ] ] ] } },
{ "type": "Feature", "properties": { "code": "19176", "name": "Mazuecos" }, "geometry": { "type": "Polygon", "coordinates": [ [ [ -3.083619499999941, 40.291362499000059 ], [ -3.08097749999996, 40.295848999000043 ], [ -3.076312, 40.299464999000065 ], [ -3.069288, 40.291282499000033 ], [ -3.0608, 40.28602599900006 ], [ -3.057422499999973, 40.28510699900005 ], [ -3.052011, 40.285190499000066 ], [ -3.030598, 40.278049499000076 ], [ -3.014189, 40.277221499000063 ], [ -2.995608524999966, 40.271660783000073 ], [ -2.979965334999974, 40.256952828000067 ], [ -2.975558499999977, 40.243922999000063 ], [ -2.977211826999962, 40.239068850000081 ], [ -2.981711435999955, 40.236798947000068 ], [ -2.997138138999958, 40.237643049000042 ], [ -2.999684, 40.231880499000056 ], [ -3.016658987999961, 40.239555571000039 ], [ -3.029499573999942, 40.254298451000068 ], [ -3.043275800999936, 40.260964958000045 ], [ -3.083619499999941, 40.291362499000059 ] ] ] } },
{ "type": "Feature", "properties": { "code": "19177", "name": "Medranda" }, "geometry": { "type": "Polygon", "coordinates": [ [ [ -2.960775, 40.971980999000039 ], [ -2.954671499999961, 40.999156999000036 ], [ -2.944730499999935, 40.998889999000028 ], [ -2.941126, 41.002120999000056 ], [ -2.93276549999996, 41.001766499000041 ], [ -2.929317499999968, 41.002792499000066 ], [ -2.923729499999979, 41.002307999000038 ], [ -2.918371, 40.998676499000055 ], [ -2.916058, 40.994331499000054 ], [ -2.91518149999996, 40.990764499000079 ], [ -2.917589499999963, 40.985801499000047 ], [ -2.919133836999947, 40.97879191800007 ], [ -2.927105499999925, 40.970828999000048 ], [ -2.936876, 40.970653499000036 ], [ -2.947990499999946, 40.968063499000039 ], [ -2.955987499999935, 40.969276499000046 ], [ -2.960775, 40.971980999000039 ] ] ] } },
{ "type": "Feature", "properties": { "code": "19178", "name": "Megina" }, "geometry": { "type": "Polygon", "coordinates": [ [ [ -1.82880849999998, 40.625816499000052 ], [ -1.848173653999936, 40.616940603000046 ], [ -1.858278, 40.598464999000043 ], [ -1.872883997999963, 40.607040927000071 ], [ -1.887438352999936, 40.62346524700007 ], [ -1.906255443999953, 40.633173391000071 ], [ -1.908562149999966, 40.636732141000039 ], [ -1.905826501999968, 40.641211845000043 ], [ -1.907786499999929, 40.64497699900005 ], [ -1.891219908999972, 40.652255619000073 ], [ -1.881272343999967, 40.653229644000078 ], [ -1.86972338299995, 40.650369395000041 ], [ -1.858006515999932, 40.664149727000051 ], [ -1.849302955999974, 40.66640198500005 ], [ -1.841681499999936, 40.664287499000068 ], [ -1.829587568999955, 40.637082705000068 ], [ -1.82880849999998, 40.625816499000052 ] ] ] } },
{ "type": "Feature", "properties": { "code": "19179", "name": "Membrillera" }, "geometry": { "type": "Polygon", "coordinates": [ [ [ -3.033579499999973, 40.933665999000027 ], [ -3.033263284999975, 40.943405979000033 ], [ -3.044307, 40.957370499000035 ], [ -3.019776499999978, 40.976596999000037 ], [ -3.004195107999976, 40.97500958300003 ], [ -2.990389609999966, 40.98396144700007 ], [ -2.972185499999966, 40.974433999000041 ], [ -2.969520459999956, 40.964388834000033 ], [ -2.96216035499998, 40.952052320000064 ], [ -2.961850086999959, 40.928162601000054 ], [ -2.962825063999958, 40.924339437000071 ], [ -2.960153168999966, 40.917499872000064 ], [ -2.976843686999928, 40.902716023000039 ], [ -2.988032729999929, 40.903872765000074 ], [ -2.990747, 40.901824999000041 ], [ -2.988991450999947, 40.909638202000053 ], [ -3.005066236999937, 40.924715160000062 ], [ -3.033579499999973, 40.933665999000027 ] ] ] } },
{ "type": "Feature", "properties": { "code": "19181", "name": "Miedes de Atienza" }, "geometry": { "type": "Polygon", "coordinates": [ [ [ -2.950145, 41.292648499000052 ], [ -2.934535058999927, 41.284432387000038 ], [ -2.930211894999957, 41.267200040000034 ], [ -2.926911318999942, 41.265401592000046 ], [ -2.921494205999977, 41.267200224000078 ], [ -2.899441537999962, 41.244744539000067 ], [ -2.90061, 41.24078399900003 ], [ -2.929048086999956, 41.250769615000024 ], [ -2.952914, 41.228748499000062 ], [ -2.973454622999952, 41.218402468000079 ], [ -2.967269102999978, 41.198850985000036 ], [ -2.985578, 41.195796999000038 ], [ -2.991052, 41.203327499000068 ], [ -2.992814095999961, 41.218793599000037 ], [ -2.982491873999948, 41.23570886300007 ], [ -2.981268989999933, 41.249201336000056 ], [ -2.986758189999932, 41.257519613000056 ], [ -3.001092435999965, 41.269536522000067 ], [ -3.006003499999963, 41.28440899900005 ], [ -2.997561, 41.286796999000046 ], [ -2.989868499999943, 41.287379999000052 ], [ -2.988089, 41.28878449900003 ], [ -2.976276, 41.291358999000067 ], [ -2.967450499999927, 41.291923499000063 ], [ -2.966135, 41.293239499000038 ], [ -2.953537499999925, 41.291957999000033 ], [ -2.950145, 41.292648499000052 ] ] ] } },
{ "type": "Feature", "properties": { "code": "19182", "name": "Mierla, La" }, "geometry": { "type": "Polygon", "coordinates": [ [ [ -3.269155, 40.942073999000058 ], [ -3.261887890999958, 40.956827816000043 ], [ -3.256791681999971, 40.961636874000078 ], [ -3.247983156999965, 40.963481367000043 ], [ -3.246628, 40.970374999000057 ], [ -3.243222443999969, 40.969211815000051 ], [ -3.222736977999944, 40.955298157000072 ], [ -3.215308499999935, 40.943923999000049 ], [ -3.214103233999936, 40.929064571000026 ], [ -3.223972499999945, 40.916194999000027 ], [ -3.225522, 40.918208999000058 ], [ -3.228329499999973, 40.919574999000076 ], [ -3.234546, 40.917369999000073 ], [ -3.246396, 40.917148499000064 ], [ -3.250428, 40.91562699900004 ], [ -3.268955, 40.927619999000058 ], [ -3.267250818999969, 40.937007808000033 ], [ -3.269155, 40.942073999000058 ] ] ] } },
{ "type": "Feature", "properties": { "code": "19183", "name": "Milmarcos" }, "geometry": { "type": "Polygon", "coordinates": [ [ [ -1.860535, 41.040508499000055 ], [ -1.870340384999963, 41.042735719000063 ], [ -1.876647244999958, 41.057862574000069 ], [ -1.899288153999976, 41.071154384000067 ], [ -1.921485707999977, 41.091959383000074 ], [ -1.934012, 41.097446499000057 ], [ -1.929153499999927, 41.100326499000062 ], [ -1.925092499999948, 41.10546849900004 ], [ -1.917216499999938, 41.119491499000048 ], [ -1.92129, 41.131233499000075 ], [ -1.921643499999959, 41.134300499000062 ], [ -1.899070589999951, 41.135281828000075 ], [ -1.890529499999957, 41.133042999000054 ], [ -1.877567309999961, 41.121789627000055 ], [ -1.869638230999954, 41.108349770000075 ], [ -1.826382, 41.095375499000056 ], [ -1.832769983999981, 41.086307318000024 ], [ -1.848072327999944, 41.074111239000047 ], [ -1.853604760999929, 41.049214185000039 ], [ -1.860535, 41.040508499000055 ] ] ] } },
{ "type": "Feature", "properties": { "code": "19184", "name": "Millana" }, "geometry": { "type": "Polygon", "coordinates": [ [ [ -2.620129, 40.506912499000066 ], [ -2.627317499999947, 40.513240999000061 ], [ -2.626917499999934, 40.515231999000036 ], [ -2.614695499999925, 40.530532999000059 ], [ -2.614001499999972, 40.534251999000048 ], [ -2.607724499999961, 40.535346999000069 ], [ -2.601854883999977, 40.52863052500004 ], [ -2.588901331999978, 40.523230116000036 ], [ -2.566874608999967, 40.524309042000027 ], [ -2.553208981999944, 40.516752933000078 ], [ -2.546268, 40.518977999000072 ], [ -2.539900133999936, 40.507425041000033 ], [ -2.52963148799995, 40.498516305000066 ], [ -2.535737517999962, 40.492999048000058 ], [ -2.54445549999997, 40.474654999000052 ], [ -2.551516533999973, 40.472005965000051 ], [ -2.599625342999957, 40.50086458800007 ], [ -2.620129, 40.506912499000066 ] ] ] } },
{ "type": "Feature", "properties": { "code": "19185", "name": "Miñosa, La" }, "geometry": { "type": "Polygon", "coordinates": [ [ [ -2.915965, 41.142020999000067 ], [ -2.926171089999968, 41.147530305000032 ], [ -2.939817499999947, 41.145133999000052 ], [ -2.949139493999951, 41.15091204600003 ], [ -2.951725847999967, 41.160470668000073 ], [ -2.963666865999926, 41.162465261000079 ], [ -2.967138, 41.154498999000054 ], [ -2.976049, 41.162780999000063 ], [ -2.961389074999943, 41.184052351000048 ], [ -2.968145589999949, 41.187589446000061 ], [ -2.975555091999979, 41.185392679000074 ], [ -2.982795704999944, 41.187398815000051 ], [ -2.985578, 41.195796999000038 ], [ -2.967269102999978, 41.198850985000036 ], [ -2.973454622999952, 41.218402468000079 ], [ -2.952914, 41.228748499000062 ], [ -2.942646314999934, 41.219718173000047 ], [ -2.900531638999951, 41.213183447000063 ], [ -2.897951878999947, 41.208908264000058 ], [ -2.899441386999968, 41.204058599000064 ], [ -2.91109236799997, 41.191572717000042 ], [ -2.917611289999968, 41.177679839000064 ], [ -2.89510619899994, 41.160755872000038 ], [ -2.880836, 41.154529499000034 ], [ -2.902427192999937, 41.14933450400008 ], [ -2.915965, 41.142020999000067 ] ] ] } },
{ "type": "Feature", "properties": { "code": "19186", "name": "Mirabueno" }, "geometry": { "type": "Polygon", "coordinates": [ [ [ -2.710423499999933, 40.95996849900007 ], [ -2.707419621999975, 40.949144051000076 ], [ -2.695400652999979, 40.943045762000054 ], [ -2.690025341999956, 40.932562781000058 ], [ -2.689436394999973, 40.926373080000076 ], [ -2.697480307999967, 40.911360596000065 ], [ -2.684458, 40.90025349900003 ], [ -2.693759499999942, 40.89654149900008 ], [ -2.700849, 40.89588549900003 ], [ -2.7064, 40.894466499000032 ], [ -2.717654559999971, 40.903833322000025 ], [ -2.73075208399996, 40.905834276000064 ], [ -2.733163499999932, 40.911090499000068 ], [ -2.724842260999935, 40.918983683000079 ], [ -2.737410444999966, 40.945298983000043 ], [ -2.723534016999963, 40.953311474000031 ], [ -2.71940565999995, 40.959581353000033 ], [ -2.710423499999933, 40.95996849900007 ] ] ] } },
{ "type": "Feature", "properties": { "code": "19187", "name": "Miralrío" }, "geometry": { "type": "Polygon", "coordinates": [ [ [ -2.952866499999971, 40.879481999000063 ], [ -2.955267, 40.894328999000038 ], [ -2.949371, 40.90187449900003 ], [ -2.945975499999975, 40.903972499000076 ], [ -2.946483499999943, 40.906299499000056 ], [ -2.942885499999932, 40.905853499000045 ], [ -2.937055, 40.90736399900004 ], [ -2.928258, 40.905620499000065 ], [ -2.928715499999953, 40.899253999000052 ], [ -2.926774, 40.894412999000053 ], [ -2.924807, 40.89197899900006 ], [ -2.915293499999962, 40.885009999000033 ], [ -2.925283515999979, 40.869819568000025 ], [ -2.933331510999949, 40.880381758000055 ], [ -2.941522499999962, 40.87661349900003 ], [ -2.952866499999971, 40.879481999000063 ] ] ] } },
{ "type": "Feature", "properties": { "code": "19188", "name": "Mochales" }, "geometry": { "type": "Polygon", "coordinates": [ [ [ -2.020089499999926, 41.056945499000051 ], [ -2.021098, 41.056171499000072 ], [ -2.039545, 41.058677499000055 ], [ -2.046017, 41.058116999000049 ], [ -2.056429499999979, 41.069698499000026 ], [ -2.048174499999959, 41.078384499000038 ], [ -2.057513, 41.08469799900007 ], [ -2.060267499999952, 41.089393499000039 ], [ -2.065618499999971, 41.095798499000068 ], [ -2.063651, 41.103519999000071 ], [ -2.060375, 41.105205499000078 ], [ -2.062715499999968, 41.113120999000046 ], [ -2.059178499999973, 41.119804499000054 ], [ -2.050585, 41.125903999000059 ], [ -2.050606499999958, 41.129417499000056 ], [ -2.040167499999939, 41.127906499000062 ], [ -2.032212, 41.128490499000065 ], [ -2.018639, 41.118366499000047 ], [ -2.007835499999942, 41.117553499000053 ], [ -2.004947499999957, 41.116413499000032 ], [ -1.99376, 41.104018999000061 ], [ -1.987607, 41.098388499000066 ], [ -1.981055, 41.09696199900003 ], [ -1.979256499999963, 41.094684499000039 ], [ -1.992269499999964, 41.089385999000058 ], [ -2.022399, 41.074504999000055 ], [ -2.025812499999972, 41.071342499000025 ], [ -2.02459, 41.064693499000043 ], [ -2.021955, 41.063491499000065 ], [ -2.020089499999926, 41.056945499000051 ] ] ] } },
{ "type": "Feature", "properties": { "code": "19189", "name": "Mohernando" }, "geometry": { "type": "Polygon", "coordinates": [ [ [ -3.133945499999925, 40.769450999000071 ], [ -3.149866980999946, 40.774504860000036 ], [ -3.164557947999981, 40.784768504000056 ], [ -3.172234100999958, 40.779399423000029 ], [ -3.182301637999956, 40.784434114000078 ], [ -3.197743, 40.783904999000072 ], [ -3.224261499999955, 40.797850999000048 ], [ -3.199412576999975, 40.815920172000062 ], [ -3.200551838999957, 40.822030197000061 ], [ -3.195818, 40.832378499000072 ], [ -3.163908228999958, 40.811877094000067 ], [ -3.151302297999962, 40.806930358000045 ], [ -3.132274, 40.81195449900008 ], [ -3.135380572999964, 40.805479454000078 ], [ -3.130443499999956, 40.802749499000072 ], [ -3.134014322999974, 40.799005590000036 ], [ -3.133060499999942, 40.771793499000069 ], [ -3.133945499999925, 40.769450999000071 ] ] ] } },
{ "type": "Feature", "properties": { "code": "19190", "name": "Molina de Aragón" }, "geometry": { "type": "Polygon", "coordinates": [ [ [ -1.729444499999943, 40.850333999000043 ], [ -1.735008131999962, 40.85279588700007 ], [ -1.747724482999956, 40.850968269000077 ], [ -1.757823407999979, 40.842522258000031 ], [ -1.767905880999933, 40.840234445000078 ], [ -1.786828499999956, 40.816493999000045 ], [ -1.794044499999927, 40.812949999000068 ], [ -1.797826499999928, 40.813014999000075 ], [ -1.803262, 40.808738499000071 ], [ -1.811994499999969, 40.809035999000059 ], [ -1.826849, 40.811736999000061 ], [ -1.855429128999958, 40.827933113000029 ], [ -1.862465955999937, 40.823450621000063 ], [ -1.86949575999995, 40.824861100000078 ], [ -1.878067328999975, 40.821871289000057 ], [ -1.87893811899994, 40.813269492000074 ], [ -1.896209, 40.802531999000053 ], [ -1.894087966999962, 40.809688593000033 ], [ -1.906635821999942, 40.830175604000033 ], [ -1.910141182999951, 40.846217350000074 ], [ -1.915343668999981, 40.850603775000025 ], [ -1.927382499999965, 40.852855499000043 ], [ -1.924058475999971, 40.868657381000048 ], [ -1.918298769999979, 40.875776526000038 ], [ -1.905913042999941, 40.882362477000072 ], [ -1.897440527999947, 40.893360820000055 ], [ -1.887519, 40.891987499000038 ], [ -1.865726494999933, 40.895351533000053 ], [ -1.846661925999967, 40.893568235000032 ], [ -1.833925503999978, 40.889105750000056 ], [ -1.817621820999932, 40.916972515000054 ], [ -1.80557433599995, 40.926133600000071 ], [ -1.800073, 40.934833499000035 ], [ -1.783132499999965, 40.94093699900003 ], [ -1.769984499999964, 40.944469499000036 ], [ -1.755725499999926, 40.945850499000073 ], [ -1.739464, 40.94134899900007 ], [ -1.737701499999957, 40.942210999000054 ], [ -1.71705, 40.932056499000055 ], [ -1.707948659999943, 40.906090541000026 ], [ -1.70839849999993, 40.900511999000059 ], [ -1.715166390999968, 40.870304819000069 ], [ -1.726227346999963, 40.862279121000029 ], [ -1.729444499999943, 40.850333999000043 ] ] ] } },
{ "type": "Feature", "properties": { "code": "19191", "name": "Monasterio" }, "geometry": { "type": "Polygon", "coordinates": [ [ [ -3.101356, 41.018921499000044 ], [ -3.082791948999954, 40.979804699000056 ], [ -3.073452906999933, 40.973011418000056 ], [ -3.080069743999957, 40.969228996000027 ], [ -3.097837499999969, 40.970477999000025 ], [ -3.111254110999937, 40.980908748000047 ], [ -3.130385683999975, 40.98320689500008 ], [ -3.153813499999956, 41.009414499000059 ], [ -3.145224, 41.013496499000041 ], [ -3.13874549999997, 41.014964999000028 ], [ -3.135930499999972, 41.016994499000077 ], [ -3.134768, 41.019111499000076 ], [ -3.131794499999955, 41.019485499000041 ], [ -3.126854, 41.022777499000028 ], [ -3.122157499999958, 41.023955999000066 ], [ -3.116589, 41.023887499000068 ], [ -3.101356, 41.018921499000044 ] ] ] } },
{ "type": "Feature", "properties": { "code": "19192", "name": "Mondéjar" }, "geometry": { "type": "Polygon", "coordinates": [ [ [ -3.168775081999968, 40.303354945000081 ], [ -3.172865000999934, 40.30392659000006 ], [ -3.18005549999998, 40.302028999000072 ], [ -3.181536, 40.304246499000044 ], [ -3.179861288999973, 40.313342577000071 ], [ -3.152545323999959, 40.333814431000064 ], [ -3.154276834999962, 40.342735711000046 ], [ -3.142291820999958, 40.350777784000059 ], [ -3.143248, 40.358102999000039 ], [ -3.133896781999965, 40.355353868000066 ], [ -3.126285486999961, 40.348520547000078 ], [ -3.105248, 40.347408499000039 ], [ -3.099333, 40.345000999000035 ], [ -3.09331549999996, 40.344348999000033 ], [ -3.083068499999968, 40.341625499000031 ], [ -3.077331, 40.338802499000053 ], [ -3.06763449999994, 40.332130999000071 ], [ -3.065394467999965, 40.326596229000074 ], [ -3.066401802999962, 40.314180805000035 ], [ -3.076312, 40.299464999000065 ], [ -3.08097749999996, 40.295848999000043 ], [ -3.083619499999941, 40.291362499000059 ], [ -3.091662499999927, 40.287669999000059 ], [ -3.106860499999925, 40.286704999000051 ], [ -3.10929, 40.285162999000079 ], [ -3.112521, 40.285447999000041 ], [ -3.14502895499993, 40.300035966000053 ], [ -3.168775081999968, 40.303354945000081 ] ] ] } },
{ "type": "Feature", "properties": { "code": "19193", "name": "Montarrón" }, "geometry": { "type": "Polygon", "coordinates": [ [ [ -3.132742499999949, 40.885833499000057 ], [ -3.137489118999952, 40.895196086000055 ], [ -3.13610467999996, 40.911086921000049 ], [ -3.126259545999972, 40.92270196100003 ], [ -3.119269499999973, 40.926196999000069 ], [ -3.109784390999948, 40.91694418700007 ], [ -3.096063220999952, 40.910568148000038 ], [ -3.094140212999946, 40.905315819000066 ], [ -3.085975499999961, 40.905776999000068 ], [ -3.099871481999969, 40.891305841000076 ], [ -3.105986239999936, 40.891562201000056 ], [ -3.113410643999941, 40.896211091000055 ], [ -3.118624499999953, 40.889556999000035 ], [ -3.11961649999995, 40.886802999000054 ], [ -3.119384499999967, 40.88366699900007 ], [ -3.132742499999949, 40.885833499000057 ] ] ] } },
{ "type": "Feature", "properties": { "code": "19194", "name": "Moratilla de los Meleros" }, "geometry": { "type": "Polygon", "coordinates": [ [ [ -2.973346, 40.489104999000062 ], [ -2.97596434899998, 40.494849267000063 ], [ -2.990853499999957, 40.504619499000057 ], [ -2.98784530699993, 40.512126455000043 ], [ -2.978501168999969, 40.511179107000032 ], [ -2.967437858999972, 40.515326989000073 ], [ -2.956958781999958, 40.515530999000077 ], [ -2.95256821199996, 40.518912113000056 ], [ -2.952495, 40.522483999000031 ], [ -2.927922574999968, 40.531774188000043 ], [ -2.913226, 40.533622499000046 ], [ -2.913001876999942, 40.52989769800007 ], [ -2.903255650999938, 40.526464781000072 ], [ -2.911057618999962, 40.510369849000028 ], [ -2.89984149999998, 40.490609646000053 ], [ -2.907222740999941, 40.47928663700003 ], [ -2.905609, 40.475787499000035 ], [ -2.922167312999932, 40.48097387200005 ], [ -2.949385671999948, 40.48170110500007 ], [ -2.973346, 40.489104999000062 ] ] ] } },
{ "type": "Feature", "properties": { "code": "19195", "name": "Morenilla" }, "geometry": { "type": "Polygon", "coordinates": [ [ [ -1.650116, 40.74853149900008 ], [ -1.659562066999968, 40.745131020000031 ], [ -1.671388358999934, 40.747106576000078 ], [ -1.694015021999974, 40.730690665000054 ], [ -1.706941499999971, 40.728191499000047 ], [ -1.701141415999928, 40.760365033000028 ], [ -1.715260581999928, 40.766609625000058 ], [ -1.72562191999998, 40.765392017000067 ], [ -1.735703499999943, 40.770156999000051 ], [ -1.732876063999925, 40.775067623000041 ], [ -1.737685954999961, 40.784724063000056 ], [ -1.73834979399993, 40.796540274000051 ], [ -1.74867949999998, 40.80097949900005 ], [ -1.736734431999935, 40.803714210000066 ], [ -1.730409, 40.809860499000081 ], [ -1.702496456999938, 40.796699578000073 ], [ -1.687899638999966, 40.79195758000003 ], [ -1.67403, 40.781390999000052 ], [ -1.684098073999962, 40.767015513000047 ], [ -1.650116, 40.74853149900008 ] ] ] } },
{ "type": "Feature", "properties": { "code": "19196", "name": "Muduex" }, "geometry": { "type": "Polygon", "coordinates": [ [ [ -2.975275499999952, 40.847976499000026 ], [ -2.963598, 40.854522499000041 ], [ -2.949261499999977, 40.845870999000056 ], [ -2.951571876999935, 40.840430211000069 ], [ -2.912416241999949, 40.807947290000072 ], [ -2.905363, 40.799483999000074 ], [ -2.908579187999976, 40.797744395000052 ], [ -2.911508542999968, 40.787943496000025 ], [ -2.924437, 40.789184499000044 ], [ -2.970762, 40.807746999000074 ], [ -2.980417646999967, 40.824006956000062 ], [ -2.974191430999952, 40.836780031000046 ], [ -2.96886084199997, 40.840938538000046 ], [ -2.975275499999952, 40.847976499000026 ] ] ] } },
{ "type": "Feature", "properties": { "code": "19197", "name": "Navas de Jadraque, Las" }, "geometry": { "type": "Polygon", "coordinates": [ [ [ -3.079798499999924, 41.092120999000031 ], [ -3.081725499999948, 41.091109999000025 ], [ -3.089276, 41.091556499000035 ], [ -3.106221452999932, 41.095424546000061 ], [ -3.109801232999928, 41.100664563000066 ], [ -3.109457499999962, 41.11232749900006 ], [ -3.105824499999926, 41.111934499000029 ], [ -3.10398, 41.113639999000043 ], [ -3.091102357999944, 41.119268099000067 ], [ -3.075355314999968, 41.114221643000064 ], [ -3.069175567999935, 41.104780187000074 ], [ -3.057106499999975, 41.095016499000053 ], [ -3.063941, 41.094596999000032 ], [ -3.071941, 41.092494999000053 ], [ -3.079798499999924, 41.092120999000031 ] ] ] } },
{ "type": "Feature", "properties": { "code": "19198", "name": "Negredo" }, "geometry": { "type": "Polygon", "coordinates": [ [ [ -2.88611549999996, 41.010711499000081 ], [ -2.887237451999965, 41.02775783900006 ], [ -2.890547499999968, 41.033908999000062 ], [ -2.885700145999976, 41.041221464000046 ], [ -2.876650499999926, 41.047397499000056 ], [ -2.849309867999978, 41.048570697000059 ], [ -2.82861349999996, 41.043643999000039 ], [ -2.830717855999978, 41.036937358000046 ], [ -2.828836295999963, 41.023076149000076 ], [ -2.835092920999955, 41.021884981000028 ], [ -2.841739052999969, 41.017009051000059 ], [ -2.842632, 41.012496999000064 ], [ -2.859465238999974, 41.008289519000073 ], [ -2.88611549999996, 41.010711499000081 ] ] ] } },
{ "type": "Feature", "properties": { "code": "19199", "name": "Ocentejo" }, "geometry": { "type": "Polygon", "coordinates": [ [ [ -2.388294499999972, 40.750568499000053 ], [ -2.39329388699997, 40.750132087000054 ], [ -2.400095417999978, 40.743082524000044 ], [ -2.400416048999944, 40.736954878000063 ], [ -2.412336, 40.731074999000043 ], [ -2.421193677999952, 40.739764773000047 ], [ -2.422490719999928, 40.75182122800004 ], [ -2.42862624299994, 40.758584373000076 ], [ -2.42948684299995, 40.766541755000048 ], [ -2.436543, 40.778732499000057 ], [ -2.428435032999971, 40.784385943000075 ], [ -2.41635598199997, 40.785945051000056 ], [ -2.399164058999929, 40.802957378000031 ], [ -2.382984014999977, 40.808560942000042 ], [ -2.373336566999967, 40.806203512000025 ], [ -2.347565, 40.785846499000058 ], [ -2.359292806999974, 40.785223895000058 ], [ -2.365817998999944, 40.775283880000075 ], [ -2.379120977999946, 40.765357424000058 ], [ -2.388294499999972, 40.750568499000053 ] ] ] } },
{ "type": "Feature", "properties": { "code": "19200", "name": "Olivar, El" }, "geometry": { "type": "Polygon", "coordinates": [ [ [ -2.724051, 40.599994999000046 ], [ -2.743874367999979, 40.591010940000047 ], [ -2.752358096999956, 40.580881913000042 ], [ -2.769375499999967, 40.577068499000063 ], [ -2.801757499999951, 40.610568999000066 ], [ -2.790014165999935, 40.613530533000073 ], [ -2.77111468399994, 40.612802638000062 ], [ -2.74004, 40.622284499000045 ], [ -2.73338730699993, 40.607865554000057 ], [ -2.724051, 40.599994999000046 ] ] ] } },
{ "type": "Feature", "properties": { "code": "19201", "name": "Olmeda de Cobeta" }, "geometry": { "type": "Polygon", "coordinates": [ [ [ -2.163787499999955, 40.846156499000074 ], [ -2.177552617999936, 40.842134021000049 ], [ -2.206726403999937, 40.839727538000034 ], [ -2.199497181999959, 40.831809037000028 ], [ -2.206721695999931, 40.80544666600008 ], [ -2.219182363999948, 40.804291169000066 ], [ -2.240554118999967, 40.793320364000067 ], [ -2.246250499999974, 40.79661549900004 ], [ -2.250134199999934, 40.814754269000048 ], [ -2.249584322999965, 40.827267368000037 ], [ -2.243639154999926, 40.84604790000003 ], [ -2.239169499999946, 40.851894499000025 ], [ -2.228534287999935, 40.857244767000054 ], [ -2.219223061999969, 40.857427191000056 ], [ -2.216382797999927, 40.847323340000059 ], [ -2.214047636999965, 40.846835795000061 ], [ -2.21149596999993, 40.856508358000042 ], [ -2.201537230999975, 40.871764532000043 ], [ -2.202317477999941, 40.878043309000077 ], [ -2.19473248099996, 40.88736596900003 ], [ -2.183074499999975, 40.895507999000074 ], [ -2.172018593999951, 40.882695643000034 ], [ -2.160053741999945, 40.860639216000038 ], [ -2.163787499999955, 40.846156499000074 ] ] ] } },
{ "type": "Feature", "properties": { "code": "19202", "name": "Olmeda de Jadraque, La" }, "geometry": { "type": "Polygon", "coordinates": [ [ [ -2.761900499999967, 41.13851549900005 ], [ -2.74459861899993, 41.138905499000032 ], [ -2.730926289999957, 41.143960365000055 ], [ -2.724030997999932, 41.139149952000025 ], [ -2.724314199999981, 41.123290740000073 ], [ -2.71633613399996, 41.115425033000065 ], [ -2.720130168999958, 41.108762151000064 ], [ -2.728196243999946, 41.106800996000061 ], [ -2.74441229599995, 41.111527227000067 ], [ -2.762407, 41.106834499000058 ], [ -2.765161628999977, 41.11693931800005 ], [ -2.760237297999936, 41.128461923000032 ], [ -2.761900499999967, 41.13851549900005 ] ] ] } },
{ "type": "Feature", "properties": { "code": "19203", "name": "Ordial, El" }, "geometry": { "type": "MultiPolygon", "coordinates": [ [ [ [ -3.135519, 41.164607999000054 ], [ -3.131799, 41.164321999000038 ], [ -3.124142499999948, 41.16880799900008 ], [ -3.114344, 41.169051999000033 ], [ -3.112533499999927, 41.170214999000052 ], [ -3.105424, 41.166881499000056 ], [ -3.099899, 41.162696999000048 ], [ -3.109652328999971, 41.122641505000047 ], [ -3.10398, 41.113639999000043 ], [ -3.105824499999926, 41.111934499000029 ], [ -3.112423, 41.112342499000079 ], [ -3.115092499999946, 41.113323499000046 ], [ -3.116727, 41.114959999000064 ], [ -3.149453499999936, 41.133323499000028 ], [ -3.137088884999969, 41.145093797000072 ], [ -3.136497985999938, 41.150790384000061 ], [ -3.140275674999941, 41.15807372200004 ], [ -3.135519, 41.164607999000054 ] ] ], [ [ [ -3.179146, 41.067157999000074 ], [ -3.175056440999981, 41.069280230000061 ], [ -3.179358, 41.075694999000063 ], [ -3.168775081999968, 41.090379254000027 ], [ -3.148002499999961, 41.09718699900003 ], [ -3.136029, 41.093799499000056 ], [ -3.128065, 41.089141999000049 ], [ -3.127136, 41.083068499000035 ], [ -3.123697499999935, 41.077037499000028 ], [ -3.122556499999973, 41.071723999000028 ], [ -3.135583710999924, 41.064602680000064 ], [ -3.155619109999975, 41.060558723000042 ], [ -3.179146, 41.067157999000074 ] ] ] ] } },
{ "type": "Feature", "properties": { "code": "19204", "name": "Orea" }, "geometry": { "type": "Polygon", "coordinates": [ [ [ -1.718079, 40.594939999000076 ], [ -1.711997499999939, 40.590415999000072 ], [ -1.708595499999944, 40.58911499900006 ], [ -1.70539, 40.586204499000075 ], [ -1.695691499999953, 40.584872999000027 ], [ -1.690319060999968, 40.565797565000025 ], [ -1.701489952999964, 40.53903153300007 ], [ -1.6955, 40.511348499000064 ], [ -1.695157499999937, 40.49371749900007 ], [ -1.692495, 40.486838999000042 ], [ -1.700483, 40.483119999000053 ], [ -1.709326499999975, 40.481559999000069 ], [ -1.725712, 40.474780999000075 ], [ -1.735025499999949, 40.472045999000045 ], [ -1.748583, 40.462913499000081 ], [ -1.758190499999955, 40.451060999000049 ], [ -1.763085031999935, 40.460457818000066 ], [ -1.761407119999944, 40.46714288700008 ], [ -1.736284245999968, 40.502035384000067 ], [ -1.778850600999931, 40.516207480000048 ], [ -1.784133253999926, 40.524697066000044 ], [ -1.759195748999957, 40.561078043000066 ], [ -1.76039596399994, 40.570661288000053 ], [ -1.745520069999941, 40.580395235000026 ], [ -1.745877499999949, 40.589156999000068 ], [ -1.735021499999959, 40.59208299900007 ], [ -1.72871, 40.594707499000037 ], [ -1.718079, 40.594939999000076 ] ] ] } },
{ "type": "Feature", "properties": { "code": "19208", "name": "Pálmaces de Jadraque" }, "geometry": { "type": "Polygon", "coordinates": [ [ [ -2.886898, 41.053535499000077 ], [ -2.882883, 41.049640499000077 ], [ -2.876650499999926, 41.047397499000056 ], [ -2.885700145999976, 41.041221464000046 ], [ -2.890547499999968, 41.033908999000062 ], [ -2.90294, 41.029128999000079 ], [ -2.908519, 41.028747499000076 ], [ -2.917713499999934, 41.030318999000031 ], [ -2.922536499999978, 41.035514999000043 ], [ -2.933921589999954, 41.04103864700005 ], [ -2.947563499999944, 41.039813999000046 ], [ -2.94862, 41.044986499000061 ], [ -2.950973499999975, 41.046771999000043 ], [ -2.952814499999931, 41.050986999000031 ], [ -2.952538, 41.05630099900003 ], [ -2.95495, 41.061691499000062 ], [ -2.953971499999966, 41.06408699900004 ], [ -2.949766499999953, 41.069236499000056 ], [ -2.944302499999935, 41.071376999000051 ], [ -2.946608, 41.073199999000053 ], [ -2.93664444999996, 41.081181247000075 ], [ -2.898664, 41.086490999000034 ], [ -2.889130499999965, 41.085094499000036 ], [ -2.885003, 41.082774999000037 ], [ -2.883701499999972, 41.064738999000042 ], [ -2.888443499999937, 41.061797999000078 ], [ -2.890102499999955, 41.058429499000056 ], [ -2.888237, 41.057159499000079 ], [ -2.888418499999943, 41.055122499000049 ], [ -2.886898, 41.053535499000077 ] ] ] } },
{ "type": "Feature", "properties": { "code": "19209", "name": "Pardos" }, "geometry": { "type": "Polygon", "coordinates": [ [ [ -1.960040499999934, 40.931228999000041 ], [ -1.963720499999965, 40.935180499000069 ], [ -1.959323798999947, 40.960625139000058 ], [ -1.922076, 40.970874999000046 ], [ -1.900563981999937, 40.945887847000051 ], [ -1.89199550799998, 40.939454433000037 ], [ -1.883898, 40.937820499000054 ], [ -1.886617113999932, 40.932793034000042 ], [ -1.908720004999964, 40.931417884000041 ], [ -1.913976313999967, 40.92671875700006 ], [ -1.914139, 40.923560999000074 ], [ -1.923964, 40.918944999000075 ], [ -1.933664, 40.919845499000076 ], [ -1.939901499999962, 40.921882499000048 ], [ -1.960040499999934, 40.931228999000041 ] ] ] } },
{ "type": "Feature", "properties": { "code": "19210", "name": "Paredes de Sigüenza" }, "geometry": { "type": "Polygon", "coordinates": [ [ [ -2.77552, 41.250091499000064 ], [ -2.775377356999968, 41.258694232000039 ], [ -2.760954499999968, 41.274032499000043 ], [ -2.730660524999962, 41.271923220000076 ], [ -2.717381725999928, 41.274799545000064 ], [ -2.709917268999959, 41.253137252000045 ], [ -2.695356499999946, 41.245601499000031 ], [ -2.701305227999967, 41.237113564000026 ], [ -2.701528499999938, 41.211215999000046 ], [ -2.715064281999958, 41.212552866000067 ], [ -2.739125409999929, 41.204858243000047 ], [ -2.744693824999956, 41.195978771000057 ], [ -2.748162, 41.182117499000071 ], [ -2.750930750999942, 41.191026499000031 ], [ -2.747076872999969, 41.196885034000047 ], [ -2.747182621999968, 41.203357374000063 ], [ -2.735516845999939, 41.208602977000055 ], [ -2.74391520699993, 41.225854814000058 ], [ -2.77552, 41.250091499000064 ] ] ] } },
{ "type": "Feature", "properties": { "code": "19211", "name": "Pareja" }, "geometry": { "type": "Polygon", "coordinates": [ [ [ -2.655759499999931, 40.602088999000046 ], [ -2.679713027999981, 40.588205142000049 ], [ -2.678501358999938, 40.579806242000075 ], [ -2.66681798999997, 40.575052534000065 ], [ -2.658443921999947, 40.577484971000047 ], [ -2.655505079999955, 40.57114710500008 ], [ -2.631247925999958, 40.581566611000028 ], [ -2.623543323999968, 40.593340346000048 ], [ -2.624269075999962, 40.59783389100005 ], [ -2.643699548999962, 40.60119136000003 ], [ -2.650552, 40.605739499000038 ], [ -2.645889378999925, 40.615392879000069 ], [ -2.647873781999976, 40.628301533000069 ], [ -2.659774499999969, 40.642677499000058 ], [ -2.644700169999965, 40.645653762000052 ], [ -2.634852726999952, 40.644073413000058 ], [ -2.627747539999973, 40.639032880000059 ], [ -2.609669285999928, 40.608305511000026 ], [ -2.588313109999945, 40.607164956000076 ], [ -2.576902, 40.603610999000068 ], [ -2.578346, 40.599437999000031 ], [ -2.586734948999947, 40.59257271000007 ], [ -2.601026068999943, 40.570630623000056 ], [ -2.596087003999969, 40.559449650000033 ], [ -2.600537219999978, 40.540041343000041 ], [ -2.607724499999961, 40.535346999000069 ], [ -2.614001499999972, 40.534251999000048 ], [ -2.614695499999925, 40.530532999000059 ], [ -2.626917499999934, 40.515231999000036 ], [ -2.627317499999947, 40.513240999000061 ], [ -2.620129, 40.506912499000066 ], [ -2.641581727999949, 40.498782703000074 ], [ -2.649757183999952, 40.507911641000078 ], [ -2.662569595999969, 40.513466467000057 ], [ -2.666111899999976, 40.521092062000037 ], [ -2.686220886999934, 40.522135074000062 ], [ -2.694242656999961, 40.518875661000038 ], [ -2.712998308999943, 40.52385461800003 ], [ -2.729587733999949, 40.521206474000053 ], [ -2.732019769999965, 40.526251481000031 ], [ -2.730993, 40.537540499000045 ], [ -2.723297449999961, 40.556080697000027 ], [ -2.719408518999956, 40.557745128000079 ], [ -2.712274884999943, 40.55542203400006 ], [ -2.706387593999978, 40.562645371000031 ], [ -2.711640487999944, 40.566016630000036 ], [ -2.731047846999957, 40.564463872000033 ], [ -2.736693264999928, 40.567231204000052 ], [ -2.735030783999946, 40.56995925800004 ], [ -2.706587537999951, 40.570816887000035 ], [ -2.689255174999971, 40.575204232000033 ], [ -2.682746129999941, 40.581767949000039 ], [ -2.682935651999969, 40.588301968000053 ], [ -2.669698435999976, 40.59443411400008 ], [ -2.661309, 40.60269099900006 ], [ -2.655759499999931, 40.602088999000046 ] ] ] } },
{ "type": "Feature", "properties": { "code": "19212", "name": "Pastrana" }, "geometry": { "type": "Polygon", "coordinates": [ [ [ -3.024364, 40.380309999000076 ], [ -3.024271499999941, 40.383563999000046 ], [ -3.007887295999979, 40.394999945000052 ], [ -3.004571595999948, 40.403580452000028 ], [ -2.996596200999932, 40.404864044000078 ], [ -2.985021951999954, 40.400145966000025 ], [ -2.981279332999975, 40.402156031000061 ], [ -2.977269571999955, 40.41728833600007 ], [ -2.967387358999929, 40.425501022000049 ], [ -2.974026499999979, 40.433166499000038 ], [ -2.963416, 40.433730999000034 ], [ -2.951138, 40.440330499000027 ], [ -2.948303, 40.44483199900003 ], [ -2.942817499999933, 40.448982499000067 ], [ -2.928577, 40.454227499000069 ], [ -2.924953499999958, 40.457450999000059 ], [ -2.917765499999973, 40.461715499000036 ], [ -2.915477, 40.462085499000068 ], [ -2.896022267999967, 40.448499603000073 ], [ -2.891464618999976, 40.436823944000025 ], [ -2.872327747999975, 40.428419765000058 ], [ -2.853831499999956, 40.425319499000068 ], [ -2.848117685999966, 40.422477984000068 ], [ -2.842135162999966, 40.413276932000031 ], [ -2.835092920999955, 40.412541009000051 ], [ -2.807101499999931, 40.404629499000066 ], [ -2.805350554999961, 40.399161892000052 ], [ -2.809272562999979, 40.394364721000045 ], [ -2.80779451799998, 40.389633555000046 ], [ -2.811648233999961, 40.384863124000049 ], [ -2.812670401999981, 40.371396434000076 ], [ -2.816933499999948, 40.363815499000054 ], [ -2.820634025999937, 40.362525401000028 ], [ -2.823861499999964, 40.363178499000071 ], [ -2.823066680999943, 40.371461317000069 ], [ -2.825130363999961, 40.376575564000063 ], [ -2.823917687999938, 40.381458768000073 ], [ -2.825409900999944, 40.388320660000034 ], [ -2.824063259999946, 40.39327434300003 ], [ -2.826101852999955, 40.403303914000048 ], [ -2.835092920999955, 40.40557924400008 ], [ -2.842620336999971, 40.404205219000062 ], [ -2.864081942999974, 40.392364877000034 ], [ -2.869297144999962, 40.376955627000029 ], [ -2.862400499999978, 40.36784349900006 ], [ -2.867555153999945, 40.354365735000044 ], [ -2.894439499999976, 40.346038499000031 ], [ -2.904952880999929, 40.357945191000056 ], [ -2.913994, 40.358424999000079 ], [ -2.917282280999927, 40.370307787000058 ], [ -2.950065989999928, 40.379512376000037 ], [ -2.969781172999944, 40.39264474600003 ], [ -2.988222028999928, 40.392065752000065 ], [ -3.011735853999937, 40.382003112000064 ], [ -3.024364, 40.380309999000076 ] ] ] } },
{ "type": "Feature", "properties": { "code": "19213", "name": "Pedregal, El" }, "geometry": { "type": "Polygon", "coordinates": [ [ [ -1.60093749999993, 40.772716499000069 ], [ -1.594665545999931, 40.782838835000064 ], [ -1.583325542999944, 40.792260919000057 ], [ -1.580833649999931, 40.800161341000035 ], [ -1.558329922999974, 40.814421979000031 ], [ -1.553337499999941, 40.82349399900005 ], [ -1.544662, 40.816203999000038 ], [ -1.542316, 40.811229499000035 ], [ -1.539224499999932, 40.792651999000043 ], [ -1.542682550999928, 40.770938451000063 ], [ -1.540201, 40.763847499000065 ], [ -1.541423502999976, 40.759865889000025 ], [ -1.555284, 40.750091499000064 ], [ -1.565297, 40.758731999000076 ], [ -1.568821499999956, 40.760142999000038 ], [ -1.574533499999973, 40.764529999000047 ], [ -1.60093749999993, 40.772716499000069 ] ] ] } },
{ "type": "Feature", "properties": { "code": "19214", "name": "Peñalén" }, "geometry": { "type": "Polygon", "coordinates": [ [ [ -2.156929499999933, 40.658706499000061 ], [ -2.158362499999953, 40.662437499000077 ], [ -2.158377, 40.664962999000068 ], [ -2.146476499999949, 40.67600999900003 ], [ -2.13507732599993, 40.693003520000048 ], [ -2.110377150999966, 40.713538190000065 ], [ -2.090063610999948, 40.724010551000049 ], [ -2.071084, 40.725898499000039 ], [ -2.074262499999975, 40.723872999000037 ], [ -2.074450499999955, 40.716315999000074 ], [ -2.071740499999976, 40.715366499000027 ], [ -2.068675249999956, 40.709863818000031 ], [ -2.053401989999941, 40.703669051000077 ], [ -2.04645249999993, 40.696078999000065 ], [ -2.049000977999981, 40.692054710000036 ], [ -2.044134499999927, 40.676952499000038 ], [ -2.057399460999932, 40.651268003000041 ], [ -2.060356499999955, 40.644103999000038 ], [ -2.058107499999949, 40.637534999000025 ], [ -2.057516, 40.624118499000076 ], [ -2.063462499999957, 40.627528999000049 ], [ -2.068785499999933, 40.629131499000039 ], [ -2.070945499999937, 40.628478999000038 ], [ -2.083348590999947, 40.634862031000068 ], [ -2.091804, 40.643283999000062 ], [ -2.092118238999944, 40.646591212000033 ], [ -2.108977206999953, 40.651087176000033 ], [ -2.111199499999941, 40.650443999000061 ], [ -2.119048867999936, 40.650664545000041 ], [ -2.125954499999978, 40.653727999000068 ], [ -2.133732, 40.655933499000071 ], [ -2.156929499999933, 40.658706499000061 ] ] ] } },
{ "type": "Feature", "properties": { "code": "19215", "name": "Peñalver" }, "geometry": { "type": "Polygon", "coordinates": [ [ [ -2.93225949999993, 40.59234249900004 ], [ -2.92257903899997, 40.597144135000065 ], [ -2.896339722999926, 40.59974955000007 ], [ -2.880342329999962, 40.59893627200006 ], [ -2.870120819999954, 40.59478574700006 ], [ -2.854226, 40.597007499000028 ], [ -2.84688749999998, 40.596721499000068 ], [ -2.841107, 40.597423499000058 ], [ -2.835092920999955, 40.599429100000066 ], [ -2.829434499999934, 40.599857499000052 ], [ -2.824643, 40.597030499000027 ], [ -2.825241441999935, 40.592149343000074 ], [ -2.82886926499998, 40.587799663000055 ], [ -2.835092920999955, 40.587694575000057 ], [ -2.839631122999947, 40.585388187000035 ], [ -2.838841078999963, 40.579801529000065 ], [ -2.846964931999935, 40.573384357000066 ], [ -2.859535, 40.555926999000064 ], [ -2.868984261999969, 40.550664020000056 ], [ -2.894309145999955, 40.544774586000074 ], [ -2.913226, 40.533622499000046 ], [ -2.918379609999931, 40.539333458000044 ], [ -2.915936960999943, 40.547679991000052 ], [ -2.927493537999965, 40.564430788000038 ], [ -2.926231834999953, 40.569726708000076 ], [ -2.93966, 40.575427999000055 ], [ -2.938044892999926, 40.585050040000056 ], [ -2.93225949999993, 40.59234249900004 ] ] ] } },
{ "type": "Feature", "properties": { "code": "19216", "name": "Peralejos de las Truchas" }, "geometry": { "type": "Polygon", "coordinates": [ [ [ -1.843866, 40.582244999000068 ], [ -1.847353016999932, 40.577868440000032 ], [ -1.84767659399995, 40.557324209000058 ], [ -1.853090939999959, 40.542861425000069 ], [ -1.852232701999981, 40.52786201300006 ], [ -1.862234629999932, 40.527943802000038 ], [ -1.876959825999961, 40.532891624000058 ], [ -1.889061499999968, 40.529517999000063 ], [ -1.898335988999975, 40.534769846000074 ], [ -1.900939613999981, 40.540424624000025 ], [ -1.908166318999974, 40.541913915000066 ], [ -1.905606725999974, 40.546790553000051 ], [ -1.914971497999943, 40.569187502000034 ], [ -1.916953860999968, 40.58219146600004 ], [ -1.923543717999962, 40.591466316000037 ], [ -1.943650317999925, 40.600087875000042 ], [ -1.953830846999949, 40.601015012000062 ], [ -1.962145333999956, 40.611006805000045 ], [ -1.96811, 40.608588999000062 ], [ -1.978177525999968, 40.626132604000077 ], [ -1.963334177999968, 40.622970598000052 ], [ -1.938258499999961, 40.637901499000066 ], [ -1.93461, 40.639022499000077 ], [ -1.927091, 40.643394499000067 ], [ -1.928241330999924, 40.651268003000041 ], [ -1.926744683999971, 40.652945552000062 ], [ -1.917719, 40.656115999000065 ], [ -1.913242975999935, 40.651268003000041 ], [ -1.910689099999956, 40.646981516000039 ], [ -1.907786499999929, 40.64497699900005 ], [ -1.905826501999968, 40.641211845000043 ], [ -1.908562149999966, 40.636732141000039 ], [ -1.906255443999953, 40.633173391000071 ], [ -1.887438352999936, 40.62346524700007 ], [ -1.872883997999963, 40.607040927000071 ], [ -1.858278, 40.598464999000043 ], [ -1.856554, 40.592116999000041 ], [ -1.849233, 40.587676999000053 ], [ -1.846613, 40.584011499000042 ], [ -1.843866, 40.582244999000068 ] ] ] } },
{ "type": "Feature", "properties": { "code": "19217", "name": "Peralveche" }, "geometry": { "type": "Polygon", "coordinates": [ [ [ -2.403081, 40.629482499000062 ], [ -2.40174449999995, 40.622924499000078 ], [ -2.399292, 40.618224999000063 ], [ -2.398729, 40.613780999000028 ], [ -2.404372499999965, 40.609191999000075 ], [ -2.406546, 40.608337499000072 ], [ -2.412451, 40.602134499000044 ], [ -2.416072499999927, 40.593528499000058 ], [ -2.41628, 40.588432499000078 ], [ -2.424536928999942, 40.583534461000056 ], [ -2.467110127999945, 40.588928263000071 ], [ -2.483118, 40.576480999000069 ], [ -2.495964183999945, 40.574633671000072 ], [ -2.505634925999971, 40.577633639000055 ], [ -2.515799501999936, 40.57545417800003 ], [ -2.521688499999925, 40.570640499000035 ], [ -2.53080125799994, 40.572980867000069 ], [ -2.54264451399996, 40.570919167000056 ], [ -2.551447449999955, 40.574438445000055 ], [ -2.578346, 40.599437999000031 ], [ -2.576902, 40.603610999000068 ], [ -2.545584560999941, 40.616329415000052 ], [ -2.520446955999944, 40.615665927000066 ], [ -2.502448059999949, 40.632813356000042 ], [ -2.494231436999939, 40.651268003000041 ], [ -2.489702638999972, 40.655193313000041 ], [ -2.472078323999938, 40.658197413000039 ], [ -2.463531830999955, 40.652344815000049 ], [ -2.455956817999947, 40.651268003000041 ], [ -2.452741383999978, 40.649710735000042 ], [ -2.445628, 40.648223999000038 ], [ -2.441638, 40.645663999000078 ], [ -2.435747499999934, 40.635886999000036 ], [ -2.427289, 40.632133499000076 ], [ -2.415777499999933, 40.628608999000051 ], [ -2.403081, 40.629482499000062 ] ] ] } },
{ "type": "Feature", "properties": { "code": "19218", "name": "Pinilla de Jadraque" }, "geometry": { "type": "Polygon", "coordinates": [ [ [ -2.954671499999961, 40.999156999000036 ], [ -2.968014206999953, 41.015988192000066 ], [ -2.96887049999998, 41.02107649900006 ], [ -2.962165237999955, 41.027046615000074 ], [ -2.94994481699996, 41.029658583000071 ], [ -2.947563499999944, 41.039813999000046 ], [ -2.933921589999954, 41.04103864700005 ], [ -2.922536499999978, 41.035514999000043 ], [ -2.924097, 41.033378499000037 ], [ -2.924331499999937, 41.028083999000046 ], [ -2.922834, 41.026171999000042 ], [ -2.923231499999929, 41.021587499000077 ], [ -2.920057499999928, 41.018871499000056 ], [ -2.922606, 41.016414499000064 ], [ -2.92682149999996, 41.002204999000071 ], [ -2.929317499999968, 41.002792499000066 ], [ -2.93276549999996, 41.001766499000041 ], [ -2.941126, 41.002120999000056 ], [ -2.944730499999935, 40.998889999000028 ], [ -2.954671499999961, 40.999156999000036 ] ] ] } },
{ "type": "Feature", "properties": { "code": "19219", "name": "Pinilla de Molina" }, "geometry": { "type": "Polygon", "coordinates": [ [ [ -1.907786499999929, 40.64497699900005 ], [ -1.910689099999956, 40.646981516000039 ], [ -1.913242975999935, 40.651268003000041 ], [ -1.917719, 40.656115999000065 ], [ -1.920995, 40.663417999000046 ], [ -1.908268375999967, 40.665732503000072 ], [ -1.894319096999936, 40.684638063000079 ], [ -1.879464998999936, 40.690105617000029 ], [ -1.868156927999962, 40.699648651000075 ], [ -1.848493499999961, 40.701568499000075 ], [ -1.843610499999954, 40.69572849900004 ], [ -1.843508, 40.679050499000027 ], [ -1.841681499999936, 40.664287499000068 ], [ -1.849302955999974, 40.66640198500005 ], [ -1.858006515999932, 40.664149727000051 ], [ -1.86972338299995, 40.650369395000041 ], [ -1.881272343999967, 40.653229644000078 ], [ -1.891219908999972, 40.652255619000073 ], [ -1.907786499999929, 40.64497699900005 ] ] ] } },
{ "type": "Feature", "properties": { "code": "19220", "name": "Pioz" }, "geometry": { "type": "Polygon", "coordinates": [ [ [ -3.168775081999968, 40.437548604000028 ], [ -3.172616392999942, 40.437020480000058 ], [ -3.198445499999934, 40.442219499000032 ], [ -3.199639474999969, 40.465006489000075 ], [ -3.195328, 40.478593999000054 ], [ -3.186390967999955, 40.48190515400006 ], [ -3.161972723999952, 40.482689494000056 ], [ -3.154002, 40.479378999000062 ], [ -3.148124499999938, 40.472972999000035 ], [ -3.13919, 40.466887999000051 ], [ -3.136754499999938, 40.463846499000056 ], [ -3.152114863999941, 40.459881685000028 ], [ -3.151883636999969, 40.448230025000043 ], [ -3.155363499999964, 40.439392499000064 ], [ -3.168775081999968, 40.437548604000028 ] ] ] } },
{ "type": "Feature", "properties": { "code": "19221", "name": "Piqueras" }, "geometry": { "type": "Polygon", "coordinates": [ [ [ -1.700444, 40.630466499000079 ], [ -1.736686154999973, 40.633824903000061 ], [ -1.749082284999929, 40.64091661100008 ], [ -1.759115753999936, 40.654898193000065 ], [ -1.756565961999968, 40.662224296000034 ], [ -1.769919, 40.670013499000049 ], [ -1.7666, 40.696090499000036 ], [ -1.762255499999981, 40.69804349900005 ], [ -1.750762499999951, 40.698588999000037 ], [ -1.745978499999978, 40.694308999000043 ], [ -1.740961499999969, 40.692958999000041 ], [ -1.734837499999969, 40.692622999000037 ], [ -1.729247499999929, 40.690360999000063 ], [ -1.723232499999938, 40.686736999000061 ], [ -1.712254, 40.685318499000061 ], [ -1.706831549999947, 40.674379778000059 ], [ -1.705819604999931, 40.662483867000049 ], [ -1.697230060999971, 40.651268003000041 ], [ -1.693679317999965, 40.640713247000065 ], [ -1.695138, 40.631526999000073 ], [ -1.700444, 40.630466499000079 ] ] ] } },
{ "type": "Feature", "properties": { "code": "19222", "name": "Pobo de Dueñas, El" }, "geometry": { "type": "Polygon", "coordinates": [ [ [ -1.556743, 40.828815499000029 ], [ -1.553944499999943, 40.826671499000042 ], [ -1.553337499999941, 40.82349399900005 ], [ -1.558329922999974, 40.814421979000031 ], [ -1.580833649999931, 40.800161341000035 ], [ -1.583325542999944, 40.792260919000057 ], [ -1.594665545999931, 40.782838835000064 ], [ -1.60093749999993, 40.772716499000069 ], [ -1.630182, 40.756519499000035 ], [ -1.630085, 40.753742499000055 ], [ -1.641781, 40.74652099900004 ], [ -1.647885308999946, 40.746493827000052 ], [ -1.650116, 40.74853149900008 ], [ -1.684098073999962, 40.767015513000047 ], [ -1.67403, 40.781390999000052 ], [ -1.661984, 40.792800999000065 ], [ -1.656405, 40.794967499000052 ], [ -1.651012499999979, 40.799041499000055 ], [ -1.651196499999969, 40.806346999000027 ], [ -1.626563630999954, 40.819283288000065 ], [ -1.59220849999997, 40.849872499000071 ], [ -1.571702758999947, 40.831616997000026 ], [ -1.556743, 40.828815499000029 ] ] ] } },
{ "type": "Feature", "properties": { "code": "19223", "name": "Poveda de la Sierra" }, "geometry": { "type": "Polygon", "coordinates": [ [ [ -2.020551, 40.597793499000034 ], [ -2.023367, 40.598998999000059 ], [ -2.031245499999955, 40.599452499000051 ], [ -2.035790499999962, 40.601581499000076 ], [ -2.047488499999929, 40.609226499000044 ], [ -2.052254, 40.614913999000066 ], [ -2.057444, 40.618289999000069 ], [ -2.058107499999949, 40.637534999000025 ], [ -2.060356499999955, 40.644103999000038 ], [ -2.057399460999932, 40.651268003000041 ], [ -2.044134499999927, 40.676952499000038 ], [ -2.038645322999969, 40.675269596000078 ], [ -2.027061382999932, 40.664784723000025 ], [ -2.013861004999967, 40.662309829000037 ], [ -2.005871426999931, 40.66384208900007 ], [ -1.975443481999946, 40.646415859000058 ], [ -1.979652204999979, 40.638262054000052 ], [ -1.976474182999937, 40.628732655000078 ], [ -1.978177525999968, 40.626132604000077 ], [ -1.96811, 40.608588999000062 ], [ -1.964900930999931, 40.594991722000032 ], [ -1.96791873199993, 40.591012204000037 ], [ -1.973456, 40.58979049900006 ], [ -1.985516, 40.58544899900005 ], [ -1.992358, 40.589423999000076 ], [ -2.000987, 40.591617499000051 ], [ -2.00556249999994, 40.591430499000069 ], [ -2.014055499999927, 40.595695499000044 ], [ -2.020551, 40.597793499000034 ] ] ] } },
{ "type": "Feature", "properties": { "code": "19224", "name": "Pozo de Almoguera" }, "geometry": { "type": "Polygon", "coordinates": [ [ [ -3.066235, 40.332546499000046 ], [ -3.064053, 40.341846499000042 ], [ -3.055833, 40.352775499000074 ], [ -3.05223449999994, 40.359508499000071 ], [ -3.048396499999967, 40.36278949900003 ], [ -3.013771365999958, 40.365913375000048 ], [ -2.993113, 40.345340499000031 ], [ -3.008690499999943, 40.337012999000081 ], [ -3.013728499999957, 40.331428499000026 ], [ -3.022527722999939, 40.329266157000063 ], [ -3.031292750999967, 40.332926505000046 ], [ -3.054160979999949, 40.335604690000025 ], [ -3.066235, 40.332546499000046 ] ] ] } },
{ "type": "Feature", "properties": { "code": "19225", "name": "Pozo de Guadalajara" }, "geometry": { "type": "Polygon", "coordinates": [ [ [ -3.154002, 40.479378999000062 ], [ -3.161972723999952, 40.482689494000056 ], [ -3.186390967999955, 40.48190515400006 ], [ -3.195328, 40.478593999000054 ], [ -3.201268, 40.498785999000063 ], [ -3.198960145999934, 40.504783456000041 ], [ -3.200722499999927, 40.516694999000038 ], [ -3.192462879999937, 40.516290783000045 ], [ -3.184965903999966, 40.511770016000071 ], [ -3.166240409999943, 40.507176456000025 ], [ -3.151018018999935, 40.48773701600004 ], [ -3.154002, 40.479378999000062 ] ] ] } },
{ "type": "Feature", "properties": { "code": "19226", "name": "Prádena de Atienza" }, "geometry": { "type": "Polygon", "coordinates": [ [ [ -2.976049, 41.162780999000063 ], [ -2.981890760999931, 41.16483493100003 ], [ -2.993938636999928, 41.158014807000029 ], [ -3.00860327099997, 41.159914781000055 ], [ -3.022774359999971, 41.158181858000034 ], [ -3.04366049999993, 41.164623499000072 ], [ -3.044801866999933, 41.172702866000066 ], [ -3.040933849999931, 41.18313415700004 ], [ -3.048891112999968, 41.185189260000072 ], [ -3.051312138999947, 41.189331339000034 ], [ -3.047357, 41.198672999000053 ], [ -3.026535499999966, 41.204551499000047 ], [ -3.022289, 41.207622499000081 ], [ -3.004282645999979, 41.208227488000034 ], [ -2.995798541999932, 41.207002136000028 ], [ -2.991052, 41.203327499000068 ], [ -2.985578, 41.195796999000038 ], [ -2.982795704999944, 41.187398815000051 ], [ -2.975555091999979, 41.185392679000074 ], [ -2.968145589999949, 41.187589446000061 ], [ -2.961389074999943, 41.184052351000048 ], [ -2.976049, 41.162780999000063 ] ] ] } },
{ "type": "Feature", "properties": { "code": "19227", "name": "Prados Redondos" }, "geometry": { "type": "Polygon", "coordinates": [ [ [ -1.884050499999944, 40.774650499000074 ], [ -1.875053333999972, 40.785105197000064 ], [ -1.847535165999943, 40.803344980000077 ], [ -1.831097868999962, 40.803637600000059 ], [ -1.826849, 40.811736999000061 ], [ -1.811994499999969, 40.809035999000059 ], [ -1.803262, 40.808738499000071 ], [ -1.797826499999928, 40.813014999000075 ], [ -1.794044499999927, 40.812949999000068 ], [ -1.786828499999956, 40.816493999000045 ], [ -1.762574434999976, 40.804530523000039 ], [ -1.74867949999998, 40.80097949900005 ], [ -1.73834979399993, 40.796540274000051 ], [ -1.737685954999961, 40.784724063000056 ], [ -1.732876063999925, 40.775067623000041 ], [ -1.735703499999943, 40.770156999000051 ], [ -1.745274, 40.767802999000025 ], [ -1.754459, 40.763244499000052 ], [ -1.771009499999934, 40.75175499900007 ], [ -1.778551, 40.750674999000069 ], [ -1.788066, 40.753135499000052 ], [ -1.793321, 40.760558999000068 ], [ -1.79732, 40.76348499900007 ], [ -1.820023499999934, 40.769355499000028 ], [ -1.818202499999927, 40.773807499000043 ], [ -1.828406499999971, 40.775775999000075 ], [ -1.838175, 40.779064499000071 ], [ -1.848269499999958, 40.780525499000078 ], [ -1.852308, 40.779960499000026 ], [ -1.855794499999945, 40.777030999000033 ], [ -1.858142499999929, 40.768635499000027 ], [ -1.864754499999947, 40.763717499000052 ], [ -1.86961249999996, 40.764430999000069 ], [ -1.872751499999936, 40.763793999000029 ], [ -1.875958, 40.760512999000071 ], [ -1.87554149999994, 40.75640099900005 ], [ -1.881311, 40.751411499000028 ], [ -1.888105499999938, 40.751071999000033 ], [ -1.891022499999963, 40.762267999000073 ], [ -1.88605, 40.769103999000038 ], [ -1.884050499999944, 40.774650499000074 ] ] ] } },
{ "type": "Feature", "properties": { "code": "19228", "name": "Puebla de Beleña" }, "geometry": { "type": "Polygon", "coordinates": [ [ [ -3.261846, 40.872173499000041 ], [ -3.273887, 40.894042999000078 ], [ -3.272413499999971, 40.902370499000028 ], [ -3.269767, 40.90554049900004 ], [ -3.26929, 40.908008499000061 ], [ -3.265358499999934, 40.913944499000024 ], [ -3.26755049999997, 40.918121499000051 ], [ -3.268955, 40.927619999000058 ], [ -3.250428, 40.91562699900004 ], [ -3.246396, 40.917148499000064 ], [ -3.234546, 40.917369999000073 ], [ -3.228329499999973, 40.919574999000076 ], [ -3.225522, 40.918208999000058 ], [ -3.223972499999945, 40.916194999000027 ], [ -3.222290499999929, 40.917747499000029 ], [ -3.210301367999932, 40.90414886700006 ], [ -3.189630844999954, 40.901230512000041 ], [ -3.183029546999933, 40.897618082000065 ], [ -3.18234, 40.879222999000035 ], [ -3.245873, 40.872325999000054 ], [ -3.24876769399998, 40.879846383000029 ], [ -3.261846, 40.872173499000041 ] ] ] } },
{ "type": "Feature", "properties": { "code": "19229", "name": "Puebla de Valles" }, "geometry": { "type": "Polygon", "coordinates": [ [ [ -3.273887, 40.894042999000078 ], [ -3.286064404999934, 40.894149852000055 ], [ -3.314449395999929, 40.902679092000028 ], [ -3.33715, 40.891650999000035 ], [ -3.348411, 40.899814499000058 ], [ -3.339393583999936, 40.907537269000045 ], [ -3.33008949799995, 40.923740188000068 ], [ -3.322792602999925, 40.925873309000053 ], [ -3.324071104999973, 40.934122838000064 ], [ -3.319146, 40.939597999000057 ], [ -3.29163906399998, 40.940367889000072 ], [ -3.285671624999964, 40.944898815000045 ], [ -3.283103499999925, 40.95331199900005 ], [ -3.277091613999971, 40.953281670000081 ], [ -3.269155, 40.942073999000058 ], [ -3.267250818999969, 40.937007808000033 ], [ -3.268955, 40.927619999000058 ], [ -3.26755049999997, 40.918121499000051 ], [ -3.265358499999934, 40.913944499000024 ], [ -3.26929, 40.908008499000061 ], [ -3.269767, 40.90554049900004 ], [ -3.272413499999971, 40.902370499000028 ], [ -3.273887, 40.894042999000078 ] ] ] } },
{ "type": "Feature", "properties": { "code": "19230", "name": "Quer" }, "geometry": { "type": "Polygon", "coordinates": [ [ [ -3.255298499999981, 40.615109499000027 ], [ -3.256796975999976, 40.606829365000067 ], [ -3.263203273999977, 40.598355507000065 ], [ -3.27770049999998, 40.586820499000055 ], [ -3.279339, 40.589824499000031 ], [ -3.295817, 40.597517499000048 ], [ -3.307280499999933, 40.610734999000044 ], [ -3.311392, 40.611101499000029 ], [ -3.298737700999936, 40.627315399000054 ], [ -3.29707420699998, 40.637850060000062 ], [ -3.293189, 40.63931149900003 ], [ -3.287619867999979, 40.631783666000047 ], [ -3.255298499999981, 40.615109499000027 ] ] ] } },
{ "type": "Feature", "properties": { "code": "19231", "name": "Rebollosa de Jadraque" }, "geometry": { "type": "Polygon", "coordinates": [ [ [ -2.825626, 41.07512299900003 ], [ -2.835092920999955, 41.074438906000069 ], [ -2.846687044999953, 41.078227603000073 ], [ -2.870819499999925, 41.096648999000081 ], [ -2.86672249999998, 41.102740999000048 ], [ -2.857633472999964, 41.099345871000025 ], [ -2.835092920999955, 41.100243860000035 ], [ -2.830409499999973, 41.099307999000075 ], [ -2.826597, 41.099609499000053 ], [ -2.827248400999963, 41.08047728400004 ], [ -2.825626, 41.07512299900003 ] ] ] } },
{ "type": "Feature", "properties": { "code": "19232", "name": "Recuenco, El" }, "geometry": { "type": "Polygon", "coordinates": [ [ [ -2.403081, 40.629482499000062 ], [ -2.396449, 40.631976999000074 ], [ -2.392501, 40.634505999000055 ], [ -2.386346499999945, 40.636455499000078 ], [ -2.372432, 40.646045499000024 ], [ -2.361764297999969, 40.651268003000041 ], [ -2.338366373999975, 40.671149461000027 ], [ -2.327514662999931, 40.669961908000062 ], [ -2.323705, 40.673957999000038 ], [ -2.313479316999974, 40.664368487000047 ], [ -2.302574505999928, 40.662963302000037 ], [ -2.280656765999936, 40.651268003000041 ], [ -2.274596499999973, 40.644771499000058 ], [ -2.278562905999934, 40.635485570000071 ], [ -2.290105094999944, 40.629914599000074 ], [ -2.29403836399996, 40.624202226000079 ], [ -2.294336762999933, 40.613037433000045 ], [ -2.28632487699997, 40.59210904300005 ], [ -2.29765649999996, 40.572860999000056 ], [ -2.307226696999976, 40.573937897000064 ], [ -2.33401529899993, 40.567465036000044 ], [ -2.352878499999974, 40.575229499000045 ], [ -2.359844, 40.580653999000049 ], [ -2.357078499999943, 40.585792499000036 ], [ -2.353958, 40.589542499000061 ], [ -2.354389, 40.592742999000052 ], [ -2.361072499999977, 40.598182999000073 ], [ -2.367142, 40.601260999000033 ], [ -2.37257, 40.607173999000054 ], [ -2.380809499999941, 40.607272999000031 ], [ -2.384924499999954, 40.609584999000049 ], [ -2.387386, 40.609351999000069 ], [ -2.396403, 40.61211399900003 ], [ -2.398729, 40.613780999000028 ], [ -2.399292, 40.618224999000063 ], [ -2.40174449999995, 40.622924499000078 ], [ -2.403081, 40.629482499000062 ] ] ] } },
{ "type": "Feature", "properties": { "code": "19233", "name": "Renera" }, "geometry": { "type": "Polygon", "coordinates": [ [ [ -3.018319499999961, 40.507971999000063 ], [ -3.010541832999934, 40.504401831000052 ], [ -2.990853499999957, 40.504619499000057 ], [ -2.97596434899998, 40.494849267000063 ], [ -2.973346, 40.489104999000062 ], [ -3.004413, 40.473567999000068 ], [ -3.044224061999955, 40.467007899000066 ], [ -3.05316, 40.473922499000025 ], [ -3.049195900999962, 40.481159651000041 ], [ -3.049373, 40.491466999000068 ], [ -3.041810878999968, 40.492782723000062 ], [ -3.037488457999928, 40.498115110000072 ], [ -3.041197801999942, 40.504905016000066 ], [ -3.039496185999951, 40.508997506000071 ], [ -3.018319499999961, 40.507971999000063 ] ] ] } },
{ "type": "Feature", "properties": { "code": "19234", "name": "Retiendas" }, "geometry": { "type": "Polygon", "coordinates": [ [ [ -3.269155, 40.942073999000058 ], [ -3.277091613999971, 40.953281670000081 ], [ -3.283103499999925, 40.95331199900005 ], [ -3.295759678999957, 40.950654809000071 ], [ -3.310885406999944, 40.953491563000057 ], [ -3.304418397999939, 40.964108465000038 ], [ -3.313317716999961, 40.971243708000031 ], [ -3.31085840399993, 40.975486056000079 ], [ -3.295412229999954, 40.984540197000058 ], [ -3.295838362999973, 40.996409597000024 ], [ -3.301699299999939, 41.001151290000053 ], [ -3.296319, 41.007136999000068 ], [ -3.280763319999949, 41.006350583000028 ], [ -3.275520068999981, 41.001587822000033 ], [ -3.275802040999963, 40.991683243000068 ], [ -3.273157181999977, 40.987415251000073 ], [ -3.246285866999926, 40.97268684800008 ], [ -3.247983156999965, 40.963481367000043 ], [ -3.256791681999971, 40.961636874000078 ], [ -3.261887890999958, 40.956827816000043 ], [ -3.269155, 40.942073999000058 ] ] ] } },
{ "type": "Feature", "properties": { "code": "19235", "name": "Riba de Saelices" }, "geometry": { "type": "Polygon", "coordinates": [ [ [ -2.238411, 40.955241999000066 ], [ -2.25287999699998, 40.919261195000047 ], [ -2.254947246999961, 40.903384696000046 ], [ -2.260332425999934, 40.894514936000064 ], [ -2.250049475999958, 40.873052587000075 ], [ -2.25030849999996, 40.864570499000081 ], [ -2.262200967999945, 40.859943529000077 ], [ -2.270788286999959, 40.860923243000059 ], [ -2.312296605999961, 40.854611638000051 ], [ -2.323351499999944, 40.847881499000039 ], [ -2.326626499999975, 40.848827499000038 ], [ -2.330674, 40.854446499000062 ], [ -2.332398, 40.858978499000045 ], [ -2.338798499999939, 40.870490999000026 ], [ -2.342864499999962, 40.882701999000062 ], [ -2.337413051999931, 40.888028248000069 ], [ -2.316010282999969, 40.897012835000055 ], [ -2.312645933999931, 40.901205956000069 ], [ -2.312866201999952, 40.903377824000074 ], [ -2.308200555999974, 40.911190453000074 ], [ -2.309111040999937, 40.919948456000043 ], [ -2.319466, 40.932933999000056 ], [ -2.305962628999964, 40.945626871000059 ], [ -2.300839262999943, 40.956065348000038 ], [ -2.278389584999957, 40.957428545000027 ], [ -2.253686499999958, 40.964298499000051 ], [ -2.252406, 40.96207399900004 ], [ -2.247695, 40.960292999000046 ], [ -2.246914499999946, 40.957828499000072 ], [ -2.238411, 40.955241999000066 ] ] ] } },
{ "type": "Feature", "properties": { "code": "19237", "name": "Rillo de Gallo" }, "geometry": { "type": "Polygon", "coordinates": [ [ [ -1.887519, 40.891987499000038 ], [ -1.897440527999947, 40.893360820000055 ], [ -1.905913042999941, 40.882362477000072 ], [ -1.918298769999979, 40.875776526000038 ], [ -1.924058475999971, 40.868657381000048 ], [ -1.927382499999965, 40.852855499000043 ], [ -1.927441620999957, 40.842858593000074 ], [ -1.932625236999968, 40.838056287000029 ], [ -1.937611103999927, 40.844987830000036 ], [ -1.948927392999963, 40.848004072000037 ], [ -1.974253, 40.865470999000024 ], [ -1.96965671199996, 40.869048005000025 ], [ -1.945188927999936, 40.872564913000076 ], [ -1.932641924999928, 40.890306997000039 ], [ -1.931706137999925, 40.895154124000044 ], [ -1.939901499999962, 40.921882499000048 ], [ -1.933664, 40.919845499000076 ], [ -1.923964, 40.918944999000075 ], [ -1.914139, 40.923560999000074 ], [ -1.91041, 40.92132949900008 ], [ -1.901461499999925, 40.920280499000057 ], [ -1.895441, 40.91814049900006 ], [ -1.89608, 40.916129999000077 ], [ -1.895907, 40.909995999000046 ], [ -1.895022499999925, 40.905490999000051 ], [ -1.893307, 40.901519999000072 ], [ -1.888696, 40.896087499000032 ], [ -1.887519, 40.891987499000038 ] ] ] } }
]
}
