{
"type": "FeatureCollection",
"crs": { "type": "name", "properties": { "name": "urn:ogc:def:crs:OGC:1.3:CRS84" } },
"features": [
{ "type": "Feature", "properties": { "code": "22042", "name": "Azlor" }, "geometry": { "type": "Polygon", "coordinates": [ [ [ -0.029530499999964, 42.111018999000066 ], [ -0.024337499999945, 42.104381499000056 ], [ -0.021653, 42.102332999000055 ], [ -0.013932499999953, 42.101169499000036 ], [ -0.00994449999996, 42.093879499000025 ], [ -0.004565, 42.090541999000038 ], [ -0.00927095399993, 42.08294821700008 ], [ -0.020502411999928, 42.079664913000045 ], [ -0.057196499999975, 42.079784499000027 ], [ -0.069131, 42.095992999000032 ], [ -0.068778499999951, 42.103385999000068 ], [ -0.066151499999933, 42.106071499000052 ], [ -0.055331, 42.110389499000064 ], [ -0.052922, 42.113845499000035 ], [ -0.050311, 42.11487949900004 ], [ -0.047255, 42.118682999000043 ], [ -0.035863, 42.124339999000028 ], [ -0.032804, 42.122492999000031 ], [ -0.029530499999964, 42.111018999000066 ] ] ] } },
{ "type": "Feature", "properties": { "code": "22043", "name": "Baélls" }, "geometry": { "type": "Polygon", "coordinates": [ [ [ 0.500486, 41.964904999000055 ], [ 0.50148083800002, 41.944910151000045 ], [ 0.496695325000076, 41.934927404000064 ], [ 0.491564500000038, 41.908248999000079 ], [ 0.486602247000064, 41.898498110000048 ], [ 0.479903, 41.902179499000056 ], [ 0.473851837000041, 41.90939116800007 ], [ 0.464733878000061, 41.934105952000039 ], [ 0.43134150000003, 41.939376999000046 ], [ 0.440419749000057, 41.955056607000074 ], [ 0.428380079000021, 41.967750124000077 ], [ 0.423528345000022, 41.984448609000026 ], [ 0.450535500000058, 42.011588999000026 ], [ 0.459907500000043, 42.006503999000074 ], [ 0.461618, 42.004436499000064 ], [ 0.466168, 42.001472499000045 ], [ 0.473319500000059, 41.994033999000067 ], [ 0.462115954000069, 41.972385476000056 ], [ 0.460840448000056, 41.96385686900004 ], [ 0.47871133600006, 41.971466067000051 ], [ 0.500486, 41.964904999000055 ] ] ] } },
{ "type": "Feature", "properties": { "code": "22044", "name": "Bailo" }, "geometry": { "type": "Polygon", "coordinates": [ [ [ -0.76287149999996, 42.555759499000033 ], [ -0.759521489999941, 42.555536638000035 ], [ -0.759288971999979, 42.552115495000066 ], [ -0.764903171999947, 42.545715194000024 ], [ -0.734804611999948, 42.534947632000069 ], [ -0.730051386999946, 42.52688859400007 ], [ -0.722958009999957, 42.522304272000042 ], [ -0.711605, 42.524642999000037 ], [ -0.717069193999976, 42.518456977000028 ], [ -0.718193394999957, 42.511395365000055 ], [ -0.702317499999936, 42.506671999000048 ], [ -0.707832543999928, 42.489998062000041 ], [ -0.717678629999966, 42.484795991000055 ], [ -0.71456442899995, 42.472690054000054 ], [ -0.732901416999937, 42.454128284000035 ], [ -0.752183797999976, 42.45334056400003 ], [ -0.778133405999938, 42.461718348000034 ], [ -0.796615058999976, 42.453234179000049 ], [ -0.820707617999972, 42.457538915000043 ], [ -0.82441807899994, 42.454875056000049 ], [ -0.825060837999956, 42.450873924000064 ], [ -0.820251969999958, 42.44703717200008 ], [ -0.78472697199993, 42.440199588000041 ], [ -0.782115573999931, 42.435896988000025 ], [ -0.786828247999949, 42.430855846000043 ], [ -0.808213203999969, 42.432896941000081 ], [ -0.822078527999963, 42.440627967000069 ], [ -0.831750403999933, 42.428400411000041 ], [ -0.838502885999958, 42.426445826000077 ], [ -0.850451202999977, 42.435114780000049 ], [ -0.851085520999959, 42.443477912000048 ], [ -0.881888, 42.457031499000038 ], [ -0.87798984799997, 42.462138201000073 ], [ -0.878245478999929, 42.467620879000037 ], [ -0.896205238999926, 42.479744139000047 ], [ -0.891290563999974, 42.48950052400005 ], [ -0.892983499999957, 42.509826499000042 ], [ -0.891315875999965, 42.526568438000027 ], [ -0.877328896999927, 42.53405305800004 ], [ -0.873310652999976, 42.544331743000043 ], [ -0.874776672999928, 42.553017277000038 ], [ -0.860046457999943, 42.554685459000041 ], [ -0.855515984999954, 42.560123092000026 ], [ -0.849896998999952, 42.55929769200003 ], [ -0.845534318999967, 42.573908996000057 ], [ -0.829633499999943, 42.570155999000065 ], [ -0.818601838999939, 42.569693420000078 ], [ -0.798270651999928, 42.561922869000057 ], [ -0.789481570999953, 42.553677810000067 ], [ -0.76287149999996, 42.555759499000033 ] ] ] } },
{ "type": "Feature", "properties": { "code": "22045", "name": "Baldellou" }, "geometry": { "type": "Polygon", "coordinates": [ [ [ 0.562496500000066, 41.932674499000029 ], [ 0.603039376000027, 41.921857124000041 ], [ 0.604387640000027, 41.918906898000046 ], [ 0.595515529000068, 41.916554405000056 ], [ 0.601044, 41.908527499000058 ], [ 0.596067500000061, 41.892707999000038 ], [ 0.568145784000023, 41.887648984000066 ], [ 0.533780593000074, 41.894910706000076 ], [ 0.514813692000075, 41.907080974000053 ], [ 0.510525500000028, 41.913684999000054 ], [ 0.510580054000059, 41.926218415000051 ], [ 0.514001378000046, 41.931686261000038 ], [ 0.542698651000023, 41.936822656000061 ], [ 0.562496500000066, 41.932674499000029 ] ] ] } },
{ "type": "Feature", "properties": { "code": "22046", "name": "Ballobar" }, "geometry": { "type": "Polygon", "coordinates": [ [ [ 0.185974500000043, 41.649966999000071 ], [ 0.198044, 41.633018499000059 ], [ 0.209428541000023, 41.615201717000048 ], [ 0.237343, 41.604423499000063 ], [ 0.219680913000047, 41.587612282000066 ], [ 0.222123, 41.582374499000025 ], [ 0.169533710000053, 41.54584711800004 ], [ 0.127952367000034, 41.53891623100003 ], [ 0.103432, 41.539264499000069 ], [ 0.099339500000042, 41.542411499000025 ], [ 0.093077, 41.544803499000068 ], [ 0.089758, 41.544868499000074 ], [ 0.084828500000071, 41.547080999000059 ], [ 0.07262, 41.547019999000042 ], [ 0.044649500000048, 41.562530499000047 ], [ 0.037109500000042, 41.563091499000052 ], [ 0.02579350000002, 41.56109249900004 ], [ 0.055432539000037, 41.587531916000046 ], [ 0.088502669000036, 41.609989411000072 ], [ 0.097093039000072, 41.618957494000028 ], [ 0.122447179000062, 41.630275250000068 ], [ 0.137014500000021, 41.663692499000035 ], [ 0.147366991000069, 41.661307891000035 ], [ 0.156930377000037, 41.652970549000031 ], [ 0.169530879000035, 41.652038720000064 ], [ 0.171497030000069, 41.64410274800008 ], [ 0.185974500000043, 41.649966999000071 ] ] ] } },
{ "type": "Feature", "properties": { "code": "22047", "name": "Banastás" }, "geometry": { "type": "Polygon", "coordinates": [ [ [ -0.442315, 42.182353999000043 ], [ -0.442252499999938, 42.17458349900005 ], [ -0.451183, 42.17618199900005 ], [ -0.451522499999953, 42.178298999000049 ], [ -0.456136499999957, 42.179805999000052 ], [ -0.460361, 42.18012599900004 ], [ -0.476716499999952, 42.196029499000076 ], [ -0.461237499999925, 42.202655999000058 ], [ -0.455743611999935, 42.197290188000068 ], [ -0.443976511999949, 42.192843112000048 ], [ -0.442315, 42.182353999000043 ] ] ] } },
{ "type": "Feature", "properties": { "code": "22048", "name": "Barbastro" }, "geometry": { "type": "Polygon", "coordinates": [ [ [ 0.199686, 42.06475049900007 ], [ 0.20509850000002, 42.062293999000076 ], [ 0.187322, 42.046123499000032 ], [ 0.184081, 42.04077649900006 ], [ 0.183163, 42.035461499000064 ], [ 0.17888750000003, 42.027718999000058 ], [ 0.178283, 42.019225999000071 ], [ 0.17087, 41.984748999000033 ], [ 0.153403128000036, 41.987038047000055 ], [ 0.146050844000058, 41.981043357000033 ], [ 0.13351676000002, 41.981304267000041 ], [ 0.123199106000072, 41.976043513000036 ], [ 0.112037733000022, 41.981641479000075 ], [ 0.106252, 41.981376499000078 ], [ 0.097313539000027, 41.983564283000078 ], [ 0.091214613000034, 41.989710518000038 ], [ 0.079562955000029, 41.994859483000027 ], [ 0.074328862000073, 42.004648021000037 ], [ 0.042250500000023, 42.016933499000061 ], [ 0.040111634000027, 42.020600604000037 ], [ 0.048498044000041, 42.03089501900007 ], [ 0.045442500000036, 42.03370699900006 ], [ 0.050270559000069, 42.041232566000076 ], [ 0.065071422000074, 42.048056196000061 ], [ 0.066761360000044, 42.052898635000076 ], [ 0.081616297000039, 42.061586268000042 ], [ 0.074555817000032, 42.071097595000026 ], [ 0.074816500000054, 42.077418999000031 ], [ 0.09851001800007, 42.079382913000074 ], [ 0.111927500000036, 42.096217999000032 ], [ 0.119967256000052, 42.09291974100006 ], [ 0.154241073000037, 42.097215329000051 ], [ 0.157341944000052, 42.093038349000039 ], [ 0.154844985000068, 42.085054811000077 ], [ 0.164956095000036, 42.081371124000043 ], [ 0.165599410000027, 42.070120706000068 ], [ 0.170755943000074, 42.062439514000062 ], [ 0.199686, 42.06475049900007 ] ] ] } },
{ "type": "Feature", "properties": { "code": "22049", "name": "Barbués" }, "geometry": { "type": "Polygon", "coordinates": [ [ [ -0.483837, 41.983237999000039 ], [ -0.44186396799995, 41.998531320000041 ], [ -0.42892532999997, 41.993974598000079 ], [ -0.410601499999927, 41.997897999000031 ], [ -0.398835, 41.994220999000049 ], [ -0.395802, 41.987178999000037 ], [ -0.395856499999979, 41.971645499000033 ], [ -0.415868, 41.968883499000071 ], [ -0.420183, 41.967559999000059 ], [ -0.421375, 41.965190999000072 ], [ -0.435445992999973, 41.970660988000077 ], [ -0.459233074999929, 41.971353726000075 ], [ -0.482612, 41.967765999000051 ], [ -0.484539986999948, 41.970293201000061 ], [ -0.48542, 41.976768999000058 ], [ -0.484188874999973, 41.978780589000053 ], [ -0.483837, 41.983237999000039 ] ] ] } },
{ "type": "Feature", "properties": { "code": "22050", "name": "Barbuñales" }, "geometry": { "type": "Polygon", "coordinates": [ [ [ -0.074733, 42.005138499000054 ], [ -0.09003996399997, 42.005981671000029 ], [ -0.104900869999938, 42.014430395000034 ], [ -0.105137433999971, 42.024981224000044 ], [ -0.118827499999952, 42.025165499000025 ], [ -0.117729998999948, 42.030579912000064 ], [ -0.122938062999935, 42.040175136000073 ], [ -0.12830319699998, 42.04391262200005 ], [ -0.129663771999958, 42.05004329500008 ], [ -0.12741127399994, 42.054069222000066 ], [ -0.116246511999975, 42.054819581000061 ], [ -0.114863499999956, 42.068771499000036 ], [ -0.105923085999962, 42.070251592000034 ], [ -0.102041907999933, 42.067236496000078 ], [ -0.09690668099995, 42.057781494000039 ], [ -0.092828804999954, 42.039336152000033 ], [ -0.066362, 42.03121199900005 ], [ -0.067961957999955, 42.018360146000077 ], [ -0.074733, 42.005138499000054 ] ] ] } },
{ "type": "Feature", "properties": { "code": "22051", "name": "Bárcabo" }, "geometry": { "type": "Polygon", "coordinates": [ [ [ 0.12427150000002, 42.193591999000034 ], [ 0.108986500000071, 42.18835449900007 ], [ 0.098925075000068, 42.193298516000027 ], [ 0.10584693200002, 42.206884539000043 ], [ 0.097001529000067, 42.216240329000073 ], [ 0.088759893000031, 42.217577592000055 ], [ 0.082557737000059, 42.20828218500003 ], [ 0.071611565000069, 42.206546347000028 ], [ 0.056601460000024, 42.215868197000077 ], [ 0.043340354000065, 42.217995974000075 ], [ 0.03348550000004, 42.214645499000028 ], [ 0.010118500000033, 42.223861499000066 ], [ -0.005027122999934, 42.233380521000072 ], [ -0.008461745999966, 42.241978473000074 ], [ -0.006633010999963, 42.246964118000051 ], [ 0.008270496000023, 42.254437247000055 ], [ 0.005003, 42.261546999000075 ], [ 0.00022644400002, 42.275919090000059 ], [ 0.003422545000035, 42.283712354000045 ], [ 0.010076765000065, 42.287296401000049 ], [ 0.009202938000044, 42.293732846000069 ], [ 0.012662671000044, 42.297206280000069 ], [ 0.037473524000063, 42.302286145000039 ], [ 0.041382182000063, 42.297954683000057 ], [ 0.042343722000055, 42.284613695000075 ], [ 0.047591742000066, 42.284200731000055 ], [ 0.058319543000039, 42.291565170000069 ], [ 0.063259815000038, 42.284328217000052 ], [ 0.070827349000069, 42.289756100000034 ], [ 0.07346872100004, 42.300276203000067 ], [ 0.082149060000063, 42.305672101000027 ], [ 0.094447545000037, 42.30600581300007 ], [ 0.097110291000035, 42.303047940000056 ], [ 0.094395299000041, 42.285912934000066 ], [ 0.108344241000054, 42.27462777900007 ], [ 0.10586059700006, 42.25944549500008 ], [ 0.098417551000068, 42.253719690000025 ], [ 0.096639178000032, 42.247970517000056 ], [ 0.126277862000052, 42.234872800000062 ], [ 0.138486359000069, 42.236979710000071 ], [ 0.14694, 42.242526999000063 ], [ 0.139605500000073, 42.233463499000038 ], [ 0.141400498000053, 42.223721584000032 ], [ 0.13417503200003, 42.213684494000063 ], [ 0.134181346000048, 42.206423856000072 ], [ 0.126076275000059, 42.19897672500008 ], [ 0.12427150000002, 42.193591999000034 ] ] ] } },
{ "type": "Feature", "properties": { "code": "22052", "name": "Belver de Cinca" }, "geometry": { "type": "Polygon", "coordinates": [ [ [ 0.267241500000068, 41.677753499000062 ], [ 0.276063013000055, 41.685216835000062 ], [ 0.238651265000044, 41.693524039000067 ], [ 0.173120500000039, 41.667922999000041 ], [ 0.166038, 41.675338999000076 ], [ 0.153155500000025, 41.685340499000063 ], [ 0.149178500000062, 41.689483999000061 ], [ 0.162856991000069, 41.70125816500007 ], [ 0.190686084000049, 41.710106984000049 ], [ 0.210151567000025, 41.722372293000035 ], [ 0.210518138000054, 41.730294170000036 ], [ 0.191919628000051, 41.753411474000075 ], [ 0.193553420000057, 41.75984677100007 ], [ 0.190947, 41.766784499000039 ], [ 0.210236255000041, 41.774591218000069 ], [ 0.215807027000039, 41.773478225000076 ], [ 0.223879486000044, 41.765686604000052 ], [ 0.232503408000071, 41.772432214000048 ], [ 0.24715150000003, 41.771880999000075 ], [ 0.249713, 41.765891999000075 ], [ 0.261346217000039, 41.753411474000075 ], [ 0.259954716000038, 41.742999722000036 ], [ 0.262142006000033, 41.738485424000032 ], [ 0.274772573000064, 41.729487833000064 ], [ 0.297205453000061, 41.720133157000078 ], [ 0.28632347000007, 41.705217601000072 ], [ 0.304454357000054, 41.694625203000044 ], [ 0.321585, 41.690116499000055 ], [ 0.334408, 41.688113999000052 ], [ 0.328819, 41.682017999000038 ], [ 0.327072, 41.678157999000064 ], [ 0.325727500000028, 41.671874999000067 ], [ 0.326296500000069, 41.66218899900008 ], [ 0.316375, 41.666816499000049 ], [ 0.31273, 41.667659499000081 ], [ 0.295363500000065, 41.668845999000041 ], [ 0.275951, 41.668300499000054 ], [ 0.271504, 41.671657499000048 ], [ 0.267241500000068, 41.677753499000062 ] ] ] } },
{ "type": "Feature", "properties": { "code": "22053", "name": "Benabarre" }, "geometry": { "type": "Polygon", "coordinates": [ [ [ 0.450535500000058, 42.011588999000026 ], [ 0.435382564000065, 42.026475937000043 ], [ 0.427502645000061, 42.044937971000024 ], [ 0.40846, 42.066764499000044 ], [ 0.412700057000052, 42.071885871000063 ], [ 0.414092272000062, 42.085684766000043 ], [ 0.399057442000071, 42.112694585000042 ], [ 0.392016856000055, 42.117132999000034 ], [ 0.392574788000047, 42.125549836000062 ], [ 0.398564786000065, 42.134554645000037 ], [ 0.425817216000041, 42.147235185000056 ], [ 0.436844500000063, 42.141628499000035 ], [ 0.460268375000055, 42.139290748000064 ], [ 0.479110950000063, 42.144786802000056 ], [ 0.48708076500003, 42.14408316600003 ], [ 0.485560431000067, 42.156703390000075 ], [ 0.490524, 42.17734899900006 ], [ 0.499259747000053, 42.177508190000026 ], [ 0.50810961000002, 42.168492858000036 ], [ 0.512589350000042, 42.167530600000077 ], [ 0.512775359000045, 42.159263134000071 ], [ 0.516907506000052, 42.153635235000024 ], [ 0.515326500000072, 42.144084999000029 ], [ 0.526666464000073, 42.11732290100008 ], [ 0.52786151600003, 42.089580757000078 ], [ 0.532091765000075, 42.083724020000034 ], [ 0.537321984000073, 42.092147171000079 ], [ 0.582351448000054, 42.084195389000058 ], [ 0.593170001000033, 42.089711191000049 ], [ 0.601436, 42.08998499900008 ], [ 0.605209, 42.089153499000076 ], [ 0.593463482000061, 42.08377845900003 ], [ 0.576592764000054, 42.063761980000038 ], [ 0.566234776000044, 42.059249683000075 ], [ 0.55573307800006, 42.058892885000034 ], [ 0.541388046000066, 42.06390411700005 ], [ 0.533520366000062, 42.054066788000057 ], [ 0.525682500000073, 42.049726838000026 ], [ 0.520912922000036, 42.041481434000048 ], [ 0.527211062000049, 42.040149978000045 ], [ 0.529589079000061, 42.030481008000038 ], [ 0.541072824000025, 42.024213895000059 ], [ 0.539283307000062, 42.017995736000046 ], [ 0.530470297000022, 42.016130685000064 ], [ 0.520803947000047, 42.024328319000062 ], [ 0.506483492000029, 42.027252860000033 ], [ 0.501356404000035, 42.018011465000029 ], [ 0.485522390000028, 42.009543394000048 ], [ 0.479786976000071, 41.999269736000031 ], [ 0.473319500000059, 41.994033999000067 ], [ 0.466168, 42.001472499000045 ], [ 0.461618, 42.004436499000064 ], [ 0.459907500000043, 42.006503999000074 ], [ 0.450535500000058, 42.011588999000026 ] ] ] } },
{ "type": "Feature", "properties": { "code": "22054", "name": "Benasque" }, "geometry": { "type": "Polygon", "coordinates": [ [ [ 0.660127, 42.690952499000048 ], [ 0.662308212000028, 42.685989303000042 ], [ 0.672937563000062, 42.678697628000066 ], [ 0.680443600000046, 42.667061853000064 ], [ 0.694844987000067, 42.657939918000068 ], [ 0.696903072000055, 42.648790132000045 ], [ 0.702150293000045, 42.641681769000058 ], [ 0.698579, 42.629470499000035 ], [ 0.683593961000042, 42.629233776000035 ], [ 0.667495324000072, 42.624699229000043 ], [ 0.675931472000059, 42.604500171000041 ], [ 0.671389049000027, 42.600036070000044 ], [ 0.660564991000058, 42.599533593000046 ], [ 0.652927422000062, 42.593210864000071 ], [ 0.638469726000039, 42.593952867000041 ], [ 0.62816828900003, 42.587229504000049 ], [ 0.609509378000041, 42.583113351000065 ], [ 0.604276791000075, 42.570305949000044 ], [ 0.592379878000031, 42.559972770000059 ], [ 0.588995629000067, 42.550452027000063 ], [ 0.589845500000024, 42.542237999000065 ], [ 0.578194407000069, 42.544118452000077 ], [ 0.571234760000038, 42.541715404000058 ], [ 0.556550106000032, 42.542371094000032 ], [ 0.54620768500007, 42.55397808400005 ], [ 0.537726164000048, 42.55908928100007 ], [ 0.530085500000041, 42.559945499000037 ], [ 0.50933324600004, 42.576554035000072 ], [ 0.501073070000075, 42.591202172000067 ], [ 0.490510049000022, 42.59870264500006 ], [ 0.491156671000056, 42.607007147000047 ], [ 0.499702927000044, 42.62247605400006 ], [ 0.498887913000033, 42.630954218000056 ], [ 0.476935261000051, 42.634458306000056 ], [ 0.475905103000059, 42.645616509000035 ], [ 0.478613898000049, 42.653525521000063 ], [ 0.473372310000059, 42.661466167000071 ], [ 0.451799363000021, 42.662055638000027 ], [ 0.433593500000029, 42.653808999000034 ], [ 0.435639128000048, 42.664646806000064 ], [ 0.432574877000036, 42.674124604000042 ], [ 0.43859930900004, 42.682973033000053 ], [ 0.436308500000052, 42.689704999000071 ], [ 0.451967610000054, 42.693832045000079 ], [ 0.462673077000034, 42.69350234400008 ], [ 0.477755500000058, 42.700019999000062 ], [ 0.496004926000069, 42.69245453800005 ], [ 0.515471529000024, 42.691583464000075 ], [ 0.526374, 42.702522499000054 ], [ 0.578544943000054, 42.69502560400008 ], [ 0.588787311000033, 42.695956995000074 ], [ 0.593834, 42.70417799900008 ], [ 0.596779500000025, 42.705440499000076 ], [ 0.618767145000049, 42.695930454000063 ], [ 0.660127, 42.690952499000048 ] ] ] } },
{ "type": "Feature", "properties": { "code": "22055", "name": "Berbegal" }, "geometry": { "type": "Polygon", "coordinates": [ [ [ 0.042250500000023, 42.016933499000061 ], [ 0.053648500000065, 42.012878499000067 ], [ 0.037618853000026, 41.996517717000074 ], [ 0.041079636000063, 41.98703564200008 ], [ 0.036742410000045, 41.974246644000061 ], [ 0.047599067000021, 41.964043855000057 ], [ 0.039805157000046, 41.95261944300006 ], [ 0.025310196000021, 41.945124535000048 ], [ 0.023753227000043, 41.930529929000045 ], [ 0.013985, 41.920867999000052 ], [ 0.009093571000051, 41.929772287000048 ], [ -0.022459147999939, 41.938008359000037 ], [ -0.034454098999959, 41.928320831000065 ], [ -0.064921499999969, 41.96037349900007 ], [ -0.057918, 41.979629499000055 ], [ -0.040896, 41.97657749900003 ], [ -0.039998, 41.979553499000076 ], [ -0.034327499999961, 41.980289499000037 ], [ -0.031203499999947, 41.985431499000072 ], [ -0.019991499999946, 41.987472499000035 ], [ -0.020286, 41.992011999000056 ], [ -0.015052, 41.993198499000073 ], [ -0.000094938999951, 41.983385701000032 ], [ 0.015900257000055, 41.980546030000028 ], [ 0.024331459000052, 41.993284182000025 ], [ 0.014440526000044, 42.005843137000056 ], [ 0.03278440400004, 42.010516045000031 ], [ 0.042250500000023, 42.016933499000061 ] ] ] } },
{ "type": "Feature", "properties": { "code": "22057", "name": "Bielsa" }, "geometry": { "type": "Polygon", "coordinates": [ [ [ 0.295051500000056, 42.673358999000072 ], [ 0.284572699000023, 42.665630531000033 ], [ 0.285362, 42.651084999000034 ], [ 0.275608223000063, 42.645977779000077 ], [ 0.294321702000047, 42.633497806000037 ], [ 0.28612798000006, 42.619947090000039 ], [ 0.248512660000074, 42.611235541000042 ], [ 0.243473081000047, 42.597232960000042 ], [ 0.228185882000048, 42.582441162000066 ], [ 0.224421428000028, 42.586274059000061 ], [ 0.22509149900003, 42.600738453000076 ], [ 0.21923279300006, 42.606240247000073 ], [ 0.206605435000029, 42.61144543000006 ], [ 0.19306509200004, 42.610030527000049 ], [ 0.172436892000064, 42.613484952000078 ], [ 0.145020829000032, 42.629257345000042 ], [ 0.122349, 42.634689499000046 ], [ 0.116204821000053, 42.639433846000031 ], [ 0.096963784000025, 42.643120181000029 ], [ 0.077524, 42.653606499000034 ], [ 0.074060949000057, 42.66238545200008 ], [ 0.045544852000035, 42.66724944200007 ], [ 0.040547548000063, 42.673908718000064 ], [ 0.011828, 42.692725999000061 ], [ 0.017079, 42.70124945200007 ], [ 0.025252335000062, 42.702028947000031 ], [ 0.046576110000046, 42.696339033000072 ], [ 0.057959398000037, 42.698004494000031 ], [ 0.069575761000067, 42.703581528000029 ], [ 0.078869019000024, 42.714739572000042 ], [ 0.090458532000071, 42.71655489300008 ], [ 0.105929524000032, 42.710577201000035 ], [ 0.114177821000055, 42.710913039000047 ], [ 0.131758251000065, 42.715247498000053 ], [ 0.136633500000073, 42.722430999000039 ], [ 0.160679424000023, 42.723672342000043 ], [ 0.163956473000042, 42.729126336000036 ], [ 0.176723095000057, 42.736429672000043 ], [ 0.206133500000021, 42.729442499000072 ], [ 0.225376057000062, 42.718185965000032 ], [ 0.259908500000051, 42.716014999000038 ], [ 0.267659651000031, 42.700494946000049 ], [ 0.264905870000064, 42.69331255700007 ], [ 0.295051500000056, 42.673358999000072 ] ] ] } },
{ "type": "Feature", "properties": { "code": "22058", "name": "Bierge" }, "geometry": { "type": "Polygon", "coordinates": [ [ [ -0.038339, 42.264404499000079 ], [ -0.042557181999939, 42.258985644000063 ], [ -0.047369255999968, 42.24266287100005 ], [ -0.063151993999952, 42.241695247000052 ], [ -0.066012283999953, 42.224001557000065 ], [ -0.051518821999935, 42.176096754000071 ], [ -0.055619186999934, 42.149574616000052 ], [ -0.067273308999972, 42.145865459000049 ], [ -0.089674700999979, 42.147822739000048 ], [ -0.106382544999974, 42.152783769000052 ], [ -0.110980499999926, 42.149978499000042 ], [ -0.119892105999952, 42.161809601000073 ], [ -0.130391756999927, 42.167781999000056 ], [ -0.130116439999938, 42.175455867000039 ], [ -0.124594898999931, 42.180135194000059 ], [ -0.13876298699995, 42.186200425000038 ], [ -0.143391111999961, 42.199764434000031 ], [ -0.125283971999977, 42.218238401000065 ], [ -0.12395018999996, 42.251181393000024 ], [ -0.141948472999957, 42.274581111000032 ], [ -0.147697583999957, 42.27852647900005 ], [ -0.152093, 42.277393499000027 ], [ -0.162911931999929, 42.287032429000078 ], [ -0.16124149999996, 42.294006499000034 ], [ -0.099742732999971, 42.332737523000048 ], [ -0.093772169999966, 42.334856572000035 ], [ -0.085513831999947, 42.332451606000063 ], [ -0.079121499999928, 42.339668499000027 ], [ -0.081904981999969, 42.347583265000026 ], [ -0.063606718999949, 42.35923235000007 ], [ -0.048214499999972, 42.353996499000061 ], [ -0.057171083999947, 42.347564310000053 ], [ -0.056395253999938, 42.332040674000041 ], [ -0.049950012999943, 42.328646238000033 ], [ -0.036662079999928, 42.313805488000071 ], [ -0.041997973999969, 42.288257698000052 ], [ -0.032289697999943, 42.279437753000025 ], [ -0.038011027999971, 42.270208657000069 ], [ -0.038339, 42.264404499000079 ] ] ] } },
{ "type": "Feature", "properties": { "code": "22059", "name": "Biescas" }, "geometry": { "type": "Polygon", "coordinates": [ [ [ -0.251781499999936, 42.679187999000078 ], [ -0.243314303999966, 42.682165729000076 ], [ -0.235840236999934, 42.678512620000049 ], [ -0.212219, 42.677707499000064 ], [ -0.214019058999952, 42.663563387000067 ], [ -0.21939288699997, 42.657436637000046 ], [ -0.234950952999952, 42.651552695000078 ], [ -0.246629542999926, 42.651257200000032 ], [ -0.261546233999979, 42.630275765000079 ], [ -0.267163405999952, 42.613890411000057 ], [ -0.267342172999975, 42.606884143000059 ], [ -0.250475968999979, 42.605280785000048 ], [ -0.230308499999978, 42.598483999000052 ], [ -0.229309455999953, 42.57859570200003 ], [ -0.222188913999958, 42.56985203000005 ], [ -0.224758615999974, 42.567457476000072 ], [ -0.22366302699993, 42.562156707000042 ], [ -0.236308417999965, 42.558113469000034 ], [ -0.246121, 42.546375499000078 ], [ -0.265234908999957, 42.542265136000026 ], [ -0.26874924699996, 42.535074954000038 ], [ -0.275105652999969, 42.532569624000075 ], [ -0.274833499999943, 42.529414999000039 ], [ -0.325616975999935, 42.532718334000037 ], [ -0.331825810999931, 42.536484297000072 ], [ -0.330761646999974, 42.541793616000064 ], [ -0.30351787799998, 42.557367598000042 ], [ -0.321079186999953, 42.564938212000072 ], [ -0.324312921999933, 42.589580550000051 ], [ -0.337502271999938, 42.588904783000032 ], [ -0.35083839899994, 42.578975008000043 ], [ -0.368405448999965, 42.587508850000063 ], [ -0.390437535999979, 42.588786885000047 ], [ -0.384189269999979, 42.603619809000065 ], [ -0.372654696999973, 42.610131873000057 ], [ -0.370202240999959, 42.616485307000062 ], [ -0.371609982999928, 42.621927311000036 ], [ -0.387021639999944, 42.635032415000069 ], [ -0.397564863999946, 42.651552744000071 ], [ -0.386918055999956, 42.691280891000076 ], [ -0.414255877999949, 42.699542588000043 ], [ -0.429450947999953, 42.713979419000054 ], [ -0.428864, 42.720699499000034 ], [ -0.402385699999968, 42.726332397000078 ], [ -0.396779842999933, 42.72086577400006 ], [ -0.38165705199998, 42.721284939000043 ], [ -0.373512624999933, 42.71420832900003 ], [ -0.331478021999942, 42.703632820000053 ], [ -0.324138737999931, 42.706653610000046 ], [ -0.312055499999929, 42.700492999000062 ], [ -0.312783283999977, 42.688144137000052 ], [ -0.320196408999948, 42.671168101000035 ], [ -0.318876173999968, 42.667226339000081 ], [ -0.299314038999967, 42.669293064000044 ], [ -0.275866869999959, 42.67972295800007 ], [ -0.251781499999936, 42.679187999000078 ] ] ] } },
{ "type": "Feature", "properties": { "code": "22001", "name": "Abiego" }, "geometry": { "type": "Polygon", "coordinates": [ [ [ -0.057285, 42.195358499000065 ], [ -0.046776529999931, 42.19022539000008 ], [ -0.046186344999967, 42.182271421000053 ], [ -0.030854, 42.18670699900008 ], [ -0.0193, 42.157668999000066 ], [ -0.027562931999967, 42.153120167000054 ], [ -0.034724693999976, 42.142239460000042 ], [ -0.037274414999956, 42.131901756000047 ], [ -0.035863, 42.124339999000028 ], [ -0.047255, 42.118682999000043 ], [ -0.050311, 42.11487949900004 ], [ -0.052922, 42.113845499000035 ], [ -0.055331, 42.110389499000064 ], [ -0.066151499999933, 42.106071499000052 ], [ -0.068778499999951, 42.103385999000068 ], [ -0.069131, 42.095992999000032 ], [ -0.079810634999944, 42.091610435000064 ], [ -0.087388457999964, 42.096282681000048 ], [ -0.094401572999971, 42.094958475000055 ], [ -0.106853499999943, 42.09763349900004 ], [ -0.106140499999924, 42.101623499000027 ], [ -0.10749, 42.103042499000026 ], [ -0.105133327999965, 42.112158572000055 ], [ -0.108179396999958, 42.120223536000026 ], [ -0.101522718999945, 42.125813842000071 ], [ -0.098321805999944, 42.134446474000072 ], [ -0.110980499999926, 42.149978499000042 ], [ -0.106382544999974, 42.152783769000052 ], [ -0.089674700999979, 42.147822739000048 ], [ -0.067273308999972, 42.145865459000049 ], [ -0.055619186999934, 42.149574616000052 ], [ -0.051518821999935, 42.176096754000071 ], [ -0.057285, 42.195358499000065 ] ] ] } },
{ "type": "Feature", "properties": { "code": "22002", "name": "Abizanda" }, "geometry": { "type": "Polygon", "coordinates": [ [ [ 0.180613500000049, 42.294482999000024 ], [ 0.191196500000046, 42.290523499000074 ], [ 0.201288, 42.288631499000076 ], [ 0.207403, 42.294356999000058 ], [ 0.210857, 42.29383849900006 ], [ 0.218438500000047, 42.304565499000034 ], [ 0.224840500000028, 42.299277999000026 ], [ 0.222719, 42.28577049900008 ], [ 0.218962216000023, 42.28458773300008 ], [ 0.214973531000055, 42.273568814000043 ], [ 0.229275040000061, 42.259813752000071 ], [ 0.223910500000045, 42.244952999000077 ], [ 0.224179, 42.241874499000062 ], [ 0.226807, 42.237575499000059 ], [ 0.230448, 42.22792799900003 ], [ 0.230070500000068, 42.225067499000033 ], [ 0.228052500000047, 42.222324499000081 ], [ 0.203840434000028, 42.222913578000032 ], [ 0.186083046000022, 42.216887335000081 ], [ 0.178892365000024, 42.219352355000069 ], [ 0.171814061000021, 42.227897483000049 ], [ 0.153968171000031, 42.238478624000038 ], [ 0.139605500000073, 42.233463499000038 ], [ 0.14694, 42.242526999000063 ], [ 0.14488860900002, 42.252606410000055 ], [ 0.153273867000053, 42.260761928000079 ], [ 0.165983112000049, 42.293133847000036 ], [ 0.180613500000049, 42.294482999000024 ] ] ] } },
{ "type": "Feature", "properties": { "code": "22003", "name": "Adahuesca" }, "geometry": { "type": "MultiPolygon", "coordinates": [ [ [ [ -0.029530499999964, 42.111018999000066 ], [ -0.032804, 42.122492999000031 ], [ -0.035863, 42.124339999000028 ], [ -0.037274414999956, 42.131901756000047 ], [ -0.034724693999976, 42.142239460000042 ], [ -0.027562931999967, 42.153120167000054 ], [ -0.0193, 42.157668999000066 ], [ -0.013566, 42.155792499000029 ], [ -0.003599, 42.155128499000057 ], [ 0.002549, 42.153083999000046 ], [ 0.001364500000022, 42.151321499000062 ], [ 0.007302, 42.144069499000068 ], [ 0.010680500000035, 42.13647049900004 ], [ 0.01681306200004, 42.127352057000053 ], [ 0.015709586000071, 42.12490417600003 ], [ -0.002606884999977, 42.116267045000029 ], [ -0.029530499999964, 42.111018999000066 ] ] ], [ [ [ -0.038339, 42.264404499000079 ], [ -0.023582, 42.264930999000057 ], [ -0.02128149999993, 42.262553499000035 ], [ -0.010899499999937, 42.263175999000055 ], [ 0.005003, 42.261546999000075 ], [ 0.008270496000023, 42.254437247000055 ], [ -0.006633010999963, 42.246964118000051 ], [ -0.008461745999966, 42.241978473000074 ], [ -0.005027122999934, 42.233380521000072 ], [ 0.010118500000033, 42.223861499000066 ], [ 0.005694, 42.219711499000027 ], [ 0.004892, 42.216868999000042 ], [ 0.002674, 42.216071999000064 ], [ -0.000135499999942, 42.211490499000035 ], [ -0.005606499999942, 42.207732999000029 ], [ -0.007513, 42.205062999000063 ], [ -0.009582499999965, 42.205848499000069 ], [ -0.013853, 42.201652499000033 ], [ -0.014983, 42.197433499000056 ], [ -0.022866, 42.193351499000073 ], [ -0.025456, 42.190536499000075 ], [ -0.030854, 42.18670699900008 ], [ -0.046186344999967, 42.182271421000053 ], [ -0.046776529999931, 42.19022539000008 ], [ -0.057285, 42.195358499000065 ], [ -0.066012283999953, 42.224001557000065 ], [ -0.063151993999952, 42.241695247000052 ], [ -0.047369255999968, 42.24266287100005 ], [ -0.042557181999939, 42.258985644000063 ], [ -0.038339, 42.264404499000079 ] ] ] ] } },
{ "type": "Feature", "properties": { "code": "22004", "name": "Agüero" }, "geometry": { "type": "Polygon", "coordinates": [ [ [ -0.780679499999962, 42.386054999000066 ], [ -0.777989, 42.383510999000066 ], [ -0.778249, 42.378543999000044 ], [ -0.780937, 42.376693499000055 ], [ -0.777045499999929, 42.365478499000062 ], [ -0.773007, 42.364295999000035 ], [ -0.771887, 42.362670999000045 ], [ -0.772530499999959, 42.352332999000055 ], [ -0.771795, 42.346690999000032 ], [ -0.775285499999939, 42.333457499000076 ], [ -0.781081499999971, 42.317359999000075 ], [ -0.787552499999947, 42.306564499000046 ], [ -0.804788835999943, 42.272968318000039 ], [ -0.81308, 42.264465499000039 ], [ -0.843294980999929, 42.282015856000044 ], [ -0.858211772999937, 42.275583783000059 ], [ -0.874909172999935, 42.281348568000055 ], [ -0.88334023699997, 42.274650801000064 ], [ -0.890390835999938, 42.262807391000081 ], [ -0.888157671999977, 42.255037904000062 ], [ -0.890306504999955, 42.249355317000038 ], [ -0.88747613399994, 42.244471910000073 ], [ -0.890273865999973, 42.240877913000077 ], [ -0.895726789999969, 42.242288947000077 ], [ -0.899546334999968, 42.249658986000043 ], [ -0.917997499999956, 42.25547799900005 ], [ -0.913099882999973, 42.264313342000037 ], [ -0.889959295999972, 42.287181109000073 ], [ -0.892071104999957, 42.294826457000056 ], [ -0.888616499999955, 42.302596999000059 ], [ -0.878958963999935, 42.31819355500005 ], [ -0.854908334999948, 42.341739404000066 ], [ -0.84957204899996, 42.359407152000074 ], [ -0.84265118899998, 42.36819861500004 ], [ -0.843318486999976, 42.384633094000037 ], [ -0.832691957999941, 42.382417050000072 ], [ -0.823453735999976, 42.384247069000025 ], [ -0.815332499999954, 42.394939499000031 ], [ -0.780679499999962, 42.386054999000066 ] ] ] } },
{ "type": "Feature", "properties": { "code": "22006", "name": "Aisa" }, "geometry": { "type": "Polygon", "coordinates": [ [ [ -0.52311949999995, 42.79869099900003 ], [ -0.520822, 42.796752999000034 ], [ -0.512699, 42.792903999000032 ], [ -0.518072334999943, 42.783694868000055 ], [ -0.515282446999947, 42.778936513000076 ], [ -0.516030924999939, 42.771607987000039 ], [ -0.535022940999966, 42.756449810000049 ], [ -0.536949499999935, 42.74903499900006 ], [ -0.552969369999971, 42.755276322000043 ], [ -0.564441046999946, 42.746817760000056 ], [ -0.568570995999949, 42.738038040000049 ], [ -0.566658545999928, 42.732801022000046 ], [ -0.553464499999961, 42.729877499000054 ], [ -0.553367499999979, 42.724598499000081 ], [ -0.559123, 42.721378499000025 ], [ -0.556687499999953, 42.718417999000053 ], [ -0.555994, 42.713695499000039 ], [ -0.568014193999943, 42.716896463000069 ], [ -0.594965902999945, 42.694313625000063 ], [ -0.604135160999931, 42.67592202600008 ], [ -0.599935570999946, 42.668489100000045 ], [ -0.60024720399997, 42.656073408000054 ], [ -0.614595732999931, 42.642161084000065 ], [ -0.630387489999976, 42.641204605000041 ], [ -0.631083951999926, 42.635033542000031 ], [ -0.637262537999959, 42.631279443000039 ], [ -0.636649499999976, 42.621669999000062 ], [ -0.653555799999936, 42.621569034000061 ], [ -0.670205499999952, 42.628192999000078 ], [ -0.668294816999946, 42.638361579000048 ], [ -0.679230054999948, 42.646625674000063 ], [ -0.682135, 42.658969999000078 ], [ -0.664044260999958, 42.663566811000067 ], [ -0.631322198999953, 42.693889324000054 ], [ -0.62918646199995, 42.701841856000044 ], [ -0.630713, 42.708285999000054 ], [ -0.623902767999937, 42.71568966600006 ], [ -0.619761732999962, 42.729811230000053 ], [ -0.611678299999937, 42.74281342300003 ], [ -0.60470765599996, 42.748313275000044 ], [ -0.606043044999979, 42.757264562000046 ], [ -0.601586499999939, 42.777171999000075 ], [ -0.583592320999969, 42.781056281000076 ], [ -0.581150759999957, 42.77746073600008 ], [ -0.584265044999938, 42.770595038000067 ], [ -0.569997865999937, 42.763163404000068 ], [ -0.551047, 42.777637499000036 ], [ -0.543642943999942, 42.792389185000047 ], [ -0.530216045999964, 42.792067911000061 ], [ -0.52311949999995, 42.79869099900003 ] ] ] } },
{ "type": "Feature", "properties": { "code": "22007", "name": "Albalate de Cinca" }, "geometry": { "type": "Polygon", "coordinates": [ [ [ 0.131541, 41.778274499000077 ], [ 0.17910598900005, 41.778862618000062 ], [ 0.184271570000021, 41.770060533000049 ], [ 0.190947, 41.766784499000039 ], [ 0.193553420000057, 41.75984677100007 ], [ 0.191919628000051, 41.753411474000075 ], [ 0.210518138000054, 41.730294170000036 ], [ 0.210151567000025, 41.722372293000035 ], [ 0.190686084000049, 41.710106984000049 ], [ 0.162856991000069, 41.70125816500007 ], [ 0.149178500000062, 41.689483999000061 ], [ 0.146057767000059, 41.711719169000048 ], [ 0.130525136000074, 41.732481999000072 ], [ 0.126009900000042, 41.753411474000075 ], [ 0.129593500000055, 41.759982999000044 ], [ 0.130100500000026, 41.76398449900006 ], [ 0.133991, 41.770751999000026 ], [ 0.133431, 41.775573499000075 ], [ 0.131541, 41.778274499000077 ] ] ] } },
{ "type": "Feature", "properties": { "code": "22008", "name": "Albalatillo" }, "geometry": { "type": "Polygon", "coordinates": [ [ [ -0.149242, 41.716239999000038 ], [ -0.153838969999924, 41.72030978500004 ], [ -0.169639912999969, 41.719735410000055 ], [ -0.174932787999978, 41.72514312800007 ], [ -0.173331741999959, 41.735946413000079 ], [ -0.156709159999934, 41.745499806000055 ], [ -0.154142189999959, 41.753411474000075 ], [ -0.15110797799997, 41.758969170000057 ], [ -0.141745344999947, 41.757927522000045 ], [ -0.139620846999946, 41.753411474000075 ], [ -0.140832499999931, 41.748348499000031 ], [ -0.139218161999963, 41.736608365000052 ], [ -0.143580788999941, 41.72711268300003 ], [ -0.141502806999938, 41.721887372000026 ], [ -0.149242, 41.716239999000038 ] ] ] } },
{ "type": "Feature", "properties": { "code": "22009", "name": "Albelda" }, "geometry": { "type": "Polygon", "coordinates": [ [ [ 0.542258, 41.820062499000073 ], [ 0.525159500000029, 41.822532499000033 ], [ 0.519544500000052, 41.820903999000052 ], [ 0.515519, 41.822341999000059 ], [ 0.510585500000047, 41.820617499000036 ], [ 0.50219, 41.814384499000028 ], [ 0.499004, 41.806953499000031 ], [ 0.495234500000038, 41.804473999000038 ], [ 0.483792823000044, 41.806048719000046 ], [ 0.457232950000048, 41.832986490000053 ], [ 0.44857956900006, 41.849808747000054 ], [ 0.448654907000048, 41.869433456000024 ], [ 0.465731842000025, 41.894603559000075 ], [ 0.478470500000071, 41.901332999000033 ], [ 0.484263500000054, 41.896350999000049 ], [ 0.486453, 41.88918699900006 ], [ 0.492610500000069, 41.884539999000026 ], [ 0.494212, 41.880080999000029 ], [ 0.493416, 41.873901499000056 ], [ 0.494536, 41.872344999000063 ], [ 0.508902, 41.870212999000046 ], [ 0.520205500000031, 41.864337999000043 ], [ 0.533408500000064, 41.859294999000042 ], [ 0.540868, 41.852599999000063 ], [ 0.552631, 41.849030999000036 ], [ 0.551431637000064, 41.832543279000049 ], [ 0.542258, 41.820062499000073 ] ] ] } },
{ "type": "Feature", "properties": { "code": "22011", "name": "Albero Alto" }, "geometry": { "type": "Polygon", "coordinates": [ [ [ -0.345766499999968, 42.029872999000077 ], [ -0.372827160999975, 42.045697592000067 ], [ -0.37219349999998, 42.056270999000049 ], [ -0.365174942999943, 42.069551344000047 ], [ -0.360484632999942, 42.072635638000065 ], [ -0.328715, 42.072908999000049 ], [ -0.320041, 42.066536499000051 ], [ -0.311270499999978, 42.058440999000027 ], [ -0.310825499999964, 42.055503999000052 ], [ -0.313656499999979, 42.051147499000081 ], [ -0.314954, 42.043002999000066 ], [ -0.317982499999971, 42.038860499000066 ], [ -0.320599499999958, 42.031745999000066 ], [ -0.325431499999979, 42.032035999000072 ], [ -0.340844, 42.029414999000039 ], [ -0.345766499999968, 42.029872999000077 ] ] ] } },
{ "type": "Feature", "properties": { "code": "22012", "name": "Albero Bajo" }, "geometry": { "type": "Polygon", "coordinates": [ [ [ -0.407434499999965, 42.027999999000031 ], [ -0.403785499999969, 42.035464999000055 ], [ -0.401614499999937, 42.042502999000078 ], [ -0.398626, 42.044643499000074 ], [ -0.39591, 42.049911499000075 ], [ -0.398503499999947, 42.052707499000064 ], [ -0.396691, 42.054763999000045 ], [ -0.38592749999998, 42.056121999000027 ], [ -0.37219349999998, 42.056270999000049 ], [ -0.372827160999975, 42.045697592000067 ], [ -0.345766499999968, 42.029872999000077 ], [ -0.347364, 42.017001999000058 ], [ -0.352604499999927, 42.013225499000043 ], [ -0.356819499999972, 42.011207499000079 ], [ -0.368142499999976, 42.010387499000046 ], [ -0.377702, 42.008487499000069 ], [ -0.390307, 42.003490499000065 ], [ -0.390198, 42.00112849900006 ], [ -0.39341, 42.000545499000054 ], [ -0.398835, 41.994220999000049 ], [ -0.410601499999927, 41.997897999000031 ], [ -0.410755, 42.003924999000049 ], [ -0.406797, 42.017814499000053 ], [ -0.407434499999965, 42.027999999000031 ] ] ] } },
{ "type": "Feature", "properties": { "code": "22013", "name": "Alberuela de Tubo" }, "geometry": { "type": "Polygon", "coordinates": [ [ [ -0.188254, 41.908637999000064 ], [ -0.227061092999975, 41.887440950000041 ], [ -0.232750653999972, 41.865692626000055 ], [ -0.24357581199996, 41.871200615000078 ], [ -0.256899717999943, 41.871005264000075 ], [ -0.258341508999933, 41.875658484000041 ], [ -0.264302523999959, 41.873527975000059 ], [ -0.26584349999996, 41.890693499000065 ], [ -0.251233879999972, 41.910896617000049 ], [ -0.241274057999931, 41.910548007000045 ], [ -0.230366375999949, 41.914715175000026 ], [ -0.211262931999954, 41.927126918000056 ], [ -0.188254, 41.908637999000064 ] ] ] } },
{ "type": "Feature", "properties": { "code": "22014", "name": "Alcalá de Gurrea" }, "geometry": { "type": "Polygon", "coordinates": [ [ [ -0.711424499999964, 42.143177499000046 ], [ -0.673033098999952, 42.120580606000033 ], [ -0.660845034999966, 42.120296326000073 ], [ -0.65784866599995, 42.122185042000069 ], [ -0.657619991999979, 42.128166813000064 ], [ -0.64875834399993, 42.127809036000031 ], [ -0.627489439999977, 42.134655212000041 ], [ -0.616133, 42.12980249900005 ], [ -0.617464813999959, 42.119564246000039 ], [ -0.625183701999958, 42.107346748000055 ], [ -0.618764750999958, 42.093394635000038 ], [ -0.641117188999942, 42.083457624000062 ], [ -0.655353981999951, 42.07120928900008 ], [ -0.65686790999996, 42.056629312000041 ], [ -0.672713499999929, 42.046283499000026 ], [ -0.690131783999959, 42.042811622000045 ], [ -0.716543722999972, 42.059795084000029 ], [ -0.717982314999972, 42.062124918000052 ], [ -0.713689234999947, 42.067707969000026 ], [ -0.71191783699993, 42.077444228000047 ], [ -0.704145916999948, 42.08819679700008 ], [ -0.733220292999931, 42.089181895000081 ], [ -0.731683499999974, 42.099021999000058 ], [ -0.727874983999925, 42.110287364000044 ], [ -0.729510903999937, 42.114018487000067 ], [ -0.747743734999972, 42.112916723000069 ], [ -0.755253, 42.109474999000042 ], [ -0.75736311999998, 42.115279457000042 ], [ -0.753913785999941, 42.123924423000062 ], [ -0.759671241999968, 42.130198 ], [ -0.75353, 42.131347499000071 ], [ -0.733423488999961, 42.137757270000066 ], [ -0.717175883999971, 42.135635296000032 ], [ -0.711424499999964, 42.143177499000046 ] ] ] } },
{ "type": "Feature", "properties": { "code": "22015", "name": "Alcalá del Obispo" }, "geometry": { "type": "Polygon", "coordinates": [ [ [ -0.239128, 42.041950499000052 ], [ -0.263327480999976, 42.050671622000038 ], [ -0.268110070999967, 42.058721466000065 ], [ -0.276973449999957, 42.063936569000077 ], [ -0.296500665999929, 42.063209249000067 ], [ -0.311270499999978, 42.058440999000027 ], [ -0.320041, 42.066536499000051 ], [ -0.328715, 42.072908999000049 ], [ -0.328685104999977, 42.083325757000068 ], [ -0.325251228999946, 42.089964284000075 ], [ -0.328205, 42.106410499000049 ], [ -0.31939749999998, 42.110809499000027 ], [ -0.320189499999969, 42.116428499000051 ], [ -0.31647, 42.117133999000032 ], [ -0.310900499999946, 42.11670699900003 ], [ -0.293213499999979, 42.111091499000054 ], [ -0.285974499999952, 42.110389499000064 ], [ -0.284462499999961, 42.108417499000041 ], [ -0.27615, 42.11042799900008 ], [ -0.26342, 42.110320999000066 ], [ -0.25935549999997, 42.108093499000063 ], [ -0.249706499999945, 42.107482999000069 ], [ -0.244249, 42.110934999000051 ], [ -0.233556499999963, 42.09760299900006 ], [ -0.24123428799993, 42.095237754000038 ], [ -0.242264777999935, 42.091517791000058 ], [ -0.238526662999959, 42.087468259000048 ], [ -0.229821219999963, 42.085989748000031 ], [ -0.221393574999979, 42.068664013000046 ], [ -0.221187874999941, 42.061644392000062 ], [ -0.225895082999955, 42.049031741000078 ], [ -0.239128, 42.041950499000052 ] ] ] } },
{ "type": "Feature", "properties": { "code": "22016", "name": "Alcampell" }, "geometry": { "type": "MultiPolygon", "coordinates": [ [ [ [ 0.452087500000061, 41.803169499000035 ], [ 0.453087690000075, 41.809309836000068 ], [ 0.460402114000033, 41.815302140000028 ], [ 0.454850360000023, 41.821727988000077 ], [ 0.453060246000064, 41.835705097000073 ], [ 0.439847492000069, 41.854754448000051 ], [ 0.440449565000051, 41.862235860000055 ], [ 0.446295448000058, 41.871687568000027 ], [ 0.424162943000056, 41.885146126000052 ], [ 0.403343092000057, 41.887030265000078 ], [ 0.391895500000032, 41.883754999000075 ], [ 0.395122393000065, 41.890138309000065 ], [ 0.406081718000053, 41.891378703000044 ], [ 0.408891, 41.897056353000039 ], [ 0.408177301000023, 41.900526567000043 ], [ 0.402838048000035, 41.902388755000061 ], [ 0.401670956000032, 41.908040158000063 ], [ 0.394881162000047, 41.912628368000071 ], [ 0.392066973000055, 41.922784749000073 ], [ 0.396584, 41.929229999000029 ], [ 0.43134150000003, 41.939376999000046 ], [ 0.464733878000061, 41.934105952000039 ], [ 0.473851837000041, 41.90939116800007 ], [ 0.479903, 41.902179499000056 ], [ 0.465731842000025, 41.894603559000075 ], [ 0.448654907000048, 41.869433456000024 ], [ 0.44857956900006, 41.849808747000054 ], [ 0.457232950000048, 41.832986490000053 ], [ 0.483792823000044, 41.806048719000046 ], [ 0.489107500000046, 41.805144999000049 ], [ 0.485496500000067, 41.802013499000054 ], [ 0.483287500000074, 41.80145249900005 ], [ 0.48182, 41.797687499000062 ], [ 0.473874500000022, 41.787173999000061 ], [ 0.471951, 41.773600999000053 ], [ 0.469715500000063, 41.76560949900005 ], [ 0.464477, 41.763313999000047 ], [ 0.448072, 41.76465599900007 ], [ 0.447090058000072, 41.789541364000058 ], [ 0.452087500000061, 41.803169499000035 ] ] ], [ [ [ 0.357893500000046, 41.892303499000036 ], [ 0.357513500000039, 41.894981499000039 ], [ 0.360697500000072, 41.900298999000029 ], [ 0.362950500000068, 41.906020999000077 ], [ 0.363401500000066, 41.914142999000035 ], [ 0.35844, 41.921417499000029 ], [ 0.363818, 41.92575449900005 ], [ 0.371303882000063, 41.92233082000007 ], [ 0.381795, 41.924110499000051 ], [ 0.383566315000053, 41.915032463000045 ], [ 0.380868838000026, 41.911544524000078 ], [ 0.378116, 41.885692499000072 ], [ 0.357893500000046, 41.892303499000036 ] ] ] ] } },
{ "type": "Feature", "properties": { "code": "22017", "name": "Alcolea de Cinca" }, "geometry": { "type": "Polygon", "coordinates": [ [ [ -0.012719499999946, 41.772479999000041 ], [ -0.003320499999973, 41.775161999000034 ], [ 0.00707, 41.775069999000038 ], [ 0.018368, 41.77684399900005 ], [ 0.014369945000055, 41.771639386000061 ], [ 0.036516285000062, 41.765318459000071 ], [ 0.06725924400007, 41.764132552000035 ], [ 0.094448208000074, 41.767963168000051 ], [ 0.118224011000052, 41.75968660400008 ], [ 0.129593500000055, 41.759982999000044 ], [ 0.126009900000042, 41.753411474000075 ], [ 0.130525136000074, 41.732481999000072 ], [ 0.146057767000059, 41.711719169000048 ], [ 0.149178500000062, 41.689483999000061 ], [ 0.124828500000035, 41.676856999000051 ], [ 0.119857, 41.680160499000067 ], [ 0.10809850000004, 41.683486999000024 ], [ 0.090086, 41.69113549900004 ], [ 0.070938500000068, 41.695266999000069 ], [ 0.045633, 41.69782649900003 ], [ 0.030772500000069, 41.704540499000075 ], [ 0.018567817000076, 41.719827447000057 ], [ 0.018885596000075, 41.738415494000037 ], [ 0.00924279100002, 41.753411474000075 ], [ -0.005089359999943, 41.76962781800006 ], [ -0.012719499999946, 41.772479999000041 ] ] ] } },
{ "type": "Feature", "properties": { "code": "22018", "name": "Alcubierre" }, "geometry": { "type": "Polygon", "coordinates": [ [ [ -0.464336499999945, 41.715137499000036 ], [ -0.467829285999926, 41.721471689000055 ], [ -0.482608004999975, 41.724691009000026 ], [ -0.490239591999966, 41.731397912000034 ], [ -0.519335499999954, 41.729362499000047 ], [ -0.504834225999957, 41.746128399000042 ], [ -0.504729696999959, 41.753411474000075 ], [ -0.501555973999928, 41.76112039700007 ], [ -0.507724191999955, 41.77957125100005 ], [ -0.511980499999936, 41.784346999000036 ], [ -0.509312640999951, 41.791159186000073 ], [ -0.512038523999934, 41.797948747000078 ], [ -0.510982306999949, 41.807165173000044 ], [ -0.516405143999975, 41.814120082000045 ], [ -0.517905626999948, 41.823953373000052 ], [ -0.515844499999957, 41.828552499000068 ], [ -0.505106864999959, 41.824020701000052 ], [ -0.482608004999975, 41.82620427300003 ], [ -0.427994, 41.850688999000056 ], [ -0.40044280099994, 41.845714104000081 ], [ -0.372678183999938, 41.847903624000026 ], [ -0.359994, 41.842578999000068 ], [ -0.367106498999931, 41.831185250000033 ], [ -0.362923780999949, 41.820318034000024 ], [ -0.376982010999939, 41.815356955000027 ], [ -0.401722505999942, 41.777562640000042 ], [ -0.422211842999957, 41.755595921000065 ], [ -0.429324462999944, 41.753411474000075 ], [ -0.432583077999936, 41.747155102000079 ], [ -0.433143834999953, 41.736136276000025 ], [ -0.450135237999973, 41.732490529000074 ], [ -0.452617210999961, 41.722977006000065 ], [ -0.459627, 41.715080499000067 ], [ -0.464336499999945, 41.715137499000036 ] ] ] } },
{ "type": "Feature", "properties": { "code": "22019", "name": "Alerre" }, "geometry": { "type": "Polygon", "coordinates": [ [ [ -0.511930499999949, 42.170825999000044 ], [ -0.510321, 42.175430499000072 ], [ -0.481225, 42.177028499000073 ], [ -0.454357, 42.164710999000079 ], [ -0.457202200999973, 42.151323551000075 ], [ -0.485174, 42.152847499000075 ], [ -0.489360499999975, 42.153785499000037 ], [ -0.493762, 42.152370499000028 ], [ -0.496606500999974, 42.163575773000048 ], [ -0.511930499999949, 42.170825999000044 ] ] ] } },
{ "type": "Feature", "properties": { "code": "22020", "name": "Alfántega" }, "geometry": { "type": "Polygon", "coordinates": [ [ [ 0.134453500000063, 41.812328499000046 ], [ 0.137828500000069, 41.827953499000046 ], [ 0.141323500000055, 41.832683499000041 ], [ 0.14202350000005, 41.835178499000051 ], [ 0.141578500000037, 41.840392999000073 ], [ 0.138619500000061, 41.848796999000058 ], [ 0.147458176000043, 41.84677896200003 ], [ 0.149232278000056, 41.843071513000041 ], [ 0.161127258000022, 41.84210562100003 ], [ 0.166477500000042, 41.834125499000038 ], [ 0.164430491000076, 41.808143211000072 ], [ 0.134453500000063, 41.812328499000046 ] ] ] } },
{ "type": "Feature", "properties": { "code": "22021", "name": "Almudévar" }, "geometry": { "type": "Polygon", "coordinates": [ [ [ -0.517197499999952, 42.110759499000039 ], [ -0.516536254999949, 42.102297641000064 ], [ -0.504491743999949, 42.095919717000072 ], [ -0.499380357999939, 42.085178003000067 ], [ -0.513634263999961, 42.055622626000059 ], [ -0.494125, 42.037845499000071 ], [ -0.490911499999925, 42.026481499000056 ], [ -0.495989499999951, 42.01009749900004 ], [ -0.501706499999955, 42.012416999000038 ], [ -0.504306, 42.014804999000035 ], [ -0.514506, 42.017051999000046 ], [ -0.533055499999932, 42.01054749900004 ], [ -0.544854, 42.007377499000029 ], [ -0.556195499999944, 42.007365999000058 ], [ -0.558331, 42.006736999000054 ], [ -0.559666, 42.004993499000079 ], [ -0.558946499999934, 42.001094999000031 ], [ -0.559964499999978, 41.998779499000079 ], [ -0.573514499999931, 41.99580749900008 ], [ -0.588700499999959, 41.985923999000079 ], [ -0.593829, 41.980880499000079 ], [ -0.601135499999941, 41.972423499000058 ], [ -0.602909, 41.963752499000066 ], [ -0.601847, 41.962142999000037 ], [ -0.62080949999995, 41.960044999000047 ], [ -0.6303, 41.954982999000038 ], [ -0.638828, 41.953067499000042 ], [ -0.642958, 41.950667999000075 ], [ -0.652128499999947, 41.947360999000068 ], [ -0.657802499999946, 41.957481499000039 ], [ -0.649036292999938, 41.975782019000064 ], [ -0.649063040999977, 41.986968465000075 ], [ -0.656237995999959, 42.003602017000048 ], [ -0.666460127999926, 42.007396993000043 ], [ -0.669495210999969, 42.011352654000063 ], [ -0.672713499999929, 42.046283499000026 ], [ -0.65686790999996, 42.056629312000041 ], [ -0.655353981999951, 42.07120928900008 ], [ -0.641117188999942, 42.083457624000062 ], [ -0.618764750999958, 42.093394635000038 ], [ -0.625183701999958, 42.107346748000055 ], [ -0.617464813999959, 42.119564246000039 ], [ -0.616133, 42.12980249900005 ], [ -0.60406004999993, 42.132971816000065 ], [ -0.597158143999934, 42.143306168000038 ], [ -0.588677148999977, 42.147836496000025 ], [ -0.575416225999959, 42.140310749000037 ], [ -0.566963852999947, 42.147022968000044 ], [ -0.552489592999962, 42.144335930000068 ], [ -0.534061, 42.155242999000052 ], [ -0.517059, 42.145274999000037 ], [ -0.521665281999958, 42.117587272000037 ], [ -0.517197499999952, 42.110759499000039 ] ] ] } },
{ "type": "Feature", "properties": { "code": "22022", "name": "Almunia de San Juan" }, "geometry": { "type": "Polygon", "coordinates": [ [ [ 0.288474, 41.940971499000057 ], [ 0.28697726300004, 41.93319486300004 ], [ 0.274360915000045, 41.91723134700004 ], [ 0.273731, 41.912170499000069 ], [ 0.262168703000043, 41.918713834000073 ], [ 0.251625170000068, 41.917008474000056 ], [ 0.228255497000021, 41.927667814000074 ], [ 0.228272616000027, 41.93490368700003 ], [ 0.216015514000048, 41.943265229000076 ], [ 0.221990407000021, 41.950724552000054 ], [ 0.221101336000061, 41.954232963000038 ], [ 0.196151276000023, 41.948121742000069 ], [ 0.188242668000044, 41.949991185000044 ], [ 0.18327, 41.955764999000053 ], [ 0.174963431000037, 41.96928988600007 ], [ 0.173410500000045, 41.978034999000045 ], [ 0.191944541000055, 41.978307726000025 ], [ 0.233368039000027, 41.968436723000025 ], [ 0.246265520000065, 41.978833976000033 ], [ 0.271979500000043, 41.97740249900005 ], [ 0.263953978000075, 41.969406998000068 ], [ 0.258985499000062, 41.95406857200004 ], [ 0.265233289000037, 41.951070542000025 ], [ 0.266517171000032, 41.947231671000054 ], [ 0.275505187000022, 41.948251413000037 ], [ 0.288474, 41.940971499000057 ] ] ] } },
{ "type": "Feature", "properties": { "code": "22023", "name": "Almuniente" }, "geometry": { "type": "Polygon", "coordinates": [ [ [ -0.395856499999979, 41.971645499000033 ], [ -0.38404668499993, 41.965887369000029 ], [ -0.389900188999945, 41.954519106000077 ], [ -0.387171070999955, 41.950327217000051 ], [ -0.417524499999956, 41.902152999000066 ], [ -0.44020065199993, 41.897165062000056 ], [ -0.450264949999962, 41.903739207000058 ], [ -0.461395623999977, 41.898987845000079 ], [ -0.473644499999978, 41.898441499000057 ], [ -0.476105, 41.905463999000062 ], [ -0.475091499999962, 41.913692499000035 ], [ -0.477715, 41.919955999000081 ], [ -0.481296, 41.923057499000038 ], [ -0.478377283999976, 41.925463338000043 ], [ -0.475218855999969, 41.933725270000025 ], [ -0.475655, 41.944648999000037 ], [ -0.469305, 41.943588499000043 ], [ -0.450826, 41.943828499000062 ], [ -0.443821, 41.94316849900008 ], [ -0.439603, 41.943343999000035 ], [ -0.429189, 41.946445999000048 ], [ -0.425263, 41.95196499900004 ], [ -0.423203, 41.958167999000068 ], [ -0.421459, 41.960704999000029 ], [ -0.421375, 41.965190999000072 ], [ -0.420183, 41.967559999000059 ], [ -0.415868, 41.968883499000071 ], [ -0.395856499999979, 41.971645499000033 ] ] ] } },
{ "type": "Feature", "properties": { "code": "22024", "name": "Alquézar" }, "geometry": { "type": "Polygon", "coordinates": [ [ [ -0.0193, 42.157668999000066 ], [ -0.030854, 42.18670699900008 ], [ -0.025456, 42.190536499000075 ], [ -0.022866, 42.193351499000073 ], [ -0.014983, 42.197433499000056 ], [ -0.013853, 42.201652499000033 ], [ -0.009582499999965, 42.205848499000069 ], [ -0.007513, 42.205062999000063 ], [ -0.005606499999942, 42.207732999000029 ], [ -0.000135499999942, 42.211490499000035 ], [ 0.002674, 42.216071999000064 ], [ 0.004892, 42.216868999000042 ], [ 0.005694, 42.219711499000027 ], [ 0.010118500000033, 42.223861499000066 ], [ 0.03348550000004, 42.214645499000028 ], [ 0.024325035000061, 42.201934090000066 ], [ 0.023364674000049, 42.194420865000041 ], [ 0.029918407000025, 42.183868971000038 ], [ 0.03522864100006, 42.162966794000056 ], [ 0.042187500000068, 42.155677999000034 ], [ 0.026007431000039, 42.146029851000037 ], [ 0.023140995000063, 42.137791641000035 ], [ 0.010680500000035, 42.13647049900004 ], [ 0.007302, 42.144069499000068 ], [ 0.001364500000022, 42.151321499000062 ], [ 0.002549, 42.153083999000046 ], [ -0.003599, 42.155128499000057 ], [ -0.013566, 42.155792499000029 ], [ -0.0193, 42.157668999000066 ] ] ] } },
{ "type": "Feature", "properties": { "code": "22025", "name": "Altorricón" }, "geometry": { "type": "Polygon", "coordinates": [ [ [ 0.398606500000028, 41.755138499000054 ], [ 0.385314659000073, 41.760398568000028 ], [ 0.374754676000066, 41.754497363000041 ], [ 0.364475975000062, 41.759593487000075 ], [ 0.381411050000054, 41.776318845000048 ], [ 0.387552190000065, 41.789539583000078 ], [ 0.396916697000051, 41.796162757000047 ], [ 0.388711974000046, 41.804847567000024 ], [ 0.392819271000064, 41.812611789000073 ], [ 0.405725475000054, 41.820981891000031 ], [ 0.414568564000035, 41.820037282000044 ], [ 0.430237190000071, 41.807905699000059 ], [ 0.452087500000061, 41.803169499000035 ], [ 0.447090058000072, 41.789541364000058 ], [ 0.448072, 41.76465599900007 ], [ 0.408745076000059, 41.759098517000041 ], [ 0.398606500000028, 41.755138499000054 ] ] ] } },
{ "type": "Feature", "properties": { "code": "22027", "name": "Angüés" }, "geometry": { "type": "Polygon", "coordinates": [ [ [ -0.244249, 42.110934999000051 ], [ -0.239094658999932, 42.11858740200006 ], [ -0.229963131999966, 42.119442580000054 ], [ -0.222454156999959, 42.12518149400006 ], [ -0.206184828999938, 42.128083635000053 ], [ -0.202999, 42.131675999000038 ], [ -0.184428145999959, 42.12513498800007 ], [ -0.17900949999995, 42.126483999000072 ], [ -0.172560992999934, 42.123006502000067 ], [ -0.162620164999964, 42.126142346000051 ], [ -0.144031835999954, 42.125301439000054 ], [ -0.123058975999925, 42.11643371100007 ], [ -0.113453025999945, 42.105428640000071 ], [ -0.10749, 42.103042499000026 ], [ -0.106140499999924, 42.101623499000027 ], [ -0.106853499999943, 42.09763349900004 ], [ -0.11018340399994, 42.092297151000025 ], [ -0.108143688999974, 42.084106757000029 ], [ -0.11802580899996, 42.075882297000078 ], [ -0.114863499999956, 42.068771499000036 ], [ -0.116246511999975, 42.054819581000061 ], [ -0.12741127399994, 42.054069222000066 ], [ -0.129663771999958, 42.05004329500008 ], [ -0.12830319699998, 42.04391262200005 ], [ -0.122938062999935, 42.040175136000073 ], [ -0.117729998999948, 42.030579912000064 ], [ -0.118827499999952, 42.025165499000025 ], [ -0.124865904999979, 42.017575744000055 ], [ -0.126725499999964, 42.020152999000061 ], [ -0.126875076999966, 42.024292800000069 ], [ -0.136261262999938, 42.035964592000028 ], [ -0.15711208099998, 42.044868715000064 ], [ -0.170402499999966, 42.046397999000078 ], [ -0.16876618799995, 42.063714993000076 ], [ -0.18579978799994, 42.073824069000068 ], [ -0.18103062199998, 42.076137976000041 ], [ -0.178780478999954, 42.08313705900008 ], [ -0.160216949999949, 42.091864018000081 ], [ -0.168589800999939, 42.100229776000049 ], [ -0.180329785999959, 42.108474220000062 ], [ -0.191453015999969, 42.109500427000057 ], [ -0.210698071999957, 42.105585702000042 ], [ -0.22539184599998, 42.096489876000078 ], [ -0.233556499999963, 42.09760299900006 ], [ -0.244249, 42.110934999000051 ] ] ] } },
{ "type": "Feature", "properties": { "code": "22028", "name": "Ansó" }, "geometry": { "type": "Polygon", "coordinates": [ [ [ -0.636122, 42.853286999000034 ], [ -0.619518353999979, 42.837989174000029 ], [ -0.603334090999965, 42.831744659000037 ], [ -0.599131654999951, 42.815120689000025 ], [ -0.599588732999962, 42.802820577000034 ], [ -0.59286620499995, 42.802416723000078 ], [ -0.576397073999942, 42.807789461000027 ], [ -0.567797104999954, 42.805108367000059 ], [ -0.565512725999952, 42.798197581000068 ], [ -0.570283711999934, 42.788757453000073 ], [ -0.567833, 42.78076149900005 ], [ -0.559160574999964, 42.78169482900006 ], [ -0.551047, 42.777637499000036 ], [ -0.569997865999937, 42.763163404000068 ], [ -0.584265044999938, 42.770595038000067 ], [ -0.581150759999957, 42.77746073600008 ], [ -0.583592320999969, 42.781056281000076 ], [ -0.601586499999939, 42.777171999000075 ], [ -0.599304342999972, 42.785833865000029 ], [ -0.606175820999965, 42.791337445000067 ], [ -0.632414, 42.79639049900004 ], [ -0.653113555999937, 42.806720850000033 ], [ -0.636586816999966, 42.819705643000077 ], [ -0.635484188999953, 42.824759587000074 ], [ -0.639686499999925, 42.826774499000066 ], [ -0.636680590999958, 42.833388858000035 ], [ -0.642976803999943, 42.847043542000051 ], [ -0.669689086999938, 42.858182398000054 ], [ -0.682625395999935, 42.860390891000065 ], [ -0.690145719999975, 42.859087545000079 ], [ -0.70033049999995, 42.85244749900005 ], [ -0.708212569999944, 42.854608284000051 ], [ -0.727403187999926, 42.845233280000059 ], [ -0.728294182999946, 42.840270930000031 ], [ -0.724257417999979, 42.835130554000045 ], [ -0.731966629999931, 42.82618836100005 ], [ -0.781916752999962, 42.819825540000068 ], [ -0.793869401999928, 42.803640223000059 ], [ -0.796813660999931, 42.786999559000037 ], [ -0.791708107999966, 42.774474137000027 ], [ -0.778790188999949, 42.758247944000061 ], [ -0.785712523999962, 42.738614900000073 ], [ -0.784675014999948, 42.730485058000056 ], [ -0.807636165999952, 42.709285023000064 ], [ -0.819525369999951, 42.707050410000079 ], [ -0.822904108999978, 42.703562445000045 ], [ -0.807284634999974, 42.674854468000035 ], [ -0.813610258999972, 42.662740302000032 ], [ -0.787960087999977, 42.65802877200008 ], [ -0.787254305999966, 42.655295124000077 ], [ -0.807089300999962, 42.635795044000076 ], [ -0.81503023199997, 42.637826416000053 ], [ -0.822687000999963, 42.650818498000035 ], [ -0.829557293999926, 42.673771672000044 ], [ -0.838540339999952, 42.675804375000041 ], [ -0.848365955999952, 42.672923397000034 ], [ -0.847769729999925, 42.679294863000052 ], [ -0.857972, 42.689956499000061 ], [ -0.859783, 42.696243499000047 ], [ -0.859342, 42.700195499000074 ], [ -0.856103499999961, 42.705619999000078 ], [ -0.856076, 42.708553499000061 ], [ -0.860359499999959, 42.718548499000065 ], [ -0.859003499999972, 42.73454349900004 ], [ -0.856536, 42.742015999000046 ], [ -0.850029, 42.753143499000032 ], [ -0.849405499999932, 42.755920499000069 ], [ -0.853545499999939, 42.760635499000045 ], [ -0.85573549999998, 42.761677499000029 ], [ -0.857901499999969, 42.764770499000065 ], [ -0.862939, 42.768947499000035 ], [ -0.858019566999928, 42.770843007000053 ], [ -0.848282186999938, 42.786029964000079 ], [ -0.85018342799998, 42.791764443000034 ], [ -0.859942234999949, 42.800245208000035 ], [ -0.852090522999958, 42.808449031000066 ], [ -0.854821499999957, 42.82349399900005 ], [ -0.856352375999961, 42.846228866000047 ], [ -0.847778571999925, 42.848528219000059 ], [ -0.830876901999943, 42.865393869000059 ], [ -0.820453418999932, 42.867684215000054 ], [ -0.81529973399995, 42.876680509000039 ], [ -0.815138347999948, 42.887516011000059 ], [ -0.820818961999976, 42.893414826000026 ], [ -0.817355472999964, 42.901591332000066 ], [ -0.80206553599993, 42.907640498000035 ], [ -0.782509410999978, 42.921383581000043 ], [ -0.752782282999931, 42.924067279000042 ], [ -0.741089475999956, 42.918935754000074 ], [ -0.724501, 42.920158499000081 ], [ -0.735390779999932, 42.912585093000075 ], [ -0.731301, 42.897068928000067 ], [ -0.723633525999958, 42.88986273900008 ], [ -0.697851832999959, 42.879512477000048 ], [ -0.678661094999939, 42.88361696700008 ], [ -0.662753, 42.870704499000055 ], [ -0.661357885999962, 42.864334168000028 ], [ -0.655421063999938, 42.858633918000066 ], [ -0.636122, 42.853286999000034 ] ] ] } },
{ "type": "Feature", "properties": { "code": "22029", "name": "Antillón" }, "geometry": { "type": "Polygon", "coordinates": [ [ [ -0.170402499999966, 42.046397999000078 ], [ -0.15711208099998, 42.044868715000064 ], [ -0.136261262999938, 42.035964592000028 ], [ -0.126875076999966, 42.024292800000069 ], [ -0.126725499999964, 42.020152999000061 ], [ -0.165862581999932, 42.011896308000075 ], [ -0.171834421999961, 42.005374305000032 ], [ -0.19003749999996, 41.997035999000047 ], [ -0.196123499999942, 42.00112849900006 ], [ -0.202863, 42.010425499000064 ], [ -0.204084, 42.014526499000056 ], [ -0.205935499999953, 42.016353499000047 ], [ -0.207951499999979, 42.021075999000061 ], [ -0.208694, 42.025382999000044 ], [ -0.210463499999946, 42.02746249900008 ], [ -0.205847896999956, 42.036127255000054 ], [ -0.175784897999961, 42.040064363000056 ], [ -0.170402499999966, 42.046397999000078 ] ] ] } },
{ "type": "Feature", "properties": { "code": "22032", "name": "Aragüés del Puerto" }, "geometry": { "type": "Polygon", "coordinates": [ [ [ -0.682135, 42.658969999000078 ], [ -0.707506743999943, 42.664960226000062 ], [ -0.719891434999965, 42.683256674000063 ], [ -0.705154866999976, 42.695121097000026 ], [ -0.685817852999946, 42.701122144000067 ], [ -0.680759729999977, 42.728682192000065 ], [ -0.687605755999925, 42.735665359000052 ], [ -0.688135701999954, 42.740116777000026 ], [ -0.672488851999958, 42.749736606000056 ], [ -0.667655645999957, 42.762250680000079 ], [ -0.66854323299998, 42.767066175000025 ], [ -0.655354217999957, 42.77231488700005 ], [ -0.642238598999938, 42.786926181000069 ], [ -0.634894095999925, 42.790936084000066 ], [ -0.632414, 42.79639049900004 ], [ -0.606175820999965, 42.791337445000067 ], [ -0.599304342999972, 42.785833865000029 ], [ -0.606043044999979, 42.757264562000046 ], [ -0.60470765599996, 42.748313275000044 ], [ -0.611678299999937, 42.74281342300003 ], [ -0.619761732999962, 42.729811230000053 ], [ -0.623902767999937, 42.71568966600006 ], [ -0.630713, 42.708285999000054 ], [ -0.653067071999942, 42.715547335000053 ], [ -0.667069874999925, 42.711183900000037 ], [ -0.670502899999974, 42.698776249000048 ], [ -0.667404341999941, 42.689055842000073 ], [ -0.640071499999976, 42.685962499000027 ], [ -0.664044260999958, 42.663566811000067 ], [ -0.682135, 42.658969999000078 ] ] ] } },
{ "type": "Feature", "properties": { "code": "22035", "name": "Arén" }, "geometry": { "type": "Polygon", "coordinates": [ [ [ 0.669290500000045, 42.382175499000027 ], [ 0.696327095000072, 42.369322870000076 ], [ 0.707525840000073, 42.35121876900007 ], [ 0.709367174000022, 42.344838756000058 ], [ 0.696220299000061, 42.340301275000058 ], [ 0.689078915000039, 42.330461185000047 ], [ 0.687623248000023, 42.320645932000048 ], [ 0.690478726000038, 42.31646849100008 ], [ 0.703519356000072, 42.312639423000064 ], [ 0.701212406000025, 42.299303396000028 ], [ 0.724167648000048, 42.293578527000079 ], [ 0.738663, 42.281448499000078 ], [ 0.739241719000063, 42.27020471000003 ], [ 0.735296696000034, 42.251815757000031 ], [ 0.725796027000058, 42.243091365000055 ], [ 0.724381860000051, 42.235238650000042 ], [ 0.715358791000028, 42.223859670000024 ], [ 0.713106891000052, 42.209586181000077 ], [ 0.707950500000038, 42.203732999000067 ], [ 0.695051854000042, 42.207831903000056 ], [ 0.68099649800007, 42.222292623000044 ], [ 0.673889862000067, 42.220183417000044 ], [ 0.664927, 42.223163499000066 ], [ 0.631522549000067, 42.243380449000028 ], [ 0.630535867000049, 42.247257489000049 ], [ 0.635250161000044, 42.257168282000066 ], [ 0.634066186000041, 42.270759432000034 ], [ 0.621864492000043, 42.279894060000061 ], [ 0.612858, 42.28257749900007 ], [ 0.616048316000047, 42.300916753000081 ], [ 0.626545695000061, 42.308267998000076 ], [ 0.61815258300004, 42.315965003000031 ], [ 0.623469066000041, 42.333430542000031 ], [ 0.631428500000027, 42.343375999000045 ], [ 0.640891555000053, 42.347275576000072 ], [ 0.640143840000064, 42.358567797000035 ], [ 0.65107675500002, 42.366390995000074 ], [ 0.661532632000046, 42.380826999000078 ], [ 0.669290500000045, 42.382175499000027 ] ] ] } },
{ "type": "Feature", "properties": { "code": "22036", "name": "Argavieso" }, "geometry": { "type": "Polygon", "coordinates": [ [ [ -0.239128, 42.041950499000052 ], [ -0.23569649999996, 42.040256499000066 ], [ -0.255997023999953, 42.039617992000046 ], [ -0.276302394999959, 42.043957846000069 ], [ -0.300141976999953, 42.041392493000046 ], [ -0.310825499999964, 42.055503999000052 ], [ -0.311270499999978, 42.058440999000027 ], [ -0.296500665999929, 42.063209249000067 ], [ -0.276973449999957, 42.063936569000077 ], [ -0.268110070999967, 42.058721466000065 ], [ -0.263327480999976, 42.050671622000038 ], [ -0.239128, 42.041950499000052 ] ] ] } },
{ "type": "Feature", "properties": { "code": "22037", "name": "Arguis" }, "geometry": { "type": "Polygon", "coordinates": [ [ [ -0.398532, 42.328242999000054 ], [ -0.405443139999932, 42.32951569200003 ], [ -0.410055759999977, 42.326493403000029 ], [ -0.402252744999942, 42.304512758000044 ], [ -0.40666717199997, 42.294204496000077 ], [ -0.425670775999947, 42.294965699000045 ], [ -0.450387499999977, 42.290778999000054 ], [ -0.461626016999958, 42.292379253000036 ], [ -0.482110471999931, 42.305950327000062 ], [ -0.487877450999974, 42.315228734000073 ], [ -0.496245396999939, 42.298976990000028 ], [ -0.504475042999957, 42.294478380000044 ], [ -0.510033573999976, 42.292963335000024 ], [ -0.528801571999963, 42.29619080100008 ], [ -0.535687008999957, 42.311385377000079 ], [ -0.547822394999969, 42.324584154000036 ], [ -0.560451499999942, 42.332767499000056 ], [ -0.555786342999966, 42.338203176000036 ], [ -0.554989406999937, 42.345459270000049 ], [ -0.539679179999951, 42.353603067000051 ], [ -0.530885499999954, 42.362518499000032 ], [ -0.521364, 42.354846999000074 ], [ -0.516185499999949, 42.353156999000078 ], [ -0.511604, 42.350185499000077 ], [ -0.499984499999925, 42.348987499000032 ], [ -0.49058249999996, 42.346656999000061 ], [ -0.471734244999936, 42.337042067000027 ], [ -0.464789141999972, 42.339676101000066 ], [ -0.424408971999981, 42.341135386000076 ], [ -0.414702933999934, 42.337641895000047 ], [ -0.400058343999945, 42.338605180000059 ], [ -0.397861400999943, 42.336445665000042 ], [ -0.398532, 42.328242999000054 ] ] ] } },
{ "type": "Feature", "properties": { "code": "22039", "name": "Ayerbe" }, "geometry": { "type": "Polygon", "coordinates": [ [ [ -0.751943499999925, 42.263599499000065 ], [ -0.747900001999938, 42.277058966000027 ], [ -0.731436238999947, 42.290683696000031 ], [ -0.728917499999966, 42.297714499000051 ], [ -0.689432207999971, 42.295769877000055 ], [ -0.654387589999942, 42.286578430000077 ], [ -0.654160499999932, 42.271472999000025 ], [ -0.662090833999969, 42.255979315000047 ], [ -0.65368644199998, 42.249582761000056 ], [ -0.66859347299993, 42.24039674900007 ], [ -0.672653331999925, 42.228251390000025 ], [ -0.680313015999957, 42.218764133000036 ], [ -0.682881499999951, 42.193114999000045 ], [ -0.685936499999968, 42.187064999000029 ], [ -0.689089499999966, 42.177310999000042 ], [ -0.703361914999959, 42.181609998000056 ], [ -0.709828457999947, 42.189316986000051 ], [ -0.720369004999952, 42.193153309000024 ], [ -0.717811360999974, 42.196341423000035 ], [ -0.705971726999962, 42.199779128000046 ], [ -0.729500234999932, 42.216871083000058 ], [ -0.716898890999971, 42.235504784000057 ], [ -0.728706589999945, 42.247729925000044 ], [ -0.742199652999943, 42.238246943000036 ], [ -0.75081832799998, 42.239949821000039 ], [ -0.747810132999973, 42.256476544000066 ], [ -0.751943499999925, 42.263599499000065 ] ] ] } },
{ "type": "Feature", "properties": { "code": "22040", "name": "Azanuy-Alins" }, "geometry": { "type": "Polygon", "coordinates": [ [ [ 0.297936, 42.038047999000071 ], [ 0.304049500000076, 42.03762049900007 ], [ 0.317082, 42.034084499000073 ], [ 0.34637749500007, 42.030501580000077 ], [ 0.348683663000031, 42.02818860900004 ], [ 0.345568033000063, 42.01777493000003 ], [ 0.334828314000049, 42.00576820100008 ], [ 0.332301765000068, 41.989756429000067 ], [ 0.337096642000063, 41.983754866000027 ], [ 0.352128907000065, 41.978577811000036 ], [ 0.349133865000056, 41.964675960000079 ], [ 0.352522935000025, 41.956841325000028 ], [ 0.333182500000021, 41.948558999000056 ], [ 0.335695500000043, 41.943774999000027 ], [ 0.333625500000039, 41.94316849900008 ], [ 0.328369, 41.944366499000068 ], [ 0.325642, 41.94320299900005 ], [ 0.313955, 41.942100499000048 ], [ 0.306241500000056, 41.937972999000067 ], [ 0.293054500000039, 41.937892999000042 ], [ 0.275505187000022, 41.948251413000037 ], [ 0.266517171000032, 41.947231671000054 ], [ 0.265233289000037, 41.951070542000025 ], [ 0.258985499000062, 41.95406857200004 ], [ 0.263953978000075, 41.969406998000068 ], [ 0.271979500000043, 41.97740249900005 ], [ 0.27958946800004, 41.991612887000031 ], [ 0.297511773000053, 41.994914293000079 ], [ 0.301609149000058, 41.998605026000064 ], [ 0.304487350000045, 42.010127041000032 ], [ 0.296792229000062, 42.01932329400006 ], [ 0.297936, 42.038047999000071 ] ] ] } },
{ "type": "Feature", "properties": { "code": "22041", "name": "Azara" }, "geometry": { "type": "Polygon", "coordinates": [ [ [ 0.012794500000041, 42.089954499000044 ], [ 0.017526155000041, 42.086841848000063 ], [ 0.009833822000076, 42.083079876000056 ], [ 0.006547953000052, 42.076795595000078 ], [ -0.000368, 42.072109499000078 ], [ -0.028244231999963, 42.058734376000075 ], [ -0.036021430999938, 42.047259496000038 ], [ -0.03777598399995, 42.039327170000035 ], [ -0.047634499999958, 42.037791999000035 ], [ -0.057528235999939, 42.069379406000053 ], [ -0.057196499999975, 42.079784499000027 ], [ -0.020502411999928, 42.079664913000045 ], [ -0.00927095399993, 42.08294821700008 ], [ -0.004565, 42.090541999000038 ], [ 0.012794500000041, 42.089954499000044 ] ] ] } },
{ "type": "Feature", "properties": { "code": "22082", "name": "Castejón del Puente" }, "geometry": { "type": "Polygon", "coordinates": [ [ [ 0.173410500000045, 41.978034999000045 ], [ 0.174963431000037, 41.96928988600007 ], [ 0.18327, 41.955764999000053 ], [ 0.171164086000033, 41.945303230000036 ], [ 0.167657684000062, 41.936676010000042 ], [ 0.159701798000071, 41.935783965000041 ], [ 0.116447042000061, 41.957620992000045 ], [ 0.109168515000022, 41.946725610000044 ], [ 0.093131284000037, 41.948476303000064 ], [ 0.085183, 41.953025999000033 ], [ 0.089319239000019, 41.957754872000066 ], [ 0.106299397000043, 41.963853445000041 ], [ 0.10723716900003, 41.967107854000062 ], [ 0.103615914000045, 41.971159568000076 ], [ 0.106252, 41.981376499000078 ], [ 0.112037733000022, 41.981641479000075 ], [ 0.123199106000072, 41.976043513000036 ], [ 0.13351676000002, 41.981304267000041 ], [ 0.146050844000058, 41.981043357000033 ], [ 0.153403128000036, 41.987038047000055 ], [ 0.17087, 41.984748999000033 ], [ 0.171275500000036, 41.981712499000025 ], [ 0.173410500000045, 41.978034999000045 ] ] ] } },
{ "type": "Feature", "properties": { "code": "22083", "name": "Castejón de Monegros" }, "geometry": { "type": "Polygon", "coordinates": [ [ [ -0.336176499999965, 41.630138499000054 ], [ -0.334633, 41.631210499000076 ], [ -0.331107499999973, 41.641010999000059 ], [ -0.329319, 41.642974999000046 ], [ -0.329807, 41.648318999000026 ], [ -0.328144, 41.652522999000041 ], [ -0.318203499999925, 41.670409999000071 ], [ -0.314673499999969, 41.675288999000031 ], [ -0.312558, 41.680518999000071 ], [ -0.309688499999936, 41.684810499000037 ], [ -0.308071499999926, 41.689597999000057 ], [ -0.289646996999977, 41.686059043000057 ], [ -0.254014937999955, 41.66129416800004 ], [ -0.245458246999931, 41.660094249000053 ], [ -0.226901658999964, 41.650857923000046 ], [ -0.198091216999956, 41.655898875000048 ], [ -0.183750040999939, 41.652737125000044 ], [ -0.178977496999948, 41.659250118000045 ], [ -0.17947970299997, 41.671848276000048 ], [ -0.182525425999927, 41.678197061000049 ], [ -0.17969937099997, 41.696094025000036 ], [ -0.170765954999979, 41.707809335000036 ], [ -0.130501900999946, 41.720331140000042 ], [ -0.102801364999948, 41.73465180200003 ], [ -0.10724939499994, 41.710515710000038 ], [ -0.097856760999946, 41.666750619000027 ], [ -0.129042368999933, 41.634648845000072 ], [ -0.156404, 41.589965999000071 ], [ -0.18329003599996, 41.598273372000051 ], [ -0.206199577999939, 41.601753479000081 ], [ -0.22655640399995, 41.587342393000029 ], [ -0.240738014999977, 41.572926626000026 ], [ -0.246294073999934, 41.574439624000036 ], [ -0.26342171999994, 41.588175714000045 ], [ -0.273897, 41.590583999000046 ], [ -0.301764723999952, 41.607942686000058 ], [ -0.30947215599997, 41.622282870000049 ], [ -0.327127, 41.62425599900007 ], [ -0.336176499999965, 41.630138499000054 ] ] ] } },
{ "type": "Feature", "properties": { "code": "22084", "name": "Castejón de Sos" }, "geometry": { "type": "Polygon", "coordinates": [ [ [ 0.575919, 42.529781999000079 ], [ 0.567588500000056, 42.531849499000032 ], [ 0.562329500000033, 42.531860499000061 ], [ 0.531127, 42.536002999000061 ], [ 0.51135, 42.53028099900007 ], [ 0.50497050000007, 42.529197499000077 ], [ 0.501744, 42.527686999000025 ], [ 0.49787850000007, 42.522094499000048 ], [ 0.499282, 42.518706999000074 ], [ 0.508950500000026, 42.511359999000035 ], [ 0.503179500000044, 42.508098499000027 ], [ 0.497738500000025, 42.507217499000035 ], [ 0.490236, 42.50273899900003 ], [ 0.488394, 42.500037999000028 ], [ 0.487810500000023, 42.494537499000046 ], [ 0.483396, 42.488242999000079 ], [ 0.47495, 42.491733499000077 ], [ 0.471469, 42.488624499000025 ], [ 0.464618500000029, 42.487094999000078 ], [ 0.459827500000074, 42.484024499000043 ], [ 0.458317500000021, 42.482665999000062 ], [ 0.459315, 42.481132499000068 ], [ 0.459071, 42.478912499000046 ], [ 0.457072500000038, 42.477741499000047 ], [ 0.443619500000068, 42.483108499000025 ], [ 0.480303592000041, 42.511725818000059 ], [ 0.482882907000032, 42.51787723800004 ], [ 0.478926500000057, 42.52478049900003 ], [ 0.481007500000032, 42.53003699900006 ], [ 0.487160532000075, 42.527036623000072 ], [ 0.490608971000029, 42.529870774000074 ], [ 0.491750787000058, 42.536595709000039 ], [ 0.488397, 42.54269799900004 ], [ 0.495248538000055, 42.553372806000027 ], [ 0.495415275000028, 42.560704986000076 ], [ 0.510337437000032, 42.558663240000044 ], [ 0.515123218000042, 42.56534733400008 ], [ 0.530085500000041, 42.559945499000037 ], [ 0.537726164000048, 42.55908928100007 ], [ 0.54620768500007, 42.55397808400005 ], [ 0.556550106000032, 42.542371094000032 ], [ 0.571234760000038, 42.541715404000058 ], [ 0.578194407000069, 42.544118452000077 ], [ 0.605635024000037, 42.539567718000058 ], [ 0.609707483000022, 42.531741587000056 ], [ 0.608405, 42.528363499000079 ], [ 0.598487824000074, 42.52403765400004 ], [ 0.587806418000071, 42.523439387000053 ], [ 0.575919, 42.529781999000079 ] ] ] } },
{ "type": "Feature", "properties": { "code": "22085", "name": "Castelflorite" }, "geometry": { "type": "Polygon", "coordinates": [ [ [ -0.060637499999928, 41.802238499000055 ], [ -0.056070355999964, 41.809394921000035 ], [ -0.036725, 41.816222999000047 ], [ -0.014799143999937, 41.816923588000066 ], [ 0.005374880000033, 41.831112690000054 ], [ 0.013319165000041, 41.832413103000079 ], [ 0.016885, 41.830367999000032 ], [ 0.041798500000027, 41.807510499000045 ], [ 0.033777, 41.800258499000051 ], [ 0.022435, 41.781726999000057 ], [ 0.018368, 41.77684399900005 ], [ 0.00707, 41.775069999000038 ], [ -0.003320499999973, 41.775161999000034 ], [ -0.012719499999946, 41.772479999000041 ], [ -0.018186817999947, 41.775235542000075 ], [ -0.039148913999952, 41.776935879000064 ], [ -0.060637499999928, 41.802238499000055 ] ] ] } },
{ "type": "Feature", "properties": { "code": "22086", "name": "Castiello de Jaca" }, "geometry": { "type": "Polygon", "coordinates": [ [ [ -0.523405, 42.646037999000043 ], [ -0.530699134999963, 42.637643883000067 ], [ -0.527951610999935, 42.631579020000061 ], [ -0.530138387999955, 42.624268693000033 ], [ -0.546795202999931, 42.614735164000081 ], [ -0.568972946999963, 42.612428798000053 ], [ -0.577900499999942, 42.620414999000047 ], [ -0.569554120999953, 42.638402763000045 ], [ -0.577335786999924, 42.660903310000037 ], [ -0.567046499999947, 42.680247999000073 ], [ -0.563583684999969, 42.665432924000072 ], [ -0.554192972999942, 42.657840596000028 ], [ -0.552301734999958, 42.649384530000077 ], [ -0.523405, 42.646037999000043 ] ] ] } },
{ "type": "Feature", "properties": { "code": "22087", "name": "Castigaleu" }, "geometry": { "type": "Polygon", "coordinates": [ [ [ 0.553945, 42.186778999000069 ], [ 0.550019, 42.194286499000043 ], [ 0.549605, 42.199008999000057 ], [ 0.55051050000003, 42.204795999000055 ], [ 0.547430500000075, 42.213592499000072 ], [ 0.544303, 42.217883999000037 ], [ 0.540694500000029, 42.221133999000074 ], [ 0.554186500000071, 42.233783999000025 ], [ 0.576346991000037, 42.240391073000069 ], [ 0.589236060000076, 42.23574226900007 ], [ 0.598793155000067, 42.203408318000072 ], [ 0.603441116000056, 42.196330773000057 ], [ 0.602149630000042, 42.186776731000066 ], [ 0.611265576000051, 42.181467505000057 ], [ 0.608482, 42.17020799900007 ], [ 0.601143500000035, 42.171878999000057 ], [ 0.594875806000061, 42.177223881000032 ], [ 0.581598381000049, 42.177530885000067 ], [ 0.553945, 42.186778999000069 ] ] ] } },
{ "type": "Feature", "properties": { "code": "22088", "name": "Castillazuelo" }, "geometry": { "type": "Polygon", "coordinates": [ [ [ 0.074816500000054, 42.077418999000031 ], [ 0.074555817000032, 42.071097595000026 ], [ 0.081616297000039, 42.061586268000042 ], [ 0.066761360000044, 42.052898635000076 ], [ 0.065071422000074, 42.048056196000061 ], [ 0.050270559000069, 42.041232566000076 ], [ 0.045442500000036, 42.03370699900006 ], [ 0.035576, 42.032500999000035 ], [ 0.031054, 42.033126999000046 ], [ 0.019939500000021, 42.037704499000029 ], [ 0.01555, 42.042476499000031 ], [ 0.021469, 42.046798499000033 ], [ 0.032460125000057, 42.060021775000052 ], [ 0.048892962000025, 42.072793045000026 ], [ 0.053381, 42.081126999000048 ], [ 0.067355, 42.082130499000073 ], [ 0.074816500000054, 42.077418999000031 ] ] ] } },
{ "type": "Feature", "properties": { "code": "22089", "name": "Castillonroy" }, "geometry": { "type": "Polygon", "coordinates": [ [ [ 0.580110500000046, 41.850894999000047 ], [ 0.55750015600006, 41.853288852000048 ], [ 0.552631, 41.849030999000036 ], [ 0.54787, 41.850063499000044 ], [ 0.540868, 41.852599999000063 ], [ 0.533408500000064, 41.859294999000042 ], [ 0.520205500000031, 41.864337999000043 ], [ 0.508902, 41.870212999000046 ], [ 0.494536, 41.872344999000063 ], [ 0.493416, 41.873901499000056 ], [ 0.494212, 41.880080999000029 ], [ 0.492610500000069, 41.884539999000026 ], [ 0.486453, 41.88918699900006 ], [ 0.484263500000054, 41.896350999000049 ], [ 0.478470500000071, 41.901332999000033 ], [ 0.479903, 41.902179499000056 ], [ 0.486602247000064, 41.898498110000048 ], [ 0.491564500000038, 41.908248999000079 ], [ 0.510525500000028, 41.913684999000054 ], [ 0.514813692000075, 41.907080974000053 ], [ 0.533780593000074, 41.894910706000076 ], [ 0.568145784000023, 41.887648984000066 ], [ 0.596067500000061, 41.892707999000038 ], [ 0.593163081000057, 41.884662926000033 ], [ 0.607133124000029, 41.878539652000029 ], [ 0.607363605000046, 41.872929028000044 ], [ 0.603742933000035, 41.869636823000064 ], [ 0.581140446000063, 41.863281700000073 ], [ 0.580110500000046, 41.850894999000047 ] ] ] } },
{ "type": "Feature", "properties": { "code": "22090", "name": "Colungo" }, "geometry": { "type": "Polygon", "coordinates": [ [ [ 0.042187500000068, 42.155677999000034 ], [ 0.03522864100006, 42.162966794000056 ], [ 0.029918407000025, 42.183868971000038 ], [ 0.023364674000049, 42.194420865000041 ], [ 0.024325035000061, 42.201934090000066 ], [ 0.03348550000004, 42.214645499000028 ], [ 0.043340354000065, 42.217995974000075 ], [ 0.056601460000024, 42.215868197000077 ], [ 0.071611565000069, 42.206546347000028 ], [ 0.082557737000059, 42.20828218500003 ], [ 0.088759893000031, 42.217577592000055 ], [ 0.097001529000067, 42.216240329000073 ], [ 0.10584693200002, 42.206884539000043 ], [ 0.098925075000068, 42.193298516000027 ], [ 0.108986500000071, 42.18835449900007 ], [ 0.100584430000026, 42.166915633000031 ], [ 0.097706500000072, 42.150523999000029 ], [ 0.091971500000056, 42.150085499000056 ], [ 0.082709500000021, 42.147750999000039 ], [ 0.076565, 42.144302499000048 ], [ 0.072007417000066, 42.151155144000029 ], [ 0.060853676000022, 42.155200058000048 ], [ 0.042187500000068, 42.155677999000034 ] ] ] } },
{ "type": "Feature", "properties": { "code": "22094", "name": "Chalamera" }, "geometry": { "type": "Polygon", "coordinates": [ [ [ 0.185974500000043, 41.649966999000071 ], [ 0.171497030000069, 41.64410274800008 ], [ 0.169530879000035, 41.652038720000064 ], [ 0.156930377000037, 41.652970549000031 ], [ 0.147366991000069, 41.661307891000035 ], [ 0.130163394000022, 41.665755715000046 ], [ 0.124828500000035, 41.676856999000051 ], [ 0.149178500000062, 41.689483999000061 ], [ 0.153155500000025, 41.685340499000063 ], [ 0.168476, 41.673110999000073 ], [ 0.173120500000039, 41.667922999000041 ], [ 0.17649, 41.660461499000064 ], [ 0.180428500000062, 41.657027999000036 ], [ 0.185974500000043, 41.649966999000071 ] ] ] } },
{ "type": "Feature", "properties": { "code": "22095", "name": "Chía" }, "geometry": { "type": "Polygon", "coordinates": [ [ [ 0.478926500000057, 42.52478049900003 ], [ 0.482882907000032, 42.51787723800004 ], [ 0.480303592000041, 42.511725818000059 ], [ 0.443619500000068, 42.483108499000025 ], [ 0.436222377000036, 42.499981652000031 ], [ 0.428850458000056, 42.506263237000041 ], [ 0.419182196000065, 42.509042779000026 ], [ 0.426745579000055, 42.516166916000032 ], [ 0.422016049000035, 42.530137588000059 ], [ 0.422114427000054, 42.538974537000058 ], [ 0.425212075000047, 42.544011436000062 ], [ 0.417546322000021, 42.555646361000072 ], [ 0.408475500000065, 42.561198999000055 ], [ 0.416694500000062, 42.567401999000026 ], [ 0.438162553000041, 42.56421567600006 ], [ 0.45565657800006, 42.538801853000052 ], [ 0.466808573000037, 42.529092116000072 ], [ 0.478926500000057, 42.52478049900003 ] ] ] } },
{ "type": "Feature", "properties": { "code": "22096", "name": "Chimillas" }, "geometry": { "type": "MultiPolygon", "coordinates": [ [ [ [ -0.442252499999938, 42.17458349900005 ], [ -0.441691784999932, 42.167131808000079 ], [ -0.454357, 42.164710999000079 ], [ -0.481225, 42.177028499000073 ], [ -0.48237895799997, 42.186938448000035 ], [ -0.485763085999963, 42.191787780000027 ], [ -0.476716499999952, 42.196029499000076 ], [ -0.460361, 42.18012599900004 ], [ -0.456136499999957, 42.179805999000052 ], [ -0.451522499999953, 42.178298999000049 ], [ -0.451183, 42.17618199900005 ], [ -0.442252499999938, 42.17458349900005 ] ] ], [ [ [ -0.494137499999965, 42.138850999000056 ], [ -0.498890929999959, 42.136479982000026 ], [ -0.517197499999952, 42.110759499000039 ], [ -0.521665281999958, 42.117587272000037 ], [ -0.517059, 42.145274999000037 ], [ -0.498068046999947, 42.142743586000051 ], [ -0.494137499999965, 42.138850999000056 ] ] ] ] } },
{ "type": "Feature", "properties": { "code": "22099", "name": "Esplús" }, "geometry": { "type": "Polygon", "coordinates": [ [ [ 0.32388450000002, 41.821586999000033 ], [ 0.318048843000042, 41.816286899000033 ], [ 0.318122051000046, 41.805875160000028 ], [ 0.32486007600005, 41.79508282200004 ], [ 0.336025549000055, 41.792105525000068 ], [ 0.340351178000049, 41.787582670000063 ], [ 0.343098812000051, 41.753411474000075 ], [ 0.344458, 41.747145999000054 ], [ 0.358345, 41.733690499000033 ], [ 0.354897, 41.731103499000028 ], [ 0.348013500000036, 41.728879499000072 ], [ 0.330832, 41.726441499000032 ], [ 0.309220999000047, 41.724885675000053 ], [ 0.298740804000033, 41.719195009000032 ], [ 0.301859720000039, 41.714922925000053 ], [ 0.31703839100004, 41.710191562000034 ], [ 0.315240500000073, 41.691614499000025 ], [ 0.304454357000054, 41.694625203000044 ], [ 0.28632347000007, 41.705217601000072 ], [ 0.297205453000061, 41.720133157000078 ], [ 0.274772573000064, 41.729487833000064 ], [ 0.262142006000033, 41.738485424000032 ], [ 0.259954716000038, 41.742999722000036 ], [ 0.261346217000039, 41.753411474000075 ], [ 0.249713, 41.765891999000075 ], [ 0.24715150000003, 41.771880999000075 ], [ 0.267166343000042, 41.781456819000027 ], [ 0.250795482000058, 41.795104777000063 ], [ 0.248964668000042, 41.810515040000041 ], [ 0.25881454000006, 41.81668968300005 ], [ 0.272695075000058, 41.81316262100006 ], [ 0.290586500000074, 41.819717499000035 ], [ 0.32388450000002, 41.821586999000033 ] ] ] } },
{ "type": "Feature", "properties": { "code": "22102", "name": "Estada" }, "geometry": { "type": "Polygon", "coordinates": [ [ [ 0.299685500000066, 42.081626999000036 ], [ 0.276893, 42.077510999000026 ], [ 0.26614150000006, 42.070342999000047 ], [ 0.250175, 42.064449499000034 ], [ 0.235737, 42.066619999000068 ], [ 0.227947, 42.066020999000045 ], [ 0.227051500000073, 42.06220249900008 ], [ 0.227842, 42.059650499000043 ], [ 0.219610500000044, 42.05507299900006 ], [ 0.216479500000048, 42.051658499000041 ], [ 0.208117, 42.053108499000075 ], [ 0.210115, 42.054858999000032 ], [ 0.21287250000006, 42.054450999000039 ], [ 0.211476, 42.058128499000077 ], [ 0.20509850000002, 42.062293999000076 ], [ 0.218838074000075, 42.067775776000076 ], [ 0.228325562000066, 42.076606699000081 ], [ 0.240367500000048, 42.10085299900004 ], [ 0.275921864000054, 42.093612919000066 ], [ 0.299685500000066, 42.081626999000036 ] ] ] } },
{ "type": "Feature", "properties": { "code": "22103", "name": "Estadilla" }, "geometry": { "type": "Polygon", "coordinates": [ [ [ 0.299685500000066, 42.081626999000036 ], [ 0.303906500000039, 42.078166999000075 ], [ 0.306545, 42.067779499000039 ], [ 0.31385750000004, 42.06357949900007 ], [ 0.316657500000019, 42.055175499000029 ], [ 0.322291500000063, 42.046901499000057 ], [ 0.317082, 42.034084499000073 ], [ 0.304049500000076, 42.03762049900007 ], [ 0.276968477000025, 42.038501583000027 ], [ 0.273808347000056, 42.033696035000048 ], [ 0.260700256000064, 42.032000624000034 ], [ 0.256907041000034, 42.024731024000062 ], [ 0.223937140000032, 42.011537654000051 ], [ 0.214464811000028, 42.010908312000026 ], [ 0.199130315000048, 42.017428040000027 ], [ 0.178283, 42.019225999000071 ], [ 0.17888750000003, 42.027718999000058 ], [ 0.183163, 42.035461499000064 ], [ 0.185233500000038, 42.043254999000055 ], [ 0.187322, 42.046123499000032 ], [ 0.20509850000002, 42.062293999000076 ], [ 0.211476, 42.058128499000077 ], [ 0.21287250000006, 42.054450999000039 ], [ 0.210115, 42.054858999000032 ], [ 0.208117, 42.053108499000075 ], [ 0.216479500000048, 42.051658499000041 ], [ 0.219610500000044, 42.05507299900006 ], [ 0.227842, 42.059650499000043 ], [ 0.227051500000073, 42.06220249900008 ], [ 0.227947, 42.066020999000045 ], [ 0.235737, 42.066619999000068 ], [ 0.250175, 42.064449499000034 ], [ 0.26614150000006, 42.070342999000047 ], [ 0.276893, 42.077510999000026 ], [ 0.299685500000066, 42.081626999000036 ] ] ] } },
{ "type": "Feature", "properties": { "code": "22105", "name": "Estopiñán del Castillo" }, "geometry": { "type": "Polygon", "coordinates": [ [ [ 0.576589, 41.95506799900005 ], [ 0.56670615400003, 41.966731966000054 ], [ 0.545757575000039, 41.973425797000061 ], [ 0.51613138600004, 41.973279340000033 ], [ 0.500486, 41.964904999000055 ], [ 0.47871133600006, 41.971466067000051 ], [ 0.460840448000056, 41.96385686900004 ], [ 0.462115954000069, 41.972385476000056 ], [ 0.473319500000059, 41.994033999000067 ], [ 0.479786976000071, 41.999269736000031 ], [ 0.485522390000028, 42.009543394000048 ], [ 0.501356404000035, 42.018011465000029 ], [ 0.506483492000029, 42.027252860000033 ], [ 0.520803947000047, 42.024328319000062 ], [ 0.530470297000022, 42.016130685000064 ], [ 0.539283307000062, 42.017995736000046 ], [ 0.541072824000025, 42.024213895000059 ], [ 0.529589079000061, 42.030481008000038 ], [ 0.527211062000049, 42.040149978000045 ], [ 0.520912922000036, 42.041481434000048 ], [ 0.525682500000073, 42.049726838000026 ], [ 0.533520366000062, 42.054066788000057 ], [ 0.541388046000066, 42.06390411700005 ], [ 0.55573307800006, 42.058892885000034 ], [ 0.566234776000044, 42.059249683000075 ], [ 0.576592764000054, 42.063761980000038 ], [ 0.593463482000061, 42.08377845900003 ], [ 0.605209, 42.089153499000076 ], [ 0.604189791000067, 42.069489002000068 ], [ 0.601051970000071, 42.060732462000033 ], [ 0.611568247000037, 42.057910613000047 ], [ 0.603087863000042, 42.042659797000056 ], [ 0.601269587000047, 42.032342431000075 ], [ 0.590088856000023, 42.024124126000061 ], [ 0.575195688000065, 42.021474210000065 ], [ 0.573175472000059, 42.014248806000069 ], [ 0.580564988000049, 42.001301712000043 ], [ 0.60488357600002, 41.992923397000027 ], [ 0.612669398000037, 41.993815651000034 ], [ 0.616969500000039, 41.987186499000074 ], [ 0.617440915000032, 41.983584066000049 ], [ 0.604951655000036, 41.961093644000073 ], [ 0.590708348000021, 41.968679011000063 ], [ 0.576589, 41.95506799900005 ] ] ] } },
{ "type": "Feature", "properties": { "code": "22106", "name": "Fago" }, "geometry": { "type": "Polygon", "coordinates": [ [ [ -0.857972, 42.689956499000061 ], [ -0.880117, 42.693927999000039 ], [ -0.903038278999929, 42.701486319000026 ], [ -0.91606107299998, 42.70260883800006 ], [ -0.905439053999942, 42.713806815000055 ], [ -0.905481381999948, 42.726442876000078 ], [ -0.898765733999937, 42.735534779000034 ], [ -0.901080499999978, 42.742690999000047 ], [ -0.89902481699994, 42.760809078000079 ], [ -0.891739648999931, 42.762423446000071 ], [ -0.873858495999968, 42.759125556000072 ], [ -0.865534089999926, 42.763361990000078 ], [ -0.862939, 42.768947499000035 ], [ -0.857901499999969, 42.764770499000065 ], [ -0.85573549999998, 42.761677499000029 ], [ -0.853545499999939, 42.760635499000045 ], [ -0.849405499999932, 42.755920499000069 ], [ -0.850029, 42.753143499000032 ], [ -0.856536, 42.742015999000046 ], [ -0.859003499999972, 42.73454349900004 ], [ -0.860359499999959, 42.718548499000065 ], [ -0.856076, 42.708553499000061 ], [ -0.856103499999961, 42.705619999000078 ], [ -0.859342, 42.700195499000074 ], [ -0.859783, 42.696243499000047 ], [ -0.857972, 42.689956499000061 ] ] ] } },
{ "type": "Feature", "properties": { "code": "22107", "name": "Fanlo" }, "geometry": { "type": "Polygon", "coordinates": [ [ [ -0.067503, 42.632816499000057 ], [ -0.055123603999959, 42.638159274000031 ], [ -0.028369018999967, 42.629898379000053 ], [ -0.005765249999968, 42.628296864000049 ], [ 0.015092653000067, 42.640781711000045 ], [ 0.019740304000038, 42.647711168000058 ], [ 0.008145870000021, 42.65040429700008 ], [ -0.009477878999974, 42.643185293000045 ], [ -0.019402329999934, 42.642431854000051 ], [ -0.031431658999963, 42.649852028000055 ], [ -0.036325284999975, 42.660365584000033 ], [ -0.053176696999969, 42.659699740000065 ], [ -0.064841361999925, 42.667483673000049 ], [ -0.073335746999931, 42.667371798000033 ], [ -0.089155043999938, 42.673203225000066 ], [ -0.074444935999963, 42.687505573000067 ], [ -0.061578499999939, 42.694679499000074 ], [ -0.010366383999951, 42.684775175000027 ], [ 0.001434542000027, 42.685961482000039 ], [ 0.011828, 42.692725999000061 ], [ 0.040547548000063, 42.673908718000064 ], [ 0.045544852000035, 42.66724944200007 ], [ 0.074060949000057, 42.66238545200008 ], [ 0.077524, 42.653606499000034 ], [ 0.075072603000024, 42.639282277000063 ], [ 0.058930332000045, 42.631042868000065 ], [ 0.054731706000041, 42.610933628000055 ], [ 0.057930835000036, 42.604138821000049 ], [ 0.063919786000042, 42.601005102000045 ], [ 0.066550828000061, 42.576015082000026 ], [ 0.084188070000039, 42.550898204000077 ], [ 0.082414364000044, 42.536950278000063 ], [ 0.091867351000076, 42.528070313000057 ], [ 0.091173474000072, 42.521985228000062 ], [ 0.10447474800003, 42.515022968000039 ], [ 0.09519350000005, 42.496661999000025 ], [ 0.073338604000071, 42.501370596000072 ], [ 0.068908054000076, 42.490274183000054 ], [ 0.057968966000033, 42.495152401000041 ], [ 0.030706500000065, 42.498790499000052 ], [ 0.017524119000029, 42.504282260000025 ], [ 0.014398673000073, 42.512639450000052 ], [ 0.004442295000047, 42.520671536000066 ], [ -0.007018993999964, 42.522701263000044 ], [ -0.008477871999958, 42.526461621000067 ], [ -0.005299886999978, 42.53302747500004 ], [ -0.010733198999958, 42.539428754000028 ], [ -0.022507878999932, 42.545020018000059 ], [ -0.030478934999962, 42.552419446000044 ], [ -0.041332412999964, 42.552178484000081 ], [ -0.058229247999975, 42.589472382000054 ], [ -0.058206097999971, 42.609701317000031 ], [ -0.066810106999981, 42.621875991000024 ], [ -0.067503, 42.632816499000057 ] ] ] } },
{ "type": "Feature", "properties": { "code": "22109", "name": "Fiscal" }, "geometry": { "type": "Polygon", "coordinates": [ [ [ 0.030706500000065, 42.498790499000052 ], [ 0.024455588000023, 42.493509214000028 ], [ 0.022388430000035, 42.48656975800003 ], [ 0.033554769000034, 42.471864704000041 ], [ 0.034525710000025, 42.464395109000066 ], [ 0.020594017000064, 42.466721677000066 ], [ 0.019451766000032, 42.458290545000068 ], [ 0.012370032000035, 42.448955476000037 ], [ -0.006780265999964, 42.447391119000031 ], [ -0.012352448999934, 42.439366289000077 ], [ -0.008298282999931, 42.42755169000003 ], [ -0.011726249999924, 42.421350480000058 ], [ -0.023145145999933, 42.41835048400003 ], [ -0.028679805999957, 42.410102410000036 ], [ -0.03648022699997, 42.40814193500006 ], [ -0.058311603999925, 42.420439643000066 ], [ -0.065832499999942, 42.422000999000034 ], [ -0.073770545999935, 42.42735803000005 ], [ -0.123562208999942, 42.43755750400004 ], [ -0.128167598999937, 42.442723576000049 ], [ -0.132134939999958, 42.461908531000063 ], [ -0.135083817999941, 42.464976843000045 ], [ -0.152296777999936, 42.470991685000058 ], [ -0.16269988099998, 42.468054560000041 ], [ -0.17343214999994, 42.472008638000034 ], [ -0.178971499999932, 42.468688999000051 ], [ -0.176868214999956, 42.474514872000043 ], [ -0.180589435999934, 42.478860912000073 ], [ -0.182043884999928, 42.490580474000069 ], [ -0.175808270999937, 42.49429329000003 ], [ -0.174995745999979, 42.500974144000054 ], [ -0.181717, 42.509964499000034 ], [ -0.172056722999969, 42.511137709000025 ], [ -0.16305383699995, 42.516253696000035 ], [ -0.150227724999979, 42.517152741000075 ], [ -0.14060402299998, 42.527704628000038 ], [ -0.133552821999956, 42.512842255000066 ], [ -0.128144620999933, 42.511133269000027 ], [ -0.120664162999958, 42.503104719000078 ], [ -0.116578180999966, 42.50309678800005 ], [ -0.099712538999938, 42.515845303000049 ], [ -0.097296558999972, 42.528443648000064 ], [ -0.090702324999938, 42.536080847000051 ], [ -0.093039912999927, 42.546968772000071 ], [ -0.08522648099995, 42.558026487000063 ], [ -0.076377304999937, 42.562688653000066 ], [ -0.074311428999977, 42.558377629000063 ], [ -0.05153514899996, 42.555456099000025 ], [ -0.048569, 42.567393999000046 ], [ -0.041332412999964, 42.552178484000081 ], [ -0.030478934999962, 42.552419446000044 ], [ -0.022507878999932, 42.545020018000059 ], [ -0.010733198999958, 42.539428754000028 ], [ -0.005299886999978, 42.53302747500004 ], [ -0.008477871999958, 42.526461621000067 ], [ -0.007018993999964, 42.522701263000044 ], [ 0.004442295000047, 42.520671536000066 ], [ 0.014398673000073, 42.512639450000052 ], [ 0.017524119000029, 42.504282260000025 ], [ 0.030706500000065, 42.498790499000052 ] ] ] } },
{ "type": "Feature", "properties": { "code": "22110", "name": "Fonz" }, "geometry": { "type": "Polygon", "coordinates": [ [ [ 0.178283, 42.019225999000071 ], [ 0.199130315000048, 42.017428040000027 ], [ 0.214464811000028, 42.010908312000026 ], [ 0.223937140000032, 42.011537654000051 ], [ 0.256907041000034, 42.024731024000062 ], [ 0.260700256000064, 42.032000624000034 ], [ 0.273808347000056, 42.033696035000048 ], [ 0.276968477000025, 42.038501583000027 ], [ 0.297936, 42.038047999000071 ], [ 0.296792229000062, 42.01932329400006 ], [ 0.304487350000045, 42.010127041000032 ], [ 0.301609149000058, 41.998605026000064 ], [ 0.297511773000053, 41.994914293000079 ], [ 0.27958946800004, 41.991612887000031 ], [ 0.271979500000043, 41.97740249900005 ], [ 0.246265520000065, 41.978833976000033 ], [ 0.233368039000027, 41.968436723000025 ], [ 0.191944541000055, 41.978307726000025 ], [ 0.173410500000045, 41.978034999000045 ], [ 0.171275500000036, 41.981712499000025 ], [ 0.17087, 41.984748999000033 ], [ 0.178283, 42.019225999000071 ] ] ] } },
{ "type": "Feature", "properties": { "code": "22111", "name": "Foradada del Toscar" }, "geometry": { "type": "Polygon", "coordinates": [ [ [ 0.319817500000056, 42.51194749900003 ], [ 0.32940138400005, 42.503803040000037 ], [ 0.352391106000027, 42.503155219000064 ], [ 0.370291150000071, 42.487254180000036 ], [ 0.373564500000043, 42.465789999000037 ], [ 0.368503568000051, 42.452915444000041 ], [ 0.380909133000046, 42.436363109000069 ], [ 0.383075419000022, 42.427927132000036 ], [ 0.373018632000026, 42.413546342000075 ], [ 0.376857304000055, 42.402043208000066 ], [ 0.395880985000019, 42.393043871000032 ], [ 0.411825, 42.392970999000056 ], [ 0.426093392000041, 42.38964936800005 ], [ 0.429410951000023, 42.393362434000039 ], [ 0.430658251000068, 42.403089674000057 ], [ 0.435345271000074, 42.405812351000066 ], [ 0.441931127000032, 42.404833699000051 ], [ 0.441793381000025, 42.400791032000029 ], [ 0.44546413300003, 42.399197968000067 ], [ 0.461704, 42.400241999000059 ], [ 0.454836500000056, 42.359706999000025 ], [ 0.442544500000054, 42.34830099900006 ], [ 0.426213500000074, 42.340182999000035 ], [ 0.417771500000072, 42.338931999000067 ], [ 0.406951410000033, 42.34981046200005 ], [ 0.395078578000039, 42.350755113000048 ], [ 0.386968500000023, 42.347381499000051 ], [ 0.379255, 42.349319499000046 ], [ 0.37184196100003, 42.360724447000052 ], [ 0.374260804000073, 42.368243994000068 ], [ 0.372667439000054, 42.37433612500007 ], [ 0.361850921000041, 42.383246822000046 ], [ 0.339373868000052, 42.384304139000051 ], [ 0.309518561000061, 42.393647494000049 ], [ 0.299598042000071, 42.389961606000043 ], [ 0.283006287000035, 42.39133442800005 ], [ 0.284805775000052, 42.397780434000026 ], [ 0.296566678000033, 42.412857231000032 ], [ 0.330998338000029, 42.438336664000076 ], [ 0.322220998000034, 42.456587515000081 ], [ 0.297804109000026, 42.476441340000065 ], [ 0.306872534000036, 42.487275429000078 ], [ 0.316339091000032, 42.491298536000045 ], [ 0.319590438000034, 42.499539381000034 ], [ 0.319817500000056, 42.51194749900003 ] ] ] } },
{ "type": "Feature", "properties": { "code": "22112", "name": "Fraga" }, "geometry": { "type": "Polygon", "coordinates": [ [ [ 0.289938, 41.572662499000046 ], [ 0.299634343000037, 41.57042085900008 ], [ 0.320702570000037, 41.58083111600007 ], [ 0.339406188000055, 41.584120281000025 ], [ 0.345826550000027, 41.590098247000071 ], [ 0.349668500000064, 41.59945699900004 ], [ 0.401967934000027, 41.593130333000033 ], [ 0.427674074000038, 41.601613784000051 ], [ 0.433522500000038, 41.592944999000053 ], [ 0.435914, 41.584911499000043 ], [ 0.430796659000066, 41.578751193000073 ], [ 0.431397339000057, 41.564734592000036 ], [ 0.446188084000028, 41.543374080000035 ], [ 0.433420500000068, 41.531914999000037 ], [ 0.426897500000052, 41.52240099900007 ], [ 0.417801, 41.516847999000049 ], [ 0.41462, 41.511574499000062 ], [ 0.410750500000063, 41.507674999000074 ], [ 0.408163, 41.502381999000079 ], [ 0.397385500000041, 41.490572999000051 ], [ 0.382035604000066, 41.485693964000063 ], [ 0.366961, 41.485950499000069 ], [ 0.348727500000052, 41.487258999000062 ], [ 0.346576, 41.488109999000073 ], [ 0.342943472000059, 41.492342948000044 ], [ 0.33425014200003, 41.492222459000061 ], [ 0.310782815000039, 41.488045230000068 ], [ 0.289104966000025, 41.47804807600005 ], [ 0.262230358000068, 41.473976077000032 ], [ 0.257835235000073, 41.470297652000056 ], [ 0.24566515500004, 41.442468398000074 ], [ 0.245162, 41.428703499000051 ], [ 0.235041695000064, 41.424510893000047 ], [ 0.217931105000048, 41.403928402000076 ], [ 0.200273687000049, 41.403340323000066 ], [ 0.182518663000053, 41.394787932000042 ], [ 0.176991178000037, 41.396331971000052 ], [ 0.172155991000068, 41.40389039400003 ], [ 0.166680418000055, 41.406216436000079 ], [ 0.156368756000063, 41.397710043000075 ], [ 0.131666035000023, 41.388990032000038 ], [ 0.122124245000066, 41.380138571000032 ], [ 0.117412868000031, 41.362826035000069 ], [ 0.10635, 41.350810999000032 ], [ 0.088084898000034, 41.350476760000049 ], [ 0.079200417000038, 41.35452848500006 ], [ 0.036271878000036, 41.355347681000069 ], [ 0.011018553000042, 41.360787783000035 ], [ -0.002986603999943, 41.387253659000066 ], [ -0.023884, 41.396873499000037 ], [ -0.025038185999961, 41.40685854600008 ], [ 0.001481824000052, 41.424460753000062 ], [ 0.028780141000027, 41.457288186000028 ], [ 0.031544, 41.465022999000041 ], [ 0.056248843000049, 41.45245305800006 ], [ 0.072191300000043, 41.43872904400007 ], [ 0.077128658000049, 41.429775856000049 ], [ 0.091986001000066, 41.428318713000067 ], [ 0.10150470800005, 41.420309497000062 ], [ 0.109462602000065, 41.420468059000029 ], [ 0.109704241000031, 41.429151420000039 ], [ 0.115721411000038, 41.435699529000033 ], [ 0.11744630100003, 41.445706663000067 ], [ 0.132106545000056, 41.45104587700007 ], [ 0.139168019000067, 41.458771077000051 ], [ 0.140517910000028, 41.466885570000045 ], [ 0.137884059000044, 41.476365849000047 ], [ 0.141911106000066, 41.503189558000031 ], [ 0.123984763000067, 41.515275682000038 ], [ 0.112195547000056, 41.532004015000041 ], [ 0.103432, 41.539264499000069 ], [ 0.127952367000034, 41.53891623100003 ], [ 0.169533710000053, 41.54584711800004 ], [ 0.222123, 41.582374499000025 ], [ 0.226766221000048, 41.57882567200005 ], [ 0.235965321000037, 41.579962823000074 ], [ 0.24990602400004, 41.56741394200003 ], [ 0.243294392000053, 41.559708421000039 ], [ 0.257897338000021, 41.556533733000038 ], [ 0.289938, 41.572662499000046 ] ] ] } },
{ "type": "Feature", "properties": { "code": "22113", "name": "Fueva, La" }, "geometry": { "type": "Polygon", "coordinates": [ [ [ 0.180613500000049, 42.294482999000024 ], [ 0.182110832000035, 42.298553143000049 ], [ 0.177044593000062, 42.305946148000032 ], [ 0.176988319000031, 42.312768150000068 ], [ 0.161046900000031, 42.330599365000069 ], [ 0.175755654000056, 42.337596934000032 ], [ 0.19387086200004, 42.337580297000045 ], [ 0.194447466000042, 42.341801907000047 ], [ 0.18738445300005, 42.355882616000031 ], [ 0.209939752000025, 42.371437490000062 ], [ 0.217952385000046, 42.386988042000041 ], [ 0.242203150000023, 42.407307216000049 ], [ 0.242604836000055, 42.411916424000026 ], [ 0.233317532000058, 42.425411237000048 ], [ 0.224032500000021, 42.432712499000047 ], [ 0.227347500000064, 42.445892499000081 ], [ 0.231581, 42.452102499000034 ], [ 0.234334500000045, 42.459506999000041 ], [ 0.242614, 42.470290999000042 ], [ 0.274910160000047, 42.473879810000028 ], [ 0.294828, 42.50726699900008 ], [ 0.314030346000038, 42.508282447000056 ], [ 0.319817500000056, 42.51194749900003 ], [ 0.319590438000034, 42.499539381000034 ], [ 0.316339091000032, 42.491298536000045 ], [ 0.306872534000036, 42.487275429000078 ], [ 0.297804109000026, 42.476441340000065 ], [ 0.322220998000034, 42.456587515000081 ], [ 0.330998338000029, 42.438336664000076 ], [ 0.296566678000033, 42.412857231000032 ], [ 0.284805775000052, 42.397780434000026 ], [ 0.283006287000035, 42.39133442800005 ], [ 0.299598042000071, 42.389961606000043 ], [ 0.309518561000061, 42.393647494000049 ], [ 0.339373868000052, 42.384304139000051 ], [ 0.361850921000041, 42.383246822000046 ], [ 0.372667439000054, 42.37433612500007 ], [ 0.374260804000073, 42.368243994000068 ], [ 0.37184196100003, 42.360724447000052 ], [ 0.379255, 42.349319499000046 ], [ 0.374295, 42.349852999000063 ], [ 0.368478, 42.348033999000052 ], [ 0.357174500000042, 42.340198499000053 ], [ 0.348334500000021, 42.338996999000074 ], [ 0.335771500000021, 42.335105999000064 ], [ 0.326425, 42.321494999000038 ], [ 0.324625, 42.314506499000061 ], [ 0.321023, 42.313388499000041 ], [ 0.32515, 42.304443499000058 ], [ 0.317310640000073, 42.293985812000074 ], [ 0.309214653000026, 42.290160485000058 ], [ 0.307735539000021, 42.283547061000036 ], [ 0.298430500000052, 42.279262999000025 ], [ 0.284808779000059, 42.276332593000063 ], [ 0.269479183000044, 42.26723871400003 ], [ 0.259963, 42.239680999000029 ], [ 0.248159372000032, 42.238916071000062 ], [ 0.224713, 42.246883499000035 ], [ 0.229275040000061, 42.259813752000071 ], [ 0.214973531000055, 42.273568814000043 ], [ 0.218962216000023, 42.28458773300008 ], [ 0.222719, 42.28577049900008 ], [ 0.259528995000039, 42.319387117000076 ], [ 0.270215791000055, 42.333677071000068 ], [ 0.268026106000036, 42.344157662000043 ], [ 0.261600402000056, 42.346000692000075 ], [ 0.250379999000074, 42.340769386000034 ], [ 0.242928499000072, 42.333353215000045 ], [ 0.222030928000038, 42.333657640000069 ], [ 0.224263880000024, 42.32940719700008 ], [ 0.213509306000049, 42.313522130000081 ], [ 0.219584160000068, 42.308726512000078 ], [ 0.218438500000047, 42.304565499000034 ], [ 0.210857, 42.29383849900006 ], [ 0.207403, 42.294356999000058 ], [ 0.201288, 42.288631499000076 ], [ 0.191196500000046, 42.290523499000074 ], [ 0.180613500000049, 42.294482999000024 ] ] ] } },
{ "type": "Feature", "properties": { "code": "22114", "name": "Gistaín" }, "geometry": { "type": "Polygon", "coordinates": [ [ [ 0.308669, 42.59304049900004 ], [ 0.315055500000028, 42.607505999000068 ], [ 0.310821, 42.617553499000053 ], [ 0.314166500000056, 42.625232499000049 ], [ 0.319926, 42.649600999000029 ], [ 0.309235500000057, 42.647937999000078 ], [ 0.304428500000029, 42.648322999000072 ], [ 0.291447500000061, 42.651515999000026 ], [ 0.285362, 42.651084999000034 ], [ 0.284572699000023, 42.665630531000033 ], [ 0.295051500000056, 42.673358999000072 ], [ 0.314023586000076, 42.683887582000068 ], [ 0.321457918000021, 42.685062576000064 ], [ 0.326169237000045, 42.704932399000029 ], [ 0.345283119000044, 42.711344532000055 ], [ 0.360133500000074, 42.724353999000073 ], [ 0.375328821000039, 42.714565463000042 ], [ 0.385434681000049, 42.711800046000064 ], [ 0.392963500000064, 42.71321849900005 ], [ 0.396872964000067, 42.699288778000039 ], [ 0.423291861000052, 42.690683207000063 ], [ 0.436308500000052, 42.689704999000071 ], [ 0.43859930900004, 42.682973033000053 ], [ 0.435523500000045, 42.679321999000081 ], [ 0.42206427800005, 42.674982750000026 ], [ 0.410035629000049, 42.679301561000045 ], [ 0.404240499000025, 42.670604019000052 ], [ 0.386970799000039, 42.660136025000043 ], [ 0.369485387000054, 42.658277158000033 ], [ 0.348120378000033, 42.646798017000037 ], [ 0.345904536000035, 42.639365313000042 ], [ 0.351626382000063, 42.636059595000063 ], [ 0.35346486100002, 42.628800780000063 ], [ 0.353700057000026, 42.623070131000077 ], [ 0.350263231000042, 42.618864046000056 ], [ 0.352868199000056, 42.606226482000068 ], [ 0.345606300000043, 42.601650523000046 ], [ 0.343793895000033, 42.590283910000039 ], [ 0.339251, 42.585380499000053 ], [ 0.316619400000036, 42.580420140000058 ], [ 0.308669, 42.59304049900004 ] ] ] } },
{ "type": "Feature", "properties": { "code": "22115", "name": "Grado, El" }, "geometry": { "type": "Polygon", "coordinates": [ [ [ 0.20509850000002, 42.062293999000076 ], [ 0.199686, 42.06475049900007 ], [ 0.205442744000038, 42.081500580000068 ], [ 0.203783064000049, 42.090766838000036 ], [ 0.210490905000029, 42.098248535000039 ], [ 0.203933621000033, 42.105824061000078 ], [ 0.194560577000061, 42.110997900000029 ], [ 0.173029497000073, 42.116268791000039 ], [ 0.162704438000048, 42.123172676000081 ], [ 0.15300045500004, 42.118549557000051 ], [ 0.141424867000069, 42.10612479200006 ], [ 0.135540549000041, 42.104587841000068 ], [ 0.13191420000004, 42.109933165000029 ], [ 0.131361102000028, 42.119309784000052 ], [ 0.136946979000072, 42.133445040000026 ], [ 0.143840932000046, 42.141248560000065 ], [ 0.156113260000041, 42.144878482000081 ], [ 0.160269615000061, 42.157801766000034 ], [ 0.174752, 42.16175849900003 ], [ 0.183779, 42.160762499000043 ], [ 0.210448500000041, 42.17830649900003 ], [ 0.212218, 42.182644499000048 ], [ 0.225503, 42.186004499000035 ], [ 0.236587035000071, 42.15387105700006 ], [ 0.245778804000054, 42.154301825000061 ], [ 0.26604, 42.142978499000037 ], [ 0.265988500000049, 42.137729499000045 ], [ 0.265155500000049, 42.134944999000027 ], [ 0.259529500000042, 42.13140499900004 ], [ 0.251903820000052, 42.130885482000053 ], [ 0.240161656000055, 42.122860744000036 ], [ 0.230432613000062, 42.12012242600008 ], [ 0.231116375000056, 42.112019366000027 ], [ 0.240367500000048, 42.10085299900004 ], [ 0.228325562000066, 42.076606699000081 ], [ 0.218838074000075, 42.067775776000076 ], [ 0.20509850000002, 42.062293999000076 ] ] ] } },
{ "type": "Feature", "properties": { "code": "22116", "name": "Grañén" }, "geometry": { "type": "Polygon", "coordinates": [ [ [ -0.29838, 41.88736749900005 ], [ -0.301203, 41.889892499000041 ], [ -0.325076499999966, 41.885364499000048 ], [ -0.33164249999993, 41.881957999000065 ], [ -0.335392, 41.878417999000078 ], [ -0.346186, 41.872398499000042 ], [ -0.354426, 41.861606499000061 ], [ -0.35867849999994, 41.851429499000062 ], [ -0.359994, 41.842578999000068 ], [ -0.372678183999938, 41.847903624000026 ], [ -0.40044280099994, 41.845714104000081 ], [ -0.427994, 41.850688999000056 ], [ -0.415611110999976, 41.861076212000057 ], [ -0.408042240999976, 41.881070324000063 ], [ -0.40837881799996, 41.887391642000068 ], [ -0.417524499999956, 41.902152999000066 ], [ -0.387171070999955, 41.950327217000051 ], [ -0.389900188999945, 41.954519106000077 ], [ -0.38404668499993, 41.965887369000029 ], [ -0.395856499999979, 41.971645499000033 ], [ -0.395802, 41.987178999000037 ], [ -0.398835, 41.994220999000049 ], [ -0.39341, 42.000545499000054 ], [ -0.390198, 42.00112849900006 ], [ -0.390307, 42.003490499000065 ], [ -0.377702, 42.008487499000069 ], [ -0.368142499999976, 42.010387499000046 ], [ -0.356819499999972, 42.011207499000079 ], [ -0.347656498999925, 42.001353667000046 ], [ -0.342478928999924, 41.986246560000041 ], [ -0.333065499999975, 41.975127999000051 ], [ -0.341141854999933, 41.962375966000025 ], [ -0.323191767999958, 41.945987093000042 ], [ -0.287813980999942, 41.959814271000027 ], [ -0.269614, 41.97100449900006 ], [ -0.262726, 41.965881499000034 ], [ -0.247721499999955, 41.957542499000056 ], [ -0.253345, 41.930019499000025 ], [ -0.260474435999924, 41.935923478000063 ], [ -0.275732313999924, 41.940755499000034 ], [ -0.285043265999946, 41.941356516000042 ], [ -0.313041651999924, 41.935649582000053 ], [ -0.313731508999979, 41.933150483000077 ], [ -0.307916258999967, 41.928675635000047 ], [ -0.301316372999963, 41.915353164000066 ], [ -0.295986619999951, 41.894464826000046 ], [ -0.29838, 41.88736749900005 ] ] ] } },
{ "type": "Feature", "properties": { "code": "22117", "name": "Graus" }, "geometry": { "type": "Polygon", "coordinates": [ [ [ 0.299685500000066, 42.081626999000036 ], [ 0.29879, 42.082301999000038 ], [ 0.300546, 42.083305499000062 ], [ 0.303301500000032, 42.083064999000044 ], [ 0.306596500000069, 42.088298499000075 ], [ 0.306019500000048, 42.094653999000059 ], [ 0.310207391000063, 42.101057475000061 ], [ 0.322405223000032, 42.103866776000075 ], [ 0.319630131000054, 42.110842285000047 ], [ 0.307591822000063, 42.121527410000056 ], [ 0.323792934000039, 42.132661153000072 ], [ 0.328223568000055, 42.156118450000065 ], [ 0.306957873000044, 42.167510496000034 ], [ 0.296440229000041, 42.168910628000049 ], [ 0.287214, 42.18242249900004 ], [ 0.294954573000041, 42.18804278600004 ], [ 0.294818753000072, 42.206018758000027 ], [ 0.284225527000046, 42.224661443000059 ], [ 0.259963, 42.239680999000029 ], [ 0.269479183000044, 42.26723871400003 ], [ 0.284808779000059, 42.276332593000063 ], [ 0.298430500000052, 42.279262999000025 ], [ 0.302009463000047, 42.276186327000062 ], [ 0.301498131000073, 42.272076220000031 ], [ 0.312935051000068, 42.26099574400007 ], [ 0.334344308000027, 42.256599848000064 ], [ 0.33767980600004, 42.253677709000044 ], [ 0.338003093000054, 42.248679828000036 ], [ 0.356327419000024, 42.240084729000046 ], [ 0.359703808000063, 42.228828467000028 ], [ 0.364178950000053, 42.231656807000036 ], [ 0.371935111000028, 42.253794866000078 ], [ 0.373247150000054, 42.264954608000039 ], [ 0.370958276000067, 42.270027015000039 ], [ 0.382493604000047, 42.285218644000054 ], [ 0.384276500000055, 42.292903999000032 ], [ 0.394908757000053, 42.295662060000041 ], [ 0.390049565000027, 42.308946534000029 ], [ 0.375351434000038, 42.310549820000062 ], [ 0.37229435100005, 42.318688740000027 ], [ 0.379668345000027, 42.325426273000062 ], [ 0.381093904000068, 42.33872483600004 ], [ 0.386968500000023, 42.347381499000051 ], [ 0.395078578000039, 42.350755113000048 ], [ 0.406951410000033, 42.34981046200005 ], [ 0.417771500000072, 42.338931999000067 ], [ 0.453453323000076, 42.330673813000033 ], [ 0.462003233000075, 42.311711647000038 ], [ 0.477637064000021, 42.297922193000034 ], [ 0.496893969000041, 42.289565441000036 ], [ 0.507616076000033, 42.27924700300008 ], [ 0.512729581000031, 42.270715104000033 ], [ 0.510031367000067, 42.252642696000066 ], [ 0.514695447000065, 42.24413497900008 ], [ 0.50094880100005, 42.233218640000075 ], [ 0.498077, 42.224876499000061 ], [ 0.482219500000042, 42.209979999000041 ], [ 0.428896412000029, 42.205350278000026 ], [ 0.41137339900007, 42.217685777000042 ], [ 0.400862047000032, 42.218384322000077 ], [ 0.389672380000036, 42.214908054000034 ], [ 0.379924001000063, 42.202159934000065 ], [ 0.380801740000038, 42.179744524000057 ], [ 0.371451185000069, 42.172899966000045 ], [ 0.391244359000041, 42.16046347200006 ], [ 0.413033265000024, 42.162727226000072 ], [ 0.429594179000048, 42.158014039000079 ], [ 0.436844500000063, 42.141628499000035 ], [ 0.425817216000041, 42.147235185000056 ], [ 0.398564786000065, 42.134554645000037 ], [ 0.392574788000047, 42.125549836000062 ], [ 0.392016856000055, 42.117132999000034 ], [ 0.399057442000071, 42.112694585000042 ], [ 0.414092272000062, 42.085684766000043 ], [ 0.412700057000052, 42.071885871000063 ], [ 0.40846, 42.066764499000044 ], [ 0.401766047000024, 42.063040964000038 ], [ 0.39158422600002, 42.064841540000032 ], [ 0.347397691000026, 42.058013182000025 ], [ 0.343386584000029, 42.066728190000049 ], [ 0.337631391000059, 42.068722472000047 ], [ 0.325803822000069, 42.068713226000057 ], [ 0.31385750000004, 42.06357949900007 ], [ 0.306545, 42.067779499000039 ], [ 0.303906500000039, 42.078166999000075 ], [ 0.299685500000066, 42.081626999000036 ] ] ] } },
{ "type": "Feature", "properties": { "code": "22119", "name": "Gurrea de Gállego" }, "geometry": { "type": "Polygon", "coordinates": [ [ [ -0.757115499999941, 42.091978999000048 ], [ -0.731683499999974, 42.099021999000058 ], [ -0.733220292999931, 42.089181895000081 ], [ -0.704145916999948, 42.08819679700008 ], [ -0.71191783699993, 42.077444228000047 ], [ -0.713689234999947, 42.067707969000026 ], [ -0.717982314999972, 42.062124918000052 ], [ -0.716543722999972, 42.059795084000029 ], [ -0.690131783999959, 42.042811622000045 ], [ -0.672713499999929, 42.046283499000026 ], [ -0.669495210999969, 42.011352654000063 ], [ -0.666460127999926, 42.007396993000043 ], [ -0.656237995999959, 42.003602017000048 ], [ -0.649063040999977, 41.986968465000075 ], [ -0.649036292999938, 41.975782019000064 ], [ -0.657802499999946, 41.957481499000039 ], [ -0.663492499999961, 41.958595499000069 ], [ -0.700644274999945, 41.956630810000036 ], [ -0.725827730999924, 41.960413821000031 ], [ -0.738321975999952, 41.953735597000048 ], [ -0.778168175999951, 41.957537745000025 ], [ -0.79649003399993, 41.962920998000072 ], [ -0.815601294999965, 41.974111016000052 ], [ -0.844463460999975, 41.984671981000076 ], [ -0.865226034999978, 41.998751961000039 ], [ -0.884915499999977, 42.003562999000053 ], [ -0.850943496999946, 42.026337673000057 ], [ -0.849145189999945, 42.040813595000031 ], [ -0.85629072699993, 42.048262783000041 ], [ -0.855415, 42.053214999000033 ], [ -0.844549152999946, 42.060228332000065 ], [ -0.827213354999969, 42.082962850000058 ], [ -0.805079, 42.096426499000074 ], [ -0.804462029999968, 42.072389128000054 ], [ -0.795206214999951, 42.056419830000038 ], [ -0.788363908999941, 42.052405074000035 ], [ -0.777785951999931, 42.055257615000073 ], [ -0.773799923999945, 42.060833726000055 ], [ -0.764686881999978, 42.065819268000041 ], [ -0.765891933999967, 42.073639754000055 ], [ -0.761565585999961, 42.079135683000061 ], [ -0.769165396999938, 42.086797585000056 ], [ -0.757878221999931, 42.088584020000042 ], [ -0.757115499999941, 42.091978999000048 ] ] ] } },
{ "type": "Feature", "properties": { "code": "22122", "name": "Hoz de Jaca" }, "geometry": { "type": "Polygon", "coordinates": [ [ [ -0.309466499999928, 42.70356349900004 ], [ -0.298979, 42.703597999000067 ], [ -0.282994, 42.70171349900005 ], [ -0.272717, 42.69412199900006 ], [ -0.270704499999965, 42.689048999000079 ], [ -0.257104499999969, 42.681338999000047 ], [ -0.251781499999936, 42.679187999000078 ], [ -0.275866869999959, 42.67972295800007 ], [ -0.299314038999967, 42.669293064000044 ], [ -0.318876173999968, 42.667226339000081 ], [ -0.320196408999948, 42.671168101000035 ], [ -0.312783283999977, 42.688144137000052 ], [ -0.312055499999929, 42.700492999000062 ], [ -0.309466499999928, 42.70356349900004 ] ] ] } },
{ "type": "Feature", "properties": { "code": "22124", "name": "Huerto" }, "geometry": { "type": "Polygon", "coordinates": [ [ [ -0.228879499999948, 41.973884499000064 ], [ -0.192598486999941, 41.96087570800006 ], [ -0.180297718999952, 41.969577077000054 ], [ -0.161334101999955, 41.968493683000077 ], [ -0.127917499999967, 41.952575499000034 ], [ -0.122794441999929, 41.947598499000037 ], [ -0.119425602999968, 41.938325637000048 ], [ -0.126121499999954, 41.92435449900006 ], [ -0.124380397999971, 41.912681697000039 ], [ -0.113236553999968, 41.901069164000035 ], [ -0.113679016999924, 41.896334047000039 ], [ -0.110531961999925, 41.89336693100006 ], [ -0.115475499999945, 41.886321999000074 ], [ -0.120156383999927, 41.883047918000045 ], [ -0.127855995999937, 41.882846399000073 ], [ -0.149526908999974, 41.867277632000025 ], [ -0.15819106899994, 41.87028587900005 ], [ -0.182100200999969, 41.906303913000045 ], [ -0.188254, 41.908637999000064 ], [ -0.211262931999954, 41.927126918000056 ], [ -0.230366375999949, 41.914715175000026 ], [ -0.241274057999931, 41.910548007000045 ], [ -0.251233879999972, 41.910896617000049 ], [ -0.26584349999996, 41.890693499000065 ], [ -0.284869196999978, 41.890561841000078 ], [ -0.290064810999979, 41.895196331000079 ], [ -0.283569082999975, 41.905580669000074 ], [ -0.279942196999968, 41.919529521000072 ], [ -0.253345, 41.930019499000025 ], [ -0.247721499999955, 41.957542499000056 ], [ -0.236917, 41.956027999000071 ], [ -0.231196, 41.966651999000078 ], [ -0.228879499999948, 41.973884499000064 ] ] ] } },
{ "type": "Feature", "properties": { "code": "22125", "name": "Huesca" }, "geometry": { "type": "Polygon", "coordinates": [ [ [ -0.396691, 42.054763999000045 ], [ -0.398503499999947, 42.052707499000064 ], [ -0.39591, 42.049911499000075 ], [ -0.398626, 42.044643499000074 ], [ -0.401614499999937, 42.042502999000078 ], [ -0.403785499999969, 42.035464999000055 ], [ -0.407434499999965, 42.027999999000031 ], [ -0.415648828999963, 42.034769357000073 ], [ -0.431719, 42.035381499000039 ], [ -0.422682202999965, 42.050225673000057 ], [ -0.426858575999972, 42.056161042000042 ], [ -0.437563667999939, 42.062465480000071 ], [ -0.468763370999966, 42.053856868000025 ], [ -0.494125, 42.037845499000071 ], [ -0.513634263999961, 42.055622626000059 ], [ -0.499380357999939, 42.085178003000067 ], [ -0.504491743999949, 42.095919717000072 ], [ -0.516536254999949, 42.102297641000064 ], [ -0.517197499999952, 42.110759499000039 ], [ -0.498890929999959, 42.136479982000026 ], [ -0.494137499999965, 42.138850999000056 ], [ -0.487752, 42.145213999000077 ], [ -0.4902, 42.148151499000051 ], [ -0.493287, 42.150001499000041 ], [ -0.493762, 42.152370499000028 ], [ -0.489360499999975, 42.153785499000037 ], [ -0.485174, 42.152847499000075 ], [ -0.457202200999973, 42.151323551000075 ], [ -0.454357, 42.164710999000079 ], [ -0.441691784999932, 42.167131808000079 ], [ -0.442315, 42.182353999000043 ], [ -0.42401876699995, 42.173904336000078 ], [ -0.41897361599996, 42.184729018000041 ], [ -0.413093691999961, 42.189327225000056 ], [ -0.41463985799993, 42.199823363000064 ], [ -0.409033367999939, 42.212753298000052 ], [ -0.423549499999979, 42.235046499000077 ], [ -0.405410693999954, 42.243246666000061 ], [ -0.398971031999963, 42.24114522900004 ], [ -0.392817022999964, 42.244048623000026 ], [ -0.375329, 42.243243999000072 ], [ -0.371893357999966, 42.237238651000041 ], [ -0.378536145999931, 42.236908286000073 ], [ -0.374200805999976, 42.22919694400008 ], [ -0.374590960999967, 42.221884732000035 ], [ -0.367664225999931, 42.214071310000065 ], [ -0.370292277999965, 42.203320655000027 ], [ -0.368872937999924, 42.193480181000041 ], [ -0.357837281999934, 42.176888947000066 ], [ -0.349284499999953, 42.169929499000034 ], [ -0.36628709699994, 42.16440175300005 ], [ -0.380645028999936, 42.14861962100008 ], [ -0.380704822999974, 42.140079123000078 ], [ -0.37195681999998, 42.137944892000064 ], [ -0.369705499999952, 42.134074999000063 ], [ -0.371850987999949, 42.125483805000044 ], [ -0.369074822999949, 42.11889639900005 ], [ -0.340845499999944, 42.116802499000073 ], [ -0.336799499999927, 42.108009499000048 ], [ -0.349457922999932, 42.101824571000066 ], [ -0.366890207999973, 42.10378828100005 ], [ -0.370829535999974, 42.099862014000053 ], [ -0.376505769999937, 42.099625069000069 ], [ -0.378442385999961, 42.093484583000077 ], [ -0.389830624999945, 42.101053378000074 ], [ -0.394796505999977, 42.101061283000035 ], [ -0.401567457999931, 42.097810104000075 ], [ -0.404777576999948, 42.089822789000038 ], [ -0.425747574999946, 42.081901605000041 ], [ -0.427814503999969, 42.077198353000028 ], [ -0.40298181199995, 42.063962548000063 ], [ -0.396691, 42.054763999000045 ] ] ] } },
{ "type": "Feature", "properties": { "code": "22126", "name": "Ibieca" }, "geometry": { "type": "Polygon", "coordinates": [ [ [ -0.202999, 42.131675999000038 ], [ -0.203353288999949, 42.14374295500005 ], [ -0.213247084999978, 42.148115988000029 ], [ -0.215350237999928, 42.151962279000031 ], [ -0.219651, 42.183257999000034 ], [ -0.197596681999926, 42.178980972000033 ], [ -0.193828634999932, 42.17117040100004 ], [ -0.183787990999974, 42.168106462000026 ], [ -0.172978023999974, 42.148863731000063 ], [ -0.174887212999977, 42.132598165000047 ], [ -0.17900949999995, 42.126483999000072 ], [ -0.184428145999959, 42.12513498800007 ], [ -0.202999, 42.131675999000038 ] ] ] } },
{ "type": "Feature", "properties": { "code": "22127", "name": "Igriés" }, "geometry": { "type": "Polygon", "coordinates": [ [ [ -0.423549499999979, 42.235046499000077 ], [ -0.409033367999939, 42.212753298000052 ], [ -0.41463985799993, 42.199823363000064 ], [ -0.413093691999961, 42.189327225000056 ], [ -0.41897361599996, 42.184729018000041 ], [ -0.42401876699995, 42.173904336000078 ], [ -0.442315, 42.182353999000043 ], [ -0.443976511999949, 42.192843112000048 ], [ -0.455743611999935, 42.197290188000068 ], [ -0.461237499999925, 42.202655999000058 ], [ -0.45586484599994, 42.221722646000046 ], [ -0.440576313999941, 42.228566947000047 ], [ -0.44212835999997, 42.238304486000061 ], [ -0.44018417999996, 42.241428782000071 ], [ -0.43586849899998, 42.24312154200004 ], [ -0.434456158999978, 42.237568354000075 ], [ -0.423549499999979, 42.235046499000077 ] ] ] } },
{ "type": "Feature", "properties": { "code": "22128", "name": "Ilche" }, "geometry": { "type": "Polygon", "coordinates": [ [ [ 0.025909, 41.867774999000062 ], [ 0.009584606000033, 41.863277813000025 ], [ 0.004627626000058, 41.87105278000007 ], [ 0.020551055000055, 41.898103664000075 ], [ 0.012970406000022, 41.915057382000043 ], [ 0.013985, 41.920867999000052 ], [ 0.023753227000043, 41.930529929000045 ], [ 0.025310196000021, 41.945124535000048 ], [ 0.039805157000046, 41.95261944300006 ], [ 0.047599067000021, 41.964043855000057 ], [ 0.036742410000045, 41.974246644000061 ], [ 0.041079636000063, 41.98703564200008 ], [ 0.037618853000026, 41.996517717000074 ], [ 0.053648500000065, 42.012878499000067 ], [ 0.074328862000073, 42.004648021000037 ], [ 0.079562955000029, 41.994859483000027 ], [ 0.091214613000034, 41.989710518000038 ], [ 0.097313539000027, 41.983564283000078 ], [ 0.106252, 41.981376499000078 ], [ 0.103615914000045, 41.971159568000076 ], [ 0.10723716900003, 41.967107854000062 ], [ 0.106299397000043, 41.963853445000041 ], [ 0.089319239000019, 41.957754872000066 ], [ 0.085183, 41.953025999000033 ], [ 0.078286498000068, 41.934798804000025 ], [ 0.088904109000055, 41.920616531000064 ], [ 0.086589092000054, 41.907670093000036 ], [ 0.071205030000044, 41.911897519000036 ], [ 0.062865569000053, 41.907821393000063 ], [ 0.048139096000057, 41.886724350000065 ], [ 0.032845606000024, 41.883212884000045 ], [ 0.025909, 41.867774999000062 ] ] ] } },
{ "type": "Feature", "properties": { "code": "22129", "name": "Isábena" }, "geometry": { "type": "Polygon", "coordinates": [ [ [ 0.612858, 42.28257749900007 ], [ 0.583776962000059, 42.272984516000065 ], [ 0.571635902000025, 42.272773016000031 ], [ 0.561151233000032, 42.260735146000059 ], [ 0.539751398000021, 42.250661491000074 ], [ 0.542618826000023, 42.242140770000049 ], [ 0.554186500000071, 42.233783999000025 ], [ 0.540694500000029, 42.221133999000074 ], [ 0.522352773000023, 42.221960644000035 ], [ 0.51152548400006, 42.227257889000043 ], [ 0.498077, 42.224876499000061 ], [ 0.50094880100005, 42.233218640000075 ], [ 0.514695447000065, 42.24413497900008 ], [ 0.510031367000067, 42.252642696000066 ], [ 0.512729581000031, 42.270715104000033 ], [ 0.507616076000033, 42.27924700300008 ], [ 0.496893969000041, 42.289565441000036 ], [ 0.477637064000021, 42.297922193000034 ], [ 0.462003233000075, 42.311711647000038 ], [ 0.453453323000076, 42.330673813000033 ], [ 0.417771500000072, 42.338931999000067 ], [ 0.426213500000074, 42.340182999000035 ], [ 0.442544500000054, 42.34830099900006 ], [ 0.454836500000056, 42.359706999000025 ], [ 0.455396, 42.364585999000042 ], [ 0.46631030900005, 42.362396610000076 ], [ 0.485536463000074, 42.349672450000071 ], [ 0.521281, 42.348273999000071 ], [ 0.525627, 42.345908999000073 ], [ 0.552594, 42.338275999000075 ], [ 0.561957, 42.338740999000038 ], [ 0.559590470000046, 42.334869544000071 ], [ 0.573109985000031, 42.329454621000025 ], [ 0.591227663000041, 42.333317562000047 ], [ 0.591972343000066, 42.342260445000079 ], [ 0.596699518000037, 42.34689816100007 ], [ 0.631428500000027, 42.343375999000045 ], [ 0.623469066000041, 42.333430542000031 ], [ 0.61815258300004, 42.315965003000031 ], [ 0.626545695000061, 42.308267998000076 ], [ 0.616048316000047, 42.300916753000081 ], [ 0.612858, 42.28257749900007 ] ] ] } },
{ "type": "Feature", "properties": { "code": "22130", "name": "Jaca" }, "geometry": { "type": "MultiPolygon", "coordinates": [ [ [ [ -0.465499499999964, 42.678779499000029 ], [ -0.438789647999954, 42.645831021000049 ], [ -0.436793835999936, 42.630835162000039 ], [ -0.43173748199996, 42.62253905700004 ], [ -0.434206179999933, 42.617365388000053 ], [ -0.44280387799995, 42.612805764000029 ], [ -0.448435736999954, 42.603407380000078 ], [ -0.442878219999955, 42.597555746000069 ], [ -0.422065265999947, 42.588392205000048 ], [ -0.41785701699996, 42.581199480000066 ], [ -0.423602431999939, 42.567436728000075 ], [ -0.419652381999924, 42.56166858000006 ], [ -0.421519947999968, 42.552993052000033 ], [ -0.413427337999963, 42.531142830000078 ], [ -0.423487565999949, 42.515837644000044 ], [ -0.399976596999977, 42.508346133000032 ], [ -0.415152072999945, 42.489092955000046 ], [ -0.426421241999947, 42.487424569000041 ], [ -0.446478108999941, 42.494346 ], [ -0.461809, 42.473522499000069 ], [ -0.482608004999975, 42.471863991000077 ], [ -0.488234425999963, 42.464092127000072 ], [ -0.499468908999972, 42.473434968000049 ], [ -0.500642271999936, 42.478967028000056 ], [ -0.536944430999938, 42.48986306900008 ], [ -0.545564465999973, 42.483495183000059 ], [ -0.553210732999958, 42.483569363000072 ], [ -0.57863870999995, 42.452402449000033 ], [ -0.581862865999938, 42.443739104000031 ], [ -0.577674626999965, 42.432587846000047 ], [ -0.583972050999932, 42.425123672000041 ], [ -0.594395363999979, 42.423656709000056 ], [ -0.596668398999952, 42.428334373000041 ], [ -0.602540593999947, 42.427935575000049 ], [ -0.623970629999974, 42.415976820000026 ], [ -0.63420386599995, 42.426786364000066 ], [ -0.647696, 42.426757999000074 ], [ -0.656043293999971, 42.435394323000025 ], [ -0.661072578999949, 42.44736725000007 ], [ -0.671551532999956, 42.457803144000025 ], [ -0.672170077999965, 42.465823943000032 ], [ -0.680833767999957, 42.470730937000042 ], [ -0.684559551999939, 42.481579009000029 ], [ -0.697370323999962, 42.487388295000073 ], [ -0.690304899999944, 42.49530179900006 ], [ -0.683123673999944, 42.498308705000056 ], [ -0.684912308999969, 42.504332849000036 ], [ -0.691938, 42.506957999000065 ], [ -0.682934073999945, 42.514562263000073 ], [ -0.674194872999976, 42.515593538000076 ], [ -0.661344098999962, 42.513594729000033 ], [ -0.653438779999931, 42.509087242000078 ], [ -0.647308141999929, 42.509846787000072 ], [ -0.644709595999927, 42.526814010000066 ], [ -0.651191198999925, 42.53299065200008 ], [ -0.647472969999967, 42.544515227000034 ], [ -0.672116, 42.556983999000067 ], [ -0.672606904999952, 42.566013808000037 ], [ -0.683114711999963, 42.571854052000049 ], [ -0.682331463999958, 42.575708116000044 ], [ -0.69288705699995, 42.576939026000048 ], [ -0.685016022999946, 42.590303394000046 ], [ -0.683228892999978, 42.601418787000057 ], [ -0.692118499999935, 42.607772999000076 ], [ -0.675959808999949, 42.625536676000081 ], [ -0.670205499999952, 42.628192999000078 ], [ -0.653555799999936, 42.621569034000061 ], [ -0.636649499999976, 42.621669999000062 ], [ -0.630123, 42.615660999000056 ], [ -0.621706, 42.615768499000069 ], [ -0.61576249999996, 42.614959999000064 ], [ -0.613617499999975, 42.616184499000042 ], [ -0.613523499999928, 42.618945999000061 ], [ -0.604076, 42.620818999000051 ], [ -0.604063, 42.625899999000069 ], [ -0.597756499999946, 42.621551499000077 ], [ -0.593067499999961, 42.624217999000052 ], [ -0.584744, 42.622844499000053 ], [ -0.577900499999942, 42.620414999000047 ], [ -0.568972946999963, 42.612428798000053 ], [ -0.546795202999931, 42.614735164000081 ], [ -0.530138387999955, 42.624268693000033 ], [ -0.527951610999935, 42.631579020000061 ], [ -0.530699134999963, 42.637643883000067 ], [ -0.523405, 42.646037999000043 ], [ -0.51016874499993, 42.643881222000061 ], [ -0.482608004999975, 42.646986496000068 ], [ -0.478635973999928, 42.650474182000039 ], [ -0.475255818999926, 42.669681030000049 ], [ -0.465499499999964, 42.678779499000029 ] ] ], [ [ [ -0.52311949999995, 42.79869099900003 ], [ -0.524737750999975, 42.811515417000066 ], [ -0.510207635999961, 42.824963581000077 ], [ -0.501266, 42.827789499000062 ], [ -0.495463097999959, 42.818718234000073 ], [ -0.482608004999975, 42.81508536900003 ], [ -0.479767778999928, 42.812721932000045 ], [ -0.478555, 42.809646499000053 ], [ -0.494530424999937, 42.796715873000039 ], [ -0.512699, 42.792903999000032 ], [ -0.520822, 42.796752999000034 ], [ -0.52311949999995, 42.79869099900003 ] ] ] ] } },
{ "type": "Feature", "properties": { "code": "22131", "name": "Jasa" }, "geometry": { "type": "Polygon", "coordinates": [ [ [ -0.630713, 42.708285999000054 ], [ -0.62918646199995, 42.701841856000044 ], [ -0.631322198999953, 42.693889324000054 ], [ -0.640071499999976, 42.685962499000027 ], [ -0.667404341999941, 42.689055842000073 ], [ -0.670502899999974, 42.698776249000048 ], [ -0.667069874999925, 42.711183900000037 ], [ -0.653067071999942, 42.715547335000053 ], [ -0.630713, 42.708285999000054 ] ] ] } },
{ "type": "Feature", "properties": { "code": "22133", "name": "Labuerda" }, "geometry": { "type": "Polygon", "coordinates": [ [ [ 0.138776500000063, 42.433803499000078 ], [ 0.119070500000021, 42.430858499000067 ], [ 0.101676048000058, 42.442073441000048 ], [ 0.085765613000035, 42.459532137000053 ], [ 0.085657230000038, 42.470317888000068 ], [ 0.091546321000067, 42.480260083000076 ], [ 0.097465, 42.484027999000034 ], [ 0.106794155000046, 42.484184220000031 ], [ 0.118917659000033, 42.477122572000042 ], [ 0.140775500000075, 42.454582499000026 ], [ 0.139525599000024, 42.443635980000067 ], [ 0.141791706000049, 42.438346190000061 ], [ 0.138776500000063, 42.433803499000078 ] ] ] } },
{ "type": "Feature", "properties": { "code": "22135", "name": "Laluenga" }, "geometry": { "type": "Polygon", "coordinates": [ [ [ 0.045442500000036, 42.03370699900006 ], [ 0.048498044000041, 42.03089501900007 ], [ 0.040111634000027, 42.020600604000037 ], [ 0.042250500000023, 42.016933499000061 ], [ 0.03278440400004, 42.010516045000031 ], [ 0.014440526000044, 42.005843137000056 ], [ 0.024331459000052, 41.993284182000025 ], [ 0.015900257000055, 41.980546030000028 ], [ -0.000094938999951, 41.983385701000032 ], [ -0.015052, 41.993198499000073 ], [ -0.028886507999971, 41.998904822000043 ], [ -0.074733, 42.005138499000054 ], [ -0.067961957999955, 42.018360146000077 ], [ -0.066362, 42.03121199900005 ], [ -0.054657538999948, 42.027408378000075 ], [ -0.049258499999951, 42.037463999000067 ], [ -0.045897, 42.036441999000033 ], [ -0.042826, 42.033931499000062 ], [ -0.038773499999934, 42.027270999000052 ], [ -0.031243, 42.019626499000026 ], [ -0.025063, 42.021350999000049 ], [ -0.015784, 42.03096799900004 ], [ -0.013491, 42.032241999000064 ], [ -0.007036, 42.034145999000032 ], [ -0.001106499999935, 42.037448999000048 ], [ 0.01555, 42.042476499000031 ], [ 0.019939500000021, 42.037704499000029 ], [ 0.031054, 42.033126999000046 ], [ 0.035576, 42.032500999000035 ], [ 0.045442500000036, 42.03370699900006 ] ] ] } },
{ "type": "Feature", "properties": { "code": "22136", "name": "Lalueza" }, "geometry": { "type": "Polygon", "coordinates": [ [ [ -0.169954, 41.866298499000038 ], [ -0.221031650999976, 41.853351498000052 ], [ -0.212433, 41.832576999000025 ], [ -0.21048049999996, 41.810508499000036 ], [ -0.214193, 41.805591999000058 ], [ -0.220468, 41.802440499000056 ], [ -0.226887499999975, 41.800388499000064 ], [ -0.237981499999933, 41.799602499000059 ], [ -0.24871, 41.797843999000065 ], [ -0.2508, 41.797931499000072 ], [ -0.257473635999929, 41.800643800000046 ], [ -0.254525623999939, 41.816439961000071 ], [ -0.262044813999978, 41.821058190000031 ], [ -0.282091811999976, 41.820029731000034 ], [ -0.297657417999972, 41.807701168000051 ], [ -0.327111657999978, 41.814850182000043 ], [ -0.329930499999932, 41.817691999000033 ], [ -0.325073458999952, 41.829848293000055 ], [ -0.295393641999965, 41.845818580000071 ], [ -0.278735547999929, 41.869632284000033 ], [ -0.279179294999949, 41.873359618000052 ], [ -0.29838, 41.88736749900005 ], [ -0.295986619999951, 41.894464826000046 ], [ -0.301316372999963, 41.915353164000066 ], [ -0.307916258999967, 41.928675635000047 ], [ -0.313731508999979, 41.933150483000077 ], [ -0.313041651999924, 41.935649582000053 ], [ -0.285043265999946, 41.941356516000042 ], [ -0.275732313999924, 41.940755499000034 ], [ -0.260474435999924, 41.935923478000063 ], [ -0.253345, 41.930019499000025 ], [ -0.279942196999968, 41.919529521000072 ], [ -0.283569082999975, 41.905580669000074 ], [ -0.290064810999979, 41.895196331000079 ], [ -0.284869196999978, 41.890561841000078 ], [ -0.26584349999996, 41.890693499000065 ], [ -0.264302523999959, 41.873527975000059 ], [ -0.258341508999933, 41.875658484000041 ], [ -0.256899717999943, 41.871005264000075 ], [ -0.24357581199996, 41.871200615000078 ], [ -0.232750653999972, 41.865692626000055 ], [ -0.227061092999975, 41.887440950000041 ], [ -0.188254, 41.908637999000064 ], [ -0.182100200999969, 41.906303913000045 ], [ -0.162328499999944, 41.87582799900008 ], [ -0.164668499999948, 41.873851999000067 ], [ -0.169954, 41.866298499000038 ] ] ] } },
{ "type": "Feature", "properties": { "code": "22137", "name": "Lanaja" }, "geometry": { "type": "Polygon", "coordinates": [ [ [ -0.36389, 41.837157999000055 ], [ -0.356893448999926, 41.834482008000066 ], [ -0.355674915999941, 41.829328506000024 ], [ -0.346853817999943, 41.82339419200008 ], [ -0.345143643999961, 41.819077378000031 ], [ -0.336266106999972, 41.81644146900004 ], [ -0.329930499999932, 41.817691999000033 ], [ -0.327111657999978, 41.814850182000043 ], [ -0.297657417999972, 41.807701168000051 ], [ -0.282091811999976, 41.820029731000034 ], [ -0.262044813999978, 41.821058190000031 ], [ -0.254525623999939, 41.816439961000071 ], [ -0.257473635999929, 41.800643800000046 ], [ -0.2508, 41.797931499000072 ], [ -0.247116474999928, 41.787108336000074 ], [ -0.258065762999934, 41.777817256000048 ], [ -0.261326224999948, 41.768228111000042 ], [ -0.281596613999966, 41.763119034000056 ], [ -0.291467162999936, 41.757888951000041 ], [ -0.293615554999974, 41.753411474000075 ], [ -0.30293117399998, 41.742085522000025 ], [ -0.303586358999951, 41.726127121000047 ], [ -0.300443758999961, 41.717652528000031 ], [ -0.302772510999944, 41.697877659000028 ], [ -0.308071499999926, 41.689597999000057 ], [ -0.309688499999936, 41.684810499000037 ], [ -0.312558, 41.680518999000071 ], [ -0.314673499999969, 41.675288999000031 ], [ -0.318203499999925, 41.670409999000071 ], [ -0.328144, 41.652522999000041 ], [ -0.329807, 41.648318999000026 ], [ -0.329319, 41.642974999000046 ], [ -0.331107499999973, 41.641010999000059 ], [ -0.334633, 41.631210499000076 ], [ -0.336176499999965, 41.630138499000054 ], [ -0.355921551999927, 41.63315553800004 ], [ -0.361217269999941, 41.637362712000026 ], [ -0.367127689999961, 41.680079755000065 ], [ -0.375799259999951, 41.688402727000039 ], [ -0.385730437999939, 41.688325008000049 ], [ -0.41019285699997, 41.700832664000075 ], [ -0.428616707999936, 41.705357736000053 ], [ -0.444608855999945, 41.704619941000033 ], [ -0.459627, 41.715080499000067 ], [ -0.452617210999961, 41.722977006000065 ], [ -0.450135237999973, 41.732490529000074 ], [ -0.433143834999953, 41.736136276000025 ], [ -0.432583077999936, 41.747155102000079 ], [ -0.429324462999944, 41.753411474000075 ], [ -0.422211842999957, 41.755595921000065 ], [ -0.401722505999942, 41.777562640000042 ], [ -0.376982010999939, 41.815356955000027 ], [ -0.362923780999949, 41.820318034000024 ], [ -0.367106498999931, 41.831185250000033 ], [ -0.36389, 41.837157999000055 ] ] ] } },
{ "type": "Feature", "properties": { "code": "22139", "name": "Laperdiguera" }, "geometry": { "type": "Polygon", "coordinates": [ [ [ -0.072242, 42.004417499000056 ], [ -0.028886507999971, 41.998904822000043 ], [ -0.015052, 41.993198499000073 ], [ -0.020286, 41.992011999000056 ], [ -0.019991499999946, 41.987472499000035 ], [ -0.031203499999947, 41.985431499000072 ], [ -0.034327499999961, 41.980289499000037 ], [ -0.039998, 41.979553499000076 ], [ -0.040896, 41.97657749900003 ], [ -0.053822, 41.978687499000046 ], [ -0.070265499999948, 41.982772999000076 ], [ -0.084553, 41.982055499000069 ], [ -0.084770269999979, 41.990386915000045 ], [ -0.072242, 42.004417499000056 ] ] ] } },
{ "type": "Feature", "properties": { "code": "22141", "name": "Lascellas-Ponzano" }, "geometry": { "type": "Polygon", "coordinates": [ [ [ -0.069131, 42.095992999000032 ], [ -0.057196499999975, 42.079784499000027 ], [ -0.057528235999939, 42.069379406000053 ], [ -0.047634499999958, 42.037791999000035 ], [ -0.049258499999951, 42.037463999000067 ], [ -0.054657538999948, 42.027408378000075 ], [ -0.092828804999954, 42.039336152000033 ], [ -0.09690668099995, 42.057781494000039 ], [ -0.102041907999933, 42.067236496000078 ], [ -0.105923085999962, 42.070251592000034 ], [ -0.114863499999956, 42.068771499000036 ], [ -0.11802580899996, 42.075882297000078 ], [ -0.108143688999974, 42.084106757000029 ], [ -0.11018340399994, 42.092297151000025 ], [ -0.106853499999943, 42.09763349900004 ], [ -0.094401572999971, 42.094958475000055 ], [ -0.087388457999964, 42.096282681000048 ], [ -0.079810634999944, 42.091610435000064 ], [ -0.069131, 42.095992999000032 ] ] ] } },
{ "type": "Feature", "properties": { "code": "22142", "name": "Lascuarre" }, "geometry": { "type": "MultiPolygon", "coordinates": [ [ [ [ 0.515326500000072, 42.144084999000029 ], [ 0.516907506000052, 42.153635235000024 ], [ 0.512775359000045, 42.159263134000071 ], [ 0.512589350000042, 42.167530600000077 ], [ 0.50810961000002, 42.168492858000036 ], [ 0.499259747000053, 42.177508190000026 ], [ 0.490524, 42.17734899900006 ], [ 0.494095731000073, 42.188724197000056 ], [ 0.494067165000047, 42.205720774000042 ], [ 0.482219500000042, 42.209979999000041 ], [ 0.498077, 42.224876499000061 ], [ 0.51152548400006, 42.227257889000043 ], [ 0.522352773000023, 42.221960644000035 ], [ 0.540694500000029, 42.221133999000074 ], [ 0.544303, 42.217883999000037 ], [ 0.547430500000075, 42.213592499000072 ], [ 0.55051050000003, 42.204795999000055 ], [ 0.549589, 42.196128999000052 ], [ 0.553945, 42.186778999000069 ], [ 0.543852526000023, 42.188178984000047 ], [ 0.532772044000069, 42.179421130000037 ], [ 0.547538030000055, 42.167210689000058 ], [ 0.545461032000048, 42.150153480000029 ], [ 0.530749505000074, 42.151214476000064 ], [ 0.515326500000072, 42.144084999000029 ] ] ], [ [ [ 0.519058500000028, 42.139816499000062 ], [ 0.525348, 42.146998999000061 ], [ 0.533266, 42.139865999000051 ], [ 0.525045500000033, 42.135203999000055 ], [ 0.519058500000028, 42.139816499000062 ] ] ] ] } },
{ "type": "Feature", "properties": { "code": "22143", "name": "Laspaúles" }, "geometry": { "type": "Polygon", "coordinates": [ [ [ 0.523842500000057, 42.428134999000065 ], [ 0.546720937000032, 42.442283943000064 ], [ 0.548541650000061, 42.460918117000062 ], [ 0.565831156000058, 42.467100440000081 ], [ 0.571780105000073, 42.473395538000034 ], [ 0.570465677000072, 42.483841581000036 ], [ 0.550273234000031, 42.491509379000036 ], [ 0.546074888000021, 42.496899711000026 ], [ 0.55479658500002, 42.499117059000071 ], [ 0.564626461000046, 42.508203987000059 ], [ 0.577366387000041, 42.511712193000051 ], [ 0.573595453000053, 42.521113754000055 ], [ 0.575919, 42.529781999000079 ], [ 0.587806418000071, 42.523439387000053 ], [ 0.598487824000074, 42.52403765400004 ], [ 0.608405, 42.528363499000079 ], [ 0.622128368000062, 42.517304121000052 ], [ 0.640571948000058, 42.511949476000041 ], [ 0.644811695000044, 42.505838619000031 ], [ 0.636704953000049, 42.49011358000007 ], [ 0.642636941000035, 42.471807633000026 ], [ 0.624315360000026, 42.46194620600005 ], [ 0.629509939000059, 42.454517143000032 ], [ 0.645013500000061, 42.442530499000043 ], [ 0.65161353000002, 42.434678456000029 ], [ 0.650028898000073, 42.428489886000079 ], [ 0.64023581500004, 42.422064965000061 ], [ 0.633763500000043, 42.413505499000053 ], [ 0.613840290000041, 42.415617350000048 ], [ 0.603514713000038, 42.406167862000075 ], [ 0.574180292000051, 42.423379491000048 ], [ 0.555223070000068, 42.423719544000051 ], [ 0.543144, 42.420585499000026 ], [ 0.523842500000057, 42.428134999000065 ] ] ] } },
{ "type": "Feature", "properties": { "code": "22144", "name": "Laspuña" }, "geometry": { "type": "Polygon", "coordinates": [ [ [ 0.152088500000048, 42.48542799900008 ], [ 0.147587431000034, 42.495723911000027 ], [ 0.14750500100007, 42.506229824000059 ], [ 0.14153688500005, 42.519329433000053 ], [ 0.147642572000052, 42.527727055000071 ], [ 0.157018811000057, 42.534094922000065 ], [ 0.163304, 42.547374999000056 ], [ 0.191453744000057, 42.541960263000078 ], [ 0.217418850000058, 42.524829496000052 ], [ 0.233713500000022, 42.52362449900005 ], [ 0.236931183000024, 42.513487804000079 ], [ 0.24119485500006, 42.511098932000039 ], [ 0.250484280000023, 42.510593198000038 ], [ 0.259889500000043, 42.516025499000079 ], [ 0.243196, 42.490939999000034 ], [ 0.242614, 42.470290999000042 ], [ 0.228009320000069, 42.472903654000049 ], [ 0.196436776000041, 42.491281049000065 ], [ 0.176311006000049, 42.493500345000029 ], [ 0.173446984000066, 42.491550743000062 ], [ 0.171896956000069, 42.483531224000046 ], [ 0.163109097000074, 42.486511660000076 ], [ 0.152088500000048, 42.48542799900008 ] ] ] } },
{ "type": "Feature", "properties": { "code": "22149", "name": "Loarre" }, "geometry": { "type": "Polygon", "coordinates": [ [ [ -0.712085499999944, 42.297245499000041 ], [ -0.710052536999967, 42.307180070000072 ], [ -0.713584958999945, 42.318438121000042 ], [ -0.70489822899998, 42.325617720000025 ], [ -0.709267448999924, 42.335863183000072 ], [ -0.696425431999955, 42.337912121000045 ], [ -0.690814376999924, 42.343264307000027 ], [ -0.699732678999965, 42.358094808000033 ], [ -0.694493717999933, 42.36205009300005 ], [ -0.685127636999937, 42.361810098000035 ], [ -0.65866422299996, 42.352500507000059 ], [ -0.599155074999942, 42.351397405000057 ], [ -0.583254783999962, 42.345260310000072 ], [ -0.578254, 42.336009999000055 ], [ -0.578094499999963, 42.330981999000073 ], [ -0.588345499999946, 42.317798499000048 ], [ -0.590742499999976, 42.316345499000079 ], [ -0.593894, 42.311977499000079 ], [ -0.594504499999971, 42.30803699900008 ], [ -0.598391499999934, 42.303130999000075 ], [ -0.598132499999963, 42.301063499000065 ], [ -0.599772, 42.299667499000066 ], [ -0.602528499999949, 42.291659999000046 ], [ -0.602644, 42.287967499000047 ], [ -0.604346499999963, 42.285312999000041 ], [ -0.616987499999937, 42.28124249900003 ], [ -0.619215, 42.27888499900007 ], [ -0.621303, 42.274280499000042 ], [ -0.626538854999978, 42.269640496000079 ], [ -0.641657478999946, 42.26647339200008 ], [ -0.654160499999932, 42.271472999000025 ], [ -0.654387589999942, 42.286578430000077 ], [ -0.689432207999971, 42.295769877000055 ], [ -0.712085499999944, 42.297245499000041 ] ] ] } },
{ "type": "Feature", "properties": { "code": "22150", "name": "Loporzano" }, "geometry": { "type": "Polygon", "coordinates": [ [ [ -0.375329, 42.243243999000072 ], [ -0.373753869999973, 42.24654107300006 ], [ -0.377107253999952, 42.249799081000049 ], [ -0.377888574999929, 42.264156755000045 ], [ -0.367253516999938, 42.264447313000062 ], [ -0.355320130999928, 42.279907079000054 ], [ -0.339282654999977, 42.283645637000063 ], [ -0.328665962999935, 42.29229414100007 ], [ -0.316529191999962, 42.293624235000038 ], [ -0.309404614999949, 42.303105185000049 ], [ -0.295352091999973, 42.308436990000075 ], [ -0.280276301999947, 42.30753026800005 ], [ -0.257068210999932, 42.291952045000073 ], [ -0.266093, 42.270694499000058 ], [ -0.272893323999938, 42.264493634000075 ], [ -0.272796805999974, 42.254772736000064 ], [ -0.263877917999935, 42.23115062800008 ], [ -0.226646267999968, 42.226059560000067 ], [ -0.220422209999924, 42.229409330000067 ], [ -0.186191445999953, 42.205271437000079 ], [ -0.189687667999976, 42.197066706000044 ], [ -0.20606, 42.180621999000039 ], [ -0.219651, 42.183257999000034 ], [ -0.235197220999964, 42.178956060000075 ], [ -0.250457503999939, 42.179761864000056 ], [ -0.258385309999937, 42.174678364000044 ], [ -0.263521753999953, 42.167202670000052 ], [ -0.278227268999956, 42.165207192000025 ], [ -0.28537665999994, 42.144576087000075 ], [ -0.308334747999936, 42.140280827000026 ], [ -0.31242238699997, 42.131514965000065 ], [ -0.330052506999948, 42.121393158000046 ], [ -0.320189499999969, 42.116428499000051 ], [ -0.31939749999998, 42.110809499000027 ], [ -0.328205, 42.106410499000049 ], [ -0.336799499999927, 42.108009499000048 ], [ -0.340845499999944, 42.116802499000073 ], [ -0.334403989999942, 42.137389048000045 ], [ -0.354519499999924, 42.140197999000065 ], [ -0.337870437999925, 42.148193904000038 ], [ -0.333303138999952, 42.155601973000046 ], [ -0.33855415499994, 42.163843542000052 ], [ -0.349284499999953, 42.169929499000034 ], [ -0.357837281999934, 42.176888947000066 ], [ -0.368872937999924, 42.193480181000041 ], [ -0.370292277999965, 42.203320655000027 ], [ -0.367664225999931, 42.214071310000065 ], [ -0.374590960999967, 42.221884732000035 ], [ -0.374200805999976, 42.22919694400008 ], [ -0.378536145999931, 42.236908286000073 ], [ -0.371893357999966, 42.237238651000041 ], [ -0.375329, 42.243243999000072 ] ] ] } },
{ "type": "Feature", "properties": { "code": "22151", "name": "Loscorrales" }, "geometry": { "type": "MultiPolygon", "coordinates": [ [ [ [ -0.654160499999932, 42.271472999000025 ], [ -0.641657478999946, 42.26647339200008 ], [ -0.626538854999978, 42.269640496000079 ], [ -0.621303, 42.274280499000042 ], [ -0.614840883999932, 42.258655016000034 ], [ -0.626094871999953, 42.246131698000056 ], [ -0.635308665999958, 42.241119920000074 ], [ -0.637184382999976, 42.236560187000066 ], [ -0.621221550999962, 42.226523511000039 ], [ -0.61878107299998, 42.221394445000044 ], [ -0.620182977999946, 42.213906241000075 ], [ -0.616853, 42.211204499000075 ], [ -0.629812750999974, 42.19491191700007 ], [ -0.645092124999962, 42.195171963000064 ], [ -0.652838608999957, 42.186811698000042 ], [ -0.682441, 42.195583499000065 ], [ -0.680313015999957, 42.218764133000036 ], [ -0.672653331999925, 42.228251390000025 ], [ -0.66859347299993, 42.24039674900007 ], [ -0.65368644199998, 42.249582761000056 ], [ -0.662090833999969, 42.255979315000047 ], [ -0.654160499999932, 42.271472999000025 ] ] ], [ [ [ -0.752724, 42.133987499000057 ], [ -0.757575595999924, 42.145669639000062 ], [ -0.755359, 42.152538499000059 ], [ -0.707992819999959, 42.149584022000056 ], [ -0.711424499999964, 42.143177499000046 ], [ -0.717175883999971, 42.135635296000032 ], [ -0.733423488999961, 42.137757270000066 ], [ -0.75353, 42.131347499000071 ], [ -0.752724, 42.133987499000057 ] ] ] ] } },
{ "type": "Feature", "properties": { "code": "22155", "name": "Monesma y Cajigar" }, "geometry": { "type": "Polygon", "coordinates": [ [ [ 0.608482, 42.17020799900007 ], [ 0.611265576000051, 42.181467505000057 ], [ 0.602149630000042, 42.186776731000066 ], [ 0.603441116000056, 42.196330773000057 ], [ 0.598793155000067, 42.203408318000072 ], [ 0.589236060000076, 42.23574226900007 ], [ 0.576346991000037, 42.240391073000069 ], [ 0.554186500000071, 42.233783999000025 ], [ 0.542618826000023, 42.242140770000049 ], [ 0.539751398000021, 42.250661491000074 ], [ 0.561151233000032, 42.260735146000059 ], [ 0.571635902000025, 42.272773016000031 ], [ 0.583776962000059, 42.272984516000065 ], [ 0.612858, 42.28257749900007 ], [ 0.621864492000043, 42.279894060000061 ], [ 0.634066186000041, 42.270759432000034 ], [ 0.635250161000044, 42.257168282000066 ], [ 0.630535867000049, 42.247257489000049 ], [ 0.631522549000067, 42.243380449000028 ], [ 0.664927, 42.223163499000066 ], [ 0.671962411000038, 42.208993875000033 ], [ 0.650757659000021, 42.19498096600006 ], [ 0.641843276000031, 42.192617050000081 ], [ 0.645460750000041, 42.184251341000049 ], [ 0.639155500000072, 42.171743977000062 ], [ 0.617918282000062, 42.167582487000061 ], [ 0.608482, 42.17020799900007 ] ] ] } },
{ "type": "Feature", "properties": { "code": "22156", "name": "Monflorite-Lascasas" }, "geometry": { "type": "Polygon", "coordinates": [ [ [ -0.328715, 42.072908999000049 ], [ -0.360484632999942, 42.072635638000065 ], [ -0.365174942999943, 42.069551344000047 ], [ -0.37219349999998, 42.056270999000049 ], [ -0.38592749999998, 42.056121999000027 ], [ -0.396691, 42.054763999000045 ], [ -0.40298181199995, 42.063962548000063 ], [ -0.427814503999969, 42.077198353000028 ], [ -0.425747574999946, 42.081901605000041 ], [ -0.404777576999948, 42.089822789000038 ], [ -0.401567457999931, 42.097810104000075 ], [ -0.394796505999977, 42.101061283000035 ], [ -0.389830624999945, 42.101053378000074 ], [ -0.378442385999961, 42.093484583000077 ], [ -0.376505769999937, 42.099625069000069 ], [ -0.370829535999974, 42.099862014000053 ], [ -0.366890207999973, 42.10378828100005 ], [ -0.349457922999932, 42.101824571000066 ], [ -0.336799499999927, 42.108009499000048 ], [ -0.328205, 42.106410499000049 ], [ -0.325251228999946, 42.089964284000075 ], [ -0.328685104999977, 42.083325757000068 ], [ -0.328715, 42.072908999000049 ] ] ] } },
{ "type": "Feature", "properties": { "code": "22157", "name": "Montanuy" }, "geometry": { "type": "Polygon", "coordinates": [ [ [ 0.767550500000027, 42.611224499000059 ], [ 0.760505372000068, 42.59091774500007 ], [ 0.757537702000036, 42.570862527000031 ], [ 0.742427750000047, 42.54583161000005 ], [ 0.744938597000044, 42.53740493600003 ], [ 0.733900464000044, 42.538144484000043 ], [ 0.722490312000048, 42.524771067000074 ], [ 0.721529951000036, 42.514118409000048 ], [ 0.736315755000021, 42.505787740000073 ], [ 0.715107688000046, 42.489289701000075 ], [ 0.701486437000028, 42.493969118000052 ], [ 0.697759391000034, 42.488022640000054 ], [ 0.691204296000024, 42.484832406000066 ], [ 0.694403241000032, 42.476637513000071 ], [ 0.706940298000063, 42.46158947300006 ], [ 0.706493, 42.449315999000078 ], [ 0.71109326200002, 42.43629724300007 ], [ 0.719218500000068, 42.428966499000069 ], [ 0.714838178000036, 42.423624019000044 ], [ 0.690255149000052, 42.425299836000079 ], [ 0.681006413000034, 42.433367462000035 ], [ 0.68305388400006, 42.443585977000055 ], [ 0.680230040000026, 42.44938509800005 ], [ 0.668970606000073, 42.449232746000064 ], [ 0.645013500000061, 42.442530499000043 ], [ 0.629509939000059, 42.454517143000032 ], [ 0.624315360000026, 42.46194620600005 ], [ 0.642636941000035, 42.471807633000026 ], [ 0.636704953000049, 42.49011358000007 ], [ 0.644811695000044, 42.505838619000031 ], [ 0.640571948000058, 42.511949476000041 ], [ 0.622128368000062, 42.517304121000052 ], [ 0.608405, 42.528363499000079 ], [ 0.609707483000022, 42.531741587000056 ], [ 0.605635024000037, 42.539567718000058 ], [ 0.589845500000024, 42.542237999000065 ], [ 0.588995629000067, 42.550452027000063 ], [ 0.592379878000031, 42.559972770000059 ], [ 0.604276791000075, 42.570305949000044 ], [ 0.609509378000041, 42.583113351000065 ], [ 0.62816828900003, 42.587229504000049 ], [ 0.638469726000039, 42.593952867000041 ], [ 0.652927422000062, 42.593210864000071 ], [ 0.660564991000058, 42.599533593000046 ], [ 0.671389049000027, 42.600036070000044 ], [ 0.675931472000059, 42.604500171000041 ], [ 0.667495324000072, 42.624699229000043 ], [ 0.683593961000042, 42.629233776000035 ], [ 0.698579, 42.629470499000035 ], [ 0.707927264000034, 42.621359283000061 ], [ 0.728411582000035, 42.61547863900006 ], [ 0.767550500000027, 42.611224499000059 ] ] ] } },
{ "type": "Feature", "properties": { "code": "22158", "name": "Monzón" }, "geometry": { "type": "Polygon", "coordinates": [ [ [ 0.18327, 41.955764999000053 ], [ 0.188242668000044, 41.949991185000044 ], [ 0.196151276000023, 41.948121742000069 ], [ 0.221101336000061, 41.954232963000038 ], [ 0.221990407000021, 41.950724552000054 ], [ 0.216015514000048, 41.943265229000076 ], [ 0.228272616000027, 41.93490368700003 ], [ 0.228255497000021, 41.927667814000074 ], [ 0.251625170000068, 41.917008474000056 ], [ 0.262168703000043, 41.918713834000073 ], [ 0.275767500000029, 41.910968999000033 ], [ 0.278709500000048, 41.910049499000024 ], [ 0.276921, 41.904300499000044 ], [ 0.274953, 41.901633999000069 ], [ 0.274434, 41.896930499000064 ], [ 0.280279, 41.891261999000051 ], [ 0.285949500000072, 41.887157499000068 ], [ 0.28464, 41.883006999000031 ], [ 0.281105, 41.877982999000039 ], [ 0.287259, 41.871818499000028 ], [ 0.29225602300005, 41.862368699000058 ], [ 0.288429326000028, 41.85853910600008 ], [ 0.280439977000071, 41.859548417000042 ], [ 0.271389451000061, 41.867933035000078 ], [ 0.261988719000044, 41.871176813000034 ], [ 0.254853484000023, 41.86769238200003 ], [ 0.251297500000021, 41.861678999000048 ], [ 0.234396137000033, 41.864114395000058 ], [ 0.215974508000045, 41.852799255000036 ], [ 0.21216664700006, 41.847885567000048 ], [ 0.210204886000042, 41.83356193700007 ], [ 0.186013, 41.839069499000061 ], [ 0.176841069000034, 41.848996607000061 ], [ 0.177303155000061, 41.859442681000075 ], [ 0.168229163000035, 41.865893053000036 ], [ 0.139891500000033, 41.868644499000027 ], [ 0.137856, 41.869898999000043 ], [ 0.121971, 41.871006499000032 ], [ 0.094965, 41.877666499000043 ], [ 0.091489500000023, 41.885532499000078 ], [ 0.074819500000046, 41.881969499000036 ], [ 0.070083500000067, 41.876163499000029 ], [ 0.053262, 41.874172499000053 ], [ 0.04788, 41.870441499000037 ], [ 0.050749500000052, 41.865935999000044 ], [ 0.047203500000023, 41.861285999000074 ], [ 0.031564, 41.857421999000053 ], [ 0.027354049000053, 41.861365404000026 ], [ 0.025909, 41.867774999000062 ], [ 0.032845606000024, 41.883212884000045 ], [ 0.048139096000057, 41.886724350000065 ], [ 0.062865569000053, 41.907821393000063 ], [ 0.071205030000044, 41.911897519000036 ], [ 0.086589092000054, 41.907670093000036 ], [ 0.088904109000055, 41.920616531000064 ], [ 0.078286498000068, 41.934798804000025 ], [ 0.085183, 41.953025999000033 ], [ 0.093131284000037, 41.948476303000064 ], [ 0.109168515000022, 41.946725610000044 ], [ 0.116447042000061, 41.957620992000045 ], [ 0.159701798000071, 41.935783965000041 ], [ 0.167657684000062, 41.936676010000042 ], [ 0.171164086000033, 41.945303230000036 ], [ 0.18327, 41.955764999000053 ] ] ] } },
{ "type": "Feature", "properties": { "code": "22160", "name": "Naval" }, "geometry": { "type": "Polygon", "coordinates": [ [ [ 0.139605500000073, 42.233463499000038 ], [ 0.153968171000031, 42.238478624000038 ], [ 0.171814061000021, 42.227897483000049 ], [ 0.178892365000024, 42.219352355000069 ], [ 0.186083046000022, 42.216887335000081 ], [ 0.203840434000028, 42.222913578000032 ], [ 0.228052500000047, 42.222324499000081 ], [ 0.22412261900007, 42.215282190000039 ], [ 0.22696220000006, 42.204596546000062 ], [ 0.224515671000063, 42.197086358000035 ], [ 0.225503, 42.186004499000035 ], [ 0.212218, 42.182644499000048 ], [ 0.210448500000041, 42.17830649900003 ], [ 0.183779, 42.160762499000043 ], [ 0.174752, 42.16175849900003 ], [ 0.171410500000036, 42.161292999000068 ], [ 0.138587069000039, 42.175239500000032 ], [ 0.12427150000002, 42.193591999000034 ], [ 0.126076275000059, 42.19897672500008 ], [ 0.134181346000048, 42.206423856000072 ], [ 0.13417503200003, 42.213684494000063 ], [ 0.141400498000053, 42.223721584000032 ], [ 0.139605500000073, 42.233463499000038 ] ] ] } },
{ "type": "Feature", "properties": { "code": "22162", "name": "Novales" }, "geometry": { "type": "Polygon", "coordinates": [ [ [ -0.233548499999927, 42.039096999000037 ], [ -0.236036499999955, 42.034366499000043 ], [ -0.238917, 42.025878999000042 ], [ -0.257916, 42.019679999000061 ], [ -0.271452, 42.007899999000074 ], [ -0.28759649999995, 42.007056999000042 ], [ -0.289618, 42.008060499000067 ], [ -0.291677499999935, 42.011874499000044 ], [ -0.297806499999979, 42.012611499000059 ], [ -0.307775499999934, 42.020736499000066 ], [ -0.319306499999925, 42.02544799900005 ], [ -0.320599499999958, 42.031745999000066 ], [ -0.317982499999971, 42.038860499000066 ], [ -0.314954, 42.043002999000066 ], [ -0.313656499999979, 42.051147499000081 ], [ -0.310825499999964, 42.055503999000052 ], [ -0.300141976999953, 42.041392493000046 ], [ -0.276302394999959, 42.043957846000069 ], [ -0.255997023999953, 42.039617992000046 ], [ -0.23569649999996, 42.040256499000066 ], [ -0.233548499999927, 42.039096999000037 ] ] ] } },
{ "type": "Feature", "properties": { "code": "22163", "name": "Nueno" }, "geometry": { "type": "MultiPolygon", "coordinates": [ [ [ [ -0.176831917999948, 42.330855648000068 ], [ -0.153479286999925, 42.344903880000061 ], [ -0.149473886999942, 42.344760182000073 ], [ -0.150307409999925, 42.333218392000049 ], [ -0.163793755999961, 42.313256841000054 ], [ -0.176831917999948, 42.330855648000068 ] ] ], [ [ [ -0.423549499999979, 42.235046499000077 ], [ -0.434456158999978, 42.237568354000075 ], [ -0.43586849899998, 42.24312154200004 ], [ -0.44018417999996, 42.241428782000071 ], [ -0.44212835999997, 42.238304486000061 ], [ -0.440576313999941, 42.228566947000047 ], [ -0.45586484599994, 42.221722646000046 ], [ -0.461237499999925, 42.202655999000058 ], [ -0.467731, 42.199966499000027 ], [ -0.48087449999997, 42.216968499000075 ], [ -0.494396470999959, 42.220118813000056 ], [ -0.500137281999969, 42.22549611200003 ], [ -0.493857770999966, 42.23875675000005 ], [ -0.482608004999975, 42.246206697000048 ], [ -0.472932413999956, 42.250885310000058 ], [ -0.46232946899994, 42.26390384900003 ], [ -0.453038235999941, 42.267034534000061 ], [ -0.454642677999971, 42.278030390000026 ], [ -0.449777399999959, 42.28642547100003 ], [ -0.450387499999977, 42.290778999000054 ], [ -0.425670775999947, 42.294965699000045 ], [ -0.40666717199997, 42.294204496000077 ], [ -0.402252744999942, 42.304512758000044 ], [ -0.410055759999977, 42.326493403000029 ], [ -0.405443139999932, 42.32951569200003 ], [ -0.398532, 42.328242999000054 ], [ -0.370986513999981, 42.327597302000072 ], [ -0.37001143599997, 42.337333423000075 ], [ -0.363573, 42.34723199900003 ], [ -0.335919145999981, 42.34962766700005 ], [ -0.322111251999956, 42.344532045000051 ], [ -0.307421567999938, 42.343520216000059 ], [ -0.301607077999961, 42.33754306700007 ], [ -0.303277324999954, 42.330177689000038 ], [ -0.301314561999959, 42.327215312000078 ], [ -0.293365716999972, 42.324778181000056 ], [ -0.285058828999979, 42.327717647000043 ], [ -0.278438480999966, 42.323553699000058 ], [ -0.27291516799994, 42.327268765000042 ], [ -0.273503527999935, 42.335734646000049 ], [ -0.268314167999961, 42.341475321000075 ], [ -0.236492698999939, 42.337868729000036 ], [ -0.230170287999954, 42.331782406000059 ], [ -0.233547253999973, 42.321854771000062 ], [ -0.222065424999926, 42.312813705000053 ], [ -0.22094081399996, 42.305515879000041 ], [ -0.194683199999929, 42.30428362400005 ], [ -0.191079917999957, 42.299387739000053 ], [ -0.168964725999956, 42.298210923000056 ], [ -0.166555176999964, 42.294341657000075 ], [ -0.16124149999996, 42.294006499000034 ], [ -0.162911931999929, 42.287032429000078 ], [ -0.152093, 42.277393499000027 ], [ -0.162125311999944, 42.273369775000049 ], [ -0.222509260999971, 42.29002487300005 ], [ -0.238516637999965, 42.285854837000045 ], [ -0.243109452999931, 42.281945298000039 ], [ -0.252133642999979, 42.283914516000038 ], [ -0.26020750899994, 42.268979013000035 ], [ -0.266093, 42.270694499000058 ], [ -0.257068210999932, 42.291952045000073 ], [ -0.280276301999947, 42.30753026800005 ], [ -0.295352091999973, 42.308436990000075 ], [ -0.309404614999949, 42.303105185000049 ], [ -0.316529191999962, 42.293624235000038 ], [ -0.328665962999935, 42.29229414100007 ], [ -0.339282654999977, 42.283645637000063 ], [ -0.355320130999928, 42.279907079000054 ], [ -0.367253516999938, 42.264447313000062 ], [ -0.377888574999929, 42.264156755000045 ], [ -0.377107253999952, 42.249799081000049 ], [ -0.373753869999973, 42.24654107300006 ], [ -0.375329, 42.243243999000072 ], [ -0.392817022999964, 42.244048623000026 ], [ -0.398971031999963, 42.24114522900004 ], [ -0.405410693999954, 42.243246666000061 ], [ -0.423549499999979, 42.235046499000077 ] ] ] ] } },
{ "type": "Feature", "properties": { "code": "22164", "name": "Olvena" }, "geometry": { "type": "Polygon", "coordinates": [ [ [ 0.259529500000042, 42.13140499900004 ], [ 0.261915305000059, 42.126741472000049 ], [ 0.274726404000035, 42.121225982000055 ], [ 0.278147343000057, 42.112269935000029 ], [ 0.28769853600005, 42.10424811200005 ], [ 0.307063500000027, 42.096580499000027 ], [ 0.306019500000048, 42.094653999000059 ], [ 0.306596500000069, 42.088298499000075 ], [ 0.303301500000032, 42.083064999000044 ], [ 0.300546, 42.083305499000062 ], [ 0.29879, 42.082301999000038 ], [ 0.275921864000054, 42.093612919000066 ], [ 0.240367500000048, 42.10085299900004 ], [ 0.231116375000056, 42.112019366000027 ], [ 0.230432613000062, 42.12012242600008 ], [ 0.240161656000055, 42.122860744000036 ], [ 0.251903820000052, 42.130885482000053 ], [ 0.259529500000042, 42.13140499900004 ] ] ] } },
{ "type": "Feature", "properties": { "code": "22165", "name": "Ontiñena" }, "geometry": { "type": "Polygon", "coordinates": [ [ [ 0.137014500000021, 41.663692499000035 ], [ 0.122447179000062, 41.630275250000068 ], [ 0.097093039000072, 41.618957494000028 ], [ 0.088502669000036, 41.609989411000072 ], [ 0.055432539000037, 41.587531916000046 ], [ 0.02579350000002, 41.56109249900004 ], [ 0.010672, 41.560085499000024 ], [ -0.001216499999941, 41.557342499000072 ], [ -0.013242, 41.551639499000032 ], [ -0.02275, 41.548495999000068 ], [ -0.053133499999944, 41.533897499000034 ], [ -0.05882349999996, 41.536086999000077 ], [ -0.045123013999955, 41.539684597000075 ], [ -0.045166310999946, 41.547130430000038 ], [ -0.039982709999947, 41.558594913000036 ], [ -0.028953742999931, 41.570042431000047 ], [ -0.026057418999926, 41.580065023000031 ], [ -0.011970476999977, 41.596618308000075 ], [ -0.001219412999944, 41.618768299000067 ], [ -0.007533670999976, 41.627847766000059 ], [ -0.02455318799997, 41.640152347000026 ], [ -0.030734447999976, 41.647944064000058 ], [ -0.012371463999955, 41.654589449000071 ], [ -0.004039216999956, 41.667361898000081 ], [ 0.010520856000028, 41.676968736000049 ], [ 0.030772500000069, 41.704540499000075 ], [ 0.045633, 41.69782649900003 ], [ 0.070938500000068, 41.695266999000069 ], [ 0.090086, 41.69113549900004 ], [ 0.10809850000004, 41.683486999000024 ], [ 0.119857, 41.680160499000067 ], [ 0.124828500000035, 41.676856999000051 ], [ 0.130163394000022, 41.665755715000046 ], [ 0.137014500000021, 41.663692499000035 ] ] ] } },
{ "type": "Feature", "properties": { "code": "22167", "name": "Osso de Cinca" }, "geometry": { "type": "Polygon", "coordinates": [ [ [ 0.185974500000043, 41.649966999000071 ], [ 0.180428500000062, 41.657027999000036 ], [ 0.17649, 41.660461499000064 ], [ 0.173120500000039, 41.667922999000041 ], [ 0.238651265000044, 41.693524039000067 ], [ 0.276063013000055, 41.685216835000062 ], [ 0.267241500000068, 41.677753499000062 ], [ 0.238230165000061, 41.665474063000033 ], [ 0.241786707000074, 41.65570957500006 ], [ 0.236003348000054, 41.648062794000055 ], [ 0.214263471000038, 41.642000902000063 ], [ 0.198044, 41.633018499000059 ], [ 0.185974500000043, 41.649966999000071 ] ] ] } },
{ "type": "Feature", "properties": { "code": "22168", "name": "Palo" }, "geometry": { "type": "Polygon", "coordinates": [ [ [ 0.218438500000047, 42.304565499000034 ], [ 0.219584160000068, 42.308726512000078 ], [ 0.213509306000049, 42.313522130000081 ], [ 0.224263880000024, 42.32940719700008 ], [ 0.222030928000038, 42.333657640000069 ], [ 0.242928499000072, 42.333353215000045 ], [ 0.250379999000074, 42.340769386000034 ], [ 0.261600402000056, 42.346000692000075 ], [ 0.268026106000036, 42.344157662000043 ], [ 0.270215791000055, 42.333677071000068 ], [ 0.259528995000039, 42.319387117000076 ], [ 0.222719, 42.28577049900008 ], [ 0.224840500000028, 42.299277999000026 ], [ 0.218438500000047, 42.304565499000034 ] ] ] } },
{ "type": "Feature", "properties": { "code": "22170", "name": "Panticosa" }, "geometry": { "type": "Polygon", "coordinates": [ [ [ -0.177943499999969, 42.785293499000034 ], [ -0.180806509999968, 42.779938516000072 ], [ -0.19967700199993, 42.768296495000072 ], [ -0.203133082999955, 42.761742746000039 ], [ -0.202255298999944, 42.755820215000028 ], [ -0.197498664999955, 42.750390374000062 ], [ -0.199982416999944, 42.741944830000079 ], [ -0.20509478799994, 42.737143380000077 ], [ -0.20430876699993, 42.732338885000047 ], [ -0.191987573999938, 42.724805120000042 ], [ -0.18898072199994, 42.718060329000025 ], [ -0.192010927999945, 42.69702264600005 ], [ -0.188972294999928, 42.69097510000006 ], [ -0.199205, 42.679965999000046 ], [ -0.212219, 42.677707499000064 ], [ -0.235840236999934, 42.678512620000049 ], [ -0.243314303999966, 42.682165729000076 ], [ -0.251781499999936, 42.679187999000078 ], [ -0.257104499999969, 42.681338999000047 ], [ -0.270704499999965, 42.689048999000079 ], [ -0.272717, 42.69412199900006 ], [ -0.282994, 42.70171349900005 ], [ -0.298979, 42.703597999000067 ], [ -0.309466499999928, 42.70356349900004 ], [ -0.30700560799994, 42.705979926000055 ], [ -0.307607951999955, 42.72521039600008 ], [ -0.313038447999929, 42.739254745000039 ], [ -0.308084106999956, 42.739548767000031 ], [ -0.302363367999931, 42.735814412000025 ], [ -0.290231095999957, 42.738933770000074 ], [ -0.283534568999926, 42.751779343000067 ], [ -0.27343897999998, 42.754926326000032 ], [ -0.274721749999969, 42.765445549000049 ], [ -0.257236408999972, 42.776364152000042 ], [ -0.257070039999974, 42.779698248000045 ], [ -0.263436561999924, 42.783480289000067 ], [ -0.263444268999933, 42.790369154000075 ], [ -0.237376, 42.807677999000077 ], [ -0.213901672999953, 42.797001518000059 ], [ -0.19927238899993, 42.795694061000063 ], [ -0.187438852999946, 42.78754807200005 ], [ -0.177943499999969, 42.785293499000034 ] ] ] } },
{ "type": "Feature", "properties": { "code": "22172", "name": "Peñalba" }, "geometry": { "type": "Polygon", "coordinates": [ [ [ -0.134753, 41.522380999000063 ], [ -0.111175030999959, 41.528893802000027 ], [ -0.053133499999944, 41.533897499000034 ], [ -0.02275, 41.548495999000068 ], [ -0.013242, 41.551639499000032 ], [ -0.001216499999941, 41.557342499000072 ], [ 0.010672, 41.560085499000024 ], [ 0.022487500000068, 41.560622999000032 ], [ 0.016793585000073, 41.554906710000068 ], [ 0.013122319000047, 41.539237529000047 ], [ 0.000620838000032, 41.523447789000045 ], [ -0.007457454999951, 41.504533335000076 ], [ -0.008394838999948, 41.495116664000079 ], [ -0.005048597999973, 41.487349949000077 ], [ 0.010372056000051, 41.48127241800006 ], [ 0.031544, 41.465022999000041 ], [ 0.028780141000027, 41.457288186000028 ], [ 0.001481824000052, 41.424460753000062 ], [ -0.025038185999961, 41.40685854600008 ], [ -0.023884, 41.396873499000037 ], [ -0.026971571999979, 41.376880609000068 ], [ -0.018110209999975, 41.353545168000039 ], [ -0.046039821999955, 41.360484798000073 ], [ -0.072661, 41.377151499000036 ], [ -0.072205, 41.381473499000037 ], [ -0.074389499999938, 41.386077999000065 ], [ -0.074090499999954, 41.393813999000031 ], [ -0.077934, 41.399837499000057 ], [ -0.078895, 41.404536999000072 ], [ -0.082637, 41.410980499000061 ], [ -0.083999499999948, 41.415321499000072 ], [ -0.085086, 41.427146999000058 ], [ -0.08441449999998, 41.431434499000034 ], [ -0.0885, 41.439372999000057 ], [ -0.09315, 41.453963999000052 ], [ -0.099802499999953, 41.470458999000073 ], [ -0.099607499999934, 41.472381999000049 ], [ -0.103807, 41.480251499000076 ], [ -0.104926499999976, 41.485473499000079 ], [ -0.11113249999994, 41.493522499000051 ], [ -0.115816, 41.497077999000055 ], [ -0.120665, 41.502551999000048 ], [ -0.130041, 41.514563999000075 ], [ -0.134753, 41.522380999000063 ] ] ] } },
{ "type": "Feature", "properties": { "code": "22173", "name": "Peñas de Riglos, Las" }, "geometry": { "type": "Polygon", "coordinates": [ [ [ -0.780679499999962, 42.386054999000066 ], [ -0.815332499999954, 42.394939499000031 ], [ -0.821541895999928, 42.39730589900006 ], [ -0.828931295999951, 42.394680342000072 ], [ -0.835822188999941, 42.395975680000049 ], [ -0.844369208999979, 42.408251320000034 ], [ -0.882433748999972, 42.420288179000067 ], [ -0.905622, 42.436432499000034 ], [ -0.897476899999958, 42.443408369000053 ], [ -0.905080817999931, 42.449412428000073 ], [ -0.903827392999972, 42.452704542000049 ], [ -0.894993735999947, 42.459642089000056 ], [ -0.881888, 42.457031499000038 ], [ -0.851085520999959, 42.443477912000048 ], [ -0.850451202999977, 42.435114780000049 ], [ -0.838502885999958, 42.426445826000077 ], [ -0.831750403999933, 42.428400411000041 ], [ -0.822078527999963, 42.440627967000069 ], [ -0.808213203999969, 42.432896941000081 ], [ -0.786828247999949, 42.430855846000043 ], [ -0.782115573999931, 42.435896988000025 ], [ -0.78472697199993, 42.440199588000041 ], [ -0.820251969999958, 42.44703717200008 ], [ -0.825060837999956, 42.450873924000064 ], [ -0.82441807899994, 42.454875056000049 ], [ -0.820707617999972, 42.457538915000043 ], [ -0.796615058999976, 42.453234179000049 ], [ -0.778133405999938, 42.461718348000034 ], [ -0.752183797999976, 42.45334056400003 ], [ -0.732901416999937, 42.454128284000035 ], [ -0.71456442899995, 42.472690054000054 ], [ -0.717678629999966, 42.484795991000055 ], [ -0.707832543999928, 42.489998062000041 ], [ -0.702317499999936, 42.506671999000048 ], [ -0.691938, 42.506957999000065 ], [ -0.684912308999969, 42.504332849000036 ], [ -0.683123673999944, 42.498308705000056 ], [ -0.690304899999944, 42.49530179900006 ], [ -0.697370323999962, 42.487388295000073 ], [ -0.684559551999939, 42.481579009000029 ], [ -0.680833767999957, 42.470730937000042 ], [ -0.672170077999965, 42.465823943000032 ], [ -0.671551532999956, 42.457803144000025 ], [ -0.661072578999949, 42.44736725000007 ], [ -0.656043293999971, 42.435394323000025 ], [ -0.647696, 42.426757999000074 ], [ -0.65673131799997, 42.414712702000031 ], [ -0.657580013999961, 42.409623942000053 ], [ -0.665372882999975, 42.406728599000076 ], [ -0.674466290999931, 42.398317332000033 ], [ -0.653756621999946, 42.386820682000064 ], [ -0.613020525999957, 42.382734633000041 ], [ -0.579910103999964, 42.390935100000036 ], [ -0.569986863999929, 42.390068844000041 ], [ -0.530885499999954, 42.362518499000032 ], [ -0.539679179999951, 42.353603067000051 ], [ -0.554989406999937, 42.345459270000049 ], [ -0.555786342999966, 42.338203176000036 ], [ -0.560451499999942, 42.332767499000056 ], [ -0.578254, 42.336009999000055 ], [ -0.583254783999962, 42.345260310000072 ], [ -0.599155074999942, 42.351397405000057 ], [ -0.65866422299996, 42.352500507000059 ], [ -0.685127636999937, 42.361810098000035 ], [ -0.694493717999933, 42.36205009300005 ], [ -0.699732678999965, 42.358094808000033 ], [ -0.690814376999924, 42.343264307000027 ], [ -0.696425431999955, 42.337912121000045 ], [ -0.709267448999924, 42.335863183000072 ], [ -0.70489822899998, 42.325617720000025 ], [ -0.713584958999945, 42.318438121000042 ], [ -0.710052536999967, 42.307180070000072 ], [ -0.712085499999944, 42.297245499000041 ], [ -0.728917499999966, 42.297714499000051 ], [ -0.738589409999975, 42.318817162000073 ], [ -0.743604691999963, 42.339147044000072 ], [ -0.738328773999967, 42.344584757000064 ], [ -0.735881314999972, 42.353148091000037 ], [ -0.74401469299994, 42.361612088000072 ], [ -0.737258715999928, 42.369820617000073 ], [ -0.746911430999944, 42.377864806000048 ], [ -0.775723625999944, 42.390012323000064 ], [ -0.780679499999962, 42.386054999000066 ] ] ] } },
{ "type": "Feature", "properties": { "code": "22174", "name": "Peralta de Alcofea" }, "geometry": { "type": "Polygon", "coordinates": [ [ [ 0.016885, 41.830367999000032 ], [ 0.013319165000041, 41.832413103000079 ], [ 0.005374880000033, 41.831112690000054 ], [ -0.014799143999937, 41.816923588000066 ], [ -0.036725, 41.816222999000047 ], [ -0.037086177999925, 41.825664612000025 ], [ -0.031325181999932, 41.833249771000055 ], [ -0.05192319899993, 41.84642057700006 ], [ -0.052692944999933, 41.860359022000068 ], [ -0.061598962999938, 41.858130569000025 ], [ -0.062155023999935, 41.865670254000065 ], [ -0.072787838999943, 41.873119753000026 ], [ -0.095279970999968, 41.877975046000074 ], [ -0.115475499999945, 41.886321999000074 ], [ -0.110531961999925, 41.89336693100006 ], [ -0.113679016999924, 41.896334047000039 ], [ -0.113236553999968, 41.901069164000035 ], [ -0.124380397999971, 41.912681697000039 ], [ -0.126121499999954, 41.92435449900006 ], [ -0.105727048999938, 41.926433089000056 ], [ -0.108627017999936, 41.938674723000076 ], [ -0.097187615999928, 41.947754239000062 ], [ -0.086423190999938, 41.961509316000047 ], [ -0.078142016999948, 41.964918742000066 ], [ -0.070607479999978, 41.96000060700004 ], [ -0.064921499999969, 41.96037349900007 ], [ -0.034454098999959, 41.928320831000065 ], [ -0.022459147999939, 41.938008359000037 ], [ 0.009093571000051, 41.929772287000048 ], [ 0.013985, 41.920867999000052 ], [ 0.012970406000022, 41.915057382000043 ], [ 0.020551055000055, 41.898103664000075 ], [ 0.004627626000058, 41.87105278000007 ], [ 0.009584606000033, 41.863277813000025 ], [ 0.025909, 41.867774999000062 ], [ 0.027354049000053, 41.861365404000026 ], [ 0.031564, 41.857421999000053 ], [ 0.031259962000036, 41.851821513000061 ], [ 0.02512170600005, 41.847307393000051 ], [ 0.033369976000074, 41.835703341000055 ], [ 0.026341396000021, 41.831137172000069 ], [ 0.016885, 41.830367999000032 ] ] ] } },
{ "type": "Feature", "properties": { "code": "22175", "name": "Peralta de Calasanz" }, "geometry": { "type": "Polygon", "coordinates": [ [ [ 0.450535500000058, 42.011588999000026 ], [ 0.423528345000022, 41.984448609000026 ], [ 0.428380079000021, 41.967750124000077 ], [ 0.440419749000057, 41.955056607000074 ], [ 0.43134150000003, 41.939376999000046 ], [ 0.396584, 41.929229999000029 ], [ 0.391680604000044, 41.930385542000067 ], [ 0.381795, 41.924110499000051 ], [ 0.371303882000063, 41.92233082000007 ], [ 0.363818, 41.92575449900005 ], [ 0.364417562000028, 41.929405747000033 ], [ 0.35895464500004, 41.934855947000074 ], [ 0.359852843000056, 41.938268845000039 ], [ 0.353592977000062, 41.944492853000042 ], [ 0.333182500000021, 41.948558999000056 ], [ 0.352522935000025, 41.956841325000028 ], [ 0.349133865000056, 41.964675960000079 ], [ 0.352128907000065, 41.978577811000036 ], [ 0.337096642000063, 41.983754866000027 ], [ 0.332301765000068, 41.989756429000067 ], [ 0.334828314000049, 42.00576820100008 ], [ 0.345568033000063, 42.01777493000003 ], [ 0.348683663000031, 42.02818860900004 ], [ 0.34637749500007, 42.030501580000077 ], [ 0.317082, 42.034084499000073 ], [ 0.322291500000063, 42.046901499000057 ], [ 0.316657500000019, 42.055175499000029 ], [ 0.31385750000004, 42.06357949900007 ], [ 0.325803822000069, 42.068713226000057 ], [ 0.337631391000059, 42.068722472000047 ], [ 0.343386584000029, 42.066728190000049 ], [ 0.347397691000026, 42.058013182000025 ], [ 0.39158422600002, 42.064841540000032 ], [ 0.401766047000024, 42.063040964000038 ], [ 0.40846, 42.066764499000044 ], [ 0.427502645000061, 42.044937971000024 ], [ 0.435382564000065, 42.026475937000043 ], [ 0.450535500000058, 42.011588999000026 ] ] ] } },
{ "type": "Feature", "properties": { "code": "22176", "name": "Peraltilla" }, "geometry": { "type": "Polygon", "coordinates": [ [ [ 0.021469, 42.046798499000033 ], [ 0.01555, 42.042476499000031 ], [ -0.001106499999935, 42.037448999000048 ], [ -0.007036, 42.034145999000032 ], [ -0.013491, 42.032241999000064 ], [ -0.015784, 42.03096799900004 ], [ -0.025063, 42.021350999000049 ], [ -0.031243, 42.019626499000026 ], [ -0.038773499999934, 42.027270999000052 ], [ -0.042826, 42.033931499000062 ], [ -0.045897, 42.036441999000033 ], [ -0.049258499999951, 42.037463999000067 ], [ -0.03777598399995, 42.039327170000035 ], [ -0.036021430999938, 42.047259496000038 ], [ -0.028244231999963, 42.058734376000075 ], [ -0.000368, 42.072109499000078 ], [ 0.01250815800006, 42.062589728000034 ], [ 0.012329883000064, 42.054702705000068 ], [ 0.021469, 42.046798499000033 ] ] ] } },
{ "type": "Feature", "properties": { "code": "22177", "name": "Perarrúa" }, "geometry": { "type": "Polygon", "coordinates": [ [ [ 0.32515, 42.304443499000058 ], [ 0.331992528000058, 42.304382959000066 ], [ 0.34998622300003, 42.295118449000029 ], [ 0.353836153000032, 42.303435997000065 ], [ 0.360560487000043, 42.304170386000067 ], [ 0.361178301000052, 42.28963516500005 ], [ 0.36673164900003, 42.28628948100004 ], [ 0.384276500000055, 42.292903999000032 ], [ 0.382493604000047, 42.285218644000054 ], [ 0.370958276000067, 42.270027015000039 ], [ 0.373247150000054, 42.264954608000039 ], [ 0.371935111000028, 42.253794866000078 ], [ 0.364178950000053, 42.231656807000036 ], [ 0.359703808000063, 42.228828467000028 ], [ 0.356327419000024, 42.240084729000046 ], [ 0.338003093000054, 42.248679828000036 ], [ 0.33767980600004, 42.253677709000044 ], [ 0.334344308000027, 42.256599848000064 ], [ 0.312935051000068, 42.26099574400007 ], [ 0.301498131000073, 42.272076220000031 ], [ 0.302009463000047, 42.276186327000062 ], [ 0.298430500000052, 42.279262999000025 ], [ 0.307735539000021, 42.283547061000036 ], [ 0.309214653000026, 42.290160485000058 ], [ 0.317310640000073, 42.293985812000074 ], [ 0.32515, 42.304443499000058 ] ] ] } },
{ "type": "Feature", "properties": { "code": "22178", "name": "Pertusa" }, "geometry": { "type": "Polygon", "coordinates": [ [ [ -0.118827499999952, 42.025165499000025 ], [ -0.105137433999971, 42.024981224000044 ], [ -0.104900869999938, 42.014430395000034 ], [ -0.09003996399997, 42.005981671000029 ], [ -0.074733, 42.005138499000054 ], [ -0.072242, 42.004417499000056 ], [ -0.084770269999979, 41.990386915000045 ], [ -0.084553, 41.982055499000069 ], [ -0.096420294999973, 41.975281933000076 ], [ -0.106432593999955, 41.97779616400004 ], [ -0.121260499999948, 41.977435999000079 ], [ -0.123177, 41.983913499000039 ], [ -0.120928499999934, 41.985065499000029 ], [ -0.121277499999962, 41.987521499000025 ], [ -0.142968, 41.988075499000047 ], [ -0.160613499999954, 41.984351999000069 ], [ -0.168609499999945, 41.981513999000072 ], [ -0.170498499999951, 41.984912999000073 ], [ -0.175824499999976, 41.985656499000072 ], [ -0.180902, 41.988212499000042 ], [ -0.186538499999926, 41.98985299900005 ], [ -0.188991499999929, 41.992534499000044 ], [ -0.19003749999996, 41.997035999000047 ], [ -0.171834421999961, 42.005374305000032 ], [ -0.165862581999932, 42.011896308000075 ], [ -0.126725499999964, 42.020152999000061 ], [ -0.124865904999979, 42.017575744000055 ], [ -0.118827499999952, 42.025165499000025 ] ] ] } },
{ "type": "Feature", "properties": { "code": "22181", "name": "Piracés" }, "geometry": { "type": "Polygon", "coordinates": [ [ [ -0.271452, 42.007899999000074 ], [ -0.272431, 42.00593199900004 ], [ -0.272624499999949, 42.001102499000069 ], [ -0.274125499999968, 41.998191999000028 ], [ -0.279056499999967, 41.993808499000068 ], [ -0.28789949999998, 41.991378999000062 ], [ -0.314459676999945, 41.978634992000025 ], [ -0.333065499999975, 41.975127999000051 ], [ -0.342478928999924, 41.986246560000041 ], [ -0.347656498999925, 42.001353667000046 ], [ -0.356819499999972, 42.011207499000079 ], [ -0.347364, 42.017001999000058 ], [ -0.345766499999968, 42.029872999000077 ], [ -0.340844, 42.029414999000039 ], [ -0.325431499999979, 42.032035999000072 ], [ -0.320599499999958, 42.031745999000066 ], [ -0.319306499999925, 42.02544799900005 ], [ -0.307775499999934, 42.020736499000066 ], [ -0.297806499999979, 42.012611499000059 ], [ -0.291677499999935, 42.011874499000044 ], [ -0.289618, 42.008060499000067 ], [ -0.28759649999995, 42.007056999000042 ], [ -0.271452, 42.007899999000074 ] ] ] } },
{ "type": "Feature", "properties": { "code": "22182", "name": "Plan" }, "geometry": { "type": "Polygon", "coordinates": [ [ [ 0.408475500000065, 42.561198999000055 ], [ 0.392061604000048, 42.555822547000048 ], [ 0.396918497000058, 42.538950015000069 ], [ 0.397387055000024, 42.521677993000026 ], [ 0.36736611200007, 42.529637236000042 ], [ 0.348591992000024, 42.539436761000047 ], [ 0.337239899000053, 42.536022485000046 ], [ 0.333157840000069, 42.528986840000073 ], [ 0.32055648000005, 42.52026556900006 ], [ 0.319817500000056, 42.51194749900003 ], [ 0.314030346000038, 42.508282447000056 ], [ 0.294828, 42.50726699900008 ], [ 0.259889500000043, 42.516025499000079 ], [ 0.250484280000023, 42.510593198000038 ], [ 0.24119485500006, 42.511098932000039 ], [ 0.236931183000024, 42.513487804000079 ], [ 0.233713500000022, 42.52362449900005 ], [ 0.215101017000052, 42.531880093000041 ], [ 0.20862568900003, 42.539963898000053 ], [ 0.215169109000044, 42.552909986000031 ], [ 0.208023138000044, 42.55654787900005 ], [ 0.207151085000021, 42.560572069000045 ], [ 0.213405058000035, 42.568156627000064 ], [ 0.215395350000051, 42.577382169000032 ], [ 0.232897295000043, 42.575640117000034 ], [ 0.248588376000043, 42.563829248000047 ], [ 0.257014037000033, 42.560995716000036 ], [ 0.277614837000044, 42.561616639000079 ], [ 0.283659305000072, 42.564386453000054 ], [ 0.279733387000022, 42.569337906000044 ], [ 0.28770509900005, 42.577965142000039 ], [ 0.282189611000035, 42.584969192000074 ], [ 0.284209435000037, 42.590415367000048 ], [ 0.289827195000044, 42.59239404200008 ], [ 0.304211416000044, 42.589848755000048 ], [ 0.308669, 42.59304049900004 ], [ 0.316619400000036, 42.580420140000058 ], [ 0.339251, 42.585380499000053 ], [ 0.367634276000047, 42.574158320000038 ], [ 0.400498587000072, 42.566474653000057 ], [ 0.408475500000065, 42.561198999000055 ] ] ] } },
{ "type": "Feature", "properties": { "code": "22184", "name": "Poleñino" }, "geometry": { "type": "Polygon", "coordinates": [ [ [ -0.359994, 41.842578999000068 ], [ -0.35867849999994, 41.851429499000062 ], [ -0.354426, 41.861606499000061 ], [ -0.349468499999944, 41.868777999000031 ], [ -0.346186, 41.872398499000042 ], [ -0.335392, 41.878417999000078 ], [ -0.33164249999993, 41.881957999000065 ], [ -0.325076499999966, 41.885364499000048 ], [ -0.301203, 41.889892499000041 ], [ -0.279179294999949, 41.873359618000052 ], [ -0.278735547999929, 41.869632284000033 ], [ -0.295393641999965, 41.845818580000071 ], [ -0.325073458999952, 41.829848293000055 ], [ -0.329930499999932, 41.817691999000033 ], [ -0.336266106999972, 41.81644146900004 ], [ -0.345143643999961, 41.819077378000031 ], [ -0.346853817999943, 41.82339419200008 ], [ -0.355674915999941, 41.829328506000024 ], [ -0.356893448999926, 41.834482008000066 ], [ -0.36389, 41.837157999000055 ], [ -0.359994, 41.842578999000068 ] ] ] } },
{ "type": "Feature", "properties": { "code": "22186", "name": "Pozán de Vero" }, "geometry": { "type": "Polygon", "coordinates": [ [ [ 0.021469, 42.046798499000033 ], [ 0.012329883000064, 42.054702705000068 ], [ 0.01250815800006, 42.062589728000034 ], [ -0.000368, 42.072109499000078 ], [ 0.006547953000052, 42.076795595000078 ], [ 0.009833822000076, 42.083079876000056 ], [ 0.017526155000041, 42.086841848000063 ], [ 0.012794500000041, 42.089954499000044 ], [ 0.017486563000034, 42.095891959000028 ], [ 0.028674810000041, 42.098164846000032 ], [ 0.036068500000056, 42.104675499000052 ], [ 0.04132850000002, 42.097068999000044 ], [ 0.047603, 42.094257499000037 ], [ 0.053381, 42.081126999000048 ], [ 0.048892962000025, 42.072793045000026 ], [ 0.032460125000057, 42.060021775000052 ], [ 0.021469, 42.046798499000033 ] ] ] } },
{ "type": "Feature", "properties": { "code": "22187", "name": "Puebla de Castro, La" }, "geometry": { "type": "Polygon", "coordinates": [ [ [ 0.259529500000042, 42.13140499900004 ], [ 0.265155500000049, 42.134944999000027 ], [ 0.265988500000049, 42.137729499000045 ], [ 0.26604, 42.142978499000037 ], [ 0.280433129000073, 42.156143584000063 ], [ 0.282979581000063, 42.177143416000035 ], [ 0.287214, 42.18242249900004 ], [ 0.296440229000041, 42.168910628000049 ], [ 0.306957873000044, 42.167510496000034 ], [ 0.328223568000055, 42.156118450000065 ], [ 0.323792934000039, 42.132661153000072 ], [ 0.307591822000063, 42.121527410000056 ], [ 0.319630131000054, 42.110842285000047 ], [ 0.322405223000032, 42.103866776000075 ], [ 0.310207391000063, 42.101057475000061 ], [ 0.307063500000027, 42.096580499000027 ], [ 0.28769853600005, 42.10424811200005 ], [ 0.278147343000057, 42.112269935000029 ], [ 0.274726404000035, 42.121225982000055 ], [ 0.261915305000059, 42.126741472000049 ], [ 0.259529500000042, 42.13140499900004 ] ] ] } },
{ "type": "Feature", "properties": { "code": "22188", "name": "Puente de Montañana" }, "geometry": { "type": "Polygon", "coordinates": [ [ [ 0.614522500000021, 42.151729499000055 ], [ 0.613776500000029, 42.155212499000072 ], [ 0.614932500000066, 42.159351499000024 ], [ 0.613347500000032, 42.165527499000063 ], [ 0.608369, 42.162685499000077 ], [ 0.607009, 42.164096999000037 ], [ 0.606982, 42.166808999000068 ], [ 0.601143500000035, 42.171878999000057 ], [ 0.617918282000062, 42.167582487000061 ], [ 0.639155500000072, 42.171743977000062 ], [ 0.645460750000041, 42.184251341000049 ], [ 0.641843276000031, 42.192617050000081 ], [ 0.650757659000021, 42.19498096600006 ], [ 0.671962411000038, 42.208993875000033 ], [ 0.664927, 42.223163499000066 ], [ 0.673889862000067, 42.220183417000044 ], [ 0.68099649800007, 42.222292623000044 ], [ 0.695051854000042, 42.207831903000056 ], [ 0.707950500000038, 42.203732999000067 ], [ 0.708826363000071, 42.19784356200006 ], [ 0.702806910000049, 42.189004358000034 ], [ 0.698793604000059, 42.172499081000069 ], [ 0.712671602000057, 42.162847015000068 ], [ 0.696126843000059, 42.150896140000043 ], [ 0.698443500000053, 42.126476999000033 ], [ 0.688495357000022, 42.123917133000077 ], [ 0.672455244000048, 42.124594149000075 ], [ 0.656003938000026, 42.138803073000076 ], [ 0.640943848000063, 42.142250900000079 ], [ 0.621381391000057, 42.15201249200004 ], [ 0.614522500000021, 42.151729499000055 ] ] ] } },
{ "type": "Feature", "properties": { "code": "22189", "name": "Puértolas" }, "geometry": { "type": "Polygon", "coordinates": [ [ [ 0.097465, 42.484027999000034 ], [ 0.09818158500002, 42.493434857000068 ], [ 0.09519350000005, 42.496661999000025 ], [ 0.10447474800003, 42.515022968000039 ], [ 0.091173474000072, 42.521985228000062 ], [ 0.091867351000076, 42.528070313000057 ], [ 0.082414364000044, 42.536950278000063 ], [ 0.084188070000039, 42.550898204000077 ], [ 0.066550828000061, 42.576015082000026 ], [ 0.063919786000042, 42.601005102000045 ], [ 0.057930835000036, 42.604138821000049 ], [ 0.054731706000041, 42.610933628000055 ], [ 0.058930332000045, 42.631042868000065 ], [ 0.075072603000024, 42.639282277000063 ], [ 0.077524, 42.653606499000034 ], [ 0.096963784000025, 42.643120181000029 ], [ 0.116204821000053, 42.639433846000031 ], [ 0.122349, 42.634689499000046 ], [ 0.11669239500003, 42.633317503000058 ], [ 0.115015861000074, 42.626456473000076 ], [ 0.110694715000022, 42.62299353800006 ], [ 0.116317952000031, 42.616536542000063 ], [ 0.116073679000067, 42.610376324000072 ], [ 0.133814543000028, 42.595123591000061 ], [ 0.139829846000055, 42.593176570000026 ], [ 0.146724303000042, 42.582882809000068 ], [ 0.152408999000045, 42.580057335000049 ], [ 0.151172006000024, 42.573256341000047 ], [ 0.156320405000031, 42.570087646000047 ], [ 0.15753574200005, 42.561999425000067 ], [ 0.164935441000068, 42.555107756000041 ], [ 0.163304, 42.547374999000056 ], [ 0.157018811000057, 42.534094922000065 ], [ 0.147642572000052, 42.527727055000071 ], [ 0.14153688500005, 42.519329433000053 ], [ 0.14750500100007, 42.506229824000059 ], [ 0.147587431000034, 42.495723911000027 ], [ 0.152088500000048, 42.48542799900008 ], [ 0.151764775000061, 42.479082360000064 ], [ 0.141257667000048, 42.463154 ], [ 0.140775500000075, 42.454582499000026 ], [ 0.118917659000033, 42.477122572000042 ], [ 0.106794155000046, 42.484184220000031 ], [ 0.097465, 42.484027999000034 ] ] ] } },
{ "type": "Feature", "properties": { "code": "22190", "name": "Pueyo de Araguás, El" }, "geometry": { "type": "MultiPolygon", "coordinates": [ [ [ [ 0.228009320000069, 42.472903654000049 ], [ 0.242614, 42.470290999000042 ], [ 0.234334500000045, 42.459506999000041 ], [ 0.231581, 42.452102499000034 ], [ 0.227347500000064, 42.445892499000081 ], [ 0.224032500000021, 42.432712499000047 ], [ 0.203266027000041, 42.421789118000049 ], [ 0.196835535000048, 42.423716229000036 ], [ 0.191056839000055, 42.430493565000063 ], [ 0.183525849000034, 42.42713744200006 ], [ 0.157864035000046, 42.424980661000063 ], [ 0.147537937000038, 42.418231996000031 ], [ 0.144274350000046, 42.427187647000039 ], [ 0.138485077000041, 42.430357919000073 ], [ 0.138776500000063, 42.433803499000078 ], [ 0.141791706000049, 42.438346190000061 ], [ 0.139525599000024, 42.443635980000067 ], [ 0.141257667000048, 42.463154 ], [ 0.151764775000061, 42.479082360000064 ], [ 0.152088500000048, 42.48542799900008 ], [ 0.163109097000074, 42.486511660000076 ], [ 0.171896956000069, 42.483531224000046 ], [ 0.173446984000066, 42.491550743000062 ], [ 0.176311006000049, 42.493500345000029 ], [ 0.196436776000041, 42.491281049000065 ], [ 0.228009320000069, 42.472903654000049 ] ] ], [ [ [ 0.242614, 42.470290999000042 ], [ 0.243196, 42.490939999000034 ], [ 0.259889500000043, 42.516025499000079 ], [ 0.294828, 42.50726699900008 ], [ 0.274910160000047, 42.473879810000028 ], [ 0.242614, 42.470290999000042 ] ] ] ] } },
{ "type": "Feature", "properties": { "code": "22193", "name": "Pueyo de Santa Cruz" }, "geometry": { "type": "Polygon", "coordinates": [ [ [ 0.166477500000042, 41.834125499000038 ], [ 0.161127258000022, 41.84210562100003 ], [ 0.149232278000056, 41.843071513000041 ], [ 0.147458176000043, 41.84677896200003 ], [ 0.138619500000061, 41.848796999000058 ], [ 0.139891500000033, 41.868644499000027 ], [ 0.168229163000035, 41.865893053000036 ], [ 0.177303155000061, 41.859442681000075 ], [ 0.176841069000034, 41.848996607000061 ], [ 0.186013, 41.839069499000061 ], [ 0.166477500000042, 41.834125499000038 ] ] ] } },
{ "type": "Feature", "properties": { "code": "22195", "name": "Quicena" }, "geometry": { "type": "Polygon", "coordinates": [ [ [ -0.349284499999953, 42.169929499000034 ], [ -0.33855415499994, 42.163843542000052 ], [ -0.333303138999952, 42.155601973000046 ], [ -0.337870437999925, 42.148193904000038 ], [ -0.354519499999924, 42.140197999000065 ], [ -0.36457764499994, 42.138498905000063 ], [ -0.369705499999952, 42.134074999000063 ], [ -0.37195681999998, 42.137944892000064 ], [ -0.380704822999974, 42.140079123000078 ], [ -0.380645028999936, 42.14861962100008 ], [ -0.36628709699994, 42.16440175300005 ], [ -0.349284499999953, 42.169929499000034 ] ] ] } },
{ "type": "Feature", "properties": { "code": "22197", "name": "Robres" }, "geometry": { "type": "Polygon", "coordinates": [ [ [ -0.515844499999957, 41.828552499000068 ], [ -0.517094746999931, 41.836596043000043 ], [ -0.527577790999942, 41.851436144000047 ], [ -0.545760499999972, 41.862117499000078 ], [ -0.54251, 41.866462499000079 ], [ -0.542702499999962, 41.870239499000036 ], [ -0.541659, 41.872321999000064 ], [ -0.543327, 41.875636999000051 ], [ -0.537654, 41.87840649900005 ], [ -0.537784, 41.883487499000069 ], [ -0.52239861399994, 41.882761625000057 ], [ -0.482608004999975, 41.893321147000051 ], [ -0.473644499999978, 41.898441499000057 ], [ -0.461395623999977, 41.898987845000079 ], [ -0.450264949999962, 41.903739207000058 ], [ -0.44020065199993, 41.897165062000056 ], [ -0.417524499999956, 41.902152999000066 ], [ -0.40837881799996, 41.887391642000068 ], [ -0.408042240999976, 41.881070324000063 ], [ -0.415611110999976, 41.861076212000057 ], [ -0.427994, 41.850688999000056 ], [ -0.482608004999975, 41.82620427300003 ], [ -0.505106864999959, 41.824020701000052 ], [ -0.515844499999957, 41.828552499000068 ] ] ] } },
{ "type": "Feature", "properties": { "code": "22199", "name": "Sabiñánigo" }, "geometry": { "type": "Polygon", "coordinates": [ [ [ -0.16124149999996, 42.294006499000034 ], [ -0.166555176999964, 42.294341657000075 ], [ -0.168964725999956, 42.298210923000056 ], [ -0.191079917999957, 42.299387739000053 ], [ -0.194683199999929, 42.30428362400005 ], [ -0.22094081399996, 42.305515879000041 ], [ -0.222065424999926, 42.312813705000053 ], [ -0.233547253999973, 42.321854771000062 ], [ -0.230170287999954, 42.331782406000059 ], [ -0.236492698999939, 42.337868729000036 ], [ -0.268314167999961, 42.341475321000075 ], [ -0.273503527999935, 42.335734646000049 ], [ -0.27291516799994, 42.327268765000042 ], [ -0.278438480999966, 42.323553699000058 ], [ -0.285058828999979, 42.327717647000043 ], [ -0.293365716999972, 42.324778181000056 ], [ -0.301314561999959, 42.327215312000078 ], [ -0.303277324999954, 42.330177689000038 ], [ -0.301607077999961, 42.33754306700007 ], [ -0.307421567999938, 42.343520216000059 ], [ -0.322111251999956, 42.344532045000051 ], [ -0.335919145999981, 42.34962766700005 ], [ -0.363573, 42.34723199900003 ], [ -0.369450753999956, 42.348556268000038 ], [ -0.37696615699997, 42.35795517300005 ], [ -0.379995989999941, 42.375448600000027 ], [ -0.416775663999942, 42.383879795000041 ], [ -0.443956206999928, 42.395822492000036 ], [ -0.446362398999952, 42.406367676000059 ], [ -0.451819086999933, 42.413302764000036 ], [ -0.457523901999934, 42.414833957000042 ], [ -0.458300788999964, 42.419562208000059 ], [ -0.474568764999958, 42.430262132000053 ], [ -0.482608004999975, 42.431855892000044 ], [ -0.503174342999955, 42.439779341000076 ], [ -0.505893546999971, 42.445629887000052 ], [ -0.504152739999938, 42.448872232000042 ], [ -0.482608004999975, 42.455740184000035 ], [ -0.453294743999948, 42.453054161000068 ], [ -0.427983325999946, 42.457726309000066 ], [ -0.44343923699995, 42.474748228000067 ], [ -0.453188671999953, 42.471674920000055 ], [ -0.461809, 42.473522499000069 ], [ -0.446478108999941, 42.494346 ], [ -0.426421241999947, 42.487424569000041 ], [ -0.415152072999945, 42.489092955000046 ], [ -0.399976596999977, 42.508346133000032 ], [ -0.423487565999949, 42.515837644000044 ], [ -0.413427337999963, 42.531142830000078 ], [ -0.421519947999968, 42.552993052000033 ], [ -0.419652381999924, 42.56166858000006 ], [ -0.423602431999939, 42.567436728000075 ], [ -0.41785701699996, 42.581199480000066 ], [ -0.422065265999947, 42.588392205000048 ], [ -0.442878219999955, 42.597555746000069 ], [ -0.448435736999954, 42.603407380000078 ], [ -0.44280387799995, 42.612805764000029 ], [ -0.434206179999933, 42.617365388000053 ], [ -0.43173748199996, 42.62253905700004 ], [ -0.436793835999936, 42.630835162000039 ], [ -0.438789647999954, 42.645831021000049 ], [ -0.465499499999964, 42.678779499000029 ], [ -0.443459132999976, 42.698356993000061 ], [ -0.448628, 42.707526999000038 ], [ -0.440462080999964, 42.715089814000066 ], [ -0.44248018299993, 42.727761137000073 ], [ -0.439265499999976, 42.732349499000065 ], [ -0.436895149999941, 42.723609469000053 ], [ -0.428864, 42.720699499000034 ], [ -0.429450947999953, 42.713979419000054 ], [ -0.414255877999949, 42.699542588000043 ], [ -0.386918055999956, 42.691280891000076 ], [ -0.397564863999946, 42.651552744000071 ], [ -0.387021639999944, 42.635032415000069 ], [ -0.371609982999928, 42.621927311000036 ], [ -0.370202240999959, 42.616485307000062 ], [ -0.372654696999973, 42.610131873000057 ], [ -0.384189269999979, 42.603619809000065 ], [ -0.390437535999979, 42.588786885000047 ], [ -0.368405448999965, 42.587508850000063 ], [ -0.35083839899994, 42.578975008000043 ], [ -0.337502271999938, 42.588904783000032 ], [ -0.324312921999933, 42.589580550000051 ], [ -0.321079186999953, 42.564938212000072 ], [ -0.30351787799998, 42.557367598000042 ], [ -0.330761646999974, 42.541793616000064 ], [ -0.331825810999931, 42.536484297000072 ], [ -0.325616975999935, 42.532718334000037 ], [ -0.274833499999943, 42.529414999000039 ], [ -0.271822412999938, 42.52605092500005 ], [ -0.277898520999941, 42.516466048000041 ], [ -0.277340211999956, 42.506478211000058 ], [ -0.29090389299995, 42.497343560000047 ], [ -0.298448974999928, 42.495917681000037 ], [ -0.301033907999965, 42.487674643000048 ], [ -0.299258234999968, 42.48190250600004 ], [ -0.312052166999933, 42.464193155000032 ], [ -0.305744319999974, 42.454507970000066 ], [ -0.305018014999973, 42.438606936000042 ], [ -0.301588592999963, 42.438430249000078 ], [ -0.294890652999925, 42.456845152000028 ], [ -0.231903571999965, 42.445639527000026 ], [ -0.196099536999952, 42.444889210000042 ], [ -0.186038953999969, 42.463576864000061 ], [ -0.17343214999994, 42.472008638000034 ], [ -0.16269988099998, 42.468054560000041 ], [ -0.152296777999936, 42.470991685000058 ], [ -0.135083817999941, 42.464976843000045 ], [ -0.132134939999958, 42.461908531000063 ], [ -0.128167598999937, 42.442723576000049 ], [ -0.123562208999942, 42.43755750400004 ], [ -0.073770545999935, 42.42735803000005 ], [ -0.065832499999942, 42.422000999000034 ], [ -0.078728444999967, 42.407093488000044 ], [ -0.102555318999975, 42.39826172000005 ], [ -0.104563650999978, 42.393238466000071 ], [ -0.101573706999943, 42.385367832000043 ], [ -0.121900975999949, 42.372575286000028 ], [ -0.116550058999962, 42.36708851700007 ], [ -0.123507643999972, 42.359141123000029 ], [ -0.121301052999968, 42.35450628500007 ], [ -0.099210771999935, 42.342697293000072 ], [ -0.079121499999928, 42.339668499000027 ], [ -0.085513831999947, 42.332451606000063 ], [ -0.093772169999966, 42.334856572000035 ], [ -0.099742732999971, 42.332737523000048 ], [ -0.16124149999996, 42.294006499000034 ] ], [ [ -0.176831917999948, 42.330855648000068 ], [ -0.163793755999961, 42.313256841000054 ], [ -0.150307409999925, 42.333218392000049 ], [ -0.149473886999942, 42.344760182000073 ], [ -0.153479286999925, 42.344903880000061 ], [ -0.176831917999948, 42.330855648000068 ] ] ] } },
{ "type": "Feature", "properties": { "code": "22200", "name": "Sahún" }, "geometry": { "type": "Polygon", "coordinates": [ [ [ 0.433593500000029, 42.653808999000034 ], [ 0.451799363000021, 42.662055638000027 ], [ 0.473372310000059, 42.661466167000071 ], [ 0.478613898000049, 42.653525521000063 ], [ 0.475905103000059, 42.645616509000035 ], [ 0.476935261000051, 42.634458306000056 ], [ 0.498887913000033, 42.630954218000056 ], [ 0.499702927000044, 42.62247605400006 ], [ 0.491156671000056, 42.607007147000047 ], [ 0.490510049000022, 42.59870264500006 ], [ 0.501073070000075, 42.591202172000067 ], [ 0.50933324600004, 42.576554035000072 ], [ 0.530085500000041, 42.559945499000037 ], [ 0.515123218000042, 42.56534733400008 ], [ 0.510337437000032, 42.558663240000044 ], [ 0.495415275000028, 42.560704986000076 ], [ 0.495248538000055, 42.553372806000027 ], [ 0.488397, 42.54269799900004 ], [ 0.47946416800005, 42.548676844000056 ], [ 0.476138596000055, 42.558654688000047 ], [ 0.484393925000063, 42.573477357000058 ], [ 0.477683844000069, 42.57458170600006 ], [ 0.470023527000023, 42.565925462000052 ], [ 0.462739, 42.564231999000071 ], [ 0.458533500000044, 42.560443999000029 ], [ 0.449142, 42.562625999000034 ], [ 0.444605, 42.567626999000026 ], [ 0.437399, 42.569518999000024 ], [ 0.43452, 42.568557999000063 ], [ 0.43025, 42.568679499000041 ], [ 0.425038, 42.57092349900006 ], [ 0.416694500000062, 42.567401999000026 ], [ 0.402716326000075, 42.57327375400007 ], [ 0.405292718000055, 42.582168128000035 ], [ 0.403464757000052, 42.600908376000064 ], [ 0.409649035000029, 42.62453432600006 ], [ 0.418473426000048, 42.631225244000063 ], [ 0.42660746200005, 42.633288586000049 ], [ 0.425113792000047, 42.647701306000044 ], [ 0.433593500000029, 42.653808999000034 ] ] ] } },
{ "type": "Feature", "properties": { "code": "22201", "name": "Salas Altas" }, "geometry": { "type": "Polygon", "coordinates": [ [ [ 0.10764, 42.115363999000067 ], [ 0.085070622000046, 42.110104525000054 ], [ 0.059280685000033, 42.098853605000045 ], [ 0.058046793000074, 42.091026615000033 ], [ 0.067355, 42.082130499000073 ], [ 0.053381, 42.081126999000048 ], [ 0.047603, 42.094257499000037 ], [ 0.04132850000002, 42.097068999000044 ], [ 0.036068500000056, 42.104675499000052 ], [ 0.041608, 42.110759499000039 ], [ 0.042399, 42.113132499000073 ], [ 0.047699, 42.114444999000057 ], [ 0.054852, 42.118785999000067 ], [ 0.055902500000059, 42.120776999000043 ], [ 0.052469500000029, 42.127349999000046 ], [ 0.054188500000066, 42.131412499000078 ], [ 0.056218, 42.133861499000034 ], [ 0.06192, 42.136970499000029 ], [ 0.066188500000067, 42.138179999000045 ], [ 0.082709500000021, 42.147750999000039 ], [ 0.091971500000056, 42.150085499000056 ], [ 0.097706500000072, 42.150523999000029 ], [ 0.104852579000067, 42.133534090000069 ], [ 0.101383617000067, 42.120558905000053 ], [ 0.10764, 42.115363999000067 ] ] ] } },
{ "type": "Feature", "properties": { "code": "22202", "name": "Salas Bajas" }, "geometry": { "type": "Polygon", "coordinates": [ [ [ 0.067355, 42.082130499000073 ], [ 0.058046793000074, 42.091026615000033 ], [ 0.059280685000033, 42.098853605000045 ], [ 0.085070622000046, 42.110104525000054 ], [ 0.10764, 42.115363999000067 ], [ 0.112915638000061, 42.10550038100007 ], [ 0.111927500000036, 42.096217999000032 ], [ 0.09851001800007, 42.079382913000074 ], [ 0.074816500000054, 42.077418999000031 ], [ 0.067355, 42.082130499000073 ] ] ] } },
{ "type": "Feature", "properties": { "code": "22203", "name": "Salillas" }, "geometry": { "type": "Polygon", "coordinates": [ [ [ -0.121260499999948, 41.977435999000079 ], [ -0.118936214999962, 41.96985606100003 ], [ -0.129471963999947, 41.959518131000038 ], [ -0.127917499999967, 41.952575499000034 ], [ -0.161334101999955, 41.968493683000077 ], [ -0.180297718999952, 41.969577077000054 ], [ -0.192598486999941, 41.96087570800006 ], [ -0.228879499999948, 41.973884499000064 ], [ -0.225243875999979, 41.986597003000043 ], [ -0.22830959199996, 41.99636746300007 ], [ -0.219844231999957, 42.010235412000043 ], [ -0.205935499999953, 42.016353499000047 ], [ -0.204084, 42.014526499000056 ], [ -0.202863, 42.010425499000064 ], [ -0.196123499999942, 42.00112849900006 ], [ -0.19003749999996, 41.997035999000047 ], [ -0.188991499999929, 41.992534499000044 ], [ -0.186538499999926, 41.98985299900005 ], [ -0.180902, 41.988212499000042 ], [ -0.175824499999976, 41.985656499000072 ], [ -0.170498499999951, 41.984912999000073 ], [ -0.168609499999945, 41.981513999000072 ], [ -0.160613499999954, 41.984351999000069 ], [ -0.142968, 41.988075499000047 ], [ -0.121277499999962, 41.987521499000025 ], [ -0.120928499999934, 41.985065499000029 ], [ -0.123177, 41.983913499000039 ], [ -0.121260499999948, 41.977435999000079 ] ] ] } },
{ "type": "Feature", "properties": { "code": "22204", "name": "Sallent de Gállego" }, "geometry": { "type": "Polygon", "coordinates": [ [ [ -0.439265499999976, 42.732349499000065 ], [ -0.427579360999971, 42.738632940000059 ], [ -0.421901730999934, 42.749780429000054 ], [ -0.422135283999978, 42.761167862000036 ], [ -0.426407891999929, 42.764612627000076 ], [ -0.451929971999959, 42.76907269600008 ], [ -0.45983875099995, 42.775761084000067 ], [ -0.454880531999947, 42.781463602000031 ], [ -0.439847799999939, 42.784728207000057 ], [ -0.439607, 42.79705799900006 ], [ -0.410967957999958, 42.807183247000069 ], [ -0.394087946999946, 42.799578555000039 ], [ -0.385104550999927, 42.800951249000036 ], [ -0.380532931999937, 42.808707349000031 ], [ -0.366163656999959, 42.81531728300007 ], [ -0.34844297099994, 42.836330174000068 ], [ -0.33616769799994, 42.837529282000048 ], [ -0.32470307799997, 42.835036061000039 ], [ -0.313342, 42.849364999000045 ], [ -0.304937009999946, 42.841233398000043 ], [ -0.278788992999978, 42.836065001000065 ], [ -0.274092434999943, 42.828354277000074 ], [ -0.256200834999959, 42.820068298000081 ], [ -0.247528703999933, 42.820409373000075 ], [ -0.243693499999949, 42.82348999900006 ], [ -0.238826499999959, 42.817809999000076 ], [ -0.237376, 42.807677999000077 ], [ -0.263444268999933, 42.790369154000075 ], [ -0.263436561999924, 42.783480289000067 ], [ -0.257070039999974, 42.779698248000045 ], [ -0.257236408999972, 42.776364152000042 ], [ -0.274721749999969, 42.765445549000049 ], [ -0.27343897999998, 42.754926326000032 ], [ -0.283534568999926, 42.751779343000067 ], [ -0.290231095999957, 42.738933770000074 ], [ -0.302363367999931, 42.735814412000025 ], [ -0.308084106999956, 42.739548767000031 ], [ -0.313038447999929, 42.739254745000039 ], [ -0.307607951999955, 42.72521039600008 ], [ -0.30700560799994, 42.705979926000055 ], [ -0.312055499999929, 42.700492999000062 ], [ -0.324138737999931, 42.706653610000046 ], [ -0.331478021999942, 42.703632820000053 ], [ -0.373512624999933, 42.71420832900003 ], [ -0.38165705199998, 42.721284939000043 ], [ -0.396779842999933, 42.72086577400006 ], [ -0.402385699999968, 42.726332397000078 ], [ -0.428864, 42.720699499000034 ], [ -0.436895149999941, 42.723609469000053 ], [ -0.439265499999976, 42.732349499000065 ] ] ] } },
{ "type": "Feature", "properties": { "code": "22205", "name": "San Esteban de Litera" }, "geometry": { "type": "MultiPolygon", "coordinates": [ [ [ [ 0.381795, 41.924110499000051 ], [ 0.391680604000044, 41.930385542000067 ], [ 0.396584, 41.929229999000029 ], [ 0.392066973000055, 41.922784749000073 ], [ 0.394881162000047, 41.912628368000071 ], [ 0.401670956000032, 41.908040158000063 ], [ 0.402838048000035, 41.902388755000061 ], [ 0.408177301000023, 41.900526567000043 ], [ 0.408891, 41.897056353000039 ], [ 0.406081718000053, 41.891378703000044 ], [ 0.395122393000065, 41.890138309000065 ], [ 0.391895500000032, 41.883754999000075 ], [ 0.378116, 41.885692499000072 ], [ 0.380868838000026, 41.911544524000078 ], [ 0.383566315000053, 41.915032463000045 ], [ 0.381795, 41.924110499000051 ] ] ], [ [ [ 0.363818, 41.92575449900005 ], [ 0.35844, 41.921417499000029 ], [ 0.363401500000066, 41.914142999000035 ], [ 0.362950500000068, 41.906020999000077 ], [ 0.360697500000072, 41.900298999000029 ], [ 0.357513500000039, 41.894981499000039 ], [ 0.357893500000046, 41.892303499000036 ], [ 0.349729756000045, 41.866690547000076 ], [ 0.36448071500007, 41.860799751000059 ], [ 0.358143299000062, 41.848847657000078 ], [ 0.339797500000032, 41.833522499000026 ], [ 0.329087132000041, 41.83355518500008 ], [ 0.322765455000024, 41.837502010000037 ], [ 0.313411539000072, 41.854425315000071 ], [ 0.313794030000054, 41.867960305000054 ], [ 0.311681913000029, 41.870640709000043 ], [ 0.304289114000028, 41.873821110000051 ], [ 0.295776660000058, 41.869671907000054 ], [ 0.28816450000005, 41.870189499000048 ], [ 0.283953500000052, 41.875583499000072 ], [ 0.281105, 41.877982999000039 ], [ 0.28464, 41.883006999000031 ], [ 0.285949500000072, 41.887157499000068 ], [ 0.280279, 41.891261999000051 ], [ 0.274434, 41.896930499000064 ], [ 0.274953, 41.901633999000069 ], [ 0.276921, 41.904300499000044 ], [ 0.278709500000048, 41.910049499000024 ], [ 0.273731, 41.912170499000069 ], [ 0.274360915000045, 41.91723134700004 ], [ 0.28697726300004, 41.93319486300004 ], [ 0.288474, 41.940971499000057 ], [ 0.293054500000039, 41.937892999000042 ], [ 0.306241500000056, 41.937972999000067 ], [ 0.313955, 41.942100499000048 ], [ 0.325642, 41.94320299900005 ], [ 0.328369, 41.944366499000068 ], [ 0.333625500000039, 41.94316849900008 ], [ 0.335695500000043, 41.943774999000027 ], [ 0.333182500000021, 41.948558999000056 ], [ 0.353592977000062, 41.944492853000042 ], [ 0.359852843000056, 41.938268845000039 ], [ 0.35895464500004, 41.934855947000074 ], [ 0.364417562000028, 41.929405747000033 ], [ 0.363818, 41.92575449900005 ] ] ] ] } },
{ "type": "Feature", "properties": { "code": "22206", "name": "Sangarrén" }, "geometry": { "type": "Polygon", "coordinates": [ [ [ -0.410601499999927, 41.997897999000031 ], [ -0.42892532999997, 41.993974598000079 ], [ -0.44186396799995, 41.998531320000041 ], [ -0.483837, 41.983237999000039 ], [ -0.495023, 41.988239499000031 ], [ -0.502143, 41.994147999000063 ], [ -0.506021499999974, 41.999023499000032 ], [ -0.506067, 42.004058999000051 ], [ -0.50419, 42.007285999000032 ], [ -0.495989499999951, 42.01009749900004 ], [ -0.490911499999925, 42.026481499000056 ], [ -0.469715745999963, 42.024935721000077 ], [ -0.45770822399993, 42.034524544000078 ], [ -0.45040060599996, 42.036831686000028 ], [ -0.415648828999963, 42.034769357000073 ], [ -0.407434499999965, 42.027999999000031 ], [ -0.406797, 42.017814499000053 ], [ -0.410755, 42.003924999000049 ], [ -0.410601499999927, 41.997897999000031 ] ] ] } },
{ "type": "Feature", "properties": { "code": "22207", "name": "San Juan de Plan" }, "geometry": { "type": "Polygon", "coordinates": [ [ [ 0.416694500000062, 42.567401999000026 ], [ 0.408475500000065, 42.561198999000055 ], [ 0.400498587000072, 42.566474653000057 ], [ 0.367634276000047, 42.574158320000038 ], [ 0.339251, 42.585380499000053 ], [ 0.343793895000033, 42.590283910000039 ], [ 0.345606300000043, 42.601650523000046 ], [ 0.352868199000056, 42.606226482000068 ], [ 0.350263231000042, 42.618864046000056 ], [ 0.353700057000026, 42.623070131000077 ], [ 0.35346486100002, 42.628800780000063 ], [ 0.351626382000063, 42.636059595000063 ], [ 0.345904536000035, 42.639365313000042 ], [ 0.348120378000033, 42.646798017000037 ], [ 0.369485387000054, 42.658277158000033 ], [ 0.386970799000039, 42.660136025000043 ], [ 0.404240499000025, 42.670604019000052 ], [ 0.410035629000049, 42.679301561000045 ], [ 0.42206427800005, 42.674982750000026 ], [ 0.435523500000045, 42.679321999000081 ], [ 0.432574877000036, 42.674124604000042 ], [ 0.435639128000048, 42.664646806000064 ], [ 0.433593500000029, 42.653808999000034 ], [ 0.425113792000047, 42.647701306000044 ], [ 0.42660746200005, 42.633288586000049 ], [ 0.418473426000048, 42.631225244000063 ], [ 0.409649035000029, 42.62453432600006 ], [ 0.403464757000052, 42.600908376000064 ], [ 0.405292718000055, 42.582168128000035 ], [ 0.402716326000075, 42.57327375400007 ], [ 0.416694500000062, 42.567401999000026 ] ] ] } },
{ "type": "Feature", "properties": { "code": "22208", "name": "Santa Cilia" }, "geometry": { "type": "Polygon", "coordinates": [ [ [ -0.76287149999996, 42.555759499000033 ], [ -0.74115154499998, 42.562753830000077 ], [ -0.718883338999944, 42.582440182000028 ], [ -0.710470638999936, 42.597200921000081 ], [ -0.694984, 42.606441499000027 ], [ -0.692118499999935, 42.607772999000076 ], [ -0.683228892999978, 42.601418787000057 ], [ -0.685016022999946, 42.590303394000046 ], [ -0.69288705699995, 42.576939026000048 ], [ -0.682331463999958, 42.575708116000044 ], [ -0.683114711999963, 42.571854052000049 ], [ -0.672606904999952, 42.566013808000037 ], [ -0.672116, 42.556983999000067 ], [ -0.705985820999956, 42.56254150500007 ], [ -0.710777900999972, 42.545044694000069 ], [ -0.711605, 42.524642999000037 ], [ -0.722958009999957, 42.522304272000042 ], [ -0.730051386999946, 42.52688859400007 ], [ -0.734804611999948, 42.534947632000069 ], [ -0.764903171999947, 42.545715194000024 ], [ -0.759288971999979, 42.552115495000066 ], [ -0.759521489999941, 42.555536638000035 ], [ -0.76287149999996, 42.555759499000033 ] ] ] } },
{ "type": "Feature", "properties": { "code": "22209", "name": "Santa Cruz de la Serós" }, "geometry": { "type": "Polygon", "coordinates": [ [ [ -0.702317499999936, 42.506671999000048 ], [ -0.718193394999957, 42.511395365000055 ], [ -0.717069193999976, 42.518456977000028 ], [ -0.711605, 42.524642999000037 ], [ -0.710777900999972, 42.545044694000069 ], [ -0.705985820999956, 42.56254150500007 ], [ -0.672116, 42.556983999000067 ], [ -0.647472969999967, 42.544515227000034 ], [ -0.651191198999925, 42.53299065200008 ], [ -0.644709595999927, 42.526814010000066 ], [ -0.647308141999929, 42.509846787000072 ], [ -0.653438779999931, 42.509087242000078 ], [ -0.661344098999962, 42.513594729000033 ], [ -0.674194872999976, 42.515593538000076 ], [ -0.682934073999945, 42.514562263000073 ], [ -0.691938, 42.506957999000065 ], [ -0.702317499999936, 42.506671999000048 ] ] ] } },
{ "type": "Feature", "properties": { "code": "22212", "name": "Santaliestra y San Quílez" }, "geometry": { "type": "Polygon", "coordinates": [ [ [ 0.384276500000055, 42.292903999000032 ], [ 0.36673164900003, 42.28628948100004 ], [ 0.361178301000052, 42.28963516500005 ], [ 0.360560487000043, 42.304170386000067 ], [ 0.353836153000032, 42.303435997000065 ], [ 0.34998622300003, 42.295118449000029 ], [ 0.331992528000058, 42.304382959000066 ], [ 0.32515, 42.304443499000058 ], [ 0.321023, 42.313388499000041 ], [ 0.324625, 42.314506499000061 ], [ 0.326425, 42.321494999000038 ], [ 0.335771500000021, 42.335105999000064 ], [ 0.348334500000021, 42.338996999000074 ], [ 0.357174500000042, 42.340198499000053 ], [ 0.368478, 42.348033999000052 ], [ 0.374295, 42.349852999000063 ], [ 0.386968500000023, 42.347381499000051 ], [ 0.381093904000068, 42.33872483600004 ], [ 0.379668345000027, 42.325426273000062 ], [ 0.37229435100005, 42.318688740000027 ], [ 0.375351434000038, 42.310549820000062 ], [ 0.390049565000027, 42.308946534000029 ], [ 0.394908757000053, 42.295662060000041 ], [ 0.384276500000055, 42.292903999000032 ] ] ] } },
{ "type": "Feature", "properties": { "code": "22213", "name": "Sariñena" }, "geometry": { "type": "Polygon", "coordinates": [ [ [ -0.212433, 41.832576999000025 ], [ -0.188194833999944, 41.821680762000028 ], [ -0.174521117999973, 41.821944280000025 ], [ -0.167542055999945, 41.82495412600008 ], [ -0.161392325999941, 41.832821494000029 ], [ -0.160091200999943, 41.840298998000037 ], [ -0.164512313999978, 41.850775141000042 ], [ -0.161235506999958, 41.854870338000069 ], [ -0.169954, 41.866298499000038 ], [ -0.164668499999948, 41.873851999000067 ], [ -0.162328499999944, 41.87582799900008 ], [ -0.15819106899994, 41.87028587900005 ], [ -0.149526908999974, 41.867277632000025 ], [ -0.127855995999937, 41.882846399000073 ], [ -0.120156383999927, 41.883047918000045 ], [ -0.115475499999945, 41.886321999000074 ], [ -0.095279970999968, 41.877975046000074 ], [ -0.072787838999943, 41.873119753000026 ], [ -0.062155023999935, 41.865670254000065 ], [ -0.061598962999938, 41.858130569000025 ], [ -0.052692944999933, 41.860359022000068 ], [ -0.05192319899993, 41.84642057700006 ], [ -0.031325181999932, 41.833249771000055 ], [ -0.037086177999925, 41.825664612000025 ], [ -0.036725, 41.816222999000047 ], [ -0.056070355999964, 41.809394921000035 ], [ -0.060637499999928, 41.802238499000055 ], [ -0.089163423999935, 41.78285977400003 ], [ -0.091828287999931, 41.771863404000044 ], [ -0.08881, 41.761901499000032 ], [ -0.100007982999955, 41.758570231000078 ], [ -0.10760081899997, 41.753411474000075 ], [ -0.125652469999977, 41.745735743000068 ], [ -0.140832499999931, 41.748348499000031 ], [ -0.139620846999946, 41.753411474000075 ], [ -0.141745344999947, 41.757927522000045 ], [ -0.15110797799997, 41.758969170000057 ], [ -0.154142189999959, 41.753411474000075 ], [ -0.156709159999934, 41.745499806000055 ], [ -0.173331741999959, 41.735946413000079 ], [ -0.174932787999978, 41.72514312800007 ], [ -0.169639912999969, 41.719735410000055 ], [ -0.153838969999924, 41.72030978500004 ], [ -0.149242, 41.716239999000038 ], [ -0.152719, 41.713176499000042 ], [ -0.170765954999979, 41.707809335000036 ], [ -0.17969937099997, 41.696094025000036 ], [ -0.182525425999927, 41.678197061000049 ], [ -0.17947970299997, 41.671848276000048 ], [ -0.178977496999948, 41.659250118000045 ], [ -0.183750040999939, 41.652737125000044 ], [ -0.198091216999956, 41.655898875000048 ], [ -0.226901658999964, 41.650857923000046 ], [ -0.245458246999931, 41.660094249000053 ], [ -0.254014937999955, 41.66129416800004 ], [ -0.289646996999977, 41.686059043000057 ], [ -0.308071499999926, 41.689597999000057 ], [ -0.302772510999944, 41.697877659000028 ], [ -0.300443758999961, 41.717652528000031 ], [ -0.303586358999951, 41.726127121000047 ], [ -0.30293117399998, 41.742085522000025 ], [ -0.293615554999974, 41.753411474000075 ], [ -0.291467162999936, 41.757888951000041 ], [ -0.281596613999966, 41.763119034000056 ], [ -0.261326224999948, 41.768228111000042 ], [ -0.258065762999934, 41.777817256000048 ], [ -0.247116474999928, 41.787108336000074 ], [ -0.2508, 41.797931499000072 ], [ -0.226887499999975, 41.800388499000064 ], [ -0.220468, 41.802440499000056 ], [ -0.214193, 41.805591999000058 ], [ -0.21048049999996, 41.810508499000036 ], [ -0.212433, 41.832576999000025 ] ] ] } },
{ "type": "Feature", "properties": { "code": "22214", "name": "Secastilla" }, "geometry": { "type": "Polygon", "coordinates": [ [ [ 0.228052500000047, 42.222324499000081 ], [ 0.230070500000068, 42.225067499000033 ], [ 0.230448, 42.22792799900003 ], [ 0.226807, 42.237575499000059 ], [ 0.224179, 42.241874499000062 ], [ 0.223910500000045, 42.244952999000077 ], [ 0.224713, 42.246883499000035 ], [ 0.248159372000032, 42.238916071000062 ], [ 0.259963, 42.239680999000029 ], [ 0.284225527000046, 42.224661443000059 ], [ 0.294818753000072, 42.206018758000027 ], [ 0.294954573000041, 42.18804278600004 ], [ 0.287214, 42.18242249900004 ], [ 0.282979581000063, 42.177143416000035 ], [ 0.280433129000073, 42.156143584000063 ], [ 0.26604, 42.142978499000037 ], [ 0.245778804000054, 42.154301825000061 ], [ 0.236587035000071, 42.15387105700006 ], [ 0.225503, 42.186004499000035 ], [ 0.224515671000063, 42.197086358000035 ], [ 0.22696220000006, 42.204596546000062 ], [ 0.22412261900007, 42.215282190000039 ], [ 0.228052500000047, 42.222324499000081 ] ] ] } },
{ "type": "Feature", "properties": { "code": "22215", "name": "Seira" }, "geometry": { "type": "Polygon", "coordinates": [ [ [ 0.443619500000068, 42.483108499000025 ], [ 0.454028, 42.479461499000081 ], [ 0.457072500000038, 42.477741499000047 ], [ 0.461865, 42.471110999000075 ], [ 0.466033500000037, 42.470634499000028 ], [ 0.466182500000059, 42.46847899900007 ], [ 0.4704, 42.460506499000076 ], [ 0.434823932000029, 42.452803176000032 ], [ 0.426153, 42.44482399900005 ], [ 0.373564500000043, 42.465789999000037 ], [ 0.370291150000071, 42.487254180000036 ], [ 0.352391106000027, 42.503155219000064 ], [ 0.32940138400005, 42.503803040000037 ], [ 0.319817500000056, 42.51194749900003 ], [ 0.32055648000005, 42.52026556900006 ], [ 0.333157840000069, 42.528986840000073 ], [ 0.337239899000053, 42.536022485000046 ], [ 0.348591992000024, 42.539436761000047 ], [ 0.36736611200007, 42.529637236000042 ], [ 0.397387055000024, 42.521677993000026 ], [ 0.396918497000058, 42.538950015000069 ], [ 0.392061604000048, 42.555822547000048 ], [ 0.408475500000065, 42.561198999000055 ], [ 0.417546322000021, 42.555646361000072 ], [ 0.425212075000047, 42.544011436000062 ], [ 0.422114427000054, 42.538974537000058 ], [ 0.422016049000035, 42.530137588000059 ], [ 0.426745579000055, 42.516166916000032 ], [ 0.419182196000065, 42.509042779000026 ], [ 0.428850458000056, 42.506263237000041 ], [ 0.436222377000036, 42.499981652000031 ], [ 0.443619500000068, 42.483108499000025 ] ] ] } },
{ "type": "Feature", "properties": { "code": "22217", "name": "Sena" }, "geometry": { "type": "Polygon", "coordinates": [ [ [ -0.140832499999931, 41.748348499000031 ], [ -0.125652469999977, 41.745735743000068 ], [ -0.10760081899997, 41.753411474000075 ], [ -0.100007982999955, 41.758570231000078 ], [ -0.08881, 41.761901499000032 ], [ -0.053719189999924, 41.744838308000055 ], [ -0.027295850999963, 41.754492169000059 ], [ -0.023980066999968, 41.753301069000031 ], [ -0.022857860999977, 41.749107096000046 ], [ -0.034643324999934, 41.713366819000044 ], [ -0.048492014999965, 41.687251518000039 ], [ -0.052690309999946, 41.665151518000073 ], [ -0.075921389999962, 41.652785638000069 ], [ -0.089292499999942, 41.623149349000073 ], [ -0.089091930999928, 41.59826965700006 ], [ -0.096738413999958, 41.580825668000045 ], [ -0.098869, 41.564239499000053 ], [ -0.109105, 41.564910999000062 ], [ -0.159414499999968, 41.585311999000055 ], [ -0.129042368999933, 41.634648845000072 ], [ -0.097856760999946, 41.666750619000027 ], [ -0.10724939499994, 41.710515710000038 ], [ -0.102801364999948, 41.73465180200003 ], [ -0.130501900999946, 41.720331140000042 ], [ -0.152719, 41.713176499000042 ], [ -0.141502806999938, 41.721887372000026 ], [ -0.143580788999941, 41.72711268300003 ], [ -0.139218161999963, 41.736608365000052 ], [ -0.140832499999931, 41.748348499000031 ] ] ] } },
{ "type": "Feature", "properties": { "code": "22218", "name": "Senés de Alcubierre" }, "geometry": { "type": "Polygon", "coordinates": [ [ [ -0.537784, 41.883487499000069 ], [ -0.540935373999957, 41.892137935000051 ], [ -0.551811376999979, 41.899427708000076 ], [ -0.548734961999969, 41.908550687000059 ], [ -0.531397224999978, 41.912016441000048 ], [ -0.514588318999927, 41.919663238000055 ], [ -0.481296, 41.923057499000038 ], [ -0.477715, 41.919955999000081 ], [ -0.475091499999962, 41.913692499000035 ], [ -0.476105, 41.905463999000062 ], [ -0.473644499999978, 41.898441499000057 ], [ -0.482608004999975, 41.893321147000051 ], [ -0.52239861399994, 41.882761625000057 ], [ -0.537784, 41.883487499000069 ] ] ] } },
{ "type": "Feature", "properties": { "code": "22220", "name": "Sesa" }, "geometry": { "type": "Polygon", "coordinates": [ [ [ -0.233548499999927, 42.039096999000037 ], [ -0.210463499999946, 42.02746249900008 ], [ -0.208694, 42.025382999000044 ], [ -0.207951499999979, 42.021075999000061 ], [ -0.205935499999953, 42.016353499000047 ], [ -0.219844231999957, 42.010235412000043 ], [ -0.22830959199996, 41.99636746300007 ], [ -0.225243875999979, 41.986597003000043 ], [ -0.231196, 41.966651999000078 ], [ -0.236917, 41.956027999000071 ], [ -0.247721499999955, 41.957542499000056 ], [ -0.262726, 41.965881499000034 ], [ -0.269614, 41.97100449900006 ], [ -0.272753, 41.968731499000057 ], [ -0.28789949999998, 41.991378999000062 ], [ -0.282711499999948, 41.992461999000056 ], [ -0.277177, 41.99513999900006 ], [ -0.274125499999968, 41.998191999000028 ], [ -0.272624499999949, 42.001102499000069 ], [ -0.272431, 42.00593199900004 ], [ -0.271452, 42.007899999000074 ], [ -0.257916, 42.019679999000061 ], [ -0.238917, 42.025878999000042 ], [ -0.236036499999955, 42.034366499000043 ], [ -0.233548499999927, 42.039096999000037 ] ] ] } },
{ "type": "Feature", "properties": { "code": "22221", "name": "Sesué" }, "geometry": { "type": "Polygon", "coordinates": [ [ [ 0.481007500000032, 42.53003699900006 ], [ 0.468008645000054, 42.545851334000076 ], [ 0.462739, 42.564231999000071 ], [ 0.470023527000023, 42.565925462000052 ], [ 0.477683844000069, 42.57458170600006 ], [ 0.484393925000063, 42.573477357000058 ], [ 0.476138596000055, 42.558654688000047 ], [ 0.47946416800005, 42.548676844000056 ], [ 0.488397, 42.54269799900004 ], [ 0.491750787000058, 42.536595709000039 ], [ 0.490608971000029, 42.529870774000074 ], [ 0.487160532000075, 42.527036623000072 ], [ 0.481007500000032, 42.53003699900006 ] ] ] } },
{ "type": "Feature", "properties": { "code": "22222", "name": "Siétamo" }, "geometry": { "type": "Polygon", "coordinates": [ [ [ -0.202999, 42.131675999000038 ], [ -0.206184828999938, 42.128083635000053 ], [ -0.222454156999959, 42.12518149400006 ], [ -0.229963131999966, 42.119442580000054 ], [ -0.239094658999932, 42.11858740200006 ], [ -0.244249, 42.110934999000051 ], [ -0.249706499999945, 42.107482999000069 ], [ -0.25935549999997, 42.108093499000063 ], [ -0.26342, 42.110320999000066 ], [ -0.27615, 42.11042799900008 ], [ -0.284462499999961, 42.108417499000041 ], [ -0.285974499999952, 42.110389499000064 ], [ -0.293213499999979, 42.111091499000054 ], [ -0.310900499999946, 42.11670699900003 ], [ -0.31647, 42.117133999000032 ], [ -0.320189499999969, 42.116428499000051 ], [ -0.330052506999948, 42.121393158000046 ], [ -0.31242238699997, 42.131514965000065 ], [ -0.308334747999936, 42.140280827000026 ], [ -0.28537665999994, 42.144576087000075 ], [ -0.278227268999956, 42.165207192000025 ], [ -0.263521753999953, 42.167202670000052 ], [ -0.258385309999937, 42.174678364000044 ], [ -0.250457503999939, 42.179761864000056 ], [ -0.235197220999964, 42.178956060000075 ], [ -0.219651, 42.183257999000034 ], [ -0.215350237999928, 42.151962279000031 ], [ -0.213247084999978, 42.148115988000029 ], [ -0.203353288999949, 42.14374295500005 ], [ -0.202999, 42.131675999000038 ] ] ] } },
{ "type": "Feature", "properties": { "code": "22223", "name": "Sopeira" }, "geometry": { "type": "Polygon", "coordinates": [ [ [ 0.735356500000023, 42.376136999000039 ], [ 0.73336325300005, 42.371761280000044 ], [ 0.724161816000048, 42.369066041000053 ], [ 0.724182809000069, 42.365658403000054 ], [ 0.746377764000044, 42.357046363000052 ], [ 0.760655, 42.35704049900005 ], [ 0.767905398000039, 42.35219724600006 ], [ 0.767070500000045, 42.348815999000067 ], [ 0.755939134000073, 42.346986535000042 ], [ 0.741252528000075, 42.336100611000063 ], [ 0.744247199000029, 42.32701331800007 ], [ 0.76347538400006, 42.322513881000077 ], [ 0.75612333600003, 42.313564122000059 ], [ 0.755437198000038, 42.308782438000037 ], [ 0.745396586000027, 42.30090541900006 ], [ 0.743284862000053, 42.286104736000027 ], [ 0.738663, 42.281448499000078 ], [ 0.724167648000048, 42.293578527000079 ], [ 0.701212406000025, 42.299303396000028 ], [ 0.703519356000072, 42.312639423000064 ], [ 0.690478726000038, 42.31646849100008 ], [ 0.687623248000023, 42.320645932000048 ], [ 0.689078915000039, 42.330461185000047 ], [ 0.696220299000061, 42.340301275000058 ], [ 0.709367174000022, 42.344838756000058 ], [ 0.707525840000073, 42.35121876900007 ], [ 0.696327095000072, 42.369322870000076 ], [ 0.669290500000045, 42.382175499000027 ], [ 0.668744, 42.385909999000035 ], [ 0.670168500000045, 42.387637999000049 ], [ 0.667210500000067, 42.390865499000029 ], [ 0.667575500000055, 42.393394499000067 ], [ 0.669071, 42.394866999000044 ], [ 0.68452108300005, 42.39262965100005 ], [ 0.735356500000023, 42.376136999000039 ] ] ] } },
{ "type": "Feature", "properties": { "code": "22225", "name": "Tamarite de Litera" }, "geometry": { "type": "Polygon", "coordinates": [ [ [ 0.391895500000032, 41.883754999000075 ], [ 0.403343092000057, 41.887030265000078 ], [ 0.424162943000056, 41.885146126000052 ], [ 0.446295448000058, 41.871687568000027 ], [ 0.440449565000051, 41.862235860000055 ], [ 0.439847492000069, 41.854754448000051 ], [ 0.453060246000064, 41.835705097000073 ], [ 0.454850360000023, 41.821727988000077 ], [ 0.460402114000033, 41.815302140000028 ], [ 0.453087690000075, 41.809309836000068 ], [ 0.452087500000061, 41.803169499000035 ], [ 0.430237190000071, 41.807905699000059 ], [ 0.414568564000035, 41.820037282000044 ], [ 0.405725475000054, 41.820981891000031 ], [ 0.392819271000064, 41.812611789000073 ], [ 0.388711974000046, 41.804847567000024 ], [ 0.396916697000051, 41.796162757000047 ], [ 0.387552190000065, 41.789539583000078 ], [ 0.381411050000054, 41.776318845000048 ], [ 0.364475975000062, 41.759593487000075 ], [ 0.374754676000066, 41.754497363000041 ], [ 0.385314659000073, 41.760398568000028 ], [ 0.398606500000028, 41.755138499000054 ], [ 0.395240500000057, 41.731820999000035 ], [ 0.388116, 41.736682999000038 ], [ 0.384796, 41.740298999000061 ], [ 0.372828500000026, 41.723895999000035 ], [ 0.36927350000002, 41.72465549900005 ], [ 0.368713500000069, 41.714179999000066 ], [ 0.360050500000057, 41.709140999000056 ], [ 0.351341, 41.702525999000045 ], [ 0.344591, 41.70906099900003 ], [ 0.330832, 41.726441499000032 ], [ 0.348013500000036, 41.728879499000072 ], [ 0.354897, 41.731103499000028 ], [ 0.358345, 41.733690499000033 ], [ 0.344458, 41.747145999000054 ], [ 0.343098812000051, 41.753411474000075 ], [ 0.340351178000049, 41.787582670000063 ], [ 0.336025549000055, 41.792105525000068 ], [ 0.32486007600005, 41.79508282200004 ], [ 0.318122051000046, 41.805875160000028 ], [ 0.318048843000042, 41.816286899000033 ], [ 0.32388450000002, 41.821586999000033 ], [ 0.335135868000066, 41.825864884000055 ], [ 0.339797500000032, 41.833522499000026 ], [ 0.358143299000062, 41.848847657000078 ], [ 0.36448071500007, 41.860799751000059 ], [ 0.349729756000045, 41.866690547000076 ], [ 0.357893500000046, 41.892303499000036 ], [ 0.378116, 41.885692499000072 ], [ 0.391895500000032, 41.883754999000075 ] ] ] } },
{ "type": "Feature", "properties": { "code": "22226", "name": "Tardienta" }, "geometry": { "type": "Polygon", "coordinates": [ [ [ -0.483837, 41.983237999000039 ], [ -0.484188874999973, 41.978780589000053 ], [ -0.488122499999974, 41.970946999000034 ], [ -0.493472499999939, 41.962859999000045 ], [ -0.508015, 41.958152999000049 ], [ -0.520803, 41.952911499000038 ], [ -0.540576, 41.940997999000047 ], [ -0.546281499999964, 41.940715499000078 ], [ -0.559283499999935, 41.932536999000035 ], [ -0.548242499999958, 41.920249999000077 ], [ -0.568184499999973, 41.911559999000076 ], [ -0.571762, 41.905944499000043 ], [ -0.589215499999966, 41.902854999000056 ], [ -0.587623, 41.893924499000036 ], [ -0.591792, 41.88114149900008 ], [ -0.60230970799995, 41.883551523000051 ], [ -0.596201334999932, 41.89456593400007 ], [ -0.596402264999938, 41.899798597000029 ], [ -0.629729083999962, 41.912855307000029 ], [ -0.652128499999947, 41.947360999000068 ], [ -0.642958, 41.950667999000075 ], [ -0.638828, 41.953067499000042 ], [ -0.6303, 41.954982999000038 ], [ -0.62080949999995, 41.960044999000047 ], [ -0.601847, 41.962142999000037 ], [ -0.602909, 41.963752499000066 ], [ -0.601135499999941, 41.972423499000058 ], [ -0.593829, 41.980880499000079 ], [ -0.588700499999959, 41.985923999000079 ], [ -0.573514499999931, 41.99580749900008 ], [ -0.559964499999978, 41.998779499000079 ], [ -0.558946499999934, 42.001094999000031 ], [ -0.559666, 42.004993499000079 ], [ -0.558331, 42.006736999000054 ], [ -0.556195499999944, 42.007365999000058 ], [ -0.544854, 42.007377499000029 ], [ -0.533055499999932, 42.01054749900004 ], [ -0.514506, 42.017051999000046 ], [ -0.504306, 42.014804999000035 ], [ -0.501706499999955, 42.012416999000038 ], [ -0.495989499999951, 42.01009749900004 ], [ -0.50419, 42.007285999000032 ], [ -0.506067, 42.004058999000051 ], [ -0.506021499999974, 41.999023499000032 ], [ -0.502143, 41.994147999000063 ], [ -0.495023, 41.988239499000031 ], [ -0.483837, 41.983237999000039 ] ] ] } },
{ "type": "Feature", "properties": { "code": "22227", "name": "Tella-Sin" }, "geometry": { "type": "Polygon", "coordinates": [ [ [ 0.285362, 42.651084999000034 ], [ 0.291447500000061, 42.651515999000026 ], [ 0.304428500000029, 42.648322999000072 ], [ 0.309235500000057, 42.647937999000078 ], [ 0.319926, 42.649600999000029 ], [ 0.314166500000056, 42.625232499000049 ], [ 0.310821, 42.617553499000053 ], [ 0.315055500000028, 42.607505999000068 ], [ 0.308669, 42.59304049900004 ], [ 0.304211416000044, 42.589848755000048 ], [ 0.289827195000044, 42.59239404200008 ], [ 0.284209435000037, 42.590415367000048 ], [ 0.282189611000035, 42.584969192000074 ], [ 0.28770509900005, 42.577965142000039 ], [ 0.279733387000022, 42.569337906000044 ], [ 0.283659305000072, 42.564386453000054 ], [ 0.277614837000044, 42.561616639000079 ], [ 0.257014037000033, 42.560995716000036 ], [ 0.248588376000043, 42.563829248000047 ], [ 0.232897295000043, 42.575640117000034 ], [ 0.215395350000051, 42.577382169000032 ], [ 0.213405058000035, 42.568156627000064 ], [ 0.207151085000021, 42.560572069000045 ], [ 0.208023138000044, 42.55654787900005 ], [ 0.215169109000044, 42.552909986000031 ], [ 0.20862568900003, 42.539963898000053 ], [ 0.215101017000052, 42.531880093000041 ], [ 0.233713500000022, 42.52362449900005 ], [ 0.217418850000058, 42.524829496000052 ], [ 0.191453744000057, 42.541960263000078 ], [ 0.163304, 42.547374999000056 ], [ 0.164935441000068, 42.555107756000041 ], [ 0.15753574200005, 42.561999425000067 ], [ 0.156320405000031, 42.570087646000047 ], [ 0.151172006000024, 42.573256341000047 ], [ 0.152408999000045, 42.580057335000049 ], [ 0.146724303000042, 42.582882809000068 ], [ 0.139829846000055, 42.593176570000026 ], [ 0.133814543000028, 42.595123591000061 ], [ 0.116073679000067, 42.610376324000072 ], [ 0.116317952000031, 42.616536542000063 ], [ 0.110694715000022, 42.62299353800006 ], [ 0.115015861000074, 42.626456473000076 ], [ 0.11669239500003, 42.633317503000058 ], [ 0.122349, 42.634689499000046 ], [ 0.145020829000032, 42.629257345000042 ], [ 0.172436892000064, 42.613484952000078 ], [ 0.19306509200004, 42.610030527000049 ], [ 0.206605435000029, 42.61144543000006 ], [ 0.21923279300006, 42.606240247000073 ], [ 0.22509149900003, 42.600738453000076 ], [ 0.224421428000028, 42.586274059000061 ], [ 0.228185882000048, 42.582441162000066 ], [ 0.243473081000047, 42.597232960000042 ], [ 0.248512660000074, 42.611235541000042 ], [ 0.28612798000006, 42.619947090000039 ], [ 0.294321702000047, 42.633497806000037 ], [ 0.275608223000063, 42.645977779000077 ], [ 0.285362, 42.651084999000034 ] ] ] } },
{ "type": "Feature", "properties": { "code": "22228", "name": "Tierz" }, "geometry": { "type": "Polygon", "coordinates": [ [ [ -0.340845499999944, 42.116802499000073 ], [ -0.369074822999949, 42.11889639900005 ], [ -0.371850987999949, 42.125483805000044 ], [ -0.369705499999952, 42.134074999000063 ], [ -0.36457764499994, 42.138498905000063 ], [ -0.354519499999924, 42.140197999000065 ], [ -0.334403989999942, 42.137389048000045 ], [ -0.340845499999944, 42.116802499000073 ] ] ] } },
{ "type": "Feature", "properties": { "code": "22229", "name": "Tolva" }, "geometry": { "type": "Polygon", "coordinates": [ [ [ 0.515326500000072, 42.144084999000029 ], [ 0.530749505000074, 42.151214476000064 ], [ 0.545461032000048, 42.150153480000029 ], [ 0.547538030000055, 42.167210689000058 ], [ 0.532772044000069, 42.179421130000037 ], [ 0.543852526000023, 42.188178984000047 ], [ 0.553945, 42.186778999000069 ], [ 0.581598381000049, 42.177530885000067 ], [ 0.594875806000061, 42.177223881000032 ], [ 0.604882, 42.16928499900007 ], [ 0.606982, 42.166808999000068 ], [ 0.607009, 42.164096999000037 ], [ 0.608369, 42.162685499000077 ], [ 0.613347500000032, 42.165527499000063 ], [ 0.614932500000066, 42.159351499000024 ], [ 0.613776500000029, 42.155212499000072 ], [ 0.614522500000021, 42.151729499000055 ], [ 0.608028304000072, 42.151145756000062 ], [ 0.600008141000046, 42.137793754000029 ], [ 0.581169154000065, 42.123231218000058 ], [ 0.59308721900004, 42.110450582000055 ], [ 0.597479366000073, 42.098510617000045 ], [ 0.607427878000067, 42.094631824000032 ], [ 0.601436, 42.08998499900008 ], [ 0.593170001000033, 42.089711191000049 ], [ 0.582351448000054, 42.084195389000058 ], [ 0.537321984000073, 42.092147171000079 ], [ 0.532091765000075, 42.083724020000034 ], [ 0.52786151600003, 42.089580757000078 ], [ 0.526666464000073, 42.11732290100008 ], [ 0.515326500000072, 42.144084999000029 ] ], [ [ 0.519058500000028, 42.139816499000062 ], [ 0.525045500000033, 42.135203999000055 ], [ 0.533266, 42.139865999000051 ], [ 0.525348, 42.146998999000061 ], [ 0.519058500000028, 42.139816499000062 ] ] ] } },
{ "type": "Feature", "properties": { "code": "22230", "name": "Torla-Ordesa" }, "geometry": { "type": "Polygon", "coordinates": [ [ [ -0.147559, 42.773883999000077 ], [ -0.14895884699996, 42.769675306000067 ], [ -0.138333562999946, 42.766110327000035 ], [ -0.123868234999975, 42.752135882000061 ], [ -0.116779622999957, 42.738497432000031 ], [ -0.110006806999934, 42.734358214000054 ], [ -0.110790852999969, 42.72645325700006 ], [ -0.107156377999956, 42.72178649600005 ], [ -0.06815310099995, 42.716946204000067 ], [ -0.064411020999955, 42.711163659000078 ], [ -0.061578499999939, 42.694679499000074 ], [ -0.074444935999963, 42.687505573000067 ], [ -0.089155043999938, 42.673203225000066 ], [ -0.073335746999931, 42.667371798000033 ], [ -0.064841361999925, 42.667483673000049 ], [ -0.053176696999969, 42.659699740000065 ], [ -0.036325284999975, 42.660365584000033 ], [ -0.031431658999963, 42.649852028000055 ], [ -0.019402329999934, 42.642431854000051 ], [ -0.009477878999974, 42.643185293000045 ], [ 0.008145870000021, 42.65040429700008 ], [ 0.019740304000038, 42.647711168000058 ], [ 0.015092653000067, 42.640781711000045 ], [ -0.005765249999968, 42.628296864000049 ], [ -0.028369018999967, 42.629898379000053 ], [ -0.055123603999959, 42.638159274000031 ], [ -0.067503, 42.632816499000057 ], [ -0.078425062999941, 42.629214905000026 ], [ -0.07547385099997, 42.623953377000078 ], [ -0.077836984999976, 42.622071774000062 ], [ -0.091305748999957, 42.620853685000043 ], [ -0.107152161999977, 42.614421170000071 ], [ -0.128014046999965, 42.61332765700007 ], [ -0.133274933999928, 42.605420744000071 ], [ -0.162660917999972, 42.603465315000051 ], [ -0.188604489999932, 42.595868524000025 ], [ -0.206476, 42.600471499000037 ], [ -0.206313243999944, 42.624622007000028 ], [ -0.194581142999937, 42.652340623000043 ], [ -0.200072860999967, 42.668851794000034 ], [ -0.199205, 42.679965999000046 ], [ -0.188972294999928, 42.69097510000006 ], [ -0.192010927999945, 42.69702264600005 ], [ -0.18898072199994, 42.718060329000025 ], [ -0.191987573999938, 42.724805120000042 ], [ -0.20430876699993, 42.732338885000047 ], [ -0.20509478799994, 42.737143380000077 ], [ -0.199982416999944, 42.741944830000079 ], [ -0.197498664999955, 42.750390374000062 ], [ -0.202255298999944, 42.755820215000028 ], [ -0.203133082999955, 42.761742746000039 ], [ -0.19967700199993, 42.768296495000072 ], [ -0.180806509999968, 42.779938516000072 ], [ -0.177943499999969, 42.785293499000034 ], [ -0.159483264999949, 42.797017957000037 ], [ -0.155095238999934, 42.792912227000045 ], [ -0.154752973999962, 42.782436834000066 ], [ -0.147559, 42.773883999000077 ] ] ] } },
{ "type": "Feature", "properties": { "code": "22232", "name": "Torralba de Aragón" }, "geometry": { "type": "Polygon", "coordinates": [ [ [ -0.482612, 41.967765999000051 ], [ -0.48490368399996, 41.96231500600004 ], [ -0.48167049999995, 41.953055999000071 ], [ -0.481765, 41.947925499000064 ], [ -0.477238, 41.946449499000039 ], [ -0.475655, 41.944648999000037 ], [ -0.475218855999969, 41.933725270000025 ], [ -0.478377283999976, 41.925463338000043 ], [ -0.481296, 41.923057499000038 ], [ -0.514588318999927, 41.919663238000055 ], [ -0.531397224999978, 41.912016441000048 ], [ -0.548734961999969, 41.908550687000059 ], [ -0.551811376999979, 41.899427708000076 ], [ -0.540935373999957, 41.892137935000051 ], [ -0.537784, 41.883487499000069 ], [ -0.537654, 41.87840649900005 ], [ -0.543327, 41.875636999000051 ], [ -0.541659, 41.872321999000064 ], [ -0.542702499999962, 41.870239499000036 ], [ -0.54251, 41.866462499000079 ], [ -0.545760499999972, 41.862117499000078 ], [ -0.556338312999969, 41.87113210800004 ], [ -0.584538325999972, 41.876240288000076 ], [ -0.591792, 41.88114149900008 ], [ -0.587623, 41.893924499000036 ], [ -0.589215499999966, 41.902854999000056 ], [ -0.571762, 41.905944499000043 ], [ -0.568184499999973, 41.911559999000076 ], [ -0.548242499999958, 41.920249999000077 ], [ -0.559283499999935, 41.932536999000035 ], [ -0.546281499999964, 41.940715499000078 ], [ -0.540576, 41.940997999000047 ], [ -0.520803, 41.952911499000038 ], [ -0.508015, 41.958152999000049 ], [ -0.493472499999939, 41.962859999000045 ], [ -0.488122499999974, 41.970946999000034 ], [ -0.48542, 41.976768999000058 ], [ -0.484539986999948, 41.970293201000061 ], [ -0.482612, 41.967765999000051 ] ] ] } },
{ "type": "Feature", "properties": { "code": "22233", "name": "Torre la Ribera" }, "geometry": { "type": "Polygon", "coordinates": [ [ [ 0.521281, 42.348273999000071 ], [ 0.517624037000076, 42.352727610000045 ], [ 0.523192968000046, 42.368478468000035 ], [ 0.516087669000058, 42.372568023000042 ], [ 0.52168017300005, 42.382074041000067 ], [ 0.516605194000022, 42.408263825000063 ], [ 0.51192750000007, 42.414363999000045 ], [ 0.518433, 42.429191499000069 ], [ 0.523842500000057, 42.428134999000065 ], [ 0.543144, 42.420585499000026 ], [ 0.549318824000068, 42.414444314000036 ], [ 0.553057440000032, 42.391435966000074 ], [ 0.565288229000032, 42.37801733200007 ], [ 0.579570478000051, 42.372074763000057 ], [ 0.580402799000069, 42.361909666000031 ], [ 0.565539714000067, 42.35447841000007 ], [ 0.560856711000042, 42.342424280000046 ], [ 0.561957, 42.338740999000038 ], [ 0.552594, 42.338275999000075 ], [ 0.525627, 42.345908999000073 ], [ 0.521281, 42.348273999000071 ] ] ] } },
{ "type": "Feature", "properties": { "code": "22234", "name": "Torrente de Cinca" }, "geometry": { "type": "Polygon", "coordinates": [ [ [ 0.245162, 41.428703499000051 ], [ 0.24566515500004, 41.442468398000074 ], [ 0.257835235000073, 41.470297652000056 ], [ 0.262230358000068, 41.473976077000032 ], [ 0.289104966000025, 41.47804807600005 ], [ 0.310782815000039, 41.488045230000068 ], [ 0.33425014200003, 41.492222459000061 ], [ 0.342943472000059, 41.492342948000044 ], [ 0.346576, 41.488109999000073 ], [ 0.339914929000031, 41.480537130000073 ], [ 0.343662639000058, 41.46252441300004 ], [ 0.354335732000038, 41.45170586100005 ], [ 0.348050178000051, 41.440406349000057 ], [ 0.348406, 41.426732499000025 ], [ 0.341841500000044, 41.413815499000066 ], [ 0.335845500000062, 41.407456999000033 ], [ 0.31073083900003, 41.418341356000042 ], [ 0.245162, 41.428703499000051 ] ] ] } },
{ "type": "Feature", "properties": { "code": "22235", "name": "Torres de Alcanadre" }, "geometry": { "type": "Polygon", "coordinates": [ [ [ -0.127917499999967, 41.952575499000034 ], [ -0.129471963999947, 41.959518131000038 ], [ -0.118936214999962, 41.96985606100003 ], [ -0.121260499999948, 41.977435999000079 ], [ -0.106432593999955, 41.97779616400004 ], [ -0.096420294999973, 41.975281933000076 ], [ -0.084553, 41.982055499000069 ], [ -0.070265499999948, 41.982772999000076 ], [ -0.057918, 41.979629499000055 ], [ -0.064921499999969, 41.96037349900007 ], [ -0.070607479999978, 41.96000060700004 ], [ -0.078142016999948, 41.964918742000066 ], [ -0.086423190999938, 41.961509316000047 ], [ -0.097187615999928, 41.947754239000062 ], [ -0.108627017999936, 41.938674723000076 ], [ -0.105727048999938, 41.926433089000056 ], [ -0.126121499999954, 41.92435449900006 ], [ -0.119425602999968, 41.938325637000048 ], [ -0.122794441999929, 41.947598499000037 ], [ -0.127917499999967, 41.952575499000034 ] ] ] } },
{ "type": "Feature", "properties": { "code": "22236", "name": "Torres de Barbués" }, "geometry": { "type": "Polygon", "coordinates": [ [ [ -0.421375, 41.965190999000072 ], [ -0.421459, 41.960704999000029 ], [ -0.423203, 41.958167999000068 ], [ -0.425263, 41.95196499900004 ], [ -0.429189, 41.946445999000048 ], [ -0.439603, 41.943343999000035 ], [ -0.469305, 41.943588499000043 ], [ -0.475655, 41.944648999000037 ], [ -0.477238, 41.946449499000039 ], [ -0.481765, 41.947925499000064 ], [ -0.48167049999995, 41.953055999000071 ], [ -0.48490368399996, 41.96231500600004 ], [ -0.482612, 41.967765999000051 ], [ -0.459233074999929, 41.971353726000075 ], [ -0.435445992999973, 41.970660988000077 ], [ -0.421375, 41.965190999000072 ] ] ] } },
{ "type": "Feature", "properties": { "code": "22239", "name": "Tramaced" }, "geometry": { "type": "Polygon", "coordinates": [ [ [ -0.28789949999998, 41.991378999000062 ], [ -0.272753, 41.968731499000057 ], [ -0.287813980999942, 41.959814271000027 ], [ -0.323191767999958, 41.945987093000042 ], [ -0.341141854999933, 41.962375966000025 ], [ -0.333065499999975, 41.975127999000051 ], [ -0.314459676999945, 41.978634992000025 ], [ -0.28789949999998, 41.991378999000062 ] ] ] } },
{ "type": "Feature", "properties": { "code": "22242", "name": "Valfarta" }, "geometry": { "type": "Polygon", "coordinates": [ [ [ -0.159414499999968, 41.585311999000055 ], [ -0.109105, 41.564910999000062 ], [ -0.098869, 41.564239499000053 ], [ -0.082258499999966, 41.560054999000045 ], [ -0.077823, 41.555743999000072 ], [ -0.068983499999945, 41.542548999000076 ], [ -0.05882349999996, 41.536086999000077 ], [ -0.053133499999944, 41.533897499000034 ], [ -0.111175030999959, 41.528893802000027 ], [ -0.134753, 41.522380999000063 ], [ -0.143209, 41.527095999000039 ], [ -0.148498, 41.531394999000042 ], [ -0.156620499999974, 41.535285999000052 ], [ -0.159344890999932, 41.550767290000067 ], [ -0.157701336999935, 41.567593722000026 ], [ -0.166267273999949, 41.580463296000062 ], [ -0.159414499999968, 41.585311999000055 ] ] ] } },
{ "type": "Feature", "properties": { "code": "22243", "name": "Valle de Bardají" }, "geometry": { "type": "Polygon", "coordinates": [ [ [ 0.4704, 42.460506499000076 ], [ 0.51088654900002, 42.455805330000032 ], [ 0.521969354000021, 42.434498336000047 ], [ 0.518433, 42.429191499000069 ], [ 0.51192750000007, 42.414363999000045 ], [ 0.497690983000041, 42.41699929400005 ], [ 0.483886507000022, 42.41209813200004 ], [ 0.47472485000003, 42.412897029000078 ], [ 0.461704, 42.400241999000059 ], [ 0.44546413300003, 42.399197968000067 ], [ 0.441793381000025, 42.400791032000029 ], [ 0.441931127000032, 42.404833699000051 ], [ 0.435345271000074, 42.405812351000066 ], [ 0.430658251000068, 42.403089674000057 ], [ 0.429410951000023, 42.393362434000039 ], [ 0.426093392000041, 42.38964936800005 ], [ 0.411825, 42.392970999000056 ], [ 0.412619251000024, 42.417142227000056 ], [ 0.426153, 42.44482399900005 ], [ 0.434823932000029, 42.452803176000032 ], [ 0.4704, 42.460506499000076 ] ] ] } },
{ "type": "Feature", "properties": { "code": "22244", "name": "Valle de Lierp" }, "geometry": { "type": "Polygon", "coordinates": [ [ [ 0.461704, 42.400241999000059 ], [ 0.47472485000003, 42.412897029000078 ], [ 0.483886507000022, 42.41209813200004 ], [ 0.497690983000041, 42.41699929400005 ], [ 0.51192750000007, 42.414363999000045 ], [ 0.516605194000022, 42.408263825000063 ], [ 0.52168017300005, 42.382074041000067 ], [ 0.516087669000058, 42.372568023000042 ], [ 0.523192968000046, 42.368478468000035 ], [ 0.517624037000076, 42.352727610000045 ], [ 0.521281, 42.348273999000071 ], [ 0.485536463000074, 42.349672450000071 ], [ 0.46631030900005, 42.362396610000076 ], [ 0.455396, 42.364585999000042 ], [ 0.461704, 42.400241999000059 ] ] ] } },
{ "type": "Feature", "properties": { "code": "22245", "name": "Velilla de Cinca" }, "geometry": { "type": "Polygon", "coordinates": [ [ [ 0.237343, 41.604423499000063 ], [ 0.257725, 41.597228999000038 ], [ 0.262997, 41.597793499000034 ], [ 0.267515500000059, 41.596545999000057 ], [ 0.289938, 41.572662499000046 ], [ 0.257897338000021, 41.556533733000038 ], [ 0.243294392000053, 41.559708421000039 ], [ 0.24990602400004, 41.56741394200003 ], [ 0.235965321000037, 41.579962823000074 ], [ 0.226766221000048, 41.57882567200005 ], [ 0.222123, 41.582374499000025 ], [ 0.219680913000047, 41.587612282000066 ], [ 0.237343, 41.604423499000063 ] ] ] } },
{ "type": "Feature", "properties": { "code": "22246", "name": "Beranuy" }, "geometry": { "type": "Polygon", "coordinates": [ [ [ 0.631428500000027, 42.343375999000045 ], [ 0.596699518000037, 42.34689816100007 ], [ 0.591972343000066, 42.342260445000079 ], [ 0.591227663000041, 42.333317562000047 ], [ 0.573109985000031, 42.329454621000025 ], [ 0.559590470000046, 42.334869544000071 ], [ 0.561957, 42.338740999000038 ], [ 0.560856711000042, 42.342424280000046 ], [ 0.565539714000067, 42.35447841000007 ], [ 0.580402799000069, 42.361909666000031 ], [ 0.579570478000051, 42.372074763000057 ], [ 0.565288229000032, 42.37801733200007 ], [ 0.553057440000032, 42.391435966000074 ], [ 0.549318824000068, 42.414444314000036 ], [ 0.543144, 42.420585499000026 ], [ 0.555223070000068, 42.423719544000051 ], [ 0.574180292000051, 42.423379491000048 ], [ 0.603514713000038, 42.406167862000075 ], [ 0.613840290000041, 42.415617350000048 ], [ 0.633763500000043, 42.413505499000053 ], [ 0.658409894000044, 42.404322078000064 ], [ 0.669071, 42.394866999000044 ], [ 0.667575500000055, 42.393394499000067 ], [ 0.667210500000067, 42.390865499000029 ], [ 0.670168500000045, 42.387637999000049 ], [ 0.668744, 42.385909999000035 ], [ 0.669290500000045, 42.382175499000027 ], [ 0.661532632000046, 42.380826999000078 ], [ 0.65107675500002, 42.366390995000074 ], [ 0.640143840000064, 42.358567797000035 ], [ 0.640891555000053, 42.347275576000072 ], [ 0.631428500000027, 42.343375999000045 ] ] ] } },
{ "type": "Feature", "properties": { "code": "22247", "name": "Viacamp y Litera" }, "geometry": { "type": "Polygon", "coordinates": [ [ [ 0.698443500000053, 42.126476999000033 ], [ 0.702399264000064, 42.120236024000064 ], [ 0.699348054000041, 42.106033439000043 ], [ 0.684633869000038, 42.090981707000026 ], [ 0.680121500000041, 42.075469499000064 ], [ 0.670276432000037, 42.061206973000026 ], [ 0.67052128000006, 42.046233862000065 ], [ 0.657393407000029, 42.039370509000037 ], [ 0.656958976000055, 42.031468370000027 ], [ 0.652814241000044, 42.024420904000067 ], [ 0.656666088000065, 42.016083857000069 ], [ 0.662223585000049, 42.01270654700005 ], [ 0.657175735000067, 42.001921286000027 ], [ 0.646952690000035, 41.995602093000059 ], [ 0.642086, 41.98218349900003 ], [ 0.642396, 41.986010499000031 ], [ 0.63859750000006, 41.994586999000035 ], [ 0.635319500000037, 41.992766999000025 ], [ 0.629462500000045, 41.992826499000046 ], [ 0.62383, 41.991748999000038 ], [ 0.616969500000039, 41.987186499000074 ], [ 0.612669398000037, 41.993815651000034 ], [ 0.60488357600002, 41.992923397000027 ], [ 0.580564988000049, 42.001301712000043 ], [ 0.573175472000059, 42.014248806000069 ], [ 0.575195688000065, 42.021474210000065 ], [ 0.590088856000023, 42.024124126000061 ], [ 0.601269587000047, 42.032342431000075 ], [ 0.603087863000042, 42.042659797000056 ], [ 0.611568247000037, 42.057910613000047 ], [ 0.601051970000071, 42.060732462000033 ], [ 0.604189791000067, 42.069489002000068 ], [ 0.605209, 42.089153499000076 ], [ 0.601436, 42.08998499900008 ], [ 0.607427878000067, 42.094631824000032 ], [ 0.597479366000073, 42.098510617000045 ], [ 0.59308721900004, 42.110450582000055 ], [ 0.581169154000065, 42.123231218000058 ], [ 0.600008141000046, 42.137793754000029 ], [ 0.608028304000072, 42.151145756000062 ], [ 0.621381391000057, 42.15201249200004 ], [ 0.640943848000063, 42.142250900000079 ], [ 0.656003938000026, 42.138803073000076 ], [ 0.672455244000048, 42.124594149000075 ], [ 0.688495357000022, 42.123917133000077 ], [ 0.698443500000053, 42.126476999000033 ] ] ] } },
{ "type": "Feature", "properties": { "code": "22248", "name": "Vicién" }, "geometry": { "type": "Polygon", "coordinates": [ [ [ -0.494125, 42.037845499000071 ], [ -0.468763370999966, 42.053856868000025 ], [ -0.437563667999939, 42.062465480000071 ], [ -0.426858575999972, 42.056161042000042 ], [ -0.422682202999965, 42.050225673000057 ], [ -0.431719, 42.035381499000039 ], [ -0.45040060599996, 42.036831686000028 ], [ -0.45770822399993, 42.034524544000078 ], [ -0.469715745999963, 42.024935721000077 ], [ -0.490911499999925, 42.026481499000056 ], [ -0.494125, 42.037845499000071 ] ] ] } },
{ "type": "Feature", "properties": { "code": "22249", "name": "Villanova" }, "geometry": { "type": "Polygon", "coordinates": [ [ [ 0.481007500000032, 42.53003699900006 ], [ 0.478926500000057, 42.52478049900003 ], [ 0.466808573000037, 42.529092116000072 ], [ 0.45565657800006, 42.538801853000052 ], [ 0.438162553000041, 42.56421567600006 ], [ 0.416694500000062, 42.567401999000026 ], [ 0.425038, 42.57092349900006 ], [ 0.43025, 42.568679499000041 ], [ 0.43452, 42.568557999000063 ], [ 0.437399, 42.569518999000024 ], [ 0.444605, 42.567626999000026 ], [ 0.449142, 42.562625999000034 ], [ 0.458533500000044, 42.560443999000029 ], [ 0.462739, 42.564231999000071 ], [ 0.468008645000054, 42.545851334000076 ], [ 0.481007500000032, 42.53003699900006 ] ] ] } },
{ "type": "Feature", "properties": { "code": "22250", "name": "Villanúa" }, "geometry": { "type": "Polygon", "coordinates": [ [ [ -0.553464499999961, 42.729877499000054 ], [ -0.545844485999964, 42.733545698000057 ], [ -0.532231499999966, 42.728141999000059 ], [ -0.536464687999967, 42.721681458000035 ], [ -0.53342999299997, 42.719058248000067 ], [ -0.529283009999972, 42.700544026000046 ], [ -0.517741129999933, 42.709311103000061 ], [ -0.514634958999977, 42.716411879000077 ], [ -0.497665122999933, 42.716320676000066 ], [ -0.491971150999973, 42.719468987000027 ], [ -0.482608004999975, 42.717922757000053 ], [ -0.460923547999926, 42.706666703000053 ], [ -0.448628, 42.707526999000038 ], [ -0.443459132999976, 42.698356993000061 ], [ -0.475255818999926, 42.669681030000049 ], [ -0.478635973999928, 42.650474182000039 ], [ -0.482608004999975, 42.646986496000068 ], [ -0.51016874499993, 42.643881222000061 ], [ -0.552301734999958, 42.649384530000077 ], [ -0.554192972999942, 42.657840596000028 ], [ -0.563583684999969, 42.665432924000072 ], [ -0.567046499999947, 42.680247999000073 ], [ -0.561590470999931, 42.690645972000027 ], [ -0.549155862999953, 42.685652471000026 ], [ -0.540689289999932, 42.692608713000027 ], [ -0.541993009999942, 42.704485954000063 ], [ -0.555994, 42.713695499000039 ], [ -0.556687499999953, 42.718417999000053 ], [ -0.559123, 42.721378499000025 ], [ -0.553367499999979, 42.724598499000081 ], [ -0.553464499999961, 42.729877499000054 ] ] ] } },
{ "type": "Feature", "properties": { "code": "22251", "name": "Villanueva de Sigena" }, "geometry": { "type": "Polygon", "coordinates": [ [ [ 0.030772500000069, 41.704540499000075 ], [ 0.010520856000028, 41.676968736000049 ], [ -0.004039216999956, 41.667361898000081 ], [ -0.012371463999955, 41.654589449000071 ], [ -0.030734447999976, 41.647944064000058 ], [ -0.02455318799997, 41.640152347000026 ], [ -0.007533670999976, 41.627847766000059 ], [ -0.001219412999944, 41.618768299000067 ], [ -0.011970476999977, 41.596618308000075 ], [ -0.026057418999926, 41.580065023000031 ], [ -0.028953742999931, 41.570042431000047 ], [ -0.039982709999947, 41.558594913000036 ], [ -0.045166310999946, 41.547130430000038 ], [ -0.045123013999955, 41.539684597000075 ], [ -0.05882349999996, 41.536086999000077 ], [ -0.068983499999945, 41.542548999000076 ], [ -0.077823, 41.555743999000072 ], [ -0.082258499999966, 41.560054999000045 ], [ -0.098869, 41.564239499000053 ], [ -0.096738413999958, 41.580825668000045 ], [ -0.089091930999928, 41.59826965700006 ], [ -0.089292499999942, 41.623149349000073 ], [ -0.075921389999962, 41.652785638000069 ], [ -0.052690309999946, 41.665151518000073 ], [ -0.048492014999965, 41.687251518000039 ], [ -0.034643324999934, 41.713366819000044 ], [ -0.022857860999977, 41.749107096000046 ], [ -0.023980066999968, 41.753301069000031 ], [ -0.027295850999963, 41.754492169000059 ], [ -0.053719189999924, 41.744838308000055 ], [ -0.08881, 41.761901499000032 ], [ -0.091828287999931, 41.771863404000044 ], [ -0.089163423999935, 41.78285977400003 ], [ -0.060637499999928, 41.802238499000055 ], [ -0.039148913999952, 41.776935879000064 ], [ -0.018186817999947, 41.775235542000075 ], [ -0.005089359999943, 41.76962781800006 ], [ 0.00924279100002, 41.753411474000075 ], [ 0.018885596000075, 41.738415494000037 ], [ 0.018567817000076, 41.719827447000057 ], [ 0.030772500000069, 41.704540499000075 ] ] ] } },
{ "type": "Feature", "properties": { "code": "22252", "name": "Yebra de Basa" }, "geometry": { "type": "Polygon", "coordinates": [ [ [ -0.178971499999932, 42.468688999000051 ], [ -0.186038953999969, 42.463576864000061 ], [ -0.196099536999952, 42.444889210000042 ], [ -0.231903571999965, 42.445639527000026 ], [ -0.294890652999925, 42.456845152000028 ], [ -0.301588592999963, 42.438430249000078 ], [ -0.305018014999973, 42.438606936000042 ], [ -0.305744319999974, 42.454507970000066 ], [ -0.312052166999933, 42.464193155000032 ], [ -0.299258234999968, 42.48190250600004 ], [ -0.301033907999965, 42.487674643000048 ], [ -0.298448974999928, 42.495917681000037 ], [ -0.29090389299995, 42.497343560000047 ], [ -0.277340211999956, 42.506478211000058 ], [ -0.277898520999941, 42.516466048000041 ], [ -0.271822412999938, 42.52605092500005 ], [ -0.274833499999943, 42.529414999000039 ], [ -0.275105652999969, 42.532569624000075 ], [ -0.26874924699996, 42.535074954000038 ], [ -0.265234908999957, 42.542265136000026 ], [ -0.246121, 42.546375499000078 ], [ -0.211820806999924, 42.537072257000034 ], [ -0.192157486999974, 42.539316024000073 ], [ -0.18587191599994, 42.53466710400005 ], [ -0.189417806999927, 42.522926852000069 ], [ -0.181717, 42.509964499000034 ], [ -0.174995745999979, 42.500974144000054 ], [ -0.175808270999937, 42.49429329000003 ], [ -0.182043884999928, 42.490580474000069 ], [ -0.180589435999934, 42.478860912000073 ], [ -0.176868214999956, 42.474514872000043 ], [ -0.178971499999932, 42.468688999000051 ] ] ] } },
{ "type": "Feature", "properties": { "code": "22253", "name": "Yésero" }, "geometry": { "type": "Polygon", "coordinates": [ [ [ -0.212219, 42.677707499000064 ], [ -0.199205, 42.679965999000046 ], [ -0.200072860999967, 42.668851794000034 ], [ -0.194581142999937, 42.652340623000043 ], [ -0.206313243999944, 42.624622007000028 ], [ -0.206476, 42.600471499000037 ], [ -0.224845802999937, 42.601395343000036 ], [ -0.230308499999978, 42.598483999000052 ], [ -0.250475968999979, 42.605280785000048 ], [ -0.267342172999975, 42.606884143000059 ], [ -0.267163405999952, 42.613890411000057 ], [ -0.261546233999979, 42.630275765000079 ], [ -0.246629542999926, 42.651257200000032 ], [ -0.234950952999952, 42.651552695000078 ], [ -0.21939288699997, 42.657436637000046 ], [ -0.214019058999952, 42.663563387000067 ], [ -0.212219, 42.677707499000064 ] ] ] } },
{ "type": "Feature", "properties": { "code": "22254", "name": "Zaidín" }, "geometry": { "type": "Polygon", "coordinates": [ [ [ 0.237343, 41.604423499000063 ], [ 0.209428541000023, 41.615201717000048 ], [ 0.198044, 41.633018499000059 ], [ 0.214263471000038, 41.642000902000063 ], [ 0.236003348000054, 41.648062794000055 ], [ 0.241786707000074, 41.65570957500006 ], [ 0.238230165000061, 41.665474063000033 ], [ 0.267241500000068, 41.677753499000062 ], [ 0.271504, 41.671657499000048 ], [ 0.275951, 41.668300499000054 ], [ 0.295363500000065, 41.668845999000041 ], [ 0.31273, 41.667659499000081 ], [ 0.316375, 41.666816499000049 ], [ 0.32137350000005, 41.66407749900003 ], [ 0.332971500000042, 41.659591499000044 ], [ 0.336217500000032, 41.654075499000044 ], [ 0.34947, 41.636165499000072 ], [ 0.351418500000023, 41.634883999000067 ], [ 0.355448, 41.634288999000034 ], [ 0.358037500000023, 41.631709999000066 ], [ 0.346540789000073, 41.621059312000057 ], [ 0.349668500000064, 41.59945699900004 ], [ 0.345826550000027, 41.590098247000071 ], [ 0.339406188000055, 41.584120281000025 ], [ 0.320702570000037, 41.58083111600007 ], [ 0.299634343000037, 41.57042085900008 ], [ 0.289938, 41.572662499000046 ], [ 0.267515500000059, 41.596545999000057 ], [ 0.262997, 41.597793499000034 ], [ 0.257725, 41.597228999000038 ], [ 0.237343, 41.604423499000063 ] ] ] } },
{ "type": "Feature", "properties": { "code": "22901", "name": "Valle de Hecho" }, "geometry": { "type": "Polygon", "coordinates": [ [ [ -0.793071, 42.64952099900006 ], [ -0.787254305999966, 42.655295124000077 ], [ -0.787960087999977, 42.65802877200008 ], [ -0.813610258999972, 42.662740302000032 ], [ -0.807284634999974, 42.674854468000035 ], [ -0.822904108999978, 42.703562445000045 ], [ -0.819525369999951, 42.707050410000079 ], [ -0.807636165999952, 42.709285023000064 ], [ -0.784675014999948, 42.730485058000056 ], [ -0.785712523999962, 42.738614900000073 ], [ -0.778790188999949, 42.758247944000061 ], [ -0.791708107999966, 42.774474137000027 ], [ -0.796813660999931, 42.786999559000037 ], [ -0.793869401999928, 42.803640223000059 ], [ -0.781916752999962, 42.819825540000068 ], [ -0.731966629999931, 42.82618836100005 ], [ -0.724257417999979, 42.835130554000045 ], [ -0.728294182999946, 42.840270930000031 ], [ -0.727403187999926, 42.845233280000059 ], [ -0.708212569999944, 42.854608284000051 ], [ -0.70033049999995, 42.85244749900005 ], [ -0.70175747899998, 42.850451469000063 ], [ -0.697204055999975, 42.845394128000066 ], [ -0.675138795999942, 42.84036130700008 ], [ -0.660469754999951, 42.832748916000071 ], [ -0.653320315999963, 42.832576557000039 ], [ -0.635484188999953, 42.824759587000074 ], [ -0.636586816999966, 42.819705643000077 ], [ -0.653113555999937, 42.806720850000033 ], [ -0.632414, 42.79639049900004 ], [ -0.634894095999925, 42.790936084000066 ], [ -0.642238598999938, 42.786926181000069 ], [ -0.655354217999957, 42.77231488700005 ], [ -0.66854323299998, 42.767066175000025 ], [ -0.667655645999957, 42.762250680000079 ], [ -0.672488851999958, 42.749736606000056 ], [ -0.688135701999954, 42.740116777000026 ], [ -0.687605755999925, 42.735665359000052 ], [ -0.680759729999977, 42.728682192000065 ], [ -0.685817852999946, 42.701122144000067 ], [ -0.705154866999976, 42.695121097000026 ], [ -0.719891434999965, 42.683256674000063 ], [ -0.707506743999943, 42.664960226000062 ], [ -0.682135, 42.658969999000078 ], [ -0.679230054999948, 42.646625674000063 ], [ -0.668294816999946, 42.638361579000048 ], [ -0.670205499999952, 42.628192999000078 ], [ -0.675959808999949, 42.625536676000081 ], [ -0.692118499999935, 42.607772999000076 ], [ -0.694984, 42.606441499000027 ], [ -0.704624499999966, 42.610500499000068 ], [ -0.715027, 42.611743999000055 ], [ -0.717553499999951, 42.613323499000046 ], [ -0.720934499999942, 42.612880499000028 ], [ -0.739295499999969, 42.617221499000038 ], [ -0.746639, 42.615169499000046 ], [ -0.753694499999938, 42.617622499000049 ], [ -0.757864, 42.626151999000058 ], [ -0.757785499999954, 42.628322499000035 ], [ -0.766595914999925, 42.637865743000077 ], [ -0.776612394999972, 42.639279085000055 ], [ -0.771935963999965, 42.647804177000069 ], [ -0.793071, 42.64952099900006 ] ] ] } },
{ "type": "Feature", "properties": { "code": "22902", "name": "Puente la Reina de Jaca" }, "geometry": { "type": "Polygon", "coordinates": [ [ [ -0.76287149999996, 42.555759499000033 ], [ -0.789481570999953, 42.553677810000067 ], [ -0.798270651999928, 42.561922869000057 ], [ -0.818601838999939, 42.569693420000078 ], [ -0.829633499999943, 42.570155999000065 ], [ -0.808836347999943, 42.587604363000025 ], [ -0.802691556999946, 42.599008598000069 ], [ -0.788083514999926, 42.613798794000047 ], [ -0.769716766999977, 42.61895686400004 ], [ -0.757785499999954, 42.628322499000035 ], [ -0.757864, 42.626151999000058 ], [ -0.753694499999938, 42.617622499000049 ], [ -0.746639, 42.615169499000046 ], [ -0.739295499999969, 42.617221499000038 ], [ -0.720934499999942, 42.612880499000028 ], [ -0.717553499999951, 42.613323499000046 ], [ -0.715027, 42.611743999000055 ], [ -0.704624499999966, 42.610500499000068 ], [ -0.694984, 42.606441499000027 ], [ -0.710470638999936, 42.597200921000081 ], [ -0.718883338999944, 42.582440182000028 ], [ -0.74115154499998, 42.562753830000077 ], [ -0.76287149999996, 42.555759499000033 ] ] ] } },
{ "type": "Feature", "properties": { "code": "22903", "name": "San Miguel del Cinca" }, "geometry": { "type": "Polygon", "coordinates": [ [ [ 0.016885, 41.830367999000032 ], [ 0.026341396000021, 41.831137172000069 ], [ 0.033369976000074, 41.835703341000055 ], [ 0.02512170600005, 41.847307393000051 ], [ 0.031259962000036, 41.851821513000061 ], [ 0.031564, 41.857421999000053 ], [ 0.047203500000023, 41.861285999000074 ], [ 0.050749500000052, 41.865935999000044 ], [ 0.04788, 41.870441499000037 ], [ 0.053262, 41.874172499000053 ], [ 0.070083500000067, 41.876163499000029 ], [ 0.074819500000046, 41.881969499000036 ], [ 0.091489500000023, 41.885532499000078 ], [ 0.094965, 41.877666499000043 ], [ 0.121971, 41.871006499000032 ], [ 0.137856, 41.869898999000043 ], [ 0.139891500000033, 41.868644499000027 ], [ 0.138619500000061, 41.848796999000058 ], [ 0.141578500000037, 41.840392999000073 ], [ 0.14202350000005, 41.835178499000051 ], [ 0.141323500000055, 41.832683499000041 ], [ 0.137828500000069, 41.827953499000046 ], [ 0.134453500000063, 41.812328499000046 ], [ 0.130920500000059, 41.80481749900008 ], [ 0.130723500000045, 41.802482499000064 ], [ 0.12557750000002, 41.798648999000079 ], [ 0.125219500000071, 41.789546999000038 ], [ 0.127578, 41.782611999000039 ], [ 0.133431, 41.775573499000075 ], [ 0.133991, 41.770751999000026 ], [ 0.130100500000026, 41.76398449900006 ], [ 0.129593500000055, 41.759982999000044 ], [ 0.118224011000052, 41.75968660400008 ], [ 0.094448208000074, 41.767963168000051 ], [ 0.06725924400007, 41.764132552000035 ], [ 0.036516285000062, 41.765318459000071 ], [ 0.014369945000055, 41.771639386000061 ], [ 0.022435, 41.781726999000057 ], [ 0.033777, 41.800258499000051 ], [ 0.041798500000027, 41.807510499000045 ], [ 0.016885, 41.830367999000032 ] ] ] } },
{ "type": "Feature", "properties": { "code": "22904", "name": "Sotonera, La" }, "geometry": { "type": "MultiPolygon", "coordinates": [ [ [ [ -0.481225, 42.177028499000073 ], [ -0.510321, 42.175430499000072 ], [ -0.521240664999937, 42.181531093000046 ], [ -0.56272123399998, 42.190959043000078 ], [ -0.571899988999974, 42.205501600000048 ], [ -0.580483982999965, 42.201362510000081 ], [ -0.59091707999994, 42.208800395000026 ], [ -0.608261739999932, 42.208217597000043 ], [ -0.616853, 42.211204499000075 ], [ -0.620182977999946, 42.213906241000075 ], [ -0.61878107299998, 42.221394445000044 ], [ -0.621221550999962, 42.226523511000039 ], [ -0.637184382999976, 42.236560187000066 ], [ -0.635308665999958, 42.241119920000074 ], [ -0.626094871999953, 42.246131698000056 ], [ -0.614840883999932, 42.258655016000034 ], [ -0.621303, 42.274280499000042 ], [ -0.619215, 42.27888499900007 ], [ -0.616987499999937, 42.28124249900003 ], [ -0.613107, 42.282954999000026 ], [ -0.609027, 42.283393999000054 ], [ -0.604346499999963, 42.285312999000041 ], [ -0.602644, 42.287967499000047 ], [ -0.602528499999949, 42.291659999000046 ], [ -0.599772, 42.299667499000066 ], [ -0.598132499999963, 42.301063499000065 ], [ -0.598391499999934, 42.303130999000075 ], [ -0.594504499999971, 42.30803699900008 ], [ -0.593894, 42.311977499000079 ], [ -0.590742499999976, 42.316345499000079 ], [ -0.588345499999946, 42.317798499000048 ], [ -0.578094499999963, 42.330981999000073 ], [ -0.578254, 42.336009999000055 ], [ -0.560451499999942, 42.332767499000056 ], [ -0.547822394999969, 42.324584154000036 ], [ -0.535687008999957, 42.311385377000079 ], [ -0.528801571999963, 42.29619080100008 ], [ -0.510033573999976, 42.292963335000024 ], [ -0.504475042999957, 42.294478380000044 ], [ -0.496245396999939, 42.298976990000028 ], [ -0.487877450999974, 42.315228734000073 ], [ -0.482110471999931, 42.305950327000062 ], [ -0.461626016999958, 42.292379253000036 ], [ -0.450387499999977, 42.290778999000054 ], [ -0.449777399999959, 42.28642547100003 ], [ -0.454642677999971, 42.278030390000026 ], [ -0.453038235999941, 42.267034534000061 ], [ -0.46232946899994, 42.26390384900003 ], [ -0.472932413999956, 42.250885310000058 ], [ -0.482608004999975, 42.246206697000048 ], [ -0.493857770999966, 42.23875675000005 ], [ -0.500137281999969, 42.22549611200003 ], [ -0.494396470999959, 42.220118813000056 ], [ -0.48087449999997, 42.216968499000075 ], [ -0.467731, 42.199966499000027 ], [ -0.485763085999963, 42.191787780000027 ], [ -0.48237895799997, 42.186938448000035 ], [ -0.481225, 42.177028499000073 ] ] ], [ [ [ -0.493762, 42.152370499000028 ], [ -0.493287, 42.150001499000041 ], [ -0.4902, 42.148151499000051 ], [ -0.487752, 42.145213999000077 ], [ -0.494137499999965, 42.138850999000056 ], [ -0.498068046999947, 42.142743586000051 ], [ -0.517059, 42.145274999000037 ], [ -0.534061, 42.155242999000052 ], [ -0.511930499999949, 42.170825999000044 ], [ -0.496606500999974, 42.163575773000048 ], [ -0.493762, 42.152370499000028 ] ] ] ] } },
{ "type": "Feature", "properties": { "code": "22905", "name": "Lupiñén-Ortilla" }, "geometry": { "type": "MultiPolygon", "coordinates": [ [ [ [ -0.510321, 42.175430499000072 ], [ -0.511930499999949, 42.170825999000044 ], [ -0.534061, 42.155242999000052 ], [ -0.552489592999962, 42.144335930000068 ], [ -0.566963852999947, 42.147022968000044 ], [ -0.575416225999959, 42.140310749000037 ], [ -0.588677148999977, 42.147836496000025 ], [ -0.597158143999934, 42.143306168000038 ], [ -0.60406004999993, 42.132971816000065 ], [ -0.616133, 42.12980249900005 ], [ -0.627489439999977, 42.134655212000041 ], [ -0.64875834399993, 42.127809036000031 ], [ -0.657619991999979, 42.128166813000064 ], [ -0.65784866599995, 42.122185042000069 ], [ -0.660845034999966, 42.120296326000073 ], [ -0.673033098999952, 42.120580606000033 ], [ -0.711424499999964, 42.143177499000046 ], [ -0.707992819999959, 42.149584022000056 ], [ -0.755359, 42.152538499000059 ], [ -0.748204987999941, 42.157136116000061 ], [ -0.757503, 42.166186999000047 ], [ -0.75849629399994, 42.170677341000044 ], [ -0.751599499999941, 42.172908999000072 ], [ -0.735454, 42.173813499000062 ], [ -0.730373, 42.172668499000054 ], [ -0.717193, 42.171886499000038 ], [ -0.69503949999995, 42.168830999000079 ], [ -0.689089499999966, 42.177310999000042 ], [ -0.682441, 42.195583499000065 ], [ -0.652838608999957, 42.186811698000042 ], [ -0.645092124999962, 42.195171963000064 ], [ -0.629812750999974, 42.19491191700007 ], [ -0.616853, 42.211204499000075 ], [ -0.608261739999932, 42.208217597000043 ], [ -0.59091707999994, 42.208800395000026 ], [ -0.580483982999965, 42.201362510000081 ], [ -0.571899988999974, 42.205501600000048 ], [ -0.56272123399998, 42.190959043000078 ], [ -0.521240664999937, 42.181531093000046 ], [ -0.510321, 42.175430499000072 ] ] ], [ [ [ -0.755253, 42.109474999000042 ], [ -0.747743734999972, 42.112916723000069 ], [ -0.729510903999937, 42.114018487000067 ], [ -0.727874983999925, 42.110287364000044 ], [ -0.731683499999974, 42.099021999000058 ], [ -0.757115499999941, 42.091978999000048 ], [ -0.762154745999965, 42.100796695000042 ], [ -0.755253, 42.109474999000042 ] ] ] ] } },
{ "type": "Feature", "properties": { "code": "22906", "name": "Santa María de Dulcis" }, "geometry": { "type": "Polygon", "coordinates": [ [ [ 0.012794500000041, 42.089954499000044 ], [ -0.004565, 42.090541999000038 ], [ -0.00994449999996, 42.093879499000025 ], [ -0.013932499999953, 42.101169499000036 ], [ -0.021653, 42.102332999000055 ], [ -0.024337499999945, 42.104381499000056 ], [ -0.029530499999964, 42.111018999000066 ], [ -0.002606884999977, 42.116267045000029 ], [ 0.015709586000071, 42.12490417600003 ], [ 0.01681306200004, 42.127352057000053 ], [ 0.010680500000035, 42.13647049900004 ], [ 0.023140995000063, 42.137791641000035 ], [ 0.026007431000039, 42.146029851000037 ], [ 0.042187500000068, 42.155677999000034 ], [ 0.060853676000022, 42.155200058000048 ], [ 0.072007417000066, 42.151155144000029 ], [ 0.076565, 42.144302499000048 ], [ 0.066188500000067, 42.138179999000045 ], [ 0.06192, 42.136970499000029 ], [ 0.056218, 42.133861499000034 ], [ 0.054188500000066, 42.131412499000078 ], [ 0.052469500000029, 42.127349999000046 ], [ 0.055902500000059, 42.120776999000043 ], [ 0.054852, 42.118785999000067 ], [ 0.047699, 42.114444999000057 ], [ 0.042399, 42.113132499000073 ], [ 0.041608, 42.110759499000039 ], [ 0.036068500000056, 42.104675499000052 ], [ 0.028674810000041, 42.098164846000032 ], [ 0.017486563000034, 42.095891959000028 ], [ 0.012794500000041, 42.089954499000044 ] ] ] } },
{ "type": "Feature", "properties": { "code": "22907", "name": "Aínsa-Sobrarbe" }, "geometry": { "type": "Polygon", "coordinates": [ [ [ 0.224032500000021, 42.432712499000047 ], [ 0.233317532000058, 42.425411237000048 ], [ 0.242604836000055, 42.411916424000026 ], [ 0.242203150000023, 42.407307216000049 ], [ 0.217952385000046, 42.386988042000041 ], [ 0.209939752000025, 42.371437490000062 ], [ 0.18738445300005, 42.355882616000031 ], [ 0.194447466000042, 42.341801907000047 ], [ 0.19387086200004, 42.337580297000045 ], [ 0.175755654000056, 42.337596934000032 ], [ 0.161046900000031, 42.330599365000069 ], [ 0.176988319000031, 42.312768150000068 ], [ 0.177044593000062, 42.305946148000032 ], [ 0.182110832000035, 42.298553143000049 ], [ 0.180613500000049, 42.294482999000024 ], [ 0.165983112000049, 42.293133847000036 ], [ 0.153273867000053, 42.260761928000079 ], [ 0.14488860900002, 42.252606410000055 ], [ 0.14694, 42.242526999000063 ], [ 0.138486359000069, 42.236979710000071 ], [ 0.126277862000052, 42.234872800000062 ], [ 0.096639178000032, 42.247970517000056 ], [ 0.098417551000068, 42.253719690000025 ], [ 0.10586059700006, 42.25944549500008 ], [ 0.108344241000054, 42.27462777900007 ], [ 0.094395299000041, 42.285912934000066 ], [ 0.097110291000035, 42.303047940000056 ], [ 0.094447545000037, 42.30600581300007 ], [ 0.082149060000063, 42.305672101000027 ], [ 0.07346872100004, 42.300276203000067 ], [ 0.070827349000069, 42.289756100000034 ], [ 0.063259815000038, 42.284328217000052 ], [ 0.058319543000039, 42.291565170000069 ], [ 0.047591742000066, 42.284200731000055 ], [ 0.042343722000055, 42.284613695000075 ], [ 0.041382182000063, 42.297954683000057 ], [ 0.037473524000063, 42.302286145000039 ], [ 0.012662671000044, 42.297206280000069 ], [ 0.009202938000044, 42.293732846000069 ], [ 0.010076765000065, 42.287296401000049 ], [ 0.003422545000035, 42.283712354000045 ], [ 0.00022644400002, 42.275919090000059 ], [ 0.005003, 42.261546999000075 ], [ -0.010899499999937, 42.263175999000055 ], [ -0.02128149999993, 42.262553499000035 ], [ -0.023582, 42.264930999000057 ], [ -0.038339, 42.264404499000079 ], [ -0.038011027999971, 42.270208657000069 ], [ -0.032289697999943, 42.279437753000025 ], [ -0.041997973999969, 42.288257698000052 ], [ -0.036662079999928, 42.313805488000071 ], [ -0.049950012999943, 42.328646238000033 ], [ -0.056395253999938, 42.332040674000041 ], [ -0.057171083999947, 42.347564310000053 ], [ -0.048214499999972, 42.353996499000061 ], [ -0.036734398999954, 42.358689758000025 ], [ -0.034772218999933, 42.361949835000075 ], [ -0.039394669999979, 42.365729098000031 ], [ -0.02665327099993, 42.371560942000031 ], [ 0.002970857000037, 42.367941632000054 ], [ 0.012928446000046, 42.361799217000055 ], [ 0.021221597000022, 42.360856188000071 ], [ 0.024832762000074, 42.383309752000059 ], [ 0.056089967000048, 42.388801718000025 ], [ 0.065118705000032, 42.413672836000046 ], [ 0.08597693300004, 42.426429727000027 ], [ 0.101046501000042, 42.429834264000078 ], [ 0.115627097000072, 42.428120467000042 ], [ 0.119070500000021, 42.430858499000067 ], [ 0.138776500000063, 42.433803499000078 ], [ 0.138485077000041, 42.430357919000073 ], [ 0.144274350000046, 42.427187647000039 ], [ 0.147537937000038, 42.418231996000031 ], [ 0.157864035000046, 42.424980661000063 ], [ 0.183525849000034, 42.42713744200006 ], [ 0.191056839000055, 42.430493565000063 ], [ 0.196835535000048, 42.423716229000036 ], [ 0.203266027000041, 42.421789118000049 ], [ 0.224032500000021, 42.432712499000047 ] ] ] } },
{ "type": "Feature", "properties": { "code": "22908", "name": "Hoz y Costean" }, "geometry": { "type": "Polygon", "coordinates": [ [ [ 0.10764, 42.115363999000067 ], [ 0.101383617000067, 42.120558905000053 ], [ 0.104852579000067, 42.133534090000069 ], [ 0.097706500000072, 42.150523999000029 ], [ 0.100584430000026, 42.166915633000031 ], [ 0.108986500000071, 42.18835449900007 ], [ 0.12427150000002, 42.193591999000034 ], [ 0.138587069000039, 42.175239500000032 ], [ 0.171410500000036, 42.161292999000068 ], [ 0.160269615000061, 42.157801766000034 ], [ 0.156113260000041, 42.144878482000081 ], [ 0.143840932000046, 42.141248560000065 ], [ 0.136946979000072, 42.133445040000026 ], [ 0.131361102000028, 42.119309784000052 ], [ 0.13191420000004, 42.109933165000029 ], [ 0.135540549000041, 42.104587841000068 ], [ 0.141424867000069, 42.10612479200006 ], [ 0.15300045500004, 42.118549557000051 ], [ 0.162704438000048, 42.123172676000081 ], [ 0.173029497000073, 42.116268791000039 ], [ 0.194560577000061, 42.110997900000029 ], [ 0.203933621000033, 42.105824061000078 ], [ 0.210490905000029, 42.098248535000039 ], [ 0.203783064000049, 42.090766838000036 ], [ 0.205442744000038, 42.081500580000068 ], [ 0.199686, 42.06475049900007 ], [ 0.170755943000074, 42.062439514000062 ], [ 0.165599410000027, 42.070120706000068 ], [ 0.164956095000036, 42.081371124000043 ], [ 0.154844985000068, 42.085054811000077 ], [ 0.157341944000052, 42.093038349000039 ], [ 0.154241073000037, 42.097215329000051 ], [ 0.119967256000052, 42.09291974100006 ], [ 0.111927500000036, 42.096217999000032 ], [ 0.112915638000061, 42.10550038100007 ], [ 0.10764, 42.115363999000067 ] ] ] } },
{ "type": "Feature", "properties": { "code": "22909", "name": "Vencillón" }, "geometry": { "type": "Polygon", "coordinates": [ [ [ 0.330832, 41.726441499000032 ], [ 0.344591, 41.70906099900003 ], [ 0.351341, 41.702525999000045 ], [ 0.342076500000076, 41.696525499000074 ], [ 0.341026, 41.69364949900006 ], [ 0.334408, 41.688113999000052 ], [ 0.315240500000073, 41.691614499000025 ], [ 0.31703839100004, 41.710191562000034 ], [ 0.301859720000039, 41.714922925000053 ], [ 0.298740804000033, 41.719195009000032 ], [ 0.309220999000047, 41.724885675000053 ], [ 0.330832, 41.726441499000032 ] ] ] } },
{ "type": "Feature", "properties": { "code": "22060", "name": "Binaced" }, "geometry": { "type": "Polygon", "coordinates": [ [ [ 0.290586500000074, 41.819717499000035 ], [ 0.272695075000058, 41.81316262100006 ], [ 0.25881454000006, 41.81668968300005 ], [ 0.248964668000042, 41.810515040000041 ], [ 0.250795482000058, 41.795104777000063 ], [ 0.267166343000042, 41.781456819000027 ], [ 0.24715150000003, 41.771880999000075 ], [ 0.232503408000071, 41.772432214000048 ], [ 0.223879486000044, 41.765686604000052 ], [ 0.215807027000039, 41.773478225000076 ], [ 0.210236255000041, 41.774591218000069 ], [ 0.190947, 41.766784499000039 ], [ 0.184271570000021, 41.770060533000049 ], [ 0.17910598900005, 41.778862618000062 ], [ 0.131541, 41.778274499000077 ], [ 0.127578, 41.782611999000039 ], [ 0.125219500000071, 41.789546999000038 ], [ 0.12557750000002, 41.798648999000079 ], [ 0.130723500000045, 41.802482499000064 ], [ 0.130920500000059, 41.80481749900008 ], [ 0.134453500000063, 41.812328499000046 ], [ 0.164430491000076, 41.808143211000072 ], [ 0.166477500000042, 41.834125499000038 ], [ 0.186013, 41.839069499000061 ], [ 0.210204886000042, 41.83356193700007 ], [ 0.21216664700006, 41.847885567000048 ], [ 0.215974508000045, 41.852799255000036 ], [ 0.234396137000033, 41.864114395000058 ], [ 0.251297500000021, 41.861678999000048 ], [ 0.262171396000042, 41.834698465000031 ], [ 0.282990336000069, 41.829059842000049 ], [ 0.290586500000074, 41.819717499000035 ] ] ] } },
{ "type": "Feature", "properties": { "code": "22061", "name": "Binéfar" }, "geometry": { "type": "Polygon", "coordinates": [ [ [ 0.32388450000002, 41.821586999000033 ], [ 0.290586500000074, 41.819717499000035 ], [ 0.282990336000069, 41.829059842000049 ], [ 0.262171396000042, 41.834698465000031 ], [ 0.251297500000021, 41.861678999000048 ], [ 0.254853484000023, 41.86769238200003 ], [ 0.261988719000044, 41.871176813000034 ], [ 0.271389451000061, 41.867933035000078 ], [ 0.280439977000071, 41.859548417000042 ], [ 0.288429326000028, 41.85853910600008 ], [ 0.29225602300005, 41.862368699000058 ], [ 0.28816450000005, 41.870189499000048 ], [ 0.295776660000058, 41.869671907000054 ], [ 0.304289114000028, 41.873821110000051 ], [ 0.311681913000029, 41.870640709000043 ], [ 0.313794030000054, 41.867960305000054 ], [ 0.313411539000072, 41.854425315000071 ], [ 0.322765455000024, 41.837502010000037 ], [ 0.329087132000041, 41.83355518500008 ], [ 0.339797500000032, 41.833522499000026 ], [ 0.335135868000066, 41.825864884000055 ], [ 0.32388450000002, 41.821586999000033 ] ] ] } },
{ "type": "Feature", "properties": { "code": "22062", "name": "Bisaurri" }, "geometry": { "type": "Polygon", "coordinates": [ [ [ 0.4704, 42.460506499000076 ], [ 0.466182500000059, 42.46847899900007 ], [ 0.466033500000037, 42.470634499000028 ], [ 0.461865, 42.471110999000075 ], [ 0.457072500000038, 42.477741499000047 ], [ 0.459071, 42.478912499000046 ], [ 0.459315, 42.481132499000068 ], [ 0.458317500000021, 42.482665999000062 ], [ 0.464618500000029, 42.487094999000078 ], [ 0.471469, 42.488624499000025 ], [ 0.47495, 42.491733499000077 ], [ 0.483396, 42.488242999000079 ], [ 0.487810500000023, 42.494537499000046 ], [ 0.488394, 42.500037999000028 ], [ 0.490236, 42.50273899900003 ], [ 0.497738500000025, 42.507217499000035 ], [ 0.503179500000044, 42.508098499000027 ], [ 0.508950500000026, 42.511359999000035 ], [ 0.499282, 42.518706999000074 ], [ 0.49787850000007, 42.522094499000048 ], [ 0.501744, 42.527686999000025 ], [ 0.50497050000007, 42.529197499000077 ], [ 0.51135, 42.53028099900007 ], [ 0.531127, 42.536002999000061 ], [ 0.562329500000033, 42.531860499000061 ], [ 0.567588500000056, 42.531849499000032 ], [ 0.575919, 42.529781999000079 ], [ 0.573595453000053, 42.521113754000055 ], [ 0.577366387000041, 42.511712193000051 ], [ 0.564626461000046, 42.508203987000059 ], [ 0.55479658500002, 42.499117059000071 ], [ 0.546074888000021, 42.496899711000026 ], [ 0.550273234000031, 42.491509379000036 ], [ 0.570465677000072, 42.483841581000036 ], [ 0.571780105000073, 42.473395538000034 ], [ 0.565831156000058, 42.467100440000081 ], [ 0.548541650000061, 42.460918117000062 ], [ 0.546720937000032, 42.442283943000064 ], [ 0.523842500000057, 42.428134999000065 ], [ 0.518433, 42.429191499000069 ], [ 0.521969354000021, 42.434498336000047 ], [ 0.51088654900002, 42.455805330000032 ], [ 0.4704, 42.460506499000076 ] ] ] } },
{ "type": "Feature", "properties": { "code": "22063", "name": "Biscarrués" }, "geometry": { "type": "Polygon", "coordinates": [ [ [ -0.751943499999925, 42.263599499000065 ], [ -0.747810132999973, 42.256476544000066 ], [ -0.75081832799998, 42.239949821000039 ], [ -0.742199652999943, 42.238246943000036 ], [ -0.728706589999945, 42.247729925000044 ], [ -0.716898890999971, 42.235504784000057 ], [ -0.729500234999932, 42.216871083000058 ], [ -0.705971726999962, 42.199779128000046 ], [ -0.717811360999974, 42.196341423000035 ], [ -0.720369004999952, 42.193153309000024 ], [ -0.709828457999947, 42.189316986000051 ], [ -0.703361914999959, 42.181609998000056 ], [ -0.689089499999966, 42.177310999000042 ], [ -0.69503949999995, 42.168830999000079 ], [ -0.717193, 42.171886499000038 ], [ -0.730373, 42.172668499000054 ], [ -0.735454, 42.173813499000062 ], [ -0.751599499999941, 42.172908999000072 ], [ -0.758611205999955, 42.17848443500003 ], [ -0.753413298999931, 42.184946125000067 ], [ -0.751305249999973, 42.199615452000046 ], [ -0.759679381999945, 42.207224641000039 ], [ -0.761899, 42.231322999000042 ], [ -0.75965, 42.248298499000043 ], [ -0.758002, 42.251056499000072 ], [ -0.759174, 42.256942999000046 ], [ -0.757961499999965, 42.25939549900005 ], [ -0.759362499999952, 42.263629999000045 ], [ -0.751943499999925, 42.263599499000065 ] ] ] } },
{ "type": "Feature", "properties": { "code": "22064", "name": "Blecua y Torres" }, "geometry": { "type": "Polygon", "coordinates": [ [ [ -0.210463499999946, 42.02746249900008 ], [ -0.239128, 42.041950499000052 ], [ -0.225895082999955, 42.049031741000078 ], [ -0.221187874999941, 42.061644392000062 ], [ -0.221393574999979, 42.068664013000046 ], [ -0.229821219999963, 42.085989748000031 ], [ -0.238526662999959, 42.087468259000048 ], [ -0.242264777999935, 42.091517791000058 ], [ -0.24123428799993, 42.095237754000038 ], [ -0.233556499999963, 42.09760299900006 ], [ -0.22539184599998, 42.096489876000078 ], [ -0.210698071999957, 42.105585702000042 ], [ -0.191453015999969, 42.109500427000057 ], [ -0.180329785999959, 42.108474220000062 ], [ -0.168589800999939, 42.100229776000049 ], [ -0.160216949999949, 42.091864018000081 ], [ -0.178780478999954, 42.08313705900008 ], [ -0.18103062199998, 42.076137976000041 ], [ -0.18579978799994, 42.073824069000068 ], [ -0.16876618799995, 42.063714993000076 ], [ -0.170402499999966, 42.046397999000078 ], [ -0.175784897999961, 42.040064363000056 ], [ -0.205847896999956, 42.036127255000054 ], [ -0.210463499999946, 42.02746249900008 ] ] ] } },
{ "type": "Feature", "properties": { "code": "22066", "name": "Boltaña" }, "geometry": { "type": "Polygon", "coordinates": [ [ [ -0.079121499999928, 42.339668499000027 ], [ -0.099210771999935, 42.342697293000072 ], [ -0.121301052999968, 42.35450628500007 ], [ -0.123507643999972, 42.359141123000029 ], [ -0.116550058999962, 42.36708851700007 ], [ -0.121900975999949, 42.372575286000028 ], [ -0.101573706999943, 42.385367832000043 ], [ -0.104563650999978, 42.393238466000071 ], [ -0.102555318999975, 42.39826172000005 ], [ -0.078728444999967, 42.407093488000044 ], [ -0.065832499999942, 42.422000999000034 ], [ -0.058311603999925, 42.420439643000066 ], [ -0.03648022699997, 42.40814193500006 ], [ -0.028679805999957, 42.410102410000036 ], [ -0.023145145999933, 42.41835048400003 ], [ -0.011726249999924, 42.421350480000058 ], [ -0.008298282999931, 42.42755169000003 ], [ -0.012352448999934, 42.439366289000077 ], [ -0.006780265999964, 42.447391119000031 ], [ 0.012370032000035, 42.448955476000037 ], [ 0.019451766000032, 42.458290545000068 ], [ 0.020594017000064, 42.466721677000066 ], [ 0.034525710000025, 42.464395109000066 ], [ 0.033554769000034, 42.471864704000041 ], [ 0.022388430000035, 42.48656975800003 ], [ 0.024455588000023, 42.493509214000028 ], [ 0.030706500000065, 42.498790499000052 ], [ 0.057968966000033, 42.495152401000041 ], [ 0.068908054000076, 42.490274183000054 ], [ 0.073338604000071, 42.501370596000072 ], [ 0.09519350000005, 42.496661999000025 ], [ 0.09818158500002, 42.493434857000068 ], [ 0.097465, 42.484027999000034 ], [ 0.091546321000067, 42.480260083000076 ], [ 0.085657230000038, 42.470317888000068 ], [ 0.085765613000035, 42.459532137000053 ], [ 0.101676048000058, 42.442073441000048 ], [ 0.119070500000021, 42.430858499000067 ], [ 0.115627097000072, 42.428120467000042 ], [ 0.101046501000042, 42.429834264000078 ], [ 0.08597693300004, 42.426429727000027 ], [ 0.065118705000032, 42.413672836000046 ], [ 0.056089967000048, 42.388801718000025 ], [ 0.024832762000074, 42.383309752000059 ], [ 0.021221597000022, 42.360856188000071 ], [ 0.012928446000046, 42.361799217000055 ], [ 0.002970857000037, 42.367941632000054 ], [ -0.02665327099993, 42.371560942000031 ], [ -0.039394669999979, 42.365729098000031 ], [ -0.034772218999933, 42.361949835000075 ], [ -0.036734398999954, 42.358689758000025 ], [ -0.048214499999972, 42.353996499000061 ], [ -0.063606718999949, 42.35923235000007 ], [ -0.081904981999969, 42.347583265000026 ], [ -0.079121499999928, 42.339668499000027 ] ] ] } },
{ "type": "Feature", "properties": { "code": "22067", "name": "Bonansa" }, "geometry": { "type": "Polygon", "coordinates": [ [ [ 0.645013500000061, 42.442530499000043 ], [ 0.668970606000073, 42.449232746000064 ], [ 0.680230040000026, 42.44938509800005 ], [ 0.68305388400006, 42.443585977000055 ], [ 0.681006413000034, 42.433367462000035 ], [ 0.690255149000052, 42.425299836000079 ], [ 0.714838178000036, 42.423624019000044 ], [ 0.719218500000068, 42.428966499000069 ], [ 0.726295913000058, 42.426257851000059 ], [ 0.73457060000004, 42.41624222300004 ], [ 0.734586414000034, 42.409224033000044 ], [ 0.727190258000064, 42.405136156000026 ], [ 0.737726118000069, 42.39740124900004 ], [ 0.745281515000045, 42.385119454000062 ], [ 0.743042396000021, 42.379714724000053 ], [ 0.735356500000023, 42.376136999000039 ], [ 0.68452108300005, 42.39262965100005 ], [ 0.669071, 42.394866999000044 ], [ 0.658409894000044, 42.404322078000064 ], [ 0.633763500000043, 42.413505499000053 ], [ 0.64023581500004, 42.422064965000061 ], [ 0.650028898000073, 42.428489886000079 ], [ 0.65161353000002, 42.434678456000029 ], [ 0.645013500000061, 42.442530499000043 ] ] ] } },
{ "type": "Feature", "properties": { "code": "22068", "name": "Borau" }, "geometry": { "type": "MultiPolygon", "coordinates": [ [ [ [ -0.536949499999935, 42.74903499900006 ], [ -0.532231499999966, 42.728141999000059 ], [ -0.545844485999964, 42.733545698000057 ], [ -0.553464499999961, 42.729877499000054 ], [ -0.566658545999928, 42.732801022000046 ], [ -0.568570995999949, 42.738038040000049 ], [ -0.564441046999946, 42.746817760000056 ], [ -0.552969369999971, 42.755276322000043 ], [ -0.536949499999935, 42.74903499900006 ] ] ], [ [ [ -0.567046499999947, 42.680247999000073 ], [ -0.577335786999924, 42.660903310000037 ], [ -0.569554120999953, 42.638402763000045 ], [ -0.577900499999942, 42.620414999000047 ], [ -0.584744, 42.622844499000053 ], [ -0.593067499999961, 42.624217999000052 ], [ -0.597756499999946, 42.621551499000077 ], [ -0.604063, 42.625899999000069 ], [ -0.604076, 42.620818999000051 ], [ -0.613523499999928, 42.618945999000061 ], [ -0.613617499999975, 42.616184499000042 ], [ -0.61576249999996, 42.614959999000064 ], [ -0.621706, 42.615768499000069 ], [ -0.630123, 42.615660999000056 ], [ -0.636649499999976, 42.621669999000062 ], [ -0.637262537999959, 42.631279443000039 ], [ -0.631083951999926, 42.635033542000031 ], [ -0.630387489999976, 42.641204605000041 ], [ -0.614595732999931, 42.642161084000065 ], [ -0.60024720399997, 42.656073408000054 ], [ -0.599935570999946, 42.668489100000045 ], [ -0.604135160999931, 42.67592202600008 ], [ -0.594965902999945, 42.694313625000063 ], [ -0.568014193999943, 42.716896463000069 ], [ -0.555994, 42.713695499000039 ], [ -0.541993009999942, 42.704485954000063 ], [ -0.540689289999932, 42.692608713000027 ], [ -0.549155862999953, 42.685652471000026 ], [ -0.561590470999931, 42.690645972000027 ], [ -0.567046499999947, 42.680247999000073 ] ] ] ] } },
{ "type": "Feature", "properties": { "code": "22069", "name": "Broto" }, "geometry": { "type": "Polygon", "coordinates": [ [ [ -0.230308499999978, 42.598483999000052 ], [ -0.224845802999937, 42.601395343000036 ], [ -0.206476, 42.600471499000037 ], [ -0.188604489999932, 42.595868524000025 ], [ -0.162660917999972, 42.603465315000051 ], [ -0.133274933999928, 42.605420744000071 ], [ -0.128014046999965, 42.61332765700007 ], [ -0.107152161999977, 42.614421170000071 ], [ -0.091305748999957, 42.620853685000043 ], [ -0.077836984999976, 42.622071774000062 ], [ -0.07547385099997, 42.623953377000078 ], [ -0.078425062999941, 42.629214905000026 ], [ -0.067503, 42.632816499000057 ], [ -0.066810106999981, 42.621875991000024 ], [ -0.058206097999971, 42.609701317000031 ], [ -0.058229247999975, 42.589472382000054 ], [ -0.048569, 42.567393999000046 ], [ -0.05153514899996, 42.555456099000025 ], [ -0.074311428999977, 42.558377629000063 ], [ -0.076377304999937, 42.562688653000066 ], [ -0.08522648099995, 42.558026487000063 ], [ -0.093039912999927, 42.546968772000071 ], [ -0.090702324999938, 42.536080847000051 ], [ -0.097296558999972, 42.528443648000064 ], [ -0.099712538999938, 42.515845303000049 ], [ -0.116578180999966, 42.50309678800005 ], [ -0.120664162999958, 42.503104719000078 ], [ -0.128144620999933, 42.511133269000027 ], [ -0.133552821999956, 42.512842255000066 ], [ -0.14060402299998, 42.527704628000038 ], [ -0.150227724999979, 42.517152741000075 ], [ -0.16305383699995, 42.516253696000035 ], [ -0.172056722999969, 42.511137709000025 ], [ -0.181717, 42.509964499000034 ], [ -0.189417806999927, 42.522926852000069 ], [ -0.18587191599994, 42.53466710400005 ], [ -0.192157486999974, 42.539316024000073 ], [ -0.211820806999924, 42.537072257000034 ], [ -0.246121, 42.546375499000078 ], [ -0.236308417999965, 42.558113469000034 ], [ -0.22366302699993, 42.562156707000042 ], [ -0.224758615999974, 42.567457476000072 ], [ -0.222188913999958, 42.56985203000005 ], [ -0.229309455999953, 42.57859570200003 ], [ -0.230308499999978, 42.598483999000052 ] ] ] } },
{ "type": "Feature", "properties": { "code": "22072", "name": "Caldearenas" }, "geometry": { "type": "Polygon", "coordinates": [ [ [ -0.461809, 42.473522499000069 ], [ -0.453188671999953, 42.471674920000055 ], [ -0.44343923699995, 42.474748228000067 ], [ -0.427983325999946, 42.457726309000066 ], [ -0.453294743999948, 42.453054161000068 ], [ -0.482608004999975, 42.455740184000035 ], [ -0.504152739999938, 42.448872232000042 ], [ -0.505893546999971, 42.445629887000052 ], [ -0.503174342999955, 42.439779341000076 ], [ -0.482608004999975, 42.431855892000044 ], [ -0.474568764999958, 42.430262132000053 ], [ -0.458300788999964, 42.419562208000059 ], [ -0.457523901999934, 42.414833957000042 ], [ -0.451819086999933, 42.413302764000036 ], [ -0.446362398999952, 42.406367676000059 ], [ -0.443956206999928, 42.395822492000036 ], [ -0.416775663999942, 42.383879795000041 ], [ -0.379995989999941, 42.375448600000027 ], [ -0.37696615699997, 42.35795517300005 ], [ -0.369450753999956, 42.348556268000038 ], [ -0.363573, 42.34723199900003 ], [ -0.37001143599997, 42.337333423000075 ], [ -0.370986513999981, 42.327597302000072 ], [ -0.398532, 42.328242999000054 ], [ -0.397861400999943, 42.336445665000042 ], [ -0.400058343999945, 42.338605180000059 ], [ -0.414702933999934, 42.337641895000047 ], [ -0.424408971999981, 42.341135386000076 ], [ -0.464789141999972, 42.339676101000066 ], [ -0.471734244999936, 42.337042067000027 ], [ -0.49058249999996, 42.346656999000061 ], [ -0.499984499999925, 42.348987499000032 ], [ -0.511604, 42.350185499000077 ], [ -0.516185499999949, 42.353156999000078 ], [ -0.521364, 42.354846999000074 ], [ -0.52914549999997, 42.361686499000029 ], [ -0.569986863999929, 42.390068844000041 ], [ -0.579910103999964, 42.390935100000036 ], [ -0.613020525999957, 42.382734633000041 ], [ -0.653756621999946, 42.386820682000064 ], [ -0.674466290999931, 42.398317332000033 ], [ -0.665372882999975, 42.406728599000076 ], [ -0.657580013999961, 42.409623942000053 ], [ -0.65673131799997, 42.414712702000031 ], [ -0.647696, 42.426757999000074 ], [ -0.63420386599995, 42.426786364000066 ], [ -0.623970629999974, 42.415976820000026 ], [ -0.602540593999947, 42.427935575000049 ], [ -0.596668398999952, 42.428334373000041 ], [ -0.594395363999979, 42.423656709000056 ], [ -0.583972050999932, 42.425123672000041 ], [ -0.577674626999965, 42.432587846000047 ], [ -0.581862865999938, 42.443739104000031 ], [ -0.57863870999995, 42.452402449000033 ], [ -0.553210732999958, 42.483569363000072 ], [ -0.545564465999973, 42.483495183000059 ], [ -0.536944430999938, 42.48986306900008 ], [ -0.500642271999936, 42.478967028000056 ], [ -0.499468908999972, 42.473434968000049 ], [ -0.488234425999963, 42.464092127000072 ], [ -0.482608004999975, 42.471863991000077 ], [ -0.461809, 42.473522499000069 ] ] ] } },
{ "type": "Feature", "properties": { "code": "22074", "name": "Campo" }, "geometry": { "type": "Polygon", "coordinates": [ [ [ 0.411825, 42.392970999000056 ], [ 0.395880985000019, 42.393043871000032 ], [ 0.376857304000055, 42.402043208000066 ], [ 0.373018632000026, 42.413546342000075 ], [ 0.383075419000022, 42.427927132000036 ], [ 0.380909133000046, 42.436363109000069 ], [ 0.368503568000051, 42.452915444000041 ], [ 0.373564500000043, 42.465789999000037 ], [ 0.426153, 42.44482399900005 ], [ 0.412619251000024, 42.417142227000056 ], [ 0.411825, 42.392970999000056 ] ] ] } },
{ "type": "Feature", "properties": { "code": "22075", "name": "Camporrélls" }, "geometry": { "type": "Polygon", "coordinates": [ [ [ 0.500486, 41.964904999000055 ], [ 0.51613138600004, 41.973279340000033 ], [ 0.545757575000039, 41.973425797000061 ], [ 0.56670615400003, 41.966731966000054 ], [ 0.576589, 41.95506799900005 ], [ 0.567052205000039, 41.945389995000028 ], [ 0.562496500000066, 41.932674499000029 ], [ 0.542698651000023, 41.936822656000061 ], [ 0.514001378000046, 41.931686261000038 ], [ 0.510580054000059, 41.926218415000051 ], [ 0.510525500000028, 41.913684999000054 ], [ 0.491564500000038, 41.908248999000079 ], [ 0.496695325000076, 41.934927404000064 ], [ 0.50148083800002, 41.944910151000045 ], [ 0.500486, 41.964904999000055 ] ] ] } },
{ "type": "Feature", "properties": { "code": "22076", "name": "Canal de Berdún" }, "geometry": { "type": "Polygon", "coordinates": [ [ [ -0.829633499999943, 42.570155999000065 ], [ -0.845534318999967, 42.573908996000057 ], [ -0.849896998999952, 42.55929769200003 ], [ -0.855515984999954, 42.560123092000026 ], [ -0.860046457999943, 42.554685459000041 ], [ -0.874776672999928, 42.553017277000038 ], [ -0.873310652999976, 42.544331743000043 ], [ -0.877328896999927, 42.53405305800004 ], [ -0.891315875999965, 42.526568438000027 ], [ -0.892983499999957, 42.509826499000042 ], [ -0.901888147999955, 42.51120333700004 ], [ -0.91675887699995, 42.503558872000042 ], [ -0.933417499999962, 42.505851499000073 ], [ -0.927206558999956, 42.523289242000033 ], [ -0.918633666999938, 42.534732114000064 ], [ -0.912728047999963, 42.53818301900003 ], [ -0.898742273999972, 42.539346718000047 ], [ -0.895346375999964, 42.548001977000069 ], [ -0.899547970999947, 42.559107500000039 ], [ -0.917724246999967, 42.556083591000061 ], [ -0.922628072999942, 42.570726877000027 ], [ -0.930663, 42.570403999000064 ], [ -0.933194921999927, 42.574313089000043 ], [ -0.924506761999965, 42.587149437000051 ], [ -0.908018661999961, 42.589285367000059 ], [ -0.905299186999969, 42.599725741000043 ], [ -0.914676499999928, 42.602298999000027 ], [ -0.905868834999978, 42.610761171000036 ], [ -0.905325302999927, 42.614875772000062 ], [ -0.911278884999945, 42.633014158000037 ], [ -0.927637, 42.65621199900005 ], [ -0.903801382999973, 42.656876002000047 ], [ -0.893953662999934, 42.662768967000034 ], [ -0.887739235999959, 42.669151556000031 ], [ -0.880117, 42.693927999000039 ], [ -0.857972, 42.689956499000061 ], [ -0.847769729999925, 42.679294863000052 ], [ -0.848365955999952, 42.672923397000034 ], [ -0.838540339999952, 42.675804375000041 ], [ -0.829557293999926, 42.673771672000044 ], [ -0.822687000999963, 42.650818498000035 ], [ -0.81503023199997, 42.637826416000053 ], [ -0.807089300999962, 42.635795044000076 ], [ -0.793071, 42.64952099900006 ], [ -0.771935963999965, 42.647804177000069 ], [ -0.776612394999972, 42.639279085000055 ], [ -0.766595914999925, 42.637865743000077 ], [ -0.757785499999954, 42.628322499000035 ], [ -0.769716766999977, 42.61895686400004 ], [ -0.788083514999926, 42.613798794000047 ], [ -0.802691556999946, 42.599008598000069 ], [ -0.808836347999943, 42.587604363000025 ], [ -0.829633499999943, 42.570155999000065 ] ] ] } },
{ "type": "Feature", "properties": { "code": "22077", "name": "Candasnos" }, "geometry": { "type": "Polygon", "coordinates": [ [ [ 0.031544, 41.465022999000041 ], [ 0.010372056000051, 41.48127241800006 ], [ -0.005048597999973, 41.487349949000077 ], [ -0.008394838999948, 41.495116664000079 ], [ -0.007457454999951, 41.504533335000076 ], [ 0.000620838000032, 41.523447789000045 ], [ 0.013122319000047, 41.539237529000047 ], [ 0.016793585000073, 41.554906710000068 ], [ 0.022487500000068, 41.560622999000032 ], [ 0.037109500000042, 41.563091499000052 ], [ 0.044649500000048, 41.562530499000047 ], [ 0.07262, 41.547019999000042 ], [ 0.084828500000071, 41.547080999000059 ], [ 0.089758, 41.544868499000074 ], [ 0.093077, 41.544803499000068 ], [ 0.099339500000042, 41.542411499000025 ], [ 0.112195547000056, 41.532004015000041 ], [ 0.123984763000067, 41.515275682000038 ], [ 0.141911106000066, 41.503189558000031 ], [ 0.137884059000044, 41.476365849000047 ], [ 0.140517910000028, 41.466885570000045 ], [ 0.139168019000067, 41.458771077000051 ], [ 0.132106545000056, 41.45104587700007 ], [ 0.11744630100003, 41.445706663000067 ], [ 0.115721411000038, 41.435699529000033 ], [ 0.109704241000031, 41.429151420000039 ], [ 0.109462602000065, 41.420468059000029 ], [ 0.10150470800005, 41.420309497000062 ], [ 0.091986001000066, 41.428318713000067 ], [ 0.077128658000049, 41.429775856000049 ], [ 0.072191300000043, 41.43872904400007 ], [ 0.056248843000049, 41.45245305800006 ], [ 0.031544, 41.465022999000041 ] ] ] } },
{ "type": "Feature", "properties": { "code": "22078", "name": "Canfranc" }, "geometry": { "type": "Polygon", "coordinates": [ [ [ -0.532231499999966, 42.728141999000059 ], [ -0.536949499999935, 42.74903499900006 ], [ -0.535022940999966, 42.756449810000049 ], [ -0.516030924999939, 42.771607987000039 ], [ -0.515282446999947, 42.778936513000076 ], [ -0.518072334999943, 42.783694868000055 ], [ -0.512699, 42.792903999000032 ], [ -0.494530424999937, 42.796715873000039 ], [ -0.478555, 42.809646499000053 ], [ -0.452872442999933, 42.803660300000047 ], [ -0.444611567999971, 42.796932964000064 ], [ -0.439607, 42.79705799900006 ], [ -0.439847799999939, 42.784728207000057 ], [ -0.454880531999947, 42.781463602000031 ], [ -0.45983875099995, 42.775761084000067 ], [ -0.451929971999959, 42.76907269600008 ], [ -0.426407891999929, 42.764612627000076 ], [ -0.422135283999978, 42.761167862000036 ], [ -0.421901730999934, 42.749780429000054 ], [ -0.427579360999971, 42.738632940000059 ], [ -0.439265499999976, 42.732349499000065 ], [ -0.44248018299993, 42.727761137000073 ], [ -0.440462080999964, 42.715089814000066 ], [ -0.448628, 42.707526999000038 ], [ -0.460923547999926, 42.706666703000053 ], [ -0.482608004999975, 42.717922757000053 ], [ -0.491971150999973, 42.719468987000027 ], [ -0.497665122999933, 42.716320676000066 ], [ -0.514634958999977, 42.716411879000077 ], [ -0.517741129999933, 42.709311103000061 ], [ -0.529283009999972, 42.700544026000046 ], [ -0.53342999299997, 42.719058248000067 ], [ -0.536464687999967, 42.721681458000035 ], [ -0.532231499999966, 42.728141999000059 ] ] ] } },
{ "type": "Feature", "properties": { "code": "22079", "name": "Capdesaso" }, "geometry": { "type": "Polygon", "coordinates": [ [ [ -0.212433, 41.832576999000025 ], [ -0.221031650999976, 41.853351498000052 ], [ -0.169954, 41.866298499000038 ], [ -0.161235506999958, 41.854870338000069 ], [ -0.164512313999978, 41.850775141000042 ], [ -0.160091200999943, 41.840298998000037 ], [ -0.161392325999941, 41.832821494000029 ], [ -0.167542055999945, 41.82495412600008 ], [ -0.174521117999973, 41.821944280000025 ], [ -0.188194833999944, 41.821680762000028 ], [ -0.212433, 41.832576999000025 ] ] ] } },
{ "type": "Feature", "properties": { "code": "22080", "name": "Capella" }, "geometry": { "type": "Polygon", "coordinates": [ [ [ 0.482219500000042, 42.209979999000041 ], [ 0.494067165000047, 42.205720774000042 ], [ 0.494095731000073, 42.188724197000056 ], [ 0.490524, 42.17734899900006 ], [ 0.485560431000067, 42.156703390000075 ], [ 0.48708076500003, 42.14408316600003 ], [ 0.479110950000063, 42.144786802000056 ], [ 0.460268375000055, 42.139290748000064 ], [ 0.436844500000063, 42.141628499000035 ], [ 0.429594179000048, 42.158014039000079 ], [ 0.413033265000024, 42.162727226000072 ], [ 0.391244359000041, 42.16046347200006 ], [ 0.371451185000069, 42.172899966000045 ], [ 0.380801740000038, 42.179744524000057 ], [ 0.379924001000063, 42.202159934000065 ], [ 0.389672380000036, 42.214908054000034 ], [ 0.400862047000032, 42.218384322000077 ], [ 0.41137339900007, 42.217685777000042 ], [ 0.428896412000029, 42.205350278000026 ], [ 0.482219500000042, 42.209979999000041 ] ] ] } },
{ "type": "Feature", "properties": { "code": "22081", "name": "Casbas de Huesca" }, "geometry": { "type": "Polygon", "coordinates": [ [ [ -0.10749, 42.103042499000026 ], [ -0.113453025999945, 42.105428640000071 ], [ -0.123058975999925, 42.11643371100007 ], [ -0.144031835999954, 42.125301439000054 ], [ -0.162620164999964, 42.126142346000051 ], [ -0.172560992999934, 42.123006502000067 ], [ -0.17900949999995, 42.126483999000072 ], [ -0.174887212999977, 42.132598165000047 ], [ -0.172978023999974, 42.148863731000063 ], [ -0.183787990999974, 42.168106462000026 ], [ -0.193828634999932, 42.17117040100004 ], [ -0.197596681999926, 42.178980972000033 ], [ -0.20606, 42.180621999000039 ], [ -0.189687667999976, 42.197066706000044 ], [ -0.186191445999953, 42.205271437000079 ], [ -0.220422209999924, 42.229409330000067 ], [ -0.226646267999968, 42.226059560000067 ], [ -0.263877917999935, 42.23115062800008 ], [ -0.272796805999974, 42.254772736000064 ], [ -0.272893323999938, 42.264493634000075 ], [ -0.266093, 42.270694499000058 ], [ -0.26020750899994, 42.268979013000035 ], [ -0.252133642999979, 42.283914516000038 ], [ -0.243109452999931, 42.281945298000039 ], [ -0.238516637999965, 42.285854837000045 ], [ -0.222509260999971, 42.29002487300005 ], [ -0.162125311999944, 42.273369775000049 ], [ -0.147697583999957, 42.27852647900005 ], [ -0.141948472999957, 42.274581111000032 ], [ -0.12395018999996, 42.251181393000024 ], [ -0.125283971999977, 42.218238401000065 ], [ -0.143391111999961, 42.199764434000031 ], [ -0.13876298699995, 42.186200425000038 ], [ -0.124594898999931, 42.180135194000059 ], [ -0.130116439999938, 42.175455867000039 ], [ -0.130391756999927, 42.167781999000056 ], [ -0.119892105999952, 42.161809601000073 ], [ -0.098321805999944, 42.134446474000072 ], [ -0.101522718999945, 42.125813842000071 ], [ -0.108179396999958, 42.120223536000026 ], [ -0.105133327999965, 42.112158572000055 ], [ -0.10749, 42.103042499000026 ] ] ] } }
]
}
