{
"type": "FeatureCollection",
"crs": { "type": "name", "properties": { "name": "urn:ogc:def:crs:OGC:1.3:CRS84" } },
"features": [
{ "type": "Feature", "properties": { "code": "26001", "name": "Ábalos" }, "geometry": { "type": "Polygon", "coordinates": [ [ [ -2.699312499999962, 42.527241999000069 ], [ -2.703192, 42.52987149900008 ], [ -2.708299, 42.536602999000081 ], [ -2.71362849999997, 42.540146999000058 ], [ -2.714718499999947, 42.543506499000046 ], [ -2.717909499999962, 42.546016499000075 ], [ -2.719639, 42.554206499000031 ], [ -2.724079, 42.555785999000079 ], [ -2.727922, 42.559837499000025 ], [ -2.725727499999948, 42.566062999000053 ], [ -2.72666449999997, 42.568965999000056 ], [ -2.726166, 42.571746999000027 ], [ -2.722088, 42.576026999000078 ], [ -2.716645, 42.585819499000081 ], [ -2.70949, 42.591796999000053 ], [ -2.706342, 42.599796499000036 ], [ -2.688626499999941, 42.596258999000042 ], [ -2.685661, 42.594931999000039 ], [ -2.681769, 42.595394999000064 ], [ -2.68587525099997, 42.582360530000074 ], [ -2.687513699999954, 42.559479732000057 ], [ -2.691447499999924, 42.542735999000058 ], [ -2.699312499999962, 42.527241999000069 ] ] ] } },
{ "type": "Feature", "properties": { "code": "26002", "name": "Agoncillo" }, "geometry": { "type": "MultiPolygon", "coordinates": [ [ [ [ -2.210865499999954, 42.414760499000067 ], [ -2.214898157999926, 42.406036454000059 ], [ -2.212564, 42.391338499000028 ], [ -2.230984, 42.39403549900004 ], [ -2.243657, 42.398154999000042 ], [ -2.249302499999942, 42.402675499000054 ], [ -2.253038499999946, 42.407249499000045 ], [ -2.245788293999965, 42.412250150000034 ], [ -2.235654499999953, 42.429482999000072 ], [ -2.232952616999967, 42.426019866000047 ], [ -2.214239680999981, 42.422298709000074 ], [ -2.215252867999936, 42.416217925000069 ], [ -2.210865499999954, 42.414760499000067 ] ] ], [ [ [ -2.344292, 42.437063499000033 ], [ -2.344233499999973, 42.451535999000043 ], [ -2.332496201999959, 42.454232428000068 ], [ -2.335535568999944, 42.464121895000062 ], [ -2.331354626999939, 42.467770998000049 ], [ -2.298874186999967, 42.457994517000031 ], [ -2.294362843999977, 42.460094520000041 ], [ -2.296203681999941, 42.467327400000045 ], [ -2.288027, 42.467334999000059 ], [ -2.286810815999957, 42.461059115000069 ], [ -2.27956779699997, 42.455456168000069 ], [ -2.275109897999926, 42.446508544000039 ], [ -2.257928499999935, 42.447803499000031 ], [ -2.269983312999955, 42.435811419000061 ], [ -2.264735365999968, 42.431651663000025 ], [ -2.260952, 42.416377499000077 ], [ -2.267285911999977, 42.413324077000027 ], [ -2.281467877999944, 42.412426113000038 ], [ -2.295491641999945, 42.423649308000051 ], [ -2.326640578999957, 42.428402768000069 ], [ -2.344292, 42.437063499000033 ] ] ] ] } },
{ "type": "Feature", "properties": { "code": "26003", "name": "Aguilar del Río Alhama" }, "geometry": { "type": "Polygon", "coordinates": [ [ [ -2.023398, 41.984538999000051 ], [ -1.996371689999933, 41.992141421000042 ], [ -1.987660073999962, 41.990830302000063 ], [ -1.939445211999953, 41.95947422200004 ], [ -1.91629258599994, 41.947626367000055 ], [ -1.906666, 41.945575499000029 ], [ -1.906016228999931, 41.943175996000036 ], [ -1.911402151999937, 41.939629169000057 ], [ -1.915168, 41.932239499000048 ], [ -1.921922525999946, 41.933591990000025 ], [ -1.940318269999977, 41.925705483000058 ], [ -1.954307313999948, 41.926823331000037 ], [ -1.963876977999973, 41.920004549000055 ], [ -1.982089, 41.919250499000043 ], [ -1.996345015999964, 41.928999336000061 ], [ -2.002171023999949, 41.938638324000067 ], [ -2.012809107999942, 41.941311462000044 ], [ -2.026939874999925, 41.952134871000055 ], [ -2.033985959999939, 41.946499919000075 ], [ -2.036392, 41.939391999000065 ], [ -2.045833251999966, 41.949478568000075 ], [ -2.051253499999973, 41.950854999000057 ], [ -2.048290537999947, 41.959624559000076 ], [ -2.049914499999943, 41.972621999000069 ], [ -2.046108190999973, 41.976495687000067 ], [ -2.023398, 41.984538999000051 ] ] ] } },
{ "type": "Feature", "properties": { "code": "26004", "name": "Ajamil de Cameros" }, "geometry": { "type": "Polygon", "coordinates": [ [ [ -2.508071, 42.166076499000042 ], [ -2.498243582999976, 42.173660955000059 ], [ -2.486687487999973, 42.176149148000036 ], [ -2.471431655999936, 42.171660031000044 ], [ -2.463363982999965, 42.163162825000029 ], [ -2.447754499999974, 42.165095999000073 ], [ -2.420967204999954, 42.159995438000067 ], [ -2.415531657999963, 42.167126215000053 ], [ -2.417943223999941, 42.183821745000046 ], [ -2.427034477999939, 42.192217841000058 ], [ -2.437981843999978, 42.19352625700003 ], [ -2.445161499999926, 42.210872499000061 ], [ -2.3627, 42.194728999000063 ], [ -2.354229047999979, 42.184269315000051 ], [ -2.362308948999953, 42.169820315000038 ], [ -2.369897313999957, 42.163637078000079 ], [ -2.394293781999977, 42.161613771000077 ], [ -2.400318358999925, 42.154568379000068 ], [ -2.401944499999956, 42.145755999000073 ], [ -2.401409499999943, 42.139556999000035 ], [ -2.440361416999963, 42.136493447000078 ], [ -2.458478850999938, 42.116013381000073 ], [ -2.471093902999939, 42.113988429000074 ], [ -2.483596603999956, 42.107226913000034 ], [ -2.508525, 42.115424999000027 ], [ -2.50555908399997, 42.122485508000068 ], [ -2.505433917999937, 42.135297140000034 ], [ -2.513947091999967, 42.148511468000038 ], [ -2.514911, 42.154945499000064 ], [ -2.508071, 42.166076499000042 ] ] ] } },
{ "type": "Feature", "properties": { "code": "26005", "name": "Albelda de Iregua" }, "geometry": { "type": "Polygon", "coordinates": [ [ [ -2.503843, 42.36437599900006 ], [ -2.507635560999972, 42.370592248000037 ], [ -2.501458636999928, 42.372871770000074 ], [ -2.499688245999948, 42.377005186000076 ], [ -2.490948737999929, 42.37411888400004 ], [ -2.486459812999954, 42.389428778000081 ], [ -2.488048, 42.396636999000066 ], [ -2.473250544999928, 42.395571541000038 ], [ -2.460169, 42.389869499000042 ], [ -2.448147, 42.386752999000066 ], [ -2.441930439999965, 42.377623004000043 ], [ -2.446670489999974, 42.354467559000057 ], [ -2.440825595999968, 42.346692001000065 ], [ -2.448576847999959, 42.338589056000046 ], [ -2.449842499999932, 42.331519999000079 ], [ -2.480243315999928, 42.34365015000003 ], [ -2.48376848099997, 42.347241501000042 ], [ -2.484601029999965, 42.35478609200004 ], [ -2.503843, 42.36437599900006 ] ] ] } },
{ "type": "Feature", "properties": { "code": "26006", "name": "Alberite" }, "geometry": { "type": "Polygon", "coordinates": [ [ [ -2.373314499999935, 42.416824499000029 ], [ -2.364852093999957, 42.401916185000061 ], [ -2.364590499999963, 42.394908499000053 ], [ -2.372284244999946, 42.388978446000067 ], [ -2.398443, 42.38327749900003 ], [ -2.410633163999933, 42.389605265000057 ], [ -2.424091903999965, 42.392215195000063 ], [ -2.448147, 42.386752999000066 ], [ -2.460169, 42.389869499000042 ], [ -2.439535673999956, 42.425645386000042 ], [ -2.435722, 42.427200999000036 ], [ -2.437441844999967, 42.419118482000044 ], [ -2.427589333999947, 42.411349872000073 ], [ -2.404908689999957, 42.410813355000073 ], [ -2.373314499999935, 42.416824499000029 ] ] ] } },
{ "type": "Feature", "properties": { "code": "26007", "name": "Alcanadre" }, "geometry": { "type": "Polygon", "coordinates": [ [ [ -2.210865499999954, 42.414760499000067 ], [ -2.197291162999932, 42.419022389000077 ], [ -2.186430214999973, 42.418305585000041 ], [ -2.176961864999953, 42.408917976000055 ], [ -2.167120107999949, 42.408044173000064 ], [ -2.159776780999948, 42.40997537100003 ], [ -2.153873408999971, 42.417594144000077 ], [ -2.146876387999953, 42.416942137000035 ], [ -2.132986499999959, 42.42116549900004 ], [ -2.111264, 42.419528999000079 ], [ -2.106064754999977, 42.415245162000076 ], [ -2.114591632999975, 42.399002968000048 ], [ -2.108241988999964, 42.392821049000077 ], [ -2.088995580999949, 42.384049652000044 ], [ -2.092822, 42.375800499000036 ], [ -2.121142, 42.385837499000047 ], [ -2.14023149999997, 42.390952999000035 ], [ -2.152836499999978, 42.388607499000045 ], [ -2.160422499999925, 42.388267499000051 ], [ -2.179097, 42.380657499000051 ], [ -2.193835499999977, 42.376575499000069 ], [ -2.199098, 42.381042999000044 ], [ -2.205507348999959, 42.388412308000056 ], [ -2.212564, 42.391338499000028 ], [ -2.214898157999926, 42.406036454000059 ], [ -2.210865499999954, 42.414760499000067 ] ] ] } },
{ "type": "Feature", "properties": { "code": "26008", "name": "Aldeanueva de Ebro" }, "geometry": { "type": "Polygon", "coordinates": [ [ [ -1.868023499999936, 42.268474499000035 ], [ -1.875301541999931, 42.259350815000062 ], [ -1.87269, 42.252940999000032 ], [ -1.878418, 42.248447954000028 ], [ -1.873116309999943, 42.243441707000045 ], [ -1.871731086999944, 42.225152890000061 ], [ -1.883258, 42.200145999000028 ], [ -1.914187046999928, 42.19096430500008 ], [ -1.933776, 42.172996499000078 ], [ -1.929870296999979, 42.186597966000079 ], [ -1.925019560999942, 42.19060502800005 ], [ -1.920531079999932, 42.20264645900005 ], [ -1.921687024999926, 42.208678736000024 ], [ -1.931824004999953, 42.219334042000071 ], [ -1.958288075999974, 42.22601018000006 ], [ -1.967293963999964, 42.232948091000026 ], [ -1.966654499999947, 42.237292999000033 ], [ -1.907954594999978, 42.260232719000044 ], [ -1.896269630999939, 42.25813669300004 ], [ -1.888767136999945, 42.264028074000066 ], [ -1.879196584999931, 42.263334499000052 ], [ -1.868023499999936, 42.268474499000035 ] ] ] } },
{ "type": "Feature", "properties": { "code": "26009", "name": "Alesanco" }, "geometry": { "type": "Polygon", "coordinates": [ [ [ -2.823359, 42.399863999000047 ], [ -2.826795910999977, 42.411416582000072 ], [ -2.835092920999955, 42.41780325700006 ], [ -2.845469397999977, 42.420168156000045 ], [ -2.84925949999996, 42.432452999000077 ], [ -2.848861499999941, 42.435848499000031 ], [ -2.846706499999925, 42.441860499000029 ], [ -2.837212, 42.441558999000051 ], [ -2.835092920999955, 42.442852043000073 ], [ -2.831839086999935, 42.448714955000071 ], [ -2.83224221699993, 42.455184515000042 ], [ -2.818219, 42.453940999000054 ], [ -2.816364499999963, 42.452270499000065 ], [ -2.817710499999976, 42.441432999000028 ], [ -2.815662499999974, 42.434612499000025 ], [ -2.81624549999998, 42.430682999000055 ], [ -2.81488, 42.427955499000063 ], [ -2.807911499999932, 42.421069999000053 ], [ -2.80358, 42.418353999000033 ], [ -2.791523, 42.414542999000048 ], [ -2.785279, 42.413478999000063 ], [ -2.780510499999934, 42.414008999000032 ], [ -2.776893499999971, 42.413245999000026 ], [ -2.789721, 42.397609499000055 ], [ -2.797575547999941, 42.395248976000062 ], [ -2.811823499999946, 42.39680099900005 ], [ -2.812997499999938, 42.398422499000048 ], [ -2.819123, 42.397865499000034 ], [ -2.823359, 42.399863999000047 ] ] ] } },
{ "type": "Feature", "properties": { "code": "26010", "name": "Alesón" }, "geometry": { "type": "Polygon", "coordinates": [ [ [ -2.68724, 42.395103499000072 ], [ -2.694987860999959, 42.399021324000046 ], [ -2.701875499999971, 42.412109499000053 ], [ -2.678997973999969, 42.414660216000073 ], [ -2.650673499999925, 42.411388499000054 ], [ -2.648564, 42.412776999000073 ], [ -2.643243499999926, 42.412257999000076 ], [ -2.651503499999933, 42.400340999000036 ], [ -2.674047921999943, 42.400808556000072 ], [ -2.68724, 42.395103499000072 ] ] ] } },
{ "type": "Feature", "properties": { "code": "26011", "name": "Alfaro" }, "geometry": { "type": "Polygon", "coordinates": [ [ [ -1.71989549999995, 42.133422999000061 ], [ -1.72659867699997, 42.142265161000068 ], [ -1.740178171999958, 42.149578041000041 ], [ -1.763938952999979, 42.150094258000081 ], [ -1.782119421999937, 42.137987981000038 ], [ -1.797230122999963, 42.141297146000056 ], [ -1.805576069999972, 42.148071652000056 ], [ -1.82302958899993, 42.152713310000081 ], [ -1.836582979999946, 42.143521947000067 ], [ -1.841011200999958, 42.127867065000032 ], [ -1.858531257999971, 42.11544402100003 ], [ -1.864523925999947, 42.107437399000048 ], [ -1.897332, 42.079536499000028 ], [ -1.909240499999953, 42.059112499000037 ], [ -1.911677719999943, 42.075282905000051 ], [ -1.909428803999958, 42.080519581000033 ], [ -1.917201033999959, 42.083586135000076 ], [ -1.92440449999998, 42.094337499000062 ], [ -1.924131453999962, 42.101433134000047 ], [ -1.943591329999947, 42.123770181000054 ], [ -1.972272, 42.143512499000053 ], [ -1.933776, 42.172996499000078 ], [ -1.914187046999928, 42.19096430500008 ], [ -1.883258, 42.200145999000028 ], [ -1.847509183999932, 42.212170112000081 ], [ -1.834166957999969, 42.212268504000065 ], [ -1.828984057999946, 42.220345214000076 ], [ -1.816825, 42.229504999000028 ], [ -1.799285314999963, 42.223095366000052 ], [ -1.781669774999955, 42.224198559000058 ], [ -1.771418865999976, 42.214681662000032 ], [ -1.765131822999933, 42.220474850000073 ], [ -1.742355065999959, 42.212594961000036 ], [ -1.725780499999928, 42.214179999000066 ], [ -1.707354476999967, 42.208206792000055 ], [ -1.703172165999945, 42.192290634000074 ], [ -1.681452, 42.192401999000026 ], [ -1.679006, 42.188301499000033 ], [ -1.69591298499995, 42.180713923000042 ], [ -1.700421997999968, 42.172760464000078 ], [ -1.694004915999926, 42.159205368000073 ], [ -1.681101541999965, 42.151550013000076 ], [ -1.71989549999995, 42.133422999000061 ] ] ] } },
{ "type": "Feature", "properties": { "code": "26012", "name": "Almarza de Cameros" }, "geometry": { "type": "Polygon", "coordinates": [ [ [ -2.548939, 42.262004999000055 ], [ -2.552343196999971, 42.259478118000061 ], [ -2.556353499999943, 42.243632999000056 ], [ -2.565060403999951, 42.239831024000068 ], [ -2.57240471199998, 42.220150607000051 ], [ -2.566882, 42.200340499000049 ], [ -2.566488, 42.194160499000077 ], [ -2.604450545999953, 42.207523726000034 ], [ -2.630322499999977, 42.209437999000045 ], [ -2.627854855999942, 42.217639470000051 ], [ -2.62968296899993, 42.222527098000057 ], [ -2.626271499999973, 42.22675349900004 ], [ -2.60803246699993, 42.235359158000051 ], [ -2.606990716999974, 42.245480603000033 ], [ -2.592576802999929, 42.259310396000046 ], [ -2.57910232699993, 42.262411308000026 ], [ -2.569392499999935, 42.270789999000044 ], [ -2.564977322999937, 42.267243131000043 ], [ -2.551594009999974, 42.26654706100004 ], [ -2.548939, 42.262004999000055 ] ] ] } },
{ "type": "Feature", "properties": { "code": "26013", "name": "Anguciana" }, "geometry": { "type": "Polygon", "coordinates": [ [ [ -2.891396, 42.560177499000076 ], [ -2.908316499999955, 42.560678999000061 ], [ -2.90763117299997, 42.563709212000049 ], [ -2.914609653999946, 42.567215833000034 ], [ -2.918626673999938, 42.577775193000036 ], [ -2.915282223999952, 42.585676598000077 ], [ -2.908386, 42.587440499000024 ], [ -2.911730532999968, 42.578228465000052 ], [ -2.893807469999956, 42.581468931000074 ], [ -2.890336051999952, 42.579192997000064 ], [ -2.888766259999954, 42.565243514000031 ], [ -2.891396, 42.560177499000076 ] ] ] } },
{ "type": "Feature", "properties": { "code": "26014", "name": "Anguiano" }, "geometry": { "type": "Polygon", "coordinates": [ [ [ -2.741287499999942, 42.207732999000029 ], [ -2.751507407999952, 42.195858530000066 ], [ -2.759398499999975, 42.191913499000066 ], [ -2.763276523999934, 42.209710732000076 ], [ -2.770651574999931, 42.216937771000062 ], [ -2.793874491999929, 42.220851769000035 ], [ -2.810644321999973, 42.230815287000041 ], [ -2.815572175999932, 42.226168450000046 ], [ -2.816659977999961, 42.220678804000045 ], [ -2.823569499999962, 42.220733499000062 ], [ -2.835092920999955, 42.227654892000032 ], [ -2.864418311999941, 42.229828599000029 ], [ -2.894011, 42.223831499000028 ], [ -2.907942, 42.227515999000047 ], [ -2.914594, 42.226169499000036 ], [ -2.919675499999926, 42.223903499000073 ], [ -2.923888, 42.228393499000049 ], [ -2.925752, 42.228954499000054 ], [ -2.930148, 42.232387499000026 ], [ -2.918733499999973, 42.240916999000035 ], [ -2.916415074999975, 42.233725401000072 ], [ -2.91066782799993, 42.230019009000046 ], [ -2.885860326999932, 42.239877082000078 ], [ -2.866313, 42.252287098000068 ], [ -2.835092920999955, 42.254398404000028 ], [ -2.832729, 42.253368499000032 ], [ -2.825922441999978, 42.252641442000026 ], [ -2.814529045999961, 42.257630959000039 ], [ -2.80759752299997, 42.269808165000029 ], [ -2.788762499999962, 42.272635755000067 ], [ -2.782667633999949, 42.278037018000077 ], [ -2.769991835999974, 42.280800406000026 ], [ -2.762002711999969, 42.288911948000077 ], [ -2.765091477999931, 42.302037941000037 ], [ -2.755653, 42.30882249900003 ], [ -2.747273, 42.307536999000035 ], [ -2.748099350999951, 42.299445208000066 ], [ -2.71960659399997, 42.29131046100008 ], [ -2.703032272999963, 42.280504029000042 ], [ -2.681324315999973, 42.274293159000081 ], [ -2.67776213999997, 42.269833689000052 ], [ -2.677544, 42.261609499000031 ], [ -2.678631499999938, 42.256262999000057 ], [ -2.705579486999966, 42.24400246600004 ], [ -2.715925396999978, 42.241977175000045 ], [ -2.721153397999956, 42.236401212000033 ], [ -2.742775108999979, 42.225512367000078 ], [ -2.745052499999929, 42.21935503900005 ], [ -2.741287499999942, 42.207732999000029 ] ] ] } },
{ "type": "Feature", "properties": { "code": "26015", "name": "Arenzana de Abajo" }, "geometry": { "type": "Polygon", "coordinates": [ [ [ -2.741901, 42.37841049900004 ], [ -2.73662143699994, 42.388592045000053 ], [ -2.733225, 42.389979999000047 ], [ -2.720513912999934, 42.391594540000028 ], [ -2.708649499999979, 42.389613999000062 ], [ -2.702702271999954, 42.386630217000061 ], [ -2.699855251999963, 42.372556058000043 ], [ -2.693404, 42.366840499000034 ], [ -2.70548144199995, 42.359937760000037 ], [ -2.727527545999976, 42.37208645000004 ], [ -2.740777271999946, 42.372007120000035 ], [ -2.741901, 42.37841049900004 ] ] ] } },
{ "type": "Feature", "properties": { "code": "26016", "name": "Arenzana de Arriba" }, "geometry": { "type": "Polygon", "coordinates": [ [ [ -2.67584, 42.353248499000074 ], [ -2.699855251999963, 42.372556058000043 ], [ -2.702702271999954, 42.386630217000061 ], [ -2.708649499999979, 42.389613999000062 ], [ -2.688629499999934, 42.394199499000081 ], [ -2.682308499999976, 42.38761499900005 ], [ -2.674465, 42.382037999000033 ], [ -2.679889664999962, 42.378712012000051 ], [ -2.680851822999955, 42.373787312000047 ], [ -2.679309530999944, 42.361906341000065 ], [ -2.673539294999955, 42.354895725000063 ], [ -2.672967, 42.349986999000066 ], [ -2.67584, 42.353248499000074 ] ] ] } },
{ "type": "Feature", "properties": { "code": "26017", "name": "Arnedillo" }, "geometry": { "type": "Polygon", "coordinates": [ [ [ -2.216373, 42.25985349900003 ], [ -2.211655499999949, 42.247185499000068 ], [ -2.202528528999949, 42.229026215000033 ], [ -2.202225703999943, 42.217550372000062 ], [ -2.194454557999961, 42.212904377000029 ], [ -2.188012, 42.200385999000048 ], [ -2.215861319999931, 42.190426384000034 ], [ -2.217195505999939, 42.183642294000038 ], [ -2.231685499999969, 42.168830999000079 ], [ -2.242337540999927, 42.177751547000071 ], [ -2.251269340999954, 42.180779349000034 ], [ -2.264066499999956, 42.173484999000038 ], [ -2.267782125999929, 42.180199766000044 ], [ -2.256567621999977, 42.185506954000061 ], [ -2.263965923999933, 42.193985346000034 ], [ -2.278434131999973, 42.199007585000061 ], [ -2.286410333999925, 42.206336180000051 ], [ -2.286607317999938, 42.214656556000079 ], [ -2.282644, 42.217048499000043 ], [ -2.276545614999975, 42.226007168000081 ], [ -2.275805077999962, 42.233930303000079 ], [ -2.240157499999953, 42.259006499000066 ], [ -2.233796235999932, 42.262025839000046 ], [ -2.226763225999946, 42.259281314000077 ], [ -2.216373, 42.25985349900003 ] ] ] } },
{ "type": "Feature", "properties": { "code": "26018", "name": "Arnedo" }, "geometry": { "type": "Polygon", "coordinates": [ [ [ -2.067620499999975, 42.297725999000079 ], [ -2.063783, 42.291389499000047 ], [ -2.063111, 42.288467499000035 ], [ -2.049145, 42.291846999000029 ], [ -2.046928499999979, 42.290981499000054 ], [ -2.04450449999996, 42.291583999000068 ], [ -2.042751499999952, 42.29361349900006 ], [ -2.039942, 42.294883499000036 ], [ -2.029659, 42.295322499000065 ], [ -2.021625499999971, 42.283870499000045 ], [ -2.050461626999947, 42.267352085000027 ], [ -2.067174600999977, 42.246655674000067 ], [ -2.068162356999949, 42.194959767000057 ], [ -2.070808253999928, 42.174588066000069 ], [ -2.075042, 42.166831999000067 ], [ -2.084499294999944, 42.156000740000025 ], [ -2.080319623999969, 42.140417629000069 ], [ -2.086960499999975, 42.137691499000027 ], [ -2.125729231999969, 42.149294687000065 ], [ -2.13369171599993, 42.155240553000056 ], [ -2.145713, 42.159061499000074 ], [ -2.14585573599993, 42.164451487000065 ], [ -2.139522625999973, 42.172839819000046 ], [ -2.140969851999955, 42.182974362000039 ], [ -2.1464, 42.18997949900006 ], [ -2.137494072999971, 42.207055934000039 ], [ -2.143827, 42.233447999000077 ], [ -2.119652148999933, 42.240135868000038 ], [ -2.108679066999969, 42.254690596000046 ], [ -2.097197715999926, 42.26219466200007 ], [ -2.096606, 42.275344999000026 ], [ -2.087923299999943, 42.289420172000064 ], [ -2.067620499999975, 42.297725999000079 ] ] ] } },
{ "type": "Feature", "properties": { "code": "26019", "name": "Arrúbal" }, "geometry": { "type": "Polygon", "coordinates": [ [ [ -2.260952, 42.416377499000077 ], [ -2.264735365999968, 42.431651663000025 ], [ -2.269983312999955, 42.435811419000061 ], [ -2.257928499999935, 42.447803499000031 ], [ -2.238774795999973, 42.440325468000026 ], [ -2.235654499999953, 42.429482999000072 ], [ -2.245788293999965, 42.412250150000034 ], [ -2.253038499999946, 42.407249499000045 ], [ -2.260952, 42.416377499000077 ] ] ] } },
{ "type": "Feature", "properties": { "code": "26020", "name": "Ausejo" }, "geometry": { "type": "Polygon", "coordinates": [ [ [ -2.09835, 42.339297999000053 ], [ -2.109613, 42.326568499000075 ], [ -2.122674, 42.324672999000029 ], [ -2.132124, 42.320583499000065 ], [ -2.145880499999976, 42.316306999000062 ], [ -2.153278, 42.315941499000076 ], [ -2.165849, 42.31683349900004 ], [ -2.169933499999956, 42.31816849900008 ], [ -2.176848499999949, 42.322192999000038 ], [ -2.182687499999929, 42.322036499000035 ], [ -2.18607, 42.325256499000034 ], [ -2.186631, 42.334258499000043 ], [ -2.191534, 42.344821999000033 ], [ -2.192631, 42.350078499000062 ], [ -2.191620499999942, 42.352279499000076 ], [ -2.192950499999938, 42.358436499000049 ], [ -2.192800499999976, 42.365325999000049 ], [ -2.191283, 42.369090999000036 ], [ -2.191758, 42.374667999000053 ], [ -2.193835499999977, 42.376575499000069 ], [ -2.179097, 42.380657499000051 ], [ -2.160422499999925, 42.388267499000051 ], [ -2.152836499999978, 42.388607499000045 ], [ -2.14023149999997, 42.390952999000035 ], [ -2.121142, 42.385837499000047 ], [ -2.092822, 42.375800499000036 ], [ -2.079663916999948, 42.367855531000032 ], [ -2.088857347999976, 42.357507594000026 ], [ -2.089972, 42.346950499000059 ], [ -2.09835, 42.339297999000053 ] ] ] } },
{ "type": "Feature", "properties": { "code": "26021", "name": "Autol" }, "geometry": { "type": "Polygon", "coordinates": [ [ [ -2.014798499999927, 42.27362449900005 ], [ -1.993750753999961, 42.261850449000065 ], [ -1.98209204799997, 42.245702936000043 ], [ -1.966654499999947, 42.237292999000033 ], [ -1.967293963999964, 42.232948091000026 ], [ -1.958288075999974, 42.22601018000006 ], [ -1.931824004999953, 42.219334042000071 ], [ -1.921687024999926, 42.208678736000024 ], [ -1.920531079999932, 42.20264645900005 ], [ -1.925019560999942, 42.19060502800005 ], [ -1.929870296999979, 42.186597966000079 ], [ -1.933776, 42.172996499000078 ], [ -1.972272, 42.143512499000053 ], [ -1.996702, 42.133090999000046 ], [ -2.023747023999931, 42.155144239000037 ], [ -2.031031686999938, 42.170152230000042 ], [ -2.035028159999968, 42.194893749000073 ], [ -2.031241687999966, 42.213474610000048 ], [ -2.016064269999958, 42.239818590000027 ], [ -2.017907476999937, 42.259654404000059 ], [ -2.014798499999927, 42.27362449900005 ] ] ] } },
{ "type": "Feature", "properties": { "code": "26022", "name": "Azofra" }, "geometry": { "type": "Polygon", "coordinates": [ [ [ -2.831224499999962, 42.461650999000028 ], [ -2.823915, 42.461921999000026 ], [ -2.811450499999978, 42.468620499000053 ], [ -2.80083240099998, 42.455821244000049 ], [ -2.790926525999964, 42.434763516000032 ], [ -2.772605, 42.422050499000079 ], [ -2.776893499999971, 42.413245999000026 ], [ -2.780510499999934, 42.414008999000032 ], [ -2.785279, 42.413478999000063 ], [ -2.791523, 42.414542999000048 ], [ -2.80358, 42.418353999000033 ], [ -2.807911499999932, 42.421069999000053 ], [ -2.81488, 42.427955499000063 ], [ -2.81624549999998, 42.430682999000055 ], [ -2.815662499999974, 42.434612499000025 ], [ -2.817710499999976, 42.441432999000028 ], [ -2.816364499999963, 42.452270499000065 ], [ -2.831224499999962, 42.461650999000028 ] ] ] } },
{ "type": "Feature", "properties": { "code": "26023", "name": "Badarán" }, "geometry": { "type": "Polygon", "coordinates": [ [ [ -2.777146, 42.383201499000052 ], [ -2.781320784999934, 42.379235067000025 ], [ -2.77229049999994, 42.362155999000038 ], [ -2.781506830999945, 42.359656022000081 ], [ -2.780597034999971, 42.352865566000048 ], [ -2.797832, 42.334644999000034 ], [ -2.810208499999931, 42.33245849900004 ], [ -2.81326228699993, 42.333941225000046 ], [ -2.819132499999967, 42.34398999900003 ], [ -2.825895214999946, 42.351137547000064 ], [ -2.823724539999944, 42.35858840700007 ], [ -2.835092920999955, 42.359765204000041 ], [ -2.842434499999968, 42.362361999000029 ], [ -2.835474437999949, 42.37137397500004 ], [ -2.836160499999949, 42.378257999000027 ], [ -2.832124, 42.37974949900007 ], [ -2.826522, 42.380531499000028 ], [ -2.82518, 42.37812449900008 ], [ -2.817740499999957, 42.380237499000032 ], [ -2.813743, 42.379882999000074 ], [ -2.80877449999997, 42.380657499000051 ], [ -2.803056, 42.383609499000045 ], [ -2.796431, 42.38484949900004 ], [ -2.790234, 42.388793999000029 ], [ -2.784991499999933, 42.390960999000072 ], [ -2.777146, 42.383201499000052 ] ] ] } },
{ "type": "Feature", "properties": { "code": "26024", "name": "Bañares" }, "geometry": { "type": "MultiPolygon", "coordinates": [ [ [ [ -2.811450499999978, 42.468620499000053 ], [ -2.823915, 42.461921999000026 ], [ -2.837491, 42.460887999000079 ], [ -2.848519499999952, 42.462451999000052 ], [ -2.841203704999941, 42.468041648000053 ], [ -2.835092920999955, 42.46653851700006 ], [ -2.81112, 42.473113999000077 ], [ -2.806153499999937, 42.47030249900007 ], [ -2.811450499999978, 42.468620499000053 ] ] ], [ [ [ -2.903660499999944, 42.492140499000072 ], [ -2.901202499999954, 42.481845999000029 ], [ -2.890523499999972, 42.473251499000071 ], [ -2.889188, 42.458335999000042 ], [ -2.895496, 42.452811999000062 ], [ -2.897839499999975, 42.448447999000052 ], [ -2.902065499999935, 42.444678999000075 ], [ -2.898585, 42.430690499000036 ], [ -2.935449075999941, 42.438634949000061 ], [ -2.943474525999932, 42.448736665000069 ], [ -2.94237413899998, 42.453514594000069 ], [ -2.950301929999966, 42.458470673000079 ], [ -2.949042499999962, 42.46916199900005 ], [ -2.94907349999994, 42.478057999000043 ], [ -2.953171499999939, 42.478168499000049 ], [ -2.957017499999949, 42.479762999000059 ], [ -2.955928, 42.486354999000071 ], [ -2.948638, 42.488605499000073 ], [ -2.93162046499998, 42.490456834000042 ], [ -2.935416, 42.497449999000025 ], [ -2.932766440999956, 42.501066946000037 ], [ -2.92073994499998, 42.495121962000042 ], [ -2.903660499999944, 42.492140499000072 ] ] ], [ [ [ -2.900234, 42.503880999000046 ], [ -2.892485499999964, 42.500110499000073 ], [ -2.892853499999944, 42.498416999000028 ], [ -2.895353, 42.495582499000079 ], [ -2.90122649999995, 42.499721499000032 ], [ -2.900234, 42.503880999000046 ] ] ] ] } },
{ "type": "Feature", "properties": { "code": "26025", "name": "Baños de Rioja" }, "geometry": { "type": "Polygon", "coordinates": [ [ [ -2.972936, 42.520084499000063 ], [ -2.965473773999975, 42.52594595100004 ], [ -2.951649499999974, 42.529563999000061 ], [ -2.94447, 42.52648799900004 ], [ -2.936632403999965, 42.519658004000064 ], [ -2.941265553999926, 42.507873346000054 ], [ -2.93162046499998, 42.490456834000042 ], [ -2.948638, 42.488605499000073 ], [ -2.946258499999942, 42.496337999000048 ], [ -2.945511, 42.501624999000057 ], [ -2.948418499999946, 42.503158499000051 ], [ -2.952144, 42.501563999000041 ], [ -2.96739249999996, 42.504684499000064 ], [ -2.978177, 42.505145999000035 ], [ -2.977834, 42.51096349900007 ], [ -2.972936, 42.520084499000063 ] ] ] } },
{ "type": "Feature", "properties": { "code": "26026", "name": "Baños de Río Tobía" }, "geometry": { "type": "Polygon", "coordinates": [ [ [ -2.797832, 42.334644999000034 ], [ -2.780597034999971, 42.352865566000048 ], [ -2.781506830999945, 42.359656022000081 ], [ -2.77229049999994, 42.362155999000038 ], [ -2.761244613999963, 42.357758217000026 ], [ -2.743301951999968, 42.356510995000065 ], [ -2.735251225999946, 42.348049808000042 ], [ -2.727194488999942, 42.344156174000034 ], [ -2.727855151999961, 42.337952065000025 ], [ -2.720964, 42.330554999000071 ], [ -2.743120499999975, 42.32050349900004 ], [ -2.752104212999939, 42.325267435000058 ], [ -2.782703499999968, 42.328597999000067 ], [ -2.790118, 42.332350999000028 ], [ -2.797832, 42.334644999000034 ] ] ] } },
{ "type": "Feature", "properties": { "code": "26027", "name": "Berceo" }, "geometry": { "type": "MultiPolygon", "coordinates": [ [ [ [ -2.842434499999968, 42.362361999000029 ], [ -2.835092920999955, 42.359765204000041 ], [ -2.823724539999944, 42.35858840700007 ], [ -2.825895214999946, 42.351137547000064 ], [ -2.819132499999967, 42.34398999900003 ], [ -2.827187941999966, 42.340638766000041 ], [ -2.835092920999955, 42.344797063000044 ], [ -2.85423, 42.334110499000076 ], [ -2.863398247999953, 42.340859137000052 ], [ -2.85223190399995, 42.34591916200003 ], [ -2.853330899999946, 42.353950446000056 ], [ -2.84810883199998, 42.35807182800005 ], [ -2.849705, 42.363506499000039 ], [ -2.842434499999968, 42.362361999000029 ] ] ], [ [ [ -2.89326, 42.330619999000078 ], [ -2.901102499999979, 42.337409999000045 ], [ -2.878241499999945, 42.352508499000066 ], [ -2.877243414999953, 42.34500150000008 ], [ -2.881735486999958, 42.339769944000068 ], [ -2.881313328999966, 42.336129896000045 ], [ -2.89326, 42.330619999000078 ] ] ], [ [ [ -2.892433, 42.303981499000031 ], [ -2.881065, 42.284717499000067 ], [ -2.882406371999934, 42.281447678000063 ], [ -2.895721, 42.27429599900006 ], [ -2.912616330999981, 42.271676620000051 ], [ -2.921777467999959, 42.277391957000077 ], [ -2.907813254999951, 42.294470234000073 ], [ -2.892433, 42.303981499000031 ] ] ] ] } },
{ "type": "Feature", "properties": { "code": "26028", "name": "Bergasa" }, "geometry": { "type": "Polygon", "coordinates": [ [ [ -2.096606, 42.275344999000026 ], [ -2.097197715999926, 42.26219466200007 ], [ -2.108679066999969, 42.254690596000046 ], [ -2.119652148999933, 42.240135868000038 ], [ -2.143827, 42.233447999000077 ], [ -2.145101967999949, 42.246044156000039 ], [ -2.156611876999932, 42.253786566000031 ], [ -2.163740212999926, 42.265165925000076 ], [ -2.176281130999939, 42.268003578000048 ], [ -2.196721499999967, 42.25867099900006 ], [ -2.216476499999942, 42.260276999000041 ], [ -2.204378283999972, 42.274366182000051 ], [ -2.19143311199997, 42.282866088000048 ], [ -2.152175499999942, 42.291389499000047 ], [ -2.146774864999941, 42.281421669000053 ], [ -2.148562082999945, 42.274780234000048 ], [ -2.15430089299997, 42.270466670000076 ], [ -2.151265283999976, 42.268810687000041 ], [ -2.13099608899995, 42.27152718800005 ], [ -2.127921766999975, 42.274885776000076 ], [ -2.096606, 42.275344999000026 ] ] ] } },
{ "type": "Feature", "properties": { "code": "26029", "name": "Bergasillas Bajera" }, "geometry": { "type": "Polygon", "coordinates": [ [ [ -2.196721499999967, 42.25867099900006 ], [ -2.176281130999939, 42.268003578000048 ], [ -2.163740212999926, 42.265165925000076 ], [ -2.156611876999932, 42.253786566000031 ], [ -2.145101967999949, 42.246044156000039 ], [ -2.143827, 42.233447999000077 ], [ -2.154978118999963, 42.233292885000026 ], [ -2.174050638999972, 42.238226879000081 ], [ -2.196721499999967, 42.25867099900006 ] ] ] } },
{ "type": "Feature", "properties": { "code": "26030", "name": "Bezares" }, "geometry": { "type": "Polygon", "coordinates": [ [ [ -2.672967, 42.349986999000066 ], [ -2.673539294999955, 42.354895725000063 ], [ -2.679309530999944, 42.361906341000065 ], [ -2.680851822999955, 42.373787312000047 ], [ -2.679889664999962, 42.378712012000051 ], [ -2.674465, 42.382037999000033 ], [ -2.668671, 42.377338499000075 ], [ -2.663902, 42.378612499000042 ], [ -2.66461763999996, 42.373509383000055 ], [ -2.660429788999977, 42.363352065000072 ], [ -2.663178499999958, 42.348193999000046 ], [ -2.670213618999981, 42.345748461000028 ], [ -2.672967, 42.349986999000066 ] ] ] } },
{ "type": "Feature", "properties": { "code": "26031", "name": "Bobadilla" }, "geometry": { "type": "Polygon", "coordinates": [ [ [ -2.747273, 42.307536999000035 ], [ -2.755653, 42.30882249900003 ], [ -2.773507815999949, 42.31505302100004 ], [ -2.776433242999929, 42.323200946000043 ], [ -2.782703499999968, 42.328597999000067 ], [ -2.752104212999939, 42.325267435000058 ], [ -2.743120499999975, 42.32050349900004 ], [ -2.746590884999932, 42.315634473000046 ], [ -2.736150499999951, 42.309627499000044 ], [ -2.747273, 42.307536999000035 ] ] ] } },
{ "type": "Feature", "properties": { "code": "26032", "name": "Brieva de Cameros" }, "geometry": { "type": "Polygon", "coordinates": [ [ [ -2.791622, 42.108733999000037 ], [ -2.788710361999961, 42.123985231000063 ], [ -2.792442978999929, 42.142026214000055 ], [ -2.790910486999962, 42.15150157100004 ], [ -2.806317917999934, 42.15894439200008 ], [ -2.821407172999955, 42.173873213000036 ], [ -2.80544228399998, 42.177038579000055 ], [ -2.802992131999929, 42.180880573000024 ], [ -2.810692322999955, 42.19941612000008 ], [ -2.824145839999971, 42.210728151000069 ], [ -2.823569499999962, 42.220733499000062 ], [ -2.816659977999961, 42.220678804000045 ], [ -2.815572175999932, 42.226168450000046 ], [ -2.810644321999973, 42.230815287000041 ], [ -2.793874491999929, 42.220851769000035 ], [ -2.770651574999931, 42.216937771000062 ], [ -2.763276523999934, 42.209710732000076 ], [ -2.759398499999975, 42.191913499000066 ], [ -2.76728038899995, 42.188212793000048 ], [ -2.764646, 42.174987999000052 ], [ -2.759617, 42.169635499000037 ], [ -2.759257499999933, 42.165187999000068 ], [ -2.757127499999967, 42.162139999000033 ], [ -2.754239, 42.161132999000074 ], [ -2.749566, 42.154788999000061 ], [ -2.747175, 42.150184499000034 ], [ -2.74656, 42.140605999000059 ], [ -2.741018499999939, 42.131481499000074 ], [ -2.737988, 42.130168999000034 ], [ -2.738445, 42.124800999000058 ], [ -2.745766197999956, 42.123625005000065 ], [ -2.751954708999961, 42.118583416000035 ], [ -2.765871, 42.12469083600007 ], [ -2.772233331999928, 42.124226623000027 ], [ -2.791622, 42.108733999000037 ] ] ] } },
{ "type": "Feature", "properties": { "code": "26033", "name": "Briñas" }, "geometry": { "type": "Polygon", "coordinates": [ [ [ -2.823643, 42.60145699900005 ], [ -2.830301, 42.600112999000032 ], [ -2.840993440999966, 42.595145328000058 ], [ -2.84441035499998, 42.601904552000065 ], [ -2.8418, 42.608598499000038 ], [ -2.835092920999955, 42.609028082000066 ], [ -2.820686515999967, 42.613585635000049 ], [ -2.81993850799995, 42.608877293000035 ], [ -2.823643, 42.60145699900005 ] ] ] } },
{ "type": "Feature", "properties": { "code": "26034", "name": "Briones" }, "geometry": { "type": "Polygon", "coordinates": [ [ [ -2.788999499999932, 42.478061999000033 ], [ -2.80145349999998, 42.47167199900008 ], [ -2.814195951999977, 42.49195734400007 ], [ -2.820880477999935, 42.49114882300006 ], [ -2.824117034999972, 42.49458532400007 ], [ -2.81979505399994, 42.50154358900005 ], [ -2.821855, 42.527251999000043 ], [ -2.815282300999968, 42.529003261000071 ], [ -2.807491641999945, 42.551772274000029 ], [ -2.811032214999955, 42.563053162000074 ], [ -2.816075, 42.567993499000067 ], [ -2.807866263999927, 42.567604216000063 ], [ -2.803665, 42.564503999000067 ], [ -2.784990507999964, 42.563624938000032 ], [ -2.782862274999957, 42.558961171000078 ], [ -2.78498744999996, 42.54848471300005 ], [ -2.781774735999932, 42.547727425000062 ], [ -2.776632808999977, 42.551536585000065 ], [ -2.77186667899997, 42.543302224000058 ], [ -2.762203499999941, 42.543677999000067 ], [ -2.762976955999932, 42.52739888800005 ], [ -2.76944993799998, 42.518577148000077 ], [ -2.757355367999935, 42.501241686000071 ], [ -2.75669955199993, 42.488416351000069 ], [ -2.765134874999944, 42.481391446000032 ], [ -2.77682225999996, 42.484995751000042 ], [ -2.788999499999932, 42.478061999000033 ] ] ] } },
{ "type": "Feature", "properties": { "code": "26035", "name": "Cabezón de Cameros" }, "geometry": { "type": "Polygon", "coordinates": [ [ [ -2.508071, 42.166076499000042 ], [ -2.514911, 42.154945499000064 ], [ -2.52874586799993, 42.177115370000081 ], [ -2.530185353999968, 42.185320998000066 ], [ -2.542886094999972, 42.186376750000079 ], [ -2.53362935399997, 42.199646341000062 ], [ -2.534933, 42.20767199900007 ], [ -2.522732205999944, 42.21180933100004 ], [ -2.513641499999949, 42.211696499000027 ], [ -2.49821849999995, 42.194995999000071 ], [ -2.506018791999963, 42.17961617800006 ], [ -2.508071, 42.166076499000042 ] ] ] } },
{ "type": "Feature", "properties": { "code": "26036", "name": "Calahorra" }, "geometry": { "type": "Polygon", "coordinates": [ [ [ -1.868023499999936, 42.268474499000035 ], [ -1.879196584999931, 42.263334499000052 ], [ -1.888767136999945, 42.264028074000066 ], [ -1.896269630999939, 42.25813669300004 ], [ -1.907954594999978, 42.260232719000044 ], [ -1.966654499999947, 42.237292999000033 ], [ -1.98209204799997, 42.245702936000043 ], [ -1.993750753999961, 42.261850449000065 ], [ -2.014798499999927, 42.27362449900005 ], [ -2.006192173999978, 42.295355728000061 ], [ -2.001787106999927, 42.318872613000053 ], [ -2.010585436999975, 42.33032356800004 ], [ -2.009574225999927, 42.347988084000065 ], [ -2.028953499999943, 42.362613499000076 ], [ -2.019523, 42.368468999000072 ], [ -2.012959012999943, 42.368214152000064 ], [ -2.006405147999942, 42.361517008000078 ], [ -1.995270716999926, 42.362932972000067 ], [ -1.98286425799995, 42.356357296000056 ], [ -1.978474245999962, 42.350980493000066 ], [ -1.970350049999979, 42.351850439000032 ], [ -1.97001, 42.34757249900008 ], [ -1.965893372999972, 42.343560775000071 ], [ -1.967890506999936, 42.337670250000031 ], [ -1.965046793999932, 42.334731910000073 ], [ -1.943045039999959, 42.334689836000052 ], [ -1.931635136999944, 42.322971658000029 ], [ -1.918519499999945, 42.32694249900004 ], [ -1.918366706999961, 42.316088219000051 ], [ -1.907735671999944, 42.30832590600005 ], [ -1.913121873999955, 42.300185070000055 ], [ -1.891269351999938, 42.28989477600004 ], [ -1.881462736999936, 42.287450472000046 ], [ -1.871729369999969, 42.28888562000003 ], [ -1.867072780999933, 42.276063290000025 ], [ -1.868023499999936, 42.268474499000035 ] ] ] } },
{ "type": "Feature", "properties": { "code": "26037", "name": "Camprovín" }, "geometry": { "type": "Polygon", "coordinates": [ [ [ -2.67584, 42.353248499000074 ], [ -2.681880836999937, 42.342929143000049 ], [ -2.684092, 42.330234499000028 ], [ -2.720964, 42.330554999000071 ], [ -2.727855151999961, 42.337952065000025 ], [ -2.727194488999942, 42.344156174000034 ], [ -2.735251225999946, 42.348049808000042 ], [ -2.743301951999968, 42.356510995000065 ], [ -2.761244613999963, 42.357758217000026 ], [ -2.77229049999994, 42.362155999000038 ], [ -2.758354710999924, 42.365270979000059 ], [ -2.755896942999925, 42.37318341200006 ], [ -2.74777, 42.377937499000041 ], [ -2.741901, 42.37841049900004 ], [ -2.740777271999946, 42.372007120000035 ], [ -2.727527545999976, 42.37208645000004 ], [ -2.70548144199995, 42.359937760000037 ], [ -2.693404, 42.366840499000034 ], [ -2.67584, 42.353248499000074 ] ] ] } },
{ "type": "Feature", "properties": { "code": "26038", "name": "Canales de la Sierra" }, "geometry": { "type": "Polygon", "coordinates": [ [ [ -3.010714499999949, 42.203639999000075 ], [ -3.007416, 42.193862999000032 ], [ -3.004883, 42.182956499000056 ], [ -3.004156499999965, 42.174895999000057 ], [ -3.007169499999975, 42.166301499000042 ], [ -3.026951, 42.137275999000053 ], [ -3.043773, 42.11784349900006 ], [ -3.044774, 42.115573999000048 ], [ -3.04926949999998, 42.112780999000051 ], [ -3.052554499999928, 42.118697999000062 ], [ -3.059151, 42.127109499000028 ], [ -3.066190499999948, 42.133308499000066 ], [ -3.073671, 42.135833999000056 ], [ -3.083832, 42.13343799900008 ], [ -3.090058630999977, 42.147013650000076 ], [ -3.090489728999955, 42.159484717000055 ], [ -3.102788114999953, 42.171863047000045 ], [ -3.114989, 42.178783499000076 ], [ -3.11541426499997, 42.187380871000073 ], [ -3.126593208999964, 42.194737043000032 ], [ -3.12833352399997, 42.200118521000036 ], [ -3.101486, 42.217128999000067 ], [ -3.104549601999963, 42.207086101000073 ], [ -3.096359624999934, 42.197506021000038 ], [ -3.079935678999959, 42.193438823000065 ], [ -3.063631076999968, 42.183767991000025 ], [ -3.05371426399995, 42.186713500000053 ], [ -3.044587446999969, 42.195031079000046 ], [ -3.018121085999951, 42.197523771000078 ], [ -3.010714499999949, 42.203639999000075 ] ] ] } },
{ "type": "Feature", "properties": { "code": "26039", "name": "Canillas de Río Tuerto" }, "geometry": { "type": "Polygon", "coordinates": [ [ [ -2.854684499999962, 42.404822999000032 ], [ -2.844618810999975, 42.407938069000068 ], [ -2.835092920999955, 42.402328340000054 ], [ -2.823359, 42.399863999000047 ], [ -2.819123, 42.397865499000034 ], [ -2.812997499999938, 42.398422499000048 ], [ -2.811823499999946, 42.39680099900005 ], [ -2.823823, 42.390090999000051 ], [ -2.826621, 42.384765499000025 ], [ -2.831249, 42.384303999000053 ], [ -2.835092920999955, 42.391320849000067 ], [ -2.854684499999962, 42.404822999000032 ] ] ] } },
{ "type": "Feature", "properties": { "code": "26040", "name": "Cañas" }, "geometry": { "type": "Polygon", "coordinates": [ [ [ -2.832124, 42.37974949900007 ], [ -2.836160499999949, 42.378257999000027 ], [ -2.847895079999944, 42.380070289000059 ], [ -2.854196459999969, 42.386984982000058 ], [ -2.86372259999996, 42.385858208000059 ], [ -2.869644499999936, 42.38206849900007 ], [ -2.884547497999961, 42.398649379000062 ], [ -2.880443, 42.406787999000073 ], [ -2.857378499999925, 42.41720949900008 ], [ -2.851770182999928, 42.412327768000068 ], [ -2.856151196999974, 42.407641532000071 ], [ -2.854684499999962, 42.404822999000032 ], [ -2.835092920999955, 42.391320849000067 ], [ -2.831249, 42.384303999000053 ], [ -2.832124, 42.37974949900007 ] ] ] } },
{ "type": "Feature", "properties": { "code": "26041", "name": "Cárdenas" }, "geometry": { "type": "Polygon", "coordinates": [ [ [ -2.77229049999994, 42.362155999000038 ], [ -2.781320784999934, 42.379235067000025 ], [ -2.777146, 42.383201499000052 ], [ -2.76852820299996, 42.384797422000076 ], [ -2.74777, 42.377937499000041 ], [ -2.755896942999925, 42.37318341200006 ], [ -2.758354710999924, 42.365270979000059 ], [ -2.77229049999994, 42.362155999000038 ] ] ] } },
{ "type": "Feature", "properties": { "code": "26042", "name": "Casalarreina" }, "geometry": { "type": "Polygon", "coordinates": [ [ [ -2.925596, 42.556530999000074 ], [ -2.919791821999979, 42.554818658000045 ], [ -2.913976702999946, 42.560519426000042 ], [ -2.891396, 42.560177499000076 ], [ -2.885019499999942, 42.550030999000057 ], [ -2.88388249999997, 42.545652999000026 ], [ -2.889309424999965, 42.537073300000031 ], [ -2.901871245999928, 42.535949731000073 ], [ -2.909962, 42.529185999000049 ], [ -2.918063335999932, 42.534991077000029 ], [ -2.918591004999939, 42.542364618000079 ], [ -2.926860089999934, 42.545876877000069 ], [ -2.929163499999959, 42.550908499000059 ], [ -2.927101499999935, 42.55079549900006 ], [ -2.925596, 42.556530999000074 ] ] ] } },
{ "type": "Feature", "properties": { "code": "26043", "name": "Castañares de Rioja" }, "geometry": { "type": "Polygon", "coordinates": [ [ [ -2.94447, 42.52648799900004 ], [ -2.924032868999973, 42.531553350000081 ], [ -2.916384, 42.527654999000049 ], [ -2.902289350999979, 42.517606346000036 ], [ -2.89901, 42.508256999000025 ], [ -2.903660499999944, 42.492140499000072 ], [ -2.92073994499998, 42.495121962000042 ], [ -2.932766440999956, 42.501066946000037 ], [ -2.935416, 42.497449999000025 ], [ -2.941265553999926, 42.507873346000054 ], [ -2.936632403999965, 42.519658004000064 ], [ -2.94447, 42.52648799900004 ] ] ] } },
{ "type": "Feature", "properties": { "code": "26044", "name": "Castroviejo" }, "geometry": { "type": "Polygon", "coordinates": [ [ [ -2.684092, 42.330234499000028 ], [ -2.681880836999937, 42.342929143000049 ], [ -2.67584, 42.353248499000074 ], [ -2.670213618999981, 42.345748461000028 ], [ -2.663178499999958, 42.348193999000046 ], [ -2.651300188999926, 42.344205290000048 ], [ -2.63854278499997, 42.332040181000025 ], [ -2.629470965999928, 42.333674466000048 ], [ -2.616961, 42.327518499000064 ], [ -2.618009499999971, 42.324596499000052 ], [ -2.618143499999974, 42.316661499000077 ], [ -2.624492895999936, 42.315827622000029 ], [ -2.631469691999939, 42.310684154000057 ], [ -2.645504777999975, 42.294140924000033 ], [ -2.655649499999925, 42.286269999000069 ], [ -2.65875817999995, 42.301420174000043 ], [ -2.672954, 42.305789999000069 ], [ -2.675817476999953, 42.317743109000048 ], [ -2.684092, 42.330234499000028 ] ] ] } },
{ "type": "Feature", "properties": { "code": "26045", "name": "Cellorigo" }, "geometry": { "type": "Polygon", "coordinates": [ [ [ -3.004780499999924, 42.644229999000061 ], [ -2.990665413999977, 42.641843936000043 ], [ -2.984055473999945, 42.636002069000028 ], [ -2.977935499999944, 42.636569999000073 ], [ -2.976954733999946, 42.630323646000079 ], [ -2.985246, 42.61418549900003 ], [ -2.99373425999994, 42.614686414000062 ], [ -2.999402, 42.600913999000056 ], [ -3.011430200999939, 42.599759360000064 ], [ -3.020700499999975, 42.602161499000033 ], [ -3.018652064999969, 42.61162495800005 ], [ -3.023443462999978, 42.619861057000037 ], [ -3.014393864999931, 42.639527626000074 ], [ -3.004780499999924, 42.644229999000061 ] ] ] } },
{ "type": "Feature", "properties": { "code": "26046", "name": "Cenicero" }, "geometry": { "type": "Polygon", "coordinates": [ [ [ -2.620775, 42.433818999000039 ], [ -2.639881661999937, 42.438289692000069 ], [ -2.641830241999969, 42.444530125000028 ], [ -2.660156331999929, 42.451124040000025 ], [ -2.671837499999981, 42.461864499000058 ], [ -2.689817244999972, 42.467785923000065 ], [ -2.697713553999961, 42.477229281000064 ], [ -2.697709489999966, 42.481746841000074 ], [ -2.70423349999993, 42.483836999000061 ], [ -2.696539, 42.492488999000045 ], [ -2.675541058999954, 42.50175159500003 ], [ -2.668349499999977, 42.509896499000035 ], [ -2.656864190999954, 42.50335924400008 ], [ -2.648778757999935, 42.485296124000058 ], [ -2.644531507999943, 42.48339543000003 ], [ -2.633911105999971, 42.488359110000033 ], [ -2.62797018599997, 42.495209382000041 ], [ -2.612159491999932, 42.49603486400008 ], [ -2.608758, 42.498784999000065 ], [ -2.609938218999957, 42.489626932000078 ], [ -2.61496662199994, 42.486762442000042 ], [ -2.620828973999949, 42.469004595000058 ], [ -2.625470365999945, 42.464298557000063 ], [ -2.620775, 42.433818999000039 ] ] ] } },
{ "type": "Feature", "properties": { "code": "26047", "name": "Cervera del Río Alhama" }, "geometry": { "type": "Polygon", "coordinates": [ [ [ -2.023398, 41.984538999000051 ], [ -2.039817569999968, 41.986878707000074 ], [ -2.062535, 42.001033499000073 ], [ -2.060213401999931, 42.004643621000071 ], [ -2.046513906999962, 42.008600957000056 ], [ -2.028297167999938, 42.02930694500003 ], [ -2.026165143999947, 42.036963790000073 ], [ -1.994730661999938, 42.038602279000031 ], [ -1.986017736999941, 42.042330566000032 ], [ -1.980763551999928, 42.049839281000061 ], [ -1.973381740999969, 42.054323750000037 ], [ -1.977102902999945, 42.065234461000045 ], [ -1.974391343999969, 42.079092919000061 ], [ -1.982112, 42.088977999000065 ], [ -1.989656725999964, 42.101052438000067 ], [ -1.981076055999949, 42.104746626000065 ], [ -1.972568982999974, 42.103856041000029 ], [ -1.968966441999953, 42.111107265000044 ], [ -1.96078218599996, 42.110273358000029 ], [ -1.944211951999932, 42.101619242000027 ], [ -1.934002008999926, 42.101140658000077 ], [ -1.92440449999998, 42.094337499000062 ], [ -1.917201033999959, 42.083586135000076 ], [ -1.909428803999958, 42.080519581000033 ], [ -1.911677719999943, 42.075282905000051 ], [ -1.909240499999953, 42.059112499000037 ], [ -1.904093694999972, 42.053682171000048 ], [ -1.900352891999944, 42.029198981000036 ], [ -1.884665143999939, 42.026633927000034 ], [ -1.872834368999975, 42.01383418100005 ], [ -1.864723736999963, 42.013906490000068 ], [ -1.85608287499997, 42.003537851000033 ], [ -1.847183499999971, 42.007987999000079 ], [ -1.85048224999997, 41.997200519000046 ], [ -1.845235480999975, 41.987252075000072 ], [ -1.864109663999955, 41.977039183000045 ], [ -1.85653949999994, 41.966388499000061 ], [ -1.866684, 41.959212999000044 ], [ -1.877592, 41.95241949900003 ], [ -1.890702499999975, 41.947784499000079 ], [ -1.906666, 41.945575499000029 ], [ -1.91629258599994, 41.947626367000055 ], [ -1.939445211999953, 41.95947422200004 ], [ -1.987660073999962, 41.990830302000063 ], [ -1.996371689999933, 41.992141421000042 ], [ -2.023398, 41.984538999000051 ] ] ] } },
{ "type": "Feature", "properties": { "code": "26048", "name": "Cidamón" }, "geometry": { "type": "MultiPolygon", "coordinates": [ [ [ [ -2.895353, 42.495582499000079 ], [ -2.892853499999944, 42.498416999000028 ], [ -2.892485499999964, 42.500110499000073 ], [ -2.900234, 42.503880999000046 ], [ -2.89901, 42.508256999000025 ], [ -2.892810917999952, 42.504424942000071 ], [ -2.886413888999925, 42.505030094000062 ], [ -2.870784095999966, 42.499606910000068 ], [ -2.841328051999938, 42.495388155000057 ], [ -2.835092920999955, 42.498165484000026 ], [ -2.83018949999996, 42.497997499000064 ], [ -2.833503166999947, 42.491289757000061 ], [ -2.81454509699995, 42.484339510000041 ], [ -2.81112, 42.473113999000077 ], [ -2.819908931999976, 42.477825964000033 ], [ -2.835092920999955, 42.482043076000025 ], [ -2.840948121999929, 42.485098361000041 ], [ -2.849814506999962, 42.481519542000058 ], [ -2.871683961999963, 42.483130514000038 ], [ -2.895353, 42.495582499000079 ] ] ], [ [ [ -2.848519499999952, 42.462451999000052 ], [ -2.855376, 42.463477999000077 ], [ -2.856251499999928, 42.458309999000051 ], [ -2.858435, 42.455203999000048 ], [ -2.884446499999967, 42.457027499000048 ], [ -2.889188, 42.458335999000042 ], [ -2.890523499999972, 42.473251499000071 ], [ -2.886095, 42.474013999000078 ], [ -2.88168, 42.473640499000055 ], [ -2.87183349999998, 42.46989049900003 ], [ -2.867329499999926, 42.470580999000049 ], [ -2.854229, 42.470580999000049 ], [ -2.84484, 42.464885499000047 ], [ -2.848519499999952, 42.462451999000052 ] ] ] ] } },
{ "type": "Feature", "properties": { "code": "26049", "name": "Cihuri" }, "geometry": { "type": "Polygon", "coordinates": [ [ [ -2.925596, 42.556530999000074 ], [ -2.934300598999926, 42.56781922700003 ], [ -2.947894, 42.57691199900006 ], [ -2.945039615999974, 42.585892877000049 ], [ -2.936264499999936, 42.594100999000034 ], [ -2.927681, 42.596107499000027 ], [ -2.922653, 42.600799499000061 ], [ -2.919505499999957, 42.601867499000036 ], [ -2.912827499999935, 42.60149399900007 ], [ -2.906759499999964, 42.59138499900007 ], [ -2.908386, 42.587440499000024 ], [ -2.915282223999952, 42.585676598000077 ], [ -2.918626673999938, 42.577775193000036 ], [ -2.914609653999946, 42.567215833000034 ], [ -2.90763117299997, 42.563709212000049 ], [ -2.908316499999955, 42.560678999000061 ], [ -2.913976702999946, 42.560519426000042 ], [ -2.919791821999979, 42.554818658000045 ], [ -2.925596, 42.556530999000074 ] ] ] } },
{ "type": "Feature", "properties": { "code": "26050", "name": "Cirueña" }, "geometry": { "type": "Polygon", "coordinates": [ [ [ -2.84925949999996, 42.432452999000077 ], [ -2.848848499999974, 42.431613999000035 ], [ -2.854358219999938, 42.427128913000047 ], [ -2.857378499999925, 42.41720949900008 ], [ -2.880443, 42.406787999000073 ], [ -2.897632499999929, 42.404590499000051 ], [ -2.906706, 42.406261499000038 ], [ -2.910240127999941, 42.416370107000034 ], [ -2.90652149999994, 42.431975999000031 ], [ -2.898585, 42.430690499000036 ], [ -2.893401832999928, 42.433451099000081 ], [ -2.874860129999945, 42.435541152000042 ], [ -2.84925949999996, 42.432452999000077 ] ] ] } },
{ "type": "Feature", "properties": { "code": "26051", "name": "Clavijo" }, "geometry": { "type": "Polygon", "coordinates": [ [ [ -2.407854499999928, 42.346126499000036 ], [ -2.420117693999941, 42.338805345000026 ], [ -2.430003134999936, 42.338330481000071 ], [ -2.43823649999996, 42.327743499000064 ], [ -2.44926449999997, 42.319926999000074 ], [ -2.449842499999932, 42.331519999000079 ], [ -2.448576847999959, 42.338589056000046 ], [ -2.440825595999968, 42.346692001000065 ], [ -2.446670489999974, 42.354467559000057 ], [ -2.441930439999965, 42.377623004000043 ], [ -2.448147, 42.386752999000066 ], [ -2.424091903999965, 42.392215195000063 ], [ -2.410633163999933, 42.389605265000057 ], [ -2.398443, 42.38327749900003 ], [ -2.409911429999966, 42.36532778600008 ], [ -2.40572035799994, 42.353859072000034 ], [ -2.407854499999928, 42.346126499000036 ] ] ] } },
{ "type": "Feature", "properties": { "code": "26052", "name": "Cordovín" }, "geometry": { "type": "Polygon", "coordinates": [ [ [ -2.811823499999946, 42.39680099900005 ], [ -2.797575547999941, 42.395248976000062 ], [ -2.789721, 42.397609499000055 ], [ -2.788225499999953, 42.393707499000072 ], [ -2.784991499999933, 42.390960999000072 ], [ -2.790234, 42.388793999000029 ], [ -2.796431, 42.38484949900004 ], [ -2.803056, 42.383609499000045 ], [ -2.80877449999997, 42.380657499000051 ], [ -2.813743, 42.379882999000074 ], [ -2.817740499999957, 42.380237499000032 ], [ -2.82518, 42.37812449900008 ], [ -2.826522, 42.380531499000028 ], [ -2.832124, 42.37974949900007 ], [ -2.831249, 42.384303999000053 ], [ -2.826621, 42.384765499000025 ], [ -2.823823, 42.390090999000051 ], [ -2.811823499999946, 42.39680099900005 ] ] ] } },
{ "type": "Feature", "properties": { "code": "26053", "name": "Corera" }, "geometry": { "type": "Polygon", "coordinates": [ [ [ -2.21146, 42.328036999000062 ], [ -2.229926338999974, 42.330967552000061 ], [ -2.231437, 42.33608999900008 ], [ -2.23021762299993, 42.345337076000078 ], [ -2.217883972999971, 42.37623693900008 ], [ -2.214466945999959, 42.37899348500008 ], [ -2.199098, 42.381042999000044 ], [ -2.193835499999977, 42.376575499000069 ], [ -2.205341411999939, 42.370687244000067 ], [ -2.208153115999949, 42.350992445000031 ], [ -2.215816748999941, 42.333742569000037 ], [ -2.21146, 42.328036999000062 ] ] ] } },
{ "type": "Feature", "properties": { "code": "26054", "name": "Cornago" }, "geometry": { "type": "Polygon", "coordinates": [ [ [ -2.085343, 41.998523499000044 ], [ -2.092252499999972, 42.004245999000034 ], [ -2.107633, 42.002761999000029 ], [ -2.114822763999939, 42.011467555000024 ], [ -2.11806678499994, 42.021905078000032 ], [ -2.129237797999963, 42.02684557300006 ], [ -2.149513276999926, 42.042647480000028 ], [ -2.158211490999975, 42.055443991000061 ], [ -2.160857563999969, 42.066421070000047 ], [ -2.135175703999948, 42.075082635000058 ], [ -2.127265994999959, 42.082258954000054 ], [ -2.12856895799996, 42.097501704000081 ], [ -2.148117, 42.104434999000034 ], [ -2.142689133999966, 42.113631718000079 ], [ -2.13109136099996, 42.116655611000056 ], [ -2.117793896999956, 42.111314509000067 ], [ -2.103444986999932, 42.110359859000027 ], [ -2.084957587999952, 42.117658323000057 ], [ -2.066646499999933, 42.120181999000067 ], [ -2.063910459999931, 42.113913783000044 ], [ -2.055257499999925, 42.110832499000026 ], [ -2.052347976999954, 42.090981506000048 ], [ -2.054599456999938, 42.077442167000072 ], [ -2.050088509999966, 42.068533175000027 ], [ -2.05562922799993, 42.061497858000052 ], [ -2.055109168999934, 42.057000170000038 ], [ -2.051552926999932, 42.052897331000054 ], [ -2.039965109999969, 42.048717854000074 ], [ -2.037475607999966, 42.04468461700003 ], [ -2.040486327999929, 42.039408903000037 ], [ -2.05230402799998, 42.043690464000065 ], [ -2.059680224999966, 42.034036223000044 ], [ -2.068119921999937, 42.029576387000077 ], [ -2.067397801999959, 42.023247916000059 ], [ -2.08332659499996, 42.014030849000051 ], [ -2.085343, 41.998523499000044 ] ] ] } },
{ "type": "Feature", "properties": { "code": "26055", "name": "Corporales" }, "geometry": { "type": "Polygon", "coordinates": [ [ [ -2.999039499999981, 42.401401499000031 ], [ -3.011642499999937, 42.396663499000056 ], [ -3.00563729299995, 42.41188582400008 ], [ -3.018126241999937, 42.41479276900003 ], [ -3.020145147999926, 42.430601573000047 ], [ -3.005270420999977, 42.442901593000045 ], [ -2.987415, 42.449954999000056 ], [ -2.986918104999972, 42.432065547000036 ], [ -2.999808335999944, 42.411643549000075 ], [ -2.999039499999981, 42.401401499000031 ] ] ] } },
{ "type": "Feature", "properties": { "code": "26056", "name": "Cuzcurrita de Río Tirón" }, "geometry": { "type": "Polygon", "coordinates": [ [ [ -2.972936, 42.520084499000063 ], [ -2.979890800999954, 42.519235331000061 ], [ -2.986209500999962, 42.533735142000069 ], [ -2.996311852999952, 42.538699299000029 ], [ -3.012166, 42.541450499000064 ], [ -2.996137215999966, 42.560873008000044 ], [ -2.996151, 42.564368999000067 ], [ -2.984479499999964, 42.566413999000076 ], [ -2.97786436399997, 42.563863799000046 ], [ -2.965087408999977, 42.566779668000038 ], [ -2.947894, 42.57691199900006 ], [ -2.934300598999926, 42.56781922700003 ], [ -2.925596, 42.556530999000074 ], [ -2.927101499999935, 42.55079549900006 ], [ -2.929163499999959, 42.550908499000059 ], [ -2.935271045999968, 42.554917646000035 ], [ -2.948893280999926, 42.553627051000035 ], [ -2.952191308999943, 42.568925911000065 ], [ -2.958917845999963, 42.566392710000059 ], [ -2.958073915999933, 42.55917153200005 ], [ -2.962651127999948, 42.551824830000044 ], [ -2.951649499999974, 42.529563999000061 ], [ -2.965473773999975, 42.52594595100004 ], [ -2.972936, 42.520084499000063 ] ] ] } },
{ "type": "Feature", "properties": { "code": "26057", "name": "Daroca de Rioja" }, "geometry": { "type": "Polygon", "coordinates": [ [ [ -2.614615499999957, 42.327945999000065 ], [ -2.615960205999954, 42.335680072000059 ], [ -2.607603, 42.351070499000059 ], [ -2.604296991999945, 42.355378487000053 ], [ -2.602040851999959, 42.370386815000074 ], [ -2.59589, 42.378669999000067 ], [ -2.57281, 42.382278499000051 ], [ -2.570517170999949, 42.380031786000075 ], [ -2.57157449999994, 42.365665499000045 ], [ -2.598016499999972, 42.334853999000075 ], [ -2.614615499999957, 42.327945999000065 ] ] ] } },
{ "type": "Feature", "properties": { "code": "26058", "name": "Enciso" }, "geometry": { "type": "Polygon", "coordinates": [ [ [ -2.175616, 42.104751499000031 ], [ -2.19547668499996, 42.10259798900006 ], [ -2.208385250999925, 42.104202753000038 ], [ -2.223068907999959, 42.098574598000027 ], [ -2.23712692099997, 42.101906395000071 ], [ -2.259033061999958, 42.087860356000078 ], [ -2.269596, 42.088538999000036 ], [ -2.281262235999975, 42.108849141000064 ], [ -2.279626488999952, 42.123846976000038 ], [ -2.282962930999929, 42.13176555900003 ], [ -2.316154123999979, 42.14439584400003 ], [ -2.332159, 42.146007499000063 ], [ -2.317020002999925, 42.171105110000042 ], [ -2.264066499999956, 42.173484999000038 ], [ -2.251269340999954, 42.180779349000034 ], [ -2.242337540999927, 42.177751547000071 ], [ -2.231685499999969, 42.168830999000079 ], [ -2.221396372999948, 42.16361267700006 ], [ -2.213309027999969, 42.14987070400008 ], [ -2.20468208799997, 42.143986856000026 ], [ -2.192924362999975, 42.127829172000077 ], [ -2.184176, 42.124683499000071 ], [ -2.183052499999974, 42.117027499000073 ], [ -2.180271499999947, 42.110423999000034 ], [ -2.175616, 42.104751499000031 ] ] ] } },
{ "type": "Feature", "properties": { "code": "26059", "name": "Entrena" }, "geometry": { "type": "Polygon", "coordinates": [ [ [ -2.50504049999995, 42.42364849900008 ], [ -2.503538233999961, 42.416719903000057 ], [ -2.488048, 42.396636999000066 ], [ -2.486459812999954, 42.389428778000081 ], [ -2.490948737999929, 42.37411888400004 ], [ -2.499688245999948, 42.377005186000076 ], [ -2.501458636999928, 42.372871770000074 ], [ -2.507635560999972, 42.370592248000037 ], [ -2.503843, 42.36437599900006 ], [ -2.517907, 42.359714499000063 ], [ -2.520077, 42.364688999000066 ], [ -2.521316499999955, 42.372779999000045 ], [ -2.527906499999972, 42.374923499000033 ], [ -2.53573149999994, 42.376289499000052 ], [ -2.541727499999979, 42.380175999000073 ], [ -2.543923499999948, 42.380618999000035 ], [ -2.543650542999956, 42.400825973000053 ], [ -2.546708, 42.40554049900004 ], [ -2.525644051999961, 42.413428707000037 ], [ -2.517966539999975, 42.422473828000079 ], [ -2.50504049999995, 42.42364849900008 ] ] ] } },
{ "type": "Feature", "properties": { "code": "26060", "name": "Estollo" }, "geometry": { "type": "Polygon", "coordinates": [ [ [ -2.892433, 42.303981499000031 ], [ -2.883308321999948, 42.306641871000068 ], [ -2.871473871999967, 42.302938779000044 ], [ -2.856594399999949, 42.320742300000063 ], [ -2.85423, 42.334110499000076 ], [ -2.835092920999955, 42.344797063000044 ], [ -2.827187941999966, 42.340638766000041 ], [ -2.819132499999967, 42.34398999900003 ], [ -2.81326228699993, 42.333941225000046 ], [ -2.810208499999931, 42.33245849900004 ], [ -2.835092920999955, 42.313539510000055 ], [ -2.837858091999976, 42.312351062000062 ], [ -2.846253499999932, 42.304611499000032 ], [ -2.850935641999968, 42.303272990000039 ], [ -2.859518, 42.291655865000052 ], [ -2.874987890999932, 42.289261528000054 ], [ -2.881065, 42.284717499000067 ], [ -2.892433, 42.303981499000031 ] ] ] } },
{ "type": "Feature", "properties": { "code": "26061", "name": "Ezcaray" }, "geometry": { "type": "Polygon", "coordinates": [ [ [ -2.941317, 42.316455999000027 ], [ -2.943774722999933, 42.298935983000035 ], [ -2.953318063999973, 42.279666987000041 ], [ -2.961718214999962, 42.27155644000004 ], [ -2.961207698999942, 42.260257446000026 ], [ -2.955949499999974, 42.250270999000065 ], [ -2.972829500999978, 42.240919096000027 ], [ -2.974982336999972, 42.227858154000046 ], [ -2.981818934999978, 42.219072006000033 ], [ -2.983942107999951, 42.211263066000072 ], [ -3.010714499999949, 42.203639999000075 ], [ -3.018121085999951, 42.197523771000078 ], [ -3.044587446999969, 42.195031079000046 ], [ -3.05371426399995, 42.186713500000053 ], [ -3.063631076999968, 42.183767991000025 ], [ -3.079935678999959, 42.193438823000065 ], [ -3.096359624999934, 42.197506021000038 ], [ -3.104549601999963, 42.207086101000073 ], [ -3.099711154999966, 42.224498385000061 ], [ -3.102504499999952, 42.232211999000072 ], [ -3.089649926999925, 42.246238576000053 ], [ -3.096822490999955, 42.262617815000056 ], [ -3.089643, 42.273025499000028 ], [ -3.082380045999969, 42.276166179000029 ], [ -3.079573009999933, 42.287257123000074 ], [ -3.050542499999949, 42.297805999000047 ], [ -3.038238898999964, 42.306014602000062 ], [ -3.032057169999973, 42.31541999600006 ], [ -3.031666192999978, 42.325253347000057 ], [ -3.036089499999946, 42.334991499000068 ], [ -3.013169774999938, 42.338197242000035 ], [ -2.94891634499993, 42.316684975000044 ], [ -2.941317, 42.316455999000027 ] ] ] } },
{ "type": "Feature", "properties": { "code": "26062", "name": "Foncea" }, "geometry": { "type": "Polygon", "coordinates": [ [ [ -3.020700499999975, 42.602161499000033 ], [ -3.031130964999932, 42.599631832000057 ], [ -3.031565499999942, 42.586627999000029 ], [ -3.04584375099995, 42.583556266000073 ], [ -3.059854, 42.589156999000068 ], [ -3.064813152999932, 42.594691043000068 ], [ -3.061035367999978, 42.602157111000054 ], [ -3.070519634999926, 42.620253735000063 ], [ -3.078216, 42.623695499000064 ], [ -3.083876222999947, 42.628061334000051 ], [ -3.082155540999963, 42.631438329000048 ], [ -3.084177499999953, 42.640651999000056 ], [ -3.06938, 42.63874049900005 ], [ -3.065002, 42.639644499000042 ], [ -3.040812, 42.640013999000075 ], [ -3.03406549999994, 42.638000499000043 ], [ -3.029456499999981, 42.638171999000065 ], [ -3.018037499999934, 42.632140999000057 ], [ -3.023443462999978, 42.619861057000037 ], [ -3.018652064999969, 42.61162495800005 ], [ -3.020700499999975, 42.602161499000033 ] ] ] } },
{ "type": "Feature", "properties": { "code": "26063", "name": "Fonzaleche" }, "geometry": { "type": "Polygon", "coordinates": [ [ [ -2.996151, 42.564368999000067 ], [ -3.015041848999942, 42.568417845000056 ], [ -3.031565499999942, 42.586627999000029 ], [ -3.031130964999932, 42.599631832000057 ], [ -3.020700499999975, 42.602161499000033 ], [ -3.011430200999939, 42.599759360000064 ], [ -2.999402, 42.600913999000056 ], [ -2.982881499999962, 42.610763499000029 ], [ -2.975078639999936, 42.610389579000071 ], [ -2.970083974999966, 42.601667795000026 ], [ -2.964684, 42.600997999000072 ], [ -2.963747499999954, 42.596782499000028 ], [ -2.98255, 42.582317499000055 ], [ -2.983575, 42.577262999000027 ], [ -2.985792499999945, 42.571994999000026 ], [ -2.984479499999964, 42.566413999000076 ], [ -2.996151, 42.564368999000067 ] ] ] } },
{ "type": "Feature", "properties": { "code": "26064", "name": "Fuenmayor" }, "geometry": { "type": "Polygon", "coordinates": [ [ [ -2.600926499999957, 42.48453149900007 ], [ -2.60136276399993, 42.47824687800005 ], [ -2.595638656999938, 42.472961468000051 ], [ -2.588081753999973, 42.474768692000055 ], [ -2.591361, 42.482507999000063 ], [ -2.577813915999968, 42.483814118000055 ], [ -2.573174881999932, 42.491489071000046 ], [ -2.568705187999967, 42.49345975500006 ], [ -2.556270876999974, 42.48511050500008 ], [ -2.537373, 42.48317399900003 ], [ -2.541536874999963, 42.477437186000031 ], [ -2.540134977999969, 42.472038239000028 ], [ -2.523594476999961, 42.461931958000037 ], [ -2.522104486999979, 42.450242254000045 ], [ -2.52441749999997, 42.442818499000055 ], [ -2.541432107999981, 42.442119055000035 ], [ -2.579433069999936, 42.448341603000074 ], [ -2.60635306599994, 42.443566119000025 ], [ -2.62284, 42.448276499000031 ], [ -2.625470365999945, 42.464298557000063 ], [ -2.620828973999949, 42.469004595000058 ], [ -2.61496662199994, 42.486762442000042 ], [ -2.609938218999957, 42.489626932000078 ], [ -2.608758, 42.498784999000065 ], [ -2.60538043899993, 42.501536826000063 ], [ -2.593549085999939, 42.493103941000072 ], [ -2.600926499999957, 42.48453149900007 ] ] ] } },
{ "type": "Feature", "properties": { "code": "26065", "name": "Galbárruli" }, "geometry": { "type": "Polygon", "coordinates": [ [ [ -2.982881499999962, 42.610763499000029 ], [ -2.985246, 42.61418549900003 ], [ -2.976954733999946, 42.630323646000079 ], [ -2.977935499999944, 42.636569999000073 ], [ -2.96989885399995, 42.64075837300004 ], [ -2.945094220999977, 42.638664341000037 ], [ -2.933094167999968, 42.633670679000033 ], [ -2.92422449999998, 42.621696999000051 ], [ -2.922681499999953, 42.617072999000072 ], [ -2.92817, 42.615455499000063 ], [ -2.929760499999929, 42.61118699900004 ], [ -2.934900962999961, 42.613151049000066 ], [ -2.945239, 42.603854999000077 ], [ -2.95991749999996, 42.602302499000075 ], [ -2.964817, 42.603294499000071 ], [ -2.964684, 42.600997999000072 ], [ -2.970083974999966, 42.601667795000026 ], [ -2.975078639999936, 42.610389579000071 ], [ -2.982881499999962, 42.610763499000029 ] ] ] } },
{ "type": "Feature", "properties": { "code": "26066", "name": "Galilea" }, "geometry": { "type": "Polygon", "coordinates": [ [ [ -2.250745, 42.386569999000073 ], [ -2.215000499999974, 42.391635999000073 ], [ -2.212564, 42.391338499000028 ], [ -2.205507348999959, 42.388412308000056 ], [ -2.199098, 42.381042999000044 ], [ -2.214466945999959, 42.37899348500008 ], [ -2.217883972999971, 42.37623693900008 ], [ -2.23021762299993, 42.345337076000078 ], [ -2.231437, 42.33608999900008 ], [ -2.24358641799995, 42.338337154000044 ], [ -2.252734768999971, 42.332432894000078 ], [ -2.259047310999961, 42.336100012000031 ], [ -2.258552, 42.33844749900004 ], [ -2.253851395999959, 42.345908325000039 ], [ -2.242044298999929, 42.351199592000057 ], [ -2.225487405999957, 42.366870475000042 ], [ -2.229354824999973, 42.374029992000033 ], [ -2.250745, 42.386569999000073 ] ] ] } },
{ "type": "Feature", "properties": { "code": "26067", "name": "Gallinero de Cameros" }, "geometry": { "type": "Polygon", "coordinates": [ [ [ -2.625071499999933, 42.198203999000043 ], [ -2.616321953999943, 42.195050619000028 ], [ -2.602877712999941, 42.184266129000036 ], [ -2.586072, 42.164374999000074 ], [ -2.589025499999934, 42.160548999000071 ], [ -2.603237996999951, 42.154471416000035 ], [ -2.614065499999924, 42.143867499000066 ], [ -2.619194775999972, 42.154378458000053 ], [ -2.633682, 42.165061499000046 ], [ -2.631672712999944, 42.175323605000074 ], [ -2.619546751999962, 42.18343520600007 ], [ -2.625071499999933, 42.198203999000043 ] ] ] } },
{ "type": "Feature", "properties": { "code": "26068", "name": "Gimileo" }, "geometry": { "type": "Polygon", "coordinates": [ [ [ -2.813587499999926, 42.53529749900008 ], [ -2.83629, 42.548335999000074 ], [ -2.833220797999957, 42.553811068000073 ], [ -2.825204499999927, 42.554896499000051 ], [ -2.817934817999969, 42.557392132000075 ], [ -2.816075, 42.567993499000067 ], [ -2.811032214999955, 42.563053162000074 ], [ -2.807491641999945, 42.551772274000029 ], [ -2.813587499999926, 42.53529749900008 ] ] ] } },
{ "type": "Feature", "properties": { "code": "26069", "name": "Grañón" }, "geometry": { "type": "Polygon", "coordinates": [ [ [ -3.033072, 42.484477999000035 ], [ -3.015681488999974, 42.48632464800005 ], [ -2.996862, 42.479121999000029 ], [ -2.991959, 42.476798999000039 ], [ -2.985999, 42.47232499900008 ], [ -2.989245, 42.468784499000037 ], [ -2.987788499999965, 42.466037499000038 ], [ -2.987415, 42.449954999000056 ], [ -3.005270420999977, 42.442901593000045 ], [ -3.020145147999926, 42.430601573000047 ], [ -3.018126241999937, 42.41479276900003 ], [ -3.00563729299995, 42.41188582400008 ], [ -3.011642499999937, 42.396663499000056 ], [ -3.014849499999968, 42.396159999000076 ], [ -3.02043649999996, 42.390880499000048 ], [ -3.024969499999941, 42.391185999000072 ], [ -3.027787499999931, 42.392799499000034 ], [ -3.032580031999942, 42.412177727000028 ], [ -3.027574697999967, 42.427151328000036 ], [ -3.035886221999931, 42.438364568000054 ], [ -3.032487605999961, 42.443160158000069 ], [ -3.03961293499998, 42.447766582000042 ], [ -3.046025499999928, 42.445125499000028 ], [ -3.050300499999935, 42.451564999000027 ], [ -3.061011, 42.461959999000044 ], [ -3.064230499999951, 42.470920499000044 ], [ -3.045991499999957, 42.480323499000065 ], [ -3.033072, 42.484477999000035 ] ] ] } },
{ "type": "Feature", "properties": { "code": "26070", "name": "Grávalos" }, "geometry": { "type": "Polygon", "coordinates": [ [ [ -1.972272, 42.143512499000053 ], [ -1.943591329999947, 42.123770181000054 ], [ -1.924131453999962, 42.101433134000047 ], [ -1.92440449999998, 42.094337499000062 ], [ -1.934002008999926, 42.101140658000077 ], [ -1.944211951999932, 42.101619242000027 ], [ -1.96078218599996, 42.110273358000029 ], [ -1.968966441999953, 42.111107265000044 ], [ -1.972568982999974, 42.103856041000029 ], [ -1.981076055999949, 42.104746626000065 ], [ -1.989656725999964, 42.101052438000067 ], [ -1.982112, 42.088977999000065 ], [ -2.020186747999958, 42.103089835000048 ], [ -2.030463878999967, 42.104490834000046 ], [ -2.041713252999955, 42.110643612000047 ], [ -2.049804354999935, 42.108666373000062 ], [ -2.055257499999925, 42.110832499000026 ], [ -2.027557, 42.133773499000029 ], [ -1.996702, 42.133090999000046 ], [ -1.972272, 42.143512499000053 ] ] ] } },
{ "type": "Feature", "properties": { "code": "26071", "name": "Haro" }, "geometry": { "type": "Polygon", "coordinates": [ [ [ -2.906759499999964, 42.59138499900007 ], [ -2.898479201999976, 42.587759678000054 ], [ -2.876061966999941, 42.598225126000045 ], [ -2.877037248999954, 42.613686826000048 ], [ -2.874242998999932, 42.61716629700004 ], [ -2.882169, 42.620692999000028 ], [ -2.882533343999967, 42.624809637000055 ], [ -2.877610665999953, 42.629686774000049 ], [ -2.864654187999975, 42.633384505000038 ], [ -2.858067499999947, 42.638383999000041 ], [ -2.84317383299998, 42.629117385000029 ], [ -2.846764459999974, 42.617658298000038 ], [ -2.8418, 42.608598499000038 ], [ -2.84441035499998, 42.601904552000065 ], [ -2.840993440999966, 42.595145328000058 ], [ -2.830301, 42.600112999000032 ], [ -2.823643, 42.60145699900005 ], [ -2.818326812999942, 42.597727883000061 ], [ -2.819986050999944, 42.59166115000005 ], [ -2.824572699999976, 42.587698050000029 ], [ -2.835092920999955, 42.583942661000037 ], [ -2.840277950999962, 42.580772160000038 ], [ -2.837509474999933, 42.57082970700003 ], [ -2.828470109999955, 42.563663222000059 ], [ -2.825204499999927, 42.554896499000051 ], [ -2.833220797999957, 42.553811068000073 ], [ -2.83629, 42.548335999000074 ], [ -2.840152499999931, 42.547702499000025 ], [ -2.846059499999967, 42.547477499000081 ], [ -2.849687, 42.548896999000078 ], [ -2.859195499999942, 42.550059999000041 ], [ -2.864248, 42.545421499000042 ], [ -2.865895, 42.538703999000063 ], [ -2.880166499999973, 42.539161499000045 ], [ -2.881547499999954, 42.543288999000026 ], [ -2.88388249999997, 42.545652999000026 ], [ -2.885019499999942, 42.550030999000057 ], [ -2.891396, 42.560177499000076 ], [ -2.888766259999954, 42.565243514000031 ], [ -2.890336051999952, 42.579192997000064 ], [ -2.893807469999956, 42.581468931000074 ], [ -2.911730532999968, 42.578228465000052 ], [ -2.906759499999964, 42.59138499900007 ] ] ] } },
{ "type": "Feature", "properties": { "code": "26072", "name": "Herce" }, "geometry": { "type": "Polygon", "coordinates": [ [ [ -2.216373, 42.25985349900003 ], [ -2.196721499999967, 42.25867099900006 ], [ -2.174050638999972, 42.238226879000081 ], [ -2.154978118999963, 42.233292885000026 ], [ -2.143827, 42.233447999000077 ], [ -2.137494072999971, 42.207055934000039 ], [ -2.1464, 42.18997949900006 ], [ -2.172159, 42.202903499000058 ], [ -2.195623375999958, 42.250018572000045 ], [ -2.204603346999932, 42.252013713000053 ], [ -2.211655499999949, 42.247185499000068 ], [ -2.216373, 42.25985349900003 ] ] ] } },
{ "type": "Feature", "properties": { "code": "26073", "name": "Herramélluri" }, "geometry": { "type": "Polygon", "coordinates": [ [ [ -2.996862, 42.479121999000029 ], [ -3.015681488999974, 42.48632464800005 ], [ -3.033072, 42.484477999000035 ], [ -3.032348198999955, 42.499831826000047 ], [ -3.02536035199995, 42.513027093000062 ], [ -3.029279499999973, 42.522094499000048 ], [ -3.010797238999942, 42.51416501500006 ], [ -3.00092811199994, 42.51319462500004 ], [ -2.993358014999956, 42.507517737000057 ], [ -2.991263, 42.501941999000053 ], [ -2.991591, 42.496127999000066 ], [ -2.993697, 42.491245499000058 ], [ -2.993988499999944, 42.487929999000073 ], [ -2.996862, 42.479121999000029 ] ] ] } },
{ "type": "Feature", "properties": { "code": "26074", "name": "Hervías" }, "geometry": { "type": "Polygon", "coordinates": [ [ [ -2.84925949999996, 42.432452999000077 ], [ -2.874860129999945, 42.435541152000042 ], [ -2.893401832999928, 42.433451099000081 ], [ -2.898585, 42.430690499000036 ], [ -2.902065499999935, 42.444678999000075 ], [ -2.897839499999975, 42.448447999000052 ], [ -2.895496, 42.452811999000062 ], [ -2.889188, 42.458335999000042 ], [ -2.884446499999967, 42.457027499000048 ], [ -2.858435, 42.455203999000048 ], [ -2.856251499999928, 42.458309999000051 ], [ -2.855376, 42.463477999000077 ], [ -2.840421, 42.461097499000061 ], [ -2.831224499999962, 42.461650999000028 ], [ -2.818219, 42.453940999000054 ], [ -2.83224221699993, 42.455184515000042 ], [ -2.831839086999935, 42.448714955000071 ], [ -2.835092920999955, 42.442852043000073 ], [ -2.837212, 42.441558999000051 ], [ -2.846706499999925, 42.441860499000029 ], [ -2.848861499999941, 42.435848499000031 ], [ -2.84925949999996, 42.432452999000077 ] ] ] } },
{ "type": "Feature", "properties": { "code": "26075", "name": "Hormilla" }, "geometry": { "type": "Polygon", "coordinates": [ [ [ -2.80145349999998, 42.47167199900008 ], [ -2.788999499999932, 42.478061999000033 ], [ -2.782779, 42.47532299900007 ], [ -2.781203, 42.477805999000054 ], [ -2.779044499999941, 42.479133499000056 ], [ -2.767947196999955, 42.455694728000026 ], [ -2.758128944999953, 42.455559364000067 ], [ -2.751845560999925, 42.443997855000077 ], [ -2.761628906999931, 42.430282975000068 ], [ -2.772605, 42.422050499000079 ], [ -2.790926525999964, 42.434763516000032 ], [ -2.80083240099998, 42.455821244000049 ], [ -2.811450499999978, 42.468620499000053 ], [ -2.80145349999998, 42.47167199900008 ] ] ] } },
{ "type": "Feature", "properties": { "code": "26076", "name": "Hormilleja" }, "geometry": { "type": "Polygon", "coordinates": [ [ [ -2.757357, 42.465121999000075 ], [ -2.722425981999947, 42.477869267000074 ], [ -2.713420499999927, 42.473522499000069 ], [ -2.720218566999961, 42.464239451000026 ], [ -2.72221849999994, 42.456313999000031 ], [ -2.728421011999956, 42.453795202000038 ], [ -2.733837728999958, 42.446760863000065 ], [ -2.746835078999936, 42.44699898500005 ], [ -2.750450175999958, 42.459040038000069 ], [ -2.757357, 42.465121999000075 ] ] ] } },
{ "type": "Feature", "properties": { "code": "26077", "name": "Hornillos de Cameros" }, "geometry": { "type": "Polygon", "coordinates": [ [ [ -2.445161499999926, 42.210872499000061 ], [ -2.449043742999947, 42.215015777000076 ], [ -2.458955720999938, 42.218110603000071 ], [ -2.458547501999931, 42.223223808000057 ], [ -2.447453178999979, 42.223940129000027 ], [ -2.439406992999977, 42.21961712500007 ], [ -2.42816066499995, 42.21881012800003 ], [ -2.408517469999936, 42.223464316000047 ], [ -2.402650219999941, 42.228487704000031 ], [ -2.393104, 42.230991499000027 ], [ -2.390347499999962, 42.230487999000047 ], [ -2.39315510199998, 42.219249460000071 ], [ -2.388511544999972, 42.210543482000048 ], [ -2.38223519099995, 42.206339526000079 ], [ -2.366846499999951, 42.205432999000038 ], [ -2.3627, 42.194728999000063 ], [ -2.445161499999926, 42.210872499000061 ] ] ] } },
{ "type": "Feature", "properties": { "code": "26078", "name": "Hornos de Moncalvillo" }, "geometry": { "type": "Polygon", "coordinates": [ [ [ -2.564112, 42.406677499000068 ], [ -2.565587373999961, 42.396141551000028 ], [ -2.57281, 42.382278499000051 ], [ -2.59589, 42.378669999000067 ], [ -2.595810358999927, 42.39061336900005 ], [ -2.588590979999935, 42.408658892000062 ], [ -2.588740499999972, 42.415080999000054 ], [ -2.564112, 42.406677499000068 ] ] ] } },
{ "type": "Feature", "properties": { "code": "26079", "name": "Huércanos" }, "geometry": { "type": "Polygon", "coordinates": [ [ [ -2.621961, 42.422527499000068 ], [ -2.638578810999945, 42.419645422000031 ], [ -2.643243499999926, 42.412257999000076 ], [ -2.648564, 42.412776999000073 ], [ -2.650673499999925, 42.411388499000054 ], [ -2.666969717999962, 42.418917505000024 ], [ -2.698896925999975, 42.416862389000073 ], [ -2.708715782999946, 42.424950662000072 ], [ -2.710862499999962, 42.431545499000038 ], [ -2.709516854999947, 42.434579482000061 ], [ -2.675710533999961, 42.452234182000041 ], [ -2.671837499999981, 42.461864499000058 ], [ -2.660156331999929, 42.451124040000025 ], [ -2.641830241999969, 42.444530125000028 ], [ -2.639881661999937, 42.438289692000069 ], [ -2.620775, 42.433818999000039 ], [ -2.618955, 42.427272499000026 ], [ -2.621961, 42.422527499000068 ] ] ] } },
{ "type": "Feature", "properties": { "code": "26080", "name": "Igea" }, "geometry": { "type": "Polygon", "coordinates": [ [ [ -1.982112, 42.088977999000065 ], [ -1.974391343999969, 42.079092919000061 ], [ -1.977102902999945, 42.065234461000045 ], [ -1.973381740999969, 42.054323750000037 ], [ -1.980763551999928, 42.049839281000061 ], [ -1.986017736999941, 42.042330566000032 ], [ -1.994730661999938, 42.038602279000031 ], [ -2.026165143999947, 42.036963790000073 ], [ -2.028297167999938, 42.02930694500003 ], [ -2.046513906999962, 42.008600957000056 ], [ -2.060213401999931, 42.004643621000071 ], [ -2.062535, 42.001033499000073 ], [ -2.076918328999966, 41.996406480000076 ], [ -2.085343, 41.998523499000044 ], [ -2.08332659499996, 42.014030849000051 ], [ -2.067397801999959, 42.023247916000059 ], [ -2.068119921999937, 42.029576387000077 ], [ -2.059680224999966, 42.034036223000044 ], [ -2.05230402799998, 42.043690464000065 ], [ -2.040486327999929, 42.039408903000037 ], [ -2.037475607999966, 42.04468461700003 ], [ -2.039965109999969, 42.048717854000074 ], [ -2.051552926999932, 42.052897331000054 ], [ -2.055109168999934, 42.057000170000038 ], [ -2.05562922799993, 42.061497858000052 ], [ -2.050088509999966, 42.068533175000027 ], [ -2.054599456999938, 42.077442167000072 ], [ -2.052347976999954, 42.090981506000048 ], [ -2.055257499999925, 42.110832499000026 ], [ -2.049804354999935, 42.108666373000062 ], [ -2.041713252999955, 42.110643612000047 ], [ -2.030463878999967, 42.104490834000046 ], [ -2.020186747999958, 42.103089835000048 ], [ -1.982112, 42.088977999000065 ] ] ] } },
{ "type": "Feature", "properties": { "code": "26081", "name": "Jalón de Cameros" }, "geometry": { "type": "Polygon", "coordinates": [ [ [ -2.513641499999949, 42.211696499000027 ], [ -2.509900047999963, 42.221502074000057 ], [ -2.511249, 42.226580999000078 ], [ -2.493858, 42.232818499000075 ], [ -2.486947365999924, 42.224753631000056 ], [ -2.470648151999967, 42.214467249000052 ], [ -2.471543160999943, 42.208290798000064 ], [ -2.479160499999978, 42.207484499000032 ], [ -2.49821849999995, 42.194995999000071 ], [ -2.513641499999949, 42.211696499000027 ] ] ] } },
{ "type": "Feature", "properties": { "code": "26082", "name": "Laguna de Cameros" }, "geometry": { "type": "Polygon", "coordinates": [ [ [ -2.566488, 42.194160499000077 ], [ -2.566882, 42.200340499000049 ], [ -2.559184125999934, 42.204678502000036 ], [ -2.534933, 42.20767199900007 ], [ -2.53362935399997, 42.199646341000062 ], [ -2.542886094999972, 42.186376750000079 ], [ -2.530185353999968, 42.185320998000066 ], [ -2.52874586799993, 42.177115370000081 ], [ -2.514911, 42.154945499000064 ], [ -2.513947091999967, 42.148511468000038 ], [ -2.505433917999937, 42.135297140000034 ], [ -2.50555908399997, 42.122485508000068 ], [ -2.508525, 42.115424999000027 ], [ -2.514688, 42.114524999000025 ], [ -2.524904128999935, 42.122261738000077 ], [ -2.540838383999926, 42.126607633000049 ], [ -2.553806829999928, 42.125744975000032 ], [ -2.575008301999958, 42.132824904000074 ], [ -2.586015269999962, 42.142363224000064 ], [ -2.584470608999936, 42.150678296000081 ], [ -2.589025499999934, 42.160548999000071 ], [ -2.586072, 42.164374999000074 ], [ -2.580515490999971, 42.16887895900004 ], [ -2.566488, 42.194160499000077 ] ] ] } },
{ "type": "Feature", "properties": { "code": "26083", "name": "Lagunilla del Jubera" }, "geometry": { "type": "Polygon", "coordinates": [ [ [ -2.407104, 42.313636999000039 ], [ -2.356745086999979, 42.327193256000044 ], [ -2.336956233999956, 42.361420311000074 ], [ -2.323372499999948, 42.373927999000045 ], [ -2.295109, 42.37495399900007 ], [ -2.285953253999935, 42.358849730000031 ], [ -2.288681786999973, 42.352483883000048 ], [ -2.298416550999946, 42.346096800000055 ], [ -2.306920144999935, 42.33121411500008 ], [ -2.339245395999967, 42.312877784000079 ], [ -2.347399324999969, 42.312822603000029 ], [ -2.352381332999926, 42.306171041000027 ], [ -2.36511328499995, 42.298741034000045 ], [ -2.377158990999931, 42.284297798000068 ], [ -2.384167, 42.285453999000026 ], [ -2.379001309999978, 42.29682415700006 ], [ -2.406375372999946, 42.307532608000031 ], [ -2.407104, 42.313636999000039 ] ] ] } },
{ "type": "Feature", "properties": { "code": "26084", "name": "Lardero" }, "geometry": { "type": "Polygon", "coordinates": [ [ [ -2.460169, 42.389869499000042 ], [ -2.473250544999928, 42.395571541000038 ], [ -2.488048, 42.396636999000066 ], [ -2.503538233999961, 42.416719903000057 ], [ -2.505553499999962, 42.427947999000025 ], [ -2.507950499999936, 42.429370499000072 ], [ -2.458226411999931, 42.440671344000066 ], [ -2.433652, 42.431909499000028 ], [ -2.435722, 42.427200999000036 ], [ -2.439535673999956, 42.425645386000042 ], [ -2.460169, 42.389869499000042 ] ] ] } },
{ "type": "Feature", "properties": { "code": "26086", "name": "Ledesma de la Cogolla" }, "geometry": { "type": "Polygon", "coordinates": [ [ [ -2.684092, 42.330234499000028 ], [ -2.675817476999953, 42.317743109000048 ], [ -2.672954, 42.305789999000069 ], [ -2.684002565999947, 42.30382342300004 ], [ -2.712093409999966, 42.310840110000072 ], [ -2.736150499999951, 42.309627499000044 ], [ -2.746590884999932, 42.315634473000046 ], [ -2.743120499999975, 42.32050349900004 ], [ -2.720964, 42.330554999000071 ], [ -2.684092, 42.330234499000028 ] ] ] } },
{ "type": "Feature", "properties": { "code": "26087", "name": "Leiva" }, "geometry": { "type": "Polygon", "coordinates": [ [ [ -3.033072, 42.484477999000035 ], [ -3.045991499999957, 42.480323499000065 ], [ -3.054919247999976, 42.489607035000063 ], [ -3.05850460299996, 42.49815945000006 ], [ -3.06517562099998, 42.502733128000045 ], [ -3.060196, 42.525367499000026 ], [ -3.050936, 42.53099049900004 ], [ -3.037433, 42.533294499000078 ], [ -3.031451, 42.525756999000066 ], [ -3.02536035199995, 42.513027093000062 ], [ -3.032348198999955, 42.499831826000047 ], [ -3.033072, 42.484477999000035 ] ] ] } },
{ "type": "Feature", "properties": { "code": "26088", "name": "Leza de Río Leza" }, "geometry": { "type": "Polygon", "coordinates": [ [ [ -2.43823649999996, 42.327743499000064 ], [ -2.430003134999936, 42.338330481000071 ], [ -2.420117693999941, 42.338805345000026 ], [ -2.407854499999928, 42.346126499000036 ], [ -2.39985597499998, 42.344610067000076 ], [ -2.391293743999938, 42.336087732000067 ], [ -2.374751625999977, 42.329793102000053 ], [ -2.373993927999948, 42.32682413100008 ], [ -2.379420499999981, 42.321559999000044 ], [ -2.407104, 42.313636999000039 ], [ -2.421775044999947, 42.320883284000047 ], [ -2.432035934999931, 42.322310194000067 ], [ -2.43823649999996, 42.327743499000064 ] ] ] } },
{ "type": "Feature", "properties": { "code": "26089", "name": "Logroño" }, "geometry": { "type": "Polygon", "coordinates": [ [ [ -2.344233499999973, 42.451535999000043 ], [ -2.344292, 42.437063499000033 ], [ -2.349499328999968, 42.437584833000074 ], [ -2.352057499999944, 42.433504499000037 ], [ -2.391951811999945, 42.441802419000055 ], [ -2.422043984999959, 42.451985881000041 ], [ -2.428384345999973, 42.446521692000033 ], [ -2.433652, 42.431909499000028 ], [ -2.458226411999931, 42.440671344000066 ], [ -2.507950499999936, 42.429370499000072 ], [ -2.52279892599995, 42.432635670000025 ], [ -2.52441749999997, 42.442818499000055 ], [ -2.522104486999979, 42.450242254000045 ], [ -2.523594476999961, 42.461931958000037 ], [ -2.540134977999969, 42.472038239000028 ], [ -2.541536874999963, 42.477437186000031 ], [ -2.537373, 42.48317399900003 ], [ -2.530810642999938, 42.485206768000069 ], [ -2.536960526999962, 42.489814009000042 ], [ -2.536731671999974, 42.494982170000071 ], [ -2.520626690999961, 42.506982213000072 ], [ -2.51379849999995, 42.518020499000045 ], [ -2.508576228999971, 42.518725372000063 ], [ -2.505415, 42.512705999000048 ], [ -2.517884461999927, 42.498591667000028 ], [ -2.516210333999936, 42.491482777000044 ], [ -2.477432, 42.486636499000042 ], [ -2.471195334999948, 42.492569401000026 ], [ -2.450697716999969, 42.496418318000053 ], [ -2.43730736599997, 42.489462952000054 ], [ -2.415423260999944, 42.489464784000063 ], [ -2.399864174999948, 42.472156890000065 ], [ -2.375543926999967, 42.471926440000061 ], [ -2.370584552999958, 42.464456858000062 ], [ -2.365346529999954, 42.462270899000032 ], [ -2.35400556899998, 42.466008609000028 ], [ -2.344233499999973, 42.451535999000043 ] ] ] } },
{ "type": "Feature", "properties": { "code": "26091", "name": "Lumbreras de Cameros" }, "geometry": { "type": "Polygon", "coordinates": [ [ [ -2.614065499999924, 42.143867499000066 ], [ -2.603237996999951, 42.154471416000035 ], [ -2.589025499999934, 42.160548999000071 ], [ -2.584470608999936, 42.150678296000081 ], [ -2.586015269999962, 42.142363224000064 ], [ -2.575008301999958, 42.132824904000074 ], [ -2.553806829999928, 42.125744975000032 ], [ -2.540838383999926, 42.126607633000049 ], [ -2.524904128999935, 42.122261738000077 ], [ -2.514688, 42.114524999000025 ], [ -2.518268499999976, 42.090755499000068 ], [ -2.522040236999942, 42.083684050000045 ], [ -2.515605697999945, 42.075169635000066 ], [ -2.51489, 42.068847499000071 ], [ -2.53240270699996, 42.055511172000081 ], [ -2.548865714999977, 42.051099517000068 ], [ -2.551921711999967, 42.039190155000028 ], [ -2.565077982999981, 42.015276999000037 ], [ -2.574696023999934, 42.006951014000038 ], [ -2.57992, 41.996249999000042 ], [ -2.593321499999945, 42.000171499000032 ], [ -2.596619499999974, 42.001929999000026 ], [ -2.609702, 42.002895499000033 ], [ -2.615119, 42.005767999000057 ], [ -2.624482, 42.004905999000073 ], [ -2.626647499999933, 42.006488499000056 ], [ -2.64251749999994, 42.00387549900006 ], [ -2.650028, 42.003780499000072 ], [ -2.653523499999949, 42.004989499000033 ], [ -2.659802, 42.005351999000027 ], [ -2.651629810999964, 42.01876455200005 ], [ -2.658540938999977, 42.03095408300004 ], [ -2.658159606999959, 42.038412680000079 ], [ -2.647292916999959, 42.050533767000047 ], [ -2.643177350999963, 42.071921615000065 ], [ -2.645233750999978, 42.081644362000077 ], [ -2.652751654999975, 42.088085638000052 ], [ -2.655970286999946, 42.094952058000047 ], [ -2.65216457899993, 42.121303436000062 ], [ -2.654072499999927, 42.130862999000044 ], [ -2.632916499999965, 42.137424499000076 ], [ -2.624662, 42.135741999000061 ], [ -2.615466499999968, 42.137649499000077 ], [ -2.610919, 42.137271999000063 ], [ -2.610719, 42.140395499000078 ], [ -2.614065499999924, 42.143867499000066 ] ] ] } },
{ "type": "Feature", "properties": { "code": "26092", "name": "Manjarrés" }, "geometry": { "type": "Polygon", "coordinates": [ [ [ -2.674465, 42.382037999000033 ], [ -2.682308499999976, 42.38761499900005 ], [ -2.688629499999934, 42.394199499000081 ], [ -2.674047921999943, 42.400808556000072 ], [ -2.651503499999933, 42.400340999000036 ], [ -2.645264499999939, 42.392387499000051 ], [ -2.64181549999995, 42.391971499000078 ], [ -2.640933, 42.389148999000042 ], [ -2.643716, 42.384719999000026 ], [ -2.651709328999971, 42.385873802000049 ], [ -2.663902, 42.378612499000042 ], [ -2.668671, 42.377338499000075 ], [ -2.674465, 42.382037999000033 ] ] ] } },
{ "type": "Feature", "properties": { "code": "26093", "name": "Mansilla de la Sierra" }, "geometry": { "type": "Polygon", "coordinates": [ [ [ -2.942732499999977, 42.238303999000038 ], [ -2.930148, 42.232387499000026 ], [ -2.925752, 42.228954499000054 ], [ -2.923888, 42.228393499000049 ], [ -2.919675499999926, 42.223903499000073 ], [ -2.91950406899997, 42.213868532000049 ], [ -2.913230607999935, 42.193225705000032 ], [ -2.898371768999937, 42.165100638000069 ], [ -2.906087907999961, 42.160529079000071 ], [ -2.912189384999976, 42.145425658000079 ], [ -2.908297016999938, 42.137615762000053 ], [ -2.909860884999944, 42.130908997000063 ], [ -2.890162759999953, 42.114033109000047 ], [ -2.886323421999975, 42.090176964000079 ], [ -2.882011374999934, 42.080608240000061 ], [ -2.890144024999927, 42.048801050000066 ], [ -2.88334644899993, 42.034653694000042 ], [ -2.891192, 42.016994499000077 ], [ -2.913637499999936, 42.022838499000045 ], [ -2.915647657999955, 42.039522744000067 ], [ -2.932197377999955, 42.08690548900006 ], [ -2.93885467299998, 42.089257366000027 ], [ -2.958663499999943, 42.085887999000079 ], [ -2.95738149999994, 42.104476999000042 ], [ -2.955376, 42.11877049900005 ], [ -2.952949, 42.160419499000056 ], [ -2.949969499999952, 42.192138999000065 ], [ -2.946716, 42.217166999000028 ], [ -2.942732499999977, 42.238303999000038 ] ] ] } },
{ "type": "Feature", "properties": { "code": "26094", "name": "Manzanares de Rioja" }, "geometry": { "type": "Polygon", "coordinates": [ [ [ -2.906706, 42.406261499000038 ], [ -2.897632499999929, 42.404590499000051 ], [ -2.880443, 42.406787999000073 ], [ -2.884547497999961, 42.398649379000062 ], [ -2.877315499999952, 42.391269499000032 ], [ -2.884658896999952, 42.388192009000079 ], [ -2.905025684999941, 42.367757200000028 ], [ -2.907517903999974, 42.35377427700007 ], [ -2.914815, 42.341021999000077 ], [ -2.921361, 42.348998999000059 ], [ -2.924564474999954, 42.363405529000033 ], [ -2.92244931099998, 42.372370051000075 ], [ -2.929837045999932, 42.38449279200006 ], [ -2.94211, 42.388603499000055 ], [ -2.925516821999963, 42.40686917000005 ], [ -2.916985347999969, 42.409067103000041 ], [ -2.906706, 42.406261499000038 ] ] ] } },
{ "type": "Feature", "properties": { "code": "26095", "name": "Matute" }, "geometry": { "type": "Polygon", "coordinates": [ [ [ -2.790118, 42.332350999000028 ], [ -2.782703499999968, 42.328597999000067 ], [ -2.776433242999929, 42.323200946000043 ], [ -2.773507815999949, 42.31505302100004 ], [ -2.755653, 42.30882249900003 ], [ -2.765091477999931, 42.302037941000037 ], [ -2.762002711999969, 42.288911948000077 ], [ -2.769991835999974, 42.280800406000026 ], [ -2.782667633999949, 42.278037018000077 ], [ -2.788762499999962, 42.272635755000067 ], [ -2.80759752299997, 42.269808165000029 ], [ -2.814529045999961, 42.257630959000039 ], [ -2.825922441999978, 42.252641442000026 ], [ -2.832729, 42.253368499000032 ], [ -2.837412900999936, 42.260916799000029 ], [ -2.846511967999959, 42.268167380000079 ], [ -2.835092920999955, 42.275345499000025 ], [ -2.823467969999967, 42.280009349000068 ], [ -2.806478451999965, 42.292544017000068 ], [ -2.804866334999929, 42.301971291000029 ], [ -2.812132499999962, 42.313854499000058 ], [ -2.80032556499998, 42.318295577000072 ], [ -2.790118, 42.332350999000028 ] ] ] } },
{ "type": "Feature", "properties": { "code": "26096", "name": "Medrano" }, "geometry": { "type": "Polygon", "coordinates": [ [ [ -2.564112, 42.406677499000068 ], [ -2.546708, 42.40554049900004 ], [ -2.543650542999956, 42.400825973000053 ], [ -2.543923499999948, 42.380618999000035 ], [ -2.57157449999994, 42.365665499000045 ], [ -2.570517170999949, 42.380031786000075 ], [ -2.57281, 42.382278499000051 ], [ -2.565587373999961, 42.396141551000028 ], [ -2.564112, 42.406677499000068 ] ] ] } },
{ "type": "Feature", "properties": { "code": "26098", "name": "Munilla" }, "geometry": { "type": "Polygon", "coordinates": [ [ [ -2.332159, 42.146007499000063 ], [ -2.387814699999979, 42.142134333000058 ], [ -2.397223499999939, 42.136932499000068 ], [ -2.401409499999943, 42.139556999000035 ], [ -2.401944499999956, 42.145755999000073 ], [ -2.384956029999955, 42.151022017000059 ], [ -2.346885639999925, 42.15328882600005 ], [ -2.336704494999935, 42.156676694000055 ], [ -2.331594502999963, 42.161449712000035 ], [ -2.32445135699993, 42.187667479000027 ], [ -2.334997379999947, 42.196265403000041 ], [ -2.343036646999963, 42.198152133000065 ], [ -2.346816610999952, 42.205820955000036 ], [ -2.366846499999951, 42.205432999000038 ], [ -2.38223519099995, 42.206339526000079 ], [ -2.388511544999972, 42.210543482000048 ], [ -2.39315510199998, 42.219249460000071 ], [ -2.387365305999936, 42.240005078000081 ], [ -2.380364, 42.248759999000072 ], [ -2.358724717999962, 42.238691505000077 ], [ -2.318028365999965, 42.233488425000075 ], [ -2.307152592999955, 42.226422196000044 ], [ -2.282644, 42.217048499000043 ], [ -2.286607317999938, 42.214656556000079 ], [ -2.286410333999925, 42.206336180000051 ], [ -2.278434131999973, 42.199007585000061 ], [ -2.263965923999933, 42.193985346000034 ], [ -2.256567621999977, 42.185506954000061 ], [ -2.267782125999929, 42.180199766000044 ], [ -2.264066499999956, 42.173484999000038 ], [ -2.317020002999925, 42.171105110000042 ], [ -2.332159, 42.146007499000063 ] ] ] } },
{ "type": "Feature", "properties": { "code": "26099", "name": "Murillo de Río Leza" }, "geometry": { "type": "Polygon", "coordinates": [ [ [ -2.323372499999948, 42.373927999000045 ], [ -2.33202838099993, 42.38080104800008 ], [ -2.333761497999944, 42.386337582000067 ], [ -2.364590499999963, 42.394908499000053 ], [ -2.364852093999957, 42.401916185000061 ], [ -2.373314499999935, 42.416824499000029 ], [ -2.358125, 42.423782499000026 ], [ -2.355060499999979, 42.429797999000073 ], [ -2.349499328999968, 42.437584833000074 ], [ -2.344292, 42.437063499000033 ], [ -2.326640578999957, 42.428402768000069 ], [ -2.295491641999945, 42.423649308000051 ], [ -2.281467877999944, 42.412426113000038 ], [ -2.267285911999977, 42.413324077000027 ], [ -2.260952, 42.416377499000077 ], [ -2.249302499999942, 42.402675499000054 ], [ -2.243657, 42.398154999000042 ], [ -2.230984, 42.39403549900004 ], [ -2.215000499999974, 42.391635999000073 ], [ -2.250745, 42.386569999000073 ], [ -2.266696951999961, 42.385379756000077 ], [ -2.295109, 42.37495399900007 ], [ -2.323372499999948, 42.373927999000045 ] ] ] } },
{ "type": "Feature", "properties": { "code": "26100", "name": "Muro de Aguas" }, "geometry": { "type": "Polygon", "coordinates": [ [ [ -2.086960499999975, 42.137691499000027 ], [ -2.066646499999933, 42.120181999000067 ], [ -2.084957587999952, 42.117658323000057 ], [ -2.103444986999932, 42.110359859000027 ], [ -2.117793896999956, 42.111314509000067 ], [ -2.13109136099996, 42.116655611000056 ], [ -2.142689133999966, 42.113631718000079 ], [ -2.148117, 42.104434999000034 ], [ -2.175616, 42.104751499000031 ], [ -2.180271499999947, 42.110423999000034 ], [ -2.183052499999974, 42.117027499000073 ], [ -2.184176, 42.124683499000071 ], [ -2.162139231999959, 42.128026655000042 ], [ -2.157913956999948, 42.135011598000062 ], [ -2.162305054999933, 42.143670254000028 ], [ -2.154913909999948, 42.149212785000032 ], [ -2.144421955999974, 42.152142722000065 ], [ -2.145713, 42.159061499000074 ], [ -2.13369171599993, 42.155240553000056 ], [ -2.125729231999969, 42.149294687000065 ], [ -2.086960499999975, 42.137691499000027 ] ] ] } },
{ "type": "Feature", "properties": { "code": "26101", "name": "Muro en Cameros" }, "geometry": { "type": "Polygon", "coordinates": [ [ [ -2.566882, 42.200340499000049 ], [ -2.57240471199998, 42.220150607000051 ], [ -2.565060403999951, 42.239831024000068 ], [ -2.556353499999943, 42.243632999000056 ], [ -2.511249, 42.226580999000078 ], [ -2.509900047999963, 42.221502074000057 ], [ -2.513641499999949, 42.211696499000027 ], [ -2.522732205999944, 42.21180933100004 ], [ -2.534933, 42.20767199900007 ], [ -2.559184125999934, 42.204678502000036 ], [ -2.566882, 42.200340499000049 ] ] ] } },
{ "type": "Feature", "properties": { "code": "26102", "name": "Nájera" }, "geometry": { "type": "Polygon", "coordinates": [ [ [ -2.779044499999941, 42.479133499000056 ], [ -2.777408, 42.480643999000051 ], [ -2.769282499999974, 42.480392499000061 ], [ -2.763552, 42.476733999000032 ], [ -2.760239499999955, 42.471629999000072 ], [ -2.757357, 42.465121999000075 ], [ -2.750450175999958, 42.459040038000069 ], [ -2.746835078999936, 42.44699898500005 ], [ -2.733837728999958, 42.446760863000065 ], [ -2.728421011999956, 42.453795202000038 ], [ -2.72221849999994, 42.456313999000031 ], [ -2.725316591999956, 42.447433595000064 ], [ -2.717544288999932, 42.434708896000075 ], [ -2.710862499999962, 42.431545499000038 ], [ -2.708715782999946, 42.424950662000072 ], [ -2.698896925999975, 42.416862389000073 ], [ -2.666969717999962, 42.418917505000024 ], [ -2.650673499999925, 42.411388499000054 ], [ -2.678997973999969, 42.414660216000073 ], [ -2.701875499999971, 42.412109499000053 ], [ -2.729815555999949, 42.405108341000073 ], [ -2.734023703999981, 42.398260637000078 ], [ -2.733225, 42.389979999000047 ], [ -2.73662143699994, 42.388592045000053 ], [ -2.741901, 42.37841049900004 ], [ -2.74777, 42.377937499000041 ], [ -2.76852820299996, 42.384797422000076 ], [ -2.777146, 42.383201499000052 ], [ -2.788225499999953, 42.393707499000072 ], [ -2.789721, 42.397609499000055 ], [ -2.776893499999971, 42.413245999000026 ], [ -2.772605, 42.422050499000079 ], [ -2.761628906999931, 42.430282975000068 ], [ -2.751845560999925, 42.443997855000077 ], [ -2.758128944999953, 42.455559364000067 ], [ -2.767947196999955, 42.455694728000026 ], [ -2.779044499999941, 42.479133499000056 ] ] ] } },
{ "type": "Feature", "properties": { "code": "26103", "name": "Nalda" }, "geometry": { "type": "Polygon", "coordinates": [ [ [ -2.449842499999932, 42.331519999000079 ], [ -2.448399980999966, 42.304158090000044 ], [ -2.480083, 42.292747499000029 ], [ -2.48779253999993, 42.303145064000034 ], [ -2.494569141999932, 42.305075487000067 ], [ -2.491302469999937, 42.316808647000073 ], [ -2.493908056999942, 42.321314400000063 ], [ -2.502301989999978, 42.325599427000043 ], [ -2.524271, 42.319056999000054 ], [ -2.518563988999972, 42.321408705000067 ], [ -2.511248746999968, 42.337161068000057 ], [ -2.517030278999925, 42.34831316900005 ], [ -2.513438147999977, 42.35201128500006 ], [ -2.506724199999951, 42.350707154000077 ], [ -2.507947449999961, 42.357381486000065 ], [ -2.503843, 42.36437599900006 ], [ -2.484601029999965, 42.35478609200004 ], [ -2.48376848099997, 42.347241501000042 ], [ -2.480243315999928, 42.34365015000003 ], [ -2.449842499999932, 42.331519999000079 ] ] ] } },
{ "type": "Feature", "properties": { "code": "26104", "name": "Navajún" }, "geometry": { "type": "Polygon", "coordinates": [ [ [ -2.115146, 41.966083499000035 ], [ -2.12319783199996, 41.994575776000033 ], [ -2.112109499999974, 41.997005499000068 ], [ -2.076668649999931, 41.97175764800005 ], [ -2.049914499999943, 41.972621999000069 ], [ -2.048290537999947, 41.959624559000076 ], [ -2.051253499999973, 41.950854999000057 ], [ -2.065698916999963, 41.953614172000073 ], [ -2.076216, 41.950870499000075 ], [ -2.080986392999932, 41.954083639000032 ], [ -2.108823862999941, 41.957686670000044 ], [ -2.114672417999941, 41.962446377000049 ], [ -2.115146, 41.966083499000035 ] ] ] } },
{ "type": "Feature", "properties": { "code": "26105", "name": "Navarrete" }, "geometry": { "type": "Polygon", "coordinates": [ [ [ -2.564112, 42.406677499000068 ], [ -2.588740499999972, 42.415080999000054 ], [ -2.59510338399997, 42.424088763000043 ], [ -2.618955, 42.427272499000026 ], [ -2.620775, 42.433818999000039 ], [ -2.62284, 42.448276499000031 ], [ -2.60635306599994, 42.443566119000025 ], [ -2.579433069999936, 42.448341603000074 ], [ -2.541432107999981, 42.442119055000035 ], [ -2.52441749999997, 42.442818499000055 ], [ -2.52279892599995, 42.432635670000025 ], [ -2.507950499999936, 42.429370499000072 ], [ -2.505553499999962, 42.427947999000025 ], [ -2.50504049999995, 42.42364849900008 ], [ -2.517966539999975, 42.422473828000079 ], [ -2.525644051999961, 42.413428707000037 ], [ -2.546708, 42.40554049900004 ], [ -2.564112, 42.406677499000068 ] ] ] } },
{ "type": "Feature", "properties": { "code": "26106", "name": "Nestares" }, "geometry": { "type": "Polygon", "coordinates": [ [ [ -2.57463249999995, 42.283248999000079 ], [ -2.574571, 42.28166199900005 ], [ -2.584843112999977, 42.279571862000068 ], [ -2.588478341999974, 42.27345667000003 ], [ -2.60029751299993, 42.270451996000077 ], [ -2.611940984999933, 42.260772812000027 ], [ -2.655649499999925, 42.286269999000069 ], [ -2.645504777999975, 42.294140924000033 ], [ -2.631469691999939, 42.310684154000057 ], [ -2.624492895999936, 42.315827622000029 ], [ -2.618143499999974, 42.316661499000077 ], [ -2.604751777999979, 42.311850313000036 ], [ -2.599224556999957, 42.300736749000066 ], [ -2.576148097999976, 42.287079994000067 ], [ -2.57463249999995, 42.283248999000079 ] ] ] } },
{ "type": "Feature", "properties": { "code": "26107", "name": "Nieva de Cameros" }, "geometry": { "type": "Polygon", "coordinates": [ [ [ -2.629216, 42.20397949900007 ], [ -2.639925381999944, 42.198760169000025 ], [ -2.657141646999946, 42.197821727000075 ], [ -2.669806, 42.192901499000072 ], [ -2.709430483999938, 42.203660003000039 ], [ -2.726009971999929, 42.202823573000046 ], [ -2.741287499999942, 42.207732999000029 ], [ -2.745052499999929, 42.21935503900005 ], [ -2.742775108999979, 42.225512367000078 ], [ -2.721153397999956, 42.236401212000033 ], [ -2.715925396999978, 42.241977175000045 ], [ -2.705579486999966, 42.24400246600004 ], [ -2.678631499999938, 42.256262999000057 ], [ -2.67221662999998, 42.245200454000042 ], [ -2.661812751999946, 42.238576906000048 ], [ -2.657355951999932, 42.232325192000076 ], [ -2.648352836999948, 42.230549086000053 ], [ -2.640279290999956, 42.235931172000051 ], [ -2.629751929999941, 42.237087057000053 ], [ -2.625358143999961, 42.234122255000045 ], [ -2.626271499999973, 42.22675349900004 ], [ -2.62968296899993, 42.222527098000057 ], [ -2.627854855999942, 42.217639470000051 ], [ -2.630322499999977, 42.209437999000045 ], [ -2.629216, 42.20397949900007 ] ] ] } },
{ "type": "Feature", "properties": { "code": "26108", "name": "Ocón" }, "geometry": { "type": "Polygon", "coordinates": [ [ [ -2.258552, 42.33844749900004 ], [ -2.259047310999961, 42.336100012000031 ], [ -2.252734768999971, 42.332432894000078 ], [ -2.24358641799995, 42.338337154000044 ], [ -2.231437, 42.33608999900008 ], [ -2.229926338999974, 42.330967552000061 ], [ -2.21146, 42.328036999000062 ], [ -2.205799518999925, 42.325245047000067 ], [ -2.197577425999953, 42.328281921000041 ], [ -2.18607, 42.325256499000034 ], [ -2.182687499999929, 42.322036499000035 ], [ -2.176848499999949, 42.322192999000038 ], [ -2.169933499999956, 42.31816849900008 ], [ -2.165849, 42.31683349900004 ], [ -2.153278, 42.315941499000076 ], [ -2.145880499999976, 42.316306999000062 ], [ -2.132124, 42.320583499000065 ], [ -2.122674, 42.324672999000029 ], [ -2.109613, 42.326568499000075 ], [ -2.112564, 42.319549499000061 ], [ -2.120821451999973, 42.313245136000035 ], [ -2.123896177999939, 42.300678406000031 ], [ -2.152175499999942, 42.291389499000047 ], [ -2.19143311199997, 42.282866088000048 ], [ -2.204378283999972, 42.274366182000051 ], [ -2.216476499999942, 42.260276999000041 ], [ -2.226763225999946, 42.259281314000077 ], [ -2.233796235999932, 42.262025839000046 ], [ -2.240157499999953, 42.259006499000066 ], [ -2.244001442999945, 42.268204528000069 ], [ -2.253111499999932, 42.272044999000059 ], [ -2.26075082899996, 42.285952687000076 ], [ -2.265584072999957, 42.299817019000045 ], [ -2.265360942999962, 42.310290740000028 ], [ -2.27223235799994, 42.322317426000041 ], [ -2.258552, 42.33844749900004 ] ] ] } },
{ "type": "Feature", "properties": { "code": "26109", "name": "Ochánduri" }, "geometry": { "type": "Polygon", "coordinates": [ [ [ -2.978177, 42.505145999000035 ], [ -2.991263, 42.501941999000053 ], [ -2.993358014999956, 42.507517737000057 ], [ -3.00092811199994, 42.51319462500004 ], [ -3.010797238999942, 42.51416501500006 ], [ -3.029279499999973, 42.522094499000048 ], [ -3.037433, 42.533294499000078 ], [ -3.027401716999975, 42.534536199000058 ], [ -3.02528779599993, 42.538460623000049 ], [ -3.020115816999976, 42.537677889000065 ], [ -3.012166, 42.541450499000064 ], [ -2.996311852999952, 42.538699299000029 ], [ -2.986209500999962, 42.533735142000069 ], [ -2.979890800999954, 42.519235331000061 ], [ -2.972936, 42.520084499000063 ], [ -2.977834, 42.51096349900007 ], [ -2.978177, 42.505145999000035 ] ] ] } },
{ "type": "Feature", "properties": { "code": "26110", "name": "Ojacastro" }, "geometry": { "type": "Polygon", "coordinates": [ [ [ -3.053165, 42.373393999000029 ], [ -3.044086938999953, 42.376215457000058 ], [ -3.03914442699994, 42.381187814000043 ], [ -3.03820529099994, 42.387279242000034 ], [ -3.034517499999936, 42.388526499000079 ], [ -3.008008770999936, 42.377167984000039 ], [ -2.976338836999957, 42.370172780000075 ], [ -2.963042499999972, 42.37080749900008 ], [ -2.956974743999979, 42.350829748000081 ], [ -2.934297499999957, 42.333030999000073 ], [ -2.934936768999933, 42.321295758000076 ], [ -2.941317, 42.316455999000027 ], [ -2.94891634499993, 42.316684975000044 ], [ -3.013169774999938, 42.338197242000035 ], [ -3.036089499999946, 42.334991499000068 ], [ -3.059568499999955, 42.338439999000059 ], [ -3.058672319999971, 42.349024892000045 ], [ -3.053351307999947, 42.360014331000059 ], [ -3.057718, 42.370097999000052 ], [ -3.053165, 42.373393999000029 ] ] ] } },
{ "type": "Feature", "properties": { "code": "26111", "name": "Ollauri" }, "geometry": { "type": "Polygon", "coordinates": [ [ [ -2.821855, 42.527251999000043 ], [ -2.837046355999973, 42.537263186000075 ], [ -2.837800777999973, 42.546365050000077 ], [ -2.83629, 42.548335999000074 ], [ -2.813587499999926, 42.53529749900008 ], [ -2.815282300999968, 42.529003261000071 ], [ -2.821855, 42.527251999000043 ] ] ] } },
{ "type": "Feature", "properties": { "code": "26112", "name": "Ortigosa de Cameros" }, "geometry": { "type": "Polygon", "coordinates": [ [ [ -2.676618499999961, 42.141998499000067 ], [ -2.700001911999948, 42.135915311000076 ], [ -2.726952172999972, 42.13697346500004 ], [ -2.737988, 42.130168999000034 ], [ -2.741018499999939, 42.131481499000074 ], [ -2.74656, 42.140605999000059 ], [ -2.747175, 42.150184499000034 ], [ -2.749566, 42.154788999000061 ], [ -2.754239, 42.161132999000074 ], [ -2.757127499999967, 42.162139999000033 ], [ -2.759257499999933, 42.165187999000068 ], [ -2.759617, 42.169635499000037 ], [ -2.764646, 42.174987999000052 ], [ -2.753543361999959, 42.175862251000069 ], [ -2.735360904999936, 42.184878572000059 ], [ -2.680982166999968, 42.183265260000042 ], [ -2.664471499999934, 42.180419999000037 ], [ -2.682377045999942, 42.153807951000033 ], [ -2.676618499999961, 42.141998499000067 ] ] ] } },
{ "type": "Feature", "properties": { "code": "26113", "name": "Pazuengos" }, "geometry": { "type": "Polygon", "coordinates": [ [ [ -2.921361, 42.348998999000059 ], [ -2.914815, 42.341021999000077 ], [ -2.901102499999979, 42.337409999000045 ], [ -2.89326, 42.330619999000078 ], [ -2.889888305999932, 42.32129455200004 ], [ -2.894544167999925, 42.312100066000028 ], [ -2.919210713999973, 42.293576678000079 ], [ -2.93586174099994, 42.290046382000071 ], [ -2.932854591999956, 42.285773633000076 ], [ -2.934900695999943, 42.281676572000038 ], [ -2.932407896999962, 42.274432166000054 ], [ -2.941672317999974, 42.266482094000025 ], [ -2.948852387999978, 42.254503691000025 ], [ -2.955949499999974, 42.250270999000065 ], [ -2.961207698999942, 42.260257446000026 ], [ -2.961718214999962, 42.27155644000004 ], [ -2.953318063999973, 42.279666987000041 ], [ -2.943774722999933, 42.298935983000035 ], [ -2.941317, 42.316455999000027 ], [ -2.934936768999933, 42.321295758000076 ], [ -2.934297499999957, 42.333030999000073 ], [ -2.936083267999948, 42.340556223000078 ], [ -2.921361, 42.348998999000059 ] ] ] } },
{ "type": "Feature", "properties": { "code": "26114", "name": "Pedroso" }, "geometry": { "type": "Polygon", "coordinates": [ [ [ -2.655649499999925, 42.286269999000069 ], [ -2.671345422999934, 42.272627543000056 ], [ -2.677544, 42.261609499000031 ], [ -2.67776213999997, 42.269833689000052 ], [ -2.681324315999973, 42.274293159000081 ], [ -2.703032272999963, 42.280504029000042 ], [ -2.71960659399997, 42.29131046100008 ], [ -2.748099350999951, 42.299445208000066 ], [ -2.747273, 42.307536999000035 ], [ -2.736150499999951, 42.309627499000044 ], [ -2.712093409999966, 42.310840110000072 ], [ -2.684002565999947, 42.30382342300004 ], [ -2.672954, 42.305789999000069 ], [ -2.65875817999995, 42.301420174000043 ], [ -2.655649499999925, 42.286269999000069 ] ] ] } },
{ "type": "Feature", "properties": { "code": "26115", "name": "Pinillos" }, "geometry": { "type": "Polygon", "coordinates": [ [ [ -2.586072, 42.164374999000074 ], [ -2.602877712999941, 42.184266129000036 ], [ -2.616321953999943, 42.195050619000028 ], [ -2.625071499999933, 42.198203999000043 ], [ -2.626767499999971, 42.202117999000052 ], [ -2.629216, 42.20397949900007 ], [ -2.630322499999977, 42.209437999000045 ], [ -2.604450545999953, 42.207523726000034 ], [ -2.566488, 42.194160499000077 ], [ -2.580515490999971, 42.16887895900004 ], [ -2.586072, 42.164374999000074 ] ] ] } },
{ "type": "Feature", "properties": { "code": "26117", "name": "Pradejón" }, "geometry": { "type": "Polygon", "coordinates": [ [ [ -2.089972, 42.346950499000059 ], [ -2.069659946999934, 42.343106764000026 ], [ -2.051441241999953, 42.351665380000043 ], [ -2.045609, 42.359008499000026 ], [ -2.032753499999956, 42.362708999000063 ], [ -2.028953499999943, 42.362613499000076 ], [ -2.009574225999927, 42.347988084000065 ], [ -2.010585436999975, 42.33032356800004 ], [ -2.001787106999927, 42.318872613000053 ], [ -2.006192173999978, 42.295355728000061 ], [ -2.014798499999927, 42.27362449900005 ], [ -2.029659, 42.295322499000065 ], [ -2.026788, 42.297546499000077 ], [ -2.029066499999942, 42.307155499000032 ], [ -2.040558499999975, 42.310836499000061 ], [ -2.055202, 42.320045499000059 ], [ -2.066489, 42.324947499000075 ], [ -2.075157499999932, 42.32970799900005 ], [ -2.095510499999932, 42.335769499000037 ], [ -2.09835, 42.339297999000053 ], [ -2.089972, 42.346950499000059 ] ] ] } },
{ "type": "Feature", "properties": { "code": "26118", "name": "Pradillo" }, "geometry": { "type": "Polygon", "coordinates": [ [ [ -2.633682, 42.165061499000046 ], [ -2.642435915999954, 42.168098800000053 ], [ -2.652725931999953, 42.176862385000049 ], [ -2.664471499999934, 42.180419999000037 ], [ -2.66764, 42.183475499000053 ], [ -2.669079, 42.186298499000031 ], [ -2.669806, 42.192901499000072 ], [ -2.657141646999946, 42.197821727000075 ], [ -2.639925381999944, 42.198760169000025 ], [ -2.629216, 42.20397949900007 ], [ -2.626767499999971, 42.202117999000052 ], [ -2.619546751999962, 42.18343520600007 ], [ -2.631672712999944, 42.175323605000074 ], [ -2.633682, 42.165061499000046 ] ] ] } },
{ "type": "Feature", "properties": { "code": "26119", "name": "Préjano" }, "geometry": { "type": "Polygon", "coordinates": [ [ [ -2.1464, 42.18997949900006 ], [ -2.140969851999955, 42.182974362000039 ], [ -2.139522625999973, 42.172839819000046 ], [ -2.14585573599993, 42.164451487000065 ], [ -2.144421955999974, 42.152142722000065 ], [ -2.154913909999948, 42.149212785000032 ], [ -2.162305054999933, 42.143670254000028 ], [ -2.157913956999948, 42.135011598000062 ], [ -2.162139231999959, 42.128026655000042 ], [ -2.184176, 42.124683499000071 ], [ -2.192924362999975, 42.127829172000077 ], [ -2.20468208799997, 42.143986856000026 ], [ -2.213309027999969, 42.14987070400008 ], [ -2.221396372999948, 42.16361267700006 ], [ -2.231685499999969, 42.168830999000079 ], [ -2.217195505999939, 42.183642294000038 ], [ -2.215861319999931, 42.190426384000034 ], [ -2.188012, 42.200385999000048 ], [ -2.185956499999975, 42.200027499000043 ], [ -2.185604, 42.202171499000031 ], [ -2.172159, 42.202903499000058 ], [ -2.1464, 42.18997949900006 ] ] ] } },
{ "type": "Feature", "properties": { "code": "26120", "name": "Quel" }, "geometry": { "type": "Polygon", "coordinates": [ [ [ -2.075042, 42.166831999000067 ], [ -2.070808253999928, 42.174588066000069 ], [ -2.068162356999949, 42.194959767000057 ], [ -2.067174600999977, 42.246655674000067 ], [ -2.050461626999947, 42.267352085000027 ], [ -2.021625499999971, 42.283870499000045 ], [ -2.014798499999927, 42.27362449900005 ], [ -2.017907476999937, 42.259654404000059 ], [ -2.016064269999958, 42.239818590000027 ], [ -2.031241687999966, 42.213474610000048 ], [ -2.035028159999968, 42.194893749000073 ], [ -2.031031686999938, 42.170152230000042 ], [ -2.023747023999931, 42.155144239000037 ], [ -1.996702, 42.133090999000046 ], [ -2.027557, 42.133773499000029 ], [ -2.068376113999932, 42.147642915000063 ], [ -2.073070406999932, 42.155541219000042 ], [ -2.075042, 42.166831999000067 ] ] ] } },
{ "type": "Feature", "properties": { "code": "26121", "name": "Rabanera" }, "geometry": { "type": "Polygon", "coordinates": [ [ [ -2.447754499999974, 42.165095999000073 ], [ -2.463363982999965, 42.163162825000029 ], [ -2.471431655999936, 42.171660031000044 ], [ -2.486687487999973, 42.176149148000036 ], [ -2.498243582999976, 42.173660955000059 ], [ -2.508071, 42.166076499000042 ], [ -2.506018791999963, 42.17961617800006 ], [ -2.49821849999995, 42.194995999000071 ], [ -2.479160499999978, 42.207484499000032 ], [ -2.461076359999936, 42.19986027200008 ], [ -2.454484387999969, 42.193292885000062 ], [ -2.456664731999979, 42.179393627000024 ], [ -2.447754499999974, 42.165095999000073 ] ] ] } },
{ "type": "Feature", "properties": { "code": "26122", "name": "Rasillo de Cameros, El" }, "geometry": { "type": "Polygon", "coordinates": [ [ [ -2.664471499999934, 42.180419999000037 ], [ -2.680982166999968, 42.183265260000042 ], [ -2.735360904999936, 42.184878572000059 ], [ -2.753543361999959, 42.175862251000069 ], [ -2.764646, 42.174987999000052 ], [ -2.76728038899995, 42.188212793000048 ], [ -2.751507407999952, 42.195858530000066 ], [ -2.741287499999942, 42.207732999000029 ], [ -2.726009971999929, 42.202823573000046 ], [ -2.709430483999938, 42.203660003000039 ], [ -2.669806, 42.192901499000072 ], [ -2.669079, 42.186298499000031 ], [ -2.66764, 42.183475499000053 ], [ -2.664471499999934, 42.180419999000037 ] ] ] } },
{ "type": "Feature", "properties": { "code": "26123", "name": "Redal, El" }, "geometry": { "type": "Polygon", "coordinates": [ [ [ -2.21146, 42.328036999000062 ], [ -2.215816748999941, 42.333742569000037 ], [ -2.208153115999949, 42.350992445000031 ], [ -2.205341411999939, 42.370687244000067 ], [ -2.193835499999977, 42.376575499000069 ], [ -2.191758, 42.374667999000053 ], [ -2.191283, 42.369090999000036 ], [ -2.192800499999976, 42.365325999000049 ], [ -2.192950499999938, 42.358436499000049 ], [ -2.191620499999942, 42.352279499000076 ], [ -2.192631, 42.350078499000062 ], [ -2.191534, 42.344821999000033 ], [ -2.186631, 42.334258499000043 ], [ -2.18607, 42.325256499000034 ], [ -2.197577425999953, 42.328281921000041 ], [ -2.205799518999925, 42.325245047000067 ], [ -2.21146, 42.328036999000062 ] ] ] } },
{ "type": "Feature", "properties": { "code": "26124", "name": "Ribafrecha" }, "geometry": { "type": "Polygon", "coordinates": [ [ [ -2.364590499999963, 42.394908499000053 ], [ -2.333761497999944, 42.386337582000067 ], [ -2.33202838099993, 42.38080104800008 ], [ -2.323372499999948, 42.373927999000045 ], [ -2.336956233999956, 42.361420311000074 ], [ -2.356745086999979, 42.327193256000044 ], [ -2.379420499999981, 42.321559999000044 ], [ -2.373993927999948, 42.32682413100008 ], [ -2.374751625999977, 42.329793102000053 ], [ -2.391293743999938, 42.336087732000067 ], [ -2.39985597499998, 42.344610067000076 ], [ -2.407854499999928, 42.346126499000036 ], [ -2.40572035799994, 42.353859072000034 ], [ -2.409911429999966, 42.36532778600008 ], [ -2.398443, 42.38327749900003 ], [ -2.372284244999946, 42.388978446000067 ], [ -2.364590499999963, 42.394908499000053 ] ] ] } },
{ "type": "Feature", "properties": { "code": "26125", "name": "Rincón de Soto" }, "geometry": { "type": "Polygon", "coordinates": [ [ [ -1.818301499999961, 42.246043999000051 ], [ -1.819630967999956, 42.234920569000053 ], [ -1.816825, 42.229504999000028 ], [ -1.828984057999946, 42.220345214000076 ], [ -1.834166957999969, 42.212268504000065 ], [ -1.847509183999932, 42.212170112000081 ], [ -1.883258, 42.200145999000028 ], [ -1.871731086999944, 42.225152890000061 ], [ -1.873116309999943, 42.243441707000045 ], [ -1.878418, 42.248447954000028 ], [ -1.87269, 42.252940999000032 ], [ -1.856006082999954, 42.250221671000077 ], [ -1.850553168999966, 42.258586536000053 ], [ -1.82961516499995, 42.244736854000053 ], [ -1.822061560999941, 42.248544475000074 ], [ -1.818301499999961, 42.246043999000051 ] ] ] } },
{ "type": "Feature", "properties": { "code": "26126", "name": "Robres del Castillo" }, "geometry": { "type": "Polygon", "coordinates": [ [ [ -2.282644, 42.217048499000043 ], [ -2.307152592999955, 42.226422196000044 ], [ -2.318028365999965, 42.233488425000075 ], [ -2.336915, 42.236362499000052 ], [ -2.339531401999977, 42.245428735000075 ], [ -2.337760346999971, 42.253366153000059 ], [ -2.326705409999931, 42.255237972000032 ], [ -2.314490874999933, 42.262292749000039 ], [ -2.309590880999963, 42.273612183000068 ], [ -2.310911034999947, 42.27967039400005 ], [ -2.308452510999928, 42.286489399000061 ], [ -2.30233358199996, 42.293461678000028 ], [ -2.284628561999966, 42.28864147400003 ], [ -2.263054063999959, 42.272198299000081 ], [ -2.253111499999932, 42.272044999000059 ], [ -2.244001442999945, 42.268204528000069 ], [ -2.240157499999953, 42.259006499000066 ], [ -2.275805077999962, 42.233930303000079 ], [ -2.276545614999975, 42.226007168000081 ], [ -2.282644, 42.217048499000043 ] ] ] } },
{ "type": "Feature", "properties": { "code": "26127", "name": "Rodezno" }, "geometry": { "type": "Polygon", "coordinates": [ [ [ -2.821855, 42.527251999000043 ], [ -2.81979505399994, 42.50154358900005 ], [ -2.824117034999972, 42.49458532400007 ], [ -2.820880477999935, 42.49114882300006 ], [ -2.814195951999977, 42.49195734400007 ], [ -2.80145349999998, 42.47167199900008 ], [ -2.806153499999937, 42.47030249900007 ], [ -2.81112, 42.473113999000077 ], [ -2.81454509699995, 42.484339510000041 ], [ -2.833503166999947, 42.491289757000061 ], [ -2.829274569999939, 42.501374808000037 ], [ -2.835092920999955, 42.505393992000052 ], [ -2.851698250999959, 42.511328818000038 ], [ -2.856703007999954, 42.519938972000034 ], [ -2.855463992999944, 42.532789133000051 ], [ -2.865895, 42.538703999000063 ], [ -2.864248, 42.545421499000042 ], [ -2.859195499999942, 42.550059999000041 ], [ -2.849687, 42.548896999000078 ], [ -2.846059499999967, 42.547477499000081 ], [ -2.83629, 42.548335999000074 ], [ -2.837800777999973, 42.546365050000077 ], [ -2.837046355999973, 42.537263186000075 ], [ -2.821855, 42.527251999000043 ] ] ] } },
{ "type": "Feature", "properties": { "code": "26128", "name": "Sajazarra" }, "geometry": { "type": "MultiPolygon", "coordinates": [ [ [ [ -2.904461, 42.620128499000032 ], [ -2.905172141999969, 42.608679050000035 ], [ -2.912827499999935, 42.60149399900007 ], [ -2.919505499999957, 42.601867499000036 ], [ -2.922653, 42.600799499000061 ], [ -2.929583, 42.606216499000027 ], [ -2.929760499999929, 42.61118699900004 ], [ -2.92817, 42.615455499000063 ], [ -2.922681499999953, 42.617072999000072 ], [ -2.92422449999998, 42.621696999000051 ], [ -2.916035499999964, 42.619483999000067 ], [ -2.908728, 42.620479499000055 ], [ -2.904461, 42.620128499000032 ] ] ], [ [ [ -2.936264499999936, 42.594100999000034 ], [ -2.945039615999974, 42.585892877000049 ], [ -2.947894, 42.57691199900006 ], [ -2.965087408999977, 42.566779668000038 ], [ -2.97786436399997, 42.563863799000046 ], [ -2.984479499999964, 42.566413999000076 ], [ -2.985792499999945, 42.571994999000026 ], [ -2.983575, 42.577262999000027 ], [ -2.98255, 42.582317499000055 ], [ -2.963747499999954, 42.596782499000028 ], [ -2.964817, 42.603294499000071 ], [ -2.95991749999996, 42.602302499000075 ], [ -2.945239, 42.603854999000077 ], [ -2.941283386999942, 42.596526199000039 ], [ -2.936264499999936, 42.594100999000034 ] ] ] ] } },
{ "type": "Feature", "properties": { "code": "26129", "name": "San Asensio" }, "geometry": { "type": "Polygon", "coordinates": [ [ [ -2.788999499999932, 42.478061999000033 ], [ -2.77682225999996, 42.484995751000042 ], [ -2.765134874999944, 42.481391446000032 ], [ -2.75669955199993, 42.488416351000069 ], [ -2.757355367999935, 42.501241686000071 ], [ -2.76944993799998, 42.518577148000077 ], [ -2.762976955999932, 42.52739888800005 ], [ -2.762203499999941, 42.543677999000067 ], [ -2.748524655999972, 42.540975747000061 ], [ -2.73803210799997, 42.543764413000076 ], [ -2.720821617999945, 42.538483953000025 ], [ -2.722025264999957, 42.534974670000054 ], [ -2.732986971999935, 42.530874960000062 ], [ -2.741324112999962, 42.523247559000026 ], [ -2.743157784999937, 42.520074412000042 ], [ -2.741079633999959, 42.517417014000046 ], [ -2.720487533999972, 42.520181261000062 ], [ -2.705514499999936, 42.51673899900004 ], [ -2.699732499999925, 42.516929499000071 ], [ -2.694921499999964, 42.518536499000049 ], [ -2.699788374999969, 42.506125670000074 ], [ -2.696539, 42.492488999000045 ], [ -2.70423349999993, 42.483836999000061 ], [ -2.71051240099996, 42.481055538000078 ], [ -2.713420499999927, 42.473522499000069 ], [ -2.722425981999947, 42.477869267000074 ], [ -2.757357, 42.465121999000075 ], [ -2.762172, 42.475082499000052 ], [ -2.769282499999974, 42.480392499000061 ], [ -2.777408, 42.480643999000051 ], [ -2.781203, 42.477805999000054 ], [ -2.782779, 42.47532299900007 ], [ -2.788999499999932, 42.478061999000033 ] ] ] } },
{ "type": "Feature", "properties": { "code": "26130", "name": "San Millán de la Cogolla" }, "geometry": { "type": "Polygon", "coordinates": [ [ [ -2.930148, 42.232387499000026 ], [ -2.942732499999977, 42.238303999000038 ], [ -2.955949499999974, 42.250270999000065 ], [ -2.948852387999978, 42.254503691000025 ], [ -2.941672317999974, 42.266482094000025 ], [ -2.932407896999962, 42.274432166000054 ], [ -2.934900695999943, 42.281676572000038 ], [ -2.932854591999956, 42.285773633000076 ], [ -2.93586174099994, 42.290046382000071 ], [ -2.919210713999973, 42.293576678000079 ], [ -2.894544167999925, 42.312100066000028 ], [ -2.889888305999932, 42.32129455200004 ], [ -2.89326, 42.330619999000078 ], [ -2.881313328999966, 42.336129896000045 ], [ -2.881735486999958, 42.339769944000068 ], [ -2.877243414999953, 42.34500150000008 ], [ -2.878241499999945, 42.352508499000066 ], [ -2.869206836999979, 42.360467047000043 ], [ -2.858287944999972, 42.363724157000036 ], [ -2.849705, 42.363506499000039 ], [ -2.84810883199998, 42.35807182800005 ], [ -2.853330899999946, 42.353950446000056 ], [ -2.85223190399995, 42.34591916200003 ], [ -2.863398247999953, 42.340859137000052 ], [ -2.85423, 42.334110499000076 ], [ -2.856594399999949, 42.320742300000063 ], [ -2.871473871999967, 42.302938779000044 ], [ -2.883308321999948, 42.306641871000068 ], [ -2.892433, 42.303981499000031 ], [ -2.907813254999951, 42.294470234000073 ], [ -2.921777467999959, 42.277391957000077 ], [ -2.912616330999981, 42.271676620000051 ], [ -2.895721, 42.27429599900006 ], [ -2.898152318999962, 42.266050574000076 ], [ -2.906605068999966, 42.259588503000032 ], [ -2.918733499999973, 42.240916999000035 ], [ -2.930148, 42.232387499000026 ] ] ] } },
{ "type": "Feature", "properties": { "code": "26131", "name": "San Millán de Yécora" }, "geometry": { "type": "Polygon", "coordinates": [ [ [ -3.088306, 42.56707349900006 ], [ -3.081680590999952, 42.570038038000064 ], [ -3.075780469999927, 42.550485605000063 ], [ -3.084183, 42.535285999000052 ], [ -3.089395391999972, 42.537575101000073 ], [ -3.099949314999947, 42.535298678000061 ], [ -3.109016671999939, 42.529459159000055 ], [ -3.126135694999959, 42.533837836000032 ], [ -3.134294499999953, 42.542022499000041 ], [ -3.106553105999978, 42.553452607000054 ], [ -3.100794676999953, 42.560368251000057 ], [ -3.088306, 42.56707349900006 ] ] ] } },
{ "type": "Feature", "properties": { "code": "26132", "name": "San Román de Cameros" }, "geometry": { "type": "Polygon", "coordinates": [ [ [ -2.532087, 42.265052499000035 ], [ -2.489025562999927, 42.27825045700007 ], [ -2.479399916999967, 42.273784057000057 ], [ -2.475487319999957, 42.26820060600005 ], [ -2.475539097999956, 42.256981788000076 ], [ -2.463181327999962, 42.253407965000065 ], [ -2.449278425999978, 42.242865582000036 ], [ -2.422876112999973, 42.243020957000056 ], [ -2.414936870999952, 42.238226912000073 ], [ -2.400566499999968, 42.239223499000047 ], [ -2.393104, 42.230991499000027 ], [ -2.402650219999941, 42.228487704000031 ], [ -2.408517469999936, 42.223464316000047 ], [ -2.42816066499995, 42.21881012800003 ], [ -2.439406992999977, 42.21961712500007 ], [ -2.447453178999979, 42.223940129000027 ], [ -2.458547501999931, 42.223223808000057 ], [ -2.458955720999938, 42.218110603000071 ], [ -2.449043742999947, 42.215015777000076 ], [ -2.445161499999926, 42.210872499000061 ], [ -2.437981843999978, 42.19352625700003 ], [ -2.427034477999939, 42.192217841000058 ], [ -2.417943223999941, 42.183821745000046 ], [ -2.415531657999963, 42.167126215000053 ], [ -2.420967204999954, 42.159995438000067 ], [ -2.447754499999974, 42.165095999000073 ], [ -2.456664731999979, 42.179393627000024 ], [ -2.454484387999969, 42.193292885000062 ], [ -2.461076359999936, 42.19986027200008 ], [ -2.479160499999978, 42.207484499000032 ], [ -2.471543160999943, 42.208290798000064 ], [ -2.470648151999967, 42.214467249000052 ], [ -2.486947365999924, 42.224753631000056 ], [ -2.501221097999974, 42.242027459000042 ], [ -2.513177435999978, 42.244252028000062 ], [ -2.518662249999977, 42.25890524600004 ], [ -2.532087, 42.265052499000035 ] ] ] } },
{ "type": "Feature", "properties": { "code": "26134", "name": "Santa Coloma" }, "geometry": { "type": "Polygon", "coordinates": [ [ [ -2.663178499999958, 42.348193999000046 ], [ -2.660429788999977, 42.363352065000072 ], [ -2.66461763999996, 42.373509383000055 ], [ -2.663902, 42.378612499000042 ], [ -2.651709328999971, 42.385873802000049 ], [ -2.623697499999935, 42.382186999000055 ], [ -2.616753268999958, 42.362366288000032 ], [ -2.607603, 42.351070499000059 ], [ -2.615960205999954, 42.335680072000059 ], [ -2.614615499999957, 42.327945999000065 ], [ -2.616961, 42.327518499000064 ], [ -2.629470965999928, 42.333674466000048 ], [ -2.63854278499997, 42.332040181000025 ], [ -2.651300188999926, 42.344205290000048 ], [ -2.663178499999958, 42.348193999000046 ] ] ] } },
{ "type": "Feature", "properties": { "code": "26135", "name": "Santa Engracia del Jubera" }, "geometry": { "type": "Polygon", "coordinates": [ [ [ -2.380364, 42.248759999000072 ], [ -2.393315344999962, 42.270372393000059 ], [ -2.384167, 42.285453999000026 ], [ -2.377158990999931, 42.284297798000068 ], [ -2.36511328499995, 42.298741034000045 ], [ -2.352381332999926, 42.306171041000027 ], [ -2.347399324999969, 42.312822603000029 ], [ -2.339245395999967, 42.312877784000079 ], [ -2.306920144999935, 42.33121411500008 ], [ -2.298416550999946, 42.346096800000055 ], [ -2.288681786999973, 42.352483883000048 ], [ -2.285953253999935, 42.358849730000031 ], [ -2.295109, 42.37495399900007 ], [ -2.266696951999961, 42.385379756000077 ], [ -2.250745, 42.386569999000073 ], [ -2.229354824999973, 42.374029992000033 ], [ -2.225487405999957, 42.366870475000042 ], [ -2.242044298999929, 42.351199592000057 ], [ -2.253851395999959, 42.345908325000039 ], [ -2.258552, 42.33844749900004 ], [ -2.27223235799994, 42.322317426000041 ], [ -2.265360942999962, 42.310290740000028 ], [ -2.265584072999957, 42.299817019000045 ], [ -2.26075082899996, 42.285952687000076 ], [ -2.253111499999932, 42.272044999000059 ], [ -2.263054063999959, 42.272198299000081 ], [ -2.284628561999966, 42.28864147400003 ], [ -2.30233358199996, 42.293461678000028 ], [ -2.308452510999928, 42.286489399000061 ], [ -2.310911034999947, 42.27967039400005 ], [ -2.309590880999963, 42.273612183000068 ], [ -2.314490874999933, 42.262292749000039 ], [ -2.326705409999931, 42.255237972000032 ], [ -2.337760346999971, 42.253366153000059 ], [ -2.339531401999977, 42.245428735000075 ], [ -2.336915, 42.236362499000052 ], [ -2.358724717999962, 42.238691505000077 ], [ -2.380364, 42.248759999000072 ] ] ] } },
{ "type": "Feature", "properties": { "code": "26136", "name": "Santa Eulalia Bajera" }, "geometry": { "type": "Polygon", "coordinates": [ [ [ -2.211655499999949, 42.247185499000068 ], [ -2.204603346999932, 42.252013713000053 ], [ -2.195623375999958, 42.250018572000045 ], [ -2.172159, 42.202903499000058 ], [ -2.185604, 42.202171499000031 ], [ -2.185956499999975, 42.200027499000043 ], [ -2.188012, 42.200385999000048 ], [ -2.194454557999961, 42.212904377000029 ], [ -2.202225703999943, 42.217550372000062 ], [ -2.202528528999949, 42.229026215000033 ], [ -2.211655499999949, 42.247185499000068 ] ] ] } },
{ "type": "Feature", "properties": { "code": "26138", "name": "Santo Domingo de la Calzada" }, "geometry": { "type": "Polygon", "coordinates": [ [ [ -2.906706, 42.406261499000038 ], [ -2.916985347999969, 42.409067103000041 ], [ -2.925516821999963, 42.40686917000005 ], [ -2.94211, 42.388603499000055 ], [ -2.95439552199997, 42.402248972000052 ], [ -2.966679499999941, 42.406142999000053 ], [ -2.966664145999971, 42.411704400000076 ], [ -2.974819195999942, 42.413585564000073 ], [ -2.987875250999934, 42.409562376000054 ], [ -2.999039499999981, 42.401401499000031 ], [ -2.999808335999944, 42.411643549000075 ], [ -2.986918104999972, 42.432065547000036 ], [ -2.987788499999965, 42.466037499000038 ], [ -2.989245, 42.468784499000037 ], [ -2.985999, 42.47232499900008 ], [ -2.991959, 42.476798999000039 ], [ -2.975837499999955, 42.479572499000028 ], [ -2.965109, 42.477271999000038 ], [ -2.964476499999932, 42.475279999000065 ], [ -2.949042499999962, 42.46916199900005 ], [ -2.950301929999966, 42.458470673000079 ], [ -2.94237413899998, 42.453514594000069 ], [ -2.943474525999932, 42.448736665000069 ], [ -2.935449075999941, 42.438634949000061 ], [ -2.90652149999994, 42.431975999000031 ], [ -2.910240127999941, 42.416370107000034 ], [ -2.906706, 42.406261499000038 ] ] ] } },
{ "type": "Feature", "properties": { "code": "26139", "name": "San Torcuato" }, "geometry": { "type": "Polygon", "coordinates": [ [ [ -2.84484, 42.464885499000047 ], [ -2.854229, 42.470580999000049 ], [ -2.867329499999926, 42.470580999000049 ], [ -2.87183349999998, 42.46989049900003 ], [ -2.88168, 42.473640499000055 ], [ -2.886095, 42.474013999000078 ], [ -2.890523499999972, 42.473251499000071 ], [ -2.901202499999954, 42.481845999000029 ], [ -2.903660499999944, 42.492140499000072 ], [ -2.90122649999995, 42.499721499000032 ], [ -2.895353, 42.495582499000079 ], [ -2.871683961999963, 42.483130514000038 ], [ -2.849814506999962, 42.481519542000058 ], [ -2.840948121999929, 42.485098361000041 ], [ -2.835092920999955, 42.482043076000025 ], [ -2.819908931999976, 42.477825964000033 ], [ -2.81112, 42.473113999000077 ], [ -2.835092920999955, 42.46653851700006 ], [ -2.841203704999941, 42.468041648000053 ], [ -2.84484, 42.464885499000047 ] ] ] } },
{ "type": "Feature", "properties": { "code": "26140", "name": "Santurde de Rioja" }, "geometry": { "type": "Polygon", "coordinates": [ [ [ -3.034517499999936, 42.388526499000079 ], [ -3.027787499999931, 42.392799499000034 ], [ -3.024969499999941, 42.391185999000072 ], [ -3.02043649999996, 42.390880499000048 ], [ -3.014849499999968, 42.396159999000076 ], [ -3.011642499999937, 42.396663499000056 ], [ -2.999039499999981, 42.401401499000031 ], [ -2.987875250999934, 42.409562376000054 ], [ -2.974819195999942, 42.413585564000073 ], [ -2.966664145999971, 42.411704400000076 ], [ -2.966679499999941, 42.406142999000053 ], [ -2.969563577999963, 42.398418134000053 ], [ -2.969100626999932, 42.388509209000063 ], [ -2.963042499999972, 42.37080749900008 ], [ -2.976338836999957, 42.370172780000075 ], [ -3.008008770999936, 42.377167984000039 ], [ -3.034517499999936, 42.388526499000079 ] ] ] } },
{ "type": "Feature", "properties": { "code": "26141", "name": "Santurdejo" }, "geometry": { "type": "Polygon", "coordinates": [ [ [ -2.966679499999941, 42.406142999000053 ], [ -2.95439552199997, 42.402248972000052 ], [ -2.94211, 42.388603499000055 ], [ -2.929837045999932, 42.38449279200006 ], [ -2.92244931099998, 42.372370051000075 ], [ -2.924564474999954, 42.363405529000033 ], [ -2.921361, 42.348998999000059 ], [ -2.936083267999948, 42.340556223000078 ], [ -2.934297499999957, 42.333030999000073 ], [ -2.956974743999979, 42.350829748000081 ], [ -2.969100626999932, 42.388509209000063 ], [ -2.969563577999963, 42.398418134000053 ], [ -2.966679499999941, 42.406142999000053 ] ] ] } },
{ "type": "Feature", "properties": { "code": "26142", "name": "San Vicente de la Sonsierra" }, "geometry": { "type": "Polygon", "coordinates": [ [ [ -2.762203499999941, 42.543677999000067 ], [ -2.77186667899997, 42.543302224000058 ], [ -2.776632808999977, 42.551536585000065 ], [ -2.781774735999932, 42.547727425000062 ], [ -2.78498744999996, 42.54848471300005 ], [ -2.782862274999957, 42.558961171000078 ], [ -2.784990507999964, 42.563624938000032 ], [ -2.803665, 42.564503999000067 ], [ -2.797550514999955, 42.573856144000047 ], [ -2.778893815999936, 42.581584970000051 ], [ -2.771974170999954, 42.595265270000027 ], [ -2.772902234999947, 42.607312788000058 ], [ -2.765876499999933, 42.620156999000073 ], [ -2.741736807999928, 42.622421286000076 ], [ -2.706342, 42.599796499000036 ], [ -2.70949, 42.591796999000053 ], [ -2.716645, 42.585819499000081 ], [ -2.722088, 42.576026999000078 ], [ -2.726166, 42.571746999000027 ], [ -2.72666449999997, 42.568965999000056 ], [ -2.725727499999948, 42.566062999000053 ], [ -2.727922, 42.559837499000025 ], [ -2.724079, 42.555785999000079 ], [ -2.719639, 42.554206499000031 ], [ -2.717909499999962, 42.546016499000075 ], [ -2.714718499999947, 42.543506499000046 ], [ -2.71362849999997, 42.540146999000058 ], [ -2.708299, 42.536602999000081 ], [ -2.703192, 42.52987149900008 ], [ -2.699312499999962, 42.527241999000069 ], [ -2.705514499999936, 42.51673899900004 ], [ -2.720487533999972, 42.520181261000062 ], [ -2.741079633999959, 42.517417014000046 ], [ -2.743157784999937, 42.520074412000042 ], [ -2.741324112999962, 42.523247559000026 ], [ -2.732986971999935, 42.530874960000062 ], [ -2.722025264999957, 42.534974670000054 ], [ -2.720821617999945, 42.538483953000025 ], [ -2.73803210799997, 42.543764413000076 ], [ -2.748524655999972, 42.540975747000061 ], [ -2.762203499999941, 42.543677999000067 ] ] ] } },
{ "type": "Feature", "properties": { "code": "26143", "name": "Sojuela" }, "geometry": { "type": "Polygon", "coordinates": [ [ [ -2.517907, 42.359714499000063 ], [ -2.53578431699998, 42.355247972000029 ], [ -2.553044, 42.346645499000033 ], [ -2.582240301999946, 42.334867296000027 ], [ -2.598016499999972, 42.334853999000075 ], [ -2.57157449999994, 42.365665499000045 ], [ -2.543923499999948, 42.380618999000035 ], [ -2.541727499999979, 42.380175999000073 ], [ -2.53573149999994, 42.376289499000052 ], [ -2.527906499999972, 42.374923499000033 ], [ -2.521316499999955, 42.372779999000045 ], [ -2.520077, 42.364688999000066 ], [ -2.517907, 42.359714499000063 ] ] ] } },
{ "type": "Feature", "properties": { "code": "26144", "name": "Sorzano" }, "geometry": { "type": "Polygon", "coordinates": [ [ [ -2.517907, 42.359714499000063 ], [ -2.503843, 42.36437599900006 ], [ -2.507947449999961, 42.357381486000065 ], [ -2.506724199999951, 42.350707154000077 ], [ -2.513438147999977, 42.35201128500006 ], [ -2.517030278999925, 42.34831316900005 ], [ -2.511248746999968, 42.337161068000057 ], [ -2.518563988999972, 42.321408705000067 ], [ -2.524271, 42.319056999000054 ], [ -2.529087499999946, 42.320903999000052 ], [ -2.530621499999938, 42.325133999000059 ], [ -2.532955499999957, 42.327926499000057 ], [ -2.543963499999961, 42.327926499000057 ], [ -2.547398, 42.332946499000059 ], [ -2.553044, 42.346645499000033 ], [ -2.53578431699998, 42.355247972000029 ], [ -2.517907, 42.359714499000063 ] ] ] } },
{ "type": "Feature", "properties": { "code": "26145", "name": "Sotés" }, "geometry": { "type": "Polygon", "coordinates": [ [ [ -2.621961, 42.422527499000068 ], [ -2.618955, 42.427272499000026 ], [ -2.59510338399997, 42.424088763000043 ], [ -2.588740499999972, 42.415080999000054 ], [ -2.588590979999935, 42.408658892000062 ], [ -2.595810358999927, 42.39061336900005 ], [ -2.59589, 42.378669999000067 ], [ -2.602040851999959, 42.370386815000074 ], [ -2.604296991999945, 42.355378487000053 ], [ -2.607603, 42.351070499000059 ], [ -2.616753268999958, 42.362366288000032 ], [ -2.623697499999935, 42.382186999000055 ], [ -2.620903418999944, 42.388533069000061 ], [ -2.616357362999963, 42.390350917000035 ], [ -2.617699510999955, 42.399274071000036 ], [ -2.614017480999962, 42.410652777000053 ], [ -2.621961, 42.422527499000068 ] ] ] } },
{ "type": "Feature", "properties": { "code": "26146", "name": "Soto en Cameros" }, "geometry": { "type": "Polygon", "coordinates": [ [ [ -2.454306, 42.246371999000075 ], [ -2.463181327999962, 42.253407965000065 ], [ -2.475539097999956, 42.256981788000076 ], [ -2.475487319999957, 42.26820060600005 ], [ -2.479399916999967, 42.273784057000057 ], [ -2.489025562999927, 42.27825045700007 ], [ -2.494904499999961, 42.276313499000025 ], [ -2.492694871999959, 42.287513852000075 ], [ -2.448399980999966, 42.304158090000044 ], [ -2.44926449999997, 42.319926999000074 ], [ -2.43823649999996, 42.327743499000064 ], [ -2.432035934999931, 42.322310194000067 ], [ -2.421775044999947, 42.320883284000047 ], [ -2.407104, 42.313636999000039 ], [ -2.406375372999946, 42.307532608000031 ], [ -2.379001309999978, 42.29682415700006 ], [ -2.384167, 42.285453999000026 ], [ -2.393315344999962, 42.270372393000059 ], [ -2.380364, 42.248759999000072 ], [ -2.387365305999936, 42.240005078000081 ], [ -2.390347499999962, 42.230487999000047 ], [ -2.393104, 42.230991499000027 ], [ -2.400566499999968, 42.239223499000047 ], [ -2.41059321399996, 42.247894445000043 ], [ -2.430854408999949, 42.249573704000056 ], [ -2.431931526999961, 42.259361725000076 ], [ -2.445692129999941, 42.269354692000036 ], [ -2.452705008999942, 42.279232018000073 ], [ -2.462012293999976, 42.275858884000058 ], [ -2.464035225999964, 42.267406950000066 ], [ -2.458607179999944, 42.262245413000073 ], [ -2.459641733999945, 42.258409505000031 ], [ -2.454306, 42.246371999000075 ] ] ] } },
{ "type": "Feature", "properties": { "code": "26147", "name": "Terroba" }, "geometry": { "type": "Polygon", "coordinates": [ [ [ -2.454306, 42.246371999000075 ], [ -2.459641733999945, 42.258409505000031 ], [ -2.458607179999944, 42.262245413000073 ], [ -2.464035225999964, 42.267406950000066 ], [ -2.462012293999976, 42.275858884000058 ], [ -2.452705008999942, 42.279232018000073 ], [ -2.445692129999941, 42.269354692000036 ], [ -2.431931526999961, 42.259361725000076 ], [ -2.430854408999949, 42.249573704000056 ], [ -2.41059321399996, 42.247894445000043 ], [ -2.400566499999968, 42.239223499000047 ], [ -2.414936870999952, 42.238226912000073 ], [ -2.422876112999973, 42.243020957000056 ], [ -2.449278425999978, 42.242865582000036 ], [ -2.454306, 42.246371999000075 ] ] ] } },
{ "type": "Feature", "properties": { "code": "26148", "name": "Tirgo" }, "geometry": { "type": "Polygon", "coordinates": [ [ [ -2.94447, 42.52648799900004 ], [ -2.951649499999974, 42.529563999000061 ], [ -2.962651127999948, 42.551824830000044 ], [ -2.958073915999933, 42.55917153200005 ], [ -2.958917845999963, 42.566392710000059 ], [ -2.952191308999943, 42.568925911000065 ], [ -2.948893280999926, 42.553627051000035 ], [ -2.935271045999968, 42.554917646000035 ], [ -2.929163499999959, 42.550908499000059 ], [ -2.926860089999934, 42.545876877000069 ], [ -2.918591004999939, 42.542364618000079 ], [ -2.918063335999932, 42.534991077000029 ], [ -2.909962, 42.529185999000049 ], [ -2.916384, 42.527654999000049 ], [ -2.924032868999973, 42.531553350000081 ], [ -2.94447, 42.52648799900004 ] ] ] } },
{ "type": "Feature", "properties": { "code": "26149", "name": "Tobía" }, "geometry": { "type": "Polygon", "coordinates": [ [ [ -2.918733499999973, 42.240916999000035 ], [ -2.906605068999966, 42.259588503000032 ], [ -2.898152318999962, 42.266050574000076 ], [ -2.895721, 42.27429599900006 ], [ -2.882406371999934, 42.281447678000063 ], [ -2.881065, 42.284717499000067 ], [ -2.874987890999932, 42.289261528000054 ], [ -2.859518, 42.291655865000052 ], [ -2.850935641999968, 42.303272990000039 ], [ -2.846253499999932, 42.304611499000032 ], [ -2.823890722999977, 42.306004610000059 ], [ -2.819206553999948, 42.311304351000047 ], [ -2.812132499999962, 42.313854499000058 ], [ -2.804866334999929, 42.301971291000029 ], [ -2.806478451999965, 42.292544017000068 ], [ -2.823467969999967, 42.280009349000068 ], [ -2.835092920999955, 42.275345499000025 ], [ -2.846511967999959, 42.268167380000079 ], [ -2.837412900999936, 42.260916799000029 ], [ -2.832729, 42.253368499000032 ], [ -2.835092920999955, 42.254398404000028 ], [ -2.866313, 42.252287098000068 ], [ -2.885860326999932, 42.239877082000078 ], [ -2.91066782799993, 42.230019009000046 ], [ -2.916415074999975, 42.233725401000072 ], [ -2.918733499999973, 42.240916999000035 ] ] ] } },
{ "type": "Feature", "properties": { "code": "26150", "name": "Tormantos" }, "geometry": { "type": "Polygon", "coordinates": [ [ [ -3.045991499999957, 42.480323499000065 ], [ -3.064230499999951, 42.470920499000044 ], [ -3.072993074999943, 42.475834778000035 ], [ -3.08280149999996, 42.475917999000046 ], [ -3.090445, 42.477855499000043 ], [ -3.093814616999964, 42.489557590000061 ], [ -3.07830028799998, 42.50121290900006 ], [ -3.074461690999954, 42.512340730000062 ], [ -3.076116, 42.520164499000032 ], [ -3.065440499999966, 42.522060499000077 ], [ -3.06202049999996, 42.52342999900003 ], [ -3.060196, 42.525367499000026 ], [ -3.06517562099998, 42.502733128000045 ], [ -3.05850460299996, 42.49815945000006 ], [ -3.054919247999976, 42.489607035000063 ], [ -3.045991499999957, 42.480323499000065 ] ] ] } },
{ "type": "Feature", "properties": { "code": "26151", "name": "Torrecilla en Cameros" }, "geometry": { "type": "Polygon", "coordinates": [ [ [ -2.677544, 42.261609499000031 ], [ -2.671345422999934, 42.272627543000056 ], [ -2.655649499999925, 42.286269999000069 ], [ -2.611940984999933, 42.260772812000027 ], [ -2.60029751299993, 42.270451996000077 ], [ -2.588478341999974, 42.27345667000003 ], [ -2.584843112999977, 42.279571862000068 ], [ -2.574571, 42.28166199900005 ], [ -2.570362362999958, 42.281362780000052 ], [ -2.565403208999953, 42.275702855000077 ], [ -2.564649815999928, 42.271866009000064 ], [ -2.569392499999935, 42.270789999000044 ], [ -2.57910232699993, 42.262411308000026 ], [ -2.592576802999929, 42.259310396000046 ], [ -2.606990716999974, 42.245480603000033 ], [ -2.60803246699993, 42.235359158000051 ], [ -2.626271499999973, 42.22675349900004 ], [ -2.625358143999961, 42.234122255000045 ], [ -2.629751929999941, 42.237087057000053 ], [ -2.640279290999956, 42.235931172000051 ], [ -2.648352836999948, 42.230549086000053 ], [ -2.657355951999932, 42.232325192000076 ], [ -2.661812751999946, 42.238576906000048 ], [ -2.67221662999998, 42.245200454000042 ], [ -2.678631499999938, 42.256262999000057 ], [ -2.677544, 42.261609499000031 ] ] ] } },
{ "type": "Feature", "properties": { "code": "26152", "name": "Torrecilla sobre Alesanco" }, "geometry": { "type": "Polygon", "coordinates": [ [ [ -2.854684499999962, 42.404822999000032 ], [ -2.856151196999974, 42.407641532000071 ], [ -2.851770182999928, 42.412327768000068 ], [ -2.857378499999925, 42.41720949900008 ], [ -2.854358219999938, 42.427128913000047 ], [ -2.848848499999974, 42.431613999000035 ], [ -2.845469397999977, 42.420168156000045 ], [ -2.835092920999955, 42.41780325700006 ], [ -2.826795910999977, 42.411416582000072 ], [ -2.823359, 42.399863999000047 ], [ -2.835092920999955, 42.402328340000054 ], [ -2.844618810999975, 42.407938069000068 ], [ -2.854684499999962, 42.404822999000032 ] ] ] } },
{ "type": "Feature", "properties": { "code": "26153", "name": "Torre en Cameros" }, "geometry": { "type": "Polygon", "coordinates": [ [ [ -2.556353499999943, 42.243632999000056 ], [ -2.552343196999971, 42.259478118000061 ], [ -2.548939, 42.262004999000055 ], [ -2.544658, 42.262066499000071 ], [ -2.538885, 42.26398049900007 ], [ -2.532087, 42.265052499000035 ], [ -2.518662249999977, 42.25890524600004 ], [ -2.513177435999978, 42.244252028000062 ], [ -2.501221097999974, 42.242027459000042 ], [ -2.493858, 42.232818499000075 ], [ -2.511249, 42.226580999000078 ], [ -2.556353499999943, 42.243632999000056 ] ] ] } },
{ "type": "Feature", "properties": { "code": "26154", "name": "Torremontalbo" }, "geometry": { "type": "Polygon", "coordinates": [ [ [ -2.668349499999977, 42.509896499000035 ], [ -2.675541058999954, 42.50175159500003 ], [ -2.696539, 42.492488999000045 ], [ -2.699788374999969, 42.506125670000074 ], [ -2.694921499999964, 42.518536499000049 ], [ -2.678975568999931, 42.524919324000052 ], [ -2.677636046999964, 42.510599281000054 ], [ -2.668349499999977, 42.509896499000035 ] ] ] } },
{ "type": "Feature", "properties": { "code": "26155", "name": "Treviana" }, "geometry": { "type": "Polygon", "coordinates": [ [ [ -3.076116, 42.520164499000032 ], [ -3.072901283999954, 42.528244469000072 ], [ -3.082916907999959, 42.532168020000029 ], [ -3.084183, 42.535285999000052 ], [ -3.075780469999927, 42.550485605000063 ], [ -3.081680590999952, 42.570038038000064 ], [ -3.088306, 42.56707349900006 ], [ -3.083166809999966, 42.573990180000067 ], [ -3.086221, 42.582179999000061 ], [ -3.068343497999933, 42.588623270000028 ], [ -3.059854, 42.589156999000068 ], [ -3.04584375099995, 42.583556266000073 ], [ -3.031565499999942, 42.586627999000029 ], [ -3.015041848999942, 42.568417845000056 ], [ -2.996151, 42.564368999000067 ], [ -2.996137215999966, 42.560873008000044 ], [ -3.012166, 42.541450499000064 ], [ -3.020115816999976, 42.537677889000065 ], [ -3.02528779599993, 42.538460623000049 ], [ -3.027401716999975, 42.534536199000058 ], [ -3.045165, 42.531707999000048 ], [ -3.048512, 42.531829999000081 ], [ -3.055475, 42.528674499000033 ], [ -3.06202049999996, 42.52342999900003 ], [ -3.071172499999932, 42.520587999000043 ], [ -3.076116, 42.520164499000032 ] ] ] } },
{ "type": "Feature", "properties": { "code": "26157", "name": "Tricio" }, "geometry": { "type": "Polygon", "coordinates": [ [ [ -2.733225, 42.389979999000047 ], [ -2.734023703999981, 42.398260637000078 ], [ -2.729815555999949, 42.405108341000073 ], [ -2.701875499999971, 42.412109499000053 ], [ -2.694987860999959, 42.399021324000046 ], [ -2.68724, 42.395103499000072 ], [ -2.688629499999934, 42.394199499000081 ], [ -2.708649499999979, 42.389613999000062 ], [ -2.720513912999934, 42.391594540000028 ], [ -2.733225, 42.389979999000047 ] ] ] } },
{ "type": "Feature", "properties": { "code": "26158", "name": "Tudelilla" }, "geometry": { "type": "Polygon", "coordinates": [ [ [ -2.112564, 42.319549499000061 ], [ -2.10634497999996, 42.311763299000063 ], [ -2.09243362999996, 42.305750970000076 ], [ -2.077967824999973, 42.308177425000054 ], [ -2.067620499999975, 42.297725999000079 ], [ -2.087923299999943, 42.289420172000064 ], [ -2.096606, 42.275344999000026 ], [ -2.127921766999975, 42.274885776000076 ], [ -2.13099608899995, 42.27152718800005 ], [ -2.151265283999976, 42.268810687000041 ], [ -2.15430089299997, 42.270466670000076 ], [ -2.148562082999945, 42.274780234000048 ], [ -2.146774864999941, 42.281421669000053 ], [ -2.152175499999942, 42.291389499000047 ], [ -2.123896177999939, 42.300678406000031 ], [ -2.120821451999973, 42.313245136000035 ], [ -2.112564, 42.319549499000061 ] ] ] } },
{ "type": "Feature", "properties": { "code": "26160", "name": "Uruñuela" }, "geometry": { "type": "Polygon", "coordinates": [ [ [ -2.710862499999962, 42.431545499000038 ], [ -2.717544288999932, 42.434708896000075 ], [ -2.725316591999956, 42.447433595000064 ], [ -2.720218566999961, 42.464239451000026 ], [ -2.713420499999927, 42.473522499000069 ], [ -2.71051240099996, 42.481055538000078 ], [ -2.70423349999993, 42.483836999000061 ], [ -2.697709489999966, 42.481746841000074 ], [ -2.697713553999961, 42.477229281000064 ], [ -2.689817244999972, 42.467785923000065 ], [ -2.671837499999981, 42.461864499000058 ], [ -2.675710533999961, 42.452234182000041 ], [ -2.709516854999947, 42.434579482000061 ], [ -2.710862499999962, 42.431545499000038 ] ] ] } },
{ "type": "Feature", "properties": { "code": "26161", "name": "Valdemadera" }, "geometry": { "type": "Polygon", "coordinates": [ [ [ -2.062535, 42.001033499000073 ], [ -2.039817569999968, 41.986878707000074 ], [ -2.023398, 41.984538999000051 ], [ -2.046108190999973, 41.976495687000067 ], [ -2.049914499999943, 41.972621999000069 ], [ -2.076668649999931, 41.97175764800005 ], [ -2.112109499999974, 41.997005499000068 ], [ -2.110243499999967, 41.998286999000072 ], [ -2.107633, 42.002761999000029 ], [ -2.092252499999972, 42.004245999000034 ], [ -2.085343, 41.998523499000044 ], [ -2.076918328999966, 41.996406480000076 ], [ -2.062535, 42.001033499000073 ] ] ] } },
{ "type": "Feature", "properties": { "code": "26162", "name": "Valgañón" }, "geometry": { "type": "Polygon", "coordinates": [ [ [ -3.059568499999955, 42.338439999000059 ], [ -3.052919354999972, 42.322029849000046 ], [ -3.050542499999949, 42.297805999000047 ], [ -3.079573009999933, 42.287257123000074 ], [ -3.082380045999969, 42.276166179000029 ], [ -3.089643, 42.273025499000028 ], [ -3.095673789999978, 42.279334525000024 ], [ -3.096384004999948, 42.287980641000047 ], [ -3.106093166999926, 42.312977252000053 ], [ -3.096875006999937, 42.326497716000063 ], [ -3.109869170999957, 42.338551491000032 ], [ -3.109561, 42.346175999000025 ], [ -3.107084246999932, 42.351882662000037 ], [ -3.064846314999954, 42.356213461000038 ], [ -3.063979795999956, 42.362776429000064 ], [ -3.070832499999938, 42.369449499000041 ], [ -3.064436, 42.373317499000052 ], [ -3.060279, 42.370753999000044 ], [ -3.057718, 42.370097999000052 ], [ -3.053351307999947, 42.360014331000059 ], [ -3.058672319999971, 42.349024892000045 ], [ -3.059568499999955, 42.338439999000059 ] ] ] } },
{ "type": "Feature", "properties": { "code": "26163", "name": "Ventosa" }, "geometry": { "type": "Polygon", "coordinates": [ [ [ -2.621961, 42.422527499000068 ], [ -2.614017480999962, 42.410652777000053 ], [ -2.617699510999955, 42.399274071000036 ], [ -2.616357362999963, 42.390350917000035 ], [ -2.620903418999944, 42.388533069000061 ], [ -2.623697499999935, 42.382186999000055 ], [ -2.643716, 42.384719999000026 ], [ -2.640933, 42.389148999000042 ], [ -2.64181549999995, 42.391971499000078 ], [ -2.645264499999939, 42.392387499000051 ], [ -2.651503499999933, 42.400340999000036 ], [ -2.638578810999945, 42.419645422000031 ], [ -2.621961, 42.422527499000068 ] ] ] } },
{ "type": "Feature", "properties": { "code": "26164", "name": "Ventrosa" }, "geometry": { "type": "Polygon", "coordinates": [ [ [ -2.791622, 42.108733999000037 ], [ -2.803321788999938, 42.115365029000031 ], [ -2.821495654999978, 42.117088683000077 ], [ -2.835092920999955, 42.111195885000029 ], [ -2.847141370999964, 42.114445157000034 ], [ -2.851907499999925, 42.118682999000043 ], [ -2.86276149899993, 42.120786079000027 ], [ -2.866315993999933, 42.129958506000037 ], [ -2.864496272999929, 42.136760393000031 ], [ -2.871087935999981, 42.142328324000061 ], [ -2.874234308999974, 42.157779566000045 ], [ -2.88095864099995, 42.160931313000049 ], [ -2.883649514999945, 42.176158832000056 ], [ -2.866749846999937, 42.183679487000063 ], [ -2.87170851999997, 42.187893200000076 ], [ -2.876295329999948, 42.201113697000039 ], [ -2.894011, 42.223831499000028 ], [ -2.864418311999941, 42.229828599000029 ], [ -2.835092920999955, 42.227654892000032 ], [ -2.823569499999962, 42.220733499000062 ], [ -2.824145839999971, 42.210728151000069 ], [ -2.810692322999955, 42.19941612000008 ], [ -2.802992131999929, 42.180880573000024 ], [ -2.80544228399998, 42.177038579000055 ], [ -2.821407172999955, 42.173873213000036 ], [ -2.806317917999934, 42.15894439200008 ], [ -2.790910486999962, 42.15150157100004 ], [ -2.792442978999929, 42.142026214000055 ], [ -2.788710361999961, 42.123985231000063 ], [ -2.791622, 42.108733999000037 ] ] ] } },
{ "type": "Feature", "properties": { "code": "26165", "name": "Viguera" }, "geometry": { "type": "Polygon", "coordinates": [ [ [ -2.548939, 42.262004999000055 ], [ -2.551594009999974, 42.26654706100004 ], [ -2.564977322999937, 42.267243131000043 ], [ -2.569392499999935, 42.270789999000044 ], [ -2.564649815999928, 42.271866009000064 ], [ -2.565403208999953, 42.275702855000077 ], [ -2.570362362999958, 42.281362780000052 ], [ -2.574571, 42.28166199900005 ], [ -2.571843852999962, 42.291356458000052 ], [ -2.564885703999948, 42.298159972000064 ], [ -2.571922205999954, 42.314932967000061 ], [ -2.568997208999974, 42.328763367000079 ], [ -2.55995652799993, 42.334635698000056 ], [ -2.547398, 42.332946499000059 ], [ -2.543963499999961, 42.327926499000057 ], [ -2.532955499999957, 42.327926499000057 ], [ -2.530621499999938, 42.325133999000059 ], [ -2.529087499999946, 42.320903999000052 ], [ -2.524271, 42.319056999000054 ], [ -2.502301989999978, 42.325599427000043 ], [ -2.493908056999942, 42.321314400000063 ], [ -2.491302469999937, 42.316808647000073 ], [ -2.494569141999932, 42.305075487000067 ], [ -2.48779253999993, 42.303145064000034 ], [ -2.480083, 42.292747499000029 ], [ -2.492694871999959, 42.287513852000075 ], [ -2.494904499999961, 42.276313499000025 ], [ -2.532087, 42.265052499000035 ], [ -2.538885, 42.26398049900007 ], [ -2.544658, 42.262066499000071 ], [ -2.548939, 42.262004999000055 ] ] ] } },
{ "type": "Feature", "properties": { "code": "26166", "name": "Villalba de Rioja" }, "geometry": { "type": "Polygon", "coordinates": [ [ [ -2.882169, 42.620692999000028 ], [ -2.874242998999932, 42.61716629700004 ], [ -2.877037248999954, 42.613686826000048 ], [ -2.876061966999941, 42.598225126000045 ], [ -2.898479201999976, 42.587759678000054 ], [ -2.906759499999964, 42.59138499900007 ], [ -2.912827499999935, 42.60149399900007 ], [ -2.905172141999969, 42.608679050000035 ], [ -2.903471787999933, 42.626087208000058 ], [ -2.895033601999955, 42.627369467000051 ], [ -2.89156832499998, 42.625890899000069 ], [ -2.892446761999963, 42.621463572000039 ], [ -2.882169, 42.620692999000028 ] ] ] } },
{ "type": "Feature", "properties": { "code": "26167", "name": "Villalobar de Rioja" }, "geometry": { "type": "Polygon", "coordinates": [ [ [ -2.996862, 42.479121999000029 ], [ -2.993988499999944, 42.487929999000073 ], [ -2.993697, 42.491245499000058 ], [ -2.991591, 42.496127999000066 ], [ -2.991263, 42.501941999000053 ], [ -2.978177, 42.505145999000035 ], [ -2.96739249999996, 42.504684499000064 ], [ -2.952144, 42.501563999000041 ], [ -2.948418499999946, 42.503158499000051 ], [ -2.945511, 42.501624999000057 ], [ -2.946258499999942, 42.496337999000048 ], [ -2.948638, 42.488605499000073 ], [ -2.955928, 42.486354999000071 ], [ -2.957017499999949, 42.479762999000059 ], [ -2.953171499999939, 42.478168499000049 ], [ -2.94907349999994, 42.478057999000043 ], [ -2.949042499999962, 42.46916199900005 ], [ -2.964476499999932, 42.475279999000065 ], [ -2.965109, 42.477271999000038 ], [ -2.975837499999955, 42.479572499000028 ], [ -2.991959, 42.476798999000039 ], [ -2.996862, 42.479121999000029 ] ] ] } },
{ "type": "Feature", "properties": { "code": "26168", "name": "Villamediana de Iregua" }, "geometry": { "type": "Polygon", "coordinates": [ [ [ -2.435722, 42.427200999000036 ], [ -2.428384345999973, 42.446521692000033 ], [ -2.422043984999959, 42.451985881000041 ], [ -2.391951811999945, 42.441802419000055 ], [ -2.352057499999944, 42.433504499000037 ], [ -2.355060499999979, 42.429797999000073 ], [ -2.358125, 42.423782499000026 ], [ -2.373314499999935, 42.416824499000029 ], [ -2.404908689999957, 42.410813355000073 ], [ -2.427589333999947, 42.411349872000073 ], [ -2.437441844999967, 42.419118482000044 ], [ -2.435722, 42.427200999000036 ] ] ] } },
{ "type": "Feature", "properties": { "code": "26169", "name": "Villanueva de Cameros" }, "geometry": { "type": "Polygon", "coordinates": [ [ [ -2.654072499999927, 42.130862999000044 ], [ -2.665667463999966, 42.139776243000028 ], [ -2.676618499999961, 42.141998499000067 ], [ -2.682377045999942, 42.153807951000033 ], [ -2.664471499999934, 42.180419999000037 ], [ -2.652725931999953, 42.176862385000049 ], [ -2.642435915999954, 42.168098800000053 ], [ -2.633682, 42.165061499000046 ], [ -2.619194775999972, 42.154378458000053 ], [ -2.614065499999924, 42.143867499000066 ], [ -2.610719, 42.140395499000078 ], [ -2.610919, 42.137271999000063 ], [ -2.615466499999968, 42.137649499000077 ], [ -2.624662, 42.135741999000061 ], [ -2.632916499999965, 42.137424499000076 ], [ -2.654072499999927, 42.130862999000044 ] ] ] } },
{ "type": "Feature", "properties": { "code": "26170", "name": "Villar de Arnedo, El" }, "geometry": { "type": "Polygon", "coordinates": [ [ [ -2.112564, 42.319549499000061 ], [ -2.109613, 42.326568499000075 ], [ -2.09835, 42.339297999000053 ], [ -2.095510499999932, 42.335769499000037 ], [ -2.075157499999932, 42.32970799900005 ], [ -2.066489, 42.324947499000075 ], [ -2.055202, 42.320045499000059 ], [ -2.040558499999975, 42.310836499000061 ], [ -2.029066499999942, 42.307155499000032 ], [ -2.026788, 42.297546499000077 ], [ -2.029659, 42.295322499000065 ], [ -2.039942, 42.294883499000036 ], [ -2.042751499999952, 42.29361349900006 ], [ -2.04450449999996, 42.291583999000068 ], [ -2.046928499999979, 42.290981499000054 ], [ -2.049145, 42.291846999000029 ], [ -2.063111, 42.288467499000035 ], [ -2.063783, 42.291389499000047 ], [ -2.067620499999975, 42.297725999000079 ], [ -2.077967824999973, 42.308177425000054 ], [ -2.09243362999996, 42.305750970000076 ], [ -2.10634497999996, 42.311763299000063 ], [ -2.112564, 42.319549499000061 ] ] ] } },
{ "type": "Feature", "properties": { "code": "26171", "name": "Villar de Torre" }, "geometry": { "type": "Polygon", "coordinates": [ [ [ -2.869644499999936, 42.38206849900007 ], [ -2.86372259999996, 42.385858208000059 ], [ -2.854196459999969, 42.386984982000058 ], [ -2.847895079999944, 42.380070289000059 ], [ -2.836160499999949, 42.378257999000027 ], [ -2.835474437999949, 42.37137397500004 ], [ -2.842434499999968, 42.362361999000029 ], [ -2.849705, 42.363506499000039 ], [ -2.858287944999972, 42.363724157000036 ], [ -2.869206836999979, 42.360467047000043 ], [ -2.878241499999945, 42.352508499000066 ], [ -2.901102499999979, 42.337409999000045 ], [ -2.909001499999931, 42.339774999000042 ], [ -2.89640891199997, 42.358459637000067 ], [ -2.869644499999936, 42.38206849900007 ] ] ] } },
{ "type": "Feature", "properties": { "code": "26172", "name": "Villarejo" }, "geometry": { "type": "Polygon", "coordinates": [ [ [ -2.914815, 42.341021999000077 ], [ -2.907517903999974, 42.35377427700007 ], [ -2.905025684999941, 42.367757200000028 ], [ -2.884658896999952, 42.388192009000079 ], [ -2.877315499999952, 42.391269499000032 ], [ -2.869644499999936, 42.38206849900007 ], [ -2.89640891199997, 42.358459637000067 ], [ -2.909001499999931, 42.339774999000042 ], [ -2.914815, 42.341021999000077 ] ] ] } },
{ "type": "Feature", "properties": { "code": "26173", "name": "Villarroya" }, "geometry": { "type": "Polygon", "coordinates": [ [ [ -2.066646499999933, 42.120181999000067 ], [ -2.086960499999975, 42.137691499000027 ], [ -2.080319623999969, 42.140417629000069 ], [ -2.084499294999944, 42.156000740000025 ], [ -2.075042, 42.166831999000067 ], [ -2.073070406999932, 42.155541219000042 ], [ -2.068376113999932, 42.147642915000063 ], [ -2.027557, 42.133773499000029 ], [ -2.055257499999925, 42.110832499000026 ], [ -2.063910459999931, 42.113913783000044 ], [ -2.066646499999933, 42.120181999000067 ] ] ] } },
{ "type": "Feature", "properties": { "code": "26174", "name": "Villarta-Quintana" }, "geometry": { "type": "MultiPolygon", "coordinates": [ [ [ [ -3.046025499999928, 42.445125499000028 ], [ -3.03961293499998, 42.447766582000042 ], [ -3.032487605999961, 42.443160158000069 ], [ -3.035886221999931, 42.438364568000054 ], [ -3.027574697999967, 42.427151328000036 ], [ -3.032580031999942, 42.412177727000028 ], [ -3.027787499999931, 42.392799499000034 ], [ -3.031844, 42.389709499000048 ], [ -3.03820529099994, 42.387279242000034 ], [ -3.03914442699994, 42.381187814000043 ], [ -3.044086938999953, 42.376215457000058 ], [ -3.053165, 42.373393999000029 ], [ -3.063377877999926, 42.402563385000064 ], [ -3.057883200999925, 42.415941457000031 ], [ -3.062498898999934, 42.425309473000027 ], [ -3.046025499999928, 42.445125499000028 ] ] ], [ [ [ -3.082673499999942, 42.397358499000063 ], [ -3.075176866999925, 42.390501503000053 ], [ -3.064436, 42.373317499000052 ], [ -3.070832499999938, 42.369449499000041 ], [ -3.084808688999942, 42.384598831000062 ], [ -3.104416, 42.385379999000065 ], [ -3.096366772999943, 42.40363910800005 ], [ -3.100556860999973, 42.415862024000035 ], [ -3.090377499999931, 42.422343999000077 ], [ -3.078201499999977, 42.415721999000027 ], [ -3.078942, 42.405898999000044 ], [ -3.082673499999942, 42.397358499000063 ] ] ] ] } },
{ "type": "Feature", "properties": { "code": "26175", "name": "Villavelayo" }, "geometry": { "type": "Polygon", "coordinates": [ [ [ -2.955949499999974, 42.250270999000065 ], [ -2.942732499999977, 42.238303999000038 ], [ -2.946716, 42.217166999000028 ], [ -2.949969499999952, 42.192138999000065 ], [ -2.952949, 42.160419499000056 ], [ -2.955376, 42.11877049900005 ], [ -2.95738149999994, 42.104476999000042 ], [ -2.958663499999943, 42.085887999000079 ], [ -2.976872176999962, 42.084019299000033 ], [ -2.991881854999974, 42.087134545000026 ], [ -3.004833023999936, 42.083739850000029 ], [ -3.022897625999974, 42.088942655000039 ], [ -3.03439, 42.085944999000048 ], [ -3.04926949999998, 42.112780999000051 ], [ -3.044774, 42.115573999000048 ], [ -3.043773, 42.11784349900006 ], [ -3.026951, 42.137275999000053 ], [ -3.007169499999975, 42.166301499000042 ], [ -3.004156499999965, 42.174895999000057 ], [ -3.004883, 42.182956499000056 ], [ -3.007416, 42.193862999000032 ], [ -3.010714499999949, 42.203639999000075 ], [ -2.983942107999951, 42.211263066000072 ], [ -2.981818934999978, 42.219072006000033 ], [ -2.974982336999972, 42.227858154000046 ], [ -2.972829500999978, 42.240919096000027 ], [ -2.955949499999974, 42.250270999000065 ] ] ] } },
{ "type": "Feature", "properties": { "code": "26176", "name": "Villaverde de Rioja" }, "geometry": { "type": "Polygon", "coordinates": [ [ [ -2.790118, 42.332350999000028 ], [ -2.80032556499998, 42.318295577000072 ], [ -2.819206553999948, 42.311304351000047 ], [ -2.823890722999977, 42.306004610000059 ], [ -2.846253499999932, 42.304611499000032 ], [ -2.837858091999976, 42.312351062000062 ], [ -2.835092920999955, 42.313539510000055 ], [ -2.810208499999931, 42.33245849900004 ], [ -2.797832, 42.334644999000034 ], [ -2.790118, 42.332350999000028 ] ] ] } },
{ "type": "Feature", "properties": { "code": "26177", "name": "Villoslada de Cameros" }, "geometry": { "type": "Polygon", "coordinates": [ [ [ -2.676618499999961, 42.141998499000067 ], [ -2.665667463999966, 42.139776243000028 ], [ -2.654072499999927, 42.130862999000044 ], [ -2.65216457899993, 42.121303436000062 ], [ -2.655970286999946, 42.094952058000047 ], [ -2.652751654999975, 42.088085638000052 ], [ -2.645233750999978, 42.081644362000077 ], [ -2.643177350999963, 42.071921615000065 ], [ -2.647292916999959, 42.050533767000047 ], [ -2.658159606999959, 42.038412680000079 ], [ -2.658540938999977, 42.03095408300004 ], [ -2.651629810999964, 42.01876455200005 ], [ -2.659802, 42.005351999000027 ], [ -2.673593499999924, 41.998050999000043 ], [ -2.686585958999956, 42.001736820000076 ], [ -2.704927840999972, 42.014499171000068 ], [ -2.724149386999954, 42.015307048000068 ], [ -2.744574756999953, 42.009207192000076 ], [ -2.748365499999977, 42.011489999000048 ], [ -2.757598, 42.032604499000058 ], [ -2.738867421999942, 42.049685315000033 ], [ -2.733880536999948, 42.060197050000056 ], [ -2.70817418799993, 42.088248295000028 ], [ -2.709913774999961, 42.097096872000066 ], [ -2.70763008199998, 42.10572935600004 ], [ -2.728810173999932, 42.122580011000025 ], [ -2.738445, 42.124800999000058 ], [ -2.737988, 42.130168999000034 ], [ -2.726952172999972, 42.13697346500004 ], [ -2.700001911999948, 42.135915311000076 ], [ -2.676618499999961, 42.141998499000067 ] ] ] } },
{ "type": "Feature", "properties": { "code": "26178", "name": "Viniegra de Abajo" }, "geometry": { "type": "Polygon", "coordinates": [ [ [ -2.87847249999993, 42.01138749900008 ], [ -2.888761518999956, 42.010588148000068 ], [ -2.891192, 42.016994499000077 ], [ -2.88334644899993, 42.034653694000042 ], [ -2.890144024999927, 42.048801050000066 ], [ -2.882011374999934, 42.080608240000061 ], [ -2.886323421999975, 42.090176964000079 ], [ -2.890162759999953, 42.114033109000047 ], [ -2.909860884999944, 42.130908997000063 ], [ -2.908297016999938, 42.137615762000053 ], [ -2.912189384999976, 42.145425658000079 ], [ -2.906087907999961, 42.160529079000071 ], [ -2.898371768999937, 42.165100638000069 ], [ -2.913230607999935, 42.193225705000032 ], [ -2.91950406899997, 42.213868532000049 ], [ -2.919675499999926, 42.223903499000073 ], [ -2.914594, 42.226169499000036 ], [ -2.907942, 42.227515999000047 ], [ -2.894011, 42.223831499000028 ], [ -2.876295329999948, 42.201113697000039 ], [ -2.87170851999997, 42.187893200000076 ], [ -2.866749846999937, 42.183679487000063 ], [ -2.883649514999945, 42.176158832000056 ], [ -2.88095864099995, 42.160931313000049 ], [ -2.874234308999974, 42.157779566000045 ], [ -2.871087935999981, 42.142328324000061 ], [ -2.864496272999929, 42.136760393000031 ], [ -2.866315993999933, 42.129958506000037 ], [ -2.86276149899993, 42.120786079000027 ], [ -2.851907499999925, 42.118682999000043 ], [ -2.861182017999965, 42.108454695000034 ], [ -2.85704072599998, 42.091854380000029 ], [ -2.84770057999998, 42.079606241000079 ], [ -2.84966396599998, 42.071590950000029 ], [ -2.847868663999975, 42.043989230000079 ], [ -2.844649, 42.03445799900004 ], [ -2.855704003999961, 42.029034872000068 ], [ -2.862105228999951, 42.019820485000025 ], [ -2.87847249999993, 42.01138749900008 ] ] ] } },
{ "type": "Feature", "properties": { "code": "26179", "name": "Viniegra de Arriba" }, "geometry": { "type": "Polygon", "coordinates": [ [ [ -2.798, 42.04682899900007 ], [ -2.80468829199998, 42.045527840000034 ], [ -2.812994630999981, 42.037066364000054 ], [ -2.824307873999942, 42.040643825000075 ], [ -2.835092920999955, 42.037394924000068 ], [ -2.840311, 42.034530499000027 ], [ -2.844649, 42.03445799900004 ], [ -2.847868663999975, 42.043989230000079 ], [ -2.84966396599998, 42.071590950000029 ], [ -2.84770057999998, 42.079606241000079 ], [ -2.85704072599998, 42.091854380000029 ], [ -2.861182017999965, 42.108454695000034 ], [ -2.851907499999925, 42.118682999000043 ], [ -2.847141370999964, 42.114445157000034 ], [ -2.835092920999955, 42.111195885000029 ], [ -2.821495654999978, 42.117088683000077 ], [ -2.803321788999938, 42.115365029000031 ], [ -2.791622, 42.108733999000037 ], [ -2.791387046999944, 42.093481140000051 ], [ -2.802515387999961, 42.079907106000064 ], [ -2.795518555999934, 42.06592924000006 ], [ -2.798, 42.04682899900007 ] ] ] } },
{ "type": "Feature", "properties": { "code": "26180", "name": "Zarratón" }, "geometry": { "type": "Polygon", "coordinates": [ [ [ -2.88388249999997, 42.545652999000026 ], [ -2.881547499999954, 42.543288999000026 ], [ -2.880166499999973, 42.539161499000045 ], [ -2.865895, 42.538703999000063 ], [ -2.855463992999944, 42.532789133000051 ], [ -2.856703007999954, 42.519938972000034 ], [ -2.851698250999959, 42.511328818000038 ], [ -2.835092920999955, 42.505393992000052 ], [ -2.829274569999939, 42.501374808000037 ], [ -2.83018949999996, 42.497997499000064 ], [ -2.835092920999955, 42.498165484000026 ], [ -2.841328051999938, 42.495388155000057 ], [ -2.870784095999966, 42.499606910000068 ], [ -2.886413888999925, 42.505030094000062 ], [ -2.892810917999952, 42.504424942000071 ], [ -2.89901, 42.508256999000025 ], [ -2.902289350999979, 42.517606346000036 ], [ -2.916384, 42.527654999000049 ], [ -2.909962, 42.529185999000049 ], [ -2.901871245999928, 42.535949731000073 ], [ -2.889309424999965, 42.537073300000031 ], [ -2.88388249999997, 42.545652999000026 ] ] ] } },
{ "type": "Feature", "properties": { "code": "26181", "name": "Zarzosa" }, "geometry": { "type": "Polygon", "coordinates": [ [ [ -2.3627, 42.194728999000063 ], [ -2.366846499999951, 42.205432999000038 ], [ -2.346816610999952, 42.205820955000036 ], [ -2.343036646999963, 42.198152133000065 ], [ -2.334997379999947, 42.196265403000041 ], [ -2.32445135699993, 42.187667479000027 ], [ -2.331594502999963, 42.161449712000035 ], [ -2.336704494999935, 42.156676694000055 ], [ -2.346885639999925, 42.15328882600005 ], [ -2.384956029999955, 42.151022017000059 ], [ -2.401944499999956, 42.145755999000073 ], [ -2.400318358999925, 42.154568379000068 ], [ -2.394293781999977, 42.161613771000077 ], [ -2.369897313999957, 42.163637078000079 ], [ -2.362308948999953, 42.169820315000038 ], [ -2.354229047999979, 42.184269315000051 ], [ -2.3627, 42.194728999000063 ] ] ] } },
{ "type": "Feature", "properties": { "code": "26183", "name": "Zorraquín" }, "geometry": { "type": "Polygon", "coordinates": [ [ [ -3.050542499999949, 42.297805999000047 ], [ -3.052919354999972, 42.322029849000046 ], [ -3.059568499999955, 42.338439999000059 ], [ -3.036089499999946, 42.334991499000068 ], [ -3.031666192999978, 42.325253347000057 ], [ -3.032057169999973, 42.31541999600006 ], [ -3.038238898999964, 42.306014602000062 ], [ -3.050542499999949, 42.297805999000047 ] ] ] } }
]
}
