{
"type": "FeatureCollection",
"crs": { "type": "name", "properties": { "name": "urn:ogc:def:crs:OGC:1.3:CRS84" } },
"features": [
{ "type": "Feature", "properties": { "code": "28001", "name": "Acebeda, La" }, "geometry": { "type": "Polygon", "coordinates": [ [ [ -3.675911499999927, 41.086649999000031 ], [ -3.651728793999951, 41.107564315000047 ], [ -3.644867, 41.121244499000056 ], [ -3.628966977999937, 41.11842516300004 ], [ -3.599623, 41.096090999000069 ], [ -3.606228807999969, 41.089213855000025 ], [ -3.605386221999936, 41.078696186000059 ], [ -3.608915, 41.076313999000035 ], [ -3.616260056999977, 41.078263356000036 ], [ -3.615921499999956, 41.069819499000062 ], [ -3.625330499999961, 41.070810499000061 ], [ -3.627979, 41.068811499000049 ], [ -3.643034, 41.073860499000034 ], [ -3.648064, 41.074059999000042 ], [ -3.667167499999948, 41.081320499000071 ], [ -3.674412, 41.084991499000068 ], [ -3.675911499999927, 41.086649999000031 ] ] ] } },
{ "type": "Feature", "properties": { "code": "28002", "name": "Ajalvir" }, "geometry": { "type": "Polygon", "coordinates": [ [ [ -3.512059499999964, 40.538598499000045 ], [ -3.503287634999936, 40.543005156000049 ], [ -3.500807419999944, 40.552915347000067 ], [ -3.489703520999967, 40.555706817000043 ], [ -3.480821499999934, 40.562130999000033 ], [ -3.482340287999932, 40.556762093000032 ], [ -3.480028528999981, 40.547888770000043 ], [ -3.469375820999971, 40.538529873000073 ], [ -3.469761519999963, 40.533578881000039 ], [ -3.461488102999965, 40.525810565000029 ], [ -3.461853846999929, 40.511833418000037 ], [ -3.439878862999933, 40.512957135000079 ], [ -3.434937499999933, 40.508868999000072 ], [ -3.452659, 40.50260649900008 ], [ -3.456941499999971, 40.499250999000026 ], [ -3.467512, 40.493144999000037 ], [ -3.474194, 40.494691499000055 ], [ -3.479452499999979, 40.494585999000037 ], [ -3.512059499999964, 40.538598499000045 ] ] ] } },
{ "type": "Feature", "properties": { "code": "28003", "name": "Alameda del Valle" }, "geometry": { "type": "Polygon", "coordinates": [ [ [ -3.890160499999979, 40.968803999000045 ], [ -3.886791, 40.971109999000078 ], [ -3.883378499999935, 40.971190999000044 ], [ -3.880630499999938, 40.972771999000031 ], [ -3.854550797999934, 40.947207042000059 ], [ -3.808573499999966, 40.88816599900008 ], [ -3.819241, 40.860498499000073 ], [ -3.825172320999968, 40.860254474000044 ], [ -3.837261955999963, 40.877812942000048 ], [ -3.83521684699997, 40.888902061000067 ], [ -3.844477835999953, 40.910844933000078 ], [ -3.870064667999941, 40.932130069000038 ], [ -3.882013358999927, 40.936403647000077 ], [ -3.898485, 40.958787999000037 ], [ -3.895019, 40.965478999000027 ], [ -3.890160499999979, 40.968803999000045 ] ] ] } },
{ "type": "Feature", "properties": { "code": "28004", "name": "Álamo, El" }, "geometry": { "type": "Polygon", "coordinates": [ [ [ -4.02386249999995, 40.248930999000038 ], [ -4.002787315999967, 40.255983864000029 ], [ -3.975707390999958, 40.251825545000031 ], [ -3.972144931999935, 40.249225224000043 ], [ -3.967934555999932, 40.236361930000044 ], [ -3.961345732999973, 40.229807508000079 ], [ -3.946379, 40.224597999000025 ], [ -3.952866499999971, 40.212796499000035 ], [ -3.994079452999927, 40.211812641000051 ], [ -4.008962283999949, 40.220706394000047 ], [ -4.024187489999974, 40.23500351000007 ], [ -4.025929953999935, 40.242825972000048 ], [ -4.02386249999995, 40.248930999000038 ] ] ] } },
{ "type": "Feature", "properties": { "code": "28005", "name": "Alcalá de Henares" }, "geometry": { "type": "Polygon", "coordinates": [ [ [ -3.415661, 40.545366499000068 ], [ -3.417056029999969, 40.537139177000029 ], [ -3.403461239999956, 40.526404668000055 ], [ -3.392322904999958, 40.524518539000042 ], [ -3.376342327999964, 40.528567937000048 ], [ -3.367167475999963, 40.527946707000069 ], [ -3.361475329999962, 40.523841230000073 ], [ -3.353186138999945, 40.526487837000047 ], [ -3.349881499999981, 40.531595499000048 ], [ -3.338673854999968, 40.52967357700004 ], [ -3.322333113999946, 40.521904923000079 ], [ -3.303930865999973, 40.532572143000039 ], [ -3.295826085999977, 40.528766872000062 ], [ -3.289849499999946, 40.531749999000056 ], [ -3.284997762999978, 40.51813799200005 ], [ -3.308055059999958, 40.509842883000033 ], [ -3.307849351999948, 40.500460980000071 ], [ -3.287969481999937, 40.487666913000055 ], [ -3.300776138999936, 40.480435542000066 ], [ -3.310498068999948, 40.481212040000059 ], [ -3.32144349999993, 40.471979999000041 ], [ -3.33494484299996, 40.45726630300004 ], [ -3.357604684999956, 40.449565414000062 ], [ -3.369180272999927, 40.454976536000061 ], [ -3.38521316899994, 40.452360103000046 ], [ -3.39045473799996, 40.459216361000074 ], [ -3.40873449999998, 40.453457999000079 ], [ -3.414619483999957, 40.455786016000047 ], [ -3.426856, 40.453180499000041 ], [ -3.433725309999943, 40.453589033000071 ], [ -3.44703949999996, 40.446275999000079 ], [ -3.43224992699993, 40.46079439500005 ], [ -3.43284744999994, 40.466315316000077 ], [ -3.426745708999931, 40.472793743000068 ], [ -3.430404416999977, 40.488733563000039 ], [ -3.428768, 40.510878499000057 ], [ -3.429211377999934, 40.529078257000037 ], [ -3.436161143999925, 40.53085285700007 ], [ -3.43777997799998, 40.537132968000037 ], [ -3.432097651999925, 40.543082052000045 ], [ -3.415661, 40.545366499000068 ] ] ] } },
{ "type": "Feature", "properties": { "code": "28006", "name": "Alcobendas" }, "geometry": { "type": "Polygon", "coordinates": [ [ [ -3.552931499999943, 40.532210999000029 ], [ -3.555973043999927, 40.52919120100006 ], [ -3.551431398999966, 40.522735571000055 ], [ -3.554102, 40.511297999000078 ], [ -3.572027073999948, 40.511934258000053 ], [ -3.599126557999966, 40.501364288000048 ], [ -3.614893346999963, 40.510266107000064 ], [ -3.642050337999933, 40.507779242000026 ], [ -3.658102808999956, 40.512689741000031 ], [ -3.66663134099997, 40.523809551000056 ], [ -3.675688132999937, 40.526581523000061 ], [ -3.670314424999958, 40.534812855000041 ], [ -3.67715237799996, 40.542443970000079 ], [ -3.689170825999952, 40.56760750400008 ], [ -3.697482448999949, 40.577060680000045 ], [ -3.67398449999996, 40.588820499000065 ], [ -3.654819913999972, 40.556599358000028 ], [ -3.641536923999979, 40.554009209000071 ], [ -3.625317269999925, 40.540616600000078 ], [ -3.552931499999943, 40.532210999000029 ] ] ] } },
{ "type": "Feature", "properties": { "code": "28007", "name": "Alcorcón" }, "geometry": { "type": "Polygon", "coordinates": [ [ [ -3.837654, 40.402933499000028 ], [ -3.831894046999935, 40.400828576000038 ], [ -3.834001499999943, 40.396018499000036 ], [ -3.810576057999981, 40.365015345000074 ], [ -3.787605, 40.35865749900006 ], [ -3.800282440999979, 40.355523026000071 ], [ -3.799462088999974, 40.352942370000051 ], [ -3.804096676999961, 40.347081954000032 ], [ -3.803025655999932, 40.340133737000031 ], [ -3.817999499999928, 40.327754999000035 ], [ -3.839291478999939, 40.324434461000067 ], [ -3.848386499999947, 40.325653999000053 ], [ -3.853918380999971, 40.333024440000031 ], [ -3.858944591999943, 40.335081259000049 ], [ -3.859548951999955, 40.343062588000066 ], [ -3.870763499999953, 40.353079499000046 ], [ -3.871264092999979, 40.359362786000077 ], [ -3.878325795999956, 40.37070028200003 ], [ -3.86768434499993, 40.374167903000057 ], [ -3.867437499999937, 40.377643999000043 ], [ -3.845168, 40.39115749900003 ], [ -3.837654, 40.402933499000028 ] ] ] } },
{ "type": "Feature", "properties": { "code": "28008", "name": "Aldea del Fresno" }, "geometry": { "type": "Polygon", "coordinates": [ [ [ -4.187794499999939, 40.33781299900005 ], [ -4.169513, 40.318357499000058 ], [ -4.166579117999959, 40.30869801700004 ], [ -4.167344970999977, 40.291047123000055 ], [ -4.17231849999996, 40.288061499000037 ], [ -4.19215772299998, 40.296408524000071 ], [ -4.203580874999943, 40.286282153000059 ], [ -4.205194067999969, 40.269514116000039 ], [ -4.210547509999969, 40.268724898000073 ], [ -4.218186129999935, 40.272173597000062 ], [ -4.22602749999993, 40.269855499000073 ], [ -4.231312, 40.276628999000025 ], [ -4.253733537999949, 40.286519342000076 ], [ -4.271818665999945, 40.299146516000064 ], [ -4.281827130999943, 40.31247352500003 ], [ -4.294859, 40.322584999000071 ], [ -4.286131829999931, 40.328664425000056 ], [ -4.268497614999944, 40.332016691000035 ], [ -4.250521201999959, 40.325432173000024 ], [ -4.236260499999958, 40.326458499000069 ], [ -4.231412499999976, 40.334044999000071 ], [ -4.214523702999941, 40.338960033000035 ], [ -4.210974449999981, 40.349446822000061 ], [ -4.187794499999939, 40.33781299900005 ] ] ] } },
{ "type": "Feature", "properties": { "code": "28009", "name": "Algete" }, "geometry": { "type": "Polygon", "coordinates": [ [ [ -3.559032, 40.650500499000032 ], [ -3.559692032999976, 40.644786605000036 ], [ -3.556342685999937, 40.638033404000055 ], [ -3.561766554999963, 40.637459515000046 ], [ -3.563149301999943, 40.632320494000055 ], [ -3.557688458999962, 40.612239835000025 ], [ -3.537098900999979, 40.615511584000046 ], [ -3.525630970999941, 40.614227893000077 ], [ -3.504656445999956, 40.620245624000063 ], [ -3.502227615999971, 40.625214762000041 ], [ -3.486055848999968, 40.624874274000035 ], [ -3.486417363999976, 40.61850830700007 ], [ -3.474738245999959, 40.605411092000054 ], [ -3.453747, 40.607231499000079 ], [ -3.465929, 40.595426499000041 ], [ -3.485671952999951, 40.585859009000046 ], [ -3.515468913999939, 40.58127896700006 ], [ -3.52559122599996, 40.581220226000028 ], [ -3.533346756999947, 40.584415359000047 ], [ -3.539830499999937, 40.582369999000036 ], [ -3.548956214999976, 40.586502815000074 ], [ -3.558643237999945, 40.586390913000059 ], [ -3.565093214999933, 40.597455251000042 ], [ -3.573654959999942, 40.599940479000054 ], [ -3.576646893999964, 40.606075686000054 ], [ -3.574026355999933, 40.617667777000065 ], [ -3.579580251999971, 40.62034652400007 ], [ -3.584405499999946, 40.627324499000053 ], [ -3.589751215999968, 40.637597090000042 ], [ -3.592322, 40.652416999000025 ], [ -3.593525499999942, 40.654762499000071 ], [ -3.586018821999971, 40.654002490000039 ], [ -3.582722742999977, 40.645472742000038 ], [ -3.568918378999967, 40.644202075000067 ], [ -3.565461453999944, 40.649756164000053 ], [ -3.559032, 40.650500499000032 ] ] ] } },
{ "type": "Feature", "properties": { "code": "28010", "name": "Alpedrete" }, "geometry": { "type": "Polygon", "coordinates": [ [ [ -4.044894499999941, 40.662484499000072 ], [ -4.01405650199996, 40.68172990000005 ], [ -4.001791965999928, 40.683784015000072 ], [ -3.995104, 40.681058499000073 ], [ -3.997053067999957, 40.665140269000062 ], [ -4.006546599999979, 40.661233011000036 ], [ -4.011316213999976, 40.651925827000071 ], [ -4.020172585999944, 40.645500173000073 ], [ -4.018628245999935, 40.638071265000065 ], [ -4.025879499999974, 40.632707999000047 ], [ -4.030342, 40.63907049900007 ], [ -4.030015499999934, 40.641302499000062 ], [ -4.035629, 40.64550299900003 ], [ -4.036799, 40.647427499000059 ], [ -4.046755, 40.656059999000036 ], [ -4.047502, 40.659630999000058 ], [ -4.044894499999941, 40.662484499000072 ] ] ] } },
{ "type": "Feature", "properties": { "code": "28011", "name": "Ambite" }, "geometry": { "type": "Polygon", "coordinates": [ [ [ -3.216112499999952, 40.312850999000034 ], [ -3.205866116999971, 40.318998689000068 ], [ -3.199928971999952, 40.331720994000079 ], [ -3.199614461999943, 40.337388392000037 ], [ -3.204387, 40.343990999000027 ], [ -3.196230922999973, 40.352143496000053 ], [ -3.17753978099995, 40.360568387000058 ], [ -3.176669, 40.374135499000033 ], [ -3.173651, 40.376103999000065 ], [ -3.168775081999968, 40.377575324000077 ], [ -3.156788322999944, 40.377740520000032 ], [ -3.149902, 40.37307849900003 ], [ -3.152114162999965, 40.366850302000046 ], [ -3.148434645999941, 40.360545965000028 ], [ -3.143248, 40.358102999000039 ], [ -3.142291820999958, 40.350777784000059 ], [ -3.154276834999962, 40.342735711000046 ], [ -3.152545323999959, 40.333814431000064 ], [ -3.179861288999973, 40.313342577000071 ], [ -3.181536, 40.304246499000044 ], [ -3.207501, 40.306214499000077 ], [ -3.211863, 40.310301999000046 ], [ -3.216112499999952, 40.312850999000034 ] ] ] } },
{ "type": "Feature", "properties": { "code": "28012", "name": "Anchuelo" }, "geometry": { "type": "Polygon", "coordinates": [ [ [ -3.32144349999993, 40.471979999000041 ], [ -3.310498068999948, 40.481212040000059 ], [ -3.300776138999936, 40.480435542000066 ], [ -3.287969481999937, 40.487666913000055 ], [ -3.298613, 40.494377499000052 ], [ -3.285661642999969, 40.494381763000035 ], [ -3.273452435999957, 40.486564026000053 ], [ -3.258174, 40.483922999000072 ], [ -3.247901623999951, 40.456018809000057 ], [ -3.235817361999977, 40.449047438000036 ], [ -3.235052, 40.444324499000061 ], [ -3.243222443999969, 40.443626490000042 ], [ -3.267417499999965, 40.439289999000039 ], [ -3.273174879999942, 40.448688950000076 ], [ -3.287842165999962, 40.452247398000054 ], [ -3.32144349999993, 40.471979999000041 ] ] ] } },
{ "type": "Feature", "properties": { "code": "28013", "name": "Aranjuez" }, "geometry": { "type": "Polygon", "coordinates": [ [ [ -3.615597499999978, 39.993926499000054 ], [ -3.636670500999969, 39.988373875000036 ], [ -3.630353, 39.968600999000046 ], [ -3.665957499999934, 39.963441499000055 ], [ -3.67742999799998, 39.960350767000079 ], [ -3.696593591999942, 39.947518657000046 ], [ -3.711446212999931, 39.953831530000059 ], [ -3.742436336999958, 39.940865275000078 ], [ -3.748293722999961, 39.929733285000054 ], [ -3.75722947099996, 39.920938598000077 ], [ -3.778121701999964, 39.910969255000055 ], [ -3.804597737999927, 39.888136727000074 ], [ -3.804290499999979, 39.884762999000031 ], [ -3.814893499999926, 39.88574249900006 ], [ -3.834132417999967, 39.899625320000041 ], [ -3.862283013999956, 39.90331853400005 ], [ -3.875427499999944, 39.910685499000067 ], [ -3.868312480999975, 39.917778980000037 ], [ -3.874315432999936, 39.928194789000031 ], [ -3.866379, 39.931397999000069 ], [ -3.853199755999981, 39.938927772000056 ], [ -3.84109078299997, 39.94142131600006 ], [ -3.836277951999932, 39.932789609000054 ], [ -3.832329780999942, 39.93208445700003 ], [ -3.82771220099994, 39.942692476000047 ], [ -3.822342, 39.94680149900006 ], [ -3.806448233999959, 39.953289766000069 ], [ -3.798085261999972, 39.946569293000039 ], [ -3.78528586699997, 39.945696394000038 ], [ -3.783544171999949, 39.955351209000071 ], [ -3.76444012099995, 39.965403681000055 ], [ -3.760150814999975, 39.958392911000033 ], [ -3.76897177099994, 39.952071406000073 ], [ -3.763081004999947, 39.948630635000029 ], [ -3.752857329999927, 39.954377471000043 ], [ -3.755540468999925, 39.966357677000076 ], [ -3.742744228999925, 39.962139710000031 ], [ -3.730034398999976, 39.96436641300005 ], [ -3.726478859999929, 39.970242989000042 ], [ -3.738124699999958, 39.970009069000071 ], [ -3.744579109999961, 39.979386981000061 ], [ -3.740729230999932, 39.981038881000075 ], [ -3.734993295999971, 39.97856061400006 ], [ -3.732397847999948, 39.98538535800003 ], [ -3.721757067999931, 39.987379270000076 ], [ -3.722738859999936, 39.997370708000062 ], [ -3.715764499999977, 40.003467999000065 ], [ -3.709626869999965, 40.012195577000057 ], [ -3.700005590999979, 40.019208364000065 ], [ -3.688610857999947, 40.021518643000036 ], [ -3.680954520999933, 40.016156508000051 ], [ -3.667738, 40.027824499000076 ], [ -3.664473700999963, 40.035528640000052 ], [ -3.659026174999951, 40.036424348000025 ], [ -3.651018300999965, 40.032637227000066 ], [ -3.647024113999976, 40.040498584000034 ], [ -3.636701050999932, 40.042981145000056 ], [ -3.63913493299998, 40.047672937000073 ], [ -3.63771909299993, 40.050820137000073 ], [ -3.62093596099993, 40.056919419000053 ], [ -3.623191731999952, 40.06205562100007 ], [ -3.617777167999975, 40.068937429000073 ], [ -3.628190096999958, 40.07773104000006 ], [ -3.60983409399995, 40.083397020000064 ], [ -3.604820034999932, 40.093180019000044 ], [ -3.613387245999945, 40.093147228000078 ], [ -3.615607000999944, 40.095907736000072 ], [ -3.607628, 40.108966999000074 ], [ -3.599201971999946, 40.11037030600005 ], [ -3.599515383999972, 40.120940370000028 ], [ -3.583741, 40.128513999000063 ], [ -3.579628335999928, 40.128494463000038 ], [ -3.574419213999931, 40.122437347000073 ], [ -3.557426, 40.125203999000064 ], [ -3.574746593999976, 40.113206065000043 ], [ -3.592399025999953, 40.068166640000072 ], [ -3.589456605999942, 40.060444290000078 ], [ -3.584737187999963, 40.059112047000042 ], [ -3.560677513999963, 40.06618403300007 ], [ -3.538747013999966, 40.067541044000052 ], [ -3.53442797799994, 40.051593216000072 ], [ -3.518905581999945, 40.050294823000058 ], [ -3.515038, 40.043247999000073 ], [ -3.517061, 40.036441499000034 ], [ -3.521884499999942, 40.026068499000075 ], [ -3.519530499999973, 40.021037499000045 ], [ -3.58912526599994, 40.012691502000052 ], [ -3.595020828999964, 40.002089536000028 ], [ -3.615597499999978, 39.993926499000054 ] ] ] } },
{ "type": "Feature", "properties": { "code": "28014", "name": "Arganda del Rey" }, "geometry": { "type": "Polygon", "coordinates": [ [ [ -3.426068499999928, 40.349675499000057 ], [ -3.431173006999927, 40.338315288000047 ], [ -3.430083547999971, 40.318529602000069 ], [ -3.413365638999949, 40.312223126000049 ], [ -3.406414107999979, 40.306100695000055 ], [ -3.379481061999968, 40.297332699000037 ], [ -3.377280282999948, 40.291296543000044 ], [ -3.38315898999997, 40.280611762000035 ], [ -3.369589, 40.265300499000034 ], [ -3.377448, 40.261594499000068 ], [ -3.380929, 40.257410999000058 ], [ -3.385186, 40.254390499000067 ], [ -3.388319, 40.25009699900005 ], [ -3.395608, 40.248344499000041 ], [ -3.407418499999949, 40.257124499000042 ], [ -3.411594, 40.255167999000037 ], [ -3.418568499999935, 40.25388349900004 ], [ -3.438270751999937, 40.258023589000061 ], [ -3.482522, 40.256844499000067 ], [ -3.49180182799995, 40.269613962000051 ], [ -3.498846856999933, 40.27325929400007 ], [ -3.519639, 40.294245999000054 ], [ -3.510257699999954, 40.300977924000051 ], [ -3.513746942999944, 40.305111731000068 ], [ -3.50785131899994, 40.308173060000058 ], [ -3.513597687999948, 40.313875389000032 ], [ -3.512023498999952, 40.317647937000061 ], [ -3.495338874999959, 40.315921054000057 ], [ -3.484912311999949, 40.323350676000075 ], [ -3.471145665999927, 40.320195399000056 ], [ -3.471443499999964, 40.338076499000067 ], [ -3.460801499999945, 40.341830499000025 ], [ -3.453317, 40.343229499000074 ], [ -3.436469746999933, 40.351510202000043 ], [ -3.426068499999928, 40.349675499000057 ] ] ] } },
{ "type": "Feature", "properties": { "code": "28015", "name": "Arroyomolinos" }, "geometry": { "type": "Polygon", "coordinates": [ [ [ -3.941599499999938, 40.297141499000077 ], [ -3.92018143699994, 40.302404452000076 ], [ -3.914199071999974, 40.293968621000033 ], [ -3.904693046999967, 40.303551078000055 ], [ -3.898494375999974, 40.304365521000079 ], [ -3.892325567999933, 40.30114756100005 ], [ -3.887240290999955, 40.292476678000071 ], [ -3.876842499999952, 40.288258499000051 ], [ -3.884284638999929, 40.28328683400008 ], [ -3.887456457999974, 40.276017232000072 ], [ -3.903048927999976, 40.261230515000079 ], [ -3.910674185999937, 40.257386483000062 ], [ -3.917263742999978, 40.260264021000069 ], [ -3.930120380999938, 40.256796740000027 ], [ -3.947131880999962, 40.263292953000075 ], [ -3.94821849899995, 40.272991602000047 ], [ -3.942309542999965, 40.284231185000067 ], [ -3.941599499999938, 40.297141499000077 ] ], [ [ -3.934891027999925, 40.293288444000041 ], [ -3.922414445999948, 40.288991687000077 ], [ -3.916572488999975, 40.290468040000064 ], [ -3.925892795999971, 40.296560115000034 ], [ -3.934891027999925, 40.293288444000041 ] ] ] } },
{ "type": "Feature", "properties": { "code": "28016", "name": "Atazar, El" }, "geometry": { "type": "Polygon", "coordinates": [ [ [ -3.421432, 40.967240999000069 ], [ -3.435465477999969, 40.945735809000041 ], [ -3.437131706999935, 40.933642891000034 ], [ -3.447202389999973, 40.924044919000039 ], [ -3.451135, 40.912822499000072 ], [ -3.462000726999975, 40.914365384000064 ], [ -3.465438335999977, 40.91817913400007 ], [ -3.475898548999965, 40.910371430000055 ], [ -3.480058256999939, 40.912178011000037 ], [ -3.482540570999959, 40.909489245000032 ], [ -3.496913499999948, 40.90976899900005 ], [ -3.501818043999947, 40.915519782000047 ], [ -3.502437, 40.924513999000055 ], [ -3.497857, 40.927626499000041 ], [ -3.49665049999993, 40.929403499000045 ], [ -3.495712, 40.94364949900006 ], [ -3.492716499999972, 40.951224499000034 ], [ -3.484004499999969, 40.962594499000033 ], [ -3.476416700999948, 40.966593597000042 ], [ -3.445040717999973, 40.96424649100004 ], [ -3.421432, 40.967240999000069 ] ] ] } },
{ "type": "Feature", "properties": { "code": "28017", "name": "Batres" }, "geometry": { "type": "Polygon", "coordinates": [ [ [ -3.946379, 40.224597999000025 ], [ -3.951303751999944, 40.240160576000051 ], [ -3.951213717999963, 40.250276143000065 ], [ -3.936933499999952, 40.24967999900008 ], [ -3.915007669999966, 40.24369009600008 ], [ -3.904107, 40.234726999000031 ], [ -3.900245894999955, 40.228056409000033 ], [ -3.902171511999939, 40.222399791000043 ], [ -3.894305463999956, 40.209860680000077 ], [ -3.896637607999935, 40.198011421000047 ], [ -3.910239635999972, 40.201786304000052 ], [ -3.925989499999957, 40.20087249900007 ], [ -3.947800763999965, 40.204121968000038 ], [ -3.950848, 40.196488999000053 ], [ -3.956296, 40.199100999000052 ], [ -3.953049027999953, 40.209560705000058 ], [ -3.952866499999971, 40.212796499000035 ], [ -3.946379, 40.224597999000025 ] ] ] } },
{ "type": "Feature", "properties": { "code": "28018", "name": "Becerril de la Sierra" }, "geometry": { "type": "MultiPolygon", "coordinates": [ [ [ [ -3.879600499999981, 40.651529499000048 ], [ -3.875212, 40.653045499000029 ], [ -3.873661499999969, 40.65721299900008 ], [ -3.86991709199998, 40.661604849000071 ], [ -3.877670450999972, 40.676366883000071 ], [ -3.873735, 40.681047999000043 ], [ -3.861672658999964, 40.68586490000007 ], [ -3.84170839899997, 40.686489934000065 ], [ -3.829894, 40.680661499000053 ], [ -3.832143499999972, 40.676760999000066 ], [ -3.83752149999998, 40.673372499000038 ], [ -3.844499, 40.672091999000031 ], [ -3.846474, 40.669004999000038 ], [ -3.845122499999945, 40.66747699900003 ], [ -3.839780499999961, 40.666136999000059 ], [ -3.855654271999981, 40.662097113000073 ], [ -3.864940499999932, 40.645612499000038 ], [ -3.871609, 40.647376499000075 ], [ -3.87521049999998, 40.649208999000052 ], [ -3.876653499999975, 40.651011999000048 ], [ -3.879600499999981, 40.651529499000048 ] ] ], [ [ [ -3.906430499999942, 40.673138499000061 ], [ -3.914505499999962, 40.671675999000058 ], [ -3.919075, 40.672802499000056 ], [ -3.905824, 40.68217099900005 ], [ -3.903543499999955, 40.680511999000032 ], [ -3.907266, 40.67760049900005 ], [ -3.906430499999942, 40.673138499000061 ] ], [ [ -3.913230006999925, 40.676637628000037 ], [ -3.910055780999926, 40.67409721000007 ], [ -3.907470659999944, 40.676690003000033 ], [ -3.909352334999937, 40.678587284000059 ], [ -3.913230006999925, 40.676637628000037 ] ] ], [ [ [ -3.968444, 40.767066499000066 ], [ -3.960965094999949, 40.760652217000029 ], [ -3.95959707399993, 40.734015184000043 ], [ -3.95330649999994, 40.723035999000047 ], [ -3.951054, 40.721912499000041 ], [ -3.949674499999958, 40.716916999000034 ], [ -3.960680257999968, 40.70717419600004 ], [ -3.970317589999979, 40.704455702000075 ], [ -3.980517538999948, 40.705669854000064 ], [ -3.988903371999925, 40.695283302000064 ], [ -3.99733649999996, 40.690383499000063 ], [ -4.004696499999966, 40.710483999000076 ], [ -4.001768127999981, 40.717727252000032 ], [ -3.983890911999936, 40.739402936000033 ], [ -3.978620519999936, 40.759564727000054 ], [ -3.968444, 40.767066499000066 ] ] ] ] } },
{ "type": "Feature", "properties": { "code": "28019", "name": "Belmonte de Tajo" }, "geometry": { "type": "Polygon", "coordinates": [ [ [ -3.348252, 40.097943999000051 ], [ -3.34461536799995, 40.103927371000054 ], [ -3.344982939999966, 40.111014394000051 ], [ -3.351629655999943, 40.116830708000066 ], [ -3.36998872099997, 40.124664563000067 ], [ -3.377544, 40.133612499000037 ], [ -3.376277, 40.135209499000041 ], [ -3.366064499999936, 40.140209499000036 ], [ -3.358252499999935, 40.141785999000035 ], [ -3.353043, 40.144162499000061 ], [ -3.348503499999936, 40.14765649900005 ], [ -3.342389499999967, 40.149354499000026 ], [ -3.341376, 40.150901499000042 ], [ -3.339503499999978, 40.150712499000065 ], [ -3.328868, 40.164434499000038 ], [ -3.325540499999931, 40.170947999000077 ], [ -3.320199, 40.177951499000073 ], [ -3.30375756799998, 40.150366509000037 ], [ -3.297268385999928, 40.132343044000038 ], [ -3.313917615999969, 40.128066662000037 ], [ -3.348252, 40.097943999000051 ] ] ] } },
{ "type": "Feature", "properties": { "code": "28020", "name": "Berzosa del Lozoya" }, "geometry": { "type": "Polygon", "coordinates": [ [ [ -3.49565, 40.99399549900005 ], [ -3.492824499999927, 40.978068499000074 ], [ -3.509314167999946, 40.965339892000031 ], [ -3.526172930999962, 40.964100505000033 ], [ -3.539648235999948, 40.958825431000037 ], [ -3.543766464999976, 40.951303945000063 ], [ -3.562293, 40.956130999000038 ], [ -3.557719821999967, 40.959033462000036 ], [ -3.563154758999929, 40.967525777000048 ], [ -3.561661728999979, 40.972170854000069 ], [ -3.514140096999938, 40.993526188000033 ], [ -3.49565, 40.99399549900005 ] ] ] } },
{ "type": "Feature", "properties": { "code": "28021", "name": "Berrueco, El" }, "geometry": { "type": "Polygon", "coordinates": [ [ [ -3.599193, 40.888626999000053 ], [ -3.60030213999994, 40.894912021000039 ], [ -3.568476499999974, 40.904159499000059 ], [ -3.544544, 40.904473999000061 ], [ -3.538447502999929, 40.899460743000077 ], [ -3.534871509999959, 40.901696872000059 ], [ -3.520564786999955, 40.900742129000037 ], [ -3.517665499999964, 40.904885999000044 ], [ -3.513882706999937, 40.894748355000047 ], [ -3.524589, 40.876082499000063 ], [ -3.536381, 40.862405999000032 ], [ -3.546689754999932, 40.856865277000054 ], [ -3.555645141999946, 40.85783226500007 ], [ -3.570856499999934, 40.85094949900008 ], [ -3.594339876999925, 40.878478311000038 ], [ -3.599193, 40.888626999000053 ] ] ] } },
{ "type": "Feature", "properties": { "code": "28022", "name": "Boadilla del Monte" }, "geometry": { "type": "Polygon", "coordinates": [ [ [ -3.867437499999937, 40.377643999000043 ], [ -3.881417019999958, 40.386529439000071 ], [ -3.892180906999954, 40.397935498000038 ], [ -3.933705713999927, 40.413205143000027 ], [ -3.948833, 40.41373949900003 ], [ -3.947183524999957, 40.420495611000035 ], [ -3.951836425999943, 40.427077534000034 ], [ -3.951628306999964, 40.438313663000031 ], [ -3.948663389999979, 40.450116571000081 ], [ -3.944697, 40.454815499000063 ], [ -3.922896302999959, 40.442158322000068 ], [ -3.909146822999958, 40.443745342000057 ], [ -3.904084440999952, 40.452002508000078 ], [ -3.898412951999944, 40.455519277000064 ], [ -3.88197990599997, 40.445567775000029 ], [ -3.862969, 40.444042499000034 ], [ -3.84839037699993, 40.420847543000036 ], [ -3.842253251999978, 40.417311872000028 ], [ -3.837654, 40.402933499000028 ], [ -3.845168, 40.39115749900003 ], [ -3.867437499999937, 40.377643999000043 ] ] ] } },
{ "type": "Feature", "properties": { "code": "28023", "name": "Boalo, El" }, "geometry": { "type": "MultiPolygon", "coordinates": [ [ [ [ -3.839780499999961, 40.666136999000059 ], [ -3.845122499999945, 40.66747699900003 ], [ -3.846474, 40.669004999000038 ], [ -3.844499, 40.672091999000031 ], [ -3.83752149999998, 40.673372499000038 ], [ -3.832143499999972, 40.676760999000066 ], [ -3.837500499999976, 40.667058499000063 ], [ -3.839780499999961, 40.666136999000059 ] ] ], [ [ [ -3.906430499999942, 40.673138499000061 ], [ -3.903004539999927, 40.674558775000037 ], [ -3.902529743999935, 40.677062833000036 ], [ -3.903732970999954, 40.678529634000029 ], [ -3.907266, 40.67760049900005 ], [ -3.903543499999955, 40.680511999000032 ], [ -3.873735, 40.681047999000043 ], [ -3.877670450999972, 40.676366883000071 ], [ -3.86991709199998, 40.661604849000071 ], [ -3.873661499999969, 40.65721299900008 ], [ -3.89341649499994, 40.667925255000057 ], [ -3.902063964999968, 40.669575862000045 ], [ -3.905782611999939, 40.666152775000057 ], [ -3.905426663999947, 40.653523146000055 ], [ -3.919246499999929, 40.648578499000052 ], [ -3.915725348999956, 40.655864122000025 ], [ -3.916866976999927, 40.659524039000075 ], [ -3.928686499999969, 40.65714299900003 ], [ -3.927958980999961, 40.663391359000059 ], [ -3.917513905999954, 40.664496486000075 ], [ -3.919075, 40.672802499000056 ], [ -3.914505499999962, 40.671675999000058 ], [ -3.906430499999942, 40.673138499000061 ] ] ], [ [ [ -3.951054, 40.721912499000041 ], [ -3.95330649999994, 40.723035999000047 ], [ -3.95959707399993, 40.734015184000043 ], [ -3.960965094999949, 40.760652217000029 ], [ -3.968444, 40.767066499000066 ], [ -3.952351705999945, 40.763376980000032 ], [ -3.94314471499996, 40.756009820000031 ], [ -3.906089777999966, 40.736941355000056 ], [ -3.893658936999941, 40.714171404000069 ], [ -3.892408511999975, 40.704978993000054 ], [ -3.904394559999957, 40.697518830000035 ], [ -3.912884, 40.687493999000026 ], [ -3.924497499999973, 40.679831999000044 ], [ -3.924177499999928, 40.677455499000075 ], [ -3.945092703999933, 40.686845551000033 ], [ -3.951647479999963, 40.69259418300004 ], [ -3.952007583999944, 40.700440526000079 ], [ -3.935553798999933, 40.718045964000055 ], [ -3.934867641999972, 40.724901270000032 ], [ -3.939457437999977, 40.726453999000057 ], [ -3.951054, 40.721912499000041 ] ] ], [ [ [ -3.913230006999925, 40.676637628000037 ], [ -3.909352334999937, 40.678587284000059 ], [ -3.907470659999944, 40.676690003000033 ], [ -3.910055780999926, 40.67409721000007 ], [ -3.913230006999925, 40.676637628000037 ] ] ] ] } },
{ "type": "Feature", "properties": { "code": "28024", "name": "Braojos" }, "geometry": { "type": "Polygon", "coordinates": [ [ [ -3.627979, 41.068811499000049 ], [ -3.624926642999981, 41.064256742000055 ], [ -3.623430733999953, 41.050288091000027 ], [ -3.63708, 41.029013999000028 ], [ -3.653474349999954, 41.032740230000059 ], [ -3.670891010999981, 41.041698008000026 ], [ -3.679740660999926, 41.054143201000045 ], [ -3.692525678999971, 41.061622644000067 ], [ -3.706040499999972, 41.076814499000079 ], [ -3.695285, 41.082653999000058 ], [ -3.687448499999959, 41.08488999900004 ], [ -3.679384, 41.08418449900006 ], [ -3.675911499999927, 41.086649999000031 ], [ -3.674412, 41.084991499000068 ], [ -3.667167499999948, 41.081320499000071 ], [ -3.656567499999937, 41.077624999000079 ], [ -3.652604, 41.075386499000047 ], [ -3.648064, 41.074059999000042 ], [ -3.643034, 41.073860499000034 ], [ -3.627979, 41.068811499000049 ] ] ] } },
{ "type": "Feature", "properties": { "code": "28025", "name": "Brea de Tajo" }, "geometry": { "type": "Polygon", "coordinates": [ [ [ -3.168775081999968, 40.233411683000043 ], [ -3.173242, 40.234138999000038 ], [ -3.169357615999957, 40.244724099000052 ], [ -3.152796510999963, 40.263746385000047 ], [ -3.112521, 40.285447999000041 ], [ -3.10929, 40.285162999000079 ], [ -3.097182199999963, 40.271081311000046 ], [ -3.098547753999981, 40.260512160000076 ], [ -3.087507653999978, 40.247174026000039 ], [ -3.088715589999936, 40.237603042000046 ], [ -3.079963728999928, 40.226332276000051 ], [ -3.080130814999961, 40.207003903000043 ], [ -3.088075, 40.200288999000065 ], [ -3.099037, 40.20251599900007 ], [ -3.106422499999951, 40.202949999000055 ], [ -3.110833, 40.204258499000048 ], [ -3.125079, 40.209973999000056 ], [ -3.12912149999994, 40.213279499000066 ], [ -3.142006499999979, 40.218448499000033 ], [ -3.144069499999944, 40.219921499000066 ], [ -3.149075, 40.220830499000044 ], [ -3.150749499999961, 40.222807999000054 ], [ -3.168775081999968, 40.233411683000043 ] ] ] } },
{ "type": "Feature", "properties": { "code": "28026", "name": "Brunete" }, "geometry": { "type": "Polygon", "coordinates": [ [ [ -4.005121, 40.359253499000033 ], [ -4.007694242999946, 40.363535286000058 ], [ -4.034998, 40.378333999000063 ], [ -4.046327499999961, 40.388273499000036 ], [ -4.04240211299998, 40.400452168000072 ], [ -4.034873165999954, 40.40926790900005 ], [ -4.025862, 40.428180999000062 ], [ -4.014601505999963, 40.43544343700006 ], [ -3.996050251999975, 40.431249637000064 ], [ -3.980613536999954, 40.435609271000033 ], [ -3.96904010999998, 40.417094507000058 ], [ -3.954195082999945, 40.409001526000054 ], [ -3.946748, 40.407999999000026 ], [ -3.945614469999953, 40.396506513000077 ], [ -3.949862026999938, 40.388944912000056 ], [ -3.944556931999955, 40.375446707000037 ], [ -3.947764326999959, 40.369566803000055 ], [ -3.98077939999996, 40.369319113000074 ], [ -4.005121, 40.359253499000033 ] ] ] } },
{ "type": "Feature", "properties": { "code": "28027", "name": "Buitrago del Lozoya" }, "geometry": { "type": "Polygon", "coordinates": [ [ [ -3.634385, 41.020849499000064 ], [ -3.622304231999976, 41.022700244000077 ], [ -3.619028267999965, 41.019882229000075 ], [ -3.617882, 41.01292999900005 ], [ -3.607946683999955, 41.008607877000031 ], [ -3.599311597999929, 40.99904232800003 ], [ -3.580273, 40.990976499000055 ], [ -3.584946766999963, 40.982877272000053 ], [ -3.598563002999981, 40.982532956000057 ], [ -3.605389894999973, 40.974199592000048 ], [ -3.623090550999962, 40.96979256700007 ], [ -3.629230499999949, 40.961501499000065 ], [ -3.632876, 40.960997999000028 ], [ -3.644306499999971, 40.953655999000034 ], [ -3.653416518999961, 40.960855955000056 ], [ -3.648453935999953, 40.975800162000041 ], [ -3.656808499999954, 40.976309499000081 ], [ -3.656161158999964, 40.982861611000033 ], [ -3.667439062999961, 40.99072906400005 ], [ -3.665438499999937, 40.995283499000038 ], [ -3.652758500999937, 40.996517453000081 ], [ -3.657797805999962, 41.002751996000029 ], [ -3.654060499999957, 41.007223499000077 ], [ -3.650716957999975, 41.001769922000051 ], [ -3.63620525999994, 41.002422652000064 ], [ -3.633437588999925, 41.007772653000075 ], [ -3.634385, 41.020849499000064 ] ] ] } },
{ "type": "Feature", "properties": { "code": "28028", "name": "Bustarviejo" }, "geometry": { "type": "Polygon", "coordinates": [ [ [ -3.693832499999928, 40.880404499000065 ], [ -3.684511014999941, 40.86888483000007 ], [ -3.679324736999945, 40.856991442000037 ], [ -3.679825796999978, 40.848270670000034 ], [ -3.670975, 40.833432499000025 ], [ -3.700536392999936, 40.823770153000055 ], [ -3.701278, 40.799765499000046 ], [ -3.716864992999945, 40.794926079000049 ], [ -3.722519499999976, 40.797333999000045 ], [ -3.734497463999958, 40.804385492000051 ], [ -3.742951481999967, 40.805830696000044 ], [ -3.757700683999929, 40.819639444000074 ], [ -3.773663587999977, 40.826441827000053 ], [ -3.789247, 40.846488499000031 ], [ -3.77243004099995, 40.865816358000075 ], [ -3.762940088999926, 40.868623607000075 ], [ -3.752064616999974, 40.867462257000057 ], [ -3.739670960999945, 40.874171935000049 ], [ -3.724041560999979, 40.872283775000028 ], [ -3.717703053999969, 40.876215414000058 ], [ -3.693832499999928, 40.880404499000065 ] ] ] } },
{ "type": "Feature", "properties": { "code": "28029", "name": "Cabanillas de la Sierra" }, "geometry": { "type": "Polygon", "coordinates": [ [ [ -3.650817, 40.801041499000064 ], [ -3.659463499999958, 40.804822499000068 ], [ -3.654509799999971, 40.811687032000066 ], [ -3.652802, 40.833467499000051 ], [ -3.649846731999958, 40.843859346000045 ], [ -3.642653, 40.851766999000063 ], [ -3.635042422999959, 40.846454924000057 ], [ -3.625202188999936, 40.841553718000057 ], [ -3.616476499999976, 40.841067499000076 ], [ -3.616800388999934, 40.835712041000079 ], [ -3.609045715999969, 40.822986451000077 ], [ -3.613586591999933, 40.81668206300003 ], [ -3.613157, 40.809744499000033 ], [ -3.625494858999957, 40.808595345000072 ], [ -3.636986897999975, 40.811689250000029 ], [ -3.650817, 40.801041499000064 ] ] ] } },
{ "type": "Feature", "properties": { "code": "28030", "name": "Cabrera, La" }, "geometry": { "type": "Polygon", "coordinates": [ [ [ -3.650268499999925, 40.879703999000071 ], [ -3.639121, 40.879302499000062 ], [ -3.625974, 40.882161999000061 ], [ -3.621925499999975, 40.882679999000061 ], [ -3.618882499999927, 40.881949499000029 ], [ -3.599193, 40.888626999000053 ], [ -3.594339876999925, 40.878478311000038 ], [ -3.570856499999934, 40.85094949900008 ], [ -3.597843454999975, 40.845819633000076 ], [ -3.604552, 40.842136999000047 ], [ -3.607091499999967, 40.842413499000031 ], [ -3.616476499999976, 40.841067499000076 ], [ -3.625202188999936, 40.841553718000057 ], [ -3.635042422999959, 40.846454924000057 ], [ -3.642653, 40.851766999000063 ], [ -3.642919, 40.856565499000055 ], [ -3.645166, 40.866701499000044 ], [ -3.64748, 40.87015849900007 ], [ -3.647717499999942, 40.876012499000069 ], [ -3.650268499999925, 40.879703999000071 ] ] ] } },
{ "type": "Feature", "properties": { "code": "28031", "name": "Cadalso de los Vidrios" }, "geometry": { "type": "Polygon", "coordinates": [ [ [ -4.472303, 40.32022549900006 ], [ -4.455999756999972, 40.31987463400003 ], [ -4.453642499999944, 40.333053499000073 ], [ -4.442382499999951, 40.328124499000069 ], [ -4.43196649999993, 40.32851449900005 ], [ -4.428869499999962, 40.330243499000062 ], [ -4.418362499999944, 40.33227849900004 ], [ -4.406396499999971, 40.329382999000075 ], [ -4.395727499999964, 40.323973999000032 ], [ -4.386853499999972, 40.320381499000064 ], [ -4.382515499999954, 40.31953549900004 ], [ -4.37994, 40.31830099900003 ], [ -4.379096466999954, 40.314820325000028 ], [ -4.385884081999961, 40.301731965000045 ], [ -4.383580412999947, 40.298403503000031 ], [ -4.384644661999971, 40.288840561000029 ], [ -4.399076079999929, 40.282654348000051 ], [ -4.427883690999977, 40.258256729000038 ], [ -4.434841, 40.259238999000047 ], [ -4.439289, 40.264476499000068 ], [ -4.443874499999936, 40.267046999000058 ], [ -4.446952499999952, 40.270033999000077 ], [ -4.448576, 40.272708999000031 ], [ -4.467967499999929, 40.280442999000059 ], [ -4.476474, 40.282917499000064 ], [ -4.48144549999995, 40.280952999000078 ], [ -4.484243499999934, 40.278735999000048 ], [ -4.494216499999936, 40.278501499000072 ], [ -4.50291177899993, 40.283584977000032 ], [ -4.467732958999932, 40.308602783000026 ], [ -4.467155361999971, 40.316714940000054 ], [ -4.472303, 40.32022549900006 ] ] ] } },
{ "type": "Feature", "properties": { "code": "28032", "name": "Camarma de Esteruelas" }, "geometry": { "type": "Polygon", "coordinates": [ [ [ -3.338213499999938, 40.596787999000071 ], [ -3.337022590999936, 40.59296295300004 ], [ -3.345712128999935, 40.582167610000056 ], [ -3.34275503799995, 40.578325580000069 ], [ -3.362204966999968, 40.562474307000059 ], [ -3.349881499999981, 40.531595499000048 ], [ -3.353186138999945, 40.526487837000047 ], [ -3.361475329999962, 40.523841230000073 ], [ -3.367167475999963, 40.527946707000069 ], [ -3.376342327999964, 40.528567937000048 ], [ -3.392322904999958, 40.524518539000042 ], [ -3.403461239999956, 40.526404668000055 ], [ -3.417056029999969, 40.537139177000029 ], [ -3.415661, 40.545366499000068 ], [ -3.400830372999962, 40.556692439000074 ], [ -3.403398314999947, 40.561312093000026 ], [ -3.395372499999951, 40.574517999000079 ], [ -3.39026451999996, 40.573319075000029 ], [ -3.382489864999968, 40.583826644000055 ], [ -3.384652603999939, 40.603416621000065 ], [ -3.382033499999977, 40.608127499000034 ], [ -3.35002101699996, 40.601738828000066 ], [ -3.338213499999938, 40.596787999000071 ] ] ] } },
{ "type": "Feature", "properties": { "code": "28033", "name": "Campo Real" }, "geometry": { "type": "Polygon", "coordinates": [ [ [ -3.312705, 40.328582999000048 ], [ -3.333565, 40.315598999000031 ], [ -3.338952, 40.300252499000067 ], [ -3.340776499999947, 40.28987199900007 ], [ -3.348224499999958, 40.273762999000041 ], [ -3.369589, 40.265300499000034 ], [ -3.38315898999997, 40.280611762000035 ], [ -3.377280282999948, 40.291296543000044 ], [ -3.379481061999968, 40.297332699000037 ], [ -3.406414107999979, 40.306100695000055 ], [ -3.413365638999949, 40.312223126000049 ], [ -3.430083547999971, 40.318529602000069 ], [ -3.431173006999927, 40.338315288000047 ], [ -3.426068499999928, 40.349675499000057 ], [ -3.378167775999941, 40.362568174000046 ], [ -3.355876499999965, 40.362216999000054 ], [ -3.34999849999997, 40.359119999000029 ], [ -3.325308, 40.341912499000045 ], [ -3.313823, 40.332059499000025 ], [ -3.312705, 40.328582999000048 ] ] ] } },
{ "type": "Feature", "properties": { "code": "28034", "name": "Canencia" }, "geometry": { "type": "Polygon", "coordinates": [ [ [ -3.789247, 40.846488499000031 ], [ -3.796022499999935, 40.846664999000041 ], [ -3.798085499999956, 40.848960499000043 ], [ -3.819241, 40.860498499000073 ], [ -3.808573499999966, 40.88816599900008 ], [ -3.797472205999952, 40.901473942000052 ], [ -3.78764158499996, 40.907769543000029 ], [ -3.786875499999951, 40.913229999000066 ], [ -3.774340561999963, 40.923920689000056 ], [ -3.736705, 40.941645999000059 ], [ -3.732662838999943, 40.936377397000058 ], [ -3.725148, 40.934967999000037 ], [ -3.724056162999943, 40.927411065000058 ], [ -3.717397344999938, 40.916507527000078 ], [ -3.715540242999964, 40.897724811000046 ], [ -3.700164196999935, 40.887918961000025 ], [ -3.695648, 40.880591499000047 ], [ -3.717703053999969, 40.876215414000058 ], [ -3.724041560999979, 40.872283775000028 ], [ -3.739670960999945, 40.874171935000049 ], [ -3.752064616999974, 40.867462257000057 ], [ -3.762940088999926, 40.868623607000075 ], [ -3.77243004099995, 40.865816358000075 ], [ -3.789247, 40.846488499000031 ] ] ] } },
{ "type": "Feature", "properties": { "code": "28035", "name": "Carabaña" }, "geometry": { "type": "Polygon", "coordinates": [ [ [ -3.197051, 40.257515999000077 ], [ -3.194669499999975, 40.255050499000049 ], [ -3.194294499999955, 40.248005999000043 ], [ -3.215355686999942, 40.238361327000064 ], [ -3.221474769999929, 40.225367844000061 ], [ -3.237750697999957, 40.214229842000066 ], [ -3.261449184999947, 40.212617562000048 ], [ -3.270277499999963, 40.214746999000056 ], [ -3.278037277999942, 40.234704124000075 ], [ -3.279365064999979, 40.246402397000054 ], [ -3.283410895999964, 40.251385603000074 ], [ -3.284741, 40.262278999000046 ], [ -3.278791715999944, 40.278021092000074 ], [ -3.269185515999936, 40.292445403000045 ], [ -3.251979499999948, 40.30344799900007 ], [ -3.206842295999934, 40.263237119000053 ], [ -3.197051, 40.257515999000077 ] ] ] } },
{ "type": "Feature", "properties": { "code": "28036", "name": "Casarrubuelos" }, "geometry": { "type": "Polygon", "coordinates": [ [ [ -3.840838, 40.162663999000074 ], [ -3.851707001999955, 40.169348892000073 ], [ -3.853365499999938, 40.179348499000071 ], [ -3.808851103999928, 40.178971882000042 ], [ -3.806588, 40.177186499000072 ], [ -3.810601270999939, 40.169812420000028 ], [ -3.818158297999958, 40.170502329000044 ], [ -3.833100748999925, 40.162103805000072 ], [ -3.840838, 40.162663999000074 ] ] ] } },
{ "type": "Feature", "properties": { "code": "28037", "name": "Cenicientos" }, "geometry": { "type": "Polygon", "coordinates": [ [ [ -4.521209, 40.202113999000062 ], [ -4.536567465999951, 40.199694148000049 ], [ -4.550713499999972, 40.20167249900004 ], [ -4.573232233999931, 40.206566143000032 ], [ -4.573748228999932, 40.213419010000052 ], [ -4.579076, 40.217195999000069 ], [ -4.565848981999977, 40.218693663000067 ], [ -4.560797559999969, 40.224612248000028 ], [ -4.560061401999974, 40.233970593000038 ], [ -4.566958266999961, 40.24104384900005 ], [ -4.569479, 40.257298499000058 ], [ -4.556092, 40.266139999000075 ], [ -4.517601352999975, 40.270803865000062 ], [ -4.505372515999966, 40.279680622000058 ], [ -4.491239499999949, 40.278288499000041 ], [ -4.484243499999934, 40.278735999000048 ], [ -4.48144549999995, 40.280952999000078 ], [ -4.476474, 40.282917499000064 ], [ -4.463171, 40.278770999000074 ], [ -4.448576, 40.272708999000031 ], [ -4.446952499999952, 40.270033999000077 ], [ -4.443874499999936, 40.267046999000058 ], [ -4.439289, 40.264476499000068 ], [ -4.434841, 40.259238999000047 ], [ -4.434797747999937, 40.243507734000048 ], [ -4.437711499999978, 40.237895499000047 ], [ -4.449359303999927, 40.233313518000045 ], [ -4.474297322999973, 40.230727050000041 ], [ -4.497330499999975, 40.221576999000035 ], [ -4.514761127999975, 40.216174147000061 ], [ -4.517157813999972, 40.206009368000025 ], [ -4.521209, 40.202113999000062 ] ] ] } },
{ "type": "Feature", "properties": { "code": "28038", "name": "Cercedilla" }, "geometry": { "type": "Polygon", "coordinates": [ [ [ -4.050277499999936, 40.714601499000025 ], [ -4.062369601999933, 40.717202400000076 ], [ -4.096829499999956, 40.747694499000033 ], [ -4.09428681299994, 40.756123741000067 ], [ -4.095328796999979, 40.765154556000027 ], [ -4.081687171999931, 40.776154241000029 ], [ -4.076252298999975, 40.788536270000066 ], [ -4.069931, 40.793870499000036 ], [ -4.053348, 40.790590999000074 ], [ -4.046799499999963, 40.790133499000035 ], [ -4.042043499999977, 40.783742999000026 ], [ -4.036142499999926, 40.783483499000056 ], [ -4.032238499999949, 40.781561499000077 ], [ -4.021157499999958, 40.781146999000043 ], [ -4.023503648999963, 40.779210439000053 ], [ -4.023148798999955, 40.772666315000038 ], [ -4.034339416999956, 40.757851509000034 ], [ -4.034286499999951, 40.749239499000055 ], [ -4.035580849999974, 40.741540769000039 ], [ -4.031719817999942, 40.73542242700006 ], [ -4.036892689999945, 40.729727099000058 ], [ -4.040307499999926, 40.71862199900005 ], [ -4.045911499999931, 40.716906499000061 ], [ -4.050277499999936, 40.714601499000025 ] ] ] } },
{ "type": "Feature", "properties": { "code": "28039", "name": "Cervera de Buitrago" }, "geometry": { "type": "MultiPolygon", "coordinates": [ [ [ [ -3.49530550299994, 40.905557806000047 ], [ -3.49116932499993, 40.907488251000075 ], [ -3.487262643999941, 40.905549884000038 ], [ -3.490208527999926, 40.902470616000073 ], [ -3.49530550299994, 40.905557806000047 ] ] ], [ [ [ -3.549579, 40.921200999000064 ], [ -3.544845658999975, 40.929296445000034 ], [ -3.540826555999956, 40.928954235000049 ], [ -3.533398701999943, 40.934556673000031 ], [ -3.521051858999954, 40.932933664000075 ], [ -3.502437, 40.924513999000055 ], [ -3.501818043999947, 40.915519782000047 ], [ -3.496913499999948, 40.90976899900005 ], [ -3.49694756699995, 40.904401884000038 ], [ -3.516171369999938, 40.907996553000032 ], [ -3.520564786999955, 40.900742129000037 ], [ -3.534871509999959, 40.901696872000059 ], [ -3.538447502999929, 40.899460743000077 ], [ -3.544544, 40.904473999000061 ], [ -3.545924463999938, 40.909440902000028 ], [ -3.539767039999958, 40.913467184000069 ], [ -3.539312821999943, 40.917031889000043 ], [ -3.542550621999965, 40.920614958000044 ], [ -3.549579, 40.921200999000064 ] ] ] ] } },
{ "type": "Feature", "properties": { "code": "28040", "name": "Ciempozuelos" }, "geometry": { "type": "Polygon", "coordinates": [ [ [ -3.561796499999957, 40.171092999000052 ], [ -3.566808072999947, 40.15018105300004 ], [ -3.574375943999939, 40.145575631000042 ], [ -3.575169516999949, 40.140151228000036 ], [ -3.582348630999945, 40.134612516000061 ], [ -3.583741, 40.128513999000063 ], [ -3.599515383999972, 40.120940370000028 ], [ -3.599201971999946, 40.11037030600005 ], [ -3.607628, 40.108966999000074 ], [ -3.655373580999935, 40.125644797000064 ], [ -3.664543882999965, 40.133685932000049 ], [ -3.66731249999998, 40.143290499000045 ], [ -3.659247825999955, 40.144801260000065 ], [ -3.651058396999929, 40.156978449000064 ], [ -3.637364442999967, 40.166175968000061 ], [ -3.63625320899996, 40.169257300000027 ], [ -3.644922462999943, 40.173862094000071 ], [ -3.643648741999925, 40.176440243000059 ], [ -3.631625128999929, 40.176457988000038 ], [ -3.608641441999964, 40.160914088000027 ], [ -3.604035960999965, 40.161400198000081 ], [ -3.591404499999953, 40.196330499000055 ], [ -3.559290499999975, 40.18982599900005 ], [ -3.553199494999944, 40.18403376100008 ], [ -3.542415354999946, 40.180875576000062 ], [ -3.546247939999944, 40.17639484700004 ], [ -3.561796499999957, 40.171092999000052 ] ] ] } },
{ "type": "Feature", "properties": { "code": "28041", "name": "Cobeña" }, "geometry": { "type": "Polygon", "coordinates": [ [ [ -3.480821499999934, 40.562130999000033 ], [ -3.489703520999967, 40.555706817000043 ], [ -3.500807419999944, 40.552915347000067 ], [ -3.503287634999936, 40.543005156000049 ], [ -3.512059499999964, 40.538598499000045 ], [ -3.529134817999932, 40.553966487000025 ], [ -3.546178852999958, 40.563289085000065 ], [ -3.543898499999955, 40.569743999000025 ], [ -3.53897825599995, 40.574370205000037 ], [ -3.539830499999937, 40.582369999000036 ], [ -3.533346756999947, 40.584415359000047 ], [ -3.52559122599996, 40.581220226000028 ], [ -3.515468913999939, 40.58127896700006 ], [ -3.485671952999951, 40.585859009000046 ], [ -3.465929, 40.595426499000041 ], [ -3.474352230999955, 40.571393675000024 ], [ -3.480821499999934, 40.562130999000033 ] ] ] } },
{ "type": "Feature", "properties": { "code": "28042", "name": "Colmenar del Arroyo" }, "geometry": { "type": "Polygon", "coordinates": [ [ [ -4.146785, 40.36465799900003 ], [ -4.153497719999962, 40.35525896200005 ], [ -4.176902110999947, 40.352177586000039 ], [ -4.182234, 40.347734499000069 ], [ -4.187513912999975, 40.352469419000045 ], [ -4.18828641999994, 40.35862656200004 ], [ -4.195994305999932, 40.360837249000042 ], [ -4.196466555999962, 40.36679106400004 ], [ -4.187073426999973, 40.37942492500008 ], [ -4.19263617699994, 40.391285972000048 ], [ -4.179514389999952, 40.397550890000048 ], [ -4.180084412999975, 40.402283959000044 ], [ -4.217370606999964, 40.402924727000027 ], [ -4.235385, 40.393246499000043 ], [ -4.246963992999952, 40.397083434000081 ], [ -4.252895, 40.405261499000062 ], [ -4.239718212999946, 40.419910906000041 ], [ -4.235461390999944, 40.432493377000071 ], [ -4.225474472999963, 40.44125000300005 ], [ -4.218661275999978, 40.440432445000056 ], [ -4.214253499999927, 40.447784999000078 ], [ -4.200956275999943, 40.45481366000007 ], [ -4.169701, 40.43683949900003 ], [ -4.163067274999946, 40.429743059000032 ], [ -4.163214251999932, 40.425667281000074 ], [ -4.158989896999969, 40.421656232000032 ], [ -4.160184763999951, 40.41667330000007 ], [ -4.155501293999976, 40.412349260000042 ], [ -4.162792828999955, 40.395103602000063 ], [ -4.146785, 40.36465799900003 ] ] ] } },
{ "type": "Feature", "properties": { "code": "28043", "name": "Colmenar de Oreja" }, "geometry": { "type": "Polygon", "coordinates": [ [ [ -3.348252, 40.097943999000051 ], [ -3.349234915999943, 40.090463169000031 ], [ -3.344869, 40.080072999000038 ], [ -3.37702573599995, 40.074071361000051 ], [ -3.37861741599994, 40.066378115000077 ], [ -3.375154214999952, 40.05321864900003 ], [ -3.392042060999927, 40.047328145000051 ], [ -3.394195, 40.035458499000072 ], [ -3.404066035999961, 40.035186363000037 ], [ -3.410784350999961, 40.041392044000077 ], [ -3.423688998999978, 40.045922614000062 ], [ -3.429970915999945, 40.039270527000042 ], [ -3.445504047999975, 40.037822947000052 ], [ -3.447699711999974, 40.047526961000074 ], [ -3.45429448799996, 40.04932227200004 ], [ -3.467639100999975, 40.041817176000052 ], [ -3.473064499999964, 40.042106999000055 ], [ -3.474156182999934, 40.045441051000068 ], [ -3.487692957999968, 40.042038081000044 ], [ -3.493052287999944, 40.047447722000072 ], [ -3.505156672999931, 40.047011006000048 ], [ -3.511356499999977, 40.043080499000041 ], [ -3.515038, 40.043247999000073 ], [ -3.518905581999945, 40.050294823000058 ], [ -3.53442797799994, 40.051593216000072 ], [ -3.538747013999966, 40.067541044000052 ], [ -3.560677513999963, 40.06618403300007 ], [ -3.584737187999963, 40.059112047000042 ], [ -3.589456605999942, 40.060444290000078 ], [ -3.592399025999953, 40.068166640000072 ], [ -3.580774, 40.098950499000068 ], [ -3.577403499999946, 40.10077349900007 ], [ -3.571374499999934, 40.100956499000063 ], [ -3.563663499999961, 40.099427499000058 ], [ -3.54922849999997, 40.101911499000039 ], [ -3.503475435999974, 40.085468638000066 ], [ -3.487704061999978, 40.086247396000033 ], [ -3.463780326999938, 40.099252809000063 ], [ -3.456555752999975, 40.115300412000067 ], [ -3.450874499999941, 40.118208999000046 ], [ -3.440523822999978, 40.116940611000075 ], [ -3.414496712999949, 40.120990738000046 ], [ -3.402339273999928, 40.131731394000042 ], [ -3.384863, 40.13530399900003 ], [ -3.377544, 40.133612499000037 ], [ -3.36998872099997, 40.124664563000067 ], [ -3.351629655999943, 40.116830708000066 ], [ -3.344982939999966, 40.111014394000051 ], [ -3.34461536799995, 40.103927371000054 ], [ -3.348252, 40.097943999000051 ] ] ] } },
{ "type": "Feature", "properties": { "code": "28044", "name": "Colmenarejo" }, "geometry": { "type": "Polygon", "coordinates": [ [ [ -4.047137, 40.570642999000029 ], [ -4.044395499999951, 40.583112499000038 ], [ -4.030594933999964, 40.582165469000074 ], [ -4.024080570999956, 40.573234365000076 ], [ -4.006541027999958, 40.561790748000078 ], [ -3.984425499999929, 40.51659599900006 ], [ -3.994842442999925, 40.501729005000072 ], [ -4.000942, 40.48558299900003 ], [ -4.017753680999931, 40.495510083000056 ], [ -4.017959021999957, 40.504025870000078 ], [ -4.029229124999972, 40.527393842000038 ], [ -4.038232593999965, 40.534955866000075 ], [ -4.05318491099996, 40.537740589000066 ], [ -4.047137, 40.570642999000029 ] ] ] } },
{ "type": "Feature", "properties": { "code": "28045", "name": "Colmenar Viejo" }, "geometry": { "type": "Polygon", "coordinates": [ [ [ -3.584405499999946, 40.627324499000053 ], [ -3.602602486999956, 40.625842047000049 ], [ -3.605137394999929, 40.630102209000029 ], [ -3.608693560999939, 40.630348845000071 ], [ -3.625674499999946, 40.616710499000078 ], [ -3.637804320999976, 40.636897717000068 ], [ -3.650763397999981, 40.641962928000055 ], [ -3.659889434999968, 40.640429554000036 ], [ -3.667817499999956, 40.629560499000036 ], [ -3.675137882999934, 40.632809849000068 ], [ -3.685653943999966, 40.631356366000034 ], [ -3.715818092999939, 40.644294995000052 ], [ -3.721131052999965, 40.638370518000045 ], [ -3.728201358999968, 40.635208548000037 ], [ -3.729802624999934, 40.630917171000078 ], [ -3.740888653999946, 40.628399569000067 ], [ -3.74014088499996, 40.611146466000037 ], [ -3.769892314999936, 40.611364323000032 ], [ -3.774244366999937, 40.61661683300008 ], [ -3.786583754999981, 40.619748639000079 ], [ -3.794917233999968, 40.614273988000036 ], [ -3.808465123999952, 40.611809385000072 ], [ -3.810351, 40.609427499000049 ], [ -3.806878901999937, 40.600885205000054 ], [ -3.808729092999954, 40.59848364700008 ], [ -3.816893079999943, 40.595055395000031 ], [ -3.842278499999964, 40.592500499000039 ], [ -3.84532226999994, 40.610868536000055 ], [ -3.850689550999959, 40.612862110000037 ], [ -3.855321653999965, 40.632415626000068 ], [ -3.864940499999932, 40.645612499000038 ], [ -3.855654271999981, 40.662097113000073 ], [ -3.837500499999976, 40.667058499000063 ], [ -3.829894, 40.680661499000053 ], [ -3.815355961999956, 40.702731786000072 ], [ -3.800428499999953, 40.711129999000036 ], [ -3.781771188999926, 40.704747585000064 ], [ -3.772483559999955, 40.704942598000059 ], [ -3.767424415999926, 40.711965968000072 ], [ -3.751713120999966, 40.722893629000055 ], [ -3.733447, 40.730876499000033 ], [ -3.731097, 40.730284999000048 ], [ -3.726870499999961, 40.731142499000043 ], [ -3.724176, 40.729913499000077 ], [ -3.712985499999945, 40.728479499000059 ], [ -3.710213499999952, 40.729264499000067 ], [ -3.705042753999976, 40.725383942000065 ], [ -3.686583299999938, 40.729741409000042 ], [ -3.675675499999954, 40.72833999900007 ], [ -3.676898, 40.723241499000039 ], [ -3.674756386999945, 40.717214158000047 ], [ -3.67956290099994, 40.708588407000036 ], [ -3.67666891999994, 40.703947274000029 ], [ -3.656145032999973, 40.695048590000056 ], [ -3.644759723999925, 40.694374998000058 ], [ -3.642544313999963, 40.691163292000056 ], [ -3.642671708999956, 40.686913236000066 ], [ -3.649804679999932, 40.67731690800008 ], [ -3.639925413999947, 40.667524325000045 ], [ -3.650405521999971, 40.649132868000038 ], [ -3.649349400999938, 40.644945756000027 ], [ -3.635492797999973, 40.639299941000047 ], [ -3.628510787999971, 40.640308635000054 ], [ -3.610010985999963, 40.650524712000049 ], [ -3.591634, 40.649124499000038 ], [ -3.589751215999968, 40.637597090000042 ], [ -3.584405499999946, 40.627324499000053 ] ] ] } },
{ "type": "Feature", "properties": { "code": "28046", "name": "Collado Mediano" }, "geometry": { "type": "Polygon", "coordinates": [ [ [ -3.995104, 40.681058499000073 ], [ -4.001791965999928, 40.683784015000072 ], [ -4.01405650199996, 40.68172990000005 ], [ -4.044894499999941, 40.662484499000072 ], [ -4.053523662999964, 40.665597429000059 ], [ -4.061405499999978, 40.700178999000059 ], [ -4.050277499999936, 40.714601499000025 ], [ -4.045911499999931, 40.716906499000061 ], [ -4.040307499999926, 40.71862199900005 ], [ -4.036182, 40.717212499000027 ], [ -4.028067, 40.717896499000062 ], [ -4.010558499999945, 40.713036999000053 ], [ -4.004696499999966, 40.710483999000076 ], [ -3.99733649999996, 40.690383499000063 ], [ -3.995104, 40.681058499000073 ] ] ] } },
{ "type": "Feature", "properties": { "code": "28047", "name": "Collado Villalba" }, "geometry": { "type": "Polygon", "coordinates": [ [ [ -4.029506499999968, 40.629818999000065 ], [ -4.018628245999935, 40.638071265000065 ], [ -4.020172585999944, 40.645500173000073 ], [ -4.011316213999976, 40.651925827000071 ], [ -4.006546599999979, 40.661233011000036 ], [ -3.997053067999957, 40.665140269000062 ], [ -3.995104, 40.681058499000073 ], [ -3.992054287999963, 40.666885623000042 ], [ -3.949325106999936, 40.656147424000039 ], [ -3.947051097999974, 40.644472221000058 ], [ -3.957926, 40.63281149900007 ], [ -3.97270483099993, 40.62730083200006 ], [ -3.981029580999973, 40.620149767000044 ], [ -4.005758373999925, 40.616331777000028 ], [ -4.020634970999936, 40.620031932000074 ], [ -4.025285561999965, 40.624370703000068 ], [ -4.026149353999926, 40.629548281000041 ], [ -4.029506499999968, 40.629818999000065 ] ] ] } },
{ "type": "Feature", "properties": { "code": "28048", "name": "Corpa" }, "geometry": { "type": "Polygon", "coordinates": [ [ [ -3.278415499999937, 40.394379499000024 ], [ -3.279774, 40.401556499000037 ], [ -3.279652, 40.405034499000067 ], [ -3.283157499999959, 40.409671499000069 ], [ -3.284736499999951, 40.410527999000067 ], [ -3.28793, 40.415302499000063 ], [ -3.28789, 40.41814449900005 ], [ -3.277393287999928, 40.423384139000063 ], [ -3.272747309999943, 40.435138871000049 ], [ -3.267417499999965, 40.439289999000039 ], [ -3.243222443999969, 40.443626490000042 ], [ -3.235052, 40.444324499000061 ], [ -3.233421, 40.44195299900008 ], [ -3.218999499999939, 40.439133499000036 ], [ -3.215734, 40.437859499000069 ], [ -3.211006, 40.434397999000055 ], [ -3.214375912999969, 40.426145802000065 ], [ -3.215571602999944, 40.409335726000052 ], [ -3.219166499999972, 40.403016999000045 ], [ -3.22693049999998, 40.401814499000068 ], [ -3.256825, 40.392997999000045 ], [ -3.271167, 40.398288499000046 ], [ -3.278415499999937, 40.394379499000024 ] ] ] } },
{ "type": "Feature", "properties": { "code": "28049", "name": "Coslada" }, "geometry": { "type": "Polygon", "coordinates": [ [ [ -3.530990499999973, 40.446835999000029 ], [ -3.527359881999928, 40.433861046000061 ], [ -3.537369037999952, 40.427922727000066 ], [ -3.531032, 40.420047499000077 ], [ -3.531161992999955, 40.415085462000036 ], [ -3.540549898999927, 40.410874050000075 ], [ -3.573378626999954, 40.412233195000056 ], [ -3.578708736999943, 40.417177319000075 ], [ -3.575998476999928, 40.424414014000035 ], [ -3.577861015999929, 40.433088886000064 ], [ -3.574527686999943, 40.436732154000026 ], [ -3.530990499999973, 40.446835999000029 ] ] ] } },
{ "type": "Feature", "properties": { "code": "28050", "name": "Cubas de la Sagra" }, "geometry": { "type": "Polygon", "coordinates": [ [ [ -3.806588, 40.177186499000072 ], [ -3.808851103999928, 40.178971882000042 ], [ -3.853365499999938, 40.179348499000071 ], [ -3.876323, 40.191221999000049 ], [ -3.871473499999979, 40.198744999000041 ], [ -3.869081499999936, 40.201076999000065 ], [ -3.857600347999949, 40.199644316000047 ], [ -3.820938, 40.205125999000074 ], [ -3.814058483999929, 40.202857821000066 ], [ -3.804493096999977, 40.187867514000061 ], [ -3.806011499999954, 40.177130999000042 ], [ -3.806588, 40.177186499000072 ] ] ] } },
{ "type": "Feature", "properties": { "code": "28051", "name": "Chapinería" }, "geometry": { "type": "Polygon", "coordinates": [ [ [ -4.187794499999939, 40.33781299900005 ], [ -4.210974449999981, 40.349446822000061 ], [ -4.214523702999941, 40.338960033000035 ], [ -4.231412499999976, 40.334044999000071 ], [ -4.232505852999964, 40.354039323000052 ], [ -4.236963018999973, 40.365375573000051 ], [ -4.22807828599997, 40.387329823000073 ], [ -4.235385, 40.393246499000043 ], [ -4.217370606999964, 40.402924727000027 ], [ -4.180084412999975, 40.402283959000044 ], [ -4.179514389999952, 40.397550890000048 ], [ -4.19263617699994, 40.391285972000048 ], [ -4.187073426999973, 40.37942492500008 ], [ -4.196466555999962, 40.36679106400004 ], [ -4.195994305999932, 40.360837249000042 ], [ -4.18828641999994, 40.35862656200004 ], [ -4.187513912999975, 40.352469419000045 ], [ -4.182234, 40.347734499000069 ], [ -4.182774843999937, 40.339018580000072 ], [ -4.187794499999939, 40.33781299900005 ] ] ] } },
{ "type": "Feature", "properties": { "code": "28052", "name": "Chinchón" }, "geometry": { "type": "Polygon", "coordinates": [ [ [ -3.54922849999997, 40.101911499000039 ], [ -3.563663499999961, 40.099427499000058 ], [ -3.57555149999996, 40.101087499000073 ], [ -3.580774, 40.098950499000068 ], [ -3.574746593999976, 40.113206065000043 ], [ -3.557426, 40.125203999000064 ], [ -3.554150796999977, 40.13810442700003 ], [ -3.539580817999934, 40.148132706000069 ], [ -3.545059005999974, 40.156515097000067 ], [ -3.54658653599995, 40.167632788000049 ], [ -3.561796499999957, 40.171092999000052 ], [ -3.546247939999944, 40.17639484700004 ], [ -3.542415354999946, 40.180875576000062 ], [ -3.553199494999944, 40.18403376100008 ], [ -3.559290499999975, 40.18982599900005 ], [ -3.548218413999962, 40.196123025000077 ], [ -3.53478596399998, 40.195010074000038 ], [ -3.525661265999929, 40.197521682000058 ], [ -3.508029302999944, 40.213037065000037 ], [ -3.498139499999979, 40.216933999000048 ], [ -3.459953774999974, 40.212377736000064 ], [ -3.452518051999959, 40.209133443000042 ], [ -3.451075207999963, 40.202206535000073 ], [ -3.428240198999958, 40.201035698000055 ], [ -3.404265829999929, 40.18051289400006 ], [ -3.384863, 40.13530399900003 ], [ -3.402339273999928, 40.131731394000042 ], [ -3.414496712999949, 40.120990738000046 ], [ -3.440523822999978, 40.116940611000075 ], [ -3.450874499999941, 40.118208999000046 ], [ -3.472103481999966, 40.133428604000073 ], [ -3.490200278999964, 40.139525450000065 ], [ -3.50921853899996, 40.138800331000027 ], [ -3.521542651999937, 40.135811456000056 ], [ -3.54922849999997, 40.101911499000039 ] ] ] } },
{ "type": "Feature", "properties": { "code": "28053", "name": "Daganzo de Arriba" }, "geometry": { "type": "Polygon", "coordinates": [ [ [ -3.480821499999934, 40.562130999000033 ], [ -3.474352230999955, 40.571393675000024 ], [ -3.465929, 40.595426499000041 ], [ -3.445184499999925, 40.616497499000047 ], [ -3.441975499999955, 40.617492999000035 ], [ -3.441564582999945, 40.594564616000071 ], [ -3.430126320999932, 40.585712304000026 ], [ -3.395372499999951, 40.574517999000079 ], [ -3.403398314999947, 40.561312093000026 ], [ -3.400830372999962, 40.556692439000074 ], [ -3.415661, 40.545366499000068 ], [ -3.432097651999925, 40.543082052000045 ], [ -3.43777997799998, 40.537132968000037 ], [ -3.436161143999925, 40.53085285700007 ], [ -3.429211377999934, 40.529078257000037 ], [ -3.428768, 40.510878499000057 ], [ -3.434937499999933, 40.508868999000072 ], [ -3.439878862999933, 40.512957135000079 ], [ -3.461853846999929, 40.511833418000037 ], [ -3.461488102999965, 40.525810565000029 ], [ -3.469761519999963, 40.533578881000039 ], [ -3.469375820999971, 40.538529873000073 ], [ -3.480028528999981, 40.547888770000043 ], [ -3.482340287999932, 40.556762093000032 ], [ -3.480821499999934, 40.562130999000033 ] ] ] } },
{ "type": "Feature", "properties": { "code": "28054", "name": "Escorial, El" }, "geometry": { "type": "Polygon", "coordinates": [ [ [ -4.127723, 40.522380999000063 ], [ -4.13218349999994, 40.518631499000037 ], [ -4.148692788999938, 40.522347122000042 ], [ -4.153756, 40.531501499000058 ], [ -4.145214917999965, 40.534513770000046 ], [ -4.149216000999957, 40.540122661000055 ], [ -4.151267031999964, 40.557000720000076 ], [ -4.159839499999975, 40.562678499000071 ], [ -4.142262936999941, 40.571041790000038 ], [ -4.140930484999956, 40.574245738000059 ], [ -4.144267486999979, 40.580803090000074 ], [ -4.140489128999945, 40.587955916000055 ], [ -4.130090389999964, 40.599107410000045 ], [ -4.118108689999929, 40.605226367000057 ], [ -4.114131658999952, 40.612543903000073 ], [ -4.106798506999951, 40.614442197000074 ], [ -4.096708031999981, 40.628448414000047 ], [ -4.058373169999925, 40.636908385000027 ], [ -4.04708674799997, 40.629538364000041 ], [ -4.032668, 40.630087499000069 ], [ -4.041049139999927, 40.613014467000028 ], [ -4.035100514999954, 40.607565708000038 ], [ -4.034598186999972, 40.598376332000043 ], [ -4.044395499999951, 40.583112499000038 ], [ -4.047137, 40.570642999000029 ], [ -4.060704389999955, 40.571757215000048 ], [ -4.079529861999958, 40.566675496000073 ], [ -4.100712903999977, 40.55309926700005 ], [ -4.106489947999933, 40.544155760000081 ], [ -4.123186639999972, 40.539381242000047 ], [ -4.130375043999948, 40.528798755000025 ], [ -4.127723, 40.522380999000063 ] ] ] } },
{ "type": "Feature", "properties": { "code": "28055", "name": "Estremera" }, "geometry": { "type": "Polygon", "coordinates": [ [ [ -3.088075, 40.200288999000065 ], [ -3.085316172999967, 40.197931557000061 ], [ -3.084694592999938, 40.186045621000062 ], [ -3.077022117999945, 40.166746114000034 ], [ -3.067845, 40.157913999000073 ], [ -3.076306477999935, 40.156843259000027 ], [ -3.084786072999975, 40.162962711000034 ], [ -3.089034097999956, 40.16253013100004 ], [ -3.096565787999964, 40.154717751000078 ], [ -3.094594559999962, 40.150316800000041 ], [ -3.096411624999973, 40.143786039000076 ], [ -3.077870316999963, 40.134802927000067 ], [ -3.070866745999979, 40.123846295000078 ], [ -3.057178801999953, 40.112969313000065 ], [ -3.052983499999925, 40.099387999000044 ], [ -3.06252933199994, 40.089179023000042 ], [ -3.095039, 40.068589999000039 ], [ -3.118189, 40.061428999000043 ], [ -3.108028893999972, 40.098527791000038 ], [ -3.12344730999996, 40.108604454000044 ], [ -3.130112898999926, 40.11699328900005 ], [ -3.13300404599994, 40.124220612000045 ], [ -3.129091288999973, 40.127635725000061 ], [ -3.137657753999974, 40.138738446000048 ], [ -3.141690781999955, 40.15219852000007 ], [ -3.149608499999943, 40.161495999000067 ], [ -3.150257522999937, 40.176307111000028 ], [ -3.156658905999961, 40.186407766000059 ], [ -3.152878507999958, 40.196585067000058 ], [ -3.161885748999964, 40.210758989000055 ], [ -3.158265949999929, 40.218555537000043 ], [ -3.150749499999961, 40.222807999000054 ], [ -3.149075, 40.220830499000044 ], [ -3.144069499999944, 40.219921499000066 ], [ -3.142006499999979, 40.218448499000033 ], [ -3.12912149999994, 40.213279499000066 ], [ -3.125079, 40.209973999000056 ], [ -3.110833, 40.204258499000048 ], [ -3.106422499999951, 40.202949999000055 ], [ -3.099037, 40.20251599900007 ], [ -3.088075, 40.200288999000065 ] ] ] } },
{ "type": "Feature", "properties": { "code": "28056", "name": "Fresnedillas de la Oliva" }, "geometry": { "type": "Polygon", "coordinates": [ [ [ -4.141065499999968, 40.506186999000079 ], [ -4.151140389999966, 40.494548125000051 ], [ -4.162248930999965, 40.467696584000066 ], [ -4.174898974999962, 40.458652887000028 ], [ -4.176446891999944, 40.449585514000034 ], [ -4.169701, 40.43683949900003 ], [ -4.200956275999943, 40.45481366000007 ], [ -4.214253499999927, 40.447784999000078 ], [ -4.217411897999966, 40.456979329000035 ], [ -4.214534884999978, 40.462064442000042 ], [ -4.213255874999959, 40.480918254000073 ], [ -4.206935750999946, 40.497765392000076 ], [ -4.19224699199998, 40.49987281600005 ], [ -4.176648, 40.508165281000061 ], [ -4.149312648999967, 40.509639381000056 ], [ -4.141065499999968, 40.506186999000079 ] ] ] } },
{ "type": "Feature", "properties": { "code": "28057", "name": "Fresno de Torote" }, "geometry": { "type": "Polygon", "coordinates": [ [ [ -3.395372499999951, 40.574517999000079 ], [ -3.430126320999932, 40.585712304000026 ], [ -3.441564582999945, 40.594564616000071 ], [ -3.441975499999955, 40.617492999000035 ], [ -3.42012, 40.645805999000061 ], [ -3.41609, 40.645175499000061 ], [ -3.390120499999966, 40.634445499000037 ], [ -3.384392499999933, 40.631101999000066 ], [ -3.371729, 40.62576849900006 ], [ -3.375788384999964, 40.618648295000071 ], [ -3.374845020999942, 40.614878304000058 ], [ -3.382033499999977, 40.608127499000034 ], [ -3.384652603999939, 40.603416621000065 ], [ -3.382489864999968, 40.583826644000055 ], [ -3.39026451999996, 40.573319075000029 ], [ -3.395372499999951, 40.574517999000079 ] ] ] } },
{ "type": "Feature", "properties": { "code": "28058", "name": "Fuenlabrada" }, "geometry": { "type": "Polygon", "coordinates": [ [ [ -3.840953, 40.285709499000063 ], [ -3.843639551999956, 40.293823756000052 ], [ -3.843211834999977, 40.317137202000026 ], [ -3.848386499999947, 40.325653999000053 ], [ -3.839291478999939, 40.324434461000067 ], [ -3.817999499999928, 40.327754999000035 ], [ -3.811894760999962, 40.305075769000041 ], [ -3.808366380999928, 40.301660019000053 ], [ -3.77431835799996, 40.293273408000061 ], [ -3.761582499999975, 40.294170499000074 ], [ -3.754396625999959, 40.277974909000079 ], [ -3.739373499999942, 40.270898499000054 ], [ -3.741014499999949, 40.254239999000049 ], [ -3.754527374999952, 40.250985510000078 ], [ -3.761896492999938, 40.25533682400004 ], [ -3.774768815999948, 40.250389429000052 ], [ -3.800805, 40.250204999000061 ], [ -3.802824499999929, 40.255333499000074 ], [ -3.806728, 40.260727999000039 ], [ -3.80943, 40.270100999000078 ], [ -3.81035449999996, 40.276811499000075 ], [ -3.827247, 40.27741749900008 ], [ -3.839302499999974, 40.27693799900004 ], [ -3.840953, 40.285709499000063 ] ] ] } },
{ "type": "Feature", "properties": { "code": "28059", "name": "Fuente el Saz de Jarama" }, "geometry": { "type": "Polygon", "coordinates": [ [ [ -3.490506, 40.625020999000071 ], [ -3.502227615999971, 40.625214762000041 ], [ -3.504656445999956, 40.620245624000063 ], [ -3.525630970999941, 40.614227893000077 ], [ -3.537098900999979, 40.615511584000046 ], [ -3.557688458999962, 40.612239835000025 ], [ -3.563149301999943, 40.632320494000055 ], [ -3.561766554999963, 40.637459515000046 ], [ -3.556342685999937, 40.638033404000055 ], [ -3.559692032999976, 40.644786605000036 ], [ -3.559032, 40.650500499000032 ], [ -3.553377115999979, 40.652378308000038 ], [ -3.556587499999978, 40.660909999000069 ], [ -3.540084595999929, 40.661647522000067 ], [ -3.517940266999972, 40.671448981000026 ], [ -3.482638, 40.667912499000067 ], [ -3.48200056099995, 40.663148011000033 ], [ -3.487573986999962, 40.65686885100007 ], [ -3.490506, 40.625020999000071 ] ] ] } },
{ "type": "Feature", "properties": { "code": "28060", "name": "Fuentidueña de Tajo" }, "geometry": { "type": "Polygon", "coordinates": [ [ [ -3.149608499999943, 40.161495999000067 ], [ -3.141690781999955, 40.15219852000007 ], [ -3.137657753999974, 40.138738446000048 ], [ -3.129091288999973, 40.127635725000061 ], [ -3.13300404599994, 40.124220612000045 ], [ -3.130112898999926, 40.11699328900005 ], [ -3.12344730999996, 40.108604454000044 ], [ -3.108028893999972, 40.098527791000038 ], [ -3.118189, 40.061428999000043 ], [ -3.161577499999964, 40.064928499000075 ], [ -3.162671649999936, 40.080285408000066 ], [ -3.168775081999968, 40.090385382000079 ], [ -3.17785539099998, 40.091407823000054 ], [ -3.179838948999929, 40.08899453600003 ], [ -3.177957772999946, 40.086050027000056 ], [ -3.188459499999965, 40.082467999000073 ], [ -3.194548594999958, 40.086376460000054 ], [ -3.200877499999933, 40.085555499000066 ], [ -3.204305536999925, 40.113176442000054 ], [ -3.197547499999928, 40.156110499000079 ], [ -3.178869051999925, 40.158697476000043 ], [ -3.171103196999979, 40.15539070300008 ], [ -3.16040187599998, 40.155573041000025 ], [ -3.149608499999943, 40.161495999000067 ] ] ] } },
{ "type": "Feature", "properties": { "code": "28061", "name": "Galapagar" }, "geometry": { "type": "Polygon", "coordinates": [ [ [ -3.952904499999931, 40.597395499000072 ], [ -3.958817076999935, 40.575489381000068 ], [ -3.95658264399998, 40.563596608000068 ], [ -3.953078646999927, 40.558129466000025 ], [ -3.947382424999944, 40.558345200000076 ], [ -3.945165, 40.551306999000076 ], [ -3.94879044299995, 40.539285525000025 ], [ -3.939377749999949, 40.528692359000047 ], [ -3.939916, 40.508425499000055 ], [ -3.966929854999933, 40.51854449700005 ], [ -3.984425499999929, 40.51659599900006 ], [ -4.006541027999958, 40.561790748000078 ], [ -4.024080570999956, 40.573234365000076 ], [ -4.030594933999964, 40.582165469000074 ], [ -4.044395499999951, 40.583112499000038 ], [ -4.034598186999972, 40.598376332000043 ], [ -4.035100514999954, 40.607565708000038 ], [ -4.041049139999927, 40.613014467000028 ], [ -4.032668, 40.630087499000069 ], [ -4.026149353999926, 40.629548281000041 ], [ -4.025285561999965, 40.624370703000068 ], [ -4.020634970999936, 40.620031932000074 ], [ -4.005758373999925, 40.616331777000028 ], [ -3.981029580999973, 40.620149767000044 ], [ -3.97270483099993, 40.62730083200006 ], [ -3.957926, 40.63281149900007 ], [ -3.958764414999962, 40.603516127000034 ], [ -3.952904499999931, 40.597395499000072 ] ] ] } },
{ "type": "Feature", "properties": { "code": "28062", "name": "Garganta de los Montes" }, "geometry": { "type": "Polygon", "coordinates": [ [ [ -3.695648, 40.880591499000047 ], [ -3.700164196999935, 40.887918961000025 ], [ -3.715540242999964, 40.897724811000046 ], [ -3.717397344999938, 40.916507527000078 ], [ -3.724056162999943, 40.927411065000058 ], [ -3.725148, 40.934967999000037 ], [ -3.715227863999928, 40.938107125000045 ], [ -3.712515398999926, 40.94448359900008 ], [ -3.687327767999932, 40.954706153000075 ], [ -3.683929162999959, 40.962586356000031 ], [ -3.669099766999977, 40.971114681000074 ], [ -3.666678416999957, 40.976932610000063 ], [ -3.648453935999953, 40.975800162000041 ], [ -3.653416518999961, 40.960855955000056 ], [ -3.644306499999971, 40.953655999000034 ], [ -3.648131014999933, 40.937499388000049 ], [ -3.661762177999947, 40.923572200000081 ], [ -3.675175499999966, 40.892152999000075 ], [ -3.680555826999978, 40.885800532000076 ], [ -3.693832499999928, 40.880404499000065 ], [ -3.695648, 40.880591499000047 ] ] ] } },
{ "type": "Feature", "properties": { "code": "28063", "name": "Gargantilla del Lozoya y Pinilla de Buitrago" }, "geometry": { "type": "Polygon", "coordinates": [ [ [ -3.736705, 40.941645999000059 ], [ -3.73688637999993, 40.96305159700006 ], [ -3.740803562999929, 40.971512510000025 ], [ -3.738512499999956, 40.974933999000029 ], [ -3.679169499999944, 40.992053999000063 ], [ -3.665438499999937, 40.995283499000038 ], [ -3.667439062999961, 40.99072906400005 ], [ -3.656161158999964, 40.982861611000033 ], [ -3.656808499999954, 40.976309499000081 ], [ -3.666678416999957, 40.976932610000063 ], [ -3.669099766999977, 40.971114681000074 ], [ -3.683929162999959, 40.962586356000031 ], [ -3.687327767999932, 40.954706153000075 ], [ -3.712515398999926, 40.94448359900008 ], [ -3.715227863999928, 40.938107125000045 ], [ -3.725148, 40.934967999000037 ], [ -3.732662838999943, 40.936377397000058 ], [ -3.736705, 40.941645999000059 ] ] ] } },
{ "type": "Feature", "properties": { "code": "28064", "name": "Gascones" }, "geometry": { "type": "Polygon", "coordinates": [ [ [ -3.654060499999957, 41.007223499000077 ], [ -3.668101688999968, 41.013019619000033 ], [ -3.673866577999945, 41.021754903000044 ], [ -3.697832012999925, 41.04023769500003 ], [ -3.710194067999964, 41.057995024000036 ], [ -3.721268499999951, 41.064986499000042 ], [ -3.715936499999941, 41.071505499000068 ], [ -3.706040499999972, 41.076814499000079 ], [ -3.692525678999971, 41.061622644000067 ], [ -3.679740660999926, 41.054143201000045 ], [ -3.670891010999981, 41.041698008000026 ], [ -3.653474349999954, 41.032740230000059 ], [ -3.63708, 41.029013999000028 ], [ -3.63398467199994, 41.026548294000065 ], [ -3.634385, 41.020849499000064 ], [ -3.633437588999925, 41.007772653000075 ], [ -3.63620525999994, 41.002422652000064 ], [ -3.650716957999975, 41.001769922000051 ], [ -3.654060499999957, 41.007223499000077 ] ] ] } },
{ "type": "Feature", "properties": { "code": "28065", "name": "Getafe" }, "geometry": { "type": "Polygon", "coordinates": [ [ [ -3.622748, 40.266338999000027 ], [ -3.623800136999932, 40.271724986000038 ], [ -3.632935484999962, 40.280436088000044 ], [ -3.638256188999947, 40.290614159000029 ], [ -3.648114675999977, 40.292239511000048 ], [ -3.660561296999958, 40.287708932000044 ], [ -3.67483180399995, 40.276572557000065 ], [ -3.697015884999928, 40.268381446000035 ], [ -3.710657831999924, 40.267032042000039 ], [ -3.728880894999975, 40.272208548000037 ], [ -3.739373499999942, 40.270898499000054 ], [ -3.754396625999959, 40.277974909000079 ], [ -3.761582499999975, 40.294170499000074 ], [ -3.759882575999939, 40.301517537000052 ], [ -3.74065989099995, 40.325322811000035 ], [ -3.72476649999993, 40.334947499000066 ], [ -3.720446639999977, 40.329891554000028 ], [ -3.708913681999945, 40.32638554600004 ], [ -3.707436633999976, 40.32310127900007 ], [ -3.692787482999961, 40.320659943000067 ], [ -3.648761107999974, 40.332601157000056 ], [ -3.629743664999978, 40.320727704000035 ], [ -3.609254418999967, 40.314042074000042 ], [ -3.596876020999957, 40.312205577000043 ], [ -3.575967499999933, 40.314848999000048 ], [ -3.571346, 40.28708399900006 ], [ -3.59557002899993, 40.284156787000029 ], [ -3.596459189999962, 40.273558975000071 ], [ -3.622748, 40.266338999000027 ] ] ] } },
{ "type": "Feature", "properties": { "code": "28066", "name": "Griñón" }, "geometry": { "type": "Polygon", "coordinates": [ [ [ -3.851363, 40.236806999000066 ], [ -3.838593307999929, 40.229734582000049 ], [ -3.822262276999936, 40.227626629000042 ], [ -3.807444, 40.229382499000053 ], [ -3.806005, 40.224484499000027 ], [ -3.8032, 40.219963999000072 ], [ -3.806804538999927, 40.215462260000038 ], [ -3.820938, 40.205125999000074 ], [ -3.857600347999949, 40.199644316000047 ], [ -3.869081499999936, 40.201076999000065 ], [ -3.865341, 40.20378499900005 ], [ -3.866942499999936, 40.205821999000079 ], [ -3.86748149999994, 40.208204499000033 ], [ -3.873668499999951, 40.220039499000052 ], [ -3.884497, 40.232106999000052 ], [ -3.868130354999948, 40.226640987000053 ], [ -3.856704840999953, 40.236916682000071 ], [ -3.851363, 40.236806999000066 ] ] ] } },
{ "type": "Feature", "properties": { "code": "28067", "name": "Guadalix de la Sierra" }, "geometry": { "type": "Polygon", "coordinates": [ [ [ -3.659463499999958, 40.804822499000068 ], [ -3.650817, 40.801041499000064 ], [ -3.646624, 40.794655499000044 ], [ -3.638399499999935, 40.788405499000078 ], [ -3.633911499999954, 40.786074499000051 ], [ -3.631983, 40.783074499000065 ], [ -3.625649499999952, 40.781933499000047 ], [ -3.618379, 40.785412999000073 ], [ -3.610074, 40.78584999900005 ], [ -3.608405, 40.779619499000034 ], [ -3.629549366999925, 40.770310423000069 ], [ -3.63765276099997, 40.757501994000052 ], [ -3.670776209999929, 40.734896896000066 ], [ -3.675675499999954, 40.72833999900007 ], [ -3.686583299999938, 40.729741409000042 ], [ -3.705042753999976, 40.725383942000065 ], [ -3.710213499999952, 40.729264499000067 ], [ -3.723422, 40.742725499000073 ], [ -3.743451, 40.766726499000072 ], [ -3.737032499999941, 40.769242999000028 ], [ -3.740419, 40.774627499000076 ], [ -3.740862, 40.777463999000076 ], [ -3.737160499999959, 40.783315999000081 ], [ -3.732994, 40.788204499000074 ], [ -3.731339499999933, 40.788976999000056 ], [ -3.722519499999976, 40.797333999000045 ], [ -3.716864992999945, 40.794926079000049 ], [ -3.691233499999953, 40.802360499000031 ], [ -3.679929, 40.803434499000048 ], [ -3.674124, 40.802394999000057 ], [ -3.659463499999958, 40.804822499000068 ] ] ] } },
{ "type": "Feature", "properties": { "code": "28068", "name": "Guadarrama" }, "geometry": { "type": "Polygon", "coordinates": [ [ [ -4.044894499999941, 40.662484499000072 ], [ -4.047502, 40.659630999000058 ], [ -4.046755, 40.656059999000036 ], [ -4.036799, 40.647427499000059 ], [ -4.035629, 40.64550299900003 ], [ -4.030015499999934, 40.641302499000062 ], [ -4.030342, 40.63907049900007 ], [ -4.025879499999974, 40.632707999000047 ], [ -4.029506499999968, 40.629818999000065 ], [ -4.032668, 40.630087499000069 ], [ -4.031323, 40.63529999900004 ], [ -4.031466, 40.638212999000075 ], [ -4.032424, 40.639981999000042 ], [ -4.038588, 40.64509749900003 ], [ -4.049504499999955, 40.649374999000031 ], [ -4.052646, 40.652682999000035 ], [ -4.05623449999996, 40.654088999000066 ], [ -4.060133499999949, 40.653683999000066 ], [ -4.069809, 40.649745999000061 ], [ -4.094605, 40.650157999000044 ], [ -4.111115499999926, 40.654159499000059 ], [ -4.119093499999963, 40.652942999000061 ], [ -4.131131, 40.655185499000027 ], [ -4.167779, 40.647867999000027 ], [ -4.173033164999936, 40.674640276000048 ], [ -4.17051304499995, 40.681174407000071 ], [ -4.160293499999966, 40.689853499000037 ], [ -4.145705000999953, 40.695297728000071 ], [ -4.136705689999928, 40.716097741000056 ], [ -4.12553, 40.724449999000058 ], [ -4.117698236999956, 40.711733180000067 ], [ -4.107907218999969, 40.704090542000074 ], [ -4.093372439999939, 40.706352424000045 ], [ -4.082480946999965, 40.700370675000045 ], [ -4.061405499999978, 40.700178999000059 ], [ -4.053523662999964, 40.665597429000059 ], [ -4.044894499999941, 40.662484499000072 ] ] ] } },
{ "type": "Feature", "properties": { "code": "28069", "name": "Hiruela, La" }, "geometry": { "type": "Polygon", "coordinates": [ [ [ -3.475154, 41.095266999000046 ], [ -3.449732142999949, 41.081478901000025 ], [ -3.42828874099996, 41.082779300000027 ], [ -3.425390857999957, 41.073993980000068 ], [ -3.426762204999932, 41.06637601400007 ], [ -3.438935, 41.042669499000056 ], [ -3.458444, 41.050004499000067 ], [ -3.467027, 41.048042499000076 ], [ -3.466765715999941, 41.056482667000068 ], [ -3.478021853999962, 41.064718579000044 ], [ -3.485033499999929, 41.06373049900003 ], [ -3.485607, 41.068696999000053 ], [ -3.482557, 41.070594999000036 ], [ -3.479378, 41.071299999000075 ], [ -3.47925749999996, 41.076655999000025 ], [ -3.478473, 41.078598499000066 ], [ -3.482094, 41.082977499000037 ], [ -3.484005, 41.084139499000059 ], [ -3.484246, 41.086482499000056 ], [ -3.478658499999938, 41.090762999000049 ], [ -3.475154, 41.095266999000046 ] ] ] } },
{ "type": "Feature", "properties": { "code": "28070", "name": "Horcajo de la Sierra-Aoslos" }, "geometry": { "type": "Polygon", "coordinates": [ [ [ -3.564236, 41.11428199900007 ], [ -3.557489174999944, 41.105596309000077 ], [ -3.556057166999949, 41.091085253000074 ], [ -3.562564177999946, 41.07472049200004 ], [ -3.563042, 41.059011999000063 ], [ -3.585224874999938, 41.057380445000035 ], [ -3.587755, 41.044020999000054 ], [ -3.605790794999962, 41.056132699000045 ], [ -3.608915, 41.076313999000035 ], [ -3.605386221999936, 41.078696186000059 ], [ -3.606228807999969, 41.089213855000025 ], [ -3.599623, 41.096090999000069 ], [ -3.586614306999934, 41.099576039000056 ], [ -3.565855499999941, 41.113845999000034 ], [ -3.564236, 41.11428199900007 ] ] ] } },
{ "type": "Feature", "properties": { "code": "28071", "name": "Horcajuelo de la Sierra" }, "geometry": { "type": "Polygon", "coordinates": [ [ [ -3.542025499999966, 41.05037149900005 ], [ -3.550357945999963, 41.040621945000055 ], [ -3.552234002999967, 41.046271507000029 ], [ -3.558879499999932, 41.048261499000034 ], [ -3.562025671999947, 41.050962833000028 ], [ -3.563042, 41.059011999000063 ], [ -3.562564177999946, 41.07472049200004 ], [ -3.556057166999949, 41.091085253000074 ], [ -3.557489174999944, 41.105596309000077 ], [ -3.564236, 41.11428199900007 ], [ -3.561483499999952, 41.114756499000066 ], [ -3.556865, 41.117056999000056 ], [ -3.553867499999967, 41.120795999000052 ], [ -3.549458499999957, 41.124186999000074 ], [ -3.547958499999936, 41.126734499000065 ], [ -3.548416, 41.132583999000076 ], [ -3.547184499999958, 41.13469599900003 ], [ -3.528224340999941, 41.12969993400003 ], [ -3.522466148999968, 41.119960872000036 ], [ -3.524806594999973, 41.10994604800004 ], [ -3.523742630999948, 41.086284506000027 ], [ -3.539589641999953, 41.059880146000069 ], [ -3.542025499999966, 41.05037149900005 ] ] ] } },
{ "type": "Feature", "properties": { "code": "28072", "name": "Hoyo de Manzanares" }, "geometry": { "type": "Polygon", "coordinates": [ [ [ -3.879600499999981, 40.651529499000048 ], [ -3.876653499999975, 40.651011999000048 ], [ -3.87521049999998, 40.649208999000052 ], [ -3.871609, 40.647376499000075 ], [ -3.864940499999932, 40.645612499000038 ], [ -3.855321653999965, 40.632415626000068 ], [ -3.850689550999959, 40.612862110000037 ], [ -3.84532226999994, 40.610868536000055 ], [ -3.842278499999964, 40.592500499000039 ], [ -3.85639333499995, 40.58816026900007 ], [ -3.870898875999956, 40.591531188000033 ], [ -3.883525499999962, 40.585234999000079 ], [ -3.917461991999971, 40.593135183000072 ], [ -3.952904499999931, 40.597395499000072 ], [ -3.940799690999938, 40.619390118000069 ], [ -3.921435126999938, 40.637183959000026 ], [ -3.89390709099996, 40.650245057000063 ], [ -3.879600499999981, 40.651529499000048 ] ] ] } },
{ "type": "Feature", "properties": { "code": "28073", "name": "Humanes de Madrid" }, "geometry": { "type": "Polygon", "coordinates": [ [ [ -3.807444, 40.229382499000053 ], [ -3.822262276999936, 40.227626629000042 ], [ -3.838593307999929, 40.229734582000049 ], [ -3.851363, 40.236806999000066 ], [ -3.853076933999944, 40.249984874000063 ], [ -3.839302499999974, 40.27693799900004 ], [ -3.827247, 40.27741749900008 ], [ -3.81035449999996, 40.276811499000075 ], [ -3.80943, 40.270100999000078 ], [ -3.806728, 40.260727999000039 ], [ -3.802824499999929, 40.255333499000074 ], [ -3.796025499999928, 40.238846499000033 ], [ -3.801201499999934, 40.238153999000076 ], [ -3.803943, 40.233312499000078 ], [ -3.807444, 40.229382499000053 ] ] ] } },
{ "type": "Feature", "properties": { "code": "28074", "name": "Leganés" }, "geometry": { "type": "Polygon", "coordinates": [ [ [ -3.761582499999975, 40.294170499000074 ], [ -3.77431835799996, 40.293273408000061 ], [ -3.808366380999928, 40.301660019000053 ], [ -3.811894760999962, 40.305075769000041 ], [ -3.817999499999928, 40.327754999000035 ], [ -3.803025655999932, 40.340133737000031 ], [ -3.804096676999961, 40.347081954000032 ], [ -3.799462088999974, 40.352942370000051 ], [ -3.800282440999979, 40.355523026000071 ], [ -3.778956857999958, 40.36142970700007 ], [ -3.756678422999926, 40.357569478000073 ], [ -3.722012996999979, 40.36488100400004 ], [ -3.72476649999993, 40.334947499000066 ], [ -3.74065989099995, 40.325322811000035 ], [ -3.759882575999939, 40.301517537000052 ], [ -3.761582499999975, 40.294170499000074 ] ] ] } },
{ "type": "Feature", "properties": { "code": "28075", "name": "Loeches" }, "geometry": { "type": "Polygon", "coordinates": [ [ [ -3.426068499999928, 40.349675499000057 ], [ -3.436469746999933, 40.351510202000043 ], [ -3.453317, 40.343229499000074 ], [ -3.452775499999973, 40.352787499000044 ], [ -3.451115499999958, 40.354968499000051 ], [ -3.451333, 40.35775699900006 ], [ -3.454597, 40.361717499000065 ], [ -3.458331499999929, 40.372942499000033 ], [ -3.45949, 40.380189999000038 ], [ -3.46405649999997, 40.383326499000077 ], [ -3.462143, 40.384998499000062 ], [ -3.463005, 40.386992999000029 ], [ -3.465664499999946, 40.388456499000029 ], [ -3.449796001999971, 40.395380931000034 ], [ -3.441449089999935, 40.404532982000035 ], [ -3.439773499999944, 40.412515499000051 ], [ -3.432926906999967, 40.416987283000026 ], [ -3.434653725999965, 40.429733234000025 ], [ -3.423184137999954, 40.425037610000061 ], [ -3.411918, 40.425793999000064 ], [ -3.37247462299996, 40.376195977000066 ], [ -3.35255, 40.366512499000066 ], [ -3.355876499999965, 40.362216999000054 ], [ -3.378167775999941, 40.362568174000046 ], [ -3.426068499999928, 40.349675499000057 ] ] ] } },
{ "type": "Feature", "properties": { "code": "28076", "name": "Lozoya" }, "geometry": { "type": "Polygon", "coordinates": [ [ [ -3.829094, 40.986654999000052 ], [ -3.820446295999943, 40.985450613000069 ], [ -3.792657862999931, 40.994675920000077 ], [ -3.780234281999981, 41.001814148000051 ], [ -3.77108149999998, 41.012279999000043 ], [ -3.760448215999929, 41.00407085300003 ], [ -3.738512499999956, 40.974933999000029 ], [ -3.740803562999929, 40.971512510000025 ], [ -3.73688637999993, 40.96305159700006 ], [ -3.736705, 40.941645999000059 ], [ -3.774340561999963, 40.923920689000056 ], [ -3.786875499999951, 40.913229999000066 ], [ -3.828335186999936, 40.947875115000045 ], [ -3.833756677999929, 40.968439514000067 ], [ -3.844351499999959, 40.982301999000072 ], [ -3.839120499999979, 40.983869999000035 ], [ -3.835016, 40.984147499000073 ], [ -3.829094, 40.986654999000052 ] ] ] } },
{ "type": "Feature", "properties": { "code": "28078", "name": "Madarcos" }, "geometry": { "type": "Polygon", "coordinates": [ [ [ -3.563042, 41.059011999000063 ], [ -3.562025671999947, 41.050962833000028 ], [ -3.558879499999932, 41.048261499000034 ], [ -3.55514536499993, 41.035981493000065 ], [ -3.557409, 41.02907699900004 ], [ -3.560865716999956, 41.025831770000025 ], [ -3.584035506999953, 41.022525509000047 ], [ -3.580339850999962, 41.029122184000073 ], [ -3.587755, 41.044020999000054 ], [ -3.585224874999938, 41.057380445000035 ], [ -3.563042, 41.059011999000063 ] ] ] } },
{ "type": "Feature", "properties": { "code": "28079", "name": "Madrid" }, "geometry": { "type": "Polygon", "coordinates": [ [ [ -3.834001499999943, 40.396018499000036 ], [ -3.820501891999925, 40.396313009000039 ], [ -3.803272263999929, 40.392057779000027 ], [ -3.781212262999929, 40.394691554000076 ], [ -3.775105415999974, 40.402048343000047 ], [ -3.780559785999969, 40.419303613000068 ], [ -3.771326631999955, 40.429736569000056 ], [ -3.770719833999976, 40.439606103000074 ], [ -3.772460630999944, 40.443719496000028 ], [ -3.78829621899996, 40.444018160000041 ], [ -3.795646094999938, 40.457198018000042 ], [ -3.804008170999964, 40.462663710000072 ], [ -3.834193, 40.464376499000025 ], [ -3.83748258199995, 40.468232835000038 ], [ -3.833437709999941, 40.489186909000068 ], [ -3.838452229999973, 40.499277176000078 ], [ -3.837881823999965, 40.505357908000065 ], [ -3.852508872999977, 40.510743173000037 ], [ -3.854272737999963, 40.524337154000079 ], [ -3.86636460699998, 40.544440209000072 ], [ -3.875154376999944, 40.557808250000051 ], [ -3.883457655999962, 40.560906327000055 ], [ -3.88729415399996, 40.567660347000071 ], [ -3.883525499999962, 40.585234999000079 ], [ -3.870898875999956, 40.591531188000033 ], [ -3.85639333499995, 40.58816026900007 ], [ -3.842278499999964, 40.592500499000039 ], [ -3.816893079999943, 40.595055395000031 ], [ -3.808729092999954, 40.59848364700008 ], [ -3.806878901999937, 40.600885205000054 ], [ -3.810351, 40.609427499000049 ], [ -3.801464659999965, 40.605711262000057 ], [ -3.801591704999964, 40.598968977000027 ], [ -3.77574556899998, 40.601211779000039 ], [ -3.742391002999966, 40.590822180000032 ], [ -3.736213340999939, 40.586262141000077 ], [ -3.720624837999935, 40.582480733000068 ], [ -3.710553790999938, 40.583389428000032 ], [ -3.696694395999941, 40.589907132000064 ], [ -3.687145127999941, 40.606217909000065 ], [ -3.667980263999937, 40.619371771000033 ], [ -3.667817499999956, 40.629560499000036 ], [ -3.659889434999968, 40.640429554000036 ], [ -3.650763397999981, 40.641962928000055 ], [ -3.637804320999976, 40.636897717000068 ], [ -3.625674499999946, 40.616710499000078 ], [ -3.619157365999968, 40.612368410000045 ], [ -3.614883462999956, 40.601220310000031 ], [ -3.602465499999937, 40.591938936000076 ], [ -3.60696455599998, 40.584876319000045 ], [ -3.623588337999934, 40.574732975000074 ], [ -3.649449884999967, 40.57764841200003 ], [ -3.661062252999955, 40.591477673000043 ], [ -3.67398449999996, 40.588820499000065 ], [ -3.697482448999949, 40.577060680000045 ], [ -3.689170825999952, 40.56760750400008 ], [ -3.67715237799996, 40.542443970000079 ], [ -3.670314424999958, 40.534812855000041 ], [ -3.675688132999937, 40.526581523000061 ], [ -3.66663134099997, 40.523809551000056 ], [ -3.658102808999956, 40.512689741000031 ], [ -3.642050337999933, 40.507779242000026 ], [ -3.614893346999963, 40.510266107000064 ], [ -3.599126557999966, 40.501364288000048 ], [ -3.572027073999948, 40.511934258000053 ], [ -3.554102, 40.511297999000078 ], [ -3.553954268999973, 40.502190318000032 ], [ -3.542309, 40.49378743300008 ], [ -3.530682499999955, 40.471243499000025 ], [ -3.525565572999938, 40.468059964000076 ], [ -3.528554253999971, 40.461658026000066 ], [ -3.527520033999963, 40.455785172000049 ], [ -3.533481022999979, 40.452302673000077 ], [ -3.530990499999973, 40.446835999000029 ], [ -3.574527686999943, 40.436732154000026 ], [ -3.577861015999929, 40.433088886000064 ], [ -3.575998476999928, 40.424414014000035 ], [ -3.578708736999943, 40.417177319000075 ], [ -3.573378626999954, 40.412233195000056 ], [ -3.540549898999927, 40.410874050000075 ], [ -3.531161992999955, 40.415085462000036 ], [ -3.531032, 40.420047499000077 ], [ -3.519758, 40.409889999000029 ], [ -3.520634899999948, 40.392732265000063 ], [ -3.527966394999964, 40.389915852000058 ], [ -3.54234267399994, 40.391812315000038 ], [ -3.548503545999949, 40.380747167000038 ], [ -3.554112772999929, 40.355358513000056 ], [ -3.582879495999975, 40.324738571000069 ], [ -3.58349312699994, 40.316749332000029 ], [ -3.575967499999933, 40.314848999000048 ], [ -3.596876020999957, 40.312205577000043 ], [ -3.609254418999967, 40.314042074000042 ], [ -3.629743664999978, 40.320727704000035 ], [ -3.648761107999974, 40.332601157000056 ], [ -3.692787482999961, 40.320659943000067 ], [ -3.707436633999976, 40.32310127900007 ], [ -3.708913681999945, 40.32638554600004 ], [ -3.720446639999977, 40.329891554000028 ], [ -3.72476649999993, 40.334947499000066 ], [ -3.722012996999979, 40.36488100400004 ], [ -3.756678422999926, 40.357569478000073 ], [ -3.778956857999958, 40.36142970700007 ], [ -3.787605, 40.35865749900006 ], [ -3.810576057999981, 40.365015345000074 ], [ -3.834001499999943, 40.396018499000036 ] ] ] } },
{ "type": "Feature", "properties": { "code": "28080", "name": "Majadahonda" }, "geometry": { "type": "Polygon", "coordinates": [ [ [ -3.944697, 40.454815499000063 ], [ -3.937379448999934, 40.46800214600006 ], [ -3.936828499999933, 40.484444999000061 ], [ -3.933272, 40.499661499000069 ], [ -3.911084350999943, 40.500997362000078 ], [ -3.90461888699997, 40.49474062400003 ], [ -3.889279650999981, 40.487089125000068 ], [ -3.836566, 40.475082499000052 ], [ -3.83748258199995, 40.468232835000038 ], [ -3.834193, 40.464376499000025 ], [ -3.846457123999926, 40.457170495000071 ], [ -3.849340475999952, 40.44584980500008 ], [ -3.862969, 40.444042499000034 ], [ -3.88197990599997, 40.445567775000029 ], [ -3.898412951999944, 40.455519277000064 ], [ -3.904084440999952, 40.452002508000078 ], [ -3.909146822999958, 40.443745342000057 ], [ -3.922896302999959, 40.442158322000068 ], [ -3.944697, 40.454815499000063 ] ] ] } },
{ "type": "Feature", "properties": { "code": "28082", "name": "Manzanares el Real" }, "geometry": { "type": "MultiPolygon", "coordinates": [ [ [ [ -3.905824, 40.68217099900005 ], [ -3.912884, 40.687493999000026 ], [ -3.904394559999957, 40.697518830000035 ], [ -3.892408511999975, 40.704978993000054 ], [ -3.893658936999941, 40.714171404000069 ], [ -3.906089777999966, 40.736941355000056 ], [ -3.94314471499996, 40.756009820000031 ], [ -3.952351705999945, 40.763376980000032 ], [ -3.968444, 40.767066499000066 ], [ -3.972617, 40.770474999000044 ], [ -3.972337, 40.774765499000068 ], [ -3.971359, 40.776847499000041 ], [ -3.973951499999941, 40.77899749900007 ], [ -3.975664499999937, 40.78391349900005 ], [ -3.979516499999932, 40.784510499000078 ], [ -3.97796, 40.787373999000067 ], [ -3.959522012999969, 40.79442471200008 ], [ -3.939997280999933, 40.795879870000078 ], [ -3.930393729999935, 40.800170267000055 ], [ -3.916141324999955, 40.800255929000059 ], [ -3.885940547999951, 40.807050129000061 ], [ -3.879861207999966, 40.806121144000031 ], [ -3.862363613999946, 40.814231732000053 ], [ -3.837994499999979, 40.812174499000037 ], [ -3.829915605999929, 40.791481869000052 ], [ -3.818752310999969, 40.741008664000049 ], [ -3.814293026999962, 40.737295520000032 ], [ -3.800428499999953, 40.711129999000036 ], [ -3.815355961999956, 40.702731786000072 ], [ -3.829894, 40.680661499000053 ], [ -3.84170839899997, 40.686489934000065 ], [ -3.861672658999964, 40.68586490000007 ], [ -3.873735, 40.681047999000043 ], [ -3.903543499999955, 40.680511999000032 ], [ -3.905824, 40.68217099900005 ] ] ], [ [ [ -3.919246499999929, 40.648578499000052 ], [ -3.927519, 40.651835499000072 ], [ -3.927105499999925, 40.654371999000034 ], [ -3.928686499999969, 40.65714299900003 ], [ -3.916866976999927, 40.659524039000075 ], [ -3.915725348999956, 40.655864122000025 ], [ -3.919246499999929, 40.648578499000052 ] ] ], [ [ [ -3.949674499999958, 40.716916999000034 ], [ -3.951054, 40.721912499000041 ], [ -3.939457437999977, 40.726453999000057 ], [ -3.934867641999972, 40.724901270000032 ], [ -3.935553798999933, 40.718045964000055 ], [ -3.940565, 40.712508999000079 ], [ -3.944064759999947, 40.716137606000075 ], [ -3.949674499999958, 40.716916999000034 ] ] ] ] } },
{ "type": "Feature", "properties": { "code": "28083", "name": "Meco" }, "geometry": { "type": "Polygon", "coordinates": [ [ [ -3.338213499999938, 40.596787999000071 ], [ -3.330716499999937, 40.600920999000039 ], [ -3.32829122499993, 40.595151472000055 ], [ -3.31343346999995, 40.582388756000057 ], [ -3.286960499999964, 40.572354499000028 ], [ -3.284299671999975, 40.563363245000062 ], [ -3.287298392999958, 40.558655162000036 ], [ -3.284053184999948, 40.549899024000069 ], [ -3.296023856999966, 40.537924254000075 ], [ -3.289849499999946, 40.531749999000056 ], [ -3.295826085999977, 40.528766872000062 ], [ -3.303930865999973, 40.532572143000039 ], [ -3.322333113999946, 40.521904923000079 ], [ -3.338673854999968, 40.52967357700004 ], [ -3.349881499999981, 40.531595499000048 ], [ -3.362204966999968, 40.562474307000059 ], [ -3.34275503799995, 40.578325580000069 ], [ -3.345712128999935, 40.582167610000056 ], [ -3.337022590999936, 40.59296295300004 ], [ -3.338213499999938, 40.596787999000071 ] ] ] } },
{ "type": "Feature", "properties": { "code": "28084", "name": "Mejorada del Campo" }, "geometry": { "type": "Polygon", "coordinates": [ [ [ -3.465664499999946, 40.388456499000029 ], [ -3.476146821999976, 40.381473063000044 ], [ -3.500135, 40.377930499000058 ], [ -3.50454719499993, 40.382582205000062 ], [ -3.501436482999964, 40.385388325000065 ], [ -3.502672691999976, 40.391526818000045 ], [ -3.50840360199993, 40.396378656000024 ], [ -3.501929491999931, 40.404727927000067 ], [ -3.503014, 40.407223999000053 ], [ -3.492695811999965, 40.412187257000028 ], [ -3.451030358999958, 40.421413985000072 ], [ -3.442839923999941, 40.41866015100004 ], [ -3.439773499999944, 40.412515499000051 ], [ -3.441449089999935, 40.404532982000035 ], [ -3.449796001999971, 40.395380931000034 ], [ -3.465664499999946, 40.388456499000029 ] ] ] } },
{ "type": "Feature", "properties": { "code": "28085", "name": "Miraflores de la Sierra" }, "geometry": { "type": "Polygon", "coordinates": [ [ [ -3.789247, 40.846488499000031 ], [ -3.773663587999977, 40.826441827000053 ], [ -3.757700683999929, 40.819639444000074 ], [ -3.742951481999967, 40.805830696000044 ], [ -3.734497463999958, 40.804385492000051 ], [ -3.722519499999976, 40.797333999000045 ], [ -3.731339499999933, 40.788976999000056 ], [ -3.732994, 40.788204499000074 ], [ -3.737160499999959, 40.783315999000081 ], [ -3.740862, 40.777463999000076 ], [ -3.740419, 40.774627499000076 ], [ -3.737032499999941, 40.769242999000028 ], [ -3.743451, 40.766726499000072 ], [ -3.723422, 40.742725499000073 ], [ -3.710213499999952, 40.729264499000067 ], [ -3.712985499999945, 40.728479499000059 ], [ -3.724176, 40.729913499000077 ], [ -3.726870499999961, 40.731142499000043 ], [ -3.731097, 40.730284999000048 ], [ -3.733447, 40.730876499000033 ], [ -3.73998839799998, 40.745595280000032 ], [ -3.759137239999973, 40.760611011000037 ], [ -3.808100126999932, 40.776295807000054 ], [ -3.814125442999966, 40.784959726000068 ], [ -3.815820151999958, 40.795104252000044 ], [ -3.826727920999929, 40.80568413900005 ], [ -3.829196, 40.813509999000075 ], [ -3.828891246999945, 40.831439089000071 ], [ -3.808706530999928, 40.846867659000054 ], [ -3.798085499999956, 40.848960499000043 ], [ -3.796022499999935, 40.846664999000041 ], [ -3.789247, 40.846488499000031 ] ] ] } },
{ "type": "Feature", "properties": { "code": "28086", "name": "Molar, El" }, "geometry": { "type": "Polygon", "coordinates": [ [ [ -3.593525499999942, 40.654762499000071 ], [ -3.60463942399997, 40.67912104800007 ], [ -3.600829784999974, 40.695325069000035 ], [ -3.602461944999959, 40.708632535000049 ], [ -3.60739, 40.714327999000034 ], [ -3.605027991999975, 40.720083009000064 ], [ -3.591973330999963, 40.728405627000029 ], [ -3.593674, 40.750514999000075 ], [ -3.57611142199994, 40.749086540000064 ], [ -3.543811, 40.734993999000039 ], [ -3.525718, 40.732492499000045 ], [ -3.528711104999957, 40.713925870000025 ], [ -3.543405695999979, 40.697497553000062 ], [ -3.545252932999972, 40.691374438000025 ], [ -3.551399678999928, 40.689640137000026 ], [ -3.554241632999947, 40.685478042000057 ], [ -3.556587499999978, 40.660909999000069 ], [ -3.553377115999979, 40.652378308000038 ], [ -3.559032, 40.650500499000032 ], [ -3.565461453999944, 40.649756164000053 ], [ -3.568918378999967, 40.644202075000067 ], [ -3.582722742999977, 40.645472742000038 ], [ -3.586018821999971, 40.654002490000039 ], [ -3.593525499999942, 40.654762499000071 ] ] ] } },
{ "type": "Feature", "properties": { "code": "28087", "name": "Molinos, Los" }, "geometry": { "type": "Polygon", "coordinates": [ [ [ -4.061405499999978, 40.700178999000059 ], [ -4.082480946999965, 40.700370675000045 ], [ -4.093372439999939, 40.706352424000045 ], [ -4.107907218999969, 40.704090542000074 ], [ -4.117698236999956, 40.711733180000067 ], [ -4.12553, 40.724449999000058 ], [ -4.123380467999937, 40.731441782000047 ], [ -4.111777678999943, 40.742612174000044 ], [ -4.096829499999956, 40.747694499000033 ], [ -4.062369601999933, 40.717202400000076 ], [ -4.050277499999936, 40.714601499000025 ], [ -4.061405499999978, 40.700178999000059 ] ] ] } },
{ "type": "Feature", "properties": { "code": "28088", "name": "Montejo de la Sierra" }, "geometry": { "type": "Polygon", "coordinates": [ [ [ -3.547184499999958, 41.13469599900003 ], [ -3.547781499999928, 41.138706999000078 ], [ -3.544755, 41.142160499000056 ], [ -3.54411749999997, 41.145891999000071 ], [ -3.541098, 41.149666999000033 ], [ -3.533358200999942, 41.14674360500004 ], [ -3.526646632999928, 41.139701014000025 ], [ -3.510100054999953, 41.136379877000024 ], [ -3.495422617999964, 41.115297104000035 ], [ -3.488045080999939, 41.094977302000075 ], [ -3.475154, 41.095266999000046 ], [ -3.478658499999938, 41.090762999000049 ], [ -3.484246, 41.086482499000056 ], [ -3.484005, 41.084139499000059 ], [ -3.482094, 41.082977499000037 ], [ -3.478473, 41.078598499000066 ], [ -3.47925749999996, 41.076655999000025 ], [ -3.479378, 41.071299999000075 ], [ -3.482557, 41.070594999000036 ], [ -3.485607, 41.068696999000053 ], [ -3.485033499999929, 41.06373049900003 ], [ -3.492528719999939, 41.057026240000027 ], [ -3.502611921999971, 41.055998716000033 ], [ -3.511393925999926, 41.051355815000079 ], [ -3.542025499999966, 41.05037149900005 ], [ -3.539589641999953, 41.059880146000069 ], [ -3.523742630999948, 41.086284506000027 ], [ -3.524806594999973, 41.10994604800004 ], [ -3.522466148999968, 41.119960872000036 ], [ -3.528224340999941, 41.12969993400003 ], [ -3.547184499999958, 41.13469599900003 ] ] ] } },
{ "type": "Feature", "properties": { "code": "28089", "name": "Moraleja de Enmedio" }, "geometry": { "type": "Polygon", "coordinates": [ [ [ -3.839302499999974, 40.27693799900004 ], [ -3.853076933999944, 40.249984874000063 ], [ -3.851363, 40.236806999000066 ], [ -3.856704840999953, 40.236916682000071 ], [ -3.868130354999948, 40.226640987000053 ], [ -3.884497, 40.232106999000052 ], [ -3.904107, 40.234726999000031 ], [ -3.915007669999966, 40.24369009600008 ], [ -3.936933499999952, 40.24967999900008 ], [ -3.938999745999979, 40.257760872000063 ], [ -3.943223, 40.261847999000054 ], [ -3.930120380999938, 40.256796740000027 ], [ -3.917263742999978, 40.260264021000069 ], [ -3.910674185999937, 40.257386483000062 ], [ -3.903048927999976, 40.261230515000079 ], [ -3.887456457999974, 40.276017232000072 ], [ -3.884284638999929, 40.28328683400008 ], [ -3.876842499999952, 40.288258499000051 ], [ -3.840953, 40.285709499000063 ], [ -3.839302499999974, 40.27693799900004 ] ] ] } },
{ "type": "Feature", "properties": { "code": "28090", "name": "Moralzarzal" }, "geometry": { "type": "MultiPolygon", "coordinates": [ [ [ [ -3.919246499999929, 40.648578499000052 ], [ -3.905426663999947, 40.653523146000055 ], [ -3.905782611999939, 40.666152775000057 ], [ -3.902063964999968, 40.669575862000045 ], [ -3.89341649499994, 40.667925255000057 ], [ -3.873661499999969, 40.65721299900008 ], [ -3.875212, 40.653045499000029 ], [ -3.879600499999981, 40.651529499000048 ], [ -3.89390709099996, 40.650245057000063 ], [ -3.921435126999938, 40.637183959000026 ], [ -3.940799690999938, 40.619390118000069 ], [ -3.952904499999931, 40.597395499000072 ], [ -3.958764414999962, 40.603516127000034 ], [ -3.957926, 40.63281149900007 ], [ -3.947051097999974, 40.644472221000058 ], [ -3.949325106999936, 40.656147424000039 ], [ -3.992054287999963, 40.666885623000042 ], [ -3.99733649999996, 40.690383499000063 ], [ -3.988903371999925, 40.695283302000064 ], [ -3.980517538999948, 40.705669854000064 ], [ -3.970317589999979, 40.704455702000075 ], [ -3.960680257999968, 40.70717419600004 ], [ -3.949674499999958, 40.716916999000034 ], [ -3.944064759999947, 40.716137606000075 ], [ -3.940565, 40.712508999000079 ], [ -3.952007583999944, 40.700440526000079 ], [ -3.951647479999963, 40.69259418300004 ], [ -3.945092703999933, 40.686845551000033 ], [ -3.924177499999928, 40.677455499000075 ], [ -3.919649615999958, 40.67759256100004 ], [ -3.908732499999928, 40.684421499000052 ], [ -3.905824, 40.68217099900005 ], [ -3.919075, 40.672802499000056 ], [ -3.917513905999954, 40.664496486000075 ], [ -3.927958980999961, 40.663391359000059 ], [ -3.928686499999969, 40.65714299900003 ], [ -3.927105499999925, 40.654371999000034 ], [ -3.927519, 40.651835499000072 ], [ -3.919246499999929, 40.648578499000052 ] ] ], [ [ [ -3.906430499999942, 40.673138499000061 ], [ -3.907266, 40.67760049900005 ], [ -3.903732970999954, 40.678529634000029 ], [ -3.902529743999935, 40.677062833000036 ], [ -3.903004539999927, 40.674558775000037 ], [ -3.906430499999942, 40.673138499000061 ] ] ] ] } },
{ "type": "Feature", "properties": { "code": "28091", "name": "Morata de Tajuña" }, "geometry": { "type": "Polygon", "coordinates": [ [ [ -3.482522, 40.256844499000067 ], [ -3.438270751999937, 40.258023589000061 ], [ -3.418568499999935, 40.25388349900004 ], [ -3.410756548999927, 40.25100528300004 ], [ -3.401038027999959, 40.240516803000048 ], [ -3.394351499999971, 40.218982999000048 ], [ -3.404445641999928, 40.208065630000078 ], [ -3.419594639999957, 40.201247243000068 ], [ -3.422875, 40.196900999000036 ], [ -3.428240198999958, 40.201035698000055 ], [ -3.451075207999963, 40.202206535000073 ], [ -3.452518051999959, 40.209133443000042 ], [ -3.459953774999974, 40.212377736000064 ], [ -3.498139499999979, 40.216933999000048 ], [ -3.505089863999956, 40.237595962000057 ], [ -3.500257053999974, 40.246126415000049 ], [ -3.501933616999963, 40.252471076000063 ], [ -3.499524316999953, 40.254989719000037 ], [ -3.492404740999973, 40.251740054000038 ], [ -3.482522, 40.256844499000067 ] ] ] } },
{ "type": "Feature", "properties": { "code": "28092", "name": "Móstoles" }, "geometry": { "type": "MultiPolygon", "coordinates": [ [ [ [ -3.840953, 40.285709499000063 ], [ -3.876842499999952, 40.288258499000051 ], [ -3.887240290999955, 40.292476678000071 ], [ -3.892325567999933, 40.30114756100005 ], [ -3.898494375999974, 40.304365521000079 ], [ -3.904693046999967, 40.303551078000055 ], [ -3.914199071999974, 40.293968621000033 ], [ -3.92018143699994, 40.302404452000076 ], [ -3.941599499999938, 40.297141499000077 ], [ -3.941347, 40.300125499000046 ], [ -3.944331324999951, 40.322917328000074 ], [ -3.934245039999951, 40.331132435000029 ], [ -3.932844392999925, 40.33777350400004 ], [ -3.917583221999962, 40.339496108000048 ], [ -3.882600539999942, 40.353405756000029 ], [ -3.870763499999953, 40.353079499000046 ], [ -3.859548951999955, 40.343062588000066 ], [ -3.858944591999943, 40.335081259000049 ], [ -3.853918380999971, 40.333024440000031 ], [ -3.843211834999977, 40.317137202000026 ], [ -3.843639551999956, 40.293823756000052 ], [ -3.840953, 40.285709499000063 ] ] ], [ [ [ -3.934891027999925, 40.293288444000041 ], [ -3.925892795999971, 40.296560115000034 ], [ -3.916572488999975, 40.290468040000064 ], [ -3.922414445999948, 40.288991687000077 ], [ -3.934891027999925, 40.293288444000041 ] ] ] ] } },
{ "type": "Feature", "properties": { "code": "28093", "name": "Navacerrada" }, "geometry": { "type": "MultiPolygon", "coordinates": [ [ [ [ -4.040307499999926, 40.71862199900005 ], [ -4.036892689999945, 40.729727099000058 ], [ -4.031719817999942, 40.73542242700006 ], [ -4.035580849999974, 40.741540769000039 ], [ -4.034286499999951, 40.749239499000055 ], [ -4.017891741999961, 40.752584643000034 ], [ -4.007300419999979, 40.75892478600008 ], [ -3.996113142999945, 40.780603641000027 ], [ -3.997303079999938, 40.78594836700006 ], [ -4.002694499999961, 40.78860449900003 ], [ -3.989591, 40.785426999000038 ], [ -3.984068, 40.785902999000029 ], [ -3.975664499999937, 40.78391349900005 ], [ -3.973951499999941, 40.77899749900007 ], [ -3.971359, 40.776847499000041 ], [ -3.972337, 40.774765499000068 ], [ -3.972617, 40.770474999000044 ], [ -3.968444, 40.767066499000066 ], [ -3.978620519999936, 40.759564727000054 ], [ -3.983890911999936, 40.739402936000033 ], [ -4.001768127999981, 40.717727252000032 ], [ -4.004696499999966, 40.710483999000076 ], [ -4.010558499999945, 40.713036999000053 ], [ -4.028067, 40.717896499000062 ], [ -4.036182, 40.717212499000027 ], [ -4.040307499999926, 40.71862199900005 ] ] ], [ [ [ -4.007493, 40.787862999000026 ], [ -4.009927499999947, 40.784833499000058 ], [ -4.007164, 40.781084499000031 ], [ -4.006940499999928, 40.778748499000073 ], [ -4.012782, 40.770030499000029 ], [ -4.015824499999951, 40.767610999000055 ], [ -4.020365, 40.761971499000026 ], [ -4.023978, 40.761076499000069 ], [ -4.030698, 40.762090499000067 ], [ -4.023148798999955, 40.772666315000038 ], [ -4.023503648999963, 40.779210439000053 ], [ -4.021157499999958, 40.781146999000043 ], [ -4.012355, 40.784303499000032 ], [ -4.007493, 40.787862999000026 ] ] ] ] } },
{ "type": "Feature", "properties": { "code": "28094", "name": "Navalafuente" }, "geometry": { "type": "Polygon", "coordinates": [ [ [ -3.652802, 40.833467499000051 ], [ -3.654509799999971, 40.811687032000066 ], [ -3.659463499999958, 40.804822499000068 ], [ -3.674124, 40.802394999000057 ], [ -3.683881, 40.803356999000073 ], [ -3.691233499999953, 40.802360499000031 ], [ -3.701278, 40.799765499000046 ], [ -3.700536392999936, 40.823770153000055 ], [ -3.670975, 40.833432499000025 ], [ -3.660960499999931, 40.832487499000081 ], [ -3.652802, 40.833467499000051 ] ] ] } },
{ "type": "Feature", "properties": { "code": "28095", "name": "Navalagamella" }, "geometry": { "type": "Polygon", "coordinates": [ [ [ -4.11286, 40.402443499000071 ], [ -4.112748476999968, 40.388963644000057 ], [ -4.120098061999954, 40.379255687000068 ], [ -4.146785, 40.36465799900003 ], [ -4.162792828999955, 40.395103602000063 ], [ -4.155501293999976, 40.412349260000042 ], [ -4.160184763999951, 40.41667330000007 ], [ -4.158989896999969, 40.421656232000032 ], [ -4.163214251999932, 40.425667281000074 ], [ -4.163067274999946, 40.429743059000032 ], [ -4.169701, 40.43683949900003 ], [ -4.176446891999944, 40.449585514000034 ], [ -4.174898974999962, 40.458652887000028 ], [ -4.162248930999965, 40.467696584000066 ], [ -4.151140389999966, 40.494548125000051 ], [ -4.141065499999968, 40.506186999000079 ], [ -4.13218349999994, 40.518631499000037 ], [ -4.127723, 40.522380999000063 ], [ -4.122502603999976, 40.509807202000047 ], [ -4.124272323999946, 40.504591251000079 ], [ -4.119097236999949, 40.498927285000036 ], [ -4.118418577999932, 40.491575794000028 ], [ -4.109847154999954, 40.48629068300005 ], [ -4.110181918999956, 40.481432294000058 ], [ -4.104914617999952, 40.477703376000079 ], [ -4.104487091999943, 40.471460052000054 ], [ -4.095271079999975, 40.464806951000071 ], [ -4.095235800999944, 40.457844976000047 ], [ -4.090703832999964, 40.448882402000038 ], [ -4.078324, 40.441126999000062 ], [ -4.07199865399997, 40.42371303300007 ], [ -4.104159286999959, 40.411747568000067 ], [ -4.11286, 40.402443499000071 ] ] ] } },
{ "type": "Feature", "properties": { "code": "28096", "name": "Navalcarnero" }, "geometry": { "type": "Polygon", "coordinates": [ [ [ -3.946379, 40.224597999000025 ], [ -3.961345732999973, 40.229807508000079 ], [ -3.967934555999932, 40.236361930000044 ], [ -3.972144931999935, 40.249225224000043 ], [ -3.975707390999958, 40.251825545000031 ], [ -4.002787315999967, 40.255983864000029 ], [ -4.02386249999995, 40.248930999000038 ], [ -4.025796499999956, 40.249544499000081 ], [ -4.04170449999998, 40.249671499000044 ], [ -4.051920499999937, 40.251490999000055 ], [ -4.05686, 40.253910999000027 ], [ -4.062372499999981, 40.257696499000076 ], [ -4.066054, 40.261483499000065 ], [ -4.072728499999926, 40.265413499000033 ], [ -4.075209499999971, 40.265169999000079 ], [ -4.080290499999933, 40.266901499000028 ], [ -4.087295225999981, 40.284390507000069 ], [ -4.08666466699998, 40.29748440000003 ], [ -4.081067788999974, 40.316845215000058 ], [ -4.069940499999973, 40.335027499000034 ], [ -4.02609780399996, 40.333330481000075 ], [ -4.006226499999968, 40.339348999000038 ], [ -4.001732229999959, 40.333174887000041 ], [ -3.971430101999943, 40.320862086000034 ], [ -3.956571009999948, 40.304833637000058 ], [ -3.941347, 40.300125499000046 ], [ -3.942309542999965, 40.284231185000067 ], [ -3.94821849899995, 40.272991602000047 ], [ -3.947131880999962, 40.263292953000075 ], [ -3.943223, 40.261847999000054 ], [ -3.938999745999979, 40.257760872000063 ], [ -3.936933499999952, 40.24967999900008 ], [ -3.951213717999963, 40.250276143000065 ], [ -3.951303751999944, 40.240160576000051 ], [ -3.946379, 40.224597999000025 ] ] ] } },
{ "type": "Feature", "properties": { "code": "28097", "name": "Navarredonda y San Mamés" }, "geometry": { "type": "Polygon", "coordinates": [ [ [ -3.738512499999956, 40.974933999000029 ], [ -3.760448215999929, 41.00407085300003 ], [ -3.77108149999998, 41.012279999000043 ], [ -3.767141, 41.015930999000034 ], [ -3.765763, 41.020783499000061 ], [ -3.75889449999994, 41.027025499000047 ], [ -3.755389499999978, 41.027885499000035 ], [ -3.753098, 41.031615499000054 ], [ -3.748098, 41.036627499000076 ], [ -3.71274159099994, 41.026427541000032 ], [ -3.679169499999944, 40.992053999000063 ], [ -3.738512499999956, 40.974933999000029 ] ] ] } },
{ "type": "Feature", "properties": { "code": "28099", "name": "Navas del Rey" }, "geometry": { "type": "Polygon", "coordinates": [ [ [ -4.231412499999976, 40.334044999000071 ], [ -4.236260499999958, 40.326458499000069 ], [ -4.247526213999947, 40.330513588000031 ], [ -4.251228872999945, 40.335759518000032 ], [ -4.280747781999935, 40.351293677000058 ], [ -4.284560204999934, 40.356984014000034 ], [ -4.303311802999929, 40.367600478000043 ], [ -4.297937397999931, 40.375806890000035 ], [ -4.304966259999958, 40.384421699000029 ], [ -4.303094466999937, 40.400226506000081 ], [ -4.317568754999968, 40.401289166000026 ], [ -4.321712864999938, 40.405874093000079 ], [ -4.320921, 40.410267999000041 ], [ -4.325455509999927, 40.41444253700007 ], [ -4.323835499999973, 40.41826099900004 ], [ -4.297315787999935, 40.425602194000078 ], [ -4.273053798999968, 40.428415807000079 ], [ -4.263030073999971, 40.423784728000044 ], [ -4.260676322999927, 40.415730972000063 ], [ -4.246963992999952, 40.397083434000081 ], [ -4.235385, 40.393246499000043 ], [ -4.22807828599997, 40.387329823000073 ], [ -4.236963018999973, 40.365375573000051 ], [ -4.232505852999964, 40.354039323000052 ], [ -4.231412499999976, 40.334044999000071 ] ] ] } },
{ "type": "Feature", "properties": { "code": "28100", "name": "Nuevo Baztán" }, "geometry": { "type": "Polygon", "coordinates": [ [ [ -3.278415499999937, 40.394379499000024 ], [ -3.271167, 40.398288499000046 ], [ -3.256825, 40.392997999000045 ], [ -3.22693049999998, 40.401814499000068 ], [ -3.219166499999972, 40.403016999000045 ], [ -3.228316564999943, 40.392096232000029 ], [ -3.227182, 40.385409499000048 ], [ -3.233788499999946, 40.358306999000035 ], [ -3.25121108999997, 40.350840191000032 ], [ -3.278347499999938, 40.346150499000032 ], [ -3.27116435399995, 40.36019833000006 ], [ -3.278179269999953, 40.374522618000071 ], [ -3.273589499999957, 40.380486499000028 ], [ -3.278415499999937, 40.394379499000024 ] ] ] } },
{ "type": "Feature", "properties": { "code": "28101", "name": "Olmeda de las Fuentes" }, "geometry": { "type": "Polygon", "coordinates": [ [ [ -3.233788499999946, 40.358306999000035 ], [ -3.227182, 40.385409499000048 ], [ -3.202601327999957, 40.390872381000065 ], [ -3.182665128999929, 40.374975310000025 ], [ -3.176669, 40.374135499000033 ], [ -3.17753978099995, 40.360568387000058 ], [ -3.196230922999973, 40.352143496000053 ], [ -3.204387, 40.343990999000027 ], [ -3.233788499999946, 40.358306999000035 ] ] ] } },
{ "type": "Feature", "properties": { "code": "28102", "name": "Orusco de Tajuña" }, "geometry": { "type": "Polygon", "coordinates": [ [ [ -3.216112499999952, 40.312850999000034 ], [ -3.211863, 40.310301999000046 ], [ -3.207501, 40.306214499000077 ], [ -3.181536, 40.304246499000044 ], [ -3.18005549999998, 40.302028999000072 ], [ -3.180957569999975, 40.289909046000048 ], [ -3.186367623999956, 40.278346249000037 ], [ -3.184860114999935, 40.269025873000032 ], [ -3.191995491999933, 40.260194738000052 ], [ -3.197051, 40.257515999000077 ], [ -3.206842295999934, 40.263237119000053 ], [ -3.251979499999948, 40.30344799900007 ], [ -3.249906499999952, 40.306060499000068 ], [ -3.240241499999968, 40.310039499000027 ], [ -3.225751, 40.314581499000042 ], [ -3.222709499999951, 40.313451499000053 ], [ -3.216112499999952, 40.312850999000034 ] ] ] } },
{ "type": "Feature", "properties": { "code": "28104", "name": "Paracuellos de Jarama" }, "geometry": { "type": "Polygon", "coordinates": [ [ [ -3.512059499999964, 40.538598499000045 ], [ -3.479452499999979, 40.494585999000037 ], [ -3.476311, 40.487887999000066 ], [ -3.488644, 40.47996099900007 ], [ -3.499345499999947, 40.471786499000075 ], [ -3.512513, 40.468698499000027 ], [ -3.528403, 40.472265499000059 ], [ -3.530682499999955, 40.471243499000025 ], [ -3.542309, 40.49378743300008 ], [ -3.553954268999973, 40.502190318000032 ], [ -3.554102, 40.511297999000078 ], [ -3.551431398999966, 40.522735571000055 ], [ -3.555973043999927, 40.52919120100006 ], [ -3.548694027999943, 40.535578397000052 ], [ -3.548895271999925, 40.539667007000048 ], [ -3.556284710999932, 40.542384766000055 ], [ -3.565051939999933, 40.554387743000063 ], [ -3.558849873999975, 40.565688837000039 ], [ -3.561963658999957, 40.570801932000052 ], [ -3.555631638999955, 40.575218179000046 ], [ -3.543898499999955, 40.569743999000025 ], [ -3.546178852999958, 40.563289085000065 ], [ -3.529134817999932, 40.553966487000025 ], [ -3.512059499999964, 40.538598499000045 ] ] ] } },
{ "type": "Feature", "properties": { "code": "28106", "name": "Parla" }, "geometry": { "type": "Polygon", "coordinates": [ [ [ -3.733285, 40.211026999000069 ], [ -3.744476868999925, 40.201795454000035 ], [ -3.755270902999939, 40.209725437000031 ], [ -3.762414067999941, 40.207304244000056 ], [ -3.779730499999971, 40.209447999000076 ], [ -3.790149261999943, 40.21747479000004 ], [ -3.790877330999933, 40.221714896000037 ], [ -3.798718210999937, 40.222470809000072 ], [ -3.8032, 40.219963999000072 ], [ -3.806005, 40.224484499000027 ], [ -3.807444, 40.229382499000053 ], [ -3.803943, 40.233312499000078 ], [ -3.801201499999934, 40.238153999000076 ], [ -3.796025499999928, 40.238846499000033 ], [ -3.800805, 40.250204999000061 ], [ -3.774768815999948, 40.250389429000052 ], [ -3.761896492999938, 40.25533682400004 ], [ -3.754527374999952, 40.250985510000078 ], [ -3.741014499999949, 40.254239999000049 ], [ -3.736618006999947, 40.252352165000048 ], [ -3.738029243999961, 40.21656245500003 ], [ -3.733285, 40.211026999000069 ] ] ] } },
{ "type": "Feature", "properties": { "code": "28107", "name": "Patones" }, "geometry": { "type": "Polygon", "coordinates": [ [ [ -3.517665499999964, 40.904885999000044 ], [ -3.516171369999938, 40.907996553000032 ], [ -3.49694756699995, 40.904401884000038 ], [ -3.496913499999948, 40.90976899900005 ], [ -3.482540570999959, 40.909489245000032 ], [ -3.480058256999939, 40.912178011000037 ], [ -3.475898548999965, 40.910371430000055 ], [ -3.465438335999977, 40.91817913400007 ], [ -3.462000726999975, 40.914365384000064 ], [ -3.451135, 40.912822499000072 ], [ -3.445941576999928, 40.909841577000066 ], [ -3.44582386299993, 40.906725340000037 ], [ -3.458531078999954, 40.907411259000071 ], [ -3.459487266999929, 40.899644035000051 ], [ -3.442423024999925, 40.893082177000053 ], [ -3.440876214999946, 40.890205265000077 ], [ -3.443759628999942, 40.886078078000025 ], [ -3.440976499999977, 40.880435499000043 ], [ -3.441244491999953, 40.876090840000074 ], [ -3.44868503999993, 40.875613464000025 ], [ -3.470889161999935, 40.864913241000068 ], [ -3.471373913999969, 40.861662236000029 ], [ -3.466738606999968, 40.856805805000079 ], [ -3.470085, 40.852020999000047 ], [ -3.478723674999969, 40.854491740000071 ], [ -3.507588796999926, 40.847199258000046 ], [ -3.514282593999951, 40.853435352000076 ], [ -3.524589, 40.876082499000063 ], [ -3.513882706999937, 40.894748355000047 ], [ -3.517665499999964, 40.904885999000044 ] ], [ [ -3.49530550299994, 40.905557806000047 ], [ -3.490208527999926, 40.902470616000073 ], [ -3.487262643999941, 40.905549884000038 ], [ -3.49116932499993, 40.907488251000075 ], [ -3.49530550299994, 40.905557806000047 ] ] ] } },
{ "type": "Feature", "properties": { "code": "28108", "name": "Pedrezuela" }, "geometry": { "type": "Polygon", "coordinates": [ [ [ -3.675675499999954, 40.72833999900007 ], [ -3.670776209999929, 40.734896896000066 ], [ -3.63765276099997, 40.757501994000052 ], [ -3.629549366999925, 40.770310423000069 ], [ -3.608405, 40.779619499000034 ], [ -3.604292499999929, 40.776330499000039 ], [ -3.603921, 40.772989499000062 ], [ -3.59813, 40.757913999000039 ], [ -3.593674, 40.750514999000075 ], [ -3.591973330999963, 40.728405627000029 ], [ -3.605027991999975, 40.720083009000064 ], [ -3.60739, 40.714327999000034 ], [ -3.617648507999945, 40.707699946000048 ], [ -3.617680100999962, 40.715498517000071 ], [ -3.620292780999932, 40.717840584000044 ], [ -3.659832660999939, 40.725737018000075 ], [ -3.676898, 40.723241499000039 ], [ -3.675675499999954, 40.72833999900007 ] ] ] } },
{ "type": "Feature", "properties": { "code": "28109", "name": "Pelayos de la Presa" }, "geometry": { "type": "Polygon", "coordinates": [ [ [ -4.34748280499997, 40.362707395000029 ], [ -4.334495102999938, 40.375969140000052 ], [ -4.307002360999945, 40.367121303000033 ], [ -4.315491185999974, 40.350030422000032 ], [ -4.32403871899993, 40.343747531000076 ], [ -4.34415878599998, 40.353269609000051 ], [ -4.34748280499997, 40.362707395000029 ] ] ] } },
{ "type": "Feature", "properties": { "code": "28110", "name": "Perales de Tajuña" }, "geometry": { "type": "Polygon", "coordinates": [ [ [ -3.333756, 40.264188499000056 ], [ -3.336161274999938, 40.255646918000025 ], [ -3.334451050999974, 40.240068721000057 ], [ -3.31072594099993, 40.218576083000073 ], [ -3.307265779999966, 40.209692360000076 ], [ -3.308331538999937, 40.201677522000068 ], [ -3.297823499999936, 40.190496499000062 ], [ -3.320199, 40.177951499000073 ], [ -3.348947661999944, 40.197179364000078 ], [ -3.370539948999976, 40.200107524000032 ], [ -3.387429834999978, 40.216732533000027 ], [ -3.394351499999971, 40.218982999000048 ], [ -3.401038027999959, 40.240516803000048 ], [ -3.410756548999927, 40.25100528300004 ], [ -3.418568499999935, 40.25388349900004 ], [ -3.411594, 40.255167999000037 ], [ -3.407418499999949, 40.257124499000042 ], [ -3.395608, 40.248344499000041 ], [ -3.388319, 40.25009699900005 ], [ -3.385186, 40.254390499000067 ], [ -3.380929, 40.257410999000058 ], [ -3.377448, 40.261594499000068 ], [ -3.348224499999958, 40.273762999000041 ], [ -3.333756, 40.264188499000056 ] ] ] } },
{ "type": "Feature", "properties": { "code": "28111", "name": "Pezuela de las Torres" }, "geometry": { "type": "Polygon", "coordinates": [ [ [ -3.149902, 40.37307849900003 ], [ -3.156788322999944, 40.377740520000032 ], [ -3.168775081999968, 40.377575324000077 ], [ -3.173651, 40.376103999000065 ], [ -3.176669, 40.374135499000033 ], [ -3.182665128999929, 40.374975310000025 ], [ -3.202601327999957, 40.390872381000065 ], [ -3.227182, 40.385409499000048 ], [ -3.228316564999943, 40.392096232000029 ], [ -3.219166499999972, 40.403016999000045 ], [ -3.215571602999944, 40.409335726000052 ], [ -3.214375912999969, 40.426145802000065 ], [ -3.211006, 40.434397999000055 ], [ -3.198445499999934, 40.442219499000032 ], [ -3.172616392999942, 40.437020480000058 ], [ -3.155363499999964, 40.439392499000064 ], [ -3.141955220999932, 40.412952148000045 ], [ -3.130407, 40.405153999000049 ], [ -3.135657454999944, 40.390806780000048 ], [ -3.142408710999973, 40.386845469000036 ], [ -3.13935459399994, 40.375837432000026 ], [ -3.149902, 40.37307849900003 ] ] ] } },
{ "type": "Feature", "properties": { "code": "28112", "name": "Pinilla del Valle" }, "geometry": { "type": "Polygon", "coordinates": [ [ [ -3.844351499999959, 40.982301999000072 ], [ -3.833756677999929, 40.968439514000067 ], [ -3.828335186999936, 40.947875115000045 ], [ -3.786875499999951, 40.913229999000066 ], [ -3.78764158499996, 40.907769543000029 ], [ -3.797472205999952, 40.901473942000052 ], [ -3.808573499999966, 40.88816599900008 ], [ -3.854550797999934, 40.947207042000059 ], [ -3.880630499999938, 40.972771999000031 ], [ -3.880106, 40.974421999000072 ], [ -3.86911872099995, 40.972462277000034 ], [ -3.844351499999959, 40.982301999000072 ] ] ] } },
{ "type": "Feature", "properties": { "code": "28113", "name": "Pinto" }, "geometry": { "type": "Polygon", "coordinates": [ [ [ -3.643480499999953, 40.22962749900006 ], [ -3.661971928999947, 40.221263760000056 ], [ -3.676592439999979, 40.219229072000076 ], [ -3.690222993999953, 40.211959723000064 ], [ -3.699839, 40.198893999000063 ], [ -3.703842, 40.201546499000074 ], [ -3.709567, 40.203873999000052 ], [ -3.733285, 40.211026999000069 ], [ -3.738029243999961, 40.21656245500003 ], [ -3.736618006999947, 40.252352165000048 ], [ -3.741014499999949, 40.254239999000049 ], [ -3.739373499999942, 40.270898499000054 ], [ -3.728880894999975, 40.272208548000037 ], [ -3.710657831999924, 40.267032042000039 ], [ -3.697015884999928, 40.268381446000035 ], [ -3.67483180399995, 40.276572557000065 ], [ -3.660561296999958, 40.287708932000044 ], [ -3.648114675999977, 40.292239511000048 ], [ -3.638256188999947, 40.290614159000029 ], [ -3.632935484999962, 40.280436088000044 ], [ -3.623800136999932, 40.271724986000038 ], [ -3.622748, 40.266338999000027 ], [ -3.625845, 40.265720499000054 ], [ -3.632325, 40.259402999000031 ], [ -3.634831499999962, 40.247141499000065 ], [ -3.637172, 40.240445499000032 ], [ -3.643480499999953, 40.22962749900006 ] ] ] } },
{ "type": "Feature", "properties": { "code": "28114", "name": "Piñuécar-Gandullas" }, "geometry": { "type": "Polygon", "coordinates": [ [ [ -3.608915, 41.076313999000035 ], [ -3.605790794999962, 41.056132699000045 ], [ -3.587755, 41.044020999000054 ], [ -3.580339850999962, 41.029122184000073 ], [ -3.584035506999953, 41.022525509000047 ], [ -3.575066, 41.023958499000059 ], [ -3.572875499999952, 41.017824999000027 ], [ -3.573793499999965, 41.012200499000073 ], [ -3.576131, 41.008857499000044 ], [ -3.58057, 41.005161499000053 ], [ -3.580961, 40.999887999000066 ], [ -3.580273, 40.990976499000055 ], [ -3.599311597999929, 40.99904232800003 ], [ -3.607946683999955, 41.008607877000031 ], [ -3.617882, 41.01292999900005 ], [ -3.60922672199996, 41.022498984000038 ], [ -3.621264212999961, 41.049361470000065 ], [ -3.615921499999956, 41.069819499000062 ], [ -3.616260056999977, 41.078263356000036 ], [ -3.608915, 41.076313999000035 ] ] ] } },
{ "type": "Feature", "properties": { "code": "28115", "name": "Pozuelo de Alarcón" }, "geometry": { "type": "Polygon", "coordinates": [ [ [ -3.834001499999943, 40.396018499000036 ], [ -3.831894046999935, 40.400828576000038 ], [ -3.837654, 40.402933499000028 ], [ -3.842253251999978, 40.417311872000028 ], [ -3.84839037699993, 40.420847543000036 ], [ -3.862969, 40.444042499000034 ], [ -3.849340475999952, 40.44584980500008 ], [ -3.846457123999926, 40.457170495000071 ], [ -3.834193, 40.464376499000025 ], [ -3.804008170999964, 40.462663710000072 ], [ -3.795646094999938, 40.457198018000042 ], [ -3.78829621899996, 40.444018160000041 ], [ -3.772460630999944, 40.443719496000028 ], [ -3.770719833999976, 40.439606103000074 ], [ -3.771326631999955, 40.429736569000056 ], [ -3.780559785999969, 40.419303613000068 ], [ -3.775105415999974, 40.402048343000047 ], [ -3.781212262999929, 40.394691554000076 ], [ -3.803272263999929, 40.392057779000027 ], [ -3.820501891999925, 40.396313009000039 ], [ -3.834001499999943, 40.396018499000036 ] ] ] } },
{ "type": "Feature", "properties": { "code": "28116", "name": "Pozuelo del Rey" }, "geometry": { "type": "Polygon", "coordinates": [ [ [ -3.288041, 40.332681499000046 ], [ -3.297438, 40.330058499000074 ], [ -3.312705, 40.328582999000048 ], [ -3.313823, 40.332059499000025 ], [ -3.325308, 40.341912499000045 ], [ -3.34999849999997, 40.359119999000029 ], [ -3.355876499999965, 40.362216999000054 ], [ -3.35255, 40.366512499000066 ], [ -3.339109, 40.37602098800005 ], [ -3.321676878999938, 40.382687289000046 ], [ -3.323327111999959, 40.393269776000068 ], [ -3.312153499999965, 40.400607999000044 ], [ -3.309636, 40.398513499000046 ], [ -3.311056, 40.393995499000027 ], [ -3.308782, 40.389868999000043 ], [ -3.305237499999976, 40.385896499000069 ], [ -3.300065, 40.385775499000033 ], [ -3.286769499999934, 40.382401999000081 ], [ -3.273589499999957, 40.380486499000028 ], [ -3.278179269999953, 40.374522618000071 ], [ -3.27116435399995, 40.36019833000006 ], [ -3.278347499999938, 40.346150499000032 ], [ -3.288041, 40.332681499000046 ] ] ] } },
{ "type": "Feature", "properties": { "code": "28117", "name": "Prádena del Rincón" }, "geometry": { "type": "Polygon", "coordinates": [ [ [ -3.467027, 41.048042499000076 ], [ -3.479439499999955, 41.042754499000068 ], [ -3.482366, 41.033379999000033 ], [ -3.485674, 41.030118999000081 ], [ -3.486514499999942, 41.026325499000052 ], [ -3.49127, 41.025509999000064 ], [ -3.491774, 41.012509999000031 ], [ -3.512598494999963, 41.021709104000081 ], [ -3.539710148999973, 41.025208142000054 ], [ -3.549537893999968, 41.033167921000029 ], [ -3.557409, 41.02907699900004 ], [ -3.55514536499993, 41.035981493000065 ], [ -3.558879499999932, 41.048261499000034 ], [ -3.552234002999967, 41.046271507000029 ], [ -3.550357945999963, 41.040621945000055 ], [ -3.542025499999966, 41.05037149900005 ], [ -3.511393925999926, 41.051355815000079 ], [ -3.502611921999971, 41.055998716000033 ], [ -3.492528719999939, 41.057026240000027 ], [ -3.485033499999929, 41.06373049900003 ], [ -3.478021853999962, 41.064718579000044 ], [ -3.466765715999941, 41.056482667000068 ], [ -3.467027, 41.048042499000076 ] ] ] } },
{ "type": "Feature", "properties": { "code": "28118", "name": "Puebla de la Sierra" }, "geometry": { "type": "Polygon", "coordinates": [ [ [ -3.421432, 40.967240999000069 ], [ -3.445040717999973, 40.96424649100004 ], [ -3.476416700999948, 40.966593597000042 ], [ -3.484004499999969, 40.962594499000033 ], [ -3.485094115999971, 40.968254622000075 ], [ -3.492824499999927, 40.978068499000074 ], [ -3.49565, 40.99399549900005 ], [ -3.491774, 41.012509999000031 ], [ -3.49127, 41.025509999000064 ], [ -3.486514499999942, 41.026325499000052 ], [ -3.485674, 41.030118999000081 ], [ -3.482366, 41.033379999000033 ], [ -3.479439499999955, 41.042754499000068 ], [ -3.467027, 41.048042499000076 ], [ -3.458444, 41.050004499000067 ], [ -3.438935, 41.042669499000056 ], [ -3.430706473999976, 41.040821167000047 ], [ -3.424144559999945, 41.029797359000042 ], [ -3.397338499999933, 41.006765999000038 ], [ -3.396916499999975, 41.004606499000033 ], [ -3.394300499999929, 41.000234499000044 ], [ -3.416917781999928, 40.987653169000055 ], [ -3.41716, 40.974593499000036 ], [ -3.421432, 40.967240999000069 ] ] ] } },
{ "type": "Feature", "properties": { "code": "28119", "name": "Quijorna" }, "geometry": { "type": "Polygon", "coordinates": [ [ [ -4.025862, 40.428180999000062 ], [ -4.034873165999954, 40.40926790900005 ], [ -4.04240211299998, 40.400452168000072 ], [ -4.046327499999961, 40.388273499000036 ], [ -4.057307616999935, 40.389439080000045 ], [ -4.073836971999981, 40.398232839000059 ], [ -4.102648952999971, 40.40348068000003 ], [ -4.11286, 40.402443499000071 ], [ -4.104159286999959, 40.411747568000067 ], [ -4.07199865399997, 40.42371303300007 ], [ -4.078324, 40.441126999000062 ], [ -4.06829782799997, 40.445607874000075 ], [ -4.041571499999975, 40.448660999000026 ], [ -4.031588672999931, 40.441902412000047 ], [ -4.030469447999963, 40.433322282000063 ], [ -4.025862, 40.428180999000062 ] ] ] } },
{ "type": "Feature", "properties": { "code": "28120", "name": "Rascafría" }, "geometry": { "type": "Polygon", "coordinates": [ [ [ -3.97796, 40.787373999000067 ], [ -3.979097862999936, 40.799452216000077 ], [ -3.962689052999963, 40.821770426000057 ], [ -3.964888390999931, 40.837625850000052 ], [ -3.946981438999956, 40.864228138000044 ], [ -3.942360779999944, 40.88665575300007 ], [ -3.95114552299998, 40.894083757000033 ], [ -3.944800499999928, 40.903295999000079 ], [ -3.93697436399998, 40.916788876000055 ], [ -3.937791499999946, 40.927134999000032 ], [ -3.929644499999938, 40.927002999000081 ], [ -3.921598, 40.929905999000027 ], [ -3.919817, 40.937833999000077 ], [ -3.904169, 40.956477999000072 ], [ -3.898485, 40.958787999000037 ], [ -3.882013358999927, 40.936403647000077 ], [ -3.870064667999941, 40.932130069000038 ], [ -3.844477835999953, 40.910844933000078 ], [ -3.83521684699997, 40.888902061000067 ], [ -3.837261955999963, 40.877812942000048 ], [ -3.825172320999968, 40.860254474000044 ], [ -3.819241, 40.860498499000073 ], [ -3.798085499999956, 40.848960499000043 ], [ -3.808706530999928, 40.846867659000054 ], [ -3.828891246999945, 40.831439089000071 ], [ -3.829196, 40.813509999000075 ], [ -3.837994499999979, 40.812174499000037 ], [ -3.862363613999946, 40.814231732000053 ], [ -3.879861207999966, 40.806121144000031 ], [ -3.885940547999951, 40.807050129000061 ], [ -3.916141324999955, 40.800255929000059 ], [ -3.930393729999935, 40.800170267000055 ], [ -3.939997280999933, 40.795879870000078 ], [ -3.959522012999969, 40.79442471200008 ], [ -3.97796, 40.787373999000067 ] ] ] } },
{ "type": "Feature", "properties": { "code": "28121", "name": "Redueña" }, "geometry": { "type": "Polygon", "coordinates": [ [ [ -3.616476499999976, 40.841067499000076 ], [ -3.607091499999967, 40.842413499000031 ], [ -3.604552, 40.842136999000047 ], [ -3.594048758999975, 40.830418757000075 ], [ -3.58663017899994, 40.833316453000066 ], [ -3.580717265999965, 40.831514211000069 ], [ -3.573407742999962, 40.820301946000029 ], [ -3.577569480999955, 40.799317661000032 ], [ -3.573851499999932, 40.790862999000069 ], [ -3.59571, 40.790949499000078 ], [ -3.594406559999925, 40.800609810000026 ], [ -3.613157, 40.809744499000033 ], [ -3.613586591999933, 40.81668206300003 ], [ -3.609045715999969, 40.822986451000077 ], [ -3.616800388999934, 40.835712041000079 ], [ -3.616476499999976, 40.841067499000076 ] ] ] } },
{ "type": "Feature", "properties": { "code": "28122", "name": "Ribatejada" }, "geometry": { "type": "Polygon", "coordinates": [ [ [ -3.399916499999961, 40.691444499000056 ], [ -3.393202, 40.692418499000041 ], [ -3.385555499999953, 40.684039999000049 ], [ -3.37400175199997, 40.678490139000075 ], [ -3.363270346999968, 40.654644652000059 ], [ -3.365189, 40.650766499000042 ], [ -3.372260307999966, 40.647112507000031 ], [ -3.382135, 40.630470499000069 ], [ -3.41609, 40.645175499000061 ], [ -3.432684601999938, 40.646404522000068 ], [ -3.434335571999952, 40.650237598000047 ], [ -3.447412868999947, 40.65378974500004 ], [ -3.453918645999977, 40.660799033000046 ], [ -3.466876082999931, 40.665952139000069 ], [ -3.478981490999956, 40.665502404000051 ], [ -3.482525499999952, 40.670366999000066 ], [ -3.471072720999928, 40.66900866800006 ], [ -3.46681568799994, 40.671237745000042 ], [ -3.465138663999937, 40.678578881000078 ], [ -3.461076064999929, 40.682653043000073 ], [ -3.468549499999938, 40.689935499000057 ], [ -3.455766427999947, 40.687289626000052 ], [ -3.440531263999958, 40.674796692000029 ], [ -3.427485445999935, 40.673218979000069 ], [ -3.423878880999951, 40.68164820100003 ], [ -3.419496557999935, 40.67968429900003 ], [ -3.41518763299996, 40.672519570000077 ], [ -3.406036081999957, 40.670517553000025 ], [ -3.399916499999961, 40.691444499000056 ] ] ] } },
{ "type": "Feature", "properties": { "code": "28123", "name": "Rivas-Vaciamadrid" }, "geometry": { "type": "Polygon", "coordinates": [ [ [ -3.503014, 40.407223999000053 ], [ -3.501929491999931, 40.404727927000067 ], [ -3.50840360199993, 40.396378656000024 ], [ -3.502672691999976, 40.391526818000045 ], [ -3.501436482999964, 40.385388325000065 ], [ -3.50454719499993, 40.382582205000062 ], [ -3.500135, 40.377930499000058 ], [ -3.510672457999931, 40.371051136000062 ], [ -3.506695048999973, 40.360635733000038 ], [ -3.50306354199995, 40.358955008000066 ], [ -3.495414040999947, 40.363047876000053 ], [ -3.484818447999942, 40.360889592000035 ], [ -3.48355416499993, 40.351660158000072 ], [ -3.477156062999939, 40.348792204000063 ], [ -3.471443499999964, 40.338076499000067 ], [ -3.471145665999927, 40.320195399000056 ], [ -3.484912311999949, 40.323350676000075 ], [ -3.495338874999959, 40.315921054000057 ], [ -3.512023498999952, 40.317647937000061 ], [ -3.513597687999948, 40.313875389000032 ], [ -3.50785131899994, 40.308173060000058 ], [ -3.513746942999944, 40.305111731000068 ], [ -3.510257699999954, 40.300977924000051 ], [ -3.519639, 40.294245999000054 ], [ -3.541671445999953, 40.290518096000028 ], [ -3.551651490999973, 40.296443631000045 ], [ -3.571346, 40.28708399900006 ], [ -3.575967499999933, 40.314848999000048 ], [ -3.58349312699994, 40.316749332000029 ], [ -3.582879495999975, 40.324738571000069 ], [ -3.554112772999929, 40.355358513000056 ], [ -3.548503545999949, 40.380747167000038 ], [ -3.54234267399994, 40.391812315000038 ], [ -3.527966394999964, 40.389915852000058 ], [ -3.520634899999948, 40.392732265000063 ], [ -3.519758, 40.409889999000029 ], [ -3.503014, 40.407223999000053 ] ] ] } },
{ "type": "Feature", "properties": { "code": "28124", "name": "Robledillo de la Jara" }, "geometry": { "type": "Polygon", "coordinates": [ [ [ -3.484004499999969, 40.962594499000033 ], [ -3.492716499999972, 40.951224499000034 ], [ -3.495712, 40.94364949900006 ], [ -3.49665049999993, 40.929403499000045 ], [ -3.497857, 40.927626499000041 ], [ -3.502437, 40.924513999000055 ], [ -3.521051858999954, 40.932933664000075 ], [ -3.533398701999943, 40.934556673000031 ], [ -3.540826555999956, 40.928954235000049 ], [ -3.544845658999975, 40.929296445000034 ], [ -3.549579, 40.921200999000064 ], [ -3.554007273999957, 40.935582740000029 ], [ -3.56151850599997, 40.944289681000043 ], [ -3.564347311999938, 40.953351231000056 ], [ -3.562293, 40.956130999000038 ], [ -3.543766464999976, 40.951303945000063 ], [ -3.539648235999948, 40.958825431000037 ], [ -3.526172930999962, 40.964100505000033 ], [ -3.509314167999946, 40.965339892000031 ], [ -3.492824499999927, 40.978068499000074 ], [ -3.485094115999971, 40.968254622000075 ], [ -3.484004499999969, 40.962594499000033 ] ] ] } },
{ "type": "Feature", "properties": { "code": "28125", "name": "Robledo de Chavela" }, "geometry": { "type": "Polygon", "coordinates": [ [ [ -4.261590499999954, 40.531105499000034 ], [ -4.238893, 40.53003699900006 ], [ -4.231746, 40.531498499000065 ], [ -4.218761499999971, 40.542999999000074 ], [ -4.213412499999947, 40.555039499000031 ], [ -4.196646499999929, 40.558982499000081 ], [ -4.211326041999939, 40.528591005000067 ], [ -4.212458141999946, 40.518583296000031 ], [ -4.209680658999957, 40.512626791000059 ], [ -4.203587970999934, 40.512752446000036 ], [ -4.199482841999952, 40.521801331000063 ], [ -4.177013445999933, 40.529427653000027 ], [ -4.153756, 40.531501499000058 ], [ -4.148692788999938, 40.522347122000042 ], [ -4.13218349999994, 40.518631499000037 ], [ -4.141065499999968, 40.506186999000079 ], [ -4.149312648999967, 40.509639381000056 ], [ -4.176648, 40.508165281000061 ], [ -4.19224699199998, 40.49987281600005 ], [ -4.206935750999946, 40.497765392000076 ], [ -4.213255874999959, 40.480918254000073 ], [ -4.214534884999978, 40.462064442000042 ], [ -4.217411897999966, 40.456979329000035 ], [ -4.214253499999927, 40.447784999000078 ], [ -4.218661275999978, 40.440432445000056 ], [ -4.225474472999963, 40.44125000300005 ], [ -4.235461390999944, 40.432493377000071 ], [ -4.239718212999946, 40.419910906000041 ], [ -4.252895, 40.405261499000062 ], [ -4.260676322999927, 40.415730972000063 ], [ -4.263030073999971, 40.423784728000044 ], [ -4.273053798999968, 40.428415807000079 ], [ -4.297315787999935, 40.425602194000078 ], [ -4.323835499999973, 40.41826099900004 ], [ -4.32479174599996, 40.422827124000037 ], [ -4.332876481999961, 40.42407147800003 ], [ -4.338991499999963, 40.43185199900006 ], [ -4.300154085999964, 40.442295811000065 ], [ -4.29375042099997, 40.44623983300005 ], [ -4.287436024999977, 40.491486604000045 ], [ -4.281140487999949, 40.495382213000028 ], [ -4.28213478999993, 40.501687609000044 ], [ -4.265447969999968, 40.512461194000025 ], [ -4.269020170999966, 40.517297744000075 ], [ -4.265601175999961, 40.518247791000078 ], [ -4.261590499999954, 40.531105499000034 ] ] ] } },
{ "type": "Feature", "properties": { "code": "28126", "name": "Robregordo" }, "geometry": { "type": "Polygon", "coordinates": [ [ [ -3.644867, 41.121244499000056 ], [ -3.634168, 41.125625999000079 ], [ -3.633026131999941, 41.134632496000052 ], [ -3.61984949999993, 41.143107999000051 ], [ -3.613550499999974, 41.149005499000054 ], [ -3.595004539999934, 41.15099557700006 ], [ -3.591963092999947, 41.136678866000068 ], [ -3.597809112999926, 41.131927249000057 ], [ -3.59725409899994, 41.126244811000049 ], [ -3.591060753999955, 41.124636838000072 ], [ -3.588469506999957, 41.120328048000033 ], [ -3.57226703799995, 41.117970522000064 ], [ -3.565855499999941, 41.113845999000034 ], [ -3.586614306999934, 41.099576039000056 ], [ -3.599623, 41.096090999000069 ], [ -3.628966977999937, 41.11842516300004 ], [ -3.644867, 41.121244499000056 ] ] ] } },
{ "type": "Feature", "properties": { "code": "28127", "name": "Rozas de Madrid, Las" }, "geometry": { "type": "Polygon", "coordinates": [ [ [ -3.933272, 40.499661499000069 ], [ -3.935536586999945, 40.507726928000068 ], [ -3.939916, 40.508425499000055 ], [ -3.939377749999949, 40.528692359000047 ], [ -3.94879044299995, 40.539285525000025 ], [ -3.945165, 40.551306999000076 ], [ -3.937505643999941, 40.548612326000068 ], [ -3.929948645999957, 40.557311233000064 ], [ -3.91855439099993, 40.558391832000041 ], [ -3.885416499999963, 40.574413999000058 ], [ -3.88729415399996, 40.567660347000071 ], [ -3.883457655999962, 40.560906327000055 ], [ -3.875154376999944, 40.557808250000051 ], [ -3.86636460699998, 40.544440209000072 ], [ -3.854272737999963, 40.524337154000079 ], [ -3.852508872999977, 40.510743173000037 ], [ -3.837881823999965, 40.505357908000065 ], [ -3.838452229999973, 40.499277176000078 ], [ -3.833437709999941, 40.489186909000068 ], [ -3.836566, 40.475082499000052 ], [ -3.889279650999981, 40.487089125000068 ], [ -3.90461888699997, 40.49474062400003 ], [ -3.911084350999943, 40.500997362000078 ], [ -3.933272, 40.499661499000069 ] ] ] } },
{ "type": "Feature", "properties": { "code": "28128", "name": "Rozas de Puerto Real" }, "geometry": { "type": "Polygon", "coordinates": [ [ [ -4.544401499999935, 40.330149499000072 ], [ -4.546225, 40.341824999000039 ], [ -4.538882499999943, 40.340449499000044 ], [ -4.526615, 40.344832999000062 ], [ -4.526062232999948, 40.338127977000056 ], [ -4.505332263999946, 40.316122191000034 ], [ -4.498452265999958, 40.316073867000057 ], [ -4.487824243999967, 40.320791558000053 ], [ -4.472303, 40.32022549900006 ], [ -4.467155361999971, 40.316714940000054 ], [ -4.467732958999932, 40.308602783000026 ], [ -4.50291177899993, 40.283584977000032 ], [ -4.494216499999936, 40.278501499000072 ], [ -4.505372515999966, 40.279680622000058 ], [ -4.517601352999975, 40.270803865000062 ], [ -4.556092, 40.266139999000075 ], [ -4.555414, 40.276850999000033 ], [ -4.530187833999946, 40.293274785000051 ], [ -4.540505203999942, 40.32709296400003 ], [ -4.544401499999935, 40.330149499000072 ] ] ] } },
{ "type": "Feature", "properties": { "code": "28129", "name": "San Agustín del Guadalix" }, "geometry": { "type": "Polygon", "coordinates": [ [ [ -3.60739, 40.714327999000034 ], [ -3.602461944999959, 40.708632535000049 ], [ -3.600829784999974, 40.695325069000035 ], [ -3.60463942399997, 40.67912104800007 ], [ -3.592322, 40.652416999000025 ], [ -3.591634, 40.649124499000038 ], [ -3.610010985999963, 40.650524712000049 ], [ -3.628510787999971, 40.640308635000054 ], [ -3.635492797999973, 40.639299941000047 ], [ -3.649349400999938, 40.644945756000027 ], [ -3.650405521999971, 40.649132868000038 ], [ -3.639925413999947, 40.667524325000045 ], [ -3.649804679999932, 40.67731690800008 ], [ -3.642671708999956, 40.686913236000066 ], [ -3.642544313999963, 40.691163292000056 ], [ -3.644759723999925, 40.694374998000058 ], [ -3.656145032999973, 40.695048590000056 ], [ -3.67666891999994, 40.703947274000029 ], [ -3.67956290099994, 40.708588407000036 ], [ -3.674756386999945, 40.717214158000047 ], [ -3.676898, 40.723241499000039 ], [ -3.659832660999939, 40.725737018000075 ], [ -3.620292780999932, 40.717840584000044 ], [ -3.617680100999962, 40.715498517000071 ], [ -3.617648507999945, 40.707699946000048 ], [ -3.60739, 40.714327999000034 ] ] ] } },
{ "type": "Feature", "properties": { "code": "28130", "name": "San Fernando de Henares" }, "geometry": { "type": "Polygon", "coordinates": [ [ [ -3.44703949999996, 40.446275999000079 ], [ -3.433725309999943, 40.453589033000071 ], [ -3.426856, 40.453180499000041 ], [ -3.419773433999978, 40.450447139000062 ], [ -3.421949921999953, 40.44229619400005 ], [ -3.414733050999928, 40.436139612000034 ], [ -3.411918, 40.425793999000064 ], [ -3.423184137999954, 40.425037610000061 ], [ -3.434653725999965, 40.429733234000025 ], [ -3.432926906999967, 40.416987283000026 ], [ -3.439773499999944, 40.412515499000051 ], [ -3.442839923999941, 40.41866015100004 ], [ -3.451030358999958, 40.421413985000072 ], [ -3.492695811999965, 40.412187257000028 ], [ -3.503014, 40.407223999000053 ], [ -3.519758, 40.409889999000029 ], [ -3.531032, 40.420047499000077 ], [ -3.537369037999952, 40.427922727000066 ], [ -3.527359881999928, 40.433861046000061 ], [ -3.530990499999973, 40.446835999000029 ], [ -3.533481022999979, 40.452302673000077 ], [ -3.527520033999963, 40.455785172000049 ], [ -3.528554253999971, 40.461658026000066 ], [ -3.525565572999938, 40.468059964000076 ], [ -3.530682499999955, 40.471243499000025 ], [ -3.528403, 40.472265499000059 ], [ -3.512513, 40.468698499000027 ], [ -3.499345499999947, 40.471786499000075 ], [ -3.490062991999935, 40.45582948200007 ], [ -3.489113101999976, 40.439857259000064 ], [ -3.482229010999959, 40.431399123000062 ], [ -3.453150866999977, 40.441151474000037 ], [ -3.44703949999996, 40.446275999000079 ] ] ] } },
{ "type": "Feature", "properties": { "code": "28131", "name": "San Lorenzo de El Escorial" }, "geometry": { "type": "Polygon", "coordinates": [ [ [ -4.161019499999952, 40.623421499000074 ], [ -4.171672026999943, 40.630508132000045 ], [ -4.167779, 40.647867999000027 ], [ -4.131131, 40.655185499000027 ], [ -4.119093499999963, 40.652942999000061 ], [ -4.111115499999926, 40.654159499000059 ], [ -4.094605, 40.650157999000044 ], [ -4.069809, 40.649745999000061 ], [ -4.060133499999949, 40.653683999000066 ], [ -4.05623449999996, 40.654088999000066 ], [ -4.052646, 40.652682999000035 ], [ -4.049504499999955, 40.649374999000031 ], [ -4.036961499999961, 40.644093999000063 ], [ -4.032424, 40.639981999000042 ], [ -4.031466, 40.638212999000075 ], [ -4.031323, 40.63529999900004 ], [ -4.032668, 40.630087499000069 ], [ -4.04708674799997, 40.629538364000041 ], [ -4.058373169999925, 40.636908385000027 ], [ -4.096708031999981, 40.628448414000047 ], [ -4.106798506999951, 40.614442197000074 ], [ -4.114131658999952, 40.612543903000073 ], [ -4.118108689999929, 40.605226367000057 ], [ -4.130090389999964, 40.599107410000045 ], [ -4.140489128999945, 40.587955916000055 ], [ -4.144267486999979, 40.580803090000074 ], [ -4.140930484999956, 40.574245738000059 ], [ -4.142262936999941, 40.571041790000038 ], [ -4.159839499999975, 40.562678499000071 ], [ -4.163192521999974, 40.563747679000073 ], [ -4.16709, 40.571135499000036 ], [ -4.170891306999977, 40.575225953000029 ], [ -4.176487838999947, 40.574717652000061 ], [ -4.191117491999933, 40.56534961400007 ], [ -4.196684253999933, 40.566594374000033 ], [ -4.198339190999945, 40.56970350000006 ], [ -4.192485119999958, 40.584562120000044 ], [ -4.167100331999961, 40.610581188000026 ], [ -4.155155622999928, 40.616939856000045 ], [ -4.161019499999952, 40.623421499000074 ] ] ] } },
{ "type": "Feature", "properties": { "code": "28132", "name": "San Martín de la Vega" }, "geometry": { "type": "Polygon", "coordinates": [ [ [ -3.559290499999975, 40.18982599900005 ], [ -3.591404499999953, 40.196330499000055 ], [ -3.594937948999927, 40.201694047000046 ], [ -3.613332001999936, 40.208956337000075 ], [ -3.623262204999946, 40.218940387000032 ], [ -3.643480499999953, 40.22962749900006 ], [ -3.637172, 40.240445499000032 ], [ -3.634831499999962, 40.247141499000065 ], [ -3.632325, 40.259402999000031 ], [ -3.625845, 40.265720499000054 ], [ -3.596459189999962, 40.273558975000071 ], [ -3.59557002899993, 40.284156787000029 ], [ -3.571346, 40.28708399900006 ], [ -3.551651490999973, 40.296443631000045 ], [ -3.541671445999953, 40.290518096000028 ], [ -3.519639, 40.294245999000054 ], [ -3.498846856999933, 40.27325929400007 ], [ -3.49180182799995, 40.269613962000051 ], [ -3.482522, 40.256844499000067 ], [ -3.492404740999973, 40.251740054000038 ], [ -3.499524316999953, 40.254989719000037 ], [ -3.501933616999963, 40.252471076000063 ], [ -3.500257053999974, 40.246126415000049 ], [ -3.505089863999956, 40.237595962000057 ], [ -3.498139499999979, 40.216933999000048 ], [ -3.508029302999944, 40.213037065000037 ], [ -3.525661265999929, 40.197521682000058 ], [ -3.53478596399998, 40.195010074000038 ], [ -3.548218413999962, 40.196123025000077 ], [ -3.559290499999975, 40.18982599900005 ] ] ] } },
{ "type": "Feature", "properties": { "code": "28133", "name": "San Martín de Valdeiglesias" }, "geometry": { "type": "Polygon", "coordinates": [ [ [ -4.236260499999958, 40.326458499000069 ], [ -4.250521201999959, 40.325432173000024 ], [ -4.268497614999944, 40.332016691000035 ], [ -4.286131829999931, 40.328664425000056 ], [ -4.294859, 40.322584999000071 ], [ -4.325691542999948, 40.324959826000054 ], [ -4.339366532999975, 40.319825435000041 ], [ -4.35621649999996, 40.308581999000069 ], [ -4.382515499999954, 40.31953549900004 ], [ -4.386853499999972, 40.320381499000064 ], [ -4.395727499999964, 40.323973999000032 ], [ -4.406396499999971, 40.329382999000075 ], [ -4.418362499999944, 40.33227849900004 ], [ -4.428869499999962, 40.330243499000062 ], [ -4.43196649999993, 40.32851449900005 ], [ -4.442382499999951, 40.328124499000069 ], [ -4.453642499999944, 40.333053499000073 ], [ -4.460779, 40.34043249900003 ], [ -4.43965094999993, 40.351186391000056 ], [ -4.442367950999937, 40.386350260000029 ], [ -4.421466499999951, 40.406241999000031 ], [ -4.400911436999934, 40.410886336000033 ], [ -4.366700846999947, 40.407171385000026 ], [ -4.356829850999929, 40.411361201000034 ], [ -4.331603823999956, 40.408735157000081 ], [ -4.320921, 40.410267999000041 ], [ -4.321712864999938, 40.405874093000079 ], [ -4.317568754999968, 40.401289166000026 ], [ -4.303094466999937, 40.400226506000081 ], [ -4.304966259999958, 40.384421699000029 ], [ -4.297937397999931, 40.375806890000035 ], [ -4.303311802999929, 40.367600478000043 ], [ -4.284560204999934, 40.356984014000034 ], [ -4.280747781999935, 40.351293677000058 ], [ -4.251228872999945, 40.335759518000032 ], [ -4.247526213999947, 40.330513588000031 ], [ -4.236260499999958, 40.326458499000069 ] ], [ [ -4.34748280499997, 40.362707395000029 ], [ -4.34415878599998, 40.353269609000051 ], [ -4.32403871899993, 40.343747531000076 ], [ -4.315491185999974, 40.350030422000032 ], [ -4.307002360999945, 40.367121303000033 ], [ -4.334495102999938, 40.375969140000052 ], [ -4.34748280499997, 40.362707395000029 ] ] ] } },
{ "type": "Feature", "properties": { "code": "28134", "name": "San Sebastián de los Reyes" }, "geometry": { "type": "Polygon", "coordinates": [ [ [ -3.67398449999996, 40.588820499000065 ], [ -3.661062252999955, 40.591477673000043 ], [ -3.649449884999967, 40.57764841200003 ], [ -3.623588337999934, 40.574732975000074 ], [ -3.60696455599998, 40.584876319000045 ], [ -3.602465499999937, 40.591938936000076 ], [ -3.614883462999956, 40.601220310000031 ], [ -3.619157365999968, 40.612368410000045 ], [ -3.625674499999946, 40.616710499000078 ], [ -3.608693560999939, 40.630348845000071 ], [ -3.605137394999929, 40.630102209000029 ], [ -3.602602486999956, 40.625842047000049 ], [ -3.584405499999946, 40.627324499000053 ], [ -3.579580251999971, 40.62034652400007 ], [ -3.574026355999933, 40.617667777000065 ], [ -3.576646893999964, 40.606075686000054 ], [ -3.573654959999942, 40.599940479000054 ], [ -3.565093214999933, 40.597455251000042 ], [ -3.558643237999945, 40.586390913000059 ], [ -3.548956214999976, 40.586502815000074 ], [ -3.539830499999937, 40.582369999000036 ], [ -3.53897825599995, 40.574370205000037 ], [ -3.543898499999955, 40.569743999000025 ], [ -3.555631638999955, 40.575218179000046 ], [ -3.561963658999957, 40.570801932000052 ], [ -3.558849873999975, 40.565688837000039 ], [ -3.565051939999933, 40.554387743000063 ], [ -3.556284710999932, 40.542384766000055 ], [ -3.548895271999925, 40.539667007000048 ], [ -3.548694027999943, 40.535578397000052 ], [ -3.552931499999943, 40.532210999000029 ], [ -3.625317269999925, 40.540616600000078 ], [ -3.641536923999979, 40.554009209000071 ], [ -3.654819913999972, 40.556599358000028 ], [ -3.67398449999996, 40.588820499000065 ] ] ] } },
{ "type": "Feature", "properties": { "code": "28135", "name": "Santa María de la Alameda" }, "geometry": { "type": "MultiPolygon", "coordinates": [ [ [ [ -4.196646499999929, 40.558982499000081 ], [ -4.213412499999947, 40.555039499000031 ], [ -4.218761499999971, 40.542999999000074 ], [ -4.231746, 40.531498499000065 ], [ -4.238893, 40.53003699900006 ], [ -4.261590499999954, 40.531105499000034 ], [ -4.269950688999927, 40.541386550000027 ], [ -4.25953242199995, 40.542638383000053 ], [ -4.258630792999952, 40.547013539000034 ], [ -4.267592761999936, 40.549822677000066 ], [ -4.273650054999962, 40.562397966000049 ], [ -4.289095499999974, 40.564151499000047 ], [ -4.278978626999958, 40.602122048000069 ], [ -4.289497888999961, 40.608363216000043 ], [ -4.290543499999956, 40.627779499000042 ], [ -4.282233800999961, 40.630766958000038 ], [ -4.272181451999927, 40.628836101000047 ], [ -4.262747609999963, 40.606341642000075 ], [ -4.244451641999945, 40.602466821000064 ], [ -4.214116824999962, 40.605575454000075 ], [ -4.161019499999952, 40.623421499000074 ], [ -4.155155622999928, 40.616939856000045 ], [ -4.167100331999961, 40.610581188000026 ], [ -4.192485119999958, 40.584562120000044 ], [ -4.198339190999945, 40.56970350000006 ], [ -4.196684253999933, 40.566594374000033 ], [ -4.191117491999933, 40.56534961400007 ], [ -4.176487838999947, 40.574717652000061 ], [ -4.170891306999977, 40.575225953000029 ], [ -4.16709, 40.571135499000036 ], [ -4.176608499999929, 40.570182499000055 ], [ -4.18137749999994, 40.566564499000037 ], [ -4.187783, 40.563468999000065 ], [ -4.189468, 40.561353999000062 ], [ -4.196646499999929, 40.558982499000081 ] ] ], [ [ [ -4.319344, 40.64759949900008 ], [ -4.323219399999971, 40.657319314000063 ], [ -4.314618348999943, 40.667194209000058 ], [ -4.288277164999954, 40.68057458100003 ], [ -4.274165, 40.677089499000033 ], [ -4.254658528999926, 40.661932569000044 ], [ -4.25656410199997, 40.652064257000063 ], [ -4.286931396999933, 40.652694799000074 ], [ -4.319344, 40.64759949900008 ] ] ] ] } },
{ "type": "Feature", "properties": { "code": "28136", "name": "Santorcaz" }, "geometry": { "type": "Polygon", "coordinates": [ [ [ -3.211006, 40.434397999000055 ], [ -3.215734, 40.437859499000069 ], [ -3.218999499999939, 40.439133499000036 ], [ -3.233421, 40.44195299900008 ], [ -3.235052, 40.444324499000061 ], [ -3.235817361999977, 40.449047438000036 ], [ -3.247901623999951, 40.456018809000057 ], [ -3.258174, 40.483922999000072 ], [ -3.224741793999954, 40.504127956000048 ], [ -3.201268, 40.498785999000063 ], [ -3.195328, 40.478593999000054 ], [ -3.199639474999969, 40.465006489000075 ], [ -3.198445499999934, 40.442219499000032 ], [ -3.211006, 40.434397999000055 ] ] ] } },
{ "type": "Feature", "properties": { "code": "28137", "name": "Santos de la Humosa, Los" }, "geometry": { "type": "Polygon", "coordinates": [ [ [ -3.199955, 40.514448499000025 ], [ -3.198960145999934, 40.504783456000041 ], [ -3.201268, 40.498785999000063 ], [ -3.224741793999954, 40.504127956000048 ], [ -3.258174, 40.483922999000072 ], [ -3.273452435999957, 40.486564026000053 ], [ -3.285661642999969, 40.494381763000035 ], [ -3.298613, 40.494377499000052 ], [ -3.307849351999948, 40.500460980000071 ], [ -3.308055059999958, 40.509842883000033 ], [ -3.284997762999978, 40.51813799200005 ], [ -3.289849499999946, 40.531749999000056 ], [ -3.249806321999927, 40.543311574000029 ], [ -3.234055393999938, 40.533305291000033 ], [ -3.232224499999973, 40.539696499000058 ], [ -3.22235375899993, 40.526103315000057 ], [ -3.199955, 40.514448499000025 ] ] ] } },
{ "type": "Feature", "properties": { "code": "28138", "name": "Serna del Monte, La" }, "geometry": { "type": "Polygon", "coordinates": [ [ [ -3.634385, 41.020849499000064 ], [ -3.63398467199994, 41.026548294000065 ], [ -3.63708, 41.029013999000028 ], [ -3.623430733999953, 41.050288091000027 ], [ -3.624926642999981, 41.064256742000055 ], [ -3.627979, 41.068811499000049 ], [ -3.625330499999961, 41.070810499000061 ], [ -3.615921499999956, 41.069819499000062 ], [ -3.621264212999961, 41.049361470000065 ], [ -3.60922672199996, 41.022498984000038 ], [ -3.617882, 41.01292999900005 ], [ -3.619028267999965, 41.019882229000075 ], [ -3.622304231999976, 41.022700244000077 ], [ -3.634385, 41.020849499000064 ] ] ] } },
{ "type": "Feature", "properties": { "code": "28140", "name": "Serranillos del Valle" }, "geometry": { "type": "MultiPolygon", "coordinates": [ [ [ [ -3.876323, 40.191221999000049 ], [ -3.883187499999963, 40.188770499000043 ], [ -3.911380891999954, 40.190314258000058 ], [ -3.925989499999957, 40.20087249900007 ], [ -3.910239635999972, 40.201786304000052 ], [ -3.896637607999935, 40.198011421000047 ], [ -3.894305463999956, 40.209860680000077 ], [ -3.902171511999939, 40.222399791000043 ], [ -3.900245894999955, 40.228056409000033 ], [ -3.904107, 40.234726999000031 ], [ -3.884497, 40.232106999000052 ], [ -3.873668499999951, 40.220039499000052 ], [ -3.865341, 40.20378499900005 ], [ -3.871473499999979, 40.198744999000041 ], [ -3.876323, 40.191221999000049 ] ] ], [ [ [ -3.950848, 40.196488999000053 ], [ -3.947800763999965, 40.204121968000038 ], [ -3.938628, 40.203227999000035 ], [ -3.949397396999927, 40.190192951000029 ], [ -3.950848, 40.196488999000053 ] ] ] ] } },
{ "type": "Feature", "properties": { "code": "28141", "name": "Sevilla la Nueva" }, "geometry": { "type": "Polygon", "coordinates": [ [ [ -4.034998, 40.378333999000063 ], [ -4.007694242999946, 40.363535286000058 ], [ -3.998423407999951, 40.34494096700007 ], [ -4.006226499999968, 40.339348999000038 ], [ -4.02609780399996, 40.333330481000075 ], [ -4.069940499999973, 40.335027499000034 ], [ -4.066790545999936, 40.340618995000057 ], [ -4.073961499999939, 40.342933999000024 ], [ -4.075395681999964, 40.357691192000061 ], [ -4.059290742999963, 40.373762012000043 ], [ -4.04970359999993, 40.378225413000052 ], [ -4.034998, 40.378333999000063 ] ] ] } },
{ "type": "Feature", "properties": { "code": "28143", "name": "Somosierra" }, "geometry": { "type": "Polygon", "coordinates": [ [ [ -3.539722, 41.165040999000041 ], [ -3.536704499999928, 41.160576499000058 ], [ -3.537625, 41.155332999000052 ], [ -3.54411749999997, 41.145891999000071 ], [ -3.544755, 41.142160499000056 ], [ -3.547781499999928, 41.138706999000078 ], [ -3.547184499999958, 41.13469599900003 ], [ -3.548416, 41.132583999000076 ], [ -3.547958499999936, 41.126734499000065 ], [ -3.549458499999957, 41.124186999000074 ], [ -3.553867499999967, 41.120795999000052 ], [ -3.556865, 41.117056999000056 ], [ -3.561483499999952, 41.114756499000066 ], [ -3.565855499999941, 41.113845999000034 ], [ -3.57226703799995, 41.117970522000064 ], [ -3.588469506999957, 41.120328048000033 ], [ -3.591060753999955, 41.124636838000072 ], [ -3.59725409899994, 41.126244811000049 ], [ -3.597809112999926, 41.131927249000057 ], [ -3.591963092999947, 41.136678866000068 ], [ -3.595004539999934, 41.15099557700006 ], [ -3.613550499999974, 41.149005499000054 ], [ -3.591919340999937, 41.154952999000045 ], [ -3.583212171999946, 41.160799692000069 ], [ -3.569743850999942, 41.159719773000063 ], [ -3.554611032999958, 41.164904249000074 ], [ -3.539722, 41.165040999000041 ] ] ] } },
{ "type": "Feature", "properties": { "code": "28144", "name": "Soto del Real" }, "geometry": { "type": "Polygon", "coordinates": [ [ [ -3.829196, 40.813509999000075 ], [ -3.826727920999929, 40.80568413900005 ], [ -3.815820151999958, 40.795104252000044 ], [ -3.814125442999966, 40.784959726000068 ], [ -3.808100126999932, 40.776295807000054 ], [ -3.759137239999973, 40.760611011000037 ], [ -3.73998839799998, 40.745595280000032 ], [ -3.733447, 40.730876499000033 ], [ -3.751713120999966, 40.722893629000055 ], [ -3.767424415999926, 40.711965968000072 ], [ -3.772483559999955, 40.704942598000059 ], [ -3.781771188999926, 40.704747585000064 ], [ -3.800428499999953, 40.711129999000036 ], [ -3.814293026999962, 40.737295520000032 ], [ -3.818752310999969, 40.741008664000049 ], [ -3.829915605999929, 40.791481869000052 ], [ -3.837994499999979, 40.812174499000037 ], [ -3.829196, 40.813509999000075 ] ] ] } },
{ "type": "Feature", "properties": { "code": "28145", "name": "Talamanca de Jarama" }, "geometry": { "type": "Polygon", "coordinates": [ [ [ -3.448737499999936, 40.732960499000058 ], [ -3.44512212199993, 40.723607723000043 ], [ -3.438578, 40.73502699900007 ], [ -3.435031346999949, 40.731013030000042 ], [ -3.437419998999928, 40.723414691000073 ], [ -3.459450834999927, 40.702923768000062 ], [ -3.463070952999942, 40.694017961000043 ], [ -3.468549499999938, 40.689935499000057 ], [ -3.47385941999994, 40.693847522000056 ], [ -3.471260263999966, 40.706628063000039 ], [ -3.496276780999949, 40.713821628000062 ], [ -3.518411623999953, 40.724792846000071 ], [ -3.525718, 40.732492499000045 ], [ -3.543811, 40.734993999000039 ], [ -3.537797748999935, 40.738882604000025 ], [ -3.538435445999937, 40.74492940600004 ], [ -3.534715755999969, 40.748311968000053 ], [ -3.54100615699997, 40.752984814000058 ], [ -3.539452302999962, 40.757078870000043 ], [ -3.52370618499998, 40.763262803000032 ], [ -3.509490188999962, 40.781513978000078 ], [ -3.511418499999934, 40.788454499000068 ], [ -3.50239449999998, 40.788056999000048 ], [ -3.497991, 40.788772499000061 ], [ -3.500743975999967, 40.781358046000037 ], [ -3.506175927999948, 40.777833301000044 ], [ -3.499998511999934, 40.766615325000032 ], [ -3.489127831999951, 40.766904748000059 ], [ -3.485232390999954, 40.762290754000048 ], [ -3.486669657999926, 40.756429069000035 ], [ -3.479478331999928, 40.747114322000073 ], [ -3.455983371999935, 40.743986109000048 ], [ -3.45127, 40.738125999000033 ], [ -3.448737499999936, 40.732960499000058 ] ] ] } },
{ "type": "Feature", "properties": { "code": "28146", "name": "Tielmes" }, "geometry": { "type": "Polygon", "coordinates": [ [ [ -3.270277499999963, 40.214746999000056 ], [ -3.278699, 40.209589999000059 ], [ -3.284136, 40.202858499000058 ], [ -3.297823499999936, 40.190496499000062 ], [ -3.308331538999937, 40.201677522000068 ], [ -3.307265779999966, 40.209692360000076 ], [ -3.31072594099993, 40.218576083000073 ], [ -3.334451050999974, 40.240068721000057 ], [ -3.336161274999938, 40.255646918000025 ], [ -3.333756, 40.264188499000056 ], [ -3.320796, 40.260280999000031 ], [ -3.307780499999978, 40.261002499000028 ], [ -3.306144499999959, 40.260254499000041 ], [ -3.296984499999951, 40.260434499000041 ], [ -3.284741, 40.262278999000046 ], [ -3.283410895999964, 40.251385603000074 ], [ -3.279365064999979, 40.246402397000054 ], [ -3.278037277999942, 40.234704124000075 ], [ -3.270277499999963, 40.214746999000056 ] ] ] } },
{ "type": "Feature", "properties": { "code": "28147", "name": "Titulcia" }, "geometry": { "type": "Polygon", "coordinates": [ [ [ -3.557426, 40.125203999000064 ], [ -3.574419213999931, 40.122437347000073 ], [ -3.579628335999928, 40.128494463000038 ], [ -3.583741, 40.128513999000063 ], [ -3.582348630999945, 40.134612516000061 ], [ -3.575169516999949, 40.140151228000036 ], [ -3.574375943999939, 40.145575631000042 ], [ -3.566808072999947, 40.15018105300004 ], [ -3.561796499999957, 40.171092999000052 ], [ -3.54658653599995, 40.167632788000049 ], [ -3.545059005999974, 40.156515097000067 ], [ -3.539580817999934, 40.148132706000069 ], [ -3.554150796999977, 40.13810442700003 ], [ -3.557426, 40.125203999000064 ] ] ] } },
{ "type": "Feature", "properties": { "code": "28148", "name": "Torrejón de Ardoz" }, "geometry": { "type": "Polygon", "coordinates": [ [ [ -3.434937499999933, 40.508868999000072 ], [ -3.428768, 40.510878499000057 ], [ -3.430404416999977, 40.488733563000039 ], [ -3.426745708999931, 40.472793743000068 ], [ -3.43284744999994, 40.466315316000077 ], [ -3.43224992699993, 40.46079439500005 ], [ -3.453150866999977, 40.441151474000037 ], [ -3.482229010999959, 40.431399123000062 ], [ -3.489113101999976, 40.439857259000064 ], [ -3.490062991999935, 40.45582948200007 ], [ -3.499345499999947, 40.471786499000075 ], [ -3.488644, 40.47996099900007 ], [ -3.476311, 40.487887999000066 ], [ -3.479452499999979, 40.494585999000037 ], [ -3.474194, 40.494691499000055 ], [ -3.467512, 40.493144999000037 ], [ -3.456941499999971, 40.499250999000026 ], [ -3.452659, 40.50260649900008 ], [ -3.434937499999933, 40.508868999000072 ] ] ] } },
{ "type": "Feature", "properties": { "code": "28149", "name": "Torrejón de la Calzada" }, "geometry": { "type": "Polygon", "coordinates": [ [ [ -3.820938, 40.205125999000074 ], [ -3.806804538999927, 40.215462260000038 ], [ -3.8032, 40.219963999000072 ], [ -3.798718210999937, 40.222470809000072 ], [ -3.790877330999933, 40.221714896000037 ], [ -3.790149261999943, 40.21747479000004 ], [ -3.779730499999971, 40.209447999000076 ], [ -3.778792042999953, 40.203942372000029 ], [ -3.796650088999968, 40.187314187000027 ], [ -3.799875, 40.175363499000071 ], [ -3.806011499999954, 40.177130999000042 ], [ -3.804493096999977, 40.187867514000061 ], [ -3.814058483999929, 40.202857821000066 ], [ -3.820938, 40.205125999000074 ] ] ] } },
{ "type": "Feature", "properties": { "code": "28150", "name": "Torrejón de Velasco" }, "geometry": { "type": "Polygon", "coordinates": [ [ [ -3.799875, 40.175363499000071 ], [ -3.796650088999968, 40.187314187000027 ], [ -3.778792042999953, 40.203942372000029 ], [ -3.779730499999971, 40.209447999000076 ], [ -3.762414067999941, 40.207304244000056 ], [ -3.755270902999939, 40.209725437000031 ], [ -3.744476868999925, 40.201795454000035 ], [ -3.733285, 40.211026999000069 ], [ -3.709567, 40.203873999000052 ], [ -3.703842, 40.201546499000074 ], [ -3.699839, 40.198893999000063 ], [ -3.708055225999942, 40.178905345000032 ], [ -3.700019497999961, 40.165443862000075 ], [ -3.699795990999974, 40.16048874300003 ], [ -3.713235118999933, 40.147442149000028 ], [ -3.718110499999966, 40.146355499000038 ], [ -3.722216, 40.147712999000078 ], [ -3.729886499999964, 40.143867499000066 ], [ -3.739775499999951, 40.135210999000037 ], [ -3.742134, 40.134093999000072 ], [ -3.748849409999934, 40.132808855000064 ], [ -3.771433, 40.139778499000045 ], [ -3.777466342999958, 40.14712972500007 ], [ -3.781177744999979, 40.15916470600007 ], [ -3.799875, 40.175363499000071 ] ] ] } },
{ "type": "Feature", "properties": { "code": "28151", "name": "Torrelaguna" }, "geometry": { "type": "Polygon", "coordinates": [ [ [ -3.604552, 40.842136999000047 ], [ -3.597843454999975, 40.845819633000076 ], [ -3.570856499999934, 40.85094949900008 ], [ -3.555645141999946, 40.85783226500007 ], [ -3.546689754999932, 40.856865277000054 ], [ -3.536381, 40.862405999000032 ], [ -3.512439015999973, 40.838154956000039 ], [ -3.511817354999948, 40.824528616000066 ], [ -3.506063921999953, 40.817448497000044 ], [ -3.511069050999936, 40.812158329000056 ], [ -3.513291826999932, 40.803520110000079 ], [ -3.502050499999939, 40.797592999000074 ], [ -3.503199499999937, 40.795458499000063 ], [ -3.502195, 40.793471999000076 ], [ -3.502436, 40.791321499000048 ], [ -3.504098, 40.789190999000027 ], [ -3.509119, 40.790491499000041 ], [ -3.511418499999934, 40.788454499000068 ], [ -3.573851499999932, 40.790862999000069 ], [ -3.577569480999955, 40.799317661000032 ], [ -3.573407742999962, 40.820301946000029 ], [ -3.580717265999965, 40.831514211000069 ], [ -3.58663017899994, 40.833316453000066 ], [ -3.594048758999975, 40.830418757000075 ], [ -3.604552, 40.842136999000047 ] ] ] } },
{ "type": "Feature", "properties": { "code": "28152", "name": "Torrelodones" }, "geometry": { "type": "Polygon", "coordinates": [ [ [ -3.945165, 40.551306999000076 ], [ -3.947382424999944, 40.558345200000076 ], [ -3.953078646999927, 40.558129466000025 ], [ -3.95658264399998, 40.563596608000068 ], [ -3.958817076999935, 40.575489381000068 ], [ -3.952904499999931, 40.597395499000072 ], [ -3.917461991999971, 40.593135183000072 ], [ -3.883525499999962, 40.585234999000079 ], [ -3.885416499999963, 40.574413999000058 ], [ -3.91855439099993, 40.558391832000041 ], [ -3.929948645999957, 40.557311233000064 ], [ -3.937505643999941, 40.548612326000068 ], [ -3.945165, 40.551306999000076 ] ] ] } },
{ "type": "Feature", "properties": { "code": "28153", "name": "Torremocha de Jarama" }, "geometry": { "type": "Polygon", "coordinates": [ [ [ -3.536381, 40.862405999000032 ], [ -3.524589, 40.876082499000063 ], [ -3.514282593999951, 40.853435352000076 ], [ -3.507588796999926, 40.847199258000046 ], [ -3.478723674999969, 40.854491740000071 ], [ -3.470085, 40.852020999000047 ], [ -3.474856379999949, 40.850917007000078 ], [ -3.470661358999962, 40.843001927000046 ], [ -3.478363757999944, 40.837446697000075 ], [ -3.477058590999945, 40.82522745700004 ], [ -3.490497058999949, 40.808077688000026 ], [ -3.492372733999957, 40.79874095100007 ], [ -3.502050499999939, 40.797592999000074 ], [ -3.513291826999932, 40.803520110000079 ], [ -3.511069050999936, 40.812158329000056 ], [ -3.506063921999953, 40.817448497000044 ], [ -3.511817354999948, 40.824528616000066 ], [ -3.512439015999973, 40.838154956000039 ], [ -3.536381, 40.862405999000032 ] ] ] } },
{ "type": "Feature", "properties": { "code": "28154", "name": "Torres de la Alameda" }, "geometry": { "type": "Polygon", "coordinates": [ [ [ -3.331488499999978, 40.423641499000041 ], [ -3.325470871999926, 40.407160651000027 ], [ -3.312153499999965, 40.400607999000044 ], [ -3.323327111999959, 40.393269776000068 ], [ -3.321676878999938, 40.382687289000046 ], [ -3.339109, 40.37602098800005 ], [ -3.35255, 40.366512499000066 ], [ -3.37247462299996, 40.376195977000066 ], [ -3.411918, 40.425793999000064 ], [ -3.414733050999928, 40.436139612000034 ], [ -3.421949921999953, 40.44229619400005 ], [ -3.419773433999978, 40.450447139000062 ], [ -3.426856, 40.453180499000041 ], [ -3.414619483999957, 40.455786016000047 ], [ -3.40873449999998, 40.453457999000079 ], [ -3.392978446999962, 40.44971229600003 ], [ -3.348124232999965, 40.423792184000035 ], [ -3.339588072999959, 40.421477486000072 ], [ -3.331488499999978, 40.423641499000041 ] ] ] } },
{ "type": "Feature", "properties": { "code": "28155", "name": "Valdaracete" }, "geometry": { "type": "Polygon", "coordinates": [ [ [ -3.149608499999943, 40.161495999000067 ], [ -3.16040187599998, 40.155573041000025 ], [ -3.171103196999979, 40.15539070300008 ], [ -3.178869051999925, 40.158697476000043 ], [ -3.197547499999928, 40.156110499000079 ], [ -3.204882, 40.156291999000075 ], [ -3.213321, 40.159613999000044 ], [ -3.218285, 40.163873499000033 ], [ -3.219642499999964, 40.169027999000036 ], [ -3.218544, 40.174314999000046 ], [ -3.220208499999956, 40.180927999000062 ], [ -3.223462, 40.184805999000048 ], [ -3.23737449999993, 40.180018499000028 ], [ -3.246154, 40.182405999000025 ], [ -3.257090499999947, 40.189734499000053 ], [ -3.261898499999973, 40.194886999000062 ], [ -3.269257499999981, 40.200796499000035 ], [ -3.27053449999994, 40.208185999000079 ], [ -3.270277499999963, 40.214746999000056 ], [ -3.261449184999947, 40.212617562000048 ], [ -3.237750697999957, 40.214229842000066 ], [ -3.221474769999929, 40.225367844000061 ], [ -3.215355686999942, 40.238361327000064 ], [ -3.194294499999955, 40.248005999000043 ], [ -3.182914085999926, 40.242752493000069 ], [ -3.173242, 40.234138999000038 ], [ -3.168775081999968, 40.233411683000043 ], [ -3.150749499999961, 40.222807999000054 ], [ -3.158265949999929, 40.218555537000043 ], [ -3.161885748999964, 40.210758989000055 ], [ -3.152878507999958, 40.196585067000058 ], [ -3.156658905999961, 40.186407766000059 ], [ -3.150257522999937, 40.176307111000028 ], [ -3.149608499999943, 40.161495999000067 ] ] ] } },
{ "type": "Feature", "properties": { "code": "28156", "name": "Valdeavero" }, "geometry": { "type": "Polygon", "coordinates": [ [ [ -3.365189, 40.650766499000042 ], [ -3.363643085999968, 40.646772476000081 ], [ -3.346878035999964, 40.642033575000028 ], [ -3.345327493999946, 40.63813618100005 ], [ -3.340156997999941, 40.636820976000081 ], [ -3.324415896999938, 40.642387928000062 ], [ -3.316346499999952, 40.655137999000033 ], [ -3.314631321999968, 40.649709087000076 ], [ -3.32235636799993, 40.64057383100004 ], [ -3.324314987999969, 40.630041534000043 ], [ -3.334947601999943, 40.624421910000081 ], [ -3.321601499999929, 40.611724499000047 ], [ -3.329569896999942, 40.605694914000026 ], [ -3.330716499999937, 40.600920999000039 ], [ -3.338213499999938, 40.596787999000071 ], [ -3.35002101699996, 40.601738828000066 ], [ -3.382033499999977, 40.608127499000034 ], [ -3.374845020999942, 40.614878304000058 ], [ -3.375788384999964, 40.618648295000071 ], [ -3.371729, 40.62576849900006 ], [ -3.364164192999965, 40.632664378000072 ], [ -3.364439879999964, 40.637806395000041 ], [ -3.373038073999965, 40.638316270000075 ], [ -3.373865748999947, 40.635300462000032 ], [ -3.380256499999973, 40.632853999000076 ], [ -3.372260307999966, 40.647112507000031 ], [ -3.365189, 40.650766499000042 ] ] ] } },
{ "type": "Feature", "properties": { "code": "28157", "name": "Valdelaguna" }, "geometry": { "type": "Polygon", "coordinates": [ [ [ -3.384863, 40.13530399900003 ], [ -3.404265829999929, 40.18051289400006 ], [ -3.422875, 40.196900999000036 ], [ -3.419594639999957, 40.201247243000068 ], [ -3.404445641999928, 40.208065630000078 ], [ -3.394351499999971, 40.218982999000048 ], [ -3.387429834999978, 40.216732533000027 ], [ -3.370539948999976, 40.200107524000032 ], [ -3.348947661999944, 40.197179364000078 ], [ -3.320199, 40.177951499000073 ], [ -3.325540499999931, 40.170947999000077 ], [ -3.328868, 40.164434499000038 ], [ -3.339503499999978, 40.150712499000065 ], [ -3.341376, 40.150901499000042 ], [ -3.342389499999967, 40.149354499000026 ], [ -3.348503499999936, 40.14765649900005 ], [ -3.353043, 40.144162499000061 ], [ -3.358252499999935, 40.141785999000035 ], [ -3.366064499999936, 40.140209499000036 ], [ -3.376277, 40.135209499000041 ], [ -3.377544, 40.133612499000037 ], [ -3.384863, 40.13530399900003 ] ] ] } },
{ "type": "Feature", "properties": { "code": "28158", "name": "Valdemanco" }, "geometry": { "type": "Polygon", "coordinates": [ [ [ -3.670975, 40.833432499000025 ], [ -3.679825796999978, 40.848270670000034 ], [ -3.679324736999945, 40.856991442000037 ], [ -3.684511014999941, 40.86888483000007 ], [ -3.693832499999928, 40.880404499000065 ], [ -3.680555826999978, 40.885800532000076 ], [ -3.675175499999966, 40.892152999000075 ], [ -3.663241, 40.889363499000069 ], [ -3.656095499999935, 40.884805999000037 ], [ -3.650268499999925, 40.879703999000071 ], [ -3.647717499999942, 40.876012499000069 ], [ -3.64748, 40.87015849900007 ], [ -3.645166, 40.866701499000044 ], [ -3.642919, 40.856565499000055 ], [ -3.642653, 40.851766999000063 ], [ -3.649846731999958, 40.843859346000045 ], [ -3.652802, 40.833467499000051 ], [ -3.660960499999931, 40.832487499000081 ], [ -3.670975, 40.833432499000025 ] ] ] } },
{ "type": "Feature", "properties": { "code": "28159", "name": "Valdemaqueda" }, "geometry": { "type": "Polygon", "coordinates": [ [ [ -4.325074499999971, 40.460058999000069 ], [ -4.31970167999998, 40.459182500000054 ], [ -4.316736517999971, 40.464709944000049 ], [ -4.324016153999935, 40.481128647000048 ], [ -4.323018120999961, 40.502527525000062 ], [ -4.326601100999937, 40.508830800000055 ], [ -4.321867499999939, 40.517130999000074 ], [ -4.320666402999962, 40.530438182000069 ], [ -4.327016773999958, 40.534234654000045 ], [ -4.323894499999938, 40.547711999000057 ], [ -4.309381583999937, 40.557308248000027 ], [ -4.289095499999974, 40.564151499000047 ], [ -4.273650054999962, 40.562397966000049 ], [ -4.267592761999936, 40.549822677000066 ], [ -4.258630792999952, 40.547013539000034 ], [ -4.25953242199995, 40.542638383000053 ], [ -4.269950688999927, 40.541386550000027 ], [ -4.261590499999954, 40.531105499000034 ], [ -4.265601175999961, 40.518247791000078 ], [ -4.269020170999966, 40.517297744000075 ], [ -4.265447969999968, 40.512461194000025 ], [ -4.28213478999993, 40.501687609000044 ], [ -4.281140487999949, 40.495382213000028 ], [ -4.287436024999977, 40.491486604000045 ], [ -4.29375042099997, 40.44623983300005 ], [ -4.300154085999964, 40.442295811000065 ], [ -4.338991499999963, 40.43185199900006 ], [ -4.339167257999975, 40.438233493000041 ], [ -4.329531359999976, 40.447500988000058 ], [ -4.320262206999928, 40.451936841000077 ], [ -4.325074499999971, 40.460058999000069 ] ] ] } },
{ "type": "Feature", "properties": { "code": "28160", "name": "Valdemorillo" }, "geometry": { "type": "Polygon", "coordinates": [ [ [ -4.041571499999975, 40.448660999000026 ], [ -4.06829782799997, 40.445607874000075 ], [ -4.078324, 40.441126999000062 ], [ -4.090703832999964, 40.448882402000038 ], [ -4.095235800999944, 40.457844976000047 ], [ -4.095271079999975, 40.464806951000071 ], [ -4.104487091999943, 40.471460052000054 ], [ -4.104914617999952, 40.477703376000079 ], [ -4.110181918999956, 40.481432294000058 ], [ -4.109847154999954, 40.48629068300005 ], [ -4.118418577999932, 40.491575794000028 ], [ -4.119097236999949, 40.498927285000036 ], [ -4.124272323999946, 40.504591251000079 ], [ -4.122502603999976, 40.509807202000047 ], [ -4.130375043999948, 40.528798755000025 ], [ -4.123186639999972, 40.539381242000047 ], [ -4.106489947999933, 40.544155760000081 ], [ -4.100712903999977, 40.55309926700005 ], [ -4.079529861999958, 40.566675496000073 ], [ -4.060704389999955, 40.571757215000048 ], [ -4.047137, 40.570642999000029 ], [ -4.05318491099996, 40.537740589000066 ], [ -4.038232593999965, 40.534955866000075 ], [ -4.029229124999972, 40.527393842000038 ], [ -4.017959021999957, 40.504025870000078 ], [ -4.017753680999931, 40.495510083000056 ], [ -4.000942, 40.48558299900003 ], [ -3.993074, 40.472409499000037 ], [ -4.014368453999964, 40.470441588000028 ], [ -4.028762784999969, 40.459512453000059 ], [ -4.039649517999976, 40.458574432000034 ], [ -4.042542913999966, 40.455510334000053 ], [ -4.041571499999975, 40.448660999000026 ] ] ] } },
{ "type": "Feature", "properties": { "code": "28161", "name": "Valdemoro" }, "geometry": { "type": "Polygon", "coordinates": [ [ [ -3.591404499999953, 40.196330499000055 ], [ -3.604035960999965, 40.161400198000081 ], [ -3.608641441999964, 40.160914088000027 ], [ -3.631625128999929, 40.176457988000038 ], [ -3.643648741999925, 40.176440243000059 ], [ -3.644922462999943, 40.173862094000071 ], [ -3.63625320899996, 40.169257300000027 ], [ -3.637364442999967, 40.166175968000061 ], [ -3.651058396999929, 40.156978449000064 ], [ -3.659247825999955, 40.144801260000065 ], [ -3.66731249999998, 40.143290499000045 ], [ -3.685621662999949, 40.132501044000037 ], [ -3.712913499999956, 40.141696499000034 ], [ -3.718110499999966, 40.146355499000038 ], [ -3.713235118999933, 40.147442149000028 ], [ -3.699795990999974, 40.16048874300003 ], [ -3.700019497999961, 40.165443862000075 ], [ -3.708055225999942, 40.178905345000032 ], [ -3.699839, 40.198893999000063 ], [ -3.690222993999953, 40.211959723000064 ], [ -3.676592439999979, 40.219229072000076 ], [ -3.661971928999947, 40.221263760000056 ], [ -3.643480499999953, 40.22962749900006 ], [ -3.623262204999946, 40.218940387000032 ], [ -3.613332001999936, 40.208956337000075 ], [ -3.594937948999927, 40.201694047000046 ], [ -3.591404499999953, 40.196330499000055 ] ] ] } },
{ "type": "Feature", "properties": { "code": "28162", "name": "Valdeolmos-Alalpardo" }, "geometry": { "type": "Polygon", "coordinates": [ [ [ -3.441975499999955, 40.617492999000035 ], [ -3.445184499999925, 40.616497499000047 ], [ -3.453747, 40.607231499000079 ], [ -3.474738245999959, 40.605411092000054 ], [ -3.486417363999976, 40.61850830700007 ], [ -3.486055848999968, 40.624874274000035 ], [ -3.490506, 40.625020999000071 ], [ -3.487573986999962, 40.65686885100007 ], [ -3.48200056099995, 40.663148011000033 ], [ -3.482525499999952, 40.670366999000066 ], [ -3.478981490999956, 40.665502404000051 ], [ -3.466876082999931, 40.665952139000069 ], [ -3.453918645999977, 40.660799033000046 ], [ -3.447412868999947, 40.65378974500004 ], [ -3.434335571999952, 40.650237598000047 ], [ -3.432684601999938, 40.646404522000068 ], [ -3.42012, 40.645805999000061 ], [ -3.441975499999955, 40.617492999000035 ] ] ] } },
{ "type": "Feature", "properties": { "code": "28163", "name": "Valdepiélagos" }, "geometry": { "type": "MultiPolygon", "coordinates": [ [ [ [ -3.448737499999936, 40.732960499000058 ], [ -3.441882499999963, 40.737727999000072 ], [ -3.438578, 40.73502699900007 ], [ -3.44512212199993, 40.723607723000043 ], [ -3.448737499999936, 40.732960499000058 ] ] ], [ [ [ -3.497991, 40.788772499000061 ], [ -3.460696567999946, 40.781800731000033 ], [ -3.449512415999948, 40.770819397000025 ], [ -3.446833499999968, 40.763301499000079 ], [ -3.443984979999925, 40.758427854000047 ], [ -3.444551298999954, 40.749548491000041 ], [ -3.45127, 40.738125999000033 ], [ -3.455983371999935, 40.743986109000048 ], [ -3.479478331999928, 40.747114322000073 ], [ -3.486669657999926, 40.756429069000035 ], [ -3.485232390999954, 40.762290754000048 ], [ -3.489127831999951, 40.766904748000059 ], [ -3.499998511999934, 40.766615325000032 ], [ -3.506175927999948, 40.777833301000044 ], [ -3.500743975999967, 40.781358046000037 ], [ -3.497991, 40.788772499000061 ] ] ] ] } },
{ "type": "Feature", "properties": { "code": "28164", "name": "Valdetorres de Jarama" }, "geometry": { "type": "Polygon", "coordinates": [ [ [ -3.468549499999938, 40.689935499000057 ], [ -3.461076064999929, 40.682653043000073 ], [ -3.465138663999937, 40.678578881000078 ], [ -3.46681568799994, 40.671237745000042 ], [ -3.471072720999928, 40.66900866800006 ], [ -3.482525499999952, 40.670366999000066 ], [ -3.482638, 40.667912499000067 ], [ -3.517940266999972, 40.671448981000026 ], [ -3.540084595999929, 40.661647522000067 ], [ -3.556587499999978, 40.660909999000069 ], [ -3.554241632999947, 40.685478042000057 ], [ -3.551399678999928, 40.689640137000026 ], [ -3.545252932999972, 40.691374438000025 ], [ -3.543405695999979, 40.697497553000062 ], [ -3.528711104999957, 40.713925870000025 ], [ -3.525718, 40.732492499000045 ], [ -3.518411623999953, 40.724792846000071 ], [ -3.496276780999949, 40.713821628000062 ], [ -3.471260263999966, 40.706628063000039 ], [ -3.47385941999994, 40.693847522000056 ], [ -3.468549499999938, 40.689935499000057 ] ] ] } },
{ "type": "Feature", "properties": { "code": "28165", "name": "Valdilecha" }, "geometry": { "type": "Polygon", "coordinates": [ [ [ -3.333756, 40.264188499000056 ], [ -3.348224499999958, 40.273762999000041 ], [ -3.340776499999947, 40.28987199900007 ], [ -3.338952, 40.300252499000067 ], [ -3.333565, 40.315598999000031 ], [ -3.312705, 40.328582999000048 ], [ -3.297438, 40.330058499000074 ], [ -3.288041, 40.332681499000046 ], [ -3.251979499999948, 40.30344799900007 ], [ -3.269185515999936, 40.292445403000045 ], [ -3.278791715999944, 40.278021092000074 ], [ -3.284741, 40.262278999000046 ], [ -3.296984499999951, 40.260434499000041 ], [ -3.306144499999959, 40.260254499000041 ], [ -3.307780499999978, 40.261002499000028 ], [ -3.320796, 40.260280999000031 ], [ -3.333756, 40.264188499000056 ] ] ] } },
{ "type": "Feature", "properties": { "code": "28166", "name": "Valverde de Alcalá" }, "geometry": { "type": "Polygon", "coordinates": [ [ [ -3.273589499999957, 40.380486499000028 ], [ -3.286769499999934, 40.382401999000081 ], [ -3.300065, 40.385775499000033 ], [ -3.305237499999976, 40.385896499000069 ], [ -3.308782, 40.389868999000043 ], [ -3.311056, 40.393995499000027 ], [ -3.309636, 40.398513499000046 ], [ -3.312153499999965, 40.400607999000044 ], [ -3.325470871999926, 40.407160651000027 ], [ -3.331488499999978, 40.423641499000041 ], [ -3.296912222999936, 40.424488691000079 ], [ -3.28789, 40.41814449900005 ], [ -3.28793, 40.415302499000063 ], [ -3.284736499999951, 40.410527999000067 ], [ -3.283157499999959, 40.409671499000069 ], [ -3.279652, 40.405034499000067 ], [ -3.279046, 40.396130499000037 ], [ -3.273589499999957, 40.380486499000028 ] ] ] } },
{ "type": "Feature", "properties": { "code": "28167", "name": "Velilla de San Antonio" }, "geometry": { "type": "Polygon", "coordinates": [ [ [ -3.453317, 40.343229499000074 ], [ -3.460801499999945, 40.341830499000025 ], [ -3.471443499999964, 40.338076499000067 ], [ -3.477156062999939, 40.348792204000063 ], [ -3.48355416499993, 40.351660158000072 ], [ -3.484818447999942, 40.360889592000035 ], [ -3.495414040999947, 40.363047876000053 ], [ -3.50306354199995, 40.358955008000066 ], [ -3.506695048999973, 40.360635733000038 ], [ -3.510672457999931, 40.371051136000062 ], [ -3.500135, 40.377930499000058 ], [ -3.476146821999976, 40.381473063000044 ], [ -3.465664499999946, 40.388456499000029 ], [ -3.463005, 40.386992999000029 ], [ -3.462143, 40.384998499000062 ], [ -3.46405649999997, 40.383326499000077 ], [ -3.45949, 40.380189999000038 ], [ -3.458331499999929, 40.372942499000033 ], [ -3.454597, 40.361717499000065 ], [ -3.451333, 40.35775699900006 ], [ -3.451115499999958, 40.354968499000051 ], [ -3.452775499999973, 40.352787499000044 ], [ -3.453317, 40.343229499000074 ] ] ] } },
{ "type": "Feature", "properties": { "code": "28168", "name": "Vellón, El" }, "geometry": { "type": "Polygon", "coordinates": [ [ [ -3.573851499999932, 40.790862999000069 ], [ -3.511418499999934, 40.788454499000068 ], [ -3.509490188999962, 40.781513978000078 ], [ -3.52370618499998, 40.763262803000032 ], [ -3.539452302999962, 40.757078870000043 ], [ -3.54100615699997, 40.752984814000058 ], [ -3.534715755999969, 40.748311968000053 ], [ -3.538435445999937, 40.74492940600004 ], [ -3.537797748999935, 40.738882604000025 ], [ -3.543811, 40.734993999000039 ], [ -3.57611142199994, 40.749086540000064 ], [ -3.593674, 40.750514999000075 ], [ -3.59813, 40.757913999000039 ], [ -3.603921, 40.772989499000062 ], [ -3.604292499999929, 40.776330499000039 ], [ -3.608405, 40.779619499000034 ], [ -3.610074, 40.78584999900005 ], [ -3.59571, 40.790949499000078 ], [ -3.573851499999932, 40.790862999000069 ] ] ] } },
{ "type": "Feature", "properties": { "code": "28169", "name": "Venturada" }, "geometry": { "type": "Polygon", "coordinates": [ [ [ -3.59571, 40.790949499000078 ], [ -3.610074, 40.78584999900005 ], [ -3.618379, 40.785412999000073 ], [ -3.625649499999952, 40.781933499000047 ], [ -3.631983, 40.783074499000065 ], [ -3.633911499999954, 40.786074499000051 ], [ -3.638399499999935, 40.788405499000078 ], [ -3.646624, 40.794655499000044 ], [ -3.650817, 40.801041499000064 ], [ -3.636986897999975, 40.811689250000029 ], [ -3.625494858999957, 40.808595345000072 ], [ -3.613157, 40.809744499000033 ], [ -3.594406559999925, 40.800609810000026 ], [ -3.59571, 40.790949499000078 ] ] ] } },
{ "type": "Feature", "properties": { "code": "28170", "name": "Villaconejos" }, "geometry": { "type": "Polygon", "coordinates": [ [ [ -3.54922849999997, 40.101911499000039 ], [ -3.521542651999937, 40.135811456000056 ], [ -3.50921853899996, 40.138800331000027 ], [ -3.490200278999964, 40.139525450000065 ], [ -3.472103481999966, 40.133428604000073 ], [ -3.450874499999941, 40.118208999000046 ], [ -3.456555752999975, 40.115300412000067 ], [ -3.463780326999938, 40.099252809000063 ], [ -3.487704061999978, 40.086247396000033 ], [ -3.503475435999974, 40.085468638000066 ], [ -3.54922849999997, 40.101911499000039 ] ] ] } },
{ "type": "Feature", "properties": { "code": "28171", "name": "Villa del Prado" }, "geometry": { "type": "Polygon", "coordinates": [ [ [ -4.294859, 40.322584999000071 ], [ -4.281827130999943, 40.31247352500003 ], [ -4.271818665999945, 40.299146516000064 ], [ -4.253733537999949, 40.286519342000076 ], [ -4.231312, 40.276628999000025 ], [ -4.249009165999951, 40.272237664000045 ], [ -4.27028805499998, 40.23564650700007 ], [ -4.285964014999934, 40.227711647000035 ], [ -4.294222179999963, 40.219657813000026 ], [ -4.306299364999973, 40.222645156000056 ], [ -4.308946079999942, 40.23347018100003 ], [ -4.321834701999933, 40.227667490000044 ], [ -4.335133747999976, 40.238688840000066 ], [ -4.341423228999929, 40.239902125000071 ], [ -4.348318, 40.23670899900003 ], [ -4.345831711999949, 40.252875215000074 ], [ -4.357863092999935, 40.275500783000041 ], [ -4.35621649999996, 40.308581999000069 ], [ -4.339366532999975, 40.319825435000041 ], [ -4.325691542999948, 40.324959826000054 ], [ -4.294859, 40.322584999000071 ] ] ] } },
{ "type": "Feature", "properties": { "code": "28172", "name": "Villalbilla" }, "geometry": { "type": "Polygon", "coordinates": [ [ [ -3.40873449999998, 40.453457999000079 ], [ -3.39045473799996, 40.459216361000074 ], [ -3.38521316899994, 40.452360103000046 ], [ -3.369180272999927, 40.454976536000061 ], [ -3.357604684999956, 40.449565414000062 ], [ -3.33494484299996, 40.45726630300004 ], [ -3.32144349999993, 40.471979999000041 ], [ -3.287842165999962, 40.452247398000054 ], [ -3.273174879999942, 40.448688950000076 ], [ -3.267417499999965, 40.439289999000039 ], [ -3.272747309999943, 40.435138871000049 ], [ -3.277393287999928, 40.423384139000063 ], [ -3.28789, 40.41814449900005 ], [ -3.296912222999936, 40.424488691000079 ], [ -3.331488499999978, 40.423641499000041 ], [ -3.339588072999959, 40.421477486000072 ], [ -3.348124232999965, 40.423792184000035 ], [ -3.392978446999962, 40.44971229600003 ], [ -3.40873449999998, 40.453457999000079 ] ] ] } },
{ "type": "Feature", "properties": { "code": "28173", "name": "Villamanrique de Tajo" }, "geometry": { "type": "MultiPolygon", "coordinates": [ [ [ [ -3.200877499999933, 40.085555499000066 ], [ -3.194548594999958, 40.086376460000054 ], [ -3.188459499999965, 40.082467999000073 ], [ -3.191329961999941, 40.075341970000068 ], [ -3.211289154999974, 40.061488295000061 ], [ -3.240747728999963, 40.053926183000044 ], [ -3.253815841999938, 40.057182105000038 ], [ -3.258229406999931, 40.051608073000068 ], [ -3.264632291999931, 40.056210505000024 ], [ -3.276546263999933, 40.047841557000027 ], [ -3.286271, 40.052301999000065 ], [ -3.285388172999944, 40.065106376000074 ], [ -3.27556432199998, 40.09966408300005 ], [ -3.261643381999932, 40.109974540000053 ], [ -3.258043260999955, 40.110232008000025 ], [ -3.24626160899993, 40.10231821900004 ], [ -3.22957026499995, 40.087110301000052 ], [ -3.220200592999959, 40.070493002000035 ], [ -3.208044796999957, 40.074734867000075 ], [ -3.200877499999933, 40.085555499000066 ] ] ], [ [ [ -3.208293368999932, 40.061447160000057 ], [ -3.203168095999956, 40.063463780000063 ], [ -3.200972860999968, 40.060093094000081 ], [ -3.204813635999926, 40.058256444000051 ], [ -3.208293368999932, 40.061447160000057 ] ] ] ] } },
{ "type": "Feature", "properties": { "code": "28174", "name": "Villamanta" }, "geometry": { "type": "Polygon", "coordinates": [ [ [ -4.073961499999939, 40.342933999000024 ], [ -4.066790545999936, 40.340618995000057 ], [ -4.081067788999974, 40.316845215000058 ], [ -4.08666466699998, 40.29748440000003 ], [ -4.087295225999981, 40.284390507000069 ], [ -4.080290499999933, 40.266901499000028 ], [ -4.08697449999994, 40.254218499000046 ], [ -4.095032499999945, 40.247723499000074 ], [ -4.100434499999949, 40.246092999000041 ], [ -4.104105499999946, 40.241795999000033 ], [ -4.11105, 40.24425099900003 ], [ -4.120579499999963, 40.243645499000024 ], [ -4.12433649999997, 40.246028999000032 ], [ -4.127361, 40.246001499000045 ], [ -4.1313, 40.248942999000064 ], [ -4.143561499999976, 40.244791999000029 ], [ -4.149699785999928, 40.249098911000033 ], [ -4.144830126999977, 40.264689944000054 ], [ -4.165379341999937, 40.271918366000079 ], [ -4.17231849999996, 40.288061499000037 ], [ -4.167344970999977, 40.291047123000055 ], [ -4.166579117999959, 40.30869801700004 ], [ -4.169513, 40.318357499000058 ], [ -4.16375706599996, 40.328050651000069 ], [ -4.140448333999927, 40.322648781000055 ], [ -4.131426082999951, 40.324343063000072 ], [ -4.123352868999973, 40.322119301000043 ], [ -4.102745499999969, 40.335812999000041 ], [ -4.09588677399995, 40.334949330000029 ], [ -4.08614248899994, 40.342149948000042 ], [ -4.073961499999939, 40.342933999000024 ] ] ] } },
{ "type": "Feature", "properties": { "code": "28175", "name": "Villamantilla" }, "geometry": { "type": "Polygon", "coordinates": [ [ [ -4.187794499999939, 40.33781299900005 ], [ -4.182774843999937, 40.339018580000072 ], [ -4.182234, 40.347734499000069 ], [ -4.176902110999947, 40.352177586000039 ], [ -4.153497719999962, 40.35525896200005 ], [ -4.146785, 40.36465799900003 ], [ -4.136484, 40.369831499000043 ], [ -4.119767986999932, 40.363546412000062 ], [ -4.117989833999957, 40.356967635000046 ], [ -4.102745499999969, 40.335812999000041 ], [ -4.123352868999973, 40.322119301000043 ], [ -4.131426082999951, 40.324343063000072 ], [ -4.140448333999927, 40.322648781000055 ], [ -4.16375706599996, 40.328050651000069 ], [ -4.169513, 40.318357499000058 ], [ -4.187794499999939, 40.33781299900005 ] ] ] } },
{ "type": "Feature", "properties": { "code": "28176", "name": "Villanueva de la Cañada" }, "geometry": { "type": "Polygon", "coordinates": [ [ [ -4.041571499999975, 40.448660999000026 ], [ -4.042542913999966, 40.455510334000053 ], [ -4.039649517999976, 40.458574432000034 ], [ -4.028762784999969, 40.459512453000059 ], [ -4.014368453999964, 40.470441588000028 ], [ -3.993074, 40.472409499000037 ], [ -3.97619319599994, 40.454766404000054 ], [ -3.958613657999933, 40.468885338000064 ], [ -3.949483336999947, 40.471153303000051 ], [ -3.942566346999968, 40.483450263000066 ], [ -3.936828499999933, 40.484444999000061 ], [ -3.937379448999934, 40.46800214600006 ], [ -3.944697, 40.454815499000063 ], [ -3.948663389999979, 40.450116571000081 ], [ -3.951628306999964, 40.438313663000031 ], [ -3.951836425999943, 40.427077534000034 ], [ -3.947183524999957, 40.420495611000035 ], [ -3.948833, 40.41373949900003 ], [ -3.946748, 40.407999999000026 ], [ -3.954195082999945, 40.409001526000054 ], [ -3.96904010999998, 40.417094507000058 ], [ -3.980613536999954, 40.435609271000033 ], [ -3.996050251999975, 40.431249637000064 ], [ -4.014601505999963, 40.43544343700006 ], [ -4.025862, 40.428180999000062 ], [ -4.030469447999963, 40.433322282000063 ], [ -4.031588672999931, 40.441902412000047 ], [ -4.041571499999975, 40.448660999000026 ] ] ] } },
{ "type": "Feature", "properties": { "code": "28177", "name": "Villanueva del Pardillo" }, "geometry": { "type": "Polygon", "coordinates": [ [ [ -3.984425499999929, 40.51659599900006 ], [ -3.966929854999933, 40.51854449700005 ], [ -3.939916, 40.508425499000055 ], [ -3.935536586999945, 40.507726928000068 ], [ -3.933272, 40.499661499000069 ], [ -3.936828499999933, 40.484444999000061 ], [ -3.942566346999968, 40.483450263000066 ], [ -3.949483336999947, 40.471153303000051 ], [ -3.958613657999933, 40.468885338000064 ], [ -3.97619319599994, 40.454766404000054 ], [ -3.993074, 40.472409499000037 ], [ -4.000942, 40.48558299900003 ], [ -3.994842442999925, 40.501729005000072 ], [ -3.984425499999929, 40.51659599900006 ] ] ] } },
{ "type": "Feature", "properties": { "code": "28178", "name": "Villanueva de Perales" }, "geometry": { "type": "Polygon", "coordinates": [ [ [ -4.034998, 40.378333999000063 ], [ -4.04970359999993, 40.378225413000052 ], [ -4.059290742999963, 40.373762012000043 ], [ -4.075395681999964, 40.357691192000061 ], [ -4.073961499999939, 40.342933999000024 ], [ -4.08614248899994, 40.342149948000042 ], [ -4.09588677399995, 40.334949330000029 ], [ -4.102745499999969, 40.335812999000041 ], [ -4.117989833999957, 40.356967635000046 ], [ -4.119767986999932, 40.363546412000062 ], [ -4.136484, 40.369831499000043 ], [ -4.120098061999954, 40.379255687000068 ], [ -4.112748476999968, 40.388963644000057 ], [ -4.11286, 40.402443499000071 ], [ -4.102648952999971, 40.40348068000003 ], [ -4.073836971999981, 40.398232839000059 ], [ -4.057307616999935, 40.389439080000045 ], [ -4.046327499999961, 40.388273499000036 ], [ -4.034998, 40.378333999000063 ] ] ] } },
{ "type": "Feature", "properties": { "code": "28179", "name": "Villar del Olmo" }, "geometry": { "type": "Polygon", "coordinates": [ [ [ -3.216112499999952, 40.312850999000034 ], [ -3.222709499999951, 40.313451499000053 ], [ -3.225751, 40.314581499000042 ], [ -3.240241499999968, 40.310039499000027 ], [ -3.249906499999952, 40.306060499000068 ], [ -3.251979499999948, 40.30344799900007 ], [ -3.288041, 40.332681499000046 ], [ -3.278347499999938, 40.346150499000032 ], [ -3.25121108999997, 40.350840191000032 ], [ -3.233788499999946, 40.358306999000035 ], [ -3.204387, 40.343990999000027 ], [ -3.199614461999943, 40.337388392000037 ], [ -3.199928971999952, 40.331720994000079 ], [ -3.205866116999971, 40.318998689000068 ], [ -3.216112499999952, 40.312850999000034 ] ] ] } },
{ "type": "Feature", "properties": { "code": "28180", "name": "Villarejo de Salvanés" }, "geometry": { "type": "Polygon", "coordinates": [ [ [ -3.344869, 40.080072999000038 ], [ -3.349234915999943, 40.090463169000031 ], [ -3.348252, 40.097943999000051 ], [ -3.313917615999969, 40.128066662000037 ], [ -3.297268385999928, 40.132343044000038 ], [ -3.30375756799998, 40.150366509000037 ], [ -3.320199, 40.177951499000073 ], [ -3.297823499999936, 40.190496499000062 ], [ -3.284136, 40.202858499000058 ], [ -3.278699, 40.209589999000059 ], [ -3.270277499999963, 40.214746999000056 ], [ -3.27053449999994, 40.208185999000079 ], [ -3.269257499999981, 40.200796499000035 ], [ -3.261898499999973, 40.194886999000062 ], [ -3.257090499999947, 40.189734499000053 ], [ -3.246154, 40.182405999000025 ], [ -3.23737449999993, 40.180018499000028 ], [ -3.223462, 40.184805999000048 ], [ -3.220208499999956, 40.180927999000062 ], [ -3.218544, 40.174314999000046 ], [ -3.219642499999964, 40.169027999000036 ], [ -3.218285, 40.163873499000033 ], [ -3.213321, 40.159613999000044 ], [ -3.204882, 40.156291999000075 ], [ -3.197547499999928, 40.156110499000079 ], [ -3.204305536999925, 40.113176442000054 ], [ -3.200877499999933, 40.085555499000066 ], [ -3.208044796999957, 40.074734867000075 ], [ -3.220200592999959, 40.070493002000035 ], [ -3.22957026499995, 40.087110301000052 ], [ -3.24626160899993, 40.10231821900004 ], [ -3.258043260999955, 40.110232008000025 ], [ -3.261643381999932, 40.109974540000053 ], [ -3.27556432199998, 40.09966408300005 ], [ -3.285388172999944, 40.065106376000074 ], [ -3.286271, 40.052301999000065 ], [ -3.291506, 40.052144499000065 ], [ -3.302297005999947, 40.05380338100008 ], [ -3.311929325999927, 40.067888372000027 ], [ -3.326209094999967, 40.078262213000073 ], [ -3.344869, 40.080072999000038 ] ] ] } },
{ "type": "Feature", "properties": { "code": "28181", "name": "Villaviciosa de Odón" }, "geometry": { "type": "Polygon", "coordinates": [ [ [ -4.005121, 40.359253499000033 ], [ -3.98077939999996, 40.369319113000074 ], [ -3.947764326999959, 40.369566803000055 ], [ -3.944556931999955, 40.375446707000037 ], [ -3.949862026999938, 40.388944912000056 ], [ -3.945614469999953, 40.396506513000077 ], [ -3.946748, 40.407999999000026 ], [ -3.948833, 40.41373949900003 ], [ -3.933705713999927, 40.413205143000027 ], [ -3.892180906999954, 40.397935498000038 ], [ -3.881417019999958, 40.386529439000071 ], [ -3.867437499999937, 40.377643999000043 ], [ -3.86768434499993, 40.374167903000057 ], [ -3.878325795999956, 40.37070028200003 ], [ -3.871264092999979, 40.359362786000077 ], [ -3.870763499999953, 40.353079499000046 ], [ -3.882600539999942, 40.353405756000029 ], [ -3.917583221999962, 40.339496108000048 ], [ -3.932844392999925, 40.33777350400004 ], [ -3.934245039999951, 40.331132435000029 ], [ -3.944331324999951, 40.322917328000074 ], [ -3.941347, 40.300125499000046 ], [ -3.956571009999948, 40.304833637000058 ], [ -3.971430101999943, 40.320862086000034 ], [ -4.001732229999959, 40.333174887000041 ], [ -4.006226499999968, 40.339348999000038 ], [ -3.998423407999951, 40.34494096700007 ], [ -4.005121, 40.359253499000033 ] ] ] } },
{ "type": "Feature", "properties": { "code": "28182", "name": "Villavieja del Lozoya" }, "geometry": { "type": "Polygon", "coordinates": [ [ [ -3.679169499999944, 40.992053999000063 ], [ -3.71274159099994, 41.026427541000032 ], [ -3.748098, 41.036627499000076 ], [ -3.739907904999939, 41.048927234000075 ], [ -3.740300499999933, 41.05359499900004 ], [ -3.730413499999941, 41.061378999000056 ], [ -3.725469499999974, 41.062455999000065 ], [ -3.721268499999951, 41.064986499000042 ], [ -3.710194067999964, 41.057995024000036 ], [ -3.697832012999925, 41.04023769500003 ], [ -3.673866577999945, 41.021754903000044 ], [ -3.668101688999968, 41.013019619000033 ], [ -3.654060499999957, 41.007223499000077 ], [ -3.657797805999962, 41.002751996000029 ], [ -3.652758500999937, 40.996517453000081 ], [ -3.665438499999937, 40.995283499000038 ], [ -3.679169499999944, 40.992053999000063 ] ] ] } },
{ "type": "Feature", "properties": { "code": "28183", "name": "Zarzalejo" }, "geometry": { "type": "Polygon", "coordinates": [ [ [ -4.159839499999975, 40.562678499000071 ], [ -4.151267031999964, 40.557000720000076 ], [ -4.149216000999957, 40.540122661000055 ], [ -4.145214917999965, 40.534513770000046 ], [ -4.153756, 40.531501499000058 ], [ -4.177013445999933, 40.529427653000027 ], [ -4.199482841999952, 40.521801331000063 ], [ -4.203587970999934, 40.512752446000036 ], [ -4.209680658999957, 40.512626791000059 ], [ -4.212458141999946, 40.518583296000031 ], [ -4.211326041999939, 40.528591005000067 ], [ -4.196646499999929, 40.558982499000081 ], [ -4.189468, 40.561353999000062 ], [ -4.187783, 40.563468999000065 ], [ -4.18137749999994, 40.566564499000037 ], [ -4.176608499999929, 40.570182499000055 ], [ -4.173091, 40.570910999000034 ], [ -4.16709, 40.571135499000036 ], [ -4.163192521999974, 40.563747679000073 ], [ -4.159839499999975, 40.562678499000071 ] ] ] } },
{ "type": "Feature", "properties": { "code": "28901", "name": "Lozoyuela-Navas-Sieteiglesias" }, "geometry": { "type": "Polygon", "coordinates": [ [ [ -3.629230499999949, 40.961501499000065 ], [ -3.613790317999928, 40.942582750000042 ], [ -3.585124342999961, 40.948556763000056 ], [ -3.572778098999947, 40.940268693000064 ], [ -3.570116800999926, 40.93231356900003 ], [ -3.575488985999925, 40.918999894000081 ], [ -3.568822415999932, 40.909752310000044 ], [ -3.568476499999974, 40.904159499000059 ], [ -3.60030213999994, 40.894912021000039 ], [ -3.599193, 40.888626999000053 ], [ -3.618882499999927, 40.881949499000029 ], [ -3.621925499999975, 40.882679999000061 ], [ -3.625974, 40.882161999000061 ], [ -3.639121, 40.879302499000062 ], [ -3.650268499999925, 40.879703999000071 ], [ -3.656095499999935, 40.884805999000037 ], [ -3.663241, 40.889363499000069 ], [ -3.675175499999966, 40.892152999000075 ], [ -3.661762177999947, 40.923572200000081 ], [ -3.648131014999933, 40.937499388000049 ], [ -3.644306499999971, 40.953655999000034 ], [ -3.632876, 40.960997999000028 ], [ -3.629230499999949, 40.961501499000065 ] ] ] } },
{ "type": "Feature", "properties": { "code": "28902", "name": "Puentes Viejas" }, "geometry": { "type": "Polygon", "coordinates": [ [ [ -3.580273, 40.990976499000055 ], [ -3.580961, 40.999887999000066 ], [ -3.58057, 41.005161499000053 ], [ -3.576131, 41.008857499000044 ], [ -3.573793499999965, 41.012200499000073 ], [ -3.572882, 41.015014499000074 ], [ -3.572875499999952, 41.017824999000027 ], [ -3.575066, 41.023958499000059 ], [ -3.560865716999956, 41.025831770000025 ], [ -3.557409, 41.02907699900004 ], [ -3.549537893999968, 41.033167921000029 ], [ -3.539710148999973, 41.025208142000054 ], [ -3.512598494999963, 41.021709104000081 ], [ -3.491774, 41.012509999000031 ], [ -3.49565, 40.99399549900005 ], [ -3.514140096999938, 40.993526188000033 ], [ -3.561661728999979, 40.972170854000069 ], [ -3.563154758999929, 40.967525777000048 ], [ -3.557719821999967, 40.959033462000036 ], [ -3.562293, 40.956130999000038 ], [ -3.564347311999938, 40.953351231000056 ], [ -3.56151850599997, 40.944289681000043 ], [ -3.554007273999957, 40.935582740000029 ], [ -3.549579, 40.921200999000064 ], [ -3.542550621999965, 40.920614958000044 ], [ -3.539312821999943, 40.917031889000043 ], [ -3.539767039999958, 40.913467184000069 ], [ -3.545924463999938, 40.909440902000028 ], [ -3.544544, 40.904473999000061 ], [ -3.568476499999974, 40.904159499000059 ], [ -3.568822415999932, 40.909752310000044 ], [ -3.575488985999925, 40.918999894000081 ], [ -3.570116800999926, 40.93231356900003 ], [ -3.572778098999947, 40.940268693000064 ], [ -3.585124342999961, 40.948556763000056 ], [ -3.613790317999928, 40.942582750000042 ], [ -3.629230499999949, 40.961501499000065 ], [ -3.623090550999962, 40.96979256700007 ], [ -3.605389894999973, 40.974199592000048 ], [ -3.598563002999981, 40.982532956000057 ], [ -3.584946766999963, 40.982877272000053 ], [ -3.580273, 40.990976499000055 ] ] ] } },
{ "type": "Feature", "properties": { "code": "28903", "name": "Tres Cantos" }, "geometry": { "type": "Polygon", "coordinates": [ [ [ -3.810351, 40.609427499000049 ], [ -3.808465123999952, 40.611809385000072 ], [ -3.794917233999968, 40.614273988000036 ], [ -3.786583754999981, 40.619748639000079 ], [ -3.774244366999937, 40.61661683300008 ], [ -3.769892314999936, 40.611364323000032 ], [ -3.74014088499996, 40.611146466000037 ], [ -3.740888653999946, 40.628399569000067 ], [ -3.729802624999934, 40.630917171000078 ], [ -3.728201358999968, 40.635208548000037 ], [ -3.721131052999965, 40.638370518000045 ], [ -3.715818092999939, 40.644294995000052 ], [ -3.685653943999966, 40.631356366000034 ], [ -3.675137882999934, 40.632809849000068 ], [ -3.667817499999956, 40.629560499000036 ], [ -3.667980263999937, 40.619371771000033 ], [ -3.687145127999941, 40.606217909000065 ], [ -3.696694395999941, 40.589907132000064 ], [ -3.710553790999938, 40.583389428000032 ], [ -3.720624837999935, 40.582480733000068 ], [ -3.736213340999939, 40.586262141000077 ], [ -3.742391002999966, 40.590822180000032 ], [ -3.77574556899998, 40.601211779000039 ], [ -3.801591704999964, 40.598968977000027 ], [ -3.801464659999965, 40.605711262000057 ], [ -3.810351, 40.609427499000049 ] ] ] } }
]
}
