{
"type": "FeatureCollection",
"crs": { "type": "name", "properties": { "name": "urn:ogc:def:crs:OGC:1.3:CRS84" } },
"features": [
{ "type": "Feature", "properties": { "code": "34089", "name": "Itero de la Vega" }, "geometry": { "type": "Polygon", "coordinates": [ [ [ -4.302759, 42.302421999000046 ], [ -4.29451, 42.307792499000072 ], [ -4.284921499999939, 42.311202999000045 ], [ -4.267670499999952, 42.313178999000058 ], [ -4.262254499999926, 42.311717999000052 ], [ -4.26191, 42.309658499000079 ], [ -4.251905499999964, 42.309974499000077 ], [ -4.249955799999952, 42.297172447000037 ], [ -4.251794627999971, 42.290501789000075 ], [ -4.246442, 42.27846499900005 ], [ -4.272440563999965, 42.267933415000073 ], [ -4.301535, 42.271171499000047 ], [ -4.303327499999966, 42.27502049900005 ], [ -4.308022, 42.279929999000046 ], [ -4.31517249999996, 42.290809499000034 ], [ -4.314758499999925, 42.294822999000075 ], [ -4.302759, 42.302421999000046 ] ] ] } },
{ "type": "Feature", "properties": { "code": "34091", "name": "Lagartos" }, "geometry": { "type": "Polygon", "coordinates": [ [ [ -4.846562499999948, 42.404082999000025 ], [ -4.863315496999974, 42.388311534000024 ], [ -4.87154217099993, 42.384849325000062 ], [ -4.874023807999947, 42.374716597000031 ], [ -4.870851389999928, 42.369138257000031 ], [ -4.882426941999938, 42.362402651000025 ], [ -4.890830499999936, 42.347022999000046 ], [ -4.894035493999979, 42.352628667000033 ], [ -4.911585518999971, 42.359709068000029 ], [ -4.917046220999964, 42.365268703000027 ], [ -4.919389371999955, 42.374158693000027 ], [ -4.911434499999928, 42.381534499000054 ], [ -4.90426918199995, 42.386710819000029 ], [ -4.910157431999949, 42.392136802000039 ], [ -4.914253929999973, 42.413424052000039 ], [ -4.905673042999979, 42.424181265000072 ], [ -4.910603629999969, 42.43335776300006 ], [ -4.920946, 42.437297999000066 ], [ -4.914261, 42.440532499000028 ], [ -4.906365499999936, 42.448779999000067 ], [ -4.89784549999996, 42.451343499000075 ], [ -4.886689, 42.457641499000033 ], [ -4.881888, 42.46179199900007 ], [ -4.860133153999925, 42.425279845000034 ], [ -4.842026138999927, 42.41796574600005 ], [ -4.846562499999948, 42.404082999000025 ] ] ] } },
{ "type": "Feature", "properties": { "code": "34092", "name": "Lantadilla" }, "geometry": { "type": "MultiPolygon", "coordinates": [ [ [ [ -4.26116712299995, 42.324442279000039 ], [ -4.256901155999969, 42.326463102000048 ], [ -4.25490194899993, 42.322699936000049 ], [ -4.258616533999941, 42.320500020000054 ], [ -4.26116712299995, 42.324442279000039 ] ] ], [ [ [ -4.302759, 42.302421999000046 ], [ -4.31041, 42.310951499000055 ], [ -4.313097499999969, 42.31587599900007 ], [ -4.316068499999972, 42.317569499000058 ], [ -4.321797, 42.31755799900003 ], [ -4.328564, 42.316264999000055 ], [ -4.33382, 42.316932499000075 ], [ -4.343074, 42.320075999000039 ], [ -4.348185499999943, 42.32419599900004 ], [ -4.355975499999943, 42.327499499000055 ], [ -4.357239, 42.330329999000071 ], [ -4.355279499999938, 42.331821499000057 ], [ -4.353251499999942, 42.335178499000051 ], [ -4.335657, 42.342921999000055 ], [ -4.309004060999939, 42.352125661000059 ], [ -4.274264499999958, 42.358550999000045 ], [ -4.265590330999942, 42.352437869000028 ], [ -4.269735639999965, 42.341140136000035 ], [ -4.262461086999963, 42.327344978000042 ], [ -4.263954, 42.312393499000052 ], [ -4.267670499999952, 42.313178999000058 ], [ -4.284921499999939, 42.311202999000045 ], [ -4.29451, 42.307792499000072 ], [ -4.302759, 42.302421999000046 ] ] ] ] } },
{ "type": "Feature", "properties": { "code": "34093", "name": "Vid de Ojeda, La" }, "geometry": { "type": "Polygon", "coordinates": [ [ [ -4.386638, 42.63689049900006 ], [ -4.398051499999951, 42.637866999000039 ], [ -4.420513476999929, 42.654556248000063 ], [ -4.43478188399996, 42.65555961900003 ], [ -4.463333, 42.65207299900004 ], [ -4.463291499999968, 42.660716999000044 ], [ -4.44698597699994, 42.658968646000062 ], [ -4.435409499999935, 42.661197499000025 ], [ -4.408956825999951, 42.671554860000072 ], [ -4.394803539999941, 42.671264611000026 ], [ -4.378389499999969, 42.676521499000046 ], [ -4.372979499999929, 42.672488999000052 ], [ -4.373615, 42.670318499000075 ], [ -4.370325, 42.670566499000074 ], [ -4.352153155999929, 42.656916341000056 ], [ -4.349690499999951, 42.648612999000079 ], [ -4.376631644999975, 42.637470270000051 ], [ -4.386638, 42.63689049900006 ] ] ] } },
{ "type": "Feature", "properties": { "code": "34094", "name": "Ledigos" }, "geometry": { "type": "Polygon", "coordinates": [ [ [ -4.796686, 42.363315499000066 ], [ -4.825138093999954, 42.358087064000074 ], [ -4.833607451999967, 42.345749007000052 ], [ -4.844968, 42.339610999000058 ], [ -4.855942757999969, 42.343747399000051 ], [ -4.890830499999936, 42.347022999000046 ], [ -4.882426941999938, 42.362402651000025 ], [ -4.870851389999928, 42.369138257000031 ], [ -4.874023807999947, 42.374716597000031 ], [ -4.87154217099993, 42.384849325000062 ], [ -4.863315496999974, 42.388311534000024 ], [ -4.846562499999948, 42.404082999000025 ], [ -4.843585022999946, 42.401402730000029 ], [ -4.840749238999933, 42.387486318000072 ], [ -4.835780572999965, 42.381564450000042 ], [ -4.807793498999956, 42.388364069000033 ], [ -4.796686, 42.363315499000066 ] ] ] } },
{ "type": "Feature", "properties": { "code": "34096", "name": "Lomas" }, "geometry": { "type": "Polygon", "coordinates": [ [ [ -4.572284499999967, 42.292651999000043 ], [ -4.550672486999929, 42.290725329000054 ], [ -4.533955, 42.294700499000044 ], [ -4.534856499999933, 42.290374499000052 ], [ -4.524749, 42.269156999000074 ], [ -4.537399059999927, 42.263891064000063 ], [ -4.540315499999963, 42.246085999000059 ], [ -4.546523994999973, 42.244942544000025 ], [ -4.57018498399998, 42.258234342000037 ], [ -4.585571401999971, 42.273775039000043 ], [ -4.572284499999967, 42.292651999000043 ] ] ] } },
{ "type": "Feature", "properties": { "code": "34098", "name": "Magaz de Pisuerga" }, "geometry": { "type": "Polygon", "coordinates": [ [ [ -4.441980499999943, 41.956912999000053 ], [ -4.461359499999958, 41.963260499000057 ], [ -4.470220798999947, 41.974216099000046 ], [ -4.478473453999925, 41.978432912000073 ], [ -4.47697064099998, 41.982708259000049 ], [ -4.482089531999975, 41.990701469000044 ], [ -4.49179395799996, 41.989830581000035 ], [ -4.493770499999926, 41.986419499000078 ], [ -4.496446936999973, 41.990869237000027 ], [ -4.492208417999962, 42.002250880000076 ], [ -4.481995499999925, 42.007548999000051 ], [ -4.454286421999939, 42.006852051000067 ], [ -4.436272, 42.011039499000049 ], [ -4.404919638999957, 41.993715123000072 ], [ -4.399055499999974, 41.980392499000061 ], [ -4.409942647999969, 41.974848873000042 ], [ -4.429463523999971, 41.976360769000053 ], [ -4.43167649999998, 41.967162999000038 ], [ -4.441980499999943, 41.956912999000053 ] ] ] } },
{ "type": "Feature", "properties": { "code": "34099", "name": "Manquillos" }, "geometry": { "type": "Polygon", "coordinates": [ [ [ -4.590631499999972, 42.211292999000079 ], [ -4.592448499999932, 42.216629499000078 ], [ -4.591802, 42.218410499000072 ], [ -4.572168870999974, 42.22813504100003 ], [ -4.558651234999957, 42.229229897000039 ], [ -4.546323, 42.234920499000054 ], [ -4.540674795999962, 42.22287930300007 ], [ -4.547510286999966, 42.214186892000043 ], [ -4.550338309999972, 42.196895333000043 ], [ -4.564228499999956, 42.189456999000072 ], [ -4.568919437999966, 42.194499223000037 ], [ -4.573502303999931, 42.194384548000073 ], [ -4.590631499999972, 42.211292999000079 ] ] ] } },
{ "type": "Feature", "properties": { "code": "34100", "name": "Mantinos" }, "geometry": { "type": "Polygon", "coordinates": [ [ [ -4.903703499999949, 42.738006499000051 ], [ -4.902842192999969, 42.749332180000067 ], [ -4.894045714999947, 42.757674755000039 ], [ -4.904153616999963, 42.771255652000036 ], [ -4.900914512999975, 42.777763459000028 ], [ -4.841864376999979, 42.767982381000024 ], [ -4.816597525999953, 42.769924507000042 ], [ -4.80108, 42.746429499000044 ], [ -4.800824, 42.745021999000073 ], [ -4.834300951999978, 42.739290068000059 ], [ -4.86045259399998, 42.742988930000081 ], [ -4.870596879999937, 42.740541796000059 ], [ -4.888938602999929, 42.742613940000069 ], [ -4.903703499999949, 42.738006499000051 ] ] ] } },
{ "type": "Feature", "properties": { "code": "34101", "name": "Marcilla de Campos" }, "geometry": { "type": "Polygon", "coordinates": [ [ [ -4.434209, 42.315135999000063 ], [ -4.430625499999962, 42.345557499000051 ], [ -4.383548453999936, 42.339689449000048 ], [ -4.357239, 42.330329999000071 ], [ -4.355975499999943, 42.327499499000055 ], [ -4.367956499999934, 42.31195449900008 ], [ -4.379444326999931, 42.304971514000044 ], [ -4.404016637999973, 42.301780114000053 ], [ -4.434209, 42.315135999000063 ] ] ] } },
{ "type": "Feature", "properties": { "code": "34102", "name": "Mazariegos" }, "geometry": { "type": "MultiPolygon", "coordinates": [ [ [ [ -4.711736, 42.076843499000063 ], [ -4.710354, 42.071765999000036 ], [ -4.703338499999973, 42.064368999000067 ], [ -4.699130499999967, 42.062438999000051 ], [ -4.692219499999965, 42.050284999000041 ], [ -4.684216, 42.055137499000068 ], [ -4.667873133999933, 42.04044310300003 ], [ -4.683660629999963, 42.026359470000045 ], [ -4.700975688999961, 42.01907701500005 ], [ -4.735051, 42.015849499000069 ], [ -4.740875358999972, 42.042539081000029 ], [ -4.739877, 42.052921499000036 ], [ -4.711736, 42.076843499000063 ] ] ], [ [ [ -4.673457499999927, 42.058250499000053 ], [ -4.670909097999925, 42.057935609000026 ], [ -4.66911349999998, 42.053874999000072 ], [ -4.672899, 42.051276999000038 ], [ -4.681422, 42.056388999000035 ], [ -4.68049549999995, 42.058391499000038 ], [ -4.673457499999927, 42.058250499000053 ] ] ] ] } },
{ "type": "Feature", "properties": { "code": "34103", "name": "Mazuecos de Valdeginate" }, "geometry": { "type": "Polygon", "coordinates": [ [ [ -4.882135, 42.164230499000041 ], [ -4.875726, 42.167316499000037 ], [ -4.871721499999978, 42.171497499000054 ], [ -4.864753, 42.172519499000032 ], [ -4.854295, 42.178390499000045 ], [ -4.837664, 42.184123999000064 ], [ -4.812755, 42.196346499000072 ], [ -4.815581523999981, 42.191628559000037 ], [ -4.798428499999943, 42.160430999000027 ], [ -4.800574, 42.159282499000028 ], [ -4.811989499999925, 42.158866999000054 ], [ -4.830273499999976, 42.155757999000059 ], [ -4.83926, 42.156345499000054 ], [ -4.857695499999977, 42.154346499000042 ], [ -4.865635, 42.154739499000073 ], [ -4.879384499999958, 42.148975499000073 ], [ -4.884435, 42.150367499000026 ], [ -4.889580499999965, 42.156497999000067 ], [ -4.882135, 42.164230499000041 ] ] ] } },
{ "type": "Feature", "properties": { "code": "34104", "name": "Melgar de Yuso" }, "geometry": { "type": "Polygon", "coordinates": [ [ [ -4.246442, 42.27846499900005 ], [ -4.241974422999931, 42.270106276000035 ], [ -4.241585434999934, 42.259921648000045 ], [ -4.231456499999979, 42.256072999000025 ], [ -4.229366234999929, 42.243374736000078 ], [ -4.236642754999934, 42.235799626000073 ], [ -4.226951, 42.229537999000058 ], [ -4.253530744999978, 42.223340935000067 ], [ -4.271303, 42.225261499000055 ], [ -4.276554650999969, 42.230701915000054 ], [ -4.29486849999995, 42.237537499000041 ], [ -4.301786499999935, 42.241527499000028 ], [ -4.303512, 42.242931499000065 ], [ -4.306097, 42.249683499000071 ], [ -4.307936, 42.250545499000054 ], [ -4.304664, 42.255336999000065 ], [ -4.301923, 42.261707499000067 ], [ -4.301535, 42.271171499000047 ], [ -4.272440563999965, 42.267933415000073 ], [ -4.246442, 42.27846499900005 ] ] ] } },
{ "type": "Feature", "properties": { "code": "34106", "name": "Meneses de Campos" }, "geometry": { "type": "Polygon", "coordinates": [ [ [ -4.952710499999966, 41.945373499000027 ], [ -4.940451136999968, 41.952704553000046 ], [ -4.928868518999934, 41.970860259000062 ], [ -4.930102181999928, 41.980798726000046 ], [ -4.924641, 41.984638499000027 ], [ -4.919233499999962, 41.984294999000042 ], [ -4.89567599399993, 41.974219808000043 ], [ -4.887894273999962, 41.967976187000033 ], [ -4.877128, 41.965350999000066 ], [ -4.89096650099998, 41.940001529000028 ], [ -4.889801, 41.932773499000064 ], [ -4.901033109999958, 41.927232140000058 ], [ -4.911992106999946, 41.916606306000062 ], [ -4.929625499999929, 41.91634349900005 ], [ -4.932619992999946, 41.926087499000062 ], [ -4.94961, 41.933818999000039 ], [ -4.950582, 41.935649999000077 ], [ -4.95246, 41.935535499000025 ], [ -4.953512499999931, 41.937598999000045 ], [ -4.95175, 41.937968999000077 ], [ -4.952710499999966, 41.945373499000027 ] ] ] } },
{ "type": "Feature", "properties": { "code": "34107", "name": "Micieces de Ojeda" }, "geometry": { "type": "Polygon", "coordinates": [ [ [ -4.487718, 42.67298099900006 ], [ -4.501678408999965, 42.676318470000069 ], [ -4.507365499999935, 42.681991499000048 ], [ -4.512447499999951, 42.685172999000031 ], [ -4.494670621999944, 42.698163112000032 ], [ -4.491912499999955, 42.703437999000073 ], [ -4.481925216999969, 42.701219664000064 ], [ -4.463103373999957, 42.707181971000068 ], [ -4.445161, 42.708671499000047 ], [ -4.439461034999965, 42.699003968000056 ], [ -4.444887885999947, 42.682622169000069 ], [ -4.43863104199994, 42.674015089000079 ], [ -4.440852746999951, 42.666909059000034 ], [ -4.435409499999935, 42.661197499000025 ], [ -4.44698597699994, 42.658968646000062 ], [ -4.465346499999953, 42.660919499000045 ], [ -4.467524, 42.662196999000059 ], [ -4.471684, 42.662158999000042 ], [ -4.474639499999967, 42.668983499000035 ], [ -4.46265, 42.675517999000078 ], [ -4.463318499999957, 42.676933499000029 ], [ -4.487718, 42.67298099900006 ] ] ] } },
{ "type": "Feature", "properties": { "code": "34108", "name": "Monzón de Campos" }, "geometry": { "type": "Polygon", "coordinates": [ [ [ -4.552996, 42.119933999000068 ], [ -4.548952, 42.125743999000065 ], [ -4.544198499999936, 42.130760499000075 ], [ -4.541132588999972, 42.129016353000054 ], [ -4.507516386999953, 42.136142827000072 ], [ -4.488899969999977, 42.129992474000062 ], [ -4.485558499999968, 42.137199499000076 ], [ -4.477524437999932, 42.133427250000068 ], [ -4.463671616999932, 42.132570316000056 ], [ -4.46116647499997, 42.117612410000049 ], [ -4.444156276999934, 42.102363130000072 ], [ -4.428891845999942, 42.100356306000037 ], [ -4.415873366999961, 42.108892916000059 ], [ -4.409921363999956, 42.104767569000046 ], [ -4.39616476599997, 42.109216180000033 ], [ -4.390741067999954, 42.100568889000044 ], [ -4.404294985999968, 42.098113439000031 ], [ -4.407663036999963, 42.093815711000047 ], [ -4.400683211999933, 42.089654320000079 ], [ -4.389405499999953, 42.090488999000058 ], [ -4.39224, 42.081855999000027 ], [ -4.427943, 42.064140499000075 ], [ -4.437597383999957, 42.073723083000061 ], [ -4.455671643999949, 42.080225848000055 ], [ -4.460163939999973, 42.088561708000043 ], [ -4.466265773999964, 42.091880284000069 ], [ -4.488739015999954, 42.095037932000025 ], [ -4.508724, 42.091514499000027 ], [ -4.514489358999981, 42.094337968000048 ], [ -4.522984109999925, 42.105366631000038 ], [ -4.53788592199993, 42.11227320900008 ], [ -4.541184319999957, 42.11875473300006 ], [ -4.552996, 42.119933999000068 ] ] ] } },
{ "type": "Feature", "properties": { "code": "34109", "name": "Moratinos" }, "geometry": { "type": "Polygon", "coordinates": [ [ [ -4.984217499999943, 42.337844999000026 ], [ -4.977777362999973, 42.349066949000076 ], [ -4.971887118999973, 42.374043671000038 ], [ -4.967086318999975, 42.377961868000057 ], [ -4.946560162999958, 42.376562042000046 ], [ -4.942729923999934, 42.381749940000077 ], [ -4.931486780999933, 42.384490477000043 ], [ -4.911434499999928, 42.381534499000054 ], [ -4.919389371999955, 42.374158693000027 ], [ -4.917046220999964, 42.365268703000027 ], [ -4.911585518999971, 42.359709068000029 ], [ -4.894035493999979, 42.352628667000033 ], [ -4.890830499999936, 42.347022999000046 ], [ -4.897588728999949, 42.338556014000062 ], [ -4.899460631999943, 42.325258041000041 ], [ -4.94230349999998, 42.329890999000042 ], [ -4.941173794999941, 42.338039576000028 ], [ -4.944255563999945, 42.346344486000078 ], [ -4.982124, 42.337646499000073 ], [ -4.984217499999943, 42.337844999000026 ] ] ] } },
{ "type": "Feature", "properties": { "code": "34110", "name": "Mudá" }, "geometry": { "type": "Polygon", "coordinates": [ [ [ -4.37736149999995, 42.881645499000058 ], [ -4.382013038999958, 42.872448931000065 ], [ -4.394147656999962, 42.864040126000077 ], [ -4.405922592999957, 42.862110478000034 ], [ -4.409052350999957, 42.873749442000076 ], [ -4.425457, 42.882587499000067 ], [ -4.40868921699996, 42.889444621000052 ], [ -4.398802565999972, 42.890154467000059 ], [ -4.37736149999995, 42.881645499000058 ] ] ] } },
{ "type": "Feature", "properties": { "code": "34112", "name": "Nogal de las Huertas" }, "geometry": { "type": "Polygon", "coordinates": [ [ [ -4.607076499999948, 42.380500999000049 ], [ -4.622311907999972, 42.370436720000043 ], [ -4.622669936999955, 42.365697282000042 ], [ -4.62814101999993, 42.364265815000067 ], [ -4.63361, 42.36711499900008 ], [ -4.642358135999928, 42.381549309000036 ], [ -4.66240245399996, 42.379935834000037 ], [ -4.659162251999931, 42.389025051000033 ], [ -4.662461499999949, 42.395984499000065 ], [ -4.630207, 42.411605499000075 ], [ -4.621618775999934, 42.405077363000032 ], [ -4.615253591999931, 42.391452646000062 ], [ -4.603517623999949, 42.386527845000046 ], [ -4.607076499999948, 42.380500999000049 ] ] ] } },
{ "type": "Feature", "properties": { "code": "34113", "name": "Olea de Boedo" }, "geometry": { "type": "Polygon", "coordinates": [ [ [ -4.456267499999967, 42.623740999000063 ], [ -4.441492, 42.620246999000074 ], [ -4.431632925999963, 42.613732132000052 ], [ -4.431699864999928, 42.608864804000063 ], [ -4.437581028999944, 42.604236662000062 ], [ -4.458963548999975, 42.600014878000025 ], [ -4.470815721999941, 42.604887530000042 ], [ -4.493370499999969, 42.597518999000044 ], [ -4.512351, 42.596114999000065 ], [ -4.500791669999956, 42.604366359000039 ], [ -4.465358641999956, 42.612596097000051 ], [ -4.456267499999967, 42.623740999000063 ] ] ] } },
{ "type": "Feature", "properties": { "code": "34114", "name": "Olmos de Ojeda" }, "geometry": { "type": "MultiPolygon", "coordinates": [ [ [ [ -4.445161, 42.708671499000047 ], [ -4.456020268999964, 42.713212767000073 ], [ -4.470770824999931, 42.725732445000062 ], [ -4.486473427999954, 42.730593523000039 ], [ -4.501551277999965, 42.749032906000025 ], [ -4.524959, 42.765998999000033 ], [ -4.503996021999967, 42.790224830000056 ], [ -4.499079052999946, 42.800490122000042 ], [ -4.488516168999979, 42.809945524000057 ], [ -4.477054, 42.813091999000051 ], [ -4.477938, 42.799888499000076 ], [ -4.468320499999948, 42.792365999000026 ], [ -4.46244, 42.785651999000038 ], [ -4.460247, 42.788608499000077 ], [ -4.446024, 42.785312499000042 ], [ -4.428775, 42.771022999000081 ], [ -4.422504, 42.759891499000048 ], [ -4.428477893999968, 42.739814871000078 ], [ -4.398336499999971, 42.732803499000056 ], [ -4.402579738999975, 42.73030774700004 ], [ -4.401088541999968, 42.719585383000037 ], [ -4.393224614999951, 42.712693801000057 ], [ -4.393581833999974, 42.704926860000057 ], [ -4.382203656999934, 42.690664596000033 ], [ -4.378389499999969, 42.676521499000046 ], [ -4.394803539999941, 42.671264611000026 ], [ -4.408956825999951, 42.671554860000072 ], [ -4.435409499999935, 42.661197499000025 ], [ -4.440852746999951, 42.666909059000034 ], [ -4.43863104199994, 42.674015089000079 ], [ -4.444887885999947, 42.682622169000069 ], [ -4.439461034999965, 42.699003968000056 ], [ -4.445161, 42.708671499000047 ] ] ], [ [ [ -4.474639499999967, 42.668983499000035 ], [ -4.481337936999978, 42.66883640900005 ], [ -4.487718, 42.67298099900006 ], [ -4.463318499999957, 42.676933499000029 ], [ -4.46265, 42.675517999000078 ], [ -4.474639499999967, 42.668983499000035 ] ] ], [ [ [ -4.562201499999958, 42.737403999000037 ], [ -4.556692712999961, 42.749444465000067 ], [ -4.549359551999942, 42.752648627000042 ], [ -4.539416821999964, 42.762792134000051 ], [ -4.528007, 42.765685999000027 ], [ -4.526734814999941, 42.745682660000057 ], [ -4.530390112999953, 42.732779783000069 ], [ -4.51710935899996, 42.728404817000069 ], [ -4.510677273999931, 42.718653700000061 ], [ -4.491912499999955, 42.703437999000073 ], [ -4.494670621999944, 42.698163112000032 ], [ -4.512447499999951, 42.685172999000031 ], [ -4.538414715999977, 42.704001189000053 ], [ -4.541645, 42.714835999000059 ], [ -4.541118, 42.726161999000055 ], [ -4.562232499999936, 42.724536999000065 ], [ -4.568067499999927, 42.726825499000029 ], [ -4.562201499999958, 42.737403999000037 ] ] ] ] } },
{ "type": "Feature", "properties": { "code": "34116", "name": "Osornillo" }, "geometry": { "type": "Polygon", "coordinates": [ [ [ -4.330609, 42.344733999000027 ], [ -4.338862216999928, 42.349317926000026 ], [ -4.345191635999925, 42.359822679000047 ], [ -4.333439467999938, 42.374890014000073 ], [ -4.321608, 42.379871499000046 ], [ -4.278874004999977, 42.389772924000056 ], [ -4.272099682999965, 42.380676977000064 ], [ -4.273362596999959, 42.376279194000062 ], [ -4.280003758999953, 42.375853489000065 ], [ -4.276521, 42.365035999000042 ], [ -4.279507510999963, 42.362640897000063 ], [ -4.274264499999958, 42.358550999000045 ], [ -4.309004060999939, 42.352125661000059 ], [ -4.330609, 42.344733999000027 ] ] ] } },
{ "type": "Feature", "properties": { "code": "34120", "name": "Palencia" }, "geometry": { "type": "Polygon", "coordinates": [ [ [ -4.54485, 42.050948499000071 ], [ -4.541106057999968, 42.046298931000081 ], [ -4.519321499999933, 42.036388499000054 ], [ -4.519819003999942, 42.031019120000053 ], [ -4.509354479999956, 42.018737735000059 ], [ -4.481995499999925, 42.007548999000051 ], [ -4.492208417999962, 42.002250880000076 ], [ -4.496446936999973, 41.990869237000027 ], [ -4.493770499999926, 41.986419499000078 ], [ -4.495437838999976, 41.981242130000055 ], [ -4.544530319999978, 41.970478641000057 ], [ -4.544626988999937, 41.962036948000048 ], [ -4.540508357999954, 41.958339882000075 ], [ -4.554785399999957, 41.943973885000048 ], [ -4.549679162999951, 41.932288580000034 ], [ -4.552136499999961, 41.927650499000038 ], [ -4.572315687999946, 41.924211962000072 ], [ -4.578793790999953, 41.926786116000073 ], [ -4.596190752999973, 41.924504788000036 ], [ -4.611943197999949, 41.930421570000078 ], [ -4.627700868999966, 41.921366682000041 ], [ -4.637533499999961, 41.919917999000063 ], [ -4.640941829999974, 41.937519039000051 ], [ -4.645910117999961, 41.942332447000069 ], [ -4.653201985999942, 41.94299828000004 ], [ -4.653309, 41.94944349900004 ], [ -4.643140435999953, 41.954481336000072 ], [ -4.621700061999945, 41.956726545000038 ], [ -4.605917819999945, 41.971310985000059 ], [ -4.610230371999933, 41.980841456000064 ], [ -4.589863905999948, 42.00035887100006 ], [ -4.593071, 42.021194499000046 ], [ -4.581800066999961, 42.030809972000043 ], [ -4.573902387999965, 42.035180239000056 ], [ -4.569619595999939, 42.034019627000077 ], [ -4.559806747999971, 42.040965405000065 ], [ -4.556069289999925, 42.050938214000041 ], [ -4.558610769999973, 42.058377819000043 ], [ -4.548456210999973, 42.065874004000079 ], [ -4.546199499999943, 42.071193999000059 ], [ -4.542813686999978, 42.063972470000067 ], [ -4.549320497999929, 42.054292732000079 ], [ -4.54485, 42.050948499000071 ] ] ] } },
{ "type": "Feature", "properties": { "code": "34121", "name": "Palenzuela" }, "geometry": { "type": "MultiPolygon", "coordinates": [ [ [ [ -3.983164, 41.91329199900008 ], [ -3.9822, 41.91099549900008 ], [ -3.982337499999971, 41.904994999000053 ], [ -3.980727, 41.900604499000053 ], [ -3.987908499999946, 41.896381499000029 ], [ -3.998261499999956, 41.89240249900007 ], [ -4.00713849999994, 41.885150999000075 ], [ -4.017415, 41.879455499000073 ], [ -4.035244499999976, 41.873787499000059 ], [ -4.033339499999954, 41.878188999000031 ], [ -4.033439499999929, 41.887462499000037 ], [ -4.03675, 41.909499999000047 ], [ -4.041555315999972, 41.92170641000007 ], [ -4.04232449999995, 41.934970999000029 ], [ -4.040642588999958, 41.94936253000003 ], [ -4.049844458999928, 41.95957955800003 ], [ -4.049211499999956, 41.964297999000053 ], [ -4.045506706999959, 41.967847980000045 ], [ -4.046659279999972, 41.985563042000081 ], [ -4.029121499999974, 41.97654699900005 ], [ -4.032432084999925, 41.955082591000064 ], [ -4.025254565999944, 41.954336735000027 ], [ -4.019633, 41.958350999000061 ], [ -4.01591388199995, 41.924635334000072 ], [ -4.010107017999928, 41.912965219000057 ], [ -4.006231853999964, 41.910325506000049 ], [ -3.996887175999973, 41.913447487000042 ], [ -3.983164, 41.91329199900008 ] ] ], [ [ [ -4.031965499999956, 42.078616999000076 ], [ -4.028233758999932, 42.08866636700003 ], [ -4.03772349999997, 42.102565999000035 ], [ -4.03346449999998, 42.106956499000034 ], [ -4.025669, 42.091533499000036 ], [ -4.024403, 42.083530499000062 ], [ -4.024352499999964, 42.081054499000061 ], [ -4.031965499999956, 42.078616999000076 ] ] ], [ [ [ -4.186923, 42.126399999000057 ], [ -4.178341499999931, 42.130737499000077 ], [ -4.175739054999951, 42.126720642000066 ], [ -4.154602411999974, 42.131249409000077 ], [ -4.147093935999976, 42.130027815000062 ], [ -4.140203165999935, 42.119843307000053 ], [ -4.126293399999952, 42.123086042000068 ], [ -4.121297314999936, 42.127432193000061 ], [ -4.115235499999926, 42.124767499000029 ], [ -4.103085470999929, 42.109837028000072 ], [ -4.085528537999949, 42.103747780000049 ], [ -4.075717734999955, 42.104996640000024 ], [ -4.056233499999962, 42.100894999000047 ], [ -4.060638575999974, 42.091718383000057 ], [ -4.070658072999947, 42.084766251000076 ], [ -4.078098115999978, 42.083094962000075 ], [ -4.102200492999941, 42.086426279000079 ], [ -4.104135499999927, 42.061606999000048 ], [ -4.109431775999951, 42.069275853000079 ], [ -4.119772381999951, 42.070705260000068 ], [ -4.12376715299996, 42.075638312000081 ], [ -4.136417738999967, 42.074843134000048 ], [ -4.141138972999954, 42.069925703000081 ], [ -4.143359382999961, 42.075379415000043 ], [ -4.156983388999947, 42.079240695000067 ], [ -4.168411356999968, 42.078514270000028 ], [ -4.175265683999953, 42.072572365000042 ], [ -4.191170499999942, 42.075842999000031 ], [ -4.190986900999974, 42.080301722000058 ], [ -4.181586889999949, 42.082178203000069 ], [ -4.177702044999933, 42.085972129000027 ], [ -4.179239008999957, 42.091590197000073 ], [ -4.173719499999947, 42.106521499000053 ], [ -4.174017499999934, 42.108337499000072 ], [ -4.17153449999995, 42.109317499000042 ], [ -4.174916, 42.114345499000081 ], [ -4.174189, 42.121478999000033 ], [ -4.186923, 42.126399999000057 ] ] ], [ [ [ -4.133381, 41.98318849900005 ], [ -4.125794693999978, 41.983657359000063 ], [ -4.120028935999926, 41.97987186000006 ], [ -4.117290824999941, 41.987099010000065 ], [ -4.100533814999949, 41.988547831000062 ], [ -4.091606531999957, 41.982732874000078 ], [ -4.105958960999942, 41.967173695000042 ], [ -4.129777499999932, 41.967856999000048 ], [ -4.127066900999978, 41.974427659000071 ], [ -4.133381, 41.98318849900005 ] ] ] ] } },
{ "type": "Feature", "properties": { "code": "34122", "name": "Páramo de Boedo" }, "geometry": { "type": "Polygon", "coordinates": [ [ [ -4.425066, 42.565051999000048 ], [ -4.440023040999961, 42.567831328000068 ], [ -4.444063, 42.573188499000025 ], [ -4.441865642999971, 42.578657064000026 ], [ -4.427016373999948, 42.583879824000064 ], [ -4.417161569999962, 42.598079233000078 ], [ -4.400008186999969, 42.60439130900005 ], [ -4.388961, 42.613589999000055 ], [ -4.375475109999968, 42.606981025000039 ], [ -4.360115955999959, 42.610750544000041 ], [ -4.349239796999939, 42.606184662000032 ], [ -4.341110848999961, 42.607036915000037 ], [ -4.340381125999954, 42.592841319000058 ], [ -4.349887499999966, 42.583739999000045 ], [ -4.377453000999935, 42.589207349000048 ], [ -4.400843168999927, 42.571353670000065 ], [ -4.425066, 42.565051999000048 ] ] ] } },
{ "type": "Feature", "properties": { "code": "34123", "name": "Paredes de Nava" }, "geometry": { "type": "Polygon", "coordinates": [ [ [ -4.591802, 42.218410499000072 ], [ -4.592448499999932, 42.216629499000078 ], [ -4.590631499999972, 42.211292999000079 ], [ -4.617604262999976, 42.203514560000031 ], [ -4.623575420999941, 42.197310859000027 ], [ -4.627074801999925, 42.179678170000045 ], [ -4.620693804999974, 42.179976703000079 ], [ -4.618388421999953, 42.172765709000032 ], [ -4.608801609999944, 42.166045552000071 ], [ -4.611929, 42.154629499000066 ], [ -4.636052865999943, 42.15741573300005 ], [ -4.641129689999957, 42.151819295000053 ], [ -4.643851416999951, 42.139879439000026 ], [ -4.668025247999935, 42.13279146800005 ], [ -4.691357610999944, 42.113464208000039 ], [ -4.695131590999949, 42.107332860000042 ], [ -4.700719951999929, 42.10599505700003 ], [ -4.709127, 42.098522499000069 ], [ -4.719669996999926, 42.105317543000069 ], [ -4.742564560999938, 42.11201761500007 ], [ -4.753059651999934, 42.108291603000055 ], [ -4.759038799999928, 42.110240808000071 ], [ -4.769937651999953, 42.122833804000038 ], [ -4.765587081999968, 42.129560143000049 ], [ -4.775357888999963, 42.138806173000035 ], [ -4.777113499999928, 42.145290499000055 ], [ -4.774672499999951, 42.148517499000036 ], [ -4.78689849999995, 42.153766499000028 ], [ -4.777816944999927, 42.163859321000075 ], [ -4.763620813999978, 42.171000781000032 ], [ -4.752364027999931, 42.18838220400005 ], [ -4.730954192999945, 42.204196591000027 ], [ -4.71595, 42.203075499000079 ], [ -4.703157586999964, 42.207194659000038 ], [ -4.696277443999975, 42.217381461000059 ], [ -4.678185499999927, 42.220592499000077 ], [ -4.666563733999965, 42.217912639000076 ], [ -4.655328442999974, 42.21916447600006 ], [ -4.645077840999932, 42.223831308000058 ], [ -4.639031, 42.231147499000031 ], [ -4.634001499999954, 42.231586499000059 ], [ -4.625839, 42.235114999000075 ], [ -4.620407, 42.235923999000079 ], [ -4.612851, 42.239955999000074 ], [ -4.611235499999964, 42.241725999000039 ], [ -4.604835, 42.235942999000031 ], [ -4.606153, 42.229610499000046 ], [ -4.601723, 42.224116999000046 ], [ -4.60064749999998, 42.220809999000039 ], [ -4.598877499999958, 42.219348999000033 ], [ -4.591802, 42.218410499000072 ] ] ] } },
{ "type": "Feature", "properties": { "code": "34124", "name": "Payo de Ojeda" }, "geometry": { "type": "Polygon", "coordinates": [ [ [ -4.445161, 42.708671499000047 ], [ -4.463103373999957, 42.707181971000068 ], [ -4.481925216999969, 42.701219664000064 ], [ -4.491912499999955, 42.703437999000073 ], [ -4.510677273999931, 42.718653700000061 ], [ -4.51710935899996, 42.728404817000069 ], [ -4.530390112999953, 42.732779783000069 ], [ -4.526734814999941, 42.745682660000057 ], [ -4.528007, 42.765685999000027 ], [ -4.524959, 42.765998999000033 ], [ -4.501551277999965, 42.749032906000025 ], [ -4.486473427999954, 42.730593523000039 ], [ -4.470770824999931, 42.725732445000062 ], [ -4.456020268999964, 42.713212767000073 ], [ -4.445161, 42.708671499000047 ] ] ] } },
{ "type": "Feature", "properties": { "code": "34125", "name": "Pedraza de Campos" }, "geometry": { "type": "Polygon", "coordinates": [ [ [ -4.675769499999944, 41.97697449900005 ], [ -4.667697, 41.950649499000065 ], [ -4.676385958999958, 41.94910204200005 ], [ -4.69231, 41.938808999000059 ], [ -4.70314185999996, 41.941043183000033 ], [ -4.710269942999957, 41.950872446000062 ], [ -4.723236097999973, 41.950230572000066 ], [ -4.742590499999949, 41.956184499000074 ], [ -4.747947, 41.966300999000055 ], [ -4.756036, 41.973090999000078 ], [ -4.753454, 41.975742499000035 ], [ -4.758497499999976, 41.983592999000052 ], [ -4.760957, 41.984779499000069 ], [ -4.765436, 41.990905499000064 ], [ -4.765044, 41.99332799900003 ], [ -4.763414499999953, 41.995952999000053 ], [ -4.755327499999964, 42.002643499000044 ], [ -4.751538499999981, 42.000072499000055 ], [ -4.744442499999934, 42.00640499900004 ], [ -4.72472595499994, 41.999383255000055 ], [ -4.706862635999926, 41.987714425000036 ], [ -4.704284146999953, 41.976788015000068 ], [ -4.695034630999942, 41.976161580000053 ], [ -4.689477176999958, 41.979200598000034 ], [ -4.675769499999944, 41.97697449900005 ] ] ] } },
{ "type": "Feature", "properties": { "code": "34126", "name": "Pedrosa de la Vega" }, "geometry": { "type": "Polygon", "coordinates": [ [ [ -4.763772, 42.458579999000051 ], [ -4.795343499999944, 42.455831422000074 ], [ -4.800329, 42.458938499000055 ], [ -4.798928499999931, 42.463572999000064 ], [ -4.800006, 42.472724499000037 ], [ -4.785614, 42.473991999000077 ], [ -4.780866, 42.478999999000052 ], [ -4.776564, 42.485210499000061 ], [ -4.77128, 42.483318499000063 ], [ -4.76383949999996, 42.482658499000081 ], [ -4.758617499999957, 42.480849499000044 ], [ -4.75433049999998, 42.481094499000051 ], [ -4.749575, 42.487293499000032 ], [ -4.73919049999995, 42.490592999000057 ], [ -4.73951349999993, 42.494315999000037 ], [ -4.742035, 42.497951999000065 ], [ -4.740652499999953, 42.501170999000067 ], [ -4.738289499999951, 42.500690499000029 ], [ -4.73728449999993, 42.505695499000069 ], [ -4.738068, 42.507583999000076 ], [ -4.72445700399993, 42.508430402000045 ], [ -4.718531499999926, 42.505021499000065 ], [ -4.701146499999936, 42.47375499900005 ], [ -4.722377499999936, 42.469909999000038 ], [ -4.728202472999953, 42.473334310000041 ], [ -4.75525216099993, 42.465639859000078 ], [ -4.763772, 42.458579999000051 ] ] ] } },
{ "type": "Feature", "properties": { "code": "34127", "name": "Perales" }, "geometry": { "type": "Polygon", "coordinates": [ [ [ -4.611929, 42.154629499000066 ], [ -4.608801609999944, 42.166045552000071 ], [ -4.618388421999953, 42.172765709000032 ], [ -4.620693804999974, 42.179976703000079 ], [ -4.627074801999925, 42.179678170000045 ], [ -4.623575420999941, 42.197310859000027 ], [ -4.617604262999976, 42.203514560000031 ], [ -4.590631499999972, 42.211292999000079 ], [ -4.573502303999931, 42.194384548000073 ], [ -4.568919437999966, 42.194499223000037 ], [ -4.564228499999956, 42.189456999000072 ], [ -4.556271014999936, 42.166084890000036 ], [ -4.559024288999979, 42.159095054000034 ], [ -4.569523499999946, 42.151321499000062 ], [ -4.575208619999955, 42.148693395000066 ], [ -4.59960887699998, 42.149173898000072 ], [ -4.611929, 42.154629499000066 ] ], [ [ -4.602695900999947, 42.167766442000072 ], [ -4.59716289499994, 42.163790014000028 ], [ -4.586672112999963, 42.170962528000075 ], [ -4.588952375999952, 42.172075806000066 ], [ -4.602695900999947, 42.167766442000072 ] ] ] } },
{ "type": "Feature", "properties": { "code": "34129", "name": "Pino del Río" }, "geometry": { "type": "Polygon", "coordinates": [ [ [ -4.76921649999997, 42.585719999000048 ], [ -4.787433361999945, 42.591797954000072 ], [ -4.790917460999935, 42.596606910000048 ], [ -4.802168499999937, 42.59415799900006 ], [ -4.811185290999958, 42.609854805000055 ], [ -4.801723754999955, 42.619763994000039 ], [ -4.802779361999967, 42.629872230000046 ], [ -4.820820826999977, 42.631342639000025 ], [ -4.824796997999954, 42.63517261700008 ], [ -4.866258846999926, 42.644525746000056 ], [ -4.897295499999927, 42.643897999000046 ], [ -4.896199499999966, 42.655639499000074 ], [ -4.863132596999947, 42.65590577100005 ], [ -4.858292585999948, 42.663378105000049 ], [ -4.810981258999959, 42.666248010000061 ], [ -4.785281564999934, 42.673016404000066 ], [ -4.769204499999944, 42.681838999000036 ], [ -4.765180907999934, 42.673419224000043 ], [ -4.74293206699997, 42.651000331000034 ], [ -4.732565, 42.635661999000035 ], [ -4.744092327999965, 42.63211362100003 ], [ -4.752083779999964, 42.636712610000075 ], [ -4.771605516999955, 42.63757528900004 ], [ -4.77898855199993, 42.63476954500004 ], [ -4.776191388999962, 42.624473407000039 ], [ -4.770040177999931, 42.615649184000063 ], [ -4.770898586999976, 42.607586555000069 ], [ -4.765476467999974, 42.599914062000039 ], [ -4.76921649999997, 42.585719999000048 ] ] ] } },
{ "type": "Feature", "properties": { "code": "34130", "name": "Piña de Campos" }, "geometry": { "type": "Polygon", "coordinates": [ [ [ -4.463876499999969, 42.223373499000047 ], [ -4.460016499999938, 42.235156999000026 ], [ -4.416597499999966, 42.227794499000026 ], [ -4.416635, 42.223514499000032 ], [ -4.419771, 42.207717499000069 ], [ -4.425129499999969, 42.198699999000041 ], [ -4.432240499999978, 42.194987999000034 ], [ -4.440094921999957, 42.195064224000078 ], [ -4.453674476999936, 42.202442968000071 ], [ -4.456685094999955, 42.20550535600006 ], [ -4.456793096999945, 42.211757863000059 ], [ -4.463005, 42.216064499000026 ], [ -4.462968, 42.221252499000059 ], [ -4.463876499999969, 42.223373499000047 ] ] ] } },
{ "type": "Feature", "properties": { "code": "34131", "name": "Población de Arroyo" }, "geometry": { "type": "Polygon", "coordinates": [ [ [ -4.899624, 42.309642999000062 ], [ -4.904141, 42.309306999000057 ], [ -4.907945499999926, 42.310344499000053 ], [ -4.91662649999995, 42.316497999000035 ], [ -4.946212499999945, 42.324016499000038 ], [ -4.94230349999998, 42.329890999000042 ], [ -4.899460631999943, 42.325258041000041 ], [ -4.897588728999949, 42.338556014000062 ], [ -4.890830499999936, 42.347022999000046 ], [ -4.855942757999969, 42.343747399000051 ], [ -4.844968, 42.339610999000058 ], [ -4.831477264999933, 42.331054097000049 ], [ -4.838982034999958, 42.316439487000025 ], [ -4.85370172699993, 42.303746216000036 ], [ -4.866769264999959, 42.305880805000072 ], [ -4.876609040999938, 42.315984799000034 ], [ -4.88264432699998, 42.318058839000059 ], [ -4.891879177999954, 42.318062979000047 ], [ -4.899624, 42.309642999000062 ] ] ] } },
{ "type": "Feature", "properties": { "code": "34132", "name": "Población de Campos" }, "geometry": { "type": "Polygon", "coordinates": [ [ [ -4.501191, 42.241569499000036 ], [ -4.495655694999925, 42.243889337000041 ], [ -4.489898191999941, 42.254891794000059 ], [ -4.482834667999953, 42.256673757000044 ], [ -4.479676440999981, 42.262976454000068 ], [ -4.469620907999968, 42.269090018000043 ], [ -4.460376499999938, 42.279224499000065 ], [ -4.435112, 42.311622499000066 ], [ -4.417644818999975, 42.299170250000032 ], [ -4.433912071999941, 42.282653788000061 ], [ -4.43164216699995, 42.277089419000049 ], [ -4.433673012999975, 42.266746315000034 ], [ -4.449530773999925, 42.248430422000069 ], [ -4.456383664999976, 42.244256329000052 ], [ -4.463876499999969, 42.223373499000047 ], [ -4.473298763999935, 42.23006487300006 ], [ -4.491377872999976, 42.234869748000051 ], [ -4.501191, 42.241569499000036 ] ] ] } },
{ "type": "Feature", "properties": { "code": "34133", "name": "Población de Cerrato" }, "geometry": { "type": "Polygon", "coordinates": [ [ [ -4.442215499999975, 41.758643999000071 ], [ -4.446873, 41.758208999000033 ], [ -4.447647953999933, 41.774805536000031 ], [ -4.445545338999978, 41.779176095000025 ], [ -4.452987764999932, 41.782390433000046 ], [ -4.455340286999956, 41.80210526500008 ], [ -4.448855096999978, 41.809584919000031 ], [ -4.450408, 41.820022499000061 ], [ -4.436197831999948, 41.820090959000026 ], [ -4.429953971999964, 41.815313892000063 ], [ -4.419839, 41.815315499000064 ], [ -4.414342534999946, 41.810020201000043 ], [ -4.403993, 41.783164999000064 ], [ -4.421447, 41.768127499000059 ], [ -4.434008, 41.761775999000065 ], [ -4.442215499999975, 41.758643999000071 ] ] ] } },
{ "type": "Feature", "properties": { "code": "34134", "name": "Polentinos" }, "geometry": { "type": "Polygon", "coordinates": [ [ [ -4.579191499999979, 42.963611499000081 ], [ -4.569343452999931, 42.961243231000026 ], [ -4.556665643999963, 42.953631717000064 ], [ -4.528900496999938, 42.952080064000029 ], [ -4.520041499999934, 42.948100999000076 ], [ -4.514343, 42.940643499000032 ], [ -4.51320149999998, 42.936572999000077 ], [ -4.515141, 42.935680499000057 ], [ -4.51699949999994, 42.93303699900008 ], [ -4.513715499999932, 42.92757799900005 ], [ -4.522065, 42.92620849900004 ], [ -4.527163499999972, 42.926761499000065 ], [ -4.530449, 42.925823499000046 ], [ -4.532057499999951, 42.924487999000064 ], [ -4.538386, 42.924213499000075 ], [ -4.540762499999971, 42.926101499000026 ], [ -4.549390499999959, 42.926200999000059 ], [ -4.562224, 42.924846499000068 ], [ -4.561546499999963, 42.931121999000027 ], [ -4.571783, 42.939883999000074 ], [ -4.57851549999998, 42.948642999000072 ], [ -4.581394499999931, 42.949119499000062 ], [ -4.58437, 42.952758499000026 ], [ -4.579191499999979, 42.963611499000081 ] ] ] } },
{ "type": "Feature", "properties": { "code": "34135", "name": "Pomar de Valdivia" }, "geometry": { "type": "MultiPolygon", "coordinates": [ [ [ [ -4.178731, 42.826129499000047 ], [ -4.163761060999946, 42.820324249000066 ], [ -4.16173979499996, 42.815672147000043 ], [ -4.165321523999978, 42.81268979500004 ], [ -4.172922931999949, 42.812263770000072 ], [ -4.182189274999928, 42.818222954000078 ], [ -4.182522608999932, 42.812529941000037 ], [ -4.152527679999935, 42.791701592000038 ], [ -4.120923725999944, 42.794138732000079 ], [ -4.101557905999925, 42.791329997000048 ], [ -4.095052674999977, 42.77657782600005 ], [ -4.085262772999954, 42.770646701000032 ], [ -4.08145849999994, 42.761622999000053 ], [ -4.085377752999932, 42.762580249000052 ], [ -4.090298251999968, 42.750389306000045 ], [ -4.110304539999959, 42.734278523000057 ], [ -4.122644949999938, 42.736279878000062 ], [ -4.120844894999948, 42.745056230000046 ], [ -4.127477729999953, 42.752014723000059 ], [ -4.141064297999947, 42.753007826000044 ], [ -4.158636, 42.747649999000032 ], [ -4.174853927999948, 42.756453640000075 ], [ -4.20063846599993, 42.75654619200003 ], [ -4.214966726999933, 42.77434041500004 ], [ -4.221807936999937, 42.767426571000044 ], [ -4.222298480999939, 42.756563136000068 ], [ -4.24524940799995, 42.73746993900005 ], [ -4.262941231999946, 42.740821295000046 ], [ -4.272183761999941, 42.751939746000062 ], [ -4.265585677999979, 42.759268891000033 ], [ -4.263246359999926, 42.768355840000027 ], [ -4.233774531999927, 42.784323279000034 ], [ -4.231105691999971, 42.792447821000053 ], [ -4.222190093999927, 42.800258516000042 ], [ -4.205162343999973, 42.806395216000055 ], [ -4.206469754999944, 42.823088329000029 ], [ -4.194138240999962, 42.826284987000065 ], [ -4.178731, 42.826129499000047 ] ] ], [ [ [ -4.113224499999944, 42.816212999000072 ], [ -4.112242499999979, 42.818428499000049 ], [ -4.112464, 42.822269499000072 ], [ -4.1073, 42.827701499000057 ], [ -4.091835499999945, 42.821015999000053 ], [ -4.088870499999928, 42.818534499000066 ], [ -4.089333499999952, 42.809075499000073 ], [ -4.087728499999969, 42.805549499000051 ], [ -4.089491499999951, 42.800323499000058 ], [ -4.091462499999977, 42.798063499000079 ], [ -4.101572, 42.793734999000037 ], [ -4.109354, 42.803059499000028 ], [ -4.105816499999946, 42.808388999000044 ], [ -4.109434, 42.813292999000055 ], [ -4.113224499999944, 42.816212999000072 ] ] ] ] } },
{ "type": "Feature", "properties": { "code": "34136", "name": "Poza de la Vega" }, "geometry": { "type": "Polygon", "coordinates": [ [ [ -4.802168499999937, 42.59415799900006 ], [ -4.790917460999935, 42.596606910000048 ], [ -4.787433361999945, 42.591797954000072 ], [ -4.76921649999997, 42.585719999000048 ], [ -4.76955049999998, 42.582023499000059 ], [ -4.773269499999969, 42.576141499000073 ], [ -4.77602, 42.565280499000039 ], [ -4.779932, 42.563186499000039 ], [ -4.793230549999976, 42.565895565000062 ], [ -4.812422880999975, 42.564221015000044 ], [ -4.815516, 42.553477999000052 ], [ -4.825601, 42.55392099900007 ], [ -4.828375374999951, 42.564189838000061 ], [ -4.845456403999947, 42.567229477000069 ], [ -4.861945327999933, 42.577294603000041 ], [ -4.896020862999933, 42.591867411000067 ], [ -4.890735682999946, 42.594907155000044 ], [ -4.876577944999951, 42.591383792000045 ], [ -4.847274237999954, 42.592980976000035 ], [ -4.825339158999952, 42.585371240000029 ], [ -4.802168499999937, 42.59415799900006 ] ] ] } },
{ "type": "Feature", "properties": { "code": "34137", "name": "Pozo de Urama" }, "geometry": { "type": "Polygon", "coordinates": [ [ [ -4.908666, 42.283611499000074 ], [ -4.903578499999981, 42.282596499000078 ], [ -4.901079, 42.281314999000074 ], [ -4.885459321999974, 42.270114034000073 ], [ -4.882300344999976, 42.26160843200006 ], [ -4.870784, 42.248130999000068 ], [ -4.872635, 42.248794499000041 ], [ -4.877359499999955, 42.24422449900004 ], [ -4.883693499999936, 42.241626499000063 ], [ -4.902687, 42.236392999000032 ], [ -4.91655, 42.236369999000033 ], [ -4.915390976999959, 42.248671502000036 ], [ -4.920328449999943, 42.261280039000042 ], [ -4.919121186999973, 42.272566206000079 ], [ -4.915728017999925, 42.279318212000078 ], [ -4.908666, 42.283611499000074 ] ] ] } },
{ "type": "Feature", "properties": { "code": "34139", "name": "Prádanos de Ojeda" }, "geometry": { "type": "MultiPolygon", "coordinates": [ [ [ [ -4.349690499999951, 42.648612999000079 ], [ -4.352153155999929, 42.656916341000056 ], [ -4.370325, 42.670566499000074 ], [ -4.365298209999935, 42.693534758000055 ], [ -4.355669362999947, 42.697984052000038 ], [ -4.34601349999997, 42.712283999000078 ], [ -4.325957424999956, 42.703086358000064 ], [ -4.321948817999953, 42.694800824000026 ], [ -4.327154220999944, 42.68353537400003 ], [ -4.32695298799996, 42.667698615000063 ], [ -4.339463643999977, 42.655043128000045 ], [ -4.34220449999998, 42.647071999000048 ], [ -4.347562039999957, 42.645484689000057 ], [ -4.349690499999951, 42.648612999000079 ] ] ], [ [ [ -4.398051499999951, 42.637866999000039 ], [ -4.386638, 42.63689049900006 ], [ -4.384117936999928, 42.621071662000077 ], [ -4.390629786999966, 42.615500085000065 ], [ -4.396399499999973, 42.616950999000039 ], [ -4.409825499999954, 42.626239999000063 ], [ -4.404373499999963, 42.628268999000056 ], [ -4.401276, 42.630496999000059 ], [ -4.399881, 42.636276499000076 ], [ -4.398051499999951, 42.637866999000039 ] ] ] ] } },
{ "type": "Feature", "properties": { "code": "34140", "name": "Puebla de Valdavia, La" }, "geometry": { "type": "Polygon", "coordinates": [ [ [ -4.66643, 42.682533499000044 ], [ -4.650444486999959, 42.691161367000063 ], [ -4.63037126699993, 42.683048634000045 ], [ -4.617859947999932, 42.683581696000033 ], [ -4.594506340999942, 42.690522478000048 ], [ -4.595716196999945, 42.702155665000078 ], [ -4.580135446999975, 42.712174901000026 ], [ -4.568067499999927, 42.726825499000029 ], [ -4.562232499999936, 42.724536999000065 ], [ -4.541118, 42.726161999000055 ], [ -4.541645, 42.714835999000059 ], [ -4.556609936999962, 42.706954587000041 ], [ -4.551119694999954, 42.686846635000052 ], [ -4.55935044499995, 42.68694533200005 ], [ -4.562115, 42.676978999000028 ], [ -4.572691386999963, 42.681053998000039 ], [ -4.593497771999978, 42.662684647000049 ], [ -4.610274389999972, 42.659216536000031 ], [ -4.620001588999969, 42.663669196000058 ], [ -4.634514343999967, 42.662108968000041 ], [ -4.656671321999966, 42.678490060000058 ], [ -4.66643, 42.682533499000044 ] ] ] } },
{ "type": "Feature", "properties": { "code": "34141", "name": "Quintana del Puente" }, "geometry": { "type": "Polygon", "coordinates": [ [ [ -4.191170499999942, 42.075842999000031 ], [ -4.190391, 42.072862499000053 ], [ -4.193689499999948, 42.070457499000042 ], [ -4.212598580999952, 42.07746422300005 ], [ -4.216128499999968, 42.075050499000042 ], [ -4.218835904999935, 42.084829830000047 ], [ -4.231553785999949, 42.093656224000028 ], [ -4.211173742999961, 42.112381855000081 ], [ -4.208199470999944, 42.112696148000055 ], [ -4.194184160999953, 42.099575036000033 ], [ -4.175012, 42.10241299900008 ], [ -4.179239008999957, 42.091590197000073 ], [ -4.177702044999933, 42.085972129000027 ], [ -4.181586889999949, 42.082178203000069 ], [ -4.190986900999974, 42.080301722000058 ], [ -4.191170499999942, 42.075842999000031 ] ] ] } },
{ "type": "Feature", "properties": { "code": "34143", "name": "Quintanilla de Onsoña" }, "geometry": { "type": "Polygon", "coordinates": [ [ [ -4.677239499999928, 42.434406499000033 ], [ -4.684050011999943, 42.448423720000051 ], [ -4.698560310999937, 42.464679748000037 ], [ -4.701146499999936, 42.47375499900005 ], [ -4.718531499999926, 42.505021499000065 ], [ -4.69710043799995, 42.508868649000078 ], [ -4.679566828999953, 42.523707708000074 ], [ -4.665447985999947, 42.508374513000035 ], [ -4.654135026999938, 42.501945872000078 ], [ -4.650072954999928, 42.507566972000063 ], [ -4.64295526899997, 42.501548931000059 ], [ -4.627507499999979, 42.502208499000062 ], [ -4.624840481999968, 42.500613257000055 ], [ -4.625610439999946, 42.490506067000069 ], [ -4.613812376999931, 42.47078582100005 ], [ -4.638605132999942, 42.462497915000029 ], [ -4.634604969999941, 42.451215298000079 ], [ -4.626309661999926, 42.441995447000068 ], [ -4.632046499999944, 42.423034499000039 ], [ -4.66265567399995, 42.435451786000044 ], [ -4.673657982999941, 42.432667298000069 ], [ -4.677239499999928, 42.434406499000033 ] ] ] } },
{ "type": "Feature", "properties": { "code": "34146", "name": "Reinoso de Cerrato" }, "geometry": { "type": "Polygon", "coordinates": [ [ [ -4.38389449999994, 41.934005499000079 ], [ -4.39634, 41.942844499000046 ], [ -4.403895, 41.946696999000039 ], [ -4.422225499999968, 41.963767999000027 ], [ -4.43167649999998, 41.967162999000038 ], [ -4.429463523999971, 41.976360769000053 ], [ -4.409942647999969, 41.974848873000042 ], [ -4.399055499999974, 41.980392499000061 ], [ -4.389321286999973, 41.982654263000029 ], [ -4.374254, 41.978275999000061 ], [ -4.364838317999954, 41.981135518000031 ], [ -4.354712147999976, 41.974845860000073 ], [ -4.345304284999941, 41.973827534000065 ], [ -4.355418204999978, 41.960655469000073 ], [ -4.363377703999959, 41.955677078000065 ], [ -4.362844525999947, 41.943857706000074 ], [ -4.356576206999932, 41.941350674000034 ], [ -4.361105, 41.934367999000074 ], [ -4.366764965999948, 41.93056544600006 ], [ -4.372480067999959, 41.934659683000064 ], [ -4.38389449999994, 41.934005499000079 ] ] ] } },
{ "type": "Feature", "properties": { "code": "34147", "name": "Renedo de la Vega" }, "geometry": { "type": "Polygon", "coordinates": [ [ [ -4.734313, 42.419219999000063 ], [ -4.725709, 42.423717499000077 ], [ -4.734016499999939, 42.427024999000025 ], [ -4.734358, 42.432437999000058 ], [ -4.719772, 42.440852999000072 ], [ -4.719228499999929, 42.446731499000066 ], [ -4.719783499999949, 42.451079999000058 ], [ -4.721641499999976, 42.451881499000081 ], [ -4.723443, 42.454170499000043 ], [ -4.724018, 42.457862999000042 ], [ -4.724069499999928, 42.461505499000054 ], [ -4.722846499999946, 42.463489499000048 ], [ -4.722573, 42.467212499000027 ], [ -4.724263, 42.471240999000031 ], [ -4.722377499999936, 42.469909999000038 ], [ -4.701146499999936, 42.47375499900005 ], [ -4.698560310999937, 42.464679748000037 ], [ -4.684050011999943, 42.448423720000051 ], [ -4.677239499999928, 42.434406499000033 ], [ -4.679467, 42.427661999000065 ], [ -4.682805, 42.425201499000025 ], [ -4.684655, 42.422607499000037 ], [ -4.680418499999973, 42.420993999000075 ], [ -4.678476, 42.413844999000048 ], [ -4.691027505999955, 42.417417349000061 ], [ -4.705108619999976, 42.414880080000046 ], [ -4.722809499999926, 42.403506999000058 ], [ -4.729450823999969, 42.40661607100003 ], [ -4.734313, 42.419219999000063 ] ] ] } },
{ "type": "Feature", "properties": { "code": "34149", "name": "Requena de Campos" }, "geometry": { "type": "Polygon", "coordinates": [ [ [ -4.314758499999925, 42.294822999000075 ], [ -4.326558, 42.299915499000065 ], [ -4.33994249999995, 42.296542999000053 ], [ -4.358793499999933, 42.284168499000032 ], [ -4.360960499999976, 42.285053499000071 ], [ -4.363937499999963, 42.297179999000036 ], [ -4.367404, 42.30486649900007 ], [ -4.367956499999934, 42.31195449900008 ], [ -4.355975499999943, 42.327499499000055 ], [ -4.348185499999943, 42.32419599900004 ], [ -4.343074, 42.320075999000039 ], [ -4.33382, 42.316932499000075 ], [ -4.328564, 42.316264999000055 ], [ -4.321797, 42.31755799900003 ], [ -4.316068499999972, 42.317569499000058 ], [ -4.313097499999969, 42.31587599900007 ], [ -4.31041, 42.310951499000055 ], [ -4.302759, 42.302421999000046 ], [ -4.314758499999925, 42.294822999000075 ] ] ] } },
{ "type": "Feature", "properties": { "code": "34151", "name": "Respenda de la Peña" }, "geometry": { "type": "Polygon", "coordinates": [ [ [ -4.775237, 42.702460999000039 ], [ -4.79630949999995, 42.726981999000031 ], [ -4.774452491999966, 42.738915072000054 ], [ -4.770524869999974, 42.745831072000044 ], [ -4.756367233999981, 42.742507565000039 ], [ -4.734817542999963, 42.757063948000052 ], [ -4.729854219999936, 42.763685629000065 ], [ -4.719858492999947, 42.765974296000024 ], [ -4.706346762999942, 42.777437589000044 ], [ -4.687229744999968, 42.781156965000037 ], [ -4.669614, 42.778587499000025 ], [ -4.667284282999958, 42.772483775000069 ], [ -4.651764704999948, 42.765137192000054 ], [ -4.639112352999973, 42.754216968000037 ], [ -4.622825019999937, 42.752705439000067 ], [ -4.611892656999942, 42.745232949000069 ], [ -4.594264499999952, 42.742896999000038 ], [ -4.618422296999938, 42.739526376000072 ], [ -4.650353535999955, 42.719012292000059 ], [ -4.66210517199994, 42.706843057000071 ], [ -4.678357719999951, 42.722219167000048 ], [ -4.682432972999948, 42.73089841400008 ], [ -4.699329089999935, 42.740631173000054 ], [ -4.722432009999977, 42.724277445000041 ], [ -4.729282912999963, 42.706052413000066 ], [ -4.739665965999961, 42.705314975000078 ], [ -4.753237402999957, 42.709616570000037 ], [ -4.761600428999941, 42.705330059000062 ], [ -4.767274, 42.698077999000077 ], [ -4.775237, 42.702460999000039 ] ] ] } },
{ "type": "Feature", "properties": { "code": "34152", "name": "Revenga de Campos" }, "geometry": { "type": "Polygon", "coordinates": [ [ [ -4.540315499999963, 42.246085999000059 ], [ -4.537399059999927, 42.263891064000063 ], [ -4.524749, 42.269156999000074 ], [ -4.505056499999966, 42.285392999000067 ], [ -4.500567, 42.284801499000025 ], [ -4.491530499999953, 42.285793499000079 ], [ -4.489671499999929, 42.287746499000036 ], [ -4.482497499999965, 42.291118499000049 ], [ -4.47690149999994, 42.289901999000051 ], [ -4.460376499999938, 42.279224499000065 ], [ -4.469620907999968, 42.269090018000043 ], [ -4.479676440999981, 42.262976454000068 ], [ -4.482834667999953, 42.256673757000044 ], [ -4.489898191999941, 42.254891794000059 ], [ -4.495655694999925, 42.243889337000041 ], [ -4.501191, 42.241569499000036 ], [ -4.514417499999979, 42.236137499000051 ], [ -4.535007499999949, 42.238608999000064 ], [ -4.532952499999965, 42.24233999900008 ], [ -4.538902499999949, 42.243259499000033 ], [ -4.540315499999963, 42.246085999000059 ] ] ] } },
{ "type": "Feature", "properties": { "code": "34154", "name": "Revilla de Collazos" }, "geometry": { "type": "Polygon", "coordinates": [ [ [ -4.532943499999931, 42.608775999000045 ], [ -4.548179369999957, 42.62292272600007 ], [ -4.544707329999937, 42.632098737000035 ], [ -4.555877, 42.651511999000036 ], [ -4.513157, 42.660144999000067 ], [ -4.509820070999979, 42.653460138000071 ], [ -4.487562307999951, 42.635464528000057 ], [ -4.490465075999964, 42.630926208000062 ], [ -4.485499484999934, 42.626776153000037 ], [ -4.493535899999927, 42.619246844000031 ], [ -4.507016332999967, 42.620327908000036 ], [ -4.532943499999931, 42.608775999000045 ] ] ] } },
{ "type": "Feature", "properties": { "code": "34155", "name": "Ribas de Campos" }, "geometry": { "type": "Polygon", "coordinates": [ [ [ -4.544198499999936, 42.130760499000075 ], [ -4.546919217999971, 42.138734396000075 ], [ -4.539661240999976, 42.155417988000067 ], [ -4.54475, 42.160937999000055 ], [ -4.529718367999976, 42.172494864000043 ], [ -4.514892499999974, 42.178844499000036 ], [ -4.503093217999947, 42.158204819000048 ], [ -4.501620009999954, 42.150340290000031 ], [ -4.492852825999933, 42.140709690000051 ], [ -4.485558499999968, 42.137199499000076 ], [ -4.488899969999977, 42.129992474000062 ], [ -4.507516386999953, 42.136142827000072 ], [ -4.541132588999972, 42.129016353000054 ], [ -4.544198499999936, 42.130760499000075 ] ] ] } },
{ "type": "Feature", "properties": { "code": "34156", "name": "Riberos de la Cueza" }, "geometry": { "type": "Polygon", "coordinates": [ [ [ -4.75185149999993, 42.260886499000037 ], [ -4.744211398999937, 42.271311503000049 ], [ -4.740400966999971, 42.284708686000045 ], [ -4.730068862999929, 42.29425748400007 ], [ -4.702118499999926, 42.310870999000031 ], [ -4.69065821199996, 42.30629014200008 ], [ -4.685323804999939, 42.296099991000062 ], [ -4.676525499999968, 42.290599999000051 ], [ -4.686167, 42.280101999000067 ], [ -4.69026, 42.274006499000052 ], [ -4.692645499999969, 42.272537499000066 ], [ -4.697344, 42.271342999000069 ], [ -4.711176, 42.259998999000061 ], [ -4.714306, 42.258769999000037 ], [ -4.731217165999965, 42.262954219000051 ], [ -4.75185149999993, 42.260886499000037 ] ] ] } },
{ "type": "Feature", "properties": { "code": "34157", "name": "Saldaña" }, "geometry": { "type": "Polygon", "coordinates": [ [ [ -4.703941, 42.61830149900004 ], [ -4.676758113999938, 42.587805348000074 ], [ -4.671804946999941, 42.592342660000043 ], [ -4.648288053999977, 42.572293047000073 ], [ -4.653664499999934, 42.568771499000036 ], [ -4.658581805999972, 42.56869763900005 ], [ -4.660561303999941, 42.565167725000038 ], [ -4.648138777999975, 42.563677117000054 ], [ -4.639631727999927, 42.559474711000064 ], [ -4.63088569599995, 42.550990458000058 ], [ -4.625465209999959, 42.540645286000029 ], [ -4.608365099999958, 42.537973451000028 ], [ -4.601585499999942, 42.539462999000079 ], [ -4.597947499999975, 42.532893999000066 ], [ -4.599657976999936, 42.528310422000061 ], [ -4.596211955999934, 42.522372954000048 ], [ -4.605004616999963, 42.509552192000058 ], [ -4.604125156999942, 42.502295397000069 ], [ -4.613297771999953, 42.501585496000075 ], [ -4.620699176999949, 42.508464475000039 ], [ -4.627507499999979, 42.502208499000062 ], [ -4.64295526899997, 42.501548931000059 ], [ -4.650072954999928, 42.507566972000063 ], [ -4.654135026999938, 42.501945872000078 ], [ -4.665447985999947, 42.508374513000035 ], [ -4.679566828999953, 42.523707708000074 ], [ -4.69710043799995, 42.508868649000078 ], [ -4.718531499999926, 42.505021499000065 ], [ -4.72445700399993, 42.508430402000045 ], [ -4.738068, 42.507583999000076 ], [ -4.744484586999931, 42.510256495000078 ], [ -4.751203442999952, 42.50715036500003 ], [ -4.76353559599994, 42.508309614000041 ], [ -4.756342550999932, 42.522679493000055 ], [ -4.779932, 42.563186499000039 ], [ -4.77602, 42.565280499000039 ], [ -4.773269499999969, 42.576141499000073 ], [ -4.76955049999998, 42.582023499000059 ], [ -4.765476467999974, 42.599914062000039 ], [ -4.770898586999976, 42.607586555000069 ], [ -4.770040177999931, 42.615649184000063 ], [ -4.776191388999962, 42.624473407000039 ], [ -4.77898855199993, 42.63476954500004 ], [ -4.771605516999955, 42.63757528900004 ], [ -4.752083779999964, 42.636712610000075 ], [ -4.744092327999965, 42.63211362100003 ], [ -4.732565, 42.635661999000035 ], [ -4.722238736999941, 42.624174612000047 ], [ -4.719403350999926, 42.612883570000065 ], [ -4.715336932999946, 42.612624875000051 ], [ -4.707274714999926, 42.619081605000076 ], [ -4.703941, 42.61830149900004 ] ] ] } },
{ "type": "Feature", "properties": { "code": "34158", "name": "Salinas de Pisuerga" }, "geometry": { "type": "Polygon", "coordinates": [ [ [ -4.37736149999995, 42.881645499000058 ], [ -4.370795043999976, 42.89252964800005 ], [ -4.351420499999961, 42.893154499000048 ], [ -4.350765349999961, 42.89037124400005 ], [ -4.359445533999974, 42.885280397000031 ], [ -4.355608591999953, 42.875283314000058 ], [ -4.364560024999946, 42.871807033000039 ], [ -4.375230731999977, 42.872453277000034 ], [ -4.376124040999969, 42.868023015000063 ], [ -4.352385499999968, 42.849868499000081 ], [ -4.344435819999944, 42.83837503400008 ], [ -4.33875722199997, 42.837988575000054 ], [ -4.331154914999956, 42.831878873000051 ], [ -4.330386671999975, 42.82868871800008 ], [ -4.335894871999926, 42.823908586000073 ], [ -4.356467198999951, 42.823024371000031 ], [ -4.359913559999939, 42.828816268000026 ], [ -4.364667091999934, 42.830439080000076 ], [ -4.381561526999974, 42.825373672000069 ], [ -4.39627349999995, 42.832530999000028 ], [ -4.390055397999959, 42.838021333000029 ], [ -4.397395977999963, 42.842646771000034 ], [ -4.392433007999955, 42.847524604000057 ], [ -4.398522388999936, 42.851956883000071 ], [ -4.401016, 42.862601999000049 ], [ -4.394147656999962, 42.864040126000077 ], [ -4.382013038999958, 42.872448931000065 ], [ -4.37736149999995, 42.881645499000058 ] ] ] } },
{ "type": "Feature", "properties": { "code": "34159", "name": "San Cebrián de Campos" }, "geometry": { "type": "Polygon", "coordinates": [ [ [ -4.535007499999949, 42.238608999000064 ], [ -4.514417499999979, 42.236137499000051 ], [ -4.493253204999974, 42.208942661000037 ], [ -4.475042, 42.202758499000026 ], [ -4.475636863999966, 42.198136955000052 ], [ -4.48674048099997, 42.191399907000061 ], [ -4.511176165999927, 42.186413235000032 ], [ -4.514892499999974, 42.178844499000036 ], [ -4.529718367999976, 42.172494864000043 ], [ -4.54475, 42.160937999000055 ], [ -4.569523499999946, 42.151321499000062 ], [ -4.559024288999979, 42.159095054000034 ], [ -4.556271014999936, 42.166084890000036 ], [ -4.564228499999956, 42.189456999000072 ], [ -4.550338309999972, 42.196895333000043 ], [ -4.547510286999966, 42.214186892000043 ], [ -4.540674795999962, 42.22287930300007 ], [ -4.546323, 42.234920499000054 ], [ -4.535007499999949, 42.238608999000064 ] ] ] } },
{ "type": "Feature", "properties": { "code": "34160", "name": "San Cebrián de Mudá" }, "geometry": { "type": "Polygon", "coordinates": [ [ [ -4.33056449999998, 42.927970999000081 ], [ -4.323015471999952, 42.90876901300004 ], [ -4.334322817999976, 42.896262947000025 ], [ -4.335367944999973, 42.890503136000063 ], [ -4.351420499999961, 42.893154499000048 ], [ -4.370795043999976, 42.89252964800005 ], [ -4.37736149999995, 42.881645499000058 ], [ -4.398802565999972, 42.890154467000059 ], [ -4.40868921699996, 42.889444621000052 ], [ -4.425457, 42.882587499000067 ], [ -4.431508682999947, 42.88589124300006 ], [ -4.440824561999932, 42.885029878000068 ], [ -4.456457773999944, 42.894449363000035 ], [ -4.457275170999935, 42.90807901900007 ], [ -4.43194796399996, 42.909853100000078 ], [ -4.414688156999944, 42.917435662000059 ], [ -4.403611817999945, 42.917531261000079 ], [ -4.390631604999953, 42.930285283000046 ], [ -4.37646478299996, 42.933353279000073 ], [ -4.37201276299993, 42.948989768000047 ], [ -4.377479499999936, 42.958480999000074 ], [ -4.374815499999954, 42.95557799900007 ], [ -4.366676, 42.950073499000041 ], [ -4.363455, 42.944060999000044 ], [ -4.365096499999936, 42.938522499000044 ], [ -4.364065, 42.936191499000074 ], [ -4.361191499999961, 42.934253499000079 ], [ -4.342693, 42.928970499000059 ], [ -4.33056449999998, 42.927970999000081 ] ] ] } },
{ "type": "Feature", "properties": { "code": "34161", "name": "San Cristóbal de Boedo" }, "geometry": { "type": "Polygon", "coordinates": [ [ [ -4.333859, 42.522903499000051 ], [ -4.346358143999964, 42.516413263000061 ], [ -4.350169864999941, 42.524583370000073 ], [ -4.365824943999939, 42.529331115000048 ], [ -4.373945855999978, 42.539367119000076 ], [ -4.376129499999934, 42.54845799900005 ], [ -4.36259462299995, 42.549539659000061 ], [ -4.354573615999925, 42.559426486000064 ], [ -4.347966, 42.560745499000063 ], [ -4.340917402999935, 42.560078645000033 ], [ -4.329231007999965, 42.551820546000044 ], [ -4.335157610999943, 42.545237070000042 ], [ -4.337222193999935, 42.524360656000056 ], [ -4.333859, 42.522903499000051 ] ] ] } },
{ "type": "Feature", "properties": { "code": "34163", "name": "San Mamés de Campos" }, "geometry": { "type": "Polygon", "coordinates": [ [ [ -4.527759499999945, 42.377612999000064 ], [ -4.523728499999947, 42.373641999000029 ], [ -4.51750900299993, 42.369610852000051 ], [ -4.514383499999951, 42.361343499000043 ], [ -4.514271, 42.358649999000079 ], [ -4.51577, 42.355830999000034 ], [ -4.517334, 42.349719999000058 ], [ -4.537234499999954, 42.34320849900007 ], [ -4.539239499999951, 42.339874499000075 ], [ -4.550687499999981, 42.335387999000034 ], [ -4.554443, 42.338085499000044 ], [ -4.559696499999973, 42.344939999000076 ], [ -4.566073, 42.343475499000078 ], [ -4.571934499999941, 42.349273499000049 ], [ -4.577866499999971, 42.352462499000069 ], [ -4.574654499999951, 42.359073499000033 ], [ -4.58087, 42.363315499000066 ], [ -4.583319, 42.364127999000061 ], [ -4.527759499999945, 42.377612999000064 ] ] ] } },
{ "type": "Feature", "properties": { "code": "34165", "name": "San Román de la Cuba" }, "geometry": { "type": "Polygon", "coordinates": [ [ [ -4.870784, 42.248130999000068 ], [ -4.882300344999976, 42.26160843200006 ], [ -4.885459321999974, 42.270114034000073 ], [ -4.901079, 42.281314999000074 ], [ -4.892825208999966, 42.281641835000073 ], [ -4.882695809999973, 42.277302644000031 ], [ -4.85655600299998, 42.284352217000048 ], [ -4.842227362999949, 42.276436039000032 ], [ -4.83110163799995, 42.27391487500006 ], [ -4.814126499999929, 42.276805999000032 ], [ -4.823875499999929, 42.251048999000034 ], [ -4.832275, 42.247268499000029 ], [ -4.836487499999976, 42.246207999000035 ], [ -4.839156499999945, 42.246768999000039 ], [ -4.859616499999959, 42.246330499000067 ], [ -4.865703499999938, 42.248447499000065 ], [ -4.870784, 42.248130999000068 ] ] ] } },
{ "type": "Feature", "properties": { "code": "34167", "name": "Santa Cecilia del Alcor" }, "geometry": { "type": "Polygon", "coordinates": [ [ [ -4.678406499999937, 41.899856499000066 ], [ -4.687609409999936, 41.918811107000067 ], [ -4.69231, 41.938808999000059 ], [ -4.676385958999958, 41.94910204200005 ], [ -4.667697, 41.950649499000065 ], [ -4.662463, 41.948890499000072 ], [ -4.653309, 41.94944349900004 ], [ -4.653201985999942, 41.94299828000004 ], [ -4.645910117999961, 41.942332447000069 ], [ -4.640941829999974, 41.937519039000051 ], [ -4.637533499999961, 41.919917999000063 ], [ -4.643455772999971, 41.900582999000051 ], [ -4.659400424999944, 41.901934302000029 ], [ -4.658459499999935, 41.89680499900004 ], [ -4.678406499999937, 41.899856499000066 ] ] ] } },
{ "type": "Feature", "properties": { "code": "34168", "name": "Santa Cruz de Boedo" }, "geometry": { "type": "Polygon", "coordinates": [ [ [ -4.422229, 42.545753499000057 ], [ -4.417244, 42.549434499000029 ], [ -4.417482, 42.551864499000033 ], [ -4.412013499999944, 42.554057999000065 ], [ -4.40516176899996, 42.551006184000073 ], [ -4.376129499999934, 42.54845799900005 ], [ -4.373945855999978, 42.539367119000076 ], [ -4.365824943999939, 42.529331115000048 ], [ -4.350169864999941, 42.524583370000073 ], [ -4.346358143999964, 42.516413263000061 ], [ -4.333859, 42.522903499000051 ], [ -4.312548190999962, 42.511974867000049 ], [ -4.29429947899996, 42.514094767000074 ], [ -4.290894131999949, 42.512199321000026 ], [ -4.29344274999994, 42.506043331000058 ], [ -4.301002873999948, 42.501415776000044 ], [ -4.307948290999946, 42.485513873000059 ], [ -4.328143, 42.47951499900006 ], [ -4.34369468899996, 42.491819537000026 ], [ -4.348691308999946, 42.505802539000058 ], [ -4.355427, 42.508575499000074 ], [ -4.364025391999974, 42.509723445000077 ], [ -4.370531805999974, 42.519671368000047 ], [ -4.38485617799995, 42.524808416000042 ], [ -4.40347382799996, 42.539622650000069 ], [ -4.416636007999955, 42.541540839000049 ], [ -4.422229, 42.545753499000057 ] ] ] } },
{ "type": "Feature", "properties": { "code": "34169", "name": "Santervás de la Vega" }, "geometry": { "type": "Polygon", "coordinates": [ [ [ -4.800329, 42.458938499000055 ], [ -4.826395378999962, 42.462345433000053 ], [ -4.863823758999956, 42.462502002000065 ], [ -4.867977794999945, 42.458120185000041 ], [ -4.879780499999981, 42.45882799900005 ], [ -4.881888, 42.46179199900007 ], [ -4.886689, 42.457641499000033 ], [ -4.900013, 42.450648999000066 ], [ -4.898401499999977, 42.460067499000047 ], [ -4.896057499999927, 42.465842999000074 ], [ -4.896859, 42.469035999000027 ], [ -4.894079499999975, 42.474052499000038 ], [ -4.893397499999935, 42.476882999000054 ], [ -4.892523499999925, 42.486255499000038 ], [ -4.887889, 42.508914999000069 ], [ -4.881346472999951, 42.52993936300004 ], [ -4.877513002999933, 42.525292831000058 ], [ -4.86314531499994, 42.521682029000033 ], [ -4.846301110999946, 42.525033615000041 ], [ -4.840516697999931, 42.528743064000025 ], [ -4.825601, 42.55392099900007 ], [ -4.815516, 42.553477999000052 ], [ -4.809341008999979, 42.549599710000052 ], [ -4.802697408999961, 42.532046725000043 ], [ -4.79135525099997, 42.529010738000068 ], [ -4.78885577899996, 42.520976812000072 ], [ -4.778511048999974, 42.507169848000046 ], [ -4.776564, 42.485210499000061 ], [ -4.780866, 42.478999999000052 ], [ -4.785614, 42.473991999000077 ], [ -4.800006, 42.472724499000037 ], [ -4.798928499999931, 42.463572999000064 ], [ -4.800329, 42.458938499000055 ] ] ] } },
{ "type": "Feature", "properties": { "code": "34170", "name": "Santibáñez de Ecla" }, "geometry": { "type": "Polygon", "coordinates": [ [ [ -4.378389499999969, 42.676521499000046 ], [ -4.382203656999934, 42.690664596000033 ], [ -4.393581833999974, 42.704926860000057 ], [ -4.393224614999951, 42.712693801000057 ], [ -4.401088541999968, 42.719585383000037 ], [ -4.402579738999975, 42.73030774700004 ], [ -4.390621, 42.738433999000051 ], [ -4.38418, 42.739970999000036 ], [ -4.380875, 42.744090999000036 ], [ -4.372804499999972, 42.742683499000066 ], [ -4.367988499999967, 42.73982249900007 ], [ -4.359923, 42.741946999000049 ], [ -4.354801, 42.741824999000073 ], [ -4.336165499999936, 42.748527499000033 ], [ -4.331275499999947, 42.748351999000079 ], [ -4.320252, 42.74307649900004 ], [ -4.325223499999936, 42.739558999000053 ], [ -4.339234964999946, 42.723548666000056 ], [ -4.349707244999934, 42.723886330000028 ], [ -4.35138070499994, 42.715799765000042 ], [ -4.34601349999997, 42.712283999000078 ], [ -4.355669362999947, 42.697984052000038 ], [ -4.365298209999935, 42.693534758000055 ], [ -4.370325, 42.670566499000074 ], [ -4.373615, 42.670318499000075 ], [ -4.372979499999929, 42.672488999000052 ], [ -4.378389499999969, 42.676521499000046 ] ] ] } },
{ "type": "Feature", "properties": { "code": "34171", "name": "Santibáñez de la Peña" }, "geometry": { "type": "Polygon", "coordinates": [ [ [ -4.79630949999995, 42.726981999000031 ], [ -4.80108, 42.746429499000044 ], [ -4.785726653999973, 42.785239111000067 ], [ -4.791355169999974, 42.79374795800004 ], [ -4.792934041999956, 42.804364537000026 ], [ -4.781875, 42.828590499000029 ], [ -4.757554820999928, 42.836028128000066 ], [ -4.755051980999951, 42.842586094000069 ], [ -4.738874184999929, 42.854470398000046 ], [ -4.70355499599998, 42.859326507000048 ], [ -4.693135, 42.866084999000066 ], [ -4.656067017999931, 42.858256727000025 ], [ -4.649251499999934, 42.865256999000053 ], [ -4.645701989999964, 42.85587359200008 ], [ -4.648316803999933, 42.841365815000074 ], [ -4.646024120999925, 42.825496208000061 ], [ -4.653520949999972, 42.818336127000066 ], [ -4.651116205999926, 42.807845366000038 ], [ -4.654172612999957, 42.800954776000026 ], [ -4.660538681999981, 42.800475926000047 ], [ -4.661177123999948, 42.794728116000044 ], [ -4.669248898999967, 42.790416636000032 ], [ -4.669614, 42.778587499000025 ], [ -4.687229744999968, 42.781156965000037 ], [ -4.706346762999942, 42.777437589000044 ], [ -4.719858492999947, 42.765974296000024 ], [ -4.729854219999936, 42.763685629000065 ], [ -4.734817542999963, 42.757063948000052 ], [ -4.756367233999981, 42.742507565000039 ], [ -4.770524869999974, 42.745831072000044 ], [ -4.774452491999966, 42.738915072000054 ], [ -4.79630949999995, 42.726981999000031 ] ] ] } },
{ "type": "Feature", "properties": { "code": "34174", "name": "Santoyo" }, "geometry": { "type": "Polygon", "coordinates": [ [ [ -4.29486849999995, 42.237537499000041 ], [ -4.31484097799995, 42.205954808000058 ], [ -4.341667270999949, 42.198249323000027 ], [ -4.357529159999956, 42.184906131000048 ], [ -4.377448, 42.189437999000063 ], [ -4.377812159999962, 42.210587079000049 ], [ -4.38227173599995, 42.221469716000058 ], [ -4.396688499999925, 42.230479999000067 ], [ -4.383639, 42.24007399900006 ], [ -4.374842499999943, 42.248023999000054 ], [ -4.363853803999973, 42.247687036000059 ], [ -4.339781411999979, 42.236504591000028 ], [ -4.307936, 42.250545499000054 ], [ -4.306097, 42.249683499000071 ], [ -4.303512, 42.242931499000065 ], [ -4.29486849999995, 42.237537499000041 ] ] ] } },
{ "type": "Feature", "properties": { "code": "34175", "name": "Serna, La" }, "geometry": { "type": "Polygon", "coordinates": [ [ [ -4.677239499999928, 42.434406499000033 ], [ -4.673657982999941, 42.432667298000069 ], [ -4.66265567399995, 42.435451786000044 ], [ -4.63013, 42.422233499000072 ], [ -4.630207, 42.411605499000075 ], [ -4.662461499999949, 42.395984499000065 ], [ -4.675597, 42.401020499000026 ], [ -4.675801499999977, 42.40783299900005 ], [ -4.678028, 42.411140499000055 ], [ -4.679542, 42.419070999000041 ], [ -4.680418499999973, 42.420993999000075 ], [ -4.684655, 42.422607499000037 ], [ -4.682805, 42.425201499000025 ], [ -4.679467, 42.427661999000065 ], [ -4.677239499999928, 42.434406499000033 ] ] ] } },
{ "type": "Feature", "properties": { "code": "34176", "name": "Sotobañado y Priorato" }, "geometry": { "type": "Polygon", "coordinates": [ [ [ -4.388961, 42.613589999000055 ], [ -4.400008186999969, 42.60439130900005 ], [ -4.417161569999962, 42.598079233000078 ], [ -4.427016373999948, 42.583879824000064 ], [ -4.441865642999971, 42.578657064000026 ], [ -4.444063, 42.573188499000025 ], [ -4.462006931999952, 42.566692028000034 ], [ -4.472861009999974, 42.569147394000026 ], [ -4.495227450999948, 42.580897976000074 ], [ -4.488345404999961, 42.587225494000052 ], [ -4.494573970999966, 42.591512395000052 ], [ -4.493370499999969, 42.597518999000044 ], [ -4.470815721999941, 42.604887530000042 ], [ -4.458963548999975, 42.600014878000025 ], [ -4.437581028999944, 42.604236662000062 ], [ -4.431699864999928, 42.608864804000063 ], [ -4.431632925999963, 42.613732132000052 ], [ -4.441492, 42.620246999000074 ], [ -4.42896049999996, 42.62033849900007 ], [ -4.424764, 42.622985999000036 ], [ -4.41338, 42.628032499000028 ], [ -4.392703694999966, 42.614165614000058 ], [ -4.388961, 42.613589999000055 ] ] ] } },
{ "type": "Feature", "properties": { "code": "34177", "name": "Soto de Cerrato" }, "geometry": { "type": "Polygon", "coordinates": [ [ [ -4.384397499999977, 41.932685999000057 ], [ -4.396949993999954, 41.935931005000043 ], [ -4.414072235999924, 41.930419602000029 ], [ -4.429404291999958, 41.930243337000036 ], [ -4.435755, 41.933162499000048 ], [ -4.441350744999966, 41.939608884000052 ], [ -4.452573396999981, 41.936584942000025 ], [ -4.462835895999945, 41.940852598000049 ], [ -4.462258705999943, 41.945687294000038 ], [ -4.45742432399993, 41.949676044000057 ], [ -4.442743847999964, 41.94850750300003 ], [ -4.441980499999943, 41.956912999000053 ], [ -4.43167649999998, 41.967162999000038 ], [ -4.422225499999968, 41.963767999000027 ], [ -4.403895, 41.946696999000039 ], [ -4.39634, 41.942844499000046 ], [ -4.38389449999994, 41.934005499000079 ], [ -4.384397499999977, 41.932685999000057 ] ] ] } },
{ "type": "Feature", "properties": { "code": "34178", "name": "Tabanera de Cerrato" }, "geometry": { "type": "Polygon", "coordinates": [ [ [ -4.161878, 42.022212499000034 ], [ -4.161576637999929, 42.025926059000028 ], [ -4.150766481999938, 42.035159480000061 ], [ -4.134531464999952, 42.037345061000053 ], [ -4.119845201999965, 42.04746923700003 ], [ -4.110464160999925, 42.048263800000029 ], [ -4.084447, 42.038882999000066 ], [ -4.078856217999942, 42.03753105800007 ], [ -4.063419188999944, 42.043036663000066 ], [ -4.047912499999939, 42.039031999000031 ], [ -4.054821238999978, 42.027930985000069 ], [ -4.06513893999994, 42.021565949000035 ], [ -4.055492061999928, 41.997130368000057 ], [ -4.083428698999967, 41.995825545000059 ], [ -4.08836047799997, 41.989228983000032 ], [ -4.082039547999955, 41.98023352000007 ], [ -4.069374, 41.978648999000029 ], [ -4.097502499999962, 41.976085499000078 ], [ -4.091606531999957, 41.982732874000078 ], [ -4.100533814999949, 41.988547831000062 ], [ -4.117290824999941, 41.987099010000065 ], [ -4.120028935999926, 41.97987186000006 ], [ -4.125794693999978, 41.983657359000063 ], [ -4.133381, 41.98318849900005 ], [ -4.134564379999972, 41.999073686000031 ], [ -4.14255217799996, 41.998912146000066 ], [ -4.156697392999945, 42.004006082000046 ], [ -4.160096, 42.010619999000028 ], [ -4.161878, 42.022212499000034 ] ] ] } },
{ "type": "Feature", "properties": { "code": "34179", "name": "Tabanera de Valdavia" }, "geometry": { "type": "Polygon", "coordinates": [ [ [ -4.676938, 42.656581999000025 ], [ -4.67493951199998, 42.643397223000079 ], [ -4.678421469999932, 42.636922140000081 ], [ -4.688605526999936, 42.632268064000073 ], [ -4.694040080999969, 42.633201313000029 ], [ -4.697439505999967, 42.630129605000036 ], [ -4.71207889599998, 42.628024749000076 ], [ -4.730370426999968, 42.639300584000068 ], [ -4.721343687999934, 42.645440748000055 ], [ -4.746999449999976, 42.663501083000028 ], [ -4.744603499999926, 42.677172999000049 ], [ -4.732570721999934, 42.671092865000048 ], [ -4.71760755899993, 42.677612510000074 ], [ -4.693768, 42.678413499000044 ], [ -4.693967530999942, 42.672037727000031 ], [ -4.676938, 42.656581999000025 ] ] ] } },
{ "type": "Feature", "properties": { "code": "34180", "name": "Támara de Campos" }, "geometry": { "type": "Polygon", "coordinates": [ [ [ -4.396688499999925, 42.230479999000067 ], [ -4.38227173599995, 42.221469716000058 ], [ -4.377812159999962, 42.210587079000049 ], [ -4.377448, 42.189437999000063 ], [ -4.394654250999963, 42.182520283000031 ], [ -4.406234200999961, 42.173341288000074 ], [ -4.418097652999961, 42.170201984000073 ], [ -4.418552499999976, 42.16351699900008 ], [ -4.426462475999926, 42.169728631000055 ], [ -4.432240499999978, 42.194987999000034 ], [ -4.425129499999969, 42.198699999000041 ], [ -4.419771, 42.207717499000069 ], [ -4.416635, 42.223514499000032 ], [ -4.416597499999966, 42.227794499000026 ], [ -4.401680639999938, 42.227857436000079 ], [ -4.396688499999925, 42.230479999000067 ] ] ] } },
{ "type": "Feature", "properties": { "code": "34181", "name": "Tariego de Cerrato" }, "geometry": { "type": "Polygon", "coordinates": [ [ [ -4.435158, 41.888847499000065 ], [ -4.457439273999967, 41.868568005000043 ], [ -4.472284740999953, 41.863930158000073 ], [ -4.476053, 41.856277499000043 ], [ -4.49197315999993, 41.873505414000078 ], [ -4.505446983999946, 41.89433163800004 ], [ -4.505323751999981, 41.902243638000073 ], [ -4.499534499999925, 41.910407999000029 ], [ -4.488674544999981, 41.911770477000061 ], [ -4.478298662999975, 41.906993753000052 ], [ -4.457685499999968, 41.912070999000036 ], [ -4.45543741399996, 41.896815981000032 ], [ -4.435158, 41.888847499000065 ] ] ] } },
{ "type": "Feature", "properties": { "code": "34182", "name": "Torquemada" }, "geometry": { "type": "Polygon", "coordinates": [ [ [ -4.320761499999946, 42.09693949900003 ], [ -4.295226499999956, 42.095950999000081 ], [ -4.284264277999966, 42.09154060000003 ], [ -4.28055102299993, 42.084917552000036 ], [ -4.269777786999953, 42.081417539000029 ], [ -4.260581592999927, 42.058256622000044 ], [ -4.242263474999959, 42.056222806000051 ], [ -4.241685168999936, 42.044357836000074 ], [ -4.232161339999948, 42.040242449000061 ], [ -4.21933649999994, 42.029227999000057 ], [ -4.248881970999946, 42.015624826000078 ], [ -4.254272144999959, 42.005591448000075 ], [ -4.263830835999954, 41.998115100000064 ], [ -4.279781199999945, 42.003807648000077 ], [ -4.289475119999963, 42.013739728000076 ], [ -4.299015664999956, 42.011695247000034 ], [ -4.311333592999972, 42.004002894000052 ], [ -4.311296, 41.984225999000046 ], [ -4.325545450999925, 41.983108291000065 ], [ -4.337927049999962, 41.988623618000076 ], [ -4.345716694999965, 41.996688730000074 ], [ -4.359591, 41.995357499000079 ], [ -4.365828091999958, 42.00457760300003 ], [ -4.357216555999969, 42.010115904000031 ], [ -4.350596570999926, 42.024174548000076 ], [ -4.351868920999948, 42.033014606000052 ], [ -4.34608103599993, 42.044615018000059 ], [ -4.347388482999975, 42.062684250000075 ], [ -4.321669562999944, 42.090769296000076 ], [ -4.320761499999946, 42.09693949900003 ] ] ] } },
{ "type": "Feature", "properties": { "code": "34184", "name": "Torremormojón" }, "geometry": { "type": "Polygon", "coordinates": [ [ [ -4.840870499999937, 41.934531999000058 ], [ -4.826987849999966, 41.943921596000052 ], [ -4.830366, 41.967463999000074 ], [ -4.812608427999976, 41.982776081000054 ], [ -4.778735499999925, 41.989440999000067 ], [ -4.765436, 41.990905499000064 ], [ -4.760957, 41.984779499000069 ], [ -4.758497499999976, 41.983592999000052 ], [ -4.753454, 41.975742499000035 ], [ -4.756036, 41.973090999000078 ], [ -4.747947, 41.966300999000055 ], [ -4.742590499999949, 41.956184499000074 ], [ -4.740073, 41.955898499000057 ], [ -4.746940424999934, 41.950443515000075 ], [ -4.774043276999976, 41.942508396000051 ], [ -4.797011010999938, 41.952191848000041 ], [ -4.840870499999937, 41.934531999000058 ] ] ] } },
{ "type": "Feature", "properties": { "code": "34185", "name": "Triollo" }, "geometry": { "type": "Polygon", "coordinates": [ [ [ -4.648741, 42.868567999000049 ], [ -4.649251499999934, 42.865256999000053 ], [ -4.656067017999931, 42.858256727000025 ], [ -4.693135, 42.866084999000066 ], [ -4.698627980999959, 42.876060645000052 ], [ -4.690217487999973, 42.886112077000064 ], [ -4.687160947999928, 42.900396686000079 ], [ -4.689974597999935, 42.907993986000065 ], [ -4.701489064999976, 42.924883204000025 ], [ -4.72021749299995, 42.929890603000047 ], [ -4.736441464999928, 42.939671607000037 ], [ -4.72839178199996, 42.950656408000043 ], [ -4.732937962999927, 42.957779241000026 ], [ -4.731650334999927, 42.969416995000074 ], [ -4.714839499999925, 42.978725499000063 ], [ -4.673437532999969, 42.975854451000032 ], [ -4.648271265999938, 42.967844895000042 ], [ -4.635077810999974, 42.960348254000053 ], [ -4.63040515299997, 42.953576974000043 ], [ -4.625847366999949, 42.936249586000031 ], [ -4.632071900999961, 42.934974264000061 ], [ -4.635091195999962, 42.923528986000065 ], [ -4.643243924999979, 42.914933212000051 ], [ -4.665561378999939, 42.904404182000064 ], [ -4.683054451999965, 42.908261610000068 ], [ -4.681897099999958, 42.903855806000081 ], [ -4.670301701999961, 42.894592232000036 ], [ -4.657649787999958, 42.875813217000029 ], [ -4.648741, 42.868567999000049 ] ] ] } },
{ "type": "Feature", "properties": { "code": "34186", "name": "Valbuena de Pisuerga" }, "geometry": { "type": "Polygon", "coordinates": [ [ [ -4.205862499999967, 42.192424499000026 ], [ -4.192913848999979, 42.182709724000063 ], [ -4.189132320999931, 42.17627284200006 ], [ -4.192230566999967, 42.162580475000027 ], [ -4.204876998999964, 42.154012095000041 ], [ -4.201686265999967, 42.149693858000035 ], [ -4.204692160999969, 42.135289597000053 ], [ -4.20058, 42.132011499000043 ], [ -4.21717297899994, 42.122541996000052 ], [ -4.240085346999933, 42.114707009000028 ], [ -4.247415735999937, 42.115534827000033 ], [ -4.252513499999964, 42.121776499000077 ], [ -4.253475781999953, 42.126473468000029 ], [ -4.246312051999951, 42.142579418000025 ], [ -4.253863672999955, 42.147531725000078 ], [ -4.25526042499996, 42.151975152000034 ], [ -4.246926150999968, 42.156810946000064 ], [ -4.244811517999949, 42.163268667000068 ], [ -4.25088, 42.173328499000036 ], [ -4.239151457999981, 42.174394631000041 ], [ -4.230133724999973, 42.179746291000072 ], [ -4.221489418999965, 42.180821754000078 ], [ -4.205862499999967, 42.192424499000026 ] ] ] } },
{ "type": "Feature", "properties": { "code": "34189", "name": "Valdeolmillos" }, "geometry": { "type": "Polygon", "coordinates": [ [ [ -4.427943, 42.064140499000075 ], [ -4.39224, 42.081855999000027 ], [ -4.394099153999946, 42.063357328000052 ], [ -4.386979010999937, 42.048640826000053 ], [ -4.393977508999967, 42.033760720000032 ], [ -4.432713628999977, 42.021992475000047 ], [ -4.435167885999931, 42.016724520000025 ], [ -4.44301349999995, 42.016006499000071 ], [ -4.453696499999978, 42.030490499000052 ], [ -4.442819448999956, 42.030798895000032 ], [ -4.438451442999963, 42.039050871000029 ], [ -4.441989895999939, 42.050559598000063 ], [ -4.427943, 42.064140499000075 ] ] ] } },
{ "type": "Feature", "properties": { "code": "34190", "name": "Valderrábano" }, "geometry": { "type": "Polygon", "coordinates": [ [ [ -4.703941, 42.61830149900004 ], [ -4.690553165999972, 42.625158341000031 ], [ -4.68586739999995, 42.63056283800006 ], [ -4.66724325499996, 42.617437564000056 ], [ -4.645809188999976, 42.61396648200008 ], [ -4.639969983999947, 42.620297287000028 ], [ -4.645358, 42.631854999000041 ], [ -4.61640796699993, 42.618884738000077 ], [ -4.611642635999942, 42.611786100000074 ], [ -4.615118826999947, 42.598565195000049 ], [ -4.633052444999976, 42.590644644000065 ], [ -4.625195795999957, 42.586220797000067 ], [ -4.619328950999943, 42.578726417000041 ], [ -4.629696770999942, 42.571237645000053 ], [ -4.628516499999932, 42.566337499000042 ], [ -4.636261499999932, 42.564353999000048 ], [ -4.643822499999942, 42.563770499000043 ], [ -4.647989499999937, 42.565112999000064 ], [ -4.653664499999934, 42.568771499000036 ], [ -4.648288053999977, 42.572293047000073 ], [ -4.671804946999941, 42.592342660000043 ], [ -4.676758113999938, 42.587805348000074 ], [ -4.703941, 42.61830149900004 ] ] ] } },
{ "type": "Feature", "properties": { "code": "34192", "name": "Valde-Ucieza" }, "geometry": { "type": "Polygon", "coordinates": [ [ [ -4.531008, 42.424346999000079 ], [ -4.52960100599995, 42.419560945000057 ], [ -4.539736879999964, 42.404895861000057 ], [ -4.527759499999945, 42.377612999000064 ], [ -4.583319, 42.364127999000061 ], [ -4.591707499999927, 42.364532499000063 ], [ -4.596698499999945, 42.366939499000068 ], [ -4.595612, 42.375339499000063 ], [ -4.607397499999934, 42.37356199900006 ], [ -4.607076499999948, 42.380500999000049 ], [ -4.603517623999949, 42.386527845000046 ], [ -4.615253591999931, 42.391452646000062 ], [ -4.621618775999934, 42.405077363000032 ], [ -4.630207, 42.411605499000075 ], [ -4.63013, 42.422233499000072 ], [ -4.613480932999948, 42.426396096000076 ], [ -4.585735246999946, 42.420550798000079 ], [ -4.567584255999975, 42.427876953000066 ], [ -4.531008, 42.424346999000079 ] ] ] } },
{ "type": "Feature", "properties": { "code": "34196", "name": "Valle de Cerrato" }, "geometry": { "type": "Polygon", "coordinates": [ [ [ -4.38992000099995, 41.890786652000031 ], [ -4.397146177999957, 41.892719531000068 ], [ -4.396658952999928, 41.895599073000028 ], [ -4.389259150999976, 41.897982883000054 ], [ -4.386959293999951, 41.906233402000055 ], [ -4.378008268999963, 41.906593756000063 ], [ -4.371705824999935, 41.917917295000052 ], [ -4.373464501999933, 41.930407494000065 ], [ -4.384397499999977, 41.932685999000057 ], [ -4.38389449999994, 41.934005499000079 ], [ -4.372480067999959, 41.934659683000064 ], [ -4.366764965999948, 41.93056544600006 ], [ -4.361105, 41.934367999000074 ], [ -4.351050292999957, 41.932672033000074 ], [ -4.345892461999938, 41.923146646000077 ], [ -4.326431499999956, 41.91309349900007 ], [ -4.313992845999962, 41.902243198000065 ], [ -4.306726167999955, 41.89993620000007 ], [ -4.297230282999976, 41.901300411000079 ], [ -4.294511, 41.893204499000035 ], [ -4.302223353999977, 41.88832267500004 ], [ -4.312177901999974, 41.888257472000078 ], [ -4.313620793999974, 41.879381887000079 ], [ -4.33315104899998, 41.875128618000076 ], [ -4.347341, 41.867835999000079 ], [ -4.355099542999938, 41.860507497000071 ], [ -4.360723499999949, 41.859016499000063 ], [ -4.367223599999932, 41.862762176000047 ], [ -4.386418488999936, 41.861928147000071 ], [ -4.393811995999954, 41.876565980000066 ], [ -4.391613308999979, 41.882617375000052 ], [ -4.393190193999942, 41.88671946200003 ], [ -4.38992000099995, 41.890786652000031 ] ] ] } },
{ "type": "Feature", "properties": { "code": "34199", "name": "Velilla del Río Carrión" }, "geometry": { "type": "Polygon", "coordinates": [ [ [ -4.714839499999925, 42.978725499000063 ], [ -4.731650334999927, 42.969416995000074 ], [ -4.732937962999927, 42.957779241000026 ], [ -4.72839178199996, 42.950656408000043 ], [ -4.736441464999928, 42.939671607000037 ], [ -4.72021749299995, 42.929890603000047 ], [ -4.701489064999976, 42.924883204000025 ], [ -4.689974597999935, 42.907993986000065 ], [ -4.687160947999928, 42.900396686000079 ], [ -4.690217487999973, 42.886112077000064 ], [ -4.698627980999959, 42.876060645000052 ], [ -4.693135, 42.866084999000066 ], [ -4.70355499599998, 42.859326507000048 ], [ -4.738874184999929, 42.854470398000046 ], [ -4.755051980999951, 42.842586094000069 ], [ -4.757554820999928, 42.836028128000066 ], [ -4.781875, 42.828590499000029 ], [ -4.796094149999931, 42.828565339000079 ], [ -4.809337227999947, 42.832212700000071 ], [ -4.819673777999981, 42.822775198000045 ], [ -4.826226463999944, 42.820875526000066 ], [ -4.827111902999945, 42.816035913000064 ], [ -4.832722489999981, 42.810657470000081 ], [ -4.847640677999948, 42.807470303000059 ], [ -4.878916525999955, 42.816901861000076 ], [ -4.892056, 42.832183999000051 ], [ -4.889609960999962, 42.841326368000068 ], [ -4.90093561499998, 42.853651547000027 ], [ -4.898385499999961, 42.863082999000028 ], [ -4.88013690799994, 42.86548983800003 ], [ -4.865222348999964, 42.861903447000032 ], [ -4.85573418599995, 42.890689388000055 ], [ -4.847496035999939, 42.896654757000078 ], [ -4.83833984499995, 42.896328366000034 ], [ -4.836508322999975, 42.907621514000027 ], [ -4.810393534999946, 42.929798351000045 ], [ -4.810136302999979, 42.936009800000079 ], [ -4.803232420999962, 42.948472630000026 ], [ -4.806443827999942, 42.966986159000044 ], [ -4.796053792999942, 42.974227068000062 ], [ -4.793891450999979, 42.987026603000061 ], [ -4.779942940999945, 42.997968036000032 ], [ -4.767180527999926, 43.002062385000045 ], [ -4.756296750999979, 43.015033754000058 ], [ -4.737845499999935, 43.020943999000053 ], [ -4.736503391999975, 43.014967701000046 ], [ -4.715882290999957, 42.998525648000054 ], [ -4.714839499999925, 42.978725499000063 ] ] ] } },
{ "type": "Feature", "properties": { "code": "34201", "name": "Vertavillo" }, "geometry": { "type": "Polygon", "coordinates": [ [ [ -4.286606, 41.774875999000074 ], [ -4.306818499999963, 41.77591699900006 ], [ -4.308567678999964, 41.78192602200005 ], [ -4.326897269999961, 41.786240090000035 ], [ -4.346750705999966, 41.80138966800007 ], [ -4.35269756799994, 41.823367907000033 ], [ -4.37425, 41.839133999000069 ], [ -4.372588346999976, 41.845889772000078 ], [ -4.360723499999949, 41.859016499000063 ], [ -4.355099542999938, 41.860507497000071 ], [ -4.347341, 41.867835999000079 ], [ -4.340786371999968, 41.849042871000051 ], [ -4.329342027999928, 41.853886517000035 ], [ -4.32193647899993, 41.846184521000055 ], [ -4.311481170999969, 41.842428722000079 ], [ -4.304462457999932, 41.836414489000049 ], [ -4.296028, 41.837142398000026 ], [ -4.280376959999955, 41.832498102000045 ], [ -4.257332009999971, 41.836851162000073 ], [ -4.246341499999971, 41.836116999000069 ], [ -4.236322102999964, 41.822424373000047 ], [ -4.230367, 41.821361499000034 ], [ -4.237467921999951, 41.817858060000049 ], [ -4.236052, 41.813960999000074 ], [ -4.247298938999961, 41.803799445000038 ], [ -4.260228060999964, 41.804644497000027 ], [ -4.279319207999947, 41.787478794000037 ], [ -4.286606, 41.774875999000074 ] ] ] } },
{ "type": "Feature", "properties": { "code": "34202", "name": "Villabasta de Valdavia" }, "geometry": { "type": "Polygon", "coordinates": [ [ [ -4.594419, 42.569385499000077 ], [ -4.59530302099995, 42.557919491000064 ], [ -4.5869, 42.548129999000025 ], [ -4.601585499999942, 42.539462999000079 ], [ -4.608365099999958, 42.537973451000028 ], [ -4.625465209999959, 42.540645286000029 ], [ -4.63088569599995, 42.550990458000058 ], [ -4.639631727999927, 42.559474711000064 ], [ -4.648138777999975, 42.563677117000054 ], [ -4.660561303999941, 42.565167725000038 ], [ -4.658581805999972, 42.56869763900005 ], [ -4.653664499999934, 42.568771499000036 ], [ -4.645869499999947, 42.564170499000056 ], [ -4.636261499999932, 42.564353999000048 ], [ -4.628516499999932, 42.566337499000042 ], [ -4.624001, 42.566508999000064 ], [ -4.599733499999957, 42.572856999000066 ], [ -4.594976499999973, 42.572139499000059 ], [ -4.594419, 42.569385499000077 ] ] ] } },
{ "type": "Feature", "properties": { "code": "34204", "name": "Villacidaler" }, "geometry": { "type": "Polygon", "coordinates": [ [ [ -4.925166499999932, 42.226813999000058 ], [ -4.926238499999954, 42.209437999000045 ], [ -4.99802393899995, 42.202965689000052 ], [ -5.012963499999955, 42.194610499000078 ], [ -5.024914, 42.217273499000044 ], [ -5.024681499999929, 42.219871499000078 ], [ -5.015909499999964, 42.225608999000031 ], [ -5.010355, 42.228091999000071 ], [ -4.988928296999973, 42.233197282000049 ], [ -4.967234778999966, 42.232323573000031 ], [ -4.954353157999947, 42.226787407000074 ], [ -4.925166499999932, 42.226813999000058 ] ] ] } },
{ "type": "Feature", "properties": { "code": "34205", "name": "Villaconancio" }, "geometry": { "type": "Polygon", "coordinates": [ [ [ -4.212360499999932, 41.827525999000045 ], [ -4.223390327999937, 41.821724372000062 ], [ -4.230367, 41.821361499000034 ], [ -4.236322102999964, 41.822424373000047 ], [ -4.246341499999971, 41.836116999000069 ], [ -4.242906672999936, 41.844552019000048 ], [ -4.249813490999941, 41.860573137000074 ], [ -4.247971117999953, 41.878200185000026 ], [ -4.252356, 41.890697499000055 ], [ -4.24838645899996, 41.896728027000051 ], [ -4.224666209999953, 41.897278002000064 ], [ -4.204746836999959, 41.894736135000073 ], [ -4.198425207999946, 41.890252001000079 ], [ -4.187467389999938, 41.888891847000025 ], [ -4.179864231999943, 41.882206054000051 ], [ -4.14824529599997, 41.893310413000052 ], [ -4.126891499999942, 41.895744499000045 ], [ -4.123548, 41.887290999000072 ], [ -4.134589, 41.883849999000063 ], [ -4.134048499999949, 41.881938999000056 ], [ -4.149234665999927, 41.882425051000041 ], [ -4.169937660999949, 41.873731753000072 ], [ -4.183355432999974, 41.87772558000006 ], [ -4.200683896999976, 41.877325527000039 ], [ -4.209972035999954, 41.860423196000056 ], [ -4.209687032999966, 41.850302819000035 ], [ -4.214130482999963, 41.846585411000035 ], [ -4.212360499999932, 41.827525999000045 ] ] ] } },
{ "type": "Feature", "properties": { "code": "34206", "name": "Villada" }, "geometry": { "type": "Polygon", "coordinates": [ [ [ -4.925166499999932, 42.226813999000058 ], [ -4.954353157999947, 42.226787407000074 ], [ -4.967234778999966, 42.232323573000031 ], [ -4.988928296999973, 42.233197282000049 ], [ -5.010355, 42.228091999000071 ], [ -5.009175499999969, 42.231002499000056 ], [ -5.010375499999952, 42.235980999000049 ], [ -5.008985499999937, 42.242229499000075 ], [ -5.011574499999938, 42.245525499000053 ], [ -5.01552049999998, 42.24832899900008 ], [ -5.018821, 42.253833499000052 ], [ -5.016560499999969, 42.258945499000049 ], [ -5.008671499999934, 42.26143249900008 ], [ -5.009927, 42.266544499000076 ], [ -5.006215, 42.275272499000039 ], [ -5.005941, 42.281104999000036 ], [ -5.002154499999961, 42.289104499000075 ], [ -4.986692499999947, 42.293830999000079 ], [ -4.974001544999965, 42.289399823000053 ], [ -4.955804025999953, 42.29634360600005 ], [ -4.94829475399996, 42.310887346000072 ], [ -4.946212499999945, 42.324016499000038 ], [ -4.91662649999995, 42.316497999000035 ], [ -4.907945499999926, 42.310344499000053 ], [ -4.904141, 42.309306999000057 ], [ -4.899624, 42.309642999000062 ], [ -4.905145340999979, 42.30046787200007 ], [ -4.905442792999963, 42.288066905000051 ], [ -4.908666, 42.283611499000074 ], [ -4.915728017999925, 42.279318212000078 ], [ -4.919121186999973, 42.272566206000079 ], [ -4.920328449999943, 42.261280039000042 ], [ -4.915390976999959, 42.248671502000036 ], [ -4.91655, 42.236369999000033 ], [ -4.923379, 42.234176499000057 ], [ -4.925166499999932, 42.226813999000058 ] ] ] } },
{ "type": "Feature", "properties": { "code": "34208", "name": "Villaeles de Valdavia" }, "geometry": { "type": "Polygon", "coordinates": [ [ [ -4.520227, 42.598163499000066 ], [ -4.526647269999955, 42.591557458000068 ], [ -4.524393, 42.582584499000063 ], [ -4.530817500999945, 42.572817783000062 ], [ -4.555143573999942, 42.562143054000046 ], [ -4.575053040999933, 42.546074928000053 ], [ -4.5869, 42.548129999000025 ], [ -4.59530302099995, 42.557919491000064 ], [ -4.594419, 42.569385499000077 ], [ -4.588569335999978, 42.571690841000077 ], [ -4.584965040999975, 42.579349449000063 ], [ -4.567757222999944, 42.585385426000073 ], [ -4.553122858999927, 42.597598263000066 ], [ -4.532943499999931, 42.608775999000045 ], [ -4.527893499999948, 42.60314949900004 ], [ -4.520227, 42.598163499000066 ] ] ] } },
{ "type": "Feature", "properties": { "code": "34210", "name": "Villahán" }, "geometry": { "type": "Polygon", "coordinates": [ [ [ -4.191170499999942, 42.075842999000031 ], [ -4.175265683999953, 42.072572365000042 ], [ -4.168411356999968, 42.078514270000028 ], [ -4.156983388999947, 42.079240695000067 ], [ -4.143359382999961, 42.075379415000043 ], [ -4.141138972999954, 42.069925703000081 ], [ -4.136417738999967, 42.074843134000048 ], [ -4.12376715299996, 42.075638312000081 ], [ -4.119772381999951, 42.070705260000068 ], [ -4.109431775999951, 42.069275853000079 ], [ -4.104135499999927, 42.061606999000048 ], [ -4.084447, 42.038882999000066 ], [ -4.110464160999925, 42.048263800000029 ], [ -4.119845201999965, 42.04746923700003 ], [ -4.134531464999952, 42.037345061000053 ], [ -4.150766481999938, 42.035159480000061 ], [ -4.161576637999929, 42.025926059000028 ], [ -4.161878, 42.022212499000034 ], [ -4.175741905999928, 42.027669786000047 ], [ -4.191744295999968, 42.040651966000041 ], [ -4.186153248999972, 42.048683717000074 ], [ -4.184987407999927, 42.059480672000063 ], [ -4.193689499999948, 42.070457499000042 ], [ -4.190391, 42.072862499000053 ], [ -4.191170499999942, 42.075842999000031 ] ] ] } },
{ "type": "Feature", "properties": { "code": "34211", "name": "Villaherreros" }, "geometry": { "type": "Polygon", "coordinates": [ [ [ -4.481172, 42.427467499000045 ], [ -4.477486590999945, 42.429481811000073 ], [ -4.460214150999946, 42.431412073000047 ], [ -4.44974162799997, 42.436678554000025 ], [ -4.43986149999995, 42.435802499000033 ], [ -4.442798274999973, 42.429689924000058 ], [ -4.438878150999926, 42.417409434000035 ], [ -4.441098439999962, 42.404815842000062 ], [ -4.436582, 42.398128499000052 ], [ -4.438846077999926, 42.384133340000062 ], [ -4.437077192999936, 42.368634630000031 ], [ -4.440847006999945, 42.358675077000044 ], [ -4.449644493999926, 42.350403096000036 ], [ -4.444906, 42.342551999000079 ], [ -4.44807, 42.34119799900003 ], [ -4.46634606799995, 42.354457210000078 ], [ -4.50435768899996, 42.362495054000078 ], [ -4.514383499999951, 42.361343499000043 ], [ -4.51750900299993, 42.369610852000051 ], [ -4.523728499999947, 42.373641999000029 ], [ -4.51235842899996, 42.376693983000052 ], [ -4.508307447999925, 42.386453161000077 ], [ -4.499500368999975, 42.395272448000071 ], [ -4.478409109999973, 42.405206544000066 ], [ -4.481172, 42.427467499000045 ] ] ] } },
{ "type": "Feature", "properties": { "code": "34213", "name": "Villalaco" }, "geometry": { "type": "Polygon", "coordinates": [ [ [ -4.252513499999964, 42.121776499000077 ], [ -4.280679499999962, 42.117591999000069 ], [ -4.298280989999967, 42.128371780000066 ], [ -4.300171829999954, 42.138136185000064 ], [ -4.286661398999968, 42.147441411000045 ], [ -4.284385856999961, 42.156821326000056 ], [ -4.271736568999927, 42.160595732000047 ], [ -4.268376217999958, 42.168572400000073 ], [ -4.25088, 42.173328499000036 ], [ -4.244811517999949, 42.163268667000068 ], [ -4.246926150999968, 42.156810946000064 ], [ -4.25526042499996, 42.151975152000034 ], [ -4.253863672999955, 42.147531725000078 ], [ -4.246312051999951, 42.142579418000025 ], [ -4.253475781999953, 42.126473468000029 ], [ -4.252513499999964, 42.121776499000077 ] ] ] } },
{ "type": "Feature", "properties": { "code": "34214", "name": "Villalba de Guardo" }, "geometry": { "type": "Polygon", "coordinates": [ [ [ -4.8913, 42.723361999000076 ], [ -4.894395, 42.725978999000063 ], [ -4.899420499999962, 42.728568999000061 ], [ -4.903703499999949, 42.738006499000051 ], [ -4.888938602999929, 42.742613940000069 ], [ -4.870596879999937, 42.740541796000059 ], [ -4.86045259399998, 42.742988930000081 ], [ -4.834300951999978, 42.739290068000059 ], [ -4.800824, 42.745021999000073 ], [ -4.79630949999995, 42.726981999000031 ], [ -4.775237, 42.702460999000039 ], [ -4.810969031999946, 42.710619831000031 ], [ -4.820744476999948, 42.707356599000036 ], [ -4.828341794999972, 42.696882685000048 ], [ -4.832333035999966, 42.695336525000073 ], [ -4.863096747999975, 42.707324732000075 ], [ -4.871684499999958, 42.707946499000059 ], [ -4.882644980999942, 42.712386335000076 ], [ -4.8913, 42.723361999000076 ] ] ] } },
{ "type": "Feature", "properties": { "code": "34215", "name": "Villalcázar de Sirga" }, "geometry": { "type": "Polygon", "coordinates": [ [ [ -4.517334, 42.349719999000058 ], [ -4.512570216999961, 42.340712899000039 ], [ -4.50964348499997, 42.325021990000039 ], [ -4.502416499999981, 42.314670499000044 ], [ -4.510000499999933, 42.309032499000068 ], [ -4.51079, 42.307048499000075 ], [ -4.533955, 42.294700499000044 ], [ -4.550672486999929, 42.290725329000054 ], [ -4.572284499999967, 42.292651999000043 ], [ -4.57662849999997, 42.296137999000052 ], [ -4.576940960999934, 42.310809109000047 ], [ -4.571675612999968, 42.320738491000043 ], [ -4.550687499999981, 42.335387999000034 ], [ -4.539239499999951, 42.339874499000075 ], [ -4.537234499999954, 42.34320849900007 ], [ -4.517334, 42.349719999000058 ] ] ] } },
{ "type": "Feature", "properties": { "code": "34216", "name": "Villalcón" }, "geometry": { "type": "Polygon", "coordinates": [ [ [ -4.899624, 42.309642999000062 ], [ -4.891879177999954, 42.318062979000047 ], [ -4.88264432699998, 42.318058839000059 ], [ -4.876609040999938, 42.315984799000034 ], [ -4.866769264999959, 42.305880805000072 ], [ -4.85370172699993, 42.303746216000036 ], [ -4.838982034999958, 42.316439487000025 ], [ -4.833992499999965, 42.325843999000028 ], [ -4.832311, 42.315898999000069 ], [ -4.828542499999969, 42.313186499000039 ], [ -4.828735, 42.30809399900005 ], [ -4.82398349999994, 42.303172999000026 ], [ -4.821548499999949, 42.302947999000025 ], [ -4.81316, 42.292174999000054 ], [ -4.812031499999932, 42.284107499000072 ], [ -4.812478, 42.281093499000065 ], [ -4.814126499999929, 42.276805999000032 ], [ -4.83110163799995, 42.27391487500006 ], [ -4.842227362999949, 42.276436039000032 ], [ -4.85655600299998, 42.284352217000048 ], [ -4.882695809999973, 42.277302644000031 ], [ -4.892825208999966, 42.281641835000073 ], [ -4.901079, 42.281314999000074 ], [ -4.903578499999981, 42.282596499000078 ], [ -4.908666, 42.283611499000074 ], [ -4.905442792999963, 42.288066905000051 ], [ -4.905145340999979, 42.30046787200007 ], [ -4.899624, 42.309642999000062 ] ] ] } },
{ "type": "Feature", "properties": { "code": "34217", "name": "Villalobón" }, "geometry": { "type": "Polygon", "coordinates": [ [ [ -4.519321499999933, 42.036388499000054 ], [ -4.509829241999967, 42.046267514000078 ], [ -4.503364085999976, 42.048456033000036 ], [ -4.461097952999978, 42.035494559000028 ], [ -4.453696499999978, 42.030490499000052 ], [ -4.44301349999995, 42.016006499000071 ], [ -4.436272, 42.011039499000049 ], [ -4.454286421999939, 42.006852051000067 ], [ -4.481995499999925, 42.007548999000051 ], [ -4.509354479999956, 42.018737735000059 ], [ -4.519819003999942, 42.031019120000053 ], [ -4.519321499999933, 42.036388499000054 ] ] ] } },
{ "type": "Feature", "properties": { "code": "34218", "name": "Villaluenga de la Vega" }, "geometry": { "type": "Polygon", "coordinates": [ [ [ -4.779932, 42.563186499000039 ], [ -4.756342550999932, 42.522679493000055 ], [ -4.76353559599994, 42.508309614000041 ], [ -4.751203442999952, 42.50715036500003 ], [ -4.744484586999931, 42.510256495000078 ], [ -4.738068, 42.507583999000076 ], [ -4.73728449999993, 42.505695499000069 ], [ -4.738289499999951, 42.500690499000029 ], [ -4.740652499999953, 42.501170999000067 ], [ -4.742035, 42.497951999000065 ], [ -4.73951349999993, 42.494315999000037 ], [ -4.73919049999995, 42.490592999000057 ], [ -4.749575, 42.487293499000032 ], [ -4.75433049999998, 42.481094499000051 ], [ -4.758617499999957, 42.480849499000044 ], [ -4.76383949999996, 42.482658499000081 ], [ -4.77128, 42.483318499000063 ], [ -4.776564, 42.485210499000061 ], [ -4.778511048999974, 42.507169848000046 ], [ -4.78885577899996, 42.520976812000072 ], [ -4.79135525099997, 42.529010738000068 ], [ -4.802697408999961, 42.532046725000043 ], [ -4.809341008999979, 42.549599710000052 ], [ -4.815516, 42.553477999000052 ], [ -4.812422880999975, 42.564221015000044 ], [ -4.793230549999976, 42.565895565000062 ], [ -4.779932, 42.563186499000039 ] ] ] } },
{ "type": "Feature", "properties": { "code": "34220", "name": "Villamartín de Campos" }, "geometry": { "type": "Polygon", "coordinates": [ [ [ -4.654891499999962, 42.036031999000045 ], [ -4.656568499999935, 42.032931999000027 ], [ -4.649064, 42.027194999000073 ], [ -4.643456499999957, 42.027507999000079 ], [ -4.637261, 42.030460499000071 ], [ -4.628657, 42.023235499000066 ], [ -4.618202499999938, 42.018634999000028 ], [ -4.633044369999936, 42.005655188000048 ], [ -4.654310296999938, 42.00374910000005 ], [ -4.675769499999944, 41.97697449900005 ], [ -4.689477176999958, 41.979200598000034 ], [ -4.695034630999942, 41.976161580000053 ], [ -4.704284146999953, 41.976788015000068 ], [ -4.706862635999926, 41.987714425000036 ], [ -4.72472595499994, 41.999383255000055 ], [ -4.744442499999934, 42.00640499900004 ], [ -4.735051, 42.015849499000069 ], [ -4.700975688999961, 42.01907701500005 ], [ -4.683660629999963, 42.026359470000045 ], [ -4.667873133999933, 42.04044310300003 ], [ -4.681821, 42.053653999000062 ], [ -4.679374, 42.055732499000044 ], [ -4.672899, 42.051276999000038 ], [ -4.66911349999998, 42.053874999000072 ], [ -4.656465499999968, 42.049876999000048 ], [ -4.66341749999998, 42.041690999000025 ], [ -4.654891499999962, 42.036031999000045 ] ] ] } },
{ "type": "Feature", "properties": { "code": "34221", "name": "Villamediana" }, "geometry": { "type": "Polygon", "coordinates": [ [ [ -4.399055499999974, 41.980392499000061 ], [ -4.404919638999957, 41.993715123000072 ], [ -4.436272, 42.011039499000049 ], [ -4.44301349999995, 42.016006499000071 ], [ -4.435167885999931, 42.016724520000025 ], [ -4.432713628999977, 42.021992475000047 ], [ -4.393977508999967, 42.033760720000032 ], [ -4.386979010999937, 42.048640826000053 ], [ -4.394099153999946, 42.063357328000052 ], [ -4.39224, 42.081855999000027 ], [ -4.389405499999953, 42.090488999000058 ], [ -4.372259661999976, 42.088676125000063 ], [ -4.366466887999934, 42.091365287000031 ], [ -4.366600677999941, 42.094940374000032 ], [ -4.383423698999934, 42.106707971000048 ], [ -4.378202499999929, 42.111484499000028 ], [ -4.363755553999965, 42.099222922000081 ], [ -4.341552096999976, 42.10101332000005 ], [ -4.331795026999941, 42.092521159000057 ], [ -4.320761499999946, 42.09693949900003 ], [ -4.321669562999944, 42.090769296000076 ], [ -4.347388482999975, 42.062684250000075 ], [ -4.34608103599993, 42.044615018000059 ], [ -4.351868920999948, 42.033014606000052 ], [ -4.350596570999926, 42.024174548000076 ], [ -4.357216555999969, 42.010115904000031 ], [ -4.365828091999958, 42.00457760300003 ], [ -4.359591, 41.995357499000079 ], [ -4.366785104999963, 41.982919366000033 ], [ -4.374254, 41.978275999000061 ], [ -4.389321286999973, 41.982654263000029 ], [ -4.399055499999974, 41.980392499000061 ] ] ] } },
{ "type": "Feature", "properties": { "code": "34222", "name": "Villameriel" }, "geometry": { "type": "Polygon", "coordinates": [ [ [ -4.429204499999969, 42.494903499000031 ], [ -4.424667667999927, 42.485051062000025 ], [ -4.434392, 42.46845249900008 ], [ -4.444286236999972, 42.47572445600008 ], [ -4.448346267999966, 42.485337917000038 ], [ -4.472820499999955, 42.48665999900004 ], [ -4.47951035799997, 42.50084761200003 ], [ -4.477443956999934, 42.511201396000047 ], [ -4.491609499999925, 42.519008499000051 ], [ -4.496601379999959, 42.528223126000057 ], [ -4.500268992999963, 42.549392457000067 ], [ -4.498730301999956, 42.559098630000051 ], [ -4.508213, 42.566535999000052 ], [ -4.506834115999936, 42.583447668000076 ], [ -4.511353862999954, 42.592176516000052 ], [ -4.524393, 42.582584499000063 ], [ -4.526647269999955, 42.591557458000068 ], [ -4.520227, 42.598163499000066 ], [ -4.512351, 42.596114999000065 ], [ -4.493370499999969, 42.597518999000044 ], [ -4.494573970999966, 42.591512395000052 ], [ -4.488345404999961, 42.587225494000052 ], [ -4.495227450999948, 42.580897976000074 ], [ -4.472861009999974, 42.569147394000026 ], [ -4.462006931999952, 42.566692028000034 ], [ -4.444063, 42.573188499000025 ], [ -4.440023040999961, 42.567831328000068 ], [ -4.425066, 42.565051999000048 ], [ -4.412013499999944, 42.554057999000065 ], [ -4.417482, 42.551864499000033 ], [ -4.417244, 42.549434499000029 ], [ -4.422229, 42.545753499000057 ], [ -4.438034707999975, 42.542589643000042 ], [ -4.443940545999965, 42.533164129000056 ], [ -4.441786706999949, 42.520409766000057 ], [ -4.431340440999975, 42.508515403000047 ], [ -4.429204499999969, 42.494903499000031 ] ] ] } },
{ "type": "Feature", "properties": { "code": "34223", "name": "Villamoronta" }, "geometry": { "type": "Polygon", "coordinates": [ [ [ -4.678476, 42.413844999000048 ], [ -4.677311499999973, 42.409339999000053 ], [ -4.675801499999977, 42.40783299900005 ], [ -4.675597, 42.401020499000026 ], [ -4.673357727999928, 42.394738299000039 ], [ -4.678182309999954, 42.389357827000026 ], [ -4.684334853999928, 42.390953641000067 ], [ -4.721942281999929, 42.386242486000071 ], [ -4.724615, 42.378471499000057 ], [ -4.743490080999948, 42.389218136000068 ], [ -4.736054499999966, 42.398208499000077 ], [ -4.722809499999926, 42.403506999000058 ], [ -4.705108619999976, 42.414880080000046 ], [ -4.691027505999955, 42.417417349000061 ], [ -4.678476, 42.413844999000048 ] ] ] } },
{ "type": "Feature", "properties": { "code": "34224", "name": "Villamuera de la Cueza" }, "geometry": { "type": "Polygon", "coordinates": [ [ [ -4.639031, 42.231147499000031 ], [ -4.645077840999932, 42.223831308000058 ], [ -4.655328442999974, 42.21916447600006 ], [ -4.666563733999965, 42.217912639000076 ], [ -4.678185499999927, 42.220592499000077 ], [ -4.672697655999968, 42.238341794000064 ], [ -4.674532884999962, 42.243850573000032 ], [ -4.69749257999996, 42.248642301000075 ], [ -4.713238, 42.247485999000048 ], [ -4.711117, 42.251506999000071 ], [ -4.714306, 42.258769999000037 ], [ -4.711176, 42.259998999000061 ], [ -4.697344, 42.271342999000069 ], [ -4.692645499999969, 42.272537499000066 ], [ -4.69026, 42.274006499000052 ], [ -4.686167, 42.280101999000067 ], [ -4.676525499999968, 42.290599999000051 ], [ -4.659523499999978, 42.277355499000066 ], [ -4.652107616999956, 42.273220236000043 ], [ -4.650238, 42.268718999000043 ], [ -4.652712794999957, 42.26306487800008 ], [ -4.646309020999979, 42.257671547000029 ], [ -4.64616674399997, 42.245588871000052 ], [ -4.639031, 42.231147499000031 ] ] ] } },
{ "type": "Feature", "properties": { "code": "34225", "name": "Villamuriel de Cerrato" }, "geometry": { "type": "Polygon", "coordinates": [ [ [ -4.461359499999958, 41.963260499000057 ], [ -4.456366470999967, 41.955365218000054 ], [ -4.457079756999974, 41.951373798000077 ], [ -4.467718905999959, 41.943522456000039 ], [ -4.48781966699994, 41.93919432000007 ], [ -4.503128, 41.916602999000077 ], [ -4.506613612999956, 41.926215201000048 ], [ -4.52702538799997, 41.916075374000059 ], [ -4.538444821999974, 41.917677573000049 ], [ -4.552136499999961, 41.927650499000038 ], [ -4.549679162999951, 41.932288580000034 ], [ -4.554785399999957, 41.943973885000048 ], [ -4.540508357999954, 41.958339882000075 ], [ -4.544626988999937, 41.962036948000048 ], [ -4.544530319999978, 41.970478641000057 ], [ -4.495437838999976, 41.981242130000055 ], [ -4.49179395799996, 41.989830581000035 ], [ -4.482089531999975, 41.990701469000044 ], [ -4.47697064099998, 41.982708259000049 ], [ -4.478473453999925, 41.978432912000073 ], [ -4.470220798999947, 41.974216099000046 ], [ -4.461359499999958, 41.963260499000057 ] ] ] } },
{ "type": "Feature", "properties": { "code": "34227", "name": "Villanueva del Rebollar" }, "geometry": { "type": "Polygon", "coordinates": [ [ [ -4.75185149999993, 42.260886499000037 ], [ -4.731217165999965, 42.262954219000051 ], [ -4.714306, 42.258769999000037 ], [ -4.711117, 42.251506999000071 ], [ -4.720072260999927, 42.228976790000047 ], [ -4.716534149999973, 42.219074960000057 ], [ -4.725080499999933, 42.215041499000051 ], [ -4.730065429999968, 42.213950494000073 ], [ -4.742289624999955, 42.218943687000035 ], [ -4.756734151999979, 42.229551851000053 ], [ -4.76069003899994, 42.239756250000028 ], [ -4.758908499999961, 42.25660349900005 ], [ -4.75185149999993, 42.260886499000037 ] ] ] } },
{ "type": "Feature", "properties": { "code": "34228", "name": "Villanuño de Valdavia" }, "geometry": { "type": "Polygon", "coordinates": [ [ [ -4.491609499999925, 42.519008499000051 ], [ -4.497137, 42.512946999000064 ], [ -4.497296, 42.510368499000037 ], [ -4.495938, 42.50452449900007 ], [ -4.499941499999977, 42.500869999000031 ], [ -4.501463, 42.494285499000057 ], [ -4.506891499999938, 42.492870499000048 ], [ -4.510829, 42.493079999000031 ], [ -4.512619499999971, 42.49422049900005 ], [ -4.514293499999951, 42.49150449900003 ], [ -4.51415, 42.489570499000081 ], [ -4.524160499999937, 42.484386499000038 ], [ -4.531254, 42.477844499000071 ], [ -4.536680280999974, 42.476310985000055 ], [ -4.553096972999981, 42.482357040000068 ], [ -4.555697813999927, 42.49190954900007 ], [ -4.562886754999965, 42.495455822000054 ], [ -4.565118499999926, 42.504043499000034 ], [ -4.554613557999971, 42.508306368000035 ], [ -4.551443867999978, 42.514759434000041 ], [ -4.543528911999942, 42.519032269000036 ], [ -4.543325867999954, 42.526183485000047 ], [ -4.520575282999971, 42.54979561500005 ], [ -4.51263998099995, 42.553781989000072 ], [ -4.513047257999972, 42.558313978000058 ], [ -4.508213, 42.566535999000052 ], [ -4.498730301999956, 42.559098630000051 ], [ -4.500268992999963, 42.549392457000067 ], [ -4.496601379999959, 42.528223126000057 ], [ -4.491609499999925, 42.519008499000051 ] ] ] } },
{ "type": "Feature", "properties": { "code": "34229", "name": "Villaprovedo" }, "geometry": { "type": "Polygon", "coordinates": [ [ [ -4.417900499999973, 42.480953499000066 ], [ -4.417574499999944, 42.486468999000067 ], [ -4.418918499999961, 42.495273499000064 ], [ -4.429204499999969, 42.494903499000031 ], [ -4.431340440999975, 42.508515403000047 ], [ -4.441786706999949, 42.520409766000057 ], [ -4.443940545999965, 42.533164129000056 ], [ -4.438034707999975, 42.542589643000042 ], [ -4.422229, 42.545753499000057 ], [ -4.416636007999955, 42.541540839000049 ], [ -4.40347382799996, 42.539622650000069 ], [ -4.38485617799995, 42.524808416000042 ], [ -4.370531805999974, 42.519671368000047 ], [ -4.364025391999974, 42.509723445000077 ], [ -4.355427, 42.508575499000074 ], [ -4.368466160999958, 42.506234308000046 ], [ -4.391245777999927, 42.492316868000046 ], [ -4.412733000999935, 42.487937104000025 ], [ -4.417900499999973, 42.480953499000066 ] ] ] } },
{ "type": "Feature", "properties": { "code": "34230", "name": "Villarmentero de Campos" }, "geometry": { "type": "Polygon", "coordinates": [ [ [ -4.51079, 42.307048499000075 ], [ -4.499592217999975, 42.303004393000037 ], [ -4.493833520999942, 42.296777800000029 ], [ -4.496857463999959, 42.290976879000027 ], [ -4.505056499999966, 42.285392999000067 ], [ -4.524749, 42.269156999000074 ], [ -4.534856499999933, 42.290374499000052 ], [ -4.533955, 42.294700499000044 ], [ -4.51079, 42.307048499000075 ] ] ] } },
{ "type": "Feature", "properties": { "code": "34231", "name": "Villarrabé" }, "geometry": { "type": "Polygon", "coordinates": [ [ [ -4.796686, 42.363315499000066 ], [ -4.807793498999956, 42.388364069000033 ], [ -4.835780572999965, 42.381564450000042 ], [ -4.840749238999933, 42.387486318000072 ], [ -4.843585022999946, 42.401402730000029 ], [ -4.846562499999948, 42.404082999000025 ], [ -4.842026138999927, 42.41796574600005 ], [ -4.860133153999925, 42.425279845000034 ], [ -4.879780499999981, 42.45882799900005 ], [ -4.867977794999945, 42.458120185000041 ], [ -4.863823758999956, 42.462502002000065 ], [ -4.826395378999962, 42.462345433000053 ], [ -4.800329, 42.458938499000055 ], [ -4.795343499999944, 42.455831422000074 ], [ -4.763772, 42.458579999000051 ], [ -4.769952491999959, 42.446662779000064 ], [ -4.768222376999972, 42.426537138000072 ], [ -4.761061601999927, 42.418649413000026 ], [ -4.749112683999954, 42.413938032000033 ], [ -4.734313, 42.419219999000063 ], [ -4.729450823999969, 42.40661607100003 ], [ -4.722809499999926, 42.403506999000058 ], [ -4.736054499999966, 42.398208499000077 ], [ -4.74808180499997, 42.390769059000036 ], [ -4.768522084999972, 42.358266688000072 ], [ -4.781287499999962, 42.352092499000037 ], [ -4.790623499999981, 42.352542999000036 ], [ -4.796686, 42.363315499000066 ] ] ] } },
{ "type": "Feature", "properties": { "code": "34232", "name": "Villarramiel" }, "geometry": { "type": "Polygon", "coordinates": [ [ [ -4.870322499999929, 42.046207499000047 ], [ -4.873173, 42.044925999000043 ], [ -4.874566499999958, 42.039283999000077 ], [ -4.874601499999926, 42.034763499000064 ], [ -4.918564222999976, 42.017415328000027 ], [ -4.938152499999944, 42.019862999000054 ], [ -4.945576499999959, 42.042297499000028 ], [ -4.94972, 42.051002499000049 ], [ -4.947646499999962, 42.054294499000036 ], [ -4.939568, 42.06126049900007 ], [ -4.927767, 42.073482499000079 ], [ -4.916778499999964, 42.078292999000041 ], [ -4.90419849999995, 42.078376499000058 ], [ -4.886758, 42.071235499000068 ], [ -4.882057, 42.066306999000062 ], [ -4.882954499999926, 42.063994999000045 ], [ -4.87930149999994, 42.053642999000033 ], [ -4.870322499999929, 42.046207499000047 ] ] ] } },
{ "type": "Feature", "properties": { "code": "34233", "name": "Villasarracino" }, "geometry": { "type": "Polygon", "coordinates": [ [ [ -4.527759499999945, 42.377612999000064 ], [ -4.539736879999964, 42.404895861000057 ], [ -4.52960100599995, 42.419560945000057 ], [ -4.531008, 42.424346999000079 ], [ -4.528684, 42.430267499000081 ], [ -4.504504843999939, 42.430645641000069 ], [ -4.481172, 42.427467499000045 ], [ -4.478409109999973, 42.405206544000066 ], [ -4.499500368999975, 42.395272448000071 ], [ -4.508307447999925, 42.386453161000077 ], [ -4.51235842899996, 42.376693983000052 ], [ -4.523728499999947, 42.373641999000029 ], [ -4.527759499999945, 42.377612999000064 ] ] ] } },
{ "type": "Feature", "properties": { "code": "34234", "name": "Villasila de Valdavia" }, "geometry": { "type": "Polygon", "coordinates": [ [ [ -4.601585499999942, 42.539462999000079 ], [ -4.5869, 42.548129999000025 ], [ -4.575053040999933, 42.546074928000053 ], [ -4.555143573999942, 42.562143054000046 ], [ -4.530817500999945, 42.572817783000062 ], [ -4.524393, 42.582584499000063 ], [ -4.511353862999954, 42.592176516000052 ], [ -4.506834115999936, 42.583447668000076 ], [ -4.508213, 42.566535999000052 ], [ -4.513047257999972, 42.558313978000058 ], [ -4.51263998099995, 42.553781989000072 ], [ -4.520575282999971, 42.54979561500005 ], [ -4.543325867999954, 42.526183485000047 ], [ -4.543528911999942, 42.519032269000036 ], [ -4.551443867999978, 42.514759434000041 ], [ -4.554613557999971, 42.508306368000035 ], [ -4.565118499999926, 42.504043499000034 ], [ -4.597947499999975, 42.532893999000066 ], [ -4.601585499999942, 42.539462999000079 ] ] ] } },
{ "type": "Feature", "properties": { "code": "34236", "name": "Villaturde" }, "geometry": { "type": "Polygon", "coordinates": [ [ [ -4.63361, 42.36711499900008 ], [ -4.667852794999931, 42.364679330000058 ], [ -4.675658351999971, 42.358892867000066 ], [ -4.673014731999956, 42.351828702000034 ], [ -4.690647, 42.342010499000025 ], [ -4.710068077999949, 42.347786075000045 ], [ -4.71912144099997, 42.356550749000064 ], [ -4.728117744999963, 42.366818115000058 ], [ -4.71988190299993, 42.373335501000042 ], [ -4.724615, 42.378471499000057 ], [ -4.721942281999929, 42.386242486000071 ], [ -4.684334853999928, 42.390953641000067 ], [ -4.678182309999954, 42.389357827000026 ], [ -4.673357727999928, 42.394738299000039 ], [ -4.675597, 42.401020499000026 ], [ -4.662461499999949, 42.395984499000065 ], [ -4.659162251999931, 42.389025051000033 ], [ -4.66240245399996, 42.379935834000037 ], [ -4.642358135999928, 42.381549309000036 ], [ -4.63361, 42.36711499900008 ] ] ] } },
{ "type": "Feature", "properties": { "code": "34237", "name": "Villaumbrales" }, "geometry": { "type": "Polygon", "coordinates": [ [ [ -4.556545, 42.112689999000054 ], [ -4.558157, 42.108856499000069 ], [ -4.562191499999926, 42.10518249900008 ], [ -4.557154499999967, 42.081268499000032 ], [ -4.582085091999943, 42.081720284000028 ], [ -4.600042394999946, 42.065981432000058 ], [ -4.60995089599993, 42.060880522000048 ], [ -4.615798952999967, 42.06237576500007 ], [ -4.616683583999929, 42.05743093600006 ], [ -4.608544277999954, 42.04546941600006 ], [ -4.608918776999928, 42.038520837000078 ], [ -4.612605985999949, 42.03533976500006 ], [ -4.622874557999978, 42.032331043000056 ], [ -4.641923898999949, 42.032419773000072 ], [ -4.654891499999962, 42.036031999000045 ], [ -4.66341749999998, 42.041690999000025 ], [ -4.656465499999968, 42.049876999000048 ], [ -4.66911349999998, 42.053874999000072 ], [ -4.670909097999925, 42.057935609000026 ], [ -4.673457499999927, 42.058250499000053 ], [ -4.665517197999975, 42.064690369000061 ], [ -4.658047693999947, 42.063083831000029 ], [ -4.643560783999931, 42.074274413000069 ], [ -4.634226737999938, 42.091420053000036 ], [ -4.614907693999953, 42.110116572000038 ], [ -4.600572087999979, 42.114827600000069 ], [ -4.592121278999969, 42.111151007000046 ], [ -4.556545, 42.112689999000054 ] ] ] } },
{ "type": "Feature", "properties": { "code": "34238", "name": "Villaviudas" }, "geometry": { "type": "Polygon", "coordinates": [ [ [ -4.311296, 41.984225999000046 ], [ -4.307807669999931, 41.978533975000062 ], [ -4.29108103599998, 41.974494255000025 ], [ -4.288162499999942, 41.971446999000079 ], [ -4.303805820999969, 41.949392360000047 ], [ -4.297229529999925, 41.946467238000025 ], [ -4.28743039699998, 41.949879297000052 ], [ -4.289247053999929, 41.939713807000032 ], [ -4.305782461999968, 41.925312905000055 ], [ -4.316663143999961, 41.925161271000036 ], [ -4.326431499999956, 41.91309349900007 ], [ -4.345892461999938, 41.923146646000077 ], [ -4.351050292999957, 41.932672033000074 ], [ -4.361105, 41.934367999000074 ], [ -4.356576206999932, 41.941350674000034 ], [ -4.362844525999947, 41.943857706000074 ], [ -4.363377703999959, 41.955677078000065 ], [ -4.355418204999978, 41.960655469000073 ], [ -4.345304284999941, 41.973827534000065 ], [ -4.354712147999976, 41.974845860000073 ], [ -4.364838317999954, 41.981135518000031 ], [ -4.374254, 41.978275999000061 ], [ -4.366785104999963, 41.982919366000033 ], [ -4.359591, 41.995357499000079 ], [ -4.345716694999965, 41.996688730000074 ], [ -4.337927049999962, 41.988623618000076 ], [ -4.325545450999925, 41.983108291000065 ], [ -4.311296, 41.984225999000046 ] ] ] } },
{ "type": "Feature", "properties": { "code": "34240", "name": "Villerías de Campos" }, "geometry": { "type": "Polygon", "coordinates": [ [ [ -4.846668499999964, 41.974101999000027 ], [ -4.830366, 41.967463999000074 ], [ -4.826987849999966, 41.943921596000052 ], [ -4.850645394999958, 41.927215216000036 ], [ -4.855965499999968, 41.915584499000033 ], [ -4.859183, 41.915099999000063 ], [ -4.860591, 41.917461499000069 ], [ -4.863048, 41.918269999000074 ], [ -4.867720499999962, 41.917590999000026 ], [ -4.870493468999939, 41.931802774000062 ], [ -4.889801, 41.932773499000064 ], [ -4.89096650099998, 41.940001529000028 ], [ -4.8762, 41.967418499000075 ], [ -4.855788, 41.976756999000031 ], [ -4.847698, 41.97257249900008 ], [ -4.846668499999964, 41.974101999000027 ] ] ] } },
{ "type": "Feature", "properties": { "code": "34241", "name": "Villodre" }, "geometry": { "type": "Polygon", "coordinates": [ [ [ -4.231462499999964, 42.208423499000048 ], [ -4.240135696999971, 42.199884657000041 ], [ -4.255665742999952, 42.200076410000065 ], [ -4.266266237999957, 42.208470981000062 ], [ -4.273639560999925, 42.210711419000063 ], [ -4.271303, 42.225261499000055 ], [ -4.253530744999978, 42.223340935000067 ], [ -4.226951, 42.229537999000058 ], [ -4.231366590999926, 42.218248405000054 ], [ -4.231462499999964, 42.208423499000048 ] ] ] } },
{ "type": "Feature", "properties": { "code": "34242", "name": "Villodrigo" }, "geometry": { "type": "Polygon", "coordinates": [ [ [ -4.062164, 42.131556999000054 ], [ -4.070938725999952, 42.136562291000075 ], [ -4.088122474999977, 42.141611650000073 ], [ -4.10276, 42.137218499000028 ], [ -4.110064, 42.14316149900003 ], [ -4.111173, 42.146465499000044 ], [ -4.11187, 42.158553999000048 ], [ -4.109327, 42.159190999000032 ], [ -4.107804499999929, 42.15800099900008 ], [ -4.101159, 42.158740999000031 ], [ -4.094254499999977, 42.157695999000055 ], [ -4.089630499999942, 42.160541499000033 ], [ -4.083570499999951, 42.162940999000057 ], [ -4.076318, 42.167834999000036 ], [ -4.067245901999968, 42.161203447000048 ], [ -4.067891803999942, 42.157875125000032 ], [ -4.073662043999946, 42.154484486000058 ], [ -4.060986494999952, 42.136495730000036 ], [ -4.062164, 42.131556999000054 ] ] ] } },
{ "type": "Feature", "properties": { "code": "34243", "name": "Villoldo" }, "geometry": { "type": "Polygon", "coordinates": [ [ [ -4.546323, 42.234920499000054 ], [ -4.558651234999957, 42.229229897000039 ], [ -4.572168870999974, 42.22813504100003 ], [ -4.591802, 42.218410499000072 ], [ -4.598877499999958, 42.219348999000033 ], [ -4.60064749999998, 42.220809999000039 ], [ -4.601723, 42.224116999000046 ], [ -4.606153, 42.229610499000046 ], [ -4.604835, 42.235942999000031 ], [ -4.611235499999964, 42.241725999000039 ], [ -4.612851, 42.239955999000074 ], [ -4.620407, 42.235923999000079 ], [ -4.625839, 42.235114999000075 ], [ -4.634001499999954, 42.231586499000059 ], [ -4.639031, 42.231147499000031 ], [ -4.64616674399997, 42.245588871000052 ], [ -4.646309020999979, 42.257671547000029 ], [ -4.652712794999957, 42.26306487800008 ], [ -4.650238, 42.268718999000043 ], [ -4.63366713299996, 42.272705789000042 ], [ -4.62803613899996, 42.263125165000076 ], [ -4.608299142999954, 42.257956513000067 ], [ -4.608297616999948, 42.263692334000041 ], [ -4.619587942999942, 42.270940791000044 ], [ -4.622505136999962, 42.276579354000035 ], [ -4.622295852999969, 42.291178798000033 ], [ -4.612188160999949, 42.296833737000043 ], [ -4.598981458999958, 42.292878363000057 ], [ -4.57662849999997, 42.296137999000052 ], [ -4.572284499999967, 42.292651999000043 ], [ -4.585571401999971, 42.273775039000043 ], [ -4.57018498399998, 42.258234342000037 ], [ -4.546523994999973, 42.244942544000025 ], [ -4.540315499999963, 42.246085999000059 ], [ -4.538902499999949, 42.243259499000033 ], [ -4.532952499999965, 42.24233999900008 ], [ -4.535007499999949, 42.238608999000064 ], [ -4.546323, 42.234920499000054 ] ] ] } },
{ "type": "Feature", "properties": { "code": "34245", "name": "Villota del Páramo" }, "geometry": { "type": "Polygon", "coordinates": [ [ [ -4.897295499999927, 42.643897999000046 ], [ -4.866258846999926, 42.644525746000056 ], [ -4.824796997999954, 42.63517261700008 ], [ -4.820820826999977, 42.631342639000025 ], [ -4.802779361999967, 42.629872230000046 ], [ -4.801723754999955, 42.619763994000039 ], [ -4.811185290999958, 42.609854805000055 ], [ -4.802168499999937, 42.59415799900006 ], [ -4.825339158999952, 42.585371240000029 ], [ -4.847274237999954, 42.592980976000035 ], [ -4.876577944999951, 42.591383792000045 ], [ -4.890735682999946, 42.594907155000044 ], [ -4.896020862999933, 42.591867411000067 ], [ -4.861945327999933, 42.577294603000041 ], [ -4.845456403999947, 42.567229477000069 ], [ -4.828375374999951, 42.564189838000061 ], [ -4.825601, 42.55392099900007 ], [ -4.840516697999931, 42.528743064000025 ], [ -4.846301110999946, 42.525033615000041 ], [ -4.86314531499994, 42.521682029000033 ], [ -4.877513002999933, 42.525292831000058 ], [ -4.881346472999951, 42.52993936300004 ], [ -4.887889, 42.508914999000069 ], [ -4.890974526999969, 42.516234308000037 ], [ -4.889045814999974, 42.536522999000056 ], [ -4.910410646999935, 42.541708536000044 ], [ -4.915573242999926, 42.550202700000057 ], [ -4.91447674799997, 42.561350104000041 ], [ -4.901739319999933, 42.581887562000077 ], [ -4.901255275999972, 42.593159675000038 ], [ -4.904677659999948, 42.602011329000049 ], [ -4.895271484999967, 42.623676100000068 ], [ -4.897295499999927, 42.643897999000046 ] ] ] } },
{ "type": "Feature", "properties": { "code": "34246", "name": "Villovieco" }, "geometry": { "type": "Polygon", "coordinates": [ [ [ -4.460376499999938, 42.279224499000065 ], [ -4.47690149999994, 42.289901999000051 ], [ -4.482497499999965, 42.291118499000049 ], [ -4.489671499999929, 42.287746499000036 ], [ -4.491530499999953, 42.285793499000079 ], [ -4.500567, 42.284801499000025 ], [ -4.505056499999966, 42.285392999000067 ], [ -4.496857463999959, 42.290976879000027 ], [ -4.493833520999942, 42.296777800000029 ], [ -4.499592217999975, 42.303004393000037 ], [ -4.51079, 42.307048499000075 ], [ -4.510000499999933, 42.309032499000068 ], [ -4.502416499999981, 42.314670499000044 ], [ -4.483873898999946, 42.316696529000069 ], [ -4.468998330999966, 42.327428911000027 ], [ -4.45821357899996, 42.329041481000047 ], [ -4.44807, 42.34119799900003 ], [ -4.444906, 42.342551999000079 ], [ -4.432931, 42.344421499000077 ], [ -4.430625499999962, 42.345557499000051 ], [ -4.435112, 42.311622499000066 ], [ -4.460376499999938, 42.279224499000065 ] ] ] } },
{ "type": "Feature", "properties": { "code": "34901", "name": "Osorno la Mayor" }, "geometry": { "type": "Polygon", "coordinates": [ [ [ -4.330609, 42.344733999000027 ], [ -4.353251499999942, 42.335178499000051 ], [ -4.355279499999938, 42.331821499000057 ], [ -4.357239, 42.330329999000071 ], [ -4.383548453999936, 42.339689449000048 ], [ -4.430625499999962, 42.345557499000051 ], [ -4.432931, 42.344421499000077 ], [ -4.444906, 42.342551999000079 ], [ -4.449644493999926, 42.350403096000036 ], [ -4.440847006999945, 42.358675077000044 ], [ -4.437077192999936, 42.368634630000031 ], [ -4.438846077999926, 42.384133340000062 ], [ -4.436582, 42.398128499000052 ], [ -4.425704972999938, 42.397754061000057 ], [ -4.414381994999928, 42.408529502000079 ], [ -4.391343125999981, 42.40408824900004 ], [ -4.392338608999978, 42.41877065400007 ], [ -4.389830460999974, 42.424665173000051 ], [ -4.383406106999928, 42.429053780000061 ], [ -4.388859499999967, 42.440215999000031 ], [ -4.3829, 42.438972499000045 ], [ -4.371873, 42.442290999000079 ], [ -4.370054, 42.44482799900004 ], [ -4.358367, 42.449828999000033 ], [ -4.354152499999941, 42.452399999000079 ], [ -4.352249, 42.454791999000065 ], [ -4.343758499999979, 42.45700849900004 ], [ -4.335936, 42.461494499000025 ], [ -4.330611499999975, 42.463382999000032 ], [ -4.317113499999948, 42.458900499000038 ], [ -4.323295053999971, 42.444647910000072 ], [ -4.33478716999997, 42.429915381000058 ], [ -4.33347224399995, 42.41807693100003 ], [ -4.321191811999938, 42.41047246200003 ], [ -4.329215575999967, 42.404749114000026 ], [ -4.330182055999956, 42.391394677000051 ], [ -4.321608, 42.379871499000046 ], [ -4.333439467999938, 42.374890014000073 ], [ -4.345191635999925, 42.359822679000047 ], [ -4.338862216999928, 42.349317926000026 ], [ -4.330609, 42.344733999000027 ] ] ] } },
{ "type": "Feature", "properties": { "code": "34902", "name": "Valle del Retortillo" }, "geometry": { "type": "Polygon", "coordinates": [ [ [ -4.823875499999929, 42.251048999000034 ], [ -4.814126499999929, 42.276805999000032 ], [ -4.800521394999976, 42.277874945000065 ], [ -4.788931642999955, 42.266107721000026 ], [ -4.758908499999961, 42.25660349900005 ], [ -4.76069003899994, 42.239756250000028 ], [ -4.756734151999979, 42.229551851000053 ], [ -4.742289624999955, 42.218943687000035 ], [ -4.730065429999968, 42.213950494000073 ], [ -4.725080499999933, 42.215041499000051 ], [ -4.723562, 42.210815499000034 ], [ -4.71595, 42.203075499000079 ], [ -4.730954192999945, 42.204196591000027 ], [ -4.752364027999931, 42.18838220400005 ], [ -4.763620813999978, 42.171000781000032 ], [ -4.777816944999927, 42.163859321000075 ], [ -4.78689849999995, 42.153766499000028 ], [ -4.791552, 42.153522999000074 ], [ -4.798428499999943, 42.160430999000027 ], [ -4.815581523999981, 42.191628559000037 ], [ -4.812755, 42.196346499000072 ], [ -4.823875499999929, 42.251048999000034 ] ] ] } },
{ "type": "Feature", "properties": { "code": "34903", "name": "Loma de Ucieza" }, "geometry": { "type": "Polygon", "coordinates": [ [ [ -4.632046499999944, 42.423034499000039 ], [ -4.626309661999926, 42.441995447000068 ], [ -4.634604969999941, 42.451215298000079 ], [ -4.638605132999942, 42.462497915000029 ], [ -4.613812376999931, 42.47078582100005 ], [ -4.625610439999946, 42.490506067000069 ], [ -4.624840481999968, 42.500613257000055 ], [ -4.627507499999979, 42.502208499000062 ], [ -4.620699176999949, 42.508464475000039 ], [ -4.613297771999953, 42.501585496000075 ], [ -4.604125156999942, 42.502295397000069 ], [ -4.605004616999963, 42.509552192000058 ], [ -4.596211955999934, 42.522372954000048 ], [ -4.599657976999936, 42.528310422000061 ], [ -4.597947499999975, 42.532893999000066 ], [ -4.565118499999926, 42.504043499000034 ], [ -4.562886754999965, 42.495455822000054 ], [ -4.555697813999927, 42.49190954900007 ], [ -4.553096972999981, 42.482357040000068 ], [ -4.536680280999974, 42.476310985000055 ], [ -4.531254, 42.477844499000071 ], [ -4.520945, 42.460090499000046 ], [ -4.518830401999935, 42.45064400900003 ], [ -4.531008, 42.424346999000079 ], [ -4.567584255999975, 42.427876953000066 ], [ -4.585735246999946, 42.420550798000079 ], [ -4.613480932999948, 42.426396096000076 ], [ -4.63013, 42.422233499000072 ], [ -4.632046499999944, 42.423034499000039 ] ] ] } },
{ "type": "Feature", "properties": { "code": "34904", "name": "Pernía, La" }, "geometry": { "type": "Polygon", "coordinates": [ [ [ -4.579191499999979, 42.963611499000081 ], [ -4.584530016999963, 42.96689570500007 ], [ -4.582014383999933, 42.981045363000078 ], [ -4.589201070999934, 42.988509712000052 ], [ -4.615905158999965, 42.991263395000033 ], [ -4.626002599999936, 42.99640574600005 ], [ -4.645200774999978, 43.007672410000055 ], [ -4.641054, 43.016791999000077 ], [ -4.606438499999967, 43.03542599900004 ], [ -4.590099303999978, 43.025969497000062 ], [ -4.573650405999956, 43.02653755700004 ], [ -4.558950313999958, 43.020163622000041 ], [ -4.521314007999933, 43.046954451000033 ], [ -4.496419752999941, 43.038295079000079 ], [ -4.476821613999959, 43.038968759000056 ], [ -4.470855359999973, 43.051208207000059 ], [ -4.462069, 43.060988999000074 ], [ -4.456199868999931, 43.057142533000047 ], [ -4.445500014999936, 43.057106125000075 ], [ -4.431247114999962, 43.045615611000073 ], [ -4.404186, 43.037963499000057 ], [ -4.397627713999952, 43.034060836000037 ], [ -4.384633454999971, 43.014802460000055 ], [ -4.376120641999933, 43.007521429000064 ], [ -4.374003543999947, 42.996493395000073 ], [ -4.362908, 42.984866999000076 ], [ -4.366214418999959, 42.981053106000047 ], [ -4.365421499999968, 42.977649499000051 ], [ -4.387379502999977, 42.964841450000051 ], [ -4.39854788699995, 42.969364691000067 ], [ -4.411304666999968, 42.967545183000027 ], [ -4.427322023999977, 42.975677897000025 ], [ -4.438526498999977, 42.975828970000066 ], [ -4.462737750999963, 42.964576788000045 ], [ -4.471938160999969, 42.95354734700004 ], [ -4.48586106099998, 42.955467387000056 ], [ -4.49092550599994, 42.948551541000029 ], [ -4.499746985999934, 42.946373050000034 ], [ -4.511379040999941, 42.949801998000055 ], [ -4.520041499999934, 42.948100999000076 ], [ -4.528900496999938, 42.952080064000029 ], [ -4.556665643999963, 42.953631717000064 ], [ -4.569343452999931, 42.961243231000026 ], [ -4.579191499999979, 42.963611499000081 ] ] ] } },
{ "type": "Feature", "properties": { "code": "34001", "name": "Abarca de Campos" }, "geometry": { "type": "Polygon", "coordinates": [ [ [ -4.813312499999938, 42.071597999000062 ], [ -4.805697499999951, 42.065612999000052 ], [ -4.804129499999931, 42.062351499000044 ], [ -4.824571398999979, 42.057738168000071 ], [ -4.835044723999943, 42.051113391000058 ], [ -4.860851013999934, 42.044071942000073 ], [ -4.870322499999929, 42.046207499000047 ], [ -4.876810499999976, 42.051070999000046 ], [ -4.87930149999994, 42.053642999000033 ], [ -4.882954499999926, 42.063994999000045 ], [ -4.866411, 42.06407499900007 ], [ -4.857424499999979, 42.06842799900005 ], [ -4.849046499999929, 42.067527999000049 ], [ -4.838057, 42.070396499000026 ], [ -4.825463, 42.070426999000063 ], [ -4.813312499999938, 42.071597999000062 ] ] ] } },
{ "type": "Feature", "properties": { "code": "34003", "name": "Abia de las Torres" }, "geometry": { "type": "Polygon", "coordinates": [ [ [ -4.388859499999967, 42.440215999000031 ], [ -4.383406106999928, 42.429053780000061 ], [ -4.389830460999974, 42.424665173000051 ], [ -4.392338608999978, 42.41877065400007 ], [ -4.391343125999981, 42.40408824900004 ], [ -4.414381994999928, 42.408529502000079 ], [ -4.425704972999938, 42.397754061000057 ], [ -4.436582, 42.398128499000052 ], [ -4.441098439999962, 42.404815842000062 ], [ -4.438878150999926, 42.417409434000035 ], [ -4.442798274999973, 42.429689924000058 ], [ -4.43986149999995, 42.435802499000033 ], [ -4.44466442099997, 42.441711087000044 ], [ -4.434392, 42.46845249900008 ], [ -4.424667667999927, 42.485051062000025 ], [ -4.429204499999969, 42.494903499000031 ], [ -4.418918499999961, 42.495273499000064 ], [ -4.417391499999951, 42.483768499000064 ], [ -4.417900499999973, 42.480953499000066 ], [ -4.416587222999965, 42.450145736000024 ], [ -4.388859499999967, 42.440215999000031 ] ] ] } },
{ "type": "Feature", "properties": { "code": "34004", "name": "Aguilar de Campoo" }, "geometry": { "type": "Polygon", "coordinates": [ [ [ -4.150118, 42.871437999000079 ], [ -4.145850281999969, 42.863036406000049 ], [ -4.127346628999931, 42.856450146000043 ], [ -4.128136, 42.846252499000059 ], [ -4.136202000999958, 42.839956807000078 ], [ -4.142769835999957, 42.829921274000071 ], [ -4.148222166999972, 42.830301321000036 ], [ -4.15773330199994, 42.837005501000078 ], [ -4.165957521999928, 42.828749647000052 ], [ -4.178731, 42.826129499000047 ], [ -4.194138240999962, 42.826284987000065 ], [ -4.206469754999944, 42.823088329000029 ], [ -4.205162343999973, 42.806395216000055 ], [ -4.222190093999927, 42.800258516000042 ], [ -4.231105691999971, 42.792447821000053 ], [ -4.233774531999927, 42.784323279000034 ], [ -4.263246359999926, 42.768355840000027 ], [ -4.265585677999979, 42.759268891000033 ], [ -4.272183761999941, 42.751939746000062 ], [ -4.262941231999946, 42.740821295000046 ], [ -4.24524940799995, 42.73746993900005 ], [ -4.222298480999939, 42.756563136000068 ], [ -4.221807936999937, 42.767426571000044 ], [ -4.214966726999933, 42.77434041500004 ], [ -4.20063846599993, 42.75654619200003 ], [ -4.174853927999948, 42.756453640000075 ], [ -4.158636, 42.747649999000032 ], [ -4.172980593999966, 42.737892374000069 ], [ -4.18433042099997, 42.736350789000028 ], [ -4.202221878999978, 42.718075619000047 ], [ -4.214619410999944, 42.713677135000069 ], [ -4.218793590999951, 42.70511355800005 ], [ -4.237685640999928, 42.697869428000047 ], [ -4.247986454999932, 42.697436216000028 ], [ -4.249069098999939, 42.693506350000064 ], [ -4.25582204799997, 42.689122307000048 ], [ -4.267021153999963, 42.694919287000062 ], [ -4.269254499999931, 42.704714999000032 ], [ -4.279430197999943, 42.710399596000059 ], [ -4.277383190999956, 42.723013784000045 ], [ -4.279625572999976, 42.727068061000068 ], [ -4.297590753999941, 42.731216398000072 ], [ -4.307145653999953, 42.729780652000045 ], [ -4.325223499999936, 42.739558999000053 ], [ -4.320252, 42.74307649900004 ], [ -4.331275499999947, 42.748351999000079 ], [ -4.336165499999936, 42.748527499000033 ], [ -4.354801, 42.741824999000073 ], [ -4.359923, 42.741946999000049 ], [ -4.367988499999967, 42.73982249900007 ], [ -4.372804499999972, 42.742683499000066 ], [ -4.380875, 42.744090999000036 ], [ -4.38418, 42.739970999000036 ], [ -4.390621, 42.738433999000051 ], [ -4.398336499999971, 42.732803499000056 ], [ -4.428477893999968, 42.739814871000078 ], [ -4.425108, 42.751258499000073 ], [ -4.400892099999965, 42.770817823000073 ], [ -4.391515729999981, 42.783751375000065 ], [ -4.372729019999952, 42.790550679000035 ], [ -4.417984768999929, 42.818921382000042 ], [ -4.407323192999968, 42.823054562000038 ], [ -4.39627349999995, 42.832530999000028 ], [ -4.381561526999974, 42.825373672000069 ], [ -4.364667091999934, 42.830439080000076 ], [ -4.359913559999939, 42.828816268000026 ], [ -4.356467198999951, 42.823024371000031 ], [ -4.335894871999926, 42.823908586000073 ], [ -4.330386671999975, 42.82868871800008 ], [ -4.331154914999956, 42.831878873000051 ], [ -4.33875722199997, 42.837988575000054 ], [ -4.344435819999944, 42.83837503400008 ], [ -4.352385499999968, 42.849868499000081 ], [ -4.326558749999947, 42.859137160000046 ], [ -4.290544575999945, 42.849723259000029 ], [ -4.277997238999944, 42.842613712000059 ], [ -4.275478498999973, 42.850500880000027 ], [ -4.265218893999929, 42.858291572000041 ], [ -4.263054010999952, 42.863479079000058 ], [ -4.246371231999944, 42.870830178000062 ], [ -4.243081, 42.879714999000043 ], [ -4.245086, 42.886989499000038 ], [ -4.254553499999929, 42.899623999000028 ], [ -4.254887, 42.903400499000043 ], [ -4.247489, 42.90347299900003 ], [ -4.230633499999954, 42.896636999000066 ], [ -4.224291315999949, 42.879921613000079 ], [ -4.224770804999935, 42.858104953000066 ], [ -4.218583120999938, 42.85032715300008 ], [ -4.209873130999938, 42.845266387000038 ], [ -4.199473814999976, 42.84519719900004 ], [ -4.181299489999958, 42.858106107000026 ], [ -4.168737914999951, 42.85925730200006 ], [ -4.150118, 42.871437999000079 ] ], [ [ -4.26411455899995, 42.730156739000051 ], [ -4.251184087999945, 42.726719540000033 ], [ -4.245123163999949, 42.735356560000071 ], [ -4.260139725999977, 42.738828212000044 ], [ -4.26411455899995, 42.730156739000051 ] ] ] } },
{ "type": "Feature", "properties": { "code": "34005", "name": "Alar del Rey" }, "geometry": { "type": "Polygon", "coordinates": [ [ [ -4.34601349999997, 42.712283999000078 ], [ -4.35138070499994, 42.715799765000042 ], [ -4.349707244999934, 42.723886330000028 ], [ -4.339234964999946, 42.723548666000056 ], [ -4.325223499999936, 42.739558999000053 ], [ -4.307145653999953, 42.729780652000045 ], [ -4.297590753999941, 42.731216398000072 ], [ -4.279625572999976, 42.727068061000068 ], [ -4.277383190999956, 42.723013784000045 ], [ -4.279430197999943, 42.710399596000059 ], [ -4.269254499999931, 42.704714999000032 ], [ -4.291870087999939, 42.691095958000062 ], [ -4.28767537899995, 42.686296963000075 ], [ -4.288411363999955, 42.678029002000073 ], [ -4.27605449999993, 42.673034499000039 ], [ -4.272508136999932, 42.657740379000074 ], [ -4.276346299999943, 42.641842229000076 ], [ -4.268386864999968, 42.632197054000073 ], [ -4.269830241999955, 42.624052901000027 ], [ -4.26671922099996, 42.618736671000079 ], [ -4.292618, 42.605926499000077 ], [ -4.307854038999949, 42.61044680200007 ], [ -4.321407303999933, 42.625818683000034 ], [ -4.323541342999931, 42.634037144000047 ], [ -4.328017158999955, 42.638768428000049 ], [ -4.322400925999943, 42.64833391500008 ], [ -4.332462402999965, 42.649690650000025 ], [ -4.34220449999998, 42.647071999000048 ], [ -4.339463643999977, 42.655043128000045 ], [ -4.32695298799996, 42.667698615000063 ], [ -4.327154220999944, 42.68353537400003 ], [ -4.321948817999953, 42.694800824000026 ], [ -4.325957424999956, 42.703086358000064 ], [ -4.34601349999997, 42.712283999000078 ] ] ] } },
{ "type": "Feature", "properties": { "code": "34006", "name": "Alba de Cerrato" }, "geometry": { "type": "Polygon", "coordinates": [ [ [ -4.419839, 41.815315499000064 ], [ -4.41562559099998, 41.823238248000052 ], [ -4.402894715999935, 41.824070143000029 ], [ -4.386700643999973, 41.829393934000052 ], [ -4.37425, 41.839133999000069 ], [ -4.35269756799994, 41.823367907000033 ], [ -4.346750705999966, 41.80138966800007 ], [ -4.326897269999961, 41.786240090000035 ], [ -4.308567678999964, 41.78192602200005 ], [ -4.306818499999963, 41.77591699900006 ], [ -4.317067341999973, 41.767911989000027 ], [ -4.317668499999968, 41.763435499000025 ], [ -4.329779499999972, 41.768684499000074 ], [ -4.377836869999953, 41.78125869400003 ], [ -4.383341112999972, 41.786858141000039 ], [ -4.403993, 41.783164999000064 ], [ -4.414342534999946, 41.810020201000043 ], [ -4.419839, 41.815315499000064 ] ] ] } },
{ "type": "Feature", "properties": { "code": "34009", "name": "Amayuelas de Arriba" }, "geometry": { "type": "Polygon", "coordinates": [ [ [ -4.514417499999979, 42.236137499000051 ], [ -4.501191, 42.241569499000036 ], [ -4.491377872999976, 42.234869748000051 ], [ -4.473298763999935, 42.23006487300006 ], [ -4.463876499999969, 42.223373499000047 ], [ -4.462968, 42.221252499000059 ], [ -4.463005, 42.216064499000026 ], [ -4.46527, 42.209766499000068 ], [ -4.475042, 42.202758499000026 ], [ -4.493253204999974, 42.208942661000037 ], [ -4.514417499999979, 42.236137499000051 ] ] ] } },
{ "type": "Feature", "properties": { "code": "34010", "name": "Ampudia" }, "geometry": { "type": "Polygon", "coordinates": [ [ [ -4.758447, 41.825778999000079 ], [ -4.762715, 41.826316999000028 ], [ -4.769263, 41.825847499000076 ], [ -4.770114499999977, 41.823112499000047 ], [ -4.789274499999976, 41.818015999000067 ], [ -4.812720143999968, 41.861059853000029 ], [ -4.827726240999937, 41.873116075000041 ], [ -4.838228369999968, 41.89777162200005 ], [ -4.855965499999968, 41.915584499000033 ], [ -4.850645394999958, 41.927215216000036 ], [ -4.840870499999937, 41.934531999000058 ], [ -4.797011010999938, 41.952191848000041 ], [ -4.774043276999976, 41.942508396000051 ], [ -4.746940424999934, 41.950443515000075 ], [ -4.740073, 41.955898499000057 ], [ -4.723236097999973, 41.950230572000066 ], [ -4.710269942999957, 41.950872446000062 ], [ -4.70314185999996, 41.941043183000033 ], [ -4.69231, 41.938808999000059 ], [ -4.687609409999936, 41.918811107000067 ], [ -4.678406499999937, 41.899856499000066 ], [ -4.685681699999975, 41.891643311000053 ], [ -4.701529058999938, 41.886740260000067 ], [ -4.723935, 41.870990999000071 ], [ -4.728274499999941, 41.868819999000038 ], [ -4.731470499999944, 41.86535599900003 ], [ -4.732325, 41.861767499000052 ], [ -4.726467, 41.854507499000078 ], [ -4.74808349999995, 41.840545499000029 ], [ -4.755391, 41.83242799900006 ], [ -4.758447, 41.825778999000079 ] ] ] } },
{ "type": "Feature", "properties": { "code": "34011", "name": "Amusco" }, "geometry": { "type": "Polygon", "coordinates": [ [ [ -4.514892499999974, 42.178844499000036 ], [ -4.511176165999927, 42.186413235000032 ], [ -4.48674048099997, 42.191399907000061 ], [ -4.475636863999966, 42.198136955000052 ], [ -4.475042, 42.202758499000026 ], [ -4.46527, 42.209766499000068 ], [ -4.463005, 42.216064499000026 ], [ -4.456793096999945, 42.211757863000059 ], [ -4.456685094999955, 42.20550535600006 ], [ -4.453674476999936, 42.202442968000071 ], [ -4.440094921999957, 42.195064224000078 ], [ -4.432240499999978, 42.194987999000034 ], [ -4.426462475999926, 42.169728631000055 ], [ -4.410539878999941, 42.157521743000075 ], [ -4.404189027999962, 42.157968663000077 ], [ -4.38271929299998, 42.135797576000073 ], [ -4.373809544999972, 42.131667914000047 ], [ -4.374644839999974, 42.126859698000032 ], [ -4.383965110999952, 42.117528438000079 ], [ -4.378202499999929, 42.111484499000028 ], [ -4.383423698999934, 42.106707971000048 ], [ -4.366600677999941, 42.094940374000032 ], [ -4.366466887999934, 42.091365287000031 ], [ -4.372259661999976, 42.088676125000063 ], [ -4.389405499999953, 42.090488999000058 ], [ -4.400683211999933, 42.089654320000079 ], [ -4.407663036999963, 42.093815711000047 ], [ -4.404294985999968, 42.098113439000031 ], [ -4.390741067999954, 42.100568889000044 ], [ -4.39616476599997, 42.109216180000033 ], [ -4.409921363999956, 42.104767569000046 ], [ -4.415873366999961, 42.108892916000059 ], [ -4.428891845999942, 42.100356306000037 ], [ -4.444156276999934, 42.102363130000072 ], [ -4.46116647499997, 42.117612410000049 ], [ -4.463671616999932, 42.132570316000056 ], [ -4.477524437999932, 42.133427250000068 ], [ -4.492852825999933, 42.140709690000051 ], [ -4.501620009999954, 42.150340290000031 ], [ -4.503093217999947, 42.158204819000048 ], [ -4.514892499999974, 42.178844499000036 ] ] ] } },
{ "type": "Feature", "properties": { "code": "34012", "name": "Antigüedad" }, "geometry": { "type": "Polygon", "coordinates": [ [ [ -4.049211499999956, 41.964297999000053 ], [ -4.049844458999928, 41.95957955800003 ], [ -4.040642588999958, 41.94936253000003 ], [ -4.04232449999995, 41.934970999000029 ], [ -4.067285326999979, 41.930506501000025 ], [ -4.073248381999974, 41.912255314000049 ], [ -4.064856145999954, 41.90417502400004 ], [ -4.03675, 41.909499999000047 ], [ -4.033238, 41.883815999000035 ], [ -4.033339499999954, 41.878188999000031 ], [ -4.035244499999976, 41.873787499000059 ], [ -4.037602, 41.872764499000027 ], [ -4.041501, 41.873908999000037 ], [ -4.043636499999934, 41.873233499000037 ], [ -4.045409499999948, 41.874160999000026 ], [ -4.047451499999966, 41.873736999000073 ], [ -4.055019, 41.880241499000078 ], [ -4.060224499999947, 41.883147999000073 ], [ -4.063201, 41.887550499000042 ], [ -4.074302499999931, 41.896983999000042 ], [ -4.078215, 41.897346999000035 ], [ -4.093424499999969, 41.894256499000051 ], [ -4.093806, 41.896033999000053 ], [ -4.095343, 41.895011999000076 ], [ -4.097013, 41.89610299900005 ], [ -4.104108499999938, 41.896495999000081 ], [ -4.121136, 41.895412499000031 ], [ -4.126891499999942, 41.895744499000045 ], [ -4.133538705999968, 41.905037320000076 ], [ -4.144867304999934, 41.909805583000036 ], [ -4.13452056999995, 41.920342184000049 ], [ -4.138023738999948, 41.929062035000072 ], [ -4.131322195999928, 41.934989149000046 ], [ -4.137570113999971, 41.951266280000027 ], [ -4.129777499999932, 41.967856999000048 ], [ -4.105958960999942, 41.967173695000042 ], [ -4.097502499999962, 41.976085499000078 ], [ -4.069374, 41.978648999000029 ], [ -4.055276482999943, 41.965141432000053 ], [ -4.049211499999956, 41.964297999000053 ] ] ] } },
{ "type": "Feature", "properties": { "code": "34015", "name": "Arconada" }, "geometry": { "type": "Polygon", "coordinates": [ [ [ -4.514383499999951, 42.361343499000043 ], [ -4.50435768899996, 42.362495054000078 ], [ -4.46634606799995, 42.354457210000078 ], [ -4.44807, 42.34119799900003 ], [ -4.45821357899996, 42.329041481000047 ], [ -4.468998330999966, 42.327428911000027 ], [ -4.483873898999946, 42.316696529000069 ], [ -4.502416499999981, 42.314670499000044 ], [ -4.50964348499997, 42.325021990000039 ], [ -4.512570216999961, 42.340712899000039 ], [ -4.517334, 42.349719999000058 ], [ -4.51577, 42.355830999000034 ], [ -4.514271, 42.358649999000079 ], [ -4.514383499999951, 42.361343499000043 ] ] ] } },
{ "type": "Feature", "properties": { "code": "34017", "name": "Astudillo" }, "geometry": { "type": "Polygon", "coordinates": [ [ [ -4.271303, 42.225261499000055 ], [ -4.273639560999925, 42.210711419000063 ], [ -4.266266237999957, 42.208470981000062 ], [ -4.255665742999952, 42.200076410000065 ], [ -4.240135696999971, 42.199884657000041 ], [ -4.231462499999964, 42.208423499000048 ], [ -4.215309, 42.206866999000056 ], [ -4.206468008999934, 42.196831883000073 ], [ -4.205862499999967, 42.192424499000026 ], [ -4.221489418999965, 42.180821754000078 ], [ -4.230133724999973, 42.179746291000072 ], [ -4.239151457999981, 42.174394631000041 ], [ -4.25088, 42.173328499000036 ], [ -4.268376217999958, 42.168572400000073 ], [ -4.271736568999927, 42.160595732000047 ], [ -4.284385856999961, 42.156821326000056 ], [ -4.286661398999968, 42.147441411000045 ], [ -4.300171829999954, 42.138136185000064 ], [ -4.298280989999967, 42.128371780000066 ], [ -4.280679499999962, 42.117591999000069 ], [ -4.291570865999972, 42.105353974000025 ], [ -4.295226499999956, 42.095950999000081 ], [ -4.320761499999946, 42.09693949900003 ], [ -4.331795026999941, 42.092521159000057 ], [ -4.341552096999976, 42.10101332000005 ], [ -4.363755553999965, 42.099222922000081 ], [ -4.378202499999929, 42.111484499000028 ], [ -4.383965110999952, 42.117528438000079 ], [ -4.374644839999974, 42.126859698000032 ], [ -4.373809544999972, 42.131667914000047 ], [ -4.38271929299998, 42.135797576000073 ], [ -4.404189027999962, 42.157968663000077 ], [ -4.410539878999941, 42.157521743000075 ], [ -4.418552499999976, 42.16351699900008 ], [ -4.418097652999961, 42.170201984000073 ], [ -4.406234200999961, 42.173341288000074 ], [ -4.394654250999963, 42.182520283000031 ], [ -4.377448, 42.189437999000063 ], [ -4.357529159999956, 42.184906131000048 ], [ -4.341667270999949, 42.198249323000027 ], [ -4.31484097799995, 42.205954808000058 ], [ -4.29486849999995, 42.237537499000041 ], [ -4.276554650999969, 42.230701915000054 ], [ -4.271303, 42.225261499000055 ] ] ] } },
{ "type": "Feature", "properties": { "code": "34018", "name": "Autilla del Pino" }, "geometry": { "type": "Polygon", "coordinates": [ [ [ -4.618202499999938, 42.018634999000028 ], [ -4.593071, 42.021194499000046 ], [ -4.589863905999948, 42.00035887100006 ], [ -4.610230371999933, 41.980841456000064 ], [ -4.605917819999945, 41.971310985000059 ], [ -4.621700061999945, 41.956726545000038 ], [ -4.643140435999953, 41.954481336000072 ], [ -4.653309, 41.94944349900004 ], [ -4.65766, 41.948814499000036 ], [ -4.662463, 41.948890499000072 ], [ -4.667697, 41.950649499000065 ], [ -4.675769499999944, 41.97697449900005 ], [ -4.654310296999938, 42.00374910000005 ], [ -4.633044369999936, 42.005655188000048 ], [ -4.618202499999938, 42.018634999000028 ] ] ] } },
{ "type": "Feature", "properties": { "code": "34019", "name": "Autillo de Campos" }, "geometry": { "type": "Polygon", "coordinates": [ [ [ -4.874695499999973, 42.108176999000079 ], [ -4.848521828999935, 42.108303509000052 ], [ -4.834773351999957, 42.111726517000079 ], [ -4.82795508199996, 42.109513363000076 ], [ -4.813253561999943, 42.11125787900005 ], [ -4.809504, 42.109016499000063 ], [ -4.80957712999998, 42.077778669000054 ], [ -4.813312499999938, 42.071597999000062 ], [ -4.825463, 42.070426999000063 ], [ -4.838057, 42.070396499000026 ], [ -4.849046499999929, 42.067527999000049 ], [ -4.857424499999979, 42.06842799900005 ], [ -4.866411, 42.06407499900007 ], [ -4.882954499999926, 42.063994999000045 ], [ -4.882057, 42.066306999000062 ], [ -4.886758, 42.071235499000068 ], [ -4.90419849999995, 42.078376499000058 ], [ -4.899361499999941, 42.084132499000077 ], [ -4.899503, 42.08679599900006 ], [ -4.877935, 42.10155099900004 ], [ -4.875507499999969, 42.104533999000068 ], [ -4.874695499999973, 42.108176999000079 ] ] ] } },
{ "type": "Feature", "properties": { "code": "34020", "name": "Ayuela" }, "geometry": { "type": "Polygon", "coordinates": [ [ [ -4.645358, 42.631854999000041 ], [ -4.639969983999947, 42.620297287000028 ], [ -4.645809188999976, 42.61396648200008 ], [ -4.66724325499996, 42.617437564000056 ], [ -4.68586739999995, 42.63056283800006 ], [ -4.690553165999972, 42.625158341000031 ], [ -4.703941, 42.61830149900004 ], [ -4.707274714999926, 42.619081605000076 ], [ -4.715336932999946, 42.612624875000051 ], [ -4.719403350999926, 42.612883570000065 ], [ -4.722238736999941, 42.624174612000047 ], [ -4.732565, 42.635661999000035 ], [ -4.74293206699997, 42.651000331000034 ], [ -4.765180907999934, 42.673419224000043 ], [ -4.769204499999944, 42.681838999000036 ], [ -4.771818499999938, 42.690887499000041 ], [ -4.771317499999952, 42.692615499000055 ], [ -4.767274, 42.698077999000077 ], [ -4.763541499999974, 42.693462499000077 ], [ -4.759346499999936, 42.690185499000052 ], [ -4.754125, 42.680713499000035 ], [ -4.747112499999957, 42.677371999000059 ], [ -4.744603499999926, 42.677172999000049 ], [ -4.746999449999976, 42.663501083000028 ], [ -4.721343687999934, 42.645440748000055 ], [ -4.730370426999968, 42.639300584000068 ], [ -4.71207889599998, 42.628024749000076 ], [ -4.697439505999967, 42.630129605000036 ], [ -4.694040080999969, 42.633201313000029 ], [ -4.688605526999936, 42.632268064000073 ], [ -4.678421469999932, 42.636922140000081 ], [ -4.67493951199998, 42.643397223000079 ], [ -4.676938, 42.656581999000025 ], [ -4.667049229999975, 42.645096392000028 ], [ -4.657261223999967, 42.64128687300007 ], [ -4.645358, 42.631854999000041 ] ] ] } },
{ "type": "Feature", "properties": { "code": "34022", "name": "Baltanás" }, "geometry": { "type": "MultiPolygon", "coordinates": [ [ [ [ -4.04232449999995, 41.934970999000029 ], [ -4.041555315999972, 41.92170641000007 ], [ -4.03675, 41.909499999000047 ], [ -4.064856145999954, 41.90417502400004 ], [ -4.073248381999974, 41.912255314000049 ], [ -4.067285326999979, 41.930506501000025 ], [ -4.04232449999995, 41.934970999000029 ] ] ], [ [ [ -4.294511, 41.893204499000035 ], [ -4.297230282999976, 41.901300411000079 ], [ -4.306726167999955, 41.89993620000007 ], [ -4.313992845999962, 41.902243198000065 ], [ -4.326431499999956, 41.91309349900007 ], [ -4.316663143999961, 41.925161271000036 ], [ -4.305782461999968, 41.925312905000055 ], [ -4.289247053999929, 41.939713807000032 ], [ -4.28743039699998, 41.949879297000052 ], [ -4.297229529999925, 41.946467238000025 ], [ -4.303805820999969, 41.949392360000047 ], [ -4.288162499999942, 41.971446999000079 ], [ -4.26011995999994, 41.964010346000066 ], [ -4.246483750999971, 41.966501142000027 ], [ -4.237114197999972, 41.978194821000045 ], [ -4.230364885999961, 41.979740708000065 ], [ -4.224111844999925, 41.985093175000031 ], [ -4.205202, 42.011840999000071 ], [ -4.19722, 42.010589499000048 ], [ -4.185351, 42.007392999000047 ], [ -4.176987499999939, 42.008746999000039 ], [ -4.166601499999956, 42.01171849900004 ], [ -4.160096, 42.010619999000028 ], [ -4.156697392999945, 42.004006082000046 ], [ -4.14255217799996, 41.998912146000066 ], [ -4.134564379999972, 41.999073686000031 ], [ -4.133381, 41.98318849900005 ], [ -4.127066900999978, 41.974427659000071 ], [ -4.137570113999971, 41.951266280000027 ], [ -4.131322195999928, 41.934989149000046 ], [ -4.138023738999948, 41.929062035000072 ], [ -4.13452056999995, 41.920342184000049 ], [ -4.144867304999934, 41.909805583000036 ], [ -4.133538705999968, 41.905037320000076 ], [ -4.126891499999942, 41.895744499000045 ], [ -4.14824529599997, 41.893310413000052 ], [ -4.179864231999943, 41.882206054000051 ], [ -4.187467389999938, 41.888891847000025 ], [ -4.198425207999946, 41.890252001000079 ], [ -4.204746836999959, 41.894736135000073 ], [ -4.224666209999953, 41.897278002000064 ], [ -4.24838645899996, 41.896728027000051 ], [ -4.252356, 41.890697499000055 ], [ -4.265961601999948, 41.889677405000043 ], [ -4.294511, 41.893204499000035 ] ] ] ] } },
{ "type": "Feature", "properties": { "code": "34023", "name": "Venta de Baños" }, "geometry": { "type": "Polygon", "coordinates": [ [ [ -4.499534499999925, 41.910407999000029 ], [ -4.503128, 41.916602999000077 ], [ -4.48781966699994, 41.93919432000007 ], [ -4.467718905999959, 41.943522456000039 ], [ -4.457079756999974, 41.951373798000077 ], [ -4.456366470999967, 41.955365218000054 ], [ -4.461359499999958, 41.963260499000057 ], [ -4.441980499999943, 41.956912999000053 ], [ -4.442743847999964, 41.94850750300003 ], [ -4.45742432399993, 41.949676044000057 ], [ -4.462258705999943, 41.945687294000038 ], [ -4.462835895999945, 41.940852598000049 ], [ -4.452573396999981, 41.936584942000025 ], [ -4.441350744999966, 41.939608884000052 ], [ -4.435755, 41.933162499000048 ], [ -4.441980475999969, 41.928375707000043 ], [ -4.450723373999949, 41.930801135000081 ], [ -4.454757842999925, 41.929257281000048 ], [ -4.459291980999978, 41.918731419000039 ], [ -4.457685499999968, 41.912070999000036 ], [ -4.478298662999975, 41.906993753000052 ], [ -4.488674544999981, 41.911770477000061 ], [ -4.499534499999925, 41.910407999000029 ] ] ] } },
{ "type": "Feature", "properties": { "code": "34024", "name": "Baquerín de Campos" }, "geometry": { "type": "Polygon", "coordinates": [ [ [ -4.739877, 42.052921499000036 ], [ -4.740875358999972, 42.042539081000029 ], [ -4.735051, 42.015849499000069 ], [ -4.751538499999981, 42.000072499000055 ], [ -4.755327499999964, 42.002643499000044 ], [ -4.763414499999953, 41.995952999000053 ], [ -4.765044, 41.99332799900003 ], [ -4.765436, 41.990905499000064 ], [ -4.778735499999925, 41.989440999000067 ], [ -4.791417603999946, 41.995946285000059 ], [ -4.789151428999958, 42.005400868000038 ], [ -4.794475771999942, 42.018818301000067 ], [ -4.774510025999973, 42.037656510000033 ], [ -4.773523, 42.046912999000028 ], [ -4.754611281999928, 42.046444183000062 ], [ -4.739877, 42.052921499000036 ] ] ] } },
{ "type": "Feature", "properties": { "code": "34025", "name": "Bárcena de Campos" }, "geometry": { "type": "Polygon", "coordinates": [ [ [ -4.472820499999955, 42.48665999900004 ], [ -4.498852814999964, 42.46911183800006 ], [ -4.520945, 42.460090499000046 ], [ -4.531254, 42.477844499000071 ], [ -4.524160499999937, 42.484386499000038 ], [ -4.51415, 42.489570499000081 ], [ -4.514293499999951, 42.49150449900003 ], [ -4.512619499999971, 42.49422049900005 ], [ -4.510829, 42.493079999000031 ], [ -4.506891499999938, 42.492870499000048 ], [ -4.501463, 42.494285499000057 ], [ -4.499941499999977, 42.500869999000031 ], [ -4.495938, 42.50452449900007 ], [ -4.497296, 42.510368499000037 ], [ -4.497137, 42.512946999000064 ], [ -4.491609499999925, 42.519008499000051 ], [ -4.477443956999934, 42.511201396000047 ], [ -4.47951035799997, 42.50084761200003 ], [ -4.472820499999955, 42.48665999900004 ] ] ] } },
{ "type": "Feature", "properties": { "code": "34027", "name": "Barruelo de Santullán" }, "geometry": { "type": "Polygon", "coordinates": [ [ [ -4.351420499999961, 42.893154499000048 ], [ -4.335367944999973, 42.890503136000063 ], [ -4.334322817999976, 42.896262947000025 ], [ -4.323015471999952, 42.90876901300004 ], [ -4.33056449999998, 42.927970999000081 ], [ -4.313873, 42.924514499000054 ], [ -4.306626499999936, 42.92479699900008 ], [ -4.302317, 42.922664499000064 ], [ -4.295839499999943, 42.921172999000078 ], [ -4.291405, 42.91886499900005 ], [ -4.277357, 42.92026499900004 ], [ -4.268749499999956, 42.912776999000073 ], [ -4.261748499999953, 42.908343999000067 ], [ -4.259921499999962, 42.905265999000051 ], [ -4.254553499999929, 42.899623999000028 ], [ -4.265080698999952, 42.886000544000069 ], [ -4.266179831999978, 42.873668739000038 ], [ -4.259202344999949, 42.870069535000027 ], [ -4.244675499999971, 42.875617999000042 ], [ -4.246371231999944, 42.870830178000062 ], [ -4.263054010999952, 42.863479079000058 ], [ -4.265218893999929, 42.858291572000041 ], [ -4.275478498999973, 42.850500880000027 ], [ -4.277997238999944, 42.842613712000059 ], [ -4.290544575999945, 42.849723259000029 ], [ -4.326558749999947, 42.859137160000046 ], [ -4.352385499999968, 42.849868499000081 ], [ -4.376124040999969, 42.868023015000063 ], [ -4.375230731999977, 42.872453277000034 ], [ -4.364560024999946, 42.871807033000039 ], [ -4.355608591999953, 42.875283314000058 ], [ -4.359445533999974, 42.885280397000031 ], [ -4.350765349999961, 42.89037124400005 ], [ -4.351420499999961, 42.893154499000048 ] ] ] } },
{ "type": "Feature", "properties": { "code": "34028", "name": "Báscones de Ojeda" }, "geometry": { "type": "Polygon", "coordinates": [ [ [ -4.541645, 42.714835999000059 ], [ -4.538414715999977, 42.704001189000053 ], [ -4.507365499999935, 42.681991499000048 ], [ -4.510526890999927, 42.678097864000051 ], [ -4.510276524999938, 42.66579147300007 ], [ -4.513157, 42.660144999000067 ], [ -4.555877, 42.651511999000036 ], [ -4.558293499999934, 42.654918499000075 ], [ -4.555971, 42.664016999000069 ], [ -4.557819499999937, 42.666763499000069 ], [ -4.558277, 42.672347999000067 ], [ -4.561448499999926, 42.675189999000054 ], [ -4.562115, 42.676978999000028 ], [ -4.55935044499995, 42.68694533200005 ], [ -4.551119694999954, 42.686846635000052 ], [ -4.556609936999962, 42.706954587000041 ], [ -4.541645, 42.714835999000059 ] ] ] } },
{ "type": "Feature", "properties": { "code": "34029", "name": "Becerril de Campos" }, "geometry": { "type": "MultiPolygon", "coordinates": [ [ [ [ -4.681821, 42.053653999000062 ], [ -4.684216, 42.055137499000068 ], [ -4.692219499999965, 42.050284999000041 ], [ -4.699130499999967, 42.062438999000051 ], [ -4.703338499999973, 42.064368999000067 ], [ -4.710354, 42.071765999000036 ], [ -4.711736, 42.076843499000063 ], [ -4.709127, 42.098522499000069 ], [ -4.700719951999929, 42.10599505700003 ], [ -4.695131590999949, 42.107332860000042 ], [ -4.691357610999944, 42.113464208000039 ], [ -4.668025247999935, 42.13279146800005 ], [ -4.643851416999951, 42.139879439000026 ], [ -4.641129689999957, 42.151819295000053 ], [ -4.636052865999943, 42.15741573300005 ], [ -4.611929, 42.154629499000066 ], [ -4.59960887699998, 42.149173898000072 ], [ -4.575208619999955, 42.148693395000066 ], [ -4.54475, 42.160937999000055 ], [ -4.539661240999976, 42.155417988000067 ], [ -4.546919217999971, 42.138734396000075 ], [ -4.544198499999936, 42.130760499000075 ], [ -4.548952, 42.125743999000065 ], [ -4.552996, 42.119933999000068 ], [ -4.556545, 42.112689999000054 ], [ -4.592121278999969, 42.111151007000046 ], [ -4.600572087999979, 42.114827600000069 ], [ -4.614907693999953, 42.110116572000038 ], [ -4.634226737999938, 42.091420053000036 ], [ -4.643560783999931, 42.074274413000069 ], [ -4.658047693999947, 42.063083831000029 ], [ -4.665517197999975, 42.064690369000061 ], [ -4.673457499999927, 42.058250499000053 ], [ -4.68049549999995, 42.058391499000038 ], [ -4.681422, 42.056388999000035 ], [ -4.679374, 42.055732499000044 ], [ -4.681821, 42.053653999000062 ] ] ], [ [ [ -4.602695900999947, 42.167766442000072 ], [ -4.588952375999952, 42.172075806000066 ], [ -4.586672112999963, 42.170962528000075 ], [ -4.59716289499994, 42.163790014000028 ], [ -4.602695900999947, 42.167766442000072 ] ] ] ] } },
{ "type": "Feature", "properties": { "code": "34031", "name": "Belmonte de Campos" }, "geometry": { "type": "Polygon", "coordinates": [ [ [ -4.983705499999928, 41.910014999000055 ], [ -4.988505304999933, 41.923334552000028 ], [ -5.00365538799997, 41.936764865000043 ], [ -5.002381790999948, 41.943136035000066 ], [ -5.005127, 41.947219999000026 ], [ -4.993604757999947, 41.962278765000065 ], [ -4.983289, 41.96667099900003 ], [ -4.973303, 41.963313999000036 ], [ -4.973874499999965, 41.961547999000061 ], [ -4.971928499999933, 41.961051999000063 ], [ -4.970917, 41.957942999000068 ], [ -4.966265, 41.956184499000074 ], [ -4.95863449999996, 41.950866499000028 ], [ -4.957494499999939, 41.948734499000068 ], [ -4.95755, 41.94504149900007 ], [ -4.952710499999966, 41.945373499000027 ], [ -4.95175, 41.937968999000077 ], [ -4.953512499999931, 41.937598999000045 ], [ -4.95246, 41.935535499000025 ], [ -4.950582, 41.935649999000077 ], [ -4.94961, 41.933818999000039 ], [ -4.96700644699996, 41.924287215000049 ], [ -4.983705499999928, 41.910014999000055 ] ] ] } },
{ "type": "Feature", "properties": { "code": "34032", "name": "Berzosilla" }, "geometry": { "type": "Polygon", "coordinates": [ [ [ -3.99967, 42.768932499000073 ], [ -4.002546, 42.768420999000057 ], [ -4.003112, 42.763309499000059 ], [ -4.009395, 42.765640499000028 ], [ -4.018545499999959, 42.763892999000063 ], [ -4.030453, 42.766364999000075 ], [ -4.034598, 42.76577749900008 ], [ -4.040881, 42.76726099900003 ], [ -4.046112, 42.766800499000055 ], [ -4.049736965999955, 42.774397184000065 ], [ -4.048793588999956, 42.781676901000026 ], [ -4.04175352599998, 42.789358327000059 ], [ -4.033487739999941, 42.787471164000067 ], [ -4.029947316999937, 42.789386254000078 ], [ -4.032266952999976, 42.800543073000028 ], [ -4.016477805999955, 42.808642983000027 ], [ -4.019747174999964, 42.820068646000038 ], [ -4.011656954999978, 42.829347726000037 ], [ -4.005610341999954, 42.830987948000029 ], [ -4.00132323899993, 42.827663388000076 ], [ -4.000475901999948, 42.810048558000062 ], [ -3.997090838999952, 42.801396333000071 ], [ -3.996277515999964, 42.785330200000033 ], [ -3.99967, 42.768932499000073 ] ] ] } },
{ "type": "Feature", "properties": { "code": "34033", "name": "Boada de Campos" }, "geometry": { "type": "Polygon", "coordinates": [ [ [ -4.846668499999964, 41.974101999000027 ], [ -4.847698, 41.97257249900008 ], [ -4.855788, 41.976756999000031 ], [ -4.8762, 41.967418499000075 ], [ -4.877128, 41.965350999000066 ], [ -4.887894273999962, 41.967976187000033 ], [ -4.89567599399993, 41.974219808000043 ], [ -4.919233499999962, 41.984294999000042 ], [ -4.916579, 41.983924999000067 ], [ -4.911432499999933, 41.985045999000079 ], [ -4.90610049999998, 41.989974999000026 ], [ -4.902581, 41.995036999000035 ], [ -4.893825, 41.999820499000066 ], [ -4.881275499999958, 42.000926999000058 ], [ -4.86496, 42.005798499000036 ], [ -4.854296499999975, 42.001159499000039 ], [ -4.859494499999926, 41.991863499000033 ], [ -4.858699499999943, 41.988563499000065 ], [ -4.851127, 41.982974999000078 ], [ -4.847118, 41.977515999000047 ], [ -4.846668499999964, 41.974101999000027 ] ] ] } },
{ "type": "Feature", "properties": { "code": "34034", "name": "Boadilla del Camino" }, "geometry": { "type": "Polygon", "coordinates": [ [ [ -4.314758499999925, 42.294822999000075 ], [ -4.31517249999996, 42.290809499000034 ], [ -4.308022, 42.279929999000046 ], [ -4.303327499999966, 42.27502049900005 ], [ -4.301535, 42.271171499000047 ], [ -4.301923, 42.261707499000067 ], [ -4.304664, 42.255336999000065 ], [ -4.307936, 42.250545499000054 ], [ -4.339781411999979, 42.236504591000028 ], [ -4.363853803999973, 42.247687036000059 ], [ -4.374842499999943, 42.248023999000054 ], [ -4.374166, 42.255984999000077 ], [ -4.369483499999944, 42.267543499000055 ], [ -4.366428, 42.273685999000065 ], [ -4.358793499999933, 42.284168499000032 ], [ -4.33994249999995, 42.296542999000053 ], [ -4.326558, 42.299915499000065 ], [ -4.314758499999925, 42.294822999000075 ] ] ] } },
{ "type": "Feature", "properties": { "code": "34035", "name": "Boadilla de Rioseco" }, "geometry": { "type": "Polygon", "coordinates": [ [ [ -4.927515, 42.150195999000061 ], [ -4.945165302999953, 42.152488553000069 ], [ -4.963229362999925, 42.150514585000053 ], [ -4.967752510999958, 42.154993550000029 ], [ -4.979303192999964, 42.151016093000067 ], [ -4.981268, 42.14682749900004 ], [ -4.990781839999954, 42.144616605000067 ], [ -5.008321940999963, 42.14909035200003 ], [ -5.016803029999949, 42.156417127000054 ], [ -5.026982, 42.153892499000051 ], [ -5.026736353999979, 42.164682304000053 ], [ -5.031909499999927, 42.173610499000063 ], [ -5.019688004999978, 42.179320106000034 ], [ -5.013591285999951, 42.188592886000038 ], [ -5.012963499999955, 42.194610499000078 ], [ -4.99802393899995, 42.202965689000052 ], [ -4.926238499999954, 42.209437999000045 ], [ -4.923227499999939, 42.205192499000077 ], [ -4.922712499999932, 42.200618999000028 ], [ -4.911971, 42.184631999000032 ], [ -4.911632, 42.180972999000062 ], [ -4.907505, 42.175040999000032 ], [ -4.907111499999928, 42.17276399900004 ], [ -4.917224, 42.168124999000042 ], [ -4.92434, 42.159225499000058 ], [ -4.927515, 42.150195999000061 ] ] ] } },
{ "type": "Feature", "properties": { "code": "34036", "name": "Brañosera" }, "geometry": { "type": "MultiPolygon", "coordinates": [ [ [ [ -4.377479499999936, 42.958480999000074 ], [ -4.376234, 42.961425499000029 ], [ -4.367067, 42.967151499000067 ], [ -4.365421499999968, 42.977649499000051 ], [ -4.366214418999959, 42.981053106000047 ], [ -4.362908, 42.984866999000076 ], [ -4.346516178999934, 42.972252320000052 ], [ -4.262698120999971, 42.965151996000031 ], [ -4.238323499999979, 42.954154999000025 ], [ -4.237683136999976, 42.920223861000068 ], [ -4.234884178999948, 42.91601780700006 ], [ -4.223543596999946, 42.910292964000064 ], [ -4.229911006999941, 42.902969822000045 ], [ -4.230633499999954, 42.896636999000066 ], [ -4.247489, 42.90347299900003 ], [ -4.254887, 42.903400499000043 ], [ -4.254553499999929, 42.899623999000028 ], [ -4.259921499999962, 42.905265999000051 ], [ -4.261748499999953, 42.908343999000067 ], [ -4.268749499999956, 42.912776999000073 ], [ -4.277357, 42.92026499900004 ], [ -4.291405, 42.91886499900005 ], [ -4.295839499999943, 42.921172999000078 ], [ -4.302317, 42.922664499000064 ], [ -4.306626499999936, 42.92479699900008 ], [ -4.313873, 42.924514499000054 ], [ -4.33056449999998, 42.927970999000081 ], [ -4.342693, 42.928970499000059 ], [ -4.361191499999961, 42.934253499000079 ], [ -4.364065, 42.936191499000074 ], [ -4.365096499999936, 42.938522499000044 ], [ -4.363455, 42.944060999000044 ], [ -4.366676, 42.950073499000041 ], [ -4.374815499999954, 42.95557799900007 ], [ -4.377479499999936, 42.958480999000074 ] ] ], [ [ [ -4.254553499999929, 42.899623999000028 ], [ -4.246893499999942, 42.890220499000066 ], [ -4.245086, 42.886989499000038 ], [ -4.243081, 42.879714999000043 ], [ -4.244675499999971, 42.875617999000042 ], [ -4.259202344999949, 42.870069535000027 ], [ -4.266179831999978, 42.873668739000038 ], [ -4.265080698999952, 42.886000544000069 ], [ -4.254553499999929, 42.899623999000028 ] ] ] ] } },
{ "type": "Feature", "properties": { "code": "34037", "name": "Buenavista de Valdavia" }, "geometry": { "type": "Polygon", "coordinates": [ [ [ -4.645358, 42.631854999000041 ], [ -4.657261223999967, 42.64128687300007 ], [ -4.667049229999975, 42.645096392000028 ], [ -4.676938, 42.656581999000025 ], [ -4.693967530999942, 42.672037727000031 ], [ -4.693768, 42.678413499000044 ], [ -4.690452815999947, 42.68502241300007 ], [ -4.680498478999937, 42.693174440000064 ], [ -4.66643, 42.682533499000044 ], [ -4.656671321999966, 42.678490060000058 ], [ -4.634514343999967, 42.662108968000041 ], [ -4.620001588999969, 42.663669196000058 ], [ -4.610274389999972, 42.659216536000031 ], [ -4.593497771999978, 42.662684647000049 ], [ -4.572691386999963, 42.681053998000039 ], [ -4.562115, 42.676978999000028 ], [ -4.561448499999926, 42.675189999000054 ], [ -4.558277, 42.672347999000067 ], [ -4.557819499999937, 42.666763499000069 ], [ -4.555971, 42.664016999000069 ], [ -4.558293499999934, 42.654918499000075 ], [ -4.544707329999937, 42.632098737000035 ], [ -4.548179369999957, 42.62292272600007 ], [ -4.532943499999931, 42.608775999000045 ], [ -4.553122858999927, 42.597598263000066 ], [ -4.567757222999944, 42.585385426000073 ], [ -4.584965040999975, 42.579349449000063 ], [ -4.588569335999978, 42.571690841000077 ], [ -4.594419, 42.569385499000077 ], [ -4.594976499999973, 42.572139499000059 ], [ -4.599733499999957, 42.572856999000066 ], [ -4.624001, 42.566508999000064 ], [ -4.628516499999932, 42.566337499000042 ], [ -4.629696770999942, 42.571237645000053 ], [ -4.619328950999943, 42.578726417000041 ], [ -4.625195795999957, 42.586220797000067 ], [ -4.633052444999976, 42.590644644000065 ], [ -4.615118826999947, 42.598565195000049 ], [ -4.611642635999942, 42.611786100000074 ], [ -4.61640796699993, 42.618884738000077 ], [ -4.645358, 42.631854999000041 ] ] ] } },
{ "type": "Feature", "properties": { "code": "34038", "name": "Bustillo de la Vega" }, "geometry": { "type": "Polygon", "coordinates": [ [ [ -4.763772, 42.458579999000051 ], [ -4.75525216099993, 42.465639859000078 ], [ -4.728202472999953, 42.473334310000041 ], [ -4.724263, 42.471240999000031 ], [ -4.722573, 42.467212499000027 ], [ -4.722846499999946, 42.463489499000048 ], [ -4.724069499999928, 42.461505499000054 ], [ -4.724018, 42.457862999000042 ], [ -4.723443, 42.454170499000043 ], [ -4.721641499999976, 42.451881499000081 ], [ -4.719783499999949, 42.451079999000058 ], [ -4.719228499999929, 42.446731499000066 ], [ -4.719772, 42.440852999000072 ], [ -4.734358, 42.432437999000058 ], [ -4.734016499999939, 42.427024999000025 ], [ -4.725709, 42.423717499000077 ], [ -4.734313, 42.419219999000063 ], [ -4.749112683999954, 42.413938032000033 ], [ -4.761061601999927, 42.418649413000026 ], [ -4.768222376999972, 42.426537138000072 ], [ -4.769952491999959, 42.446662779000064 ], [ -4.763772, 42.458579999000051 ] ] ] } },
{ "type": "Feature", "properties": { "code": "34039", "name": "Bustillo del Páramo de Carrión" }, "geometry": { "type": "Polygon", "coordinates": [ [ [ -4.690664, 42.331287499000041 ], [ -4.690759852999975, 42.317810406000035 ], [ -4.702118499999926, 42.310870999000031 ], [ -4.730077499999936, 42.319797976000075 ], [ -4.737960656999974, 42.32608145100005 ], [ -4.74195937199994, 42.334148983000034 ], [ -4.759392701999957, 42.340180300000043 ], [ -4.765848659999961, 42.345703142000048 ], [ -4.774869174999935, 42.346614462000048 ], [ -4.781287499999962, 42.352092499000037 ], [ -4.768522084999972, 42.358266688000072 ], [ -4.74808180499997, 42.390769059000036 ], [ -4.736054499999966, 42.398208499000077 ], [ -4.743490080999948, 42.389218136000068 ], [ -4.724615, 42.378471499000057 ], [ -4.71988190299993, 42.373335501000042 ], [ -4.728117744999963, 42.366818115000058 ], [ -4.71912144099997, 42.356550749000064 ], [ -4.710068077999949, 42.347786075000045 ], [ -4.690647, 42.342010499000025 ], [ -4.690664, 42.331287499000041 ] ] ] } },
{ "type": "Feature", "properties": { "code": "34041", "name": "Calahorra de Boedo" }, "geometry": { "type": "Polygon", "coordinates": [ [ [ -4.347966, 42.560745499000063 ], [ -4.354573615999925, 42.559426486000064 ], [ -4.36259462299995, 42.549539659000061 ], [ -4.376129499999934, 42.54845799900005 ], [ -4.40516176899996, 42.551006184000073 ], [ -4.412013499999944, 42.554057999000065 ], [ -4.425066, 42.565051999000048 ], [ -4.400843168999927, 42.571353670000065 ], [ -4.377453000999935, 42.589207349000048 ], [ -4.349887499999966, 42.583739999000045 ], [ -4.352134011999965, 42.572822988000041 ], [ -4.346631945999945, 42.568497644000047 ], [ -4.347966, 42.560745499000063 ] ] ] } },
{ "type": "Feature", "properties": { "code": "34042", "name": "Calzada de los Molinos" }, "geometry": { "type": "Polygon", "coordinates": [ [ [ -4.676525499999968, 42.290599999000051 ], [ -4.685323804999939, 42.296099991000062 ], [ -4.69065821199996, 42.30629014200008 ], [ -4.702118499999926, 42.310870999000031 ], [ -4.690759852999975, 42.317810406000035 ], [ -4.690664, 42.331287499000041 ], [ -4.67633744699998, 42.342436177000025 ], [ -4.665117772999963, 42.34340902200006 ], [ -4.657442500999935, 42.340391516000068 ], [ -4.649433105999947, 42.343681442000047 ], [ -4.642216352999981, 42.342368628000031 ], [ -4.633686252999951, 42.331174356000076 ], [ -4.628920254999969, 42.312864729000069 ], [ -4.637714825999979, 42.308983611000031 ], [ -4.640988919999927, 42.30047783200007 ], [ -4.660021594999932, 42.285172936000038 ], [ -4.659523499999978, 42.277355499000066 ], [ -4.676525499999968, 42.290599999000051 ] ] ] } },
{ "type": "Feature", "properties": { "code": "34045", "name": "Capillas" }, "geometry": { "type": "Polygon", "coordinates": [ [ [ -4.919233499999962, 41.984294999000042 ], [ -4.924641, 41.984638499000027 ], [ -4.931099103999941, 41.996996059000026 ], [ -4.925474393999934, 42.003396304000034 ], [ -4.925391468999976, 42.008904140000027 ], [ -4.938152499999944, 42.019862999000054 ], [ -4.918564222999976, 42.017415328000027 ], [ -4.874601499999926, 42.034763499000064 ], [ -4.861833442999966, 42.016149972000051 ], [ -4.86496, 42.005798499000036 ], [ -4.881275499999958, 42.000926999000058 ], [ -4.893825, 41.999820499000066 ], [ -4.902581, 41.995036999000035 ], [ -4.90610049999998, 41.989974999000026 ], [ -4.911432499999933, 41.985045999000079 ], [ -4.916579, 41.983924999000067 ], [ -4.919233499999962, 41.984294999000042 ] ] ] } },
{ "type": "Feature", "properties": { "code": "34046", "name": "Cardeñosa de Volpejera" }, "geometry": { "type": "Polygon", "coordinates": [ [ [ -4.725080499999933, 42.215041499000051 ], [ -4.716534149999973, 42.219074960000057 ], [ -4.720072260999927, 42.228976790000047 ], [ -4.713238, 42.247485999000048 ], [ -4.69749257999996, 42.248642301000075 ], [ -4.674532884999962, 42.243850573000032 ], [ -4.672697655999968, 42.238341794000064 ], [ -4.678185499999927, 42.220592499000077 ], [ -4.696277443999975, 42.217381461000059 ], [ -4.703157586999964, 42.207194659000038 ], [ -4.71595, 42.203075499000079 ], [ -4.723562, 42.210815499000034 ], [ -4.725080499999933, 42.215041499000051 ] ] ] } },
{ "type": "Feature", "properties": { "code": "34047", "name": "Carrión de los Condes" }, "geometry": { "type": "Polygon", "coordinates": [ [ [ -4.690647, 42.342010499000025 ], [ -4.673014731999956, 42.351828702000034 ], [ -4.675658351999971, 42.358892867000066 ], [ -4.667852794999931, 42.364679330000058 ], [ -4.63361, 42.36711499900008 ], [ -4.62814101999993, 42.364265815000067 ], [ -4.622669936999955, 42.365697282000042 ], [ -4.622311907999972, 42.370436720000043 ], [ -4.607076499999948, 42.380500999000049 ], [ -4.607397499999934, 42.37356199900006 ], [ -4.595612, 42.375339499000063 ], [ -4.596698499999945, 42.366939499000068 ], [ -4.591707499999927, 42.364532499000063 ], [ -4.583319, 42.364127999000061 ], [ -4.58087, 42.363315499000066 ], [ -4.574654499999951, 42.359073499000033 ], [ -4.577866499999971, 42.352462499000069 ], [ -4.571934499999941, 42.349273499000049 ], [ -4.566073, 42.343475499000078 ], [ -4.559696499999973, 42.344939999000076 ], [ -4.554443, 42.338085499000044 ], [ -4.550687499999981, 42.335387999000034 ], [ -4.571675612999968, 42.320738491000043 ], [ -4.576940960999934, 42.310809109000047 ], [ -4.57662849999997, 42.296137999000052 ], [ -4.598981458999958, 42.292878363000057 ], [ -4.612188160999949, 42.296833737000043 ], [ -4.622295852999969, 42.291178798000033 ], [ -4.622505136999962, 42.276579354000035 ], [ -4.619587942999942, 42.270940791000044 ], [ -4.608297616999948, 42.263692334000041 ], [ -4.608299142999954, 42.257956513000067 ], [ -4.62803613899996, 42.263125165000076 ], [ -4.63366713299996, 42.272705789000042 ], [ -4.650238, 42.268718999000043 ], [ -4.652107616999956, 42.273220236000043 ], [ -4.659523499999978, 42.277355499000066 ], [ -4.660021594999932, 42.285172936000038 ], [ -4.640988919999927, 42.30047783200007 ], [ -4.637714825999979, 42.308983611000031 ], [ -4.628920254999969, 42.312864729000069 ], [ -4.633686252999951, 42.331174356000076 ], [ -4.642216352999981, 42.342368628000031 ], [ -4.649433105999947, 42.343681442000047 ], [ -4.657442500999935, 42.340391516000068 ], [ -4.665117772999963, 42.34340902200006 ], [ -4.67633744699998, 42.342436177000025 ], [ -4.690664, 42.331287499000041 ], [ -4.690647, 42.342010499000025 ] ] ] } },
{ "type": "Feature", "properties": { "code": "34048", "name": "Castil de Vela" }, "geometry": { "type": "Polygon", "coordinates": [ [ [ -4.983289, 41.96667099900003 ], [ -4.976191165999978, 41.974375062000036 ], [ -4.972858990999953, 41.983229190000031 ], [ -4.972149628999944, 41.988884443000074 ], [ -4.975516499999969, 41.993533999000078 ], [ -4.964875090999953, 42.006848669000078 ], [ -4.936027, 42.017902499000058 ], [ -4.925391468999976, 42.008904140000027 ], [ -4.925474393999934, 42.003396304000034 ], [ -4.931099103999941, 41.996996059000026 ], [ -4.924641, 41.984638499000027 ], [ -4.930102181999928, 41.980798726000046 ], [ -4.928868518999934, 41.970860259000062 ], [ -4.940451136999968, 41.952704553000046 ], [ -4.952710499999966, 41.945373499000027 ], [ -4.95755, 41.94504149900007 ], [ -4.957494499999939, 41.948734499000068 ], [ -4.95863449999996, 41.950866499000028 ], [ -4.966265, 41.956184499000074 ], [ -4.970917, 41.957942999000068 ], [ -4.971928499999933, 41.961051999000063 ], [ -4.973874499999965, 41.961547999000061 ], [ -4.973303, 41.963313999000036 ], [ -4.983289, 41.96667099900003 ] ] ] } },
{ "type": "Feature", "properties": { "code": "34049", "name": "Castrejón de la Peña" }, "geometry": { "type": "Polygon", "coordinates": [ [ [ -4.524959, 42.765998999000033 ], [ -4.539416821999964, 42.762792134000051 ], [ -4.549359551999942, 42.752648627000042 ], [ -4.556692712999961, 42.749444465000067 ], [ -4.562201499999958, 42.737403999000037 ], [ -4.570262742999944, 42.732981116000076 ], [ -4.58422115299993, 42.733628097000064 ], [ -4.594264499999952, 42.742896999000038 ], [ -4.611892656999942, 42.745232949000069 ], [ -4.622825019999937, 42.752705439000067 ], [ -4.639112352999973, 42.754216968000037 ], [ -4.651764704999948, 42.765137192000054 ], [ -4.667284282999958, 42.772483775000069 ], [ -4.669614, 42.778587499000025 ], [ -4.669248898999967, 42.790416636000032 ], [ -4.661177123999948, 42.794728116000044 ], [ -4.660538681999981, 42.800475926000047 ], [ -4.654172612999957, 42.800954776000026 ], [ -4.651116205999926, 42.807845366000038 ], [ -4.653520949999972, 42.818336127000066 ], [ -4.646024120999925, 42.825496208000061 ], [ -4.648316803999933, 42.841365815000074 ], [ -4.645701989999964, 42.85587359200008 ], [ -4.649251499999934, 42.865256999000053 ], [ -4.648741, 42.868567999000049 ], [ -4.626786593999952, 42.863962637000043 ], [ -4.61243174599997, 42.851827619000062 ], [ -4.596358848999955, 42.853840336000076 ], [ -4.590499499999964, 42.850318999000081 ], [ -4.566917200999967, 42.832435461000046 ], [ -4.546740927999963, 42.831264205000025 ], [ -4.540668420999964, 42.828219202000071 ], [ -4.538535219999972, 42.819686206000029 ], [ -4.540732949999949, 42.809858865000081 ], [ -4.537434203999965, 42.804873660000055 ], [ -4.550744360999943, 42.796457903000032 ], [ -4.551213316999963, 42.788207026000066 ], [ -4.532619790999945, 42.775870776000033 ], [ -4.524959, 42.765998999000033 ] ] ] } },
{ "type": "Feature", "properties": { "code": "34050", "name": "Castrillo de Don Juan" }, "geometry": { "type": "Polygon", "coordinates": [ [ [ -4.040900499999964, 41.768344499000079 ], [ -4.058805630999927, 41.774306728000056 ], [ -4.065322931999958, 41.77052956700004 ], [ -4.071070966999969, 41.770826912000075 ], [ -4.087267434999944, 41.779142776000072 ], [ -4.099981771999978, 41.775449814000069 ], [ -4.108286518999932, 41.785622286000034 ], [ -4.111053349999963, 41.794461839000064 ], [ -4.117923, 41.800266499000031 ], [ -4.12322249999994, 41.807300499000064 ], [ -4.116907, 41.823486499000069 ], [ -4.117236, 41.830821999000079 ], [ -4.111803911999971, 41.84832478800007 ], [ -4.094197518999977, 41.840362244000062 ], [ -4.092456959999936, 41.843081649000055 ], [ -4.096707742999968, 41.851924205000046 ], [ -4.110018135999951, 41.85651918700006 ], [ -4.121797457999946, 41.868548739000062 ], [ -4.129178721999949, 41.871452356000077 ], [ -4.134589, 41.883849999000063 ], [ -4.123548, 41.887290999000072 ], [ -4.111042501999975, 41.886900852000053 ], [ -4.091526482999939, 41.892887052000049 ], [ -4.082794047999926, 41.889369702000067 ], [ -4.066356, 41.876472499000045 ], [ -4.087765579999939, 41.870385962000057 ], [ -4.081087651999951, 41.860894032000033 ], [ -4.07970874199998, 41.850423249000073 ], [ -4.089021583999966, 41.842492961000062 ], [ -4.090057121999962, 41.832262893000063 ], [ -4.060690531999967, 41.806509110000036 ], [ -4.048660177999977, 41.801730276000058 ], [ -4.038628874999972, 41.788852126000052 ], [ -4.038924499999951, 41.77269749900006 ], [ -4.040900499999964, 41.768344499000079 ] ] ] } },
{ "type": "Feature", "properties": { "code": "34051", "name": "Castrillo de Onielo" }, "geometry": { "type": "Polygon", "coordinates": [ [ [ -4.246341499999971, 41.836116999000069 ], [ -4.257332009999971, 41.836851162000073 ], [ -4.280376959999955, 41.832498102000045 ], [ -4.296028, 41.837142398000026 ], [ -4.304462457999932, 41.836414489000049 ], [ -4.311481170999969, 41.842428722000079 ], [ -4.32193647899993, 41.846184521000055 ], [ -4.329342027999928, 41.853886517000035 ], [ -4.340786371999968, 41.849042871000051 ], [ -4.347341, 41.867835999000079 ], [ -4.33315104899998, 41.875128618000076 ], [ -4.313620793999974, 41.879381887000079 ], [ -4.312177901999974, 41.888257472000078 ], [ -4.302223353999977, 41.88832267500004 ], [ -4.294511, 41.893204499000035 ], [ -4.265961601999948, 41.889677405000043 ], [ -4.252356, 41.890697499000055 ], [ -4.247971117999953, 41.878200185000026 ], [ -4.249813490999941, 41.860573137000074 ], [ -4.242906672999936, 41.844552019000048 ], [ -4.246341499999971, 41.836116999000069 ] ] ] } },
{ "type": "Feature", "properties": { "code": "34052", "name": "Castrillo de Villavega" }, "geometry": { "type": "Polygon", "coordinates": [ [ [ -4.520945, 42.460090499000046 ], [ -4.498852814999964, 42.46911183800006 ], [ -4.472820499999955, 42.48665999900004 ], [ -4.448346267999966, 42.485337917000038 ], [ -4.444286236999972, 42.47572445600008 ], [ -4.434392, 42.46845249900008 ], [ -4.44466442099997, 42.441711087000044 ], [ -4.43986149999995, 42.435802499000033 ], [ -4.44974162799997, 42.436678554000025 ], [ -4.460214150999946, 42.431412073000047 ], [ -4.477486590999945, 42.429481811000073 ], [ -4.481172, 42.427467499000045 ], [ -4.504504843999939, 42.430645641000069 ], [ -4.528684, 42.430267499000081 ], [ -4.518830401999935, 42.45064400900003 ], [ -4.520945, 42.460090499000046 ] ] ] } },
{ "type": "Feature", "properties": { "code": "34053", "name": "Castromocho" }, "geometry": { "type": "Polygon", "coordinates": [ [ [ -4.804129499999931, 42.062351499000044 ], [ -4.796780590999958, 42.054207427000051 ], [ -4.773523, 42.046912999000028 ], [ -4.774510025999973, 42.037656510000033 ], [ -4.794475771999942, 42.018818301000067 ], [ -4.789151428999958, 42.005400868000038 ], [ -4.791417603999946, 41.995946285000059 ], [ -4.778735499999925, 41.989440999000067 ], [ -4.812608427999976, 41.982776081000054 ], [ -4.830366, 41.967463999000074 ], [ -4.846668499999964, 41.974101999000027 ], [ -4.847118, 41.977515999000047 ], [ -4.851127, 41.982974999000078 ], [ -4.858699499999943, 41.988563499000065 ], [ -4.859494499999926, 41.991863499000033 ], [ -4.854296499999975, 42.001159499000039 ], [ -4.86496, 42.005798499000036 ], [ -4.861833442999966, 42.016149972000051 ], [ -4.874601499999926, 42.034763499000064 ], [ -4.874566499999958, 42.039283999000077 ], [ -4.873173, 42.044925999000043 ], [ -4.870322499999929, 42.046207499000047 ], [ -4.860851013999934, 42.044071942000073 ], [ -4.835044723999943, 42.051113391000058 ], [ -4.824571398999979, 42.057738168000071 ], [ -4.804129499999931, 42.062351499000044 ] ] ] } },
{ "type": "Feature", "properties": { "code": "34055", "name": "Cervatos de la Cueza" }, "geometry": { "type": "Polygon", "coordinates": [ [ [ -4.844968, 42.339610999000058 ], [ -4.833607451999967, 42.345749007000052 ], [ -4.825138093999954, 42.358087064000074 ], [ -4.796686, 42.363315499000066 ], [ -4.790623499999981, 42.352542999000036 ], [ -4.781287499999962, 42.352092499000037 ], [ -4.774869174999935, 42.346614462000048 ], [ -4.765848659999961, 42.345703142000048 ], [ -4.759392701999957, 42.340180300000043 ], [ -4.74195937199994, 42.334148983000034 ], [ -4.737960656999974, 42.32608145100005 ], [ -4.730077499999936, 42.319797976000075 ], [ -4.702118499999926, 42.310870999000031 ], [ -4.730068862999929, 42.29425748400007 ], [ -4.740400966999971, 42.284708686000045 ], [ -4.744211398999937, 42.271311503000049 ], [ -4.75185149999993, 42.260886499000037 ], [ -4.758908499999961, 42.25660349900005 ], [ -4.788931642999955, 42.266107721000026 ], [ -4.800521394999976, 42.277874945000065 ], [ -4.814126499999929, 42.276805999000032 ], [ -4.812031499999932, 42.284107499000072 ], [ -4.81316, 42.292174999000054 ], [ -4.821548499999949, 42.302947999000025 ], [ -4.82398349999994, 42.303172999000026 ], [ -4.828735, 42.30809399900005 ], [ -4.828542499999969, 42.313186499000039 ], [ -4.832311, 42.315898999000069 ], [ -4.833992499999965, 42.325843999000028 ], [ -4.831477264999933, 42.331054097000049 ], [ -4.844968, 42.339610999000058 ] ] ] } },
{ "type": "Feature", "properties": { "code": "34056", "name": "Cervera de Pisuerga" }, "geometry": { "type": "Polygon", "coordinates": [ [ [ -4.590499499999964, 42.850318999000081 ], [ -4.596358848999955, 42.853840336000076 ], [ -4.61243174599997, 42.851827619000062 ], [ -4.626786593999952, 42.863962637000043 ], [ -4.648741, 42.868567999000049 ], [ -4.657649787999958, 42.875813217000029 ], [ -4.670301701999961, 42.894592232000036 ], [ -4.681897099999958, 42.903855806000081 ], [ -4.683054451999965, 42.908261610000068 ], [ -4.665561378999939, 42.904404182000064 ], [ -4.643243924999979, 42.914933212000051 ], [ -4.635091195999962, 42.923528986000065 ], [ -4.632071900999961, 42.934974264000061 ], [ -4.625847366999949, 42.936249586000031 ], [ -4.63040515299997, 42.953576974000043 ], [ -4.635077810999974, 42.960348254000053 ], [ -4.648271265999938, 42.967844895000042 ], [ -4.673437532999969, 42.975854451000032 ], [ -4.714839499999925, 42.978725499000063 ], [ -4.715882290999957, 42.998525648000054 ], [ -4.736503391999975, 43.014967701000046 ], [ -4.737845499999935, 43.020943999000053 ], [ -4.721283094999933, 43.018300332000081 ], [ -4.705575053999951, 43.025588860000028 ], [ -4.685950688999981, 43.026174274000027 ], [ -4.672487416999957, 43.021318417000032 ], [ -4.652253676999976, 43.02084091200004 ], [ -4.641054, 43.016791999000077 ], [ -4.645200774999978, 43.007672410000055 ], [ -4.626002599999936, 42.99640574600005 ], [ -4.615905158999965, 42.991263395000033 ], [ -4.589201070999934, 42.988509712000052 ], [ -4.582014383999933, 42.981045363000078 ], [ -4.584530016999963, 42.96689570500007 ], [ -4.579191499999979, 42.963611499000081 ], [ -4.58437, 42.952758499000026 ], [ -4.581394499999931, 42.949119499000062 ], [ -4.57851549999998, 42.948642999000072 ], [ -4.571783, 42.939883999000074 ], [ -4.561546499999963, 42.931121999000027 ], [ -4.562224, 42.924846499000068 ], [ -4.549390499999959, 42.926200999000059 ], [ -4.540762499999971, 42.926101499000026 ], [ -4.538386, 42.924213499000075 ], [ -4.532057499999951, 42.924487999000064 ], [ -4.530449, 42.925823499000046 ], [ -4.527163499999972, 42.926761499000065 ], [ -4.522065, 42.92620849900004 ], [ -4.513715499999932, 42.92757799900005 ], [ -4.51699949999994, 42.93303699900008 ], [ -4.515141, 42.935680499000057 ], [ -4.51320149999998, 42.936572999000077 ], [ -4.514343, 42.940643499000032 ], [ -4.520041499999934, 42.948100999000076 ], [ -4.511379040999941, 42.949801998000055 ], [ -4.499746985999934, 42.946373050000034 ], [ -4.49092550599994, 42.948551541000029 ], [ -4.48586106099998, 42.955467387000056 ], [ -4.471938160999969, 42.95354734700004 ], [ -4.462737750999963, 42.964576788000045 ], [ -4.438526498999977, 42.975828970000066 ], [ -4.427322023999977, 42.975677897000025 ], [ -4.411304666999968, 42.967545183000027 ], [ -4.39854788699995, 42.969364691000067 ], [ -4.387379502999977, 42.964841450000051 ], [ -4.365421499999968, 42.977649499000051 ], [ -4.367067, 42.967151499000067 ], [ -4.376234, 42.961425499000029 ], [ -4.377479499999936, 42.958480999000074 ], [ -4.37201276299993, 42.948989768000047 ], [ -4.37646478299996, 42.933353279000073 ], [ -4.390631604999953, 42.930285283000046 ], [ -4.403611817999945, 42.917531261000079 ], [ -4.414688156999944, 42.917435662000059 ], [ -4.43194796399996, 42.909853100000078 ], [ -4.457275170999935, 42.90807901900007 ], [ -4.456457773999944, 42.894449363000035 ], [ -4.440824561999932, 42.885029878000068 ], [ -4.431508682999947, 42.88589124300006 ], [ -4.409052350999957, 42.873749442000076 ], [ -4.405922592999957, 42.862110478000034 ], [ -4.401016, 42.862601999000049 ], [ -4.398522388999936, 42.851956883000071 ], [ -4.392433007999955, 42.847524604000057 ], [ -4.397395977999963, 42.842646771000034 ], [ -4.390055397999959, 42.838021333000029 ], [ -4.407323192999968, 42.823054562000038 ], [ -4.417984768999929, 42.818921382000042 ], [ -4.372729019999952, 42.790550679000035 ], [ -4.391515729999981, 42.783751375000065 ], [ -4.400892099999965, 42.770817823000073 ], [ -4.425108, 42.751258499000073 ], [ -4.422504, 42.759891499000048 ], [ -4.428775, 42.771022999000081 ], [ -4.446024, 42.785312499000042 ], [ -4.460247, 42.788608499000077 ], [ -4.46244, 42.785651999000038 ], [ -4.468320499999948, 42.792365999000026 ], [ -4.477938, 42.799888499000076 ], [ -4.477054, 42.813091999000051 ], [ -4.468684811999935, 42.817301261000068 ], [ -4.465620910999974, 42.827545756000063 ], [ -4.458304429999941, 42.831288347000054 ], [ -4.464611486999956, 42.837170006000065 ], [ -4.470737132999943, 42.856618832000038 ], [ -4.488214484999958, 42.855232098000045 ], [ -4.50907822299996, 42.837308379000035 ], [ -4.529961362999927, 42.845215216000042 ], [ -4.539663087999941, 42.842050138000047 ], [ -4.55262238399996, 42.843744736000076 ], [ -4.562652033999939, 42.848514184000067 ], [ -4.561327932999973, 42.854576785000063 ], [ -4.566734677999932, 42.856954852000058 ], [ -4.571717969999952, 42.855312638000044 ], [ -4.575947309999947, 42.846116916000028 ], [ -4.590499499999964, 42.850318999000081 ] ] ] } },
{ "type": "Feature", "properties": { "code": "34057", "name": "Cevico de la Torre" }, "geometry": { "type": "Polygon", "coordinates": [ [ [ -4.476053, 41.856277499000043 ], [ -4.472284740999953, 41.863930158000073 ], [ -4.457439273999967, 41.868568005000043 ], [ -4.435158, 41.888847499000065 ], [ -4.417670072999954, 41.886838245000035 ], [ -4.415321039999981, 41.891637091000064 ], [ -4.39782388499998, 41.887335638000025 ], [ -4.38992000099995, 41.890786652000031 ], [ -4.393190193999942, 41.88671946200003 ], [ -4.391613308999979, 41.882617375000052 ], [ -4.393811995999954, 41.876565980000066 ], [ -4.386418488999936, 41.861928147000071 ], [ -4.367223599999932, 41.862762176000047 ], [ -4.360723499999949, 41.859016499000063 ], [ -4.372588346999976, 41.845889772000078 ], [ -4.37425, 41.839133999000069 ], [ -4.386700643999973, 41.829393934000052 ], [ -4.402894715999935, 41.824070143000029 ], [ -4.41562559099998, 41.823238248000052 ], [ -4.419839, 41.815315499000064 ], [ -4.429953971999964, 41.815313892000063 ], [ -4.436197831999948, 41.820090959000026 ], [ -4.461178, 41.820354499000075 ], [ -4.478344, 41.828578999000058 ], [ -4.473365499999943, 41.832038999000076 ], [ -4.469396482999969, 41.843130368000061 ], [ -4.476053, 41.856277499000043 ] ] ] } },
{ "type": "Feature", "properties": { "code": "34058", "name": "Cevico Navero" }, "geometry": { "type": "MultiPolygon", "coordinates": [ [ [ [ -4.126891499999942, 41.895744499000045 ], [ -4.121136, 41.895412499000031 ], [ -4.104108499999938, 41.896495999000081 ], [ -4.097013, 41.89610299900005 ], [ -4.095343, 41.895011999000076 ], [ -4.093806, 41.896033999000053 ], [ -4.093424499999969, 41.894256499000051 ], [ -4.078215, 41.897346999000035 ], [ -4.074302499999931, 41.896983999000042 ], [ -4.063201, 41.887550499000042 ], [ -4.060224499999947, 41.883147999000073 ], [ -4.055019, 41.880241499000078 ], [ -4.047451499999966, 41.873736999000073 ], [ -4.066356, 41.876472499000045 ], [ -4.082794047999926, 41.889369702000067 ], [ -4.091526482999939, 41.892887052000049 ], [ -4.111042501999975, 41.886900852000053 ], [ -4.123548, 41.887290999000072 ], [ -4.126891499999942, 41.895744499000045 ] ] ], [ [ [ -4.212360499999932, 41.827525999000045 ], [ -4.214130482999963, 41.846585411000035 ], [ -4.209687032999966, 41.850302819000035 ], [ -4.209972035999954, 41.860423196000056 ], [ -4.200683896999976, 41.877325527000039 ], [ -4.183355432999974, 41.87772558000006 ], [ -4.169937660999949, 41.873731753000072 ], [ -4.149234665999927, 41.882425051000041 ], [ -4.134048499999949, 41.881938999000056 ], [ -4.129178721999949, 41.871452356000077 ], [ -4.121797457999946, 41.868548739000062 ], [ -4.110018135999951, 41.85651918700006 ], [ -4.096707742999968, 41.851924205000046 ], [ -4.092456959999936, 41.843081649000055 ], [ -4.094197518999977, 41.840362244000062 ], [ -4.111803911999971, 41.84832478800007 ], [ -4.117236, 41.830821999000079 ], [ -4.124960396999938, 41.835002817000031 ], [ -4.147420121999971, 41.837098405000063 ], [ -4.15762340699996, 41.834414714000047 ], [ -4.18079559499995, 41.839314139000066 ], [ -4.190315689999977, 41.834170963000076 ], [ -4.19905033799995, 41.833434580000073 ], [ -4.208675949999929, 41.826587196000048 ], [ -4.212360499999932, 41.827525999000045 ] ] ] ] } },
{ "type": "Feature", "properties": { "code": "34059", "name": "Cisneros" }, "geometry": { "type": "Polygon", "coordinates": [ [ [ -4.812755, 42.196346499000072 ], [ -4.837664, 42.184123999000064 ], [ -4.854295, 42.178390499000045 ], [ -4.864753, 42.172519499000032 ], [ -4.871721499999978, 42.171497499000054 ], [ -4.875726, 42.167316499000037 ], [ -4.882135, 42.164230499000041 ], [ -4.885019499999942, 42.166400999000075 ], [ -4.902229499999976, 42.170249999000077 ], [ -4.907111499999928, 42.17276399900004 ], [ -4.907505, 42.175040999000032 ], [ -4.911632, 42.180972999000062 ], [ -4.911971, 42.184631999000032 ], [ -4.922712499999932, 42.200618999000028 ], [ -4.923227499999939, 42.205192499000077 ], [ -4.926238499999954, 42.209437999000045 ], [ -4.925166499999932, 42.226813999000058 ], [ -4.923379, 42.234176499000057 ], [ -4.91655, 42.236369999000033 ], [ -4.902687, 42.236392999000032 ], [ -4.883693499999936, 42.241626499000063 ], [ -4.877359499999955, 42.24422449900004 ], [ -4.872635, 42.248794499000041 ], [ -4.870784, 42.248130999000068 ], [ -4.865703499999938, 42.248447499000065 ], [ -4.859616499999959, 42.246330499000067 ], [ -4.839156499999945, 42.246768999000039 ], [ -4.836487499999976, 42.246207999000035 ], [ -4.832275, 42.247268499000029 ], [ -4.823875499999929, 42.251048999000034 ], [ -4.812755, 42.196346499000072 ] ] ] } },
{ "type": "Feature", "properties": { "code": "34060", "name": "Cobos de Cerrato" }, "geometry": { "type": "Polygon", "coordinates": [ [ [ -4.047912499999939, 42.039031999000031 ], [ -4.045906, 42.050796499000057 ], [ -4.038956784999925, 42.05275625400003 ], [ -4.030936647999965, 42.04982285300008 ], [ -4.010759875999952, 42.051285429000075 ], [ -3.994876621999936, 42.045489800000041 ], [ -3.982904140999949, 42.050164737000046 ], [ -3.97110349999997, 42.033195499000044 ], [ -3.979083472999946, 42.022571064000033 ], [ -3.98568389199994, 42.02227797200004 ], [ -3.995465079999974, 42.005551677000028 ], [ -4.014092198999947, 41.998317684000028 ], [ -4.029121499999974, 41.97654699900005 ], [ -4.046659279999972, 41.985563042000081 ], [ -4.045506706999959, 41.967847980000045 ], [ -4.049211499999956, 41.964297999000053 ], [ -4.055276482999943, 41.965141432000053 ], [ -4.069374, 41.978648999000029 ], [ -4.082039547999955, 41.98023352000007 ], [ -4.08836047799997, 41.989228983000032 ], [ -4.083428698999967, 41.995825545000059 ], [ -4.055492061999928, 41.997130368000057 ], [ -4.06513893999994, 42.021565949000035 ], [ -4.054821238999978, 42.027930985000069 ], [ -4.047912499999939, 42.039031999000031 ] ] ] } },
{ "type": "Feature", "properties": { "code": "34061", "name": "Collazos de Boedo" }, "geometry": { "type": "Polygon", "coordinates": [ [ [ -4.474639499999967, 42.668983499000035 ], [ -4.471684, 42.662158999000042 ], [ -4.467524, 42.662196999000059 ], [ -4.463291499999968, 42.660716999000044 ], [ -4.463333, 42.65207299900004 ], [ -4.47596810899995, 42.649906732000034 ], [ -4.484929627999975, 42.641877808000061 ], [ -4.485913548999974, 42.637769568000067 ], [ -4.479504597999949, 42.628490873000032 ], [ -4.465429775999951, 42.623666512000057 ], [ -4.456267499999967, 42.623740999000063 ], [ -4.465358641999956, 42.612596097000051 ], [ -4.500791669999956, 42.604366359000039 ], [ -4.512351, 42.596114999000065 ], [ -4.520227, 42.598163499000066 ], [ -4.527893499999948, 42.60314949900004 ], [ -4.532943499999931, 42.608775999000045 ], [ -4.507016332999967, 42.620327908000036 ], [ -4.493535899999927, 42.619246844000031 ], [ -4.485499484999934, 42.626776153000037 ], [ -4.490465075999964, 42.630926208000062 ], [ -4.487562307999951, 42.635464528000057 ], [ -4.509820070999979, 42.653460138000071 ], [ -4.513157, 42.660144999000067 ], [ -4.510276524999938, 42.66579147300007 ], [ -4.510526890999927, 42.678097864000051 ], [ -4.507365499999935, 42.681991499000048 ], [ -4.501678408999965, 42.676318470000069 ], [ -4.487718, 42.67298099900006 ], [ -4.481337936999978, 42.66883640900005 ], [ -4.474639499999967, 42.668983499000035 ] ] ] } },
{ "type": "Feature", "properties": { "code": "34062", "name": "Congosto de Valdavia" }, "geometry": { "type": "Polygon", "coordinates": [ [ [ -4.568067499999927, 42.726825499000029 ], [ -4.580135446999975, 42.712174901000026 ], [ -4.595716196999945, 42.702155665000078 ], [ -4.594506340999942, 42.690522478000048 ], [ -4.617859947999932, 42.683581696000033 ], [ -4.63037126699993, 42.683048634000045 ], [ -4.650444486999959, 42.691161367000063 ], [ -4.66643, 42.682533499000044 ], [ -4.680498478999937, 42.693174440000064 ], [ -4.690452815999947, 42.68502241300007 ], [ -4.693768, 42.678413499000044 ], [ -4.71760755899993, 42.677612510000074 ], [ -4.732570721999934, 42.671092865000048 ], [ -4.744603499999926, 42.677172999000049 ], [ -4.747112499999957, 42.677371999000059 ], [ -4.754125, 42.680713499000035 ], [ -4.759346499999936, 42.690185499000052 ], [ -4.763541499999974, 42.693462499000077 ], [ -4.767274, 42.698077999000077 ], [ -4.761600428999941, 42.705330059000062 ], [ -4.753237402999957, 42.709616570000037 ], [ -4.739665965999961, 42.705314975000078 ], [ -4.729282912999963, 42.706052413000066 ], [ -4.722432009999977, 42.724277445000041 ], [ -4.699329089999935, 42.740631173000054 ], [ -4.682432972999948, 42.73089841400008 ], [ -4.678357719999951, 42.722219167000048 ], [ -4.66210517199994, 42.706843057000071 ], [ -4.650353535999955, 42.719012292000059 ], [ -4.618422296999938, 42.739526376000072 ], [ -4.594264499999952, 42.742896999000038 ], [ -4.58422115299993, 42.733628097000064 ], [ -4.570262742999944, 42.732981116000076 ], [ -4.562201499999958, 42.737403999000037 ], [ -4.568067499999927, 42.726825499000029 ] ] ] } },
{ "type": "Feature", "properties": { "code": "34063", "name": "Cordovilla la Real" }, "geometry": { "type": "Polygon", "coordinates": [ [ [ -4.20058, 42.132011499000043 ], [ -4.189352499999927, 42.126914999000064 ], [ -4.174189, 42.121478999000033 ], [ -4.174916, 42.114345499000081 ], [ -4.17153449999995, 42.109317499000042 ], [ -4.174017499999934, 42.108337499000072 ], [ -4.173719499999947, 42.106521499000053 ], [ -4.175012, 42.10241299900008 ], [ -4.194184160999953, 42.099575036000033 ], [ -4.208199470999944, 42.112696148000055 ], [ -4.211173742999961, 42.112381855000081 ], [ -4.231553785999949, 42.093656224000028 ], [ -4.218835904999935, 42.084829830000047 ], [ -4.216128499999968, 42.075050499000042 ], [ -4.227304339999932, 42.074313060000065 ], [ -4.229626296999925, 42.067582306000077 ], [ -4.242263474999959, 42.056222806000051 ], [ -4.260581592999927, 42.058256622000044 ], [ -4.269777786999953, 42.081417539000029 ], [ -4.28055102299993, 42.084917552000036 ], [ -4.284264277999966, 42.09154060000003 ], [ -4.295226499999956, 42.095950999000081 ], [ -4.291570865999972, 42.105353974000025 ], [ -4.280679499999962, 42.117591999000069 ], [ -4.252513499999964, 42.121776499000077 ], [ -4.247415735999937, 42.115534827000033 ], [ -4.240085346999933, 42.114707009000028 ], [ -4.21717297899994, 42.122541996000052 ], [ -4.20058, 42.132011499000043 ] ] ] } },
{ "type": "Feature", "properties": { "code": "34066", "name": "Cubillas de Cerrato" }, "geometry": { "type": "Polygon", "coordinates": [ [ [ -4.501214, 41.771400499000038 ], [ -4.493397389999927, 41.778567343000077 ], [ -4.487176697999928, 41.818981287000042 ], [ -4.461178, 41.820354499000075 ], [ -4.450408, 41.820022499000061 ], [ -4.448855096999978, 41.809584919000031 ], [ -4.455340286999956, 41.80210526500008 ], [ -4.452987764999932, 41.782390433000046 ], [ -4.445545338999978, 41.779176095000025 ], [ -4.447647953999933, 41.774805536000031 ], [ -4.446873, 41.758208999000033 ], [ -4.454268, 41.759158999000078 ], [ -4.468148499999927, 41.76331699900004 ], [ -4.484663499999954, 41.769527499000048 ], [ -4.49706, 41.77020249900005 ], [ -4.501214, 41.771400499000038 ] ] ] } },
{ "type": "Feature", "properties": { "code": "34067", "name": "Dehesa de Montejo" }, "geometry": { "type": "Polygon", "coordinates": [ [ [ -4.524959, 42.765998999000033 ], [ -4.532619790999945, 42.775870776000033 ], [ -4.551213316999963, 42.788207026000066 ], [ -4.550744360999943, 42.796457903000032 ], [ -4.537434203999965, 42.804873660000055 ], [ -4.540732949999949, 42.809858865000081 ], [ -4.538535219999972, 42.819686206000029 ], [ -4.540668420999964, 42.828219202000071 ], [ -4.546740927999963, 42.831264205000025 ], [ -4.566917200999967, 42.832435461000046 ], [ -4.590499499999964, 42.850318999000081 ], [ -4.575947309999947, 42.846116916000028 ], [ -4.571717969999952, 42.855312638000044 ], [ -4.566734677999932, 42.856954852000058 ], [ -4.561327932999973, 42.854576785000063 ], [ -4.562652033999939, 42.848514184000067 ], [ -4.55262238399996, 42.843744736000076 ], [ -4.539663087999941, 42.842050138000047 ], [ -4.529961362999927, 42.845215216000042 ], [ -4.50907822299996, 42.837308379000035 ], [ -4.488214484999958, 42.855232098000045 ], [ -4.470737132999943, 42.856618832000038 ], [ -4.464611486999956, 42.837170006000065 ], [ -4.458304429999941, 42.831288347000054 ], [ -4.465620910999974, 42.827545756000063 ], [ -4.468684811999935, 42.817301261000068 ], [ -4.477054, 42.813091999000051 ], [ -4.488516168999979, 42.809945524000057 ], [ -4.499079052999946, 42.800490122000042 ], [ -4.503996021999967, 42.790224830000056 ], [ -4.524959, 42.765998999000033 ] ] ] } },
{ "type": "Feature", "properties": { "code": "34068", "name": "Dehesa de Romanos" }, "geometry": { "type": "Polygon", "coordinates": [ [ [ -4.441492, 42.620246999000074 ], [ -4.456267499999967, 42.623740999000063 ], [ -4.465429775999951, 42.623666512000057 ], [ -4.479504597999949, 42.628490873000032 ], [ -4.485913548999974, 42.637769568000067 ], [ -4.484929627999975, 42.641877808000061 ], [ -4.47596810899995, 42.649906732000034 ], [ -4.43478188399996, 42.65555961900003 ], [ -4.420513476999929, 42.654556248000063 ], [ -4.398051499999951, 42.637866999000039 ], [ -4.399881, 42.636276499000076 ], [ -4.401276, 42.630496999000059 ], [ -4.404373499999963, 42.628268999000056 ], [ -4.409825499999954, 42.626239999000063 ], [ -4.41338, 42.628032499000028 ], [ -4.424764, 42.622985999000036 ], [ -4.42896049999996, 42.62033849900007 ], [ -4.441492, 42.620246999000074 ] ] ] } },
{ "type": "Feature", "properties": { "code": "34069", "name": "Dueñas" }, "geometry": { "type": "Polygon", "coordinates": [ [ [ -4.566114, 41.812568499000065 ], [ -4.58221685999996, 41.822796117000053 ], [ -4.590788590999978, 41.835991948000071 ], [ -4.604913837999959, 41.839552120000064 ], [ -4.631811889999938, 41.862901708000038 ], [ -4.637295809999955, 41.88731247000004 ], [ -4.654283075999956, 41.892781524000043 ], [ -4.658459499999935, 41.89680499900004 ], [ -4.659400424999944, 41.901934302000029 ], [ -4.643455772999971, 41.900582999000051 ], [ -4.637533499999961, 41.919917999000063 ], [ -4.627700868999966, 41.921366682000041 ], [ -4.611943197999949, 41.930421570000078 ], [ -4.596190752999973, 41.924504788000036 ], [ -4.578793790999953, 41.926786116000073 ], [ -4.572315687999946, 41.924211962000072 ], [ -4.552136499999961, 41.927650499000038 ], [ -4.538444821999974, 41.917677573000049 ], [ -4.52702538799997, 41.916075374000059 ], [ -4.506613612999956, 41.926215201000048 ], [ -4.503128, 41.916602999000077 ], [ -4.499534499999925, 41.910407999000029 ], [ -4.505323751999981, 41.902243638000073 ], [ -4.505446983999946, 41.89433163800004 ], [ -4.49197315999993, 41.873505414000078 ], [ -4.476053, 41.856277499000043 ], [ -4.469396482999969, 41.843130368000061 ], [ -4.473365499999943, 41.832038999000076 ], [ -4.472400861999972, 41.840596590000075 ], [ -4.475997647999975, 41.843061309000063 ], [ -4.480462374999945, 41.838783858000056 ], [ -4.490689477999979, 41.838305314000024 ], [ -4.504250525999964, 41.831883832000074 ], [ -4.506949262999967, 41.82681019000006 ], [ -4.513594583999975, 41.82343269100005 ], [ -4.548274189999972, 41.83030132500005 ], [ -4.546258258999956, 41.824927307000053 ], [ -4.54857537099997, 41.819234001000041 ], [ -4.553614246999928, 41.816700418000039 ], [ -4.565050460999942, 41.817582344000073 ], [ -4.566114, 41.812568499000065 ] ] ] } },
{ "type": "Feature", "properties": { "code": "34070", "name": "Espinosa de Cerrato" }, "geometry": { "type": "Polygon", "coordinates": [ [ [ -3.983164, 41.91329199900008 ], [ -3.996887175999973, 41.913447487000042 ], [ -4.006231853999964, 41.910325506000049 ], [ -4.010107017999928, 41.912965219000057 ], [ -4.01591388199995, 41.924635334000072 ], [ -4.019633, 41.958350999000061 ], [ -3.990639793999947, 41.960223430000042 ], [ -3.974713359999953, 41.966239728000062 ], [ -3.957377454999971, 41.979967912000063 ], [ -3.949070612999947, 41.980311388000075 ], [ -3.915916657999958, 41.99188510700003 ], [ -3.910230499999955, 41.996951999000032 ], [ -3.892021646999979, 41.995375709000029 ], [ -3.890072471999929, 41.98775921400005 ], [ -3.893540935999965, 41.972729582000056 ], [ -3.892427, 41.957553999000027 ], [ -3.910708498999952, 41.956302639000057 ], [ -3.923227813999972, 41.960148637000032 ], [ -3.93532365599998, 41.957244254000045 ], [ -3.951787043999957, 41.935899438000035 ], [ -3.981725982999933, 41.929667368000025 ], [ -3.98420355899998, 41.922732676000066 ], [ -3.983164, 41.91329199900008 ] ] ] } },
{ "type": "Feature", "properties": { "code": "34071", "name": "Espinosa de Villagonzalo" }, "geometry": { "type": "Polygon", "coordinates": [ [ [ -4.388859499999967, 42.440215999000031 ], [ -4.416587222999965, 42.450145736000024 ], [ -4.417900499999973, 42.480953499000066 ], [ -4.412733000999935, 42.487937104000025 ], [ -4.391245777999927, 42.492316868000046 ], [ -4.368466160999958, 42.506234308000046 ], [ -4.355427, 42.508575499000074 ], [ -4.348691308999946, 42.505802539000058 ], [ -4.34369468899996, 42.491819537000026 ], [ -4.328143, 42.47951499900006 ], [ -4.326875, 42.462146999000026 ], [ -4.330611499999975, 42.463382999000032 ], [ -4.335936, 42.461494499000025 ], [ -4.343758499999979, 42.45700849900004 ], [ -4.352249, 42.454791999000065 ], [ -4.354152499999941, 42.452399999000079 ], [ -4.358367, 42.449828999000033 ], [ -4.370054, 42.44482799900004 ], [ -4.371873, 42.442290999000079 ], [ -4.3829, 42.438972499000045 ], [ -4.388859499999967, 42.440215999000031 ] ] ] } },
{ "type": "Feature", "properties": { "code": "34072", "name": "Frechilla" }, "geometry": { "type": "Polygon", "coordinates": [ [ [ -4.777113499999928, 42.145290499000055 ], [ -4.794423961999939, 42.145126553000068 ], [ -4.808573041999978, 42.133620865000069 ], [ -4.809337845999949, 42.129674943000055 ], [ -4.804372027999932, 42.120025724000072 ], [ -4.809504, 42.109016499000063 ], [ -4.813253561999943, 42.11125787900005 ], [ -4.82795508199996, 42.109513363000076 ], [ -4.834773351999957, 42.111726517000079 ], [ -4.848521828999935, 42.108303509000052 ], [ -4.874695499999973, 42.108176999000079 ], [ -4.874868972999934, 42.113117894000027 ], [ -4.884249391999958, 42.12832848000005 ], [ -4.879384499999958, 42.148975499000073 ], [ -4.865635, 42.154739499000073 ], [ -4.857695499999977, 42.154346499000042 ], [ -4.83926, 42.156345499000054 ], [ -4.830273499999976, 42.155757999000059 ], [ -4.811989499999925, 42.158866999000054 ], [ -4.800574, 42.159282499000028 ], [ -4.798428499999943, 42.160430999000027 ], [ -4.791552, 42.153522999000074 ], [ -4.78689849999995, 42.153766499000028 ], [ -4.774672499999951, 42.148517499000036 ], [ -4.777113499999928, 42.145290499000055 ] ] ] } },
{ "type": "Feature", "properties": { "code": "34073", "name": "Fresno del Río" }, "geometry": { "type": "Polygon", "coordinates": [ [ [ -4.871684499999958, 42.707946499000059 ], [ -4.863096747999975, 42.707324732000075 ], [ -4.832333035999966, 42.695336525000073 ], [ -4.828341794999972, 42.696882685000048 ], [ -4.820744476999948, 42.707356599000036 ], [ -4.810969031999946, 42.710619831000031 ], [ -4.775237, 42.702460999000039 ], [ -4.767274, 42.698077999000077 ], [ -4.771818499999938, 42.690887499000041 ], [ -4.769204499999944, 42.681838999000036 ], [ -4.785281564999934, 42.673016404000066 ], [ -4.810981258999959, 42.666248010000061 ], [ -4.858292585999948, 42.663378105000049 ], [ -4.863132596999947, 42.65590577100005 ], [ -4.896199499999966, 42.655639499000074 ], [ -4.896124499999928, 42.658343999000067 ], [ -4.900211, 42.666728999000043 ], [ -4.900432, 42.669204499000045 ], [ -4.891566111999964, 42.691221178000035 ], [ -4.871684499999958, 42.707946499000059 ] ] ] } },
{ "type": "Feature", "properties": { "code": "34074", "name": "Frómista" }, "geometry": { "type": "Polygon", "coordinates": [ [ [ -4.367956499999934, 42.31195449900008 ], [ -4.367404, 42.30486649900007 ], [ -4.363937499999963, 42.297179999000036 ], [ -4.360960499999976, 42.285053499000071 ], [ -4.358793499999933, 42.284168499000032 ], [ -4.366428, 42.273685999000065 ], [ -4.369483499999944, 42.267543499000055 ], [ -4.374166, 42.255984999000077 ], [ -4.374842499999943, 42.248023999000054 ], [ -4.379507499999931, 42.243450499000062 ], [ -4.389716, 42.235275499000068 ], [ -4.401680639999938, 42.227857436000079 ], [ -4.416597499999966, 42.227794499000026 ], [ -4.460016499999938, 42.235156999000026 ], [ -4.456383664999976, 42.244256329000052 ], [ -4.449530773999925, 42.248430422000069 ], [ -4.433673012999975, 42.266746315000034 ], [ -4.43164216699995, 42.277089419000049 ], [ -4.433912071999941, 42.282653788000061 ], [ -4.417644818999975, 42.299170250000032 ], [ -4.435112, 42.311622499000066 ], [ -4.434209, 42.315135999000063 ], [ -4.404016637999973, 42.301780114000053 ], [ -4.379444326999931, 42.304971514000044 ], [ -4.367956499999934, 42.31195449900008 ] ] ] } },
{ "type": "Feature", "properties": { "code": "34076", "name": "Fuentes de Nava" }, "geometry": { "type": "Polygon", "coordinates": [ [ [ -4.809504, 42.109016499000063 ], [ -4.804372027999932, 42.120025724000072 ], [ -4.809337845999949, 42.129674943000055 ], [ -4.808573041999978, 42.133620865000069 ], [ -4.794423961999939, 42.145126553000068 ], [ -4.777113499999928, 42.145290499000055 ], [ -4.775357888999963, 42.138806173000035 ], [ -4.765587081999968, 42.129560143000049 ], [ -4.769937651999953, 42.122833804000038 ], [ -4.759038799999928, 42.110240808000071 ], [ -4.753059651999934, 42.108291603000055 ], [ -4.742564560999938, 42.11201761500007 ], [ -4.719669996999926, 42.105317543000069 ], [ -4.709127, 42.098522499000069 ], [ -4.711736, 42.076843499000063 ], [ -4.739877, 42.052921499000036 ], [ -4.754611281999928, 42.046444183000062 ], [ -4.773523, 42.046912999000028 ], [ -4.796780590999958, 42.054207427000051 ], [ -4.804129499999931, 42.062351499000044 ], [ -4.805697499999951, 42.065612999000052 ], [ -4.813312499999938, 42.071597999000062 ], [ -4.80957712999998, 42.077778669000054 ], [ -4.809504, 42.109016499000063 ] ] ] } },
{ "type": "Feature", "properties": { "code": "34077", "name": "Fuentes de Valdepero" }, "geometry": { "type": "Polygon", "coordinates": [ [ [ -4.508724, 42.091514499000027 ], [ -4.488739015999954, 42.095037932000025 ], [ -4.466265773999964, 42.091880284000069 ], [ -4.460163939999973, 42.088561708000043 ], [ -4.455671643999949, 42.080225848000055 ], [ -4.437597383999957, 42.073723083000061 ], [ -4.427943, 42.064140499000075 ], [ -4.441989895999939, 42.050559598000063 ], [ -4.438451442999963, 42.039050871000029 ], [ -4.442819448999956, 42.030798895000032 ], [ -4.453696499999978, 42.030490499000052 ], [ -4.461097952999978, 42.035494559000028 ], [ -4.503364085999976, 42.048456033000036 ], [ -4.509829241999967, 42.046267514000078 ], [ -4.519321499999933, 42.036388499000054 ], [ -4.541106057999968, 42.046298931000081 ], [ -4.54485, 42.050948499000071 ], [ -4.54588206699998, 42.056570266000051 ], [ -4.535294656999952, 42.071349802000043 ], [ -4.515720086999977, 42.076437127000077 ], [ -4.508724, 42.091514499000027 ] ] ] } },
{ "type": "Feature", "properties": { "code": "34079", "name": "Grijota" }, "geometry": { "type": "Polygon", "coordinates": [ [ [ -4.557154499999967, 42.081268499000032 ], [ -4.548903376999931, 42.077564967000058 ], [ -4.546199499999943, 42.071193999000059 ], [ -4.548456210999973, 42.065874004000079 ], [ -4.558610769999973, 42.058377819000043 ], [ -4.556069289999925, 42.050938214000041 ], [ -4.559806747999971, 42.040965405000065 ], [ -4.569619595999939, 42.034019627000077 ], [ -4.573902387999965, 42.035180239000056 ], [ -4.581800066999961, 42.030809972000043 ], [ -4.593071, 42.021194499000046 ], [ -4.618202499999938, 42.018634999000028 ], [ -4.628657, 42.023235499000066 ], [ -4.637261, 42.030460499000071 ], [ -4.643456499999957, 42.027507999000079 ], [ -4.649064, 42.027194999000073 ], [ -4.656568499999935, 42.032931999000027 ], [ -4.654891499999962, 42.036031999000045 ], [ -4.641923898999949, 42.032419773000072 ], [ -4.622874557999978, 42.032331043000056 ], [ -4.612605985999949, 42.03533976500006 ], [ -4.608918776999928, 42.038520837000078 ], [ -4.608544277999954, 42.04546941600006 ], [ -4.616683583999929, 42.05743093600006 ], [ -4.615798952999967, 42.06237576500007 ], [ -4.60995089599993, 42.060880522000048 ], [ -4.600042394999946, 42.065981432000058 ], [ -4.582085091999943, 42.081720284000028 ], [ -4.557154499999967, 42.081268499000032 ] ] ] } },
{ "type": "Feature", "properties": { "code": "34080", "name": "Guardo" }, "geometry": { "type": "Polygon", "coordinates": [ [ [ -4.935576499999968, 42.756412499000078 ], [ -4.920443400999943, 42.758587746000046 ], [ -4.908041398999956, 42.779962115000046 ], [ -4.896730322999929, 42.785175133000052 ], [ -4.896337459999927, 42.797545504000027 ], [ -4.902069682999979, 42.809832873000062 ], [ -4.892056, 42.832183999000051 ], [ -4.878916525999955, 42.816901861000076 ], [ -4.847640677999948, 42.807470303000059 ], [ -4.832722489999981, 42.810657470000081 ], [ -4.827111902999945, 42.816035913000064 ], [ -4.826226463999944, 42.820875526000066 ], [ -4.819673777999981, 42.822775198000045 ], [ -4.809337227999947, 42.832212700000071 ], [ -4.796094149999931, 42.828565339000079 ], [ -4.781875, 42.828590499000029 ], [ -4.792934041999956, 42.804364537000026 ], [ -4.791355169999974, 42.79374795800004 ], [ -4.785726653999973, 42.785239111000067 ], [ -4.80108, 42.746429499000044 ], [ -4.816597525999953, 42.769924507000042 ], [ -4.841864376999979, 42.767982381000024 ], [ -4.900914512999975, 42.777763459000028 ], [ -4.904153616999963, 42.771255652000036 ], [ -4.894045714999947, 42.757674755000039 ], [ -4.902842192999969, 42.749332180000067 ], [ -4.903703499999949, 42.738006499000051 ], [ -4.899420499999962, 42.728568999000061 ], [ -4.894395, 42.725978999000063 ], [ -4.8913, 42.723361999000076 ], [ -4.897277499999973, 42.724326999000027 ], [ -4.911053, 42.71874249900003 ], [ -4.915906499999949, 42.720516499000041 ], [ -4.915439499999934, 42.723594499000058 ], [ -4.918477499999938, 42.734187999000028 ], [ -4.928345499999978, 42.736857999000051 ], [ -4.936373499999945, 42.744422999000051 ], [ -4.933509, 42.753291999000055 ], [ -4.935576499999968, 42.756412499000078 ] ] ] } },
{ "type": "Feature", "properties": { "code": "34081", "name": "Guaza de Campos" }, "geometry": { "type": "Polygon", "coordinates": [ [ [ -4.874695499999973, 42.108176999000079 ], [ -4.875507499999969, 42.104533999000068 ], [ -4.877935, 42.10155099900004 ], [ -4.899503, 42.08679599900006 ], [ -4.899361499999941, 42.084132499000077 ], [ -4.90419849999995, 42.078376499000058 ], [ -4.917844499999944, 42.090778499000066 ], [ -4.915611526999953, 42.092926172000034 ], [ -4.920387189999929, 42.097720020000054 ], [ -4.927808679999941, 42.117443655000045 ], [ -4.925888443999952, 42.122063688000026 ], [ -4.929647022999973, 42.142855032000057 ], [ -4.92434, 42.159225499000058 ], [ -4.917224, 42.168124999000042 ], [ -4.907111499999928, 42.17276399900004 ], [ -4.89802549999996, 42.168968499000073 ], [ -4.885019499999942, 42.166400999000075 ], [ -4.882135, 42.164230499000041 ], [ -4.889580499999965, 42.156497999000067 ], [ -4.884435, 42.150367499000026 ], [ -4.879384499999958, 42.148975499000073 ], [ -4.884249391999958, 42.12832848000005 ], [ -4.874868972999934, 42.113117894000027 ], [ -4.874695499999973, 42.108176999000079 ] ] ] } },
{ "type": "Feature", "properties": { "code": "34082", "name": "Hérmedes de Cerrato" }, "geometry": { "type": "Polygon", "coordinates": [ [ [ -4.135743, 41.803252999000051 ], [ -4.154509554999947, 41.796849648000034 ], [ -4.163999545999957, 41.800785670000039 ], [ -4.195291036999947, 41.803461729000048 ], [ -4.215110403999972, 41.799992633000045 ], [ -4.232954, 41.808112999000059 ], [ -4.237467921999951, 41.817858060000049 ], [ -4.230367, 41.821361499000034 ], [ -4.223390327999937, 41.821724372000062 ], [ -4.212360499999932, 41.827525999000045 ], [ -4.208675949999929, 41.826587196000048 ], [ -4.19905033799995, 41.833434580000073 ], [ -4.190315689999977, 41.834170963000076 ], [ -4.18079559499995, 41.839314139000066 ], [ -4.15762340699996, 41.834414714000047 ], [ -4.147420121999971, 41.837098405000063 ], [ -4.124960396999938, 41.835002817000031 ], [ -4.117236, 41.830821999000079 ], [ -4.116907, 41.823486499000069 ], [ -4.12322249999994, 41.807300499000064 ], [ -4.135743, 41.803252999000051 ] ] ] } },
{ "type": "Feature", "properties": { "code": "34083", "name": "Herrera de Pisuerga" }, "geometry": { "type": "Polygon", "coordinates": [ [ [ -4.326875, 42.462146999000026 ], [ -4.328143, 42.47951499900006 ], [ -4.307948290999946, 42.485513873000059 ], [ -4.301002873999948, 42.501415776000044 ], [ -4.29344274999994, 42.506043331000058 ], [ -4.290894131999949, 42.512199321000026 ], [ -4.29429947899996, 42.514094767000074 ], [ -4.312548190999962, 42.511974867000049 ], [ -4.337222193999935, 42.524360656000056 ], [ -4.335157610999943, 42.545237070000042 ], [ -4.329231007999965, 42.551820546000044 ], [ -4.340917402999935, 42.560078645000033 ], [ -4.347966, 42.560745499000063 ], [ -4.346631945999945, 42.568497644000047 ], [ -4.352134011999965, 42.572822988000041 ], [ -4.349887499999966, 42.583739999000045 ], [ -4.340381125999954, 42.592841319000058 ], [ -4.341110848999961, 42.607036915000037 ], [ -4.349239796999939, 42.606184662000032 ], [ -4.360115955999959, 42.610750544000041 ], [ -4.375475109999968, 42.606981025000039 ], [ -4.388961, 42.613589999000055 ], [ -4.392703694999966, 42.614165614000058 ], [ -4.396399499999973, 42.616950999000039 ], [ -4.390629786999966, 42.615500085000065 ], [ -4.384117936999928, 42.621071662000077 ], [ -4.386638, 42.63689049900006 ], [ -4.376631644999975, 42.637470270000051 ], [ -4.349690499999951, 42.648612999000079 ], [ -4.347562039999957, 42.645484689000057 ], [ -4.332462402999965, 42.649690650000025 ], [ -4.322400925999943, 42.64833391500008 ], [ -4.328017158999955, 42.638768428000049 ], [ -4.323541342999931, 42.634037144000047 ], [ -4.321407303999933, 42.625818683000034 ], [ -4.307854038999949, 42.61044680200007 ], [ -4.292618, 42.605926499000077 ], [ -4.293406736999941, 42.60260630700003 ], [ -4.283598103999964, 42.586768998000025 ], [ -4.284943762999944, 42.582868789000031 ], [ -4.270833499999981, 42.58135549900004 ], [ -4.303400631999978, 42.569281600000068 ], [ -4.298779142999933, 42.561369910000053 ], [ -4.302777084999946, 42.557718841000053 ], [ -4.301483848999965, 42.553925868000078 ], [ -4.277713499999948, 42.544654999000045 ], [ -4.278964499999972, 42.542732499000067 ], [ -4.27743849999996, 42.53538099900004 ], [ -4.279635, 42.533790499000077 ], [ -4.277532, 42.52980399900008 ], [ -4.275378499999931, 42.528720999000029 ], [ -4.272169, 42.519950999000059 ], [ -4.277716261999956, 42.512592664000067 ], [ -4.261488563999933, 42.50968425800005 ], [ -4.247064499999965, 42.49468949900006 ], [ -4.246129499999938, 42.492366999000069 ], [ -4.250062911999976, 42.481300597000029 ], [ -4.246806445999937, 42.472277732000066 ], [ -4.253026185999943, 42.468876524000052 ], [ -4.247043859999962, 42.465661202000035 ], [ -4.244085064999979, 42.456553090000057 ], [ -4.268468351999957, 42.453767672000026 ], [ -4.307672225999966, 42.454205533000049 ], [ -4.320022, 42.460128999000062 ], [ -4.326875, 42.462146999000026 ] ] ] } },
{ "type": "Feature", "properties": { "code": "34084", "name": "Herrera de Valdecañas" }, "geometry": { "type": "Polygon", "coordinates": [ [ [ -4.160096, 42.010619999000028 ], [ -4.166601499999956, 42.01171849900004 ], [ -4.176987499999939, 42.008746999000039 ], [ -4.185351, 42.007392999000047 ], [ -4.19722, 42.010589499000048 ], [ -4.205202, 42.011840999000071 ], [ -4.208694630999958, 42.021940990000076 ], [ -4.21933649999994, 42.029227999000057 ], [ -4.232161339999948, 42.040242449000061 ], [ -4.241685168999936, 42.044357836000074 ], [ -4.242263474999959, 42.056222806000051 ], [ -4.229626296999925, 42.067582306000077 ], [ -4.227304339999932, 42.074313060000065 ], [ -4.216128499999968, 42.075050499000042 ], [ -4.212598580999952, 42.07746422300005 ], [ -4.193689499999948, 42.070457499000042 ], [ -4.184987407999927, 42.059480672000063 ], [ -4.186153248999972, 42.048683717000074 ], [ -4.191744295999968, 42.040651966000041 ], [ -4.175741905999928, 42.027669786000047 ], [ -4.161878, 42.022212499000034 ], [ -4.160096, 42.010619999000028 ] ] ] } },
{ "type": "Feature", "properties": { "code": "34086", "name": "Hontoria de Cerrato" }, "geometry": { "type": "Polygon", "coordinates": [ [ [ -4.384397499999977, 41.932685999000057 ], [ -4.373464501999933, 41.930407494000065 ], [ -4.371705824999935, 41.917917295000052 ], [ -4.378008268999963, 41.906593756000063 ], [ -4.386959293999951, 41.906233402000055 ], [ -4.389259150999976, 41.897982883000054 ], [ -4.396658952999928, 41.895599073000028 ], [ -4.397146177999957, 41.892719531000068 ], [ -4.38992000099995, 41.890786652000031 ], [ -4.39782388499998, 41.887335638000025 ], [ -4.415321039999981, 41.891637091000064 ], [ -4.417670072999954, 41.886838245000035 ], [ -4.435158, 41.888847499000065 ], [ -4.45543741399996, 41.896815981000032 ], [ -4.459291980999978, 41.918731419000039 ], [ -4.454757842999925, 41.929257281000048 ], [ -4.450723373999949, 41.930801135000081 ], [ -4.441980475999969, 41.928375707000043 ], [ -4.435755, 41.933162499000048 ], [ -4.429404291999958, 41.930243337000036 ], [ -4.414072235999924, 41.930419602000029 ], [ -4.396949993999954, 41.935931005000043 ], [ -4.384397499999977, 41.932685999000057 ] ] ] } },
{ "type": "Feature", "properties": { "code": "34087", "name": "Hornillos de Cerrato" }, "geometry": { "type": "Polygon", "coordinates": [ [ [ -4.205202, 42.011840999000071 ], [ -4.224111844999925, 41.985093175000031 ], [ -4.230364885999961, 41.979740708000065 ], [ -4.237114197999972, 41.978194821000045 ], [ -4.246483750999971, 41.966501142000027 ], [ -4.26011995999994, 41.964010346000066 ], [ -4.288162499999942, 41.971446999000079 ], [ -4.29108103599998, 41.974494255000025 ], [ -4.307807669999931, 41.978533975000062 ], [ -4.311296, 41.984225999000046 ], [ -4.311333592999972, 42.004002894000052 ], [ -4.299015664999956, 42.011695247000034 ], [ -4.289475119999963, 42.013739728000076 ], [ -4.279781199999945, 42.003807648000077 ], [ -4.263830835999954, 41.998115100000064 ], [ -4.254272144999959, 42.005591448000075 ], [ -4.248881970999946, 42.015624826000078 ], [ -4.21933649999994, 42.029227999000057 ], [ -4.208694630999958, 42.021940990000076 ], [ -4.205202, 42.011840999000071 ] ] ] } },
{ "type": "Feature", "properties": { "code": "34088", "name": "Husillos" }, "geometry": { "type": "Polygon", "coordinates": [ [ [ -4.546199499999943, 42.071193999000059 ], [ -4.548903376999931, 42.077564967000058 ], [ -4.557154499999967, 42.081268499000032 ], [ -4.562191499999926, 42.10518249900008 ], [ -4.558157, 42.108856499000069 ], [ -4.552996, 42.119933999000068 ], [ -4.541184319999957, 42.11875473300006 ], [ -4.53788592199993, 42.11227320900008 ], [ -4.522984109999925, 42.105366631000038 ], [ -4.514489358999981, 42.094337968000048 ], [ -4.508724, 42.091514499000027 ], [ -4.515720086999977, 42.076437127000077 ], [ -4.535294656999952, 42.071349802000043 ], [ -4.54588206699998, 42.056570266000051 ], [ -4.54485, 42.050948499000071 ], [ -4.549320497999929, 42.054292732000079 ], [ -4.542813686999978, 42.063972470000067 ], [ -4.546199499999943, 42.071193999000059 ] ] ] } }
]
}
