{
"type": "FeatureCollection",
"crs": { "type": "name", "properties": { "name": "urn:ogc:def:crs:OGC:1.3:CRS84" } },
"features": [
{ "type": "Feature", "properties": { "code": "36001", "name": "Arbo" }, "geometry": { "type": "Polygon", "coordinates": [ [ [ -8.257713499999966, 42.122993499000074 ], [ -8.265853, 42.121173999000064 ], [ -8.269807155999956, 42.122839794000072 ], [ -8.274718033999932, 42.122997137000027 ], [ -8.288601157999949, 42.11460050800008 ], [ -8.29019349999993, 42.112170999000057 ], [ -8.301464, 42.105277999000066 ], [ -8.318479245999981, 42.10355915100007 ], [ -8.325248, 42.095843999000067 ], [ -8.330045168999959, 42.085956593000049 ], [ -8.338941499999976, 42.084590999000056 ], [ -8.354515106999941, 42.090251950000038 ], [ -8.369969499999968, 42.089019499000074 ], [ -8.370857329999978, 42.098170445000051 ], [ -8.357233353999959, 42.114953884000045 ], [ -8.352971343999968, 42.125054267000053 ], [ -8.356422819999977, 42.137017194000066 ], [ -8.351407, 42.152618999000026 ], [ -8.345173330999955, 42.149271717000033 ], [ -8.332794827999976, 42.14859326900006 ], [ -8.316362664999929, 42.151013941000031 ], [ -8.303826339999944, 42.157058195000047 ], [ -8.291340006999974, 42.156008716000031 ], [ -8.280672, 42.149158499000066 ], [ -8.278596, 42.139785999000026 ], [ -8.269619, 42.142799499000034 ], [ -8.265646, 42.141868499000054 ], [ -8.265615499999967, 42.139598999000043 ], [ -8.26329549999997, 42.136581499000044 ], [ -8.256532, 42.13415549900003 ], [ -8.256327005999935, 42.127210646000037 ], [ -8.257713499999966, 42.122993499000074 ] ] ] } },
{ "type": "Feature", "properties": { "code": "36002", "name": "Barro" }, "geometry": { "type": "Polygon", "coordinates": [ [ [ -8.672610499999962, 42.536059499000032 ], [ -8.661632778999945, 42.555927902000064 ], [ -8.647144314999935, 42.558694097000057 ], [ -8.634230645999935, 42.556136546000062 ], [ -8.627315279999948, 42.561830077000025 ], [ -8.61724049999998, 42.563893999000072 ], [ -8.610221473999957, 42.561570907000032 ], [ -8.613009371999965, 42.555340532000059 ], [ -8.60934046999995, 42.548617898000032 ], [ -8.608975940999926, 42.533827694000081 ], [ -8.604841861999944, 42.520782029000031 ], [ -8.597053499999959, 42.512603999000078 ], [ -8.623582442999975, 42.511179837000043 ], [ -8.629083313999956, 42.503179192000061 ], [ -8.636675283999978, 42.498579973000062 ], [ -8.658879094999975, 42.494757207000077 ], [ -8.692786499999954, 42.478858999000067 ], [ -8.69318949999996, 42.479724999000041 ], [ -8.687235595999937, 42.486664211000061 ], [ -8.689757003999944, 42.494599206000032 ], [ -8.683789411999953, 42.506302897000069 ], [ -8.685568499999931, 42.513434390000043 ], [ -8.670314096999959, 42.524384403000056 ], [ -8.672610499999962, 42.536059499000032 ] ] ] } },
{ "type": "Feature", "properties": { "code": "36003", "name": "Baiona" }, "geometry": { "type": "Polygon", "coordinates": [ [ [ -8.898766499999965, 42.103591999000059 ], [ -8.896179341999925, 42.112036118000049 ], [ -8.877753570999971, 42.112346997000031 ], [ -8.860793921999971, 42.121832787000073 ], [ -8.852956303999974, 42.122956382000041 ], [ -8.850254356999926, 42.127255007000031 ], [ -8.846864294999932, 42.12568381400007 ], [ -8.846652945999949, 42.119392563000076 ], [ -8.833672098999955, 42.113511593000055 ], [ -8.827034277999928, 42.114579513000081 ], [ -8.8243, 42.119056499000067 ], [ -8.811933, 42.115245999000081 ], [ -8.813583776999963, 42.108553882000081 ], [ -8.81034395699993, 42.101648559000068 ], [ -8.813315468999974, 42.098340399000051 ], [ -8.804432671999962, 42.074014892000037 ], [ -8.810504144999982, 42.063194257000077 ], [ -8.807141499999943, 42.056834999000046 ], [ -8.821575717999963, 42.04926613400005 ], [ -8.828402952999966, 42.049639049000064 ], [ -8.832435305999979, 42.056330855000056 ], [ -8.833213348999948, 42.071323747000065 ], [ -8.850512166999977, 42.077698033000047 ], [ -8.875581918999956, 42.076638006000053 ], [ -8.877422229999979, 42.083707980000042 ], [ -8.884871460999932, 42.089725446000045 ], [ -8.888433031999966, 42.100505029000033 ], [ -8.898766499999965, 42.103591999000059 ] ] ] } },
{ "type": "Feature", "properties": { "code": "36004", "name": "Bueu" }, "geometry": { "type": "MultiPolygon", "coordinates": [ [ [ [ -8.762070499999936, 42.292712999000059 ], [ -8.765068, 42.295371999000054 ], [ -8.776518499999952, 42.296748999000044 ], [ -8.780069499999968, 42.298328499000036 ], [ -8.788795, 42.299049499000034 ], [ -8.78862, 42.301109499000063 ], [ -8.790469, 42.303661499000043 ], [ -8.796626, 42.306007499000032 ], [ -8.799579499999936, 42.304244999000048 ], [ -8.818997499999966, 42.302638999000067 ], [ -8.818629520999934, 42.310115683000049 ], [ -8.826945375999969, 42.331544179000048 ], [ -8.836550590999934, 42.33807469900006 ], [ -8.835312352999949, 42.341066286000057 ], [ -8.826083492999942, 42.340981433000024 ], [ -8.81947899599993, 42.337749105000057 ], [ -8.800912965999942, 42.338669752000044 ], [ -8.798445744999981, 42.331769437000048 ], [ -8.789294147999954, 42.327358040000036 ], [ -8.773276154999962, 42.331568400000037 ], [ -8.75285649999995, 42.343802999000047 ], [ -8.736530372999937, 42.331488111000056 ], [ -8.737865499999941, 42.319926999000074 ], [ -8.753680517999953, 42.309179565000079 ], [ -8.754935338999928, 42.300602563000041 ], [ -8.762070499999936, 42.292712999000059 ] ] ], [ [ [ -8.920475731999943, 42.395156138000061 ], [ -8.927354028999957, 42.387209944000062 ], [ -8.93730321399994, 42.356861538000032 ], [ -8.94471503699998, 42.355896701000063 ], [ -8.948073896999972, 42.360555274000035 ], [ -8.947141864999935, 42.365702881000061 ], [ -8.939930688999937, 42.370429818000048 ], [ -8.945309315999964, 42.380892665000033 ], [ -8.935264744999927, 42.388156676000051 ], [ -8.932002428999965, 42.397611519000066 ], [ -8.926219353999954, 42.395623436000051 ], [ -8.921440324999935, 42.399136515000066 ], [ -8.920475731999943, 42.395156138000061 ] ] ], [ [ [ -8.936191147999978, 42.350503557000025 ], [ -8.932370397999932, 42.345896896000056 ], [ -8.937855359999958, 42.342450037000049 ], [ -8.939036146999968, 42.346884335000027 ], [ -8.936191147999978, 42.350503557000025 ] ] ] ] } },
{ "type": "Feature", "properties": { "code": "36005", "name": "Caldas de Reis" }, "geometry": { "type": "Polygon", "coordinates": [ [ [ -8.699112, 42.631778999000062 ], [ -8.695781499999953, 42.634692999000038 ], [ -8.681087499999933, 42.642284499000027 ], [ -8.67984649999994, 42.645927499000038 ], [ -8.674864499999956, 42.647578999000075 ], [ -8.669458499999962, 42.654498999000054 ], [ -8.665719, 42.66124699900007 ], [ -8.659566154999936, 42.659032948000061 ], [ -8.637522084999944, 42.661265227000058 ], [ -8.62531650699998, 42.66791392500005 ], [ -8.613559499999951, 42.668758499000035 ], [ -8.615163821999943, 42.662561478000043 ], [ -8.609405009999932, 42.648524595000026 ], [ -8.613254082999958, 42.618691073000036 ], [ -8.61064894499998, 42.607746685000052 ], [ -8.606439786999942, 42.602135702000055 ], [ -8.601582, 42.600801499000056 ], [ -8.617133188999958, 42.593935410000029 ], [ -8.612546300999952, 42.58786204900008 ], [ -8.618744499999934, 42.573149499000067 ], [ -8.628300960999979, 42.567449156000066 ], [ -8.646786659999975, 42.567836397000065 ], [ -8.648633060999941, 42.584567174000028 ], [ -8.660632315999976, 42.597339736000038 ], [ -8.674514930999976, 42.592288448000033 ], [ -8.674918802999969, 42.587402819000033 ], [ -8.678981970999928, 42.583649759000025 ], [ -8.688085881999939, 42.58553461200006 ], [ -8.693440904999932, 42.583697420000078 ], [ -8.695755732999942, 42.573404390000064 ], [ -8.703044, 42.567798499000048 ], [ -8.70960249999996, 42.571334999000044 ], [ -8.724079, 42.574886499000058 ], [ -8.72410949999994, 42.576781999000048 ], [ -8.722357833999979, 42.586271569000075 ], [ -8.712902874999941, 42.600805688000037 ], [ -8.706920731999958, 42.62484876700006 ], [ -8.699112, 42.631778999000062 ] ] ] } },
{ "type": "Feature", "properties": { "code": "36006", "name": "Cambados" }, "geometry": { "type": "MultiPolygon", "coordinates": [ [ [ [ -8.80622, 42.501662999000075 ], [ -8.812881458999925, 42.498857909000037 ], [ -8.817508283999928, 42.502638483000055 ], [ -8.814640081999926, 42.52434568700005 ], [ -8.828537385999937, 42.520289085000059 ], [ -8.827060499999959, 42.530814999000029 ], [ -8.796367118999967, 42.540117568000028 ], [ -8.790239009999937, 42.535995128000025 ], [ -8.789687384999979, 42.527634889000069 ], [ -8.782639613999947, 42.52460241700004 ], [ -8.778281973999981, 42.526770106000072 ], [ -8.77736998599994, 42.531900871000062 ], [ -8.770501240999977, 42.538165119000041 ], [ -8.756113, 42.53446199900003 ], [ -8.759598683999968, 42.52470667700004 ], [ -8.76379484499995, 42.521111218000044 ], [ -8.780799849999937, 42.523638524000035 ], [ -8.775570702999971, 42.512717092000059 ], [ -8.77791992799996, 42.502467497000055 ], [ -8.785807786999953, 42.501204968000025 ], [ -8.795003170999962, 42.505313801000057 ], [ -8.80622, 42.501662999000075 ] ] ], [ [ [ -8.798106, 42.486301499000035 ], [ -8.800456318999977, 42.467358863000072 ], [ -8.810018025999966, 42.461079343000051 ], [ -8.819845499999929, 42.458778499000061 ], [ -8.822640462999971, 42.467757899000048 ], [ -8.831100987999946, 42.470096847000036 ], [ -8.827395007999939, 42.475666269000044 ], [ -8.83078765199997, 42.484325560000059 ], [ -8.825607525999942, 42.492627491000064 ], [ -8.809873997999944, 42.494103817000052 ], [ -8.80401349999994, 42.500025999000059 ], [ -8.799938759999975, 42.497507241000051 ], [ -8.798106, 42.486301499000035 ] ] ] ] } },
{ "type": "Feature", "properties": { "code": "36007", "name": "Campo Lameiro" }, "geometry": { "type": "Polygon", "coordinates": [ [ [ -8.597053499999959, 42.512603999000078 ], [ -8.576129191999939, 42.523537900000065 ], [ -8.567867170999932, 42.531184839000048 ], [ -8.568416734999971, 42.541728663000072 ], [ -8.562044182999955, 42.547835297000063 ], [ -8.558098555999948, 42.56030562400008 ], [ -8.563763735999942, 42.567610884000032 ], [ -8.563477492999937, 42.573167817000069 ], [ -8.558919172999936, 42.582313989000056 ], [ -8.543313, 42.588660999000069 ], [ -8.525648174999958, 42.586307163000072 ], [ -8.501451499999973, 42.58839049900007 ], [ -8.49614427399996, 42.577818112000045 ], [ -8.47309, 42.571136499000033 ], [ -8.478696815999967, 42.563345396000045 ], [ -8.471857879999959, 42.550155833000076 ], [ -8.460574123999947, 42.539769967000041 ], [ -8.449650639999959, 42.53620666900008 ], [ -8.444208660999948, 42.526724981000029 ], [ -8.452917915999933, 42.528053233000037 ], [ -8.466212310999936, 42.522214531000031 ], [ -8.479613876999963, 42.522896710000055 ], [ -8.485231190999968, 42.518770964000055 ], [ -8.490928246999943, 42.522903128000053 ], [ -8.503394068999967, 42.52077833900006 ], [ -8.506639536999955, 42.516931680000027 ], [ -8.510578618999944, 42.519634099000029 ], [ -8.506025164999926, 42.526839959000029 ], [ -8.506916333999925, 42.531581722000055 ], [ -8.519315909999932, 42.53578968100004 ], [ -8.52497410999996, 42.532867130000056 ], [ -8.52629210799995, 42.522031846000061 ], [ -8.531611436999981, 42.525164505000077 ], [ -8.543502136999962, 42.51879460400005 ], [ -8.552002375999962, 42.492637519000027 ], [ -8.569341, 42.487098999000068 ], [ -8.577283684999941, 42.488130432000048 ], [ -8.584888319999948, 42.510232586000029 ], [ -8.597053499999959, 42.512603999000078 ] ] ] } },
{ "type": "Feature", "properties": { "code": "36008", "name": "Cangas" }, "geometry": { "type": "Polygon", "coordinates": [ [ [ -8.762070499999936, 42.292712999000059 ], [ -8.763082499999939, 42.290782999000044 ], [ -8.762926, 42.284820499000034 ], [ -8.759804, 42.270904999000038 ], [ -8.760132, 42.264842999000052 ], [ -8.758643, 42.262210999000047 ], [ -8.764762215999951, 42.259459281000034 ], [ -8.782178775999967, 42.263151638000068 ], [ -8.792614039999933, 42.247622021000041 ], [ -8.80489879199996, 42.251755508000031 ], [ -8.812975458999972, 42.258644682000067 ], [ -8.828762508999944, 42.251365151000073 ], [ -8.837506406999978, 42.257364946000052 ], [ -8.853733939999927, 42.260862885000051 ], [ -8.858403297999928, 42.258742483000049 ], [ -8.863702365999927, 42.247504391000064 ], [ -8.873238501999936, 42.251225330000068 ], [ -8.86387525799995, 42.267711592000069 ], [ -8.864329379999958, 42.277561572000025 ], [ -8.859976664999976, 42.28636816900007 ], [ -8.857133394999948, 42.308021642000028 ], [ -8.853617547999932, 42.306712366000056 ], [ -8.846520081999927, 42.293161399000041 ], [ -8.839433050999958, 42.290380822000031 ], [ -8.830666029999975, 42.278848811000046 ], [ -8.823478471999977, 42.275842812000064 ], [ -8.818621444999962, 42.278218917000061 ], [ -8.822349879999933, 42.285081651000041 ], [ -8.820603859999949, 42.291745793000075 ], [ -8.822657165999942, 42.298254088000078 ], [ -8.818997499999966, 42.302638999000067 ], [ -8.799579499999936, 42.304244999000048 ], [ -8.796626, 42.306007499000032 ], [ -8.790469, 42.303661499000043 ], [ -8.78862, 42.301109499000063 ], [ -8.788795, 42.299049499000034 ], [ -8.780069499999968, 42.298328499000036 ], [ -8.776518499999952, 42.296748999000044 ], [ -8.765068, 42.295371999000054 ], [ -8.762070499999936, 42.292712999000059 ] ] ] } },
{ "type": "Feature", "properties": { "code": "36009", "name": "Cañiza, A" }, "geometry": { "type": "Polygon", "coordinates": [ [ [ -8.222927, 42.233215499000039 ], [ -8.224447639999937, 42.222725317000027 ], [ -8.235574113999974, 42.20764850300003 ], [ -8.231183182999928, 42.196851926000079 ], [ -8.215127569999936, 42.187935963000029 ], [ -8.216111108999939, 42.182397318000028 ], [ -8.221914519999928, 42.177617818000044 ], [ -8.244291717999943, 42.171126567000044 ], [ -8.251472811999975, 42.17157389700003 ], [ -8.254449446999956, 42.158799846000079 ], [ -8.280672, 42.149158499000066 ], [ -8.291340006999974, 42.156008716000031 ], [ -8.303826339999944, 42.157058195000047 ], [ -8.316362664999929, 42.151013941000031 ], [ -8.332794827999976, 42.14859326900006 ], [ -8.345173330999955, 42.149271717000033 ], [ -8.351407, 42.152618999000026 ], [ -8.372401539999942, 42.173046803000034 ], [ -8.392849, 42.168727999000055 ], [ -8.394753928999933, 42.17424442500004 ], [ -8.390041499999938, 42.177680999000074 ], [ -8.377912809999941, 42.18253794900005 ], [ -8.349869499999954, 42.182983499000045 ], [ -8.338557259999959, 42.198606128000051 ], [ -8.330295447999958, 42.203578795000055 ], [ -8.330688549999934, 42.213237311000057 ], [ -8.318028194999954, 42.229421835000039 ], [ -8.31853115399997, 42.237099098000044 ], [ -8.309863306999944, 42.253350683000065 ], [ -8.295551358999944, 42.267177421000042 ], [ -8.289104447999932, 42.278884142000038 ], [ -8.279886633999979, 42.282805938000081 ], [ -8.272836499999926, 42.282382999000049 ], [ -8.264231844999927, 42.253693699000053 ], [ -8.251565405999941, 42.246060735000071 ], [ -8.242008348999946, 42.244334417000061 ], [ -8.232829304999939, 42.234084205000045 ], [ -8.222927, 42.233215499000039 ] ] ] } },
{ "type": "Feature", "properties": { "code": "36010", "name": "Catoira" }, "geometry": { "type": "Polygon", "coordinates": [ [ [ -8.725707, 42.68765649900007 ], [ -8.705641635999939, 42.690091541000072 ], [ -8.690398711999933, 42.687497604000043 ], [ -8.684460620999971, 42.678306803000055 ], [ -8.669983466999952, 42.669685068000035 ], [ -8.665719, 42.66124699900007 ], [ -8.669458499999962, 42.654498999000054 ], [ -8.674864499999956, 42.647578999000075 ], [ -8.67984649999994, 42.645927499000038 ], [ -8.681087499999933, 42.642284499000027 ], [ -8.695781499999953, 42.634692999000038 ], [ -8.699112, 42.631778999000062 ], [ -8.706727718999957, 42.632536113000072 ], [ -8.724648997999964, 42.626968571000077 ], [ -8.747454499999947, 42.643470499000045 ], [ -8.741853458999969, 42.64947640400004 ], [ -8.739343361999943, 42.65954173700004 ], [ -8.725658572999976, 42.677354777000062 ], [ -8.727841324999929, 42.684396089000074 ], [ -8.725707, 42.68765649900007 ] ] ] } },
{ "type": "Feature", "properties": { "code": "36013", "name": "Covelo" }, "geometry": { "type": "Polygon", "coordinates": [ [ [ -8.325305, 42.349494999000058 ], [ -8.323025516999962, 42.344892136000055 ], [ -8.306849052999951, 42.340938243000039 ], [ -8.28346808699996, 42.317668173000072 ], [ -8.261714, 42.315323999000043 ], [ -8.267384407999941, 42.287870163000036 ], [ -8.272836499999926, 42.282382999000049 ], [ -8.279886633999979, 42.282805938000081 ], [ -8.289104447999932, 42.278884142000038 ], [ -8.295551358999944, 42.267177421000042 ], [ -8.309863306999944, 42.253350683000065 ], [ -8.31853115399997, 42.237099098000044 ], [ -8.318028194999954, 42.229421835000039 ], [ -8.330688549999934, 42.213237311000057 ], [ -8.330295447999958, 42.203578795000055 ], [ -8.338557259999959, 42.198606128000051 ], [ -8.349869499999954, 42.182983499000045 ], [ -8.358307992999926, 42.185618029000068 ], [ -8.36700781299993, 42.182967105000046 ], [ -8.380522566999957, 42.184278575000064 ], [ -8.401681799999949, 42.20184484400005 ], [ -8.392031098999951, 42.226256651000028 ], [ -8.397385613999973, 42.234978261000037 ], [ -8.40865787599995, 42.242318454000042 ], [ -8.405875839999965, 42.24876755400004 ], [ -8.407222015999935, 42.263171188000058 ], [ -8.412699056999941, 42.271157365000079 ], [ -8.40589399199996, 42.277827811000066 ], [ -8.406133499999953, 42.294551999000078 ], [ -8.379252788999963, 42.323637107000025 ], [ -8.364752935999945, 42.325660126000059 ], [ -8.356874869999956, 42.330724127000053 ], [ -8.341704910999965, 42.352213808000045 ], [ -8.333294723999927, 42.353877723000039 ], [ -8.325305, 42.349494999000058 ] ] ] } },
{ "type": "Feature", "properties": { "code": "36014", "name": "Crecente" }, "geometry": { "type": "Polygon", "coordinates": [ [ [ -8.183589499999925, 42.243366499000047 ], [ -8.178021499999943, 42.245017999000027 ], [ -8.168201499999952, 42.246135499000047 ], [ -8.164992499999926, 42.246001999000043 ], [ -8.161808, 42.244113999000035 ], [ -8.171165859999974, 42.234720895000066 ], [ -8.16412614099994, 42.227147427000034 ], [ -8.164659825999934, 42.223236615000076 ], [ -8.182825159999936, 42.216628855000067 ], [ -8.188778559999946, 42.211070789000075 ], [ -8.180151459999934, 42.208574695000038 ], [ -8.176321490999953, 42.204281803000072 ], [ -8.17466374199995, 42.186004526000033 ], [ -8.161496, 42.180938999000034 ], [ -8.161234, 42.178626999000073 ], [ -8.1663, 42.172744999000031 ], [ -8.173894019999977, 42.170413619000044 ], [ -8.182475627999963, 42.157701535000058 ], [ -8.199000499999954, 42.154418999000029 ], [ -8.204296, 42.144641999000044 ], [ -8.224760114999981, 42.133279318000064 ], [ -8.243366892999973, 42.139113398000063 ], [ -8.256532, 42.13415549900003 ], [ -8.26329549999997, 42.136581499000044 ], [ -8.265615499999967, 42.139598999000043 ], [ -8.265646, 42.141868499000054 ], [ -8.269619, 42.142799499000034 ], [ -8.278596, 42.139785999000026 ], [ -8.280672, 42.149158499000066 ], [ -8.254449446999956, 42.158799846000079 ], [ -8.251472811999975, 42.17157389700003 ], [ -8.244291717999943, 42.171126567000044 ], [ -8.221914519999928, 42.177617818000044 ], [ -8.216111108999939, 42.182397318000028 ], [ -8.215127569999936, 42.187935963000029 ], [ -8.231183182999928, 42.196851926000079 ], [ -8.235574113999974, 42.20764850300003 ], [ -8.224447639999937, 42.222725317000027 ], [ -8.222927, 42.233215499000039 ], [ -8.212709167999947, 42.235931637000078 ], [ -8.203018503999942, 42.244075998000028 ], [ -8.183589499999925, 42.243366499000047 ] ] ] } },
{ "type": "Feature", "properties": { "code": "36015", "name": "Cuntis" }, "geometry": { "type": "Polygon", "coordinates": [ [ [ -8.543313, 42.588660999000069 ], [ -8.541520786999968, 42.595457217000046 ], [ -8.544928874999925, 42.601215146000072 ], [ -8.55025341299995, 42.60450515000008 ], [ -8.557492533999948, 42.604114211000081 ], [ -8.56699746399994, 42.61232491800007 ], [ -8.576923139999963, 42.607762779000041 ], [ -8.585714521999932, 42.610573350000038 ], [ -8.59227031599994, 42.599024457000041 ], [ -8.606439786999942, 42.602135702000055 ], [ -8.61064894499998, 42.607746685000052 ], [ -8.613254082999958, 42.618691073000036 ], [ -8.609405009999932, 42.648524595000026 ], [ -8.615163821999943, 42.662561478000043 ], [ -8.613559499999951, 42.668758499000035 ], [ -8.601533, 42.678115999000056 ], [ -8.592472198999928, 42.675290066000059 ], [ -8.584996026999931, 42.67662174000003 ], [ -8.576232706999974, 42.689314829000068 ], [ -8.560674117999952, 42.693664547000026 ], [ -8.557436932999963, 42.690309310000032 ], [ -8.53678857899996, 42.689012362000028 ], [ -8.514807692999966, 42.67657863200003 ], [ -8.50935820199993, 42.667655853000042 ], [ -8.51139270699997, 42.65211918500006 ], [ -8.503425455999945, 42.63929231000003 ], [ -8.509433873999967, 42.622249797000052 ], [ -8.509509202999936, 42.610546213000077 ], [ -8.502096743999971, 42.603097734000073 ], [ -8.501451499999973, 42.58839049900007 ], [ -8.525648174999958, 42.586307163000072 ], [ -8.543313, 42.588660999000069 ] ] ] } },
{ "type": "Feature", "properties": { "code": "36016", "name": "Dozón" }, "geometry": { "type": "Polygon", "coordinates": [ [ [ -7.98629649999998, 42.571277499000075 ], [ -7.989248499999974, 42.572238999000035 ], [ -7.999853352999935, 42.566830899000081 ], [ -8.003578316999949, 42.558121268000036 ], [ -8.017340460999947, 42.542980425000053 ], [ -8.028279318999978, 42.544382364000057 ], [ -8.03518801599995, 42.550157569000078 ], [ -8.047673927999938, 42.554047596000032 ], [ -8.05933749999997, 42.548667999000031 ], [ -8.086241679999944, 42.55657255300008 ], [ -8.097338371999967, 42.554027929000029 ], [ -8.111843499999964, 42.55573799900003 ], [ -8.104248260999952, 42.583863930000064 ], [ -8.106228602999977, 42.59057779300008 ], [ -8.094654704999925, 42.59931612500003 ], [ -8.078425358999937, 42.600239361000035 ], [ -8.079827773999966, 42.617196251000053 ], [ -8.065064459999974, 42.64461693700008 ], [ -8.05613526999997, 42.647482891000038 ], [ -8.008351, 42.627396999000041 ], [ -8.006928572999925, 42.625058181000043 ], [ -8.01216167299998, 42.618146125000067 ], [ -8.010451831999944, 42.613752907000048 ], [ -7.995670924999956, 42.608008760000075 ], [ -7.989299923999965, 42.598713009000051 ], [ -7.999466495999968, 42.589879440000061 ], [ -7.998605983999937, 42.580457197000044 ], [ -7.990449560999934, 42.574949930000059 ], [ -7.971290937999981, 42.573716137000076 ], [ -7.964853499999947, 42.566593499000078 ], [ -7.973203499999954, 42.56637549900006 ], [ -7.98629649999998, 42.571277499000075 ] ] ] } },
{ "type": "Feature", "properties": { "code": "36017", "name": "Estrada, A" }, "geometry": { "type": "Polygon", "coordinates": [ [ [ -8.387652499999945, 42.594459499000038 ], [ -8.39279149999993, 42.595657499000026 ], [ -8.401093499999945, 42.589702499000055 ], [ -8.403161, 42.587112499000057 ], [ -8.410229499999957, 42.583354999000051 ], [ -8.415873499999975, 42.582000999000059 ], [ -8.422735499999931, 42.585113499000045 ], [ -8.42458449999998, 42.59096499900005 ], [ -8.43053649999996, 42.59158349900008 ], [ -8.438761499999941, 42.589652999000066 ], [ -8.443841, 42.589385999000058 ], [ -8.449778499999979, 42.58523199900003 ], [ -8.465911, 42.579273499000067 ], [ -8.471350499999971, 42.578376999000056 ], [ -8.470754499999941, 42.575477499000044 ], [ -8.47309, 42.571136499000033 ], [ -8.49614427399996, 42.577818112000045 ], [ -8.501451499999973, 42.58839049900007 ], [ -8.502096743999971, 42.603097734000073 ], [ -8.509509202999936, 42.610546213000077 ], [ -8.509433873999967, 42.622249797000052 ], [ -8.503425455999945, 42.63929231000003 ], [ -8.51139270699997, 42.65211918500006 ], [ -8.50935820199993, 42.667655853000042 ], [ -8.514807692999966, 42.67657863200003 ], [ -8.53678857899996, 42.689012362000028 ], [ -8.557436932999963, 42.690309310000032 ], [ -8.560674117999952, 42.693664547000026 ], [ -8.576232706999974, 42.689314829000068 ], [ -8.584996026999931, 42.67662174000003 ], [ -8.592472198999928, 42.675290066000059 ], [ -8.601533, 42.678115999000056 ], [ -8.594356318999928, 42.701371921000032 ], [ -8.596383854999942, 42.705073060000075 ], [ -8.604476, 42.708747999000025 ], [ -8.604369, 42.714179499000068 ], [ -8.606578, 42.715125999000065 ], [ -8.606664080999963, 42.728138849000061 ], [ -8.599412209999969, 42.742427047000035 ], [ -8.570526, 42.742950499000074 ], [ -8.55613447099995, 42.747105057000056 ], [ -8.559157308999943, 42.756664 ], [ -8.554493987999933, 42.760728373000063 ], [ -8.549019129999976, 42.760196819000043 ], [ -8.544924963999961, 42.753841668000064 ], [ -8.536345410999957, 42.752224138000031 ], [ -8.529053918999978, 42.755587691000073 ], [ -8.518024299999979, 42.751561767000055 ], [ -8.507342499999936, 42.756126499000061 ], [ -8.494058663999965, 42.756147478000059 ], [ -8.470626599999946, 42.744165462000069 ], [ -8.446340280999948, 42.747951183000055 ], [ -8.432303372999968, 42.746309522000047 ], [ -8.422895994999976, 42.75374419700006 ], [ -8.408187895999959, 42.75426275600006 ], [ -8.41423929299998, 42.76572838800007 ], [ -8.405169243999978, 42.771797370000058 ], [ -8.399127717999932, 42.780180560000076 ], [ -8.390739700999973, 42.778122933000077 ], [ -8.392218499999956, 42.789138499000046 ], [ -8.38428837999993, 42.789136892000045 ], [ -8.380145567999932, 42.78460397300006 ], [ -8.364140099999929, 42.784322391000046 ], [ -8.357518, 42.780662499000073 ], [ -8.368765450999945, 42.769806383000059 ], [ -8.368433666999977, 42.764289422000047 ], [ -8.362932855999929, 42.764155237000068 ], [ -8.355214406999949, 42.754940602000033 ], [ -8.335398580999936, 42.747576177000042 ], [ -8.340469045999953, 42.742620457000044 ], [ -8.351913615999933, 42.715319850000071 ], [ -8.351758143999973, 42.708363728000052 ], [ -8.341118121999955, 42.688707801000078 ], [ -8.350887499999942, 42.675010499000052 ], [ -8.363986890999968, 42.678514411000037 ], [ -8.39370497699997, 42.655199198000048 ], [ -8.385660507999944, 42.626851531000057 ], [ -8.38857186599995, 42.615762558000029 ], [ -8.37993019299995, 42.602589002000059 ], [ -8.381202005999967, 42.596825352000053 ], [ -8.387652499999945, 42.594459499000038 ] ] ] } },
{ "type": "Feature", "properties": { "code": "36018", "name": "Forcarei" }, "geometry": { "type": "Polygon", "coordinates": [ [ [ -8.366299499999968, 42.487334999000041 ], [ -8.373468499999944, 42.484840499000029 ], [ -8.374625499999979, 42.482570499000076 ], [ -8.379870499999981, 42.479209999000034 ], [ -8.382648499999959, 42.475009999000065 ], [ -8.385137499999928, 42.472865999000078 ], [ -8.388139, 42.472255999000026 ], [ -8.38311738799996, 42.480924964000053 ], [ -8.387170351999941, 42.489881234000052 ], [ -8.375228250999953, 42.503819700000065 ], [ -8.364869288999955, 42.509681175000026 ], [ -8.351401313999929, 42.532814657000074 ], [ -8.342804085999944, 42.535181673000068 ], [ -8.335848445999943, 42.53303916200008 ], [ -8.332730872999946, 42.535278306000066 ], [ -8.333364512999935, 42.549199333000047 ], [ -8.341294381999944, 42.552401295000038 ], [ -8.348195705999956, 42.564187584000081 ], [ -8.354778261999968, 42.566196523000031 ], [ -8.365018266999925, 42.558812525000064 ], [ -8.380227842999943, 42.564757950000057 ], [ -8.387652499999945, 42.594459499000038 ], [ -8.381202005999967, 42.596825352000053 ], [ -8.37993019299995, 42.602589002000059 ], [ -8.38857186599995, 42.615762558000029 ], [ -8.385660507999944, 42.626851531000057 ], [ -8.39370497699997, 42.655199198000048 ], [ -8.363986890999968, 42.678514411000037 ], [ -8.350887499999942, 42.675010499000052 ], [ -8.344514425999932, 42.664443274000064 ], [ -8.329967117999956, 42.659871076000059 ], [ -8.321894128999929, 42.651111910000054 ], [ -8.30702925199995, 42.65311551800005 ], [ -8.277516430999981, 42.645110646000035 ], [ -8.279056689999948, 42.63939281200004 ], [ -8.272823714999959, 42.631431124000073 ], [ -8.273390907999953, 42.622074312000052 ], [ -8.264660133999939, 42.614192266000032 ], [ -8.266085603999954, 42.602138683000078 ], [ -8.263962499999934, 42.59623749900004 ], [ -8.257994200999974, 42.58207541400003 ], [ -8.250719367999977, 42.577831478000064 ], [ -8.253641799999968, 42.564344075000065 ], [ -8.235353499999974, 42.538840999000058 ], [ -8.270434333999958, 42.520262364000075 ], [ -8.275638761999971, 42.508684049000067 ], [ -8.285881613999948, 42.504968377000068 ], [ -8.292062074999933, 42.496018245000073 ], [ -8.30086608199997, 42.491241647000038 ], [ -8.313687412999968, 42.495106333000081 ], [ -8.339003892999926, 42.491985581000051 ], [ -8.34243308899994, 42.484784374000071 ], [ -8.352263299999947, 42.481255684000075 ], [ -8.366299499999968, 42.487334999000041 ] ] ] } },
{ "type": "Feature", "properties": { "code": "36019", "name": "Fornelos de Montes" }, "geometry": { "type": "Polygon", "coordinates": [ [ [ -8.325305, 42.349494999000058 ], [ -8.333294723999927, 42.353877723000039 ], [ -8.341704910999965, 42.352213808000045 ], [ -8.356874869999956, 42.330724127000053 ], [ -8.364752935999945, 42.325660126000059 ], [ -8.379252788999963, 42.323637107000025 ], [ -8.406133499999953, 42.294551999000078 ], [ -8.421711548999951, 42.299716114000034 ], [ -8.434757132999948, 42.29789630700003 ], [ -8.46021133499994, 42.284291151000048 ], [ -8.480519784999956, 42.28444505300007 ], [ -8.482756499999937, 42.289672999000061 ], [ -8.487215429999935, 42.323431213000049 ], [ -8.523771499999953, 42.330455999000037 ], [ -8.521861636999972, 42.337348833000078 ], [ -8.523743499999966, 42.341205499000068 ], [ -8.508682090999969, 42.34708142900007 ], [ -8.491762019999953, 42.346848627000043 ], [ -8.479527269999949, 42.339812349000056 ], [ -8.462055881999959, 42.352004154000042 ], [ -8.459903330999964, 42.360481132000075 ], [ -8.456410147999975, 42.363118160000056 ], [ -8.436336499999982, 42.359996999000032 ], [ -8.432086424999966, 42.345897862000072 ], [ -8.422914654999943, 42.343740852000053 ], [ -8.403737219999925, 42.348400101000038 ], [ -8.400647428999946, 42.35932762200008 ], [ -8.387848523999935, 42.366519959000073 ], [ -8.344729819999941, 42.372287422000056 ], [ -8.322934, 42.36580649900003 ], [ -8.318286876999935, 42.356272313000034 ], [ -8.325305, 42.349494999000058 ] ] ] } },
{ "type": "Feature", "properties": { "code": "36020", "name": "Agolada" }, "geometry": { "type": "Polygon", "coordinates": [ [ [ -8.118419499999959, 42.842136499000048 ], [ -8.083381727999949, 42.85417853000007 ], [ -8.072771191999948, 42.852065642000071 ], [ -8.061454567999931, 42.843117610000036 ], [ -8.064350260999959, 42.839132382000059 ], [ -8.06296144099997, 42.836876216000064 ], [ -8.055978349999975, 42.836688812000034 ], [ -8.053605168999979, 42.83332727800007 ], [ -8.046937451999952, 42.831914294000057 ], [ -8.024787848999949, 42.846417295000037 ], [ -7.999684499999944, 42.848857999000074 ], [ -7.98403323399998, 42.84302467100008 ], [ -7.969353271999978, 42.848765043000071 ], [ -7.96358358699996, 42.842280124000069 ], [ -7.95636049999996, 42.839709999000036 ], [ -7.970381571999951, 42.828070561000061 ], [ -7.980409718999965, 42.810705086000041 ], [ -7.981478720999974, 42.787376256000073 ], [ -7.977464515999941, 42.778321402000074 ], [ -7.95310939999996, 42.755030543000032 ], [ -7.941589887999953, 42.748326817000077 ], [ -7.935328, 42.739712499000063 ], [ -7.94023240599995, 42.735726262000071 ], [ -7.961384216999932, 42.732782403000044 ], [ -7.990178886999956, 42.713242587000025 ], [ -7.994426130999955, 42.706346979000045 ], [ -8.000550744999941, 42.705719972000054 ], [ -8.006743168999947, 42.700757994000071 ], [ -8.01171949999997, 42.701537999000038 ], [ -8.015126194999937, 42.711442515000044 ], [ -8.020285398999931, 42.710111786000027 ], [ -8.023621280999976, 42.713456832000077 ], [ -8.024490181999965, 42.722610066000072 ], [ -8.030707568999958, 42.728608614000052 ], [ -8.036378535999972, 42.743115842000066 ], [ -8.052661524999962, 42.748805703000073 ], [ -8.073438965999969, 42.749072846000047 ], [ -8.078286202999948, 42.764470886000026 ], [ -8.105048339999939, 42.766933718000075 ], [ -8.119726, 42.780998499000077 ], [ -8.107949570999949, 42.783653035000043 ], [ -8.110333953999941, 42.795351752000045 ], [ -8.104125547999956, 42.805734030000053 ], [ -8.10920540199993, 42.811711204000062 ], [ -8.114967913999976, 42.810311353000031 ], [ -8.123986255999966, 42.813122404000069 ], [ -8.123154559999932, 42.818642598000054 ], [ -8.128503613999953, 42.820757714000081 ], [ -8.13127434699993, 42.825742259000037 ], [ -8.132889463999959, 42.832614769000031 ], [ -8.130864088999942, 42.837900510000054 ], [ -8.118419499999959, 42.842136499000048 ] ] ] } },
{ "type": "Feature", "properties": { "code": "36021", "name": "Gondomar" }, "geometry": { "type": "Polygon", "coordinates": [ [ [ -8.696865, 42.132434999000054 ], [ -8.697252388999971, 42.127204604000042 ], [ -8.691407163999941, 42.117383036000035 ], [ -8.688481483999965, 42.097572753000065 ], [ -8.684636, 42.090984499000058 ], [ -8.697827373999928, 42.084227274000057 ], [ -8.711386502999972, 42.084822674000065 ], [ -8.726141344999974, 42.072813739000026 ], [ -8.730631, 42.061233499000025 ], [ -8.775602618999926, 42.066284430000053 ], [ -8.791625480999926, 42.064520944000037 ], [ -8.807141499999943, 42.056834999000046 ], [ -8.810504144999982, 42.063194257000077 ], [ -8.804432671999962, 42.074014892000037 ], [ -8.813315468999974, 42.098340399000051 ], [ -8.81034395699993, 42.101648559000068 ], [ -8.813583776999963, 42.108553882000081 ], [ -8.811933, 42.115245999000081 ], [ -8.796905822999975, 42.111965609000038 ], [ -8.779435106999927, 42.112724816000025 ], [ -8.771570761999953, 42.124892214000056 ], [ -8.760192488999962, 42.130264061000048 ], [ -8.745499742999925, 42.158960432000072 ], [ -8.73773, 42.166080499000032 ], [ -8.716312827999957, 42.156265015000031 ], [ -8.704488326999979, 42.15482576900007 ], [ -8.696865, 42.132434999000054 ] ] ] } },
{ "type": "Feature", "properties": { "code": "36022", "name": "Grove, O" }, "geometry": { "type": "MultiPolygon", "coordinates": [ [ [ [ -8.832679369999937, 42.488652487000024 ], [ -8.835160942999948, 42.488239668000062 ], [ -8.836684804999948, 42.490319227000043 ], [ -8.834252441999979, 42.497935066000025 ], [ -8.832679369999937, 42.488652487000024 ] ] ], [ [ [ -8.841851903999952, 42.501702261000048 ], [ -8.841147453999952, 42.494390555000052 ], [ -8.844733918999964, 42.484499030000052 ], [ -8.850692306999974, 42.481744542000058 ], [ -8.852891835999969, 42.48931179300007 ], [ -8.841851903999952, 42.501702261000048 ] ] ], [ [ [ -8.868981499999961, 42.447997999000052 ], [ -8.872581499999967, 42.438815999000042 ], [ -8.882644211999946, 42.453556225000057 ], [ -8.899179576999927, 42.460111660000052 ], [ -8.913367596999933, 42.46114392800007 ], [ -8.925471008999978, 42.452279013000066 ], [ -8.933788695999965, 42.454095585000061 ], [ -8.94166006599994, 42.463190266000026 ], [ -8.937515857999927, 42.469779749000054 ], [ -8.937736107999967, 42.475431756000035 ], [ -8.930614042999935, 42.478152279000028 ], [ -8.905692067999951, 42.477217550000034 ], [ -8.886362628999962, 42.486895540000035 ], [ -8.890200528999969, 42.492040491000068 ], [ -8.889073863999954, 42.49485846400006 ], [ -8.869338063999976, 42.499344256000029 ], [ -8.858567060999974, 42.490983207000056 ], [ -8.85982251799993, 42.468592227000045 ], [ -8.85520179599996, 42.461430654000026 ], [ -8.863833567999961, 42.466184346000034 ], [ -8.87076082699997, 42.461353336000059 ], [ -8.868981499999961, 42.447997999000052 ] ] ] ] } },
{ "type": "Feature", "properties": { "code": "36023", "name": "Guarda, A" }, "geometry": { "type": "Polygon", "coordinates": [ [ [ -8.830433, 41.900706999000079 ], [ -8.842375, 41.884528999000054 ], [ -8.863186, 41.872066499000027 ], [ -8.873698370999932, 41.871490507000033 ], [ -8.881517149999979, 41.881216048000056 ], [ -8.880110503999958, 41.893987655000046 ], [ -8.875508172999957, 41.899905052000065 ], [ -8.879613635999931, 41.903143228000033 ], [ -8.878218970999967, 41.910066288000053 ], [ -8.884581293999929, 41.919107559000054 ], [ -8.885959, 41.94160849900004 ], [ -8.878138898999964, 41.937706204000051 ], [ -8.870441640999957, 41.924303756000029 ], [ -8.841001484999936, 41.920102077000081 ], [ -8.830433, 41.900706999000079 ] ] ] } },
{ "type": "Feature", "properties": { "code": "36024", "name": "Lalín" }, "geometry": { "type": "Polygon", "coordinates": [ [ [ -8.111843499999964, 42.55573799900003 ], [ -8.136235775999978, 42.553686995000078 ], [ -8.147393876999956, 42.549491766000074 ], [ -8.16097545599996, 42.557555832000048 ], [ -8.167759617999934, 42.567057268000042 ], [ -8.174372491999975, 42.571199144000047 ], [ -8.186640998999962, 42.564214504000063 ], [ -8.185706578999941, 42.556891500000063 ], [ -8.201510882999969, 42.550187916000027 ], [ -8.21587319899993, 42.535039740000059 ], [ -8.235353499999974, 42.538840999000058 ], [ -8.253641799999968, 42.564344075000065 ], [ -8.250719367999977, 42.577831478000064 ], [ -8.257994200999974, 42.58207541400003 ], [ -8.263962499999934, 42.59623749900004 ], [ -8.254767889999926, 42.590825290000055 ], [ -8.244952558999955, 42.596599299000047 ], [ -8.232257835999974, 42.598410084000079 ], [ -8.205669456999942, 42.628531690000045 ], [ -8.206235462999928, 42.63280590200003 ], [ -8.213351084999942, 42.633278583000049 ], [ -8.214750323999965, 42.636032341000032 ], [ -8.207194252999955, 42.640632527000037 ], [ -8.210106555999971, 42.647084904000053 ], [ -8.197904660999939, 42.660221396000054 ], [ -8.210970252999971, 42.677500184000053 ], [ -8.199354229999926, 42.68804414400006 ], [ -8.207378299999959, 42.695977562000053 ], [ -8.20600540099997, 42.710918416000027 ], [ -8.209807181999963, 42.714710211000067 ], [ -8.209417820999931, 42.720503931000053 ], [ -8.21393, 42.723922999000081 ], [ -8.215363464999939, 42.743657417000065 ], [ -8.228043519999972, 42.751443734000077 ], [ -8.222199347999947, 42.759993827000073 ], [ -8.201808821999975, 42.755207203000055 ], [ -8.195026515999928, 42.750763646000053 ], [ -8.187237661999973, 42.754075087000047 ], [ -8.179245567999942, 42.752824774000032 ], [ -8.164144534999934, 42.740348753000035 ], [ -8.157625980999967, 42.738589638000064 ], [ -8.154772220999973, 42.740663551000068 ], [ -8.153344852999965, 42.750024613000051 ], [ -8.154913260999933, 42.756812488000037 ], [ -8.159813837999934, 42.760513805000073 ], [ -8.159035981999978, 42.764896351000061 ], [ -8.14886940599996, 42.774566783000068 ], [ -8.119726, 42.780998499000077 ], [ -8.105048339999939, 42.766933718000075 ], [ -8.078286202999948, 42.764470886000026 ], [ -8.073438965999969, 42.749072846000047 ], [ -8.052661524999962, 42.748805703000073 ], [ -8.036378535999972, 42.743115842000066 ], [ -8.030707568999958, 42.728608614000052 ], [ -8.024490181999965, 42.722610066000072 ], [ -8.023621280999976, 42.713456832000077 ], [ -8.020285398999931, 42.710111786000027 ], [ -8.015126194999937, 42.711442515000044 ], [ -8.01171949999997, 42.701537999000038 ], [ -8.035605484999962, 42.684487679000028 ], [ -8.024801576999948, 42.671663628000033 ], [ -8.00828757499994, 42.68293787500005 ], [ -7.998468266999964, 42.68224736600007 ], [ -7.99331562499998, 42.674885208000035 ], [ -7.997415757999931, 42.669281922000039 ], [ -7.989014257999941, 42.653991782000048 ], [ -7.994840764999935, 42.646289869000043 ], [ -7.993592142999944, 42.640749009000046 ], [ -7.996409393999954, 42.635383770000033 ], [ -8.008351, 42.627396999000041 ], [ -8.05613526999997, 42.647482891000038 ], [ -8.065064459999974, 42.64461693700008 ], [ -8.079827773999966, 42.617196251000053 ], [ -8.078425358999937, 42.600239361000035 ], [ -8.094654704999925, 42.59931612500003 ], [ -8.106228602999977, 42.59057779300008 ], [ -8.104248260999952, 42.583863930000064 ], [ -8.111843499999964, 42.55573799900003 ] ] ] } },
{ "type": "Feature", "properties": { "code": "36025", "name": "Lama, A" }, "geometry": { "type": "Polygon", "coordinates": [ [ [ -8.366299499999968, 42.487334999000041 ], [ -8.342351224999959, 42.465363437000065 ], [ -8.33945, 42.452880999000058 ], [ -8.3358, 42.44799049900007 ], [ -8.339137, 42.44135299900006 ], [ -8.338217, 42.433421999000075 ], [ -8.330251499999974, 42.420615999000063 ], [ -8.318639, 42.388920499000051 ], [ -8.317103499999973, 42.382823999000038 ], [ -8.314664, 42.380973999000048 ], [ -8.317204499999946, 42.375293499000065 ], [ -8.324461, 42.369201499000042 ], [ -8.322934, 42.36580649900003 ], [ -8.344729819999941, 42.372287422000056 ], [ -8.387848523999935, 42.366519959000073 ], [ -8.400647428999946, 42.35932762200008 ], [ -8.403737219999925, 42.348400101000038 ], [ -8.422914654999943, 42.343740852000053 ], [ -8.432086424999966, 42.345897862000072 ], [ -8.436336499999982, 42.359996999000032 ], [ -8.432899965999979, 42.366284676000078 ], [ -8.442942923999965, 42.373502790000032 ], [ -8.441441997999959, 42.382536513000048 ], [ -8.45592886299994, 42.389886760000024 ], [ -8.461960383999951, 42.402862637000055 ], [ -8.462688499999956, 42.412364999000033 ], [ -8.452686035999932, 42.412047882000024 ], [ -8.444571589999953, 42.415604761000054 ], [ -8.435062038999945, 42.43926211400003 ], [ -8.419885136999937, 42.462857988000053 ], [ -8.401281186999938, 42.460002794000047 ], [ -8.388139, 42.472255999000026 ], [ -8.385137499999928, 42.472865999000078 ], [ -8.382648499999959, 42.475009999000065 ], [ -8.379870499999981, 42.479209999000034 ], [ -8.374625499999979, 42.482570499000076 ], [ -8.373468499999944, 42.484840499000029 ], [ -8.366299499999968, 42.487334999000041 ] ] ] } },
{ "type": "Feature", "properties": { "code": "36026", "name": "Marín" }, "geometry": { "type": "MultiPolygon", "coordinates": [ [ [ [ -8.688778, 42.330569999000033 ], [ -8.717162693999967, 42.331872025000052 ], [ -8.72989679799997, 42.31899923900005 ], [ -8.737865499999941, 42.319926999000074 ], [ -8.736530372999937, 42.331488111000056 ], [ -8.75285649999995, 42.343802999000047 ], [ -8.745199451999952, 42.365966276000051 ], [ -8.736842661999958, 42.374231040000041 ], [ -8.730656895999971, 42.376183191000052 ], [ -8.725539076999951, 42.38435604700004 ], [ -8.708760831999939, 42.396650253000075 ], [ -8.697451404999981, 42.394026964000034 ], [ -8.692725, 42.399112999000067 ], [ -8.67398026199993, 42.387380247000067 ], [ -8.667686499999945, 42.377628499000025 ], [ -8.677864816999943, 42.352643752000063 ], [ -8.689836674999981, 42.34519504900004 ], [ -8.688778, 42.330569999000033 ] ] ], [ [ [ -8.707284441999946, 42.407161837000046 ], [ -8.712570831999926, 42.411128423000036 ], [ -8.711528404999967, 42.414431695000076 ], [ -8.705367338999963, 42.413587571000051 ], [ -8.707284441999946, 42.407161837000046 ] ] ] ] } },
{ "type": "Feature", "properties": { "code": "36027", "name": "Meaño" }, "geometry": { "type": "Polygon", "coordinates": [ [ [ -8.798106, 42.486301499000035 ], [ -8.773550899999975, 42.483445050000057 ], [ -8.768314499999974, 42.479392999000027 ], [ -8.762593324999955, 42.460003825000058 ], [ -8.76375871099998, 42.450596295000025 ], [ -8.74933649999997, 42.439693999000042 ], [ -8.758165499999961, 42.419894999000064 ], [ -8.786348207999936, 42.418239831000051 ], [ -8.798533451999958, 42.429669116000071 ], [ -8.801825422999968, 42.436480213000038 ], [ -8.817170051999938, 42.435191395000061 ], [ -8.823374499999943, 42.453059999000061 ], [ -8.820474373999957, 42.453024046000053 ], [ -8.819845499999929, 42.458778499000061 ], [ -8.810018025999966, 42.461079343000051 ], [ -8.800456318999977, 42.467358863000072 ], [ -8.798106, 42.486301499000035 ] ] ] } },
{ "type": "Feature", "properties": { "code": "36028", "name": "Meis" }, "geometry": { "type": "Polygon", "coordinates": [ [ [ -8.672610499999962, 42.536059499000032 ], [ -8.670314096999959, 42.524384403000056 ], [ -8.685568499999931, 42.513434390000043 ], [ -8.683789411999953, 42.506302897000069 ], [ -8.689757003999944, 42.494599206000032 ], [ -8.687235595999937, 42.486664211000061 ], [ -8.69318949999996, 42.479724999000041 ], [ -8.700844, 42.481891499000028 ], [ -8.706166, 42.474799499000028 ], [ -8.709905499999934, 42.467384499000048 ], [ -8.725348499999939, 42.457283499000027 ], [ -8.727916, 42.448547499000028 ], [ -8.734649499999932, 42.441764499000044 ], [ -8.736193, 42.438705499000037 ], [ -8.743380499999944, 42.436382499000047 ], [ -8.74933649999997, 42.439693999000042 ], [ -8.76375871099998, 42.450596295000025 ], [ -8.762593324999955, 42.460003825000058 ], [ -8.768314499999974, 42.479392999000027 ], [ -8.758525515999963, 42.501114831000052 ], [ -8.73356175899994, 42.512003426000035 ], [ -8.719449658999963, 42.52891167000007 ], [ -8.712744800999928, 42.532245398000043 ], [ -8.72702798399996, 42.544847613000059 ], [ -8.734475, 42.546043499000064 ], [ -8.729155718999948, 42.549775817000068 ], [ -8.70967344099995, 42.555708454000069 ], [ -8.704041730999961, 42.56242084400003 ], [ -8.687633499999947, 42.55787299900004 ], [ -8.690168, 42.555053499000053 ], [ -8.693270499999926, 42.547698999000033 ], [ -8.698522499999967, 42.542808499000046 ], [ -8.700816, 42.537944999000047 ], [ -8.700777, 42.53510299900006 ], [ -8.693477499999972, 42.530715999000051 ], [ -8.689935499999933, 42.530196999000054 ], [ -8.680574499999977, 42.534606999000061 ], [ -8.678033, 42.534335999000064 ], [ -8.672610499999962, 42.536059499000032 ] ] ] } },
{ "type": "Feature", "properties": { "code": "36029", "name": "Moaña" }, "geometry": { "type": "Polygon", "coordinates": [ [ [ -8.758643, 42.262210999000047 ], [ -8.760132, 42.264842999000052 ], [ -8.759804, 42.270904999000038 ], [ -8.762926, 42.284820499000034 ], [ -8.763082499999939, 42.290782999000044 ], [ -8.754935338999928, 42.300602563000041 ], [ -8.753680517999953, 42.309179565000079 ], [ -8.737865499999941, 42.319926999000074 ], [ -8.72989679799997, 42.31899923900005 ], [ -8.717162693999967, 42.331872025000052 ], [ -8.688778, 42.330569999000033 ], [ -8.676757339999938, 42.309770566000054 ], [ -8.65887349999997, 42.291434999000046 ], [ -8.67604535299995, 42.290543479000064 ], [ -8.688502144999973, 42.280768156000079 ], [ -8.70073242199993, 42.281398331000048 ], [ -8.711280157999965, 42.276115680000032 ], [ -8.717794511999955, 42.287775633000081 ], [ -8.731056321999972, 42.286261281000066 ], [ -8.73886895499993, 42.272834254000031 ], [ -8.758643, 42.262210999000047 ] ] ] } },
{ "type": "Feature", "properties": { "code": "36030", "name": "Mondariz" }, "geometry": { "type": "Polygon", "coordinates": [ [ [ -8.485223499999961, 42.227153999000052 ], [ -8.493947936999973, 42.227319808000061 ], [ -8.50328099099994, 42.23308664700005 ], [ -8.49987269899998, 42.241714237000053 ], [ -8.506367029999979, 42.247244588000058 ], [ -8.516195499999981, 42.266807499000038 ], [ -8.505052656999965, 42.271699481000041 ], [ -8.492976192999947, 42.286114195000039 ], [ -8.482756499999937, 42.289672999000061 ], [ -8.480519784999956, 42.28444505300007 ], [ -8.46021133499994, 42.284291151000048 ], [ -8.434757132999948, 42.29789630700003 ], [ -8.421711548999951, 42.299716114000034 ], [ -8.406133499999953, 42.294551999000078 ], [ -8.40589399199996, 42.277827811000066 ], [ -8.412699056999941, 42.271157365000079 ], [ -8.407222015999935, 42.263171188000058 ], [ -8.405875839999965, 42.24876755400004 ], [ -8.40865787599995, 42.242318454000042 ], [ -8.397385613999973, 42.234978261000037 ], [ -8.392031098999951, 42.226256651000028 ], [ -8.401681799999949, 42.20184484400005 ], [ -8.380522566999957, 42.184278575000064 ], [ -8.36700781299993, 42.182967105000046 ], [ -8.358307992999926, 42.185618029000068 ], [ -8.349869499999954, 42.182983499000045 ], [ -8.377912809999941, 42.18253794900005 ], [ -8.390041499999938, 42.177680999000074 ], [ -8.404277, 42.181823999000073 ], [ -8.407646, 42.183719499000063 ], [ -8.416363, 42.183982999000079 ], [ -8.427217655999925, 42.189794358000029 ], [ -8.439223851999941, 42.206393818000038 ], [ -8.445751866999956, 42.197836689000042 ], [ -8.458804236999981, 42.194554332000052 ], [ -8.472415424999951, 42.20448736700007 ], [ -8.468995, 42.210643999000069 ], [ -8.459026384999959, 42.223066263000078 ], [ -8.460629218999941, 42.227184257000033 ], [ -8.485223499999961, 42.227153999000052 ] ] ] } },
{ "type": "Feature", "properties": { "code": "36031", "name": "Mondariz-Balneario" }, "geometry": { "type": "Polygon", "coordinates": [ [ [ -8.468995, 42.210643999000069 ], [ -8.472297499999968, 42.213699499000029 ], [ -8.472952, 42.215388999000027 ], [ -8.474742, 42.215472999000042 ], [ -8.478842, 42.219031999000038 ], [ -8.483994, 42.224403499000061 ], [ -8.485223499999961, 42.227153999000052 ], [ -8.460629218999941, 42.227184257000033 ], [ -8.459026384999959, 42.223066263000078 ], [ -8.468995, 42.210643999000069 ] ] ] } },
{ "type": "Feature", "properties": { "code": "36032", "name": "Moraña" }, "geometry": { "type": "Polygon", "coordinates": [ [ [ -8.597053499999959, 42.512603999000078 ], [ -8.604841861999944, 42.520782029000031 ], [ -8.608975940999926, 42.533827694000081 ], [ -8.60934046999995, 42.548617898000032 ], [ -8.613009371999965, 42.555340532000059 ], [ -8.610221473999957, 42.561570907000032 ], [ -8.61724049999998, 42.563893999000072 ], [ -8.618744499999934, 42.573149499000067 ], [ -8.612546300999952, 42.58786204900008 ], [ -8.617133188999958, 42.593935410000029 ], [ -8.601582, 42.600801499000056 ], [ -8.59227031599994, 42.599024457000041 ], [ -8.585714521999932, 42.610573350000038 ], [ -8.576923139999963, 42.607762779000041 ], [ -8.56699746399994, 42.61232491800007 ], [ -8.557492533999948, 42.604114211000081 ], [ -8.55025341299995, 42.60450515000008 ], [ -8.544928874999925, 42.601215146000072 ], [ -8.541520786999968, 42.595457217000046 ], [ -8.543313, 42.588660999000069 ], [ -8.558919172999936, 42.582313989000056 ], [ -8.563477492999937, 42.573167817000069 ], [ -8.563763735999942, 42.567610884000032 ], [ -8.558098555999948, 42.56030562400008 ], [ -8.562044182999955, 42.547835297000063 ], [ -8.568416734999971, 42.541728663000072 ], [ -8.567867170999932, 42.531184839000048 ], [ -8.576129191999939, 42.523537900000065 ], [ -8.597053499999959, 42.512603999000078 ] ] ] } },
{ "type": "Feature", "properties": { "code": "36033", "name": "Mos" }, "geometry": { "type": "Polygon", "coordinates": [ [ [ -8.594962, 42.24289649900004 ], [ -8.577898643999958, 42.239511943000025 ], [ -8.568558, 42.241091499000049 ], [ -8.567418625999949, 42.222709267000027 ], [ -8.572637153999949, 42.216133882000065 ], [ -8.572436423999932, 42.209098589000064 ], [ -8.582774130999951, 42.197017286000062 ], [ -8.588142499999947, 42.178779499000029 ], [ -8.599379124999928, 42.178519422000079 ], [ -8.614180556999941, 42.182648734000054 ], [ -8.61297456099993, 42.173326573000054 ], [ -8.620157320999965, 42.165680319000046 ], [ -8.63382084999995, 42.161650020000025 ], [ -8.644598536999979, 42.162343342000042 ], [ -8.667724611999972, 42.151329167000029 ], [ -8.669641399999932, 42.14799696700004 ], [ -8.667438164999965, 42.141968503000044 ], [ -8.672562733999939, 42.136182375000033 ], [ -8.690613, 42.138351499000066 ], [ -8.672450166999965, 42.153501199000061 ], [ -8.675644615999943, 42.169201189000034 ], [ -8.669001151999964, 42.180171757000039 ], [ -8.665439626999955, 42.20597613800004 ], [ -8.633795823999947, 42.221721942000045 ], [ -8.626985499999932, 42.230815999000072 ], [ -8.611798738999937, 42.230430349000073 ], [ -8.606513523999979, 42.241828533000046 ], [ -8.594962, 42.24289649900004 ] ] ] } },
{ "type": "Feature", "properties": { "code": "36034", "name": "Neves, As" }, "geometry": { "type": "Polygon", "coordinates": [ [ [ -8.423228, 42.159614499000043 ], [ -8.421928499999979, 42.163608499000077 ], [ -8.413768251999954, 42.162871902000063 ], [ -8.392849, 42.168727999000055 ], [ -8.372401539999942, 42.173046803000034 ], [ -8.351407, 42.152618999000026 ], [ -8.356422819999977, 42.137017194000066 ], [ -8.352971343999968, 42.125054267000053 ], [ -8.357233353999959, 42.114953884000045 ], [ -8.370857329999978, 42.098170445000051 ], [ -8.369969499999968, 42.089019499000074 ], [ -8.380029, 42.07811749900003 ], [ -8.388987573999941, 42.076052374000028 ], [ -8.391662499999939, 42.078174499000056 ], [ -8.40391225299993, 42.080247842000063 ], [ -8.421524, 42.072883499000056 ], [ -8.428253499999926, 42.072253999000054 ], [ -8.432065, 42.073592999000027 ], [ -8.434376, 42.077438499000039 ], [ -8.440616499999976, 42.082019999000067 ], [ -8.453901499999972, 42.08290099900006 ], [ -8.453899760999946, 42.095706610000036 ], [ -8.440088076999928, 42.106449757000064 ], [ -8.434047491999934, 42.118553276000057 ], [ -8.442924471999959, 42.124056901000074 ], [ -8.445207366999966, 42.143491203000053 ], [ -8.451814294999963, 42.145242081000049 ], [ -8.453481, 42.151343999000062 ], [ -8.441896499999928, 42.150436499000079 ], [ -8.420399185999941, 42.14477961700004 ], [ -8.424971419999963, 42.154822899000067 ], [ -8.423228, 42.159614499000043 ] ] ] } },
{ "type": "Feature", "properties": { "code": "36035", "name": "Nigrán" }, "geometry": { "type": "MultiPolygon", "coordinates": [ [ [ [ -8.811933, 42.115245999000081 ], [ -8.8243, 42.119056499000067 ], [ -8.826115840999933, 42.122389738000038 ], [ -8.819034921999958, 42.131346406000034 ], [ -8.820134693999933, 42.140331222000043 ], [ -8.830255020999971, 42.147735022000063 ], [ -8.846834400999967, 42.149162274000048 ], [ -8.849090266999951, 42.154220948000045 ], [ -8.841242904999945, 42.157934055000055 ], [ -8.83166984099995, 42.153637349000064 ], [ -8.826011782999956, 42.154543419000049 ], [ -8.820846026999959, 42.158246084000041 ], [ -8.818072499999971, 42.165279499000064 ], [ -8.790294606999964, 42.16709107500003 ], [ -8.757657622999943, 42.173343489000047 ], [ -8.73773, 42.166080499000032 ], [ -8.745499742999925, 42.158960432000072 ], [ -8.760192488999962, 42.130264061000048 ], [ -8.771570761999953, 42.124892214000056 ], [ -8.779435106999927, 42.112724816000025 ], [ -8.796905822999975, 42.111965609000038 ], [ -8.811933, 42.115245999000081 ] ] ], [ [ [ -8.854882650999969, 42.143586040000059 ], [ -8.858492316999957, 42.145538525000063 ], [ -8.858746322999934, 42.148907915000052 ], [ -8.853131661999953, 42.147144058000038 ], [ -8.852532335999967, 42.145154260000027 ], [ -8.854882650999969, 42.143586040000059 ] ] ], [ [ [ -8.861376458999928, 42.144671105000043 ], [ -8.866911828999946, 42.144089848000078 ], [ -8.868357845999981, 42.147863428000051 ], [ -8.863291190999973, 42.148213709000061 ], [ -8.861376458999928, 42.144671105000043 ] ] ] ] } },
{ "type": "Feature", "properties": { "code": "36036", "name": "Oia" }, "geometry": { "type": "Polygon", "coordinates": [ [ [ -8.805558, 41.964973499000052 ], [ -8.824058714999978, 41.966024255000036 ], [ -8.858629029999975, 41.973972373000038 ], [ -8.866781164999963, 41.972786524000071 ], [ -8.874226698999962, 41.967514444000074 ], [ -8.881734087999973, 41.967550841000048 ], [ -8.884749499999941, 41.961295999000072 ], [ -8.886206861999938, 41.986817643000052 ], [ -8.883664618999944, 41.995420633000037 ], [ -8.878143923999971, 42.00180393200003 ], [ -8.88679600699993, 42.014557038000078 ], [ -8.887648831999968, 42.026413598000033 ], [ -8.88340586299995, 42.031901159000029 ], [ -8.88310323099995, 42.038271209000072 ], [ -8.887059424999961, 42.043068755000036 ], [ -8.886030299999959, 42.050016191000054 ], [ -8.894948965999959, 42.067053800000053 ], [ -8.892293461999941, 42.084851958000058 ], [ -8.895067940999979, 42.098878480000053 ], [ -8.898766499999965, 42.103591999000059 ], [ -8.888433031999966, 42.100505029000033 ], [ -8.884871460999932, 42.089725446000045 ], [ -8.877422229999979, 42.083707980000042 ], [ -8.875581918999956, 42.076638006000053 ], [ -8.850512166999977, 42.077698033000047 ], [ -8.833213348999948, 42.071323747000065 ], [ -8.832435305999979, 42.056330855000056 ], [ -8.828402952999966, 42.049639049000064 ], [ -8.821575717999963, 42.04926613400005 ], [ -8.810007, 42.055030999000053 ], [ -8.808583793999958, 42.037415268000075 ], [ -8.78817812099993, 42.016540666000026 ], [ -8.784842068999978, 42.006573975000038 ], [ -8.786185807999971, 41.999764890000051 ], [ -8.805558, 41.964973499000052 ] ] ] } },
{ "type": "Feature", "properties": { "code": "36037", "name": "Pazos de Borbén" }, "geometry": { "type": "Polygon", "coordinates": [ [ [ -8.523771499999953, 42.330455999000037 ], [ -8.487215429999935, 42.323431213000049 ], [ -8.482756499999937, 42.289672999000061 ], [ -8.492976192999947, 42.286114195000039 ], [ -8.505052656999965, 42.271699481000041 ], [ -8.516195499999981, 42.266807499000038 ], [ -8.518936, 42.263652999000044 ], [ -8.524770499999931, 42.259967499000027 ], [ -8.526513, 42.256198999000048 ], [ -8.531253, 42.255538999000066 ], [ -8.537906499999963, 42.256080499000063 ], [ -8.546516499999939, 42.25435999900003 ], [ -8.562205499999948, 42.247176999000033 ], [ -8.566244, 42.244174999000052 ], [ -8.568558, 42.241091499000049 ], [ -8.577898643999958, 42.239511943000025 ], [ -8.594962, 42.24289649900004 ], [ -8.590841677999947, 42.264260540000066 ], [ -8.577018979999934, 42.270185414000025 ], [ -8.565480124999965, 42.280621101000065 ], [ -8.565672, 42.306938499000069 ], [ -8.55412729699998, 42.313749967000035 ], [ -8.539252203999979, 42.317222077000054 ], [ -8.523771499999953, 42.330455999000037 ] ] ] } },
{ "type": "Feature", "properties": { "code": "36038", "name": "Pontevedra" }, "geometry": { "type": "Polygon", "coordinates": [ [ [ -8.611899499999936, 42.345569499000078 ], [ -8.617367, 42.349307999000075 ], [ -8.620559385999968, 42.371270322000044 ], [ -8.608658773999935, 42.388036757000066 ], [ -8.609635054999956, 42.392549527000028 ], [ -8.627753481999946, 42.394901563000076 ], [ -8.63774899799995, 42.39333175400003 ], [ -8.650013783999952, 42.38463239400005 ], [ -8.667686499999945, 42.377628499000025 ], [ -8.67398026199993, 42.387380247000067 ], [ -8.692725, 42.399112999000067 ], [ -8.666493531999947, 42.420007117000068 ], [ -8.656335885999965, 42.424394388000053 ], [ -8.650982888999977, 42.442684498000062 ], [ -8.660148032999928, 42.446718673000078 ], [ -8.673307881999961, 42.463200980000067 ], [ -8.691393335999976, 42.473727429000064 ], [ -8.692786499999954, 42.478858999000067 ], [ -8.658879094999975, 42.494757207000077 ], [ -8.636675283999978, 42.498579973000062 ], [ -8.629083313999956, 42.503179192000061 ], [ -8.623582442999975, 42.511179837000043 ], [ -8.597053499999959, 42.512603999000078 ], [ -8.584888319999948, 42.510232586000029 ], [ -8.577283684999941, 42.488130432000048 ], [ -8.569341, 42.487098999000068 ], [ -8.563632703999929, 42.472003819000065 ], [ -8.568350734999967, 42.462251775000027 ], [ -8.574214139999981, 42.458803383000031 ], [ -8.578196392999928, 42.448527498000033 ], [ -8.569917474999954, 42.438159435000046 ], [ -8.562474637999969, 42.435471347000032 ], [ -8.558089688999928, 42.429770551000047 ], [ -8.555058499999973, 42.430423999000027 ], [ -8.560029031999932, 42.423196469000061 ], [ -8.582098918999975, 42.411872287000051 ], [ -8.594145233999939, 42.394347328000038 ], [ -8.584980903999963, 42.379930347000027 ], [ -8.569544, 42.37033449900008 ], [ -8.584829919999947, 42.344510297000056 ], [ -8.611899499999936, 42.345569499000078 ] ] ] } },
{ "type": "Feature", "properties": { "code": "36039", "name": "Porriño, O" }, "geometry": { "type": "Polygon", "coordinates": [ [ [ -8.578627499999925, 42.148135999000033 ], [ -8.580690499999946, 42.139234499000054 ], [ -8.580742, 42.134465999000042 ], [ -8.578915499999937, 42.128553499000077 ], [ -8.58039, 42.124032999000065 ], [ -8.580995499999972, 42.115758999000036 ], [ -8.583633499999962, 42.108365999000057 ], [ -8.583431, 42.105268499000033 ], [ -8.586109, 42.099988999000061 ], [ -8.590843, 42.10076699900003 ], [ -8.601524499999925, 42.099622999000076 ], [ -8.606153499999948, 42.101655999000059 ], [ -8.613486, 42.100656499000081 ], [ -8.624372499999936, 42.094179499000063 ], [ -8.625369, 42.091798999000048 ], [ -8.635072499999978, 42.088224499000034 ], [ -8.632447996999929, 42.093848482000055 ], [ -8.638234132999969, 42.100750879000032 ], [ -8.634824477999928, 42.11109463400004 ], [ -8.636418527999979, 42.112875571000075 ], [ -8.652135638999937, 42.10853293200006 ], [ -8.667372081999929, 42.108111428000029 ], [ -8.679660819999981, 42.100971395000045 ], [ -8.67804549799996, 42.095454491000055 ], [ -8.684636, 42.090984499000058 ], [ -8.688481483999965, 42.097572753000065 ], [ -8.691407163999941, 42.117383036000035 ], [ -8.697252388999971, 42.127204604000042 ], [ -8.696865, 42.132434999000054 ], [ -8.690613, 42.138351499000066 ], [ -8.672562733999939, 42.136182375000033 ], [ -8.667438164999965, 42.141968503000044 ], [ -8.669641399999932, 42.14799696700004 ], [ -8.667724611999972, 42.151329167000029 ], [ -8.644598536999979, 42.162343342000042 ], [ -8.63382084999995, 42.161650020000025 ], [ -8.620157320999965, 42.165680319000046 ], [ -8.61297456099993, 42.173326573000054 ], [ -8.614180556999941, 42.182648734000054 ], [ -8.599379124999928, 42.178519422000079 ], [ -8.588142499999947, 42.178779499000029 ], [ -8.581762844999957, 42.169387700000073 ], [ -8.578627499999925, 42.148135999000033 ] ] ] } },
{ "type": "Feature", "properties": { "code": "36040", "name": "Portas" }, "geometry": { "type": "Polygon", "coordinates": [ [ [ -8.703044, 42.567798499000048 ], [ -8.695755732999942, 42.573404390000064 ], [ -8.693440904999932, 42.583697420000078 ], [ -8.688085881999939, 42.58553461200006 ], [ -8.678981970999928, 42.583649759000025 ], [ -8.674918802999969, 42.587402819000033 ], [ -8.674514930999976, 42.592288448000033 ], [ -8.660632315999976, 42.597339736000038 ], [ -8.648633060999941, 42.584567174000028 ], [ -8.646786659999975, 42.567836397000065 ], [ -8.628300960999979, 42.567449156000066 ], [ -8.618744499999934, 42.573149499000067 ], [ -8.61724049999998, 42.563893999000072 ], [ -8.627315279999948, 42.561830077000025 ], [ -8.634230645999935, 42.556136546000062 ], [ -8.647144314999935, 42.558694097000057 ], [ -8.661632778999945, 42.555927902000064 ], [ -8.672610499999962, 42.536059499000032 ], [ -8.678033, 42.534335999000064 ], [ -8.680574499999977, 42.534606999000061 ], [ -8.689935499999933, 42.530196999000054 ], [ -8.693477499999972, 42.530715999000051 ], [ -8.700777, 42.53510299900006 ], [ -8.700816, 42.537944999000047 ], [ -8.698522499999967, 42.542808499000046 ], [ -8.693270499999926, 42.547698999000033 ], [ -8.690168, 42.555053499000053 ], [ -8.687633499999947, 42.55787299900004 ], [ -8.703044, 42.567798499000048 ] ] ] } },
{ "type": "Feature", "properties": { "code": "36041", "name": "Poio" }, "geometry": { "type": "Polygon", "coordinates": [ [ [ -8.74933649999997, 42.439693999000042 ], [ -8.743380499999944, 42.436382499000047 ], [ -8.736193, 42.438705499000037 ], [ -8.734649499999932, 42.441764499000044 ], [ -8.727916, 42.448547499000028 ], [ -8.725348499999939, 42.457283499000027 ], [ -8.709905499999934, 42.467384499000048 ], [ -8.706166, 42.474799499000028 ], [ -8.700844, 42.481891499000028 ], [ -8.69318949999996, 42.479724999000041 ], [ -8.691393335999976, 42.473727429000064 ], [ -8.673307881999961, 42.463200980000067 ], [ -8.660148032999928, 42.446718673000078 ], [ -8.650982888999977, 42.442684498000062 ], [ -8.654393, 42.431834999000046 ], [ -8.657484296999939, 42.426096107000035 ], [ -8.680194981999932, 42.42095895600005 ], [ -8.684313519999932, 42.423679648000075 ], [ -8.690738206999981, 42.439004131000047 ], [ -8.703128758999981, 42.433082487000036 ], [ -8.713589616999968, 42.422310277000065 ], [ -8.740507108999964, 42.413208543000053 ], [ -8.74953738499994, 42.403450900000053 ], [ -8.758029, 42.401744499000074 ], [ -8.759493, 42.403526499000066 ], [ -8.759957, 42.406497999000067 ], [ -8.758156499999927, 42.412532999000064 ], [ -8.758165499999961, 42.419894999000064 ], [ -8.74933649999997, 42.439693999000042 ] ] ] } },
{ "type": "Feature", "properties": { "code": "36042", "name": "Ponteareas" }, "geometry": { "type": "Polygon", "coordinates": [ [ [ -8.468995, 42.210643999000069 ], [ -8.472415424999951, 42.20448736700007 ], [ -8.458804236999981, 42.194554332000052 ], [ -8.445751866999956, 42.197836689000042 ], [ -8.439223851999941, 42.206393818000038 ], [ -8.427217655999925, 42.189794358000029 ], [ -8.416363, 42.183982999000079 ], [ -8.415914, 42.179062499000054 ], [ -8.41713249999998, 42.173347499000045 ], [ -8.420657, 42.166732499000034 ], [ -8.423228, 42.159614499000043 ], [ -8.439951443999973, 42.163092618000064 ], [ -8.441896499999928, 42.150436499000079 ], [ -8.453481, 42.151343999000062 ], [ -8.456085600999927, 42.160897685000066 ], [ -8.467513440999937, 42.161642882000081 ], [ -8.474509392999948, 42.157826731000057 ], [ -8.472188465999977, 42.140775193000025 ], [ -8.486281039999938, 42.145664503000035 ], [ -8.504536265999945, 42.139649258000077 ], [ -8.509042354999963, 42.125685594000061 ], [ -8.505028394999954, 42.117855535000047 ], [ -8.506169864999947, 42.110864738000032 ], [ -8.520987296999976, 42.113461034000068 ], [ -8.535960499999931, 42.12126549900006 ], [ -8.537073992999979, 42.126374540000029 ], [ -8.566074378999929, 42.147072182000045 ], [ -8.578627499999925, 42.148135999000033 ], [ -8.581762844999957, 42.169387700000073 ], [ -8.588142499999947, 42.178779499000029 ], [ -8.582774130999951, 42.197017286000062 ], [ -8.572436423999932, 42.209098589000064 ], [ -8.572637153999949, 42.216133882000065 ], [ -8.567418625999949, 42.222709267000027 ], [ -8.568558, 42.241091499000049 ], [ -8.566244, 42.244174999000052 ], [ -8.562205499999948, 42.247176999000033 ], [ -8.546516499999939, 42.25435999900003 ], [ -8.537906499999963, 42.256080499000063 ], [ -8.531253, 42.255538999000066 ], [ -8.526513, 42.256198999000048 ], [ -8.524770499999931, 42.259967499000027 ], [ -8.518936, 42.263652999000044 ], [ -8.516195499999981, 42.266807499000038 ], [ -8.506367029999979, 42.247244588000058 ], [ -8.49987269899998, 42.241714237000053 ], [ -8.50328099099994, 42.23308664700005 ], [ -8.493947936999973, 42.227319808000061 ], [ -8.485223499999961, 42.227153999000052 ], [ -8.483994, 42.224403499000061 ], [ -8.478842, 42.219031999000038 ], [ -8.474742, 42.215472999000042 ], [ -8.472952, 42.215388999000027 ], [ -8.472297499999968, 42.213699499000029 ], [ -8.468995, 42.210643999000069 ] ] ] } },
{ "type": "Feature", "properties": { "code": "36043", "name": "Ponte Caldelas" }, "geometry": { "type": "Polygon", "coordinates": [ [ [ -8.555058499999973, 42.430423999000027 ], [ -8.531842987999937, 42.429374223000025 ], [ -8.519525021999925, 42.423967038000058 ], [ -8.494053902999951, 42.42519126600007 ], [ -8.484500185999934, 42.418101686000057 ], [ -8.462688499999956, 42.412364999000033 ], [ -8.461960383999951, 42.402862637000055 ], [ -8.45592886299994, 42.389886760000024 ], [ -8.441441997999959, 42.382536513000048 ], [ -8.442942923999965, 42.373502790000032 ], [ -8.432899965999979, 42.366284676000078 ], [ -8.436336499999982, 42.359996999000032 ], [ -8.456410147999975, 42.363118160000056 ], [ -8.459903330999964, 42.360481132000075 ], [ -8.462055881999959, 42.352004154000042 ], [ -8.479527269999949, 42.339812349000056 ], [ -8.491762019999953, 42.346848627000043 ], [ -8.508682090999969, 42.34708142900007 ], [ -8.523743499999966, 42.341205499000068 ], [ -8.530150011999979, 42.337762068000075 ], [ -8.539713544999927, 42.342370097000071 ], [ -8.54776544799995, 42.340800993000073 ], [ -8.558269505999931, 42.362695989000031 ], [ -8.584980903999963, 42.379930347000027 ], [ -8.594145233999939, 42.394347328000038 ], [ -8.582098918999975, 42.411872287000051 ], [ -8.560029031999932, 42.423196469000061 ], [ -8.555058499999973, 42.430423999000027 ] ] ] } },
{ "type": "Feature", "properties": { "code": "36044", "name": "Pontecesures" }, "geometry": { "type": "Polygon", "coordinates": [ [ [ -8.604476, 42.708747999000025 ], [ -8.616439028999935, 42.705268138000065 ], [ -8.627320399999974, 42.708966648000057 ], [ -8.651178349999952, 42.705854671000054 ], [ -8.664856, 42.71966549900003 ], [ -8.655866126999967, 42.720906322000076 ], [ -8.651132157999939, 42.728144525000062 ], [ -8.625448392999942, 42.716527223000071 ], [ -8.617399705999958, 42.718101706000027 ], [ -8.606578, 42.715125999000065 ], [ -8.604369, 42.714179499000068 ], [ -8.604476, 42.708747999000025 ] ] ] } },
{ "type": "Feature", "properties": { "code": "36045", "name": "Redondela" }, "geometry": { "type": "Polygon", "coordinates": [ [ [ -8.626985499999932, 42.230815999000072 ], [ -8.641983076999963, 42.249343733000046 ], [ -8.653775454999959, 42.253746407000051 ], [ -8.667268346999947, 42.251337775000025 ], [ -8.676560913999936, 42.260319707000065 ], [ -8.677094499999953, 42.264342999000064 ], [ -8.666995085999929, 42.279099483000039 ], [ -8.650188424999953, 42.288045392000072 ], [ -8.631628048999971, 42.285926493000034 ], [ -8.619528274999936, 42.288670503000048 ], [ -8.61565974399997, 42.299467794000066 ], [ -8.62115638299997, 42.310491563000028 ], [ -8.614683, 42.329841499000054 ], [ -8.592141648999927, 42.327267196000037 ], [ -8.586835082999926, 42.320827417000032 ], [ -8.565672, 42.306938499000069 ], [ -8.565480124999965, 42.280621101000065 ], [ -8.577018979999934, 42.270185414000025 ], [ -8.590841677999947, 42.264260540000066 ], [ -8.594962, 42.24289649900004 ], [ -8.606513523999979, 42.241828533000046 ], [ -8.611798738999937, 42.230430349000073 ], [ -8.626985499999932, 42.230815999000072 ] ] ] } },
{ "type": "Feature", "properties": { "code": "36046", "name": "Ribadumia" }, "geometry": { "type": "Polygon", "coordinates": [ [ [ -8.756113, 42.53446199900003 ], [ -8.741941753999981, 42.537317293000058 ], [ -8.734475, 42.546043499000064 ], [ -8.72702798399996, 42.544847613000059 ], [ -8.712744800999928, 42.532245398000043 ], [ -8.719449658999963, 42.52891167000007 ], [ -8.73356175899994, 42.512003426000035 ], [ -8.758525515999963, 42.501114831000052 ], [ -8.768314499999974, 42.479392999000027 ], [ -8.773550899999975, 42.483445050000057 ], [ -8.798106, 42.486301499000035 ], [ -8.799938759999975, 42.497507241000051 ], [ -8.80622, 42.501662999000075 ], [ -8.795003170999962, 42.505313801000057 ], [ -8.785807786999953, 42.501204968000025 ], [ -8.77791992799996, 42.502467497000055 ], [ -8.775570702999971, 42.512717092000059 ], [ -8.780799849999937, 42.523638524000035 ], [ -8.76379484499995, 42.521111218000044 ], [ -8.759598683999968, 42.52470667700004 ], [ -8.756113, 42.53446199900003 ] ] ] } },
{ "type": "Feature", "properties": { "code": "36047", "name": "Rodeiro" }, "geometry": { "type": "Polygon", "coordinates": [ [ [ -7.964853499999947, 42.566593499000078 ], [ -7.971290937999981, 42.573716137000076 ], [ -7.990449560999934, 42.574949930000059 ], [ -7.998605983999937, 42.580457197000044 ], [ -7.999466495999968, 42.589879440000061 ], [ -7.989299923999965, 42.598713009000051 ], [ -7.995670924999956, 42.608008760000075 ], [ -8.010451831999944, 42.613752907000048 ], [ -8.01216167299998, 42.618146125000067 ], [ -8.006928572999925, 42.625058181000043 ], [ -8.008351, 42.627396999000041 ], [ -7.996409393999954, 42.635383770000033 ], [ -7.993592142999944, 42.640749009000046 ], [ -7.994840764999935, 42.646289869000043 ], [ -7.989014257999941, 42.653991782000048 ], [ -7.997415757999931, 42.669281922000039 ], [ -7.99331562499998, 42.674885208000035 ], [ -7.998468266999964, 42.68224736600007 ], [ -8.00828757499994, 42.68293787500005 ], [ -8.024801576999948, 42.671663628000033 ], [ -8.035605484999962, 42.684487679000028 ], [ -8.01171949999997, 42.701537999000038 ], [ -8.006743168999947, 42.700757994000071 ], [ -8.000550744999941, 42.705719972000054 ], [ -7.994426130999955, 42.706346979000045 ], [ -7.990178886999956, 42.713242587000025 ], [ -7.961384216999932, 42.732782403000044 ], [ -7.94023240599995, 42.735726262000071 ], [ -7.935328, 42.739712499000063 ], [ -7.924633, 42.735587999000074 ], [ -7.91806349999996, 42.734214499000075 ], [ -7.911244499999952, 42.734634499000038 ], [ -7.902189499999963, 42.733321999000054 ], [ -7.899289499999952, 42.731700999000054 ], [ -7.897434, 42.731708499000035 ], [ -7.894425499999954, 42.729190999000025 ], [ -7.88853649999993, 42.726344999000048 ], [ -7.872826, 42.720191999000065 ], [ -7.866350499999953, 42.720603999000048 ], [ -7.862366862999977, 42.705186169000058 ], [ -7.866672641999969, 42.699284424000041 ], [ -7.874325856999974, 42.697896121000042 ], [ -7.87472, 42.68954099900003 ], [ -7.887226305999945, 42.68589144300006 ], [ -7.892015758999946, 42.67730285600004 ], [ -7.887976935999973, 42.661334182000076 ], [ -7.892940169999974, 42.630191137000054 ], [ -7.912534961999938, 42.599644167000065 ], [ -7.91475048999996, 42.589383902000066 ], [ -7.930711, 42.578574499000069 ], [ -7.944449, 42.573924999000042 ], [ -7.949210499999936, 42.570846499000027 ], [ -7.957448499999941, 42.569354999000041 ], [ -7.961187499999937, 42.567203499000072 ], [ -7.964853499999947, 42.566593499000078 ] ] ] } },
{ "type": "Feature", "properties": { "code": "36048", "name": "Rosal, O" }, "geometry": { "type": "Polygon", "coordinates": [ [ [ -8.885959, 41.94160849900004 ], [ -8.884749499999941, 41.961295999000072 ], [ -8.881734087999973, 41.967550841000048 ], [ -8.874226698999962, 41.967514444000074 ], [ -8.866781164999963, 41.972786524000071 ], [ -8.858629029999975, 41.973972373000038 ], [ -8.824058714999978, 41.966024255000036 ], [ -8.805558, 41.964973499000052 ], [ -8.809699599999931, 41.948500851000063 ], [ -8.777277294999976, 41.939415516000054 ], [ -8.772150572999976, 41.934111306000034 ], [ -8.773417499999937, 41.925933999000051 ], [ -8.782809499999928, 41.919688999000073 ], [ -8.801975499999969, 41.912029499000027 ], [ -8.818515, 41.906516999000075 ], [ -8.830433, 41.900706999000079 ], [ -8.841001484999936, 41.920102077000081 ], [ -8.870441640999957, 41.924303756000029 ], [ -8.878138898999964, 41.937706204000051 ], [ -8.885959, 41.94160849900004 ] ] ] } },
{ "type": "Feature", "properties": { "code": "36049", "name": "Salceda de Caselas" }, "geometry": { "type": "Polygon", "coordinates": [ [ [ -8.535960499999931, 42.12126549900006 ], [ -8.540788008999925, 42.102752242000065 ], [ -8.546324635999952, 42.100969789000033 ], [ -8.549189325999976, 42.096042708000027 ], [ -8.547667288999946, 42.079349579000052 ], [ -8.552871499999981, 42.064761999000041 ], [ -8.571826, 42.067930499000056 ], [ -8.576265499999977, 42.074750999000059 ], [ -8.585812499999975, 42.070375499000079 ], [ -8.593558, 42.06489749900004 ], [ -8.613628499999948, 42.073011499000074 ], [ -8.608151499999963, 42.083497999000031 ], [ -8.620883, 42.083593499000074 ], [ -8.635072499999978, 42.088224499000034 ], [ -8.625369, 42.091798999000048 ], [ -8.624372499999936, 42.094179499000063 ], [ -8.613486, 42.100656499000081 ], [ -8.606153499999948, 42.101655999000059 ], [ -8.601524499999925, 42.099622999000076 ], [ -8.590843, 42.10076699900003 ], [ -8.586109, 42.099988999000061 ], [ -8.583431, 42.105268499000033 ], [ -8.583633499999962, 42.108365999000057 ], [ -8.580995499999972, 42.115758999000036 ], [ -8.58039, 42.124032999000065 ], [ -8.578915499999937, 42.128553499000077 ], [ -8.580742, 42.134465999000042 ], [ -8.580690499999946, 42.139234499000054 ], [ -8.578627499999925, 42.148135999000033 ], [ -8.566074378999929, 42.147072182000045 ], [ -8.537073992999979, 42.126374540000029 ], [ -8.535960499999931, 42.12126549900006 ] ] ] } },
{ "type": "Feature", "properties": { "code": "36050", "name": "Salvaterra de Miño" }, "geometry": { "type": "MultiPolygon", "coordinates": [ [ [ [ -8.421928499999979, 42.163608499000077 ], [ -8.41713249999998, 42.173347499000045 ], [ -8.415914, 42.179062499000054 ], [ -8.416363, 42.183982999000079 ], [ -8.407646, 42.183719499000063 ], [ -8.404277, 42.181823999000073 ], [ -8.390041499999938, 42.177680999000074 ], [ -8.394753928999933, 42.17424442500004 ], [ -8.392849, 42.168727999000055 ], [ -8.413768251999954, 42.162871902000063 ], [ -8.421928499999979, 42.163608499000077 ] ] ], [ [ [ -8.441896499999928, 42.150436499000079 ], [ -8.439951443999973, 42.163092618000064 ], [ -8.423228, 42.159614499000043 ], [ -8.424971419999963, 42.154822899000067 ], [ -8.420399185999941, 42.14477961700004 ], [ -8.441896499999928, 42.150436499000079 ] ] ], [ [ [ -8.453901499999972, 42.08290099900006 ], [ -8.526675252999951, 42.077296372000035 ], [ -8.527033499999959, 42.063543499000048 ], [ -8.546941499999946, 42.054504499000075 ], [ -8.555231, 42.052924999000027 ], [ -8.556502982999973, 42.057235012000035 ], [ -8.552871499999981, 42.064761999000041 ], [ -8.547667288999946, 42.079349579000052 ], [ -8.549189325999976, 42.096042708000027 ], [ -8.546324635999952, 42.100969789000033 ], [ -8.540788008999925, 42.102752242000065 ], [ -8.535960499999931, 42.12126549900006 ], [ -8.520987296999976, 42.113461034000068 ], [ -8.506169864999947, 42.110864738000032 ], [ -8.505028394999954, 42.117855535000047 ], [ -8.509042354999963, 42.125685594000061 ], [ -8.504536265999945, 42.139649258000077 ], [ -8.486281039999938, 42.145664503000035 ], [ -8.472188465999977, 42.140775193000025 ], [ -8.474509392999948, 42.157826731000057 ], [ -8.467513440999937, 42.161642882000081 ], [ -8.456085600999927, 42.160897685000066 ], [ -8.451814294999963, 42.145242081000049 ], [ -8.445207366999966, 42.143491203000053 ], [ -8.442924471999959, 42.124056901000074 ], [ -8.434047491999934, 42.118553276000057 ], [ -8.440088076999928, 42.106449757000064 ], [ -8.453899760999946, 42.095706610000036 ], [ -8.453901499999972, 42.08290099900006 ] ] ] ] } },
{ "type": "Feature", "properties": { "code": "36051", "name": "Sanxenxo" }, "geometry": { "type": "MultiPolygon", "coordinates": [ [ [ [ -8.758029, 42.401744499000074 ], [ -8.760474536999936, 42.396284707000063 ], [ -8.769930152999962, 42.393715457000042 ], [ -8.774708831999931, 42.388514325000074 ], [ -8.781933135999964, 42.395094319000066 ], [ -8.800335613999948, 42.400178252000046 ], [ -8.813725338999973, 42.400313451000045 ], [ -8.822092639999937, 42.397280441000078 ], [ -8.827174892999949, 42.387927097000045 ], [ -8.839784422999969, 42.384965109000063 ], [ -8.849244548999934, 42.396234255000024 ], [ -8.858421341999929, 42.398281362000034 ], [ -8.865676743999927, 42.410895769000035 ], [ -8.88010947999993, 42.415359284000033 ], [ -8.880030647999945, 42.422440523000034 ], [ -8.876394330999972, 42.42516207500006 ], [ -8.877258616999939, 42.429648210000039 ], [ -8.868981499999961, 42.447997999000052 ], [ -8.858231567999951, 42.451507498000069 ], [ -8.848309007999944, 42.459850417000041 ], [ -8.841955360999975, 42.455836970000064 ], [ -8.839284674999931, 42.459907147000081 ], [ -8.830817077999939, 42.45855842800006 ], [ -8.823374499999943, 42.453059999000061 ], [ -8.817170051999938, 42.435191395000061 ], [ -8.801825422999968, 42.436480213000038 ], [ -8.798533451999958, 42.429669116000071 ], [ -8.786348207999936, 42.418239831000051 ], [ -8.758165499999961, 42.419894999000064 ], [ -8.758156499999927, 42.412532999000064 ], [ -8.759957, 42.406497999000067 ], [ -8.759493, 42.403526499000066 ], [ -8.758029, 42.401744499000074 ] ] ], [ [ [ -8.847446615999957, 42.464294366000047 ], [ -8.852028623999956, 42.462100939000038 ], [ -8.85312842299993, 42.465592005000076 ], [ -8.848511505999966, 42.468399036000051 ], [ -8.847446615999957, 42.464294366000047 ] ] ] ] } },
{ "type": "Feature", "properties": { "code": "36052", "name": "Silleda" }, "geometry": { "type": "Polygon", "coordinates": [ [ [ -8.263962499999934, 42.59623749900004 ], [ -8.266085603999954, 42.602138683000078 ], [ -8.264660133999939, 42.614192266000032 ], [ -8.273390907999953, 42.622074312000052 ], [ -8.272823714999959, 42.631431124000073 ], [ -8.279056689999948, 42.63939281200004 ], [ -8.277516430999981, 42.645110646000035 ], [ -8.30702925199995, 42.65311551800005 ], [ -8.321894128999929, 42.651111910000054 ], [ -8.329967117999956, 42.659871076000059 ], [ -8.344514425999932, 42.664443274000064 ], [ -8.350887499999942, 42.675010499000052 ], [ -8.341118121999955, 42.688707801000078 ], [ -8.351758143999973, 42.708363728000052 ], [ -8.351913615999933, 42.715319850000071 ], [ -8.340469045999953, 42.742620457000044 ], [ -8.335398580999936, 42.747576177000042 ], [ -8.355214406999949, 42.754940602000033 ], [ -8.362932855999929, 42.764155237000068 ], [ -8.368433666999977, 42.764289422000047 ], [ -8.368765450999945, 42.769806383000059 ], [ -8.357518, 42.780662499000073 ], [ -8.35338695799993, 42.779836415000034 ], [ -8.347765, 42.783881999000073 ], [ -8.339958635999949, 42.781878778000078 ], [ -8.332987095999954, 42.76921621300005 ], [ -8.319645580999975, 42.76178519900003 ], [ -8.31299555399994, 42.763215682000066 ], [ -8.299425904999964, 42.774226441000053 ], [ -8.285510538999972, 42.772002421000025 ], [ -8.281481683999971, 42.766462121000075 ], [ -8.272177385999953, 42.764615242000048 ], [ -8.269573239999943, 42.760412995000081 ], [ -8.259605419999957, 42.762254362000078 ], [ -8.256557762999932, 42.753514592000045 ], [ -8.235727075999932, 42.757399106000037 ], [ -8.228816907999942, 42.743649340000047 ], [ -8.230782839999961, 42.734718045000079 ], [ -8.221841083999948, 42.72413374100006 ], [ -8.21393, 42.723922999000081 ], [ -8.209417820999931, 42.720503931000053 ], [ -8.209807181999963, 42.714710211000067 ], [ -8.20600540099997, 42.710918416000027 ], [ -8.207378299999959, 42.695977562000053 ], [ -8.199354229999926, 42.68804414400006 ], [ -8.210970252999971, 42.677500184000053 ], [ -8.197904660999939, 42.660221396000054 ], [ -8.210106555999971, 42.647084904000053 ], [ -8.207194252999955, 42.640632527000037 ], [ -8.214750323999965, 42.636032341000032 ], [ -8.213351084999942, 42.633278583000049 ], [ -8.206235462999928, 42.63280590200003 ], [ -8.205669456999942, 42.628531690000045 ], [ -8.232257835999974, 42.598410084000079 ], [ -8.244952558999955, 42.596599299000047 ], [ -8.254767889999926, 42.590825290000055 ], [ -8.263962499999934, 42.59623749900004 ] ] ] } },
{ "type": "Feature", "properties": { "code": "36053", "name": "Soutomaior" }, "geometry": { "type": "Polygon", "coordinates": [ [ [ -8.523743499999966, 42.341205499000068 ], [ -8.521861636999972, 42.337348833000078 ], [ -8.523771499999953, 42.330455999000037 ], [ -8.539252203999979, 42.317222077000054 ], [ -8.55412729699998, 42.313749967000035 ], [ -8.565672, 42.306938499000069 ], [ -8.586835082999926, 42.320827417000032 ], [ -8.592141648999927, 42.327267196000037 ], [ -8.614683, 42.329841499000054 ], [ -8.611899499999936, 42.345569499000078 ], [ -8.584829919999947, 42.344510297000056 ], [ -8.569544, 42.37033449900008 ], [ -8.558269505999931, 42.362695989000031 ], [ -8.54776544799995, 42.340800993000073 ], [ -8.539713544999927, 42.342370097000071 ], [ -8.530150011999979, 42.337762068000075 ], [ -8.523743499999966, 42.341205499000068 ] ] ] } },
{ "type": "Feature", "properties": { "code": "36054", "name": "Tomiño" }, "geometry": { "type": "Polygon", "coordinates": [ [ [ -8.805558, 41.964973499000052 ], [ -8.786185807999971, 41.999764890000051 ], [ -8.784842068999978, 42.006573975000038 ], [ -8.78817812099993, 42.016540666000026 ], [ -8.808583793999958, 42.037415268000075 ], [ -8.810007, 42.055030999000053 ], [ -8.791625480999926, 42.064520944000037 ], [ -8.775602618999926, 42.066284430000053 ], [ -8.730631, 42.061233499000025 ], [ -8.717863130999945, 42.048510441000076 ], [ -8.71478015699995, 42.033311496000067 ], [ -8.706338352999978, 42.026948760000039 ], [ -8.696086106999928, 42.025153897000052 ], [ -8.68062082199998, 42.03556627100005 ], [ -8.674303110999972, 42.026392533000035 ], [ -8.658293, 42.02177049900007 ], [ -8.662165499999958, 42.003543999000044 ], [ -8.681896, 41.990123499000049 ], [ -8.73001, 41.973491499000033 ], [ -8.743483499999968, 41.965667499000062 ], [ -8.74728506799994, 41.959829900000045 ], [ -8.747714078999934, 41.94387813600008 ], [ -8.757166, 41.933501999000043 ], [ -8.773417499999937, 41.925933999000051 ], [ -8.772150572999976, 41.934111306000034 ], [ -8.777277294999976, 41.939415516000054 ], [ -8.809699599999931, 41.948500851000063 ], [ -8.805558, 41.964973499000052 ] ] ] } },
{ "type": "Feature", "properties": { "code": "36055", "name": "Tui" }, "geometry": { "type": "Polygon", "coordinates": [ [ [ -8.730631, 42.061233499000025 ], [ -8.726141344999974, 42.072813739000026 ], [ -8.711386502999972, 42.084822674000065 ], [ -8.697827373999928, 42.084227274000057 ], [ -8.684636, 42.090984499000058 ], [ -8.67804549799996, 42.095454491000055 ], [ -8.679660819999981, 42.100971395000045 ], [ -8.667372081999929, 42.108111428000029 ], [ -8.652135638999937, 42.10853293200006 ], [ -8.636418527999979, 42.112875571000075 ], [ -8.634824477999928, 42.11109463400004 ], [ -8.638234132999969, 42.100750879000032 ], [ -8.632447996999929, 42.093848482000055 ], [ -8.635072499999978, 42.088224499000034 ], [ -8.620883, 42.083593499000074 ], [ -8.608151499999963, 42.083497999000031 ], [ -8.613628499999948, 42.073011499000074 ], [ -8.593558, 42.06489749900004 ], [ -8.585812499999975, 42.070375499000079 ], [ -8.576265499999977, 42.074750999000059 ], [ -8.571826, 42.067930499000056 ], [ -8.552871499999981, 42.064761999000041 ], [ -8.556502982999973, 42.057235012000035 ], [ -8.555231, 42.052924999000027 ], [ -8.578262499999937, 42.052554999000051 ], [ -8.594418499999961, 42.055167999000048 ], [ -8.632681696999953, 42.048906374000069 ], [ -8.639416775999962, 42.045179006000069 ], [ -8.644899499999951, 42.037612999000032 ], [ -8.656282372999954, 42.031738063000034 ], [ -8.658293, 42.02177049900007 ], [ -8.674303110999972, 42.026392533000035 ], [ -8.68062082199998, 42.03556627100005 ], [ -8.696086106999928, 42.025153897000052 ], [ -8.706338352999978, 42.026948760000039 ], [ -8.71478015699995, 42.033311496000067 ], [ -8.717863130999945, 42.048510441000076 ], [ -8.730631, 42.061233499000025 ] ] ] } },
{ "type": "Feature", "properties": { "code": "36056", "name": "Valga" }, "geometry": { "type": "Polygon", "coordinates": [ [ [ -8.664856, 42.71966549900003 ], [ -8.651178349999952, 42.705854671000054 ], [ -8.627320399999974, 42.708966648000057 ], [ -8.616439028999935, 42.705268138000065 ], [ -8.604476, 42.708747999000025 ], [ -8.596383854999942, 42.705073060000075 ], [ -8.594356318999928, 42.701371921000032 ], [ -8.601533, 42.678115999000056 ], [ -8.613559499999951, 42.668758499000035 ], [ -8.62531650699998, 42.66791392500005 ], [ -8.637522084999944, 42.661265227000058 ], [ -8.659566154999936, 42.659032948000061 ], [ -8.665719, 42.66124699900007 ], [ -8.669983466999952, 42.669685068000035 ], [ -8.684460620999971, 42.678306803000055 ], [ -8.690398711999933, 42.687497604000043 ], [ -8.705641635999939, 42.690091541000072 ], [ -8.725707, 42.68765649900007 ], [ -8.726749499999926, 42.688251499000046 ], [ -8.725116499999956, 42.689334999000039 ], [ -8.723808722999934, 42.700136650000047 ], [ -8.718516578999981, 42.705465341000036 ], [ -8.679263216999971, 42.711730944000067 ], [ -8.671997, 42.718562999000028 ], [ -8.664856, 42.71966549900003 ] ] ] } },
{ "type": "Feature", "properties": { "code": "36057", "name": "Vigo" }, "geometry": { "type": "MultiPolygon", "coordinates": [ [ [ [ -8.690613, 42.138351499000066 ], [ -8.696865, 42.132434999000054 ], [ -8.704488326999979, 42.15482576900007 ], [ -8.716312827999957, 42.156265015000031 ], [ -8.73773, 42.166080499000032 ], [ -8.757657622999943, 42.173343489000047 ], [ -8.790294606999964, 42.16709107500003 ], [ -8.818072499999971, 42.165279499000064 ], [ -8.812881986999969, 42.181342921000066 ], [ -8.814350644999934, 42.188627710000048 ], [ -8.781257121999943, 42.203128161000052 ], [ -8.776776419999976, 42.211264207000056 ], [ -8.777406936999967, 42.218712855000035 ], [ -8.772642345999941, 42.223555282000063 ], [ -8.757731131999947, 42.224491560000047 ], [ -8.751898941999968, 42.229599016000066 ], [ -8.748686408999959, 42.226027923000061 ], [ -8.740092376999939, 42.227229253000075 ], [ -8.730565719999959, 42.24106236800003 ], [ -8.709644483999966, 42.243363618000046 ], [ -8.702569893999964, 42.259270919000073 ], [ -8.690450661999932, 42.257542545000035 ], [ -8.677094499999953, 42.264342999000064 ], [ -8.676560913999936, 42.260319707000065 ], [ -8.667268346999947, 42.251337775000025 ], [ -8.653775454999959, 42.253746407000051 ], [ -8.641983076999963, 42.249343733000046 ], [ -8.626985499999932, 42.230815999000072 ], [ -8.633795823999947, 42.221721942000045 ], [ -8.665439626999955, 42.20597613800004 ], [ -8.669001151999964, 42.180171757000039 ], [ -8.675644615999943, 42.169201189000034 ], [ -8.672450166999965, 42.153501199000061 ], [ -8.690613, 42.138351499000066 ] ] ], [ [ [ -8.798191925999959, 42.204249250000032 ], [ -8.799207055999943, 42.199893499000041 ], [ -8.803187869999931, 42.198421658000029 ], [ -8.806201385999941, 42.199811116000035 ], [ -8.798191925999959, 42.204249250000032 ] ] ], [ [ [ -8.907358784999929, 42.206658504000075 ], [ -8.89258209999997, 42.19679747400005 ], [ -8.890670560999979, 42.192266124000071 ], [ -8.911161506999974, 42.195277197000053 ], [ -8.912002438999934, 42.204298522000045 ], [ -8.907358784999929, 42.206658504000075 ] ] ], [ [ [ -8.912731015999952, 42.251312369000061 ], [ -8.903118183999936, 42.243872791000058 ], [ -8.896042817999955, 42.227532377000045 ], [ -8.901022013999977, 42.223940181000046 ], [ -8.900203056999942, 42.216540949000034 ], [ -8.913025909999931, 42.21129675800006 ], [ -8.91582679499993, 42.21491547200003 ], [ -8.909690764999937, 42.218760707000058 ], [ -8.906739294999966, 42.225027222000051 ], [ -8.907380099999955, 42.237469237000028 ], [ -8.917217403999928, 42.249635879000039 ], [ -8.912731015999952, 42.251312369000061 ] ] ] ] } },
{ "type": "Feature", "properties": { "code": "36058", "name": "Vilaboa" }, "geometry": { "type": "Polygon", "coordinates": [ [ [ -8.688778, 42.330569999000033 ], [ -8.689836674999981, 42.34519504900004 ], [ -8.677864816999943, 42.352643752000063 ], [ -8.667686499999945, 42.377628499000025 ], [ -8.650013783999952, 42.38463239400005 ], [ -8.63774899799995, 42.39333175400003 ], [ -8.627753481999946, 42.394901563000076 ], [ -8.609635054999956, 42.392549527000028 ], [ -8.608658773999935, 42.388036757000066 ], [ -8.620559385999968, 42.371270322000044 ], [ -8.617367, 42.349307999000075 ], [ -8.625386331999948, 42.346236816000044 ], [ -8.628918401999954, 42.35021028400007 ], [ -8.63294545399998, 42.34968137900006 ], [ -8.643493305999925, 42.338733245000071 ], [ -8.637171615999932, 42.332343119000029 ], [ -8.636581693999972, 42.327553772000044 ], [ -8.654905153999948, 42.320511343000078 ], [ -8.659668797999927, 42.31559145600005 ], [ -8.660981857999957, 42.310342182000056 ], [ -8.652728886999967, 42.29798523200003 ], [ -8.65887349999997, 42.291434999000046 ], [ -8.676757339999938, 42.309770566000054 ], [ -8.688778, 42.330569999000033 ] ] ] } },
{ "type": "Feature", "properties": { "code": "36059", "name": "Vila de Cruces" }, "geometry": { "type": "Polygon", "coordinates": [ [ [ -8.21393, 42.723922999000081 ], [ -8.221841083999948, 42.72413374100006 ], [ -8.230782839999961, 42.734718045000079 ], [ -8.228816907999942, 42.743649340000047 ], [ -8.235727075999932, 42.757399106000037 ], [ -8.256557762999932, 42.753514592000045 ], [ -8.259605419999957, 42.762254362000078 ], [ -8.269573239999943, 42.760412995000081 ], [ -8.272177385999953, 42.764615242000048 ], [ -8.281481683999971, 42.766462121000075 ], [ -8.285510538999972, 42.772002421000025 ], [ -8.299425904999964, 42.774226441000053 ], [ -8.31299555399994, 42.763215682000066 ], [ -8.319645580999975, 42.76178519900003 ], [ -8.332987095999954, 42.76921621300005 ], [ -8.339958635999949, 42.781878778000078 ], [ -8.347765, 42.783881999000073 ], [ -8.345933534999972, 42.789742045000025 ], [ -8.332806452999932, 42.795694519000051 ], [ -8.330524805999971, 42.811372769000059 ], [ -8.333350326999948, 42.81831285700008 ], [ -8.330477985999948, 42.825123160000032 ], [ -8.333175089999941, 42.828950491000057 ], [ -8.340295669999932, 42.828457013000047 ], [ -8.34485521299996, 42.831629686000042 ], [ -8.345102677999932, 42.835619964000045 ], [ -8.340380833999973, 42.839676670000074 ], [ -8.330000020999933, 42.841046671000072 ], [ -8.324683946999926, 42.832152539000049 ], [ -8.315693022999938, 42.844979250000051 ], [ -8.309932704999937, 42.830939675000025 ], [ -8.294606825999949, 42.829186614000037 ], [ -8.298858332999941, 42.823524379000048 ], [ -8.298435511999969, 42.819303570000045 ], [ -8.278120055999977, 42.811576291000051 ], [ -8.275144671999954, 42.812878221000062 ], [ -8.275418442999978, 42.822285453000063 ], [ -8.254761053999971, 42.836045539000054 ], [ -8.247818700999971, 42.833992485000067 ], [ -8.245267862999981, 42.828274261000047 ], [ -8.235018429999968, 42.831752262000066 ], [ -8.224732304999975, 42.825566445000049 ], [ -8.208453225999961, 42.824763628000028 ], [ -8.207028503999936, 42.831987773000037 ], [ -8.220363322999958, 42.84296204900005 ], [ -8.214906499999927, 42.846217999000032 ], [ -8.205264125999975, 42.84377590400004 ], [ -8.185877667999932, 42.858606114000054 ], [ -8.175251, 42.858264999000028 ], [ -8.16147300199998, 42.850655626000048 ], [ -8.142465920999939, 42.847204737000027 ], [ -8.137284146999946, 42.843404784000029 ], [ -8.122005152999975, 42.850043994000032 ], [ -8.118419499999959, 42.842136499000048 ], [ -8.130864088999942, 42.837900510000054 ], [ -8.132889463999959, 42.832614769000031 ], [ -8.13127434699993, 42.825742259000037 ], [ -8.128503613999953, 42.820757714000081 ], [ -8.123154559999932, 42.818642598000054 ], [ -8.123986255999966, 42.813122404000069 ], [ -8.114967913999976, 42.810311353000031 ], [ -8.10920540199993, 42.811711204000062 ], [ -8.104125547999956, 42.805734030000053 ], [ -8.110333953999941, 42.795351752000045 ], [ -8.107949570999949, 42.783653035000043 ], [ -8.14886940599996, 42.774566783000068 ], [ -8.159035981999978, 42.764896351000061 ], [ -8.159813837999934, 42.760513805000073 ], [ -8.154913260999933, 42.756812488000037 ], [ -8.153344852999965, 42.750024613000051 ], [ -8.154772220999973, 42.740663551000068 ], [ -8.157625980999967, 42.738589638000064 ], [ -8.164144534999934, 42.740348753000035 ], [ -8.179245567999942, 42.752824774000032 ], [ -8.187237661999973, 42.754075087000047 ], [ -8.195026515999928, 42.750763646000053 ], [ -8.201808821999975, 42.755207203000055 ], [ -8.222199347999947, 42.759993827000073 ], [ -8.228043519999972, 42.751443734000077 ], [ -8.215363464999939, 42.743657417000065 ], [ -8.21393, 42.723922999000081 ] ] ] } },
{ "type": "Feature", "properties": { "code": "36060", "name": "Vilagarcía de Arousa" }, "geometry": { "type": "MultiPolygon", "coordinates": [ [ [ [ -8.801287499999944, 42.58248499900003 ], [ -8.797411543999942, 42.581059033000031 ], [ -8.797323593999977, 42.585436706000053 ], [ -8.791363127999944, 42.58662918300007 ], [ -8.7833, 42.594499829000029 ], [ -8.772169321999968, 42.594383171000061 ], [ -8.767219072999978, 42.602991357000064 ], [ -8.77717042699993, 42.613912644000038 ], [ -8.776673509999966, 42.616650163000031 ], [ -8.761838840999928, 42.634417265000025 ], [ -8.747454499999947, 42.643470499000045 ], [ -8.724648997999964, 42.626968571000077 ], [ -8.706727718999957, 42.632536113000072 ], [ -8.699112, 42.631778999000062 ], [ -8.706920731999958, 42.62484876700006 ], [ -8.712902874999941, 42.600805688000037 ], [ -8.722357833999979, 42.586271569000075 ], [ -8.72410949999994, 42.576781999000048 ], [ -8.730281415999968, 42.569961334000027 ], [ -8.744527059999939, 42.566116794000038 ], [ -8.75349797299998, 42.560516371000062 ], [ -8.753858192999928, 42.556198979000044 ], [ -8.74565572399996, 42.549804892000054 ], [ -8.750975868999944, 42.54703819000008 ], [ -8.762667704999956, 42.553053717000068 ], [ -8.758647087999975, 42.562186918000066 ], [ -8.763548279999952, 42.565737806000072 ], [ -8.772395313999937, 42.564247863000048 ], [ -8.783022510999956, 42.566496805000043 ], [ -8.794138313999952, 42.559082570000044 ], [ -8.802334495999958, 42.56055030400006 ], [ -8.803919009999959, 42.564875529000062 ], [ -8.797841737999931, 42.571357240000054 ], [ -8.801287499999944, 42.58248499900003 ] ] ], [ [ [ -8.775730343999953, 42.621500659000048 ], [ -8.786328753999953, 42.613363469000035 ], [ -8.791501711999956, 42.61465301000004 ], [ -8.78897834199995, 42.620403694000061 ], [ -8.775730343999953, 42.621500659000048 ] ] ], [ [ [ -8.795538672999953, 42.614476875000037 ], [ -8.790634661999945, 42.610846457000036 ], [ -8.799219483999934, 42.60820289000003 ], [ -8.798956595999925, 42.611838171000045 ], [ -8.795538672999953, 42.614476875000037 ] ] ] ] } },
{ "type": "Feature", "properties": { "code": "36061", "name": "Vilanova de Arousa" }, "geometry": { "type": "Polygon", "coordinates": [ [ [ -8.827060499999959, 42.530814999000029 ], [ -8.82679666599995, 42.54023617200005 ], [ -8.837424, 42.55364159800007 ], [ -8.831513422999933, 42.561906682000028 ], [ -8.830278512999939, 42.574656621000031 ], [ -8.824792539999976, 42.578048859000035 ], [ -8.808492770999976, 42.576734550000026 ], [ -8.801287499999944, 42.58248499900003 ], [ -8.797841737999931, 42.571357240000054 ], [ -8.803919009999959, 42.564875529000062 ], [ -8.802334495999958, 42.56055030400006 ], [ -8.794138313999952, 42.559082570000044 ], [ -8.783022510999956, 42.566496805000043 ], [ -8.772395313999937, 42.564247863000048 ], [ -8.763548279999952, 42.565737806000072 ], [ -8.758647087999975, 42.562186918000066 ], [ -8.762667704999956, 42.553053717000068 ], [ -8.750975868999944, 42.54703819000008 ], [ -8.74565572399996, 42.549804892000054 ], [ -8.753858192999928, 42.556198979000044 ], [ -8.75349797299998, 42.560516371000062 ], [ -8.744527059999939, 42.566116794000038 ], [ -8.730281415999968, 42.569961334000027 ], [ -8.72410949999994, 42.576781999000048 ], [ -8.724079, 42.574886499000058 ], [ -8.705603499999938, 42.569698499000026 ], [ -8.687633499999947, 42.55787299900004 ], [ -8.704041730999961, 42.56242084400003 ], [ -8.70967344099995, 42.555708454000069 ], [ -8.729155718999948, 42.549775817000068 ], [ -8.734475, 42.546043499000064 ], [ -8.741941753999981, 42.537317293000058 ], [ -8.756113, 42.53446199900003 ], [ -8.770501240999977, 42.538165119000041 ], [ -8.77736998599994, 42.531900871000062 ], [ -8.778281973999981, 42.526770106000072 ], [ -8.782639613999947, 42.52460241700004 ], [ -8.789687384999979, 42.527634889000069 ], [ -8.790239009999937, 42.535995128000025 ], [ -8.796367118999967, 42.540117568000028 ], [ -8.827060499999959, 42.530814999000029 ] ] ] } },
{ "type": "Feature", "properties": { "code": "36901", "name": "Illa de Arousa, A" }, "geometry": { "type": "MultiPolygon", "coordinates": [ [ [ [ -8.874721787999931, 42.573906420000071 ], [ -8.870217024999931, 42.565455868000072 ], [ -8.857356018999951, 42.565627257000074 ], [ -8.86061833499997, 42.552844784000058 ], [ -8.854475556999944, 42.546584402000065 ], [ -8.865527129999975, 42.541553067000052 ], [ -8.866611312999964, 42.526776662000032 ], [ -8.868903135999972, 42.524719043000061 ], [ -8.881036559999927, 42.531280869000057 ], [ -8.875183685999957, 42.535465166000051 ], [ -8.878363915999955, 42.541985641000053 ], [ -8.871448740999938, 42.559675437000067 ], [ -8.874337663999938, 42.561553878000041 ], [ -8.882128116999979, 42.559455207000042 ], [ -8.889597381999977, 42.567187554000043 ], [ -8.881063279999978, 42.57301681000007 ], [ -8.874721787999931, 42.573906420000071 ] ] ], [ [ [ -8.897284721999938, 42.541345827000043 ], [ -8.901588768999943, 42.537370397000075 ], [ -8.904330932999926, 42.539378509000073 ], [ -8.899319038999977, 42.543730382000035 ], [ -8.897284721999938, 42.541345827000043 ] ] ], [ [ [ -8.915476295999952, 42.549210747000075 ], [ -8.910673077999945, 42.543616109000027 ], [ -8.91701814399994, 42.54442838500006 ], [ -8.917838232999941, 42.547560825000062 ], [ -8.915476295999952, 42.549210747000075 ] ] ] ] } },
{ "type": "Feature", "properties": { "code": "36902", "name": "Cerdedo-Cotobade" }, "geometry": { "type": "Polygon", "coordinates": [ [ [ -8.462688499999956, 42.412364999000033 ], [ -8.484500185999934, 42.418101686000057 ], [ -8.494053902999951, 42.42519126600007 ], [ -8.519525021999925, 42.423967038000058 ], [ -8.531842987999937, 42.429374223000025 ], [ -8.555058499999973, 42.430423999000027 ], [ -8.558089688999928, 42.429770551000047 ], [ -8.562474637999969, 42.435471347000032 ], [ -8.569917474999954, 42.438159435000046 ], [ -8.578196392999928, 42.448527498000033 ], [ -8.574214139999981, 42.458803383000031 ], [ -8.568350734999967, 42.462251775000027 ], [ -8.563632703999929, 42.472003819000065 ], [ -8.569341, 42.487098999000068 ], [ -8.552002375999962, 42.492637519000027 ], [ -8.543502136999962, 42.51879460400005 ], [ -8.531611436999981, 42.525164505000077 ], [ -8.52629210799995, 42.522031846000061 ], [ -8.52497410999996, 42.532867130000056 ], [ -8.519315909999932, 42.53578968100004 ], [ -8.506916333999925, 42.531581722000055 ], [ -8.506025164999926, 42.526839959000029 ], [ -8.510578618999944, 42.519634099000029 ], [ -8.506639536999955, 42.516931680000027 ], [ -8.503394068999967, 42.52077833900006 ], [ -8.490928246999943, 42.522903128000053 ], [ -8.485231190999968, 42.518770964000055 ], [ -8.479613876999963, 42.522896710000055 ], [ -8.466212310999936, 42.522214531000031 ], [ -8.452917915999933, 42.528053233000037 ], [ -8.444208660999948, 42.526724981000029 ], [ -8.449650639999959, 42.53620666900008 ], [ -8.460574123999947, 42.539769967000041 ], [ -8.471857879999959, 42.550155833000076 ], [ -8.478696815999967, 42.563345396000045 ], [ -8.470754499999941, 42.575477499000044 ], [ -8.471350499999971, 42.578376999000056 ], [ -8.465911, 42.579273499000067 ], [ -8.449778499999979, 42.58523199900003 ], [ -8.443841, 42.589385999000058 ], [ -8.438761499999941, 42.589652999000066 ], [ -8.43053649999996, 42.59158349900008 ], [ -8.42458449999998, 42.59096499900005 ], [ -8.422735499999931, 42.585113499000045 ], [ -8.415873499999975, 42.582000999000059 ], [ -8.410229499999957, 42.583354999000051 ], [ -8.403161, 42.587112499000057 ], [ -8.401093499999945, 42.589702499000055 ], [ -8.39279149999993, 42.595657499000026 ], [ -8.387652499999945, 42.594459499000038 ], [ -8.380227842999943, 42.564757950000057 ], [ -8.365018266999925, 42.558812525000064 ], [ -8.354778261999968, 42.566196523000031 ], [ -8.348195705999956, 42.564187584000081 ], [ -8.341294381999944, 42.552401295000038 ], [ -8.333364512999935, 42.549199333000047 ], [ -8.332730872999946, 42.535278306000066 ], [ -8.335848445999943, 42.53303916200008 ], [ -8.342804085999944, 42.535181673000068 ], [ -8.351401313999929, 42.532814657000074 ], [ -8.364869288999955, 42.509681175000026 ], [ -8.375228250999953, 42.503819700000065 ], [ -8.387170351999941, 42.489881234000052 ], [ -8.38311738799996, 42.480924964000053 ], [ -8.388139, 42.472255999000026 ], [ -8.401281186999938, 42.460002794000047 ], [ -8.419885136999937, 42.462857988000053 ], [ -8.435062038999945, 42.43926211400003 ], [ -8.444571589999953, 42.415604761000054 ], [ -8.452686035999932, 42.412047882000024 ], [ -8.462688499999956, 42.412364999000033 ] ] ] } }
]
}
