{
"type": "FeatureCollection",
"crs": { "type": "name", "properties": { "name": "urn:ogc:def:crs:OGC:1.3:CRS84" } },
"features": [
{ "type": "Feature", "properties": { "code": "37088", "name": "Carrascal del Obispo" }, "geometry": { "type": "MultiPolygon", "coordinates": [ [ [ [ -5.998698, 40.736987999000064 ], [ -5.990329188999965, 40.754392733000032 ], [ -6.009514708999973, 40.757575417000055 ], [ -6.026132099999927, 40.765677486000072 ], [ -6.030512390999945, 40.771794399000044 ], [ -6.031312, 40.782680499000037 ], [ -6.017201849999935, 40.776695419000077 ], [ -6.004210919999935, 40.776455816000066 ], [ -5.97581691299996, 40.785438709000061 ], [ -5.956946043999949, 40.784151695000048 ], [ -5.949601722999944, 40.787984952000045 ], [ -5.944202767999968, 40.782110086000046 ], [ -5.946950562999973, 40.766443768000045 ], [ -5.937727038999981, 40.760056461000033 ], [ -5.925041, 40.759044499000026 ], [ -5.925548, 40.75248749900004 ], [ -5.939639932999967, 40.738524548000044 ], [ -5.953590634999955, 40.740583768000079 ], [ -5.960148499999946, 40.735236999000051 ], [ -5.994431389999932, 40.734821749000048 ], [ -5.998698, 40.736987999000064 ] ] ], [ [ [ -6.041003499999931, 40.799007499000027 ], [ -6.040285252999979, 40.786828722000052 ], [ -6.045967499999961, 40.781066999000075 ], [ -6.055583587999934, 40.782909336000046 ], [ -6.073995477999972, 40.773564108000073 ], [ -6.082127499999956, 40.774875499000075 ], [ -6.087183, 40.778377499000044 ], [ -6.089633, 40.782184499000039 ], [ -6.090505, 40.787151499000061 ], [ -6.084277, 40.796523999000044 ], [ -6.077449499999943, 40.801612999000042 ], [ -6.072969, 40.80262699900004 ], [ -6.069408, 40.804836499000032 ], [ -6.058529823999947, 40.800010017000034 ], [ -6.041003499999931, 40.799007499000027 ] ] ] ] } },
{ "type": "Feature", "properties": { "code": "37089", "name": "Casafranca" }, "geometry": { "type": "Polygon", "coordinates": [ [ [ -5.768804499999931, 40.572387499000058 ], [ -5.771478489999936, 40.579582523000056 ], [ -5.770685257999958, 40.596120622000058 ], [ -5.789583350999976, 40.603489344000025 ], [ -5.79591381299997, 40.610410878000039 ], [ -5.799939801999926, 40.622059291000028 ], [ -5.811935527999935, 40.63216333400004 ], [ -5.805322, 40.640308499000071 ], [ -5.79293512299995, 40.644336351000049 ], [ -5.761156, 40.639102999000045 ], [ -5.737633, 40.618137499000056 ], [ -5.738899, 40.576476999000079 ], [ -5.768804499999931, 40.572387499000058 ] ] ] } },
{ "type": "Feature", "properties": { "code": "37090", "name": "Casas del Conde, Las" }, "geometry": { "type": "Polygon", "coordinates": [ [ [ -6.050217499999974, 40.509758499000043 ], [ -6.043460499999981, 40.514026499000067 ], [ -6.040602499999977, 40.510337999000058 ], [ -6.037796, 40.508834499000045 ], [ -6.034679, 40.508517999000048 ], [ -6.032892, 40.506568999000081 ], [ -6.033514499999967, 40.500686499000039 ], [ -6.038163499999939, 40.497619499000052 ], [ -6.050217499999974, 40.509758499000043 ] ] ] } },
{ "type": "Feature", "properties": { "code": "37091", "name": "Casillas de Flores" }, "geometry": { "type": "Polygon", "coordinates": [ [ [ -6.772203499999932, 40.414221499000064 ], [ -6.747422499999971, 40.41481249900005 ], [ -6.738762718999965, 40.401934632000064 ], [ -6.737259482999946, 40.37675871600004 ], [ -6.709067968999932, 40.370958892000033 ], [ -6.71678049999997, 40.35497699900003 ], [ -6.725080510999931, 40.355381893000072 ], [ -6.73134220999998, 40.35226887400006 ], [ -6.737175407999928, 40.344831967000061 ], [ -6.738925743999971, 40.337127531000078 ], [ -6.758351962999939, 40.337842807000072 ], [ -6.761777499999937, 40.32587249900007 ], [ -6.77272719399997, 40.325102376000075 ], [ -6.780792695999935, 40.332753698000033 ], [ -6.791007499999978, 40.333877499000039 ], [ -6.793279317999975, 40.355250513000044 ], [ -6.782082147999972, 40.365859563000072 ], [ -6.800592499999937, 40.379001499000026 ], [ -6.789789612999925, 40.388140386000032 ], [ -6.772203499999932, 40.414221499000064 ] ] ] } },
{ "type": "Feature", "properties": { "code": "37092", "name": "Castellanos de Moriscos" }, "geometry": { "type": "Polygon", "coordinates": [ [ [ -5.573079499999949, 41.045329999000046 ], [ -5.559585499999969, 41.028362499000025 ], [ -5.609034, 40.997922999000025 ], [ -5.619419499999935, 41.012336499000071 ], [ -5.606477380999934, 41.018076812000061 ], [ -5.600217096999927, 41.027265202000081 ], [ -5.607553, 41.052184999000076 ], [ -5.60213585799994, 41.049799157000052 ], [ -5.595962252999925, 41.053330903000074 ], [ -5.587953088999939, 41.047494252000035 ], [ -5.577609499999937, 41.048309499000027 ], [ -5.573079499999949, 41.045329999000046 ] ] ] } },
{ "type": "Feature", "properties": { "code": "37096", "name": "Castillejo de Martín Viejo" }, "geometry": { "type": "Polygon", "coordinates": [ [ [ -6.661436499999979, 40.695880999000053 ], [ -6.65906903299998, 40.718251718000033 ], [ -6.669033269999943, 40.726439173000074 ], [ -6.664258061999931, 40.738345301000038 ], [ -6.668768788999955, 40.751599757000065 ], [ -6.667980499999942, 40.780753999000069 ], [ -6.665375, 40.782035999000072 ], [ -6.659789566999962, 40.780543158000057 ], [ -6.655914568999947, 40.774665875000039 ], [ -6.648369423999952, 40.771950168000046 ], [ -6.641894857999944, 40.765633068000056 ], [ -6.630798020999976, 40.764383159000033 ], [ -6.62342164599994, 40.771831559000077 ], [ -6.61930001199994, 40.771964188000027 ], [ -6.599419190999981, 40.752286867000066 ], [ -6.594167435999964, 40.732968944000049 ], [ -6.588212458999976, 40.730034535000073 ], [ -6.575749720999966, 40.735421540000061 ], [ -6.575995732999957, 40.737798799000075 ], [ -6.590510036999945, 40.745564056000035 ], [ -6.597930604999931, 40.75762101600003 ], [ -6.611677503999942, 40.768741525000053 ], [ -6.613248820999956, 40.778440507000028 ], [ -6.632801499999971, 40.781093499000065 ], [ -6.633575499999949, 40.785941999000045 ], [ -6.61399434599997, 40.799513192000063 ], [ -6.591857181999956, 40.784529563000035 ], [ -6.557551499999931, 40.783008499000061 ], [ -6.55043349999994, 40.781059499000037 ], [ -6.538007499999935, 40.781314999000074 ], [ -6.533061, 40.779449499000066 ], [ -6.531368499999928, 40.776790499000072 ], [ -6.527641, 40.775523999000029 ], [ -6.514171827999974, 40.766008258000056 ], [ -6.487536992999935, 40.759110687000032 ], [ -6.481915382999944, 40.735183566000046 ], [ -6.464192796999953, 40.712444636000043 ], [ -6.461217363999936, 40.694982525000057 ], [ -6.469976, 40.688235999000028 ], [ -6.478432503999954, 40.685508991000063 ], [ -6.490842990999965, 40.686391995000065 ], [ -6.512541427999963, 40.70231586400007 ], [ -6.517238090999967, 40.69835551500006 ], [ -6.534192160999964, 40.69816902000008 ], [ -6.536671886999954, 40.690685362000067 ], [ -6.542420982999943, 40.687059666000039 ], [ -6.563133251999943, 40.688336714000059 ], [ -6.576463499999932, 40.675265999000032 ], [ -6.588942585999973, 40.674344698000027 ], [ -6.60197388399996, 40.678556293000042 ], [ -6.608638176999932, 40.683118354000044 ], [ -6.608768055999974, 40.690381080000066 ], [ -6.615828783999973, 40.694962523000072 ], [ -6.645408618999966, 40.684170792000032 ], [ -6.658972, 40.684791499000028 ], [ -6.661436499999979, 40.695880999000053 ] ] ] } },
{ "type": "Feature", "properties": { "code": "37097", "name": "Castraz" }, "geometry": { "type": "Polygon", "coordinates": [ [ [ -6.276487499999973, 40.699962499000037 ], [ -6.282032842999968, 40.69532859800006 ], [ -6.294426, 40.695815999000047 ], [ -6.304350807999981, 40.692902608000054 ], [ -6.319803741999976, 40.681623026000068 ], [ -6.346736, 40.688392499000031 ], [ -6.355210052999951, 40.699942140000076 ], [ -6.351032148999934, 40.725169702000073 ], [ -6.344402499999944, 40.733024499000066 ], [ -6.330185237999956, 40.736839233000069 ], [ -6.327403948999972, 40.743846771000051 ], [ -6.316771089999975, 40.752160568000079 ], [ -6.295606248999945, 40.748982466000029 ], [ -6.304653733999942, 40.732455279000078 ], [ -6.297340020999968, 40.717930694000074 ], [ -6.297652264999954, 40.712427025000068 ], [ -6.284197854999945, 40.707146262000037 ], [ -6.276487499999973, 40.699962499000037 ] ] ] } },
{ "type": "Feature", "properties": { "code": "37098", "name": "Cepeda" }, "geometry": { "type": "Polygon", "coordinates": [ [ [ -6.044558499999937, 40.480113999000025 ], [ -6.031939301999955, 40.473661854000056 ], [ -6.015694499999938, 40.480624999000042 ], [ -6.00764759499998, 40.475483742000051 ], [ -6.01836828699993, 40.451475887000072 ], [ -6.014923, 40.441795999000078 ], [ -6.039694166999936, 40.454905010000061 ], [ -6.052276499999948, 40.455753499000025 ], [ -6.054110140999967, 40.459310473000073 ], [ -6.060329963999948, 40.459663034000073 ], [ -6.056131301999926, 40.464975695000078 ], [ -6.060428499999944, 40.471660499000052 ], [ -6.058734, 40.473045499000079 ], [ -6.047442499999931, 40.477630499000043 ], [ -6.044558499999937, 40.480113999000025 ] ] ] } },
{ "type": "Feature", "properties": { "code": "37099", "name": "Cereceda de la Sierra" }, "geometry": { "type": "Polygon", "coordinates": [ [ [ -6.116035499999953, 40.591594499000053 ], [ -6.113256, 40.591506999000046 ], [ -6.10180349999996, 40.594760999000073 ], [ -6.09912, 40.592682499000034 ], [ -6.097061, 40.588764499000035 ], [ -6.090232870999955, 40.581636506000052 ], [ -6.056724, 40.562789999000074 ], [ -6.075862, 40.543323499000053 ], [ -6.078048499999966, 40.544662499000026 ], [ -6.088124499999935, 40.542960999000059 ], [ -6.10558, 40.554317499000035 ], [ -6.112371221999979, 40.571022119000077 ], [ -6.112999339999931, 40.580692861000045 ], [ -6.12126479899996, 40.588104476000069 ], [ -6.116035499999953, 40.591594499000053 ] ] ] } },
{ "type": "Feature", "properties": { "code": "37100", "name": "Cerezal de Peñahorcada" }, "geometry": { "type": "Polygon", "coordinates": [ [ [ -6.622761499999967, 41.116652999000053 ], [ -6.648958, 41.10546849900004 ], [ -6.651014, 41.107112999000037 ], [ -6.672252499999956, 41.104305499000077 ], [ -6.669618405999927, 41.110319897000068 ], [ -6.685551499999974, 41.129585499000029 ], [ -6.679151, 41.13229349900007 ], [ -6.675301, 41.135882999000046 ], [ -6.672680499999956, 41.139487999000039 ], [ -6.672080499999936, 41.14240649900006 ], [ -6.66764749999993, 41.146430999000074 ], [ -6.652701, 41.152950499000042 ], [ -6.634061937999945, 41.141419485000029 ], [ -6.626277758999947, 41.129600608000032 ], [ -6.622761499999967, 41.116652999000053 ] ] ] } },
{ "type": "Feature", "properties": { "code": "37101", "name": "Cerralbo" }, "geometry": { "type": "Polygon", "coordinates": [ [ [ -6.534447499999942, 40.942870999000036 ], [ -6.536064499999952, 40.94023499900004 ], [ -6.54988, 40.927211999000065 ], [ -6.555659, 40.920062999000038 ], [ -6.564384, 40.912758499000063 ], [ -6.570802499999957, 40.905383999000037 ], [ -6.574720499999955, 40.897453499000051 ], [ -6.60015778099995, 40.904385555000033 ], [ -6.600124567999956, 40.918588339000053 ], [ -6.591272261999961, 40.936616812000068 ], [ -6.611377767999954, 40.944210824000038 ], [ -6.616814232999957, 40.962429471000064 ], [ -6.629695, 40.973121499000058 ], [ -6.614042, 40.993693999000072 ], [ -6.60138749999993, 40.99464049900007 ], [ -6.575745499999925, 40.998737499000072 ], [ -6.554249, 40.981399499000077 ], [ -6.55175576299996, 40.975653438000052 ], [ -6.547144, 40.973674999000025 ], [ -6.542584684999952, 40.966467862000059 ], [ -6.546111220999933, 40.950766547000057 ], [ -6.534447499999942, 40.942870999000036 ] ] ] } },
{ "type": "Feature", "properties": { "code": "37102", "name": "Cerro, El" }, "geometry": { "type": "Polygon", "coordinates": [ [ [ -5.915253499999949, 40.33979449900005 ], [ -5.905209221999939, 40.340173189000041 ], [ -5.884288499999968, 40.326644999000052 ], [ -5.892138909999971, 40.320175325000037 ], [ -5.894853428999966, 40.307698913000024 ], [ -5.914115489999972, 40.285960663000026 ], [ -5.917219, 40.27774049900006 ], [ -5.920884, 40.280944999000042 ], [ -5.937828, 40.281108999000026 ], [ -5.941712499999937, 40.28445799900004 ], [ -5.953773, 40.287547999000026 ], [ -5.964993, 40.291530499000032 ], [ -5.953982017999977, 40.307560843000033 ], [ -5.941899063999927, 40.316798403000064 ], [ -5.930107482999972, 40.332594963000076 ], [ -5.915253499999949, 40.33979449900005 ] ] ] } },
{ "type": "Feature", "properties": { "code": "37103", "name": "Cespedosa de Tormes" }, "geometry": { "type": "Polygon", "coordinates": [ [ [ -5.524729, 40.540771499000073 ], [ -5.525251065999953, 40.527964688000054 ], [ -5.537975278999966, 40.511342870000078 ], [ -5.548301, 40.507201999000074 ], [ -5.558293699999979, 40.511896500000034 ], [ -5.58099606199994, 40.513720944000056 ], [ -5.590716905999955, 40.521357053000031 ], [ -5.599977, 40.521240499000044 ], [ -5.608608047999951, 40.52229608500005 ], [ -5.628031219999968, 40.533288043000027 ], [ -5.631799499999943, 40.543296999000063 ], [ -5.632777424999972, 40.550180911000041 ], [ -5.630222, 40.55398199900003 ], [ -5.616891499999952, 40.563121999000032 ], [ -5.578033691999963, 40.558481660000041 ], [ -5.563551915999938, 40.568951790000028 ], [ -5.543785082999932, 40.566045335000069 ], [ -5.534461, 40.569652499000028 ], [ -5.525167090999958, 40.576273963000062 ], [ -5.516830499999969, 40.577331499000024 ], [ -5.518039013999953, 40.565019558000074 ], [ -5.528651485999944, 40.552802073000066 ], [ -5.524729, 40.540771499000073 ] ] ] } },
{ "type": "Feature", "properties": { "code": "37104", "name": "Cilleros de la Bastida" }, "geometry": { "type": "Polygon", "coordinates": [ [ [ -6.056724, 40.562789999000074 ], [ -6.090232870999955, 40.581636506000052 ], [ -6.097061, 40.588764499000035 ], [ -6.088986922999936, 40.589156436000053 ], [ -6.04396659899993, 40.577153457000065 ], [ -6.025373675999958, 40.561400782000078 ], [ -6.002947, 40.551582499000062 ], [ -5.993877018999967, 40.544013104000044 ], [ -5.991884549999952, 40.53568595400003 ], [ -5.982156552999925, 40.528965817000028 ], [ -5.986009499999966, 40.520903999000041 ], [ -5.994291, 40.523986999000044 ], [ -5.999805499999979, 40.528056999000057 ], [ -6.024385542999937, 40.542172647000029 ], [ -6.032108998999945, 40.550671476000048 ], [ -6.044309686999952, 40.554058019000024 ], [ -6.056724, 40.562789999000074 ] ] ] } },
{ "type": "Feature", "properties": { "code": "37106", "name": "Cipérez" }, "geometry": { "type": "Polygon", "coordinates": [ [ [ -6.338575499999934, 40.974540499000057 ], [ -6.336279772999944, 40.978133472000025 ], [ -6.318051535999928, 40.980842985000038 ], [ -6.305535293999981, 40.986291969000035 ], [ -6.282772297999941, 40.987137080000025 ], [ -6.268641499999944, 41.013671499000054 ], [ -6.264002, 41.017242499000076 ], [ -6.245002184999976, 41.005648825000037 ], [ -6.233929497999952, 41.004344650000064 ], [ -6.192709, 41.024699999000063 ], [ -6.190924521999932, 41.019967933000032 ], [ -6.19480724999994, 41.00930635900005 ], [ -6.188724058999981, 40.98346747800008 ], [ -6.176104499999951, 40.97837049900005 ], [ -6.173027, 40.975898999000037 ], [ -6.162771499999963, 40.973685999000054 ], [ -6.160485, 40.97209949900008 ], [ -6.159483, 40.969768499000054 ], [ -6.152246499999933, 40.967471999000054 ], [ -6.164740147999964, 40.947776193000038 ], [ -6.176485, 40.938289499000064 ], [ -6.189330190999954, 40.935327974000074 ], [ -6.214640320999933, 40.916930126000068 ], [ -6.226327499999968, 40.916480999000044 ], [ -6.245413226999972, 40.92334758800007 ], [ -6.258680596999966, 40.921969157000035 ], [ -6.267194535999977, 40.930959821000044 ], [ -6.290669960999935, 40.933672238000042 ], [ -6.308812752999927, 40.945554302000062 ], [ -6.320574986999929, 40.947030961000053 ], [ -6.326786, 40.944686999000055 ], [ -6.338575499999934, 40.974540499000057 ] ] ] } },
{ "type": "Feature", "properties": { "code": "37107", "name": "Ciudad Rodrigo" }, "geometry": { "type": "Polygon", "coordinates": [ [ [ -6.508837, 40.538245999000026 ], [ -6.529057156999954, 40.552848122000057 ], [ -6.533950685999969, 40.541372318000072 ], [ -6.585863499999959, 40.549071999000034 ], [ -6.577126679999935, 40.556527471000038 ], [ -6.567602607999959, 40.574987974000067 ], [ -6.574179265999931, 40.588485760000026 ], [ -6.590269386999978, 40.586702089000028 ], [ -6.59562352599994, 40.582323547000044 ], [ -6.60291604799994, 40.585706213000037 ], [ -6.590890594999962, 40.596860638000067 ], [ -6.59016749999995, 40.60790649900008 ], [ -6.577243152999927, 40.626552784000069 ], [ -6.57931623099995, 40.633106122000072 ], [ -6.59252474699997, 40.642946277000078 ], [ -6.58140300599996, 40.651018110000052 ], [ -6.584927605999951, 40.655253648000041 ], [ -6.573419441999931, 40.669223438000074 ], [ -6.576463499999932, 40.675265999000032 ], [ -6.563133251999943, 40.688336714000059 ], [ -6.542420982999943, 40.687059666000039 ], [ -6.536671886999954, 40.690685362000067 ], [ -6.534192160999964, 40.69816902000008 ], [ -6.517238090999967, 40.69835551500006 ], [ -6.512541427999963, 40.70231586400007 ], [ -6.490842990999965, 40.686391995000065 ], [ -6.478432503999954, 40.685508991000063 ], [ -6.469976, 40.688235999000028 ], [ -6.465828880999936, 40.681929988000036 ], [ -6.449784423999972, 40.681124773000079 ], [ -6.400629011999968, 40.682469668000067 ], [ -6.379394, 40.687053499000058 ], [ -6.377580499999965, 40.686267999000052 ], [ -6.373688, 40.682060499000045 ], [ -6.367588499999954, 40.670646499000043 ], [ -6.365617, 40.665336499000034 ], [ -6.365303499999925, 40.661670499000024 ], [ -6.366186499999969, 40.659942499000067 ], [ -6.370403499999952, 40.658683999000061 ], [ -6.375572, 40.655406999000036 ], [ -6.391485015999933, 40.663210163000031 ], [ -6.40333222199996, 40.662002498000049 ], [ -6.411087321999958, 40.657909904000064 ], [ -6.41424699199996, 40.651786382000068 ], [ -6.412457875999962, 40.642152287000044 ], [ -6.40299349999998, 40.625549499000044 ], [ -6.414576804999967, 40.617254785000057 ], [ -6.406665, 40.598289499000032 ], [ -6.411118526999928, 40.591324843000052 ], [ -6.408522274999939, 40.584786524000037 ], [ -6.412414688999945, 40.576176034000071 ], [ -6.405179499999974, 40.566684999000074 ], [ -6.407611773999975, 40.551357419000055 ], [ -6.414629, 40.544437499000026 ], [ -6.443197168999973, 40.548184673000037 ], [ -6.450022004999937, 40.540907418000074 ], [ -6.464706254999953, 40.541989930000057 ], [ -6.478231350999977, 40.537414063000028 ], [ -6.48488, 40.539043499000059 ], [ -6.493478357999948, 40.544024448000073 ], [ -6.499769499999957, 40.542068999000037 ], [ -6.50349887699997, 40.545354469000074 ], [ -6.499238447999971, 40.550433453000039 ], [ -6.502077091999979, 40.552712373000077 ], [ -6.50482569299993, 40.553253426000026 ], [ -6.509532341999943, 40.550325007000026 ], [ -6.511504579999951, 40.547385869000038 ], [ -6.511810646999947, 40.543474210000056 ], [ -6.509977, 40.541972999000052 ], [ -6.508837, 40.538245999000026 ] ] ] } },
{ "type": "Feature", "properties": { "code": "37108", "name": "Coca de Alba" }, "geometry": { "type": "Polygon", "coordinates": [ [ [ -5.363101, 40.892917499000077 ], [ -5.340178279999975, 40.890079815000036 ], [ -5.335353, 40.892669499000078 ], [ -5.335088161999977, 40.889037173000077 ], [ -5.326481499999943, 40.880664999000032 ], [ -5.351722704999929, 40.867680574000076 ], [ -5.366612164999935, 40.863448636000044 ], [ -5.386422, 40.862441999000055 ], [ -5.379439963999971, 40.870102874000054 ], [ -5.382978305999927, 40.882052832000056 ], [ -5.368498272999943, 40.887824896000041 ], [ -5.363101, 40.892917499000077 ] ] ] } },
{ "type": "Feature", "properties": { "code": "37109", "name": "Colmenar de Montemayor" }, "geometry": { "type": "Polygon", "coordinates": [ [ [ -5.938642499999958, 40.457599499000025 ], [ -5.92906669499996, 40.449353876000032 ], [ -5.92793649999993, 40.44460699900003 ], [ -5.930347335999954, 40.438972043000035 ], [ -5.928512579999961, 40.430944705000059 ], [ -5.917595206999977, 40.411738945000025 ], [ -5.92454386299994, 40.392679575000045 ], [ -5.93395370099995, 40.381235045000039 ], [ -5.943818732999944, 40.375780853000037 ], [ -5.969607, 40.370261999000036 ], [ -5.98758004299998, 40.389008542000056 ], [ -5.996054097999945, 40.402237721000063 ], [ -6.007690189999948, 40.398933353000075 ], [ -6.015137, 40.407786999000052 ], [ -5.995004499999936, 40.416396999000028 ], [ -5.987668400999951, 40.414852817000053 ], [ -5.978259930999968, 40.426904125000078 ], [ -5.950701848999927, 40.442904777000081 ], [ -5.938642499999958, 40.457599499000025 ] ] ] } },
{ "type": "Feature", "properties": { "code": "37110", "name": "Cordovilla" }, "geometry": { "type": "Polygon", "coordinates": [ [ [ -5.412634499999967, 40.954974999000058 ], [ -5.403651499999967, 40.957538499000066 ], [ -5.401182499999948, 40.955302999000025 ], [ -5.396645, 40.954028999000059 ], [ -5.392102499999964, 40.954250499000068 ], [ -5.384465, 40.950668499000074 ], [ -5.378663, 40.94922249900003 ], [ -5.372548499999937, 40.949321999000063 ], [ -5.379992, 40.936317999000039 ], [ -5.404681477999929, 40.921959786000059 ], [ -5.416824117999965, 40.920481539000036 ], [ -5.4207, 40.916850999000076 ], [ -5.426738956999941, 40.92035736400004 ], [ -5.432317961999956, 40.931756427000039 ], [ -5.445744, 40.941074499000081 ], [ -5.446487499999932, 40.943500499000038 ], [ -5.440941499999951, 40.953223999000045 ], [ -5.421339447999969, 40.944993217000047 ], [ -5.418035949999933, 40.951526325000032 ], [ -5.412634499999967, 40.954974999000058 ] ] ] } },
{ "type": "Feature", "properties": { "code": "37112", "name": "Cristóbal" }, "geometry": { "type": "Polygon", "coordinates": [ [ [ -5.92793649999993, 40.44460699900003 ], [ -5.92906669499996, 40.449353876000032 ], [ -5.938642499999958, 40.457599499000025 ], [ -5.936321, 40.461433499000066 ], [ -5.927148, 40.468780499000047 ], [ -5.868587499999933, 40.495857499000067 ], [ -5.861531, 40.495265999000026 ], [ -5.854892609999979, 40.491500608000081 ], [ -5.852867737999929, 40.486321899000075 ], [ -5.862141, 40.463268499000037 ], [ -5.888484536999954, 40.44999196100008 ], [ -5.917033541999956, 40.449271449000037 ], [ -5.92793649999993, 40.44460699900003 ] ] ] } },
{ "type": "Feature", "properties": { "code": "37113", "name": "Cubo de Don Sancho, El" }, "geometry": { "type": "Polygon", "coordinates": [ [ [ -6.226327499999968, 40.916480999000044 ], [ -6.242081499999927, 40.891650999000035 ], [ -6.254674584999975, 40.884965151000074 ], [ -6.268697785999962, 40.882415789000049 ], [ -6.291640428999926, 40.887765276000039 ], [ -6.291605163999975, 40.861015123000072 ], [ -6.278542630999937, 40.85441045400006 ], [ -6.27096312599997, 40.833516560000078 ], [ -6.270062499999938, 40.821441499000059 ], [ -6.277598499999954, 40.819911999000055 ], [ -6.29776021999993, 40.820337500000051 ], [ -6.300066405999928, 40.825752966000039 ], [ -6.311773134999953, 40.823323823000067 ], [ -6.317644043999962, 40.827897517000054 ], [ -6.320885854999972, 40.848525963000043 ], [ -6.33071965399995, 40.855736587000081 ], [ -6.345058196999958, 40.859248970000067 ], [ -6.360174499999971, 40.853549999000052 ], [ -6.36889193899998, 40.859661956000025 ], [ -6.380715, 40.880294499000058 ], [ -6.369839955999964, 40.886871971000062 ], [ -6.354727991999937, 40.905240485000036 ], [ -6.353227229999959, 40.919854304000069 ], [ -6.338751622999951, 40.926840544000072 ], [ -6.326786, 40.944686999000055 ], [ -6.320574986999929, 40.947030961000053 ], [ -6.308812752999927, 40.945554302000062 ], [ -6.290669960999935, 40.933672238000042 ], [ -6.267194535999977, 40.930959821000044 ], [ -6.258680596999966, 40.921969157000035 ], [ -6.245413226999972, 40.92334758800007 ], [ -6.226327499999968, 40.916480999000044 ] ] ] } },
{ "type": "Feature", "properties": { "code": "37114", "name": "Chagarcía Medianero" }, "geometry": { "type": "Polygon", "coordinates": [ [ [ -5.415021499999966, 40.666526499000042 ], [ -5.40329987399997, 40.679541191000055 ], [ -5.391834522999943, 40.701712698000051 ], [ -5.378925, 40.701747999000077 ], [ -5.374152463999962, 40.69770292700008 ], [ -5.368530499999963, 40.681007499000032 ], [ -5.377961623999965, 40.676809153000079 ], [ -5.386550481999961, 40.667578516000049 ], [ -5.383254662999946, 40.661042377000058 ], [ -5.365926, 40.648803499000053 ], [ -5.377038070999959, 40.645659856000066 ], [ -5.374166593999973, 40.638237402000073 ], [ -5.381782499999929, 40.630729999000039 ], [ -5.396983586999966, 40.649039150000078 ], [ -5.399600393999947, 40.666073973000039 ], [ -5.415021499999966, 40.666526499000042 ] ] ] } },
{ "type": "Feature", "properties": { "code": "37115", "name": "Dios le Guarde" }, "geometry": { "type": "Polygon", "coordinates": [ [ [ -6.295035, 40.659194999000078 ], [ -6.290975, 40.65528499900006 ], [ -6.28758, 40.647544999000047 ], [ -6.285532, 40.645839499000033 ], [ -6.304770314999928, 40.622206865000067 ], [ -6.323481, 40.616138499000044 ], [ -6.334577488999969, 40.625925281000036 ], [ -6.348394, 40.649436999000045 ], [ -6.336325, 40.655711999000061 ], [ -6.324138499999947, 40.654632499000058 ], [ -6.315018, 40.657920999000055 ], [ -6.306319, 40.65778399900006 ], [ -6.295035, 40.659194999000078 ] ] ] } },
{ "type": "Feature", "properties": { "code": "37116", "name": "Doñinos de Ledesma" }, "geometry": { "type": "MultiPolygon", "coordinates": [ [ [ [ -6.053633499999933, 40.981601999000077 ], [ -6.055811966999954, 40.993234548000032 ], [ -6.051371353999969, 40.999973268000076 ], [ -6.063237347999973, 41.005730502000063 ], [ -6.062814, 41.010986499000069 ], [ -6.059852126999942, 41.017605647000039 ], [ -6.065560283999957, 41.021654176000027 ], [ -6.064602755999942, 41.034232575000033 ], [ -6.069239499999981, 41.033340499000076 ], [ -6.075789, 41.048564999000064 ], [ -6.070484416999932, 41.053673792000041 ], [ -6.077670900999976, 41.059001198000033 ], [ -6.07803630799998, 41.065175011000065 ], [ -6.059960168999964, 41.059413326000026 ], [ -6.040210477999949, 41.060509986000056 ], [ -6.038762128999963, 41.066229139000029 ], [ -6.030271499999969, 41.07139599900006 ], [ -6.020074584999975, 41.075422513000035 ], [ -6.005919460999962, 41.06904163300004 ], [ -6.007323854999981, 41.055060019000052 ], [ -5.998399, 41.043826999000032 ], [ -5.989654864999977, 41.030431091000025 ], [ -5.99961544599995, 41.020080810000024 ], [ -6.006745, 41.002441499000042 ], [ -6.019431390999955, 40.994948497000053 ], [ -6.041494222999972, 40.992355006000025 ], [ -6.053633499999933, 40.981601999000077 ] ] ], [ [ [ -6.063978, 40.961151499000039 ], [ -6.076092, 40.95719899900007 ], [ -6.08343, 40.955875499000058 ], [ -6.085921, 40.958331999000052 ], [ -6.081740499999967, 40.966541499000073 ], [ -6.059608499999968, 40.966338999000072 ], [ -6.063978, 40.961151499000039 ] ] ] ] } },
{ "type": "Feature", "properties": { "code": "37117", "name": "Doñinos de Salamanca" }, "geometry": { "type": "MultiPolygon", "coordinates": [ [ [ [ -5.728397499999971, 40.991885999000033 ], [ -5.721829499999956, 40.991428499000051 ], [ -5.719376, 40.989864499000078 ], [ -5.717827, 40.98803699900003 ], [ -5.716646499999968, 40.984767999000042 ], [ -5.71637549999997, 40.980739499000038 ], [ -5.718487499999981, 40.973991499000078 ], [ -5.717831, 40.969617999000036 ], [ -5.729336505999925, 40.968005058000074 ], [ -5.73306931999997, 40.964825219000033 ], [ -5.729623918999948, 40.958723995000071 ], [ -5.732979, 40.949374999000042 ], [ -5.754891863999944, 40.945163732000026 ], [ -5.766233917999955, 40.955650958000035 ], [ -5.772204, 40.955596999000079 ], [ -5.77248039899996, 40.964970442000038 ], [ -5.783244613999955, 40.962993522000033 ], [ -5.788578, 40.967811499000049 ], [ -5.781905499999937, 40.971313499000075 ], [ -5.746628844999975, 40.96893258700004 ], [ -5.741752559999952, 40.984019648000071 ], [ -5.728397499999971, 40.991885999000033 ] ] ], [ [ [ -5.784486499999957, 40.90550599900007 ], [ -5.777849439999954, 40.909167647000061 ], [ -5.774215499999968, 40.906860499000061 ], [ -5.782952682999962, 40.904122091000033 ], [ -5.784486499999957, 40.90550599900007 ] ] ], [ [ [ -5.789168, 40.901942999000028 ], [ -5.791099, 40.902400999000065 ], [ -5.791550499999971, 40.906093499000065 ], [ -5.790687, 40.907012999000074 ], [ -5.787653, 40.906833499000072 ], [ -5.787309499999935, 40.90573499900006 ], [ -5.789168, 40.901942999000028 ] ] ] ] } },
{ "type": "Feature", "properties": { "code": "37118", "name": "Éjeme" }, "geometry": { "type": "Polygon", "coordinates": [ [ [ -5.506609499999968, 40.794238999000072 ], [ -5.509414439999944, 40.78979825600004 ], [ -5.501813481999932, 40.777889419000076 ], [ -5.500526499999978, 40.767921999000066 ], [ -5.506032451999943, 40.75145583300008 ], [ -5.518107532999977, 40.752902157000051 ], [ -5.520206465999934, 40.746339429000045 ], [ -5.528892499999927, 40.740173499000036 ], [ -5.534003102999975, 40.742908660000069 ], [ -5.538230346999967, 40.750796088000072 ], [ -5.547649, 40.753783999000063 ], [ -5.54661184899993, 40.760558476000028 ], [ -5.553137227999969, 40.770373212000038 ], [ -5.549182, 40.781684999000049 ], [ -5.537087026999927, 40.784968573000072 ], [ -5.530290114999957, 40.790751693000061 ], [ -5.520428290999973, 40.790280841000026 ], [ -5.515944287999957, 40.796875327000066 ], [ -5.506609499999968, 40.794238999000072 ] ] ] } },
{ "type": "Feature", "properties": { "code": "37119", "name": "Encina, La" }, "geometry": { "type": "MultiPolygon", "coordinates": [ [ [ [ -6.516666499999928, 40.480312499000036 ], [ -6.53873649999997, 40.470710999000062 ], [ -6.555998417999945, 40.495713116000047 ], [ -6.555247736999945, 40.503525496000066 ], [ -6.547115624999947, 40.512474098000041 ], [ -6.538691378999943, 40.515030710000076 ], [ -6.538243772999976, 40.521784183000079 ], [ -6.562524243999974, 40.531225694000057 ], [ -6.592261118999943, 40.536714054000072 ], [ -6.591902101999949, 40.542992498000046 ], [ -6.585863499999959, 40.549071999000034 ], [ -6.533950685999969, 40.541372318000072 ], [ -6.529057156999954, 40.552848122000057 ], [ -6.508837, 40.538245999000026 ], [ -6.513560462999976, 40.523690951000049 ], [ -6.523110634999966, 40.513004889000058 ], [ -6.51481076999994, 40.50425957300007 ], [ -6.502780262999977, 40.502321433000077 ], [ -6.496336499999927, 40.496482999000079 ], [ -6.498906499999975, 40.492137999000079 ], [ -6.514133, 40.486217499000077 ], [ -6.516666499999928, 40.480312499000036 ] ] ], [ [ [ -6.509977, 40.541972999000052 ], [ -6.511810646999947, 40.543474210000056 ], [ -6.511504579999951, 40.547385869000038 ], [ -6.509532341999943, 40.550325007000026 ], [ -6.50482569299993, 40.553253426000026 ], [ -6.502077091999979, 40.552712373000077 ], [ -6.499238447999971, 40.550433453000039 ], [ -6.50349887699997, 40.545354469000074 ], [ -6.499769499999957, 40.542068999000037 ], [ -6.502303, 40.54107299900005 ], [ -6.509977, 40.541972999000052 ] ] ] ] } },
{ "type": "Feature", "properties": { "code": "37120", "name": "Encina de San Silvestre" }, "geometry": { "type": "Polygon", "coordinates": [ [ [ -6.141205, 40.994960999000057 ], [ -6.146104212999944, 41.002128228000061 ], [ -6.142614, 41.024112499000069 ], [ -6.135479353999926, 41.027074542000037 ], [ -6.132063672999948, 41.023997115000043 ], [ -6.125922027999934, 41.021418259000029 ], [ -6.088806505999969, 41.033580727000071 ], [ -6.069239499999981, 41.033340499000076 ], [ -6.064602755999942, 41.034232575000033 ], [ -6.065560283999957, 41.021654176000027 ], [ -6.059852126999942, 41.017605647000039 ], [ -6.062814, 41.010986499000069 ], [ -6.069577097999968, 41.013603508000074 ], [ -6.070500577999951, 41.009958407000056 ], [ -6.08188039099997, 41.003008572000056 ], [ -6.082145447999949, 40.984907028000066 ], [ -6.095778499999938, 40.988994499000057 ], [ -6.098345653999957, 40.992553601000054 ], [ -6.112486623999928, 40.995717771000045 ], [ -6.122989822999955, 41.002629884000044 ], [ -6.132063672999948, 40.995672823000064 ], [ -6.141205, 40.994960999000057 ] ] ] } },
{ "type": "Feature", "properties": { "code": "37121", "name": "Encinas de Abajo" }, "geometry": { "type": "Polygon", "coordinates": [ [ [ -5.445744, 40.941074499000081 ], [ -5.432317961999956, 40.931756427000039 ], [ -5.426738956999941, 40.92035736400004 ], [ -5.4207, 40.916850999000076 ], [ -5.422609499999965, 40.915523499000074 ], [ -5.432043360999955, 40.914523152000072 ], [ -5.442426151999939, 40.900203007000073 ], [ -5.455101681999963, 40.889850373000058 ], [ -5.471898086999943, 40.888416880000079 ], [ -5.480190407999942, 40.894918948000054 ], [ -5.47913449999993, 40.906764999000075 ], [ -5.477294373999939, 40.916786257000069 ], [ -5.486734696999974, 40.928688214000033 ], [ -5.48235, 40.934283999000058 ], [ -5.477195882999979, 40.936455867000063 ], [ -5.475298, 40.943637999000032 ], [ -5.458287735999932, 40.942624315000046 ], [ -5.451945463999948, 40.939538150000033 ], [ -5.445744, 40.941074499000081 ] ] ] } },
{ "type": "Feature", "properties": { "code": "37122", "name": "Encinas de Arriba" }, "geometry": { "type": "Polygon", "coordinates": [ [ [ -5.582943499999942, 40.76441999900004 ], [ -5.583257000999936, 40.768226230000039 ], [ -5.589548499999978, 40.771011499000053 ], [ -5.576215917999946, 40.783637254000041 ], [ -5.566342655999961, 40.782597999000075 ], [ -5.559127, 40.785463999000058 ], [ -5.549182, 40.781684999000049 ], [ -5.553137227999969, 40.770373212000038 ], [ -5.54661184899993, 40.760558476000028 ], [ -5.547649, 40.753783999000063 ], [ -5.557426499999963, 40.750503499000047 ], [ -5.582943499999942, 40.76441999900004 ] ] ] } },
{ "type": "Feature", "properties": { "code": "37123", "name": "Encinasola de los Comendadores" }, "geometry": { "type": "Polygon", "coordinates": [ [ [ -6.575745499999925, 40.998737499000072 ], [ -6.562259, 41.016242999000042 ], [ -6.566248, 41.017490499000075 ], [ -6.567344499999933, 41.019527499000048 ], [ -6.571833, 41.037639499000079 ], [ -6.569933, 41.046264499000074 ], [ -6.564773, 41.05643849900008 ], [ -6.552753499999938, 41.06433849900003 ], [ -6.53685459999997, 41.062276808000036 ], [ -6.505324, 41.044612999000037 ], [ -6.511229560999936, 41.026036590000047 ], [ -6.527534368999966, 41.010131994000062 ], [ -6.528631659999974, 40.997642692000056 ], [ -6.554249, 40.981399499000077 ], [ -6.575745499999925, 40.998737499000072 ] ] ] } },
{ "type": "Feature", "properties": { "code": "37124", "name": "Endrinal" }, "geometry": { "type": "Polygon", "coordinates": [ [ [ -5.768804499999931, 40.572387499000058 ], [ -5.823111499999925, 40.566544775000068 ], [ -5.830800773999954, 40.558861655000044 ], [ -5.829327076999959, 40.554712960000074 ], [ -5.831336994999958, 40.552589329000057 ], [ -5.853712, 40.546016999000074 ], [ -5.861019, 40.553420999000025 ], [ -5.853576314999941, 40.559054728000035 ], [ -5.848855101999959, 40.557191776000025 ], [ -5.839905352999949, 40.563728180000055 ], [ -5.836435146999975, 40.569999775000042 ], [ -5.823635593999938, 40.578417380000076 ], [ -5.818151937999971, 40.603462963000027 ], [ -5.82459043199998, 40.60810245700003 ], [ -5.837574814999925, 40.602160303000062 ], [ -5.853350499999976, 40.601989999000068 ], [ -5.854209012999945, 40.606125891000033 ], [ -5.842656466999927, 40.614461643000027 ], [ -5.84258449999993, 40.624812999000028 ], [ -5.834458499999926, 40.628310999000064 ], [ -5.828902, 40.637012999000035 ], [ -5.820788499999935, 40.642291999000065 ], [ -5.817310966999969, 40.639599765000071 ], [ -5.808160887999975, 40.64216134600008 ], [ -5.805322, 40.640308499000071 ], [ -5.811935527999935, 40.63216333400004 ], [ -5.799939801999926, 40.622059291000028 ], [ -5.79591381299997, 40.610410878000039 ], [ -5.789583350999976, 40.603489344000025 ], [ -5.770685257999958, 40.596120622000058 ], [ -5.771478489999936, 40.579582523000056 ], [ -5.768804499999931, 40.572387499000058 ] ] ] } },
{ "type": "Feature", "properties": { "code": "37125", "name": "Escurial de la Sierra" }, "geometry": { "type": "Polygon", "coordinates": [ [ [ -5.976447499999949, 40.582984999000075 ], [ -5.985496414999943, 40.596004686000072 ], [ -5.98324649999995, 40.616065999000057 ], [ -5.975875609999946, 40.624868522000043 ], [ -5.961022094999976, 40.634738146000075 ], [ -5.956644499999925, 40.643989499000043 ], [ -5.951106054999968, 40.644133698000076 ], [ -5.949013567999941, 40.639504575000046 ], [ -5.939711595999938, 40.637102217000063 ], [ -5.935177490999934, 40.629458666000062 ], [ -5.923613, 40.620052499000053 ], [ -5.92926, 40.605095499000072 ], [ -5.936568769999951, 40.600289272000055 ], [ -5.951151009999933, 40.599244699000053 ], [ -5.970783499999925, 40.581527999000059 ], [ -5.976447499999949, 40.582984999000075 ] ] ] } },
{ "type": "Feature", "properties": { "code": "37126", "name": "Espadaña" }, "geometry": { "type": "Polygon", "coordinates": [ [ [ -6.329184, 41.041015499000025 ], [ -6.327769223999951, 41.056681512000068 ], [ -6.320874174999972, 41.059287312000038 ], [ -6.300648, 41.078616999000076 ], [ -6.289501916999939, 41.076779194000039 ], [ -6.277111925999975, 41.080484569000077 ], [ -6.254902694999942, 41.068908841000052 ], [ -6.225933, 41.071403499000041 ], [ -6.212280499999963, 41.055457999000055 ], [ -6.219857990999969, 41.046078039000065 ], [ -6.252139401999955, 41.039453020000053 ], [ -6.255055612999968, 41.024158340000042 ], [ -6.268641499999944, 41.013671499000054 ], [ -6.279458038999962, 41.023636580000073 ], [ -6.293675453999981, 41.029064680000033 ], [ -6.302792759999932, 41.037302772000032 ], [ -6.329184, 41.041015499000025 ] ] ] } },
{ "type": "Feature", "properties": { "code": "37127", "name": "Espeja" }, "geometry": { "type": "Polygon", "coordinates": [ [ [ -6.744099499999948, 40.589198999000075 ], [ -6.718777, 40.594825499000081 ], [ -6.712136499999929, 40.59460049900008 ], [ -6.704794, 40.597888999000077 ], [ -6.696364499999959, 40.598907499000063 ], [ -6.700713593999978, 40.57703448400008 ], [ -6.682953966999946, 40.566303456000071 ], [ -6.683203095999943, 40.56157802000007 ], [ -6.689482030999955, 40.553145193000034 ], [ -6.685761, 40.548888999000042 ], [ -6.687084925999955, 40.542614768000078 ], [ -6.697946810999952, 40.527131305000069 ], [ -6.695872323999936, 40.516269064000028 ], [ -6.707945170999949, 40.511448451000035 ], [ -6.713493, 40.500591499000052 ], [ -6.720902043999956, 40.493706384000063 ], [ -6.723883938999961, 40.485885137000025 ], [ -6.708935499999939, 40.476341499000057 ], [ -6.746316178999962, 40.455379938000078 ], [ -6.75745238099995, 40.456912636000027 ], [ -6.764529969999955, 40.452428177000058 ], [ -6.775134499999979, 40.451409499000079 ], [ -6.779919943999971, 40.45570557700006 ], [ -6.806089067999949, 40.465216783000074 ], [ -6.805718567999975, 40.48021665400006 ], [ -6.810717912999962, 40.485919806000027 ], [ -6.819965, 40.488208499000052 ], [ -6.814035790999981, 40.501942107000048 ], [ -6.79599, 40.512369933000059 ], [ -6.797613223999974, 40.522786970000027 ], [ -6.803016499999956, 40.529777499000033 ], [ -6.796839214999977, 40.531615054000042 ], [ -6.779746669999952, 40.527861347000055 ], [ -6.77046949299995, 40.529457846000071 ], [ -6.762716219999959, 40.537015426000039 ], [ -6.75977348899994, 40.544776550000051 ], [ -6.736256934999972, 40.561644546000025 ], [ -6.737283035999951, 40.564234398000053 ], [ -6.749612123999952, 40.568400265000037 ], [ -6.749532004999935, 40.58011011800005 ], [ -6.744099499999948, 40.589198999000075 ] ] ] } },
{ "type": "Feature", "properties": { "code": "37128", "name": "Espino de la Orbada" }, "geometry": { "type": "Polygon", "coordinates": [ [ [ -5.383802, 41.13434249900007 ], [ -5.377164499999935, 41.112212999000064 ], [ -5.388542258999962, 41.108681783000065 ], [ -5.410463751999941, 41.095560778000049 ], [ -5.415898236999965, 41.09652449500004 ], [ -5.42162849999994, 41.092609499000048 ], [ -5.423615428999938, 41.097631554000031 ], [ -5.437142542999936, 41.100086107000038 ], [ -5.441206418999968, 41.104875781000032 ], [ -5.448816674999932, 41.107382972000039 ], [ -5.451601499999981, 41.125453999000058 ], [ -5.443834583999944, 41.132599299000049 ], [ -5.418009901999937, 41.138275748000069 ], [ -5.40074, 41.147041499000068 ], [ -5.383802, 41.13434249900007 ] ] ] } },
{ "type": "Feature", "properties": { "code": "37129", "name": "Florida de Liébana" }, "geometry": { "type": "Polygon", "coordinates": [ [ [ -5.768965499999979, 41.044067999000049 ], [ -5.759630383999934, 41.038824073000058 ], [ -5.742279394999969, 41.034965690000035 ], [ -5.727725695999936, 41.026295911000034 ], [ -5.731567499999926, 41.019092499000067 ], [ -5.73245849999995, 41.014495999000076 ], [ -5.732292499999971, 41.01163499900008 ], [ -5.728188499999931, 41.003825999000071 ], [ -5.728617499999928, 41.00181599900003 ], [ -5.742585142999928, 41.001564425000026 ], [ -5.754592645999935, 41.006899237000027 ], [ -5.777013, 40.991515999000057 ], [ -5.780116267999972, 40.998918628000069 ], [ -5.788076168999964, 40.998866346000057 ], [ -5.790233883999974, 41.002115736000064 ], [ -5.799256749999927, 41.001181663000068 ], [ -5.803593499999977, 41.004752999000061 ], [ -5.796025572999952, 41.013589429000035 ], [ -5.797478857999977, 41.016889827000057 ], [ -5.791203896999946, 41.017815054000039 ], [ -5.789062005999938, 41.022811482000066 ], [ -5.776179082999931, 41.033836240000028 ], [ -5.774026841999955, 41.041822422000052 ], [ -5.768965499999979, 41.044067999000049 ] ] ] } },
{ "type": "Feature", "properties": { "code": "37130", "name": "Forfoleda" }, "geometry": { "type": "Polygon", "coordinates": [ [ [ -5.71279149999998, 41.112663999000063 ], [ -5.726641665999978, 41.110676384000044 ], [ -5.728289182999958, 41.106340009000064 ], [ -5.725406287999931, 41.098125120000077 ], [ -5.737424054999963, 41.076276736000068 ], [ -5.737124, 41.067989499000078 ], [ -5.780546499999957, 41.075523499000042 ], [ -5.773828114999958, 41.085052707000045 ], [ -5.773428588999934, 41.111983852000037 ], [ -5.78560049999993, 41.141059999000049 ], [ -5.782965454999953, 41.145913267000026 ], [ -5.767687164999927, 41.148231286000055 ], [ -5.759677412999963, 41.146813027000064 ], [ -5.756699796999953, 41.142323928000053 ], [ -5.75111540599994, 41.142809986000032 ], [ -5.726312, 41.154151999000078 ], [ -5.711842708999939, 41.126312656000039 ], [ -5.71279149999998, 41.112663999000063 ] ] ] } },
{ "type": "Feature", "properties": { "code": "37131", "name": "Frades de la Sierra" }, "geometry": { "type": "Polygon", "coordinates": [ [ [ -5.820788499999935, 40.642291999000065 ], [ -5.82252, 40.649398999000027 ], [ -5.820255499999973, 40.65320949900007 ], [ -5.82170949999994, 40.657706999000027 ], [ -5.793964430999949, 40.676728175000051 ], [ -5.773149433999947, 40.683786700000041 ], [ -5.768855499999972, 40.68975449900006 ], [ -5.739401402999931, 40.66828952000003 ], [ -5.735265, 40.661471999000071 ], [ -5.725543549999941, 40.649273982000068 ], [ -5.735469887999955, 40.641618540000024 ], [ -5.736348499999963, 40.637061999000025 ], [ -5.756789523999942, 40.643489628000054 ], [ -5.761156, 40.639102999000045 ], [ -5.79293512299995, 40.644336351000049 ], [ -5.805322, 40.640308499000071 ], [ -5.808160887999975, 40.64216134600008 ], [ -5.817310966999969, 40.639599765000071 ], [ -5.820788499999935, 40.642291999000065 ] ] ] } },
{ "type": "Feature", "properties": { "code": "37132", "name": "Fregeneda, La" }, "geometry": { "type": "Polygon", "coordinates": [ [ [ -6.853061499999967, 41.027023499000052 ], [ -6.84844942999996, 41.01503202300006 ], [ -6.842009005999955, 41.008750454000051 ], [ -6.84358143299994, 40.99801741400006 ], [ -6.834460300999979, 40.990940197000043 ], [ -6.836765921999927, 40.976308599000049 ], [ -6.858105499999965, 40.943164999000032 ], [ -6.861355608999929, 40.950118917000054 ], [ -6.870719, 40.958812499000032 ], [ -6.886295839999946, 40.971239538000077 ], [ -6.908498893999933, 40.998269428000071 ], [ -6.922530526999935, 41.00528574100008 ], [ -6.930738308999935, 41.017305549000071 ], [ -6.929903499999966, 41.02946649900008 ], [ -6.922530526999935, 41.034236489000079 ], [ -6.913435704999927, 41.03848660400007 ], [ -6.877389885999946, 41.028306765000025 ], [ -6.853061499999967, 41.027023499000052 ] ] ] } },
{ "type": "Feature", "properties": { "code": "37133", "name": "Fresnedoso" }, "geometry": { "type": "Polygon", "coordinates": [ [ [ -5.705399499999942, 40.454173999000034 ], [ -5.704438301999971, 40.448650506000035 ], [ -5.695976203999976, 40.437338112000077 ], [ -5.694529, 40.426162999000042 ], [ -5.706566843999951, 40.423957064000035 ], [ -5.719803332999959, 40.428648997000039 ], [ -5.73474, 40.424560499000052 ], [ -5.737450625999941, 40.429114840000068 ], [ -5.730615840999974, 40.439117208000027 ], [ -5.730548501999976, 40.446861196000043 ], [ -5.722901499999978, 40.453654999000037 ], [ -5.718488, 40.450645499000075 ], [ -5.714688, 40.450282999000081 ], [ -5.705399499999942, 40.454173999000034 ] ] ] } },
{ "type": "Feature", "properties": { "code": "37134", "name": "Fresno Alhándiga" }, "geometry": { "type": "Polygon", "coordinates": [ [ [ -5.59925, 40.702811999000062 ], [ -5.609542173999955, 40.69812040100004 ], [ -5.641210499999943, 40.698394499000074 ], [ -5.665252, 40.710117499000035 ], [ -5.656302846999949, 40.716864034000025 ], [ -5.647832217999962, 40.719004793000067 ], [ -5.642316053999934, 40.727373230000069 ], [ -5.628238499999952, 40.727901499000041 ], [ -5.606083527999942, 40.720251167000072 ], [ -5.596855499999947, 40.713378999000042 ], [ -5.59925, 40.702811999000062 ] ] ] } },
{ "type": "Feature", "properties": { "code": "37135", "name": "Fuente de San Esteban, La" }, "geometry": { "type": "MultiPolygon", "coordinates": [ [ [ [ -6.078518, 40.862640499000065 ], [ -6.078986, 40.867107499000042 ], [ -6.061782522999977, 40.859719331000065 ], [ -6.056906752999964, 40.852537283000061 ], [ -6.056211722999933, 40.83894334200005 ], [ -6.061453330999939, 40.837621793000039 ], [ -6.072340868999959, 40.858863186000065 ], [ -6.078518, 40.862640499000065 ] ] ], [ [ [ -6.173908499999925, 40.839240999000026 ], [ -6.172861288999968, 40.829454989000055 ], [ -6.163361757999951, 40.829826523000065 ], [ -6.156356802999937, 40.82293541100006 ], [ -6.138619679999977, 40.823448479000035 ], [ -6.131043499999976, 40.820194499000024 ], [ -6.122529, 40.815101499000036 ], [ -6.144378356999937, 40.804179477000048 ], [ -6.148834267999973, 40.797087858000054 ], [ -6.16578710999994, 40.794942448000029 ], [ -6.178001096999935, 40.786477068000067 ], [ -6.188339569999926, 40.785054348000074 ], [ -6.186676014999932, 40.775736873000028 ], [ -6.190186, 40.764693999000031 ], [ -6.199677268999949, 40.760919023000042 ], [ -6.225939499999981, 40.73389449900003 ], [ -6.237347209999939, 40.748114151000038 ], [ -6.245253097999978, 40.752762606000033 ], [ -6.252482565999969, 40.765268755000079 ], [ -6.265216719999955, 40.768839470000046 ], [ -6.272917320999966, 40.780799432000038 ], [ -6.269251074999943, 40.79102455900005 ], [ -6.276774323999973, 40.796571211000071 ], [ -6.288673, 40.79955699900006 ], [ -6.277598499999954, 40.819911999000055 ], [ -6.270062499999938, 40.821441499000059 ], [ -6.266638604999969, 40.818610124000031 ], [ -6.251164616999972, 40.818040162000045 ], [ -6.230284708999932, 40.823232808000057 ], [ -6.210619743999928, 40.824031249000029 ], [ -6.205041499999936, 40.827968499000065 ], [ -6.201442888999964, 40.828421720000051 ], [ -6.199081736999972, 40.833516560000078 ], [ -6.190428499999939, 40.843448999000032 ], [ -6.17970609899993, 40.843388344000061 ], [ -6.173908499999925, 40.839240999000026 ] ] ] ] } },
{ "type": "Feature", "properties": { "code": "37136", "name": "Fuenteguinaldo" }, "geometry": { "type": "Polygon", "coordinates": [ [ [ -6.688412, 40.456714499000043 ], [ -6.679194591999931, 40.457667104000052 ], [ -6.67126736299997, 40.471625445000029 ], [ -6.663658717999965, 40.478666075000035 ], [ -6.629984711999953, 40.47957692500006 ], [ -6.626196, 40.484100499000078 ], [ -6.616852559999927, 40.483302249000076 ], [ -6.60725876999993, 40.476036921000059 ], [ -6.616177181999944, 40.462705174000064 ], [ -6.597450976999937, 40.45368628500006 ], [ -6.588703, 40.440143499000044 ], [ -6.612328139999931, 40.423632766000026 ], [ -6.622206184999925, 40.412755773000072 ], [ -6.656471253999939, 40.399803700000064 ], [ -6.674518147999947, 40.378294215000039 ], [ -6.673235938999937, 40.366540684000029 ], [ -6.681521452999959, 40.355855123000026 ], [ -6.691008708999959, 40.353952681000067 ], [ -6.704725499999938, 40.345870999000056 ], [ -6.71059624399993, 40.353876470000046 ], [ -6.71678049999997, 40.35497699900003 ], [ -6.709067968999932, 40.370958892000033 ], [ -6.737259482999946, 40.37675871600004 ], [ -6.738762718999965, 40.401934632000064 ], [ -6.747422499999971, 40.41481249900005 ], [ -6.726700823999977, 40.430940931000066 ], [ -6.723644039999954, 40.443411381000033 ], [ -6.717284913999947, 40.442212677000043 ], [ -6.715490280999973, 40.451024506000067 ], [ -6.707372032999956, 40.447616507000077 ], [ -6.688412, 40.456714499000043 ] ] ] } },
{ "type": "Feature", "properties": { "code": "37137", "name": "Fuenteliante" }, "geometry": { "type": "Polygon", "coordinates": [ [ [ -6.597297499999968, 40.866901499000051 ], [ -6.595085731999973, 40.889016691000052 ], [ -6.579994814999964, 40.890829831000076 ], [ -6.574720499999955, 40.897453499000051 ], [ -6.568609923999929, 40.895740749000026 ], [ -6.518172499999935, 40.86090499900007 ], [ -6.525346962999947, 40.858138827000062 ], [ -6.539875886999937, 40.845241139000052 ], [ -6.546461097999952, 40.833516560000078 ], [ -6.544784, 40.824039499000037 ], [ -6.556178203999934, 40.821452653000051 ], [ -6.545717406999927, 40.812414253000043 ], [ -6.548312213999964, 40.798335957000063 ], [ -6.561189499999955, 40.799640499000077 ], [ -6.569674795999958, 40.790160021000077 ], [ -6.586983038999961, 40.788398640000025 ], [ -6.598903298999971, 40.791905924000048 ], [ -6.612353363999944, 40.801132920000043 ], [ -6.609007928999972, 40.812682977000065 ], [ -6.58030279299993, 40.833516560000078 ], [ -6.588362142999927, 40.842689347000032 ], [ -6.588707234999958, 40.851960328000075 ], [ -6.597297499999968, 40.866901499000051 ] ] ] } },
{ "type": "Feature", "properties": { "code": "37138", "name": "Fuenterroble de Salvatierra" }, "geometry": { "type": "Polygon", "coordinates": [ [ [ -5.768804499999931, 40.572387499000058 ], [ -5.738899, 40.576476999000079 ], [ -5.721738467999955, 40.57604851900004 ], [ -5.710869179999975, 40.571454523000057 ], [ -5.706750868999961, 40.566674445000046 ], [ -5.705293955999934, 40.553677415000038 ], [ -5.721145940999975, 40.545000160000029 ], [ -5.710647807999976, 40.531148293000058 ], [ -5.718754, 40.52591699900006 ], [ -5.72888649999993, 40.525779999000065 ], [ -5.755224884999961, 40.52169927500006 ], [ -5.771207, 40.523780999000053 ], [ -5.767745561999959, 40.531045166000069 ], [ -5.770192523999981, 40.537922457000036 ], [ -5.768804499999931, 40.572387499000058 ] ] ] } },
{ "type": "Feature", "properties": { "code": "37139", "name": "Fuentes de Béjar" }, "geometry": { "type": "Polygon", "coordinates": [ [ [ -5.666842499999973, 40.522109999000065 ], [ -5.673047382999926, 40.50800590800003 ], [ -5.68358219299995, 40.499882183000068 ], [ -5.684913499999936, 40.492236999000056 ], [ -5.691619499999945, 40.492655999000078 ], [ -5.694620499999928, 40.494247499000039 ], [ -5.697476, 40.494251499000029 ], [ -5.704509499999972, 40.49074549900007 ], [ -5.719346224999981, 40.490819463000037 ], [ -5.720044436999956, 40.499755468000046 ], [ -5.727176, 40.504489999000043 ], [ -5.718754, 40.52591699900006 ], [ -5.674413499999957, 40.524043999000071 ], [ -5.666842499999973, 40.522109999000065 ] ] ] } },
{ "type": "Feature", "properties": { "code": "37140", "name": "Fuentes de Oñoro" }, "geometry": { "type": "Polygon", "coordinates": [ [ [ -6.803016499999956, 40.529777499000033 ], [ -6.804942530999938, 40.539779887000066 ], [ -6.801724982999929, 40.549482476000037 ], [ -6.805632190999972, 40.554056523000042 ], [ -6.844637, 40.566791499000033 ], [ -6.841026499999941, 40.57648449900006 ], [ -6.837812499999927, 40.579780499000037 ], [ -6.836757, 40.585693499000058 ], [ -6.837706499999967, 40.58937049900004 ], [ -6.836146267999936, 40.595789650000029 ], [ -6.820986479999931, 40.610460799000066 ], [ -6.813009499999964, 40.622371999000052 ], [ -6.795656754999925, 40.618583941000054 ], [ -6.784302434999972, 40.610106561000066 ], [ -6.767606576999981, 40.603634593000038 ], [ -6.751428499999975, 40.605937999000048 ], [ -6.746995916999936, 40.602509866000048 ], [ -6.747957112999927, 40.594444875000079 ], [ -6.744099499999948, 40.589198999000075 ], [ -6.749532004999935, 40.58011011800005 ], [ -6.749612123999952, 40.568400265000037 ], [ -6.737283035999951, 40.564234398000053 ], [ -6.736256934999972, 40.561644546000025 ], [ -6.75977348899994, 40.544776550000051 ], [ -6.762716219999959, 40.537015426000039 ], [ -6.77046949299995, 40.529457846000071 ], [ -6.779746669999952, 40.527861347000055 ], [ -6.796839214999977, 40.531615054000042 ], [ -6.803016499999956, 40.529777499000033 ] ] ] } },
{ "type": "Feature", "properties": { "code": "37141", "name": "Gajates" }, "geometry": { "type": "Polygon", "coordinates": [ [ [ -5.335996, 40.80492749900003 ], [ -5.336306690999947, 40.800449258000071 ], [ -5.32929145199995, 40.793542111000079 ], [ -5.329391141999963, 40.786195245000044 ], [ -5.346443364999971, 40.765926351000076 ], [ -5.355634499999951, 40.76054749900004 ], [ -5.359595580999951, 40.757234667000034 ], [ -5.363244603999931, 40.764685531000055 ], [ -5.382413499999927, 40.767688999000029 ], [ -5.388502949999975, 40.774251493000065 ], [ -5.389186854999934, 40.785905642000046 ], [ -5.395915, 40.78902849900004 ], [ -5.389290832999961, 40.792777096000066 ], [ -5.397770688999969, 40.803078794000044 ], [ -5.395481168999936, 40.810934532000033 ], [ -5.360315499999956, 40.824176999000031 ], [ -5.352880499999969, 40.821464499000058 ], [ -5.346059643999979, 40.817424720000076 ], [ -5.343324915999972, 40.809062795000045 ], [ -5.335996, 40.80492749900003 ] ] ] } },
{ "type": "Feature", "properties": { "code": "37142", "name": "Galindo y Perahuy" }, "geometry": { "type": "MultiPolygon", "coordinates": [ [ [ [ -5.788578, 40.967811499000049 ], [ -5.783244613999955, 40.962993522000033 ], [ -5.77248039899996, 40.964970442000038 ], [ -5.772204, 40.955596999000079 ], [ -5.800211694999973, 40.94231923500007 ], [ -5.80631989799997, 40.936849824000035 ], [ -5.800543933999961, 40.92465235800006 ], [ -5.803895046999969, 40.915197026000044 ], [ -5.81294162599994, 40.913251480000042 ], [ -5.818782390999957, 40.915799326000069 ], [ -5.84649, 40.903846499000053 ], [ -5.847431499999971, 40.909992499000055 ], [ -5.843379829999947, 40.915591198000072 ], [ -5.843679803999976, 40.929260469000042 ], [ -5.859786548999978, 40.929808546000061 ], [ -5.874067010999966, 40.935799360000033 ], [ -5.881535644999929, 40.943816406000053 ], [ -5.890638499999966, 40.943328999000073 ], [ -5.893172162999974, 40.954366737000043 ], [ -5.880823, 40.96207399900004 ], [ -5.870748372999969, 40.978893852000056 ], [ -5.841384, 40.980849999000043 ], [ -5.840752582999926, 40.97310180900007 ], [ -5.848938360999966, 40.964535501000057 ], [ -5.838076913999942, 40.963394953000034 ], [ -5.829337907999957, 40.958663386000069 ], [ -5.818857883999954, 40.959473742000057 ], [ -5.810658328999978, 40.97903764800003 ], [ -5.799365934999969, 40.979640077000056 ], [ -5.788578, 40.967811499000049 ] ], [ [ -5.827401785999939, 40.941913169000031 ], [ -5.822656602999928, 40.93819989900004 ], [ -5.816312269999969, 40.939421061000075 ], [ -5.798509326999977, 40.953366600000038 ], [ -5.797205656999949, 40.966249425000058 ], [ -5.801831067999956, 40.966423970000051 ], [ -5.807297820999963, 40.956984878000071 ], [ -5.827401785999939, 40.941913169000031 ] ] ], [ [ [ -5.796156, 40.867431499000077 ], [ -5.808467856999926, 40.873856843000056 ], [ -5.817584314999976, 40.87478459600004 ], [ -5.823663, 40.879585499000029 ], [ -5.823268499999926, 40.882602999000028 ], [ -5.813152429999946, 40.883881474000077 ], [ -5.794192177999946, 40.881066180000062 ], [ -5.793495574999952, 40.872694138000043 ], [ -5.796156, 40.867431499000077 ] ] ] ] } },
{ "type": "Feature", "properties": { "code": "37143", "name": "Galinduste" }, "geometry": { "type": "Polygon", "coordinates": [ [ [ -5.52023, 40.696407499000031 ], [ -5.507611419999932, 40.688075705000074 ], [ -5.496186, 40.686965999000051 ], [ -5.497500535999961, 40.682974219000073 ], [ -5.489957963999927, 40.667798263000066 ], [ -5.502333893999946, 40.649543594000079 ], [ -5.502629499999955, 40.639724499000067 ], [ -5.515627774999928, 40.637971591000053 ], [ -5.522921, 40.626857499000039 ], [ -5.547104420999972, 40.630989047000071 ], [ -5.552046116999975, 40.637765276000039 ], [ -5.54773047599997, 40.645797708000032 ], [ -5.565444543999945, 40.663680484000054 ], [ -5.562949017999927, 40.670232497000029 ], [ -5.552531745999943, 40.67478286000005 ], [ -5.550228354999945, 40.689744372000064 ], [ -5.543858, 40.690700499000059 ], [ -5.531901969999979, 40.688717520000068 ], [ -5.52023, 40.696407499000031 ] ] ] } },
{ "type": "Feature", "properties": { "code": "37144", "name": "Galisancho" }, "geometry": { "type": "Polygon", "coordinates": [ [ [ -5.590008, 40.718440999000052 ], [ -5.582988716999978, 40.726692746000026 ], [ -5.583577442999967, 40.732901106000043 ], [ -5.570281933999979, 40.734071494000034 ], [ -5.561368244999926, 40.738447595000025 ], [ -5.557426499999963, 40.750503499000047 ], [ -5.547649, 40.753783999000063 ], [ -5.538230346999967, 40.750796088000072 ], [ -5.534003102999975, 40.742908660000069 ], [ -5.528892499999927, 40.740173499000036 ], [ -5.525863675999972, 40.735952803000032 ], [ -5.529055104999941, 40.732603281000024 ], [ -5.527296413999977, 40.728672238000058 ], [ -5.515574168999933, 40.720310098000027 ], [ -5.514298169999961, 40.715463698000065 ], [ -5.52023, 40.696407499000031 ], [ -5.531901969999979, 40.688717520000068 ], [ -5.543858, 40.690700499000059 ], [ -5.544396702999961, 40.698478822000027 ], [ -5.555956692999928, 40.716235450000056 ], [ -5.56066672999998, 40.716971534000038 ], [ -5.569179693999956, 40.71117969800008 ], [ -5.590008, 40.718440999000052 ] ] ] } },
{ "type": "Feature", "properties": { "code": "37145", "name": "Gallegos de Argañán" }, "geometry": { "type": "Polygon", "coordinates": [ [ [ -6.696364499999959, 40.598907499000063 ], [ -6.704794, 40.597888999000077 ], [ -6.712136499999929, 40.59460049900008 ], [ -6.718777, 40.594825499000081 ], [ -6.744099499999948, 40.589198999000075 ], [ -6.747957112999927, 40.594444875000079 ], [ -6.746995916999936, 40.602509866000048 ], [ -6.751428499999975, 40.605937999000048 ], [ -6.750431129999981, 40.611773407000044 ], [ -6.744857618999959, 40.615032522000035 ], [ -6.741913280999938, 40.632546150000053 ], [ -6.730411, 40.645675499000049 ], [ -6.702437690999943, 40.653193546000068 ], [ -6.679918747999977, 40.651967573000036 ], [ -6.668806, 40.65875599900005 ], [ -6.658137894999925, 40.64629102400005 ], [ -6.644848488999969, 40.641390951000062 ], [ -6.65209893499997, 40.625753368000062 ], [ -6.636063499999977, 40.624645499000053 ], [ -6.635154676999946, 40.616326198000024 ], [ -6.644305370999973, 40.612508967000053 ], [ -6.648182848999966, 40.606937275000064 ], [ -6.671611377999966, 40.609354617000065 ], [ -6.673278396999933, 40.602520340000069 ], [ -6.696364499999959, 40.598907499000063 ] ] ] } },
{ "type": "Feature", "properties": { "code": "37146", "name": "Gallegos de Solmirón" }, "geometry": { "type": "Polygon", "coordinates": [ [ [ -5.461991499999954, 40.49122249900006 ], [ -5.47653855599998, 40.501466728000025 ], [ -5.482933499999945, 40.512984999000025 ], [ -5.48490849999996, 40.519466499000032 ], [ -5.491422, 40.525802499000065 ], [ -5.493786499999942, 40.531947999000067 ], [ -5.49334749999997, 40.539523999000039 ], [ -5.494684499999948, 40.54090099900003 ], [ -5.500067499999943, 40.54180149900003 ], [ -5.508205499999974, 40.548832499000071 ], [ -5.431113, 40.567268499000079 ], [ -5.428544, 40.564502999000069 ], [ -5.425593, 40.556674999000052 ], [ -5.429839, 40.552001999000026 ], [ -5.433272, 40.534248499000057 ], [ -5.446365245999971, 40.520592144000034 ], [ -5.451449863999926, 40.495978165000054 ], [ -5.461991499999954, 40.49122249900006 ] ] ] } },
{ "type": "Feature", "properties": { "code": "37147", "name": "Garcibuey" }, "geometry": { "type": "Polygon", "coordinates": [ [ [ -5.986009499999966, 40.520903999000041 ], [ -5.944467, 40.508601999000064 ], [ -5.948437886999955, 40.50338010400003 ], [ -5.943598313999928, 40.500029447000031 ], [ -5.946668959999954, 40.494907118000071 ], [ -5.943627499999934, 40.491313999000056 ], [ -5.948396852999963, 40.490771681000069 ], [ -5.95091021199994, 40.482428904000074 ], [ -5.9661, 40.479984499000068 ], [ -5.968118769999933, 40.49025729300007 ], [ -5.974305989999948, 40.491488567000033 ], [ -5.978519508999966, 40.498876501000041 ], [ -5.988975499999981, 40.502956499000049 ], [ -5.992529009999942, 40.510287280000057 ], [ -6.002581904999943, 40.517050317000042 ], [ -6.004789230999961, 40.52685862900006 ], [ -6.010586, 40.533901499000081 ], [ -5.999805499999979, 40.528056999000057 ], [ -5.994291, 40.523986999000044 ], [ -5.986009499999966, 40.520903999000041 ] ] ] } },
{ "type": "Feature", "properties": { "code": "37148", "name": "Garcihernández" }, "geometry": { "type": "Polygon", "coordinates": [ [ [ -5.495947499999943, 40.866096499000037 ], [ -5.492967721999946, 40.888417983000068 ], [ -5.480055, 40.89932249900005 ], [ -5.480190407999942, 40.894918948000054 ], [ -5.471898086999943, 40.888416880000079 ], [ -5.455101681999963, 40.889850373000058 ], [ -5.442426151999939, 40.900203007000073 ], [ -5.432043360999955, 40.914523152000072 ], [ -5.422609499999965, 40.915523499000074 ], [ -5.412241841999958, 40.911133225000071 ], [ -5.399407, 40.897380999000063 ], [ -5.407533287999968, 40.891433794000079 ], [ -5.407985250999957, 40.882381099000042 ], [ -5.418079887999966, 40.87087985800008 ], [ -5.41369835699993, 40.859683042000029 ], [ -5.395327, 40.85703249900007 ], [ -5.39632, 40.855266499000038 ], [ -5.395247499999925, 40.85314549900005 ], [ -5.395803499999943, 40.847549499000024 ], [ -5.406650270999933, 40.830264042000067 ], [ -5.407191151999939, 40.825213899000062 ], [ -5.417363834999946, 40.823359297000025 ], [ -5.428696229999957, 40.812830438000049 ], [ -5.430441438999935, 40.815330473000074 ], [ -5.427557350999962, 40.822555470000054 ], [ -5.427485021999928, 40.838724245000037 ], [ -5.45929, 40.840552999000067 ], [ -5.462564509999936, 40.842653572000074 ], [ -5.462058464999927, 40.853672730000028 ], [ -5.472359024999946, 40.854453171000046 ], [ -5.47404925099994, 40.859612532000028 ], [ -5.483552234999934, 40.864685782000038 ], [ -5.495947499999943, 40.866096499000037 ] ] ] } },
{ "type": "Feature", "properties": { "code": "37149", "name": "Garcirrey" }, "geometry": { "type": "Polygon", "coordinates": [ [ [ -6.226327499999968, 40.916480999000044 ], [ -6.214640320999933, 40.916930126000068 ], [ -6.189330190999954, 40.935327974000074 ], [ -6.176485, 40.938289499000064 ], [ -6.15895951899995, 40.934093769000071 ], [ -6.163230988999942, 40.923372119000078 ], [ -6.156443255999932, 40.922185445000025 ], [ -6.148764996999944, 40.914515411000025 ], [ -6.132063672999948, 40.917001409000079 ], [ -6.118855890999953, 40.919405966000056 ], [ -6.11249578099995, 40.92535551900005 ], [ -6.104144408999957, 40.926109079000071 ], [ -6.090283774999932, 40.938654624000037 ], [ -6.079190627999935, 40.926360685000077 ], [ -6.080172063999953, 40.913182721000055 ], [ -6.068956499999956, 40.907050999000035 ], [ -6.075927147999948, 40.902611277000062 ], [ -6.075434783999981, 40.890674549000039 ], [ -6.055485499999975, 40.886489999000048 ], [ -6.073577778999947, 40.877725911000027 ], [ -6.078986, 40.867107499000042 ], [ -6.078518, 40.862640499000065 ], [ -6.094820421999941, 40.85915854700005 ], [ -6.10986201399993, 40.862868775000038 ], [ -6.126298233999933, 40.853239660000042 ], [ -6.132419, 40.844390999000041 ], [ -6.133520364999981, 40.846558408000078 ], [ -6.136906787999976, 40.847043781000025 ], [ -6.142399520999959, 40.844118600000058 ], [ -6.135131, 40.840552999000067 ], [ -6.136568, 40.838813999000081 ], [ -6.127751190999959, 40.831504996000035 ], [ -6.125712745999977, 40.826672746000042 ], [ -6.127401715999952, 40.82181767700007 ], [ -6.131043499999976, 40.820194499000024 ], [ -6.138619679999977, 40.823448479000035 ], [ -6.156356802999937, 40.82293541100006 ], [ -6.163361757999951, 40.829826523000065 ], [ -6.172861288999968, 40.829454989000055 ], [ -6.173908499999925, 40.839240999000026 ], [ -6.159684778999974, 40.847477307000077 ], [ -6.149865055999953, 40.848256493000065 ], [ -6.14322180299996, 40.852074197000036 ], [ -6.160398649999934, 40.862514331000057 ], [ -6.151049038999929, 40.883245219000059 ], [ -6.165533514999936, 40.890985068000077 ], [ -6.173636647999956, 40.892090758000052 ], [ -6.180054478999978, 40.888416860000063 ], [ -6.183764734999954, 40.880543515000056 ], [ -6.192525499999931, 40.88117599900005 ], [ -6.202543610999953, 40.890606570000045 ], [ -6.203833721999956, 40.895378188000052 ], [ -6.212062875999948, 40.900996095000039 ], [ -6.234990499999981, 40.902267499000061 ], [ -6.226327499999968, 40.916480999000044 ] ] ] } },
{ "type": "Feature", "properties": { "code": "37150", "name": "Gejuelo del Barro" }, "geometry": { "type": "Polygon", "coordinates": [ [ [ -6.14447, 41.030628499000045 ], [ -6.171898, 41.032657499000038 ], [ -6.158893278999926, 41.05744657300005 ], [ -6.166089499999941, 41.066020999000045 ], [ -6.15174084299997, 41.080385048000039 ], [ -6.151294674999974, 41.085553928000024 ], [ -6.147537499999942, 41.088233999000067 ], [ -6.132063672999948, 41.087352978000069 ], [ -6.117976638999949, 41.091139198000064 ], [ -6.098960243999954, 41.080251034000071 ], [ -6.076807009999925, 41.082562396000071 ], [ -6.065208, 41.089717999000072 ], [ -6.056411571999945, 41.08642616700007 ], [ -6.041899519999959, 41.086476117000075 ], [ -6.035561213999927, 41.081690804000061 ], [ -6.036816993999935, 41.078454816000033 ], [ -6.030271499999969, 41.07139599900006 ], [ -6.038762128999963, 41.066229139000029 ], [ -6.040210477999949, 41.060509986000056 ], [ -6.059960168999964, 41.059413326000026 ], [ -6.07803630799998, 41.065175011000065 ], [ -6.077670900999976, 41.059001198000033 ], [ -6.070484416999932, 41.053673792000041 ], [ -6.075789, 41.048564999000064 ], [ -6.087632267999936, 41.052661664000027 ], [ -6.10702002599993, 41.053196787000047 ], [ -6.11855326899996, 41.044080997000037 ], [ -6.132063672999948, 41.038021883000056 ], [ -6.139296, 41.032878999000047 ], [ -6.14447, 41.030628499000045 ] ] ] } },
{ "type": "Feature", "properties": { "code": "37151", "name": "Golpejas" }, "geometry": { "type": "Polygon", "coordinates": [ [ [ -5.94008, 41.011680499000079 ], [ -5.925479499999938, 41.016242999000042 ], [ -5.923251320999952, 41.017566758000044 ], [ -5.883565499999975, 41.005130499000074 ], [ -5.882405831999961, 40.998477904000026 ], [ -5.887637591999976, 40.987110233000067 ], [ -5.895354659999953, 40.982025861000068 ], [ -5.901031499999931, 40.982391499000073 ], [ -5.905272499999967, 40.985011999000051 ], [ -5.917930499999954, 40.988006499000051 ], [ -5.921674499999938, 40.987975999000071 ], [ -5.931517859999929, 40.999732519000077 ], [ -5.939262543999973, 41.003149577000045 ], [ -5.94184194199994, 41.00829179200008 ], [ -5.94008, 41.011680499000079 ] ] ] } },
{ "type": "Feature", "properties": { "code": "37152", "name": "Gomecello" }, "geometry": { "type": "Polygon", "coordinates": [ [ [ -5.541612499999928, 41.008540999000047 ], [ -5.546608, 41.010772499000041 ], [ -5.555921499999954, 41.012988999000072 ], [ -5.561157499999979, 41.019531499000038 ], [ -5.562942499999963, 41.023219999000048 ], [ -5.561048, 41.02498999900007 ], [ -5.559585499999969, 41.028362499000025 ], [ -5.573079499999949, 41.045329999000046 ], [ -5.564805922999938, 41.042929494000077 ], [ -5.54792176899997, 41.045929704000059 ], [ -5.538719, 41.057018499000037 ], [ -5.518783320999944, 41.049068127000055 ], [ -5.499402499999974, 41.055434999000056 ], [ -5.501785015999928, 41.048820615000068 ], [ -5.498455499999977, 41.025642499000071 ], [ -5.525697238999953, 41.01623765800008 ], [ -5.536173142999928, 41.008582041000068 ], [ -5.541612499999928, 41.008540999000047 ] ] ] } },
{ "type": "Feature", "properties": { "code": "37154", "name": "Guadramiro" }, "geometry": { "type": "Polygon", "coordinates": [ [ [ -6.505324, 41.044612999000037 ], [ -6.489407898999957, 41.047091719000036 ], [ -6.480219, 41.053550999000038 ], [ -6.471690394999939, 41.045591388000048 ], [ -6.453610499999968, 41.038863999000057 ], [ -6.459096987999942, 41.024496301000056 ], [ -6.469408243999965, 41.011470190000068 ], [ -6.476249, 40.99055499900004 ], [ -6.485197478999964, 40.989754890000029 ], [ -6.503669043999935, 40.977946735000046 ], [ -6.514654740999958, 40.993974086000037 ], [ -6.520474642999943, 40.99669791000008 ], [ -6.536088155999948, 40.986087017000045 ], [ -6.547144, 40.973674999000025 ], [ -6.55175576299996, 40.975653438000052 ], [ -6.554249, 40.981399499000077 ], [ -6.528631659999974, 40.997642692000056 ], [ -6.527534368999966, 41.010131994000062 ], [ -6.511229560999936, 41.026036590000047 ], [ -6.505324, 41.044612999000037 ] ] ] } },
{ "type": "Feature", "properties": { "code": "37155", "name": "Guijo de Ávila" }, "geometry": { "type": "Polygon", "coordinates": [ [ [ -5.626355499999931, 40.499412999000072 ], [ -5.634059516999969, 40.507621402000041 ], [ -5.666842499999973, 40.522109999000065 ], [ -5.674413499999957, 40.524043999000071 ], [ -5.668847563999975, 40.529329266000047 ], [ -5.655147813999974, 40.534837577000076 ], [ -5.636011015999941, 40.537280469000052 ], [ -5.631799499999943, 40.543296999000063 ], [ -5.628031219999968, 40.533288043000027 ], [ -5.608608047999951, 40.52229608500005 ], [ -5.599977, 40.521240499000044 ], [ -5.609456439999974, 40.506266812000035 ], [ -5.626355499999931, 40.499412999000072 ] ] ] } },
{ "type": "Feature", "properties": { "code": "37156", "name": "Guijuelo" }, "geometry": { "type": "Polygon", "coordinates": [ [ [ -5.736348499999963, 40.637061999000025 ], [ -5.736419274999946, 40.624330187000055 ], [ -5.730703034999976, 40.618921182000065 ], [ -5.714469509999958, 40.615955966000058 ], [ -5.690723394999964, 40.60644013700005 ], [ -5.676614, 40.609229999000036 ], [ -5.664525691999927, 40.600803222000025 ], [ -5.650851342999943, 40.597489928000073 ], [ -5.638031, 40.589500999000052 ], [ -5.649621890999981, 40.583998066000049 ], [ -5.651563781999926, 40.575923035000073 ], [ -5.642370587999949, 40.55970658800004 ], [ -5.630222, 40.55398199900003 ], [ -5.632777424999972, 40.550180911000041 ], [ -5.631799499999943, 40.543296999000063 ], [ -5.636011015999941, 40.537280469000052 ], [ -5.655147813999974, 40.534837577000076 ], [ -5.668847563999975, 40.529329266000047 ], [ -5.674413499999957, 40.524043999000071 ], [ -5.718754, 40.52591699900006 ], [ -5.710647807999976, 40.531148293000058 ], [ -5.721145940999975, 40.545000160000029 ], [ -5.705293955999934, 40.553677415000038 ], [ -5.706750868999961, 40.566674445000046 ], [ -5.710869179999975, 40.571454523000057 ], [ -5.721738467999955, 40.57604851900004 ], [ -5.738899, 40.576476999000079 ], [ -5.737633, 40.618137499000056 ], [ -5.761156, 40.639102999000045 ], [ -5.756789523999942, 40.643489628000054 ], [ -5.736348499999963, 40.637061999000025 ] ] ] } },
{ "type": "Feature", "properties": { "code": "37157", "name": "Herguijuela de Ciudad Rodrigo" }, "geometry": { "type": "MultiPolygon", "coordinates": [ [ [ [ -6.494908, 40.392769499000053 ], [ -6.509562218999974, 40.410113307000074 ], [ -6.515717941999981, 40.423179569000069 ], [ -6.52365488199996, 40.424542682000038 ], [ -6.511994499999957, 40.44068549900004 ], [ -6.510765344999925, 40.438607940000054 ], [ -6.501522582999939, 40.439872611000055 ], [ -6.492614863999961, 40.443836795000038 ], [ -6.488627576999932, 40.427730931000042 ], [ -6.479589208999926, 40.418169487000057 ], [ -6.482270607999965, 40.401338084000031 ], [ -6.494908, 40.392769499000053 ] ] ], [ [ [ -6.53873649999997, 40.470710999000062 ], [ -6.516666499999928, 40.480312499000036 ], [ -6.513339273999975, 40.473353784000039 ], [ -6.51710011199998, 40.44816355200004 ], [ -6.513634, 40.443191499000079 ], [ -6.538285748999954, 40.434088530000054 ], [ -6.547779749999961, 40.438462549000064 ], [ -6.551090853999938, 40.455825555000047 ], [ -6.555089, 40.460754499000075 ], [ -6.53873649999997, 40.470710999000062 ] ] ] ] } },
{ "type": "Feature", "properties": { "code": "37158", "name": "Herguijuela de la Sierra" }, "geometry": { "type": "Polygon", "coordinates": [ [ [ -6.071093499999961, 40.460976999000025 ], [ -6.069261, 40.458957499000064 ], [ -6.048346784999978, 40.448389881000026 ], [ -6.048510976999978, 40.435945844000059 ], [ -6.043532158999938, 40.412665347000029 ], [ -6.045995538999932, 40.411381211000048 ], [ -6.052270717999932, 40.415627745000052 ], [ -6.055311105999976, 40.407098182000027 ], [ -6.075211499999966, 40.403040499000042 ], [ -6.082520196999951, 40.403040277000059 ], [ -6.098389529999963, 40.413241818000074 ], [ -6.117842499999938, 40.415952999000069 ], [ -6.12835526799995, 40.42145836800006 ], [ -6.124423289999925, 40.429778163000037 ], [ -6.117024296999944, 40.434983726000041 ], [ -6.115607, 40.44106799900004 ], [ -6.100381793999929, 40.456687848000058 ], [ -6.071093499999961, 40.460976999000025 ] ] ] } },
{ "type": "Feature", "properties": { "code": "37159", "name": "Herguijuela del Campo" }, "geometry": { "type": "Polygon", "coordinates": [ [ [ -5.84258449999993, 40.624812999000028 ], [ -5.842656466999927, 40.614461643000027 ], [ -5.854209012999945, 40.606125891000033 ], [ -5.853350499999976, 40.601989999000068 ], [ -5.858087419999947, 40.593523034000043 ], [ -5.878347499999961, 40.59460449900007 ], [ -5.903868581999973, 40.59184652700003 ], [ -5.918700204999936, 40.605293876000076 ], [ -5.92926, 40.605095499000072 ], [ -5.923613, 40.620052499000053 ], [ -5.913897980999934, 40.623777934000032 ], [ -5.89514700899997, 40.616579224000077 ], [ -5.892445846999976, 40.619686288000025 ], [ -5.894314736999945, 40.629364660000078 ], [ -5.889534286999947, 40.634807610000053 ], [ -5.885825, 40.645637499000031 ], [ -5.859381075999977, 40.637787589000027 ], [ -5.84258449999993, 40.624812999000028 ] ] ] } },
{ "type": "Feature", "properties": { "code": "37160", "name": "Hinojosa de Duero" }, "geometry": { "type": "Polygon", "coordinates": [ [ [ -6.858105499999965, 40.943164999000032 ], [ -6.836765921999927, 40.976308599000049 ], [ -6.834460300999979, 40.990940197000043 ], [ -6.84358143299994, 40.99801741400006 ], [ -6.842009005999955, 41.008750454000051 ], [ -6.84844942999996, 41.01503202300006 ], [ -6.853061499999967, 41.027023499000052 ], [ -6.83292, 41.02911399900006 ], [ -6.827956499999971, 41.031093499000065 ], [ -6.822433499999931, 41.031844999000043 ], [ -6.812536, 41.035899999000037 ], [ -6.808375, 41.036525999000048 ], [ -6.778861006999932, 41.02132984800005 ], [ -6.753895827999941, 41.024195949000045 ], [ -6.750311425999939, 41.02717533100008 ], [ -6.723600499999975, 41.028566048000073 ], [ -6.706890270999963, 41.037067409000031 ], [ -6.690835499999935, 41.028991499000028 ], [ -6.697517053999945, 41.020891934000076 ], [ -6.705921168999964, 41.002368846000024 ], [ -6.705015, 40.994506999000066 ], [ -6.722591955999974, 40.986574817000076 ], [ -6.727768553999965, 40.976087993000078 ], [ -6.752660617999936, 40.953361698000037 ], [ -6.759012, 40.937625999000034 ], [ -6.799869753999928, 40.951978964000034 ], [ -6.823027904999947, 40.946772972000076 ], [ -6.831583774999956, 40.957241594000038 ], [ -6.840111201999946, 40.962715325000033 ], [ -6.857432499999959, 40.942420999000035 ], [ -6.858105499999965, 40.943164999000032 ] ] ] } },
{ "type": "Feature", "properties": { "code": "37161", "name": "Horcajo de Montemayor" }, "geometry": { "type": "Polygon", "coordinates": [ [ [ -5.92793649999993, 40.44460699900003 ], [ -5.917033541999956, 40.449271449000037 ], [ -5.888484536999954, 40.44999196100008 ], [ -5.862141, 40.463268499000037 ], [ -5.8571, 40.45812999900005 ], [ -5.856610499999931, 40.453838499000028 ], [ -5.851996499999927, 40.447318999000061 ], [ -5.84912049999997, 40.440921499000069 ], [ -5.862446499999976, 40.429908499000078 ], [ -5.866089, 40.422134499000038 ], [ -5.868212, 40.413867499000048 ], [ -5.868026, 40.411712499000032 ], [ -5.87107, 40.407097499000031 ], [ -5.871084499999938, 40.404376999000078 ], [ -5.892842499999972, 40.403300999000066 ], [ -5.908121499999936, 40.404216999000027 ], [ -5.913041499999963, 40.402713499000072 ], [ -5.921078499999965, 40.402213999000026 ], [ -5.917595206999977, 40.411738945000025 ], [ -5.928512579999961, 40.430944705000059 ], [ -5.930347335999954, 40.438972043000035 ], [ -5.92793649999993, 40.44460699900003 ] ] ] } },
{ "type": "Feature", "properties": { "code": "37162", "name": "Horcajo Medianero" }, "geometry": { "type": "Polygon", "coordinates": [ [ [ -5.496186, 40.686965999000051 ], [ -5.486149452999939, 40.690534606000028 ], [ -5.459355046999974, 40.689447684000072 ], [ -5.453041343999928, 40.685198557000035 ], [ -5.438647258999936, 40.664121327000032 ], [ -5.42322878799996, 40.671172403000071 ], [ -5.415021499999966, 40.666526499000042 ], [ -5.399600393999947, 40.666073973000039 ], [ -5.396983586999966, 40.649039150000078 ], [ -5.381782499999929, 40.630729999000039 ], [ -5.380323574999977, 40.627863022000042 ], [ -5.383077875999959, 40.62163894400004 ], [ -5.396809499999961, 40.614230999000029 ], [ -5.408654499999955, 40.608966499000076 ], [ -5.41438, 40.609802499000068 ], [ -5.418349, 40.612323999000068 ], [ -5.429056, 40.616836499000044 ], [ -5.429991, 40.619193999000061 ], [ -5.435825, 40.618701999000052 ], [ -5.438492, 40.620509999000035 ], [ -5.463626499999975, 40.631202999000038 ], [ -5.487123, 40.637351999000032 ], [ -5.502629499999955, 40.639724499000067 ], [ -5.502333893999946, 40.649543594000079 ], [ -5.489957963999927, 40.667798263000066 ], [ -5.497500535999961, 40.682974219000073 ], [ -5.496186, 40.686965999000051 ] ] ] } },
{ "type": "Feature", "properties": { "code": "37163", "name": "Hoya, La" }, "geometry": { "type": "Polygon", "coordinates": [ [ [ -5.68605649999995, 40.343795999000065 ], [ -5.690299685999946, 40.353556007000066 ], [ -5.692721907999953, 40.372236728000075 ], [ -5.690486117999967, 40.378672600000073 ], [ -5.693372830999976, 40.388109290000045 ], [ -5.709988499999952, 40.40783299900005 ], [ -5.705468852999957, 40.419238617000076 ], [ -5.694529, 40.426162999000042 ], [ -5.69123, 40.422034999000061 ], [ -5.685732677999965, 40.397924256000067 ], [ -5.679378674999953, 40.386722188000078 ], [ -5.686948689999952, 40.374193047000063 ], [ -5.685629380999956, 40.35606974600006 ], [ -5.673073, 40.348575499000049 ], [ -5.68214, 40.34622949900006 ], [ -5.68605649999995, 40.343795999000065 ] ] ] } },
{ "type": "Feature", "properties": { "code": "37164", "name": "Huerta" }, "geometry": { "type": "Polygon", "coordinates": [ [ [ -5.440941499999951, 40.953223999000045 ], [ -5.446487499999932, 40.943500499000038 ], [ -5.445744, 40.941074499000081 ], [ -5.451945463999948, 40.939538150000033 ], [ -5.458287735999932, 40.942624315000046 ], [ -5.475298, 40.943637999000032 ], [ -5.475584, 40.94686499900007 ], [ -5.479225, 40.957820999000035 ], [ -5.481536499999947, 40.958915499000057 ], [ -5.482496499999968, 40.96297449900004 ], [ -5.487210499999946, 40.96730399900008 ], [ -5.472243894999963, 40.98396482000004 ], [ -5.458367, 40.994170999000062 ], [ -5.453165177999949, 40.990601262000041 ], [ -5.449349922999943, 40.969555960000037 ], [ -5.443118826999978, 40.962442930000066 ], [ -5.440941499999951, 40.953223999000045 ] ] ] } },
{ "type": "Feature", "properties": { "code": "37165", "name": "Iruelos" }, "geometry": { "type": "Polygon", "coordinates": [ [ [ -6.349893, 41.163215499000046 ], [ -6.322522569999933, 41.162134633000051 ], [ -6.302251, 41.147376999000073 ], [ -6.306849, 41.145686999000077 ], [ -6.313405499999931, 41.139632999000071 ], [ -6.326681, 41.125816499000052 ], [ -6.327676499999939, 41.123832999000058 ], [ -6.333524, 41.12498449900005 ], [ -6.342187499999966, 41.13070699900004 ], [ -6.351676, 41.133212999000079 ], [ -6.359101499999952, 41.139598999000043 ], [ -6.348206621999964, 41.158713742000032 ], [ -6.349893, 41.163215499000046 ] ] ] } },
{ "type": "Feature", "properties": { "code": "37166", "name": "Ituero de Azaba" }, "geometry": { "type": "Polygon", "coordinates": [ [ [ -6.688412, 40.456714499000043 ], [ -6.69151679099997, 40.463317869000036 ], [ -6.696176476999938, 40.464555260000054 ], [ -6.697496559999934, 40.47168122000005 ], [ -6.708935499999939, 40.476341499000057 ], [ -6.723883938999961, 40.485885137000025 ], [ -6.720902043999956, 40.493706384000063 ], [ -6.713493, 40.500591499000052 ], [ -6.689984240999934, 40.49943341200003 ], [ -6.669256617999963, 40.516615537000064 ], [ -6.645174201999964, 40.507451183000057 ], [ -6.632789738999975, 40.509214809000071 ], [ -6.62755, 40.507033999000043 ], [ -6.636853217999942, 40.498279588000059 ], [ -6.634642931999963, 40.490355721000071 ], [ -6.626196, 40.484100499000078 ], [ -6.629984711999953, 40.47957692500006 ], [ -6.663658717999965, 40.478666075000035 ], [ -6.67126736299997, 40.471625445000029 ], [ -6.679194591999931, 40.457667104000052 ], [ -6.688412, 40.456714499000043 ] ] ] } },
{ "type": "Feature", "properties": { "code": "37167", "name": "Juzbado" }, "geometry": { "type": "Polygon", "coordinates": [ [ [ -5.918413, 41.108436499000049 ], [ -5.911442160999968, 41.10108209100008 ], [ -5.887247268999943, 41.097394147000045 ], [ -5.882685166999977, 41.092768602000035 ], [ -5.871088890999943, 41.095621408000056 ], [ -5.850732499999935, 41.092586499000049 ], [ -5.847574889999976, 41.089495087000046 ], [ -5.847262102999935, 41.08274444500006 ], [ -5.837995951999972, 41.07389438000007 ], [ -5.845918499999925, 41.066558999000051 ], [ -5.866699626999946, 41.073397494000062 ], [ -5.885049, 41.065524999000047 ], [ -5.903117352999971, 41.073373557000025 ], [ -5.909269068999947, 41.087671026000066 ], [ -5.915093621999972, 41.086791273000074 ], [ -5.9193, 41.081195499000046 ], [ -5.939177, 41.07715999900006 ], [ -5.940834891999941, 41.094879402000061 ], [ -5.927256362999969, 41.108465199000079 ], [ -5.918413, 41.108436499000049 ] ] ] } },
{ "type": "Feature", "properties": { "code": "37168", "name": "Lagunilla" }, "geometry": { "type": "Polygon", "coordinates": [ [ [ -6.016143499999941, 40.339979499000037 ], [ -6.009146, 40.347900499000048 ], [ -6.006742, 40.357608999000036 ], [ -5.97790909899993, 40.351269517000048 ], [ -5.971545627999944, 40.353992801000061 ], [ -5.962894, 40.364589999000032 ], [ -5.949455499999942, 40.361552999000025 ], [ -5.942560499999956, 40.358180999000069 ], [ -5.936813499999971, 40.356788499000061 ], [ -5.934143934999952, 40.351352759000065 ], [ -5.915253499999949, 40.33979449900005 ], [ -5.930107482999972, 40.332594963000076 ], [ -5.941899063999927, 40.316798403000064 ], [ -5.953982017999977, 40.307560843000033 ], [ -5.964993, 40.291530499000032 ], [ -5.968529499999931, 40.289600499000073 ], [ -5.980487484999969, 40.297455998000032 ], [ -6.00353073499997, 40.304587265000066 ], [ -6.016473, 40.316562499000042 ], [ -6.019380473999945, 40.323794930000076 ], [ -6.016143499999941, 40.339979499000037 ] ] ] } },
{ "type": "Feature", "properties": { "code": "37169", "name": "Larrodrigo" }, "geometry": { "type": "Polygon", "coordinates": [ [ [ -5.465560499999981, 40.689201499000035 ], [ -5.466795512999965, 40.696575273000064 ], [ -5.462963764999927, 40.699655231000065 ], [ -5.465820322999946, 40.70368064400003 ], [ -5.463659921999977, 40.708219643000064 ], [ -5.467979527999944, 40.717407451000042 ], [ -5.465287082999964, 40.723302731000047 ], [ -5.470411730999956, 40.733510875000036 ], [ -5.459323648999941, 40.74274835500006 ], [ -5.455472499999928, 40.752170499000044 ], [ -5.451755499999933, 40.757385499000065 ], [ -5.447524674999954, 40.75198174600007 ], [ -5.430706244999953, 40.743796174000067 ], [ -5.397930499999973, 40.743922999000063 ], [ -5.390588888999957, 40.731390149000049 ], [ -5.386038108999969, 40.728522284000064 ], [ -5.380939499999954, 40.71408849900007 ], [ -5.382574726999962, 40.70677168800006 ], [ -5.378925, 40.701747999000077 ], [ -5.391834522999943, 40.701712698000051 ], [ -5.40329987399997, 40.679541191000055 ], [ -5.415021499999966, 40.666526499000042 ], [ -5.42322878799996, 40.671172403000071 ], [ -5.438647258999936, 40.664121327000032 ], [ -5.453041343999928, 40.685198557000035 ], [ -5.459355046999974, 40.689447684000072 ], [ -5.465560499999981, 40.689201499000035 ] ] ] } },
{ "type": "Feature", "properties": { "code": "37170", "name": "Ledesma" }, "geometry": { "type": "Polygon", "coordinates": [ [ [ -6.008857499999976, 41.200519499000052 ], [ -6.011093867999932, 41.194593309000027 ], [ -6.02087058099994, 41.187351361000026 ], [ -6.027613880999979, 41.176240177000068 ], [ -6.027886145999958, 41.166856069000062 ], [ -6.022841116999928, 41.156907463000039 ], [ -6.012126247999959, 41.152641220000078 ], [ -6.003978827999958, 41.15314336800003 ], [ -5.985103089999939, 41.172700334000069 ], [ -5.977947426999947, 41.173958239000058 ], [ -5.972304475999977, 41.169391168000061 ], [ -5.971002512999974, 41.16065083400008 ], [ -5.962331017999929, 41.146383520000029 ], [ -5.951337499999966, 41.140289499000062 ], [ -5.950128672999938, 41.129370304000076 ], [ -5.936393271999975, 41.127409629000056 ], [ -5.933441376999951, 41.124243612000043 ], [ -5.938479996999945, 41.117509914000038 ], [ -5.938455549999958, 41.111158077000027 ], [ -5.936209410999936, 41.106023040000025 ], [ -5.931528, 41.104552999000077 ], [ -5.940834891999941, 41.094879402000061 ], [ -5.939177, 41.07715999900006 ], [ -5.959952380999937, 41.079504349000047 ], [ -5.972877979999964, 41.076227291000066 ], [ -5.971186577999958, 41.069923256000038 ], [ -5.961102468999968, 41.062717551000048 ], [ -5.962221485999976, 41.049563515000045 ], [ -5.978278392999925, 41.038738916000057 ], [ -5.987314898999955, 41.041416150000032 ], [ -5.988982520999969, 41.051965750000079 ], [ -5.993311354999946, 41.054294906000052 ], [ -5.998399, 41.043826999000032 ], [ -6.007323854999981, 41.055060019000052 ], [ -6.005919460999962, 41.06904163300004 ], [ -6.020074584999975, 41.075422513000035 ], [ -6.030271499999969, 41.07139599900006 ], [ -6.036816993999935, 41.078454816000033 ], [ -6.035561213999927, 41.081690804000061 ], [ -6.041899519999959, 41.086476117000075 ], [ -6.056411571999945, 41.08642616700007 ], [ -6.065208, 41.089717999000072 ], [ -6.052687306999928, 41.107541022000078 ], [ -6.05680011499993, 41.118248917000074 ], [ -6.052541634999955, 41.124549387000059 ], [ -6.063075564999963, 41.149097703000052 ], [ -6.078157036999926, 41.161378025000033 ], [ -6.081778009999937, 41.175790125000049 ], [ -6.093556904999957, 41.179517473000033 ], [ -6.101330269999949, 41.176342093000073 ], [ -6.111504153999931, 41.176600519000033 ], [ -6.124243126999943, 41.182397299000058 ], [ -6.132063672999948, 41.190076944000054 ], [ -6.134522499999946, 41.190410499000052 ], [ -6.132063672999948, 41.192087981000043 ], [ -6.123139007999953, 41.203324369000029 ], [ -6.109333499999934, 41.212634999000045 ], [ -6.075548861999948, 41.211499478000064 ], [ -6.062033499999927, 41.221072999000057 ], [ -6.057750599999963, 41.214633639000056 ], [ -6.047658005999949, 41.209589101000063 ], [ -6.008857499999976, 41.200519499000052 ] ] ] } },
{ "type": "Feature", "properties": { "code": "37171", "name": "Ledrada" }, "geometry": { "type": "Polygon", "coordinates": [ [ [ -5.704509499999972, 40.49074549900007 ], [ -5.706177545999935, 40.479068313000028 ], [ -5.699606286999938, 40.471225166000067 ], [ -5.699295174999975, 40.466160459000037 ], [ -5.694392499999935, 40.463138499000024 ], [ -5.705399499999942, 40.454173999000034 ], [ -5.714688, 40.450282999000081 ], [ -5.718488, 40.450645499000075 ], [ -5.732572932999972, 40.461791644000073 ], [ -5.749033, 40.465850999000054 ], [ -5.752296499999943, 40.478161499000066 ], [ -5.741869802999929, 40.496810044000028 ], [ -5.727176, 40.504489999000043 ], [ -5.720044436999956, 40.499755468000046 ], [ -5.719346224999981, 40.490819463000037 ], [ -5.704509499999972, 40.49074549900007 ] ] ] } },
{ "type": "Feature", "properties": { "code": "37172", "name": "Linares de Riofrío" }, "geometry": { "type": "Polygon", "coordinates": [ [ [ -5.878347499999961, 40.59460449900007 ], [ -5.878755129999945, 40.583518914000081 ], [ -5.871326499999952, 40.567756499000041 ], [ -5.877365, 40.563419499000076 ], [ -5.889015, 40.557742999000027 ], [ -5.892511, 40.555049999000062 ], [ -5.901164793999953, 40.560975957000039 ], [ -5.930362540999965, 40.567135846000042 ], [ -5.947818000999973, 40.565431653000076 ], [ -5.968239966999931, 40.57556347700006 ], [ -5.970783499999925, 40.581527999000059 ], [ -5.951151009999933, 40.599244699000053 ], [ -5.936568769999951, 40.600289272000055 ], [ -5.92926, 40.605095499000072 ], [ -5.918700204999936, 40.605293876000076 ], [ -5.903868581999973, 40.59184652700003 ], [ -5.878347499999961, 40.59460449900007 ] ] ] } },
{ "type": "Feature", "properties": { "code": "37173", "name": "Lumbrales" }, "geometry": { "type": "Polygon", "coordinates": [ [ [ -6.63772, 40.969535999000072 ], [ -6.645005103999949, 40.949810797000055 ], [ -6.642121163999946, 40.938976318000073 ], [ -6.648238001999971, 40.928951411000071 ], [ -6.642632110999955, 40.912439785000061 ], [ -6.650007, 40.908744999000078 ], [ -6.668757332999974, 40.907897839000043 ], [ -6.693914723999967, 40.894540127000027 ], [ -6.703117499999962, 40.893047499000033 ], [ -6.707414675999928, 40.902981637000039 ], [ -6.713664733999963, 40.903203356000063 ], [ -6.72672812299993, 40.911519093000038 ], [ -6.72882605999996, 40.920538420000071 ], [ -6.735613830999966, 40.927745325000046 ], [ -6.759012, 40.937625999000034 ], [ -6.752660617999936, 40.953361698000037 ], [ -6.727768553999965, 40.976087993000078 ], [ -6.722591955999974, 40.986574817000076 ], [ -6.705015, 40.994506999000066 ], [ -6.705133499999931, 40.991359499000055 ], [ -6.702078499999971, 40.991081499000074 ], [ -6.694951499999945, 40.986949999000046 ], [ -6.692267, 40.983768499000064 ], [ -6.679991, 40.978637499000058 ], [ -6.676237499999957, 40.978256499000054 ], [ -6.660248499999966, 40.973846499000047 ], [ -6.641552499999932, 40.974383999000054 ], [ -6.63772, 40.969535999000072 ] ] ] } },
{ "type": "Feature", "properties": { "code": "37174", "name": "Macotera" }, "geometry": { "type": "Polygon", "coordinates": [ [ [ -5.256058, 40.860019999000031 ], [ -5.252173416999938, 40.854807697000069 ], [ -5.253385184999956, 40.846787949000031 ], [ -5.245298762999937, 40.837981438000043 ], [ -5.241801499999951, 40.837661499000035 ], [ -5.243709, 40.836528999000052 ], [ -5.241643499999952, 40.835746999000037 ], [ -5.25654906099993, 40.830864351000059 ], [ -5.270838056999935, 40.821634800000027 ], [ -5.294125847999965, 40.814233186000081 ], [ -5.302211339999928, 40.820021777000079 ], [ -5.316656143999978, 40.819840420000048 ], [ -5.335996, 40.80492749900003 ], [ -5.343324915999972, 40.809062795000045 ], [ -5.346059643999979, 40.817424720000076 ], [ -5.352880499999969, 40.821464499000058 ], [ -5.311272076999956, 40.858258161000037 ], [ -5.311519, 40.865039999000032 ], [ -5.305786485999931, 40.861135147000027 ], [ -5.285858375999965, 40.864859115000058 ], [ -5.276077279999981, 40.860544944000026 ], [ -5.256058, 40.860019999000031 ] ] ] } },
{ "type": "Feature", "properties": { "code": "37175", "name": "Machacón" }, "geometry": { "type": "Polygon", "coordinates": [ [ [ -5.525342499999965, 40.899673499000073 ], [ -5.52691318199993, 40.904121290000035 ], [ -5.55138244699998, 40.911409110000079 ], [ -5.552837, 40.915748499000074 ], [ -5.541953362999948, 40.918631642000037 ], [ -5.539776634999953, 40.922541294000041 ], [ -5.543248828999936, 40.926923595000062 ], [ -5.530274568999971, 40.930417195000075 ], [ -5.529589397999928, 40.933904126000073 ], [ -5.521210641999971, 40.93773212800005 ], [ -5.519406624999931, 40.94171386000005 ], [ -5.512716145999946, 40.942282873000067 ], [ -5.510998499999971, 40.946288999000046 ], [ -5.50109979399997, 40.944319459000042 ], [ -5.497522131999972, 40.938485350000064 ], [ -5.487358554999958, 40.938020368000025 ], [ -5.48235, 40.934283999000058 ], [ -5.486734696999974, 40.928688214000033 ], [ -5.477294373999939, 40.916786257000069 ], [ -5.47913449999993, 40.906764999000075 ], [ -5.508135029999949, 40.908130612000036 ], [ -5.525342499999965, 40.899673499000073 ] ] ] } },
{ "type": "Feature", "properties": { "code": "37176", "name": "Madroñal" }, "geometry": { "type": "Polygon", "coordinates": [ [ [ -6.060428499999944, 40.471660499000052 ], [ -6.056131301999926, 40.464975695000078 ], [ -6.060329963999948, 40.459663034000073 ], [ -6.054110140999967, 40.459310473000073 ], [ -6.052276499999948, 40.455753499000025 ], [ -6.069261, 40.458957499000064 ], [ -6.071093499999961, 40.460976999000025 ], [ -6.071432499999958, 40.467548499000031 ], [ -6.060428499999944, 40.471660499000052 ] ] ] } },
{ "type": "Feature", "properties": { "code": "37177", "name": "Maíllo, El" }, "geometry": { "type": "Polygon", "coordinates": [ [ [ -6.244287, 40.523887499000068 ], [ -6.245170429999973, 40.538899955000034 ], [ -6.24999515199994, 40.548339989000056 ], [ -6.267814499999929, 40.55554199900007 ], [ -6.244368522999935, 40.568459458000063 ], [ -6.239579, 40.57435999900008 ], [ -6.236433551999937, 40.585097441000073 ], [ -6.232698, 40.58867649900003 ], [ -6.224601163999978, 40.58509166500005 ], [ -6.20981182099996, 40.586948686000028 ], [ -6.190135965999957, 40.595201241000041 ], [ -6.172359431999951, 40.598755636000078 ], [ -6.168767644999946, 40.596058810000045 ], [ -6.168125, 40.589256499000044 ], [ -6.173307462999958, 40.576431632000038 ], [ -6.168270438999969, 40.558983114000057 ], [ -6.17601534399995, 40.538276233000033 ], [ -6.172959798999955, 40.529614734000063 ], [ -6.179713, 40.524864499000046 ], [ -6.190165579999928, 40.523560248000081 ], [ -6.213350656999978, 40.529140541000061 ], [ -6.220008966999956, 40.527936540000042 ], [ -6.226506079999979, 40.519769533000044 ], [ -6.244287, 40.523887499000068 ] ] ] } },
{ "type": "Feature", "properties": { "code": "37178", "name": "Malpartida" }, "geometry": { "type": "Polygon", "coordinates": [ [ [ -5.223390499999937, 40.77748499900008 ], [ -5.219023499999935, 40.773002499000029 ], [ -5.215692240999942, 40.757809424000072 ], [ -5.255082499999958, 40.739486499000066 ], [ -5.257102363999934, 40.753325029000052 ], [ -5.262152, 40.75867099900006 ], [ -5.25588044999995, 40.766547423000077 ], [ -5.236341609999954, 40.77781695300007 ], [ -5.223390499999937, 40.77748499900008 ] ] ] } },
{ "type": "Feature", "properties": { "code": "37179", "name": "Mancera de Abajo" }, "geometry": { "type": "Polygon", "coordinates": [ [ [ -5.163399499999969, 40.86551649900008 ], [ -5.163656411999966, 40.853206318000048 ], [ -5.168208476999951, 40.838979813000037 ], [ -5.158452186999966, 40.824679949000029 ], [ -5.15870549999994, 40.820323999000038 ], [ -5.163279669999952, 40.813230323000028 ], [ -5.17766, 40.805297999000061 ], [ -5.183924944999944, 40.811667582000041 ], [ -5.199165413999935, 40.816340447000073 ], [ -5.217094562999932, 40.827805051000041 ], [ -5.243709, 40.836528999000052 ], [ -5.233062894999932, 40.842827686000078 ], [ -5.209353301999954, 40.846661476000065 ], [ -5.197035414999959, 40.854551602000072 ], [ -5.183505246999971, 40.856980631000056 ], [ -5.174776, 40.868354499000077 ], [ -5.163838, 40.868407999000055 ], [ -5.163399499999969, 40.86551649900008 ] ] ] } },
{ "type": "Feature", "properties": { "code": "37180", "name": "Manzano, El" }, "geometry": { "type": "Polygon", "coordinates": [ [ [ -6.313213499999961, 41.206980999000052 ], [ -6.284701904999963, 41.193076529000052 ], [ -6.260797499999967, 41.18861399900004 ], [ -6.258314346999953, 41.162671679000027 ], [ -6.26844449999993, 41.148944999000037 ], [ -6.277035307999938, 41.145413672000075 ], [ -6.302251, 41.147376999000073 ], [ -6.322522569999933, 41.162134633000051 ], [ -6.349893, 41.163215499000046 ], [ -6.358464499999968, 41.193557999000063 ], [ -6.339395166999964, 41.19403557000004 ], [ -6.313213499999961, 41.206980999000052 ] ] ] } },
{ "type": "Feature", "properties": { "code": "37181", "name": "Martiago" }, "geometry": { "type": "Polygon", "coordinates": [ [ [ -6.513634, 40.443191499000079 ], [ -6.51710011199998, 40.44816355200004 ], [ -6.513339273999975, 40.473353784000039 ], [ -6.516666499999928, 40.480312499000036 ], [ -6.514133, 40.486217499000077 ], [ -6.498906499999975, 40.492137999000079 ], [ -6.496336499999927, 40.496482999000079 ], [ -6.483454, 40.501998999000079 ], [ -6.477105406999954, 40.497961863000057 ], [ -6.472333770999967, 40.485807048000026 ], [ -6.470974128999956, 40.475211202000025 ], [ -6.473270867999929, 40.468944237000073 ], [ -6.454080499999975, 40.457450999000059 ], [ -6.451823738999963, 40.443783430000053 ], [ -6.453801303999967, 40.432943269000077 ], [ -6.446352275999971, 40.413756008000064 ], [ -6.45028949999994, 40.370918499000027 ], [ -6.455377, 40.371150999000065 ], [ -6.463262, 40.372885999000061 ], [ -6.474769, 40.370166999000048 ], [ -6.495986355999946, 40.388974655000027 ], [ -6.494908, 40.392769499000053 ], [ -6.482270607999965, 40.401338084000031 ], [ -6.479589208999926, 40.418169487000057 ], [ -6.488627576999932, 40.427730931000042 ], [ -6.492614863999961, 40.443836795000038 ], [ -6.501522582999939, 40.439872611000055 ], [ -6.510765344999925, 40.438607940000054 ], [ -6.513634, 40.443191499000079 ] ], [ [ -6.483410870999933, 40.396665281000026 ], [ -6.463552861999972, 40.389174233000062 ], [ -6.452751030999934, 40.395049165000046 ], [ -6.456488494999974, 40.399859115000027 ], [ -6.467316099999948, 40.401612073000081 ], [ -6.483410870999933, 40.396665281000026 ] ] ] } },
{ "type": "Feature", "properties": { "code": "37182", "name": "Martinamor" }, "geometry": { "type": "Polygon", "coordinates": [ [ [ -5.630355, 40.812793499000065 ], [ -5.625399499999958, 40.816104999000061 ], [ -5.620168, 40.817836999000065 ], [ -5.616506499999957, 40.817584999000076 ], [ -5.614191, 40.821708499000067 ], [ -5.602478550999933, 40.820992954000076 ], [ -5.582783164999967, 40.81272692400006 ], [ -5.56979722899996, 40.816851590000056 ], [ -5.559289034999949, 40.810722611000074 ], [ -5.552963499999976, 40.810654999000064 ], [ -5.550539811999954, 40.807683188000055 ], [ -5.552814896999962, 40.802078769000047 ], [ -5.548682697999936, 40.795061730000043 ], [ -5.559127, 40.785463999000058 ], [ -5.566342655999961, 40.782597999000075 ], [ -5.576215917999946, 40.783637254000041 ], [ -5.589548499999978, 40.771011499000053 ], [ -5.595554581999977, 40.777909339000075 ], [ -5.611366345999954, 40.780935596000063 ], [ -5.620987472999957, 40.786663033000025 ], [ -5.620058745999927, 40.79277064300004 ], [ -5.62310728999995, 40.800011405000078 ], [ -5.632127365999963, 40.808527948000062 ], [ -5.630355, 40.812793499000065 ] ] ] } },
{ "type": "Feature", "properties": { "code": "37183", "name": "Martín de Yeltes" }, "geometry": { "type": "Polygon", "coordinates": [ [ [ -6.344402499999944, 40.733024499000066 ], [ -6.352389, 40.740249499000072 ], [ -6.353791499999943, 40.743171499000027 ], [ -6.354313, 40.745963499000027 ], [ -6.352774, 40.74858449900006 ], [ -6.349724499999979, 40.751384999000038 ], [ -6.350549, 40.753112499000054 ], [ -6.357651499999974, 40.757030499000052 ], [ -6.359092499999974, 40.758853999000053 ], [ -6.361001499999929, 40.759627999000031 ], [ -6.3621, 40.762828999000078 ], [ -6.365578, 40.764365999000063 ], [ -6.355383005999954, 40.767998488000046 ], [ -6.340571095999962, 40.782902441000033 ], [ -6.324293628999953, 40.779294721000042 ], [ -6.31451, 40.792396499000063 ], [ -6.299629480999954, 40.792684378000047 ], [ -6.288673, 40.79955699900006 ], [ -6.276774323999973, 40.796571211000071 ], [ -6.269251074999943, 40.79102455900005 ], [ -6.272917320999966, 40.780799432000038 ], [ -6.265216719999955, 40.768839470000046 ], [ -6.252482565999969, 40.765268755000079 ], [ -6.245253097999978, 40.752762606000033 ], [ -6.237347209999939, 40.748114151000038 ], [ -6.225939499999981, 40.73389449900003 ], [ -6.225857499999961, 40.730499499000075 ], [ -6.226226499999939, 40.728057999000043 ], [ -6.233983, 40.717376499000068 ], [ -6.236648499999944, 40.716434999000057 ], [ -6.242237499999931, 40.716476499000066 ], [ -6.247945499999958, 40.713622999000052 ], [ -6.254358, 40.712333499000067 ], [ -6.257652499999949, 40.710468499000058 ], [ -6.27084997299994, 40.707596183000078 ], [ -6.276487499999973, 40.699962499000037 ], [ -6.284197854999945, 40.707146262000037 ], [ -6.297652264999954, 40.712427025000068 ], [ -6.297340020999968, 40.717930694000074 ], [ -6.304653733999942, 40.732455279000078 ], [ -6.295606248999945, 40.748982466000029 ], [ -6.316771089999975, 40.752160568000079 ], [ -6.327403948999972, 40.743846771000051 ], [ -6.330185237999956, 40.736839233000069 ], [ -6.344402499999944, 40.733024499000066 ] ] ] } },
{ "type": "Feature", "properties": { "code": "37184", "name": "Masueco" }, "geometry": { "type": "Polygon", "coordinates": [ [ [ -6.617936499999928, 41.181002999000043 ], [ -6.615192865999973, 41.19415712600005 ], [ -6.589679703999934, 41.223206808000043 ], [ -6.581348, 41.239524499000026 ], [ -6.571266499999979, 41.239062999000055 ], [ -6.574473140999942, 41.232547067000041 ], [ -6.573937864999948, 41.221931758000039 ], [ -6.564718, 41.200763499000061 ], [ -6.563458, 41.190284999000028 ], [ -6.579053012999964, 41.175775024000075 ], [ -6.584648499999957, 41.165931499000067 ], [ -6.617936499999928, 41.181002999000043 ] ] ] } },
{ "type": "Feature", "properties": { "code": "37185", "name": "Castellanos de Villiquera" }, "geometry": { "type": "Polygon", "coordinates": [ [ [ -5.68466, 41.070762499000068 ], [ -5.666737087999934, 41.06399345400007 ], [ -5.649767545999964, 41.077069431000041 ], [ -5.634781754999949, 41.076969790000078 ], [ -5.625127499999962, 41.087482499000032 ], [ -5.619887808999977, 41.083213555000043 ], [ -5.605284499999925, 41.082080999000027 ], [ -5.596239, 41.074596499000052 ], [ -5.605290453999942, 41.061203841000065 ], [ -5.625566596999931, 41.061245218000067 ], [ -5.631594771999971, 41.064888898000049 ], [ -5.639228499999945, 41.054912499000068 ], [ -5.648808429999974, 41.053063677000068 ], [ -5.659226543999978, 41.058273700000029 ], [ -5.672383238999942, 41.058132318000048 ], [ -5.667535408999925, 41.048347615000068 ], [ -5.672723410999936, 41.047553730000061 ], [ -5.673850285999947, 41.043992633000073 ], [ -5.668918921999932, 41.038439793000066 ], [ -5.661424858999965, 41.036200958000052 ], [ -5.663486, 41.030706999000074 ], [ -5.675089961999959, 41.031087337000031 ], [ -5.688121692999971, 41.021317737000061 ], [ -5.69939, 41.026375999000038 ], [ -5.710842640999942, 41.039503232000072 ], [ -5.719823499999961, 41.043536999000025 ], [ -5.716259784999977, 41.05325171700008 ], [ -5.720873604999952, 41.061355606000063 ], [ -5.719082499999956, 41.065097499000046 ], [ -5.70764444699995, 41.068637476000049 ], [ -5.698160256999927, 41.064710199000046 ], [ -5.687695306999956, 41.067044167000063 ], [ -5.68466, 41.070762499000068 ] ] ] } },
{ "type": "Feature", "properties": { "code": "37186", "name": "Mata de Ledesma, La" }, "geometry": { "type": "Polygon", "coordinates": [ [ [ -6.053803499999958, 40.977794499000026 ], [ -6.053633499999933, 40.981601999000077 ], [ -6.041494222999972, 40.992355006000025 ], [ -6.019431390999955, 40.994948497000053 ], [ -6.006745, 41.002441499000042 ], [ -5.989996844999951, 41.001575615000036 ], [ -5.982403512999952, 41.00711042100005 ], [ -5.95017736899996, 41.007562086000064 ], [ -5.94008, 41.011680499000079 ], [ -5.94184194199994, 41.00829179200008 ], [ -5.939262543999973, 41.003149577000045 ], [ -5.931517859999929, 40.999732519000077 ], [ -5.921674499999938, 40.987975999000071 ], [ -5.942410016999929, 40.96698230100003 ], [ -5.962649067999962, 40.963514795000037 ], [ -5.967712821999953, 40.960730734000038 ], [ -5.969268499999941, 40.955993499000044 ], [ -5.979828, 40.954387999000062 ], [ -5.998085367999977, 40.963749562000032 ], [ -6.001451439999926, 40.968557940000039 ], [ -6.014358358999971, 40.970322494000072 ], [ -6.016897188999963, 40.974863369000047 ], [ -6.028434397999945, 40.971879132000026 ], [ -6.040124574999936, 40.978037619000077 ], [ -6.053803499999958, 40.977794499000026 ] ] ] } },
{ "type": "Feature", "properties": { "code": "37187", "name": "Matilla de los Caños del Río" }, "geometry": { "type": "Polygon", "coordinates": [ [ [ -6.00154, 40.857185499000025 ], [ -5.999393574999942, 40.85233807700007 ], [ -6.003249923999931, 40.843402060000074 ], [ -6.002589191999959, 40.836633844000062 ], [ -5.989677367999946, 40.833835990000068 ], [ -5.983296976999952, 40.838409732000059 ], [ -5.970350952999979, 40.839496503000078 ], [ -5.960021599999948, 40.832962893000058 ], [ -5.95373806899994, 40.837417303000052 ], [ -5.948150852999959, 40.847396648000029 ], [ -5.936709047999955, 40.850807610000061 ], [ -5.934086, 40.857105499000056 ], [ -5.930498472999943, 40.860799716000031 ], [ -5.915329046999943, 40.862899102000029 ], [ -5.906934464999949, 40.842447331000074 ], [ -5.89254372399995, 40.85806991000004 ], [ -5.871117001999949, 40.86142088400004 ], [ -5.862224499999968, 40.851630999000065 ], [ -5.850451, 40.834884499000054 ], [ -5.848790339999937, 40.829527428000063 ], [ -5.851944368999966, 40.820925257000056 ], [ -5.849315499999932, 40.818050499000037 ], [ -5.865167702999941, 40.801141699000027 ], [ -5.873192674999927, 40.797691522000036 ], [ -5.881899309999937, 40.803471749000039 ], [ -5.896621286999959, 40.797923023000067 ], [ -5.916237316999968, 40.80196687800003 ], [ -5.925998840999966, 40.807806471000049 ], [ -5.928927161999979, 40.796111849000056 ], [ -5.927090705999944, 40.789290465000079 ], [ -5.930023499999947, 40.782935999000074 ], [ -5.951152850999961, 40.792061683000043 ], [ -5.960134702999937, 40.808227884000075 ], [ -5.967258413999957, 40.815030443000069 ], [ -5.983535808999932, 40.811227888000076 ], [ -5.998012111999969, 40.820241592000059 ], [ -6.009898187999966, 40.833134426000072 ], [ -6.022785234999958, 40.832488926000053 ], [ -6.028480499999944, 40.825408999000047 ], [ -6.030585605999931, 40.838239277000071 ], [ -6.028474799999969, 40.84404272900008 ], [ -6.019178715999942, 40.850921697000047 ], [ -6.011872103999963, 40.861358657000039 ], [ -6.00154, 40.857185499000025 ] ] ] } },
{ "type": "Feature", "properties": { "code": "37188", "name": "Maya, La" }, "geometry": { "type": "Polygon", "coordinates": [ [ [ -5.622026499999947, 40.679103999000063 ], [ -5.636651669999935, 40.687625290000028 ], [ -5.641210499999943, 40.698394499000074 ], [ -5.609542173999955, 40.69812040100004 ], [ -5.59925, 40.702811999000062 ], [ -5.594907, 40.696433999000078 ], [ -5.593224499999963, 40.690276999000048 ], [ -5.593212499999936, 40.68564599900003 ], [ -5.601376602999949, 40.686589162000075 ], [ -5.608024194999928, 40.679054777000033 ], [ -5.614549920999934, 40.67716572900008 ], [ -5.622026499999947, 40.679103999000063 ] ] ] } },
{ "type": "Feature", "properties": { "code": "37189", "name": "Membribe de la Sierra" }, "geometry": { "type": "Polygon", "coordinates": [ [ [ -5.768855499999972, 40.68975449900006 ], [ -5.773149433999947, 40.683786700000041 ], [ -5.793964430999949, 40.676728175000051 ], [ -5.82170949999994, 40.657706999000027 ], [ -5.8247, 40.658748499000069 ], [ -5.828466499999934, 40.657478499000035 ], [ -5.84556, 40.655624499000055 ], [ -5.853039499999966, 40.66379149900007 ], [ -5.863878499999942, 40.664180499000054 ], [ -5.864607847999935, 40.668362359000071 ], [ -5.859167816999957, 40.676639443000056 ], [ -5.86291878399993, 40.687438044000032 ], [ -5.84456008199993, 40.686009261000038 ], [ -5.836010509999937, 40.679370198000072 ], [ -5.827114121999955, 40.677237217000027 ], [ -5.822192577999942, 40.687197516000026 ], [ -5.827124499999968, 40.701617999000064 ], [ -5.815319905999957, 40.709119734000069 ], [ -5.801483979999944, 40.712464952000062 ], [ -5.801215562999971, 40.715395480000041 ], [ -5.815155804999961, 40.721181787000035 ], [ -5.81565674899997, 40.723967969000057 ], [ -5.79962065899997, 40.73864939200007 ], [ -5.785528, 40.742583999000033 ], [ -5.77686218599996, 40.742576375000056 ], [ -5.757642536999981, 40.754255253000053 ], [ -5.743736499999955, 40.754050999000071 ], [ -5.740416460999938, 40.751945444000057 ], [ -5.734764499999926, 40.732818499000075 ], [ -5.745780905999936, 40.733473694000054 ], [ -5.756063802999961, 40.730581629000028 ], [ -5.765769030999934, 40.720722404000071 ], [ -5.764490308999939, 40.701091010000027 ], [ -5.768855499999972, 40.68975449900006 ] ] ] } },
{ "type": "Feature", "properties": { "code": "37190", "name": "Mieza" }, "geometry": { "type": "Polygon", "coordinates": [ [ [ -6.652701, 41.152950499000042 ], [ -6.66764749999993, 41.146430999000074 ], [ -6.672080499999936, 41.14240649900006 ], [ -6.672680499999956, 41.139487999000039 ], [ -6.675301, 41.135882999000046 ], [ -6.679151, 41.13229349900007 ], [ -6.685551499999974, 41.129585499000029 ], [ -6.709340241999939, 41.138354802000038 ], [ -6.747620806999976, 41.132129617000032 ], [ -6.76788849999997, 41.133510499000067 ], [ -6.749213, 41.142902499000058 ], [ -6.729381371999978, 41.162776002000044 ], [ -6.710054079999964, 41.173081201000059 ], [ -6.699320498999953, 41.18308455600004 ], [ -6.696829499999978, 41.189262499000051 ], [ -6.686769540999933, 41.190080155000032 ], [ -6.672252845999935, 41.185404319000043 ], [ -6.653044, 41.184494999000037 ], [ -6.650202580999974, 41.171058753000068 ], [ -6.654361712999957, 41.15733094400008 ], [ -6.652701, 41.152950499000042 ] ] ] } },
{ "type": "Feature", "properties": { "code": "37191", "name": "Milano, El" }, "geometry": { "type": "Polygon", "coordinates": [ [ [ -6.566386, 41.080787499000053 ], [ -6.622339499999953, 41.076732499000059 ], [ -6.623206499999981, 41.081477999000072 ], [ -6.635114499999929, 41.090846999000064 ], [ -6.648958, 41.10546849900004 ], [ -6.622761499999967, 41.116652999000053 ], [ -6.619056499999942, 41.115371499000048 ], [ -6.615893, 41.115623499000037 ], [ -6.611629499999935, 41.117999999000062 ], [ -6.606203499999936, 41.11848849900008 ], [ -6.600755, 41.120357499000079 ], [ -6.595485499999938, 41.120666499000038 ], [ -6.573457839999946, 41.106636761000061 ], [ -6.566386, 41.080787499000053 ] ] ] } },
{ "type": "Feature", "properties": { "code": "37192", "name": "Miranda de Azán" }, "geometry": { "type": "Polygon", "coordinates": [ [ [ -5.679496499999971, 40.900825999000062 ], [ -5.672945181999978, 40.892205158000024 ], [ -5.658969414999945, 40.893312692000052 ], [ -5.653649541999926, 40.882171960000051 ], [ -5.655346280999936, 40.877006897000058 ], [ -5.671596373999932, 40.871313554000039 ], [ -5.672732173999975, 40.861085528000046 ], [ -5.668947, 40.857818499000075 ], [ -5.680629495999938, 40.850826719000054 ], [ -5.687781787999938, 40.849894009000025 ], [ -5.696121386999948, 40.852983891000065 ], [ -5.700547461999975, 40.861179641000035 ], [ -5.709305808999943, 40.863692395000044 ], [ -5.716441851999946, 40.858257924000043 ], [ -5.728521736999937, 40.859503975000052 ], [ -5.740549031999933, 40.873851601000069 ], [ -5.740919105999978, 40.879258188000051 ], [ -5.73756949999995, 40.881904499000029 ], [ -5.722209850999946, 40.883140075000028 ], [ -5.713225736999959, 40.888066672000036 ], [ -5.699898308999934, 40.885365290000038 ], [ -5.695527956999968, 40.891030955000076 ], [ -5.699548186999948, 40.895483281000054 ], [ -5.701138338999954, 40.903798461000065 ], [ -5.698437529999978, 40.908162087000051 ], [ -5.679496499999971, 40.900825999000062 ] ] ] } },
{ "type": "Feature", "properties": { "code": "37193", "name": "Miranda del Castañar" }, "geometry": { "type": "Polygon", "coordinates": [ [ [ -6.014923, 40.441795999000078 ], [ -6.01836828699993, 40.451475887000072 ], [ -6.00764759499998, 40.475483742000051 ], [ -6.015694499999938, 40.480624999000042 ], [ -6.00520974899996, 40.491078773000027 ], [ -5.994201305999979, 40.49451451300007 ], [ -5.988975499999981, 40.502956499000049 ], [ -5.978519508999966, 40.498876501000041 ], [ -5.974305989999948, 40.491488567000033 ], [ -5.968118769999933, 40.49025729300007 ], [ -5.9661, 40.479984499000068 ], [ -5.967807, 40.466796999000053 ], [ -5.966899442999932, 40.462836400000072 ], [ -5.976507147999939, 40.455115361000026 ], [ -5.991256157999942, 40.449985871000081 ], [ -5.995305218999931, 40.440521426000032 ], [ -6.005252, 40.431110499000056 ], [ -6.014923, 40.441795999000078 ] ] ] } },
{ "type": "Feature", "properties": { "code": "37194", "name": "Mogarraz" }, "geometry": { "type": "Polygon", "coordinates": [ [ [ -6.08407, 40.509147499000051 ], [ -6.079198565999945, 40.515768778000051 ], [ -6.072493823999935, 40.517178172000058 ], [ -6.057037514999934, 40.514373427000066 ], [ -6.050217499999974, 40.509758499000043 ], [ -6.038163499999939, 40.497619499000052 ], [ -6.031014499999969, 40.494186499000079 ], [ -6.046066, 40.48710599900005 ], [ -6.057396639999979, 40.49017075900008 ], [ -6.066377281999962, 40.485487843000044 ], [ -6.073675499999979, 40.485664499000052 ], [ -6.075777358999972, 40.505486755000049 ], [ -6.08407, 40.509147499000051 ] ] ] } },
{ "type": "Feature", "properties": { "code": "37195", "name": "Molinillo" }, "geometry": { "type": "Polygon", "coordinates": [ [ [ -5.967807, 40.466796999000053 ], [ -5.9661, 40.479984499000068 ], [ -5.95091021199994, 40.482428904000074 ], [ -5.948396852999963, 40.490771681000069 ], [ -5.943627499999934, 40.491313999000056 ], [ -5.927148, 40.468780499000047 ], [ -5.936321, 40.461433499000066 ], [ -5.938642499999958, 40.457599499000025 ], [ -5.943628391999937, 40.457948397000052 ], [ -5.952734929999963, 40.46555263700003 ], [ -5.967807, 40.466796999000053 ] ] ] } },
{ "type": "Feature", "properties": { "code": "37196", "name": "Monforte de la Sierra" }, "geometry": { "type": "Polygon", "coordinates": [ [ [ -6.071432499999958, 40.467548499000031 ], [ -6.077815797999961, 40.471795258000043 ], [ -6.073675499999979, 40.485664499000052 ], [ -6.066377281999962, 40.485487843000044 ], [ -6.057396639999979, 40.49017075900008 ], [ -6.046066, 40.48710599900005 ], [ -6.043692, 40.484206999000037 ], [ -6.044558499999937, 40.480113999000025 ], [ -6.047442499999931, 40.477630499000043 ], [ -6.071432499999958, 40.467548499000031 ] ] ] } },
{ "type": "Feature", "properties": { "code": "37197", "name": "Monleón" }, "geometry": { "type": "Polygon", "coordinates": [ [ [ -5.871326499999952, 40.567756499000041 ], [ -5.878755129999945, 40.583518914000081 ], [ -5.878347499999961, 40.59460449900007 ], [ -5.858087419999947, 40.593523034000043 ], [ -5.853350499999976, 40.601989999000068 ], [ -5.837574814999925, 40.602160303000062 ], [ -5.82459043199998, 40.60810245700003 ], [ -5.818151937999971, 40.603462963000027 ], [ -5.823635593999938, 40.578417380000076 ], [ -5.836435146999975, 40.569999775000042 ], [ -5.839905352999949, 40.563728180000055 ], [ -5.848855101999959, 40.557191776000025 ], [ -5.853576314999941, 40.559054728000035 ], [ -5.861019, 40.553420999000025 ], [ -5.862691365999979, 40.549276244000055 ], [ -5.868189217999941, 40.552471463000074 ], [ -5.866505340999936, 40.563977511000076 ], [ -5.871326499999952, 40.567756499000041 ] ] ] } },
{ "type": "Feature", "properties": { "code": "37198", "name": "Monleras" }, "geometry": { "type": "Polygon", "coordinates": [ [ [ -6.234471499999927, 41.238417999000035 ], [ -6.225220897999975, 41.228094173000045 ], [ -6.191419, 41.214019999000072 ], [ -6.194804493999925, 41.185200782000038 ], [ -6.198718207999946, 41.17535123600004 ], [ -6.206427558999962, 41.166328165000039 ], [ -6.250147033999951, 41.157123486000046 ], [ -6.267416, 41.148135999000033 ], [ -6.26844449999993, 41.148944999000037 ], [ -6.258314346999953, 41.162671679000027 ], [ -6.260797499999967, 41.18861399900004 ], [ -6.258166671999959, 41.194084507000071 ], [ -6.242179023999938, 41.195181646000037 ], [ -6.241857105999941, 41.205885131000059 ], [ -6.233617436999964, 41.225143854000066 ], [ -6.234471499999927, 41.238417999000035 ] ] ] } },
{ "type": "Feature", "properties": { "code": "37199", "name": "Monsagro" }, "geometry": { "type": "Polygon", "coordinates": [ [ [ -6.17626249999995, 40.509315499000024 ], [ -6.184372908999933, 40.501060739000025 ], [ -6.189055850999978, 40.487100166000062 ], [ -6.198729499999956, 40.481475999000054 ], [ -6.238190556999939, 40.485952693000058 ], [ -6.254767327999957, 40.470956206000039 ], [ -6.264837, 40.470908999000073 ], [ -6.272442440999953, 40.475154479000025 ], [ -6.280789118999962, 40.485720072000049 ], [ -6.297009529999968, 40.491774545000055 ], [ -6.309588855999948, 40.489820201000043 ], [ -6.314248186999976, 40.491664204000074 ], [ -6.31663567399994, 40.498007618000031 ], [ -6.306179499999928, 40.507983999000032 ], [ -6.304018891999931, 40.513300002000051 ], [ -6.293957607999971, 40.521978052000065 ], [ -6.28472538099993, 40.519317716000046 ], [ -6.259997443999964, 40.519331751000038 ], [ -6.244287, 40.523887499000068 ], [ -6.226506079999979, 40.519769533000044 ], [ -6.220008966999956, 40.527936540000042 ], [ -6.213350656999978, 40.529140541000061 ], [ -6.190165579999928, 40.523560248000081 ], [ -6.179713, 40.524864499000046 ], [ -6.17039542699996, 40.516158198000028 ], [ -6.17626249999995, 40.509315499000024 ] ] ] } },
{ "type": "Feature", "properties": { "code": "37200", "name": "Montejo" }, "geometry": { "type": "Polygon", "coordinates": [ [ [ -5.622026499999947, 40.679103999000063 ], [ -5.614549920999934, 40.67716572900008 ], [ -5.608024194999928, 40.679054777000033 ], [ -5.601376602999949, 40.686589162000075 ], [ -5.593212499999936, 40.68564599900003 ], [ -5.599802515999954, 40.679105605000075 ], [ -5.600615789999949, 40.665554307000036 ], [ -5.595670622999933, 40.651036828000031 ], [ -5.585281900999973, 40.643662144000075 ], [ -5.583992244999934, 40.639661612000054 ], [ -5.598406748999935, 40.629276867000044 ], [ -5.587544499999979, 40.61896899900006 ], [ -5.591068163999978, 40.614859262000039 ], [ -5.60226718499996, 40.618753999000035 ], [ -5.614813, 40.61437599900006 ], [ -5.624400717999947, 40.621328185000039 ], [ -5.632318419999933, 40.622568265000041 ], [ -5.648100321999948, 40.636057928000071 ], [ -5.666979499999968, 40.630245499000068 ], [ -5.673701648999952, 40.635198752000065 ], [ -5.675382728999978, 40.649539934000074 ], [ -5.671466450999958, 40.654739876000065 ], [ -5.659979, 40.65436549900005 ], [ -5.654866499999969, 40.651259999000047 ], [ -5.649745499999938, 40.652736499000071 ], [ -5.645490571999972, 40.648620850000043 ], [ -5.633677530999933, 40.654366726000035 ], [ -5.629600152999956, 40.668529389000071 ], [ -5.622026499999947, 40.679103999000063 ] ] ] } },
{ "type": "Feature", "properties": { "code": "37201", "name": "Montemayor del Río" }, "geometry": { "type": "Polygon", "coordinates": [ [ [ -5.936813499999971, 40.356788499000061 ], [ -5.916906801999971, 40.360984955000049 ], [ -5.899109535999969, 40.360742862000052 ], [ -5.884063996999942, 40.36695641600005 ], [ -5.87026743399997, 40.363346382000032 ], [ -5.84849, 40.370086499000024 ], [ -5.848407499999951, 40.366466499000069 ], [ -5.867076593999968, 40.348642159000065 ], [ -5.876806765999959, 40.343822405000026 ], [ -5.884770024999966, 40.33270010800004 ], [ -5.884288499999968, 40.326644999000052 ], [ -5.905209221999939, 40.340173189000041 ], [ -5.915253499999949, 40.33979449900005 ], [ -5.934143934999952, 40.351352759000065 ], [ -5.936813499999971, 40.356788499000061 ] ] ] } },
{ "type": "Feature", "properties": { "code": "37202", "name": "Monterrubio de Armuña" }, "geometry": { "type": "Polygon", "coordinates": [ [ [ -5.639228499999945, 41.054912499000068 ], [ -5.638543, 41.052360499000031 ], [ -5.634587499999952, 41.051002499000049 ], [ -5.63375, 41.047912499000063 ], [ -5.638493754999956, 41.043315664000033 ], [ -5.631754506999926, 41.02831645100008 ], [ -5.631048, 41.017680999000049 ], [ -5.656139598999971, 41.019167224000057 ], [ -5.663486, 41.030706999000074 ], [ -5.661424858999965, 41.036200958000052 ], [ -5.668918921999932, 41.038439793000066 ], [ -5.673850285999947, 41.043992633000073 ], [ -5.672723410999936, 41.047553730000061 ], [ -5.667535408999925, 41.048347615000068 ], [ -5.672383238999942, 41.058132318000048 ], [ -5.659226543999978, 41.058273700000029 ], [ -5.648808429999974, 41.053063677000068 ], [ -5.639228499999945, 41.054912499000068 ] ] ] } },
{ "type": "Feature", "properties": { "code": "37203", "name": "Monterrubio de la Sierra" }, "geometry": { "type": "Polygon", "coordinates": [ [ [ -5.734764499999926, 40.732818499000075 ], [ -5.740416460999938, 40.751945444000057 ], [ -5.743736499999955, 40.754050999000071 ], [ -5.735311874999979, 40.76449116200007 ], [ -5.729031991999932, 40.762020090000078 ], [ -5.713687, 40.772136499000055 ], [ -5.711209025999949, 40.777654415000029 ], [ -5.704803944999981, 40.77834137900004 ], [ -5.68264731599993, 40.790157506000071 ], [ -5.669654499999979, 40.792392499000073 ], [ -5.659219026999949, 40.785549474000049 ], [ -5.657884499999966, 40.774535999000079 ], [ -5.655161704999955, 40.761317930000075 ], [ -5.665874825999936, 40.749477916000046 ], [ -5.66019261699995, 40.737296145000073 ], [ -5.679383235999978, 40.734591279000028 ], [ -5.693935777999968, 40.736569838000037 ], [ -5.698247499999979, 40.727275999000028 ], [ -5.706062957999961, 40.727102878000039 ], [ -5.70873484699996, 40.722006399000065 ], [ -5.734764499999926, 40.732818499000075 ] ] ] } },
{ "type": "Feature", "properties": { "code": "37204", "name": "Morasverdes" }, "geometry": { "type": "Polygon", "coordinates": [ [ [ -6.285532, 40.645839499000033 ], [ -6.262417237999955, 40.63725818100005 ], [ -6.247928865999938, 40.62412631400008 ], [ -6.249265305999927, 40.581318767000027 ], [ -6.239579, 40.57435999900008 ], [ -6.244368522999935, 40.568459458000063 ], [ -6.267814499999929, 40.55554199900007 ], [ -6.276089947999935, 40.559812439000041 ], [ -6.283609809999973, 40.560475869000072 ], [ -6.29379029699993, 40.557914679000078 ], [ -6.302396499999929, 40.552772499000071 ], [ -6.311740143999941, 40.55482231600007 ], [ -6.311562183999968, 40.562336447000064 ], [ -6.321364941999946, 40.566092585000035 ], [ -6.31814920599993, 40.57872117200003 ], [ -6.320192790999954, 40.589681144000053 ], [ -6.332339170999944, 40.602381438000066 ], [ -6.323481, 40.616138499000044 ], [ -6.304770314999928, 40.622206865000067 ], [ -6.285532, 40.645839499000033 ] ] ] } },
{ "type": "Feature", "properties": { "code": "37205", "name": "Morille" }, "geometry": { "type": "Polygon", "coordinates": [ [ [ -5.713687, 40.772136499000055 ], [ -5.724945659999946, 40.794878944000061 ], [ -5.72435371499995, 40.802532284000051 ], [ -5.73395237699998, 40.806298258000027 ], [ -5.728244516999951, 40.813256343000035 ], [ -5.723828499999968, 40.828647999000054 ], [ -5.699037532999967, 40.827896447000057 ], [ -5.691840940999953, 40.831316718000039 ], [ -5.68185138399997, 40.829079241000045 ], [ -5.665782499999978, 40.816745999000034 ], [ -5.673883915999966, 40.801692200000048 ], [ -5.673325893999959, 40.795524501000045 ], [ -5.669654499999979, 40.792392499000073 ], [ -5.68264731599993, 40.790157506000071 ], [ -5.704803944999981, 40.77834137900004 ], [ -5.711209025999949, 40.777654415000029 ], [ -5.713687, 40.772136499000055 ] ] ] } },
{ "type": "Feature", "properties": { "code": "37206", "name": "Moríñigo" }, "geometry": { "type": "Polygon", "coordinates": [ [ [ -5.392618499999969, 40.974494999000058 ], [ -5.389910499999928, 40.971236999000041 ], [ -5.383341499999972, 40.970660999000074 ], [ -5.381698, 40.96591199900007 ], [ -5.37721449999998, 40.960861499000032 ], [ -5.368278, 40.956165499000065 ], [ -5.367971864999959, 40.952884305000055 ], [ -5.372548499999937, 40.949321999000063 ], [ -5.378663, 40.94922249900003 ], [ -5.384465, 40.950668499000074 ], [ -5.392102499999964, 40.954250499000068 ], [ -5.396645, 40.954028999000059 ], [ -5.401182499999948, 40.955302999000025 ], [ -5.403651499999967, 40.957538499000066 ], [ -5.412634499999967, 40.954974999000058 ], [ -5.419735934999949, 40.971580544000062 ], [ -5.403882499999952, 40.983924999000067 ], [ -5.405685, 40.981490999000073 ], [ -5.392618499999969, 40.974494999000058 ] ] ] } },
{ "type": "Feature", "properties": { "code": "37207", "name": "Moriscos" }, "geometry": { "type": "Polygon", "coordinates": [ [ [ -5.541612499999928, 41.008540999000047 ], [ -5.541775499999972, 41.005664999000032 ], [ -5.556694186999948, 41.00132422300004 ], [ -5.564001, 40.98986349900008 ], [ -5.583540448999941, 40.985515214000031 ], [ -5.609034, 40.997922999000025 ], [ -5.559585499999969, 41.028362499000025 ], [ -5.561048, 41.02498999900007 ], [ -5.562942499999963, 41.023219999000048 ], [ -5.561157499999979, 41.019531499000038 ], [ -5.555921499999954, 41.012988999000072 ], [ -5.546608, 41.010772499000041 ], [ -5.541612499999928, 41.008540999000047 ] ] ] } },
{ "type": "Feature", "properties": { "code": "37208", "name": "Moronta" }, "geometry": { "type": "Polygon", "coordinates": [ [ [ -6.436102, 40.922645499000055 ], [ -6.4417, 40.924117999000032 ], [ -6.438172742999939, 40.926716680000027 ], [ -6.438368398999955, 40.931029273000036 ], [ -6.447030303999952, 40.944849002000069 ], [ -6.452520875999937, 40.962796740000044 ], [ -6.465084499999932, 40.981857499000057 ], [ -6.455845551999971, 40.978589069000066 ], [ -6.417990937999946, 40.986255774000028 ], [ -6.410849989999974, 40.983430285000054 ], [ -6.398445348999928, 40.986199954000028 ], [ -6.389502, 40.983726499000056 ], [ -6.388688993999949, 40.977674278000052 ], [ -6.396339888999933, 40.968392534000031 ], [ -6.388351715999931, 40.946599578000075 ], [ -6.403225806999956, 40.938627172000054 ], [ -6.422609420999947, 40.935131012000056 ], [ -6.436102, 40.922645499000055 ] ] ] } },
{ "type": "Feature", "properties": { "code": "37209", "name": "Mozárbez" }, "geometry": { "type": "Polygon", "coordinates": [ [ [ -5.614191, 40.821708499000067 ], [ -5.616506499999957, 40.817584999000076 ], [ -5.620168, 40.817836999000065 ], [ -5.625399499999958, 40.816104999000061 ], [ -5.630355, 40.812793499000065 ], [ -5.648195408999925, 40.82321625000003 ], [ -5.665782499999978, 40.816745999000034 ], [ -5.68185138399997, 40.829079241000045 ], [ -5.691840940999953, 40.831316718000039 ], [ -5.699037532999967, 40.827896447000057 ], [ -5.723828499999968, 40.828647999000054 ], [ -5.734447502999956, 40.839585026000066 ], [ -5.745426486999975, 40.837592089000054 ], [ -5.754278430999932, 40.847617375000027 ], [ -5.753756227999929, 40.852464685000029 ], [ -5.763479150999956, 40.85943805800008 ], [ -5.764454, 40.868331999000077 ], [ -5.760082830999977, 40.873496268000054 ], [ -5.73756949999995, 40.881904499000029 ], [ -5.740919105999978, 40.879258188000051 ], [ -5.740549031999933, 40.873851601000069 ], [ -5.728521736999937, 40.859503975000052 ], [ -5.716441851999946, 40.858257924000043 ], [ -5.709305808999943, 40.863692395000044 ], [ -5.700547461999975, 40.861179641000035 ], [ -5.696121386999948, 40.852983891000065 ], [ -5.687781787999938, 40.849894009000025 ], [ -5.680629495999938, 40.850826719000054 ], [ -5.668947, 40.857818499000075 ], [ -5.659643751999965, 40.86549182300007 ], [ -5.639518083999974, 40.867282638000063 ], [ -5.63015, 40.864021499000046 ], [ -5.630577933999973, 40.851883433000069 ], [ -5.624127, 40.84759499900008 ], [ -5.626231730999962, 40.839337396000076 ], [ -5.622832698999957, 40.836648427000057 ], [ -5.623486624999941, 40.831778624000037 ], [ -5.614191, 40.821708499000067 ] ] ] } },
{ "type": "Feature", "properties": { "code": "37211", "name": "Narros de Matalayegua" }, "geometry": { "type": "MultiPolygon", "coordinates": [ [ [ [ -5.863878499999942, 40.664180499000054 ], [ -5.884409734999963, 40.658977623000055 ], [ -5.887453122999943, 40.652305003000038 ], [ -5.885825, 40.645637499000031 ], [ -5.88642649999997, 40.645053999000027 ], [ -5.918391585999927, 40.652552102000072 ], [ -5.927049861999933, 40.667169064000063 ], [ -5.922272359999965, 40.677309020000052 ], [ -5.938053603999947, 40.686940858000071 ], [ -5.943034154999964, 40.704531040000063 ], [ -5.948879131999945, 40.708182148000049 ], [ -5.955966, 40.706015999000044 ], [ -5.969588765999958, 40.713143367000043 ], [ -5.978914019999934, 40.724117303000071 ], [ -5.960148499999946, 40.735236999000051 ], [ -5.953590634999955, 40.740583768000079 ], [ -5.939639932999967, 40.738524548000044 ], [ -5.925548, 40.75248749900004 ], [ -5.913069364999956, 40.74375458600008 ], [ -5.901640112999928, 40.724808064000058 ], [ -5.896896, 40.721893499000032 ], [ -5.89420980999995, 40.716974062000077 ], [ -5.883274754999945, 40.712695207000024 ], [ -5.855516062999925, 40.717181053000047 ], [ -5.855400715999963, 40.711174380000045 ], [ -5.849869482999964, 40.70454062400006 ], [ -5.827124499999968, 40.701617999000064 ], [ -5.822192577999942, 40.687197516000026 ], [ -5.827114121999955, 40.677237217000027 ], [ -5.836010509999937, 40.679370198000072 ], [ -5.84456008199993, 40.686009261000038 ], [ -5.86291878399993, 40.687438044000032 ], [ -5.859167816999957, 40.676639443000056 ], [ -5.864607847999935, 40.668362359000071 ], [ -5.863878499999942, 40.664180499000054 ] ] ], [ [ [ -5.866729499999963, 40.750522499000056 ], [ -5.867333992999932, 40.729971323000029 ], [ -5.878324204999956, 40.725646021000045 ], [ -5.893938, 40.725478999000075 ], [ -5.897029190999945, 40.730478097000059 ], [ -5.895300736999957, 40.741970318000028 ], [ -5.88712864699994, 40.753494255000078 ], [ -5.866729499999963, 40.750522499000056 ] ] ] ] } },
{ "type": "Feature", "properties": { "code": "37212", "name": "Navacarros" }, "geometry": { "type": "Polygon", "coordinates": [ [ [ -5.709988499999952, 40.40783299900005 ], [ -5.693372830999976, 40.388109290000045 ], [ -5.690486117999967, 40.378672600000073 ], [ -5.692721907999953, 40.372236728000075 ], [ -5.690299685999946, 40.353556007000066 ], [ -5.68605649999995, 40.343795999000065 ], [ -5.690114499999936, 40.33777599900003 ], [ -5.699317852999968, 40.371349957000064 ], [ -5.71471803399993, 40.381029985000055 ], [ -5.723683729999948, 40.392755707000049 ], [ -5.736649, 40.401275499000064 ], [ -5.730168499999934, 40.399825999000029 ], [ -5.725327, 40.400733499000069 ], [ -5.714141499999926, 40.404742999000064 ], [ -5.709988499999952, 40.40783299900005 ] ] ] } },
{ "type": "Feature", "properties": { "code": "37213", "name": "Nava de Béjar" }, "geometry": { "type": "Polygon", "coordinates": [ [ [ -5.694392499999935, 40.463138499000024 ], [ -5.699295174999975, 40.466160459000037 ], [ -5.699606286999938, 40.471225166000067 ], [ -5.706177545999935, 40.479068313000028 ], [ -5.704509499999972, 40.49074549900007 ], [ -5.697476, 40.494251499000029 ], [ -5.694620499999928, 40.494247499000039 ], [ -5.691619499999945, 40.492655999000078 ], [ -5.684913499999936, 40.492236999000056 ], [ -5.670004247999941, 40.483463393000079 ], [ -5.655052161999947, 40.479357617000062 ], [ -5.641357, 40.479991999000049 ], [ -5.638679499999967, 40.477577499000063 ], [ -5.675854339999944, 40.462293392000049 ], [ -5.685837950999939, 40.460725596000032 ], [ -5.694392499999935, 40.463138499000024 ] ] ] } },
{ "type": "Feature", "properties": { "code": "37214", "name": "Nava de Francia" }, "geometry": { "type": "Polygon", "coordinates": [ [ [ -6.146286499999974, 40.502921499000024 ], [ -6.155284, 40.520168499000079 ], [ -6.145088499999929, 40.530811499000038 ], [ -6.139084, 40.534679499000049 ], [ -6.137730499999975, 40.538821999000049 ], [ -6.132063672999948, 40.544796872000063 ], [ -6.10558, 40.554317499000035 ], [ -6.088124499999935, 40.542960999000059 ], [ -6.092986787999962, 40.539006991000065 ], [ -6.095428009999978, 40.529193554000074 ], [ -6.10757608199998, 40.524280800000042 ], [ -6.118757, 40.511070499000027 ], [ -6.132063672999948, 40.51197729200004 ], [ -6.140365117999977, 40.504462145000048 ], [ -6.146286499999974, 40.502921499000024 ] ] ] } },
{ "type": "Feature", "properties": { "code": "37215", "name": "Nava de Sotrobal" }, "geometry": { "type": "Polygon", "coordinates": [ [ [ -5.328819, 40.904712499000027 ], [ -5.317528, 40.920684999000059 ], [ -5.312096560999976, 40.91789725600006 ], [ -5.295558740999979, 40.924936517000049 ], [ -5.250811499999941, 40.924770499000033 ], [ -5.249445499999979, 40.918059999000036 ], [ -5.253197783999951, 40.907408439000051 ], [ -5.240113, 40.890704999000036 ], [ -5.244906034999929, 40.871995052000045 ], [ -5.256058, 40.860019999000031 ], [ -5.276077279999981, 40.860544944000026 ], [ -5.285858375999965, 40.864859115000058 ], [ -5.305786485999931, 40.861135147000027 ], [ -5.311519, 40.865039999000032 ], [ -5.316028366999944, 40.872871063000048 ], [ -5.326481499999943, 40.880664999000032 ], [ -5.335088161999977, 40.889037173000077 ], [ -5.335353, 40.892669499000078 ], [ -5.328819, 40.904712499000027 ] ] ] } },
{ "type": "Feature", "properties": { "code": "37216", "name": "Navales" }, "geometry": { "type": "Polygon", "coordinates": [ [ [ -5.451062499999978, 40.792293499000039 ], [ -5.453606778999927, 40.782434002000059 ], [ -5.459816882999974, 40.776936768000041 ], [ -5.457536044999927, 40.771152183000027 ], [ -5.453153513999951, 40.76941548700006 ], [ -5.454724831999954, 40.762017827000079 ], [ -5.451755499999933, 40.757385499000065 ], [ -5.455472499999928, 40.752170499000044 ], [ -5.458289503999936, 40.754812952000066 ], [ -5.467475462999971, 40.753226581000035 ], [ -5.493876075999935, 40.77101506300005 ], [ -5.500526499999978, 40.767921999000066 ], [ -5.501813481999932, 40.777889419000076 ], [ -5.509414439999944, 40.78979825600004 ], [ -5.506609499999968, 40.794238999000072 ], [ -5.497399351999945, 40.794479078000052 ], [ -5.48598549999997, 40.803664999000034 ], [ -5.480328554999971, 40.803254611000057 ], [ -5.467584057999943, 40.794835848000048 ], [ -5.464059137999925, 40.797342755000045 ], [ -5.451062499999978, 40.792293499000039 ] ] ] } },
{ "type": "Feature", "properties": { "code": "37217", "name": "Navalmoral de Béjar" }, "geometry": { "type": "Polygon", "coordinates": [ [ [ -5.797215, 40.455741999000054 ], [ -5.795765499999959, 40.454337999000074 ], [ -5.792139499999962, 40.45308699900005 ], [ -5.77593, 40.449123499000052 ], [ -5.776483, 40.440509999000028 ], [ -5.771851499999968, 40.435935999000037 ], [ -5.76918, 40.43146899900006 ], [ -5.769927499999937, 40.426147499000081 ], [ -5.766198499999973, 40.425173999000037 ], [ -5.768962, 40.425258499000051 ], [ -5.771687499999928, 40.423923499000068 ], [ -5.779216, 40.419547999000031 ], [ -5.78378349999997, 40.415698999000028 ], [ -5.794388499999968, 40.413425499000027 ], [ -5.804501, 40.408920499000033 ], [ -5.807971805999955, 40.425981472000046 ], [ -5.803864499999975, 40.438976499000034 ], [ -5.797215, 40.455741999000054 ] ] ] } },
{ "type": "Feature", "properties": { "code": "37218", "name": "Navamorales" }, "geometry": { "type": "Polygon", "coordinates": [ [ [ -5.508321, 40.471813499000064 ], [ -5.512574891999975, 40.48106774300004 ], [ -5.50680489399997, 40.486019279000061 ], [ -5.504999921999968, 40.498060044000056 ], [ -5.480841, 40.509383999000079 ], [ -5.47653855599998, 40.501466728000025 ], [ -5.461991499999954, 40.49122249900006 ], [ -5.462896499999943, 40.487266499000043 ], [ -5.46183949999994, 40.485133999000027 ], [ -5.460939014999951, 40.474844945000029 ], [ -5.465586, 40.465949999000031 ], [ -5.482426974999953, 40.457493552000074 ], [ -5.500169085999971, 40.459298923000063 ], [ -5.508071, 40.462890499000025 ], [ -5.508321, 40.471813499000064 ] ] ] } },
{ "type": "Feature", "properties": { "code": "37219", "name": "Navarredonda de la Rinconada" }, "geometry": { "type": "Polygon", "coordinates": [ [ [ -6.038905499999942, 40.594722999000055 ], [ -6.028635, 40.603259999000045 ], [ -6.026913499999978, 40.605720499000029 ], [ -6.015189499999963, 40.614112999000042 ], [ -6.00556, 40.615756999000041 ], [ -5.999452499999961, 40.618465499000081 ], [ -5.9985, 40.622031999000058 ], [ -5.98324649999995, 40.616065999000057 ], [ -5.985496414999943, 40.596004686000072 ], [ -5.976447499999949, 40.582984999000075 ], [ -5.989129, 40.58521199900008 ], [ -5.996046, 40.585078999000075 ], [ -6.009578499999975, 40.586494499000025 ], [ -6.023029358999963, 40.585865604000048 ], [ -6.038905499999942, 40.594722999000055 ] ] ] } },
{ "type": "Feature", "properties": { "code": "37221", "name": "Navasfrías" }, "geometry": { "type": "Polygon", "coordinates": [ [ [ -6.791007499999978, 40.333877499000039 ], [ -6.780792695999935, 40.332753698000033 ], [ -6.77272719399997, 40.325102376000075 ], [ -6.761777499999937, 40.32587249900007 ], [ -6.759366019999959, 40.319131379000055 ], [ -6.769975862999956, 40.307112650000079 ], [ -6.777512365999939, 40.277148785000065 ], [ -6.778449442999943, 40.253484440000079 ], [ -6.781613, 40.249145499000065 ], [ -6.800137001999929, 40.249697749000063 ], [ -6.801039648999961, 40.242806919000031 ], [ -6.805374361999952, 40.241840369000045 ], [ -6.824612018999971, 40.248004323000032 ], [ -6.835039219999942, 40.248077035000051 ], [ -6.840297715999952, 40.254770184000051 ], [ -6.846865499999979, 40.254485999000053 ], [ -6.865144, 40.270694499000058 ], [ -6.861078499999962, 40.299762499000053 ], [ -6.840158248999956, 40.31431337600003 ], [ -6.820109, 40.323817999000028 ], [ -6.800809597999944, 40.325984985000048 ], [ -6.791007499999978, 40.333877499000039 ] ] ] } },
{ "type": "Feature", "properties": { "code": "37222", "name": "Negrilla de Palencia" }, "geometry": { "type": "MultiPolygon", "coordinates": [ [ [ [ -5.599227, 41.112334999000041 ], [ -5.589306755999928, 41.111171581000065 ], [ -5.578074, 41.102821499000072 ], [ -5.580234206999933, 41.092678502000069 ], [ -5.578284, 41.08841699900006 ], [ -5.591723539999975, 41.075523521000036 ], [ -5.596239, 41.074596499000052 ], [ -5.605284499999925, 41.082080999000027 ], [ -5.600008499999944, 41.085376999000061 ], [ -5.597323, 41.088500999000075 ], [ -5.599608499999931, 41.090007999000079 ], [ -5.59907149999998, 41.092379999000059 ], [ -5.596792499999935, 41.09259399900003 ], [ -5.596574, 41.096046499000067 ], [ -5.594251, 41.09754999900008 ], [ -5.600815, 41.110316999000077 ], [ -5.599227, 41.112334999000041 ] ] ], [ [ [ -5.633258499999954, 41.140220499000066 ], [ -5.618780239999978, 41.145856428000059 ], [ -5.611153513999966, 41.143101453000043 ], [ -5.606179499999939, 41.144782999000029 ], [ -5.60301663499996, 41.143392310000024 ], [ -5.601041, 41.124778999000057 ], [ -5.602901, 41.125735999000028 ], [ -5.604635, 41.124686999000062 ], [ -5.60741, 41.12499249900003 ], [ -5.613459, 41.121360499000048 ], [ -5.621348499999954, 41.122352499000044 ], [ -5.624459, 41.121211999000025 ], [ -5.625581, 41.119743499000037 ], [ -5.629050499999948, 41.121348999000077 ], [ -5.629053499999941, 41.119376999000053 ], [ -5.632078499999977, 41.118144999000037 ], [ -5.634314499999959, 41.123428499000056 ], [ -5.634909499999935, 41.130275499000049 ], [ -5.633258499999954, 41.140220499000066 ] ] ] ] } },
{ "type": "Feature", "properties": { "code": "37223", "name": "Olmedo de Camaces" }, "geometry": { "type": "MultiPolygon", "coordinates": [ [ [ [ -6.518172499999935, 40.86090499900007 ], [ -6.491878395999947, 40.852691869000068 ], [ -6.47119362899997, 40.837207371000034 ], [ -6.469898, 40.806899999000052 ], [ -6.4739, 40.785693999000046 ], [ -6.495169630999953, 40.790933005000056 ], [ -6.517430802999968, 40.807068686000036 ], [ -6.521931133999942, 40.815942114000052 ], [ -6.533680205999929, 40.81731704200007 ], [ -6.544784, 40.824039499000037 ], [ -6.546461097999952, 40.833516560000078 ], [ -6.539875886999937, 40.845241139000052 ], [ -6.525346962999947, 40.858138827000062 ], [ -6.518172499999935, 40.86090499900007 ] ] ], [ [ [ -6.544833257999926, 40.793642448000071 ], [ -6.535722714999963, 40.806886950000035 ], [ -6.529646982999964, 40.805742229000032 ], [ -6.527326131999928, 40.796315348000064 ], [ -6.530892248999976, 40.790048541000033 ], [ -6.537034120999976, 40.788381032000075 ], [ -6.544833257999926, 40.793642448000071 ] ] ], [ [ [ -6.63772, 40.969535999000072 ], [ -6.632841499999927, 40.97265999900003 ], [ -6.629695, 40.973121499000058 ], [ -6.616814232999957, 40.962429471000064 ], [ -6.611377767999954, 40.944210824000038 ], [ -6.591272261999961, 40.936616812000068 ], [ -6.600124567999956, 40.918588339000053 ], [ -6.60015778099995, 40.904385555000033 ], [ -6.574720499999955, 40.897453499000051 ], [ -6.579994814999964, 40.890829831000076 ], [ -6.595085731999973, 40.889016691000052 ], [ -6.597297499999968, 40.866901499000051 ], [ -6.604414499999962, 40.866866999000081 ], [ -6.610322499999938, 40.87037299900004 ], [ -6.615792499999941, 40.87104049900006 ], [ -6.615849499999968, 40.873397999000076 ], [ -6.619516, 40.872951499000067 ], [ -6.620024499999943, 40.868160499000055 ], [ -6.621172499999943, 40.865710999000044 ], [ -6.62621, 40.86603149900003 ], [ -6.627292, 40.85869199900003 ], [ -6.632986, 40.859603499000059 ], [ -6.634231499999942, 40.856120999000041 ], [ -6.639902499999948, 40.856151499000077 ], [ -6.642041499999948, 40.848842499000057 ], [ -6.645225, 40.848743499000079 ], [ -6.659770499999979, 40.859176499000057 ], [ -6.666135499999939, 40.859939499000063 ], [ -6.672601499999928, 40.859111999000049 ], [ -6.675887197999941, 40.867318628000078 ], [ -6.682438404999971, 40.872754576000034 ], [ -6.654926796999973, 40.894630956000071 ], [ -6.649766747999934, 40.903263761000062 ], [ -6.650007, 40.908744999000078 ], [ -6.642632110999955, 40.912439785000061 ], [ -6.648238001999971, 40.928951411000071 ], [ -6.642121163999946, 40.938976318000073 ], [ -6.645005103999949, 40.949810797000055 ], [ -6.63772, 40.969535999000072 ] ] ] ] } },
{ "type": "Feature", "properties": { "code": "37224", "name": "Orbada, La" }, "geometry": { "type": "Polygon", "coordinates": [ [ [ -5.475229, 41.078403499000046 ], [ -5.479935674999979, 41.085856196000066 ], [ -5.471538788999965, 41.091092618000062 ], [ -5.470224409999958, 41.095261245000074 ], [ -5.482016814999952, 41.091149728000062 ], [ -5.502231521999931, 41.102696339000033 ], [ -5.506351406999954, 41.110903428000029 ], [ -5.502021, 41.128204499000049 ], [ -5.497346807999975, 41.128900607000048 ], [ -5.490168294999933, 41.13657029500007 ], [ -5.466799290999973, 41.142142568000054 ], [ -5.460724941999956, 41.13858659300007 ], [ -5.451601499999981, 41.125453999000058 ], [ -5.448816674999932, 41.107382972000039 ], [ -5.441206418999968, 41.104875781000032 ], [ -5.437142542999936, 41.100086107000038 ], [ -5.423615428999938, 41.097631554000031 ], [ -5.42162849999994, 41.092609499000048 ], [ -5.427080802999967, 41.085563304000061 ], [ -5.42798251399995, 41.079392401000064 ], [ -5.431767, 41.07696899900003 ], [ -5.447375846999932, 41.074520638000081 ], [ -5.460716912999942, 41.07846270400006 ], [ -5.475229, 41.078403499000046 ] ] ] } },
{ "type": "Feature", "properties": { "code": "37225", "name": "Pajares de la Laguna" }, "geometry": { "type": "Polygon", "coordinates": [ [ [ -5.492414499999938, 41.096564999000066 ], [ -5.50498620299993, 41.076602342000058 ], [ -5.512979213999927, 41.076490786000079 ], [ -5.525815499999965, 41.081767999000078 ], [ -5.52390461799996, 41.093729487000076 ], [ -5.526198682999961, 41.09738161000007 ], [ -5.518483111999956, 41.109867750000035 ], [ -5.520210652999936, 41.12138671200006 ], [ -5.516285499999981, 41.126479999000026 ], [ -5.502021, 41.128204499000049 ], [ -5.506351406999954, 41.110903428000029 ], [ -5.502231521999931, 41.102696339000033 ], [ -5.492414499999938, 41.096564999000066 ] ] ] } },
{ "type": "Feature", "properties": { "code": "37226", "name": "Palacios del Arzobispo" }, "geometry": { "type": "Polygon", "coordinates": [ [ [ -5.858504499999981, 41.198116499000037 ], [ -5.848556499999972, 41.19253549900003 ], [ -5.84541894299997, 41.177855578000049 ], [ -5.852764576999959, 41.16173879400003 ], [ -5.853944880999961, 41.150709196000037 ], [ -5.858529, 41.146621999000047 ], [ -5.868283998999971, 41.148256464000042 ], [ -5.882062, 41.144206999000062 ], [ -5.888591362999932, 41.155574505000061 ], [ -5.898575300999937, 41.159075599000062 ], [ -5.905691052999941, 41.158710297000027 ], [ -5.911042751999958, 41.147774900000059 ], [ -5.936703, 41.156749499000057 ], [ -5.931471980999959, 41.159103495000068 ], [ -5.93167983799998, 41.166468832000078 ], [ -5.92506549999996, 41.174571999000079 ], [ -5.922118499999954, 41.175853499000027 ], [ -5.915614, 41.17435449900006 ], [ -5.914849499999946, 41.177238499000055 ], [ -5.913158499999952, 41.178359999000065 ], [ -5.870541904999925, 41.198806115000025 ], [ -5.858504499999981, 41.198116499000037 ] ] ] } },
{ "type": "Feature", "properties": { "code": "37228", "name": "Palaciosrubios" }, "geometry": { "type": "Polygon", "coordinates": [ [ [ -5.195646, 41.085872499000061 ], [ -5.182625161999965, 41.086251090000076 ], [ -5.17590140599998, 41.083425940000041 ], [ -5.15980572899997, 41.085014682000065 ], [ -5.152292, 41.081950999000071 ], [ -5.152526225999964, 41.064342341000042 ], [ -5.146571, 41.043658999000058 ], [ -5.163234460999945, 41.038337371000068 ], [ -5.178001079999945, 41.028776410000035 ], [ -5.193271286999959, 41.030010929000071 ], [ -5.204332310999973, 41.027357328000051 ], [ -5.219699557999945, 41.032945931000029 ], [ -5.230830499999968, 41.03216149900004 ], [ -5.238855445999945, 41.04468025400007 ], [ -5.239720499999976, 41.054732999000066 ], [ -5.215340864999973, 41.066859964000059 ], [ -5.205389543999956, 41.074521962000063 ], [ -5.204578285999958, 41.079834475000041 ], [ -5.195646, 41.085872499000061 ] ] ] } },
{ "type": "Feature", "properties": { "code": "37229", "name": "Palencia de Negrilla" }, "geometry": { "type": "Polygon", "coordinates": [ [ [ -5.633258499999954, 41.140220499000066 ], [ -5.634909499999935, 41.130275499000049 ], [ -5.634314499999959, 41.123428499000056 ], [ -5.632078499999977, 41.118144999000037 ], [ -5.629053499999941, 41.119376999000053 ], [ -5.629050499999948, 41.121348999000077 ], [ -5.625581, 41.119743499000037 ], [ -5.624459, 41.121211999000025 ], [ -5.621348499999954, 41.122352499000044 ], [ -5.613459, 41.121360499000048 ], [ -5.60741, 41.12499249900003 ], [ -5.604635, 41.124686999000062 ], [ -5.602901, 41.125735999000028 ], [ -5.601041, 41.124778999000057 ], [ -5.599227, 41.112334999000041 ], [ -5.600815, 41.110316999000077 ], [ -5.594251, 41.09754999900008 ], [ -5.596574, 41.096046499000067 ], [ -5.596792499999935, 41.09259399900003 ], [ -5.59907149999998, 41.092379999000059 ], [ -5.599608499999931, 41.090007999000079 ], [ -5.597323, 41.088500999000075 ], [ -5.600008499999944, 41.085376999000061 ], [ -5.605284499999925, 41.082080999000027 ], [ -5.619887808999977, 41.083213555000043 ], [ -5.625127499999962, 41.087482499000032 ], [ -5.627186088999963, 41.094597505000024 ], [ -5.634213185999954, 41.09635585400008 ], [ -5.637465440999961, 41.107273804000044 ], [ -5.644834, 41.112243499000044 ], [ -5.650704576999942, 41.124043849000032 ], [ -5.651613889999965, 41.135884865000037 ], [ -5.633258499999954, 41.140220499000066 ] ] ] } },
{ "type": "Feature", "properties": { "code": "37230", "name": "Parada de Arriba" }, "geometry": { "type": "MultiPolygon", "coordinates": [ [ [ [ -5.788578, 40.967811499000049 ], [ -5.799365934999969, 40.979640077000056 ], [ -5.810658328999978, 40.97903764800003 ], [ -5.818857883999954, 40.959473742000057 ], [ -5.829337907999957, 40.958663386000069 ], [ -5.838076913999942, 40.963394953000034 ], [ -5.848938360999966, 40.964535501000057 ], [ -5.840752582999926, 40.97310180900007 ], [ -5.841384, 40.980849999000043 ], [ -5.821732275999977, 40.982087137000065 ], [ -5.819290390999981, 40.990835802000049 ], [ -5.822848499999964, 40.999328499000057 ], [ -5.803593499999977, 41.004752999000061 ], [ -5.799256749999927, 41.001181663000068 ], [ -5.790233883999974, 41.002115736000064 ], [ -5.788076168999964, 40.998866346000057 ], [ -5.780116267999972, 40.998918628000069 ], [ -5.777013, 40.991515999000057 ], [ -5.784969174999958, 40.981343965000065 ], [ -5.781905499999937, 40.971313499000075 ], [ -5.788578, 40.967811499000049 ] ] ], [ [ [ -5.827401785999939, 40.941913169000031 ], [ -5.807297820999963, 40.956984878000071 ], [ -5.801831067999956, 40.966423970000051 ], [ -5.797205656999949, 40.966249425000058 ], [ -5.798509326999977, 40.953366600000038 ], [ -5.816312269999969, 40.939421061000075 ], [ -5.822656602999928, 40.93819989900004 ], [ -5.827401785999939, 40.941913169000031 ] ] ] ] } },
{ "type": "Feature", "properties": { "code": "37231", "name": "Parada de Rubiales" }, "geometry": { "type": "Polygon", "coordinates": [ [ [ -5.40074, 41.147041499000068 ], [ -5.418009901999937, 41.138275748000069 ], [ -5.443834583999944, 41.132599299000049 ], [ -5.451601499999981, 41.125453999000058 ], [ -5.460724941999956, 41.13858659300007 ], [ -5.466799290999973, 41.142142568000054 ], [ -5.471177, 41.141444999000043 ], [ -5.473393499999929, 41.153484499000058 ], [ -5.470669676999933, 41.15877331300004 ], [ -5.475089623999963, 41.168295744000034 ], [ -5.475286014999938, 41.178317691000075 ], [ -5.426500799999928, 41.187427171000024 ], [ -5.407621499999948, 41.185607999000069 ], [ -5.397373434999963, 41.164301828000077 ], [ -5.40074, 41.147041499000068 ] ] ] } },
{ "type": "Feature", "properties": { "code": "37232", "name": "Paradinas de San Juan" }, "geometry": { "type": "Polygon", "coordinates": [ [ [ -5.127629499999955, 40.954139499000064 ], [ -5.128199499999937, 40.948596999000074 ], [ -5.133613552999975, 40.949603137000054 ], [ -5.146471745999975, 40.941806746000054 ], [ -5.168762424999954, 40.937578672000029 ], [ -5.181141, 40.939330999000049 ], [ -5.181677451999974, 40.946024771000054 ], [ -5.189194526999927, 40.954331264000075 ], [ -5.195884899999953, 40.955920055000036 ], [ -5.210363499999971, 40.967181999000047 ], [ -5.212180304999947, 40.972035285000061 ], [ -5.199148499999978, 40.988040999000077 ], [ -5.189979825999956, 40.988281813000071 ], [ -5.187319891999948, 40.995388362000028 ], [ -5.179268379999939, 40.997464062000063 ], [ -5.172659025999963, 41.004416891000062 ], [ -5.164000499999929, 41.007636999000056 ], [ -5.151065708999965, 41.00177240000005 ], [ -5.135906347999935, 40.987359034000065 ], [ -5.129832746999966, 40.970559416000071 ], [ -5.131544541999972, 40.961427416000049 ], [ -5.127408878999972, 40.957940038000061 ], [ -5.127629499999955, 40.954139499000064 ] ] ] } },
{ "type": "Feature", "properties": { "code": "37233", "name": "Pastores" }, "geometry": { "type": "Polygon", "coordinates": [ [ [ -6.483454, 40.501998999000079 ], [ -6.496336499999927, 40.496482999000079 ], [ -6.502780262999977, 40.502321433000077 ], [ -6.51481076999994, 40.50425957300007 ], [ -6.523110634999966, 40.513004889000058 ], [ -6.513560462999976, 40.523690951000049 ], [ -6.508837, 40.538245999000026 ], [ -6.509977, 40.541972999000052 ], [ -6.502303, 40.54107299900005 ], [ -6.493478357999948, 40.544024448000073 ], [ -6.48488, 40.539043499000059 ], [ -6.48459693999996, 40.532875554000043 ], [ -6.477881929999967, 40.526576964000071 ], [ -6.484184703999972, 40.512977152000076 ], [ -6.483454, 40.501998999000079 ] ] ] } },
{ "type": "Feature", "properties": { "code": "37234", "name": "Payo, El" }, "geometry": { "type": "Polygon", "coordinates": [ [ [ -6.755661, 40.238975499000048 ], [ -6.778157, 40.245574999000041 ], [ -6.781613, 40.249145499000065 ], [ -6.778449442999943, 40.253484440000079 ], [ -6.777512365999939, 40.277148785000065 ], [ -6.769975862999956, 40.307112650000079 ], [ -6.759366019999959, 40.319131379000055 ], [ -6.761777499999937, 40.32587249900007 ], [ -6.758351962999939, 40.337842807000072 ], [ -6.738925743999971, 40.337127531000078 ], [ -6.737175407999928, 40.344831967000061 ], [ -6.73134220999998, 40.35226887400006 ], [ -6.725080510999931, 40.355381893000072 ], [ -6.71059624399993, 40.353876470000046 ], [ -6.704725499999938, 40.345870999000056 ], [ -6.708254245999967, 40.33233617500008 ], [ -6.707148720999953, 40.322354922000045 ], [ -6.696023719999971, 40.302919673000076 ], [ -6.703910374999964, 40.290799542000059 ], [ -6.703785953999954, 40.272640396000043 ], [ -6.700535701999968, 40.268981364000069 ], [ -6.682457973999931, 40.263291252000045 ], [ -6.67778, 40.258051999000031 ], [ -6.67782, 40.251006999000026 ], [ -6.688515, 40.246650499000054 ], [ -6.690194, 40.242713999000046 ], [ -6.702515191999964, 40.250705802000027 ], [ -6.712103730999956, 40.26655708800007 ], [ -6.71838516899993, 40.268728792000047 ], [ -6.752207738999971, 40.249440525000068 ], [ -6.755661, 40.238975499000048 ] ] ] } },
{ "type": "Feature", "properties": { "code": "37235", "name": "Pedraza de Alba" }, "geometry": { "type": "Polygon", "coordinates": [ [ [ -5.380939499999954, 40.71408849900007 ], [ -5.386038108999969, 40.728522284000064 ], [ -5.390588888999957, 40.731390149000049 ], [ -5.397930499999973, 40.743922999000063 ], [ -5.394017291999944, 40.747829061000061 ], [ -5.395060178999927, 40.752262088000066 ], [ -5.39133869099993, 40.759339837000027 ], [ -5.382413499999927, 40.767688999000029 ], [ -5.363244603999931, 40.764685531000055 ], [ -5.359595580999951, 40.757234667000034 ], [ -5.355634499999951, 40.76054749900004 ], [ -5.338115745999971, 40.753902978000042 ], [ -5.334721499999944, 40.748550499000032 ], [ -5.334181459999968, 40.739765843000043 ], [ -5.328366492999976, 40.732502613000065 ], [ -5.329018330999929, 40.723786074000031 ], [ -5.340099334999934, 40.720322880000026 ], [ -5.357617797999978, 40.722653216000026 ], [ -5.380939499999954, 40.71408849900007 ] ] ] } },
{ "type": "Feature", "properties": { "code": "37236", "name": "Pedrosillo de Alba" }, "geometry": { "type": "Polygon", "coordinates": [ [ [ -5.360315499999956, 40.824176999000031 ], [ -5.395481168999936, 40.810934532000033 ], [ -5.397770688999969, 40.803078794000044 ], [ -5.389290832999961, 40.792777096000066 ], [ -5.395915, 40.78902849900004 ], [ -5.409038463999934, 40.78590811600003 ], [ -5.418380630999934, 40.787683400000049 ], [ -5.441404499999976, 40.798194999000032 ], [ -5.431300918999966, 40.805986485000062 ], [ -5.428696229999957, 40.812830438000049 ], [ -5.417363834999946, 40.823359297000025 ], [ -5.407191151999939, 40.825213899000062 ], [ -5.406650270999933, 40.830264042000067 ], [ -5.395803499999943, 40.847549499000024 ], [ -5.383975021999959, 40.841743729000029 ], [ -5.374316809999925, 40.831450541000038 ], [ -5.365473418999954, 40.829825508000056 ], [ -5.360315499999956, 40.824176999000031 ] ] ] } },
{ "type": "Feature", "properties": { "code": "37237", "name": "Pedrosillo de los Aires" }, "geometry": { "type": "Polygon", "coordinates": [ [ [ -5.735265, 40.661471999000071 ], [ -5.739401402999931, 40.66828952000003 ], [ -5.768855499999972, 40.68975449900006 ], [ -5.764490308999939, 40.701091010000027 ], [ -5.765769030999934, 40.720722404000071 ], [ -5.756063802999961, 40.730581629000028 ], [ -5.745780905999936, 40.733473694000054 ], [ -5.734764499999926, 40.732818499000075 ], [ -5.70873484699996, 40.722006399000065 ], [ -5.706062957999961, 40.727102878000039 ], [ -5.698247499999979, 40.727275999000028 ], [ -5.681928122999977, 40.719094674000075 ], [ -5.67278850799994, 40.71973317700008 ], [ -5.665252, 40.710117499000035 ], [ -5.641210499999943, 40.698394499000074 ], [ -5.636651669999935, 40.687625290000028 ], [ -5.622026499999947, 40.679103999000063 ], [ -5.629600152999956, 40.668529389000071 ], [ -5.633677530999933, 40.654366726000035 ], [ -5.645490571999972, 40.648620850000043 ], [ -5.652565740999933, 40.655895530000066 ], [ -5.670495367999933, 40.662494406000064 ], [ -5.680655103999925, 40.658900162000066 ], [ -5.685680079999941, 40.664781343000072 ], [ -5.695258819999935, 40.667296758000077 ], [ -5.700222511999925, 40.673241740000037 ], [ -5.70701265699995, 40.666290077000042 ], [ -5.735265, 40.661471999000071 ] ] ] } },
{ "type": "Feature", "properties": { "code": "37238", "name": "Pedrosillo el Ralo" }, "geometry": { "type": "Polygon", "coordinates": [ [ [ -5.540249499999959, 41.076392999000063 ], [ -5.536893, 41.063083499000072 ], [ -5.541651499999944, 41.063041499000065 ], [ -5.543933, 41.061385999000038 ], [ -5.538719, 41.057018499000037 ], [ -5.54792176899997, 41.045929704000059 ], [ -5.564805922999938, 41.042929494000077 ], [ -5.573079499999949, 41.045329999000046 ], [ -5.577609499999937, 41.048309499000027 ], [ -5.559443429999931, 41.073334451000051 ], [ -5.540249499999959, 41.076392999000063 ] ] ] } },
{ "type": "Feature", "properties": { "code": "37239", "name": "Pedroso de la Armuña, El" }, "geometry": { "type": "Polygon", "coordinates": [ [ [ -5.421756, 41.056533999000067 ], [ -5.432911045999958, 41.064835433000042 ], [ -5.433817632999933, 41.069695454000055 ], [ -5.429627124999968, 41.073722143000055 ], [ -5.431767, 41.07696899900003 ], [ -5.42798251399995, 41.079392401000064 ], [ -5.427080802999967, 41.085563304000061 ], [ -5.42162849999994, 41.092609499000048 ], [ -5.415898236999965, 41.09652449500004 ], [ -5.410463751999941, 41.095560778000049 ], [ -5.388542258999962, 41.108681783000065 ], [ -5.377164499999935, 41.112212999000064 ], [ -5.370233250999945, 41.109240420000049 ], [ -5.366920175999951, 41.102048099000058 ], [ -5.371555113999932, 41.081329819000075 ], [ -5.381545, 41.071242999000049 ], [ -5.407568856999944, 41.062640352000074 ], [ -5.41494789799998, 41.065865544000076 ], [ -5.416968181999948, 41.059780991000025 ], [ -5.421756, 41.056533999000067 ] ] ] } },
{ "type": "Feature", "properties": { "code": "37240", "name": "Pelabravo" }, "geometry": { "type": "Polygon", "coordinates": [ [ [ -5.603425499999958, 40.919336499000053 ], [ -5.61688, 40.922688999000059 ], [ -5.609367876999954, 40.931409277000057 ], [ -5.603966044999936, 40.954983237000079 ], [ -5.611243415999979, 40.963745336000045 ], [ -5.620742499999949, 40.966978499000049 ], [ -5.614480687999958, 40.971351435000031 ], [ -5.590100861999929, 40.977959432000034 ], [ -5.563719499999934, 40.97370199900007 ], [ -5.568977578999977, 40.959438516000034 ], [ -5.566014913999936, 40.948744361000081 ], [ -5.569805082999949, 40.945974893000027 ], [ -5.559883615999979, 40.934944672000029 ], [ -5.55796391299998, 40.925090498000031 ], [ -5.560049, 40.918338999000071 ], [ -5.583201543999962, 40.920800996000025 ], [ -5.59071645299997, 40.926230027000031 ], [ -5.595168832999946, 40.917569512000057 ], [ -5.603425499999958, 40.919336499000053 ] ] ] } },
{ "type": "Feature", "properties": { "code": "37241", "name": "Pelarrodríguez" }, "geometry": { "type": "MultiPolygon", "coordinates": [ [ [ [ -6.190428499999939, 40.843448999000032 ], [ -6.199081736999972, 40.833516560000078 ], [ -6.201442888999964, 40.828421720000051 ], [ -6.205041499999936, 40.827968499000065 ], [ -6.204588151999928, 40.831032601000061 ], [ -6.206277711999974, 40.833516560000078 ], [ -6.218683340999974, 40.836822278000056 ], [ -6.230855997999981, 40.854949335000072 ], [ -6.216928211999971, 40.856686847000049 ], [ -6.210717232999968, 40.861171180000042 ], [ -6.204942260999928, 40.86056426500005 ], [ -6.199725073999957, 40.85853135900004 ], [ -6.199020493999967, 40.853244326000038 ], [ -6.190428499999939, 40.843448999000032 ] ] ], [ [ [ -6.234990499999981, 40.902267499000061 ], [ -6.212062875999948, 40.900996095000039 ], [ -6.203833721999956, 40.895378188000052 ], [ -6.202543610999953, 40.890606570000045 ], [ -6.192525499999931, 40.88117599900005 ], [ -6.202339286999973, 40.87239254800005 ], [ -6.213415547999944, 40.879514774000029 ], [ -6.226693467999951, 40.880807743000048 ], [ -6.242081499999927, 40.891650999000035 ], [ -6.234990499999981, 40.902267499000061 ] ] ] ] } },
{ "type": "Feature", "properties": { "code": "37242", "name": "Pelayos" }, "geometry": { "type": "Polygon", "coordinates": [ [ [ -5.543858, 40.690700499000059 ], [ -5.550228354999945, 40.689744372000064 ], [ -5.552531745999943, 40.67478286000005 ], [ -5.562949017999927, 40.670232497000029 ], [ -5.565444543999945, 40.663680484000054 ], [ -5.54773047599997, 40.645797708000032 ], [ -5.552046116999975, 40.637765276000039 ], [ -5.547104420999972, 40.630989047000071 ], [ -5.522921, 40.626857499000039 ], [ -5.526843499999927, 40.617656499000077 ], [ -5.544482549999941, 40.609069138000052 ], [ -5.557145804999948, 40.606626043000063 ], [ -5.56828612399994, 40.613512914000069 ], [ -5.571423336999942, 40.621377187000064 ], [ -5.582003992999944, 40.623015505000069 ], [ -5.587544499999979, 40.61896899900006 ], [ -5.598406748999935, 40.629276867000044 ], [ -5.583992244999934, 40.639661612000054 ], [ -5.585281900999973, 40.643662144000075 ], [ -5.595670622999933, 40.651036828000031 ], [ -5.600615789999949, 40.665554307000036 ], [ -5.599802515999954, 40.679105605000075 ], [ -5.593212499999936, 40.68564599900003 ], [ -5.593224499999963, 40.690276999000048 ], [ -5.594907, 40.696433999000078 ], [ -5.59925, 40.702811999000062 ], [ -5.596855499999947, 40.713378999000042 ], [ -5.593852499999969, 40.714698499000065 ], [ -5.590008, 40.718440999000052 ], [ -5.569179693999956, 40.71117969800008 ], [ -5.56066672999998, 40.716971534000038 ], [ -5.555956692999928, 40.716235450000056 ], [ -5.544396702999961, 40.698478822000027 ], [ -5.543858, 40.690700499000059 ] ] ] } },
{ "type": "Feature", "properties": { "code": "37243", "name": "Peña, La" }, "geometry": { "type": "Polygon", "coordinates": [ [ [ -6.563458, 41.190284999000028 ], [ -6.564718, 41.200763499000061 ], [ -6.560911775999955, 41.202754682000034 ], [ -6.554189537999946, 41.197076647000074 ], [ -6.548169781999945, 41.197936976000051 ], [ -6.541299154999933, 41.194992126000045 ], [ -6.524471085999949, 41.199517875000026 ], [ -6.515316962999975, 41.195909813000071 ], [ -6.506321046999972, 41.197525754000026 ], [ -6.502968816999953, 41.202765715000055 ], [ -6.497381, 41.204036999000039 ], [ -6.484763499999929, 41.188037499000075 ], [ -6.513001570999961, 41.152395349000074 ], [ -6.516007798999965, 41.142800651000073 ], [ -6.514704499999937, 41.131572499000072 ], [ -6.521064499999966, 41.129985999000041 ], [ -6.522513499999945, 41.128139499000042 ], [ -6.542391836999968, 41.14438205700003 ], [ -6.538268666999954, 41.155890920000047 ], [ -6.528631557999972, 41.167368941000063 ], [ -6.563458, 41.190284999000028 ] ] ] } },
{ "type": "Feature", "properties": { "code": "37244", "name": "Peñacaballera" }, "geometry": { "type": "Polygon", "coordinates": [ [ [ -5.85358, 40.36121349900003 ], [ -5.847124821999955, 40.348289082000065 ], [ -5.849975, 40.338241499000048 ], [ -5.87607686299998, 40.326721588000055 ], [ -5.884288499999968, 40.326644999000052 ], [ -5.884770024999966, 40.33270010800004 ], [ -5.876806765999959, 40.343822405000026 ], [ -5.867076593999968, 40.348642159000065 ], [ -5.85358, 40.36121349900003 ] ] ] } },
{ "type": "Feature", "properties": { "code": "37245", "name": "Peñaparda" }, "geometry": { "type": "Polygon", "coordinates": [ [ [ -6.67699, 40.361373999000079 ], [ -6.665368, 40.352233999000077 ], [ -6.660651472999973, 40.349821727000062 ], [ -6.655209487999969, 40.339231725000047 ], [ -6.657526603999941, 40.33656396400005 ], [ -6.650322781999932, 40.326898983000035 ], [ -6.62818137499994, 40.312342723000029 ], [ -6.618787388999976, 40.310061313000062 ], [ -6.617849356999955, 40.303185676000055 ], [ -6.611220234999962, 40.292047951000029 ], [ -6.610993764999932, 40.281630569000072 ], [ -6.605916169999944, 40.274551437000071 ], [ -6.571098, 40.279506999000034 ], [ -6.583139499999959, 40.274814499000058 ], [ -6.587075, 40.270774999000025 ], [ -6.597471499999926, 40.271693999000036 ], [ -6.614856499999973, 40.266116999000076 ], [ -6.625292, 40.266616999000064 ], [ -6.634651499999961, 40.264701999000067 ], [ -6.636150499999928, 40.266547999000068 ], [ -6.640008, 40.26897449900008 ], [ -6.643111, 40.267867999000032 ], [ -6.671809, 40.26328649900006 ], [ -6.67778, 40.258051999000031 ], [ -6.682457973999931, 40.263291252000045 ], [ -6.700535701999968, 40.268981364000069 ], [ -6.703785953999954, 40.272640396000043 ], [ -6.703910374999964, 40.290799542000059 ], [ -6.696023719999971, 40.302919673000076 ], [ -6.707148720999953, 40.322354922000045 ], [ -6.708254245999967, 40.33233617500008 ], [ -6.704725499999938, 40.345870999000056 ], [ -6.691008708999959, 40.353952681000067 ], [ -6.681521452999959, 40.355855123000026 ], [ -6.67699, 40.361373999000079 ] ] ] } },
{ "type": "Feature", "properties": { "code": "37246", "name": "Peñaranda de Bracamonte" }, "geometry": { "type": "Polygon", "coordinates": [ [ [ -5.240113, 40.890704999000036 ], [ -5.253197783999951, 40.907408439000051 ], [ -5.249445499999979, 40.918059999000036 ], [ -5.245802, 40.916381999000066 ], [ -5.240411, 40.915305999000054 ], [ -5.237613499999952, 40.91791149900007 ], [ -5.234050499999967, 40.919700499000044 ], [ -5.230897499999969, 40.920219499000041 ], [ -5.226182499999936, 40.918086999000025 ], [ -5.224305499999957, 40.918033499000046 ], [ -5.211391499999934, 40.923152999000081 ], [ -5.203912499999944, 40.924010999000075 ], [ -5.194001, 40.923740499000075 ], [ -5.190441499999963, 40.923141499000053 ], [ -5.182910069999934, 40.909201242000051 ], [ -5.183751668999946, 40.89688809200004 ], [ -5.180748874999949, 40.889311346000056 ], [ -5.183267, 40.877616999000054 ], [ -5.188785218999953, 40.875160584000071 ], [ -5.195874489999937, 40.874961620000079 ], [ -5.201929121999967, 40.880767811000055 ], [ -5.207807097999932, 40.879709890000072 ], [ -5.221514900999978, 40.885281018000057 ], [ -5.236246266999956, 40.888214817000062 ], [ -5.240113, 40.890704999000036 ] ] ] } },
{ "type": "Feature", "properties": { "code": "37247", "name": "Peñarandilla" }, "geometry": { "type": "Polygon", "coordinates": [ [ [ -5.399407, 40.897380999000063 ], [ -5.394557031999966, 40.896609199000068 ], [ -5.384040071999948, 40.901188797000032 ], [ -5.37374564299995, 40.899836012000037 ], [ -5.363101, 40.892917499000077 ], [ -5.368498272999943, 40.887824896000041 ], [ -5.382978305999927, 40.882052832000056 ], [ -5.379439963999971, 40.870102874000054 ], [ -5.386422, 40.862441999000055 ], [ -5.395327, 40.85703249900007 ], [ -5.41369835699993, 40.859683042000029 ], [ -5.418079887999966, 40.87087985800008 ], [ -5.407985250999957, 40.882381099000042 ], [ -5.407533287999968, 40.891433794000079 ], [ -5.399407, 40.897380999000063 ] ] ] } },
{ "type": "Feature", "properties": { "code": "37248", "name": "Peralejos de Abajo" }, "geometry": { "type": "Polygon", "coordinates": [ [ [ -6.344055, 41.03025449900008 ], [ -6.337702314999945, 41.025818497000046 ], [ -6.351599499999963, 40.980621499000051 ], [ -6.386653, 40.990286999000034 ], [ -6.39497460299998, 40.993444944000032 ], [ -6.393854547999979, 41.005527418000042 ], [ -6.374963, 41.033710499000051 ], [ -6.344055, 41.03025449900008 ] ] ] } },
{ "type": "Feature", "properties": { "code": "37249", "name": "Peralejos de Arriba" }, "geometry": { "type": "Polygon", "coordinates": [ [ [ -6.268641499999944, 41.013671499000054 ], [ -6.282772297999941, 40.987137080000025 ], [ -6.305535293999981, 40.986291969000035 ], [ -6.318051535999928, 40.980842985000038 ], [ -6.336279772999944, 40.978133472000025 ], [ -6.338575499999934, 40.974540499000057 ], [ -6.351599499999963, 40.980621499000051 ], [ -6.337702314999945, 41.025818497000046 ], [ -6.344055, 41.03025449900008 ], [ -6.333032499999945, 41.035472999000035 ], [ -6.329184, 41.041015499000025 ], [ -6.302792759999932, 41.037302772000032 ], [ -6.293675453999981, 41.029064680000033 ], [ -6.279458038999962, 41.023636580000073 ], [ -6.268641499999944, 41.013671499000054 ] ] ] } },
{ "type": "Feature", "properties": { "code": "37250", "name": "Pereña de la Ribera" }, "geometry": { "type": "Polygon", "coordinates": [ [ [ -6.497381, 41.204036999000039 ], [ -6.502968816999953, 41.202765715000055 ], [ -6.506321046999972, 41.197525754000026 ], [ -6.515316962999975, 41.195909813000071 ], [ -6.524471085999949, 41.199517875000026 ], [ -6.541299154999933, 41.194992126000045 ], [ -6.548169781999945, 41.197936976000051 ], [ -6.554189537999946, 41.197076647000074 ], [ -6.560911775999955, 41.202754682000034 ], [ -6.564718, 41.200763499000061 ], [ -6.573937864999948, 41.221931758000039 ], [ -6.574473140999942, 41.232547067000041 ], [ -6.571266499999979, 41.239062999000055 ], [ -6.567409, 41.242701999000076 ], [ -6.553063250999969, 41.245758298000055 ], [ -6.54597847399998, 41.258115865000036 ], [ -6.519147, 41.275246999000046 ], [ -6.511297571999933, 41.264790986000037 ], [ -6.501112, 41.265147999000078 ], [ -6.492265925999959, 41.250987320000036 ], [ -6.47490172199997, 41.245639377000032 ], [ -6.47162329899993, 41.239272988000039 ], [ -6.473572521999927, 41.232069166000031 ], [ -6.482982539999966, 41.219856040000025 ], [ -6.491030427999931, 41.21614351900007 ], [ -6.490616408999927, 41.209001422000028 ], [ -6.497381, 41.204036999000039 ] ] ] } },
{ "type": "Feature", "properties": { "code": "37251", "name": "Peromingo" }, "geometry": { "type": "Polygon", "coordinates": [ [ [ -5.752296499999943, 40.478161499000066 ], [ -5.749033, 40.465850999000054 ], [ -5.750465890999976, 40.461769557000025 ], [ -5.77593, 40.449123499000052 ], [ -5.792139499999962, 40.45308699900005 ], [ -5.795765499999959, 40.454337999000074 ], [ -5.797215, 40.455741999000054 ], [ -5.795125499999926, 40.463962499000047 ], [ -5.77271744199993, 40.47296992400004 ], [ -5.764526, 40.481864999000038 ], [ -5.752296499999943, 40.478161499000066 ] ] ] } },
{ "type": "Feature", "properties": { "code": "37252", "name": "Pinedas" }, "geometry": { "type": "Polygon", "coordinates": [ [ [ -5.995004499999936, 40.416396999000028 ], [ -6.005252, 40.431110499000056 ], [ -5.995305218999931, 40.440521426000032 ], [ -5.991256157999942, 40.449985871000081 ], [ -5.976507147999939, 40.455115361000026 ], [ -5.966899442999932, 40.462836400000072 ], [ -5.967807, 40.466796999000053 ], [ -5.952734929999963, 40.46555263700003 ], [ -5.943628391999937, 40.457948397000052 ], [ -5.938642499999958, 40.457599499000025 ], [ -5.950701848999927, 40.442904777000081 ], [ -5.978259930999968, 40.426904125000078 ], [ -5.987668400999951, 40.414852817000053 ], [ -5.995004499999936, 40.416396999000028 ] ] ] } },
{ "type": "Feature", "properties": { "code": "37253", "name": "Pino de Tormes, El" }, "geometry": { "type": "Polygon", "coordinates": [ [ [ -5.768965499999979, 41.044067999000049 ], [ -5.774026841999955, 41.041822422000052 ], [ -5.776179082999931, 41.033836240000028 ], [ -5.789062005999938, 41.022811482000066 ], [ -5.791203896999946, 41.017815054000039 ], [ -5.797478857999977, 41.016889827000057 ], [ -5.796025572999952, 41.013589429000035 ], [ -5.803593499999977, 41.004752999000061 ], [ -5.822848499999964, 40.999328499000057 ], [ -5.847121, 41.011955499000067 ], [ -5.83950992299998, 41.017357727000046 ], [ -5.831359094999925, 41.036762546000034 ], [ -5.82424113899998, 41.043627979000064 ], [ -5.813717313999973, 41.045984574000045 ], [ -5.817887499999927, 41.055274999000062 ], [ -5.806133, 41.051391499000033 ], [ -5.792455638999968, 41.043526042000053 ], [ -5.779251255999952, 41.047311103000027 ], [ -5.768965499999979, 41.044067999000049 ] ] ] } },
{ "type": "Feature", "properties": { "code": "37254", "name": "Pitiegua" }, "geometry": { "type": "Polygon", "coordinates": [ [ [ -5.446941, 41.020072999000035 ], [ -5.447995499999934, 41.023528999000064 ], [ -5.447827, 41.026675999000076 ], [ -5.465901531999975, 41.044018343000062 ], [ -5.488112, 41.056678999000042 ], [ -5.477573998999958, 41.070825287000048 ], [ -5.475229, 41.078403499000046 ], [ -5.460716912999942, 41.07846270400006 ], [ -5.447375846999932, 41.074520638000081 ], [ -5.431767, 41.07696899900003 ], [ -5.429627124999968, 41.073722143000055 ], [ -5.433817632999933, 41.069695454000055 ], [ -5.432911045999958, 41.064835433000042 ], [ -5.421756, 41.056533999000067 ], [ -5.432227183999942, 41.042080353000074 ], [ -5.432415499999934, 41.030963999000051 ], [ -5.43519, 41.02681749900006 ], [ -5.446941, 41.020072999000035 ] ] ] } },
{ "type": "Feature", "properties": { "code": "37255", "name": "Pizarral" }, "geometry": { "type": "MultiPolygon", "coordinates": [ [ [ [ -5.676614, 40.609229999000036 ], [ -5.671218022999938, 40.625555020000036 ], [ -5.666979499999968, 40.630245499000068 ], [ -5.648100321999948, 40.636057928000071 ], [ -5.632318419999933, 40.622568265000041 ], [ -5.624400717999947, 40.621328185000039 ], [ -5.614813, 40.61437599900006 ], [ -5.62508, 40.599460499000031 ], [ -5.638031, 40.589500999000052 ], [ -5.650851342999943, 40.597489928000073 ], [ -5.664525691999927, 40.600803222000025 ], [ -5.676614, 40.609229999000036 ] ] ], [ [ [ -5.659979, 40.65436549900005 ], [ -5.658772, 40.658492999000032 ], [ -5.652565740999933, 40.655895530000066 ], [ -5.649745499999938, 40.652736499000071 ], [ -5.654866499999969, 40.651259999000047 ], [ -5.659979, 40.65436549900005 ] ] ] ] } },
{ "type": "Feature", "properties": { "code": "37256", "name": "Poveda de las Cintas" }, "geometry": { "type": "Polygon", "coordinates": [ [ [ -5.298008, 41.042606499000044 ], [ -5.293032322999977, 41.057819904000041 ], [ -5.287447767999936, 41.065471746000071 ], [ -5.278142731999935, 41.067100591000042 ], [ -5.27172, 41.073154499000054 ], [ -5.26002514399994, 41.068929584000045 ], [ -5.252739116999976, 41.059306301000049 ], [ -5.239720499999976, 41.054732999000066 ], [ -5.238855445999945, 41.04468025400007 ], [ -5.230830499999968, 41.03216149900004 ], [ -5.235877068999969, 41.023270603000071 ], [ -5.266034, 41.011550999000065 ], [ -5.289110793999953, 41.031611056000031 ], [ -5.286795213999937, 41.041766092000046 ], [ -5.292589211999939, 41.039020614000037 ], [ -5.298008, 41.042606499000044 ] ] ] } },
{ "type": "Feature", "properties": { "code": "37257", "name": "Pozos de Hinojo" }, "geometry": { "type": "Polygon", "coordinates": [ [ [ -6.351599499999963, 40.980621499000051 ], [ -6.338575499999934, 40.974540499000057 ], [ -6.326786, 40.944686999000055 ], [ -6.338751622999951, 40.926840544000072 ], [ -6.353227229999959, 40.919854304000069 ], [ -6.354727991999937, 40.905240485000036 ], [ -6.369839955999964, 40.886871971000062 ], [ -6.380715, 40.880294499000058 ], [ -6.386647779999976, 40.888021185000071 ], [ -6.399797356999954, 40.887534 ], [ -6.418361863999962, 40.903986613000029 ], [ -6.429546303999928, 40.909077483000033 ], [ -6.431866050999929, 40.920027152000046 ], [ -6.436102, 40.922645499000055 ], [ -6.422609420999947, 40.935131012000056 ], [ -6.403225806999956, 40.938627172000054 ], [ -6.388351715999931, 40.946599578000075 ], [ -6.396339888999933, 40.968392534000031 ], [ -6.388688993999949, 40.977674278000052 ], [ -6.389688499999977, 40.987369499000067 ], [ -6.38836, 40.989055499000074 ], [ -6.386653, 40.990286999000034 ], [ -6.351599499999963, 40.980621499000051 ] ] ] } },
{ "type": "Feature", "properties": { "code": "37258", "name": "Puebla de Azaba" }, "geometry": { "type": "Polygon", "coordinates": [ [ [ -6.772203499999932, 40.414221499000064 ], [ -6.782205874999931, 40.42348131600005 ], [ -6.768776633999948, 40.437639919000048 ], [ -6.771402769999952, 40.442630979000057 ], [ -6.775942, 40.443313999000054 ], [ -6.775134499999979, 40.451409499000079 ], [ -6.764529969999955, 40.452428177000058 ], [ -6.75745238099995, 40.456912636000027 ], [ -6.746316178999962, 40.455379938000078 ], [ -6.708935499999939, 40.476341499000057 ], [ -6.697496559999934, 40.47168122000005 ], [ -6.696176476999938, 40.464555260000054 ], [ -6.69151679099997, 40.463317869000036 ], [ -6.688412, 40.456714499000043 ], [ -6.707372032999956, 40.447616507000077 ], [ -6.715490280999973, 40.451024506000067 ], [ -6.717284913999947, 40.442212677000043 ], [ -6.723644039999954, 40.443411381000033 ], [ -6.726700823999977, 40.430940931000066 ], [ -6.747422499999971, 40.41481249900005 ], [ -6.772203499999932, 40.414221499000064 ] ] ] } },
{ "type": "Feature", "properties": { "code": "37259", "name": "Puebla de San Medel" }, "geometry": { "type": "Polygon", "coordinates": [ [ [ -5.727176, 40.504489999000043 ], [ -5.741869802999929, 40.496810044000028 ], [ -5.752296499999943, 40.478161499000066 ], [ -5.764526, 40.481864999000038 ], [ -5.769695, 40.484481999000025 ], [ -5.770493, 40.486381499000061 ], [ -5.77052649999996, 40.491782499000067 ], [ -5.768105, 40.497760499000037 ], [ -5.75506394599995, 40.503284892000067 ], [ -5.72888649999993, 40.525779999000065 ], [ -5.718754, 40.52591699900006 ], [ -5.727176, 40.504489999000043 ] ] ] } },
{ "type": "Feature", "properties": { "code": "37260", "name": "Puebla de Yeltes" }, "geometry": { "type": "Polygon", "coordinates": [ [ [ -6.168125, 40.589256499000044 ], [ -6.168767644999946, 40.596058810000045 ], [ -6.172359431999951, 40.598755636000078 ], [ -6.190135965999957, 40.595201241000041 ], [ -6.20981182099996, 40.586948686000028 ], [ -6.224601163999978, 40.58509166500005 ], [ -6.232698, 40.58867649900003 ], [ -6.238068631999965, 40.617114055000059 ], [ -6.226599367999938, 40.62075468200004 ], [ -6.21634569899993, 40.640317165000056 ], [ -6.185504499999979, 40.65988549900004 ], [ -6.176835229999938, 40.658917267000049 ], [ -6.164996, 40.650378999000054 ], [ -6.172060279999926, 40.640504189000069 ], [ -6.166560878999974, 40.62503960600003 ], [ -6.158186, 40.621543999000039 ], [ -6.161045934999947, 40.604244686000072 ], [ -6.152720640999974, 40.589376454000046 ], [ -6.168125, 40.589256499000044 ] ] ] } },
{ "type": "Feature", "properties": { "code": "37261", "name": "Puente del Congosto" }, "geometry": { "type": "Polygon", "coordinates": [ [ [ -5.560963, 40.477134999000043 ], [ -5.560977711999953, 40.490687306000041 ], [ -5.548301, 40.507201999000074 ], [ -5.537975278999966, 40.511342870000078 ], [ -5.525251065999953, 40.527964688000054 ], [ -5.524729, 40.540771499000073 ], [ -5.508205499999974, 40.548832499000071 ], [ -5.500067499999943, 40.54180149900003 ], [ -5.494684499999948, 40.54090099900003 ], [ -5.49334749999997, 40.539523999000039 ], [ -5.493786499999942, 40.531947999000067 ], [ -5.491422, 40.525802499000065 ], [ -5.48490849999996, 40.519466499000032 ], [ -5.482933499999945, 40.512984999000025 ], [ -5.480841, 40.509383999000079 ], [ -5.504999921999968, 40.498060044000056 ], [ -5.50680489399997, 40.486019279000061 ], [ -5.512574891999975, 40.48106774300004 ], [ -5.508321, 40.471813499000064 ], [ -5.521056, 40.467960499000071 ], [ -5.527815, 40.467963999000062 ], [ -5.537282499999947, 40.469470999000066 ], [ -5.547681, 40.467143999000029 ], [ -5.560169, 40.466792999000063 ], [ -5.563345320999929, 40.472820827000078 ], [ -5.560963, 40.477134999000043 ] ] ] } },
{ "type": "Feature", "properties": { "code": "37262", "name": "Puertas" }, "geometry": { "type": "Polygon", "coordinates": [ [ [ -6.302251, 41.147376999000073 ], [ -6.277035307999938, 41.145413672000075 ], [ -6.26844449999993, 41.148944999000037 ], [ -6.267416, 41.148135999000033 ], [ -6.262953038999967, 41.139036471000054 ], [ -6.246075400999928, 41.122362610000039 ], [ -6.193444, 41.112891999000055 ], [ -6.190599038999949, 41.103288368000051 ], [ -6.221087495999939, 41.082018883000046 ], [ -6.225933, 41.071403499000041 ], [ -6.254902694999942, 41.068908841000052 ], [ -6.277111925999975, 41.080484569000077 ], [ -6.289501916999939, 41.076779194000039 ], [ -6.300648, 41.078616999000076 ], [ -6.323215, 41.101039999000079 ], [ -6.323089762999928, 41.11394290000004 ], [ -6.327676499999939, 41.123832999000058 ], [ -6.326681, 41.125816499000052 ], [ -6.313405499999931, 41.139632999000071 ], [ -6.306849, 41.145686999000077 ], [ -6.302251, 41.147376999000073 ] ] ] } },
{ "type": "Feature", "properties": { "code": "37263", "name": "Puerto de Béjar" }, "geometry": { "type": "Polygon", "coordinates": [ [ [ -5.842795499999966, 40.375270999000065 ], [ -5.827819346999945, 40.364586065000026 ], [ -5.808569268999975, 40.359052019000046 ], [ -5.797554499999933, 40.353286499000035 ], [ -5.819051061999971, 40.349758302000055 ], [ -5.847168, 40.328090499000041 ], [ -5.852715642999954, 40.331751669000028 ], [ -5.849975, 40.338241499000048 ], [ -5.847124821999955, 40.348289082000065 ], [ -5.85358, 40.36121349900003 ], [ -5.848407499999951, 40.366466499000069 ], [ -5.84849, 40.370086499000024 ], [ -5.842795499999966, 40.375270999000065 ] ] ] } },
{ "type": "Feature", "properties": { "code": "37264", "name": "Puerto Seguro" }, "geometry": { "type": "Polygon", "coordinates": [ [ [ -6.758638, 40.839885999000046 ], [ -6.751847064999936, 40.837351545000047 ], [ -6.747215438999945, 40.827161333000049 ], [ -6.737785762999977, 40.821576468000046 ], [ -6.733354626999926, 40.806395275000057 ], [ -6.723136990999933, 40.801274898000031 ], [ -6.713078, 40.785525999000072 ], [ -6.74975749999993, 40.787986999000054 ], [ -6.757538, 40.789165499000035 ], [ -6.765138499999978, 40.79134749900004 ], [ -6.779798, 40.792453999000031 ], [ -6.793689, 40.791267499000071 ], [ -6.80112, 40.789790499000048 ], [ -6.80117241399995, 40.799645903000055 ], [ -6.792735426999968, 40.815571887000033 ], [ -6.777754775999938, 40.82742607800003 ], [ -6.77837061699995, 40.83128634500008 ], [ -6.783737611999925, 40.833516560000078 ], [ -6.784457121999935, 40.839817849000042 ], [ -6.801581577999968, 40.842177718000073 ], [ -6.802198499999975, 40.845142499000076 ], [ -6.801935, 40.861045999000055 ], [ -6.798346896999931, 40.855995418000077 ], [ -6.774789477999946, 40.842680276000067 ], [ -6.758638, 40.839885999000046 ] ] ] } },
{ "type": "Feature", "properties": { "code": "37265", "name": "Rágama" }, "geometry": { "type": "Polygon", "coordinates": [ [ [ -5.140819, 41.037265999000056 ], [ -5.136845107999932, 41.038630194000064 ], [ -5.10663349999993, 41.029517999000063 ], [ -5.102521629999956, 41.018619191000028 ], [ -5.092209361999949, 41.00549404700007 ], [ -5.090913730999944, 40.995937142000059 ], [ -5.098513735999973, 40.989747357000056 ], [ -5.098097, 40.977168999000071 ], [ -5.106180533999975, 40.960690657000043 ], [ -5.115325493999933, 40.955175376000057 ], [ -5.127629499999955, 40.954139499000064 ], [ -5.127408878999972, 40.957940038000061 ], [ -5.131544541999972, 40.961427416000049 ], [ -5.129832746999966, 40.970559416000071 ], [ -5.135906347999935, 40.987359034000065 ], [ -5.151065708999965, 41.00177240000005 ], [ -5.164000499999929, 41.007636999000056 ], [ -5.162233364999963, 41.013085783000065 ], [ -5.149447927999972, 41.020948773000043 ], [ -5.146412185999964, 41.031938309000054 ], [ -5.140819, 41.037265999000056 ] ] ] } },
{ "type": "Feature", "properties": { "code": "37266", "name": "Redonda, La" }, "geometry": { "type": "Polygon", "coordinates": [ [ [ -6.759012, 40.937625999000034 ], [ -6.735613830999966, 40.927745325000046 ], [ -6.72882605999996, 40.920538420000071 ], [ -6.72672812299993, 40.911519093000038 ], [ -6.713664733999963, 40.903203356000063 ], [ -6.707414675999928, 40.902981637000039 ], [ -6.703117499999962, 40.893047499000033 ], [ -6.720719, 40.891193999000052 ], [ -6.739311, 40.891399499000045 ], [ -6.755666499999961, 40.892001999000058 ], [ -6.768061, 40.893966499000044 ], [ -6.766611, 40.900848499000062 ], [ -6.766726499999947, 40.906013499000039 ], [ -6.764013, 40.914027999000041 ], [ -6.767665, 40.918979499000045 ], [ -6.760688, 40.931796999000028 ], [ -6.759012, 40.937625999000034 ] ] ] } },
{ "type": "Feature", "properties": { "code": "37267", "name": "Retortillo" }, "geometry": { "type": "MultiPolygon", "coordinates": [ [ [ [ -6.31451, 40.792396499000063 ], [ -6.324293628999953, 40.779294721000042 ], [ -6.340571095999962, 40.782902441000033 ], [ -6.355383005999954, 40.767998488000046 ], [ -6.365578, 40.764365999000063 ], [ -6.374393510999937, 40.759068952000064 ], [ -6.383403021999925, 40.760592233000068 ], [ -6.385721627999942, 40.765612726000029 ], [ -6.379094807999934, 40.779039322000074 ], [ -6.38583228899995, 40.78229770300004 ], [ -6.402747327999975, 40.782944607000047 ], [ -6.410280788999955, 40.792452595000043 ], [ -6.458454339999946, 40.775051817000076 ], [ -6.4739, 40.785693999000046 ], [ -6.469898, 40.806899999000052 ], [ -6.461892347999935, 40.808013972000026 ], [ -6.42178363499994, 40.825959297000054 ], [ -6.422364270999935, 40.833516560000078 ], [ -6.432675, 40.850414499000067 ], [ -6.418360134999944, 40.842504668000061 ], [ -6.409326035999925, 40.833516560000078 ], [ -6.400110832999928, 40.828276976000041 ], [ -6.387234, 40.825694999000063 ], [ -6.350034320999953, 40.821240318000036 ], [ -6.332657822999977, 40.822492279000073 ], [ -6.330506047999961, 40.818920696000077 ], [ -6.334383903999935, 40.816331077000029 ], [ -6.330199980999964, 40.809795792000045 ], [ -6.332237883999937, 40.79791437800003 ], [ -6.31451, 40.792396499000063 ] ] ], [ [ [ -6.507046499999944, 40.76465199900008 ], [ -6.514171827999974, 40.766008258000056 ], [ -6.527641, 40.775523999000029 ], [ -6.526205694999931, 40.790934394000033 ], [ -6.521953670999949, 40.791836278000062 ], [ -6.503888027999949, 40.773905028000058 ], [ -6.507046499999944, 40.76465199900008 ] ] ] ] } },
{ "type": "Feature", "properties": { "code": "37268", "name": "Rinconada de la Sierra, La" }, "geometry": { "type": "Polygon", "coordinates": [ [ [ -5.9985, 40.622031999000058 ], [ -5.999452499999961, 40.618465499000081 ], [ -6.00556, 40.615756999000041 ], [ -6.015189499999963, 40.614112999000042 ], [ -6.026913499999978, 40.605720499000029 ], [ -6.028635, 40.603259999000045 ], [ -6.038905499999942, 40.594722999000055 ], [ -6.058568461999926, 40.605107605000057 ], [ -6.080877, 40.628425499000059 ], [ -6.053044857999964, 40.630235369000047 ], [ -6.04452579499997, 40.617633519000037 ], [ -6.026970149999954, 40.628269726000042 ], [ -5.9985, 40.622031999000058 ] ] ] } },
{ "type": "Feature", "properties": { "code": "37269", "name": "Robleda" }, "geometry": { "type": "Polygon", "coordinates": [ [ [ -6.67699, 40.361373999000079 ], [ -6.673235938999937, 40.366540684000029 ], [ -6.674518147999947, 40.378294215000039 ], [ -6.656471253999939, 40.399803700000064 ], [ -6.622206184999925, 40.412755773000072 ], [ -6.612328139999931, 40.423632766000026 ], [ -6.584971, 40.442214999000043 ], [ -6.590491320999945, 40.430176741000025 ], [ -6.590415162999932, 40.422225643000047 ], [ -6.577728462999971, 40.409554136000054 ], [ -6.578499300999965, 40.402034764000064 ], [ -6.574706564999929, 40.395864722000056 ], [ -6.545532049999963, 40.369292486000063 ], [ -6.540391264999926, 40.351104759000066 ], [ -6.536334499999953, 40.347293999000044 ], [ -6.560462499999971, 40.329097999000055 ], [ -6.560266499999955, 40.326286499000048 ], [ -6.563054499999964, 40.316840999000078 ], [ -6.564797499999941, 40.314662999000063 ], [ -6.582301011999959, 40.317902042000071 ], [ -6.608627457999944, 40.332255239000062 ], [ -6.611967145999927, 40.340252043000078 ], [ -6.622124060999965, 40.34621565100008 ], [ -6.624571028999981, 40.361592943000062 ], [ -6.636804496999957, 40.363199532000067 ], [ -6.654903714999932, 40.359583524000072 ], [ -6.665368, 40.352233999000077 ], [ -6.67699, 40.361373999000079 ] ] ] } },
{ "type": "Feature", "properties": { "code": "37270", "name": "Robliza de Cojos" }, "geometry": { "type": "Polygon", "coordinates": [ [ [ -5.997692499999971, 40.883903499000041 ], [ -5.98149049999995, 40.886203499000032 ], [ -5.969252594999944, 40.871812086000034 ], [ -5.959237662999953, 40.872187027000052 ], [ -5.935995, 40.862701499000025 ], [ -5.934086, 40.857105499000056 ], [ -5.936709047999955, 40.850807610000061 ], [ -5.948150852999959, 40.847396648000029 ], [ -5.95373806899994, 40.837417303000052 ], [ -5.960021599999948, 40.832962893000058 ], [ -5.970350952999979, 40.839496503000078 ], [ -5.983296976999952, 40.838409732000059 ], [ -5.989677367999946, 40.833835990000068 ], [ -6.002589191999959, 40.836633844000062 ], [ -6.003249923999931, 40.843402060000074 ], [ -5.999393574999942, 40.85233807700007 ], [ -6.00154, 40.857185499000025 ], [ -6.000187499999981, 40.858501499000056 ], [ -6.002456, 40.868511499000078 ], [ -5.996993499999974, 40.877914499000042 ], [ -5.996756, 40.88026049900003 ], [ -5.994807499999979, 40.88184349900007 ], [ -5.997692499999971, 40.883903499000041 ] ] ] } },
{ "type": "Feature", "properties": { "code": "37271", "name": "Rollán" }, "geometry": { "type": "Polygon", "coordinates": [ [ [ -5.921674499999938, 40.987975999000071 ], [ -5.917930499999954, 40.988006499000051 ], [ -5.90234, 40.983737999000027 ], [ -5.901031499999931, 40.982391499000073 ], [ -5.900502545999927, 40.977813021000031 ], [ -5.880823, 40.96207399900004 ], [ -5.893172162999974, 40.954366737000043 ], [ -5.890638499999966, 40.943328999000073 ], [ -5.901795583999956, 40.945191450000038 ], [ -5.924785823999969, 40.935276146000035 ], [ -5.939863988999946, 40.941304667000054 ], [ -5.94443298799996, 40.947458276000077 ], [ -5.967574006999939, 40.953368754000053 ], [ -5.969268499999941, 40.955993499000044 ], [ -5.967712821999953, 40.960730734000038 ], [ -5.962649067999962, 40.963514795000037 ], [ -5.942410016999929, 40.96698230100003 ], [ -5.921674499999938, 40.987975999000071 ] ] ] } },
{ "type": "Feature", "properties": { "code": "37272", "name": "Saelices el Chico" }, "geometry": { "type": "Polygon", "coordinates": [ [ [ -6.59016749999995, 40.60790649900008 ], [ -6.60947665499998, 40.61824083700003 ], [ -6.618744001999971, 40.63519720100004 ], [ -6.624704043999941, 40.635247373000027 ], [ -6.636063499999977, 40.624645499000053 ], [ -6.65209893499997, 40.625753368000062 ], [ -6.644848488999969, 40.641390951000062 ], [ -6.658137894999925, 40.64629102400005 ], [ -6.668806, 40.65875599900005 ], [ -6.668680847999951, 40.671595249000063 ], [ -6.658972, 40.684791499000028 ], [ -6.645408618999966, 40.684170792000032 ], [ -6.615828783999973, 40.694962523000072 ], [ -6.608768055999974, 40.690381080000066 ], [ -6.608638176999932, 40.683118354000044 ], [ -6.60197388399996, 40.678556293000042 ], [ -6.588942585999973, 40.674344698000027 ], [ -6.576463499999932, 40.675265999000032 ], [ -6.573419441999931, 40.669223438000074 ], [ -6.584927605999951, 40.655253648000041 ], [ -6.58140300599996, 40.651018110000052 ], [ -6.59252474699997, 40.642946277000078 ], [ -6.57931623099995, 40.633106122000072 ], [ -6.577243152999927, 40.626552784000069 ], [ -6.59016749999995, 40.60790649900008 ] ] ] } },
{ "type": "Feature", "properties": { "code": "37273", "name": "Sagrada, La" }, "geometry": { "type": "Polygon", "coordinates": [ [ [ -6.041068, 40.722270999000045 ], [ -6.04859208299996, 40.711626274000025 ], [ -6.06129169899998, 40.705369572000052 ], [ -6.062402499999962, 40.696712499000057 ], [ -6.07895651299998, 40.686987010000053 ], [ -6.104796499999964, 40.691245999000046 ], [ -6.097547163999934, 40.696013133000065 ], [ -6.09658, 40.703662999000073 ], [ -6.092026336999936, 40.704817750000075 ], [ -6.090059895999957, 40.709254859000055 ], [ -6.094448566999972, 40.719937399000059 ], [ -6.086355412999978, 40.727348747000065 ], [ -6.083631078999929, 40.734025510000038 ], [ -6.108227675999956, 40.743599221000068 ], [ -6.109983304999957, 40.754278746000068 ], [ -6.105789998999967, 40.759667824000076 ], [ -6.082127499999956, 40.774875499000075 ], [ -6.073995477999972, 40.773564108000073 ], [ -6.055583587999934, 40.782909336000046 ], [ -6.045967499999961, 40.781066999000075 ], [ -6.046299257999976, 40.772828435000065 ], [ -6.039410176999979, 40.762597902000039 ], [ -6.043931327999928, 40.758873393000044 ], [ -6.037146041999961, 40.742128932000071 ], [ -6.041817184999957, 40.732474205000074 ], [ -6.041068, 40.722270999000045 ] ] ] } },
{ "type": "Feature", "properties": { "code": "37274", "name": "Salamanca" }, "geometry": { "type": "Polygon", "coordinates": [ [ [ -5.678701, 40.987712999000053 ], [ -5.658064583999931, 40.993766922000077 ], [ -5.633398, 40.98492999900003 ], [ -5.626006313999937, 40.981273558000055 ], [ -5.624171451999928, 40.97730312300007 ], [ -5.623774581999953, 40.96940019300007 ], [ -5.635395785999947, 40.963504479000051 ], [ -5.629359, 40.953057999000066 ], [ -5.634876332999966, 40.952623237000068 ], [ -5.644387224999946, 40.959533023000063 ], [ -5.654718337999952, 40.954768226000056 ], [ -5.654967499999941, 40.950618499000029 ], [ -5.664153, 40.934997499000076 ], [ -5.673198255999978, 40.931236632000036 ], [ -5.673617022999963, 40.92142517700006 ], [ -5.68197, 40.914798499000028 ], [ -5.683604978999938, 40.920052221000049 ], [ -5.679432089999978, 40.925285808000069 ], [ -5.679645119999975, 40.931597149000027 ], [ -5.686359754999955, 40.940430949000074 ], [ -5.680223420999937, 40.942793383000037 ], [ -5.682603424999968, 40.947369888000026 ], [ -5.692904820999956, 40.94412746900008 ], [ -5.697921905999976, 40.938745845000028 ], [ -5.710529613999938, 40.939893982000058 ], [ -5.728438499999925, 40.930549499000051 ], [ -5.732979, 40.949374999000042 ], [ -5.729623918999948, 40.958723995000071 ], [ -5.73306931999997, 40.964825219000033 ], [ -5.729336505999925, 40.968005058000074 ], [ -5.717831, 40.969617999000036 ], [ -5.713271726999949, 40.971917080000026 ], [ -5.709767357999965, 40.978710781000075 ], [ -5.698015236999936, 40.977706684000054 ], [ -5.678701, 40.987712999000053 ] ] ] } },
{ "type": "Feature", "properties": { "code": "37275", "name": "Saldeana" }, "geometry": { "type": "Polygon", "coordinates": [ [ [ -6.668482, 41.021815999000069 ], [ -6.662415, 41.029475999000056 ], [ -6.649171, 41.03879149900007 ], [ -6.644678499999941, 41.040996499000073 ], [ -6.633472, 41.042918999000051 ], [ -6.63308, 41.045291999000028 ], [ -6.624239, 41.040714499000046 ], [ -6.612894, 41.03901649900007 ], [ -6.603503, 41.034953999000038 ], [ -6.605528499999934, 41.029594499000041 ], [ -6.605054, 41.023521499000026 ], [ -6.607516, 41.01740249900007 ], [ -6.601053499999978, 41.009200999000029 ], [ -6.600611499999957, 41.005924499000059 ], [ -6.60138749999993, 40.99464049900007 ], [ -6.614042, 40.993693999000072 ], [ -6.625094829999966, 40.994581078000067 ], [ -6.630874724999956, 40.999957084000073 ], [ -6.637424391999957, 41.001127849000056 ], [ -6.647298587999956, 41.010854152000036 ], [ -6.66468380799995, 41.017749231000039 ], [ -6.668482, 41.021815999000069 ] ] ] } },
{ "type": "Feature", "properties": { "code": "37276", "name": "Salmoral" }, "geometry": { "type": "Polygon", "coordinates": [ [ [ -5.223390499999937, 40.77748499900008 ], [ -5.236064448999969, 40.790203218000045 ], [ -5.243855499999938, 40.834876999000073 ], [ -5.241643499999952, 40.835746999000037 ], [ -5.217094562999932, 40.827805051000041 ], [ -5.199165413999935, 40.816340447000073 ], [ -5.183924944999944, 40.811667582000041 ], [ -5.17766, 40.805297999000061 ], [ -5.178306499999962, 40.796420999000077 ], [ -5.188879129999975, 40.786497869000073 ], [ -5.219023499999935, 40.773002499000029 ], [ -5.223390499999937, 40.77748499900008 ] ] ] } },
{ "type": "Feature", "properties": { "code": "37277", "name": "Salvatierra de Tormes" }, "geometry": { "type": "Polygon", "coordinates": [ [ [ -5.526843499999927, 40.617656499000077 ], [ -5.526664499999981, 40.615417499000046 ], [ -5.550254801999927, 40.597439092000059 ], [ -5.541519820999952, 40.577698528000042 ], [ -5.534461, 40.569652499000028 ], [ -5.543785082999932, 40.566045335000069 ], [ -5.563551915999938, 40.568951790000028 ], [ -5.578033691999963, 40.558481660000041 ], [ -5.616891499999952, 40.563121999000032 ], [ -5.606186219999927, 40.574909464000029 ], [ -5.607701775999942, 40.58742931900008 ], [ -5.62508, 40.599460499000031 ], [ -5.614813, 40.61437599900006 ], [ -5.60226718499996, 40.618753999000035 ], [ -5.591068163999978, 40.614859262000039 ], [ -5.587544499999979, 40.61896899900006 ], [ -5.582003992999944, 40.623015505000069 ], [ -5.571423336999942, 40.621377187000064 ], [ -5.56828612399994, 40.613512914000069 ], [ -5.557145804999948, 40.606626043000063 ], [ -5.544482549999941, 40.609069138000052 ], [ -5.526843499999927, 40.617656499000077 ] ] ] } },
{ "type": "Feature", "properties": { "code": "37278", "name": "San Cristóbal de la Cuesta" }, "geometry": { "type": "Polygon", "coordinates": [ [ [ -5.619419499999935, 41.012336499000071 ], [ -5.621257499999956, 41.014093999000067 ], [ -5.627022, 41.015337999000053 ], [ -5.631048, 41.017680999000049 ], [ -5.631754506999926, 41.02831645100008 ], [ -5.638493754999956, 41.043315664000033 ], [ -5.63375, 41.047912499000063 ], [ -5.625108499999953, 41.047549999000069 ], [ -5.620402499999955, 41.05005649900005 ], [ -5.617862, 41.049014999000065 ], [ -5.614382, 41.049426999000048 ], [ -5.607553, 41.052184999000076 ], [ -5.600217096999927, 41.027265202000081 ], [ -5.606477380999934, 41.018076812000061 ], [ -5.619419499999935, 41.012336499000071 ] ] ] } },
{ "type": "Feature", "properties": { "code": "37279", "name": "Sancti-Spíritus" }, "geometry": { "type": "MultiPolygon", "coordinates": [ [ [ [ -6.557551499999931, 40.783008499000061 ], [ -6.552446031999978, 40.793224308000049 ], [ -6.561189499999955, 40.799640499000077 ], [ -6.548312213999964, 40.798335957000063 ], [ -6.545717406999927, 40.812414253000043 ], [ -6.556178203999934, 40.821452653000051 ], [ -6.544784, 40.824039499000037 ], [ -6.533680205999929, 40.81731704200007 ], [ -6.521931133999942, 40.815942114000052 ], [ -6.517430802999968, 40.807068686000036 ], [ -6.495169630999953, 40.790933005000056 ], [ -6.4739, 40.785693999000046 ], [ -6.458454339999946, 40.775051817000076 ], [ -6.410280788999955, 40.792452595000043 ], [ -6.402747327999975, 40.782944607000047 ], [ -6.38583228899995, 40.78229770300004 ], [ -6.379094807999934, 40.779039322000074 ], [ -6.385721627999942, 40.765612726000029 ], [ -6.383403021999925, 40.760592233000068 ], [ -6.374393510999937, 40.759068952000064 ], [ -6.365578, 40.764365999000063 ], [ -6.3621, 40.762828999000078 ], [ -6.361001499999929, 40.759627999000031 ], [ -6.350549, 40.753112499000054 ], [ -6.349724499999979, 40.751384999000038 ], [ -6.352774, 40.74858449900006 ], [ -6.354313, 40.745963499000027 ], [ -6.353791499999943, 40.743171499000027 ], [ -6.352389, 40.740249499000072 ], [ -6.344402499999944, 40.733024499000066 ], [ -6.351032148999934, 40.725169702000073 ], [ -6.355210052999951, 40.699942140000076 ], [ -6.346736, 40.688392499000031 ], [ -6.34642, 40.686336499000049 ], [ -6.347212499999955, 40.684200499000042 ], [ -6.348699, 40.682975999000064 ], [ -6.350647, 40.683334499000068 ], [ -6.353507499999978, 40.681197999000062 ], [ -6.356072, 40.678752999000039 ], [ -6.357106, 40.676238999000077 ], [ -6.36519, 40.682674499000029 ], [ -6.376294499999972, 40.68681699900003 ], [ -6.379394, 40.687053499000058 ], [ -6.400629011999968, 40.682469668000067 ], [ -6.449784423999972, 40.681124773000079 ], [ -6.465828880999936, 40.681929988000036 ], [ -6.469976, 40.688235999000028 ], [ -6.461217363999936, 40.694982525000057 ], [ -6.464192796999953, 40.712444636000043 ], [ -6.481915382999944, 40.735183566000046 ], [ -6.487536992999935, 40.759110687000032 ], [ -6.507046499999944, 40.76465199900008 ], [ -6.503888027999949, 40.773905028000058 ], [ -6.521953670999949, 40.791836278000062 ], [ -6.526205694999931, 40.790934394000033 ], [ -6.527641, 40.775523999000029 ], [ -6.531368499999928, 40.776790499000072 ], [ -6.533061, 40.779449499000066 ], [ -6.538007499999935, 40.781314999000074 ], [ -6.55043349999994, 40.781059499000037 ], [ -6.557551499999931, 40.783008499000061 ] ], [ [ -6.544833257999926, 40.793642448000071 ], [ -6.537034120999976, 40.788381032000075 ], [ -6.530892248999976, 40.790048541000033 ], [ -6.527326131999928, 40.796315348000064 ], [ -6.529646982999964, 40.805742229000032 ], [ -6.535722714999963, 40.806886950000035 ], [ -6.544833257999926, 40.793642448000071 ] ] ], [ [ [ -6.375572, 40.655406999000036 ], [ -6.36866280299995, 40.64435869700003 ], [ -6.369116682999959, 40.631240403000049 ], [ -6.395039003999955, 40.621185690000061 ], [ -6.40299349999998, 40.625549499000044 ], [ -6.412457875999962, 40.642152287000044 ], [ -6.41424699199996, 40.651786382000068 ], [ -6.411087321999958, 40.657909904000064 ], [ -6.40333222199996, 40.662002498000049 ], [ -6.391485015999933, 40.663210163000031 ], [ -6.375572, 40.655406999000036 ] ] ] ] } },
{ "type": "Feature", "properties": { "code": "37280", "name": "Sanchón de la Ribera" }, "geometry": { "type": "Polygon", "coordinates": [ [ [ -6.444435, 41.088653499000031 ], [ -6.429002922999928, 41.097387213000047 ], [ -6.405177162999962, 41.101701450000064 ], [ -6.401966, 41.140823499000078 ], [ -6.368061, 41.137065999000072 ], [ -6.36422061899998, 41.128542207000066 ], [ -6.366042, 41.087573999000028 ], [ -6.382301946999974, 41.086906094000028 ], [ -6.394359, 41.064632499000027 ], [ -6.398013499999934, 41.063987499000064 ], [ -6.41092249999997, 41.066513499000052 ], [ -6.437648895999928, 41.08078153200006 ], [ -6.444435, 41.088653499000031 ] ] ] } },
{ "type": "Feature", "properties": { "code": "37281", "name": "Sanchón de la Sagrada" }, "geometry": { "type": "Polygon", "coordinates": [ [ [ -6.041003499999931, 40.799007499000027 ], [ -6.036892499999965, 40.802959499000053 ], [ -6.031312, 40.782680499000037 ], [ -6.030512390999945, 40.771794399000044 ], [ -6.026132099999927, 40.765677486000072 ], [ -6.009514708999973, 40.757575417000055 ], [ -5.990329188999965, 40.754392733000032 ], [ -5.998698, 40.736987999000064 ], [ -6.01824501699997, 40.737263656000039 ], [ -6.041068, 40.722270999000045 ], [ -6.041817184999957, 40.732474205000074 ], [ -6.037146041999961, 40.742128932000071 ], [ -6.043931327999928, 40.758873393000044 ], [ -6.039410176999979, 40.762597902000039 ], [ -6.046299257999976, 40.772828435000065 ], [ -6.045967499999961, 40.781066999000075 ], [ -6.040285252999979, 40.786828722000052 ], [ -6.041003499999931, 40.799007499000027 ] ] ] } },
{ "type": "Feature", "properties": { "code": "37282", "name": "Sanchotello" }, "geometry": { "type": "Polygon", "coordinates": [ [ [ -5.749033, 40.465850999000054 ], [ -5.732572932999972, 40.461791644000073 ], [ -5.722901499999978, 40.453654999000037 ], [ -5.730548501999976, 40.446861196000043 ], [ -5.730615840999974, 40.439117208000027 ], [ -5.737450625999941, 40.429114840000068 ], [ -5.73474, 40.424560499000052 ], [ -5.766198499999973, 40.425173999000037 ], [ -5.769927499999937, 40.426147499000081 ], [ -5.76918, 40.43146899900006 ], [ -5.771851499999968, 40.435935999000037 ], [ -5.776483, 40.440509999000028 ], [ -5.77593, 40.449123499000052 ], [ -5.750465890999976, 40.461769557000025 ], [ -5.749033, 40.465850999000054 ] ] ] } },
{ "type": "Feature", "properties": { "code": "37283", "name": "Sando" }, "geometry": { "type": "Polygon", "coordinates": [ [ [ -6.152246499999933, 40.967471999000054 ], [ -6.132063672999948, 40.964433648000067 ], [ -6.095778499999938, 40.988994499000057 ], [ -6.082145447999949, 40.984907028000066 ], [ -6.08188039099997, 41.003008572000056 ], [ -6.070500577999951, 41.009958407000056 ], [ -6.069577097999968, 41.013603508000074 ], [ -6.062814, 41.010986499000069 ], [ -6.063237347999973, 41.005730502000063 ], [ -6.051371353999969, 40.999973268000076 ], [ -6.055811966999954, 40.993234548000032 ], [ -6.053633499999933, 40.981601999000077 ], [ -6.053803499999958, 40.977794499000026 ], [ -6.059608499999968, 40.966338999000072 ], [ -6.081740499999967, 40.966541499000073 ], [ -6.085921, 40.958331999000052 ], [ -6.08343, 40.955875499000058 ], [ -6.076092, 40.95719899900007 ], [ -6.063978, 40.961151499000039 ], [ -6.067217285999959, 40.956132244000059 ], [ -6.051352978999944, 40.94531906900005 ], [ -6.056086617999938, 40.93326617200006 ], [ -6.049925884999936, 40.921065683000052 ], [ -6.058083139999951, 40.909158785000045 ], [ -6.068956499999956, 40.907050999000035 ], [ -6.080172063999953, 40.913182721000055 ], [ -6.079190627999935, 40.926360685000077 ], [ -6.090283774999932, 40.938654624000037 ], [ -6.104144408999957, 40.926109079000071 ], [ -6.11249578099995, 40.92535551900005 ], [ -6.118855890999953, 40.919405966000056 ], [ -6.148764996999944, 40.914515411000025 ], [ -6.156443255999932, 40.922185445000025 ], [ -6.163230988999942, 40.923372119000078 ], [ -6.15895951899995, 40.934093769000071 ], [ -6.176485, 40.938289499000064 ], [ -6.164740147999964, 40.947776193000038 ], [ -6.152246499999933, 40.967471999000054 ] ] ] } },
{ "type": "Feature", "properties": { "code": "37284", "name": "San Esteban de la Sierra" }, "geometry": { "type": "Polygon", "coordinates": [ [ [ -5.861531, 40.495265999000026 ], [ -5.86657, 40.495303999000043 ], [ -5.92699, 40.503444499000068 ], [ -5.92332, 40.506419999000059 ], [ -5.923590499999932, 40.511565999000027 ], [ -5.912101259999929, 40.518386270000065 ], [ -5.893782, 40.515971999000044 ], [ -5.888384784999971, 40.527287086000058 ], [ -5.856076499999972, 40.537734999000065 ], [ -5.84310064899995, 40.518117329000063 ], [ -5.842094499999973, 40.49933949900003 ], [ -5.851745, 40.496528499000078 ], [ -5.861531, 40.495265999000026 ] ] ] } },
{ "type": "Feature", "properties": { "code": "37285", "name": "San Felices de los Gallegos" }, "geometry": { "type": "Polygon", "coordinates": [ [ [ -6.706900499999961, 40.892593499000043 ], [ -6.693914723999967, 40.894540127000027 ], [ -6.668757332999974, 40.907897839000043 ], [ -6.650007, 40.908744999000078 ], [ -6.649766747999934, 40.903263761000062 ], [ -6.654926796999973, 40.894630956000071 ], [ -6.682438404999971, 40.872754576000034 ], [ -6.675887197999941, 40.867318628000078 ], [ -6.669839119999949, 40.852314308000075 ], [ -6.670261966999931, 40.840058101000068 ], [ -6.66638734299994, 40.833516560000078 ], [ -6.653678757999955, 40.818084788000078 ], [ -6.644534233999934, 40.812885623000057 ], [ -6.638636806999955, 40.799590568000042 ], [ -6.638027593999936, 40.789769264000029 ], [ -6.633575499999949, 40.785941999000045 ], [ -6.632801499999971, 40.781093499000065 ], [ -6.650393375999954, 40.780432506000068 ], [ -6.660007504999953, 40.785297655000079 ], [ -6.667980499999942, 40.780753999000069 ], [ -6.671194593999928, 40.78414956000006 ], [ -6.683927541999935, 40.777634101000046 ], [ -6.699285499999974, 40.77824399900004 ], [ -6.702044499999943, 40.779289499000072 ], [ -6.713078, 40.785525999000072 ], [ -6.723136990999933, 40.801274898000031 ], [ -6.733354626999926, 40.806395275000057 ], [ -6.737785762999977, 40.821576468000046 ], [ -6.747215438999945, 40.827161333000049 ], [ -6.751847064999936, 40.837351545000047 ], [ -6.758638, 40.839885999000046 ], [ -6.75319015499997, 40.855196841000065 ], [ -6.728619590999926, 40.865494751000028 ], [ -6.724186938999935, 40.875633997000079 ], [ -6.714610222999966, 40.877172148000056 ], [ -6.715422736999926, 40.881250879000049 ], [ -6.704763114999935, 40.883925239000064 ], [ -6.706900499999961, 40.892593499000043 ] ] ] } },
{ "type": "Feature", "properties": { "code": "37286", "name": "San Martín del Castañar" }, "geometry": { "type": "Polygon", "coordinates": [ [ [ -6.088124499999935, 40.542960999000059 ], [ -6.078048499999966, 40.544662499000026 ], [ -6.075862, 40.543323499000053 ], [ -6.073956, 40.540877999000031 ], [ -6.061325499999953, 40.537322999000025 ], [ -6.057078, 40.535014999000055 ], [ -6.046347, 40.534766999000055 ], [ -6.043437, 40.529411499000048 ], [ -6.043460499999981, 40.514026499000067 ], [ -6.050217499999974, 40.509758499000043 ], [ -6.057037514999934, 40.514373427000066 ], [ -6.072493823999935, 40.517178172000058 ], [ -6.079198565999945, 40.515768778000051 ], [ -6.08407, 40.509147499000051 ], [ -6.090499156999954, 40.506289675000062 ], [ -6.098992745999965, 40.509765653000045 ], [ -6.118757, 40.511070499000027 ], [ -6.10757608199998, 40.524280800000042 ], [ -6.095428009999978, 40.529193554000074 ], [ -6.092986787999962, 40.539006991000065 ], [ -6.088124499999935, 40.542960999000059 ] ] ] } },
{ "type": "Feature", "properties": { "code": "37287", "name": "San Miguel de Valero" }, "geometry": { "type": "Polygon", "coordinates": [ [ [ -5.976447499999949, 40.582984999000075 ], [ -5.970783499999925, 40.581527999000059 ], [ -5.968239966999931, 40.57556347700006 ], [ -5.947818000999973, 40.565431653000076 ], [ -5.930362540999965, 40.567135846000042 ], [ -5.901164793999953, 40.560975957000039 ], [ -5.892511, 40.555049999000062 ], [ -5.901266115999931, 40.538635106000072 ], [ -5.900039012999969, 40.524655980000034 ], [ -5.893782, 40.515971999000044 ], [ -5.912101259999929, 40.518386270000065 ], [ -5.923590499999932, 40.511565999000027 ], [ -5.933536702999959, 40.52995510900007 ], [ -5.932595840999966, 40.537658086000079 ], [ -5.941956520999952, 40.555932534000078 ], [ -5.957661308999946, 40.556262243000049 ], [ -5.954793893999977, 40.563290589000076 ], [ -5.956680895999966, 40.56679039100004 ], [ -5.967544372999953, 40.568673802000035 ], [ -5.97832948599995, 40.562880111000027 ], [ -5.988108550999925, 40.562799144000053 ], [ -5.990153230999965, 40.560278116000063 ], [ -5.985408686999961, 40.55366261000006 ], [ -6.000815499999931, 40.553062499000077 ], [ -6.007956838999974, 40.559400200000027 ], [ -6.009578499999975, 40.586494499000025 ], [ -5.996046, 40.585078999000075 ], [ -5.989129, 40.58521199900008 ], [ -5.976447499999949, 40.582984999000075 ] ] ] } },
{ "type": "Feature", "properties": { "code": "37288", "name": "San Morales" }, "geometry": { "type": "Polygon", "coordinates": [ [ [ -5.515061, 40.97441849900008 ], [ -5.517095327999925, 40.980130449000058 ], [ -5.512307722999935, 40.986023575000047 ], [ -5.513674778999928, 40.999977805000071 ], [ -5.511629674999938, 41.00230420500003 ], [ -5.502490396999974, 40.998612950000052 ], [ -5.491288667999925, 40.985977432000027 ], [ -5.489751744999978, 40.97689516500003 ], [ -5.492192, 40.973060499000042 ], [ -5.497494, 40.973090499000079 ], [ -5.51041, 40.974944999000058 ], [ -5.515061, 40.97441849900008 ] ] ] } },
{ "type": "Feature", "properties": { "code": "37289", "name": "San Muñoz" }, "geometry": { "type": "Polygon", "coordinates": [ [ [ -6.190186, 40.764693999000031 ], [ -6.186676014999932, 40.775736873000028 ], [ -6.188339569999926, 40.785054348000074 ], [ -6.178001096999935, 40.786477068000067 ], [ -6.16578710999994, 40.794942448000029 ], [ -6.148834267999973, 40.797087858000054 ], [ -6.144378356999937, 40.804179477000048 ], [ -6.122529, 40.815101499000036 ], [ -6.109896569999933, 40.811201121000067 ], [ -6.106962868999972, 40.807544418000077 ], [ -6.110446157999945, 40.799257208000029 ], [ -6.099119375999976, 40.795209517000046 ], [ -6.089184989999978, 40.796251798000071 ], [ -6.074089813999933, 40.805673447000061 ], [ -6.069408, 40.804836499000032 ], [ -6.072969, 40.80262699900004 ], [ -6.077449499999943, 40.801612999000042 ], [ -6.081109, 40.799247499000046 ], [ -6.086453499999948, 40.793937499000037 ], [ -6.090505, 40.787151499000061 ], [ -6.088823, 40.780017999000052 ], [ -6.082127499999956, 40.774875499000075 ], [ -6.105789998999967, 40.759667824000076 ], [ -6.109983304999957, 40.754278746000068 ], [ -6.108227675999956, 40.743599221000068 ], [ -6.083631078999929, 40.734025510000038 ], [ -6.086355412999978, 40.727348747000065 ], [ -6.094448566999972, 40.719937399000059 ], [ -6.090059895999957, 40.709254859000055 ], [ -6.092026336999936, 40.704817750000075 ], [ -6.09658, 40.703662999000073 ], [ -6.106204878999961, 40.706289194000078 ], [ -6.114935738999975, 40.715828072000079 ], [ -6.122073487999955, 40.71722501000005 ], [ -6.124666029999958, 40.726822311000035 ], [ -6.132063672999948, 40.73079050900003 ], [ -6.143304, 40.74716199900007 ], [ -6.144733912999925, 40.755274700000029 ], [ -6.155174562999946, 40.758122455000034 ], [ -6.162300750999975, 40.763864144000024 ], [ -6.182832360999953, 40.766853430000026 ], [ -6.190186, 40.764693999000031 ] ] ] } },
{ "type": "Feature", "properties": { "code": "37290", "name": "San Pedro del Valle" }, "geometry": { "type": "Polygon", "coordinates": [ [ [ -5.866344499999968, 41.011054999000066 ], [ -5.873840844999961, 41.02857017000008 ], [ -5.872677299999964, 41.03916537200007 ], [ -5.87502974299997, 41.047379121000063 ], [ -5.891393858999947, 41.053767579000066 ], [ -5.885049, 41.065524999000047 ], [ -5.866699626999946, 41.073397494000062 ], [ -5.845918499999925, 41.066558999000051 ], [ -5.834817044999966, 41.061794859000031 ], [ -5.846906499999932, 41.04753499900005 ], [ -5.855396839999969, 41.043537459000049 ], [ -5.853341, 41.012797999000043 ], [ -5.858744567999963, 41.010026310000057 ], [ -5.866344499999968, 41.011054999000066 ] ] ] } },
{ "type": "Feature", "properties": { "code": "37291", "name": "San Pedro de Rozados" }, "geometry": { "type": "Polygon", "coordinates": [ [ [ -5.713687, 40.772136499000055 ], [ -5.729031991999932, 40.762020090000078 ], [ -5.735311874999979, 40.76449116200007 ], [ -5.743736499999955, 40.754050999000071 ], [ -5.757642536999981, 40.754255253000053 ], [ -5.77686218599996, 40.742576375000056 ], [ -5.785528, 40.742583999000033 ], [ -5.78522234899998, 40.748804816000074 ], [ -5.789411969999946, 40.75269101400005 ], [ -5.786458569999979, 40.756276888000059 ], [ -5.795141762999947, 40.762874514000032 ], [ -5.795922402999963, 40.767434833000038 ], [ -5.791519831999949, 40.768642464000038 ], [ -5.790855141999941, 40.775907095000036 ], [ -5.794225263999977, 40.779800440000031 ], [ -5.81395565899993, 40.780479093000054 ], [ -5.820396485999936, 40.772956468000075 ], [ -5.826922499999966, 40.771777999000051 ], [ -5.829572892999977, 40.77979391100007 ], [ -5.836325883999962, 40.782278267000038 ], [ -5.831183120999981, 40.790845883000031 ], [ -5.834555730999966, 40.802965555000071 ], [ -5.843074902999945, 40.819247958000062 ], [ -5.849315499999932, 40.818050499000037 ], [ -5.851944368999966, 40.820925257000056 ], [ -5.848790339999937, 40.829527428000063 ], [ -5.850451, 40.834884499000054 ], [ -5.843064756999979, 40.83811246700003 ], [ -5.841461002999949, 40.846046037000065 ], [ -5.836011, 40.849994499000047 ], [ -5.82287099499996, 40.85576281200008 ], [ -5.824865, 40.877990499000077 ], [ -5.823663, 40.879585499000029 ], [ -5.817584314999976, 40.87478459600004 ], [ -5.808467856999926, 40.873856843000056 ], [ -5.796156, 40.867431499000077 ], [ -5.792422511999973, 40.863958252000032 ], [ -5.775004612999965, 40.862387008000042 ], [ -5.774924053999939, 40.868001724000067 ], [ -5.768467, 40.869827499000053 ], [ -5.764454, 40.868331999000077 ], [ -5.763479150999956, 40.85943805800008 ], [ -5.753756227999929, 40.852464685000029 ], [ -5.754278430999932, 40.847617375000027 ], [ -5.745426486999975, 40.837592089000054 ], [ -5.734447502999956, 40.839585026000066 ], [ -5.723828499999968, 40.828647999000054 ], [ -5.728244516999951, 40.813256343000035 ], [ -5.73395237699998, 40.806298258000027 ], [ -5.72435371499995, 40.802532284000051 ], [ -5.724945659999946, 40.794878944000061 ], [ -5.713687, 40.772136499000055 ] ] ] } },
{ "type": "Feature", "properties": { "code": "37292", "name": "San Pelayo de Guareña" }, "geometry": { "type": "Polygon", "coordinates": [ [ [ -5.839560499999948, 41.094169499000031 ], [ -5.850732499999935, 41.092586499000049 ], [ -5.871088890999943, 41.095621408000056 ], [ -5.882685166999977, 41.092768602000035 ], [ -5.887247268999943, 41.097394147000045 ], [ -5.911442160999968, 41.10108209100008 ], [ -5.918413, 41.108436499000049 ], [ -5.903608409999947, 41.117475629000069 ], [ -5.895210924999958, 41.127791654000077 ], [ -5.88974544499996, 41.141405223000049 ], [ -5.868283998999971, 41.148256464000042 ], [ -5.858529, 41.146621999000047 ], [ -5.847230670999977, 41.129720841000051 ], [ -5.834274499999935, 41.123759999000072 ], [ -5.840670646999968, 41.103926812000054 ], [ -5.839560499999948, 41.094169499000031 ] ] ] } },
{ "type": "Feature", "properties": { "code": "37293", "name": "Santa María de Sando" }, "geometry": { "type": "Polygon", "coordinates": [ [ [ -6.095778499999938, 40.988994499000057 ], [ -6.132063672999948, 40.964433648000067 ], [ -6.15427649999998, 40.967719999000053 ], [ -6.159483, 40.969768499000054 ], [ -6.160485, 40.97209949900008 ], [ -6.162771499999963, 40.973685999000054 ], [ -6.173027, 40.975898999000037 ], [ -6.176104499999951, 40.97837049900005 ], [ -6.170245375999968, 40.981706496000072 ], [ -6.155078964999973, 40.983494883000049 ], [ -6.141205, 40.994960999000057 ], [ -6.132063672999948, 40.995672823000064 ], [ -6.122989822999955, 41.002629884000044 ], [ -6.112486623999928, 40.995717771000045 ], [ -6.098345653999957, 40.992553601000054 ], [ -6.095778499999938, 40.988994499000057 ] ] ] } },
{ "type": "Feature", "properties": { "code": "37294", "name": "Santa Marta de Tormes" }, "geometry": { "type": "Polygon", "coordinates": [ [ [ -5.654967499999941, 40.950618499000029 ], [ -5.654718337999952, 40.954768226000056 ], [ -5.644387224999946, 40.959533023000063 ], [ -5.634876332999966, 40.952623237000068 ], [ -5.629359, 40.953057999000066 ], [ -5.620742499999949, 40.966978499000049 ], [ -5.611243415999979, 40.963745336000045 ], [ -5.603966044999936, 40.954983237000079 ], [ -5.609367876999954, 40.931409277000057 ], [ -5.61688, 40.922688999000059 ], [ -5.631830855999965, 40.935561147000044 ], [ -5.638777723999965, 40.948348313000054 ], [ -5.649250406999954, 40.947907094000072 ], [ -5.654967499999941, 40.950618499000029 ] ] ] } },
{ "type": "Feature", "properties": { "code": "37296", "name": "Santiago de la Puebla" }, "geometry": { "type": "Polygon", "coordinates": [ [ [ -5.223390499999937, 40.77748499900008 ], [ -5.236341609999954, 40.77781695300007 ], [ -5.25588044999995, 40.766547423000077 ], [ -5.262152, 40.75867099900006 ], [ -5.282383492999941, 40.767313170000079 ], [ -5.305020767999963, 40.768462963000047 ], [ -5.334721499999944, 40.748550499000032 ], [ -5.338115745999971, 40.753902978000042 ], [ -5.355634499999951, 40.76054749900004 ], [ -5.346443364999971, 40.765926351000076 ], [ -5.329391141999963, 40.786195245000044 ], [ -5.32929145199995, 40.793542111000079 ], [ -5.336306690999947, 40.800449258000071 ], [ -5.335996, 40.80492749900003 ], [ -5.316656143999978, 40.819840420000048 ], [ -5.302211339999928, 40.820021777000079 ], [ -5.294125847999965, 40.814233186000081 ], [ -5.270838056999935, 40.821634800000027 ], [ -5.25654906099993, 40.830864351000059 ], [ -5.243855499999938, 40.834876999000073 ], [ -5.236064448999969, 40.790203218000045 ], [ -5.223390499999937, 40.77748499900008 ] ] ] } },
{ "type": "Feature", "properties": { "code": "37297", "name": "Santibáñez de Béjar" }, "geometry": { "type": "Polygon", "coordinates": [ [ [ -5.560963, 40.477134999000043 ], [ -5.569647, 40.477492999000049 ], [ -5.575138, 40.476424999000074 ], [ -5.589838, 40.467284999000071 ], [ -5.60981449999997, 40.468104999000047 ], [ -5.622804, 40.465793499000029 ], [ -5.62759449999993, 40.467963999000062 ], [ -5.641357, 40.479991999000049 ], [ -5.633990356999959, 40.495581320000042 ], [ -5.609456439999974, 40.506266812000035 ], [ -5.599977, 40.521240499000044 ], [ -5.590716905999955, 40.521357053000031 ], [ -5.58099606199994, 40.513720944000056 ], [ -5.558293699999979, 40.511896500000034 ], [ -5.548301, 40.507201999000074 ], [ -5.560977711999953, 40.490687306000041 ], [ -5.560963, 40.477134999000043 ] ] ] } },
{ "type": "Feature", "properties": { "code": "37298", "name": "Santibáñez de la Sierra" }, "geometry": { "type": "Polygon", "coordinates": [ [ [ -5.868587499999933, 40.495857499000067 ], [ -5.927148, 40.468780499000047 ], [ -5.946668959999954, 40.494907118000071 ], [ -5.943598313999928, 40.500029447000031 ], [ -5.948437886999955, 40.50338010400003 ], [ -5.944467, 40.508601999000064 ], [ -5.93869049999995, 40.506568999000081 ], [ -5.935306, 40.506622499000059 ], [ -5.92699, 40.503444499000068 ], [ -5.868587499999933, 40.495857499000067 ] ] ] } },
{ "type": "Feature", "properties": { "code": "37299", "name": "Santiz" }, "geometry": { "type": "Polygon", "coordinates": [ [ [ -5.861163, 41.228503999000054 ], [ -5.843975499999942, 41.222243999000057 ], [ -5.841957529999945, 41.216180653000038 ], [ -5.858504499999981, 41.198116499000037 ], [ -5.870541904999925, 41.198806115000025 ], [ -5.913158499999952, 41.178359999000065 ], [ -5.920808640999951, 41.217845298000043 ], [ -5.912390892999952, 41.230711258000042 ], [ -5.897697499999936, 41.238612999000054 ], [ -5.889867651999964, 41.235953259000041 ], [ -5.876376536999942, 41.236574782000048 ], [ -5.861163, 41.228503999000054 ] ] ] } },
{ "type": "Feature", "properties": { "code": "37300", "name": "Santos, Los" }, "geometry": { "type": "Polygon", "coordinates": [ [ [ -5.768804499999931, 40.572387499000058 ], [ -5.770192523999981, 40.537922457000036 ], [ -5.767745561999959, 40.531045166000069 ], [ -5.771207, 40.523780999000053 ], [ -5.777369136999937, 40.515296681000052 ], [ -5.79682, 40.504470999000034 ], [ -5.806254, 40.501197999000055 ], [ -5.842094499999973, 40.49933949900003 ], [ -5.84310064899995, 40.518117329000063 ], [ -5.856076499999972, 40.537734999000065 ], [ -5.853712, 40.546016999000074 ], [ -5.831336994999958, 40.552589329000057 ], [ -5.829327076999959, 40.554712960000074 ], [ -5.830800773999954, 40.558861655000044 ], [ -5.823111499999925, 40.566544775000068 ], [ -5.768804499999931, 40.572387499000058 ] ] ] } },
{ "type": "Feature", "properties": { "code": "37301", "name": "Sardón de los Frailes" }, "geometry": { "type": "Polygon", "coordinates": [ [ [ -6.234471499999927, 41.238417999000035 ], [ -6.233617436999964, 41.225143854000066 ], [ -6.241857105999941, 41.205885131000059 ], [ -6.242179023999938, 41.195181646000037 ], [ -6.258166671999959, 41.194084507000071 ], [ -6.260797499999967, 41.18861399900004 ], [ -6.284701904999963, 41.193076529000052 ], [ -6.313213499999961, 41.206980999000052 ], [ -6.310887977999926, 41.217359066000029 ], [ -6.293360715999938, 41.229864193000026 ], [ -6.288484943999947, 41.245018455000036 ], [ -6.288586, 41.254737999000042 ], [ -6.273725913999954, 41.256483621000029 ], [ -6.263988499999925, 41.252059999000039 ], [ -6.262825, 41.250262999000029 ], [ -6.254615, 41.245471999000074 ], [ -6.251126, 41.241767999000047 ], [ -6.23889749999995, 41.240123999000048 ], [ -6.234471499999927, 41.238417999000035 ] ] ] } },
{ "type": "Feature", "properties": { "code": "37302", "name": "Saucelle" }, "geometry": { "type": "Polygon", "coordinates": [ [ [ -6.701293499999963, 41.080623499000069 ], [ -6.700211499999966, 41.077048999000056 ], [ -6.700115499999981, 41.072574499000041 ], [ -6.697126499999968, 41.069980499000053 ], [ -6.700034, 41.065185499000052 ], [ -6.692673499999955, 41.056956999000079 ], [ -6.686289, 41.052161999000077 ], [ -6.684951499999954, 41.047359499000038 ], [ -6.679652, 41.041713499000025 ], [ -6.679899, 41.036140499000055 ], [ -6.68336, 41.026122999000052 ], [ -6.690835499999935, 41.028991499000028 ], [ -6.706890270999963, 41.037067409000031 ], [ -6.723600499999975, 41.028566048000073 ], [ -6.750311425999939, 41.02717533100008 ], [ -6.753895827999941, 41.024195949000045 ], [ -6.778861006999932, 41.02132984800005 ], [ -6.808375, 41.036525999000048 ], [ -6.807900057999973, 41.044621115000041 ], [ -6.79187744099994, 41.055753125000081 ], [ -6.774760499999957, 41.073898499000052 ], [ -6.756758766999951, 41.069242723000059 ], [ -6.744348153999965, 41.072568501000035 ], [ -6.730820772999948, 41.07131729300005 ], [ -6.716191383999956, 41.078638287000047 ], [ -6.701293499999963, 41.080623499000069 ] ] ] } },
{ "type": "Feature", "properties": { "code": "37303", "name": "Sahugo, El" }, "geometry": { "type": "Polygon", "coordinates": [ [ [ -6.516429, 40.354286499000068 ], [ -6.518096499999956, 40.353091999000071 ], [ -6.526862, 40.350944499000036 ], [ -6.536334499999953, 40.347293999000044 ], [ -6.540391264999926, 40.351104759000066 ], [ -6.545532049999963, 40.369292486000063 ], [ -6.574706564999929, 40.395864722000056 ], [ -6.578499300999965, 40.402034764000064 ], [ -6.577728462999971, 40.409554136000054 ], [ -6.590415162999932, 40.422225643000047 ], [ -6.590491320999945, 40.430176741000025 ], [ -6.584971, 40.442214999000043 ], [ -6.576512824999952, 40.444841623000059 ], [ -6.555089, 40.460754499000075 ], [ -6.551090853999938, 40.455825555000047 ], [ -6.547779749999961, 40.438462549000064 ], [ -6.538285748999954, 40.434088530000054 ], [ -6.513634, 40.443191499000079 ], [ -6.511994499999957, 40.44068549900004 ], [ -6.52365488199996, 40.424542682000038 ], [ -6.515717941999981, 40.423179569000069 ], [ -6.509562218999974, 40.410113307000074 ], [ -6.494908, 40.392769499000053 ], [ -6.495986355999946, 40.388974655000027 ], [ -6.474769, 40.370166999000048 ], [ -6.48589549999997, 40.363292499000067 ], [ -6.493485499999963, 40.362059999000053 ], [ -6.516429, 40.354286499000068 ] ] ] } },
{ "type": "Feature", "properties": { "code": "37304", "name": "Sepulcro-Hilario" }, "geometry": { "type": "Polygon", "coordinates": [ [ [ -6.185504499999979, 40.65988549900004 ], [ -6.208946411999932, 40.669822189000058 ], [ -6.223754638999935, 40.702490971000032 ], [ -6.237552340999969, 40.707672579000075 ], [ -6.253407381999978, 40.704921665000029 ], [ -6.257652499999949, 40.710468499000058 ], [ -6.254358, 40.712333499000067 ], [ -6.247945499999958, 40.713622999000052 ], [ -6.242237499999931, 40.716476499000066 ], [ -6.236648499999944, 40.716434999000057 ], [ -6.233983, 40.717376499000068 ], [ -6.22860449999996, 40.724837999000044 ], [ -6.207386156999974, 40.722611323000081 ], [ -6.195828288999962, 40.729203881000046 ], [ -6.176025817999971, 40.725153498000054 ], [ -6.163414499999931, 40.715217499000062 ], [ -6.163507595999931, 40.700206151000032 ], [ -6.152403085999936, 40.68023783700005 ], [ -6.145675, 40.677341499000079 ], [ -6.151714499999969, 40.666892999000027 ], [ -6.152622, 40.662558999000055 ], [ -6.158569499999942, 40.653777999000056 ], [ -6.164996, 40.650378999000054 ], [ -6.176835229999938, 40.658917267000049 ], [ -6.185504499999979, 40.65988549900004 ] ] ] } },
{ "type": "Feature", "properties": { "code": "37305", "name": "Sequeros" }, "geometry": { "type": "Polygon", "coordinates": [ [ [ -6.031014499999969, 40.494186499000079 ], [ -6.038163499999939, 40.497619499000052 ], [ -6.033514499999967, 40.500686499000039 ], [ -6.032892, 40.506568999000081 ], [ -6.034679, 40.508517999000048 ], [ -6.037796, 40.508834499000045 ], [ -6.040602499999977, 40.510337999000058 ], [ -6.043460499999981, 40.514026499000067 ], [ -6.043488, 40.525077999000075 ], [ -6.032018, 40.526443499000038 ], [ -6.027336246999937, 40.523022579000042 ], [ -6.017583221999928, 40.52174476700003 ], [ -6.011856278999971, 40.51515508600005 ], [ -6.017635388999963, 40.510594921000063 ], [ -6.020444823999981, 40.495014338000033 ], [ -6.031014499999969, 40.494186499000079 ] ] ] } },
{ "type": "Feature", "properties": { "code": "37306", "name": "Serradilla del Arroyo" }, "geometry": { "type": "Polygon", "coordinates": [ [ [ -6.414629, 40.544437499000026 ], [ -6.407611773999975, 40.551357419000055 ], [ -6.405179499999974, 40.566684999000074 ], [ -6.404535499999952, 40.576106999000046 ], [ -6.402448, 40.58083349900005 ], [ -6.402449, 40.582725499000048 ], [ -6.396814, 40.595542999000031 ], [ -6.389845, 40.607272999000031 ], [ -6.390023499999927, 40.609401999000056 ], [ -6.384906007999973, 40.603246432000049 ], [ -6.382555922999927, 40.587025951000044 ], [ -6.370774145999974, 40.564653285000077 ], [ -6.359133927999949, 40.568255883000063 ], [ -6.350773193999942, 40.578608522000025 ], [ -6.341139931999976, 40.58128836700007 ], [ -6.328877, 40.599155499000062 ], [ -6.320192790999954, 40.589681144000053 ], [ -6.31814920599993, 40.57872117200003 ], [ -6.321364941999946, 40.566092585000035 ], [ -6.311562183999968, 40.562336447000064 ], [ -6.311740143999941, 40.55482231600007 ], [ -6.302396499999929, 40.552772499000071 ], [ -6.28778125599996, 40.546628873000031 ], [ -6.266777499999932, 40.555091999000069 ], [ -6.24999515199994, 40.548339989000056 ], [ -6.245170429999973, 40.538899955000034 ], [ -6.244287, 40.523887499000068 ], [ -6.259997443999964, 40.519331751000038 ], [ -6.28472538099993, 40.519317716000046 ], [ -6.293957607999971, 40.521978052000065 ], [ -6.304018891999931, 40.513300002000051 ], [ -6.306179499999928, 40.507983999000032 ], [ -6.31970146599997, 40.505850353000028 ], [ -6.362294186999975, 40.508118165000042 ], [ -6.383981499999948, 40.514644499000042 ], [ -6.384498948999976, 40.523600670000064 ], [ -6.391422449999936, 40.535696427000062 ], [ -6.41276449999998, 40.537711999000066 ], [ -6.411255086999972, 40.542120541000031 ], [ -6.414629, 40.544437499000026 ] ] ] } },
{ "type": "Feature", "properties": { "code": "37307", "name": "Serradilla del Llano" }, "geometry": { "type": "MultiPolygon", "coordinates": [ [ [ [ -6.390396, 40.474540999000055 ], [ -6.391682763999938, 40.479697670000064 ], [ -6.384609196999975, 40.481181867000032 ], [ -6.375467085999958, 40.498328557000036 ], [ -6.383029256999976, 40.506091426000069 ], [ -6.383981499999948, 40.514644499000042 ], [ -6.362294186999975, 40.508118165000042 ], [ -6.31970146599997, 40.505850353000028 ], [ -6.306179499999928, 40.507983999000032 ], [ -6.31663567399994, 40.498007618000031 ], [ -6.314248186999976, 40.491664204000074 ], [ -6.309588855999948, 40.489820201000043 ], [ -6.297009529999968, 40.491774545000055 ], [ -6.280789118999962, 40.485720072000049 ], [ -6.272442440999953, 40.475154479000025 ], [ -6.264837, 40.470908999000073 ], [ -6.268488, 40.467609499000048 ], [ -6.271052499999939, 40.46092599900004 ], [ -6.275371499999949, 40.458560999000042 ], [ -6.287205712999935, 40.457389384000066 ], [ -6.296074755999939, 40.452026871000044 ], [ -6.335894391999943, 40.446692645000041 ], [ -6.343386041999963, 40.443173873000035 ], [ -6.348249469999928, 40.435009553000043 ], [ -6.365599, 40.422420499000054 ], [ -6.369146825999962, 40.421892108000065 ], [ -6.37640390699994, 40.419177380000065 ], [ -6.385577506999937, 40.41988636800005 ], [ -6.387315611999952, 40.420906082000045 ], [ -6.391598051999949, 40.434967341000061 ], [ -6.39322998199998, 40.437555416000066 ], [ -6.392758055999934, 40.440288931000055 ], [ -6.393839225999955, 40.443121817000076 ], [ -6.392170454999928, 40.449048035000033 ], [ -6.388232956999957, 40.452818334000028 ], [ -6.386286952999967, 40.456354159000057 ], [ -6.388065, 40.461234999000055 ], [ -6.383016853999948, 40.46978540200007 ], [ -6.390396, 40.474540999000055 ] ] ], [ [ [ -6.390023499999927, 40.609401999000056 ], [ -6.389845, 40.607272999000031 ], [ -6.396814, 40.595542999000031 ], [ -6.402449, 40.582725499000048 ], [ -6.402448, 40.58083349900005 ], [ -6.404535499999952, 40.576106999000046 ], [ -6.405179499999974, 40.566684999000074 ], [ -6.412414688999945, 40.576176034000071 ], [ -6.408522274999939, 40.584786524000037 ], [ -6.411118526999928, 40.591324843000052 ], [ -6.40172049499995, 40.604749111000046 ], [ -6.390023499999927, 40.609401999000056 ] ] ] ] } },
{ "type": "Feature", "properties": { "code": "37309", "name": "Sierpe, La" }, "geometry": { "type": "Polygon", "coordinates": [ [ [ -5.863878499999942, 40.664180499000054 ], [ -5.853039499999966, 40.66379149900007 ], [ -5.84556, 40.655624499000055 ], [ -5.828466499999934, 40.657478499000035 ], [ -5.8247, 40.658748499000069 ], [ -5.82170949999994, 40.657706999000027 ], [ -5.820255499999973, 40.65320949900007 ], [ -5.82252, 40.649398999000027 ], [ -5.820788499999935, 40.642291999000065 ], [ -5.828902, 40.637012999000035 ], [ -5.834458499999926, 40.628310999000064 ], [ -5.84258449999993, 40.624812999000028 ], [ -5.859381075999977, 40.637787589000027 ], [ -5.885825, 40.645637499000031 ], [ -5.887453122999943, 40.652305003000038 ], [ -5.884409734999963, 40.658977623000055 ], [ -5.863878499999942, 40.664180499000054 ] ] ] } },
{ "type": "Feature", "properties": { "code": "37310", "name": "Sieteiglesias de Tormes" }, "geometry": { "type": "Polygon", "coordinates": [ [ [ -5.596855499999947, 40.713378999000042 ], [ -5.606083527999942, 40.720251167000072 ], [ -5.628238499999952, 40.727901499000041 ], [ -5.605181175999974, 40.737267164000059 ], [ -5.603756, 40.747668999000041 ], [ -5.596390817999975, 40.755548505000036 ], [ -5.587044374999948, 40.758340381000039 ], [ -5.582943499999942, 40.76441999900004 ], [ -5.557426499999963, 40.750503499000047 ], [ -5.561368244999926, 40.738447595000025 ], [ -5.570281933999979, 40.734071494000034 ], [ -5.583577442999967, 40.732901106000043 ], [ -5.582988716999978, 40.726692746000026 ], [ -5.593852499999969, 40.714698499000065 ], [ -5.596855499999947, 40.713378999000042 ] ] ] } },
{ "type": "Feature", "properties": { "code": "37311", "name": "Sobradillo" }, "geometry": { "type": "Polygon", "coordinates": [ [ [ -6.807457, 40.876678499000036 ], [ -6.809975829999928, 40.881967323000026 ], [ -6.819517078999979, 40.881525869000029 ], [ -6.838144989999932, 40.889635131000034 ], [ -6.849657, 40.903216999000051 ], [ -6.849554712999975, 40.923950211000033 ], [ -6.857432499999959, 40.942420999000035 ], [ -6.840111201999946, 40.962715325000033 ], [ -6.831583774999956, 40.957241594000038 ], [ -6.823027904999947, 40.946772972000076 ], [ -6.799869753999928, 40.951978964000034 ], [ -6.759012, 40.937625999000034 ], [ -6.760688, 40.931796999000028 ], [ -6.767665, 40.918979499000045 ], [ -6.764013, 40.914027999000041 ], [ -6.766726499999947, 40.906013499000039 ], [ -6.766611, 40.900848499000062 ], [ -6.768061, 40.893966499000044 ], [ -6.781921606999958, 40.879403624000076 ], [ -6.807457, 40.876678499000036 ] ] ] } },
{ "type": "Feature", "properties": { "code": "37312", "name": "Sorihuela" }, "geometry": { "type": "Polygon", "coordinates": [ [ [ -5.694529, 40.426162999000042 ], [ -5.695976203999976, 40.437338112000077 ], [ -5.704438301999971, 40.448650506000035 ], [ -5.705399499999942, 40.454173999000034 ], [ -5.694392499999935, 40.463138499000024 ], [ -5.685837950999939, 40.460725596000032 ], [ -5.675854339999944, 40.462293392000049 ], [ -5.638679499999967, 40.477577499000063 ], [ -5.62759449999993, 40.467963999000062 ], [ -5.622804, 40.465793499000029 ], [ -5.626471, 40.462756999000078 ], [ -5.634213, 40.460483499000077 ], [ -5.640079499999956, 40.453380499000048 ], [ -5.640875499999936, 40.451442499000052 ], [ -5.657729586999949, 40.436856251000052 ], [ -5.683795, 40.424457499000027 ], [ -5.69123, 40.422034999000061 ], [ -5.694529, 40.426162999000042 ] ] ] } },
{ "type": "Feature", "properties": { "code": "37313", "name": "Sotoserrano" }, "geometry": { "type": "Polygon", "coordinates": [ [ [ -6.014923, 40.441795999000078 ], [ -6.005252, 40.431110499000056 ], [ -5.995004499999936, 40.416396999000028 ], [ -6.015137, 40.407786999000052 ], [ -6.022785805999945, 40.40788258300006 ], [ -6.025340802999949, 40.400771115000055 ], [ -6.006064009999932, 40.371426100000065 ], [ -6.006742, 40.357608999000036 ], [ -6.008351499999947, 40.350135999000031 ], [ -6.009146, 40.347900499000048 ], [ -6.016143499999941, 40.339979499000037 ], [ -6.027727, 40.339568999000051 ], [ -6.038473, 40.342083499000069 ], [ -6.040502, 40.34128049900005 ], [ -6.04565249999996, 40.341459499000052 ], [ -6.049238499999944, 40.343008499000064 ], [ -6.053558499999951, 40.342132999000057 ], [ -6.066264499999932, 40.347582999000053 ], [ -6.105855499999961, 40.35682299900003 ], [ -6.097062377999976, 40.357270952000079 ], [ -6.082819764999954, 40.363973134000048 ], [ -6.084707998999932, 40.376786555000081 ], [ -6.073248469999953, 40.385461453000062 ], [ -6.080150291999928, 40.390511178000054 ], [ -6.066763893999962, 40.395553171000074 ], [ -6.075211499999966, 40.403040499000042 ], [ -6.055311105999976, 40.407098182000027 ], [ -6.052270717999932, 40.415627745000052 ], [ -6.045995538999932, 40.411381211000048 ], [ -6.043532158999938, 40.412665347000029 ], [ -6.048510976999978, 40.435945844000059 ], [ -6.048346784999978, 40.448389881000026 ], [ -6.069261, 40.458957499000064 ], [ -6.052276499999948, 40.455753499000025 ], [ -6.039694166999936, 40.454905010000061 ], [ -6.014923, 40.441795999000078 ] ] ] } },
{ "type": "Feature", "properties": { "code": "37314", "name": "Tabera de Abajo" }, "geometry": { "type": "Polygon", "coordinates": [ [ [ -6.063978, 40.961151499000039 ], [ -6.059608499999968, 40.966338999000072 ], [ -6.053803499999958, 40.977794499000026 ], [ -6.040124574999936, 40.978037619000077 ], [ -6.028434397999945, 40.971879132000026 ], [ -6.016897188999963, 40.974863369000047 ], [ -6.014358358999971, 40.970322494000072 ], [ -6.001451439999926, 40.968557940000039 ], [ -5.998085367999977, 40.963749562000032 ], [ -5.979828, 40.954387999000062 ], [ -5.985946765999927, 40.950045841000076 ], [ -5.995235452999964, 40.928394229000048 ], [ -5.984186455999975, 40.922208600000033 ], [ -5.972865698999954, 40.922027279000076 ], [ -5.966860286999975, 40.914275161000035 ], [ -5.969508627999971, 40.905562772000053 ], [ -5.962771342999929, 40.896754823000038 ], [ -5.98080204799993, 40.894735264000076 ], [ -5.98149049999995, 40.886203499000032 ], [ -5.997692499999971, 40.883903499000041 ], [ -6.02570097499995, 40.88744540600004 ], [ -6.033844215999977, 40.891972058000079 ], [ -6.037154814999951, 40.888733835000039 ], [ -6.049588255999936, 40.890250418000051 ], [ -6.055485499999975, 40.886489999000048 ], [ -6.075434783999981, 40.890674549000039 ], [ -6.075927147999948, 40.902611277000062 ], [ -6.068956499999956, 40.907050999000035 ], [ -6.058083139999951, 40.909158785000045 ], [ -6.049925884999936, 40.921065683000052 ], [ -6.056086617999938, 40.93326617200006 ], [ -6.051352978999944, 40.94531906900005 ], [ -6.067217285999959, 40.956132244000059 ], [ -6.063978, 40.961151499000039 ] ] ] } },
{ "type": "Feature", "properties": { "code": "37315", "name": "Tala, La" }, "geometry": { "type": "Polygon", "coordinates": [ [ [ -5.526664499999981, 40.615417499000046 ], [ -5.505731138999977, 40.611564051000073 ], [ -5.502717949999976, 40.598625645000027 ], [ -5.513241, 40.586860499000068 ], [ -5.516258499999935, 40.585414999000079 ], [ -5.517358499999943, 40.582950499000049 ], [ -5.516830499999969, 40.577331499000024 ], [ -5.525167090999958, 40.576273963000062 ], [ -5.534461, 40.569652499000028 ], [ -5.541519820999952, 40.577698528000042 ], [ -5.550254801999927, 40.597439092000059 ], [ -5.526664499999981, 40.615417499000046 ] ] ] } },
{ "type": "Feature", "properties": { "code": "37316", "name": "Tamames" }, "geometry": { "type": "Polygon", "coordinates": [ [ [ -6.104796499999964, 40.691245999000046 ], [ -6.07895651299998, 40.686987010000053 ], [ -6.062402499999962, 40.696712499000057 ], [ -6.031642576999957, 40.69070725000006 ], [ -6.017740499999945, 40.676532499000075 ], [ -6.023194847999946, 40.661356157000057 ], [ -6.046494897999935, 40.665278018000038 ], [ -6.055372788999932, 40.658028536000074 ], [ -6.064950053999951, 40.657733269000062 ], [ -6.071988793999935, 40.653468049000026 ], [ -6.086986, 40.634029499000064 ], [ -6.098558, 40.631160999000031 ], [ -6.108752, 40.633262499000068 ], [ -6.114001499999972, 40.632255499000053 ], [ -6.124491499999976, 40.634631499000079 ], [ -6.12818649999997, 40.626395999000067 ], [ -6.138355, 40.619861499000081 ], [ -6.145739, 40.619075499000076 ], [ -6.158186, 40.621543999000039 ], [ -6.166560878999974, 40.62503960600003 ], [ -6.172060279999926, 40.640504189000069 ], [ -6.164996, 40.650378999000054 ], [ -6.158569499999942, 40.653777999000056 ], [ -6.152622, 40.662558999000055 ], [ -6.151714499999969, 40.666892999000027 ], [ -6.145675, 40.677341499000079 ], [ -6.132063672999948, 40.680884136000032 ], [ -6.104796499999964, 40.691245999000046 ] ] ] } },
{ "type": "Feature", "properties": { "code": "37317", "name": "Tarazona de Guareña" }, "geometry": { "type": "Polygon", "coordinates": [ [ [ -5.229284, 41.189857499000027 ], [ -5.218546664999963, 41.16769479900006 ], [ -5.221341013999961, 41.162356084000066 ], [ -5.218247499999961, 41.159598999000025 ], [ -5.251852224999936, 41.145615790000079 ], [ -5.261282328999926, 41.148773228000039 ], [ -5.275062429999934, 41.147130514000025 ], [ -5.28436703899996, 41.153028271000039 ], [ -5.291536, 41.151527499000053 ], [ -5.297813004999966, 41.162353841000026 ], [ -5.288903848999951, 41.176805496000043 ], [ -5.288771, 41.182006999000066 ], [ -5.291625911999972, 41.18664226900006 ], [ -5.288115060999928, 41.195010689000071 ], [ -5.270009228999925, 41.198559756000066 ], [ -5.251095617999965, 41.199066681000033 ], [ -5.229284, 41.189857499000027 ] ] ] } },
{ "type": "Feature", "properties": { "code": "37318", "name": "Tardáguila" }, "geometry": { "type": "Polygon", "coordinates": [ [ [ -5.594157, 41.18765649900007 ], [ -5.581112962999953, 41.179700695000065 ], [ -5.569855333999953, 41.16798590500008 ], [ -5.564731613999925, 41.149374773000034 ], [ -5.551862547999974, 41.151993678000053 ], [ -5.554559747999974, 41.14335479600004 ], [ -5.549088, 41.131019499000047 ], [ -5.568536309999956, 41.107511989000045 ], [ -5.578074, 41.102821499000072 ], [ -5.589306755999928, 41.111171581000065 ], [ -5.599227, 41.112334999000041 ], [ -5.60301663499996, 41.143392310000024 ], [ -5.606179499999939, 41.144782999000029 ], [ -5.604257684999936, 41.153307512000026 ], [ -5.587165462999963, 41.163336586000071 ], [ -5.594157, 41.18765649900007 ] ] ] } },
{ "type": "Feature", "properties": { "code": "37319", "name": "Tejado, El" }, "geometry": { "type": "Polygon", "coordinates": [ [ [ -5.508321, 40.471813499000064 ], [ -5.508071, 40.462890499000025 ], [ -5.519016516999955, 40.448666775000049 ], [ -5.510598435999952, 40.441043728000068 ], [ -5.511151499999926, 40.428069999000058 ], [ -5.516215665999937, 40.423712702000046 ], [ -5.544792499999971, 40.423133999000072 ], [ -5.559742256999925, 40.437716567000052 ], [ -5.573357847999944, 40.444261804000064 ], [ -5.573197499999935, 40.448116499000037 ], [ -5.570573090999972, 40.45557782700007 ], [ -5.561351541999954, 40.462143597000079 ], [ -5.560169, 40.466792999000063 ], [ -5.547681, 40.467143999000029 ], [ -5.537282499999947, 40.469470999000066 ], [ -5.527815, 40.467963999000062 ], [ -5.521056, 40.467960499000071 ], [ -5.508321, 40.471813499000064 ] ] ] } },
{ "type": "Feature", "properties": { "code": "37320", "name": "Tejeda y Segoyuela" }, "geometry": { "type": "Polygon", "coordinates": [ [ [ -5.98324649999995, 40.616065999000057 ], [ -5.9985, 40.622031999000058 ], [ -6.026970149999954, 40.628269726000042 ], [ -6.04452579499997, 40.617633519000037 ], [ -6.053044857999964, 40.630235369000047 ], [ -6.080877, 40.628425499000059 ], [ -6.086986, 40.634029499000064 ], [ -6.071988793999935, 40.653468049000026 ], [ -6.064950053999951, 40.657733269000062 ], [ -6.055372788999932, 40.658028536000074 ], [ -6.046494897999935, 40.665278018000038 ], [ -6.023194847999946, 40.661356157000057 ], [ -6.017740499999945, 40.676532499000075 ], [ -6.004340935999949, 40.685392830000069 ], [ -5.992099, 40.684306999000057 ], [ -5.990763591999951, 40.67936575300007 ], [ -5.996255006999945, 40.669168150000075 ], [ -5.993591383999956, 40.66046268100007 ], [ -5.969366095999931, 40.660513964000074 ], [ -5.956644499999925, 40.643989499000043 ], [ -5.961022094999976, 40.634738146000075 ], [ -5.975875609999946, 40.624868522000043 ], [ -5.98324649999995, 40.616065999000057 ] ] ] } },
{ "type": "Feature", "properties": { "code": "37321", "name": "Tenebrón" }, "geometry": { "type": "MultiPolygon", "coordinates": [ [ [ [ -6.266777499999932, 40.555091999000069 ], [ -6.28778125599996, 40.546628873000031 ], [ -6.302396499999929, 40.552772499000071 ], [ -6.29379029699993, 40.557914679000078 ], [ -6.283609809999973, 40.560475869000072 ], [ -6.276089947999935, 40.559812439000041 ], [ -6.266777499999932, 40.555091999000069 ] ] ], [ [ [ -6.328877, 40.599155499000062 ], [ -6.341139931999976, 40.58128836700007 ], [ -6.350773193999942, 40.578608522000025 ], [ -6.359133927999949, 40.568255883000063 ], [ -6.370774145999974, 40.564653285000077 ], [ -6.382555922999927, 40.587025951000044 ], [ -6.384906007999973, 40.603246432000049 ], [ -6.390023499999927, 40.609401999000056 ], [ -6.40172049499995, 40.604749111000046 ], [ -6.406665, 40.598289499000032 ], [ -6.414576804999967, 40.617254785000057 ], [ -6.40299349999998, 40.625549499000044 ], [ -6.395039003999955, 40.621185690000061 ], [ -6.369116682999959, 40.631240403000049 ], [ -6.36866280299995, 40.64435869700003 ], [ -6.375572, 40.655406999000036 ], [ -6.370403499999952, 40.658683999000061 ], [ -6.366186499999969, 40.659942499000067 ], [ -6.360614726999927, 40.650226737000025 ], [ -6.348394, 40.649436999000045 ], [ -6.334577488999969, 40.625925281000036 ], [ -6.323481, 40.616138499000044 ], [ -6.332339170999944, 40.602381438000066 ], [ -6.328877, 40.599155499000062 ] ] ] ] } },
{ "type": "Feature", "properties": { "code": "37322", "name": "Terradillos" }, "geometry": { "type": "Polygon", "coordinates": [ [ [ -5.612874, 40.88417799900003 ], [ -5.597030680999978, 40.881997561000048 ], [ -5.592932450999967, 40.886395739000079 ], [ -5.581581506999953, 40.884063261000051 ], [ -5.577170407999972, 40.885913886000026 ], [ -5.559645577999959, 40.876160263000031 ], [ -5.548431499999936, 40.87335949900006 ], [ -5.556104499999947, 40.859945499000048 ], [ -5.556474913999978, 40.857659943000044 ], [ -5.525713003999954, 40.829888101000051 ], [ -5.536305320999929, 40.818857988000047 ], [ -5.547434499999952, 40.813776999000027 ], [ -5.550132172999952, 40.816534802000035 ], [ -5.547476105999976, 40.821805851000079 ], [ -5.558950694999965, 40.82698918400007 ], [ -5.571109014999934, 40.838703605000035 ], [ -5.582616580999968, 40.841494020000027 ], [ -5.58675928599996, 40.847511884000028 ], [ -5.599901737999971, 40.847670751000067 ], [ -5.610696405999931, 40.851945636000039 ], [ -5.624127, 40.84759499900008 ], [ -5.630577933999973, 40.851883433000069 ], [ -5.630292078999958, 40.868602698000075 ], [ -5.612874, 40.88417799900003 ] ] ] } },
{ "type": "Feature", "properties": { "code": "37323", "name": "Topas" }, "geometry": { "type": "Polygon", "coordinates": [ [ [ -5.587955, 41.202457499000047 ], [ -5.591339499999947, 41.193862999000032 ], [ -5.593023499999958, 41.19244799900008 ], [ -5.59423, 41.18951049900005 ], [ -5.587165462999963, 41.163336586000071 ], [ -5.604257684999936, 41.153307512000026 ], [ -5.606179499999939, 41.144782999000029 ], [ -5.611153513999966, 41.143101453000043 ], [ -5.618780239999978, 41.145856428000059 ], [ -5.633258499999954, 41.140220499000066 ], [ -5.651613889999965, 41.135884865000037 ], [ -5.650704576999942, 41.124043849000032 ], [ -5.644834, 41.112243499000044 ], [ -5.655052498999964, 41.108498567000026 ], [ -5.665353366999966, 41.11130978500006 ], [ -5.674527928999964, 41.110256741000057 ], [ -5.680679176999945, 41.118084259000057 ], [ -5.680084725999961, 41.129453526000077 ], [ -5.691755857999965, 41.136212528000044 ], [ -5.724596499999961, 41.180076499000052 ], [ -5.718435796999927, 41.188577484000064 ], [ -5.727386702999979, 41.200677976000065 ], [ -5.734923499999979, 41.227660999000079 ], [ -5.700710270999934, 41.234266408000053 ], [ -5.679540330999941, 41.232442988000059 ], [ -5.66768449999995, 41.244334999000046 ], [ -5.656034750999936, 41.244847518000029 ], [ -5.634476, 41.231887499000038 ], [ -5.62817241099998, 41.215412444000037 ], [ -5.612247811999964, 41.214071501000035 ], [ -5.603770990999976, 41.207916521000072 ], [ -5.587955, 41.202457499000047 ] ] ] } },
{ "type": "Feature", "properties": { "code": "37324", "name": "Tordillos" }, "geometry": { "type": "Polygon", "coordinates": [ [ [ -5.386422, 40.862441999000055 ], [ -5.366612164999935, 40.863448636000044 ], [ -5.351722704999929, 40.867680574000076 ], [ -5.326481499999943, 40.880664999000032 ], [ -5.316028366999944, 40.872871063000048 ], [ -5.311519, 40.865039999000032 ], [ -5.311272076999956, 40.858258161000037 ], [ -5.352880499999969, 40.821464499000058 ], [ -5.360315499999956, 40.824176999000031 ], [ -5.365473418999954, 40.829825508000056 ], [ -5.374316809999925, 40.831450541000038 ], [ -5.383975021999959, 40.841743729000029 ], [ -5.395803499999943, 40.847549499000024 ], [ -5.395247499999925, 40.85314549900005 ], [ -5.39632, 40.855266499000038 ], [ -5.395327, 40.85703249900007 ], [ -5.386422, 40.862441999000055 ] ] ] } },
{ "type": "Feature", "properties": { "code": "37325", "name": "Tornadizo, El" }, "geometry": { "type": "Polygon", "coordinates": [ [ [ -5.893782, 40.515971999000044 ], [ -5.900039012999969, 40.524655980000034 ], [ -5.901266115999931, 40.538635106000072 ], [ -5.892511, 40.555049999000062 ], [ -5.889015, 40.557742999000027 ], [ -5.877365, 40.563419499000076 ], [ -5.871326499999952, 40.567756499000041 ], [ -5.866505340999936, 40.563977511000076 ], [ -5.868189217999941, 40.552471463000074 ], [ -5.862691365999979, 40.549276244000055 ], [ -5.861019, 40.553420999000025 ], [ -5.853712, 40.546016999000074 ], [ -5.856076499999972, 40.537734999000065 ], [ -5.888384784999971, 40.527287086000058 ], [ -5.893782, 40.515971999000044 ] ] ] } },
{ "type": "Feature", "properties": { "code": "37327", "name": "Torresmenudas" }, "geometry": { "type": "Polygon", "coordinates": [ [ [ -5.795397499999979, 41.138328499000067 ], [ -5.78560049999993, 41.141059999000049 ], [ -5.773428588999934, 41.111983852000037 ], [ -5.773828114999958, 41.085052707000045 ], [ -5.780546499999957, 41.075523499000042 ], [ -5.783817, 41.075184499000045 ], [ -5.784918576999928, 41.081473186000039 ], [ -5.802294, 41.085941499000057 ], [ -5.802810372999943, 41.091815660000066 ], [ -5.792542509999976, 41.123844603000066 ], [ -5.795397499999979, 41.138328499000067 ] ] ] } },
{ "type": "Feature", "properties": { "code": "37328", "name": "Trabanca" }, "geometry": { "type": "Polygon", "coordinates": [ [ [ -6.362927, 41.193897499000059 ], [ -6.382805, 41.19233299900003 ], [ -6.402293267999937, 41.21694311300007 ], [ -6.391290239999933, 41.220447094000065 ], [ -6.387918468999942, 41.233373854000035 ], [ -6.395921926999961, 41.254963256000053 ], [ -6.400088499999981, 41.278751499000066 ], [ -6.391242302999956, 41.279397398000071 ], [ -6.381450413999971, 41.285608369000045 ], [ -6.372003191999966, 41.286054483000044 ], [ -6.354950041999928, 41.279029879000063 ], [ -6.347646, 41.27270949900003 ], [ -6.354870294999955, 41.267549996000071 ], [ -6.359218883999972, 41.258548568000037 ], [ -6.358565245999955, 41.22932931400004 ], [ -6.362927, 41.193897499000059 ] ] ] } },
{ "type": "Feature", "properties": { "code": "37329", "name": "Tremedal de Tormes" }, "geometry": { "type": "Polygon", "coordinates": [ [ [ -6.147537499999942, 41.088233999000067 ], [ -6.151294674999974, 41.085553928000024 ], [ -6.15174084299997, 41.080385048000039 ], [ -6.166089499999941, 41.066020999000045 ], [ -6.189271454999925, 41.065174243000058 ], [ -6.212280499999963, 41.055457999000055 ], [ -6.225933, 41.071403499000041 ], [ -6.221087495999939, 41.082018883000046 ], [ -6.190599038999949, 41.103288368000051 ], [ -6.193444, 41.112891999000055 ], [ -6.175608748999935, 41.121578902000067 ], [ -6.171366889999945, 41.137706829000081 ], [ -6.151455536999947, 41.131241861000035 ], [ -6.13643935999994, 41.129823392000048 ], [ -6.138964168999962, 41.119030732000056 ], [ -6.149240190999933, 41.116950756000051 ], [ -6.153229752999948, 41.108864194000034 ], [ -6.15304606199993, 41.102600233000032 ], [ -6.146231603999979, 41.101743691000024 ], [ -6.147537499999942, 41.088233999000067 ] ] ] } },
{ "type": "Feature", "properties": { "code": "37330", "name": "Valdecarros" }, "geometry": { "type": "Polygon", "coordinates": [ [ [ -5.395915, 40.78902849900004 ], [ -5.389186854999934, 40.785905642000046 ], [ -5.388502949999975, 40.774251493000065 ], [ -5.382413499999927, 40.767688999000029 ], [ -5.39133869099993, 40.759339837000027 ], [ -5.395060178999927, 40.752262088000066 ], [ -5.394017291999944, 40.747829061000061 ], [ -5.397930499999973, 40.743922999000063 ], [ -5.430706244999953, 40.743796174000067 ], [ -5.447524674999954, 40.75198174600007 ], [ -5.454724831999954, 40.762017827000079 ], [ -5.453153513999951, 40.76941548700006 ], [ -5.457536044999927, 40.771152183000027 ], [ -5.459816882999974, 40.776936768000041 ], [ -5.453606778999927, 40.782434002000059 ], [ -5.45022776299993, 40.797884409000062 ], [ -5.441404499999976, 40.798194999000032 ], [ -5.418380630999934, 40.787683400000049 ], [ -5.409038463999934, 40.78590811600003 ], [ -5.395915, 40.78902849900004 ] ] ] } },
{ "type": "Feature", "properties": { "code": "37331", "name": "Valdefuentes de Sangusín" }, "geometry": { "type": "Polygon", "coordinates": [ [ [ -5.797215, 40.455741999000054 ], [ -5.803864499999975, 40.438976499000034 ], [ -5.810625, 40.43882749900007 ], [ -5.82240749999994, 40.435588999000061 ], [ -5.827027, 40.435268499000074 ], [ -5.834185, 40.437858499000072 ], [ -5.84912049999997, 40.440921499000069 ], [ -5.851996499999927, 40.447318999000061 ], [ -5.856610499999931, 40.453838499000028 ], [ -5.8571, 40.45812999900005 ], [ -5.862141, 40.463268499000037 ], [ -5.852867737999929, 40.486321899000075 ], [ -5.854892609999979, 40.491500608000081 ], [ -5.861531, 40.495265999000026 ], [ -5.851745, 40.496528499000078 ], [ -5.842094499999973, 40.49933949900003 ], [ -5.806254, 40.501197999000055 ], [ -5.800143494999929, 40.496510571000044 ], [ -5.788881955999955, 40.479373672000065 ], [ -5.795125499999926, 40.463962499000047 ], [ -5.797215, 40.455741999000054 ] ] ] } },
{ "type": "Feature", "properties": { "code": "37332", "name": "Valdehijaderos" }, "geometry": { "type": "Polygon", "coordinates": [ [ [ -5.827027, 40.435268499000074 ], [ -5.828767, 40.429847499000061 ], [ -5.828374, 40.421561999000062 ], [ -5.829646, 40.417880999000033 ], [ -5.836186, 40.406642999000042 ], [ -5.842465499999946, 40.400462999000069 ], [ -5.854306, 40.401279499000054 ], [ -5.871084499999938, 40.404376999000078 ], [ -5.87107, 40.407097499000031 ], [ -5.868026, 40.411712499000032 ], [ -5.868212, 40.413867499000048 ], [ -5.866089, 40.422134499000038 ], [ -5.862446499999976, 40.429908499000078 ], [ -5.84912049999997, 40.440921499000069 ], [ -5.834185, 40.437858499000072 ], [ -5.827027, 40.435268499000074 ] ] ] } },
{ "type": "Feature", "properties": { "code": "37333", "name": "Valdelacasa" }, "geometry": { "type": "Polygon", "coordinates": [ [ [ -5.72888649999993, 40.525779999000065 ], [ -5.75506394599995, 40.503284892000067 ], [ -5.768105, 40.497760499000037 ], [ -5.79682, 40.504470999000034 ], [ -5.777369136999937, 40.515296681000052 ], [ -5.771207, 40.523780999000053 ], [ -5.755224884999961, 40.52169927500006 ], [ -5.72888649999993, 40.525779999000065 ] ] ] } },
{ "type": "Feature", "properties": { "code": "37334", "name": "Valdelageve" }, "geometry": { "type": "Polygon", "coordinates": [ [ [ -5.969607, 40.370261999000036 ], [ -5.963906936999933, 40.367921910000064 ], [ -5.962894, 40.364589999000032 ], [ -5.971545627999944, 40.353992801000061 ], [ -5.97790909899993, 40.351269517000048 ], [ -6.006742, 40.357608999000036 ], [ -6.006064009999932, 40.371426100000065 ], [ -6.025340802999949, 40.400771115000055 ], [ -6.022785805999945, 40.40788258300006 ], [ -6.015137, 40.407786999000052 ], [ -6.007690189999948, 40.398933353000075 ], [ -5.996054097999945, 40.402237721000063 ], [ -5.98758004299998, 40.389008542000056 ], [ -5.969607, 40.370261999000036 ] ] ] } },
{ "type": "Feature", "properties": { "code": "37335", "name": "Valdelosa" }, "geometry": { "type": "Polygon", "coordinates": [ [ [ -5.724596499999961, 41.180076499000052 ], [ -5.729126124999937, 41.16841587600004 ], [ -5.726312, 41.154151999000078 ], [ -5.75111540599994, 41.142809986000032 ], [ -5.756699796999953, 41.142323928000053 ], [ -5.759677412999963, 41.146813027000064 ], [ -5.767687164999927, 41.148231286000055 ], [ -5.782965454999953, 41.145913267000026 ], [ -5.78560049999993, 41.141059999000049 ], [ -5.789829, 41.139903999000069 ], [ -5.808141801999966, 41.177056530000073 ], [ -5.810344798999949, 41.193827052000074 ], [ -5.829226694999932, 41.202444919000072 ], [ -5.848556499999972, 41.19253549900003 ], [ -5.858504499999981, 41.198116499000037 ], [ -5.841957529999945, 41.216180653000038 ], [ -5.843975499999942, 41.222243999000057 ], [ -5.833696035999935, 41.220628789000045 ], [ -5.810398918999965, 41.224348306000024 ], [ -5.790074695999976, 41.216339231000063 ], [ -5.768153260999952, 41.216083758000025 ], [ -5.756183499999963, 41.22375099900006 ], [ -5.75127649999996, 41.225875999000039 ], [ -5.743319, 41.227309999000056 ], [ -5.734923499999979, 41.227660999000079 ], [ -5.727386702999979, 41.200677976000065 ], [ -5.718435796999927, 41.188577484000064 ], [ -5.724596499999961, 41.180076499000052 ] ] ] } },
{ "type": "Feature", "properties": { "code": "37336", "name": "Valdemierque" }, "geometry": { "type": "Polygon", "coordinates": [ [ [ -5.614191, 40.821708499000067 ], [ -5.623486624999941, 40.831778624000037 ], [ -5.622832698999957, 40.836648427000057 ], [ -5.626231730999962, 40.839337396000076 ], [ -5.624127, 40.84759499900008 ], [ -5.610696405999931, 40.851945636000039 ], [ -5.599901737999971, 40.847670751000067 ], [ -5.58675928599996, 40.847511884000028 ], [ -5.582616580999968, 40.841494020000027 ], [ -5.571109014999934, 40.838703605000035 ], [ -5.558950694999965, 40.82698918400007 ], [ -5.547476105999976, 40.821805851000079 ], [ -5.550132172999952, 40.816534802000035 ], [ -5.547434499999952, 40.813776999000027 ], [ -5.552963499999976, 40.810654999000064 ], [ -5.559289034999949, 40.810722611000074 ], [ -5.56979722899996, 40.816851590000056 ], [ -5.582783164999967, 40.81272692400006 ], [ -5.602478550999933, 40.820992954000076 ], [ -5.614191, 40.821708499000067 ] ] ] } },
{ "type": "Feature", "properties": { "code": "37337", "name": "Valderrodrigo" }, "geometry": { "type": "Polygon", "coordinates": [ [ [ -6.505324, 41.044612999000037 ], [ -6.53685459999997, 41.062276808000036 ], [ -6.552753499999938, 41.06433849900003 ], [ -6.551738499999942, 41.069587499000079 ], [ -6.554044, 41.072620499000038 ], [ -6.554141499999957, 41.080596999000079 ], [ -6.53983853799997, 41.09480114400003 ], [ -6.515476698999976, 41.096208516000047 ], [ -6.498541981999949, 41.088634095000032 ], [ -6.496798726999941, 41.085734004000074 ], [ -6.499469788999932, 41.077479139000047 ], [ -6.48835349999996, 41.070792999000048 ], [ -6.480219, 41.053550999000038 ], [ -6.489407898999957, 41.047091719000036 ], [ -6.505324, 41.044612999000037 ] ] ] } },
{ "type": "Feature", "properties": { "code": "37338", "name": "Valdunciel" }, "geometry": { "type": "Polygon", "coordinates": [ [ [ -5.68466, 41.070762499000068 ], [ -5.68598401099996, 41.086779474000025 ], [ -5.680115653999962, 41.110339766000038 ], [ -5.683698741999933, 41.112363863000041 ], [ -5.687579250999931, 41.109053078000045 ], [ -5.702180916999964, 41.109684027000071 ], [ -5.71279149999998, 41.112663999000063 ], [ -5.711842708999939, 41.126312656000039 ], [ -5.726312, 41.154151999000078 ], [ -5.729126124999937, 41.16841587600004 ], [ -5.724596499999961, 41.180076499000052 ], [ -5.691755857999965, 41.136212528000044 ], [ -5.680084725999961, 41.129453526000077 ], [ -5.680679176999945, 41.118084259000057 ], [ -5.674527928999964, 41.110256741000057 ], [ -5.665353366999966, 41.11130978500006 ], [ -5.655052498999964, 41.108498567000026 ], [ -5.644834, 41.112243499000044 ], [ -5.637465440999961, 41.107273804000044 ], [ -5.634213185999954, 41.09635585400008 ], [ -5.627186088999963, 41.094597505000024 ], [ -5.625127499999962, 41.087482499000032 ], [ -5.634781754999949, 41.076969790000078 ], [ -5.649767545999964, 41.077069431000041 ], [ -5.666737087999934, 41.06399345400007 ], [ -5.68466, 41.070762499000068 ] ] ] } },
{ "type": "Feature", "properties": { "code": "37339", "name": "Valero" }, "geometry": { "type": "Polygon", "coordinates": [ [ [ -5.944467, 40.508601999000064 ], [ -5.986009499999966, 40.520903999000041 ], [ -5.982156552999925, 40.528965817000028 ], [ -5.991884549999952, 40.53568595400003 ], [ -5.993877018999967, 40.544013104000044 ], [ -6.002947, 40.551582499000062 ], [ -6.000815499999931, 40.553062499000077 ], [ -5.985408686999961, 40.55366261000006 ], [ -5.990153230999965, 40.560278116000063 ], [ -5.988108550999925, 40.562799144000053 ], [ -5.97832948599995, 40.562880111000027 ], [ -5.967544372999953, 40.568673802000035 ], [ -5.956680895999966, 40.56679039100004 ], [ -5.954793893999977, 40.563290589000076 ], [ -5.957661308999946, 40.556262243000049 ], [ -5.941956520999952, 40.555932534000078 ], [ -5.932595840999966, 40.537658086000079 ], [ -5.933536702999959, 40.52995510900007 ], [ -5.923590499999932, 40.511565999000027 ], [ -5.92332, 40.506419999000059 ], [ -5.92699, 40.503444499000068 ], [ -5.935306, 40.506622499000059 ], [ -5.93869049999995, 40.506568999000081 ], [ -5.944467, 40.508601999000064 ] ] ] } },
{ "type": "Feature", "properties": { "code": "37340", "name": "Valsalabroso" }, "geometry": { "type": "Polygon", "coordinates": [ [ [ -6.522513499999945, 41.128139499000042 ], [ -6.521064499999966, 41.129985999000041 ], [ -6.514704499999937, 41.131572499000072 ], [ -6.490230298999961, 41.11988967800005 ], [ -6.477812238999945, 41.126500863000047 ], [ -6.471378, 41.126468499000055 ], [ -6.457412201999944, 41.107732671000065 ], [ -6.446600114999967, 41.101307459000054 ], [ -6.44863, 41.093543999000076 ], [ -6.467830727999967, 41.087657471000057 ], [ -6.48835349999996, 41.070792999000048 ], [ -6.499469788999932, 41.077479139000047 ], [ -6.496798726999941, 41.085734004000074 ], [ -6.498541981999949, 41.088634095000032 ], [ -6.515476698999976, 41.096208516000047 ], [ -6.534476, 41.094974499000045 ], [ -6.530896753999968, 41.106295018000026 ], [ -6.535642309999957, 41.116773071000068 ], [ -6.522513499999945, 41.128139499000042 ] ] ] } },
{ "type": "Feature", "properties": { "code": "37341", "name": "Valverde de Valdelacasa" }, "geometry": { "type": "Polygon", "coordinates": [ [ [ -5.806254, 40.501197999000055 ], [ -5.79682, 40.504470999000034 ], [ -5.768105, 40.497760499000037 ], [ -5.77052649999996, 40.491782499000067 ], [ -5.770493, 40.486381499000061 ], [ -5.769695, 40.484481999000025 ], [ -5.764526, 40.481864999000038 ], [ -5.77271744199993, 40.47296992400004 ], [ -5.795125499999926, 40.463962499000047 ], [ -5.788881955999955, 40.479373672000065 ], [ -5.800143494999929, 40.496510571000044 ], [ -5.806254, 40.501197999000055 ] ] ] } },
{ "type": "Feature", "properties": { "code": "37001", "name": "Abusejo" }, "geometry": { "type": "Polygon", "coordinates": [ [ [ -6.145675, 40.677341499000079 ], [ -6.152403085999936, 40.68023783700005 ], [ -6.163507595999931, 40.700206151000032 ], [ -6.163414499999931, 40.715217499000062 ], [ -6.14946146099993, 40.727243252000051 ], [ -6.147565413999928, 40.743436680000059 ], [ -6.143304, 40.74716199900007 ], [ -6.132063672999948, 40.73079050900003 ], [ -6.124666029999958, 40.726822311000035 ], [ -6.122073487999955, 40.71722501000005 ], [ -6.114935738999975, 40.715828072000079 ], [ -6.106204878999961, 40.706289194000078 ], [ -6.09658, 40.703662999000073 ], [ -6.097547163999934, 40.696013133000065 ], [ -6.104796499999964, 40.691245999000046 ], [ -6.132063672999948, 40.680884136000032 ], [ -6.145675, 40.677341499000079 ] ] ] } },
{ "type": "Feature", "properties": { "code": "37002", "name": "Agallas" }, "geometry": { "type": "MultiPolygon", "coordinates": [ [ [ [ -6.361914499999955, 40.40713499900005 ], [ -6.375854634999939, 40.400582736000047 ], [ -6.393567274999953, 40.399208532000046 ], [ -6.406206603999976, 40.401973598000041 ], [ -6.418747879999955, 40.398898363000058 ], [ -6.439491301999965, 40.381185858000038 ], [ -6.438363, 40.372821999000053 ], [ -6.45028949999994, 40.370918499000027 ], [ -6.446352275999971, 40.413756008000064 ], [ -6.453801303999967, 40.432943269000077 ], [ -6.451823738999963, 40.443783430000053 ], [ -6.454080499999975, 40.457450999000059 ], [ -6.447069623999937, 40.463981868000076 ], [ -6.429426496999952, 40.47260188000007 ], [ -6.421718655999939, 40.460682839000071 ], [ -6.404543603999969, 40.447709836000058 ], [ -6.389731162999965, 40.452381163000041 ], [ -6.388065, 40.461234999000055 ], [ -6.386286952999967, 40.456354159000057 ], [ -6.388232956999957, 40.452818334000028 ], [ -6.392170454999928, 40.449048035000033 ], [ -6.393839225999955, 40.443121817000076 ], [ -6.392758055999934, 40.440288931000055 ], [ -6.39322998199998, 40.437555416000066 ], [ -6.391598051999949, 40.434967341000061 ], [ -6.387315611999952, 40.420906082000045 ], [ -6.385577506999937, 40.41988636800005 ], [ -6.37640390699994, 40.419177380000065 ], [ -6.369146825999962, 40.421892108000065 ], [ -6.365599, 40.422420499000054 ], [ -6.365177040999981, 40.41780491600008 ], [ -6.361502, 40.415412999000068 ], [ -6.361914499999955, 40.40713499900005 ] ] ], [ [ [ -6.483410870999933, 40.396665281000026 ], [ -6.467316099999948, 40.401612073000081 ], [ -6.456488494999974, 40.399859115000027 ], [ -6.452751030999934, 40.395049165000046 ], [ -6.463552861999972, 40.389174233000062 ], [ -6.483410870999933, 40.396665281000026 ] ] ] ] } },
{ "type": "Feature", "properties": { "code": "37003", "name": "Ahigal de los Aceiteros" }, "geometry": { "type": "Polygon", "coordinates": [ [ [ -6.758638, 40.839885999000046 ], [ -6.774789477999946, 40.842680276000067 ], [ -6.798346896999931, 40.855995418000077 ], [ -6.801935, 40.861045999000055 ], [ -6.807457, 40.876678499000036 ], [ -6.781921606999958, 40.879403624000076 ], [ -6.768061, 40.893966499000044 ], [ -6.755666499999961, 40.892001999000058 ], [ -6.739311, 40.891399499000045 ], [ -6.720719, 40.891193999000052 ], [ -6.712569499999972, 40.892524499000046 ], [ -6.706900499999961, 40.892593499000043 ], [ -6.704763114999935, 40.883925239000064 ], [ -6.715422736999926, 40.881250879000049 ], [ -6.714610222999966, 40.877172148000056 ], [ -6.724186938999935, 40.875633997000079 ], [ -6.728619590999926, 40.865494751000028 ], [ -6.75319015499997, 40.855196841000065 ], [ -6.758638, 40.839885999000046 ] ] ] } },
{ "type": "Feature", "properties": { "code": "37004", "name": "Ahigal de Villarino" }, "geometry": { "type": "Polygon", "coordinates": [ [ [ -6.368061, 41.137065999000072 ], [ -6.401966, 41.140823499000078 ], [ -6.410303, 41.14397449900008 ], [ -6.414142499999969, 41.147247499000059 ], [ -6.418222, 41.152805499000067 ], [ -6.406638493999935, 41.159971238000026 ], [ -6.382805, 41.19233299900003 ], [ -6.360543, 41.193912499000078 ], [ -6.358464499999968, 41.193557999000063 ], [ -6.348206621999964, 41.158713742000032 ], [ -6.359101499999952, 41.139598999000043 ], [ -6.368061, 41.137065999000072 ] ] ] } },
{ "type": "Feature", "properties": { "code": "37005", "name": "Alameda de Gardón, La" }, "geometry": { "type": "Polygon", "coordinates": [ [ [ -6.768820499999947, 40.670780499000045 ], [ -6.742812283999967, 40.669677343000046 ], [ -6.743709914999954, 40.649901570000054 ], [ -6.738548106999929, 40.645563416000073 ], [ -6.730411, 40.645675499000049 ], [ -6.741913280999938, 40.632546150000053 ], [ -6.744857618999959, 40.615032522000035 ], [ -6.750431129999981, 40.611773407000044 ], [ -6.751428499999975, 40.605937999000048 ], [ -6.767606576999981, 40.603634593000038 ], [ -6.784302434999972, 40.610106561000066 ], [ -6.795656754999925, 40.618583941000054 ], [ -6.813009499999964, 40.622371999000052 ], [ -6.806013, 40.633426499000052 ], [ -6.799145473999943, 40.65450855000006 ], [ -6.793930499999931, 40.661743499000067 ], [ -6.776367204999929, 40.658157353000036 ], [ -6.768820499999947, 40.670780499000045 ] ] ] } },
{ "type": "Feature", "properties": { "code": "37006", "name": "Alamedilla, La" }, "geometry": { "type": "Polygon", "coordinates": [ [ [ -6.775134499999979, 40.451409499000079 ], [ -6.775942, 40.443313999000054 ], [ -6.800072377999925, 40.441075699000066 ], [ -6.824310088999937, 40.444660633000069 ], [ -6.845052, 40.436332499000059 ], [ -6.848108, 40.455440499000076 ], [ -6.833463499999937, 40.476798999000039 ], [ -6.822769499999936, 40.483810499000072 ], [ -6.819965, 40.488208499000052 ], [ -6.810717912999962, 40.485919806000027 ], [ -6.805718567999975, 40.48021665400006 ], [ -6.806089067999949, 40.465216783000074 ], [ -6.779919943999971, 40.45570557700006 ], [ -6.775134499999979, 40.451409499000079 ] ] ] } },
{ "type": "Feature", "properties": { "code": "37007", "name": "Alaraz" }, "geometry": { "type": "Polygon", "coordinates": [ [ [ -5.334721499999944, 40.748550499000032 ], [ -5.305020767999963, 40.768462963000047 ], [ -5.282383492999941, 40.767313170000079 ], [ -5.262152, 40.75867099900006 ], [ -5.257102363999934, 40.753325029000052 ], [ -5.253829499999938, 40.73430649900007 ], [ -5.257390465999947, 40.735246477000032 ], [ -5.275760347999949, 40.724237618000075 ], [ -5.293714134999959, 40.71036396900007 ], [ -5.307648499999971, 40.70583349900005 ], [ -5.318266671999936, 40.703328911000028 ], [ -5.327844008999932, 40.705059126000037 ], [ -5.33565370599996, 40.699630724000031 ], [ -5.332852368999966, 40.694742277000046 ], [ -5.338685190999968, 40.688498458000026 ], [ -5.368530499999963, 40.681007499000032 ], [ -5.374152463999962, 40.69770292700008 ], [ -5.378925, 40.701747999000077 ], [ -5.382574726999962, 40.70677168800006 ], [ -5.380939499999954, 40.71408849900007 ], [ -5.357617797999978, 40.722653216000026 ], [ -5.340099334999934, 40.720322880000026 ], [ -5.329018330999929, 40.723786074000031 ], [ -5.328366492999976, 40.732502613000065 ], [ -5.334181459999968, 40.739765843000043 ], [ -5.334721499999944, 40.748550499000032 ] ] ] } },
{ "type": "Feature", "properties": { "code": "37008", "name": "Alba de Tormes" }, "geometry": { "type": "Polygon", "coordinates": [ [ [ -5.45929, 40.840552999000067 ], [ -5.465463770999975, 40.83591980500006 ], [ -5.463529899999969, 40.828136640000025 ], [ -5.472584993999931, 40.821371912000075 ], [ -5.480938888999958, 40.819763758000079 ], [ -5.481110131999969, 40.809928075000073 ], [ -5.48598549999997, 40.803664999000034 ], [ -5.497399351999945, 40.794479078000052 ], [ -5.506609499999968, 40.794238999000072 ], [ -5.515944287999957, 40.796875327000066 ], [ -5.520428290999973, 40.790280841000026 ], [ -5.530290114999957, 40.790751693000061 ], [ -5.537087026999927, 40.784968573000072 ], [ -5.549182, 40.781684999000049 ], [ -5.559127, 40.785463999000058 ], [ -5.548682697999936, 40.795061730000043 ], [ -5.552814896999962, 40.802078769000047 ], [ -5.550539811999954, 40.807683188000055 ], [ -5.552963499999976, 40.810654999000064 ], [ -5.536305320999929, 40.818857988000047 ], [ -5.525713003999954, 40.829888101000051 ], [ -5.556474913999978, 40.857659943000044 ], [ -5.556104499999947, 40.859945499000048 ], [ -5.548050410999963, 40.856887777000054 ], [ -5.535532724999939, 40.860359476000042 ], [ -5.527981095999962, 40.865939223000055 ], [ -5.509064291999948, 40.860196209000037 ], [ -5.499723306999954, 40.861870258000067 ], [ -5.495947499999943, 40.866096499000037 ], [ -5.483552234999934, 40.864685782000038 ], [ -5.47404925099994, 40.859612532000028 ], [ -5.472359024999946, 40.854453171000046 ], [ -5.462058464999927, 40.853672730000028 ], [ -5.462564509999936, 40.842653572000074 ], [ -5.45929, 40.840552999000067 ] ] ] } },
{ "type": "Feature", "properties": { "code": "37009", "name": "Alba de Yeltes" }, "geometry": { "type": "Polygon", "coordinates": [ [ [ -6.379394, 40.687053499000058 ], [ -6.376294499999972, 40.68681699900003 ], [ -6.36519, 40.682674499000029 ], [ -6.357106, 40.676238999000077 ], [ -6.356072, 40.678752999000039 ], [ -6.353507499999978, 40.681197999000062 ], [ -6.350647, 40.683334499000068 ], [ -6.348699, 40.682975999000064 ], [ -6.347212499999955, 40.684200499000042 ], [ -6.34642, 40.686336499000049 ], [ -6.346736, 40.688392499000031 ], [ -6.319803741999976, 40.681623026000068 ], [ -6.304350807999981, 40.692902608000054 ], [ -6.294426, 40.695815999000047 ], [ -6.289273311999978, 40.684964152000077 ], [ -6.295035, 40.659194999000078 ], [ -6.306319, 40.65778399900006 ], [ -6.315018, 40.657920999000055 ], [ -6.324138499999947, 40.654632499000058 ], [ -6.336325, 40.655711999000061 ], [ -6.348394, 40.649436999000045 ], [ -6.360614726999927, 40.650226737000025 ], [ -6.366186499999969, 40.659942499000067 ], [ -6.365303499999925, 40.661670499000024 ], [ -6.365617, 40.665336499000034 ], [ -6.367588499999954, 40.670646499000043 ], [ -6.373688, 40.682060499000045 ], [ -6.377580499999965, 40.686267999000052 ], [ -6.379394, 40.687053499000058 ] ] ] } },
{ "type": "Feature", "properties": { "code": "37010", "name": "Alberca, La" }, "geometry": { "type": "Polygon", "coordinates": [ [ [ -6.118757, 40.511070499000027 ], [ -6.098992745999965, 40.509765653000045 ], [ -6.090499156999954, 40.506289675000062 ], [ -6.08407, 40.509147499000051 ], [ -6.075777358999972, 40.505486755000049 ], [ -6.073675499999979, 40.485664499000052 ], [ -6.077815797999961, 40.471795258000043 ], [ -6.071432499999958, 40.467548499000031 ], [ -6.071093499999961, 40.460976999000025 ], [ -6.100381793999929, 40.456687848000058 ], [ -6.115607, 40.44106799900004 ], [ -6.132063672999948, 40.436748701000056 ], [ -6.14722437599994, 40.43738038500004 ], [ -6.154997936999962, 40.446858231000078 ], [ -6.153280352999957, 40.452506048000032 ], [ -6.155384001999948, 40.456118211000046 ], [ -6.180517278999957, 40.463121695000041 ], [ -6.195826828999941, 40.47594811600004 ], [ -6.198729499999956, 40.481475999000054 ], [ -6.189055850999978, 40.487100166000062 ], [ -6.184372908999933, 40.501060739000025 ], [ -6.17626249999995, 40.509315499000024 ], [ -6.146286499999974, 40.502921499000024 ], [ -6.140365117999977, 40.504462145000048 ], [ -6.132063672999948, 40.51197729200004 ], [ -6.118757, 40.511070499000027 ] ] ] } },
{ "type": "Feature", "properties": { "code": "37011", "name": "Alberguería de Argañán, La" }, "geometry": { "type": "Polygon", "coordinates": [ [ [ -6.811312, 40.389903999000069 ], [ -6.823443752999935, 40.397344591000035 ], [ -6.835354692999942, 40.409415160000037 ], [ -6.845052, 40.436332499000059 ], [ -6.824310088999937, 40.444660633000069 ], [ -6.800072377999925, 40.441075699000066 ], [ -6.775942, 40.443313999000054 ], [ -6.771402769999952, 40.442630979000057 ], [ -6.768776633999948, 40.437639919000048 ], [ -6.782205874999931, 40.42348131600005 ], [ -6.772203499999932, 40.414221499000064 ], [ -6.789789612999925, 40.388140386000032 ], [ -6.800592499999937, 40.379001499000026 ], [ -6.808883901999934, 40.384478190000038 ], [ -6.811312, 40.389903999000069 ] ] ] } },
{ "type": "Feature", "properties": { "code": "37012", "name": "Alconada" }, "geometry": { "type": "Polygon", "coordinates": [ [ [ -5.4207, 40.916850999000076 ], [ -5.416824117999965, 40.920481539000036 ], [ -5.404681477999929, 40.921959786000059 ], [ -5.379992, 40.936317999000039 ], [ -5.364243623999926, 40.92927376800003 ], [ -5.353963369999974, 40.918565021000063 ], [ -5.33823130299993, 40.914558012000043 ], [ -5.328819, 40.904712499000027 ], [ -5.335353, 40.892669499000078 ], [ -5.340178279999975, 40.890079815000036 ], [ -5.363101, 40.892917499000077 ], [ -5.37374564299995, 40.899836012000037 ], [ -5.384040071999948, 40.901188797000032 ], [ -5.394557031999966, 40.896609199000068 ], [ -5.399407, 40.897380999000063 ], [ -5.412241841999958, 40.911133225000071 ], [ -5.422609499999965, 40.915523499000074 ], [ -5.4207, 40.916850999000076 ] ] ] } },
{ "type": "Feature", "properties": { "code": "37013", "name": "Aldeacipreste" }, "geometry": { "type": "Polygon", "coordinates": [ [ [ -5.969607, 40.370261999000036 ], [ -5.943818732999944, 40.375780853000037 ], [ -5.93395370099995, 40.381235045000039 ], [ -5.92454386299994, 40.392679575000045 ], [ -5.921078499999965, 40.402213999000026 ], [ -5.913041499999963, 40.402713499000072 ], [ -5.908121499999936, 40.404216999000027 ], [ -5.892842499999972, 40.403300999000066 ], [ -5.871084499999938, 40.404376999000078 ], [ -5.854306, 40.401279499000054 ], [ -5.842465499999946, 40.400462999000069 ], [ -5.83393, 40.389404499000079 ], [ -5.839012, 40.383631999000045 ], [ -5.842795499999966, 40.375270999000065 ], [ -5.84849, 40.370086499000024 ], [ -5.87026743399997, 40.363346382000032 ], [ -5.884063996999942, 40.36695641600005 ], [ -5.899109535999969, 40.360742862000052 ], [ -5.916906801999971, 40.360984955000049 ], [ -5.936813499999971, 40.356788499000061 ], [ -5.942560499999956, 40.358180999000069 ], [ -5.949455499999942, 40.361552999000025 ], [ -5.962894, 40.364589999000032 ], [ -5.963906936999933, 40.367921910000064 ], [ -5.969607, 40.370261999000036 ] ] ] } },
{ "type": "Feature", "properties": { "code": "37014", "name": "Aldeadávila de la Ribera" }, "geometry": { "type": "Polygon", "coordinates": [ [ [ -6.617936499999928, 41.181002999000043 ], [ -6.636690343999931, 41.180016962000025 ], [ -6.643611955999972, 41.183864346000064 ], [ -6.672252845999935, 41.185404319000043 ], [ -6.686769540999933, 41.190080155000032 ], [ -6.696829499999978, 41.189262499000051 ], [ -6.697900108999931, 41.192822533000026 ], [ -6.689583977999973, 41.198815295000031 ], [ -6.69060372499996, 41.208714425000039 ], [ -6.680118915999969, 41.218435035000027 ], [ -6.653042996999943, 41.236427473000049 ], [ -6.647899, 41.247269499000026 ], [ -6.630123688999959, 41.243070094000075 ], [ -6.60893436899994, 41.249322988000074 ], [ -6.59925917399994, 41.24495354700008 ], [ -6.591189020999934, 41.254691810000054 ], [ -6.587097815999925, 41.252090585000076 ], [ -6.585584809999943, 41.243845466000039 ], [ -6.581348, 41.239524499000026 ], [ -6.589679703999934, 41.223206808000043 ], [ -6.615192865999973, 41.19415712600005 ], [ -6.617936499999928, 41.181002999000043 ] ] ] } },
{ "type": "Feature", "properties": { "code": "37015", "name": "Aldea del Obispo" }, "geometry": { "type": "Polygon", "coordinates": [ [ [ -6.793930499999931, 40.661743499000067 ], [ -6.803466536999963, 40.66710189500003 ], [ -6.804586, 40.672999999000069 ], [ -6.80314612799998, 40.682405668000058 ], [ -6.812664010999981, 40.70688775900004 ], [ -6.81216, 40.71890649900007 ], [ -6.823949357999936, 40.730100698000058 ], [ -6.829330114999948, 40.74071077900004 ], [ -6.830733429999952, 40.752843994000045 ], [ -6.828349499999945, 40.759483999000054 ], [ -6.817990418999955, 40.75815108300003 ], [ -6.809004725999955, 40.760819472000037 ], [ -6.782852276999961, 40.75114510700007 ], [ -6.780769869999972, 40.748301682000033 ], [ -6.781734612999969, 40.734548091000079 ], [ -6.771653430999947, 40.731231190000074 ], [ -6.768350342999952, 40.717301324000061 ], [ -6.765104, 40.716315999000074 ], [ -6.761741748999953, 40.711947843000075 ], [ -6.754414544999975, 40.710252277000052 ], [ -6.749302417999957, 40.703864532000068 ], [ -6.753766368999948, 40.695019009000077 ], [ -6.768045290999964, 40.679842370000074 ], [ -6.765669499999944, 40.672801999000058 ], [ -6.768820499999947, 40.670780499000045 ], [ -6.776367204999929, 40.658157353000036 ], [ -6.793930499999931, 40.661743499000067 ] ] ] } },
{ "type": "Feature", "properties": { "code": "37016", "name": "Aldealengua" }, "geometry": { "type": "Polygon", "coordinates": [ [ [ -5.529171, 40.972362499000042 ], [ -5.535273, 40.973102499000049 ], [ -5.54162249999996, 40.977836499000034 ], [ -5.545166, 40.97882099900005 ], [ -5.554538, 40.976283499000033 ], [ -5.559001004999971, 40.978167190000079 ], [ -5.557144510999933, 40.980545494000069 ], [ -5.564001, 40.98986349900008 ], [ -5.556694186999948, 41.00132422300004 ], [ -5.548202499999945, 41.00428049900006 ], [ -5.538894290999963, 40.997115044000054 ], [ -5.537934675999963, 40.98293644000006 ], [ -5.529171, 40.972362499000042 ] ] ] } },
{ "type": "Feature", "properties": { "code": "37017", "name": "Aldeanueva de Figueroa" }, "geometry": { "type": "Polygon", "coordinates": [ [ [ -5.587955, 41.202457499000047 ], [ -5.571184, 41.216331499000034 ], [ -5.554605944999935, 41.213403648000053 ], [ -5.514576499999976, 41.190905999000051 ], [ -5.512441069999966, 41.184917903000041 ], [ -5.506242046999944, 41.180459427000073 ], [ -5.487640900999963, 41.177839956000071 ], [ -5.48793352399997, 41.155089708000048 ], [ -5.484415617999957, 41.146707495000044 ], [ -5.473393499999929, 41.153484499000058 ], [ -5.471177, 41.141444999000043 ], [ -5.490168294999933, 41.13657029500007 ], [ -5.497346807999975, 41.128900607000048 ], [ -5.502021, 41.128204499000049 ], [ -5.516285499999981, 41.126479999000026 ], [ -5.524426049999931, 41.129570317000059 ], [ -5.531953, 41.126567999000031 ], [ -5.534657152999955, 41.129484772000069 ], [ -5.549088, 41.131019499000047 ], [ -5.554559747999974, 41.14335479600004 ], [ -5.551862547999974, 41.151993678000053 ], [ -5.564731613999925, 41.149374773000034 ], [ -5.569855333999953, 41.16798590500008 ], [ -5.581112962999953, 41.179700695000065 ], [ -5.594157, 41.18765649900007 ], [ -5.593023499999958, 41.19244799900008 ], [ -5.591339499999947, 41.193862999000032 ], [ -5.587955, 41.202457499000047 ] ] ] } },
{ "type": "Feature", "properties": { "code": "37342", "name": "Valverdón" }, "geometry": { "type": "Polygon", "coordinates": [ [ [ -5.719823499999961, 41.043536999000025 ], [ -5.727303198999948, 41.038158696000039 ], [ -5.721266312999944, 41.03167220000006 ], [ -5.723683566999966, 41.024129978000076 ], [ -5.720438037999941, 41.019364640000049 ], [ -5.731567499999926, 41.019092499000067 ], [ -5.727725695999936, 41.026295911000034 ], [ -5.742279394999969, 41.034965690000035 ], [ -5.759630383999934, 41.038824073000058 ], [ -5.768965499999979, 41.044067999000049 ], [ -5.779251255999952, 41.047311103000027 ], [ -5.792455638999968, 41.043526042000053 ], [ -5.806133, 41.051391499000033 ], [ -5.799176794999937, 41.050672313000064 ], [ -5.793349171999978, 41.054434585000081 ], [ -5.783817, 41.075184499000045 ], [ -5.780546499999957, 41.075523499000042 ], [ -5.737124, 41.067989499000078 ], [ -5.72741620499994, 41.063562362000027 ], [ -5.719082499999956, 41.065097499000046 ], [ -5.720873604999952, 41.061355606000063 ], [ -5.716259784999977, 41.05325171700008 ], [ -5.719823499999961, 41.043536999000025 ] ] ] } },
{ "type": "Feature", "properties": { "code": "37343", "name": "Vallejera de Riofrío" }, "geometry": { "type": "Polygon", "coordinates": [ [ [ -5.73474, 40.424560499000052 ], [ -5.719803332999959, 40.428648997000039 ], [ -5.706566843999951, 40.423957064000035 ], [ -5.694529, 40.426162999000042 ], [ -5.705468852999957, 40.419238617000076 ], [ -5.709988499999952, 40.40783299900005 ], [ -5.711594, 40.406173499000033 ], [ -5.725327, 40.400733499000069 ], [ -5.730168499999934, 40.399825999000029 ], [ -5.736649, 40.401275499000064 ], [ -5.741376076999927, 40.406810817000064 ], [ -5.73474, 40.424560499000052 ] ] ] } },
{ "type": "Feature", "properties": { "code": "37344", "name": "Vecinos" }, "geometry": { "type": "Polygon", "coordinates": [ [ [ -5.849315499999932, 40.818050499000037 ], [ -5.843074902999945, 40.819247958000062 ], [ -5.834555730999966, 40.802965555000071 ], [ -5.831183120999981, 40.790845883000031 ], [ -5.836325883999962, 40.782278267000038 ], [ -5.829572892999977, 40.77979391100007 ], [ -5.826922499999966, 40.771777999000051 ], [ -5.850847750999947, 40.759361885000033 ], [ -5.859733786999925, 40.75886431400005 ], [ -5.866729499999963, 40.750522499000056 ], [ -5.88712864699994, 40.753494255000078 ], [ -5.895300736999957, 40.741970318000028 ], [ -5.897029190999945, 40.730478097000059 ], [ -5.893938, 40.725478999000075 ], [ -5.896896, 40.721893499000032 ], [ -5.901640112999928, 40.724808064000058 ], [ -5.913069364999956, 40.74375458600008 ], [ -5.925548, 40.75248749900004 ], [ -5.925041, 40.759044499000026 ], [ -5.913365319999969, 40.762426253000058 ], [ -5.906840819999957, 40.775125367000044 ], [ -5.930023499999947, 40.782935999000074 ], [ -5.927090705999944, 40.789290465000079 ], [ -5.928927161999979, 40.796111849000056 ], [ -5.925998840999966, 40.807806471000049 ], [ -5.916237316999968, 40.80196687800003 ], [ -5.896621286999959, 40.797923023000067 ], [ -5.881899309999937, 40.803471749000039 ], [ -5.873192674999927, 40.797691522000036 ], [ -5.865167702999941, 40.801141699000027 ], [ -5.849315499999932, 40.818050499000037 ] ] ] } },
{ "type": "Feature", "properties": { "code": "37345", "name": "Vega de Tirados" }, "geometry": { "type": "Polygon", "coordinates": [ [ [ -5.925479499999938, 41.016242999000042 ], [ -5.929856334999954, 41.024455082000031 ], [ -5.91971474199994, 41.028847661000043 ], [ -5.929335909999963, 41.043644144000041 ], [ -5.917943786999956, 41.046588709000048 ], [ -5.921269228999961, 41.050669629000026 ], [ -5.919920858999944, 41.060569129000044 ], [ -5.922487395999951, 41.066904378000061 ], [ -5.913220295999963, 41.076142993000076 ], [ -5.9193, 41.081195499000046 ], [ -5.915093621999972, 41.086791273000074 ], [ -5.909269068999947, 41.087671026000066 ], [ -5.903117352999971, 41.073373557000025 ], [ -5.885049, 41.065524999000047 ], [ -5.891393858999947, 41.053767579000066 ], [ -5.87502974299997, 41.047379121000063 ], [ -5.872677299999964, 41.03916537200007 ], [ -5.873840844999961, 41.02857017000008 ], [ -5.866344499999968, 41.011054999000066 ], [ -5.871858051999936, 41.003918302000045 ], [ -5.883565499999975, 41.005130499000074 ], [ -5.923251320999952, 41.017566758000044 ], [ -5.925479499999938, 41.016242999000042 ] ] ] } },
{ "type": "Feature", "properties": { "code": "37346", "name": "Veguillas, Las" }, "geometry": { "type": "Polygon", "coordinates": [ [ [ -5.866729499999963, 40.750522499000056 ], [ -5.859733786999925, 40.75886431400005 ], [ -5.850847750999947, 40.759361885000033 ], [ -5.826922499999966, 40.771777999000051 ], [ -5.820396485999936, 40.772956468000075 ], [ -5.81395565899993, 40.780479093000054 ], [ -5.794225263999977, 40.779800440000031 ], [ -5.790855141999941, 40.775907095000036 ], [ -5.791519831999949, 40.768642464000038 ], [ -5.795922402999963, 40.767434833000038 ], [ -5.795141762999947, 40.762874514000032 ], [ -5.786458569999979, 40.756276888000059 ], [ -5.789411969999946, 40.75269101400005 ], [ -5.78522234899998, 40.748804816000074 ], [ -5.785528, 40.742583999000033 ], [ -5.79962065899997, 40.73864939200007 ], [ -5.81565674899997, 40.723967969000057 ], [ -5.815155804999961, 40.721181787000035 ], [ -5.801215562999971, 40.715395480000041 ], [ -5.801483979999944, 40.712464952000062 ], [ -5.815319905999957, 40.709119734000069 ], [ -5.827124499999968, 40.701617999000064 ], [ -5.849869482999964, 40.70454062400006 ], [ -5.855400715999963, 40.711174380000045 ], [ -5.855516062999925, 40.717181053000047 ], [ -5.883274754999945, 40.712695207000024 ], [ -5.89420980999995, 40.716974062000077 ], [ -5.896896, 40.721893499000032 ], [ -5.893938, 40.725478999000075 ], [ -5.878324204999956, 40.725646021000045 ], [ -5.867333992999932, 40.729971323000029 ], [ -5.866729499999963, 40.750522499000056 ] ] ] } },
{ "type": "Feature", "properties": { "code": "37347", "name": "Vellés, La" }, "geometry": { "type": "Polygon", "coordinates": [ [ [ -5.607553, 41.052184999000076 ], [ -5.614382, 41.049426999000048 ], [ -5.617862, 41.049014999000065 ], [ -5.620402499999955, 41.05005649900005 ], [ -5.625108499999953, 41.047549999000069 ], [ -5.63375, 41.047912499000063 ], [ -5.634587499999952, 41.051002499000049 ], [ -5.638543, 41.052360499000031 ], [ -5.639228499999945, 41.054912499000068 ], [ -5.631594771999971, 41.064888898000049 ], [ -5.625566596999931, 41.061245218000067 ], [ -5.605290453999942, 41.061203841000065 ], [ -5.596239, 41.074596499000052 ], [ -5.591723539999975, 41.075523521000036 ], [ -5.578284, 41.08841699900006 ], [ -5.562277656999925, 41.081013426000027 ], [ -5.548188614999958, 41.090408033000074 ], [ -5.54103770599994, 41.112792454000044 ], [ -5.535889159999954, 41.115969211000049 ], [ -5.531953, 41.126567999000031 ], [ -5.524426049999931, 41.129570317000059 ], [ -5.516285499999981, 41.126479999000026 ], [ -5.520210652999936, 41.12138671200006 ], [ -5.518483111999956, 41.109867750000035 ], [ -5.526198682999961, 41.09738161000007 ], [ -5.52390461799996, 41.093729487000076 ], [ -5.525815499999965, 41.081767999000078 ], [ -5.540249499999959, 41.076392999000063 ], [ -5.559443429999931, 41.073334451000051 ], [ -5.577609499999937, 41.048309499000027 ], [ -5.587953088999939, 41.047494252000035 ], [ -5.595962252999925, 41.053330903000074 ], [ -5.60213585799994, 41.049799157000052 ], [ -5.607553, 41.052184999000076 ] ] ] } },
{ "type": "Feature", "properties": { "code": "37348", "name": "Ventosa del Río Almar" }, "geometry": { "type": "Polygon", "coordinates": [ [ [ -5.368278, 40.956165499000065 ], [ -5.34879849999993, 40.957328499000027 ], [ -5.345719, 40.958923499000036 ], [ -5.329661750999946, 40.950207220000038 ], [ -5.327166746999978, 40.94099516700004 ], [ -5.317328156999963, 40.927887109000039 ], [ -5.317528, 40.920684999000059 ], [ -5.328819, 40.904712499000027 ], [ -5.33823130299993, 40.914558012000043 ], [ -5.353963369999974, 40.918565021000063 ], [ -5.364243623999926, 40.92927376800003 ], [ -5.379992, 40.936317999000039 ], [ -5.372548499999937, 40.949321999000063 ], [ -5.367971864999959, 40.952884305000055 ], [ -5.368278, 40.956165499000065 ] ] ] } },
{ "type": "Feature", "properties": { "code": "37349", "name": "Vídola, La" }, "geometry": { "type": "Polygon", "coordinates": [ [ [ -6.471378, 41.126468499000055 ], [ -6.477812238999945, 41.126500863000047 ], [ -6.490230298999961, 41.11988967800005 ], [ -6.514704499999937, 41.131572499000072 ], [ -6.516007798999965, 41.142800651000073 ], [ -6.513001570999961, 41.152395349000074 ], [ -6.484763499999929, 41.188037499000075 ], [ -6.468913853999936, 41.183673966000072 ], [ -6.456761213999926, 41.176171528000054 ], [ -6.442842, 41.151557999000033 ], [ -6.45412349999998, 41.145164499000032 ], [ -6.45766, 41.140597999000079 ], [ -6.458782499999927, 41.135673499000063 ], [ -6.460224499999981, 41.132953499000052 ], [ -6.463251499999956, 41.13050449900004 ], [ -6.471378, 41.126468499000055 ] ] ] } },
{ "type": "Feature", "properties": { "code": "37350", "name": "Vilvestre" }, "geometry": { "type": "Polygon", "coordinates": [ [ [ -6.672252499999956, 41.104305499000077 ], [ -6.68220566399998, 41.096696595000026 ], [ -6.687279190999959, 41.088872938000065 ], [ -6.701293499999963, 41.080623499000069 ], [ -6.716191383999956, 41.078638287000047 ], [ -6.730820772999948, 41.07131729300005 ], [ -6.744348153999965, 41.072568501000035 ], [ -6.756758766999951, 41.069242723000059 ], [ -6.774760499999957, 41.073898499000052 ], [ -6.770472468999969, 41.085682418000033 ], [ -6.75470452199994, 41.102748649000034 ], [ -6.769814463999978, 41.12452730800004 ], [ -6.76788849999997, 41.133510499000067 ], [ -6.747620806999976, 41.132129617000032 ], [ -6.709340241999939, 41.138354802000038 ], [ -6.685551499999974, 41.129585499000029 ], [ -6.669618405999927, 41.110319897000068 ], [ -6.672252499999956, 41.104305499000077 ] ] ] } },
{ "type": "Feature", "properties": { "code": "37351", "name": "Villaflores" }, "geometry": { "type": "Polygon", "coordinates": [ [ [ -5.239720499999976, 41.054732999000066 ], [ -5.252739116999976, 41.059306301000049 ], [ -5.26002514399994, 41.068929584000045 ], [ -5.27172, 41.073154499000054 ], [ -5.271883560999925, 41.089129773000025 ], [ -5.277490272999955, 41.094978229000048 ], [ -5.284388495999963, 41.110754 ], [ -5.282269744999951, 41.119871171000057 ], [ -5.297887, 41.125892499000031 ], [ -5.29514249999994, 41.133964499000058 ], [ -5.282178802999965, 41.132804538000073 ], [ -5.276572760999954, 41.12960350000003 ], [ -5.253186183999958, 41.133964576000039 ], [ -5.241971389999946, 41.130534844000067 ], [ -5.233565795999937, 41.121811496000078 ], [ -5.218507603999967, 41.112832207000054 ], [ -5.195646, 41.085872499000061 ], [ -5.204578285999958, 41.079834475000041 ], [ -5.205389543999956, 41.074521962000063 ], [ -5.215340864999973, 41.066859964000059 ], [ -5.239720499999976, 41.054732999000066 ] ] ] } },
{ "type": "Feature", "properties": { "code": "37352", "name": "Villagonzalo de Tormes" }, "geometry": { "type": "MultiPolygon", "coordinates": [ [ [ [ -5.510998499999971, 40.946288999000046 ], [ -5.504074659999958, 40.953637461000028 ], [ -5.482496499999968, 40.96297449900004 ], [ -5.481536499999947, 40.958915499000057 ], [ -5.479225, 40.957820999000035 ], [ -5.475584, 40.94686499900007 ], [ -5.475298, 40.943637999000032 ], [ -5.477195882999979, 40.936455867000063 ], [ -5.48235, 40.934283999000058 ], [ -5.487358554999958, 40.938020368000025 ], [ -5.497522131999972, 40.938485350000064 ], [ -5.50109979399997, 40.944319459000042 ], [ -5.510998499999971, 40.946288999000046 ] ] ], [ [ [ -5.525342499999965, 40.899673499000073 ], [ -5.508135029999949, 40.908130612000036 ], [ -5.47913449999993, 40.906764999000075 ], [ -5.480055, 40.89932249900005 ], [ -5.492967721999946, 40.888417983000068 ], [ -5.495947499999943, 40.866096499000037 ], [ -5.499723306999954, 40.861870258000067 ], [ -5.509064291999948, 40.860196209000037 ], [ -5.527981095999962, 40.865939223000055 ], [ -5.535532724999939, 40.860359476000042 ], [ -5.548050410999963, 40.856887777000054 ], [ -5.556104499999947, 40.859945499000048 ], [ -5.540423681999926, 40.885976591000031 ], [ -5.526661881999928, 40.893840081000064 ], [ -5.525342499999965, 40.899673499000073 ] ] ] ] } },
{ "type": "Feature", "properties": { "code": "37353", "name": "Villalba de los Llanos" }, "geometry": { "type": "Polygon", "coordinates": [ [ [ -5.930023499999947, 40.782935999000074 ], [ -5.906840819999957, 40.775125367000044 ], [ -5.913365319999969, 40.762426253000058 ], [ -5.925041, 40.759044499000026 ], [ -5.937727038999981, 40.760056461000033 ], [ -5.946950562999973, 40.766443768000045 ], [ -5.944202767999968, 40.782110086000046 ], [ -5.949601722999944, 40.787984952000045 ], [ -5.956946043999949, 40.784151695000048 ], [ -5.97581691299996, 40.785438709000061 ], [ -6.004210919999935, 40.776455816000066 ], [ -6.017201849999935, 40.776695419000077 ], [ -6.031312, 40.782680499000037 ], [ -6.038170410999953, 40.809596255000031 ], [ -6.030183063999971, 40.817871785000079 ], [ -6.028480499999944, 40.825408999000047 ], [ -6.022785234999958, 40.832488926000053 ], [ -6.009898187999966, 40.833134426000072 ], [ -5.998012111999969, 40.820241592000059 ], [ -5.983535808999932, 40.811227888000076 ], [ -5.967258413999957, 40.815030443000069 ], [ -5.960134702999937, 40.808227884000075 ], [ -5.951152850999961, 40.792061683000043 ], [ -5.930023499999947, 40.782935999000074 ] ] ] } },
{ "type": "Feature", "properties": { "code": "37354", "name": "Villamayor" }, "geometry": { "type": "Polygon", "coordinates": [ [ [ -5.717831, 40.969617999000036 ], [ -5.718487499999981, 40.973991499000078 ], [ -5.71637549999997, 40.980739499000038 ], [ -5.716646499999968, 40.984767999000042 ], [ -5.717827, 40.98803699900003 ], [ -5.721829499999956, 40.991428499000051 ], [ -5.728397499999971, 40.991885999000033 ], [ -5.732194645999925, 40.994667045000028 ], [ -5.728188499999931, 41.003825999000071 ], [ -5.732292499999971, 41.01163499900008 ], [ -5.731567499999926, 41.019092499000067 ], [ -5.720438037999941, 41.019364640000049 ], [ -5.723683566999966, 41.024129978000076 ], [ -5.721266312999944, 41.03167220000006 ], [ -5.727303198999948, 41.038158696000039 ], [ -5.719823499999961, 41.043536999000025 ], [ -5.710842640999942, 41.039503232000072 ], [ -5.69939, 41.026375999000038 ], [ -5.697290068999962, 41.016937207000069 ], [ -5.681129776999967, 41.008980518000044 ], [ -5.684441438999954, 41.004784933000053 ], [ -5.678701, 40.987712999000053 ], [ -5.698015236999936, 40.977706684000054 ], [ -5.709767357999965, 40.978710781000075 ], [ -5.713271726999949, 40.971917080000026 ], [ -5.717831, 40.969617999000036 ] ] ] } },
{ "type": "Feature", "properties": { "code": "37355", "name": "Villanueva del Conde" }, "geometry": { "type": "Polygon", "coordinates": [ [ [ -6.032018, 40.526443499000038 ], [ -6.025062867999964, 40.53270561100004 ], [ -6.010586, 40.533901499000081 ], [ -6.004789230999961, 40.52685862900006 ], [ -6.002581904999943, 40.517050317000042 ], [ -5.992529009999942, 40.510287280000057 ], [ -5.988975499999981, 40.502956499000049 ], [ -5.994201305999979, 40.49451451300007 ], [ -6.00520974899996, 40.491078773000027 ], [ -6.015694499999938, 40.480624999000042 ], [ -6.031939301999955, 40.473661854000056 ], [ -6.044558499999937, 40.480113999000025 ], [ -6.043692, 40.484206999000037 ], [ -6.046066, 40.48710599900005 ], [ -6.031014499999969, 40.494186499000079 ], [ -6.020444823999981, 40.495014338000033 ], [ -6.017635388999963, 40.510594921000063 ], [ -6.011856278999971, 40.51515508600005 ], [ -6.017583221999928, 40.52174476700003 ], [ -6.027336246999937, 40.523022579000042 ], [ -6.032018, 40.526443499000038 ] ] ] } },
{ "type": "Feature", "properties": { "code": "37356", "name": "Villar de Argañán" }, "geometry": { "type": "Polygon", "coordinates": [ [ [ -6.658972, 40.684791499000028 ], [ -6.668680847999951, 40.671595249000063 ], [ -6.668806, 40.65875599900005 ], [ -6.679918747999977, 40.651967573000036 ], [ -6.702437690999943, 40.653193546000068 ], [ -6.730411, 40.645675499000049 ], [ -6.738548106999929, 40.645563416000073 ], [ -6.743709914999954, 40.649901570000054 ], [ -6.742812283999967, 40.669677343000046 ], [ -6.768820499999947, 40.670780499000045 ], [ -6.75723291099996, 40.677532606000057 ], [ -6.710571508999976, 40.685576633000039 ], [ -6.701056218999952, 40.697039386000029 ], [ -6.687641031999931, 40.697836079000069 ], [ -6.666856872999972, 40.694184730000075 ], [ -6.661436499999979, 40.695880999000053 ], [ -6.658972, 40.684791499000028 ] ] ] } },
{ "type": "Feature", "properties": { "code": "37357", "name": "Villar de Ciervo" }, "geometry": { "type": "Polygon", "coordinates": [ [ [ -6.80112, 40.789790499000048 ], [ -6.793689, 40.791267499000071 ], [ -6.779798, 40.792453999000031 ], [ -6.765138499999978, 40.79134749900004 ], [ -6.757538, 40.789165499000035 ], [ -6.74975749999993, 40.787986999000054 ], [ -6.713078, 40.785525999000072 ], [ -6.699285499999974, 40.77824399900004 ], [ -6.71788085299994, 40.749148300000058 ], [ -6.718841700999974, 40.731082206000053 ], [ -6.728380133999963, 40.727018335000025 ], [ -6.730787907999968, 40.722226201000069 ], [ -6.73953920699995, 40.722310437000033 ], [ -6.749925024999925, 40.71692885300007 ], [ -6.75748905699993, 40.716596610000067 ], [ -6.76099987799995, 40.719811052000068 ], [ -6.765104, 40.716315999000074 ], [ -6.768350342999952, 40.717301324000061 ], [ -6.771653430999947, 40.731231190000074 ], [ -6.781734612999969, 40.734548091000079 ], [ -6.780769869999972, 40.748301682000033 ], [ -6.782852276999961, 40.75114510700007 ], [ -6.809004725999955, 40.760819472000037 ], [ -6.817990418999955, 40.75815108300003 ], [ -6.828349499999945, 40.759483999000054 ], [ -6.825492499999939, 40.783416999000053 ], [ -6.819902, 40.794551999000078 ], [ -6.80112, 40.789790499000048 ] ] ] } },
{ "type": "Feature", "properties": { "code": "37358", "name": "Villar de Gallimazo" }, "geometry": { "type": "Polygon", "coordinates": [ [ [ -5.317528, 40.920684999000059 ], [ -5.317328156999963, 40.927887109000039 ], [ -5.327166746999978, 40.94099516700004 ], [ -5.329661750999946, 40.950207220000038 ], [ -5.345719, 40.958923499000036 ], [ -5.345442, 40.962547499000038 ], [ -5.343462, 40.965316499000039 ], [ -5.33493, 40.968021499000031 ], [ -5.328592499999957, 40.971625999000025 ], [ -5.33255, 40.975364999000078 ], [ -5.329383, 40.977168999000071 ], [ -5.331738, 40.98296749900004 ], [ -5.33127, 40.987929999000073 ], [ -5.321359, 40.997165499000062 ], [ -5.31207, 41.001853999000048 ], [ -5.307709, 41.000861999000051 ], [ -5.296156, 41.002631999000073 ], [ -5.289727499999969, 40.998984999000072 ], [ -5.288311499999963, 40.984538999000051 ], [ -5.28642949999994, 40.976134999000067 ], [ -5.278287, 40.971278999000049 ], [ -5.27074349999998, 40.970672499000045 ], [ -5.267285499999957, 40.962669499000071 ], [ -5.250141, 40.95122899900008 ], [ -5.250024, 40.94389699900006 ], [ -5.250776499999972, 40.941939999000056 ], [ -5.249605, 40.939231999000071 ], [ -5.249774499999944, 40.934799499000064 ], [ -5.251919, 40.931144999000026 ], [ -5.252307499999972, 40.928928499000051 ], [ -5.250811499999941, 40.924770499000033 ], [ -5.295558740999979, 40.924936517000049 ], [ -5.312096560999976, 40.91789725600006 ], [ -5.317528, 40.920684999000059 ] ] ] } },
{ "type": "Feature", "properties": { "code": "37359", "name": "Villar de la Yegua" }, "geometry": { "type": "Polygon", "coordinates": [ [ [ -6.699285499999974, 40.77824399900004 ], [ -6.683927541999935, 40.777634101000046 ], [ -6.671194593999928, 40.78414956000006 ], [ -6.667980499999942, 40.780753999000069 ], [ -6.668768788999955, 40.751599757000065 ], [ -6.664258061999931, 40.738345301000038 ], [ -6.669033269999943, 40.726439173000074 ], [ -6.65906903299998, 40.718251718000033 ], [ -6.661436499999979, 40.695880999000053 ], [ -6.666856872999972, 40.694184730000075 ], [ -6.687641031999931, 40.697836079000069 ], [ -6.701056218999952, 40.697039386000029 ], [ -6.710571508999976, 40.685576633000039 ], [ -6.75723291099996, 40.677532606000057 ], [ -6.765669499999944, 40.672801999000058 ], [ -6.768045290999964, 40.679842370000074 ], [ -6.753766368999948, 40.695019009000077 ], [ -6.749302417999957, 40.703864532000068 ], [ -6.754414544999975, 40.710252277000052 ], [ -6.761741748999953, 40.711947843000075 ], [ -6.765104, 40.716315999000074 ], [ -6.76099987799995, 40.719811052000068 ], [ -6.75748905699993, 40.716596610000067 ], [ -6.749925024999925, 40.71692885300007 ], [ -6.73953920699995, 40.722310437000033 ], [ -6.730787907999968, 40.722226201000069 ], [ -6.728380133999963, 40.727018335000025 ], [ -6.718841700999974, 40.731082206000053 ], [ -6.71788085299994, 40.749148300000058 ], [ -6.699285499999974, 40.77824399900004 ] ] ] } },
{ "type": "Feature", "properties": { "code": "37360", "name": "Villar de Peralonso" }, "geometry": { "type": "Polygon", "coordinates": [ [ [ -6.166089499999941, 41.066020999000045 ], [ -6.158893278999926, 41.05744657300005 ], [ -6.171898, 41.032657499000038 ], [ -6.192709, 41.024699999000063 ], [ -6.233929497999952, 41.004344650000064 ], [ -6.245002184999976, 41.005648825000037 ], [ -6.264002, 41.017242499000076 ], [ -6.255055612999968, 41.024158340000042 ], [ -6.252139401999955, 41.039453020000053 ], [ -6.219857990999969, 41.046078039000065 ], [ -6.212280499999963, 41.055457999000055 ], [ -6.189271454999925, 41.065174243000058 ], [ -6.166089499999941, 41.066020999000045 ] ] ] } },
{ "type": "Feature", "properties": { "code": "37361", "name": "Villar de Samaniego" }, "geometry": { "type": "Polygon", "coordinates": [ [ [ -6.401966, 41.140823499000078 ], [ -6.405177162999962, 41.101701450000064 ], [ -6.429002922999928, 41.097387213000047 ], [ -6.444435, 41.088653499000031 ], [ -6.44863, 41.093543999000076 ], [ -6.446600114999967, 41.101307459000054 ], [ -6.457412201999944, 41.107732671000065 ], [ -6.471378, 41.126468499000055 ], [ -6.463251499999956, 41.13050449900004 ], [ -6.460224499999981, 41.132953499000052 ], [ -6.458782499999927, 41.135673499000063 ], [ -6.45766, 41.140597999000079 ], [ -6.45412349999998, 41.145164499000032 ], [ -6.442842, 41.151557999000033 ], [ -6.418222, 41.152805499000067 ], [ -6.414142499999969, 41.147247499000059 ], [ -6.410303, 41.14397449900008 ], [ -6.401966, 41.140823499000078 ] ] ] } },
{ "type": "Feature", "properties": { "code": "37362", "name": "Villares de la Reina" }, "geometry": { "type": "Polygon", "coordinates": [ [ [ -5.633398, 40.98492999900003 ], [ -5.658064583999931, 40.993766922000077 ], [ -5.678701, 40.987712999000053 ], [ -5.684441438999954, 41.004784933000053 ], [ -5.681129776999967, 41.008980518000044 ], [ -5.697290068999962, 41.016937207000069 ], [ -5.69939, 41.026375999000038 ], [ -5.688121692999971, 41.021317737000061 ], [ -5.675089961999959, 41.031087337000031 ], [ -5.663486, 41.030706999000074 ], [ -5.656139598999971, 41.019167224000057 ], [ -5.631048, 41.017680999000049 ], [ -5.627022, 41.015337999000053 ], [ -5.621257499999956, 41.014093999000067 ], [ -5.609034, 40.997922999000025 ], [ -5.633398, 40.98492999900003 ] ] ] } },
{ "type": "Feature", "properties": { "code": "37363", "name": "Villares de Yeltes" }, "geometry": { "type": "Polygon", "coordinates": [ [ [ -6.477568, 40.908649499000035 ], [ -6.463005060999933, 40.914736646000051 ], [ -6.451263895999944, 40.925745947000053 ], [ -6.436102, 40.922645499000055 ], [ -6.431866050999929, 40.920027152000046 ], [ -6.429546303999928, 40.909077483000033 ], [ -6.418361863999962, 40.903986613000029 ], [ -6.399797356999954, 40.887534 ], [ -6.386647779999976, 40.888021185000071 ], [ -6.380715, 40.880294499000058 ], [ -6.36889193899998, 40.859661956000025 ], [ -6.360174499999971, 40.853549999000052 ], [ -6.378430752999975, 40.840703241000028 ], [ -6.384671, 40.831714499000043 ], [ -6.387234, 40.825694999000063 ], [ -6.400110832999928, 40.828276976000041 ], [ -6.409326035999925, 40.833516560000078 ], [ -6.418360134999944, 40.842504668000061 ], [ -6.432675, 40.850414499000067 ], [ -6.429658509999967, 40.864484231000063 ], [ -6.416226328999926, 40.868937368000047 ], [ -6.41832580199997, 40.875415056000065 ], [ -6.424599461999946, 40.87792048600005 ], [ -6.425647727999944, 40.88353371200003 ], [ -6.435005025999942, 40.880664354000032 ], [ -6.441765695999948, 40.89123464100004 ], [ -6.470638795999946, 40.900611360000028 ], [ -6.477568, 40.908649499000035 ] ] ] } },
{ "type": "Feature", "properties": { "code": "37018", "name": "Aldeanueva de la Sierra" }, "geometry": { "type": "Polygon", "coordinates": [ [ [ -6.10180349999996, 40.594760999000073 ], [ -6.113256, 40.591506999000046 ], [ -6.116035499999953, 40.591594499000053 ], [ -6.125133019999964, 40.609212 ], [ -6.111104740999963, 40.620032713000057 ], [ -6.110124706999954, 40.625015465000047 ], [ -6.114001499999972, 40.632255499000053 ], [ -6.108752, 40.633262499000068 ], [ -6.098558, 40.631160999000031 ], [ -6.086986, 40.634029499000064 ], [ -6.066978, 40.614017499000056 ], [ -6.08086257399998, 40.602801276000037 ], [ -6.082428369999946, 40.596804956000028 ], [ -6.10180349999996, 40.594760999000073 ] ] ] } },
{ "type": "Feature", "properties": { "code": "37019", "name": "Aldearrodrigo" }, "geometry": { "type": "Polygon", "coordinates": [ [ [ -5.817575, 41.091403999000079 ], [ -5.814282, 41.102985499000056 ], [ -5.814383, 41.113700999000059 ], [ -5.822332499999959, 41.127727499000059 ], [ -5.805978453999955, 41.137118365000049 ], [ -5.795397499999979, 41.138328499000067 ], [ -5.792542509999976, 41.123844603000066 ], [ -5.802810372999943, 41.091815660000066 ], [ -5.802294, 41.085941499000057 ], [ -5.808642, 41.087398499000074 ], [ -5.808685499999967, 41.090369999000075 ], [ -5.810682, 41.091113999000072 ], [ -5.814926, 41.092105999000069 ], [ -5.817575, 41.091403999000079 ] ] ] } },
{ "type": "Feature", "properties": { "code": "37020", "name": "Aldearrubia" }, "geometry": { "type": "Polygon", "coordinates": [ [ [ -5.541612499999928, 41.008540999000047 ], [ -5.536173142999928, 41.008582041000068 ], [ -5.525697238999953, 41.01623765800008 ], [ -5.498455499999977, 41.025642499000071 ], [ -5.474254303999942, 41.028526856000042 ], [ -5.461247090999962, 41.03316562200007 ], [ -5.451211, 41.030025499000033 ], [ -5.447827, 41.026675999000076 ], [ -5.447995499999934, 41.023528999000064 ], [ -5.446941, 41.020072999000035 ], [ -5.451103511999975, 41.006007279000073 ], [ -5.458367, 40.994170999000062 ], [ -5.472243894999963, 40.98396482000004 ], [ -5.484201, 40.970088999000041 ], [ -5.492192, 40.973060499000042 ], [ -5.489751744999978, 40.97689516500003 ], [ -5.491288667999925, 40.985977432000027 ], [ -5.502490396999974, 40.998612950000052 ], [ -5.511629674999938, 41.00230420500003 ], [ -5.513674778999928, 40.999977805000071 ], [ -5.512307722999935, 40.986023575000047 ], [ -5.517095327999925, 40.980130449000058 ], [ -5.515061, 40.97441849900008 ], [ -5.529171, 40.972362499000042 ], [ -5.537934675999963, 40.98293644000006 ], [ -5.538894290999963, 40.997115044000054 ], [ -5.548202499999945, 41.00428049900006 ], [ -5.541775499999972, 41.005664999000032 ], [ -5.541612499999928, 41.008540999000047 ] ] ] } },
{ "type": "Feature", "properties": { "code": "37021", "name": "Aldeaseca de Alba" }, "geometry": { "type": "Polygon", "coordinates": [ [ [ -5.45929, 40.840552999000067 ], [ -5.427485021999928, 40.838724245000037 ], [ -5.427557350999962, 40.822555470000054 ], [ -5.430441438999935, 40.815330473000074 ], [ -5.428696229999957, 40.812830438000049 ], [ -5.431300918999966, 40.805986485000062 ], [ -5.441404499999976, 40.798194999000032 ], [ -5.45022776299993, 40.797884409000062 ], [ -5.451062499999978, 40.792293499000039 ], [ -5.464059137999925, 40.797342755000045 ], [ -5.467584057999943, 40.794835848000048 ], [ -5.480328554999971, 40.803254611000057 ], [ -5.48598549999997, 40.803664999000034 ], [ -5.481110131999969, 40.809928075000073 ], [ -5.480938888999958, 40.819763758000079 ], [ -5.472584993999931, 40.821371912000075 ], [ -5.463529899999969, 40.828136640000025 ], [ -5.465463770999975, 40.83591980500006 ], [ -5.45929, 40.840552999000067 ] ] ] } },
{ "type": "Feature", "properties": { "code": "37022", "name": "Aldeaseca de la Frontera" }, "geometry": { "type": "Polygon", "coordinates": [ [ [ -5.250141, 40.95122899900008 ], [ -5.232468399999959, 40.961968281000054 ], [ -5.219644897999956, 40.962025529000073 ], [ -5.210363499999971, 40.967181999000047 ], [ -5.195884899999953, 40.955920055000036 ], [ -5.189194526999927, 40.954331264000075 ], [ -5.181677451999974, 40.946024771000054 ], [ -5.181141, 40.939330999000049 ], [ -5.184146424999938, 40.928775894000069 ], [ -5.190441499999963, 40.923141499000053 ], [ -5.203912499999944, 40.924010999000075 ], [ -5.211391499999934, 40.923152999000081 ], [ -5.224305499999957, 40.918033499000046 ], [ -5.226182499999936, 40.918086999000025 ], [ -5.230897499999969, 40.920219499000041 ], [ -5.234050499999967, 40.919700499000044 ], [ -5.237613499999952, 40.91791149900007 ], [ -5.240411, 40.915305999000054 ], [ -5.245802, 40.916381999000066 ], [ -5.249445499999979, 40.918059999000036 ], [ -5.252307499999972, 40.928928499000051 ], [ -5.251919, 40.931144999000026 ], [ -5.249774499999944, 40.934799499000064 ], [ -5.249605, 40.939231999000071 ], [ -5.250776499999972, 40.941939999000056 ], [ -5.250024, 40.94389699900006 ], [ -5.250141, 40.95122899900008 ] ] ] } },
{ "type": "Feature", "properties": { "code": "37023", "name": "Aldeatejada" }, "geometry": { "type": "Polygon", "coordinates": [ [ [ -5.68197, 40.914798499000028 ], [ -5.672662136999975, 40.908640955000067 ], [ -5.674457858999972, 40.902123897000081 ], [ -5.679496499999971, 40.900825999000062 ], [ -5.698437529999978, 40.908162087000051 ], [ -5.701138338999954, 40.903798461000065 ], [ -5.699548186999948, 40.895483281000054 ], [ -5.695527956999968, 40.891030955000076 ], [ -5.699898308999934, 40.885365290000038 ], [ -5.713225736999959, 40.888066672000036 ], [ -5.722209850999946, 40.883140075000028 ], [ -5.73756949999995, 40.881904499000029 ], [ -5.760082830999977, 40.873496268000054 ], [ -5.764454, 40.868331999000077 ], [ -5.768467, 40.869827499000053 ], [ -5.78017990799998, 40.877230785000052 ], [ -5.777504182999962, 40.88124631200003 ], [ -5.766769499999953, 40.885181499000055 ], [ -5.761159805999966, 40.891977595000071 ], [ -5.761624499999925, 40.897868999000025 ], [ -5.747252985999978, 40.899568099000078 ], [ -5.738907, 40.913135499000077 ], [ -5.733894762999967, 40.917818415000056 ], [ -5.725926054999945, 40.918776379000064 ], [ -5.728438499999925, 40.930549499000051 ], [ -5.710529613999938, 40.939893982000058 ], [ -5.697921905999976, 40.938745845000028 ], [ -5.692904820999956, 40.94412746900008 ], [ -5.682603424999968, 40.947369888000026 ], [ -5.680223420999937, 40.942793383000037 ], [ -5.686359754999955, 40.940430949000074 ], [ -5.679645119999975, 40.931597149000027 ], [ -5.679432089999978, 40.925285808000069 ], [ -5.683604978999938, 40.920052221000049 ], [ -5.68197, 40.914798499000028 ] ] ] } },
{ "type": "Feature", "properties": { "code": "37024", "name": "Aldeavieja de Tormes" }, "geometry": { "type": "Polygon", "coordinates": [ [ [ -5.616891499999952, 40.563121999000032 ], [ -5.630222, 40.55398199900003 ], [ -5.642370587999949, 40.55970658800004 ], [ -5.651563781999926, 40.575923035000073 ], [ -5.649621890999981, 40.583998066000049 ], [ -5.638031, 40.589500999000052 ], [ -5.62508, 40.599460499000031 ], [ -5.607701775999942, 40.58742931900008 ], [ -5.606186219999927, 40.574909464000029 ], [ -5.616891499999952, 40.563121999000032 ] ] ] } },
{ "type": "Feature", "properties": { "code": "37025", "name": "Aldehuela de la Bóveda" }, "geometry": { "type": "Polygon", "coordinates": [ [ [ -6.135131, 40.840552999000067 ], [ -6.133624752999935, 40.841670992000047 ], [ -6.126298233999933, 40.853239660000042 ], [ -6.10986201399993, 40.862868775000038 ], [ -6.094820421999941, 40.85915854700005 ], [ -6.078518, 40.862640499000065 ], [ -6.072340868999959, 40.858863186000065 ], [ -6.061453330999939, 40.837621793000039 ], [ -6.056211722999933, 40.83894334200005 ], [ -6.056906752999964, 40.852537283000061 ], [ -6.061782522999977, 40.859719331000065 ], [ -6.078986, 40.867107499000042 ], [ -6.073577778999947, 40.877725911000027 ], [ -6.055485499999975, 40.886489999000048 ], [ -6.049588255999936, 40.890250418000051 ], [ -6.037154814999951, 40.888733835000039 ], [ -6.033844215999977, 40.891972058000079 ], [ -6.02570097499995, 40.88744540600004 ], [ -5.997692499999971, 40.883903499000041 ], [ -5.994807499999979, 40.88184349900007 ], [ -5.996756, 40.88026049900003 ], [ -5.996993499999974, 40.877914499000042 ], [ -6.002456, 40.868511499000078 ], [ -6.000187499999981, 40.858501499000056 ], [ -6.00154, 40.857185499000025 ], [ -6.011872103999963, 40.861358657000039 ], [ -6.019178715999942, 40.850921697000047 ], [ -6.028474799999969, 40.84404272900008 ], [ -6.030585605999931, 40.838239277000071 ], [ -6.028480499999944, 40.825408999000047 ], [ -6.030183063999971, 40.817871785000079 ], [ -6.038170410999953, 40.809596255000031 ], [ -6.036892499999965, 40.802959499000053 ], [ -6.041003499999931, 40.799007499000027 ], [ -6.058529823999947, 40.800010017000034 ], [ -6.069408, 40.804836499000032 ], [ -6.074089813999933, 40.805673447000061 ], [ -6.089184989999978, 40.796251798000071 ], [ -6.099119375999976, 40.795209517000046 ], [ -6.110446157999945, 40.799257208000029 ], [ -6.106962868999972, 40.807544418000077 ], [ -6.109896569999933, 40.811201121000067 ], [ -6.122529, 40.815101499000036 ], [ -6.131043499999976, 40.820194499000024 ], [ -6.127401715999952, 40.82181767700007 ], [ -6.125712745999977, 40.826672746000042 ], [ -6.127751190999959, 40.831504996000035 ], [ -6.136568, 40.838813999000081 ], [ -6.135131, 40.840552999000067 ] ] ] } },
{ "type": "Feature", "properties": { "code": "37026", "name": "Aldehuela de Yeltes" }, "geometry": { "type": "Polygon", "coordinates": [ [ [ -6.185504499999979, 40.65988549900004 ], [ -6.21634569899993, 40.640317165000056 ], [ -6.226599367999938, 40.62075468200004 ], [ -6.238068631999965, 40.617114055000059 ], [ -6.232698, 40.58867649900003 ], [ -6.236433551999937, 40.585097441000073 ], [ -6.239579, 40.57435999900008 ], [ -6.249265305999927, 40.581318767000027 ], [ -6.247928865999938, 40.62412631400008 ], [ -6.262417237999955, 40.63725818100005 ], [ -6.285532, 40.645839499000033 ], [ -6.28758, 40.647544999000047 ], [ -6.290975, 40.65528499900006 ], [ -6.295035, 40.659194999000078 ], [ -6.289273311999978, 40.684964152000077 ], [ -6.294426, 40.695815999000047 ], [ -6.282032842999968, 40.69532859800006 ], [ -6.276487499999973, 40.699962499000037 ], [ -6.27084997299994, 40.707596183000078 ], [ -6.257652499999949, 40.710468499000058 ], [ -6.253407381999978, 40.704921665000029 ], [ -6.237552340999969, 40.707672579000075 ], [ -6.223754638999935, 40.702490971000032 ], [ -6.208946411999932, 40.669822189000058 ], [ -6.185504499999979, 40.65988549900004 ] ] ] } },
{ "type": "Feature", "properties": { "code": "37027", "name": "Almenara de Tormes" }, "geometry": { "type": "Polygon", "coordinates": [ [ [ -5.845918499999925, 41.066558999000051 ], [ -5.837995951999972, 41.07389438000007 ], [ -5.847262102999935, 41.08274444500006 ], [ -5.847574889999976, 41.089495087000046 ], [ -5.850732499999935, 41.092586499000049 ], [ -5.839560499999948, 41.094169499000031 ], [ -5.817575, 41.091403999000079 ], [ -5.814926, 41.092105999000069 ], [ -5.808685499999967, 41.090369999000075 ], [ -5.808642, 41.087398499000074 ], [ -5.784918576999928, 41.081473186000039 ], [ -5.783817, 41.075184499000045 ], [ -5.793349171999978, 41.054434585000081 ], [ -5.799176794999937, 41.050672313000064 ], [ -5.806133, 41.051391499000033 ], [ -5.817887499999927, 41.055274999000062 ], [ -5.826586652999936, 41.053979813000069 ], [ -5.834027101999936, 41.046118075000038 ], [ -5.846906499999932, 41.04753499900005 ], [ -5.834817044999966, 41.061794859000031 ], [ -5.845918499999925, 41.066558999000051 ] ] ] } },
{ "type": "Feature", "properties": { "code": "37028", "name": "Almendra" }, "geometry": { "type": "Polygon", "coordinates": [ [ [ -6.313213499999961, 41.206980999000052 ], [ -6.339395166999964, 41.19403557000004 ], [ -6.362927, 41.193897499000059 ], [ -6.358565245999955, 41.22932931400004 ], [ -6.359218883999972, 41.258548568000037 ], [ -6.354870294999955, 41.267549996000071 ], [ -6.347646, 41.27270949900003 ], [ -6.334938499999964, 41.271655999000075 ], [ -6.330994499999974, 41.269428499000071 ], [ -6.317957778999926, 41.270144113000072 ], [ -6.310415732999957, 41.263316545000066 ], [ -6.288586, 41.254737999000042 ], [ -6.288484943999947, 41.245018455000036 ], [ -6.293360715999938, 41.229864193000026 ], [ -6.310887977999926, 41.217359066000029 ], [ -6.313213499999961, 41.206980999000052 ] ] ] } },
{ "type": "Feature", "properties": { "code": "37029", "name": "Anaya de Alba" }, "geometry": { "type": "Polygon", "coordinates": [ [ [ -5.52023, 40.696407499000031 ], [ -5.514298169999961, 40.715463698000065 ], [ -5.515574168999933, 40.720310098000027 ], [ -5.527296413999977, 40.728672238000058 ], [ -5.529055104999941, 40.732603281000024 ], [ -5.525863675999972, 40.735952803000032 ], [ -5.528892499999927, 40.740173499000036 ], [ -5.520206465999934, 40.746339429000045 ], [ -5.518107532999977, 40.752902157000051 ], [ -5.506032451999943, 40.75145583300008 ], [ -5.500526499999978, 40.767921999000066 ], [ -5.493876075999935, 40.77101506300005 ], [ -5.467475462999971, 40.753226581000035 ], [ -5.458289503999936, 40.754812952000066 ], [ -5.455472499999928, 40.752170499000044 ], [ -5.459323648999941, 40.74274835500006 ], [ -5.470411730999956, 40.733510875000036 ], [ -5.465287082999964, 40.723302731000047 ], [ -5.467979527999944, 40.717407451000042 ], [ -5.463659921999977, 40.708219643000064 ], [ -5.465820322999946, 40.70368064400003 ], [ -5.462963764999927, 40.699655231000065 ], [ -5.466795512999965, 40.696575273000064 ], [ -5.465560499999981, 40.689201499000035 ], [ -5.486149452999939, 40.690534606000028 ], [ -5.496186, 40.686965999000051 ], [ -5.507611419999932, 40.688075705000074 ], [ -5.52023, 40.696407499000031 ] ] ] } },
{ "type": "Feature", "properties": { "code": "37030", "name": "Añover de Tormes" }, "geometry": { "type": "Polygon", "coordinates": [ [ [ -5.951337499999966, 41.140289499000062 ], [ -5.946484311999939, 41.143663337000078 ], [ -5.945395229999974, 41.149377481000045 ], [ -5.93515952499996, 41.151773493000064 ], [ -5.936703, 41.156749499000057 ], [ -5.911042751999958, 41.147774900000059 ], [ -5.905691052999941, 41.158710297000027 ], [ -5.898575300999937, 41.159075599000062 ], [ -5.888591362999932, 41.155574505000061 ], [ -5.882062, 41.144206999000062 ], [ -5.88974544499996, 41.141405223000049 ], [ -5.895210924999958, 41.127791654000077 ], [ -5.903608409999947, 41.117475629000069 ], [ -5.918413, 41.108436499000049 ], [ -5.927256362999969, 41.108465199000079 ], [ -5.931528, 41.104552999000077 ], [ -5.936209410999936, 41.106023040000025 ], [ -5.938455549999958, 41.111158077000027 ], [ -5.938479996999945, 41.117509914000038 ], [ -5.933441376999951, 41.124243612000043 ], [ -5.936393271999975, 41.127409629000056 ], [ -5.950128672999938, 41.129370304000076 ], [ -5.951337499999966, 41.140289499000062 ] ] ] } },
{ "type": "Feature", "properties": { "code": "37031", "name": "Arabayona de Mógica" }, "geometry": { "type": "Polygon", "coordinates": [ [ [ -5.381545, 41.071242999000049 ], [ -5.370988533999935, 41.074687203000053 ], [ -5.366543251999929, 41.070903615000077 ], [ -5.364689437999971, 41.061251347000052 ], [ -5.360060443999942, 41.056809970000074 ], [ -5.364106600999946, 41.048037302000068 ], [ -5.356584762999944, 41.039829662000045 ], [ -5.359812, 41.030654999000035 ], [ -5.362458, 41.030818999000076 ], [ -5.373176499999943, 41.02751549900006 ], [ -5.377704499999936, 41.028064999000037 ], [ -5.378685, 41.030185499000027 ], [ -5.386065, 41.032005499000036 ], [ -5.401747499999942, 41.03187949900007 ], [ -5.406916499999966, 41.029403499000068 ], [ -5.416473499999938, 41.027870499000073 ], [ -5.423272, 41.025501499000029 ], [ -5.424821, 41.023990499000035 ], [ -5.432415499999934, 41.030963999000051 ], [ -5.432227183999942, 41.042080353000074 ], [ -5.421756, 41.056533999000067 ], [ -5.416968181999948, 41.059780991000025 ], [ -5.41494789799998, 41.065865544000076 ], [ -5.407568856999944, 41.062640352000074 ], [ -5.381545, 41.071242999000049 ] ] ] } },
{ "type": "Feature", "properties": { "code": "37032", "name": "Arapiles" }, "geometry": { "type": "Polygon", "coordinates": [ [ [ -5.612874, 40.88417799900003 ], [ -5.630292078999958, 40.868602698000075 ], [ -5.63015, 40.864021499000046 ], [ -5.639518083999974, 40.867282638000063 ], [ -5.659643751999965, 40.86549182300007 ], [ -5.668947, 40.857818499000075 ], [ -5.672732173999975, 40.861085528000046 ], [ -5.671596373999932, 40.871313554000039 ], [ -5.655346280999936, 40.877006897000058 ], [ -5.653649541999926, 40.882171960000051 ], [ -5.658969414999945, 40.893312692000052 ], [ -5.672945181999978, 40.892205158000024 ], [ -5.679496499999971, 40.900825999000062 ], [ -5.674457858999972, 40.902123897000081 ], [ -5.672662136999975, 40.908640955000067 ], [ -5.68197, 40.914798499000028 ], [ -5.673617022999963, 40.92142517700006 ], [ -5.673198255999978, 40.931236632000036 ], [ -5.664153, 40.934997499000076 ], [ -5.652640269999949, 40.919756268000071 ], [ -5.639610859999948, 40.914535926000042 ], [ -5.634759675999931, 40.907847023000045 ], [ -5.629022831999976, 40.908845771000074 ], [ -5.617038780999962, 40.904026706000025 ], [ -5.614461, 40.895274999000037 ], [ -5.615576354999973, 40.888468163000027 ], [ -5.612874, 40.88417799900003 ] ] ] } },
{ "type": "Feature", "properties": { "code": "37033", "name": "Arcediano" }, "geometry": { "type": "Polygon", "coordinates": [ [ [ -5.531953, 41.126567999000031 ], [ -5.535889159999954, 41.115969211000049 ], [ -5.54103770599994, 41.112792454000044 ], [ -5.548188614999958, 41.090408033000074 ], [ -5.562277656999925, 41.081013426000027 ], [ -5.578284, 41.08841699900006 ], [ -5.580234206999933, 41.092678502000069 ], [ -5.578074, 41.102821499000072 ], [ -5.568536309999956, 41.107511989000045 ], [ -5.549088, 41.131019499000047 ], [ -5.534657152999955, 41.129484772000069 ], [ -5.531953, 41.126567999000031 ] ] ] } },
{ "type": "Feature", "properties": { "code": "37034", "name": "Arco, El" }, "geometry": { "type": "Polygon", "coordinates": [ [ [ -5.834274499999935, 41.123759999000072 ], [ -5.829827689999945, 41.13013049400007 ], [ -5.822332499999959, 41.127727499000059 ], [ -5.814383, 41.113700999000059 ], [ -5.814282, 41.102985499000056 ], [ -5.817575, 41.091403999000079 ], [ -5.839560499999948, 41.094169499000031 ], [ -5.840670646999968, 41.103926812000054 ], [ -5.834274499999935, 41.123759999000072 ] ] ] } },
{ "type": "Feature", "properties": { "code": "37035", "name": "Armenteros" }, "geometry": { "type": "Polygon", "coordinates": [ [ [ -5.526843499999927, 40.617656499000077 ], [ -5.522921, 40.626857499000039 ], [ -5.515627774999928, 40.637971591000053 ], [ -5.502629499999955, 40.639724499000067 ], [ -5.487123, 40.637351999000032 ], [ -5.463626499999975, 40.631202999000038 ], [ -5.438492, 40.620509999000035 ], [ -5.435825, 40.618701999000052 ], [ -5.429991, 40.619193999000061 ], [ -5.429056, 40.616836499000044 ], [ -5.418349, 40.612323999000068 ], [ -5.41438, 40.609802499000068 ], [ -5.421620855999947, 40.605961123000043 ], [ -5.42502836999995, 40.597741261000067 ], [ -5.44176817999994, 40.58856953600008 ], [ -5.449617597999975, 40.57963761700006 ], [ -5.461705271999961, 40.577692685000045 ], [ -5.488915855999949, 40.583021746000043 ], [ -5.49785723399998, 40.581694184000071 ], [ -5.500752297999952, 40.594669522000061 ], [ -5.510113, 40.590404499000044 ], [ -5.502717949999976, 40.598625645000027 ], [ -5.505731138999977, 40.611564051000073 ], [ -5.526664499999981, 40.615417499000046 ], [ -5.526843499999927, 40.617656499000077 ] ] ] } },
{ "type": "Feature", "properties": { "code": "37036", "name": "San Miguel del Robledo" }, "geometry": { "type": "Polygon", "coordinates": [ [ [ -6.032018, 40.526443499000038 ], [ -6.043488, 40.525077999000075 ], [ -6.043437, 40.529411499000048 ], [ -6.046347, 40.534766999000055 ], [ -6.057078, 40.535014999000055 ], [ -6.061325499999953, 40.537322999000025 ], [ -6.073956, 40.540877999000031 ], [ -6.075862, 40.543323499000053 ], [ -6.056724, 40.562789999000074 ], [ -6.044309686999952, 40.554058019000024 ], [ -6.032108998999945, 40.550671476000048 ], [ -6.024385542999937, 40.542172647000029 ], [ -6.010586, 40.533901499000081 ], [ -6.025062867999964, 40.53270561100004 ], [ -6.032018, 40.526443499000038 ] ] ] } },
{ "type": "Feature", "properties": { "code": "37037", "name": "Atalaya, La" }, "geometry": { "type": "Polygon", "coordinates": [ [ [ -6.383981499999948, 40.514644499000042 ], [ -6.383029256999976, 40.506091426000069 ], [ -6.375467085999958, 40.498328557000036 ], [ -6.384609196999975, 40.481181867000032 ], [ -6.391682763999938, 40.479697670000064 ], [ -6.390396, 40.474540999000055 ], [ -6.399815537999928, 40.475323959000036 ], [ -6.406861119999974, 40.48170688700003 ], [ -6.435344526999927, 40.488254857000072 ], [ -6.443135923999932, 40.492488682000044 ], [ -6.41276449999998, 40.537711999000066 ], [ -6.391422449999936, 40.535696427000062 ], [ -6.384498948999976, 40.523600670000064 ], [ -6.383981499999948, 40.514644499000042 ] ] ] } },
{ "type": "Feature", "properties": { "code": "37038", "name": "Babilafuente" }, "geometry": { "type": "Polygon", "coordinates": [ [ [ -5.446941, 41.020072999000035 ], [ -5.43519, 41.02681749900006 ], [ -5.432415499999934, 41.030963999000051 ], [ -5.424821, 41.023990499000035 ], [ -5.427758555999958, 41.017233780000026 ], [ -5.420336040999928, 40.999658031000081 ], [ -5.403882499999952, 40.983924999000067 ], [ -5.419735934999949, 40.971580544000062 ], [ -5.412634499999967, 40.954974999000058 ], [ -5.418035949999933, 40.951526325000032 ], [ -5.421339447999969, 40.944993217000047 ], [ -5.440941499999951, 40.953223999000045 ], [ -5.443118826999978, 40.962442930000066 ], [ -5.449349922999943, 40.969555960000037 ], [ -5.453165177999949, 40.990601262000041 ], [ -5.458367, 40.994170999000062 ], [ -5.451103511999975, 41.006007279000073 ], [ -5.446941, 41.020072999000035 ] ] ] } },
{ "type": "Feature", "properties": { "code": "37364", "name": "Villarino de los Aires" }, "geometry": { "type": "Polygon", "coordinates": [ [ [ -6.501112, 41.265147999000078 ], [ -6.48066160299993, 41.274231776000079 ], [ -6.48008555499996, 41.277243635000048 ], [ -6.490988497999979, 41.286126702000047 ], [ -6.479713, 41.294379999000057 ], [ -6.475855207999928, 41.28792459500005 ], [ -6.465883040999927, 41.286644307000074 ], [ -6.45476743699993, 41.291231863000064 ], [ -6.443986876999929, 41.283999191000078 ], [ -6.424903382999958, 41.280335164000064 ], [ -6.417440579999948, 41.282562420000033 ], [ -6.413625293999928, 41.276707283000064 ], [ -6.400088499999981, 41.278751499000066 ], [ -6.395921926999961, 41.254963256000053 ], [ -6.387918468999942, 41.233373854000035 ], [ -6.391290239999933, 41.220447094000065 ], [ -6.402293267999937, 41.21694311300007 ], [ -6.382805, 41.19233299900003 ], [ -6.406638493999935, 41.159971238000026 ], [ -6.418222, 41.152805499000067 ], [ -6.442842, 41.151557999000033 ], [ -6.456761213999926, 41.176171528000054 ], [ -6.468913853999936, 41.183673966000072 ], [ -6.484763499999929, 41.188037499000075 ], [ -6.497381, 41.204036999000039 ], [ -6.490616408999927, 41.209001422000028 ], [ -6.491030427999931, 41.21614351900007 ], [ -6.482982539999966, 41.219856040000025 ], [ -6.473572521999927, 41.232069166000031 ], [ -6.47162329899993, 41.239272988000039 ], [ -6.47490172199997, 41.245639377000032 ], [ -6.492265925999959, 41.250987320000036 ], [ -6.501112, 41.265147999000078 ] ] ] } },
{ "type": "Feature", "properties": { "code": "37365", "name": "Villarmayor" }, "geometry": { "type": "Polygon", "coordinates": [ [ [ -5.998399, 41.043826999000032 ], [ -5.993311354999946, 41.054294906000052 ], [ -5.988982520999969, 41.051965750000079 ], [ -5.987314898999955, 41.041416150000032 ], [ -5.978278392999925, 41.038738916000057 ], [ -5.962221485999976, 41.049563515000045 ], [ -5.961102468999968, 41.062717551000048 ], [ -5.971186577999958, 41.069923256000038 ], [ -5.972877979999964, 41.076227291000066 ], [ -5.959952380999937, 41.079504349000047 ], [ -5.939177, 41.07715999900006 ], [ -5.9193, 41.081195499000046 ], [ -5.913220295999963, 41.076142993000076 ], [ -5.922487395999951, 41.066904378000061 ], [ -5.919920858999944, 41.060569129000044 ], [ -5.921269228999961, 41.050669629000026 ], [ -5.917943786999956, 41.046588709000048 ], [ -5.929335909999963, 41.043644144000041 ], [ -5.91971474199994, 41.028847661000043 ], [ -5.929856334999954, 41.024455082000031 ], [ -5.925479499999938, 41.016242999000042 ], [ -5.94008, 41.011680499000079 ], [ -5.95017736899996, 41.007562086000064 ], [ -5.982403512999952, 41.00711042100005 ], [ -5.989996844999951, 41.001575615000036 ], [ -6.006745, 41.002441499000042 ], [ -5.99961544599995, 41.020080810000024 ], [ -5.989654864999977, 41.030431091000025 ], [ -5.998399, 41.043826999000032 ] ] ] } },
{ "type": "Feature", "properties": { "code": "37366", "name": "Villarmuerto" }, "geometry": { "type": "Polygon", "coordinates": [ [ [ -6.329184, 41.041015499000025 ], [ -6.333032499999945, 41.035472999000035 ], [ -6.344055, 41.03025449900008 ], [ -6.374963, 41.033710499000051 ], [ -6.387463827999966, 41.039945468000042 ], [ -6.394359, 41.064632499000027 ], [ -6.382301946999974, 41.086906094000028 ], [ -6.366042, 41.087573999000028 ], [ -6.355449660999966, 41.087090533000037 ], [ -6.323215, 41.101039999000079 ], [ -6.300648, 41.078616999000076 ], [ -6.320874174999972, 41.059287312000038 ], [ -6.327769223999951, 41.056681512000068 ], [ -6.329184, 41.041015499000025 ] ] ] } },
{ "type": "Feature", "properties": { "code": "37367", "name": "Villasbuenas" }, "geometry": { "type": "Polygon", "coordinates": [ [ [ -6.622339499999953, 41.076732499000059 ], [ -6.566386, 41.080787499000053 ], [ -6.561557499999935, 41.079307499000038 ], [ -6.554141499999957, 41.080596999000079 ], [ -6.554044, 41.072620499000038 ], [ -6.551738499999942, 41.069587499000079 ], [ -6.552753499999938, 41.06433849900003 ], [ -6.564773, 41.05643849900008 ], [ -6.569933, 41.046264499000074 ], [ -6.571833, 41.037639499000079 ], [ -6.567344499999933, 41.019527499000048 ], [ -6.566248, 41.017490499000075 ], [ -6.562259, 41.016242999000042 ], [ -6.575745499999925, 40.998737499000072 ], [ -6.60138749999993, 40.99464049900007 ], [ -6.600611499999957, 41.005924499000059 ], [ -6.601053499999978, 41.009200999000029 ], [ -6.607516, 41.01740249900007 ], [ -6.605054, 41.023521499000026 ], [ -6.605528499999934, 41.029594499000041 ], [ -6.603503, 41.034953999000038 ], [ -6.612894, 41.03901649900007 ], [ -6.624239, 41.040714499000046 ], [ -6.639848, 41.047877999000036 ], [ -6.640387, 41.051379999000062 ], [ -6.634143499999936, 41.062663999000051 ], [ -6.623548, 41.072299999000052 ], [ -6.622339499999953, 41.076732499000059 ] ] ] } },
{ "type": "Feature", "properties": { "code": "37368", "name": "Villasdardo" }, "geometry": { "type": "Polygon", "coordinates": [ [ [ -6.141205, 40.994960999000057 ], [ -6.155078964999973, 40.983494883000049 ], [ -6.170245375999968, 40.981706496000072 ], [ -6.176104499999951, 40.97837049900005 ], [ -6.188724058999981, 40.98346747800008 ], [ -6.19480724999994, 41.00930635900005 ], [ -6.190924521999932, 41.019967933000032 ], [ -6.192709, 41.024699999000063 ], [ -6.171898, 41.032657499000038 ], [ -6.14447, 41.030628499000045 ], [ -6.142614, 41.024112499000069 ], [ -6.146104212999944, 41.002128228000061 ], [ -6.141205, 40.994960999000057 ] ] ] } },
{ "type": "Feature", "properties": { "code": "37369", "name": "Villaseco de los Gamitos" }, "geometry": { "type": "Polygon", "coordinates": [ [ [ -6.142614, 41.024112499000069 ], [ -6.14447, 41.030628499000045 ], [ -6.139296, 41.032878999000047 ], [ -6.132063672999948, 41.038021883000056 ], [ -6.11855326899996, 41.044080997000037 ], [ -6.10702002599993, 41.053196787000047 ], [ -6.087632267999936, 41.052661664000027 ], [ -6.075789, 41.048564999000064 ], [ -6.069239499999981, 41.033340499000076 ], [ -6.088806505999969, 41.033580727000071 ], [ -6.125922027999934, 41.021418259000029 ], [ -6.132063672999948, 41.023997115000043 ], [ -6.135479353999926, 41.027074542000037 ], [ -6.142614, 41.024112499000069 ] ] ] } },
{ "type": "Feature", "properties": { "code": "37370", "name": "Villaseco de los Reyes" }, "geometry": { "type": "Polygon", "coordinates": [ [ [ -6.193444, 41.112891999000055 ], [ -6.246075400999928, 41.122362610000039 ], [ -6.262953038999967, 41.139036471000054 ], [ -6.267416, 41.148135999000033 ], [ -6.250147033999951, 41.157123486000046 ], [ -6.206427558999962, 41.166328165000039 ], [ -6.198718207999946, 41.17535123600004 ], [ -6.194804493999925, 41.185200782000038 ], [ -6.191419, 41.214019999000072 ], [ -6.162516733999951, 41.206757319000076 ], [ -6.134522499999946, 41.190410499000052 ], [ -6.132063672999948, 41.190076944000054 ], [ -6.124243126999943, 41.182397299000058 ], [ -6.111504153999931, 41.176600519000033 ], [ -6.101330269999949, 41.176342093000073 ], [ -6.093556904999957, 41.179517473000033 ], [ -6.081778009999937, 41.175790125000049 ], [ -6.078157036999926, 41.161378025000033 ], [ -6.063075564999963, 41.149097703000052 ], [ -6.052541634999955, 41.124549387000059 ], [ -6.05680011499993, 41.118248917000074 ], [ -6.052687306999928, 41.107541022000078 ], [ -6.065208, 41.089717999000072 ], [ -6.076807009999925, 41.082562396000071 ], [ -6.098960243999954, 41.080251034000071 ], [ -6.117976638999949, 41.091139198000064 ], [ -6.132063672999948, 41.087352978000069 ], [ -6.147537499999942, 41.088233999000067 ], [ -6.146231603999979, 41.101743691000024 ], [ -6.15304606199993, 41.102600233000032 ], [ -6.153229752999948, 41.108864194000034 ], [ -6.149240190999933, 41.116950756000051 ], [ -6.138964168999962, 41.119030732000056 ], [ -6.13643935999994, 41.129823392000048 ], [ -6.151455536999947, 41.131241861000035 ], [ -6.171366889999945, 41.137706829000081 ], [ -6.175608748999935, 41.121578902000067 ], [ -6.193444, 41.112891999000055 ] ] ] } },
{ "type": "Feature", "properties": { "code": "37371", "name": "Villasrubias" }, "geometry": { "type": "Polygon", "coordinates": [ [ [ -6.556229, 40.290824999000051 ], [ -6.558386499999926, 40.290263999000047 ], [ -6.568479, 40.283153499000036 ], [ -6.571098, 40.279506999000034 ], [ -6.605916169999944, 40.274551437000071 ], [ -6.610993764999932, 40.281630569000072 ], [ -6.611220234999962, 40.292047951000029 ], [ -6.617849356999955, 40.303185676000055 ], [ -6.618787388999976, 40.310061313000062 ], [ -6.62818137499994, 40.312342723000029 ], [ -6.650322781999932, 40.326898983000035 ], [ -6.657526603999941, 40.33656396400005 ], [ -6.655209487999969, 40.339231725000047 ], [ -6.660651472999973, 40.349821727000062 ], [ -6.665368, 40.352233999000077 ], [ -6.654903714999932, 40.359583524000072 ], [ -6.636804496999957, 40.363199532000067 ], [ -6.624571028999981, 40.361592943000062 ], [ -6.622124060999965, 40.34621565100008 ], [ -6.611967145999927, 40.340252043000078 ], [ -6.608627457999944, 40.332255239000062 ], [ -6.582301011999959, 40.317902042000071 ], [ -6.564797499999941, 40.314662999000063 ], [ -6.556924051999943, 40.305857751000076 ], [ -6.558968594999953, 40.296052943000063 ], [ -6.556229, 40.290824999000051 ] ] ] } },
{ "type": "Feature", "properties": { "code": "37372", "name": "Villaverde de Guareña" }, "geometry": { "type": "Polygon", "coordinates": [ [ [ -5.492414499999938, 41.096564999000066 ], [ -5.482016814999952, 41.091149728000062 ], [ -5.470224409999958, 41.095261245000074 ], [ -5.471538788999965, 41.091092618000062 ], [ -5.479935674999979, 41.085856196000066 ], [ -5.475229, 41.078403499000046 ], [ -5.477573998999958, 41.070825287000048 ], [ -5.488112, 41.056678999000042 ], [ -5.49090149999995, 41.055549499000051 ], [ -5.494629499999974, 41.055366499000058 ], [ -5.496075, 41.05649949900004 ], [ -5.518783320999944, 41.049068127000055 ], [ -5.530013499999939, 41.054046499000037 ], [ -5.52641559999995, 41.056926127000054 ], [ -5.536893, 41.063083499000072 ], [ -5.540249499999959, 41.076392999000063 ], [ -5.525815499999965, 41.081767999000078 ], [ -5.512979213999927, 41.076490786000079 ], [ -5.50498620299993, 41.076602342000058 ], [ -5.492414499999938, 41.096564999000066 ] ] ] } },
{ "type": "Feature", "properties": { "code": "37373", "name": "Villavieja de Yeltes" }, "geometry": { "type": "Polygon", "coordinates": [ [ [ -6.518172499999935, 40.86090499900007 ], [ -6.523019499999975, 40.863719999000068 ], [ -6.480347, 40.90869899900008 ], [ -6.477568, 40.908649499000035 ], [ -6.470638795999946, 40.900611360000028 ], [ -6.441765695999948, 40.89123464100004 ], [ -6.435005025999942, 40.880664354000032 ], [ -6.425647727999944, 40.88353371200003 ], [ -6.424599461999946, 40.87792048600005 ], [ -6.41832580199997, 40.875415056000065 ], [ -6.416226328999926, 40.868937368000047 ], [ -6.429658509999967, 40.864484231000063 ], [ -6.432675, 40.850414499000067 ], [ -6.422364270999935, 40.833516560000078 ], [ -6.42178363499994, 40.825959297000054 ], [ -6.461892347999935, 40.808013972000026 ], [ -6.469898, 40.806899999000052 ], [ -6.47119362899997, 40.837207371000034 ], [ -6.491878395999947, 40.852691869000068 ], [ -6.518172499999935, 40.86090499900007 ] ] ] } },
{ "type": "Feature", "properties": { "code": "37374", "name": "Villoria" }, "geometry": { "type": "Polygon", "coordinates": [ [ [ -5.368278, 40.956165499000065 ], [ -5.37721449999998, 40.960861499000032 ], [ -5.381698, 40.96591199900007 ], [ -5.383341499999972, 40.970660999000074 ], [ -5.389910499999928, 40.971236999000041 ], [ -5.392618499999969, 40.974494999000058 ], [ -5.391504353999949, 40.994624822000048 ], [ -5.374835747999953, 41.015177105000078 ], [ -5.374575341999957, 41.022463253000069 ], [ -5.360409, 41.029704999000046 ], [ -5.356718499999943, 41.026969999000073 ], [ -5.353962499999966, 41.022678499000051 ], [ -5.35143549999998, 41.020530499000074 ], [ -5.344416, 41.020099499000025 ], [ -5.341105499999969, 41.017669499000078 ], [ -5.333376499999929, 41.014285999000037 ], [ -5.329236288999937, 41.001469848000056 ], [ -5.321359, 40.997165499000062 ], [ -5.33127, 40.987929999000073 ], [ -5.331738, 40.98296749900004 ], [ -5.329383, 40.977168999000071 ], [ -5.33255, 40.975364999000078 ], [ -5.328592499999957, 40.971625999000025 ], [ -5.33493, 40.968021499000031 ], [ -5.343462, 40.965316499000039 ], [ -5.345442, 40.962547499000038 ], [ -5.345719, 40.958923499000036 ], [ -5.34879849999993, 40.957328499000027 ], [ -5.368278, 40.956165499000065 ] ] ] } },
{ "type": "Feature", "properties": { "code": "37375", "name": "Villoruela" }, "geometry": { "type": "Polygon", "coordinates": [ [ [ -5.392618499999969, 40.974494999000058 ], [ -5.405685, 40.981490999000073 ], [ -5.403882499999952, 40.983924999000067 ], [ -5.420336040999928, 40.999658031000081 ], [ -5.427758555999958, 41.017233780000026 ], [ -5.424821, 41.023990499000035 ], [ -5.423272, 41.025501499000029 ], [ -5.416473499999938, 41.027870499000073 ], [ -5.406916499999966, 41.029403499000068 ], [ -5.401747499999942, 41.03187949900007 ], [ -5.386065, 41.032005499000036 ], [ -5.378685, 41.030185499000027 ], [ -5.377704499999936, 41.028064999000037 ], [ -5.373176499999943, 41.02751549900006 ], [ -5.362458, 41.030818999000076 ], [ -5.359812, 41.030654999000035 ], [ -5.360409, 41.029704999000046 ], [ -5.374575341999957, 41.022463253000069 ], [ -5.374835747999953, 41.015177105000078 ], [ -5.391504353999949, 40.994624822000048 ], [ -5.392618499999969, 40.974494999000058 ] ] ] } },
{ "type": "Feature", "properties": { "code": "37376", "name": "Vitigudino" }, "geometry": { "type": "Polygon", "coordinates": [ [ [ -6.453610499999968, 41.038863999000057 ], [ -6.422767290999957, 41.062751063000064 ], [ -6.41092249999997, 41.066513499000052 ], [ -6.398013499999934, 41.063987499000064 ], [ -6.394359, 41.064632499000027 ], [ -6.387463827999966, 41.039945468000042 ], [ -6.374963, 41.033710499000051 ], [ -6.393854547999979, 41.005527418000042 ], [ -6.39497460299998, 40.993444944000032 ], [ -6.386653, 40.990286999000034 ], [ -6.389688499999977, 40.987369499000067 ], [ -6.389502, 40.983726499000056 ], [ -6.398445348999928, 40.986199954000028 ], [ -6.410849989999974, 40.983430285000054 ], [ -6.417990937999946, 40.986255774000028 ], [ -6.455845551999971, 40.978589069000066 ], [ -6.465084499999932, 40.981857499000057 ], [ -6.476249, 40.99055499900004 ], [ -6.469408243999965, 41.011470190000068 ], [ -6.459096987999942, 41.024496301000056 ], [ -6.453610499999968, 41.038863999000057 ] ] ] } },
{ "type": "Feature", "properties": { "code": "37377", "name": "Yecla de Yeltes" }, "geometry": { "type": "Polygon", "coordinates": [ [ [ -6.477568, 40.908649499000035 ], [ -6.480347, 40.90869899900008 ], [ -6.493833624999979, 40.915394252000056 ], [ -6.501176563999934, 40.912871086000052 ], [ -6.507268439999962, 40.914149885000029 ], [ -6.516963196999939, 40.920661845000041 ], [ -6.534447499999942, 40.942870999000036 ], [ -6.546111220999933, 40.950766547000057 ], [ -6.542584684999952, 40.966467862000059 ], [ -6.547144, 40.973674999000025 ], [ -6.536088155999948, 40.986087017000045 ], [ -6.520474642999943, 40.99669791000008 ], [ -6.514654740999958, 40.993974086000037 ], [ -6.503669043999935, 40.977946735000046 ], [ -6.485197478999964, 40.989754890000029 ], [ -6.476249, 40.99055499900004 ], [ -6.465084499999932, 40.981857499000057 ], [ -6.452520875999937, 40.962796740000044 ], [ -6.447030303999952, 40.944849002000069 ], [ -6.438368398999955, 40.931029273000036 ], [ -6.438172742999939, 40.926716680000027 ], [ -6.4417, 40.924117999000032 ], [ -6.451263895999944, 40.925745947000053 ], [ -6.463005060999933, 40.914736646000051 ], [ -6.477568, 40.908649499000035 ] ] ] } },
{ "type": "Feature", "properties": { "code": "37378", "name": "Zamarra" }, "geometry": { "type": "Polygon", "coordinates": [ [ [ -6.48488, 40.539043499000059 ], [ -6.478231350999977, 40.537414063000028 ], [ -6.464706254999953, 40.541989930000057 ], [ -6.450022004999937, 40.540907418000074 ], [ -6.443197168999973, 40.548184673000037 ], [ -6.414629, 40.544437499000026 ], [ -6.411255086999972, 40.542120541000031 ], [ -6.41276449999998, 40.537711999000066 ], [ -6.443135923999932, 40.492488682000044 ], [ -6.435344526999927, 40.488254857000072 ], [ -6.406861119999974, 40.48170688700003 ], [ -6.399815537999928, 40.475323959000036 ], [ -6.390396, 40.474540999000055 ], [ -6.383016853999948, 40.46978540200007 ], [ -6.388065, 40.461234999000055 ], [ -6.389731162999965, 40.452381163000041 ], [ -6.404543603999969, 40.447709836000058 ], [ -6.421718655999939, 40.460682839000071 ], [ -6.429426496999952, 40.47260188000007 ], [ -6.447069623999937, 40.463981868000076 ], [ -6.454080499999975, 40.457450999000059 ], [ -6.473270867999929, 40.468944237000073 ], [ -6.470974128999956, 40.475211202000025 ], [ -6.472333770999967, 40.485807048000026 ], [ -6.477105406999954, 40.497961863000057 ], [ -6.483454, 40.501998999000079 ], [ -6.484184703999972, 40.512977152000076 ], [ -6.477881929999967, 40.526576964000071 ], [ -6.48459693999996, 40.532875554000043 ], [ -6.48488, 40.539043499000059 ] ] ] } },
{ "type": "Feature", "properties": { "code": "37379", "name": "Zamayón" }, "geometry": { "type": "Polygon", "coordinates": [ [ [ -5.789829, 41.139903999000069 ], [ -5.795397499999979, 41.138328499000067 ], [ -5.805978453999955, 41.137118365000049 ], [ -5.822332499999959, 41.127727499000059 ], [ -5.829827689999945, 41.13013049400007 ], [ -5.834274499999935, 41.123759999000072 ], [ -5.847230670999977, 41.129720841000051 ], [ -5.858529, 41.146621999000047 ], [ -5.853944880999961, 41.150709196000037 ], [ -5.852764576999959, 41.16173879400003 ], [ -5.84541894299997, 41.177855578000049 ], [ -5.848556499999972, 41.19253549900003 ], [ -5.829226694999932, 41.202444919000072 ], [ -5.810344798999949, 41.193827052000074 ], [ -5.808141801999966, 41.177056530000073 ], [ -5.789829, 41.139903999000069 ] ] ] } },
{ "type": "Feature", "properties": { "code": "37380", "name": "Zarapicos" }, "geometry": { "type": "Polygon", "coordinates": [ [ [ -5.846906499999932, 41.04753499900005 ], [ -5.834027101999936, 41.046118075000038 ], [ -5.826586652999936, 41.053979813000069 ], [ -5.817887499999927, 41.055274999000062 ], [ -5.813717313999973, 41.045984574000045 ], [ -5.82424113899998, 41.043627979000064 ], [ -5.831359094999925, 41.036762546000034 ], [ -5.83950992299998, 41.017357727000046 ], [ -5.847121, 41.011955499000067 ], [ -5.850677, 41.014151999000035 ], [ -5.853341, 41.012797999000043 ], [ -5.855396839999969, 41.043537459000049 ], [ -5.846906499999932, 41.04753499900005 ] ] ] } },
{ "type": "Feature", "properties": { "code": "37381", "name": "Zarza de Pumareda, La" }, "geometry": { "type": "Polygon", "coordinates": [ [ [ -6.617936499999928, 41.181002999000043 ], [ -6.584648499999957, 41.165931499000067 ], [ -6.59253253199995, 41.152733075000071 ], [ -6.594096668999953, 41.141813839000065 ], [ -6.587558609999974, 41.135660845000075 ], [ -6.595485499999938, 41.120666499000038 ], [ -6.600755, 41.120357499000079 ], [ -6.606203499999936, 41.11848849900008 ], [ -6.611629499999935, 41.117999999000062 ], [ -6.614091499999972, 41.116195499000071 ], [ -6.619056499999942, 41.115371499000048 ], [ -6.622761499999967, 41.116652999000053 ], [ -6.626277758999947, 41.129600608000032 ], [ -6.634061937999945, 41.141419485000029 ], [ -6.652701, 41.152950499000042 ], [ -6.654361712999957, 41.15733094400008 ], [ -6.650202580999974, 41.171058753000068 ], [ -6.653044, 41.184494999000037 ], [ -6.643611955999972, 41.183864346000064 ], [ -6.636690343999931, 41.180016962000025 ], [ -6.617936499999928, 41.181002999000043 ] ] ] } },
{ "type": "Feature", "properties": { "code": "37382", "name": "Zorita de la Frontera" }, "geometry": { "type": "Polygon", "coordinates": [ [ [ -5.266034, 41.011550999000065 ], [ -5.235877068999969, 41.023270603000071 ], [ -5.230830499999968, 41.03216149900004 ], [ -5.219699557999945, 41.032945931000029 ], [ -5.204332310999973, 41.027357328000051 ], [ -5.193271286999959, 41.030010929000071 ], [ -5.178001079999945, 41.028776410000035 ], [ -5.163234460999945, 41.038337371000068 ], [ -5.146571, 41.043658999000058 ], [ -5.140819, 41.037265999000056 ], [ -5.146412185999964, 41.031938309000054 ], [ -5.149447927999972, 41.020948773000043 ], [ -5.162233364999963, 41.013085783000065 ], [ -5.164000499999929, 41.007636999000056 ], [ -5.172659025999963, 41.004416891000062 ], [ -5.179268379999939, 40.997464062000063 ], [ -5.187319891999948, 40.995388362000028 ], [ -5.189979825999956, 40.988281813000071 ], [ -5.199148499999978, 40.988040999000077 ], [ -5.20953180999993, 40.990926583000032 ], [ -5.212066471999947, 40.998852793000026 ], [ -5.215955325999971, 41.000687207000055 ], [ -5.233189945999925, 40.993554500000073 ], [ -5.240624431999947, 40.993732511000076 ], [ -5.252084181999976, 41.00086208700003 ], [ -5.263873257999933, 41.003877593000027 ], [ -5.266034, 41.011550999000065 ] ] ] } },
{ "type": "Feature", "properties": { "code": "37039", "name": "Bañobárez" }, "geometry": { "type": "MultiPolygon", "coordinates": [ [ [ [ -6.672601499999928, 40.859111999000049 ], [ -6.666135499999939, 40.859939499000063 ], [ -6.659770499999979, 40.859176499000057 ], [ -6.645225, 40.848743499000079 ], [ -6.642041499999948, 40.848842499000057 ], [ -6.639902499999948, 40.856151499000077 ], [ -6.634231499999942, 40.856120999000041 ], [ -6.632986, 40.859603499000059 ], [ -6.627292, 40.85869199900003 ], [ -6.62621, 40.86603149900003 ], [ -6.621172499999943, 40.865710999000044 ], [ -6.620024499999943, 40.868160499000055 ], [ -6.619516, 40.872951499000067 ], [ -6.615849499999968, 40.873397999000076 ], [ -6.615792499999941, 40.87104049900006 ], [ -6.610322499999938, 40.87037299900004 ], [ -6.604414499999962, 40.866866999000081 ], [ -6.597297499999968, 40.866901499000051 ], [ -6.588707234999958, 40.851960328000075 ], [ -6.588362142999927, 40.842689347000032 ], [ -6.58030279299993, 40.833516560000078 ], [ -6.609007928999972, 40.812682977000065 ], [ -6.612353363999944, 40.801132920000043 ], [ -6.598903298999971, 40.791905924000048 ], [ -6.586983038999961, 40.788398640000025 ], [ -6.569674795999958, 40.790160021000077 ], [ -6.561189499999955, 40.799640499000077 ], [ -6.552446031999978, 40.793224308000049 ], [ -6.557551499999931, 40.783008499000061 ], [ -6.591857181999956, 40.784529563000035 ], [ -6.61399434599997, 40.799513192000063 ], [ -6.633575499999949, 40.785941999000045 ], [ -6.638027593999936, 40.789769264000029 ], [ -6.638636806999955, 40.799590568000042 ], [ -6.644534233999934, 40.812885623000057 ], [ -6.653678757999955, 40.818084788000078 ], [ -6.66638734299994, 40.833516560000078 ], [ -6.670261966999931, 40.840058101000068 ], [ -6.669839119999949, 40.852314308000075 ], [ -6.672601499999928, 40.859111999000049 ] ] ], [ [ [ -6.632801499999971, 40.781093499000065 ], [ -6.613248820999956, 40.778440507000028 ], [ -6.611677503999942, 40.768741525000053 ], [ -6.597930604999931, 40.75762101600003 ], [ -6.590510036999945, 40.745564056000035 ], [ -6.575995732999957, 40.737798799000075 ], [ -6.575749720999966, 40.735421540000061 ], [ -6.588212458999976, 40.730034535000073 ], [ -6.594167435999964, 40.732968944000049 ], [ -6.599419190999981, 40.752286867000066 ], [ -6.61930001199994, 40.771964188000027 ], [ -6.62342164599994, 40.771831559000077 ], [ -6.630798020999976, 40.764383159000033 ], [ -6.641894857999944, 40.765633068000056 ], [ -6.648369423999952, 40.771950168000046 ], [ -6.655914568999947, 40.774665875000039 ], [ -6.659789566999962, 40.780543158000057 ], [ -6.665375, 40.782035999000072 ], [ -6.660007504999953, 40.785297655000079 ], [ -6.650393375999954, 40.780432506000068 ], [ -6.632801499999971, 40.781093499000065 ] ] ] ] } },
{ "type": "Feature", "properties": { "code": "37040", "name": "Barbadillo" }, "geometry": { "type": "MultiPolygon", "coordinates": [ [ [ [ -5.823268499999926, 40.882602999000028 ], [ -5.820353617999956, 40.889236236000045 ], [ -5.804380955999932, 40.900190089000034 ], [ -5.793899410999927, 40.898675587000071 ], [ -5.789168, 40.901942999000028 ], [ -5.787309499999935, 40.90573499900006 ], [ -5.784486499999957, 40.90550599900007 ], [ -5.782952682999962, 40.904122091000033 ], [ -5.774215499999968, 40.906860499000061 ], [ -5.752937409999959, 40.917266725000047 ], [ -5.738907, 40.913135499000077 ], [ -5.747252985999978, 40.899568099000078 ], [ -5.761624499999925, 40.897868999000025 ], [ -5.769950409999979, 40.899915337000039 ], [ -5.774481809999941, 40.898256444000026 ], [ -5.779696915999978, 40.898024796000072 ], [ -5.788330572999939, 40.893076403000066 ], [ -5.790186580999944, 40.88972225100008 ], [ -5.78364731299996, 40.89024085300008 ], [ -5.771765269999946, 40.885927963000029 ], [ -5.766769499999953, 40.885181499000055 ], [ -5.777504182999962, 40.88124631200003 ], [ -5.78017990799998, 40.877230785000052 ], [ -5.768467, 40.869827499000053 ], [ -5.774924053999939, 40.868001724000067 ], [ -5.775004612999965, 40.862387008000042 ], [ -5.792422511999973, 40.863958252000032 ], [ -5.796156, 40.867431499000077 ], [ -5.793495574999952, 40.872694138000043 ], [ -5.794192177999946, 40.881066180000062 ], [ -5.813152429999946, 40.883881474000077 ], [ -5.823268499999926, 40.882602999000028 ] ] ], [ [ [ -5.836011, 40.849994499000047 ], [ -5.853664, 40.869968499000038 ], [ -5.851863408999975, 40.875466445000029 ], [ -5.841894, 40.878589499000043 ], [ -5.841864, 40.876201499000047 ], [ -5.834201, 40.872085499000036 ], [ -5.824865, 40.877990499000077 ], [ -5.82287099499996, 40.85576281200008 ], [ -5.836011, 40.849994499000047 ] ] ], [ [ [ -5.847431499999971, 40.909992499000055 ], [ -5.862399097999969, 40.907500085000038 ], [ -5.878353544999925, 40.91305742000003 ], [ -5.888076922999971, 40.910236668000039 ], [ -5.895569019999925, 40.916917074000025 ], [ -5.904003442999965, 40.917572927000037 ], [ -5.908342811999944, 40.924110184000028 ], [ -5.914294, 40.925639999000055 ], [ -5.913168, 40.929458499000077 ], [ -5.911903499999937, 40.930976999000052 ], [ -5.914591, 40.932681999000067 ], [ -5.914602, 40.935069999000063 ], [ -5.917423, 40.938728499000035 ], [ -5.901795583999956, 40.945191450000038 ], [ -5.890638499999966, 40.943328999000073 ], [ -5.881535644999929, 40.943816406000053 ], [ -5.874067010999966, 40.935799360000033 ], [ -5.859786548999978, 40.929808546000061 ], [ -5.843679803999976, 40.929260469000042 ], [ -5.843379829999947, 40.915591198000072 ], [ -5.847431499999971, 40.909992499000055 ] ] ] ] } },
{ "type": "Feature", "properties": { "code": "37041", "name": "Barbalos" }, "geometry": { "type": "Polygon", "coordinates": [ [ [ -5.956644499999925, 40.643989499000043 ], [ -5.969366095999931, 40.660513964000074 ], [ -5.993591383999956, 40.66046268100007 ], [ -5.996255006999945, 40.669168150000075 ], [ -5.990763591999951, 40.67936575300007 ], [ -5.992099, 40.684306999000057 ], [ -5.971267214999955, 40.682378297000071 ], [ -5.962361774999977, 40.69113410600005 ], [ -5.955966, 40.706015999000044 ], [ -5.948879131999945, 40.708182148000049 ], [ -5.943034154999964, 40.704531040000063 ], [ -5.938053603999947, 40.686940858000071 ], [ -5.922272359999965, 40.677309020000052 ], [ -5.927049861999933, 40.667169064000063 ], [ -5.918391585999927, 40.652552102000072 ], [ -5.88642649999997, 40.645053999000027 ], [ -5.889534286999947, 40.634807610000053 ], [ -5.894314736999945, 40.629364660000078 ], [ -5.892445846999976, 40.619686288000025 ], [ -5.89514700899997, 40.616579224000077 ], [ -5.913897980999934, 40.623777934000032 ], [ -5.923613, 40.620052499000053 ], [ -5.935177490999934, 40.629458666000062 ], [ -5.939711595999938, 40.637102217000063 ], [ -5.949013567999941, 40.639504575000046 ], [ -5.951106054999968, 40.644133698000076 ], [ -5.956644499999925, 40.643989499000043 ] ] ] } },
{ "type": "Feature", "properties": { "code": "37042", "name": "Barceo" }, "geometry": { "type": "Polygon", "coordinates": [ [ [ -6.48835349999996, 41.070792999000048 ], [ -6.467830727999967, 41.087657471000057 ], [ -6.44863, 41.093543999000076 ], [ -6.437648895999928, 41.08078153200006 ], [ -6.41092249999997, 41.066513499000052 ], [ -6.422767290999957, 41.062751063000064 ], [ -6.453610499999968, 41.038863999000057 ], [ -6.471690394999939, 41.045591388000048 ], [ -6.480219, 41.053550999000038 ], [ -6.48835349999996, 41.070792999000048 ] ] ] } },
{ "type": "Feature", "properties": { "code": "37044", "name": "Barruecopardo" }, "geometry": { "type": "Polygon", "coordinates": [ [ [ -6.68336, 41.026122999000052 ], [ -6.679899, 41.036140499000055 ], [ -6.679652, 41.041713499000025 ], [ -6.684951499999954, 41.047359499000038 ], [ -6.686289, 41.052161999000077 ], [ -6.692673499999955, 41.056956999000079 ], [ -6.700034, 41.065185499000052 ], [ -6.697126499999968, 41.069980499000053 ], [ -6.700115499999981, 41.072574499000041 ], [ -6.700211499999966, 41.077048999000056 ], [ -6.701293499999963, 41.080623499000069 ], [ -6.687279190999959, 41.088872938000065 ], [ -6.68220566399998, 41.096696595000026 ], [ -6.672252499999956, 41.104305499000077 ], [ -6.651014, 41.107112999000037 ], [ -6.635114499999929, 41.090846999000064 ], [ -6.623206499999981, 41.081477999000072 ], [ -6.622339499999953, 41.076732499000059 ], [ -6.623548, 41.072299999000052 ], [ -6.634143499999936, 41.062663999000051 ], [ -6.640387, 41.051379999000062 ], [ -6.639848, 41.047877999000036 ], [ -6.63308, 41.045291999000028 ], [ -6.633472, 41.042918999000051 ], [ -6.644678499999941, 41.040996499000073 ], [ -6.649171, 41.03879149900007 ], [ -6.662415, 41.029475999000056 ], [ -6.668482, 41.021815999000069 ], [ -6.68336, 41.026122999000052 ] ] ] } },
{ "type": "Feature", "properties": { "code": "37045", "name": "Bastida, La" }, "geometry": { "type": "Polygon", "coordinates": [ [ [ -6.000815499999931, 40.553062499000077 ], [ -6.002947, 40.551582499000062 ], [ -6.025373675999958, 40.561400782000078 ], [ -6.04396659899993, 40.577153457000065 ], [ -6.088986922999936, 40.589156436000053 ], [ -6.097061, 40.588764499000035 ], [ -6.09912, 40.592682499000034 ], [ -6.10180349999996, 40.594760999000073 ], [ -6.082428369999946, 40.596804956000028 ], [ -6.08086257399998, 40.602801276000037 ], [ -6.066978, 40.614017499000056 ], [ -6.058568461999926, 40.605107605000057 ], [ -6.023029358999963, 40.585865604000048 ], [ -6.009578499999975, 40.586494499000025 ], [ -6.007956838999974, 40.559400200000027 ], [ -6.000815499999931, 40.553062499000077 ] ] ] } },
{ "type": "Feature", "properties": { "code": "37046", "name": "Béjar" }, "geometry": { "type": "Polygon", "coordinates": [ [ [ -5.804501, 40.408920499000033 ], [ -5.794388499999968, 40.413425499000027 ], [ -5.78378349999997, 40.415698999000028 ], [ -5.779216, 40.419547999000031 ], [ -5.768962, 40.425258499000051 ], [ -5.73474, 40.424560499000052 ], [ -5.741376076999927, 40.406810817000064 ], [ -5.736649, 40.401275499000064 ], [ -5.723683729999948, 40.392755707000049 ], [ -5.71471803399993, 40.381029985000055 ], [ -5.699317852999968, 40.371349957000064 ], [ -5.690114499999936, 40.33777599900003 ], [ -5.701489330999948, 40.367950630000053 ], [ -5.707946082999968, 40.363594454000065 ], [ -5.715123300999949, 40.365975898000045 ], [ -5.720630393999954, 40.374115811000024 ], [ -5.737652175999926, 40.382901885000081 ], [ -5.747792734999962, 40.376682336000044 ], [ -5.76620315699995, 40.358489746000032 ], [ -5.797554499999933, 40.353286499000035 ], [ -5.79420582299997, 40.359854936000033 ], [ -5.803127878999931, 40.379525603000047 ], [ -5.813796946999958, 40.382504011000037 ], [ -5.827489579999963, 40.379679142000043 ], [ -5.839012, 40.383631999000045 ], [ -5.83393, 40.389404499000079 ], [ -5.804501, 40.408920499000033 ] ] ] } },
{ "type": "Feature", "properties": { "code": "37047", "name": "Beleña" }, "geometry": { "type": "Polygon", "coordinates": [ [ [ -5.603756, 40.747668999000041 ], [ -5.605181175999974, 40.737267164000059 ], [ -5.628238499999952, 40.727901499000041 ], [ -5.642316053999934, 40.727373230000069 ], [ -5.647832217999962, 40.719004793000067 ], [ -5.656302846999949, 40.716864034000025 ], [ -5.665252, 40.710117499000035 ], [ -5.67278850799994, 40.71973317700008 ], [ -5.681928122999977, 40.719094674000075 ], [ -5.698247499999979, 40.727275999000028 ], [ -5.693935777999968, 40.736569838000037 ], [ -5.679383235999978, 40.734591279000028 ], [ -5.66019261699995, 40.737296145000073 ], [ -5.665874825999936, 40.749477916000046 ], [ -5.655161704999955, 40.761317930000075 ], [ -5.657884499999966, 40.774535999000079 ], [ -5.61892864999993, 40.762335423000025 ], [ -5.613669449999975, 40.762816265000026 ], [ -5.611315074999936, 40.756404639000039 ], [ -5.60525099399996, 40.753804582000043 ], [ -5.603756, 40.747668999000041 ] ] ] } },
{ "type": "Feature", "properties": { "code": "37049", "name": "Bermellar" }, "geometry": { "type": "Polygon", "coordinates": [ [ [ -6.668482, 41.021815999000069 ], [ -6.66468380799995, 41.017749231000039 ], [ -6.647298587999956, 41.010854152000036 ], [ -6.637424391999957, 41.001127849000056 ], [ -6.630874724999956, 40.999957084000073 ], [ -6.625094829999966, 40.994581078000067 ], [ -6.614042, 40.993693999000072 ], [ -6.629695, 40.973121499000058 ], [ -6.632841499999927, 40.97265999900003 ], [ -6.63772, 40.969535999000072 ], [ -6.641552499999932, 40.974383999000054 ], [ -6.660248499999966, 40.973846499000047 ], [ -6.665848499999981, 40.974994499000047 ], [ -6.676237499999957, 40.978256499000054 ], [ -6.679991, 40.978637499000058 ], [ -6.692267, 40.983768499000064 ], [ -6.694951499999945, 40.986949999000046 ], [ -6.702078499999971, 40.991081499000074 ], [ -6.705133499999931, 40.991359499000055 ], [ -6.705921168999964, 41.002368846000024 ], [ -6.697517053999945, 41.020891934000076 ], [ -6.690835499999935, 41.028991499000028 ], [ -6.668482, 41.021815999000069 ] ] ] } },
{ "type": "Feature", "properties": { "code": "37050", "name": "Berrocal de Huebra" }, "geometry": { "type": "Polygon", "coordinates": [ [ [ -5.960148499999946, 40.735236999000051 ], [ -5.978914019999934, 40.724117303000071 ], [ -5.969588765999958, 40.713143367000043 ], [ -5.955966, 40.706015999000044 ], [ -5.962361774999977, 40.69113410600005 ], [ -5.971267214999955, 40.682378297000071 ], [ -6.004340935999949, 40.685392830000069 ], [ -6.017740499999945, 40.676532499000075 ], [ -6.031642576999957, 40.69070725000006 ], [ -6.062402499999962, 40.696712499000057 ], [ -6.06129169899998, 40.705369572000052 ], [ -6.04859208299996, 40.711626274000025 ], [ -6.041068, 40.722270999000045 ], [ -6.01824501699997, 40.737263656000039 ], [ -5.998698, 40.736987999000064 ], [ -5.994431389999932, 40.734821749000048 ], [ -5.960148499999946, 40.735236999000051 ] ] ] } },
{ "type": "Feature", "properties": { "code": "37051", "name": "Berrocal de Salvatierra" }, "geometry": { "type": "Polygon", "coordinates": [ [ [ -5.659979, 40.65436549900005 ], [ -5.671466450999958, 40.654739876000065 ], [ -5.675382728999978, 40.649539934000074 ], [ -5.673701648999952, 40.635198752000065 ], [ -5.666979499999968, 40.630245499000068 ], [ -5.671218022999938, 40.625555020000036 ], [ -5.676614, 40.609229999000036 ], [ -5.690723394999964, 40.60644013700005 ], [ -5.714469509999958, 40.615955966000058 ], [ -5.730703034999976, 40.618921182000065 ], [ -5.736419274999946, 40.624330187000055 ], [ -5.736348499999963, 40.637061999000025 ], [ -5.735469887999955, 40.641618540000024 ], [ -5.725543549999941, 40.649273982000068 ], [ -5.735265, 40.661471999000071 ], [ -5.70701265699995, 40.666290077000042 ], [ -5.700222511999925, 40.673241740000037 ], [ -5.695258819999935, 40.667296758000077 ], [ -5.685680079999941, 40.664781343000072 ], [ -5.680655103999925, 40.658900162000066 ], [ -5.670495367999933, 40.662494406000064 ], [ -5.658772, 40.658492999000032 ], [ -5.659979, 40.65436549900005 ] ] ] } },
{ "type": "Feature", "properties": { "code": "37052", "name": "Boada" }, "geometry": { "type": "Polygon", "coordinates": [ [ [ -6.360174499999971, 40.853549999000052 ], [ -6.345058196999958, 40.859248970000067 ], [ -6.33071965399995, 40.855736587000081 ], [ -6.320885854999972, 40.848525963000043 ], [ -6.317644043999962, 40.827897517000054 ], [ -6.311773134999953, 40.823323823000067 ], [ -6.300066405999928, 40.825752966000039 ], [ -6.29776021999993, 40.820337500000051 ], [ -6.277598499999954, 40.819911999000055 ], [ -6.288673, 40.79955699900006 ], [ -6.299629480999954, 40.792684378000047 ], [ -6.31451, 40.792396499000063 ], [ -6.332237883999937, 40.79791437800003 ], [ -6.330199980999964, 40.809795792000045 ], [ -6.334383903999935, 40.816331077000029 ], [ -6.330506047999961, 40.818920696000077 ], [ -6.332657822999977, 40.822492279000073 ], [ -6.350034320999953, 40.821240318000036 ], [ -6.387234, 40.825694999000063 ], [ -6.384671, 40.831714499000043 ], [ -6.378430752999975, 40.840703241000028 ], [ -6.360174499999971, 40.853549999000052 ] ] ] } },
{ "type": "Feature", "properties": { "code": "37054", "name": "Bodón, El" }, "geometry": { "type": "Polygon", "coordinates": [ [ [ -6.62755, 40.507033999000043 ], [ -6.62618, 40.509860999000068 ], [ -6.62595349999998, 40.517253999000047 ], [ -6.614462553999942, 40.532641507000051 ], [ -6.607075375999955, 40.538029327000061 ], [ -6.613932281999951, 40.548555855000075 ], [ -6.609737994999932, 40.55384293700007 ], [ -6.610166314999958, 40.562400485000069 ], [ -6.596919775999936, 40.560309790000076 ], [ -6.585863499999959, 40.549071999000034 ], [ -6.591902101999949, 40.542992498000046 ], [ -6.592261118999943, 40.536714054000072 ], [ -6.562524243999974, 40.531225694000057 ], [ -6.538243772999976, 40.521784183000079 ], [ -6.538691378999943, 40.515030710000076 ], [ -6.547115624999947, 40.512474098000041 ], [ -6.555247736999945, 40.503525496000066 ], [ -6.555998417999945, 40.495713116000047 ], [ -6.53873649999997, 40.470710999000062 ], [ -6.555089, 40.460754499000075 ], [ -6.576512824999952, 40.444841623000059 ], [ -6.584971, 40.442214999000043 ], [ -6.588703, 40.440143499000044 ], [ -6.597450976999937, 40.45368628500006 ], [ -6.616177181999944, 40.462705174000064 ], [ -6.60725876999993, 40.476036921000059 ], [ -6.616852559999927, 40.483302249000076 ], [ -6.626196, 40.484100499000078 ], [ -6.634642931999963, 40.490355721000071 ], [ -6.636853217999942, 40.498279588000059 ], [ -6.62755, 40.507033999000043 ] ] ] } },
{ "type": "Feature", "properties": { "code": "37055", "name": "Bogajo" }, "geometry": { "type": "Polygon", "coordinates": [ [ [ -6.523019499999975, 40.863719999000068 ], [ -6.568609923999929, 40.895740749000026 ], [ -6.574720499999955, 40.897453499000051 ], [ -6.570802499999957, 40.905383999000037 ], [ -6.564384, 40.912758499000063 ], [ -6.555659, 40.920062999000038 ], [ -6.54988, 40.927211999000065 ], [ -6.536064499999952, 40.94023499900004 ], [ -6.534447499999942, 40.942870999000036 ], [ -6.516963196999939, 40.920661845000041 ], [ -6.507268439999962, 40.914149885000029 ], [ -6.501176563999934, 40.912871086000052 ], [ -6.493833624999979, 40.915394252000056 ], [ -6.480347, 40.90869899900008 ], [ -6.523019499999975, 40.863719999000068 ] ] ] } },
{ "type": "Feature", "properties": { "code": "37056", "name": "Bouza, La" }, "geometry": { "type": "Polygon", "coordinates": [ [ [ -6.819902, 40.794551999000078 ], [ -6.817311366999945, 40.805315559000064 ], [ -6.822660247999977, 40.819591038000056 ], [ -6.824015846999941, 40.84411390300005 ], [ -6.81315426499998, 40.842726774000027 ], [ -6.802198499999975, 40.845142499000076 ], [ -6.801581577999968, 40.842177718000073 ], [ -6.784457121999935, 40.839817849000042 ], [ -6.783737611999925, 40.833516560000078 ], [ -6.77837061699995, 40.83128634500008 ], [ -6.777754775999938, 40.82742607800003 ], [ -6.792735426999968, 40.815571887000033 ], [ -6.80117241399995, 40.799645903000055 ], [ -6.80112, 40.789790499000048 ], [ -6.819902, 40.794551999000078 ] ] ] } },
{ "type": "Feature", "properties": { "code": "37057", "name": "Bóveda del Río Almar" }, "geometry": { "type": "Polygon", "coordinates": [ [ [ -5.174776, 40.868354499000077 ], [ -5.183505246999971, 40.856980631000056 ], [ -5.197035414999959, 40.854551602000072 ], [ -5.209353301999954, 40.846661476000065 ], [ -5.233062894999932, 40.842827686000078 ], [ -5.241801499999951, 40.837661499000035 ], [ -5.245298762999937, 40.837981438000043 ], [ -5.253385184999956, 40.846787949000031 ], [ -5.252173416999938, 40.854807697000069 ], [ -5.256058, 40.860019999000031 ], [ -5.244906034999929, 40.871995052000045 ], [ -5.240113, 40.890704999000036 ], [ -5.236246266999956, 40.888214817000062 ], [ -5.221514900999978, 40.885281018000057 ], [ -5.207807097999932, 40.879709890000072 ], [ -5.201929121999967, 40.880767811000055 ], [ -5.195874489999937, 40.874961620000079 ], [ -5.188785218999953, 40.875160584000071 ], [ -5.183267, 40.877616999000054 ], [ -5.176036193999948, 40.872520794000025 ], [ -5.174776, 40.868354499000077 ] ] ] } },
{ "type": "Feature", "properties": { "code": "37058", "name": "Brincones" }, "geometry": { "type": "Polygon", "coordinates": [ [ [ -6.359101499999952, 41.139598999000043 ], [ -6.351676, 41.133212999000079 ], [ -6.342187499999966, 41.13070699900004 ], [ -6.333524, 41.12498449900005 ], [ -6.327676499999939, 41.123832999000058 ], [ -6.323089762999928, 41.11394290000004 ], [ -6.323215, 41.101039999000079 ], [ -6.355449660999966, 41.087090533000037 ], [ -6.366042, 41.087573999000028 ], [ -6.36422061899998, 41.128542207000066 ], [ -6.368061, 41.137065999000072 ], [ -6.359101499999952, 41.139598999000043 ] ] ] } },
{ "type": "Feature", "properties": { "code": "37059", "name": "Buenamadre" }, "geometry": { "type": "MultiPolygon", "coordinates": [ [ [ [ -6.135131, 40.840552999000067 ], [ -6.142399520999959, 40.844118600000058 ], [ -6.136906787999976, 40.847043781000025 ], [ -6.133520364999981, 40.846558408000078 ], [ -6.132419, 40.844390999000041 ], [ -6.133624752999935, 40.841670992000047 ], [ -6.135131, 40.840552999000067 ] ] ], [ [ [ -6.192525499999931, 40.88117599900005 ], [ -6.183764734999954, 40.880543515000056 ], [ -6.180054478999978, 40.888416860000063 ], [ -6.173636647999956, 40.892090758000052 ], [ -6.165533514999936, 40.890985068000077 ], [ -6.151049038999929, 40.883245219000059 ], [ -6.160398649999934, 40.862514331000057 ], [ -6.14322180299996, 40.852074197000036 ], [ -6.149865055999953, 40.848256493000065 ], [ -6.159684778999974, 40.847477307000077 ], [ -6.173908499999925, 40.839240999000026 ], [ -6.17970609899993, 40.843388344000061 ], [ -6.190428499999939, 40.843448999000032 ], [ -6.199020493999967, 40.853244326000038 ], [ -6.199725073999957, 40.85853135900004 ], [ -6.204942260999928, 40.86056426500005 ], [ -6.210717232999968, 40.861171180000042 ], [ -6.216928211999971, 40.856686847000049 ], [ -6.230855997999981, 40.854949335000072 ], [ -6.218683340999974, 40.836822278000056 ], [ -6.206277711999974, 40.833516560000078 ], [ -6.204588151999928, 40.831032601000061 ], [ -6.205041499999936, 40.827968499000065 ], [ -6.210619743999928, 40.824031249000029 ], [ -6.230284708999932, 40.823232808000057 ], [ -6.251164616999972, 40.818040162000045 ], [ -6.266638604999969, 40.818610124000031 ], [ -6.270062499999938, 40.821441499000059 ], [ -6.27096312599997, 40.833516560000078 ], [ -6.278542630999937, 40.85441045400006 ], [ -6.291605163999975, 40.861015123000072 ], [ -6.291640428999926, 40.887765276000039 ], [ -6.268697785999962, 40.882415789000049 ], [ -6.254674584999975, 40.884965151000074 ], [ -6.242081499999927, 40.891650999000035 ], [ -6.226693467999951, 40.880807743000048 ], [ -6.213415547999944, 40.879514774000029 ], [ -6.202339286999973, 40.87239254800005 ], [ -6.192525499999931, 40.88117599900005 ] ] ] ] } },
{ "type": "Feature", "properties": { "code": "37060", "name": "Buenavista" }, "geometry": { "type": "Polygon", "coordinates": [ [ [ -5.657884499999966, 40.774535999000079 ], [ -5.659219026999949, 40.785549474000049 ], [ -5.673325893999959, 40.795524501000045 ], [ -5.673883915999966, 40.801692200000048 ], [ -5.665782499999978, 40.816745999000034 ], [ -5.648195408999925, 40.82321625000003 ], [ -5.630355, 40.812793499000065 ], [ -5.632127365999963, 40.808527948000062 ], [ -5.62310728999995, 40.800011405000078 ], [ -5.620058745999927, 40.79277064300004 ], [ -5.620987472999957, 40.786663033000025 ], [ -5.611366345999954, 40.780935596000063 ], [ -5.595554581999977, 40.777909339000075 ], [ -5.589548499999978, 40.771011499000053 ], [ -5.583257000999936, 40.768226230000039 ], [ -5.582943499999942, 40.76441999900004 ], [ -5.587044374999948, 40.758340381000039 ], [ -5.596390817999975, 40.755548505000036 ], [ -5.603756, 40.747668999000041 ], [ -5.60525099399996, 40.753804582000043 ], [ -5.611315074999936, 40.756404639000039 ], [ -5.613669449999975, 40.762816265000026 ], [ -5.61892864999993, 40.762335423000025 ], [ -5.657884499999966, 40.774535999000079 ] ] ] } },
{ "type": "Feature", "properties": { "code": "37061", "name": "Cabaco, El" }, "geometry": { "type": "Polygon", "coordinates": [ [ [ -6.116035499999953, 40.591594499000053 ], [ -6.12126479899996, 40.588104476000069 ], [ -6.112999339999931, 40.580692861000045 ], [ -6.112371221999979, 40.571022119000077 ], [ -6.10558, 40.554317499000035 ], [ -6.132063672999948, 40.544796872000063 ], [ -6.137730499999975, 40.538821999000049 ], [ -6.139084, 40.534679499000049 ], [ -6.145088499999929, 40.530811499000038 ], [ -6.155284, 40.520168499000079 ], [ -6.146286499999974, 40.502921499000024 ], [ -6.17626249999995, 40.509315499000024 ], [ -6.17039542699996, 40.516158198000028 ], [ -6.179713, 40.524864499000046 ], [ -6.172959798999955, 40.529614734000063 ], [ -6.17601534399995, 40.538276233000033 ], [ -6.168270438999969, 40.558983114000057 ], [ -6.173307462999958, 40.576431632000038 ], [ -6.168125, 40.589256499000044 ], [ -6.152720640999974, 40.589376454000046 ], [ -6.161045934999947, 40.604244686000072 ], [ -6.158186, 40.621543999000039 ], [ -6.145739, 40.619075499000076 ], [ -6.138355, 40.619861499000081 ], [ -6.12818649999997, 40.626395999000067 ], [ -6.124491499999976, 40.634631499000079 ], [ -6.114001499999972, 40.632255499000053 ], [ -6.110124706999954, 40.625015465000047 ], [ -6.111104740999963, 40.620032713000057 ], [ -6.125133019999964, 40.609212 ], [ -6.116035499999953, 40.591594499000053 ] ] ] } },
{ "type": "Feature", "properties": { "code": "37062", "name": "Cabezabellosa de la Calzada" }, "geometry": { "type": "Polygon", "coordinates": [ [ [ -5.451211, 41.030025499000033 ], [ -5.461247090999962, 41.03316562200007 ], [ -5.474254303999942, 41.028526856000042 ], [ -5.498455499999977, 41.025642499000071 ], [ -5.501785015999928, 41.048820615000068 ], [ -5.499402499999974, 41.055434999000056 ], [ -5.496075, 41.05649949900004 ], [ -5.494629499999974, 41.055366499000058 ], [ -5.49090149999995, 41.055549499000051 ], [ -5.488112, 41.056678999000042 ], [ -5.465901531999975, 41.044018343000062 ], [ -5.451211, 41.030025499000033 ] ] ] } },
{ "type": "Feature", "properties": { "code": "37063", "name": "Cabeza de Béjar, La" }, "geometry": { "type": "Polygon", "coordinates": [ [ [ -5.626355499999931, 40.499412999000072 ], [ -5.633990356999959, 40.495581320000042 ], [ -5.641357, 40.479991999000049 ], [ -5.655052161999947, 40.479357617000062 ], [ -5.670004247999941, 40.483463393000079 ], [ -5.684913499999936, 40.492236999000056 ], [ -5.68358219299995, 40.499882183000068 ], [ -5.673047382999926, 40.50800590800003 ], [ -5.666842499999973, 40.522109999000065 ], [ -5.634059516999969, 40.507621402000041 ], [ -5.626355499999931, 40.499412999000072 ] ] ] } },
{ "type": "Feature", "properties": { "code": "37065", "name": "Cabeza del Caballo" }, "geometry": { "type": "Polygon", "coordinates": [ [ [ -6.554141499999957, 41.080596999000079 ], [ -6.561557499999935, 41.079307499000038 ], [ -6.566386, 41.080787499000053 ], [ -6.573457839999946, 41.106636761000061 ], [ -6.595485499999938, 41.120666499000038 ], [ -6.587558609999974, 41.135660845000075 ], [ -6.594096668999953, 41.141813839000065 ], [ -6.59253253199995, 41.152733075000071 ], [ -6.579053012999964, 41.175775024000075 ], [ -6.563458, 41.190284999000028 ], [ -6.528631557999972, 41.167368941000063 ], [ -6.538268666999954, 41.155890920000047 ], [ -6.542391836999968, 41.14438205700003 ], [ -6.522513499999945, 41.128139499000042 ], [ -6.535642309999957, 41.116773071000068 ], [ -6.530896753999968, 41.106295018000026 ], [ -6.534476, 41.094974499000045 ], [ -6.53983853799997, 41.09480114400003 ], [ -6.554141499999957, 41.080596999000079 ] ] ] } },
{ "type": "Feature", "properties": { "code": "37067", "name": "Cabrerizos" }, "geometry": { "type": "Polygon", "coordinates": [ [ [ -5.554538, 40.976283499000033 ], [ -5.563719499999934, 40.97370199900007 ], [ -5.590100861999929, 40.977959432000034 ], [ -5.614480687999958, 40.971351435000031 ], [ -5.620742499999949, 40.966978499000049 ], [ -5.629359, 40.953057999000066 ], [ -5.635395785999947, 40.963504479000051 ], [ -5.623774581999953, 40.96940019300007 ], [ -5.624171451999928, 40.97730312300007 ], [ -5.626006313999937, 40.981273558000055 ], [ -5.633398, 40.98492999900003 ], [ -5.609034, 40.997922999000025 ], [ -5.583540448999941, 40.985515214000031 ], [ -5.564001, 40.98986349900008 ], [ -5.557144510999933, 40.980545494000069 ], [ -5.559001004999971, 40.978167190000079 ], [ -5.554538, 40.976283499000033 ] ] ] } },
{ "type": "Feature", "properties": { "code": "37068", "name": "Cabrillas" }, "geometry": { "type": "Polygon", "coordinates": [ [ [ -6.22860449999996, 40.724837999000044 ], [ -6.226226499999939, 40.728057999000043 ], [ -6.225939499999981, 40.73389449900003 ], [ -6.199677268999949, 40.760919023000042 ], [ -6.190186, 40.764693999000031 ], [ -6.182832360999953, 40.766853430000026 ], [ -6.162300750999975, 40.763864144000024 ], [ -6.155174562999946, 40.758122455000034 ], [ -6.144733912999925, 40.755274700000029 ], [ -6.143304, 40.74716199900007 ], [ -6.147565413999928, 40.743436680000059 ], [ -6.14946146099993, 40.727243252000051 ], [ -6.163414499999931, 40.715217499000062 ], [ -6.176025817999971, 40.725153498000054 ], [ -6.195828288999962, 40.729203881000046 ], [ -6.207386156999974, 40.722611323000081 ], [ -6.22860449999996, 40.724837999000044 ] ] ] } },
{ "type": "Feature", "properties": { "code": "37069", "name": "Calvarrasa de Abajo" }, "geometry": { "type": "Polygon", "coordinates": [ [ [ -5.510998499999971, 40.946288999000046 ], [ -5.512716145999946, 40.942282873000067 ], [ -5.519406624999931, 40.94171386000005 ], [ -5.521210641999971, 40.93773212800005 ], [ -5.529589397999928, 40.933904126000073 ], [ -5.530274568999971, 40.930417195000075 ], [ -5.543248828999936, 40.926923595000062 ], [ -5.539776634999953, 40.922541294000041 ], [ -5.541953362999948, 40.918631642000037 ], [ -5.552837, 40.915748499000074 ], [ -5.560049, 40.918338999000071 ], [ -5.55796391299998, 40.925090498000031 ], [ -5.559883615999979, 40.934944672000029 ], [ -5.569805082999949, 40.945974893000027 ], [ -5.566014913999936, 40.948744361000081 ], [ -5.568977578999977, 40.959438516000034 ], [ -5.563719499999934, 40.97370199900007 ], [ -5.545166, 40.97882099900005 ], [ -5.54162249999996, 40.977836499000034 ], [ -5.535273, 40.973102499000049 ], [ -5.531126499999971, 40.972194499000068 ], [ -5.51041, 40.974944999000058 ], [ -5.497494, 40.973090499000079 ], [ -5.492192, 40.973060499000042 ], [ -5.484201, 40.970088999000041 ], [ -5.487210499999946, 40.96730399900008 ], [ -5.482496499999968, 40.96297449900004 ], [ -5.504074659999958, 40.953637461000028 ], [ -5.510998499999971, 40.946288999000046 ] ] ] } },
{ "type": "Feature", "properties": { "code": "37070", "name": "Calvarrasa de Arriba" }, "geometry": { "type": "Polygon", "coordinates": [ [ [ -5.525342499999965, 40.899673499000073 ], [ -5.526661881999928, 40.893840081000064 ], [ -5.540423681999926, 40.885976591000031 ], [ -5.548431499999936, 40.87335949900006 ], [ -5.559645577999959, 40.876160263000031 ], [ -5.577170407999972, 40.885913886000026 ], [ -5.581581506999953, 40.884063261000051 ], [ -5.592932450999967, 40.886395739000079 ], [ -5.597030680999978, 40.881997561000048 ], [ -5.612874, 40.88417799900003 ], [ -5.615576354999973, 40.888468163000027 ], [ -5.614461, 40.895274999000037 ], [ -5.609936755999968, 40.897268844000052 ], [ -5.605277678999926, 40.905959365000058 ], [ -5.603425499999958, 40.919336499000053 ], [ -5.595168832999946, 40.917569512000057 ], [ -5.59071645299997, 40.926230027000031 ], [ -5.583201543999962, 40.920800996000025 ], [ -5.560049, 40.918338999000071 ], [ -5.552837, 40.915748499000074 ], [ -5.55138244699998, 40.911409110000079 ], [ -5.52691318199993, 40.904121290000035 ], [ -5.525342499999965, 40.899673499000073 ] ] ] } },
{ "type": "Feature", "properties": { "code": "37071", "name": "Calzada de Béjar, La" }, "geometry": { "type": "Polygon", "coordinates": [ [ [ -5.803864499999975, 40.438976499000034 ], [ -5.807971805999955, 40.425981472000046 ], [ -5.804501, 40.408920499000033 ], [ -5.83393, 40.389404499000079 ], [ -5.842465499999946, 40.400462999000069 ], [ -5.836186, 40.406642999000042 ], [ -5.829646, 40.417880999000033 ], [ -5.828374, 40.421561999000062 ], [ -5.828767, 40.429847499000061 ], [ -5.827027, 40.435268499000074 ], [ -5.82240749999994, 40.435588999000061 ], [ -5.810625, 40.43882749900007 ], [ -5.803864499999975, 40.438976499000034 ] ] ] } },
{ "type": "Feature", "properties": { "code": "37072", "name": "Calzada de Don Diego" }, "geometry": { "type": "Polygon", "coordinates": [ [ [ -5.841894, 40.878589499000043 ], [ -5.851863408999975, 40.875466445000029 ], [ -5.853664, 40.869968499000038 ], [ -5.857755353999949, 40.869397787000025 ], [ -5.861632397999927, 40.862177703000043 ], [ -5.857876402999977, 40.85394311400006 ], [ -5.862224499999968, 40.851630999000065 ], [ -5.871117001999949, 40.86142088400004 ], [ -5.89254372399995, 40.85806991000004 ], [ -5.906934464999949, 40.842447331000074 ], [ -5.915329046999943, 40.862899102000029 ], [ -5.930498472999943, 40.860799716000031 ], [ -5.934086, 40.857105499000056 ], [ -5.935995, 40.862701499000025 ], [ -5.932338492999975, 40.868827454000041 ], [ -5.943732938999972, 40.891837975000044 ], [ -5.932583235999971, 40.895230198000036 ], [ -5.928575631999934, 40.907038615000033 ], [ -5.911794455999939, 40.914458440000033 ], [ -5.912541, 40.925178999000025 ], [ -5.908342811999944, 40.924110184000028 ], [ -5.904003442999965, 40.917572927000037 ], [ -5.895569019999925, 40.916917074000025 ], [ -5.888076922999971, 40.910236668000039 ], [ -5.878353544999925, 40.91305742000003 ], [ -5.862399097999969, 40.907500085000038 ], [ -5.847431499999971, 40.909992499000055 ], [ -5.84649, 40.903846499000053 ], [ -5.849622970999974, 40.89689042200007 ], [ -5.841096493999942, 40.885893250000038 ], [ -5.841894, 40.878589499000043 ] ] ] } },
{ "type": "Feature", "properties": { "code": "37073", "name": "Calzada de Valdunciel" }, "geometry": { "type": "Polygon", "coordinates": [ [ [ -5.68466, 41.070762499000068 ], [ -5.687695306999956, 41.067044167000063 ], [ -5.698160256999927, 41.064710199000046 ], [ -5.70764444699995, 41.068637476000049 ], [ -5.719082499999956, 41.065097499000046 ], [ -5.72741620499994, 41.063562362000027 ], [ -5.737124, 41.067989499000078 ], [ -5.737424054999963, 41.076276736000068 ], [ -5.725406287999931, 41.098125120000077 ], [ -5.728289182999958, 41.106340009000064 ], [ -5.726641665999978, 41.110676384000044 ], [ -5.71279149999998, 41.112663999000063 ], [ -5.702180916999964, 41.109684027000071 ], [ -5.687579250999931, 41.109053078000045 ], [ -5.683698741999933, 41.112363863000041 ], [ -5.680115653999962, 41.110339766000038 ], [ -5.68598401099996, 41.086779474000025 ], [ -5.68466, 41.070762499000068 ] ] ] } },
{ "type": "Feature", "properties": { "code": "37074", "name": "Campillo de Azaba" }, "geometry": { "type": "Polygon", "coordinates": [ [ [ -6.62755, 40.507033999000043 ], [ -6.632789738999975, 40.509214809000071 ], [ -6.645174201999964, 40.507451183000057 ], [ -6.669256617999963, 40.516615537000064 ], [ -6.689984240999934, 40.49943341200003 ], [ -6.713493, 40.500591499000052 ], [ -6.707945170999949, 40.511448451000035 ], [ -6.695872323999936, 40.516269064000028 ], [ -6.697946810999952, 40.527131305000069 ], [ -6.687084925999955, 40.542614768000078 ], [ -6.685761, 40.548888999000042 ], [ -6.660629745999927, 40.55329499000004 ], [ -6.638429760999941, 40.544136802000025 ], [ -6.634843340999964, 40.526989447000062 ], [ -6.62595349999998, 40.517253999000047 ], [ -6.62618, 40.509860999000068 ], [ -6.62755, 40.507033999000043 ] ] ] } },
{ "type": "Feature", "properties": { "code": "37077", "name": "Campo de Peñaranda, El" }, "geometry": { "type": "Polygon", "coordinates": [ [ [ -5.250141, 40.95122899900008 ], [ -5.267285499999957, 40.962669499000071 ], [ -5.27074349999998, 40.970672499000045 ], [ -5.278287, 40.971278999000049 ], [ -5.28642949999994, 40.976134999000067 ], [ -5.288311499999963, 40.984538999000051 ], [ -5.289727499999969, 40.998984999000072 ], [ -5.296156, 41.002631999000073 ], [ -5.307709, 41.000861999000051 ], [ -5.31207, 41.001853999000048 ], [ -5.321359, 40.997165499000062 ], [ -5.329236288999937, 41.001469848000056 ], [ -5.333376499999929, 41.014285999000037 ], [ -5.322402572999977, 41.028611871000066 ], [ -5.298008, 41.042606499000044 ], [ -5.292589211999939, 41.039020614000037 ], [ -5.286795213999937, 41.041766092000046 ], [ -5.289110793999953, 41.031611056000031 ], [ -5.266034, 41.011550999000065 ], [ -5.263873257999933, 41.003877593000027 ], [ -5.252084181999976, 41.00086208700003 ], [ -5.240624431999947, 40.993732511000076 ], [ -5.233189945999925, 40.993554500000073 ], [ -5.215955325999971, 41.000687207000055 ], [ -5.212066471999947, 40.998852793000026 ], [ -5.20953180999993, 40.990926583000032 ], [ -5.199148499999978, 40.988040999000077 ], [ -5.212180304999947, 40.972035285000061 ], [ -5.210363499999971, 40.967181999000047 ], [ -5.219644897999956, 40.962025529000073 ], [ -5.232468399999959, 40.961968281000054 ], [ -5.250141, 40.95122899900008 ] ] ] } },
{ "type": "Feature", "properties": { "code": "37078", "name": "Candelario" }, "geometry": { "type": "Polygon", "coordinates": [ [ [ -5.797554499999933, 40.353286499000035 ], [ -5.76620315699995, 40.358489746000032 ], [ -5.747792734999962, 40.376682336000044 ], [ -5.737652175999926, 40.382901885000081 ], [ -5.720630393999954, 40.374115811000024 ], [ -5.715123300999949, 40.365975898000045 ], [ -5.707946082999968, 40.363594454000065 ], [ -5.701489330999948, 40.367950630000053 ], [ -5.690114499999936, 40.33777599900003 ], [ -5.71463100099993, 40.324974986000029 ], [ -5.727971490999948, 40.311322498000038 ], [ -5.729825579999954, 40.30316644100003 ], [ -5.73760249999998, 40.294162999000037 ], [ -5.74442449999998, 40.288902499000073 ], [ -5.765032, 40.280818999000076 ], [ -5.776742, 40.282428999000047 ], [ -5.793185, 40.286746999000059 ], [ -5.801474378999956, 40.29756627900008 ], [ -5.793089755999972, 40.301186745000052 ], [ -5.782619501999932, 40.31439586700003 ], [ -5.797554499999933, 40.353286499000035 ] ] ] } },
{ "type": "Feature", "properties": { "code": "37079", "name": "Canillas de Abajo" }, "geometry": { "type": "Polygon", "coordinates": [ [ [ -5.98149049999995, 40.886203499000032 ], [ -5.98080204799993, 40.894735264000076 ], [ -5.962771342999929, 40.896754823000038 ], [ -5.969508627999971, 40.905562772000053 ], [ -5.966860286999975, 40.914275161000035 ], [ -5.972865698999954, 40.922027279000076 ], [ -5.984186455999975, 40.922208600000033 ], [ -5.995235452999964, 40.928394229000048 ], [ -5.985946765999927, 40.950045841000076 ], [ -5.979828, 40.954387999000062 ], [ -5.969268499999941, 40.955993499000044 ], [ -5.967574006999939, 40.953368754000053 ], [ -5.94443298799996, 40.947458276000077 ], [ -5.939863988999946, 40.941304667000054 ], [ -5.924785823999969, 40.935276146000035 ], [ -5.917423, 40.938728499000035 ], [ -5.914602, 40.935069999000063 ], [ -5.914591, 40.932681999000067 ], [ -5.911903499999937, 40.930976999000052 ], [ -5.913168, 40.929458499000077 ], [ -5.914294, 40.925639999000055 ], [ -5.912541, 40.925178999000025 ], [ -5.911794455999939, 40.914458440000033 ], [ -5.928575631999934, 40.907038615000033 ], [ -5.932583235999971, 40.895230198000036 ], [ -5.943732938999972, 40.891837975000044 ], [ -5.932338492999975, 40.868827454000041 ], [ -5.935995, 40.862701499000025 ], [ -5.959237662999953, 40.872187027000052 ], [ -5.969252594999944, 40.871812086000034 ], [ -5.98149049999995, 40.886203499000032 ] ] ] } },
{ "type": "Feature", "properties": { "code": "37080", "name": "Cantagallo" }, "geometry": { "type": "Polygon", "coordinates": [ [ [ -5.839012, 40.383631999000045 ], [ -5.827489579999963, 40.379679142000043 ], [ -5.813796946999958, 40.382504011000037 ], [ -5.803127878999931, 40.379525603000047 ], [ -5.79420582299997, 40.359854936000033 ], [ -5.797554499999933, 40.353286499000035 ], [ -5.808569268999975, 40.359052019000046 ], [ -5.827819346999945, 40.364586065000026 ], [ -5.842795499999966, 40.375270999000065 ], [ -5.839012, 40.383631999000045 ] ] ] } },
{ "type": "Feature", "properties": { "code": "37081", "name": "Cantalapiedra" }, "geometry": { "type": "Polygon", "coordinates": [ [ [ -5.124957, 41.132056999000042 ], [ -5.127962, 41.118148499000029 ], [ -5.129193499999928, 41.105392499000061 ], [ -5.146504421999964, 41.094182482000065 ], [ -5.152292, 41.081950999000071 ], [ -5.15980572899997, 41.085014682000065 ], [ -5.17590140599998, 41.083425940000041 ], [ -5.182625161999965, 41.086251090000076 ], [ -5.195646, 41.085872499000061 ], [ -5.218507603999967, 41.112832207000054 ], [ -5.233565795999937, 41.121811496000078 ], [ -5.241971389999946, 41.130534844000067 ], [ -5.253186183999958, 41.133964576000039 ], [ -5.276572760999954, 41.12960350000003 ], [ -5.282178802999965, 41.132804538000073 ], [ -5.29514249999994, 41.133964499000058 ], [ -5.291536, 41.151527499000053 ], [ -5.28436703899996, 41.153028271000039 ], [ -5.275062429999934, 41.147130514000025 ], [ -5.261282328999926, 41.148773228000039 ], [ -5.251852224999936, 41.145615790000079 ], [ -5.218247499999961, 41.159598999000025 ], [ -5.208636738999928, 41.165823272000068 ], [ -5.192235593999953, 41.16259205700004 ], [ -5.180166410999959, 41.166779102000078 ], [ -5.137789021999936, 41.144455839000045 ], [ -5.124957, 41.132056999000042 ] ] ] } },
{ "type": "Feature", "properties": { "code": "37082", "name": "Cantalpino" }, "geometry": { "type": "Polygon", "coordinates": [ [ [ -5.360409, 41.029704999000046 ], [ -5.356584762999944, 41.039829662000045 ], [ -5.364106600999946, 41.048037302000068 ], [ -5.360060443999942, 41.056809970000074 ], [ -5.364689437999971, 41.061251347000052 ], [ -5.366543251999929, 41.070903615000077 ], [ -5.370988533999935, 41.074687203000053 ], [ -5.381545, 41.071242999000049 ], [ -5.371555113999932, 41.081329819000075 ], [ -5.366920175999951, 41.102048099000058 ], [ -5.370233250999945, 41.109240420000049 ], [ -5.377164499999935, 41.112212999000064 ], [ -5.383802, 41.13434249900007 ], [ -5.357015, 41.14083849900004 ], [ -5.341280345999962, 41.124634158000049 ], [ -5.332073480999952, 41.123737387000062 ], [ -5.327429074999941, 41.117659760000038 ], [ -5.297887, 41.125892499000031 ], [ -5.282269744999951, 41.119871171000057 ], [ -5.284388495999963, 41.110754 ], [ -5.277490272999955, 41.094978229000048 ], [ -5.271883560999925, 41.089129773000025 ], [ -5.27172, 41.073154499000054 ], [ -5.278142731999935, 41.067100591000042 ], [ -5.287447767999936, 41.065471746000071 ], [ -5.293032322999977, 41.057819904000041 ], [ -5.298008, 41.042606499000044 ], [ -5.322402572999977, 41.028611871000066 ], [ -5.333376499999929, 41.014285999000037 ], [ -5.341105499999969, 41.017669499000078 ], [ -5.344416, 41.020099499000025 ], [ -5.35143549999998, 41.020530499000074 ], [ -5.353962499999966, 41.022678499000051 ], [ -5.356718499999943, 41.026969999000073 ], [ -5.360409, 41.029704999000046 ] ] ] } },
{ "type": "Feature", "properties": { "code": "37083", "name": "Cantaracillo" }, "geometry": { "type": "Polygon", "coordinates": [ [ [ -5.115556499999968, 40.90231699900005 ], [ -5.125625256999967, 40.901564624000059 ], [ -5.13292146699996, 40.897765754000034 ], [ -5.151587029999973, 40.875126149000039 ], [ -5.163838, 40.868407999000055 ], [ -5.174776, 40.868354499000077 ], [ -5.176036193999948, 40.872520794000025 ], [ -5.183267, 40.877616999000054 ], [ -5.180748874999949, 40.889311346000056 ], [ -5.183751668999946, 40.89688809200004 ], [ -5.182910069999934, 40.909201242000051 ], [ -5.190441499999963, 40.923141499000053 ], [ -5.184146424999938, 40.928775894000069 ], [ -5.181141, 40.939330999000049 ], [ -5.168762424999954, 40.937578672000029 ], [ -5.146471745999975, 40.941806746000054 ], [ -5.133613552999975, 40.949603137000054 ], [ -5.124172173999966, 40.947660524000071 ], [ -5.119795336999971, 40.93095011500003 ], [ -5.117042491999939, 40.929986476000067 ], [ -5.11224120199995, 40.91719123200005 ], [ -5.115556499999968, 40.90231699900005 ] ] ] } },
{ "type": "Feature", "properties": { "code": "37085", "name": "Carbajosa de la Sagrada" }, "geometry": { "type": "Polygon", "coordinates": [ [ [ -5.664153, 40.934997499000076 ], [ -5.654967499999941, 40.950618499000029 ], [ -5.649250406999954, 40.947907094000072 ], [ -5.638777723999965, 40.948348313000054 ], [ -5.631830855999965, 40.935561147000044 ], [ -5.61688, 40.922688999000059 ], [ -5.603425499999958, 40.919336499000053 ], [ -5.605277678999926, 40.905959365000058 ], [ -5.609936755999968, 40.897268844000052 ], [ -5.614461, 40.895274999000037 ], [ -5.617038780999962, 40.904026706000025 ], [ -5.629022831999976, 40.908845771000074 ], [ -5.634759675999931, 40.907847023000045 ], [ -5.639610859999948, 40.914535926000042 ], [ -5.652640269999949, 40.919756268000071 ], [ -5.664153, 40.934997499000076 ] ] ] } },
{ "type": "Feature", "properties": { "code": "37086", "name": "Carpio de Azaba" }, "geometry": { "type": "Polygon", "coordinates": [ [ [ -6.696364499999959, 40.598907499000063 ], [ -6.673278396999933, 40.602520340000069 ], [ -6.671611377999966, 40.609354617000065 ], [ -6.648182848999966, 40.606937275000064 ], [ -6.644305370999973, 40.612508967000053 ], [ -6.635154676999946, 40.616326198000024 ], [ -6.636063499999977, 40.624645499000053 ], [ -6.624704043999941, 40.635247373000027 ], [ -6.618744001999971, 40.63519720100004 ], [ -6.60947665499998, 40.61824083700003 ], [ -6.59016749999995, 40.60790649900008 ], [ -6.590890594999962, 40.596860638000067 ], [ -6.60291604799994, 40.585706213000037 ], [ -6.59562352599994, 40.582323547000044 ], [ -6.590269386999978, 40.586702089000028 ], [ -6.574179265999931, 40.588485760000026 ], [ -6.567602607999959, 40.574987974000067 ], [ -6.577126679999935, 40.556527471000038 ], [ -6.585863499999959, 40.549071999000034 ], [ -6.596919775999936, 40.560309790000076 ], [ -6.610166314999958, 40.562400485000069 ], [ -6.609737994999932, 40.55384293700007 ], [ -6.613932281999951, 40.548555855000075 ], [ -6.607075375999955, 40.538029327000061 ], [ -6.614462553999942, 40.532641507000051 ], [ -6.62595349999998, 40.517253999000047 ], [ -6.634843340999964, 40.526989447000062 ], [ -6.638429760999941, 40.544136802000025 ], [ -6.660629745999927, 40.55329499000004 ], [ -6.685761, 40.548888999000042 ], [ -6.689482030999955, 40.553145193000034 ], [ -6.683203095999943, 40.56157802000007 ], [ -6.682953966999946, 40.566303456000071 ], [ -6.700713593999978, 40.57703448400008 ], [ -6.696364499999959, 40.598907499000063 ] ] ] } },
{ "type": "Feature", "properties": { "code": "37087", "name": "Carrascal de Barregas" }, "geometry": { "type": "MultiPolygon", "coordinates": [ [ [ [ -5.732979, 40.949374999000042 ], [ -5.725926054999945, 40.918776379000064 ], [ -5.733894762999967, 40.917818415000056 ], [ -5.738907, 40.913135499000077 ], [ -5.752937409999959, 40.917266725000047 ], [ -5.774215499999968, 40.906860499000061 ], [ -5.777849439999954, 40.909167647000061 ], [ -5.784486499999957, 40.90550599900007 ], [ -5.787309499999935, 40.90573499900006 ], [ -5.787653, 40.906833499000072 ], [ -5.790687, 40.907012999000074 ], [ -5.791550499999971, 40.906093499000065 ], [ -5.791099, 40.902400999000065 ], [ -5.789168, 40.901942999000028 ], [ -5.793899410999927, 40.898675587000071 ], [ -5.804380955999932, 40.900190089000034 ], [ -5.820353617999956, 40.889236236000045 ], [ -5.823268499999926, 40.882602999000028 ], [ -5.823663, 40.879585499000029 ], [ -5.824865, 40.877990499000077 ], [ -5.834201, 40.872085499000036 ], [ -5.841864, 40.876201499000047 ], [ -5.841096493999942, 40.885893250000038 ], [ -5.849622970999974, 40.89689042200007 ], [ -5.84649, 40.903846499000053 ], [ -5.818782390999957, 40.915799326000069 ], [ -5.81294162599994, 40.913251480000042 ], [ -5.803895046999969, 40.915197026000044 ], [ -5.800543933999961, 40.92465235800006 ], [ -5.80631989799997, 40.936849824000035 ], [ -5.800211694999973, 40.94231923500007 ], [ -5.772204, 40.955596999000079 ], [ -5.766233917999955, 40.955650958000035 ], [ -5.754891863999944, 40.945163732000026 ], [ -5.732979, 40.949374999000042 ] ] ], [ [ [ -5.728617499999928, 41.00181599900003 ], [ -5.732194645999925, 40.994667045000028 ], [ -5.728397499999971, 40.991885999000033 ], [ -5.741752559999952, 40.984019648000071 ], [ -5.746628844999975, 40.96893258700004 ], [ -5.781905499999937, 40.971313499000075 ], [ -5.784969174999958, 40.981343965000065 ], [ -5.777013, 40.991515999000057 ], [ -5.754592645999935, 41.006899237000027 ], [ -5.742585142999928, 41.001564425000026 ], [ -5.728617499999928, 41.00181599900003 ] ] ], [ [ [ -5.761624499999925, 40.897868999000025 ], [ -5.761159805999966, 40.891977595000071 ], [ -5.766769499999953, 40.885181499000055 ], [ -5.771765269999946, 40.885927963000029 ], [ -5.78364731299996, 40.89024085300008 ], [ -5.790186580999944, 40.88972225100008 ], [ -5.788330572999939, 40.893076403000066 ], [ -5.779696915999978, 40.898024796000072 ], [ -5.774481809999941, 40.898256444000026 ], [ -5.769950409999979, 40.899915337000039 ], [ -5.761624499999925, 40.897868999000025 ] ] ], [ [ [ -5.847121, 41.011955499000067 ], [ -5.822848499999964, 40.999328499000057 ], [ -5.819290390999981, 40.990835802000049 ], [ -5.821732275999977, 40.982087137000065 ], [ -5.870748372999969, 40.978893852000056 ], [ -5.880823, 40.96207399900004 ], [ -5.900502545999927, 40.977813021000031 ], [ -5.901031499999931, 40.982391499000073 ], [ -5.895354659999953, 40.982025861000068 ], [ -5.887637591999976, 40.987110233000067 ], [ -5.882405831999961, 40.998477904000026 ], [ -5.883565499999975, 41.005130499000074 ], [ -5.871858051999936, 41.003918302000045 ], [ -5.866344499999968, 41.011054999000066 ], [ -5.858744567999963, 41.010026310000057 ], [ -5.850677, 41.014151999000035 ], [ -5.847121, 41.011955499000067 ] ] ], [ [ [ -5.850451, 40.834884499000054 ], [ -5.862224499999968, 40.851630999000065 ], [ -5.857876402999977, 40.85394311400006 ], [ -5.861632397999927, 40.862177703000043 ], [ -5.857755353999949, 40.869397787000025 ], [ -5.853664, 40.869968499000038 ], [ -5.836011, 40.849994499000047 ], [ -5.841461002999949, 40.846046037000065 ], [ -5.843064756999979, 40.83811246700003 ], [ -5.850451, 40.834884499000054 ] ] ] ] } }
]
}
