{
"type": "FeatureCollection",
"crs": { "type": "name", "properties": { "name": "urn:ogc:def:crs:OGC:1.3:CRS84" } },
"features": [
{ "type": "Feature", "properties": { "code": "39001", "name": "Alfoz de Lloredo" }, "geometry": { "type": "Polygon", "coordinates": [ [ [ -4.267611, 43.363456499000051 ], [ -4.256082877999972, 43.360707959000081 ], [ -4.235732648999942, 43.363629930000059 ], [ -4.223947917999965, 43.38310378400007 ], [ -4.222365, 43.395507999000074 ], [ -4.208891456999936, 43.400732059000063 ], [ -4.200360957999976, 43.399606394000045 ], [ -4.180803420999951, 43.404481845000078 ], [ -4.173430929999938, 43.401851534000059 ], [ -4.160149203999936, 43.408322468000051 ], [ -4.133768, 43.414069999000048 ], [ -4.131755867999971, 43.412638195000056 ], [ -4.132079060999956, 43.404638574000046 ], [ -4.127800881999974, 43.396865297000033 ], [ -4.127069020999954, 43.391430599000046 ], [ -4.144584499999951, 43.380118999000047 ], [ -4.150498536999976, 43.374388178000061 ], [ -4.13907125299994, 43.367141531000073 ], [ -4.138713339999981, 43.363843172000031 ], [ -4.143750090999959, 43.364812717000063 ], [ -4.150922525999931, 43.35880768700008 ], [ -4.149702023999964, 43.349703950000048 ], [ -4.16453023899993, 43.348902166000073 ], [ -4.167994499999963, 43.34495799900003 ], [ -4.183694573999958, 43.341751611000063 ], [ -4.19597932299996, 43.348934333000045 ], [ -4.217273, 43.34645449900006 ], [ -4.219413753999959, 43.352483484000061 ], [ -4.23543839599995, 43.357672922000063 ], [ -4.25415849999996, 43.355220999000039 ], [ -4.25713049999996, 43.355849999000043 ], [ -4.267611, 43.363456499000051 ] ] ] } },
{ "type": "Feature", "properties": { "code": "39002", "name": "Ampuero" }, "geometry": { "type": "Polygon", "coordinates": [ [ [ -3.3891, 43.362657999000078 ], [ -3.380401499999948, 43.361102999000025 ], [ -3.371893, 43.356330999000079 ], [ -3.372994027999937, 43.342337108000038 ], [ -3.362065756999925, 43.320498716000031 ], [ -3.358830499999954, 43.306537499000058 ], [ -3.378728432999935, 43.313872168000046 ], [ -3.403138587999933, 43.329746326000077 ], [ -3.428684101999977, 43.331580813000073 ], [ -3.440994263999926, 43.327887618000034 ], [ -3.438169547999962, 43.323661510000079 ], [ -3.439020622999976, 43.318790699000033 ], [ -3.447059514999978, 43.314696622000042 ], [ -3.446742838999967, 43.309210434000079 ], [ -3.450604505999934, 43.307803923000051 ], [ -3.445915781999929, 43.298453387000052 ], [ -3.465440624999928, 43.292421938000075 ], [ -3.464882199999977, 43.299226120000071 ], [ -3.473515, 43.303687999000033 ], [ -3.473146637999946, 43.314017284000045 ], [ -3.45484354499996, 43.339864076000026 ], [ -3.447768746999941, 43.345582175000061 ], [ -3.446793941999942, 43.351699259000043 ], [ -3.442321296999978, 43.355114732000061 ], [ -3.425071, 43.355668499000046 ], [ -3.417679, 43.356757999000081 ], [ -3.413825499999973, 43.359116999000037 ], [ -3.408517, 43.358410999000057 ], [ -3.404182499999933, 43.359297499000036 ], [ -3.397001, 43.359172999000066 ], [ -3.3891, 43.362657999000078 ] ] ] } },
{ "type": "Feature", "properties": { "code": "39003", "name": "Anievas" }, "geometry": { "type": "Polygon", "coordinates": [ [ [ -3.976511, 43.178791499000056 ], [ -3.983975, 43.175431999000068 ], [ -3.985117, 43.173671499000079 ], [ -3.990596, 43.170112499000027 ], [ -3.992998499999942, 43.16966749900007 ], [ -4.008391499999959, 43.173032999000043 ], [ -4.028508, 43.19250099900006 ], [ -4.032315499999925, 43.205917499000066 ], [ -4.029545, 43.209514499000079 ], [ -4.026594, 43.219951499000047 ], [ -4.024396499999966, 43.221034499000041 ], [ -4.019297, 43.227128499000059 ], [ -4.006408825999927, 43.228377358000046 ], [ -4.002253499999938, 43.232872499000052 ], [ -3.989769536999972, 43.22310753000005 ], [ -3.980089685999928, 43.205995908000034 ], [ -3.976511, 43.178791499000056 ] ] ] } },
{ "type": "Feature", "properties": { "code": "39004", "name": "Arenas de Iguña" }, "geometry": { "type": "Polygon", "coordinates": [ [ [ -3.953384, 43.154986999000073 ], [ -3.95056349999993, 43.151925499000072 ], [ -3.95181249999996, 43.149846999000033 ], [ -3.96546206599993, 43.157490095000071 ], [ -3.985381272999973, 43.161221820000037 ], [ -4.011699513999929, 43.170970048000072 ], [ -4.043147753999961, 43.169985685000029 ], [ -4.057556599999941, 43.173136259000046 ], [ -4.081581780999954, 43.163875167000072 ], [ -4.089836849999926, 43.146630254000058 ], [ -4.099968499999932, 43.14058699900005 ], [ -4.11305232199993, 43.138529291000054 ], [ -4.125069, 43.122053999000059 ], [ -4.154197870999951, 43.132280126000069 ], [ -4.166283156999953, 43.142460626000059 ], [ -4.162564191999934, 43.151660482000068 ], [ -4.162514043999977, 43.162013993000073 ], [ -4.175376742999958, 43.170674297000062 ], [ -4.186854, 43.191505499000073 ], [ -4.157858274999967, 43.198303671000076 ], [ -4.149892353999974, 43.205497458000025 ], [ -4.120780013999934, 43.197590785000045 ], [ -4.102312592999965, 43.204019005000077 ], [ -4.093146514999944, 43.204102832000046 ], [ -4.085014808999972, 43.209444533000067 ], [ -4.072856330999969, 43.209398773000032 ], [ -4.067509116999929, 43.212649613000053 ], [ -4.066828499999929, 43.228380499000025 ], [ -4.062279, 43.229430999000044 ], [ -4.048878, 43.22788999900007 ], [ -4.046015499999953, 43.224719999000058 ], [ -4.036293499999942, 43.221305999000037 ], [ -4.026594, 43.219951499000047 ], [ -4.029545, 43.209514499000079 ], [ -4.032315499999925, 43.205917499000066 ], [ -4.028508, 43.19250099900006 ], [ -4.008391499999959, 43.173032999000043 ], [ -3.992998499999942, 43.16966749900007 ], [ -3.990596, 43.170112499000027 ], [ -3.985117, 43.173671499000079 ], [ -3.983975, 43.175431999000068 ], [ -3.976511, 43.178791499000056 ], [ -3.955233904999943, 43.166439511000078 ], [ -3.953384, 43.154986999000073 ] ] ] } },
{ "type": "Feature", "properties": { "code": "39005", "name": "Argoños" }, "geometry": { "type": "Polygon", "coordinates": [ [ [ -3.48408349999994, 43.464086499000075 ], [ -3.486068327999931, 43.458286190000081 ], [ -3.478426320999972, 43.457448252000063 ], [ -3.473691547999977, 43.452524037000046 ], [ -3.475505, 43.44292099900008 ], [ -3.490823, 43.445211999000037 ], [ -3.514710499999978, 43.454803499000036 ], [ -3.514522499999941, 43.460427499000048 ], [ -3.511089713999979, 43.465659348000031 ], [ -3.502840296999977, 43.465855016000035 ], [ -3.48408349999994, 43.464086499000075 ] ] ] } },
{ "type": "Feature", "properties": { "code": "39006", "name": "Arnuero" }, "geometry": { "type": "Polygon", "coordinates": [ [ [ -3.514710499999978, 43.454803499000036 ], [ -3.536335030999965, 43.450547308000068 ], [ -3.55572849999993, 43.43882049900003 ], [ -3.555391269999973, 43.448694462000049 ], [ -3.564995843999952, 43.462133050000034 ], [ -3.585914499999944, 43.465314999000043 ], [ -3.584945155999947, 43.477466046000075 ], [ -3.593132665999974, 43.484351601000071 ], [ -3.587087624999981, 43.492497610000044 ], [ -3.585622609999973, 43.501619633000075 ], [ -3.578502, 43.50642749900004 ], [ -3.548674398999935, 43.508237157000053 ], [ -3.541407599999957, 43.502584461000026 ], [ -3.54250849999994, 43.493194499000026 ], [ -3.547112814999934, 43.489725253000074 ], [ -3.538380832999962, 43.479591300000038 ], [ -3.541014463999943, 43.471160088000033 ], [ -3.529531399999939, 43.469760183000062 ], [ -3.514522499999941, 43.460427499000048 ], [ -3.514710499999978, 43.454803499000036 ] ] ] } },
{ "type": "Feature", "properties": { "code": "39007", "name": "Arredondo" }, "geometry": { "type": "Polygon", "coordinates": [ [ [ -3.67502, 43.301958999000078 ], [ -3.662982283999952, 43.30353139500005 ], [ -3.649439499999971, 43.301211499000033 ], [ -3.641895933999933, 43.292701515000033 ], [ -3.620131016999949, 43.291443323000067 ], [ -3.605716512999948, 43.29640332200006 ], [ -3.59679099799996, 43.294900314000074 ], [ -3.596282736999967, 43.288317491000043 ], [ -3.586930177999932, 43.27828118900004 ], [ -3.588169380999943, 43.256725755000048 ], [ -3.578705, 43.250474999000062 ], [ -3.582976468999959, 43.240890457000035 ], [ -3.594715820999966, 43.242982073000064 ], [ -3.615761024999927, 43.235301538000044 ], [ -3.656863, 43.234953999000027 ], [ -3.659738038999933, 43.23828054300003 ], [ -3.653566411999975, 43.24294061900008 ], [ -3.662964817999978, 43.253391072000056 ], [ -3.677199177999967, 43.254929306000065 ], [ -3.687329499999976, 43.261079499000061 ], [ -3.687951465999959, 43.26712346100004 ], [ -3.677950984999939, 43.282104316000073 ], [ -3.67502, 43.301958999000078 ] ] ] } },
{ "type": "Feature", "properties": { "code": "39008", "name": "Astillero, El" }, "geometry": { "type": "Polygon", "coordinates": [ [ [ -3.861070499999926, 43.390048499000045 ], [ -3.856536241999947, 43.399195102000078 ], [ -3.842376457999933, 43.411844503000054 ], [ -3.83179784899994, 43.406742860000065 ], [ -3.822013, 43.412795999000025 ], [ -3.814484, 43.402049999000042 ], [ -3.81233949999995, 43.39772399900005 ], [ -3.810364499999935, 43.395972999000037 ], [ -3.808099, 43.395503999000027 ], [ -3.814858499999957, 43.392205999000055 ], [ -3.834340229999952, 43.394401053000081 ], [ -3.850660736999941, 43.386456619000057 ], [ -3.861070499999926, 43.390048499000045 ] ] ] } },
{ "type": "Feature", "properties": { "code": "39009", "name": "Bárcena de Cicero" }, "geometry": { "type": "Polygon", "coordinates": [ [ [ -3.462719, 43.403713499000048 ], [ -3.465484499999945, 43.39599049900005 ], [ -3.463984499999981, 43.390645999000071 ], [ -3.466870982999978, 43.37706976000004 ], [ -3.475861012999928, 43.372448469000062 ], [ -3.480672775999949, 43.379402156000026 ], [ -3.499268245999929, 43.388396218000025 ], [ -3.51065540999997, 43.387049884000078 ], [ -3.529665816999966, 43.378302363000046 ], [ -3.539579499999945, 43.382829499000024 ], [ -3.564238521999926, 43.392199855000058 ], [ -3.554955448999976, 43.404924123000058 ], [ -3.552764, 43.423138999000059 ], [ -3.545124227999963, 43.426603116000081 ], [ -3.536608454999964, 43.423587504000068 ], [ -3.521349654999938, 43.425909321000063 ], [ -3.491435499999966, 43.423166499000047 ], [ -3.482138949999978, 43.430962704000081 ], [ -3.461352812999962, 43.431518639000046 ], [ -3.462719, 43.403713499000048 ] ] ] } },
{ "type": "Feature", "properties": { "code": "39010", "name": "Bárcena de Pie de Concha" }, "geometry": { "type": "Polygon", "coordinates": [ [ [ -4.099968499999932, 43.14058699900005 ], [ -4.087568850999958, 43.139682223000079 ], [ -4.072379449999971, 43.128386890000058 ], [ -4.065607031999946, 43.12661533000005 ], [ -4.062252293999961, 43.127243731000078 ], [ -4.058503316999975, 43.134033493000061 ], [ -4.054997452999942, 43.134359847000042 ], [ -4.04531071599996, 43.123794138000051 ], [ -4.031304095999928, 43.116493067000079 ], [ -4.024990139999943, 43.109502305000035 ], [ -4.01292276099997, 43.105593361000047 ], [ -4.009142499999939, 43.097983999000064 ], [ -4.015254, 43.092904999000041 ], [ -4.037392499999953, 43.08914949900003 ], [ -4.04170449999998, 43.089710999000033 ], [ -4.05549908699993, 43.098342821000074 ], [ -4.06683849999996, 43.101660499000047 ], [ -4.06267515299993, 43.11019796800008 ], [ -4.062265403999959, 43.119699191000052 ], [ -4.088188295999942, 43.10255139800006 ], [ -4.090152499999931, 43.096652999000071 ], [ -4.112575, 43.10097199900008 ], [ -4.133584499999927, 43.103688499000043 ], [ -4.134025, 43.112707999000065 ], [ -4.125069, 43.122053999000059 ], [ -4.11305232199993, 43.138529291000054 ], [ -4.099968499999932, 43.14058699900005 ] ] ] } },
{ "type": "Feature", "properties": { "code": "39011", "name": "Bareyo" }, "geometry": { "type": "Polygon", "coordinates": [ [ [ -3.585914499999944, 43.465314999000043 ], [ -3.605976260999967, 43.459010263000039 ], [ -3.605214369999942, 43.452727971000058 ], [ -3.611984, 43.432642999000052 ], [ -3.628825499999948, 43.43466199900007 ], [ -3.64663, 43.440205499000058 ], [ -3.654570643999932, 43.448715236000055 ], [ -3.655204841999932, 43.455483375000028 ], [ -3.63820020199995, 43.468510563000052 ], [ -3.655162, 43.492461999000056 ], [ -3.643266261999941, 43.49816231300008 ], [ -3.613138920999972, 43.498570928000049 ], [ -3.603807519999975, 43.508152667000047 ], [ -3.594132004999949, 43.513214661000063 ], [ -3.581627697999977, 43.51218226900005 ], [ -3.578502, 43.50642749900004 ], [ -3.585622609999973, 43.501619633000075 ], [ -3.587087624999981, 43.492497610000044 ], [ -3.593132665999974, 43.484351601000071 ], [ -3.584945155999947, 43.477466046000075 ], [ -3.585914499999944, 43.465314999000043 ] ] ] } },
{ "type": "Feature", "properties": { "code": "39012", "name": "Cabezón de la Sal" }, "geometry": { "type": "Polygon", "coordinates": [ [ [ -4.174293499999976, 43.323862499000029 ], [ -4.203274456999964, 43.318694665000066 ], [ -4.205538761999946, 43.31161144400005 ], [ -4.213596374999952, 43.302009673000043 ], [ -4.227653348999979, 43.293787638000026 ], [ -4.239794317999952, 43.27812605500003 ], [ -4.246011499999952, 43.276652499000079 ], [ -4.274285, 43.274990999000067 ], [ -4.274881628999935, 43.282383679000077 ], [ -4.282954028999939, 43.28621042900005 ], [ -4.284314497999958, 43.290013262000059 ], [ -4.282342627999981, 43.294515002000026 ], [ -4.275836837999975, 43.29775550100004 ], [ -4.277964874999952, 43.307199466000043 ], [ -4.269311, 43.319487999000046 ], [ -4.260502169999938, 43.321666707000077 ], [ -4.248952091999968, 43.318081563000078 ], [ -4.226280679999945, 43.322422169000049 ], [ -4.22107979499998, 43.329932307000036 ], [ -4.221741828999939, 43.338860097000065 ], [ -4.217273, 43.34645449900006 ], [ -4.19597932299996, 43.348934333000045 ], [ -4.183694573999958, 43.341751611000063 ], [ -4.167994499999963, 43.34495799900003 ], [ -4.173128476999977, 43.336785173000067 ], [ -4.174293499999976, 43.323862499000029 ] ] ] } },
{ "type": "Feature", "properties": { "code": "39013", "name": "Cabezón de Liébana" }, "geometry": { "type": "Polygon", "coordinates": [ [ [ -4.462004499999978, 43.145904999000038 ], [ -4.475099870999941, 43.135695208000072 ], [ -4.482997144999956, 43.124369031000072 ], [ -4.468705908999937, 43.111654839000039 ], [ -4.471085, 43.100890999000057 ], [ -4.487945572999934, 43.093941512000072 ], [ -4.495059509999976, 43.095917322000048 ], [ -4.522314447999975, 43.091909499000053 ], [ -4.538689365999971, 43.103659724000067 ], [ -4.571033670999952, 43.108018059000074 ], [ -4.569012467999926, 43.094161495000037 ], [ -4.585056797999925, 43.081931590000067 ], [ -4.592471499999931, 43.080520499000045 ], [ -4.600939721999964, 43.090301310000029 ], [ -4.604649518999963, 43.113176672000066 ], [ -4.60302005799997, 43.11916775900005 ], [ -4.608328499999971, 43.132549999000048 ], [ -4.612587, 43.158268999000029 ], [ -4.605923498999971, 43.156003805000068 ], [ -4.581605323999952, 43.157103230000075 ], [ -4.57229958299996, 43.158955766000076 ], [ -4.561865068999964, 43.166582688000062 ], [ -4.551019528999973, 43.169827656000052 ], [ -4.522617158999935, 43.16740661700004 ], [ -4.51190749999995, 43.17202099900004 ], [ -4.499041643999931, 43.163267222000059 ], [ -4.483721499999945, 43.15731899900004 ], [ -4.462004499999978, 43.145904999000038 ] ] ] } },
{ "type": "Feature", "properties": { "code": "39014", "name": "Cabuérniga" }, "geometry": { "type": "Polygon", "coordinates": [ [ [ -4.368069499999933, 43.27035999900005 ], [ -4.341863499999931, 43.272570999000038 ], [ -4.323613, 43.272162499000046 ], [ -4.32256971399994, 43.265874457000052 ], [ -4.298245017999932, 43.261688758000048 ], [ -4.286730301999967, 43.255796660000044 ], [ -4.290714341999944, 43.241154158000029 ], [ -4.280367097999942, 43.22511064300005 ], [ -4.276823485999955, 43.206647975000067 ], [ -4.258926359999975, 43.202971018000028 ], [ -4.223337154999967, 43.202458555000078 ], [ -4.211143600999947, 43.198391575000073 ], [ -4.198713070999929, 43.198744464000072 ], [ -4.195012813999938, 43.196667926000032 ], [ -4.193418, 43.191076499000076 ], [ -4.203995062999979, 43.18045561200006 ], [ -4.224753829999941, 43.180984941000077 ], [ -4.23860782099996, 43.171985380000081 ], [ -4.280577038999979, 43.179742281000074 ], [ -4.28881221499995, 43.169722003000061 ], [ -4.300731280999969, 43.16611634700007 ], [ -4.31223, 43.145702499000038 ], [ -4.336477499999944, 43.139407999000071 ], [ -4.337875688999929, 43.148916592000035 ], [ -4.334551749999946, 43.157690433000027 ], [ -4.33748462799997, 43.168113659000028 ], [ -4.330649095999945, 43.177942810000047 ], [ -4.332020098999976, 43.202253639000048 ], [ -4.338117, 43.21365399900003 ], [ -4.345528225999942, 43.223188594000078 ], [ -4.361982249999926, 43.231959949000043 ], [ -4.380177211999978, 43.237450565000074 ], [ -4.377547000999925, 43.243974883000078 ], [ -4.381162578999977, 43.24899335300006 ], [ -4.380903251999939, 43.254666196000073 ], [ -4.365759487999981, 43.265226651000035 ], [ -4.368069499999933, 43.27035999900005 ] ] ] } },
{ "type": "Feature", "properties": { "code": "39015", "name": "Camaleño" }, "geometry": { "type": "Polygon", "coordinates": [ [ [ -4.733497499999942, 43.194241499000043 ], [ -4.71890450199993, 43.20023741600005 ], [ -4.701254583999969, 43.198635195000065 ], [ -4.686129715999925, 43.210732889000042 ], [ -4.668964423999967, 43.20519643800003 ], [ -4.661853862999976, 43.199101768000048 ], [ -4.658439888999965, 43.186893823000048 ], [ -4.65284459399993, 43.181579846000034 ], [ -4.629841, 43.170527999000058 ], [ -4.633717, 43.16102999900005 ], [ -4.632677499999943, 43.154288499000074 ], [ -4.639905499999941, 43.145251999000038 ], [ -4.644034499999975, 43.142120999000042 ], [ -4.661864943999944, 43.139792348000071 ], [ -4.688069782999946, 43.127921366000066 ], [ -4.699500267999952, 43.118758939000031 ], [ -4.711003036999955, 43.100750027000061 ], [ -4.720739547999926, 43.097379752000052 ], [ -4.737407443999928, 43.08137023200004 ], [ -4.751382829999955, 43.075661283000045 ], [ -4.766838499999949, 43.07469099900004 ], [ -4.782748817999959, 43.083103833000052 ], [ -4.816175101999931, 43.093048440000075 ], [ -4.821548751999956, 43.098430699000062 ], [ -4.833157428999925, 43.102525470000046 ], [ -4.837200863999954, 43.115795319000028 ], [ -4.850227662999941, 43.126195174000031 ], [ -4.843494409999948, 43.133150857000032 ], [ -4.843337832999964, 43.144980395000061 ], [ -4.838834194999947, 43.147928130000025 ], [ -4.835650950999934, 43.156547794000062 ], [ -4.840040592999969, 43.166787461000069 ], [ -4.850771229999964, 43.173344911000072 ], [ -4.841023, 43.180779999000038 ], [ -4.821650758999965, 43.178720809000026 ], [ -4.815495631999966, 43.182728811000061 ], [ -4.808373372999938, 43.181601583000031 ], [ -4.788425477999965, 43.185450741000068 ], [ -4.778121833999933, 43.191461351000044 ], [ -4.754344715999935, 43.184371532000057 ], [ -4.744864255999971, 43.184499708000033 ], [ -4.735809288999974, 43.188490377000051 ], [ -4.733497499999942, 43.194241499000043 ] ] ] } },
{ "type": "Feature", "properties": { "code": "39036", "name": "Liendo" }, "geometry": { "type": "Polygon", "coordinates": [ [ [ -3.3891, 43.362657999000078 ], [ -3.393313499999977, 43.367087499000036 ], [ -3.395260499999949, 43.37427199900003 ], [ -3.404927, 43.378888999000026 ], [ -3.402518, 43.381991499000037 ], [ -3.393333, 43.389495999000076 ], [ -3.391816499999948, 43.391940999000042 ], [ -3.392721499999936, 43.398055999000064 ], [ -3.391785, 43.406013499000039 ], [ -3.383401499999934, 43.412532999000064 ], [ -3.382223, 43.415328999000053 ], [ -3.372969277999971, 43.41659597000006 ], [ -3.363522657999965, 43.412012381000068 ], [ -3.345027181999967, 43.415962431000025 ], [ -3.336214, 43.414579999000068 ], [ -3.329261499999973, 43.410322999000073 ], [ -3.32676, 43.404513499000075 ], [ -3.328336499999978, 43.396846499000048 ], [ -3.326807499999973, 43.390403499000058 ], [ -3.324747499999944, 43.387098999000045 ], [ -3.33315749999997, 43.387740999000073 ], [ -3.338617, 43.384014499000045 ], [ -3.351149499999963, 43.379515999000034 ], [ -3.353027499999939, 43.372981999000046 ], [ -3.352545499999962, 43.368380999000067 ], [ -3.366927, 43.357318999000029 ], [ -3.371893, 43.356330999000079 ], [ -3.380401499999948, 43.361102999000025 ], [ -3.3891, 43.362657999000078 ] ] ] } },
{ "type": "Feature", "properties": { "code": "39037", "name": "Liérganes" }, "geometry": { "type": "Polygon", "coordinates": [ [ [ -3.766777499999932, 43.291928499000051 ], [ -3.778531, 43.297493499000041 ], [ -3.775623436999979, 43.316466891000061 ], [ -3.779154228999971, 43.326401305000047 ], [ -3.796584285999927, 43.341204101000073 ], [ -3.801441000999944, 43.352418594000028 ], [ -3.807440536999934, 43.358265433000042 ], [ -3.807606, 43.370576499000038 ], [ -3.792570499999954, 43.375984499000026 ], [ -3.778647499999977, 43.378959499000075 ], [ -3.778645, 43.372942499000033 ], [ -3.771323, 43.365732499000046 ], [ -3.761242, 43.360216999000045 ], [ -3.753767499999981, 43.359683999000026 ], [ -3.745615499999928, 43.358028499000056 ], [ -3.738247, 43.353969499000073 ], [ -3.733509, 43.355971999000076 ], [ -3.725345, 43.354444999000066 ], [ -3.723018574999969, 43.350000483000031 ], [ -3.732276361999936, 43.34658624900004 ], [ -3.734075393999944, 43.332238747000076 ], [ -3.729316088999951, 43.328468122000061 ], [ -3.721569605999946, 43.327421602000072 ], [ -3.718141640999931, 43.320262907000028 ], [ -3.709963499999958, 43.316631999000037 ], [ -3.73921474399998, 43.309588139000027 ], [ -3.74557675899996, 43.301057645000071 ], [ -3.766777499999932, 43.291928499000051 ] ] ] } },
{ "type": "Feature", "properties": { "code": "39038", "name": "Limpias" }, "geometry": { "type": "Polygon", "coordinates": [ [ [ -3.435008499999981, 43.377492999000026 ], [ -3.418652504999955, 43.376794935000078 ], [ -3.429068, 43.390828499000065 ], [ -3.424969135999959, 43.391583820000051 ], [ -3.417602722999959, 43.399880880000069 ], [ -3.411543754999968, 43.400497901000051 ], [ -3.402518, 43.381991499000037 ], [ -3.404927, 43.378888999000026 ], [ -3.395260499999949, 43.37427199900003 ], [ -3.393313499999977, 43.367087499000036 ], [ -3.3891, 43.362657999000078 ], [ -3.397001, 43.359172999000066 ], [ -3.404182499999933, 43.359297499000036 ], [ -3.408517, 43.358410999000057 ], [ -3.413825499999973, 43.359116999000037 ], [ -3.417679, 43.356757999000081 ], [ -3.429645499999936, 43.355803499000046 ], [ -3.428362279999931, 43.361525233000066 ], [ -3.436566513999935, 43.367086017000076 ], [ -3.435008499999981, 43.377492999000026 ] ] ] } },
{ "type": "Feature", "properties": { "code": "39039", "name": "Luena" }, "geometry": { "type": "Polygon", "coordinates": [ [ [ -3.953384, 43.154986999000073 ], [ -3.939266857999939, 43.161505595000051 ], [ -3.899925, 43.172458499000072 ], [ -3.886583164999934, 43.171651064000059 ], [ -3.87433720699994, 43.178786565000053 ], [ -3.874498, 43.18443049900003 ], [ -3.859727508999981, 43.178831689000049 ], [ -3.857235, 43.168271999000069 ], [ -3.869522754999934, 43.17125220500003 ], [ -3.869050086999948, 43.162810051000065 ], [ -3.875438369999927, 43.157401248000042 ], [ -3.879206511999939, 43.148168265000038 ], [ -3.876640001999931, 43.13644451600004 ], [ -3.878935421999927, 43.128316229000063 ], [ -3.876160618999961, 43.117089243000066 ], [ -3.868369389999941, 43.109733877000053 ], [ -3.868333629999938, 43.101711992000048 ], [ -3.846985, 43.084338999000067 ], [ -3.84975146599993, 43.075937905000046 ], [ -3.834117318999972, 43.061393365000072 ], [ -3.836522381999941, 43.056412538000075 ], [ -3.848992541999962, 43.048001127000077 ], [ -3.851115, 43.03909199900005 ], [ -3.861842506999949, 43.042746851000061 ], [ -3.878177, 43.042486999000062 ], [ -3.878689376999944, 43.045541021000076 ], [ -3.883840387999953, 43.049599878000038 ], [ -3.909998223999935, 43.056713989000059 ], [ -3.926230477999979, 43.068200752000052 ], [ -3.945724195999958, 43.070814375000054 ], [ -3.958581, 43.077561499000069 ], [ -3.960061, 43.089563499000064 ], [ -3.948169066999981, 43.100819314000034 ], [ -3.944663724999941, 43.110147586000039 ], [ -3.95181249999996, 43.149846999000033 ], [ -3.95056349999993, 43.151925499000072 ], [ -3.953384, 43.154986999000073 ] ] ] } },
{ "type": "Feature", "properties": { "code": "39040", "name": "Marina de Cudeyo" }, "geometry": { "type": "Polygon", "coordinates": [ [ [ -3.742557499999975, 43.432212499000059 ], [ -3.738121170999932, 43.432896738000068 ], [ -3.727334796999969, 43.442186817000049 ], [ -3.722343715999955, 43.438697504000061 ], [ -3.709658, 43.411109499000077 ], [ -3.723481640999978, 43.403044507000061 ], [ -3.729752499999961, 43.38965599900007 ], [ -3.753856312999972, 43.394316618000062 ], [ -3.758363160999977, 43.402908937000063 ], [ -3.76682139899998, 43.406628413000078 ], [ -3.808099, 43.395503999000027 ], [ -3.810364499999935, 43.395972999000037 ], [ -3.813851499999942, 43.400054999000076 ], [ -3.814484, 43.402049999000042 ], [ -3.806254306999961, 43.416239262000033 ], [ -3.798201176999953, 43.414773461000038 ], [ -3.779960522999943, 43.421733925000069 ], [ -3.790232772999957, 43.43123350500008 ], [ -3.778879271999926, 43.434140832000026 ], [ -3.772853095999949, 43.441506372000049 ], [ -3.772176241999944, 43.448506889000043 ], [ -3.755782856999929, 43.446723812000073 ], [ -3.755645739999977, 43.441583999000045 ], [ -3.76174623299994, 43.435284404000072 ], [ -3.758564210999964, 43.431530612000074 ], [ -3.742557499999975, 43.432212499000059 ] ] ] } },
{ "type": "Feature", "properties": { "code": "39041", "name": "Mazcuerras" }, "geometry": { "type": "Polygon", "coordinates": [ [ [ -4.147554, 43.254406499000027 ], [ -4.179606499999977, 43.246280999000078 ], [ -4.205849783999952, 43.253891960000033 ], [ -4.220223045999944, 43.271165592000045 ], [ -4.240547160999938, 43.273331360000043 ], [ -4.246011499999952, 43.276652499000079 ], [ -4.239794317999952, 43.27812605500003 ], [ -4.227653348999979, 43.293787638000026 ], [ -4.213596374999952, 43.302009673000043 ], [ -4.205538761999946, 43.31161144400005 ], [ -4.203274456999964, 43.318694665000066 ], [ -4.174293499999976, 43.323862499000029 ], [ -4.158591472999944, 43.321972938000044 ], [ -4.146554096999978, 43.32476046000005 ], [ -4.137234002999946, 43.331210961000068 ], [ -4.12062991199997, 43.331437996000034 ], [ -4.113858499999935, 43.324278999000057 ], [ -4.128579006999928, 43.302505789000065 ], [ -4.126328, 43.29311399900007 ], [ -4.138356146999968, 43.290265117000047 ], [ -4.145934767999961, 43.279051740000057 ], [ -4.143127976999949, 43.264402317000076 ], [ -4.147554, 43.254406499000027 ] ] ] } },
{ "type": "Feature", "properties": { "code": "39042", "name": "Medio Cudeyo" }, "geometry": { "type": "Polygon", "coordinates": [ [ [ -3.808099, 43.395503999000027 ], [ -3.76682139899998, 43.406628413000078 ], [ -3.758363160999977, 43.402908937000063 ], [ -3.753856312999972, 43.394316618000062 ], [ -3.729752499999961, 43.38965599900007 ], [ -3.729721538999968, 43.382762688000071 ], [ -3.710992355999963, 43.37637987800008 ], [ -3.713396499999931, 43.363470499000073 ], [ -3.725345, 43.354444999000066 ], [ -3.733509, 43.355971999000076 ], [ -3.738247, 43.353969499000073 ], [ -3.745615499999928, 43.358028499000056 ], [ -3.753767499999981, 43.359683999000026 ], [ -3.761242, 43.360216999000045 ], [ -3.771323, 43.365732499000046 ], [ -3.778645, 43.372942499000033 ], [ -3.778647499999977, 43.378959499000075 ], [ -3.792570499999954, 43.375984499000026 ], [ -3.807606, 43.370576499000038 ], [ -3.805314499999952, 43.379253499000072 ], [ -3.806906499999968, 43.384776999000053 ], [ -3.814858499999957, 43.392205999000055 ], [ -3.808099, 43.395503999000027 ] ] ] } },
{ "type": "Feature", "properties": { "code": "39043", "name": "Meruelo" }, "geometry": { "type": "Polygon", "coordinates": [ [ [ -3.611984, 43.432642999000052 ], [ -3.605214369999942, 43.452727971000058 ], [ -3.605976260999967, 43.459010263000039 ], [ -3.585914499999944, 43.465314999000043 ], [ -3.564995843999952, 43.462133050000034 ], [ -3.555391269999973, 43.448694462000049 ], [ -3.55613, 43.436504999000078 ], [ -3.567646499999967, 43.434425499000042 ], [ -3.590045, 43.422549999000069 ], [ -3.594607, 43.421554499000081 ], [ -3.609223499999928, 43.423144999000044 ], [ -3.61435364099998, 43.429294736000031 ], [ -3.611984, 43.432642999000052 ] ] ] } },
{ "type": "Feature", "properties": { "code": "39044", "name": "Miengo" }, "geometry": { "type": "Polygon", "coordinates": [ [ [ -3.982079499999941, 43.441188999000076 ], [ -3.975581567999939, 43.439115282000046 ], [ -3.958531980999965, 43.443199905000029 ], [ -3.954733777999934, 43.439887658000032 ], [ -3.959903862999965, 43.434129804000065 ], [ -3.95706396199995, 43.425003610000033 ], [ -3.958739058999925, 43.419057932000044 ], [ -3.976038089999975, 43.410077803000036 ], [ -3.987176499999975, 43.399263499000028 ], [ -4.002994717999968, 43.397751196000058 ], [ -4.009921369999972, 43.402139916000067 ], [ -4.018215, 43.401271499000075 ], [ -4.016487667999968, 43.406310718000043 ], [ -4.03251669499997, 43.413741220000077 ], [ -4.026262621999933, 43.423571605000063 ], [ -4.035312499999975, 43.435199999000076 ], [ -4.032568227999946, 43.440324659000055 ], [ -4.02496647199996, 43.441513455000063 ], [ -4.017218897999953, 43.447566464000033 ], [ -4.00117219599997, 43.439798164000081 ], [ -3.986637017999954, 43.445119882000029 ], [ -3.982079499999941, 43.441188999000076 ] ] ] } },
{ "type": "Feature", "properties": { "code": "39045", "name": "Miera" }, "geometry": { "type": "Polygon", "coordinates": [ [ [ -3.766777499999932, 43.291928499000051 ], [ -3.74557675899996, 43.301057645000071 ], [ -3.73921474399998, 43.309588139000027 ], [ -3.709963499999958, 43.316631999000037 ], [ -3.690906986999948, 43.306481484000074 ], [ -3.681420891999949, 43.307900655000026 ], [ -3.67502, 43.301958999000078 ], [ -3.677950984999939, 43.282104316000073 ], [ -3.687951465999959, 43.26712346100004 ], [ -3.687329499999976, 43.261079499000061 ], [ -3.704341176999947, 43.260172080000075 ], [ -3.712028, 43.25474949900007 ], [ -3.716579843999966, 43.256828209000048 ], [ -3.726632560999974, 43.255302644000039 ], [ -3.737271993999968, 43.25917352700003 ], [ -3.750469887999941, 43.273408309000047 ], [ -3.767057499999964, 43.28288199900004 ], [ -3.764540422999971, 43.286167295000041 ], [ -3.766777499999932, 43.291928499000051 ] ] ] } },
{ "type": "Feature", "properties": { "code": "39046", "name": "Molledo" }, "geometry": { "type": "MultiPolygon", "coordinates": [ [ [ [ -4.099968499999932, 43.14058699900005 ], [ -4.089836849999926, 43.146630254000058 ], [ -4.081581780999954, 43.163875167000072 ], [ -4.057556599999941, 43.173136259000046 ], [ -4.043147753999961, 43.169985685000029 ], [ -4.011699513999929, 43.170970048000072 ], [ -3.985381272999973, 43.161221820000037 ], [ -3.96546206599993, 43.157490095000071 ], [ -3.95181249999996, 43.149846999000033 ], [ -3.944663724999941, 43.110147586000039 ], [ -3.948169066999981, 43.100819314000034 ], [ -3.960061, 43.089563499000064 ], [ -3.981646768999951, 43.099226058000056 ], [ -3.999879723999925, 43.101857049000046 ], [ -4.009142499999939, 43.097983999000064 ], [ -4.01292276099997, 43.105593361000047 ], [ -4.024990139999943, 43.109502305000035 ], [ -4.031304095999928, 43.116493067000079 ], [ -4.04531071599996, 43.123794138000051 ], [ -4.054997452999942, 43.134359847000042 ], [ -4.058503316999975, 43.134033493000061 ], [ -4.062252293999961, 43.127243731000078 ], [ -4.065607031999946, 43.12661533000005 ], [ -4.072379449999971, 43.128386890000058 ], [ -4.087568850999958, 43.139682223000079 ], [ -4.099968499999932, 43.14058699900005 ] ] ], [ [ [ -4.06683849999996, 43.101660499000047 ], [ -4.079245923999963, 43.099431971000058 ], [ -4.090152499999931, 43.096652999000071 ], [ -4.088188295999942, 43.10255139800006 ], [ -4.062265403999959, 43.119699191000052 ], [ -4.06267515299993, 43.11019796800008 ], [ -4.06683849999996, 43.101660499000047 ] ] ] ] } },
{ "type": "Feature", "properties": { "code": "39047", "name": "Noja" }, "geometry": { "type": "Polygon", "coordinates": [ [ [ -3.47554249999996, 43.468848999000045 ], [ -3.48408349999994, 43.464086499000075 ], [ -3.502840296999977, 43.465855016000035 ], [ -3.511089713999979, 43.465659348000031 ], [ -3.514522499999941, 43.460427499000048 ], [ -3.529531399999939, 43.469760183000062 ], [ -3.541014463999943, 43.471160088000033 ], [ -3.538380832999962, 43.479591300000038 ], [ -3.547112814999934, 43.489725253000074 ], [ -3.54250849999994, 43.493194499000026 ], [ -3.529823976999978, 43.491489886000068 ], [ -3.524149457999954, 43.494582758000035 ], [ -3.516376694999963, 43.493713667000065 ], [ -3.514055161999977, 43.491983711000046 ], [ -3.513781093999967, 43.481832416000032 ], [ -3.508609566999951, 43.476939766000044 ], [ -3.495973868999954, 43.471704233000025 ], [ -3.47554249999996, 43.468848999000045 ] ] ] } },
{ "type": "Feature", "properties": { "code": "39048", "name": "Penagos" }, "geometry": { "type": "Polygon", "coordinates": [ [ [ -3.855357, 43.335017999000058 ], [ -3.852367010999956, 43.344263690000048 ], [ -3.846576386999971, 43.348830426000063 ], [ -3.849127584999962, 43.357812757000033 ], [ -3.841264151999951, 43.361167109000064 ], [ -3.837542135999968, 43.367135049000069 ], [ -3.807606, 43.370576499000038 ], [ -3.807440536999934, 43.358265433000042 ], [ -3.801441000999944, 43.352418594000028 ], [ -3.796584285999927, 43.341204101000073 ], [ -3.779154228999971, 43.326401305000047 ], [ -3.775623436999979, 43.316466891000061 ], [ -3.778531, 43.297493499000041 ], [ -3.803116606999936, 43.297715264000033 ], [ -3.816865262999954, 43.303425736000065 ], [ -3.826908557999957, 43.316129542000056 ], [ -3.855357, 43.335017999000058 ] ] ] } },
{ "type": "Feature", "properties": { "code": "39049", "name": "Peñarrubia" }, "geometry": { "type": "Polygon", "coordinates": [ [ [ -4.547374, 43.268979499000068 ], [ -4.539415403999953, 43.260052882000025 ], [ -4.527101065999943, 43.221088082000051 ], [ -4.517779620999931, 43.213297362000048 ], [ -4.523257961999946, 43.20655971900004 ], [ -4.524941, 43.195594999000036 ], [ -4.54859397599995, 43.205100561000052 ], [ -4.557590766999965, 43.215712009000072 ], [ -4.559406016999958, 43.223445520000041 ], [ -4.58926338699996, 43.235769804000029 ], [ -4.59063399799993, 43.242141099000037 ], [ -4.60414071699995, 43.241273156000034 ], [ -4.610490272999925, 43.246702424000034 ], [ -4.62559822299994, 43.247294383000053 ], [ -4.638980922999963, 43.252518708000025 ], [ -4.641133499999967, 43.258076999000025 ], [ -4.633254665999971, 43.267295563000062 ], [ -4.63538893599997, 43.275941652000029 ], [ -4.623409776999949, 43.287600057000077 ], [ -4.604953706999936, 43.298458167000035 ], [ -4.579592204999926, 43.289858138000056 ], [ -4.568480762999968, 43.291141813000081 ], [ -4.552559011999961, 43.286588029000029 ], [ -4.553180967999936, 43.277037420000056 ], [ -4.547374, 43.268979499000068 ] ] ] } },
{ "type": "Feature", "properties": { "code": "39050", "name": "Pesaguero" }, "geometry": { "type": "Polygon", "coordinates": [ [ [ -4.606438499999967, 43.03542599900004 ], [ -4.591403747999948, 43.052248279000025 ], [ -4.589929726999969, 43.068311151000046 ], [ -4.592471499999931, 43.080520499000045 ], [ -4.585056797999925, 43.081931590000067 ], [ -4.569012467999926, 43.094161495000037 ], [ -4.571033670999952, 43.108018059000074 ], [ -4.538689365999971, 43.103659724000067 ], [ -4.522314447999975, 43.091909499000053 ], [ -4.495059509999976, 43.095917322000048 ], [ -4.487945572999934, 43.093941512000072 ], [ -4.471085, 43.100890999000057 ], [ -4.472255468999947, 43.090085528000031 ], [ -4.466267521999953, 43.080333954000025 ], [ -4.468192685999952, 43.064262413000051 ], [ -4.462069, 43.060988999000074 ], [ -4.470855359999973, 43.051208207000059 ], [ -4.476821613999959, 43.038968759000056 ], [ -4.496419752999941, 43.038295079000079 ], [ -4.521314007999933, 43.046954451000033 ], [ -4.558950313999958, 43.020163622000041 ], [ -4.573650405999956, 43.02653755700004 ], [ -4.590099303999978, 43.025969497000062 ], [ -4.606438499999967, 43.03542599900004 ] ] ] } },
{ "type": "Feature", "properties": { "code": "39051", "name": "Pesquera" }, "geometry": { "type": "Polygon", "coordinates": [ [ [ -4.056682, 43.067192499000043 ], [ -4.081227109999929, 43.07855311600008 ], [ -4.08881529699994, 43.086593716000039 ], [ -4.090152499999931, 43.096652999000071 ], [ -4.06683849999996, 43.101660499000047 ], [ -4.05549908699993, 43.098342821000074 ], [ -4.04170449999998, 43.089710999000033 ], [ -4.054345499999954, 43.079450499000075 ], [ -4.054132, 43.077456999000049 ], [ -4.056682, 43.067192499000043 ] ] ] } },
{ "type": "Feature", "properties": { "code": "39052", "name": "Piélagos" }, "geometry": { "type": "Polygon", "coordinates": [ [ [ -3.951361, 43.331677499000079 ], [ -3.963358123999967, 43.330475576000026 ], [ -3.978127280999956, 43.333568243000059 ], [ -3.983774369999935, 43.337892645000068 ], [ -4.00573049999997, 43.330994499000042 ], [ -4.013606, 43.332744499000057 ], [ -4.008187499999963, 43.355515499000035 ], [ -3.991122731999951, 43.374231739000038 ], [ -3.977398128999937, 43.38435154900003 ], [ -3.977053926999929, 43.388942933000067 ], [ -3.987176499999975, 43.399263499000028 ], [ -3.976038089999975, 43.410077803000036 ], [ -3.958739058999925, 43.419057932000044 ], [ -3.95706396199995, 43.425003610000033 ], [ -3.959903862999965, 43.434129804000065 ], [ -3.954733777999934, 43.439887658000032 ], [ -3.958531980999965, 43.443199905000029 ], [ -3.975581567999939, 43.439115282000046 ], [ -3.982079499999941, 43.441188999000076 ], [ -3.958677573999978, 43.454497698000068 ], [ -3.946279601999947, 43.469275171000049 ], [ -3.933476120999956, 43.469004250000069 ], [ -3.916272499999934, 43.474479999000039 ], [ -3.911533499999962, 43.460994499000037 ], [ -3.91681449999993, 43.457187499000042 ], [ -3.917416499999945, 43.450366999000039 ], [ -3.922885, 43.447479499000053 ], [ -3.922729, 43.44042199900008 ], [ -3.922034, 43.438598499000079 ], [ -3.923694499999954, 43.419395499000075 ], [ -3.919526107999957, 43.395703366000077 ], [ -3.922849980999956, 43.378215517000058 ], [ -3.920215438999946, 43.37559436600003 ], [ -3.913316877999932, 43.37547814900006 ], [ -3.899450497999965, 43.383408727000074 ], [ -3.885901543999978, 43.383141622000039 ], [ -3.87521206599996, 43.388063650000049 ], [ -3.861070499999926, 43.390048499000045 ], [ -3.859894499999939, 43.38747199900007 ], [ -3.861257, 43.381864499000073 ], [ -3.874287, 43.374860999000077 ], [ -3.879861207999966, 43.373688048000076 ], [ -3.903796390999958, 43.348431609000045 ], [ -3.904237, 43.34189599900003 ], [ -3.920680858999958, 43.34111461100008 ], [ -3.951361, 43.331677499000079 ] ] ] } },
{ "type": "Feature", "properties": { "code": "39053", "name": "Polaciones" }, "geometry": { "type": "Polygon", "coordinates": [ [ [ -4.404186, 43.037963499000057 ], [ -4.431247114999962, 43.045615611000073 ], [ -4.445500014999936, 43.057106125000075 ], [ -4.456199868999931, 43.057142533000047 ], [ -4.468192685999952, 43.064262413000051 ], [ -4.466267521999953, 43.080333954000025 ], [ -4.472255468999947, 43.090085528000031 ], [ -4.471085, 43.100890999000057 ], [ -4.468705908999937, 43.111654839000039 ], [ -4.482997144999956, 43.124369031000072 ], [ -4.475099870999941, 43.135695208000072 ], [ -4.462004499999978, 43.145904999000038 ], [ -4.437644430999967, 43.137272956000061 ], [ -4.412602, 43.143358999000043 ], [ -4.388175000999979, 43.131614618000071 ], [ -4.373100109999939, 43.113144240000054 ], [ -4.359818652999934, 43.110107180000057 ], [ -4.345473499999969, 43.091983499000037 ], [ -4.352837043999955, 43.085833395000066 ], [ -4.353219, 43.050815499000066 ], [ -4.362511040999948, 43.047391057000027 ], [ -4.389263607999965, 43.047805446000041 ], [ -4.399835246999942, 43.043452716000047 ], [ -4.404186, 43.037963499000057 ] ] ] } },
{ "type": "Feature", "properties": { "code": "39054", "name": "Polanco" }, "geometry": { "type": "Polygon", "coordinates": [ [ [ -4.04392, 43.384486999000046 ], [ -4.018215, 43.401271499000075 ], [ -4.009921369999972, 43.402139916000067 ], [ -4.002994717999968, 43.397751196000058 ], [ -3.987176499999975, 43.399263499000028 ], [ -3.977053926999929, 43.388942933000067 ], [ -3.977398128999937, 43.38435154900003 ], [ -3.991122731999951, 43.374231739000038 ], [ -4.008187499999963, 43.355515499000035 ], [ -4.026867326999934, 43.358499134000056 ], [ -4.035374691999948, 43.374835061000056 ], [ -4.044031, 43.382333999000025 ], [ -4.04392, 43.384486999000046 ] ] ] } },
{ "type": "Feature", "properties": { "code": "39055", "name": "Potes" }, "geometry": { "type": "Polygon", "coordinates": [ [ [ -4.644034499999975, 43.142120999000042 ], [ -4.639905499999941, 43.145251999000038 ], [ -4.632677499999943, 43.154288499000074 ], [ -4.633717, 43.16102999900005 ], [ -4.629841, 43.170527999000058 ], [ -4.616768563999926, 43.170883184000047 ], [ -4.613087533999931, 43.166543906000072 ], [ -4.612587, 43.158268999000029 ], [ -4.608328499999971, 43.132549999000048 ], [ -4.618276359999925, 43.133619684000053 ], [ -4.628795975999935, 43.141420255000071 ], [ -4.641830906999928, 43.13597687400005 ], [ -4.644034499999975, 43.142120999000042 ] ] ] } },
{ "type": "Feature", "properties": { "code": "39056", "name": "Puente Viesgo" }, "geometry": { "type": "Polygon", "coordinates": [ [ [ -3.944776499999932, 43.278249499000026 ], [ -3.963795930999936, 43.270246899000028 ], [ -3.964390189999961, 43.257039447000068 ], [ -3.989713387999927, 43.246439638000027 ], [ -3.998285499999952, 43.249542499000029 ], [ -4.003299045999938, 43.257357752000075 ], [ -3.999393641999973, 43.27061567100003 ], [ -4.002525949999949, 43.290123630000039 ], [ -4.013422499999933, 43.303900499000065 ], [ -4.003869, 43.315096999000048 ], [ -4.003277499999967, 43.318876999000054 ], [ -4.002185, 43.320623499000078 ], [ -4.00573049999997, 43.330994499000042 ], [ -3.983774369999935, 43.337892645000068 ], [ -3.978127280999956, 43.333568243000059 ], [ -3.963358123999967, 43.330475576000026 ], [ -3.951361, 43.331677499000079 ], [ -3.958375089999947, 43.31796593100006 ], [ -3.957035533999942, 43.307464205000031 ], [ -3.962992743999962, 43.302368456000067 ], [ -3.936624, 43.295187499000065 ], [ -3.952674711999975, 43.288633719000075 ], [ -3.944776499999932, 43.278249499000026 ] ] ] } },
{ "type": "Feature", "properties": { "code": "39057", "name": "Ramales de la Victoria" }, "geometry": { "type": "Polygon", "coordinates": [ [ [ -3.450329, 43.236001999000052 ], [ -3.450650759999974, 43.241681665000044 ], [ -3.458089267999981, 43.246979679000049 ], [ -3.472656122999979, 43.250809409000055 ], [ -3.484306852999964, 43.248945139000057 ], [ -3.503302, 43.25125299900003 ], [ -3.488926657999968, 43.260678201000076 ], [ -3.476031395999939, 43.274614921000079 ], [ -3.475076485999978, 43.279373431000067 ], [ -3.481340499999931, 43.289424499000063 ], [ -3.455050820999929, 43.28990807200006 ], [ -3.416483823999954, 43.278897529000062 ], [ -3.38864, 43.264184999000065 ], [ -3.39731728199996, 43.247341141000049 ], [ -3.409205042999929, 43.248241499000073 ], [ -3.415388592999932, 43.241031011000075 ], [ -3.441862107999953, 43.235485759000028 ], [ -3.450329, 43.236001999000052 ] ] ] } },
{ "type": "Feature", "properties": { "code": "39058", "name": "Rasines" }, "geometry": { "type": "Polygon", "coordinates": [ [ [ -3.473515, 43.303687999000033 ], [ -3.464882199999977, 43.299226120000071 ], [ -3.465440624999928, 43.292421938000075 ], [ -3.445915781999929, 43.298453387000052 ], [ -3.450604505999934, 43.307803923000051 ], [ -3.446742838999967, 43.309210434000079 ], [ -3.447059514999978, 43.314696622000042 ], [ -3.439020622999976, 43.318790699000033 ], [ -3.438169547999962, 43.323661510000079 ], [ -3.440994263999926, 43.327887618000034 ], [ -3.428684101999977, 43.331580813000073 ], [ -3.403138587999933, 43.329746326000077 ], [ -3.378728432999935, 43.313872168000046 ], [ -3.358830499999954, 43.306537499000058 ], [ -3.352394, 43.29987249900006 ], [ -3.349729, 43.299922999000046 ], [ -3.346781499999963, 43.298741499000073 ], [ -3.343128499999978, 43.294279999000025 ], [ -3.338584, 43.278060999000047 ], [ -3.359249525999928, 43.272430430000043 ], [ -3.369995537999955, 43.273832492000054 ], [ -3.382805572999928, 43.269740845000058 ], [ -3.38864, 43.264184999000065 ], [ -3.416483823999954, 43.278897529000062 ], [ -3.455050820999929, 43.28990807200006 ], [ -3.481340499999931, 43.289424499000063 ], [ -3.473515, 43.303687999000033 ] ] ] } },
{ "type": "Feature", "properties": { "code": "39059", "name": "Reinosa" }, "geometry": { "type": "Polygon", "coordinates": [ [ [ -4.150373971999954, 42.993069238000032 ], [ -4.145554550999975, 43.005048289000058 ], [ -4.134529546999943, 43.011848778000058 ], [ -4.125398505999954, 43.014087443000051 ], [ -4.122211138999944, 43.012058694000075 ], [ -4.126304322999943, 42.999889515000064 ], [ -4.135529206999934, 42.986855614000035 ], [ -4.141315354999961, 42.986979641000062 ], [ -4.150373971999954, 42.993069238000032 ] ] ] } },
{ "type": "Feature", "properties": { "code": "39060", "name": "Reocín" }, "geometry": { "type": "Polygon", "coordinates": [ [ [ -4.167994499999963, 43.34495799900003 ], [ -4.16453023899993, 43.348902166000073 ], [ -4.149702023999964, 43.349703950000048 ], [ -4.150922525999931, 43.35880768700008 ], [ -4.143750090999959, 43.364812717000063 ], [ -4.138713339999981, 43.363843172000031 ], [ -4.13907125299994, 43.367141531000073 ], [ -4.150498536999976, 43.374388178000061 ], [ -4.144584499999951, 43.380118999000047 ], [ -4.131487, 43.378536999000062 ], [ -4.125493499999948, 43.376527499000076 ], [ -4.119965499999978, 43.376468499000055 ], [ -4.111377499999946, 43.374898999000038 ], [ -4.097305, 43.36672949900003 ], [ -4.090018, 43.372970499000076 ], [ -4.082063, 43.363590999000053 ], [ -4.078081, 43.362389999000072 ], [ -4.081374836999942, 43.348458669000081 ], [ -4.07979, 43.343039499000042 ], [ -4.091357296999945, 43.33150648700007 ], [ -4.113858499999935, 43.324278999000057 ], [ -4.12062991199997, 43.331437996000034 ], [ -4.137234002999946, 43.331210961000068 ], [ -4.146554096999978, 43.32476046000005 ], [ -4.158591472999944, 43.321972938000044 ], [ -4.174293499999976, 43.323862499000029 ], [ -4.173128476999977, 43.336785173000067 ], [ -4.167994499999963, 43.34495799900003 ] ] ] } },
{ "type": "Feature", "properties": { "code": "39061", "name": "Ribamontán al Mar" }, "geometry": { "type": "MultiPolygon", "coordinates": [ [ [ [ -3.71846, 43.430011999000044 ], [ -3.722343715999955, 43.438697504000061 ], [ -3.727334796999969, 43.442186817000049 ], [ -3.738121170999932, 43.432896738000068 ], [ -3.742557499999975, 43.432212499000059 ], [ -3.751490908999926, 43.436153705000038 ], [ -3.745881520999944, 43.446610238000062 ], [ -3.747352660999979, 43.452365557000064 ], [ -3.769386160999943, 43.458805940000047 ], [ -3.752487887999962, 43.45663957000005 ], [ -3.732966672999964, 43.459284839000077 ], [ -3.72629724199993, 43.462489885000025 ], [ -3.725812257999962, 43.470425497000065 ], [ -3.721102464999944, 43.474482508000051 ], [ -3.705158496999957, 43.479317427000069 ], [ -3.686884775999943, 43.476004474000035 ], [ -3.655162, 43.492461999000056 ], [ -3.63820020199995, 43.468510563000052 ], [ -3.655204841999932, 43.455483375000028 ], [ -3.654570643999932, 43.448715236000055 ], [ -3.64663, 43.440205499000058 ], [ -3.668574375999981, 43.43745470500005 ], [ -3.675959507999949, 43.440676973000052 ], [ -3.697615049999968, 43.431334760000027 ], [ -3.71846, 43.430011999000044 ] ] ], [ [ [ -3.727895657999966, 43.469559242000059 ], [ -3.730660399999977, 43.468890427000076 ], [ -3.731805062999968, 43.471580735000032 ], [ -3.729373015999954, 43.477042889000074 ], [ -3.726962596999954, 43.474402214000065 ], [ -3.727895657999966, 43.469559242000059 ] ] ] ] } },
{ "type": "Feature", "properties": { "code": "39062", "name": "Ribamontán al Monte" }, "geometry": { "type": "Polygon", "coordinates": [ [ [ -3.617749499999945, 43.384566999000072 ], [ -3.620594, 43.378860499000041 ], [ -3.623488, 43.376941499000054 ], [ -3.633304209999949, 43.374936582000032 ], [ -3.659125866999943, 43.379550735000066 ], [ -3.688643163999927, 43.398429751000037 ], [ -3.703495259999954, 43.401393032000044 ], [ -3.709658, 43.411109499000077 ], [ -3.71846, 43.430011999000044 ], [ -3.697615049999968, 43.431334760000027 ], [ -3.675959507999949, 43.440676973000052 ], [ -3.668574375999981, 43.43745470500005 ], [ -3.64663, 43.440205499000058 ], [ -3.628825499999948, 43.43466199900007 ], [ -3.611984, 43.432642999000052 ], [ -3.61435364099998, 43.429294736000031 ], [ -3.611258499999963, 43.425460499000053 ], [ -3.61986584899995, 43.415606712000056 ], [ -3.616108977999943, 43.40788008100003 ], [ -3.619668428999944, 43.393814590000034 ], [ -3.617749499999945, 43.384566999000072 ] ] ] } },
{ "type": "Feature", "properties": { "code": "39063", "name": "Rionansa" }, "geometry": { "type": "Polygon", "coordinates": [ [ [ -4.483721499999945, 43.15731899900004 ], [ -4.482432442999936, 43.174824810000075 ], [ -4.454578357999935, 43.19720813400005 ], [ -4.454904266999961, 43.20257924200007 ], [ -4.447174252999957, 43.215907500000071 ], [ -4.446402336999938, 43.225534260000074 ], [ -4.449404743999935, 43.233071820000077 ], [ -4.448022254999955, 43.243032989000028 ], [ -4.451115321999964, 43.259447254000065 ], [ -4.47299213499997, 43.263777107000067 ], [ -4.482890499999939, 43.282038499000066 ], [ -4.455822105999971, 43.294769084000052 ], [ -4.443666843999949, 43.294275644000038 ], [ -4.421340499999928, 43.301228499000047 ], [ -4.410213856999974, 43.300177372000064 ], [ -4.392507126999931, 43.293118095000068 ], [ -4.389071575999935, 43.275986205000038 ], [ -4.376943777999941, 43.268841479000059 ], [ -4.368069499999933, 43.27035999900005 ], [ -4.365759487999981, 43.265226651000035 ], [ -4.380903251999939, 43.254666196000073 ], [ -4.381162578999977, 43.24899335300006 ], [ -4.377547000999925, 43.243974883000078 ], [ -4.380177211999978, 43.237450565000074 ], [ -4.361982249999926, 43.231959949000043 ], [ -4.345528225999942, 43.223188594000078 ], [ -4.338117, 43.21365399900003 ], [ -4.359012862999975, 43.201959532000046 ], [ -4.376395902999946, 43.196322489000067 ], [ -4.38125120199993, 43.183155133000071 ], [ -4.392534090999959, 43.180069827000068 ], [ -4.398431353999968, 43.164257709000026 ], [ -4.410991018999937, 43.153115985000056 ], [ -4.412602, 43.143358999000043 ], [ -4.437644430999967, 43.137272956000061 ], [ -4.462004499999978, 43.145904999000038 ], [ -4.483721499999945, 43.15731899900004 ] ] ] } },
{ "type": "Feature", "properties": { "code": "39064", "name": "Riotuerto" }, "geometry": { "type": "Polygon", "coordinates": [ [ [ -3.709963499999958, 43.316631999000037 ], [ -3.718141640999931, 43.320262907000028 ], [ -3.721569605999946, 43.327421602000072 ], [ -3.729316088999951, 43.328468122000061 ], [ -3.734075393999944, 43.332238747000076 ], [ -3.732276361999936, 43.34658624900004 ], [ -3.723018574999969, 43.350000483000031 ], [ -3.725345, 43.354444999000066 ], [ -3.713396499999931, 43.363470499000073 ], [ -3.683599802999936, 43.350061594000067 ], [ -3.671717170999955, 43.34773797400004 ], [ -3.663097587999971, 43.350542064000081 ], [ -3.65052658999997, 43.32079174100005 ], [ -3.636816, 43.310718999000073 ], [ -3.649439499999971, 43.301211499000033 ], [ -3.662982283999952, 43.30353139500005 ], [ -3.67502, 43.301958999000078 ], [ -3.681420891999949, 43.307900655000026 ], [ -3.690906986999948, 43.306481484000074 ], [ -3.709963499999958, 43.316631999000037 ] ] ] } },
{ "type": "Feature", "properties": { "code": "39065", "name": "Rozas de Valdearroyo, Las" }, "geometry": { "type": "Polygon", "coordinates": [ [ [ -4.077366, 42.989536999000052 ], [ -4.041210695999951, 42.995799495000028 ], [ -4.016059186999939, 42.985446747000026 ], [ -3.976434110999946, 43.007975096000052 ], [ -3.964491996999925, 43.005545847000064 ], [ -3.945018, 43.006491999000048 ], [ -3.956088, 42.997962499000039 ], [ -3.960838499999966, 42.99239699900005 ], [ -3.966394, 42.983703499000057 ], [ -3.9697, 42.976515999000071 ], [ -3.971765, 42.974576999000078 ], [ -3.972845, 42.970257999000069 ], [ -3.978156499999955, 42.960458499000026 ], [ -3.983727, 42.945036499000025 ], [ -3.986935, 42.940498999000056 ], [ -3.987067499999966, 42.936060999000063 ], [ -3.989792499999965, 42.933412499000042 ], [ -4.003694616999951, 42.932062975000065 ], [ -4.010688073999972, 42.93420264100007 ], [ -4.027663453999935, 42.924731910000048 ], [ -4.040087815999925, 42.935244551000039 ], [ -4.054281723999964, 42.938732415000061 ], [ -4.057809643999974, 42.945249114000035 ], [ -4.073545499999966, 42.947131499000079 ], [ -4.077007499999979, 42.954387499000063 ], [ -4.083359, 42.959316499000067 ], [ -4.088418499999932, 42.959846499000037 ], [ -4.08405149999993, 42.970172999000056 ], [ -4.079612499999939, 42.975112999000032 ], [ -4.077366, 42.989536999000052 ] ] ] } },
{ "type": "Feature", "properties": { "code": "39066", "name": "Ruente" }, "geometry": { "type": "Polygon", "coordinates": [ [ [ -4.323613, 43.272162499000046 ], [ -4.246011499999952, 43.276652499000079 ], [ -4.240547160999938, 43.273331360000043 ], [ -4.220223045999944, 43.271165592000045 ], [ -4.205849783999952, 43.253891960000033 ], [ -4.179606499999977, 43.246280999000078 ], [ -4.177178298999934, 43.231006228000069 ], [ -4.186854, 43.191505499000073 ], [ -4.193418, 43.191076499000076 ], [ -4.195012813999938, 43.196667926000032 ], [ -4.198713070999929, 43.198744464000072 ], [ -4.211143600999947, 43.198391575000073 ], [ -4.223337154999967, 43.202458555000078 ], [ -4.258926359999975, 43.202971018000028 ], [ -4.276823485999955, 43.206647975000067 ], [ -4.280367097999942, 43.22511064300005 ], [ -4.290714341999944, 43.241154158000029 ], [ -4.286730301999967, 43.255796660000044 ], [ -4.298245017999932, 43.261688758000048 ], [ -4.32256971399994, 43.265874457000052 ], [ -4.323613, 43.272162499000046 ] ] ] } },
{ "type": "Feature", "properties": { "code": "39067", "name": "Ruesga" }, "geometry": { "type": "MultiPolygon", "coordinates": [ [ [ [ -3.61576249999996, 43.331041499000037 ], [ -3.611441499999955, 43.332694999000068 ], [ -3.608319, 43.335033499000076 ], [ -3.594203499999935, 43.338458999000068 ], [ -3.588417, 43.338962499000047 ], [ -3.574291499999958, 43.343709499000056 ], [ -3.567338437999979, 43.324255685000026 ], [ -3.554530186999955, 43.317356536000034 ], [ -3.553870199999949, 43.311296974000072 ], [ -3.506592841999975, 43.301404962000049 ], [ -3.473515, 43.303687999000033 ], [ -3.481340499999931, 43.289424499000063 ], [ -3.475076485999978, 43.279373431000067 ], [ -3.476031395999939, 43.274614921000079 ], [ -3.488926657999968, 43.260678201000076 ], [ -3.503302, 43.25125299900003 ], [ -3.560006870999928, 43.246913857000038 ], [ -3.578705, 43.250474999000062 ], [ -3.588169380999943, 43.256725755000048 ], [ -3.586930177999932, 43.27828118900004 ], [ -3.596282736999967, 43.288317491000043 ], [ -3.59679099799996, 43.294900314000074 ], [ -3.605716512999948, 43.29640332200006 ], [ -3.620131016999949, 43.291443323000067 ], [ -3.641895933999933, 43.292701515000033 ], [ -3.649439499999971, 43.301211499000033 ], [ -3.636816, 43.310718999000073 ], [ -3.61576249999996, 43.331041499000037 ] ] ], [ [ [ -3.656863, 43.234953999000027 ], [ -3.668209390999948, 43.233635554000045 ], [ -3.684870958999966, 43.240711083000065 ], [ -3.700959499999954, 43.238871999000025 ], [ -3.712028, 43.25474949900007 ], [ -3.704341176999947, 43.260172080000075 ], [ -3.687329499999976, 43.261079499000061 ], [ -3.677199177999967, 43.254929306000065 ], [ -3.662964817999978, 43.253391072000056 ], [ -3.653566411999975, 43.24294061900008 ], [ -3.659738038999933, 43.23828054300003 ], [ -3.656863, 43.234953999000027 ] ] ] ] } },
{ "type": "Feature", "properties": { "code": "39068", "name": "Ruiloba" }, "geometry": { "type": "Polygon", "coordinates": [ [ [ -4.280990499999973, 43.38714199900005 ], [ -4.260125201999927, 43.396064081000077 ], [ -4.23320051099995, 43.40014410200007 ], [ -4.226888021999969, 43.399684086000036 ], [ -4.222365, 43.395507999000074 ], [ -4.223947917999965, 43.38310378400007 ], [ -4.235732648999942, 43.363629930000059 ], [ -4.256082877999972, 43.360707959000081 ], [ -4.267611, 43.363456499000051 ], [ -4.279666880999969, 43.375491443000044 ], [ -4.280990499999973, 43.38714199900005 ] ] ] } },
{ "type": "Feature", "properties": { "code": "39069", "name": "San Felices de Buelna" }, "geometry": { "type": "Polygon", "coordinates": [ [ [ -4.074352499999975, 43.299851499000056 ], [ -4.013422499999933, 43.303900499000065 ], [ -4.002525949999949, 43.290123630000039 ], [ -3.999393641999973, 43.27061567100003 ], [ -4.003299045999938, 43.257357752000075 ], [ -3.998285499999952, 43.249542499000029 ], [ -3.997120577999965, 43.242177599000058 ], [ -4.002253499999938, 43.232872499000052 ], [ -4.006408825999927, 43.228377358000046 ], [ -4.019297, 43.227128499000059 ], [ -4.030108064999979, 43.240200769000069 ], [ -4.052118066999981, 43.251313851000077 ], [ -4.068991848999929, 43.284160085000053 ], [ -4.075498771999946, 43.291395255000054 ], [ -4.072928547999936, 43.296701967000047 ], [ -4.074352499999975, 43.299851499000056 ] ] ] } },
{ "type": "Feature", "properties": { "code": "39070", "name": "San Miguel de Aguayo" }, "geometry": { "type": "Polygon", "coordinates": [ [ [ -4.04342749999995, 43.043700499000067 ], [ -4.054683499999953, 43.058977499000036 ], [ -4.053142, 43.061599499000067 ], [ -4.053398499999957, 43.067389999000056 ], [ -4.056682, 43.067192499000043 ], [ -4.054132, 43.077456999000049 ], [ -4.054345499999954, 43.079450499000075 ], [ -4.04170449999998, 43.089710999000033 ], [ -4.037392499999953, 43.08914949900003 ], [ -4.015254, 43.092904999000041 ], [ -4.009142499999939, 43.097983999000064 ], [ -3.999879723999925, 43.101857049000046 ], [ -3.981646768999951, 43.099226058000056 ], [ -3.960061, 43.089563499000064 ], [ -3.958581, 43.077561499000069 ], [ -4.00278788199995, 43.045559336000053 ], [ -4.032153044999973, 43.03909098400004 ], [ -4.04342749999995, 43.043700499000067 ] ] ] } },
{ "type": "Feature", "properties": { "code": "39071", "name": "San Pedro del Romeral" }, "geometry": { "type": "Polygon", "coordinates": [ [ [ -3.857235, 43.168271999000069 ], [ -3.850625416999947, 43.155679554000073 ], [ -3.828818829999932, 43.159721847000071 ], [ -3.818468115999963, 43.148605926000073 ], [ -3.808868313999938, 43.131912701000033 ], [ -3.795953477999944, 43.127546791000043 ], [ -3.779160457999978, 43.105109371000026 ], [ -3.756044499999973, 43.098917499000038 ], [ -3.759121103999973, 43.092616185000054 ], [ -3.757887592999964, 43.085867087000054 ], [ -3.760583, 43.083457999000075 ], [ -3.789862888999949, 43.078354192000063 ], [ -3.810927707999952, 43.086095840000041 ], [ -3.825046352999948, 43.080559577000031 ], [ -3.846985, 43.084338999000067 ], [ -3.868333629999938, 43.101711992000048 ], [ -3.868369389999941, 43.109733877000053 ], [ -3.876160618999961, 43.117089243000066 ], [ -3.878935421999927, 43.128316229000063 ], [ -3.876640001999931, 43.13644451600004 ], [ -3.879206511999939, 43.148168265000038 ], [ -3.875438369999927, 43.157401248000042 ], [ -3.869050086999948, 43.162810051000065 ], [ -3.869522754999934, 43.17125220500003 ], [ -3.857235, 43.168271999000069 ] ] ] } },
{ "type": "Feature", "properties": { "code": "39072", "name": "San Roque de Riomiera" }, "geometry": { "type": "Polygon", "coordinates": [ [ [ -3.654523499999925, 43.170917499000041 ], [ -3.660483642999964, 43.168375322000031 ], [ -3.66889213099995, 43.157655964000071 ], [ -3.677086499999973, 43.154504999000039 ], [ -3.699044464999929, 43.160987915000078 ], [ -3.701004797999929, 43.174413670000035 ], [ -3.71445749999998, 43.184071499000027 ], [ -3.716051376999928, 43.193616163000058 ], [ -3.728048284999943, 43.204392164000069 ], [ -3.728024827999946, 43.216150741000035 ], [ -3.744587499999966, 43.229019999000059 ], [ -3.76079152799997, 43.23733188500006 ], [ -3.762785, 43.243985499000075 ], [ -3.759430954999971, 43.25164884600008 ], [ -3.766342177999945, 43.266851932000066 ], [ -3.762655219999942, 43.273722558000031 ], [ -3.768738499999927, 43.281278999000051 ], [ -3.767057499999964, 43.28288199900004 ], [ -3.750469887999941, 43.273408309000047 ], [ -3.737271993999968, 43.25917352700003 ], [ -3.726632560999974, 43.255302644000039 ], [ -3.716579843999966, 43.256828209000048 ], [ -3.712028, 43.25474949900007 ], [ -3.700959499999954, 43.238871999000025 ], [ -3.700328294999963, 43.233643415000074 ], [ -3.707291078999958, 43.218975349000061 ], [ -3.695036796999943, 43.198107033000042 ], [ -3.687266118999958, 43.190189014000055 ], [ -3.68301857299997, 43.177173375000052 ], [ -3.674706473999947, 43.172165246000077 ], [ -3.654523499999925, 43.170917499000041 ] ] ] } },
{ "type": "Feature", "properties": { "code": "39073", "name": "Santa Cruz de Bezana" }, "geometry": { "type": "Polygon", "coordinates": [ [ [ -3.916272499999934, 43.474479999000039 ], [ -3.894765484999937, 43.476692162000063 ], [ -3.88975228299995, 43.474068699000043 ], [ -3.881743, 43.474727499000039 ], [ -3.875231562999943, 43.468652994000081 ], [ -3.870762494999951, 43.458786734000057 ], [ -3.886600959999953, 43.451920223000059 ], [ -3.888345499999957, 43.443330999000068 ], [ -3.90270109599993, 43.43616430700007 ], [ -3.897475671999928, 43.423605670000029 ], [ -3.904475970999954, 43.414401074000068 ], [ -3.921488499999953, 43.408176499000035 ], [ -3.923694499999954, 43.419395499000075 ], [ -3.922034, 43.438598499000079 ], [ -3.922729, 43.44042199900008 ], [ -3.922885, 43.447479499000053 ], [ -3.917416499999945, 43.450366999000039 ], [ -3.91681449999993, 43.457187499000042 ], [ -3.911533499999962, 43.460994499000037 ], [ -3.916272499999934, 43.474479999000039 ] ] ] } },
{ "type": "Feature", "properties": { "code": "39074", "name": "Santa María de Cayón" }, "geometry": { "type": "Polygon", "coordinates": [ [ [ -3.91992, 43.292522999000028 ], [ -3.924288744999956, 43.304875030000062 ], [ -3.912521803999937, 43.310221695000052 ], [ -3.898502706999977, 43.309687241000063 ], [ -3.893432425999947, 43.313893747000066 ], [ -3.896282508999946, 43.325627968000049 ], [ -3.904629972999942, 43.333163070000069 ], [ -3.90432, 43.338171499000055 ], [ -3.879861207999966, 43.329564986000037 ], [ -3.855357, 43.335017999000058 ], [ -3.826908557999957, 43.316129542000056 ], [ -3.816865262999954, 43.303425736000065 ], [ -3.803116606999936, 43.297715264000033 ], [ -3.778531, 43.297493499000041 ], [ -3.766777499999932, 43.291928499000051 ], [ -3.764540422999971, 43.286167295000041 ], [ -3.768738499999927, 43.281278999000051 ], [ -3.776269712999976, 43.280280021000067 ], [ -3.787486575999935, 43.271579458000076 ], [ -3.81594840799994, 43.271474500000068 ], [ -3.838485499999933, 43.282319999000038 ], [ -3.853859583999963, 43.280986209000048 ], [ -3.867669366999962, 43.285253321000027 ], [ -3.910732499999938, 43.288137999000071 ], [ -3.91992, 43.292522999000028 ] ] ] } },
{ "type": "Feature", "properties": { "code": "39075", "name": "Santander" }, "geometry": { "type": "Polygon", "coordinates": [ [ [ -3.830432, 43.434993999000028 ], [ -3.879861207999966, 43.438437673000067 ], [ -3.888345499999957, 43.443330999000068 ], [ -3.886600959999953, 43.451920223000059 ], [ -3.870762494999951, 43.458786734000057 ], [ -3.875231562999943, 43.468652994000081 ], [ -3.881743, 43.474727499000039 ], [ -3.878637473999959, 43.479324747000078 ], [ -3.861731881999958, 43.476190729000052 ], [ -3.84443631399995, 43.483609668000042 ], [ -3.836678839999934, 43.480161449000036 ], [ -3.825027424999973, 43.49011431100007 ], [ -3.810591618999979, 43.494474566000065 ], [ -3.78615181899994, 43.491185202000054 ], [ -3.784834886999931, 43.487207739000041 ], [ -3.779780637999977, 43.485499308000044 ], [ -3.787125790999937, 43.480393190000029 ], [ -3.784545333999972, 43.475358137000057 ], [ -3.776152872999944, 43.469979012000067 ], [ -3.767987111999958, 43.471045322000066 ], [ -3.764035174999947, 43.468491247000031 ], [ -3.787252488999968, 43.461823656000035 ], [ -3.803072921999956, 43.460428150000041 ], [ -3.816230978999954, 43.44807133200004 ], [ -3.826661096999942, 43.446429144000035 ], [ -3.832370434999973, 43.440073020000057 ], [ -3.830432, 43.434993999000028 ] ] ] } },
{ "type": "Feature", "properties": { "code": "39076", "name": "Santillana del Mar" }, "geometry": { "type": "Polygon", "coordinates": [ [ [ -4.133768, 43.414069999000048 ], [ -4.114730295999948, 43.418579686000044 ], [ -4.097825499999942, 43.426475499000048 ], [ -4.090181812999958, 43.415800905000026 ], [ -4.092535105999957, 43.407854723000071 ], [ -4.078156161999971, 43.396985586000028 ], [ -4.06354676899997, 43.394754024000065 ], [ -4.047949481999979, 43.384018583000056 ], [ -4.04392, 43.384486999000046 ], [ -4.044031, 43.382333999000025 ], [ -4.049777070999937, 43.372139679000043 ], [ -4.048641884999938, 43.362956061000034 ], [ -4.059750670999961, 43.368422054000064 ], [ -4.078081, 43.362389999000072 ], [ -4.082063, 43.363590999000053 ], [ -4.090018, 43.372970499000076 ], [ -4.097305, 43.36672949900003 ], [ -4.111377499999946, 43.374898999000038 ], [ -4.119965499999978, 43.376468499000055 ], [ -4.125493499999948, 43.376527499000076 ], [ -4.131487, 43.378536999000062 ], [ -4.144584499999951, 43.380118999000047 ], [ -4.127069020999954, 43.391430599000046 ], [ -4.127800881999974, 43.396865297000033 ], [ -4.132079060999956, 43.404638574000046 ], [ -4.131755867999971, 43.412638195000056 ], [ -4.133768, 43.414069999000048 ] ] ] } },
{ "type": "Feature", "properties": { "code": "39077", "name": "Santiurde de Reinosa" }, "geometry": { "type": "Polygon", "coordinates": [ [ [ -4.04342749999995, 43.043700499000067 ], [ -4.045294, 43.041390499000045 ], [ -4.04153649999995, 43.031155499000079 ], [ -4.048314, 43.03209399900004 ], [ -4.052296499999954, 43.030958999000063 ], [ -4.061184, 43.031155999000077 ], [ -4.065942499999949, 43.033742999000026 ], [ -4.07532249999997, 43.035461999000063 ], [ -4.078134, 43.037022999000044 ], [ -4.078156, 43.034961499000076 ], [ -4.088387134999948, 43.032390234000047 ], [ -4.102281476999963, 43.041696939000076 ], [ -4.101537082999926, 43.051918998000076 ], [ -4.120556161999957, 43.062864062000074 ], [ -4.121676915999956, 43.081304191000072 ], [ -4.13232, 43.087871499000073 ], [ -4.133584499999927, 43.103688499000043 ], [ -4.112575, 43.10097199900008 ], [ -4.090152499999931, 43.096652999000071 ], [ -4.08881529699994, 43.086593716000039 ], [ -4.081227109999929, 43.07855311600008 ], [ -4.056682, 43.067192499000043 ], [ -4.053398499999957, 43.067389999000056 ], [ -4.053142, 43.061599499000067 ], [ -4.054683499999953, 43.058977499000036 ], [ -4.04342749999995, 43.043700499000067 ] ] ] } },
{ "type": "Feature", "properties": { "code": "39078", "name": "Santiurde de Toranzo" }, "geometry": { "type": "Polygon", "coordinates": [ [ [ -3.899925, 43.172458499000072 ], [ -3.908225245999972, 43.181350110000039 ], [ -3.907175793999954, 43.189065504000041 ], [ -3.909452970999951, 43.193530940000073 ], [ -3.926963744999966, 43.20577187400005 ], [ -3.944908876999932, 43.225886794000075 ], [ -3.945930865999969, 43.241590833000032 ], [ -3.940957321999974, 43.263724700000068 ], [ -3.944776499999932, 43.278249499000026 ], [ -3.952674711999975, 43.288633719000075 ], [ -3.936624, 43.295187499000065 ], [ -3.931528, 43.29231149900005 ], [ -3.91992, 43.292522999000028 ], [ -3.910732499999938, 43.288137999000071 ], [ -3.923252743999967, 43.283628381000028 ], [ -3.923979367999948, 43.266782908000039 ], [ -3.91041041099993, 43.249006335000047 ], [ -3.90557423499996, 43.236419942000055 ], [ -3.89705349999997, 43.231517999000062 ], [ -3.889388955999948, 43.207780471000035 ], [ -3.871776, 43.197397499000033 ], [ -3.87813383699995, 43.19021147400008 ], [ -3.874498, 43.18443049900003 ], [ -3.87433720699994, 43.178786565000053 ], [ -3.886583164999934, 43.171651064000059 ], [ -3.899925, 43.172458499000072 ] ] ] } },
{ "type": "Feature", "properties": { "code": "39079", "name": "Santoña" }, "geometry": { "type": "Polygon", "coordinates": [ [ [ -3.47554249999996, 43.468848999000045 ], [ -3.43606621999993, 43.464608121000026 ], [ -3.426313136999966, 43.454395316000046 ], [ -3.426951332999977, 43.44371921700008 ], [ -3.437474794999957, 43.437717182000029 ], [ -3.459189034999952, 43.43934073500003 ], [ -3.464916, 43.444608999000025 ], [ -3.475505, 43.44292099900008 ], [ -3.473691547999977, 43.452524037000046 ], [ -3.478426320999972, 43.457448252000063 ], [ -3.486068327999931, 43.458286190000081 ], [ -3.48408349999994, 43.464086499000075 ], [ -3.47554249999996, 43.468848999000045 ] ] ] } },
{ "type": "Feature", "properties": { "code": "39080", "name": "San Vicente de la Barquera" }, "geometry": { "type": "Polygon", "coordinates": [ [ [ -4.431054499999959, 43.393222999000045 ], [ -4.429551717999971, 43.396577515000047 ], [ -4.414953211999944, 43.397892865000074 ], [ -4.375821142999939, 43.391087471000048 ], [ -4.343392016999928, 43.405827281000029 ], [ -4.339686168999947, 43.404043410000043 ], [ -4.338008864999949, 43.396439274000045 ], [ -4.333285, 43.392036499000028 ], [ -4.336956049999969, 43.382885169000076 ], [ -4.344317230999934, 43.380987182000069 ], [ -4.348411519999956, 43.376560734000066 ], [ -4.344091772999946, 43.365885131000027 ], [ -4.377200692999963, 43.366533682000068 ], [ -4.38490302799994, 43.354749933000051 ], [ -4.381219434999934, 43.347980196000037 ], [ -4.383352073999959, 43.335162289000039 ], [ -4.397286592999933, 43.332084308000049 ], [ -4.410859337999966, 43.333283989000051 ], [ -4.415339397999958, 43.330219383000042 ], [ -4.415791901999967, 43.322917628000027 ], [ -4.428348, 43.320222499000067 ], [ -4.429988, 43.324639499000057 ], [ -4.439614499999948, 43.331799499000056 ], [ -4.447274, 43.335090499000046 ], [ -4.44516374799997, 43.338735080000049 ], [ -4.432569576999981, 43.34465982200004 ], [ -4.421875658999966, 43.364084866000042 ], [ -4.424664450999956, 43.376764140000034 ], [ -4.432308055999954, 43.38067828100003 ], [ -4.434059076999972, 43.390053711000064 ], [ -4.431054499999959, 43.393222999000045 ] ] ] } },
{ "type": "Feature", "properties": { "code": "39081", "name": "Saro" }, "geometry": { "type": "Polygon", "coordinates": [ [ [ -3.843132499999967, 43.251522999000031 ], [ -3.848440137999944, 43.267594087000077 ], [ -3.838485499999933, 43.282319999000038 ], [ -3.81594840799994, 43.271474500000068 ], [ -3.787486575999935, 43.271579458000076 ], [ -3.776269712999976, 43.280280021000067 ], [ -3.768738499999927, 43.281278999000051 ], [ -3.762655219999942, 43.273722558000031 ], [ -3.766342177999945, 43.266851932000066 ], [ -3.759430954999971, 43.25164884600008 ], [ -3.762785, 43.243985499000075 ], [ -3.808149354999955, 43.257146458000079 ], [ -3.824454835999973, 43.251746783000044 ], [ -3.843132499999967, 43.251522999000031 ] ] ] } },
{ "type": "Feature", "properties": { "code": "39082", "name": "Selaya" }, "geometry": { "type": "Polygon", "coordinates": [ [ [ -3.803641499999969, 43.176892999000074 ], [ -3.80390141099997, 43.19330308800005 ], [ -3.816882871999951, 43.204253938000079 ], [ -3.810107911999978, 43.221932932000072 ], [ -3.785137592999945, 43.224822718000041 ], [ -3.770418295999946, 43.234405537000043 ], [ -3.744587499999966, 43.229019999000059 ], [ -3.728024827999946, 43.216150741000035 ], [ -3.728048284999943, 43.204392164000069 ], [ -3.716051376999928, 43.193616163000058 ], [ -3.71445749999998, 43.184071499000027 ], [ -3.757396489999962, 43.174120584000036 ], [ -3.765455250999935, 43.176889784000025 ], [ -3.803641499999969, 43.176892999000074 ] ] ] } },
{ "type": "Feature", "properties": { "code": "39083", "name": "Soba" }, "geometry": { "type": "Polygon", "coordinates": [ [ [ -3.417608, 43.133315999000047 ], [ -3.444725099999971, 43.132084550000059 ], [ -3.461852343999965, 43.136195044000033 ], [ -3.490184967999937, 43.133834482000054 ], [ -3.508912, 43.136059999000054 ], [ -3.543454663999967, 43.147810839000044 ], [ -3.574591860999931, 43.153008534000037 ], [ -3.586455116999957, 43.154165884000065 ], [ -3.602752658999975, 43.150586034000071 ], [ -3.607142454999973, 43.162444692000065 ], [ -3.613254691999941, 43.169560150000052 ], [ -3.646643942999958, 43.179067961000044 ], [ -3.65565036199996, 43.176724252000042 ], [ -3.654523499999925, 43.170917499000041 ], [ -3.674706473999947, 43.172165246000077 ], [ -3.68301857299997, 43.177173375000052 ], [ -3.687266118999958, 43.190189014000055 ], [ -3.695036796999943, 43.198107033000042 ], [ -3.707291078999958, 43.218975349000061 ], [ -3.700328294999963, 43.233643415000074 ], [ -3.700959499999954, 43.238871999000025 ], [ -3.684870958999966, 43.240711083000065 ], [ -3.668209390999948, 43.233635554000045 ], [ -3.656863, 43.234953999000027 ], [ -3.615761024999927, 43.235301538000044 ], [ -3.594715820999966, 43.242982073000064 ], [ -3.582976468999959, 43.240890457000035 ], [ -3.578705, 43.250474999000062 ], [ -3.560006870999928, 43.246913857000038 ], [ -3.503302, 43.25125299900003 ], [ -3.484306852999964, 43.248945139000057 ], [ -3.472656122999979, 43.250809409000055 ], [ -3.458089267999981, 43.246979679000049 ], [ -3.450650759999974, 43.241681665000044 ], [ -3.450329, 43.236001999000052 ], [ -3.433796448999942, 43.206674550000059 ], [ -3.435431499999936, 43.197976999000048 ], [ -3.432883495999931, 43.170273876000067 ], [ -3.422019997999939, 43.151040352000052 ], [ -3.417608, 43.133315999000047 ] ] ] } },
{ "type": "Feature", "properties": { "code": "39084", "name": "Solórzano" }, "geometry": { "type": "Polygon", "coordinates": [ [ [ -3.546825, 43.381328499000062 ], [ -3.550973499999941, 43.373851999000067 ], [ -3.556593499999963, 43.367511999000044 ], [ -3.557694499999968, 43.362369999000066 ], [ -3.559623, 43.360072999000067 ], [ -3.570656499999927, 43.354877499000054 ], [ -3.572051, 43.352241499000058 ], [ -3.574570499999936, 43.349857499000052 ], [ -3.574291499999958, 43.343709499000056 ], [ -3.588417, 43.338962499000047 ], [ -3.594203499999935, 43.338458999000068 ], [ -3.608319, 43.335033499000076 ], [ -3.611441499999955, 43.332694999000068 ], [ -3.61576249999996, 43.331041499000037 ], [ -3.625693224999964, 43.339673836000031 ], [ -3.615039250999928, 43.368209089000061 ], [ -3.623488, 43.376941499000054 ], [ -3.620594, 43.378860499000041 ], [ -3.617749499999945, 43.384566999000072 ], [ -3.611095, 43.381919999000047 ], [ -3.607434499999954, 43.382009499000048 ], [ -3.598268, 43.386154999000041 ], [ -3.595043, 43.389289999000027 ], [ -3.588835499999959, 43.390796499000032 ], [ -3.572058, 43.385688999000081 ], [ -3.546825, 43.381328499000062 ] ] ] } },
{ "type": "Feature", "properties": { "code": "39085", "name": "Suances" }, "geometry": { "type": "Polygon", "coordinates": [ [ [ -4.097825499999942, 43.426475499000048 ], [ -4.091957279999974, 43.433179489000054 ], [ -4.081863859999942, 43.43737638500005 ], [ -4.080491805999941, 43.433319335000078 ], [ -4.075990506999972, 43.431271306000042 ], [ -4.056238334999932, 43.433762857000033 ], [ -4.048594801999968, 43.438083264000056 ], [ -4.046133013999963, 43.443809456000054 ], [ -4.04244904899997, 43.436883966000039 ], [ -4.035312499999975, 43.435199999000076 ], [ -4.026262621999933, 43.423571605000063 ], [ -4.03251669499997, 43.413741220000077 ], [ -4.016487667999968, 43.406310718000043 ], [ -4.018215, 43.401271499000075 ], [ -4.04392, 43.384486999000046 ], [ -4.047949481999979, 43.384018583000056 ], [ -4.06354676899997, 43.394754024000065 ], [ -4.078156161999971, 43.396985586000028 ], [ -4.092535105999957, 43.407854723000071 ], [ -4.090181812999958, 43.415800905000026 ], [ -4.097825499999942, 43.426475499000048 ] ] ] } },
{ "type": "Feature", "properties": { "code": "39086", "name": "Tojos, Los" }, "geometry": { "type": "Polygon", "coordinates": [ [ [ -4.31223, 43.145702499000038 ], [ -4.300731280999969, 43.16611634700007 ], [ -4.28881221499995, 43.169722003000061 ], [ -4.280577038999979, 43.179742281000074 ], [ -4.23860782099996, 43.171985380000081 ], [ -4.224753829999941, 43.180984941000077 ], [ -4.203995062999979, 43.18045561200006 ], [ -4.193418, 43.191076499000076 ], [ -4.186854, 43.191505499000073 ], [ -4.175376742999958, 43.170674297000062 ], [ -4.162514043999977, 43.162013993000073 ], [ -4.162564191999934, 43.151660482000068 ], [ -4.166283156999953, 43.142460626000059 ], [ -4.154197870999951, 43.132280126000069 ], [ -4.125069, 43.122053999000059 ], [ -4.131165, 43.116389499000036 ], [ -4.16124728099993, 43.101700558000061 ], [ -4.182636576999926, 43.09602362000004 ], [ -4.201678942999933, 43.094591877000028 ], [ -4.213289011999962, 43.099944082000036 ], [ -4.228136499999948, 43.098876499000028 ], [ -4.233755333999966, 43.108469372000059 ], [ -4.25897348999996, 43.13099323800003 ], [ -4.278801138999938, 43.130822346000059 ], [ -4.296044431999974, 43.12352955800003 ], [ -4.30226203899997, 43.138599354000064 ], [ -4.31223, 43.145702499000038 ] ] ] } },
{ "type": "Feature", "properties": { "code": "39087", "name": "Torrelavega" }, "geometry": { "type": "Polygon", "coordinates": [ [ [ -4.078081, 43.362389999000072 ], [ -4.059750670999961, 43.368422054000064 ], [ -4.048641884999938, 43.362956061000034 ], [ -4.049777070999937, 43.372139679000043 ], [ -4.044031, 43.382333999000025 ], [ -4.035374691999948, 43.374835061000056 ], [ -4.026867326999934, 43.358499134000056 ], [ -4.008187499999963, 43.355515499000035 ], [ -4.013606, 43.332744499000057 ], [ -4.00573049999997, 43.330994499000042 ], [ -4.002185, 43.320623499000078 ], [ -4.003277499999967, 43.318876999000054 ], [ -4.003869, 43.315096999000048 ], [ -4.013422499999933, 43.303900499000065 ], [ -4.074352499999975, 43.299851499000056 ], [ -4.066244541999936, 43.317680877000043 ], [ -4.066261976999954, 43.325135018000026 ], [ -4.059876265999947, 43.331826321000051 ], [ -4.068465186999958, 43.344071284000051 ], [ -4.07979, 43.343039499000042 ], [ -4.081374836999942, 43.348458669000081 ], [ -4.078081, 43.362389999000072 ] ] ] } },
{ "type": "Feature", "properties": { "code": "39088", "name": "Tresviso" }, "geometry": { "type": "Polygon", "coordinates": [ [ [ -4.641133499999967, 43.258076999000025 ], [ -4.652592480999942, 43.25550133400003 ], [ -4.666990562999956, 43.246506020000027 ], [ -4.690576179999937, 43.248402455000075 ], [ -4.707363035999947, 43.228810602000067 ], [ -4.715488597999979, 43.23072755100003 ], [ -4.716288154999972, 43.238208249000081 ], [ -4.722601499999939, 43.240575499000045 ], [ -4.730944499999964, 43.257335999000077 ], [ -4.712920129999929, 43.260736416000043 ], [ -4.706041, 43.266867499000057 ], [ -4.692549638999935, 43.265012675000037 ], [ -4.676286232999928, 43.267650661000062 ], [ -4.659584335999966, 43.264342329000044 ], [ -4.648096650999946, 43.26800201900005 ], [ -4.633254665999971, 43.267295563000062 ], [ -4.641133499999967, 43.258076999000025 ] ] ] } },
{ "type": "Feature", "properties": { "code": "39089", "name": "Tudanca" }, "geometry": { "type": "Polygon", "coordinates": [ [ [ -4.338117, 43.21365399900003 ], [ -4.332020098999976, 43.202253639000048 ], [ -4.330649095999945, 43.177942810000047 ], [ -4.33748462799997, 43.168113659000028 ], [ -4.334551749999946, 43.157690433000027 ], [ -4.337875688999929, 43.148916592000035 ], [ -4.336477499999944, 43.139407999000071 ], [ -4.333600201999957, 43.132372109000073 ], [ -4.326696821999974, 43.127323746000059 ], [ -4.328195003999951, 43.104335570000046 ], [ -4.345473499999969, 43.091983499000037 ], [ -4.359818652999934, 43.110107180000057 ], [ -4.373100109999939, 43.113144240000054 ], [ -4.388175000999979, 43.131614618000071 ], [ -4.412602, 43.143358999000043 ], [ -4.410991018999937, 43.153115985000056 ], [ -4.398431353999968, 43.164257709000026 ], [ -4.392534090999959, 43.180069827000068 ], [ -4.38125120199993, 43.183155133000071 ], [ -4.376395902999946, 43.196322489000067 ], [ -4.359012862999975, 43.201959532000046 ], [ -4.338117, 43.21365399900003 ] ] ] } },
{ "type": "Feature", "properties": { "code": "39090", "name": "Udías" }, "geometry": { "type": "Polygon", "coordinates": [ [ [ -4.298941, 43.339897999000073 ], [ -4.276315059999945, 43.34462618200007 ], [ -4.274430868999957, 43.352281967000067 ], [ -4.23543839599995, 43.357672922000063 ], [ -4.219413753999959, 43.352483484000061 ], [ -4.217273, 43.34645449900006 ], [ -4.221741828999939, 43.338860097000065 ], [ -4.22107979499998, 43.329932307000036 ], [ -4.226280679999945, 43.322422169000049 ], [ -4.248952091999968, 43.318081563000078 ], [ -4.260502169999938, 43.321666707000077 ], [ -4.269311, 43.319487999000046 ], [ -4.283059569999978, 43.323113035000063 ], [ -4.298941, 43.339897999000073 ] ] ] } },
{ "type": "Feature", "properties": { "code": "39091", "name": "Valdáliga" }, "geometry": { "type": "Polygon", "coordinates": [ [ [ -4.298941, 43.339897999000073 ], [ -4.283059569999978, 43.323113035000063 ], [ -4.269311, 43.319487999000046 ], [ -4.277964874999952, 43.307199466000043 ], [ -4.275836837999975, 43.29775550100004 ], [ -4.282342627999981, 43.294515002000026 ], [ -4.284314497999958, 43.290013262000059 ], [ -4.282954028999939, 43.28621042900005 ], [ -4.274881628999935, 43.282383679000077 ], [ -4.274285, 43.274990999000067 ], [ -4.323613, 43.272162499000046 ], [ -4.341863499999931, 43.272570999000038 ], [ -4.368069499999933, 43.27035999900005 ], [ -4.376943777999941, 43.268841479000059 ], [ -4.389071575999935, 43.275986205000038 ], [ -4.392507126999931, 43.293118095000068 ], [ -4.410213856999974, 43.300177372000064 ], [ -4.421340499999928, 43.301228499000047 ], [ -4.418547, 43.313781499000072 ], [ -4.423375499999963, 43.32100949900007 ], [ -4.415791901999967, 43.322917628000027 ], [ -4.415339397999958, 43.330219383000042 ], [ -4.410859337999966, 43.333283989000051 ], [ -4.397286592999933, 43.332084308000049 ], [ -4.383352073999959, 43.335162289000039 ], [ -4.381219434999934, 43.347980196000037 ], [ -4.38490302799994, 43.354749933000051 ], [ -4.377200692999963, 43.366533682000068 ], [ -4.344091772999946, 43.365885131000027 ], [ -4.348411519999956, 43.376560734000066 ], [ -4.344317230999934, 43.380987182000069 ], [ -4.336956049999969, 43.382885169000076 ], [ -4.333285, 43.392036499000028 ], [ -4.326590499999952, 43.389621499000043 ], [ -4.320102, 43.389407999000071 ], [ -4.316545871999949, 43.376643009000077 ], [ -4.309660213999962, 43.37031040800008 ], [ -4.316271362999942, 43.366306031000079 ], [ -4.318290364999939, 43.35589415100003 ], [ -4.306035528999928, 43.343355249000069 ], [ -4.298941, 43.339897999000073 ] ] ] } },
{ "type": "Feature", "properties": { "code": "39092", "name": "Valdeolea" }, "geometry": { "type": "Polygon", "coordinates": [ [ [ -4.238323499999979, 42.954154999000025 ], [ -4.234480894999933, 42.958655450000037 ], [ -4.229524425999955, 42.959498216000043 ], [ -4.159497643999941, 42.944329789000051 ], [ -4.147604849999937, 42.947240156000078 ], [ -4.139608273999954, 42.945428611000068 ], [ -4.129311808999944, 42.935682467000049 ], [ -4.136899668999945, 42.92250561000003 ], [ -4.119611, 42.918503499000053 ], [ -4.118789499999934, 42.913264999000035 ], [ -4.117114499999957, 42.909849499000075 ], [ -4.11849049999995, 42.90573499900006 ], [ -4.128594, 42.892831499000067 ], [ -4.136832499999969, 42.886314499000036 ], [ -4.140029499999969, 42.881740499000045 ], [ -4.150118, 42.871437999000079 ], [ -4.168737914999951, 42.85925730200006 ], [ -4.181299489999958, 42.858106107000026 ], [ -4.199473814999976, 42.84519719900004 ], [ -4.209873130999938, 42.845266387000038 ], [ -4.218583120999938, 42.85032715300008 ], [ -4.224770804999935, 42.858104953000066 ], [ -4.224291315999949, 42.879921613000079 ], [ -4.230633499999954, 42.896636999000066 ], [ -4.229911006999941, 42.902969822000045 ], [ -4.223543596999946, 42.910292964000064 ], [ -4.234884178999948, 42.91601780700006 ], [ -4.237683136999976, 42.920223861000068 ], [ -4.238323499999979, 42.954154999000025 ] ] ] } },
{ "type": "Feature", "properties": { "code": "39093", "name": "Valdeprado del Río" }, "geometry": { "type": "Polygon", "coordinates": [ [ [ -4.119611, 42.918503499000053 ], [ -4.090571612999952, 42.925185657000043 ], [ -4.073545499999966, 42.947131499000079 ], [ -4.057809643999974, 42.945249114000035 ], [ -4.054281723999964, 42.938732415000061 ], [ -4.040087815999925, 42.935244551000039 ], [ -4.027663453999935, 42.924731910000048 ], [ -4.010688073999972, 42.93420264100007 ], [ -4.003694616999951, 42.932062975000065 ], [ -3.989792499999965, 42.933412499000042 ], [ -3.987545982999961, 42.926071762000049 ], [ -3.973274, 42.911585999000067 ], [ -3.97215738899996, 42.908614126000032 ], [ -3.978529398999967, 42.898981592000041 ], [ -4.030745286999945, 42.888424361000034 ], [ -4.031225996999979, 42.871655360000034 ], [ -4.026634929999943, 42.864724438000053 ], [ -4.034846006999942, 42.859663479000062 ], [ -4.042814702999976, 42.860093849000066 ], [ -4.048731152999949, 42.851225747000058 ], [ -4.087603815999955, 42.84878395100003 ], [ -4.101704659999939, 42.859223001000032 ], [ -4.114053453999929, 42.862443701000075 ], [ -4.121288270999969, 42.858785822000073 ], [ -4.11700273799994, 42.85309940500008 ], [ -4.119369270999925, 42.845744009000043 ], [ -4.128136, 42.846252499000059 ], [ -4.127346628999931, 42.856450146000043 ], [ -4.145850281999969, 42.863036406000049 ], [ -4.150118, 42.871437999000079 ], [ -4.140029499999969, 42.881740499000045 ], [ -4.136832499999969, 42.886314499000036 ], [ -4.128594, 42.892831499000067 ], [ -4.11849049999995, 42.90573499900006 ], [ -4.117114499999957, 42.909849499000075 ], [ -4.118789499999934, 42.913264999000035 ], [ -4.119611, 42.918503499000053 ] ] ] } },
{ "type": "Feature", "properties": { "code": "39094", "name": "Valderredible" }, "geometry": { "type": "Polygon", "coordinates": [ [ [ -4.178731, 42.826129499000047 ], [ -4.165957521999928, 42.828749647000052 ], [ -4.15773330199994, 42.837005501000078 ], [ -4.148222166999972, 42.830301321000036 ], [ -4.142769835999957, 42.829921274000071 ], [ -4.136202000999958, 42.839956807000078 ], [ -4.128136, 42.846252499000059 ], [ -4.119369270999925, 42.845744009000043 ], [ -4.11700273799994, 42.85309940500008 ], [ -4.121288270999969, 42.858785822000073 ], [ -4.114053453999929, 42.862443701000075 ], [ -4.101704659999939, 42.859223001000032 ], [ -4.087603815999955, 42.84878395100003 ], [ -4.048731152999949, 42.851225747000058 ], [ -4.042814702999976, 42.860093849000066 ], [ -4.034846006999942, 42.859663479000062 ], [ -4.026634929999943, 42.864724438000053 ], [ -4.031225996999979, 42.871655360000034 ], [ -4.030745286999945, 42.888424361000034 ], [ -3.978529398999967, 42.898981592000041 ], [ -3.97215738899996, 42.908614126000032 ], [ -3.973274, 42.911585999000067 ], [ -3.945419, 42.909432999000046 ], [ -3.935830386999953, 42.911204063000071 ], [ -3.936019744999953, 42.904715696000039 ], [ -3.931922023999959, 42.901729455000066 ], [ -3.926596521999954, 42.905965048000041 ], [ -3.922381426999948, 42.91497415200007 ], [ -3.912184723999928, 42.922159385000043 ], [ -3.892745407999939, 42.926157294000063 ], [ -3.887383499999942, 42.948766999000043 ], [ -3.874951513999974, 42.948455379000052 ], [ -3.866035078999971, 42.953906692000032 ], [ -3.840764499999977, 42.940645499000027 ], [ -3.831571775999976, 42.929770544000064 ], [ -3.832185086999971, 42.921431138000059 ], [ -3.838926747999949, 42.91737554000008 ], [ -3.851453409999976, 42.91789030800004 ], [ -3.858271813999977, 42.905097794000028 ], [ -3.863291605999962, 42.901094346000036 ], [ -3.877762706999931, 42.90135417700003 ], [ -3.900801890999958, 42.906545808000033 ], [ -3.894546375999937, 42.889595531000055 ], [ -3.900285114999974, 42.876011138000081 ], [ -3.912164469999937, 42.86237643700008 ], [ -3.880613141999959, 42.852354972000057 ], [ -3.873799924999958, 42.853380489000074 ], [ -3.870197747999953, 42.857215753000048 ], [ -3.873133165999946, 42.865037114000074 ], [ -3.872432054999933, 42.875654799000074 ], [ -3.863282909999953, 42.887934139000038 ], [ -3.83712208399993, 42.878680074000044 ], [ -3.825374499999953, 42.868583499000067 ], [ -3.834315231999938, 42.854437251000036 ], [ -3.817432543999928, 42.835963466000067 ], [ -3.819250164999971, 42.82715416800005 ], [ -3.816246024999941, 42.813013284000078 ], [ -3.823438209999949, 42.800090501000057 ], [ -3.829498499999943, 42.798881999000059 ], [ -3.853364951999936, 42.788075456000058 ], [ -3.863929889999952, 42.786848123000027 ], [ -3.89444830399998, 42.803398257000026 ], [ -3.900572236999949, 42.790259903000049 ], [ -3.90888692599998, 42.786321464000025 ], [ -3.911290498999961, 42.769115990000046 ], [ -3.923267872999929, 42.769484762000047 ], [ -3.932025087999932, 42.773584849000031 ], [ -3.946864700999924, 42.76848156300008 ], [ -3.946600499999931, 42.761863499000071 ], [ -3.956566, 42.762168999000039 ], [ -3.965713499999936, 42.758552499000075 ], [ -3.978902, 42.758033999000077 ], [ -3.981606, 42.768260999000063 ], [ -3.983783499999959, 42.768367499000078 ], [ -3.987962, 42.770545999000035 ], [ -3.990683499999932, 42.770938999000066 ], [ -3.994579, 42.768562499000041 ], [ -3.99967, 42.768932499000073 ], [ -3.996277515999964, 42.785330200000033 ], [ -3.997090838999952, 42.801396333000071 ], [ -4.000475901999948, 42.810048558000062 ], [ -4.00132323899993, 42.827663388000076 ], [ -4.005610341999954, 42.830987948000029 ], [ -4.011656954999978, 42.829347726000037 ], [ -4.019747174999964, 42.820068646000038 ], [ -4.016477805999955, 42.808642983000027 ], [ -4.032266952999976, 42.800543073000028 ], [ -4.029947316999937, 42.789386254000078 ], [ -4.033487739999941, 42.787471164000067 ], [ -4.04175352599998, 42.789358327000059 ], [ -4.048793588999956, 42.781676901000026 ], [ -4.049736965999955, 42.774397184000065 ], [ -4.046112, 42.766800499000055 ], [ -4.054483, 42.763395499000069 ], [ -4.071931499999948, 42.760675999000057 ], [ -4.08145849999994, 42.761622999000053 ], [ -4.085262772999954, 42.770646701000032 ], [ -4.095052674999977, 42.77657782600005 ], [ -4.101557905999925, 42.791329997000048 ], [ -4.120923725999944, 42.794138732000079 ], [ -4.152527679999935, 42.791701592000038 ], [ -4.182522608999932, 42.812529941000037 ], [ -4.182189274999928, 42.818222954000078 ], [ -4.172922931999949, 42.812263770000072 ], [ -4.165321523999978, 42.81268979500004 ], [ -4.16173979499996, 42.815672147000043 ], [ -4.163761060999946, 42.820324249000066 ], [ -4.178731, 42.826129499000047 ] ], [ [ -3.915786363999928, 42.889324287000079 ], [ -3.908638571999973, 42.88560198600004 ], [ -3.904795628999977, 42.886339235000037 ], [ -3.910146722999968, 42.891801344000044 ], [ -3.915786363999928, 42.889324287000079 ] ], [ [ -3.924666477999949, 42.889499990000047 ], [ -3.919219531999943, 42.886999155000069 ], [ -3.915654891999964, 42.888951545000054 ], [ -3.919795798999928, 42.891511631000071 ], [ -3.924666477999949, 42.889499990000047 ] ], [ [ -4.113224499999944, 42.816212999000072 ], [ -4.109434, 42.813292999000055 ], [ -4.105816499999946, 42.808388999000044 ], [ -4.109354, 42.803059499000028 ], [ -4.101572, 42.793734999000037 ], [ -4.091462499999977, 42.798063499000079 ], [ -4.089491499999951, 42.800323499000058 ], [ -4.087728499999969, 42.805549499000051 ], [ -4.089333499999952, 42.809075499000073 ], [ -4.088870499999928, 42.818534499000066 ], [ -4.091835499999945, 42.821015999000053 ], [ -4.1073, 42.827701499000057 ], [ -4.112464, 42.822269499000072 ], [ -4.112242499999979, 42.818428499000049 ], [ -4.113224499999944, 42.816212999000072 ] ] ] } },
{ "type": "Feature", "properties": { "code": "39095", "name": "Val de San Vicente" }, "geometry": { "type": "Polygon", "coordinates": [ [ [ -4.431054499999959, 43.393222999000045 ], [ -4.434059076999972, 43.390053711000064 ], [ -4.432308055999954, 43.38067828100003 ], [ -4.424664450999956, 43.376764140000034 ], [ -4.421875658999966, 43.364084866000042 ], [ -4.432569576999981, 43.34465982200004 ], [ -4.44516374799997, 43.338735080000049 ], [ -4.447274, 43.335090499000046 ], [ -4.460257662999936, 43.331859988000076 ], [ -4.500512536999963, 43.338462536000065 ], [ -4.522370499999965, 43.335696999000049 ], [ -4.52302, 43.338012499000058 ], [ -4.536651, 43.342376499000068 ], [ -4.539456499999972, 43.34395949900005 ], [ -4.535053091999941, 43.351857988000063 ], [ -4.537265250999951, 43.355863167000052 ], [ -4.531454703999941, 43.359964222000031 ], [ -4.534178457999928, 43.367370203000064 ], [ -4.523459612999943, 43.366986560000043 ], [ -4.511662618999935, 43.380141109000078 ], [ -4.512301, 43.393203999000036 ], [ -4.495102182999972, 43.397053939000045 ], [ -4.486241344999939, 43.393201434000048 ], [ -4.477245761999939, 43.39506990600006 ], [ -4.47135792399996, 43.39023755900007 ], [ -4.44335310799994, 43.396664661000045 ], [ -4.431054499999959, 43.393222999000045 ] ] ] } },
{ "type": "Feature", "properties": { "code": "39096", "name": "Vega de Liébana" }, "geometry": { "type": "Polygon", "coordinates": [ [ [ -4.766838499999949, 43.07469099900004 ], [ -4.751382829999955, 43.075661283000045 ], [ -4.737407443999928, 43.08137023200004 ], [ -4.720739547999926, 43.097379752000052 ], [ -4.711003036999955, 43.100750027000061 ], [ -4.699500267999952, 43.118758939000031 ], [ -4.688069782999946, 43.127921366000066 ], [ -4.661864943999944, 43.139792348000071 ], [ -4.644034499999975, 43.142120999000042 ], [ -4.641830906999928, 43.13597687400005 ], [ -4.628795975999935, 43.141420255000071 ], [ -4.618276359999925, 43.133619684000053 ], [ -4.608328499999971, 43.132549999000048 ], [ -4.60302005799997, 43.11916775900005 ], [ -4.604649518999963, 43.113176672000066 ], [ -4.600939721999964, 43.090301310000029 ], [ -4.592471499999931, 43.080520499000045 ], [ -4.589929726999969, 43.068311151000046 ], [ -4.591403747999948, 43.052248279000025 ], [ -4.606438499999967, 43.03542599900004 ], [ -4.641054, 43.016791999000077 ], [ -4.652253676999976, 43.02084091200004 ], [ -4.672487416999957, 43.021318417000032 ], [ -4.685950688999981, 43.026174274000027 ], [ -4.705575053999951, 43.025588860000028 ], [ -4.721283094999933, 43.018300332000081 ], [ -4.737845499999935, 43.020943999000053 ], [ -4.742558586999962, 43.027623616000028 ], [ -4.734648935999928, 43.047028172000068 ], [ -4.744006964999926, 43.055191529000069 ], [ -4.76521261399995, 43.056077212000048 ], [ -4.766838499999949, 43.07469099900004 ] ] ] } },
{ "type": "Feature", "properties": { "code": "39097", "name": "Vega de Pas" }, "geometry": { "type": "Polygon", "coordinates": [ [ [ -3.677086499999973, 43.154504999000039 ], [ -3.685349659999929, 43.135351102000072 ], [ -3.702799687999971, 43.123303442000065 ], [ -3.704950933999953, 43.11679226800004 ], [ -3.71418990899997, 43.113476823000042 ], [ -3.719248499999935, 43.108350499000039 ], [ -3.756044499999973, 43.098917499000038 ], [ -3.779160457999978, 43.105109371000026 ], [ -3.795953477999944, 43.127546791000043 ], [ -3.808868313999938, 43.131912701000033 ], [ -3.818468115999963, 43.148605926000073 ], [ -3.828818829999932, 43.159721847000071 ], [ -3.850625416999947, 43.155679554000073 ], [ -3.857235, 43.168271999000069 ], [ -3.859727508999981, 43.178831689000049 ], [ -3.874498, 43.18443049900003 ], [ -3.87813383699995, 43.19021147400008 ], [ -3.871776, 43.197397499000033 ], [ -3.859547262999968, 43.198000972000045 ], [ -3.842352569999946, 43.193072877000077 ], [ -3.819592523999972, 43.175924905000045 ], [ -3.803641499999969, 43.176892999000074 ], [ -3.765455250999935, 43.176889784000025 ], [ -3.757396489999962, 43.174120584000036 ], [ -3.71445749999998, 43.184071499000027 ], [ -3.701004797999929, 43.174413670000035 ], [ -3.699044464999929, 43.160987915000078 ], [ -3.677086499999973, 43.154504999000039 ] ] ] } },
{ "type": "Feature", "properties": { "code": "39098", "name": "Villacarriedo" }, "geometry": { "type": "Polygon", "coordinates": [ [ [ -3.744587499999966, 43.229019999000059 ], [ -3.770418295999946, 43.234405537000043 ], [ -3.785137592999945, 43.224822718000041 ], [ -3.810107911999978, 43.221932932000072 ], [ -3.816882871999951, 43.204253938000079 ], [ -3.80390141099997, 43.19330308800005 ], [ -3.803641499999969, 43.176892999000074 ], [ -3.819592523999972, 43.175924905000045 ], [ -3.842352569999946, 43.193072877000077 ], [ -3.859547262999968, 43.198000972000045 ], [ -3.871776, 43.197397499000033 ], [ -3.889388955999948, 43.207780471000035 ], [ -3.89705349999997, 43.231517999000062 ], [ -3.868132639999942, 43.244260292000035 ], [ -3.845375203999936, 43.247241212000063 ], [ -3.843132499999967, 43.251522999000031 ], [ -3.824454835999973, 43.251746783000044 ], [ -3.808149354999955, 43.257146458000079 ], [ -3.762785, 43.243985499000075 ], [ -3.76079152799997, 43.23733188500006 ], [ -3.744587499999966, 43.229019999000059 ] ] ] } },
{ "type": "Feature", "properties": { "code": "39099", "name": "Villaescusa" }, "geometry": { "type": "Polygon", "coordinates": [ [ [ -3.814858499999957, 43.392205999000055 ], [ -3.806906499999968, 43.384776999000053 ], [ -3.805314499999952, 43.379253499000072 ], [ -3.807606, 43.370576499000038 ], [ -3.837542135999968, 43.367135049000069 ], [ -3.841264151999951, 43.361167109000064 ], [ -3.849127584999962, 43.357812757000033 ], [ -3.846576386999971, 43.348830426000063 ], [ -3.852367010999956, 43.344263690000048 ], [ -3.855357, 43.335017999000058 ], [ -3.879861207999966, 43.329564986000037 ], [ -3.90432, 43.338171499000055 ], [ -3.903796390999958, 43.348431609000045 ], [ -3.879861207999966, 43.373688048000076 ], [ -3.874287, 43.374860999000077 ], [ -3.861257, 43.381864499000073 ], [ -3.859894499999939, 43.38747199900007 ], [ -3.861070499999926, 43.390048499000045 ], [ -3.850660736999941, 43.386456619000057 ], [ -3.834340229999952, 43.394401053000081 ], [ -3.814858499999957, 43.392205999000055 ] ] ] } },
{ "type": "Feature", "properties": { "code": "39100", "name": "Villafufre" }, "geometry": { "type": "Polygon", "coordinates": [ [ [ -3.89705349999997, 43.231517999000062 ], [ -3.90557423499996, 43.236419942000055 ], [ -3.91041041099993, 43.249006335000047 ], [ -3.923979367999948, 43.266782908000039 ], [ -3.923252743999967, 43.283628381000028 ], [ -3.910732499999938, 43.288137999000071 ], [ -3.867669366999962, 43.285253321000027 ], [ -3.853859583999963, 43.280986209000048 ], [ -3.838485499999933, 43.282319999000038 ], [ -3.848440137999944, 43.267594087000077 ], [ -3.843132499999967, 43.251522999000031 ], [ -3.845375203999936, 43.247241212000063 ], [ -3.868132639999942, 43.244260292000035 ], [ -3.89705349999997, 43.231517999000062 ] ] ] } },
{ "type": "Feature", "properties": { "code": "39101", "name": "Valle de Villaverde" }, "geometry": { "type": "Polygon", "coordinates": [ [ [ -3.249176499999976, 43.259649499000034 ], [ -3.25347435499998, 43.244429935000028 ], [ -3.269838804999949, 43.230719214000032 ], [ -3.267509623999956, 43.223166247000051 ], [ -3.270633997999937, 43.217538260000026 ], [ -3.266672098999948, 43.205779555000049 ], [ -3.284818499999972, 43.197172999000031 ], [ -3.296470006999925, 43.206693624000025 ], [ -3.293154398999945, 43.217962207000028 ], [ -3.296889184999941, 43.226880822000055 ], [ -3.293289330999926, 43.240411627000071 ], [ -3.304406221999955, 43.251883286000066 ], [ -3.304632, 43.258628999000052 ], [ -3.279283876999955, 43.26219618500005 ], [ -3.26723524199997, 43.266847329000029 ], [ -3.249176499999976, 43.259649499000034 ] ] ] } },
{ "type": "Feature", "properties": { "code": "39102", "name": "Voto" }, "geometry": { "type": "Polygon", "coordinates": [ [ [ -3.574291499999958, 43.343709499000056 ], [ -3.574570499999936, 43.349857499000052 ], [ -3.572051, 43.352241499000058 ], [ -3.570656499999927, 43.354877499000054 ], [ -3.559623, 43.360072999000067 ], [ -3.557694499999968, 43.362369999000066 ], [ -3.556593499999963, 43.367511999000044 ], [ -3.550973499999941, 43.373851999000067 ], [ -3.546825, 43.381328499000062 ], [ -3.539579499999945, 43.382829499000024 ], [ -3.529665816999966, 43.378302363000046 ], [ -3.51065540999997, 43.387049884000078 ], [ -3.499268245999929, 43.388396218000025 ], [ -3.480672775999949, 43.379402156000026 ], [ -3.475861012999928, 43.372448469000062 ], [ -3.466870982999978, 43.37706976000004 ], [ -3.463984499999981, 43.390645999000071 ], [ -3.435008499999981, 43.377492999000026 ], [ -3.436566513999935, 43.367086017000076 ], [ -3.428362279999931, 43.361525233000066 ], [ -3.429645499999936, 43.355803499000046 ], [ -3.442321296999978, 43.355114732000061 ], [ -3.446793941999942, 43.351699259000043 ], [ -3.447768746999941, 43.345582175000061 ], [ -3.45484354499996, 43.339864076000026 ], [ -3.473146637999946, 43.314017284000045 ], [ -3.473515, 43.303687999000033 ], [ -3.506592841999975, 43.301404962000049 ], [ -3.553870199999949, 43.311296974000072 ], [ -3.554530186999955, 43.317356536000034 ], [ -3.567338437999979, 43.324255685000026 ], [ -3.574291499999958, 43.343709499000056 ] ] ] } },
{ "type": "Feature", "properties": { "code": "39016", "name": "Camargo" }, "geometry": { "type": "Polygon", "coordinates": [ [ [ -3.830432, 43.434993999000028 ], [ -3.830937458999927, 43.431807651000042 ], [ -3.819472034999933, 43.430069601000071 ], [ -3.806865362999929, 43.423822188000031 ], [ -3.822013, 43.412795999000025 ], [ -3.83179784899994, 43.406742860000065 ], [ -3.842376457999933, 43.411844503000054 ], [ -3.856536241999947, 43.399195102000078 ], [ -3.861070499999926, 43.390048499000045 ], [ -3.87521206599996, 43.388063650000049 ], [ -3.885901543999978, 43.383141622000039 ], [ -3.899450497999965, 43.383408727000074 ], [ -3.913316877999932, 43.37547814900006 ], [ -3.920215438999946, 43.37559436600003 ], [ -3.922849980999956, 43.378215517000058 ], [ -3.919526107999957, 43.395703366000077 ], [ -3.921488499999953, 43.408176499000035 ], [ -3.904475970999954, 43.414401074000068 ], [ -3.897475671999928, 43.423605670000029 ], [ -3.90270109599993, 43.43616430700007 ], [ -3.888345499999957, 43.443330999000068 ], [ -3.879861207999966, 43.438437673000067 ], [ -3.830432, 43.434993999000028 ] ] ] } },
{ "type": "Feature", "properties": { "code": "39017", "name": "Campoo de Yuso" }, "geometry": { "type": "Polygon", "coordinates": [ [ [ -4.04342749999995, 43.043700499000067 ], [ -4.032153044999973, 43.03909098400004 ], [ -4.00278788199995, 43.045559336000053 ], [ -3.958581, 43.077561499000069 ], [ -3.945724195999958, 43.070814375000054 ], [ -3.926230477999979, 43.068200752000052 ], [ -3.909998223999935, 43.056713989000059 ], [ -3.883840387999953, 43.049599878000038 ], [ -3.878689376999944, 43.045541021000076 ], [ -3.878177, 43.042486999000062 ], [ -3.89133723599997, 43.039513705000047 ], [ -3.911134662999928, 43.015851938000026 ], [ -3.945018, 43.006491999000048 ], [ -3.964491996999925, 43.005545847000064 ], [ -3.976434110999946, 43.007975096000052 ], [ -4.016059186999939, 42.985446747000026 ], [ -4.041210695999951, 42.995799495000028 ], [ -4.077366, 42.989536999000052 ], [ -4.087211496999942, 42.997211055000037 ], [ -4.089029491999952, 43.003155822000053 ], [ -4.086940640999956, 43.011683640000058 ], [ -4.081622028999959, 43.017487909000067 ], [ -4.083253492999972, 43.02611051100007 ], [ -4.078156, 43.034961499000076 ], [ -4.078134, 43.037022999000044 ], [ -4.07532249999997, 43.035461999000063 ], [ -4.065942499999949, 43.033742999000026 ], [ -4.061184, 43.031155999000077 ], [ -4.052296499999954, 43.030958999000063 ], [ -4.048314, 43.03209399900004 ], [ -4.04153649999995, 43.031155499000079 ], [ -4.045294, 43.041390499000045 ], [ -4.04342749999995, 43.043700499000067 ] ] ] } },
{ "type": "Feature", "properties": { "code": "39018", "name": "Cartes" }, "geometry": { "type": "Polygon", "coordinates": [ [ [ -4.07979, 43.343039499000042 ], [ -4.068465186999958, 43.344071284000051 ], [ -4.059876265999947, 43.331826321000051 ], [ -4.066261976999954, 43.325135018000026 ], [ -4.066244541999936, 43.317680877000043 ], [ -4.074352499999975, 43.299851499000056 ], [ -4.106881076999969, 43.292306713000073 ], [ -4.126328, 43.29311399900007 ], [ -4.128579006999928, 43.302505789000065 ], [ -4.113858499999935, 43.324278999000057 ], [ -4.091357296999945, 43.33150648700007 ], [ -4.07979, 43.343039499000042 ] ] ] } },
{ "type": "Feature", "properties": { "code": "39019", "name": "Castañeda" }, "geometry": { "type": "Polygon", "coordinates": [ [ [ -3.91992, 43.292522999000028 ], [ -3.931528, 43.29231149900005 ], [ -3.936624, 43.295187499000065 ], [ -3.962992743999962, 43.302368456000067 ], [ -3.957035533999942, 43.307464205000031 ], [ -3.958375089999947, 43.31796593100006 ], [ -3.951361, 43.331677499000079 ], [ -3.920680858999958, 43.34111461100008 ], [ -3.904237, 43.34189599900003 ], [ -3.904629972999942, 43.333163070000069 ], [ -3.896282508999946, 43.325627968000049 ], [ -3.893432425999947, 43.313893747000066 ], [ -3.898502706999977, 43.309687241000063 ], [ -3.912521803999937, 43.310221695000052 ], [ -3.924288744999956, 43.304875030000062 ], [ -3.91992, 43.292522999000028 ] ] ] } },
{ "type": "Feature", "properties": { "code": "39020", "name": "Castro-Urdiales" }, "geometry": { "type": "Polygon", "coordinates": [ [ [ -3.151461, 43.307173999000042 ], [ -3.158823076999965, 43.301338421000025 ], [ -3.193697973999974, 43.297858563000034 ], [ -3.20508880999995, 43.290387983000073 ], [ -3.209543499999938, 43.28347799900007 ], [ -3.21838, 43.28682599900003 ], [ -3.218743271999926, 43.291573895000056 ], [ -3.223958896999932, 43.297280646000047 ], [ -3.225584270999946, 43.308825273000025 ], [ -3.231928781999954, 43.315450156000054 ], [ -3.249809206999942, 43.325938931000053 ], [ -3.278059295999981, 43.335904361000075 ], [ -3.280478668999933, 43.357929397000078 ], [ -3.292270601999974, 43.368934246000038 ], [ -3.290937047999932, 43.377883704000055 ], [ -3.299491521999926, 43.376855853000052 ], [ -3.324747499999944, 43.387098999000045 ], [ -3.326807499999973, 43.390403499000058 ], [ -3.328336499999978, 43.396846499000048 ], [ -3.32676, 43.404513499000075 ], [ -3.329261499999973, 43.410322999000073 ], [ -3.336214, 43.414579999000068 ], [ -3.327780533999942, 43.415612832000079 ], [ -3.324759593999943, 43.406064496000056 ], [ -3.31941127999994, 43.403190906000077 ], [ -3.314524804999962, 43.403490138000052 ], [ -3.31030885399997, 43.408886778000067 ], [ -3.303292284999941, 43.409290417000079 ], [ -3.278461594999953, 43.402757762000078 ], [ -3.25698188299998, 43.402442355000062 ], [ -3.225447778999978, 43.39482617200008 ], [ -3.222772875999965, 43.392556021000075 ], [ -3.225363137999977, 43.386368233000042 ], [ -3.216401834999942, 43.385490431000051 ], [ -3.213402278999979, 43.376788678000025 ], [ -3.197552867999946, 43.372355421000066 ], [ -3.193689091999943, 43.365194117000044 ], [ -3.185888023999951, 43.365219378000063 ], [ -3.181008731999952, 43.35876316100007 ], [ -3.171213850999948, 43.35783434800004 ], [ -3.162835143999928, 43.35193342000008 ], [ -3.153338, 43.353221999000027 ], [ -3.151251730999945, 43.347439292000047 ], [ -3.153919389999942, 43.33825160400005 ], [ -3.150008760999981, 43.319000807000066 ], [ -3.151461, 43.307173999000042 ] ] ] } },
{ "type": "Feature", "properties": { "code": "39021", "name": "Cieza" }, "geometry": { "type": "Polygon", "coordinates": [ [ [ -4.186854, 43.191505499000073 ], [ -4.177178298999934, 43.231006228000069 ], [ -4.179606499999977, 43.246280999000078 ], [ -4.147554, 43.254406499000027 ], [ -4.125802329999942, 43.247945363000042 ], [ -4.116367344999958, 43.242101328000047 ], [ -4.101593762999926, 43.244282014000078 ], [ -4.09020234299993, 43.239678190000063 ], [ -4.073661231999949, 43.237883557000032 ], [ -4.066828499999929, 43.228380499000025 ], [ -4.067509116999929, 43.212649613000053 ], [ -4.072856330999969, 43.209398773000032 ], [ -4.085014808999972, 43.209444533000067 ], [ -4.093146514999944, 43.204102832000046 ], [ -4.102312592999965, 43.204019005000077 ], [ -4.120780013999934, 43.197590785000045 ], [ -4.149892353999974, 43.205497458000025 ], [ -4.157858274999967, 43.198303671000076 ], [ -4.186854, 43.191505499000073 ] ] ] } },
{ "type": "Feature", "properties": { "code": "39022", "name": "Cillorigo de Liébana" }, "geometry": { "type": "Polygon", "coordinates": [ [ [ -4.733497499999942, 43.194241499000043 ], [ -4.736470976999954, 43.196942519000061 ], [ -4.73589111299998, 43.207132090000073 ], [ -4.72863603899998, 43.215894458000037 ], [ -4.729619261999972, 43.223498579000079 ], [ -4.72194190099998, 43.229725766000058 ], [ -4.722601499999939, 43.240575499000045 ], [ -4.716288154999972, 43.238208249000081 ], [ -4.715488597999979, 43.23072755100003 ], [ -4.707363035999947, 43.228810602000067 ], [ -4.690576179999937, 43.248402455000075 ], [ -4.666990562999956, 43.246506020000027 ], [ -4.652592480999942, 43.25550133400003 ], [ -4.641133499999967, 43.258076999000025 ], [ -4.638980922999963, 43.252518708000025 ], [ -4.62559822299994, 43.247294383000053 ], [ -4.610490272999925, 43.246702424000034 ], [ -4.60414071699995, 43.241273156000034 ], [ -4.59063399799993, 43.242141099000037 ], [ -4.58926338699996, 43.235769804000029 ], [ -4.559406016999958, 43.223445520000041 ], [ -4.557590766999965, 43.215712009000072 ], [ -4.54859397599995, 43.205100561000052 ], [ -4.524941, 43.195594999000036 ], [ -4.521788516999948, 43.185328757000036 ], [ -4.51190749999995, 43.17202099900004 ], [ -4.522617158999935, 43.16740661700004 ], [ -4.551019528999973, 43.169827656000052 ], [ -4.561865068999964, 43.166582688000062 ], [ -4.57229958299996, 43.158955766000076 ], [ -4.581605323999952, 43.157103230000075 ], [ -4.605923498999971, 43.156003805000068 ], [ -4.612587, 43.158268999000029 ], [ -4.613087533999931, 43.166543906000072 ], [ -4.616768563999926, 43.170883184000047 ], [ -4.629841, 43.170527999000058 ], [ -4.65284459399993, 43.181579846000034 ], [ -4.658439888999965, 43.186893823000048 ], [ -4.661853862999976, 43.199101768000048 ], [ -4.668964423999967, 43.20519643800003 ], [ -4.686129715999925, 43.210732889000042 ], [ -4.701254583999969, 43.198635195000065 ], [ -4.71890450199993, 43.20023741600005 ], [ -4.733497499999942, 43.194241499000043 ] ] ] } },
{ "type": "Feature", "properties": { "code": "39023", "name": "Colindres" }, "geometry": { "type": "Polygon", "coordinates": [ [ [ -3.429068, 43.390828499000065 ], [ -3.418652504999955, 43.376794935000078 ], [ -3.435008499999981, 43.377492999000026 ], [ -3.463984499999981, 43.390645999000071 ], [ -3.465484499999945, 43.39599049900005 ], [ -3.462719, 43.403713499000048 ], [ -3.460235499999953, 43.403354499000045 ], [ -3.429068, 43.390828499000065 ] ] ] } },
{ "type": "Feature", "properties": { "code": "39024", "name": "Comillas" }, "geometry": { "type": "Polygon", "coordinates": [ [ [ -4.298941, 43.339897999000073 ], [ -4.306035528999928, 43.343355249000069 ], [ -4.318290364999939, 43.35589415100003 ], [ -4.316271362999942, 43.366306031000079 ], [ -4.309660213999962, 43.37031040800008 ], [ -4.316545871999949, 43.376643009000077 ], [ -4.320102, 43.389407999000071 ], [ -4.291460565999955, 43.393693778000056 ], [ -4.280990499999973, 43.38714199900005 ], [ -4.279666880999969, 43.375491443000044 ], [ -4.267611, 43.363456499000051 ], [ -4.25713049999996, 43.355849999000043 ], [ -4.25415849999996, 43.355220999000039 ], [ -4.274430868999957, 43.352281967000067 ], [ -4.276315059999945, 43.34462618200007 ], [ -4.298941, 43.339897999000073 ] ] ] } },
{ "type": "Feature", "properties": { "code": "39025", "name": "Corrales de Buelna, Los" }, "geometry": { "type": "Polygon", "coordinates": [ [ [ -4.026594, 43.219951499000047 ], [ -4.036293499999942, 43.221305999000037 ], [ -4.046015499999953, 43.224719999000058 ], [ -4.048878, 43.22788999900007 ], [ -4.062279, 43.229430999000044 ], [ -4.066828499999929, 43.228380499000025 ], [ -4.073661231999949, 43.237883557000032 ], [ -4.09020234299993, 43.239678190000063 ], [ -4.101593762999926, 43.244282014000078 ], [ -4.116367344999958, 43.242101328000047 ], [ -4.125802329999942, 43.247945363000042 ], [ -4.147554, 43.254406499000027 ], [ -4.143127976999949, 43.264402317000076 ], [ -4.145934767999961, 43.279051740000057 ], [ -4.138356146999968, 43.290265117000047 ], [ -4.126328, 43.29311399900007 ], [ -4.106881076999969, 43.292306713000073 ], [ -4.074352499999975, 43.299851499000056 ], [ -4.072928547999936, 43.296701967000047 ], [ -4.075498771999946, 43.291395255000054 ], [ -4.068991848999929, 43.284160085000053 ], [ -4.052118066999981, 43.251313851000077 ], [ -4.030108064999979, 43.240200769000069 ], [ -4.019297, 43.227128499000059 ], [ -4.024396499999966, 43.221034499000041 ], [ -4.026594, 43.219951499000047 ] ] ] } },
{ "type": "Feature", "properties": { "code": "39026", "name": "Corvera de Toranzo" }, "geometry": { "type": "Polygon", "coordinates": [ [ [ -3.998285499999952, 43.249542499000029 ], [ -3.989713387999927, 43.246439638000027 ], [ -3.964390189999961, 43.257039447000068 ], [ -3.963795930999936, 43.270246899000028 ], [ -3.944776499999932, 43.278249499000026 ], [ -3.940957321999974, 43.263724700000068 ], [ -3.945930865999969, 43.241590833000032 ], [ -3.944908876999932, 43.225886794000075 ], [ -3.926963744999966, 43.20577187400005 ], [ -3.909452970999951, 43.193530940000073 ], [ -3.907175793999954, 43.189065504000041 ], [ -3.908225245999972, 43.181350110000039 ], [ -3.899925, 43.172458499000072 ], [ -3.939266857999939, 43.161505595000051 ], [ -3.953384, 43.154986999000073 ], [ -3.955233904999943, 43.166439511000078 ], [ -3.976511, 43.178791499000056 ], [ -3.980089685999928, 43.205995908000034 ], [ -3.989769536999972, 43.22310753000005 ], [ -4.002253499999938, 43.232872499000052 ], [ -3.997120577999965, 43.242177599000058 ], [ -3.998285499999952, 43.249542499000029 ] ] ] } },
{ "type": "Feature", "properties": { "code": "39027", "name": "Campoo de Enmedio" }, "geometry": { "type": "Polygon", "coordinates": [ [ [ -4.119611, 42.918503499000053 ], [ -4.136899668999945, 42.92250561000003 ], [ -4.129311808999944, 42.935682467000049 ], [ -4.139608273999954, 42.945428611000068 ], [ -4.147604849999937, 42.947240156000078 ], [ -4.159497643999941, 42.944329789000051 ], [ -4.185345, 42.950219999000069 ], [ -4.164585899999963, 42.980276454000034 ], [ -4.168759810999973, 42.98841999900003 ], [ -4.157540703999928, 43.009838581000054 ], [ -4.156173051999929, 43.024220558000025 ], [ -4.16029730799994, 43.030604166000046 ], [ -4.153825456999925, 43.044110670000066 ], [ -4.154303096999968, 43.052287238000076 ], [ -4.149917491999929, 43.061958477000076 ], [ -4.136195803999954, 43.074155530000041 ], [ -4.134923445999959, 43.078945784000041 ], [ -4.137603164999973, 43.083010882000053 ], [ -4.13232, 43.087871499000073 ], [ -4.121676915999956, 43.081304191000072 ], [ -4.120556161999957, 43.062864062000074 ], [ -4.101537082999926, 43.051918998000076 ], [ -4.102281476999963, 43.041696939000076 ], [ -4.088387134999948, 43.032390234000047 ], [ -4.078156, 43.034961499000076 ], [ -4.083253492999972, 43.02611051100007 ], [ -4.081622028999959, 43.017487909000067 ], [ -4.086940640999956, 43.011683640000058 ], [ -4.089029491999952, 43.003155822000053 ], [ -4.087211496999942, 42.997211055000037 ], [ -4.077366, 42.989536999000052 ], [ -4.078846, 42.978206499000066 ], [ -4.079612499999939, 42.975112999000032 ], [ -4.08405149999993, 42.970172999000056 ], [ -4.088418499999932, 42.959846499000037 ], [ -4.083359, 42.959316499000067 ], [ -4.077007499999979, 42.954387499000063 ], [ -4.073545499999966, 42.947131499000079 ], [ -4.090571612999952, 42.925185657000043 ], [ -4.119611, 42.918503499000053 ] ], [ [ -4.150373971999954, 42.993069238000032 ], [ -4.141315354999961, 42.986979641000062 ], [ -4.135529206999934, 42.986855614000035 ], [ -4.126304322999943, 42.999889515000064 ], [ -4.122211138999944, 43.012058694000075 ], [ -4.125398505999954, 43.014087443000051 ], [ -4.134529546999943, 43.011848778000058 ], [ -4.145554550999975, 43.005048289000058 ], [ -4.150373971999954, 42.993069238000032 ] ] ] } },
{ "type": "Feature", "properties": { "code": "39028", "name": "Entrambasaguas" }, "geometry": { "type": "Polygon", "coordinates": [ [ [ -3.713396499999931, 43.363470499000073 ], [ -3.710992355999963, 43.37637987800008 ], [ -3.729721538999968, 43.382762688000071 ], [ -3.729752499999961, 43.38965599900007 ], [ -3.723481640999978, 43.403044507000061 ], [ -3.709658, 43.411109499000077 ], [ -3.703495259999954, 43.401393032000044 ], [ -3.688643163999927, 43.398429751000037 ], [ -3.659125866999943, 43.379550735000066 ], [ -3.633304209999949, 43.374936582000032 ], [ -3.623488, 43.376941499000054 ], [ -3.615039250999928, 43.368209089000061 ], [ -3.625693224999964, 43.339673836000031 ], [ -3.61576249999996, 43.331041499000037 ], [ -3.636816, 43.310718999000073 ], [ -3.65052658999997, 43.32079174100005 ], [ -3.663097587999971, 43.350542064000081 ], [ -3.671717170999955, 43.34773797400004 ], [ -3.683599802999936, 43.350061594000067 ], [ -3.713396499999931, 43.363470499000073 ] ] ] } },
{ "type": "Feature", "properties": { "code": "39029", "name": "Escalante" }, "geometry": { "type": "Polygon", "coordinates": [ [ [ -3.55572849999993, 43.43882049900003 ], [ -3.536335030999965, 43.450547308000068 ], [ -3.514710499999978, 43.454803499000036 ], [ -3.490823, 43.445211999000037 ], [ -3.475505, 43.44292099900008 ], [ -3.464916, 43.444608999000025 ], [ -3.465524971999969, 43.435611720000054 ], [ -3.482990163999943, 43.432290537000029 ], [ -3.491435499999966, 43.423166499000047 ], [ -3.521349654999938, 43.425909321000063 ], [ -3.536608454999964, 43.423587504000068 ], [ -3.545124227999963, 43.426603116000081 ], [ -3.552764, 43.423138999000059 ], [ -3.562405, 43.424872999000058 ], [ -3.573413, 43.425321499000063 ], [ -3.576432499999953, 43.429652499000042 ], [ -3.567646499999967, 43.434425499000042 ], [ -3.55613, 43.436504999000078 ], [ -3.55572849999993, 43.43882049900003 ] ] ] } },
{ "type": "Feature", "properties": { "code": "39030", "name": "Guriezo" }, "geometry": { "type": "Polygon", "coordinates": [ [ [ -3.343128499999978, 43.294279999000025 ], [ -3.346781499999963, 43.298741499000073 ], [ -3.349729, 43.299922999000046 ], [ -3.352394, 43.29987249900006 ], [ -3.358830499999954, 43.306537499000058 ], [ -3.362065756999925, 43.320498716000031 ], [ -3.372994027999937, 43.342337108000038 ], [ -3.371893, 43.356330999000079 ], [ -3.366927, 43.357318999000029 ], [ -3.352545499999962, 43.368380999000067 ], [ -3.353027499999939, 43.372981999000046 ], [ -3.351149499999963, 43.379515999000034 ], [ -3.338617, 43.384014499000045 ], [ -3.33315749999997, 43.387740999000073 ], [ -3.324747499999944, 43.387098999000045 ], [ -3.299491521999926, 43.376855853000052 ], [ -3.290937047999932, 43.377883704000055 ], [ -3.292270601999974, 43.368934246000038 ], [ -3.280478668999933, 43.357929397000078 ], [ -3.278059295999981, 43.335904361000075 ], [ -3.249809206999942, 43.325938931000053 ], [ -3.231928781999954, 43.315450156000054 ], [ -3.225584270999946, 43.308825273000025 ], [ -3.223958896999932, 43.297280646000047 ], [ -3.218743271999926, 43.291573895000056 ], [ -3.21838, 43.28682599900003 ], [ -3.227879077999944, 43.28648819600005 ], [ -3.265115830999946, 43.295500956000069 ], [ -3.279508181999972, 43.290317015000028 ], [ -3.290152491999947, 43.290469812000026 ], [ -3.293718897999952, 43.29272701900004 ], [ -3.296159976999945, 43.300152175000051 ], [ -3.322844613999962, 43.29295647400005 ], [ -3.332388505999972, 43.300616896000065 ], [ -3.343128499999978, 43.294279999000025 ] ] ] } },
{ "type": "Feature", "properties": { "code": "39031", "name": "Hazas de Cesto" }, "geometry": { "type": "Polygon", "coordinates": [ [ [ -3.576432499999953, 43.429652499000042 ], [ -3.573413, 43.425321499000063 ], [ -3.562405, 43.424872999000058 ], [ -3.552764, 43.423138999000059 ], [ -3.554955448999976, 43.404924123000058 ], [ -3.564238521999926, 43.392199855000058 ], [ -3.539579499999945, 43.382829499000024 ], [ -3.546825, 43.381328499000062 ], [ -3.572058, 43.385688999000081 ], [ -3.588835499999959, 43.390796499000032 ], [ -3.595043, 43.389289999000027 ], [ -3.598268, 43.386154999000041 ], [ -3.607434499999954, 43.382009499000048 ], [ -3.611095, 43.381919999000047 ], [ -3.617749499999945, 43.384566999000072 ], [ -3.619668428999944, 43.393814590000034 ], [ -3.616108977999943, 43.40788008100003 ], [ -3.61986584899995, 43.415606712000056 ], [ -3.611258499999963, 43.425460499000053 ], [ -3.609223499999928, 43.423144999000044 ], [ -3.594607, 43.421554499000081 ], [ -3.590045, 43.422549999000069 ], [ -3.588046499999962, 43.424171499000067 ], [ -3.576432499999953, 43.429652499000042 ] ] ] } },
{ "type": "Feature", "properties": { "code": "39032", "name": "Hermandad de Campoo de Suso" }, "geometry": { "type": "Polygon", "coordinates": [ [ [ -4.362908, 42.984866999000076 ], [ -4.374003543999947, 42.996493395000073 ], [ -4.376120641999933, 43.007521429000064 ], [ -4.384633454999971, 43.014802460000055 ], [ -4.397627713999952, 43.034060836000037 ], [ -4.404186, 43.037963499000057 ], [ -4.399835246999942, 43.043452716000047 ], [ -4.389263607999965, 43.047805446000041 ], [ -4.362511040999948, 43.047391057000027 ], [ -4.353219, 43.050815499000066 ], [ -4.33777897799996, 43.053053680000062 ], [ -4.325363502999949, 43.048369604000072 ], [ -4.314344499999947, 43.04992394900006 ], [ -4.293925329999979, 43.04712014200004 ], [ -4.286107043999948, 43.072182045000034 ], [ -4.280335870999977, 43.075203994000049 ], [ -4.250454124999976, 43.073447200000032 ], [ -4.23463622099996, 43.065306902000032 ], [ -4.235909622999941, 43.077427795000062 ], [ -4.23324445399993, 43.088359991000061 ], [ -4.228325264999967, 43.091717992000042 ], [ -4.228136499999948, 43.098876499000028 ], [ -4.213289011999962, 43.099944082000036 ], [ -4.201678942999933, 43.094591877000028 ], [ -4.182636576999926, 43.09602362000004 ], [ -4.16124728099993, 43.101700558000061 ], [ -4.131165, 43.116389499000036 ], [ -4.134025, 43.112707999000065 ], [ -4.133707, 43.09919349900008 ], [ -4.132623, 43.096347499000046 ], [ -4.133039499999938, 43.091647999000031 ], [ -4.13232, 43.087871499000073 ], [ -4.137603164999973, 43.083010882000053 ], [ -4.134923445999959, 43.078945784000041 ], [ -4.136195803999954, 43.074155530000041 ], [ -4.149917491999929, 43.061958477000076 ], [ -4.154303096999968, 43.052287238000076 ], [ -4.153825456999925, 43.044110670000066 ], [ -4.16029730799994, 43.030604166000046 ], [ -4.156173051999929, 43.024220558000025 ], [ -4.157540703999928, 43.009838581000054 ], [ -4.168759810999973, 42.98841999900003 ], [ -4.164585899999963, 42.980276454000034 ], [ -4.185345, 42.950219999000069 ], [ -4.229524425999955, 42.959498216000043 ], [ -4.234480894999933, 42.958655450000037 ], [ -4.238323499999979, 42.954154999000025 ], [ -4.262698120999971, 42.965151996000031 ], [ -4.346516178999934, 42.972252320000052 ], [ -4.362908, 42.984866999000076 ] ] ] } },
{ "type": "Feature", "properties": { "code": "39033", "name": "Herrerías" }, "geometry": { "type": "Polygon", "coordinates": [ [ [ -4.522370499999965, 43.335696999000049 ], [ -4.500512536999963, 43.338462536000065 ], [ -4.460257662999936, 43.331859988000076 ], [ -4.447274, 43.335090499000046 ], [ -4.439614499999948, 43.331799499000056 ], [ -4.429988, 43.324639499000057 ], [ -4.428348, 43.320222499000067 ], [ -4.423375499999963, 43.32100949900007 ], [ -4.418547, 43.313781499000072 ], [ -4.421340499999928, 43.301228499000047 ], [ -4.443666843999949, 43.294275644000038 ], [ -4.455822105999971, 43.294769084000052 ], [ -4.482890499999939, 43.282038499000066 ], [ -4.495120059999977, 43.279845974000068 ], [ -4.51146013999994, 43.282735316000071 ], [ -4.521519499999954, 43.280414499000074 ], [ -4.518592, 43.293956999000045 ], [ -4.519121499999926, 43.309844999000063 ], [ -4.520190499999956, 43.314574999000058 ], [ -4.52705, 43.327529999000035 ], [ -4.523, 43.333312999000043 ], [ -4.522370499999965, 43.335696999000049 ] ] ] } },
{ "type": "Feature", "properties": { "code": "39034", "name": "Lamasón" }, "geometry": { "type": "Polygon", "coordinates": [ [ [ -4.521519499999954, 43.280414499000074 ], [ -4.51146013999994, 43.282735316000071 ], [ -4.495120059999977, 43.279845974000068 ], [ -4.482890499999939, 43.282038499000066 ], [ -4.47299213499997, 43.263777107000067 ], [ -4.451115321999964, 43.259447254000065 ], [ -4.448022254999955, 43.243032989000028 ], [ -4.449404743999935, 43.233071820000077 ], [ -4.446402336999938, 43.225534260000074 ], [ -4.447174252999957, 43.215907500000071 ], [ -4.454904266999961, 43.20257924200007 ], [ -4.454578357999935, 43.19720813400005 ], [ -4.482432442999936, 43.174824810000075 ], [ -4.483721499999945, 43.15731899900004 ], [ -4.499041643999931, 43.163267222000059 ], [ -4.51190749999995, 43.17202099900004 ], [ -4.521788516999948, 43.185328757000036 ], [ -4.524941, 43.195594999000036 ], [ -4.523257961999946, 43.20655971900004 ], [ -4.517779620999931, 43.213297362000048 ], [ -4.527101065999943, 43.221088082000051 ], [ -4.539415403999953, 43.260052882000025 ], [ -4.547374, 43.268979499000068 ], [ -4.537236593999978, 43.270260609000047 ], [ -4.521519499999954, 43.280414499000074 ] ] ] } },
{ "type": "Feature", "properties": { "code": "39035", "name": "Laredo" }, "geometry": { "type": "Polygon", "coordinates": [ [ [ -3.382223, 43.415328999000053 ], [ -3.383401499999934, 43.412532999000064 ], [ -3.391785, 43.406013499000039 ], [ -3.392721499999936, 43.398055999000064 ], [ -3.391816499999948, 43.391940999000042 ], [ -3.393333, 43.389495999000076 ], [ -3.402518, 43.381991499000037 ], [ -3.411543754999968, 43.400497901000051 ], [ -3.417602722999959, 43.399880880000069 ], [ -3.424969135999959, 43.391583820000051 ], [ -3.429068, 43.390828499000065 ], [ -3.460235499999953, 43.403354499000045 ], [ -3.457620159999976, 43.420391059000053 ], [ -3.450792723999939, 43.434979918000067 ], [ -3.436152220999929, 43.419137531000047 ], [ -3.426939730999948, 43.413879172000065 ], [ -3.421254534999946, 43.41373106900005 ], [ -3.413529751999931, 43.418974509000066 ], [ -3.405557447999968, 43.415691862000074 ], [ -3.382223, 43.415328999000053 ] ] ] } }
]
}
