{
"type": "FeatureCollection",
"crs": { "type": "name", "properties": { "name": "urn:ogc:def:crs:OGC:1.3:CRS84" } },
"features": [
{ "type": "Feature", "properties": { "code": "40001", "name": "Abades" }, "geometry": { "type": "Polygon", "coordinates": [ [ [ -4.224552, 40.904620999000031 ], [ -4.223746679999977, 40.902947657000027 ], [ -4.238968303999968, 40.901411712000026 ], [ -4.250756048999961, 40.891440920000036 ], [ -4.264864063999937, 40.89123866400007 ], [ -4.272999, 40.887420499000029 ], [ -4.280852205999963, 40.888061228000026 ], [ -4.284360621999951, 40.894284420000076 ], [ -4.299464728999965, 40.893480292000049 ], [ -4.306432034999943, 40.904450138000072 ], [ -4.317552, 40.901561499000024 ], [ -4.316039499999931, 40.902488499000071 ], [ -4.318496, 40.911964999000077 ], [ -4.323764, 40.911243499000079 ], [ -4.325198499999942, 40.920028499000068 ], [ -4.332075, 40.922347999000067 ], [ -4.33395, 40.919368499000029 ], [ -4.33553, 40.922298499000078 ], [ -4.331556, 40.930350999000041 ], [ -4.308378359999949, 40.926663776000055 ], [ -4.288627, 40.94228799900003 ], [ -4.285178396999925, 40.937552283000059 ], [ -4.27557029299993, 40.933028550000074 ], [ -4.269249271999968, 40.936221874000069 ], [ -4.253185985999949, 40.932754961000057 ], [ -4.245267499999954, 40.938575999000079 ], [ -4.244190424999942, 40.933584622000069 ], [ -4.238234267999928, 40.928973306000046 ], [ -4.236944169999958, 40.912452141000074 ], [ -4.224552, 40.904620999000031 ] ] ] } },
{ "type": "Feature", "properties": { "code": "40002", "name": "Adrada de Pirón" }, "geometry": { "type": "Polygon", "coordinates": [ [ [ -4.022259, 41.054137999000034 ], [ -4.029913982999972, 41.046850960000029 ], [ -4.038103664999937, 41.043882814000028 ], [ -4.053090966999946, 41.046327950000034 ], [ -4.066220448999957, 41.052901782000049 ], [ -4.077084499999955, 41.053512499000078 ], [ -4.075266412999952, 41.059498065000071 ], [ -4.08053149999995, 41.077953499000046 ], [ -4.069955544999971, 41.070884742000032 ], [ -4.05437835999993, 41.073320271000057 ], [ -4.043040675999976, 41.070998146000079 ], [ -4.022259, 41.054137999000034 ] ] ] } },
{ "type": "Feature", "properties": { "code": "40003", "name": "Adrados" }, "geometry": { "type": "Polygon", "coordinates": [ [ [ -4.152078499999959, 41.367129999000042 ], [ -4.151469590999966, 41.377776761000064 ], [ -4.141640835999965, 41.378856408000047 ], [ -4.132538230999955, 41.388668537000058 ], [ -4.113601499999959, 41.395854999000051 ], [ -4.104844300999957, 41.383540384000071 ], [ -4.090438823999932, 41.377417248000029 ], [ -4.079221, 41.366077499000028 ], [ -4.078133249999951, 41.359370604000048 ], [ -4.058311, 41.334605999000075 ], [ -4.077975739999943, 41.345985555000027 ], [ -4.076564720999954, 41.354529860000071 ], [ -4.080666211999926, 41.359425586000043 ], [ -4.092670319999968, 41.352929626000048 ], [ -4.122941032999961, 41.35675586800005 ], [ -4.152078499999959, 41.367129999000042 ] ] ] } },
{ "type": "Feature", "properties": { "code": "40004", "name": "Aguilafuente" }, "geometry": { "type": "Polygon", "coordinates": [ [ [ -4.135451, 41.262656999000058 ], [ -4.125775613999963, 41.272472355000048 ], [ -4.079909770999961, 41.276425853000035 ], [ -4.072770587999969, 41.266453999000078 ], [ -4.049739193999926, 41.255832485000042 ], [ -4.043487437999943, 41.24692794200007 ], [ -4.041739, 41.238628499000072 ], [ -4.049349, 41.228606999000078 ], [ -4.060748, 41.22078299900005 ], [ -4.068297499999971, 41.212570499000037 ], [ -4.07343, 41.208469499000046 ], [ -4.08413749999994, 41.196636499000078 ], [ -4.091947, 41.19001399900003 ], [ -4.104676499999925, 41.189719999000033 ], [ -4.106549, 41.190368499000044 ], [ -4.105750499999942, 41.193969499000048 ], [ -4.118300499999975, 41.194328499000051 ], [ -4.117549499999939, 41.199237999000047 ], [ -4.128775499999961, 41.205623499000069 ], [ -4.143719499999975, 41.208953999000073 ], [ -4.153661, 41.207340499000054 ], [ -4.146711350999965, 41.224377463000053 ], [ -4.147934371999952, 41.234528387000069 ], [ -4.145955852999975, 41.237668959000075 ], [ -4.15061615299993, 41.251534967000055 ], [ -4.15429649999993, 41.25503149900004 ], [ -4.135451, 41.262656999000058 ] ] ] } },
{ "type": "Feature", "properties": { "code": "40005", "name": "Alconada de Maderuelo" }, "geometry": { "type": "Polygon", "coordinates": [ [ [ -3.488546, 41.481445499000074 ], [ -3.487746448999928, 41.461692655000036 ], [ -3.477222520999931, 41.454237683000031 ], [ -3.467982432999975, 41.441468760000078 ], [ -3.459447499999953, 41.441825999000059 ], [ -3.459417, 41.439349999000058 ], [ -3.486299370999973, 41.437573712000074 ], [ -3.504129704999968, 41.433127847000037 ], [ -3.509547, 41.43882349900008 ], [ -3.507630522999932, 41.44654035800005 ], [ -3.517278, 41.447867999000039 ], [ -3.516865499999938, 41.45005799900008 ], [ -3.518899, 41.452975999000046 ], [ -3.519294499999944, 41.456054499000061 ], [ -3.516955499999938, 41.463020499000038 ], [ -3.51422, 41.466735999000036 ], [ -3.504828, 41.47122549900007 ], [ -3.488546, 41.481445499000074 ] ] ] } },
{ "type": "Feature", "properties": { "code": "40006", "name": "Aldealcorvo" }, "geometry": { "type": "Polygon", "coordinates": [ [ [ -3.812193, 41.258281499000077 ], [ -3.789614666999967, 41.267502772000057 ], [ -3.787677153999937, 41.258307542000068 ], [ -3.77626349999997, 41.237939499000049 ], [ -3.778609499999959, 41.234912999000073 ], [ -3.79637530499997, 41.237451988000032 ], [ -3.806577955999956, 41.24790401000007 ], [ -3.812193, 41.258281499000077 ] ] ] } },
{ "type": "Feature", "properties": { "code": "40007", "name": "Aldealengua de Pedraza" }, "geometry": { "type": "Polygon", "coordinates": [ [ [ -3.832838, 41.100439499000061 ], [ -3.824244499999963, 41.108588999000062 ], [ -3.815504578999935, 41.104946692000055 ], [ -3.812675101999957, 41.096723368000028 ], [ -3.802273499999956, 41.095088499000042 ], [ -3.797806152999954, 41.077191244000062 ], [ -3.784577248999938, 41.063610160000053 ], [ -3.783166423999944, 41.045257375000062 ], [ -3.766767499999958, 41.018894999000054 ], [ -3.767141, 41.015930999000034 ], [ -3.780234281999981, 41.001814148000051 ], [ -3.792657862999931, 40.994675920000077 ], [ -3.820446295999943, 40.985450613000069 ], [ -3.829094, 40.986654999000052 ], [ -3.819288450999977, 41.00627171900004 ], [ -3.819102415999964, 41.017360473000053 ], [ -3.809359745999927, 41.04162788900004 ], [ -3.808175940999945, 41.051660645000027 ], [ -3.812515514999973, 41.06632404700008 ], [ -3.831896499999971, 41.086291999000025 ], [ -3.827588029999959, 41.095645964000028 ], [ -3.832838, 41.100439499000061 ] ] ] } },
{ "type": "Feature", "properties": { "code": "40008", "name": "Aldealengua de Santa María" }, "geometry": { "type": "Polygon", "coordinates": [ [ [ -3.488546, 41.481445499000074 ], [ -3.48040255899997, 41.489882754000064 ], [ -3.461603914999955, 41.494082586000047 ], [ -3.426211, 41.470264499000052 ], [ -3.428293499999938, 41.470111999000039 ], [ -3.432320499999946, 41.46322249900004 ], [ -3.444101, 41.454162499000063 ], [ -3.452892499999962, 41.445976499000039 ], [ -3.459447499999953, 41.441825999000059 ], [ -3.467982432999975, 41.441468760000078 ], [ -3.477222520999931, 41.454237683000031 ], [ -3.487746448999928, 41.461692655000036 ], [ -3.488546, 41.481445499000074 ] ] ] } },
{ "type": "Feature", "properties": { "code": "40009", "name": "Aldeanueva de la Serrezuela" }, "geometry": { "type": "Polygon", "coordinates": [ [ [ -3.787666499999943, 41.485862499000064 ], [ -3.778220149999925, 41.486561991000031 ], [ -3.770281, 41.482383999000035 ], [ -3.769902499999944, 41.479720999000051 ], [ -3.771662499999934, 41.471656999000061 ], [ -3.769777499999975, 41.460147999000071 ], [ -3.763768499999969, 41.460143999000024 ], [ -3.757747499999937, 41.461517499000081 ], [ -3.75006, 41.460540499000047 ], [ -3.744163499999956, 41.461055499000054 ], [ -3.739509, 41.45078249900007 ], [ -3.750483390999932, 41.451129975000072 ], [ -3.792446499999926, 41.431831499000054 ], [ -3.805911141999957, 41.459007330000077 ], [ -3.823903, 41.481132999000067 ], [ -3.816215499999942, 41.483653999000069 ], [ -3.800220499999966, 41.485866499000053 ], [ -3.795280499999933, 41.484466499000064 ], [ -3.787666499999943, 41.485862499000064 ] ] ] } },
{ "type": "Feature", "properties": { "code": "40010", "name": "Aldeanueva del Codonal" }, "geometry": { "type": "Polygon", "coordinates": [ [ [ -4.502365499999939, 41.092578999000068 ], [ -4.501087, 41.086074999000061 ], [ -4.498099, 41.080302999000025 ], [ -4.498605, 41.078502499000081 ], [ -4.510887, 41.066470999000046 ], [ -4.522330229999966, 41.069343027000059 ], [ -4.558657499999981, 41.063800499000081 ], [ -4.565118899999959, 41.065176559000065 ], [ -4.57057251599997, 41.075519973000041 ], [ -4.566781116999948, 41.094553682000026 ], [ -4.569379193999964, 41.101509043000078 ], [ -4.566862499999957, 41.106071499000052 ], [ -4.552389404999929, 41.100683041000025 ], [ -4.526988931999938, 41.105031593000035 ], [ -4.509201873999928, 41.102481769000065 ], [ -4.502365499999939, 41.092578999000068 ] ] ] } },
{ "type": "Feature", "properties": { "code": "40012", "name": "Aldea Real" }, "geometry": { "type": "MultiPolygon", "coordinates": [ [ [ [ -4.18363, 41.205642499000078 ], [ -4.169565692999925, 41.204035457000032 ], [ -4.143719499999975, 41.208953999000073 ], [ -4.128775499999961, 41.205623499000069 ], [ -4.117549499999939, 41.199237999000047 ], [ -4.118300499999975, 41.194328499000051 ], [ -4.12176719699994, 41.188529346000053 ], [ -4.125201407999953, 41.191205529000058 ], [ -4.130372031999968, 41.187667069000042 ], [ -4.138100021999946, 41.189859941000066 ], [ -4.141282498999942, 41.179877214000044 ], [ -4.150636968999947, 41.167801394000037 ], [ -4.15133684999995, 41.159287721000055 ], [ -4.156745, 41.156818499000053 ], [ -4.164926499999979, 41.164672999000061 ], [ -4.17066449999993, 41.163406499000075 ], [ -4.173809499999948, 41.165302499000063 ], [ -4.171841, 41.169303999000078 ], [ -4.17482, 41.169929499000034 ], [ -4.180161, 41.165283499000054 ], [ -4.187626499999965, 41.167377499000054 ], [ -4.194303, 41.170738499000038 ], [ -4.198577, 41.17113499900006 ], [ -4.202200499999947, 41.173061499000028 ], [ -4.201136499999961, 41.177538999000035 ], [ -4.205878, 41.182464499000048 ], [ -4.209646499999963, 41.182632499000078 ], [ -4.205821499999956, 41.183356999000068 ], [ -4.201974499999949, 41.188747499000044 ], [ -4.19633349999998, 41.191997499000081 ], [ -4.192434499999933, 41.192039499000032 ], [ -4.187632, 41.200736999000071 ], [ -4.18363, 41.205642499000078 ] ] ], [ [ [ -4.255322, 41.182467999000039 ], [ -4.233231, 41.185741499000073 ], [ -4.230346499999939, 41.181403999000054 ], [ -4.218661499999939, 41.18123999900007 ], [ -4.212892, 41.182349999000053 ], [ -4.237701, 41.177432999000075 ], [ -4.255322, 41.182467999000039 ] ] ] ] } },
{ "type": "Feature", "properties": { "code": "40013", "name": "Aldeasoña" }, "geometry": { "type": "Polygon", "coordinates": [ [ [ -4.074599, 41.494968499000038 ], [ -4.06905190699996, 41.488248486000032 ], [ -4.050692079999976, 41.488390582000079 ], [ -4.037619690999975, 41.481876538000051 ], [ -4.024864697999931, 41.481901397000058 ], [ -4.022213414999953, 41.47488740700004 ], [ -4.028272, 41.464618999000038 ], [ -4.03746, 41.456626499000038 ], [ -4.041295, 41.451602999000045 ], [ -4.055298573999949, 41.460889757000075 ], [ -4.068429499999979, 41.456291499000031 ], [ -4.070769499999926, 41.458133499000041 ], [ -4.080790499999978, 41.460964499000056 ], [ -4.09322149999997, 41.474567499000045 ], [ -4.097109499999931, 41.476501499000051 ], [ -4.099204499999928, 41.480678499000078 ], [ -4.100256, 41.48685849900005 ], [ -4.094971, 41.489631499000041 ], [ -4.081564, 41.494578999000055 ], [ -4.078678, 41.49539949900003 ], [ -4.074599, 41.494968499000038 ] ] ] } },
{ "type": "Feature", "properties": { "code": "40014", "name": "Aldehorno" }, "geometry": { "type": "Polygon", "coordinates": [ [ [ -3.787666499999943, 41.485862499000064 ], [ -3.794317, 41.490958999000043 ], [ -3.798246499999948, 41.491924499000049 ], [ -3.799811469999952, 41.498069069000053 ], [ -3.79776960099997, 41.503833088000079 ], [ -3.803761153999972, 41.514343157000042 ], [ -3.800070896999955, 41.51858449100007 ], [ -3.80381049999994, 41.524566499000059 ], [ -3.799138, 41.521621999000047 ], [ -3.796236, 41.52247249900006 ], [ -3.785993208999969, 41.526924852000036 ], [ -3.780269148999935, 41.533323962000054 ], [ -3.766215, 41.537921999000048 ], [ -3.771020114999942, 41.522563167000044 ], [ -3.767758790999949, 41.505386558000055 ], [ -3.770281, 41.482383999000035 ], [ -3.778220149999925, 41.486561991000031 ], [ -3.787666499999943, 41.485862499000064 ] ] ] } },
{ "type": "Feature", "properties": { "code": "40015", "name": "Aldehuela del Codonal" }, "geometry": { "type": "Polygon", "coordinates": [ [ [ -4.558657499999981, 41.063800499000081 ], [ -4.522330229999966, 41.069343027000059 ], [ -4.510887, 41.066470999000046 ], [ -4.509267690999934, 41.059567260000051 ], [ -4.513052768999955, 41.047021624000081 ], [ -4.533073544999979, 41.045167140000046 ], [ -4.558235499999967, 41.027179499000056 ], [ -4.567551743999957, 41.04140110600008 ], [ -4.558657499999981, 41.063800499000081 ] ] ] } },
{ "type": "Feature", "properties": { "code": "40016", "name": "Aldeonte" }, "geometry": { "type": "MultiPolygon", "coordinates": [ [ [ [ -3.68261, 41.365527999000051 ], [ -3.67919, 41.363368999000045 ], [ -3.674470499999927, 41.362434499000074 ], [ -3.659126, 41.365493499000024 ], [ -3.649237, 41.364127999000061 ], [ -3.647192, 41.365245999000081 ], [ -3.64622449999996, 41.360542499000076 ], [ -3.642412499999978, 41.35840999900006 ], [ -3.649548215999971, 41.34820680200005 ], [ -3.663617, 41.34374249900003 ], [ -3.667398499999933, 41.346549999000047 ], [ -3.670347499999934, 41.347476999000037 ], [ -3.675501, 41.347545499000034 ], [ -3.679291499999977, 41.346496499000068 ], [ -3.685269, 41.347812999000041 ], [ -3.687841499999934, 41.349139999000045 ], [ -3.691754, 41.354026999000041 ], [ -3.690399, 41.355907499000068 ], [ -3.687145, 41.356845999000029 ], [ -3.681265, 41.362727999000072 ], [ -3.68261, 41.365527999000051 ] ] ], [ [ [ -3.70970049999994, 41.33984749900003 ], [ -3.701140499999951, 41.339618499000039 ], [ -3.700316, 41.33634549900006 ], [ -3.694628, 41.331859499000075 ], [ -3.688255, 41.323573999000075 ], [ -3.688776, 41.318507999000076 ], [ -3.676936499999954, 41.309470999000041 ], [ -3.683061499999951, 41.305671499000027 ], [ -3.703733856999975, 41.303321383000025 ], [ -3.71880465299995, 41.308369666000033 ], [ -3.736942080999938, 41.315653811000061 ], [ -3.744715422999946, 41.323120197000037 ], [ -3.744507, 41.328502499000081 ], [ -3.70970049999994, 41.33984749900003 ] ] ] ] } },
{ "type": "Feature", "properties": { "code": "40017", "name": "Anaya" }, "geometry": { "type": "Polygon", "coordinates": [ [ [ -4.327907499999981, 40.979369999000028 ], [ -4.328011499999945, 40.99763499900007 ], [ -4.326193382999975, 41.010576465000042 ], [ -4.296557, 41.020362999000042 ], [ -4.292487499999936, 41.01788349900005 ], [ -4.291471, 41.015708999000026 ], [ -4.289435, 41.014991999000074 ], [ -4.287893, 41.01328649900006 ], [ -4.294633499999975, 40.995017999000027 ], [ -4.297517499999969, 40.974067999000056 ], [ -4.307909437999967, 40.969812465000075 ], [ -4.310685, 40.962009499000033 ], [ -4.318867, 40.962943999000061 ], [ -4.32189649999998, 40.968303999000057 ], [ -4.330184499999973, 40.969119999000043 ], [ -4.330195499999945, 40.972552999000072 ], [ -4.328155, 40.975726999000074 ], [ -4.327907499999981, 40.979369999000028 ] ] ] } },
{ "type": "Feature", "properties": { "code": "40018", "name": "Añe" }, "geometry": { "type": "Polygon", "coordinates": [ [ [ -4.275050499999963, 41.031947999000067 ], [ -4.271288499999969, 41.028712999000049 ], [ -4.277582499999937, 41.020148999000071 ], [ -4.287893, 41.01328649900006 ], [ -4.289435, 41.014991999000074 ], [ -4.291471, 41.015708999000026 ], [ -4.292487499999936, 41.01788349900005 ], [ -4.30854751499993, 41.027429797000025 ], [ -4.309318, 41.046722499000055 ], [ -4.293911046999938, 41.057357047000039 ], [ -4.286915661999956, 41.053713702000039 ], [ -4.275259679999976, 41.05619779400007 ], [ -4.268517499999973, 41.053558499000076 ], [ -4.261636499999952, 41.056514999000058 ], [ -4.261305, 41.054122999000072 ], [ -4.278439499999934, 41.045413999000061 ], [ -4.274276, 41.039241999000069 ], [ -4.27715349999994, 41.037933499000076 ], [ -4.275050499999963, 41.031947999000067 ] ] ] } },
{ "type": "Feature", "properties": { "code": "40019", "name": "Arahuetes" }, "geometry": { "type": "Polygon", "coordinates": [ [ [ -3.890248, 41.135852999000065 ], [ -3.895046890999936, 41.142366628000048 ], [ -3.890095, 41.150985999000056 ], [ -3.873203276999959, 41.152821870000025 ], [ -3.866211823999947, 41.159105609000051 ], [ -3.864895, 41.167743499000039 ], [ -3.845246260999943, 41.17552261700007 ], [ -3.837971499999981, 41.176528999000027 ], [ -3.837666, 41.172160999000027 ], [ -3.832941, 41.165240999000048 ], [ -3.832507, 41.162982999000064 ], [ -3.834124499999973, 41.15892799900007 ], [ -3.832274499999926, 41.156814499000063 ], [ -3.837005, 41.15391549900005 ], [ -3.84377, 41.148021499000038 ], [ -3.843386, 41.141292499000031 ], [ -3.844917, 41.135238499000025 ], [ -3.845729499999948, 41.133575499000074 ], [ -3.849625499999945, 41.131809499000042 ], [ -3.846702, 41.127639999000053 ], [ -3.880153499999949, 41.127544499000066 ], [ -3.88515369299995, 41.128999720000024 ], [ -3.890248, 41.135852999000065 ] ] ] } },
{ "type": "Feature", "properties": { "code": "40020", "name": "Arcones" }, "geometry": { "type": "Polygon", "coordinates": [ [ [ -3.687448499999959, 41.08488999900004 ], [ -3.695285, 41.082653999000058 ], [ -3.700888499999962, 41.080046499000048 ], [ -3.715936499999941, 41.071505499000068 ], [ -3.720094, 41.078182499000036 ], [ -3.722747499999969, 41.080264999000065 ], [ -3.725871499999926, 41.088233999000067 ], [ -3.728659499999935, 41.092693999000062 ], [ -3.731912, 41.095023999000034 ], [ -3.736709, 41.102298999000027 ], [ -3.743864, 41.107360999000036 ], [ -3.748531499999956, 41.108329499000035 ], [ -3.757216, 41.112659499000074 ], [ -3.762085, 41.116637999000034 ], [ -3.762445499999956, 41.118957499000032 ], [ -3.75693, 41.129443999000046 ], [ -3.758450499999981, 41.139323999000055 ], [ -3.754992499999958, 41.141277499000068 ], [ -3.742328499999928, 41.144611499000064 ], [ -3.722342499999968, 41.15301499900005 ], [ -3.71057508399997, 41.142384049000043 ], [ -3.701292441999954, 41.124102106000066 ], [ -3.68962808699996, 41.111302152000064 ], [ -3.691655290999961, 41.099315274000048 ], [ -3.687256386999934, 41.090670741000054 ], [ -3.687448499999959, 41.08488999900004 ] ] ] } },
{ "type": "Feature", "properties": { "code": "40021", "name": "Arevalillo de Cega" }, "geometry": { "type": "Polygon", "coordinates": [ [ [ -3.864895, 41.167743499000039 ], [ -3.866211823999947, 41.159105609000051 ], [ -3.873203276999959, 41.152821870000025 ], [ -3.890095, 41.150985999000056 ], [ -3.899351503999981, 41.156420077000064 ], [ -3.908434541999952, 41.166453878000027 ], [ -3.905769, 41.177196499000047 ], [ -3.900945499999978, 41.182636499000068 ], [ -3.894691, 41.185756999000034 ], [ -3.890822499999956, 41.190578999000024 ], [ -3.882101, 41.191169999000067 ], [ -3.868374474999939, 41.179536504000055 ], [ -3.870749119999971, 41.173568248000038 ], [ -3.864895, 41.167743499000039 ] ] ] } },
{ "type": "Feature", "properties": { "code": "40022", "name": "Armuña" }, "geometry": { "type": "MultiPolygon", "coordinates": [ [ [ [ -4.205278, 41.05327199900006 ], [ -4.206699499999957, 41.049678499000038 ], [ -4.201208, 41.042144999000072 ], [ -4.203302, 41.037543999000036 ], [ -4.246956499999953, 41.015124999000079 ], [ -4.254027922999967, 41.019001518000039 ], [ -4.268565314999933, 41.010941029000037 ], [ -4.270760152999969, 41.016072999000073 ], [ -4.277582499999937, 41.020148999000071 ], [ -4.271288499999969, 41.028712999000049 ], [ -4.275050499999963, 41.031947999000067 ], [ -4.26145932999998, 41.037990211000078 ], [ -4.258361959999945, 41.046653278000065 ], [ -4.253127400999972, 41.050304062000066 ], [ -4.231253610999943, 41.058255892000034 ], [ -4.21589914599997, 41.058037899000055 ], [ -4.205278, 41.05327199900006 ] ] ], [ [ [ -4.268517499999973, 41.053558499000076 ], [ -4.275259679999976, 41.05619779400007 ], [ -4.286915661999956, 41.053713702000039 ], [ -4.293911046999938, 41.057357047000039 ], [ -4.309318, 41.046722499000055 ], [ -4.313794892999965, 41.051341659000059 ], [ -4.33661793899995, 41.05563674900003 ], [ -4.343534654999928, 41.063372171000026 ], [ -4.341699325999969, 41.070882491000077 ], [ -4.332501308999952, 41.082452615000079 ], [ -4.330726247999962, 41.091180137000038 ], [ -4.326231577999977, 41.094529543000078 ], [ -4.331372499999929, 41.100780499000052 ], [ -4.32799847299998, 41.103147610000065 ], [ -4.314342886999952, 41.102086285000041 ], [ -4.306616, 41.108600499000033 ], [ -4.288633499999946, 41.095256999000071 ], [ -4.287444108999978, 41.090240996000034 ], [ -4.27784, 41.080268999000054 ], [ -4.27332731599995, 41.06684044900004 ], [ -4.260184573999936, 41.062271123000073 ], [ -4.268517499999973, 41.053558499000076 ] ] ] ] } },
{ "type": "Feature", "properties": { "code": "40024", "name": "Ayllón" }, "geometry": { "type": "Polygon", "coordinates": [ [ [ -3.44185, 41.425834499000075 ], [ -3.421102461999965, 41.436098376000075 ], [ -3.416204518999962, 41.430995197000072 ], [ -3.400633757999969, 41.425568903000055 ], [ -3.381698727999947, 41.441505004000078 ], [ -3.378995363999934, 41.450508381000077 ], [ -3.364985499999932, 41.467555999000069 ], [ -3.349432133999926, 41.45796787200004 ], [ -3.330402, 41.460723999000038 ], [ -3.339399499999956, 41.452293499000064 ], [ -3.340520499999968, 41.449111999000024 ], [ -3.340124499999945, 41.444465499000046 ], [ -3.346063499999957, 41.429027499000028 ], [ -3.343504, 41.426990499000055 ], [ -3.341379, 41.423324499000046 ], [ -3.342649, 41.41906749900005 ], [ -3.341694, 41.417026499000031 ], [ -3.34818546899993, 41.409792723000066 ], [ -3.349250197999936, 41.394903274000058 ], [ -3.341131554999947, 41.390822175000039 ], [ -3.330312864999939, 41.377469565000069 ], [ -3.307587723999973, 41.368742473000054 ], [ -3.301477807999959, 41.362997095000026 ], [ -3.288846980999949, 41.359989883000026 ], [ -3.280836855999951, 41.352534848000062 ], [ -3.272671743999979, 41.35197839600005 ], [ -3.267780050999932, 41.340845343000069 ], [ -3.248873542999945, 41.33069981500006 ], [ -3.237475017999941, 41.329867980000074 ], [ -3.235452341999974, 41.318231925000077 ], [ -3.209886930999971, 41.307787399000063 ], [ -3.207373, 41.304244999000048 ], [ -3.215724590999969, 41.298802461000037 ], [ -3.227256491999981, 41.297302419000061 ], [ -3.237079694999977, 41.289602168000044 ], [ -3.23912334299996, 41.278328975000079 ], [ -3.254948512999931, 41.258673139000052 ], [ -3.273036202999947, 41.260589675000062 ], [ -3.276376, 41.275182499000039 ], [ -3.276306792999947, 41.295550330000026 ], [ -3.298388581999973, 41.333926043000076 ], [ -3.303667273999963, 41.338487305000058 ], [ -3.330815293999933, 41.347598969000046 ], [ -3.331607967999958, 41.343492432000062 ], [ -3.347299758999952, 41.330618755000046 ], [ -3.354860333999966, 41.334710277000056 ], [ -3.366327488999957, 41.358203905000039 ], [ -3.377152536999972, 41.350696259000074 ], [ -3.385748117999981, 41.33866936700008 ], [ -3.39020249999993, 41.342666999000073 ], [ -3.406997461999936, 41.375283773000035 ], [ -3.425186812999925, 41.379612928000029 ], [ -3.43385189299994, 41.374789449000048 ], [ -3.443652314999952, 41.373380261000079 ], [ -3.450537, 41.366607499000054 ], [ -3.452004067999951, 41.369213351000042 ], [ -3.447552021999968, 41.380652360000056 ], [ -3.436454856999944, 41.390721535000068 ], [ -3.434848570999975, 41.397152154000025 ], [ -3.426770347999934, 41.402560780000044 ], [ -3.445618405999937, 41.416562038000052 ], [ -3.446447371999966, 41.420657142000039 ], [ -3.44185, 41.425834499000075 ] ] ] } },
{ "type": "Feature", "properties": { "code": "40025", "name": "Barbolla" }, "geometry": { "type": "Polygon", "coordinates": [ [ [ -3.658237, 41.28188349900006 ], [ -3.676898279999932, 41.295964464000065 ], [ -3.683061499999951, 41.305671499000027 ], [ -3.676936499999954, 41.309470999000041 ], [ -3.688776, 41.318507999000076 ], [ -3.688255, 41.323573999000075 ], [ -3.694628, 41.331859499000075 ], [ -3.700316, 41.33634549900006 ], [ -3.701140499999951, 41.339618499000039 ], [ -3.697126, 41.347751499000026 ], [ -3.687841499999934, 41.349139999000045 ], [ -3.685269, 41.347812999000041 ], [ -3.679291499999977, 41.346496499000068 ], [ -3.675501, 41.347545499000034 ], [ -3.670347499999934, 41.347476999000037 ], [ -3.665822499999933, 41.345630499000038 ], [ -3.663617, 41.34374249900003 ], [ -3.658441978999974, 41.335480579000034 ], [ -3.639287, 41.324041117000036 ], [ -3.637654458999975, 41.313556904000052 ], [ -3.622594, 41.303481999000041 ], [ -3.623948281999958, 41.298983240000041 ], [ -3.636943517999953, 41.29074853000003 ], [ -3.637917, 41.277427499000055 ], [ -3.644107499999961, 41.280296499000031 ], [ -3.653786499999967, 41.283393999000054 ], [ -3.656722499999944, 41.283180499000025 ], [ -3.658237, 41.28188349900006 ] ] ] } },
{ "type": "Feature", "properties": { "code": "40026", "name": "Basardilla" }, "geometry": { "type": "Polygon", "coordinates": [ [ [ -3.904169, 40.956477999000072 ], [ -3.908876450999969, 40.962959475000048 ], [ -3.936602431999972, 40.969415549000075 ], [ -3.959569939999938, 40.970413350000058 ], [ -3.957206734999943, 40.979320081000026 ], [ -3.98009928099998, 40.992833928000039 ], [ -3.981989642999963, 41.000427382000055 ], [ -3.997139454999967, 41.011877669000057 ], [ -4.019705285999976, 41.01675240000003 ], [ -4.043727499999932, 41.011150499000053 ], [ -4.046752, 41.014392999000052 ], [ -4.047862442999929, 41.019786951000071 ], [ -4.045370312999978, 41.024943261000033 ], [ -4.026661214999933, 41.037209123000025 ], [ -4.009239499999978, 41.036105999000029 ], [ -4.004683689999979, 41.028334322000035 ], [ -3.991620710999939, 41.028022204000081 ], [ -3.987624215999972, 41.019324919000042 ], [ -3.972348905999979, 41.008917101000065 ], [ -3.973079692999931, 41.005047336000075 ], [ -3.967262148999964, 40.99766984200005 ], [ -3.954195082999945, 40.986772255000062 ], [ -3.915412911999965, 40.972836190000066 ], [ -3.898485, 40.958787999000037 ], [ -3.904169, 40.956477999000072 ] ], [ [ -4.010160789999929, 41.017622309000046 ], [ -4.003392359999964, 41.015705301000025 ], [ -4.000633995999976, 41.018802231000052 ], [ -4.004207360999942, 41.022469711000042 ], [ -4.010160789999929, 41.017622309000046 ] ] ] } },
{ "type": "Feature", "properties": { "code": "40028", "name": "Bercial" }, "geometry": { "type": "Polygon", "coordinates": [ [ [ -4.414498, 40.864562999000043 ], [ -4.43214947499996, 40.871464588000038 ], [ -4.437776955999936, 40.879757505000043 ], [ -4.445566603999964, 40.880898714000068 ], [ -4.448118725999961, 40.888265431000036 ], [ -4.459290143999965, 40.891085444000055 ], [ -4.461592835999966, 40.899578942000062 ], [ -4.472779783999954, 40.905898097000033 ], [ -4.47101349999997, 40.915435999000067 ], [ -4.418488261999926, 40.912662442000055 ], [ -4.413178, 40.919101499000078 ], [ -4.406063468999946, 40.912274183000079 ], [ -4.40448237399994, 40.891197026000043 ], [ -4.406489374999978, 40.879898481000055 ], [ -4.414498, 40.864562999000043 ] ] ] } },
{ "type": "Feature", "properties": { "code": "40029", "name": "Bercimuel" }, "geometry": { "type": "Polygon", "coordinates": [ [ [ -3.595437, 41.408012499000051 ], [ -3.58634184899995, 41.410279939000077 ], [ -3.580882499999973, 41.41930049900003 ], [ -3.566628499999979, 41.416587999000058 ], [ -3.550482, 41.411746999000059 ], [ -3.546744499999932, 41.408404999000027 ], [ -3.545132, 41.405750499000078 ], [ -3.544222, 41.395423999000059 ], [ -3.545054, 41.390544999000042 ], [ -3.548645, 41.389556999000035 ], [ -3.549310657999968, 41.379126742000039 ], [ -3.558051861999957, 41.381145957000058 ], [ -3.570793499999979, 41.376964999000052 ], [ -3.577003943999955, 41.381702681000036 ], [ -3.58056303199993, 41.397019422000028 ], [ -3.595437, 41.408012499000051 ] ] ] } },
{ "type": "Feature", "properties": { "code": "40030", "name": "Bernardos" }, "geometry": { "type": "Polygon", "coordinates": [ [ [ -4.341038, 41.107638999000073 ], [ -4.337243754999974, 41.117093513000043 ], [ -4.353973768999936, 41.12430848300005 ], [ -4.362098954999965, 41.13975369700006 ], [ -4.383698326999934, 41.15747168200005 ], [ -4.37334, 41.171230499000046 ], [ -4.371575, 41.172920499000043 ], [ -4.368769, 41.173796999000047 ], [ -4.360873, 41.179977499000074 ], [ -4.352555630999973, 41.172684963000052 ], [ -4.328880656999956, 41.170468845000073 ], [ -4.330063815999949, 41.16434560600004 ], [ -4.312544969999976, 41.134916496000073 ], [ -4.306616, 41.108600499000033 ], [ -4.314342886999952, 41.102086285000041 ], [ -4.32799847299998, 41.103147610000065 ], [ -4.331372499999929, 41.100780499000052 ], [ -4.337436404999949, 41.107693512000026 ], [ -4.341038, 41.107638999000073 ] ] ] } },
{ "type": "Feature", "properties": { "code": "40031", "name": "Bernuy de Porreros" }, "geometry": { "type": "Polygon", "coordinates": [ [ [ -4.114309499999933, 40.97811899900006 ], [ -4.131134716999952, 40.981573572000059 ], [ -4.129603, 40.989066999000045 ], [ -4.130297599999949, 40.999209034000046 ], [ -4.122372499999926, 41.019683999000051 ], [ -4.116008242999953, 41.01615974300006 ], [ -4.106089499999939, 41.021056999000052 ], [ -4.104233833999956, 41.013637671000026 ], [ -4.096495242999936, 41.003618541000037 ], [ -4.104908499999965, 40.985271499000078 ], [ -4.108602, 40.984370999000078 ], [ -4.114309499999933, 40.97811899900006 ] ] ] } },
{ "type": "Feature", "properties": { "code": "40032", "name": "Boceguillas" }, "geometry": { "type": "Polygon", "coordinates": [ [ [ -3.567605, 41.319591499000069 ], [ -3.551627742999926, 41.300320878000036 ], [ -3.552480637999963, 41.294880813000077 ], [ -3.558834718999947, 41.288397169000064 ], [ -3.555363499999942, 41.282142499000031 ], [ -3.57893284499994, 41.29560788200007 ], [ -3.602425891999928, 41.303815653000072 ], [ -3.622594, 41.303481999000041 ], [ -3.637654458999975, 41.313556904000052 ], [ -3.639287, 41.324041117000036 ], [ -3.658441978999974, 41.335480579000034 ], [ -3.663617, 41.34374249900003 ], [ -3.649548215999971, 41.34820680200005 ], [ -3.642412499999978, 41.35840999900006 ], [ -3.627465198999971, 41.367008076000047 ], [ -3.606946701999959, 41.359414811000079 ], [ -3.593863499999941, 41.358543499000064 ], [ -3.590391316999956, 41.343185657000049 ], [ -3.574954478999928, 41.335279035000042 ], [ -3.567605, 41.319591499000069 ] ] ] } },
{ "type": "Feature", "properties": { "code": "40033", "name": "Brieva" }, "geometry": { "type": "Polygon", "coordinates": [ [ [ -4.022259, 41.054137999000034 ], [ -4.01662749999997, 41.053104499000028 ], [ -4.015901, 41.052211499000066 ], [ -4.009684600999947, 41.043548522000037 ], [ -4.009239499999978, 41.036105999000029 ], [ -4.026661214999933, 41.037209123000025 ], [ -4.045370312999978, 41.024943261000033 ], [ -4.047862442999929, 41.019786951000071 ], [ -4.046752, 41.014392999000052 ], [ -4.049095499999964, 41.012859499000058 ], [ -4.051249, 41.015216999000074 ], [ -4.055789499999946, 41.01584249900003 ], [ -4.060558499999956, 41.019565499000066 ], [ -4.065647, 41.021678999000073 ], [ -4.067742, 41.024001999000063 ], [ -4.071924, 41.025169499000071 ], [ -4.076994, 41.028232499000069 ], [ -4.078472499999975, 41.030696999000043 ], [ -4.083690499999932, 41.035430999000027 ], [ -4.074722056999974, 41.041572316000043 ], [ -4.074073731999931, 41.048691132000044 ], [ -4.077084499999955, 41.053512499000078 ], [ -4.066220448999957, 41.052901782000049 ], [ -4.053090966999946, 41.046327950000034 ], [ -4.038103664999937, 41.043882814000028 ], [ -4.029913982999972, 41.046850960000029 ], [ -4.022259, 41.054137999000034 ] ] ] } },
{ "type": "Feature", "properties": { "code": "40034", "name": "Caballar" }, "geometry": { "type": "Polygon", "coordinates": [ [ [ -3.969652499999938, 41.146598999000048 ], [ -3.962579860999938, 41.14241390400008 ], [ -3.956292, 41.143222999000045 ], [ -3.946683390999965, 41.136117623000075 ], [ -3.937839649999944, 41.136721465000051 ], [ -3.941614, 41.128337999000053 ], [ -3.946309910999958, 41.113720553000064 ], [ -3.938863368999932, 41.105315870000027 ], [ -3.948773, 41.099365499000044 ], [ -3.962708757999962, 41.099598073000038 ], [ -3.983053475999952, 41.111451931000033 ], [ -3.991302859999962, 41.119850436000036 ], [ -3.992199725999967, 41.129657704000067 ], [ -3.981515135999928, 41.13453144500005 ], [ -3.981391382999959, 41.142069237000044 ], [ -3.97686327699995, 41.147253959000068 ], [ -3.969652499999938, 41.146598999000048 ] ] ] } },
{ "type": "Feature", "properties": { "code": "40035", "name": "Cabañas de Polendos" }, "geometry": { "type": "Polygon", "coordinates": [ [ [ -4.13212649999997, 41.025325999000074 ], [ -4.13731, 41.04792799900008 ], [ -4.136066, 41.048972999000057 ], [ -4.129173912999931, 41.061832071000026 ], [ -4.112052516999938, 41.078145953000046 ], [ -4.095141372999933, 41.083164941000064 ], [ -4.087058499999955, 41.081794499000068 ], [ -4.08053149999995, 41.077953499000046 ], [ -4.075266412999952, 41.059498065000071 ], [ -4.077084499999955, 41.053512499000078 ], [ -4.074073731999931, 41.048691132000044 ], [ -4.074722056999974, 41.041572316000043 ], [ -4.083690499999932, 41.035430999000027 ], [ -4.090540818999955, 41.032036752000067 ], [ -4.099945522999974, 41.03216560900006 ], [ -4.106089499999939, 41.021056999000052 ], [ -4.116008242999953, 41.01615974300006 ], [ -4.13212649999997, 41.025325999000074 ] ] ] } },
{ "type": "Feature", "properties": { "code": "40036", "name": "Cabezuela" }, "geometry": { "type": "Polygon", "coordinates": [ [ [ -3.960358, 41.199813999000071 ], [ -3.964286, 41.200930999000036 ], [ -3.965349792999973, 41.203700860000026 ], [ -3.982577359999937, 41.206313573000045 ], [ -3.990101141999958, 41.213536175000058 ], [ -3.988815919999979, 41.220391805000077 ], [ -3.99389085699994, 41.225699666000025 ], [ -4.015004988999976, 41.234195839000051 ], [ -4.035091, 41.23551549900003 ], [ -4.041739, 41.238628499000072 ], [ -4.018120525999962, 41.23673423200006 ], [ -4.011191499999939, 41.262885999000048 ], [ -3.996190987999967, 41.255822612000031 ], [ -3.984299801999953, 41.242474198000025 ], [ -3.979244437999967, 41.241103080000073 ], [ -3.976731066999946, 41.233796827000049 ], [ -3.958665497999959, 41.236195507000048 ], [ -3.940967210999929, 41.244559587000026 ], [ -3.918986541999971, 41.245308515000033 ], [ -3.909252538999965, 41.242668154000057 ], [ -3.889661128999933, 41.228821166000046 ], [ -3.886259499999937, 41.218288499000039 ], [ -3.904781182999955, 41.225636823000059 ], [ -3.93331337199993, 41.201271449000046 ], [ -3.937584327999957, 41.201237900000081 ], [ -3.946874631999947, 41.208472207000057 ], [ -3.960358, 41.199813999000071 ] ] ] } },
{ "type": "Feature", "properties": { "code": "40037", "name": "Calabazas de Fuentidueña" }, "geometry": { "type": "Polygon", "coordinates": [ [ [ -4.025263, 41.469047499000055 ], [ -3.987413499999946, 41.46940599900006 ], [ -3.987650500999962, 41.454662886000051 ], [ -3.99491, 41.434898499000042 ], [ -4.007763530999966, 41.432347658000026 ], [ -4.014301499999931, 41.427241999000046 ], [ -4.018646499999932, 41.432708999000056 ], [ -4.031582499999956, 41.437762999000029 ], [ -4.035811499999966, 41.442554499000039 ], [ -4.036738, 41.446643999000059 ], [ -4.041295, 41.451602999000045 ], [ -4.03746, 41.456626499000038 ], [ -4.028272, 41.464618999000038 ], [ -4.025263, 41.469047499000055 ] ] ] } },
{ "type": "Feature", "properties": { "code": "40039", "name": "Campo de San Pedro" }, "geometry": { "type": "Polygon", "coordinates": [ [ [ -3.582476, 41.44782649900003 ], [ -3.586008781999965, 41.455616621000047 ], [ -3.581001153999978, 41.473365462000061 ], [ -3.595063557999936, 41.481533456000079 ], [ -3.596110601999953, 41.496126008000033 ], [ -3.609959, 41.506080499000063 ], [ -3.567802042999972, 41.507023128000071 ], [ -3.567243749999932, 41.500571495000031 ], [ -3.561345529999926, 41.491666395000038 ], [ -3.556267551999952, 41.488688880000041 ], [ -3.545120397999938, 41.488730231000034 ], [ -3.539154719999942, 41.470719409000026 ], [ -3.541939813999932, 41.463693263000039 ], [ -3.539840762999972, 41.454892255000061 ], [ -3.542956361999927, 41.446814639000024 ], [ -3.523399336999944, 41.444414444000074 ], [ -3.517278, 41.447867999000039 ], [ -3.507630522999932, 41.44654035800005 ], [ -3.512888, 41.417811999000037 ], [ -3.516851, 41.416534499000079 ], [ -3.523548, 41.416106999000078 ], [ -3.534634, 41.413883999000063 ], [ -3.548459, 41.410236499000064 ], [ -3.55442, 41.413360499000078 ], [ -3.566628499999979, 41.416587999000058 ], [ -3.563481499999966, 41.419078499000079 ], [ -3.562535, 41.423454499000059 ], [ -3.560868, 41.424217499000065 ], [ -3.560779499999967, 41.426551999000026 ], [ -3.556513, 41.432777499000053 ], [ -3.556432499999971, 41.437362499000074 ], [ -3.553482, 41.442385999000066 ], [ -3.554078499999946, 41.446327499000063 ], [ -3.56109349999997, 41.44778799900007 ], [ -3.565612499999929, 41.447009999000045 ], [ -3.573523, 41.448116499000037 ], [ -3.582476, 41.44782649900003 ] ] ] } },
{ "type": "Feature", "properties": { "code": "40040", "name": "Cantalejo" }, "geometry": { "type": "Polygon", "coordinates": [ [ [ -3.831093, 41.258624999000062 ], [ -3.840356722999957, 41.230766861000063 ], [ -3.857914499999936, 41.21202499900005 ], [ -3.864700499999969, 41.212864499000034 ], [ -3.867678, 41.212428999000053 ], [ -3.870321499999932, 41.211040499000035 ], [ -3.879861207999966, 41.213321257000075 ], [ -3.886259499999937, 41.218288499000039 ], [ -3.889661128999933, 41.228821166000046 ], [ -3.909252538999965, 41.242668154000057 ], [ -3.918986541999971, 41.245308515000033 ], [ -3.940967210999929, 41.244559587000026 ], [ -3.958665497999959, 41.236195507000048 ], [ -3.976731066999946, 41.233796827000049 ], [ -3.979244437999967, 41.241103080000073 ], [ -3.984299801999953, 41.242474198000025 ], [ -3.996190987999967, 41.255822612000031 ], [ -4.011191499999939, 41.262885999000048 ], [ -4.012519569999938, 41.269778704000032 ], [ -4.016450530999975, 41.272927009000057 ], [ -4.035232014999963, 41.275713554000049 ], [ -4.031212273999927, 41.282631710000032 ], [ -4.036652365999942, 41.292538728000068 ], [ -4.034483499999965, 41.297568999000077 ], [ -4.031459, 41.295962999000039 ], [ -4.019428499999947, 41.308799499000031 ], [ -4.005235838999965, 41.301212690000057 ], [ -3.973895407999976, 41.296947609000028 ], [ -3.948606062999943, 41.287027882000075 ], [ -3.918666499999972, 41.286136499000065 ], [ -3.909008703999973, 41.276522064000062 ], [ -3.906426953999926, 41.262734410000064 ], [ -3.902509588999976, 41.256527254000048 ], [ -3.871632542999976, 41.264979885000059 ], [ -3.85226075099996, 41.262856576000047 ], [ -3.847934499999951, 41.265834999000049 ], [ -3.83971623399998, 41.264577403000033 ], [ -3.831093, 41.258624999000062 ] ] ] } },
{ "type": "Feature", "properties": { "code": "40041", "name": "Cantimpalos" }, "geometry": { "type": "Polygon", "coordinates": [ [ [ -4.205278, 41.05327199900006 ], [ -4.197447499999953, 41.063728499000035 ], [ -4.194793499999946, 41.069675499000027 ], [ -4.200013, 41.085761999000056 ], [ -4.189871, 41.084552999000039 ], [ -4.180711, 41.094268999000064 ], [ -4.182932, 41.095237999000062 ], [ -4.177860499999952, 41.098628999000027 ], [ -4.17510649999997, 41.096450999000069 ], [ -4.164943, 41.099445499000069 ], [ -4.163615499999935, 41.101207999000053 ], [ -4.156614, 41.099124999000026 ], [ -4.144840526999928, 41.083657955000035 ], [ -4.136066, 41.048972999000057 ], [ -4.152064, 41.042419499000061 ], [ -4.194963055999949, 41.046492904000047 ], [ -4.201208, 41.042144999000072 ], [ -4.206699499999957, 41.049678499000038 ], [ -4.205278, 41.05327199900006 ] ] ] } },
{ "type": "Feature", "properties": { "code": "40043", "name": "Carbonero el Mayor" }, "geometry": { "type": "Polygon", "coordinates": [ [ [ -4.255322, 41.182467999000039 ], [ -4.237701, 41.177432999000075 ], [ -4.233707659999936, 41.174208993000036 ], [ -4.233674005999944, 41.168669825000052 ], [ -4.229746735999925, 41.163544773000069 ], [ -4.231825543999946, 41.156512477000035 ], [ -4.22412, 41.120288999000024 ], [ -4.232273358999976, 41.113116436000041 ], [ -4.267487074999963, 41.098073407000072 ], [ -4.282199685999956, 41.093194101000051 ], [ -4.288633499999946, 41.095256999000071 ], [ -4.306616, 41.108600499000033 ], [ -4.312544969999976, 41.134916496000073 ], [ -4.330063815999949, 41.16434560600004 ], [ -4.328880656999956, 41.170468845000073 ], [ -4.352555630999973, 41.172684963000052 ], [ -4.360873, 41.179977499000074 ], [ -4.350994, 41.188289499000064 ], [ -4.345453, 41.194877499000029 ], [ -4.33605446599995, 41.194057318000034 ], [ -4.329175499999963, 41.189597999000057 ], [ -4.325582434999944, 41.181781948000037 ], [ -4.312043064999955, 41.177860262000024 ], [ -4.294362546999935, 41.163678582000045 ], [ -4.283043328999952, 41.165276363000032 ], [ -4.284073108999962, 41.175133906000042 ], [ -4.276499499999943, 41.181926999000041 ], [ -4.256852499999979, 41.185851999000079 ], [ -4.255322, 41.182467999000039 ] ] ] } },
{ "type": "Feature", "properties": { "code": "40044", "name": "Carrascal del Río" }, "geometry": { "type": "Polygon", "coordinates": [ [ [ -3.882309499999963, 41.31060399900008 ], [ -3.897784580999939, 41.316839906000041 ], [ -3.904043, 41.328029499000024 ], [ -3.914947876999975, 41.33586719200008 ], [ -3.906003442999975, 41.340324329000055 ], [ -3.911756899999943, 41.346128803000056 ], [ -3.909854033999977, 41.352903302000072 ], [ -3.921556873999975, 41.35376797300006 ], [ -3.924984, 41.358039999000027 ], [ -3.919365, 41.360523499000067 ], [ -3.912857, 41.374839999000073 ], [ -3.907788499999981, 41.378284499000074 ], [ -3.904443499999957, 41.384677999000075 ], [ -3.902075, 41.386317999000028 ], [ -3.901313499999958, 41.389323999000055 ], [ -3.894197, 41.395362999000042 ], [ -3.889772499999935, 41.397159499000054 ], [ -3.876824858999953, 41.38668064400008 ], [ -3.853577499999972, 41.376537499000051 ], [ -3.874711099999956, 41.36214280300004 ], [ -3.877385499999946, 41.354060999000069 ], [ -3.883272236999971, 41.349118109000074 ], [ -3.880861259999961, 41.344791720000046 ], [ -3.851385574999938, 41.328265360000046 ], [ -3.873643499999957, 41.313834999000051 ], [ -3.882309499999963, 41.31060399900008 ] ] ] } },
{ "type": "Feature", "properties": { "code": "40045", "name": "Casla" }, "geometry": { "type": "Polygon", "coordinates": [ [ [ -3.677536499999974, 41.172168999000064 ], [ -3.672054, 41.18285449900003 ], [ -3.674667499999941, 41.184074499000076 ], [ -3.677767, 41.193378499000062 ], [ -3.671408499999927, 41.201362499000027 ], [ -3.665438499999937, 41.202972499000055 ], [ -3.662761, 41.202518999000063 ], [ -3.663134639999953, 41.194330992000062 ], [ -3.657054236999954, 41.189227646000063 ], [ -3.654439941999954, 41.18048118400003 ], [ -3.61984949999993, 41.143107999000051 ], [ -3.633026131999941, 41.134632496000052 ], [ -3.634168, 41.125625999000079 ], [ -3.661542040999962, 41.144459088000076 ], [ -3.677536499999974, 41.172168999000064 ] ] ] } },
{ "type": "Feature", "properties": { "code": "40046", "name": "Castillejo de Mesleón" }, "geometry": { "type": "Polygon", "coordinates": [ [ [ -3.549771, 41.26718149900006 ], [ -3.561979755999971, 41.253285331000029 ], [ -3.593296276999979, 41.257411525000066 ], [ -3.605538, 41.254497499000081 ], [ -3.620664529999942, 41.27351727100006 ], [ -3.637917, 41.277427499000055 ], [ -3.636943517999953, 41.29074853000003 ], [ -3.623948281999958, 41.298983240000041 ], [ -3.622594, 41.303481999000041 ], [ -3.602425891999928, 41.303815653000072 ], [ -3.57893284499994, 41.29560788200007 ], [ -3.555363499999942, 41.282142499000031 ], [ -3.556162499999971, 41.280471999000042 ], [ -3.556038, 41.27725999900008 ], [ -3.554137499999968, 41.274356999000076 ], [ -3.550122499999929, 41.270835999000042 ], [ -3.549771, 41.26718149900006 ] ] ] } },
{ "type": "Feature", "properties": { "code": "40047", "name": "Castro de Fuentidueña" }, "geometry": { "type": "Polygon", "coordinates": [ [ [ -3.889772499999935, 41.397159499000054 ], [ -3.90865649999995, 41.408099999000058 ], [ -3.887227076999977, 41.417465137000079 ], [ -3.893121288999964, 41.442575857000065 ], [ -3.880662, 41.452499499000055 ], [ -3.869616637999968, 41.442977726000038 ], [ -3.821772, 41.42824549900007 ], [ -3.829397792999941, 41.425591929000063 ], [ -3.843087880999974, 41.414511851000043 ], [ -3.854082656999935, 41.413005565000049 ], [ -3.86780373299996, 41.407385916000067 ], [ -3.87464941199994, 41.400323473000071 ], [ -3.889772499999935, 41.397159499000054 ] ] ] } },
{ "type": "Feature", "properties": { "code": "40048", "name": "Castrojimeno" }, "geometry": { "type": "Polygon", "coordinates": [ [ [ -3.813287499999944, 41.430091999000069 ], [ -3.817176462999953, 41.41797043400004 ], [ -3.816540220999968, 41.404938529000049 ], [ -3.831160073999968, 41.394172837000042 ], [ -3.827180319999968, 41.390566212000067 ], [ -3.832657, 41.383643999000071 ], [ -3.832724, 41.381274999000027 ], [ -3.847199, 41.376144499000077 ], [ -3.850518499999964, 41.377624499000035 ], [ -3.853577499999972, 41.376537499000051 ], [ -3.876824858999953, 41.38668064400008 ], [ -3.889772499999935, 41.397159499000054 ], [ -3.87464941199994, 41.400323473000071 ], [ -3.86780373299996, 41.407385916000067 ], [ -3.854082656999935, 41.413005565000049 ], [ -3.843087880999974, 41.414511851000043 ], [ -3.829397792999941, 41.425591929000063 ], [ -3.821772, 41.42824549900007 ], [ -3.813287499999944, 41.430091999000069 ] ] ] } },
{ "type": "Feature", "properties": { "code": "40049", "name": "Castroserna de Abajo" }, "geometry": { "type": "Polygon", "coordinates": [ [ [ -3.767440499999964, 41.216346999000052 ], [ -3.761199484999963, 41.215946555000073 ], [ -3.745988239999974, 41.223218706000068 ], [ -3.723893499999974, 41.224769499000047 ], [ -3.714437393999958, 41.21666332500007 ], [ -3.710246, 41.205001999000046 ], [ -3.733026406999954, 41.18897910000004 ], [ -3.736252, 41.174438499000075 ], [ -3.743839499999979, 41.177047999000081 ], [ -3.741601499999945, 41.186824999000066 ], [ -3.749574, 41.195853999000065 ], [ -3.753369499999962, 41.197109499000078 ], [ -3.754712499999926, 41.198810499000047 ], [ -3.753267499999936, 41.203845999000066 ], [ -3.751139499999965, 41.205528499000025 ], [ -3.750153, 41.20792749900005 ], [ -3.754269, 41.208019499000045 ], [ -3.767440499999964, 41.216346999000052 ] ] ] } },
{ "type": "Feature", "properties": { "code": "40051", "name": "Castroserracín" }, "geometry": { "type": "Polygon", "coordinates": [ [ [ -3.813287499999944, 41.430091999000069 ], [ -3.802164895999965, 41.427957831000072 ], [ -3.792942, 41.430167999000048 ], [ -3.760291889999962, 41.40920834800005 ], [ -3.763805893999972, 41.406202115000042 ], [ -3.780314407999981, 41.403793730000075 ], [ -3.775234778999959, 41.393130506000034 ], [ -3.766323499999942, 41.390285499000072 ], [ -3.771515232999946, 41.383720162000031 ], [ -3.801375499999949, 41.378169999000079 ], [ -3.801684, 41.379962999000043 ], [ -3.806595499999958, 41.379623499000047 ], [ -3.808222, 41.380584999000064 ], [ -3.815390499999978, 41.381965499000046 ], [ -3.82695, 41.38251499900008 ], [ -3.832657, 41.383643999000071 ], [ -3.827180319999968, 41.390566212000067 ], [ -3.831160073999968, 41.394172837000042 ], [ -3.816540220999968, 41.404938529000049 ], [ -3.817176462999953, 41.41797043400004 ], [ -3.813287499999944, 41.430091999000069 ] ] ] } },
{ "type": "Feature", "properties": { "code": "40052", "name": "Cedillo de la Torre" }, "geometry": { "type": "Polygon", "coordinates": [ [ [ -3.647184, 41.449039499000037 ], [ -3.634713499999975, 41.450443499000073 ], [ -3.631729, 41.447875499000077 ], [ -3.627571, 41.447474999000065 ], [ -3.621751499999959, 41.444667999000046 ], [ -3.608236, 41.44297799900005 ], [ -3.591509, 41.438045499000054 ], [ -3.584863499999926, 41.434962999000049 ], [ -3.583912, 41.430164499000057 ], [ -3.581353499999977, 41.423782499000026 ], [ -3.580882499999973, 41.41930049900003 ], [ -3.58634184899995, 41.410279939000077 ], [ -3.604703865999966, 41.406064963000063 ], [ -3.620144499999981, 41.41058349900004 ], [ -3.628332499999942, 41.41099949900007 ], [ -3.647589, 41.417495999000039 ], [ -3.655696, 41.418014499000037 ], [ -3.66662249999996, 41.422942999000043 ], [ -3.663749481999957, 41.436108730000058 ], [ -3.650564801999963, 41.44123260300006 ], [ -3.650155431999963, 41.446975958000053 ], [ -3.647184, 41.449039499000037 ] ] ] } },
{ "type": "Feature", "properties": { "code": "40053", "name": "Cerezo de Abajo" }, "geometry": { "type": "Polygon", "coordinates": [ [ [ -3.620347, 41.211070999000071 ], [ -3.625657003999947, 41.22256204100006 ], [ -3.617691, 41.240737999000032 ], [ -3.608443499999964, 41.242229499000075 ], [ -3.607439499999941, 41.240729999000052 ], [ -3.600867499999936, 41.24379699900004 ], [ -3.592841499999963, 41.240409999000065 ], [ -3.576803, 41.225574499000061 ], [ -3.575338, 41.223102499000049 ], [ -3.566618, 41.221973499000057 ], [ -3.555673, 41.218543999000076 ], [ -3.551627499999938, 41.218398999000044 ], [ -3.548785, 41.219394999000031 ], [ -3.534715499999947, 41.215945999000041 ], [ -3.528000058999964, 41.210669148000079 ], [ -3.531298289999938, 41.204649508000045 ], [ -3.541588173999969, 41.205838143000051 ], [ -3.556534424999938, 41.200532300000077 ], [ -3.575384722999956, 41.208305461000066 ], [ -3.58391076099997, 41.205573710000067 ], [ -3.594470177999938, 41.208362952000073 ], [ -3.606672071999981, 41.206437950000065 ], [ -3.620347, 41.211070999000071 ] ] ] } },
{ "type": "Feature", "properties": { "code": "40054", "name": "Cerezo de Arriba" }, "geometry": { "type": "Polygon", "coordinates": [ [ [ -3.517212499999971, 41.162859999000034 ], [ -3.522700264999969, 41.191597011000056 ], [ -3.528265640999962, 41.199263644000041 ], [ -3.52037304299995, 41.212468514000079 ], [ -3.532505, 41.214130499000078 ], [ -3.534715499999947, 41.215945999000041 ], [ -3.548785, 41.219394999000031 ], [ -3.551627499999938, 41.218398999000044 ], [ -3.555673, 41.218543999000076 ], [ -3.566618, 41.221973499000057 ], [ -3.575338, 41.223102499000049 ], [ -3.576803, 41.225574499000061 ], [ -3.592841499999963, 41.240409999000065 ], [ -3.600867499999936, 41.24379699900004 ], [ -3.60449049999994, 41.24188999900008 ], [ -3.614492483999925, 41.248657501000025 ], [ -3.605538, 41.254497499000081 ], [ -3.593296276999979, 41.257411525000066 ], [ -3.561979755999971, 41.253285331000029 ], [ -3.549771, 41.26718149900006 ], [ -3.52666568099994, 41.233477282000081 ], [ -3.507019580999952, 41.220490521000045 ], [ -3.494488407999938, 41.216930336000075 ], [ -3.462225, 41.218189499000061 ], [ -3.453831499999978, 41.215755499000068 ], [ -3.449921365999955, 41.21317567400007 ], [ -3.453765499999975, 41.202176999000073 ], [ -3.459165285999973, 41.192418159000056 ], [ -3.468911595999941, 41.184243103000028 ], [ -3.499945284999967, 41.177909550000038 ], [ -3.50648362499993, 41.169419674000039 ], [ -3.517212499999971, 41.162859999000034 ] ] ] } },
{ "type": "Feature", "properties": { "code": "40055", "name": "Cilleruelo de San Mamés" }, "geometry": { "type": "Polygon", "coordinates": [ [ [ -3.580882499999973, 41.41930049900003 ], [ -3.581353499999977, 41.423782499000026 ], [ -3.583912, 41.430164499000057 ], [ -3.584863499999926, 41.434962999000049 ], [ -3.600673, 41.441150499000059 ], [ -3.608236, 41.44297799900005 ], [ -3.621751499999959, 41.444667999000046 ], [ -3.627571, 41.447474999000065 ], [ -3.631729, 41.447875499000077 ], [ -3.634713499999975, 41.450443499000073 ], [ -3.633447587999967, 41.452543001000038 ], [ -3.624096877999932, 41.45205098100007 ], [ -3.592907472999968, 41.444084181000051 ], [ -3.582476, 41.44782649900003 ], [ -3.573523, 41.448116499000037 ], [ -3.565612499999929, 41.447009999000045 ], [ -3.56109349999997, 41.44778799900007 ], [ -3.554078499999946, 41.446327499000063 ], [ -3.553482, 41.442385999000066 ], [ -3.556432499999971, 41.437362499000074 ], [ -3.556513, 41.432777499000053 ], [ -3.560779499999967, 41.426551999000026 ], [ -3.560868, 41.424217499000065 ], [ -3.562535, 41.423454499000059 ], [ -3.563481499999966, 41.419078499000079 ], [ -3.566628499999979, 41.416587999000058 ], [ -3.580882499999973, 41.41930049900003 ] ] ] } },
{ "type": "Feature", "properties": { "code": "40056", "name": "Cobos de Fuentidueña" }, "geometry": { "type": "Polygon", "coordinates": [ [ [ -3.946678, 41.357547999000076 ], [ -3.930050654999945, 41.375581354000076 ], [ -3.943879930999969, 41.381649140000036 ], [ -3.941824312999927, 41.389030267000066 ], [ -3.927962998999931, 41.400861378000059 ], [ -3.912114499999973, 41.408973499000069 ], [ -3.90865649999995, 41.408099999000058 ], [ -3.889772499999935, 41.397159499000054 ], [ -3.894197, 41.395362999000042 ], [ -3.901313499999958, 41.389323999000055 ], [ -3.902075, 41.386317999000028 ], [ -3.904443499999957, 41.384677999000075 ], [ -3.907788499999981, 41.378284499000074 ], [ -3.912857, 41.374839999000073 ], [ -3.919365, 41.360523499000067 ], [ -3.927662, 41.357177499000045 ], [ -3.936726, 41.355628999000032 ], [ -3.940723499999933, 41.353477499000064 ], [ -3.946678, 41.357547999000076 ] ] ] } },
{ "type": "Feature", "properties": { "code": "40057", "name": "Coca" }, "geometry": { "type": "Polygon", "coordinates": [ [ [ -4.604863499999965, 41.233134999000072 ], [ -4.593435598999974, 41.238023574000067 ], [ -4.562206839999931, 41.234144343000025 ], [ -4.551085952999927, 41.237355071000025 ], [ -4.550815119999925, 41.254750927000032 ], [ -4.560943573999964, 41.263590092000072 ], [ -4.560312499999952, 41.269298499000058 ], [ -4.533302971999944, 41.279682126000068 ], [ -4.518551, 41.281188999000051 ], [ -4.496075420999944, 41.278384132000042 ], [ -4.487882873999979, 41.27108159800008 ], [ -4.472432499999968, 41.26462949900008 ], [ -4.463849499999981, 41.259269999000026 ], [ -4.451338, 41.253814499000043 ], [ -4.443805, 41.24882149900003 ], [ -4.45889712099995, 41.246483972000078 ], [ -4.470146565999926, 41.239678125000069 ], [ -4.482526759999928, 41.222483443000044 ], [ -4.482264563999934, 41.202551279000033 ], [ -4.48528, 41.19874549900004 ], [ -4.490064307999944, 41.195891695000057 ], [ -4.484495564999975, 41.186711355000057 ], [ -4.487408057999971, 41.181484614000055 ], [ -4.495123284999977, 41.175369236000051 ], [ -4.515838842999926, 41.170371055000032 ], [ -4.518470499999978, 41.166812999000058 ], [ -4.524805929999957, 41.16224440700006 ], [ -4.535782215999973, 41.165924056000051 ], [ -4.539930370999969, 41.179114035000055 ], [ -4.53766849799996, 41.188305104000051 ], [ -4.546704304999935, 41.190649488000076 ], [ -4.591729029999954, 41.175497136000047 ], [ -4.603835695999976, 41.193400563000068 ], [ -4.609641499999952, 41.197345999000049 ], [ -4.597566765999943, 41.211450839000065 ], [ -4.604863499999965, 41.233134999000072 ] ] ] } },
{ "type": "Feature", "properties": { "code": "40058", "name": "Codorniz" }, "geometry": { "type": "Polygon", "coordinates": [ [ [ -4.617276499999946, 41.003669499000068 ], [ -4.623621499999956, 41.006938999000056 ], [ -4.626530384999967, 41.015318414000035 ], [ -4.639071900999966, 41.029725351000025 ], [ -4.652144183999951, 41.034176107000064 ], [ -4.659695499999941, 41.040401499000041 ], [ -4.659616, 41.041492499000071 ], [ -4.650985738999964, 41.050138221000054 ], [ -4.650305, 41.061198999000055 ], [ -4.631215716999975, 41.06534791100006 ], [ -4.632332110999926, 41.07558892000003 ], [ -4.626371251999956, 41.085566068000048 ], [ -4.628995499999974, 41.097118499000032 ], [ -4.624293, 41.100517499000034 ], [ -4.61142162699997, 41.099099710000075 ], [ -4.587100629999952, 41.102452881000033 ], [ -4.571297499999957, 41.10933299900006 ], [ -4.568528, 41.10798199900006 ], [ -4.566862499999957, 41.106071499000052 ], [ -4.569379193999964, 41.101509043000078 ], [ -4.566781116999948, 41.094553682000026 ], [ -4.57057251599997, 41.075519973000041 ], [ -4.565118899999959, 41.065176559000065 ], [ -4.558657499999981, 41.063800499000081 ], [ -4.567551743999957, 41.04140110600008 ], [ -4.557226, 41.025237999000069 ], [ -4.558224, 41.022739499000068 ], [ -4.562789, 41.017020499000068 ], [ -4.565957499999968, 41.01578149900007 ], [ -4.57727449999993, 41.008571499000027 ], [ -4.610276499999941, 41.004764499000032 ], [ -4.614373499999942, 41.00315099900007 ], [ -4.617276499999946, 41.003669499000068 ] ] ] } },
{ "type": "Feature", "properties": { "code": "40059", "name": "Collado Hermoso" }, "geometry": { "type": "Polygon", "coordinates": [ [ [ -3.912846499999944, 41.05894949900005 ], [ -3.911456070999975, 41.05354102900003 ], [ -3.897409558999925, 41.035519609000062 ], [ -3.884948559999941, 41.028150908000043 ], [ -3.883227078999937, 41.020722877000026 ], [ -3.885547000999964, 40.995742637000035 ], [ -3.880106, 40.974421999000072 ], [ -3.880630499999938, 40.972771999000031 ], [ -3.896035132999941, 40.989588259000072 ], [ -3.915882935999946, 41.024404294000078 ], [ -3.935077276999948, 41.030872969000029 ], [ -3.933409564999977, 41.035025135000069 ], [ -3.924841907999962, 41.037853808000079 ], [ -3.932085499999971, 41.046771999000043 ], [ -3.928990499999941, 41.049193499000069 ], [ -3.926071499999978, 41.049853999000049 ], [ -3.91922349999993, 41.053613499000051 ], [ -3.912846499999944, 41.05894949900005 ] ] ] } },
{ "type": "Feature", "properties": { "code": "40060", "name": "Condado de Castilnovo" }, "geometry": { "type": "Polygon", "coordinates": [ [ [ -3.723893499999974, 41.224769499000047 ], [ -3.745988239999974, 41.223218706000068 ], [ -3.761199484999963, 41.215946555000073 ], [ -3.785548499999948, 41.21641149900006 ], [ -3.781796499999928, 41.229831499000056 ], [ -3.780278, 41.232696499000042 ], [ -3.753859491999947, 41.27004936000003 ], [ -3.752586507999979, 41.277826483000069 ], [ -3.737657894999927, 41.278799104000029 ], [ -3.732519771999932, 41.285205008000048 ], [ -3.724783007999974, 41.276258600000062 ], [ -3.721418637999932, 41.255134937000037 ], [ -3.728551068999934, 41.241167932000053 ], [ -3.727649553999925, 41.230526027000053 ], [ -3.723893499999974, 41.224769499000047 ] ] ] } },
{ "type": "Feature", "properties": { "code": "40061", "name": "Corral de Ayllón" }, "geometry": { "type": "MultiPolygon", "coordinates": [ [ [ [ -3.453395499999942, 41.430526999000051 ], [ -3.445910499999968, 41.428142499000046 ], [ -3.44185, 41.425834499000075 ], [ -3.446447371999966, 41.420657142000039 ], [ -3.445618405999937, 41.416562038000052 ], [ -3.426770347999934, 41.402560780000044 ], [ -3.434848570999975, 41.397152154000025 ], [ -3.436454856999944, 41.390721535000068 ], [ -3.447552021999968, 41.380652360000056 ], [ -3.452004067999951, 41.369213351000042 ], [ -3.450537, 41.366607499000054 ], [ -3.455559, 41.35819249900004 ], [ -3.462139304999937, 41.362396624000041 ], [ -3.467839252999966, 41.375178950000077 ], [ -3.476973406999946, 41.386520697000037 ], [ -3.474841499999968, 41.410575999000059 ], [ -3.471944712999971, 41.415753177000056 ], [ -3.457344642999942, 41.422093994000079 ], [ -3.453395499999942, 41.430526999000051 ] ] ], [ [ [ -3.446554499999934, 41.343921499000032 ], [ -3.450475530999938, 41.346319239000024 ], [ -3.448971499999971, 41.356288999000071 ], [ -3.439015693999977, 41.355366568000079 ], [ -3.440424499999949, 41.351241999000081 ], [ -3.446554499999934, 41.343921499000032 ] ] ] ] } },
{ "type": "Feature", "properties": { "code": "40062", "name": "Cubillo" }, "geometry": { "type": "Polygon", "coordinates": [ [ [ -3.912136, 41.082500499000048 ], [ -3.92335886099994, 41.081837549000056 ], [ -3.941008134999947, 41.088924212000052 ], [ -3.948773, 41.099365499000044 ], [ -3.938863368999932, 41.105315870000027 ], [ -3.946309910999958, 41.113720553000064 ], [ -3.941614, 41.128337999000053 ], [ -3.92704649999996, 41.130302499000038 ], [ -3.912183, 41.129764499000032 ], [ -3.901288499999964, 41.131984999000053 ], [ -3.897084499999949, 41.134727499000064 ], [ -3.890248, 41.135852999000065 ], [ -3.88515369299995, 41.128999720000024 ], [ -3.880153499999949, 41.127544499000066 ], [ -3.885645009999962, 41.115856053000073 ], [ -3.906981162999955, 41.098234750000074 ], [ -3.912136, 41.082500499000048 ] ] ] } },
{ "type": "Feature", "properties": { "code": "40063", "name": "Cuéllar" }, "geometry": { "type": "Polygon", "coordinates": [ [ [ -4.362416, 41.449936499000046 ], [ -4.33877327099998, 41.448671363000074 ], [ -4.330388825999933, 41.445592758000032 ], [ -4.321536314999946, 41.448429588000067 ], [ -4.317303546999938, 41.453654696000058 ], [ -4.300651, 41.457717999000067 ], [ -4.292260502999966, 41.455269864000059 ], [ -4.269900563999954, 41.460337253000034 ], [ -4.262362419999931, 41.454043002000049 ], [ -4.250149256999975, 41.461139308000043 ], [ -4.243192, 41.46089549900006 ], [ -4.234080577999976, 41.457146775000069 ], [ -4.227860499999963, 41.459968999000068 ], [ -4.214470499999948, 41.451427499000033 ], [ -4.205037499999946, 41.437862499000062 ], [ -4.203028499999959, 41.430858499000067 ], [ -4.2052, 41.420856499000081 ], [ -4.207094, 41.418403499000078 ], [ -4.205608499999926, 41.414355999000065 ], [ -4.201176499999974, 41.412231499000029 ], [ -4.203052, 41.410697999000035 ], [ -4.20244, 41.403499499000077 ], [ -4.203447499999925, 41.400932499000078 ], [ -4.221749958999965, 41.393177921000074 ], [ -4.22785074199993, 41.38460552600003 ], [ -4.228173407999975, 41.37297514200003 ], [ -4.22264193999996, 41.366421545000037 ], [ -4.225376935999975, 41.360626098000068 ], [ -4.223723678999932, 41.35344077700006 ], [ -4.212167809999926, 41.349863328000026 ], [ -4.204682688999981, 41.351684411000065 ], [ -4.189218983999979, 41.34328036900007 ], [ -4.178602499999954, 41.342170499000076 ], [ -4.176052499999969, 41.335338499000045 ], [ -4.166999499999974, 41.331023999000081 ], [ -4.160836499999959, 41.329826499000035 ], [ -4.15549, 41.324737499000037 ], [ -4.151011, 41.324268499000027 ], [ -4.146511499999974, 41.322448499000075 ], [ -4.174645514999952, 41.317426961000081 ], [ -4.185073993999936, 41.311945929000046 ], [ -4.181905622999977, 41.307578301000035 ], [ -4.172190788999956, 41.305253616000073 ], [ -4.16917280399997, 41.29932715800004 ], [ -4.162586325999939, 41.299167967000074 ], [ -4.147775573999979, 41.284847729000035 ], [ -4.147146635999945, 41.281138566000038 ], [ -4.154718499999944, 41.274196499000027 ], [ -4.179816604999928, 41.277957914000069 ], [ -4.212507673999937, 41.274218626000049 ], [ -4.218964519999929, 41.270500546000051 ], [ -4.221186608999972, 41.261483877000046 ], [ -4.231497499999932, 41.256061499000054 ], [ -4.254576519999944, 41.262253246000057 ], [ -4.257121499999926, 41.270824499000071 ], [ -4.246200461999933, 41.278232311000068 ], [ -4.244837125999936, 41.284406605000072 ], [ -4.239859021999962, 41.288408508000032 ], [ -4.252008296999975, 41.296354172000065 ], [ -4.25819649999994, 41.305782499000031 ], [ -4.248106894999978, 41.313859773000047 ], [ -4.232992709999962, 41.314392916000031 ], [ -4.235969275999935, 41.322133687000075 ], [ -4.28610914099994, 41.33645492200003 ], [ -4.296599515999958, 41.344187614000077 ], [ -4.32814201399998, 41.351932238000074 ], [ -4.333190771999966, 41.351104848000034 ], [ -4.335187924999957, 41.347478852000052 ], [ -4.337650934999942, 41.326214277000076 ], [ -4.335632, 41.31245799900006 ], [ -4.341458, 41.306922999000051 ], [ -4.336330499999974, 41.298019499000077 ], [ -4.347644, 41.272659499000042 ], [ -4.347502499999962, 41.269805999000027 ], [ -4.342158, 41.268886499000075 ], [ -4.341879, 41.266879999000025 ], [ -4.339588, 41.264617999000052 ], [ -4.338008173999981, 41.249031716000047 ], [ -4.340949499999965, 41.245380499000078 ], [ -4.359649668999964, 41.247984326000051 ], [ -4.376281, 41.25526049900003 ], [ -4.374986350999961, 41.262169922000055 ], [ -4.39894709899994, 41.278699743000061 ], [ -4.389062620999937, 41.290959341000075 ], [ -4.393119548999948, 41.303107966000027 ], [ -4.393540318999953, 41.318539261000069 ], [ -4.396961, 41.323951499000032 ], [ -4.390452, 41.350490499000045 ], [ -4.396485499999926, 41.358806499000025 ], [ -4.402689499999951, 41.36207949900006 ], [ -4.388374319999969, 41.36161372600003 ], [ -4.381883811999955, 41.366681002000064 ], [ -4.368729393999956, 41.368896361000054 ], [ -4.37091084399998, 41.37604893300005 ], [ -4.382203925999931, 41.378616136000062 ], [ -4.382748717999959, 41.385351796000066 ], [ -4.392989, 41.399940499000024 ], [ -4.387076886999978, 41.405485836000025 ], [ -4.388460171999952, 41.411079521000033 ], [ -4.379875053999967, 41.41830477700006 ], [ -4.362154585999974, 41.424215188000062 ], [ -4.361994511999967, 41.431928603000074 ], [ -4.364936499999942, 41.436004499000035 ], [ -4.362416, 41.449936499000046 ] ], [ [ -4.387483858999929, 41.358486228000061 ], [ -4.37533510999998, 41.345496101000037 ], [ -4.366507875999957, 41.350982157000033 ], [ -4.369404914999961, 41.362431755000046 ], [ -4.381489385999942, 41.36229103200003 ], [ -4.387483858999929, 41.358486228000061 ] ] ] } },
{ "type": "Feature", "properties": { "code": "40065", "name": "Chañe" }, "geometry": { "type": "MultiPolygon", "coordinates": [ [ [ [ -4.387483858999929, 41.358486228000061 ], [ -4.381489385999942, 41.36229103200003 ], [ -4.369404914999961, 41.362431755000046 ], [ -4.366507875999957, 41.350982157000033 ], [ -4.37533510999998, 41.345496101000037 ], [ -4.387483858999929, 41.358486228000061 ] ] ], [ [ [ -4.484021499999926, 41.365664999000046 ], [ -4.484022, 41.366805999000064 ], [ -4.467286, 41.370632499000067 ], [ -4.413967462999949, 41.36115828700008 ], [ -4.402689499999951, 41.36207949900006 ], [ -4.396485499999926, 41.358806499000025 ], [ -4.390452, 41.350490499000045 ], [ -4.396961, 41.323951499000032 ], [ -4.417160499999966, 41.319846999000049 ], [ -4.420749499999943, 41.311809499000049 ], [ -4.431330499999945, 41.310001499000066 ], [ -4.438344373999939, 41.314042444000052 ], [ -4.437365359999944, 41.321414460000028 ], [ -4.458120232999931, 41.331591632000027 ], [ -4.47452, 41.323379499000055 ], [ -4.471822938999935, 41.33513064400006 ], [ -4.472214667999936, 41.342612819000067 ], [ -4.475916466999934, 41.352616692000026 ], [ -4.484021499999926, 41.365664999000046 ] ] ] ] } },
{ "type": "Feature", "properties": { "code": "40068", "name": "Domingo García" }, "geometry": { "type": "Polygon", "coordinates": [ [ [ -4.431742499999928, 41.142318999000054 ], [ -4.407266, 41.157245499000055 ], [ -4.408283146999963, 41.142300814000066 ], [ -4.402609428999938, 41.130191835000062 ], [ -4.37514148799994, 41.122564712000042 ], [ -4.366838503999929, 41.111511715000063 ], [ -4.352845, 41.107898999000042 ], [ -4.364335947999962, 41.099692238000046 ], [ -4.376828, 41.095748999000079 ], [ -4.383376225999939, 41.100402787000064 ], [ -4.416737499999954, 41.111076999000034 ], [ -4.430562651999935, 41.124805295000044 ], [ -4.431742499999928, 41.142318999000054 ] ] ] } },
{ "type": "Feature", "properties": { "code": "40069", "name": "Donhierro" }, "geometry": { "type": "Polygon", "coordinates": [ [ [ -4.716749, 41.132659999000055 ], [ -4.711134185999981, 41.135212326000044 ], [ -4.705463309999971, 41.13527736900005 ], [ -4.679969531999973, 41.127021745000036 ], [ -4.662580499999933, 41.126174999000057 ], [ -4.660838499999954, 41.123706999000035 ], [ -4.664152499999943, 41.120479499000055 ], [ -4.663656, 41.110694999000032 ], [ -4.67119039499994, 41.107568247000074 ], [ -4.67949208899995, 41.108689269000081 ], [ -4.685737, 41.093448499000033 ], [ -4.694509148999941, 41.088187449000031 ], [ -4.714163862999953, 41.089848490000065 ], [ -4.710893428999952, 41.098753207000073 ], [ -4.72427092199996, 41.123654573000067 ], [ -4.723096154999951, 41.12850768900006 ], [ -4.716749, 41.132659999000055 ] ] ] } },
{ "type": "Feature", "properties": { "code": "40070", "name": "Duruelo" }, "geometry": { "type": "Polygon", "coordinates": [ [ [ -3.655137499999967, 41.201030499000069 ], [ -3.654961263999951, 41.211033402000055 ], [ -3.672900499999969, 41.233958999000038 ], [ -3.671733, 41.244746999000029 ], [ -3.649546077999958, 41.247708702000068 ], [ -3.645303315999968, 41.243839642000069 ], [ -3.627172692999977, 41.246635510000033 ], [ -3.617691, 41.240737999000032 ], [ -3.625657003999947, 41.22256204100006 ], [ -3.620347, 41.211070999000071 ], [ -3.642905563999932, 41.197108446000072 ], [ -3.65306603099998, 41.195711558000028 ], [ -3.655137499999967, 41.201030499000069 ] ] ] } },
{ "type": "Feature", "properties": { "code": "40071", "name": "Encinas" }, "geometry": { "type": "Polygon", "coordinates": [ [ [ -3.673842499999978, 41.430141499000058 ], [ -3.670099610999955, 41.414491944000076 ], [ -3.673631460999957, 41.400188845000059 ], [ -3.661501466999937, 41.382947537000064 ], [ -3.645533499999942, 41.371634999000037 ], [ -3.647452499999929, 41.367522999000073 ], [ -3.647192, 41.365245999000081 ], [ -3.649237, 41.364127999000061 ], [ -3.659126, 41.365493499000024 ], [ -3.674470499999927, 41.362434499000074 ], [ -3.67919, 41.363368999000045 ], [ -3.68261, 41.365527999000051 ], [ -3.680948496999974, 41.375396202000047 ], [ -3.688345924999965, 41.400027641000065 ], [ -3.703959499999939, 41.40712699900007 ], [ -3.702114380999944, 41.413391835000027 ], [ -3.708023456999967, 41.42182831000008 ], [ -3.707741499999941, 41.427364499000078 ], [ -3.701442, 41.431114499000046 ], [ -3.696688, 41.432105999000044 ], [ -3.693250499999976, 41.432037499000046 ], [ -3.690181499999937, 41.430377999000029 ], [ -3.682897, 41.431999499000028 ], [ -3.673842499999978, 41.430141499000058 ] ] ] } },
{ "type": "Feature", "properties": { "code": "40072", "name": "Encinillas" }, "geometry": { "type": "Polygon", "coordinates": [ [ [ -4.13212649999997, 41.025325999000074 ], [ -4.145658126999933, 41.014182903000062 ], [ -4.162686674999975, 41.007931601000053 ], [ -4.174511, 41.015460999000027 ], [ -4.170454108999934, 41.024447541000029 ], [ -4.160183047999965, 41.02648732800003 ], [ -4.152064, 41.042419499000061 ], [ -4.13731, 41.04792799900008 ], [ -4.13212649999997, 41.025325999000074 ] ] ] } },
{ "type": "Feature", "properties": { "code": "40073", "name": "Escalona del Prado" }, "geometry": { "type": "Polygon", "coordinates": [ [ [ -4.084841499999925, 41.141681499000072 ], [ -4.125576499999966, 41.130984999000077 ], [ -4.137385774999927, 41.141342652000048 ], [ -4.152073411999936, 41.148170655000058 ], [ -4.153962435999972, 41.15093240300007 ], [ -4.151309255999934, 41.153273990000059 ], [ -4.156745, 41.156818499000053 ], [ -4.15133684999995, 41.159287721000055 ], [ -4.150636968999947, 41.167801394000037 ], [ -4.141282498999942, 41.179877214000044 ], [ -4.138100021999946, 41.189859941000066 ], [ -4.130372031999968, 41.187667069000042 ], [ -4.125201407999953, 41.191205529000058 ], [ -4.12176719699994, 41.188529346000053 ], [ -4.118300499999975, 41.194328499000051 ], [ -4.105750499999942, 41.193969499000048 ], [ -4.106549, 41.190368499000044 ], [ -4.104676499999925, 41.189719999000033 ], [ -4.091947, 41.19001399900003 ], [ -4.090049499999964, 41.182094499000073 ], [ -4.083219, 41.170521499000074 ], [ -4.078787, 41.164203499000052 ], [ -4.076726, 41.162818999000081 ], [ -4.07421, 41.162696999000048 ], [ -4.078481426999929, 41.156235952000031 ], [ -4.075407735999931, 41.15030192200004 ], [ -4.084841499999925, 41.141681499000072 ] ] ] } },
{ "type": "Feature", "properties": { "code": "40074", "name": "Escarabajosa de Cabezas" }, "geometry": { "type": "Polygon", "coordinates": [ [ [ -4.138384499999972, 41.120609499000068 ], [ -4.135512499999948, 41.119159499000034 ], [ -4.135117, 41.116965999000058 ], [ -4.139333, 41.112815999000077 ], [ -4.148643499999935, 41.111201999000059 ], [ -4.152437, 41.101398499000027 ], [ -4.156614, 41.099124999000026 ], [ -4.163615499999935, 41.101207999000053 ], [ -4.164943, 41.099445499000069 ], [ -4.17510649999997, 41.096450999000069 ], [ -4.177860499999952, 41.098628999000027 ], [ -4.182932, 41.095237999000062 ], [ -4.180711, 41.094268999000064 ], [ -4.189871, 41.084552999000039 ], [ -4.206123, 41.087138999000047 ], [ -4.215339990999951, 41.098127054000031 ], [ -4.21640709299993, 41.103727205000041 ], [ -4.213436499999943, 41.109420499000066 ], [ -4.211816278999947, 41.115228870000067 ], [ -4.197970215999931, 41.119933865000064 ], [ -4.180741146999935, 41.120273867000037 ], [ -4.171533164999971, 41.115922714000078 ], [ -4.16815130599997, 41.108848855000076 ], [ -4.163744665999957, 41.110346465000077 ], [ -4.162005310999973, 41.117961918000049 ], [ -4.151630875999956, 41.123348370000031 ], [ -4.138384499999972, 41.120609499000068 ] ] ] } },
{ "type": "Feature", "properties": { "code": "40075", "name": "Escobar de Polendos" }, "geometry": { "type": "Polygon", "coordinates": [ [ [ -4.138384499999972, 41.120609499000068 ], [ -4.125576499999966, 41.130984999000077 ], [ -4.084841499999925, 41.141681499000072 ], [ -4.082433639999977, 41.132056419000037 ], [ -4.074262533999956, 41.123375341000042 ], [ -4.074746645999937, 41.11395200700008 ], [ -4.067471815999966, 41.111975395000059 ], [ -4.063793466999925, 41.103610974000048 ], [ -4.079702623999935, 41.09221012900008 ], [ -4.087058499999955, 41.081794499000068 ], [ -4.095141372999933, 41.083164941000064 ], [ -4.112052516999938, 41.078145953000046 ], [ -4.129173912999931, 41.061832071000026 ], [ -4.136066, 41.048972999000057 ], [ -4.144840526999928, 41.083657955000035 ], [ -4.156614, 41.099124999000026 ], [ -4.152437, 41.101398499000027 ], [ -4.148643499999935, 41.111201999000059 ], [ -4.139333, 41.112815999000077 ], [ -4.135117, 41.116965999000058 ], [ -4.135512499999948, 41.119159499000034 ], [ -4.138384499999972, 41.120609499000068 ] ] ] } },
{ "type": "Feature", "properties": { "code": "40076", "name": "Espinar, El" }, "geometry": { "type": "Polygon", "coordinates": [ [ [ -4.222688499999947, 40.785178999000038 ], [ -4.202441894999936, 40.786824644000035 ], [ -4.185951448999958, 40.784644092000065 ], [ -4.165656866999939, 40.789653825000073 ], [ -4.155742, 40.788841499000057 ], [ -4.146511128999975, 40.790946212000051 ], [ -4.128789, 40.789458999000033 ], [ -4.121340499999974, 40.792655999000033 ], [ -4.114412, 40.798705999000049 ], [ -4.106424499999946, 40.803817499000047 ], [ -4.103978499999926, 40.804271499000038 ], [ -4.101775499999974, 40.806609999000045 ], [ -4.09416049999993, 40.809997499000076 ], [ -4.088825, 40.807117499000071 ], [ -4.082709, 40.805709999000044 ], [ -4.07784, 40.802203999000028 ], [ -4.071083, 40.80005249900006 ], [ -4.071153, 40.796321999000043 ], [ -4.069931, 40.793870499000036 ], [ -4.076252298999975, 40.788536270000066 ], [ -4.081687171999931, 40.776154241000029 ], [ -4.095328796999979, 40.765154556000027 ], [ -4.09428681299994, 40.756123741000067 ], [ -4.096829499999956, 40.747694499000033 ], [ -4.111777678999943, 40.742612174000044 ], [ -4.123380467999937, 40.731441782000047 ], [ -4.12553, 40.724449999000058 ], [ -4.136705689999928, 40.716097741000056 ], [ -4.145705000999953, 40.695297728000071 ], [ -4.160293499999966, 40.689853499000037 ], [ -4.18446371899995, 40.69726214700006 ], [ -4.22874124599997, 40.689220655000042 ], [ -4.253245396999944, 40.688746953000077 ], [ -4.270797805999962, 40.68253861200003 ], [ -4.274165, 40.677089499000033 ], [ -4.288277164999954, 40.68057458100003 ], [ -4.314618348999943, 40.667194209000058 ], [ -4.323219399999971, 40.657319314000063 ], [ -4.319344, 40.64759949900008 ], [ -4.328255732999935, 40.646421396000051 ], [ -4.333806695999954, 40.640085856000042 ], [ -4.332659, 40.637157499000068 ], [ -4.353389, 40.63714999900003 ], [ -4.35945449999997, 40.638240999000061 ], [ -4.364736499999935, 40.637519999000062 ], [ -4.355923184999938, 40.650061914000048 ], [ -4.359261609999976, 40.68193326800008 ], [ -4.354213388999938, 40.707824384000048 ], [ -4.339333321999959, 40.721971140000051 ], [ -4.321985641999959, 40.728161693000061 ], [ -4.293057665999925, 40.747244969000064 ], [ -4.283302732999971, 40.755093259000034 ], [ -4.278554, 40.763339999000038 ], [ -4.270970793999936, 40.764743358000032 ], [ -4.25937922199995, 40.776403629000072 ], [ -4.25066353699998, 40.777321616000052 ], [ -4.242263474999959, 40.774400897000078 ], [ -4.222688499999947, 40.785178999000038 ] ] ] } },
{ "type": "Feature", "properties": { "code": "40077", "name": "Espirdo" }, "geometry": { "type": "Polygon", "coordinates": [ [ [ -4.051118499999973, 40.975528999000062 ], [ -4.058345, 40.974807999000063 ], [ -4.065436, 40.975227499000027 ], [ -4.067261499999972, 40.973506999000051 ], [ -4.071100181999952, 40.976729477000049 ], [ -4.083322823999936, 40.976995751000061 ], [ -4.104908499999965, 40.985271499000078 ], [ -4.096495242999936, 41.003618541000037 ], [ -4.104233833999956, 41.013637671000026 ], [ -4.106089499999939, 41.021056999000052 ], [ -4.099945522999974, 41.03216560900006 ], [ -4.090540818999955, 41.032036752000067 ], [ -4.083690499999932, 41.035430999000027 ], [ -4.078472499999975, 41.030696999000043 ], [ -4.076994, 41.028232499000069 ], [ -4.071924, 41.025169499000071 ], [ -4.067742, 41.024001999000063 ], [ -4.065647, 41.021678999000073 ], [ -4.060558499999956, 41.019565499000066 ], [ -4.055789499999946, 41.01584249900003 ], [ -4.051249, 41.015216999000074 ], [ -4.049095499999964, 41.012859499000058 ], [ -4.046752, 41.014392999000052 ], [ -4.043727499999932, 41.011150499000053 ], [ -4.042909549999933, 41.007925036000074 ], [ -4.047204527999952, 41.002551218000065 ], [ -4.039949802999956, 40.98274520700005 ], [ -4.051118499999973, 40.975528999000062 ] ] ] } },
{ "type": "Feature", "properties": { "code": "40078", "name": "Fresneda de Cuéllar" }, "geometry": { "type": "MultiPolygon", "coordinates": [ [ [ [ -4.47452, 41.323379499000055 ], [ -4.458120232999931, 41.331591632000027 ], [ -4.437365359999944, 41.321414460000028 ], [ -4.438344373999939, 41.314042444000052 ], [ -4.431330499999945, 41.310001499000066 ], [ -4.432616552999946, 41.305578235000041 ], [ -4.442701044999978, 41.302045594000049 ], [ -4.451376151999966, 41.288428553000074 ], [ -4.467808499999933, 41.295898499000032 ], [ -4.469823272999975, 41.313076290000026 ], [ -4.47452, 41.323379499000055 ] ] ], [ [ [ -4.472432499999968, 41.26462949900008 ], [ -4.479672499999936, 41.268019999000046 ], [ -4.476756499999965, 41.278514999000038 ], [ -4.473303, 41.283683999000061 ], [ -4.47291, 41.28851699900008 ], [ -4.471487, 41.291572999000039 ], [ -4.472432499999968, 41.26462949900008 ] ] ] ] } },
{ "type": "Feature", "properties": { "code": "40079", "name": "Fresno de Cantespino" }, "geometry": { "type": "Polygon", "coordinates": [ [ [ -3.455559, 41.35819249900004 ], [ -3.448971499999971, 41.356288999000071 ], [ -3.450475530999938, 41.346319239000024 ], [ -3.446554499999934, 41.343921499000032 ], [ -3.448398, 41.340755499000068 ], [ -3.444075, 41.334258999000042 ], [ -3.44433, 41.329509999000038 ], [ -3.448362793999934, 41.316614058000027 ], [ -3.457916766999972, 41.317158289000076 ], [ -3.465206793999926, 41.324040271000058 ], [ -3.467415667999944, 41.317147957000032 ], [ -3.471695346999979, 41.315067226000053 ], [ -3.488519147999966, 41.323955775000059 ], [ -3.52668, 41.331161499000075 ], [ -3.527458, 41.334121499000048 ], [ -3.533213499999931, 41.338355999000044 ], [ -3.535859499999958, 41.344417499000031 ], [ -3.537571, 41.346271499000068 ], [ -3.539418, 41.345496999000034 ], [ -3.526733083999943, 41.364172391000068 ], [ -3.548645, 41.389556999000035 ], [ -3.545054, 41.390544999000042 ], [ -3.544222, 41.395423999000059 ], [ -3.545132, 41.405750499000078 ], [ -3.548459, 41.410236499000064 ], [ -3.534634, 41.413883999000063 ], [ -3.523548, 41.416106999000078 ], [ -3.516851, 41.416534499000079 ], [ -3.512888, 41.417811999000037 ], [ -3.502909244999955, 41.416311177000068 ], [ -3.49484257599994, 41.409670006000056 ], [ -3.474841499999968, 41.410575999000059 ], [ -3.476973406999946, 41.386520697000037 ], [ -3.467839252999966, 41.375178950000077 ], [ -3.462139304999937, 41.362396624000041 ], [ -3.455559, 41.35819249900004 ] ] ] } },
{ "type": "Feature", "properties": { "code": "40080", "name": "Fresno de la Fuente" }, "geometry": { "type": "Polygon", "coordinates": [ [ [ -3.673842499999978, 41.430141499000058 ], [ -3.66662249999996, 41.422942999000043 ], [ -3.655696, 41.418014499000037 ], [ -3.647589, 41.417495999000039 ], [ -3.628332499999942, 41.41099949900007 ], [ -3.620144499999981, 41.41058349900004 ], [ -3.612763499999971, 41.408179999000026 ], [ -3.612030322999942, 41.402097235000042 ], [ -3.618124727999941, 41.397614524000062 ], [ -3.61525649999993, 41.389671499000031 ], [ -3.63762, 41.380550499000037 ], [ -3.640247, 41.376411499000028 ], [ -3.645533499999942, 41.371634999000037 ], [ -3.661501466999937, 41.382947537000064 ], [ -3.673631460999957, 41.400188845000059 ], [ -3.670099610999955, 41.414491944000076 ], [ -3.673842499999978, 41.430141499000058 ] ] ] } },
{ "type": "Feature", "properties": { "code": "40081", "name": "Frumales" }, "geometry": { "type": "Polygon", "coordinates": [ [ [ -4.178602499999954, 41.342170499000076 ], [ -4.189218983999979, 41.34328036900007 ], [ -4.204682688999981, 41.351684411000065 ], [ -4.212167809999926, 41.349863328000026 ], [ -4.223723678999932, 41.35344077700006 ], [ -4.225376935999975, 41.360626098000068 ], [ -4.22264193999996, 41.366421545000037 ], [ -4.228173407999975, 41.37297514200003 ], [ -4.22785074199993, 41.38460552600003 ], [ -4.221749958999965, 41.393177921000074 ], [ -4.203447499999925, 41.400932499000078 ], [ -4.200481454999931, 41.396950239000034 ], [ -4.174645995999981, 41.399210419000042 ], [ -4.169289, 41.391456499000071 ], [ -4.169137, 41.387576999000032 ], [ -4.164347, 41.383967999000049 ], [ -4.162795, 41.380748999000048 ], [ -4.162239, 41.375106999000025 ], [ -4.163728, 41.371955999000079 ], [ -4.168596731999969, 41.346714144000032 ], [ -4.178602499999954, 41.342170499000076 ] ] ] } },
{ "type": "Feature", "properties": { "code": "40082", "name": "Fuente de Santa Cruz" }, "geometry": { "type": "Polygon", "coordinates": [ [ [ -4.631955, 41.184844999000063 ], [ -4.634504, 41.187221499000032 ], [ -4.636379, 41.190616499000043 ], [ -4.638388499999962, 41.189914999000052 ], [ -4.640462, 41.193694999000058 ], [ -4.642688499999963, 41.194015499000045 ], [ -4.645405499999981, 41.197272999000063 ], [ -4.650652, 41.20011499900005 ], [ -4.647107514999959, 41.208808111000053 ], [ -4.650049938999928, 41.220838839000066 ], [ -4.647843499999965, 41.224124999000026 ], [ -4.637281499999972, 41.227363499000035 ], [ -4.633124499999951, 41.229530499000077 ], [ -4.62914, 41.232890999000062 ], [ -4.62396149999995, 41.234351999000069 ], [ -4.615196499999968, 41.241374999000072 ], [ -4.604863499999965, 41.233134999000072 ], [ -4.597566765999943, 41.211450839000065 ], [ -4.609641499999952, 41.197345999000049 ], [ -4.627283499999976, 41.18835849900006 ], [ -4.631955, 41.184844999000063 ] ] ] } },
{ "type": "Feature", "properties": { "code": "40083", "name": "Fuente el Olmo de Fuentidueña" }, "geometry": { "type": "Polygon", "coordinates": [ [ [ -3.99491, 41.434898499000042 ], [ -3.996190146999936, 41.430512935000024 ], [ -3.991869659999963, 41.427268015000038 ], [ -3.97403479899998, 41.421391699000026 ], [ -3.961757683999963, 41.42242823600003 ], [ -3.959660499999927, 41.419387999000037 ], [ -3.96296420699997, 41.418549910000024 ], [ -3.970627814999943, 41.406998901000065 ], [ -3.967601903999935, 41.374602699000036 ], [ -3.959115499999939, 41.366077499000028 ], [ -3.969565903999978, 41.366738066000039 ], [ -3.97354314599994, 41.360278850000043 ], [ -3.979745196999943, 41.359903941000027 ], [ -4.013375247999932, 41.361906185000066 ], [ -4.021185499999945, 41.367904999000075 ], [ -4.021417, 41.374152999000046 ], [ -4.01835, 41.375296999000057 ], [ -4.02233, 41.391944999000032 ], [ -4.021016499999973, 41.396758999000042 ], [ -4.010245019999957, 41.402598911000041 ], [ -4.011533866999969, 41.408544214000074 ], [ -4.018058860999929, 41.413220204000027 ], [ -4.014301499999931, 41.427241999000046 ], [ -4.007763530999966, 41.432347658000026 ], [ -3.99491, 41.434898499000042 ] ] ] } },
{ "type": "Feature", "properties": { "code": "40084", "name": "Fuente el Olmo de Íscar" }, "geometry": { "type": "Polygon", "coordinates": [ [ [ -4.471487, 41.291572999000039 ], [ -4.47291, 41.28851699900008 ], [ -4.473303, 41.283683999000061 ], [ -4.476756499999965, 41.278514999000038 ], [ -4.479672499999936, 41.268019999000046 ], [ -4.487882873999979, 41.27108159800008 ], [ -4.496075420999944, 41.278384132000042 ], [ -4.518551, 41.281188999000051 ], [ -4.516980499999931, 41.288188999000056 ], [ -4.500114, 41.296336999000061 ], [ -4.500089499999945, 41.30092249900008 ], [ -4.490935040999943, 41.301203431000033 ], [ -4.471487, 41.291572999000039 ] ] ] } },
{ "type": "Feature", "properties": { "code": "40086", "name": "Fuentepelayo" }, "geometry": { "type": "Polygon", "coordinates": [ [ [ -4.18363, 41.205642499000078 ], [ -4.205508499999951, 41.206569999000067 ], [ -4.211422499999969, 41.207786499000065 ], [ -4.220174499999928, 41.208240499000055 ], [ -4.22211, 41.211734499000045 ], [ -4.223480499999937, 41.216701499000067 ], [ -4.221605499999953, 41.220431999000027 ], [ -4.223959499999978, 41.225696499000037 ], [ -4.223404499999958, 41.237510499000052 ], [ -4.217744, 41.243819999000038 ], [ -4.208968206999941, 41.249672279000038 ], [ -4.182137056999977, 41.250830339000061 ], [ -4.162830180999947, 41.256664966000073 ], [ -4.15429649999993, 41.25503149900004 ], [ -4.15061615299993, 41.251534967000055 ], [ -4.145955852999975, 41.237668959000075 ], [ -4.147934371999952, 41.234528387000069 ], [ -4.146711350999965, 41.224377463000053 ], [ -4.153661, 41.207340499000054 ], [ -4.169565692999925, 41.204035457000032 ], [ -4.18363, 41.205642499000078 ] ] ] } },
{ "type": "Feature", "properties": { "code": "40087", "name": "Fuentepiñel" }, "geometry": { "type": "Polygon", "coordinates": [ [ [ -4.021016499999973, 41.396758999000042 ], [ -4.04694531399997, 41.384705025000073 ], [ -4.064275499999951, 41.383746999000039 ], [ -4.063839499999972, 41.402557499000068 ], [ -4.055585749999977, 41.403534112000045 ], [ -4.050684124999975, 41.408514632000049 ], [ -4.041310134999947, 41.410514194000029 ], [ -4.030422897999927, 41.422962535000067 ], [ -4.014301499999931, 41.427241999000046 ], [ -4.018058860999929, 41.413220204000027 ], [ -4.011533866999969, 41.408544214000074 ], [ -4.010245019999957, 41.402598911000041 ], [ -4.021016499999973, 41.396758999000042 ] ] ] } },
{ "type": "Feature", "properties": { "code": "40088", "name": "Fuenterrebollo" }, "geometry": { "type": "Polygon", "coordinates": [ [ [ -4.019428499999947, 41.308799499000031 ], [ -4.014990499999953, 41.316856499000039 ], [ -3.985779831999935, 41.318393981000042 ], [ -3.981685800999969, 41.323854635000032 ], [ -3.957427637999956, 41.33431291800008 ], [ -3.914424262999944, 41.323820215000069 ], [ -3.904043, 41.328029499000024 ], [ -3.897784580999939, 41.316839906000041 ], [ -3.882309499999963, 41.31060399900008 ], [ -3.918666499999972, 41.286136499000065 ], [ -3.948606062999943, 41.287027882000075 ], [ -3.973895407999976, 41.296947609000028 ], [ -4.005235838999965, 41.301212690000057 ], [ -4.019428499999947, 41.308799499000031 ] ] ] } },
{ "type": "Feature", "properties": { "code": "40089", "name": "Fuentesaúco de Fuentidueña" }, "geometry": { "type": "Polygon", "coordinates": [ [ [ -4.097007499999961, 41.414180499000054 ], [ -4.099996, 41.41976549900005 ], [ -4.099605499999939, 41.424957499000072 ], [ -4.079955254999959, 41.446998276000045 ], [ -4.07815127799995, 41.453006217000052 ], [ -4.055298573999949, 41.460889757000075 ], [ -4.041295, 41.451602999000045 ], [ -4.036738, 41.446643999000059 ], [ -4.035811499999966, 41.442554499000039 ], [ -4.031582499999956, 41.437762999000029 ], [ -4.018646499999932, 41.432708999000056 ], [ -4.014301499999931, 41.427241999000046 ], [ -4.030422897999927, 41.422962535000067 ], [ -4.041310134999947, 41.410514194000029 ], [ -4.050684124999975, 41.408514632000049 ], [ -4.055585749999977, 41.403534112000045 ], [ -4.063839499999972, 41.402557499000068 ], [ -4.082947654999941, 41.413611581000055 ], [ -4.097007499999961, 41.414180499000054 ] ] ] } },
{ "type": "Feature", "properties": { "code": "40091", "name": "Fuentesoto" }, "geometry": { "type": "Polygon", "coordinates": [ [ [ -3.866385, 41.479163999000036 ], [ -3.865161966999949, 41.463576497000076 ], [ -3.873521099999948, 41.455367172000081 ], [ -3.880662, 41.452499499000055 ], [ -3.893121288999964, 41.442575857000065 ], [ -3.887227076999977, 41.417465137000079 ], [ -3.90865649999995, 41.408099999000058 ], [ -3.931547011999953, 41.413610560000052 ], [ -3.938934717999928, 41.423567069000057 ], [ -3.944405499999959, 41.42458749900004 ], [ -3.938695499999938, 41.42618199900005 ], [ -3.935226499999942, 41.434631499000034 ], [ -3.934855, 41.440345999000044 ], [ -3.93737, 41.443820999000025 ], [ -3.943408, 41.445033999000032 ], [ -3.945019, 41.447161999000059 ], [ -3.943245499999932, 41.44944749900003 ], [ -3.940839731999972, 41.462991505000048 ], [ -3.937652949999972, 41.466561611000031 ], [ -3.904174117999958, 41.465457985000057 ], [ -3.897085163999975, 41.47128854500005 ], [ -3.887805589999971, 41.470055448000039 ], [ -3.881665758999929, 41.477817154000036 ], [ -3.875605792999977, 41.476401088000046 ], [ -3.866385, 41.479163999000036 ] ] ] } },
{ "type": "Feature", "properties": { "code": "40092", "name": "Fuentidueña" }, "geometry": { "type": "MultiPolygon", "coordinates": [ [ [ [ -3.987413499999946, 41.46940599900006 ], [ -3.986215, 41.470946999000034 ], [ -3.984047, 41.471713999000031 ], [ -3.981413499999974, 41.471790499000065 ], [ -3.978426499999955, 41.469131499000071 ], [ -3.972428499999978, 41.469928499000048 ], [ -3.962347636999937, 41.45759329100008 ], [ -3.943245499999932, 41.44944749900003 ], [ -3.945019, 41.447161999000059 ], [ -3.943408, 41.445033999000032 ], [ -3.93737, 41.443820999000025 ], [ -3.934855, 41.440345999000044 ], [ -3.935226499999942, 41.434631499000034 ], [ -3.938695499999938, 41.42618199900005 ], [ -3.944405499999959, 41.42458749900004 ], [ -3.954195082999945, 41.419455086000028 ], [ -3.959660499999927, 41.419387999000037 ], [ -3.961757683999963, 41.42242823600003 ], [ -3.97403479899998, 41.421391699000026 ], [ -3.991869659999963, 41.427268015000038 ], [ -3.996190146999936, 41.430512935000024 ], [ -3.987650500999962, 41.454662886000051 ], [ -3.987413499999946, 41.46940599900006 ] ] ], [ [ [ -4.01045449999998, 41.317237999000042 ], [ -4.014990499999953, 41.316856499000039 ], [ -4.019428499999947, 41.308799499000031 ], [ -4.031459, 41.295962999000039 ], [ -4.038969, 41.30025499900006 ], [ -4.044780499999945, 41.305923499000073 ], [ -4.052126499999929, 41.309631499000034 ], [ -4.065455499999928, 41.319625999000039 ], [ -4.056718499999931, 41.333575999000061 ], [ -4.032434, 41.356238999000027 ], [ -4.021185499999945, 41.367904999000075 ], [ -4.013375247999932, 41.361906185000066 ], [ -3.979745196999943, 41.359903941000027 ], [ -3.97354314599994, 41.360278850000043 ], [ -3.969565903999978, 41.366738066000039 ], [ -3.959115499999939, 41.366077499000028 ], [ -3.940723499999933, 41.353477499000064 ], [ -3.950461, 41.353111499000079 ], [ -3.968250233999925, 41.354390439000042 ], [ -3.985977141999967, 41.339567309000074 ], [ -4.002524631999961, 41.333043826000051 ], [ -4.01045449999998, 41.317237999000042 ] ] ] ] } },
{ "type": "Feature", "properties": { "code": "40093", "name": "Gallegos" }, "geometry": { "type": "Polygon", "coordinates": [ [ [ -3.78474749999998, 41.10818849900005 ], [ -3.78176, 41.102317999000036 ], [ -3.769802, 41.086993999000072 ], [ -3.765564, 41.077716999000074 ], [ -3.763356, 41.076175499000044 ], [ -3.762277499999925, 41.072471499000073 ], [ -3.745953, 41.056205499000043 ], [ -3.740300499999933, 41.05359499900004 ], [ -3.739907904999939, 41.048927234000075 ], [ -3.748098, 41.036627499000076 ], [ -3.753098, 41.031615499000054 ], [ -3.755389499999978, 41.027885499000035 ], [ -3.75889449999994, 41.027025499000047 ], [ -3.765763, 41.020783499000061 ], [ -3.766767499999958, 41.018894999000054 ], [ -3.783166423999944, 41.045257375000062 ], [ -3.784577248999938, 41.063610160000053 ], [ -3.797806152999954, 41.077191244000062 ], [ -3.802273499999956, 41.095088499000042 ], [ -3.796619, 41.093299999000067 ], [ -3.791252499999928, 41.096496499000068 ], [ -3.78474749999998, 41.10818849900005 ] ] ] } },
{ "type": "Feature", "properties": { "code": "40094", "name": "Garcillán" }, "geometry": { "type": "Polygon", "coordinates": [ [ [ -4.246956499999953, 41.015124999000079 ], [ -4.2427, 41.002567499000065 ], [ -4.239866, 40.982024999000032 ], [ -4.242263474999959, 40.973958900000071 ], [ -4.256103, 40.962535999000067 ], [ -4.267545546999941, 40.967617233000055 ], [ -4.274537503999966, 40.967652704000045 ], [ -4.279780713999969, 40.972194609000042 ], [ -4.297517499999969, 40.974067999000056 ], [ -4.294633499999975, 40.995017999000027 ], [ -4.287893, 41.01328649900006 ], [ -4.277582499999937, 41.020148999000071 ], [ -4.270760152999969, 41.016072999000073 ], [ -4.268565314999933, 41.010941029000037 ], [ -4.254027922999967, 41.019001518000039 ], [ -4.246956499999953, 41.015124999000079 ] ] ] } },
{ "type": "Feature", "properties": { "code": "40095", "name": "Gomezserracín" }, "geometry": { "type": "Polygon", "coordinates": [ [ [ -4.25819649999994, 41.305782499000031 ], [ -4.252008296999975, 41.296354172000065 ], [ -4.239859021999962, 41.288408508000032 ], [ -4.244837125999936, 41.284406605000072 ], [ -4.246200461999933, 41.278232311000068 ], [ -4.257121499999926, 41.270824499000071 ], [ -4.285215, 41.272136999000054 ], [ -4.285496499999965, 41.276134499000079 ], [ -4.298015499999963, 41.278270999000028 ], [ -4.331715499999973, 41.260215499000026 ], [ -4.339363, 41.262378499000079 ], [ -4.339588, 41.264617999000052 ], [ -4.341879, 41.266879999000025 ], [ -4.342158, 41.268886499000075 ], [ -4.347502499999962, 41.269805999000027 ], [ -4.347644, 41.272659499000042 ], [ -4.336330499999974, 41.298019499000077 ], [ -4.341458, 41.306922999000051 ], [ -4.335632, 41.31245799900006 ], [ -4.3125, 41.308715999000071 ], [ -4.304112499999974, 41.303260999000031 ], [ -4.29626, 41.301151499000071 ], [ -4.289207, 41.301467999000067 ], [ -4.282367499999964, 41.300533499000039 ], [ -4.272132499999941, 41.301223499000059 ], [ -4.25819649999994, 41.305782499000031 ] ] ] } },
{ "type": "Feature", "properties": { "code": "40097", "name": "Grajera" }, "geometry": { "type": "Polygon", "coordinates": [ [ [ -3.642412499999978, 41.35840999900006 ], [ -3.64622449999996, 41.360542499000076 ], [ -3.647452499999929, 41.367522999000073 ], [ -3.645533499999942, 41.371634999000037 ], [ -3.640247, 41.376411499000028 ], [ -3.63762, 41.380550499000037 ], [ -3.61525649999993, 41.389671499000031 ], [ -3.601057780999952, 41.384715406000055 ], [ -3.591112738999925, 41.375516349000065 ], [ -3.585189205999939, 41.377204749000043 ], [ -3.575571499999967, 41.374812999000028 ], [ -3.581203, 41.369479999000077 ], [ -3.581193, 41.364204499000039 ], [ -3.589688499999966, 41.359656999000038 ], [ -3.592174499999942, 41.35953549900006 ], [ -3.593863499999941, 41.358543499000064 ], [ -3.606946701999959, 41.359414811000079 ], [ -3.627465198999971, 41.367008076000047 ], [ -3.642412499999978, 41.35840999900006 ] ] ] } },
{ "type": "Feature", "properties": { "code": "40099", "name": "Honrubia de la Cuesta" }, "geometry": { "type": "Polygon", "coordinates": [ [ [ -3.691575, 41.534534999000073 ], [ -3.681022544999962, 41.509895003000054 ], [ -3.684332411999947, 41.496450657000025 ], [ -3.688919617999943, 41.492728810000074 ], [ -3.680443, 41.474239499000078 ], [ -3.689146769999979, 41.471036069000036 ], [ -3.705190521999953, 41.47287054700007 ], [ -3.728028, 41.486171999000078 ], [ -3.728200636999929, 41.501209224000036 ], [ -3.725518429999966, 41.508630147000076 ], [ -3.728332499999965, 41.51763549900005 ], [ -3.70871344699998, 41.525238376000061 ], [ -3.701743144999966, 41.532746918000043 ], [ -3.691575, 41.534534999000073 ] ] ] } },
{ "type": "Feature", "properties": { "code": "40100", "name": "Hontalbilla" }, "geometry": { "type": "Polygon", "coordinates": [ [ [ -4.164464, 41.367057999000053 ], [ -4.162724, 41.370040499000027 ], [ -4.160728499999948, 41.369456999000079 ], [ -4.155593, 41.371192999000073 ], [ -4.152078499999959, 41.367129999000042 ], [ -4.122941032999961, 41.35675586800005 ], [ -4.092670319999968, 41.352929626000048 ], [ -4.080666211999926, 41.359425586000043 ], [ -4.076564720999954, 41.354529860000071 ], [ -4.077975739999943, 41.345985555000027 ], [ -4.058311, 41.334605999000075 ], [ -4.068697, 41.322036499000035 ], [ -4.083239033999973, 41.301738105000027 ], [ -4.101351177999959, 41.312604073000045 ], [ -4.108966414999941, 41.320601340000053 ], [ -4.126054634999946, 41.325351552000029 ], [ -4.13629790799996, 41.322046675000081 ], [ -4.146511499999974, 41.322448499000075 ], [ -4.151011, 41.324268499000027 ], [ -4.15549, 41.324737499000037 ], [ -4.160836499999959, 41.329826499000035 ], [ -4.166999499999974, 41.331023999000081 ], [ -4.176052499999969, 41.335338499000045 ], [ -4.178602499999954, 41.342170499000076 ], [ -4.168596731999969, 41.346714144000032 ], [ -4.164464, 41.367057999000053 ] ] ] } },
{ "type": "Feature", "properties": { "code": "40101", "name": "Hontanares de Eresma" }, "geometry": { "type": "Polygon", "coordinates": [ [ [ -4.180882499999939, 40.980579499000044 ], [ -4.185789532999934, 40.977596401000028 ], [ -4.193072000999962, 40.978021603000059 ], [ -4.20533538799998, 40.971290785000065 ], [ -4.219605499999943, 40.980376999000043 ], [ -4.220277008999972, 40.983375294000041 ], [ -4.212988390999953, 40.984778277000032 ], [ -4.212339499999928, 40.991290999000057 ], [ -4.194800025999939, 40.998742066000034 ], [ -4.177561596999965, 40.984712374000026 ], [ -4.180882499999939, 40.980579499000044 ] ] ] } },
{ "type": "Feature", "properties": { "code": "40103", "name": "Huertos, Los" }, "geometry": { "type": "Polygon", "coordinates": [ [ [ -4.246956499999953, 41.015124999000079 ], [ -4.203302, 41.037543999000036 ], [ -4.197715630999937, 41.023693114000025 ], [ -4.191235, 41.016936999000052 ], [ -4.200891427999977, 41.010356113000057 ], [ -4.202533054999947, 40.999679796000066 ], [ -4.215294158999939, 40.995242186000041 ], [ -4.21542431499995, 40.992198840000071 ], [ -4.212339499999928, 40.991290999000057 ], [ -4.212988390999953, 40.984778277000032 ], [ -4.220277008999972, 40.983375294000041 ], [ -4.219605499999943, 40.980376999000043 ], [ -4.227919711999959, 40.977805556000078 ], [ -4.239866, 40.982024999000032 ], [ -4.2427, 41.002567499000065 ], [ -4.246956499999953, 41.015124999000079 ] ] ] } },
{ "type": "Feature", "properties": { "code": "40104", "name": "Ituero y Lama" }, "geometry": { "type": "Polygon", "coordinates": [ [ [ -4.365084, 40.771728499000062 ], [ -4.368303, 40.766887499000063 ], [ -4.368794, 40.763114999000038 ], [ -4.375977703999979, 40.771013732000029 ], [ -4.38012919099998, 40.785107616000062 ], [ -4.393997712999976, 40.800272181000025 ], [ -4.397384060999968, 40.812290852000046 ], [ -4.395961, 40.822074999000051 ], [ -4.36971237399996, 40.822742667000057 ], [ -4.362263499999926, 40.827926499000057 ], [ -4.35907063999997, 40.817400080000027 ], [ -4.365793505999932, 40.801408603000027 ], [ -4.361376496999981, 40.78206231300004 ], [ -4.365084, 40.771728499000062 ] ] ] } },
{ "type": "Feature", "properties": { "code": "40105", "name": "Juarros de Riomoros" }, "geometry": { "type": "MultiPolygon", "coordinates": [ [ [ [ -4.288627, 40.94228799900003 ], [ -4.308378359999949, 40.926663776000055 ], [ -4.331556, 40.930350999000041 ], [ -4.334912052999925, 40.931532409000056 ], [ -4.333502327999952, 40.938561322000055 ], [ -4.312088499999959, 40.962112499000057 ], [ -4.297853679999946, 40.958743435000031 ], [ -4.288627, 40.94228799900003 ] ] ], [ [ [ -4.343328499999927, 40.904514499000072 ], [ -4.342334499999936, 40.908263999000042 ], [ -4.342406499999925, 40.911193999000034 ], [ -4.344053, 40.916839499000048 ], [ -4.343702, 40.920634999000072 ], [ -4.33553, 40.922298499000078 ], [ -4.33395, 40.919368499000029 ], [ -4.332075, 40.922347999000067 ], [ -4.325198499999942, 40.920028499000068 ], [ -4.323764, 40.911243499000079 ], [ -4.318496, 40.911964999000077 ], [ -4.316039499999931, 40.902488499000071 ], [ -4.317552, 40.901561499000024 ], [ -4.342777499999954, 40.899585499000068 ], [ -4.343328499999927, 40.904514499000072 ] ] ] ] } },
{ "type": "Feature", "properties": { "code": "40106", "name": "Juarros de Voltoya" }, "geometry": { "type": "Polygon", "coordinates": [ [ [ -4.558235499999967, 41.027179499000056 ], [ -4.533073544999979, 41.045167140000046 ], [ -4.513052768999955, 41.047021624000081 ], [ -4.509267690999934, 41.059567260000051 ], [ -4.510887, 41.066470999000046 ], [ -4.498605, 41.078502499000081 ], [ -4.49294722999997, 41.077786232000051 ], [ -4.48722749999996, 41.072807499000078 ], [ -4.487160998999968, 41.065564565000045 ], [ -4.502406814999972, 41.055424278000032 ], [ -4.505971521999925, 41.050045967000074 ], [ -4.490126288999932, 41.030653422000057 ], [ -4.488122825999938, 41.020738577000031 ], [ -4.485133499999961, 41.018893999000056 ], [ -4.491277499999967, 41.015510499000072 ], [ -4.504382, 41.011195999000051 ], [ -4.509498, 41.007152499000028 ], [ -4.52540533399997, 41.013207183000077 ], [ -4.542208141999936, 41.015739637000024 ], [ -4.553659366999966, 41.020838876000028 ], [ -4.558235499999967, 41.027179499000056 ] ] ] } },
{ "type": "Feature", "properties": { "code": "40107", "name": "Labajos" }, "geometry": { "type": "Polygon", "coordinates": [ [ [ -4.498722, 40.833533999000053 ], [ -4.524166056999945, 40.82627666500008 ], [ -4.549270193999973, 40.828003840000065 ], [ -4.557790049999937, 40.841561652000053 ], [ -4.550176023999938, 40.85269511000007 ], [ -4.533626808999941, 40.857075752000071 ], [ -4.53362, 40.864139999000031 ], [ -4.516774756999951, 40.869879519000051 ], [ -4.508440251999957, 40.884923829000059 ], [ -4.498028589999933, 40.884773598000038 ], [ -4.491419985999926, 40.880998396000052 ], [ -4.480392502999962, 40.86945482200008 ], [ -4.486523447999957, 40.865135362000046 ], [ -4.499459872999978, 40.86203854200005 ], [ -4.506801568999947, 40.856396073000042 ], [ -4.508205664999934, 40.84441560700003 ], [ -4.500242188999948, 40.838848399000028 ], [ -4.498722, 40.833533999000053 ] ] ] } },
{ "type": "Feature", "properties": { "code": "40108", "name": "Laguna de Contreras" }, "geometry": { "type": "Polygon", "coordinates": [ [ [ -4.074599, 41.494968499000038 ], [ -4.065298, 41.494739499000048 ], [ -4.056491499999936, 41.500594999000043 ], [ -4.047461225999939, 41.50801972000005 ], [ -4.036115569999936, 41.510617506000074 ], [ -4.02615789999993, 41.517763290000062 ], [ -3.999928, 41.516097999000067 ], [ -4.008078806999947, 41.510302006000074 ], [ -4.005697993999945, 41.495999723000068 ], [ -3.994327974999976, 41.485919519000049 ], [ -3.993703614999959, 41.474780499000076 ], [ -3.986215, 41.470946999000034 ], [ -3.987413499999946, 41.46940599900006 ], [ -4.025263, 41.469047499000055 ], [ -4.022213414999953, 41.47488740700004 ], [ -4.024864697999931, 41.481901397000058 ], [ -4.037619690999975, 41.481876538000051 ], [ -4.050692079999976, 41.488390582000079 ], [ -4.06905190699996, 41.488248486000032 ], [ -4.074599, 41.494968499000038 ] ] ] } },
{ "type": "Feature", "properties": { "code": "40109", "name": "Languilla" }, "geometry": { "type": "Polygon", "coordinates": [ [ [ -3.426211, 41.470264499000052 ], [ -3.421941, 41.472808999000051 ], [ -3.423945499999945, 41.478946499000074 ], [ -3.424065499999926, 41.482727499000077 ], [ -3.413338499999952, 41.476119999000048 ], [ -3.403623932999949, 41.475722793000045 ], [ -3.380045754999969, 41.46496060100003 ], [ -3.364985499999932, 41.467555999000069 ], [ -3.378995363999934, 41.450508381000077 ], [ -3.381698727999947, 41.441505004000078 ], [ -3.400633757999969, 41.425568903000055 ], [ -3.416204518999962, 41.430995197000072 ], [ -3.421102461999965, 41.436098376000075 ], [ -3.44185, 41.425834499000075 ], [ -3.445910499999968, 41.428142499000046 ], [ -3.458015499999931, 41.432327499000053 ], [ -3.45903, 41.43518799900005 ], [ -3.459447499999953, 41.441825999000059 ], [ -3.452892499999962, 41.445976499000039 ], [ -3.444101, 41.454162499000063 ], [ -3.432320499999946, 41.46322249900004 ], [ -3.428293499999938, 41.470111999000039 ], [ -3.426211, 41.470264499000052 ] ] ] } },
{ "type": "Feature", "properties": { "code": "40110", "name": "Lastras de Cuéllar" }, "geometry": { "type": "Polygon", "coordinates": [ [ [ -4.154718499999944, 41.274196499000027 ], [ -4.147146635999945, 41.281138566000038 ], [ -4.147775573999979, 41.284847729000035 ], [ -4.162586325999939, 41.299167967000074 ], [ -4.16917280399997, 41.29932715800004 ], [ -4.172190788999956, 41.305253616000073 ], [ -4.181905622999977, 41.307578301000035 ], [ -4.185073993999936, 41.311945929000046 ], [ -4.174645514999952, 41.317426961000081 ], [ -4.146511499999974, 41.322448499000075 ], [ -4.13629790799996, 41.322046675000081 ], [ -4.126054634999946, 41.325351552000029 ], [ -4.108966414999941, 41.320601340000053 ], [ -4.101351177999959, 41.312604073000045 ], [ -4.083239033999973, 41.301738105000027 ], [ -4.068697, 41.322036499000035 ], [ -4.052126499999929, 41.309631499000034 ], [ -4.044780499999945, 41.305923499000073 ], [ -4.038969, 41.30025499900006 ], [ -4.034483499999965, 41.297568999000077 ], [ -4.036652365999942, 41.292538728000068 ], [ -4.031212273999927, 41.282631710000032 ], [ -4.035232014999963, 41.275713554000049 ], [ -4.016450530999975, 41.272927009000057 ], [ -4.012519569999938, 41.269778704000032 ], [ -4.011191499999939, 41.262885999000048 ], [ -4.018120525999962, 41.23673423200006 ], [ -4.041739, 41.238628499000072 ], [ -4.043487437999943, 41.24692794200007 ], [ -4.049739193999926, 41.255832485000042 ], [ -4.072770587999969, 41.266453999000078 ], [ -4.079909770999961, 41.276425853000035 ], [ -4.125775613999963, 41.272472355000048 ], [ -4.135451, 41.262656999000058 ], [ -4.139559272999975, 41.26755827900007 ], [ -4.154718499999944, 41.274196499000027 ] ] ] } },
{ "type": "Feature", "properties": { "code": "40111", "name": "Lastras del Pozo" }, "geometry": { "type": "MultiPolygon", "coordinates": [ [ [ [ -4.371307, 40.865119999000058 ], [ -4.372563167999942, 40.874397231000046 ], [ -4.366408409999963, 40.888755787000036 ], [ -4.342777499999954, 40.899585499000068 ], [ -4.317552, 40.901561499000024 ], [ -4.306432034999943, 40.904450138000072 ], [ -4.299464728999965, 40.893480292000049 ], [ -4.284360621999951, 40.894284420000076 ], [ -4.280852205999963, 40.888061228000026 ], [ -4.272999, 40.887420499000029 ], [ -4.273321626999973, 40.879683046000025 ], [ -4.281688297999949, 40.879391577000035 ], [ -4.290843963999976, 40.872365357000035 ], [ -4.30228083399993, 40.870978745000059 ], [ -4.292505596999945, 40.853915178000079 ], [ -4.332406, 40.845920499000044 ], [ -4.328644983999936, 40.850801963000038 ], [ -4.333407762999968, 40.858666655000036 ], [ -4.371307, 40.865119999000058 ] ] ], [ [ [ -4.333738, 40.837863999000035 ], [ -4.326229363999971, 40.838629585000035 ], [ -4.323615, 40.835132499000053 ], [ -4.324084070999959, 40.830851780000046 ], [ -4.337741, 40.829250499000068 ], [ -4.333738, 40.837863999000035 ] ] ] ] } },
{ "type": "Feature", "properties": { "code": "40112", "name": "Lastrilla, La" }, "geometry": { "type": "Polygon", "coordinates": [ [ [ -4.097378, 40.956840499000066 ], [ -4.107486859999938, 40.96374979400008 ], [ -4.112143310999954, 40.962271502000078 ], [ -4.11689998099996, 40.965240814000026 ], [ -4.114309499999933, 40.97811899900006 ], [ -4.108602, 40.984370999000078 ], [ -4.104908499999965, 40.985271499000078 ], [ -4.083322823999936, 40.976995751000061 ], [ -4.071100181999952, 40.976729477000049 ], [ -4.061561, 40.969344999000043 ], [ -4.062177531999964, 40.964338803000032 ], [ -4.065852599999971, 40.961792378000041 ], [ -4.083534019999945, 40.961237446000041 ], [ -4.092098156999953, 40.954733646000079 ], [ -4.097378, 40.956840499000066 ] ] ] } },
{ "type": "Feature", "properties": { "code": "40113", "name": "Losa, La" }, "geometry": { "type": "Polygon", "coordinates": [ [ [ -4.192941499999961, 40.852157499000043 ], [ -4.188340770999957, 40.863627736000069 ], [ -4.178991047999943, 40.867404133000036 ], [ -4.172327985999971, 40.87931608100007 ], [ -4.167100499999947, 40.879703499000072 ], [ -4.154565499999933, 40.871402999000054 ], [ -4.149420867999936, 40.866546222000068 ], [ -4.145796093999934, 40.858137075000059 ], [ -4.126974116999975, 40.845338498000046 ], [ -4.110522085999946, 40.824990264000064 ], [ -4.099733684999933, 40.819604433000052 ], [ -4.098895162999952, 40.813805529000035 ], [ -4.101775499999974, 40.806609999000045 ], [ -4.103978499999926, 40.804271499000038 ], [ -4.106424499999946, 40.803817499000047 ], [ -4.114412, 40.798705999000049 ], [ -4.121340499999974, 40.792655999000033 ], [ -4.128789, 40.789458999000033 ], [ -4.131660499999953, 40.789626999000063 ], [ -4.131963584999937, 40.804052947000059 ], [ -4.152077550999934, 40.824187238000036 ], [ -4.167462365999938, 40.846212034000075 ], [ -4.178031118999968, 40.851340424000057 ], [ -4.192941499999961, 40.852157499000043 ] ] ] } },
{ "type": "Feature", "properties": { "code": "40115", "name": "Maderuelo" }, "geometry": { "type": "Polygon", "coordinates": [ [ [ -3.488546, 41.481445499000074 ], [ -3.504828, 41.47122549900007 ], [ -3.51422, 41.466735999000036 ], [ -3.516955499999938, 41.463020499000038 ], [ -3.519294499999944, 41.456054499000061 ], [ -3.518899, 41.452975999000046 ], [ -3.516865499999938, 41.45005799900008 ], [ -3.517278, 41.447867999000039 ], [ -3.523399336999944, 41.444414444000074 ], [ -3.542956361999927, 41.446814639000024 ], [ -3.539840762999972, 41.454892255000061 ], [ -3.541939813999932, 41.463693263000039 ], [ -3.539154719999942, 41.470719409000026 ], [ -3.545120397999938, 41.488730231000034 ], [ -3.556267551999952, 41.488688880000041 ], [ -3.561345529999926, 41.491666395000038 ], [ -3.567243749999932, 41.500571495000031 ], [ -3.567802042999972, 41.507023128000071 ], [ -3.609959, 41.506080499000063 ], [ -3.606919499999947, 41.51029199900006 ], [ -3.608952, 41.513759499000059 ], [ -3.600252, 41.521587499000077 ], [ -3.59304949999995, 41.529498999000054 ], [ -3.588004, 41.533496999000079 ], [ -3.575698822999925, 41.534632484000042 ], [ -3.573142280999946, 41.53721467500003 ], [ -3.573682861999941, 41.542602135000038 ], [ -3.568283895999969, 41.552780054000038 ], [ -3.573479997999925, 41.559315841000057 ], [ -3.572652499999947, 41.565391499000043 ], [ -3.573559964999959, 41.573301757000024 ], [ -3.568137768999975, 41.578889487000026 ], [ -3.551148894999926, 41.580496444000062 ], [ -3.541596, 41.577602499000079 ], [ -3.543180038999935, 41.571495729000048 ], [ -3.537368344999948, 41.559918605000064 ], [ -3.536339389999966, 41.550550913000052 ], [ -3.501681487999974, 41.529319420000036 ], [ -3.47888824599994, 41.521600583000065 ], [ -3.464891413999965, 41.527876900000081 ], [ -3.458092, 41.536849999000026 ], [ -3.440458134999972, 41.523195859000054 ], [ -3.421826410999927, 41.513626224000063 ], [ -3.426364516999968, 41.496234990000062 ], [ -3.423945499999945, 41.478946499000074 ], [ -3.421941, 41.472808999000051 ], [ -3.426211, 41.470264499000052 ], [ -3.461603914999955, 41.494082586000047 ], [ -3.48040255899997, 41.489882754000064 ], [ -3.488546, 41.481445499000074 ] ] ] } },
{ "type": "Feature", "properties": { "code": "40118", "name": "Marazuela" }, "geometry": { "type": "Polygon", "coordinates": [ [ [ -4.327907499999981, 40.979369999000028 ], [ -4.333154499999978, 40.97907649900003 ], [ -4.335262, 40.977519999000037 ], [ -4.338573, 40.973094999000068 ], [ -4.344362499999932, 40.970836499000029 ], [ -4.347848499999941, 40.97102299900007 ], [ -4.359506, 40.960536999000055 ], [ -4.369113, 40.95444849900008 ], [ -4.374817571999927, 40.954138647000036 ], [ -4.384201, 40.966323999000053 ], [ -4.384283093999954, 40.979253473000028 ], [ -4.388252987999977, 40.985029306000058 ], [ -4.386169406999954, 40.988222642000039 ], [ -4.376418545999968, 40.992375242000037 ], [ -4.328011499999945, 40.99763499900007 ], [ -4.327907499999981, 40.979369999000028 ] ] ] } },
{ "type": "Feature", "properties": { "code": "40119", "name": "Martín Miguel" }, "geometry": { "type": "Polygon", "coordinates": [ [ [ -4.288627, 40.94228799900003 ], [ -4.297853679999946, 40.958743435000031 ], [ -4.310685, 40.962009499000033 ], [ -4.307909437999967, 40.969812465000075 ], [ -4.297517499999969, 40.974067999000056 ], [ -4.279780713999969, 40.972194609000042 ], [ -4.274537503999966, 40.967652704000045 ], [ -4.267545546999941, 40.967617233000055 ], [ -4.256103, 40.962535999000067 ], [ -4.245455101999937, 40.947875319000048 ], [ -4.245267499999954, 40.938575999000079 ], [ -4.253185985999949, 40.932754961000057 ], [ -4.269249271999968, 40.936221874000069 ], [ -4.27557029299993, 40.933028550000074 ], [ -4.285178396999925, 40.937552283000059 ], [ -4.288627, 40.94228799900003 ] ] ] } },
{ "type": "Feature", "properties": { "code": "40120", "name": "Martín Muñoz de la Dehesa" }, "geometry": { "type": "Polygon", "coordinates": [ [ [ -4.707178499999941, 41.088791499000081 ], [ -4.694509148999941, 41.088187449000031 ], [ -4.685737, 41.093448499000033 ], [ -4.673386273999938, 41.07408477000007 ], [ -4.650305, 41.061198999000055 ], [ -4.650985738999964, 41.050138221000054 ], [ -4.659616, 41.041492499000071 ], [ -4.680213016999971, 41.050733290000039 ], [ -4.701558529999943, 41.052539545000059 ], [ -4.705877930999975, 41.055117671000062 ], [ -4.712704226999961, 41.062578635000079 ], [ -4.716100045999951, 41.071947610000052 ], [ -4.713422312999967, 41.082138155000052 ], [ -4.707178499999941, 41.088791499000081 ] ] ] } },
{ "type": "Feature", "properties": { "code": "40121", "name": "Martín Muñoz de las Posadas" }, "geometry": { "type": "Polygon", "coordinates": [ [ [ -4.613514499999951, 40.988322999000047 ], [ -4.61826549999995, 40.997470999000029 ], [ -4.617276499999946, 41.003669499000068 ], [ -4.614373499999942, 41.00315099900007 ], [ -4.610276499999941, 41.004764499000032 ], [ -4.57727449999993, 41.008571499000027 ], [ -4.565957499999968, 41.01578149900007 ], [ -4.562789, 41.017020499000068 ], [ -4.558224, 41.022739499000068 ], [ -4.557226, 41.025237999000069 ], [ -4.553659366999966, 41.020838876000028 ], [ -4.542208141999936, 41.015739637000024 ], [ -4.52540533399997, 41.013207183000077 ], [ -4.509498, 41.007152499000028 ], [ -4.506158332999973, 40.993401993000077 ], [ -4.51169669899997, 40.975231997000037 ], [ -4.530018176999931, 40.97595920200007 ], [ -4.532966527999974, 40.969406044000038 ], [ -4.554428897999969, 40.958443639000052 ], [ -4.56685, 40.94546499900008 ], [ -4.566771769999946, 40.955425132000073 ], [ -4.595983499999932, 40.965820499000074 ], [ -4.606777499999964, 40.970825499000057 ], [ -4.608889, 40.973666999000045 ], [ -4.612261499999931, 40.982845499000064 ], [ -4.612354499999981, 40.986572499000033 ], [ -4.613514499999951, 40.988322999000047 ] ] ] } },
{ "type": "Feature", "properties": { "code": "40122", "name": "Marugán" }, "geometry": { "type": "Polygon", "coordinates": [ [ [ -4.404808499999945, 40.852973999000028 ], [ -4.412125, 40.858402999000077 ], [ -4.415735, 40.859653499000046 ], [ -4.414498, 40.864562999000043 ], [ -4.406489374999978, 40.879898481000055 ], [ -4.40448237399994, 40.891197026000043 ], [ -4.406063468999946, 40.912274183000079 ], [ -4.413178, 40.919101499000078 ], [ -4.408608136999931, 40.924244825000073 ], [ -4.410135864999972, 40.931388739000056 ], [ -4.396827962999964, 40.933058403000075 ], [ -4.386157499999968, 40.942222499000025 ], [ -4.375140499999929, 40.918544999000062 ], [ -4.373410499999977, 40.919852999000057 ], [ -4.367302, 40.913303499000051 ], [ -4.36789, 40.907821499000079 ], [ -4.359509, 40.90388499900007 ], [ -4.343328499999927, 40.904514499000072 ], [ -4.342777499999954, 40.899585499000068 ], [ -4.366408409999963, 40.888755787000036 ], [ -4.372563167999942, 40.874397231000046 ], [ -4.371307, 40.865119999000058 ], [ -4.384581189999949, 40.865203888000053 ], [ -4.395608614999958, 40.854096628000036 ], [ -4.404808499999945, 40.852973999000028 ] ] ] } },
{ "type": "Feature", "properties": { "code": "40123", "name": "Matabuena" }, "geometry": { "type": "Polygon", "coordinates": [ [ [ -3.715936499999941, 41.071505499000068 ], [ -3.721268499999951, 41.064986499000042 ], [ -3.725469499999974, 41.062455999000065 ], [ -3.730413499999941, 41.061378999000056 ], [ -3.740300499999933, 41.05359499900004 ], [ -3.745953, 41.056205499000043 ], [ -3.762277499999925, 41.072471499000073 ], [ -3.763356, 41.076175499000044 ], [ -3.765564, 41.077716999000074 ], [ -3.769802, 41.086993999000072 ], [ -3.78176, 41.102317999000036 ], [ -3.785081, 41.110187499000062 ], [ -3.778235, 41.114501999000026 ], [ -3.762445499999956, 41.118957499000032 ], [ -3.762085, 41.116637999000034 ], [ -3.757216, 41.112659499000074 ], [ -3.748531499999956, 41.108329499000035 ], [ -3.743864, 41.107360999000036 ], [ -3.736709, 41.102298999000027 ], [ -3.731912, 41.095023999000034 ], [ -3.728659499999935, 41.092693999000062 ], [ -3.725871499999926, 41.088233999000067 ], [ -3.722747499999969, 41.080264999000065 ], [ -3.720094, 41.078182499000036 ], [ -3.715936499999941, 41.071505499000068 ] ] ] } },
{ "type": "Feature", "properties": { "code": "40124", "name": "Mata de Cuéllar" }, "geometry": { "type": "Polygon", "coordinates": [ [ [ -4.514645, 41.40962599900007 ], [ -4.49969514999998, 41.412882479000075 ], [ -4.486629609999966, 41.409520948000079 ], [ -4.468988337999974, 41.413535852000052 ], [ -4.465965, 41.416641499000036 ], [ -4.451396576999969, 41.396248296000067 ], [ -4.456830737999951, 41.386588930000073 ], [ -4.452769023999963, 41.380089208000072 ], [ -4.467286, 41.370632499000067 ], [ -4.484022, 41.366805999000064 ], [ -4.515301, 41.394096499000057 ], [ -4.515985, 41.401420499000039 ], [ -4.514355499999965, 41.40599049900004 ], [ -4.516523499999948, 41.408527499000058 ], [ -4.514645, 41.40962599900007 ] ] ] } },
{ "type": "Feature", "properties": { "code": "40125", "name": "Matilla, La" }, "geometry": { "type": "MultiPolygon", "coordinates": [ [ [ [ -3.832724, 41.192489499000033 ], [ -3.827924499999938, 41.200477499000044 ], [ -3.817286832999969, 41.198601463000045 ], [ -3.809844126999963, 41.202290448000042 ], [ -3.796773, 41.203498999000033 ], [ -3.788867938999942, 41.196467238000025 ], [ -3.78578190099995, 41.182748056000037 ], [ -3.780853499999978, 41.174628999000049 ], [ -3.793988499999955, 41.16953249900007 ], [ -3.797025889999929, 41.180124527000032 ], [ -3.814764157999946, 41.191024544000072 ], [ -3.832724, 41.192489499000033 ] ] ], [ [ [ -3.818845, 41.158981999000048 ], [ -3.81317, 41.158824999000046 ], [ -3.813373, 41.156848999000033 ], [ -3.818845, 41.151378499000032 ], [ -3.828762499999925, 41.153335499000036 ], [ -3.818845, 41.158981999000048 ] ] ] ] } },
{ "type": "Feature", "properties": { "code": "40126", "name": "Melque de Cercos" }, "geometry": { "type": "Polygon", "coordinates": [ [ [ -4.48722749999996, 41.072807499000078 ], [ -4.464440709999963, 41.070674300000064 ], [ -4.452751, 41.064479999000071 ], [ -4.456151911999939, 41.058061400000042 ], [ -4.452882966999937, 41.048046606000071 ], [ -4.453960051999957, 41.037644780000051 ], [ -4.450666704999946, 41.031091337000078 ], [ -4.463797128999943, 41.021476072000041 ], [ -4.485133499999961, 41.018893999000056 ], [ -4.488122825999938, 41.020738577000031 ], [ -4.490126288999932, 41.030653422000057 ], [ -4.505971521999925, 41.050045967000074 ], [ -4.502406814999972, 41.055424278000032 ], [ -4.487160998999968, 41.065564565000045 ], [ -4.48722749999996, 41.072807499000078 ] ] ] } },
{ "type": "Feature", "properties": { "code": "40127", "name": "Membibre de la Hoz" }, "geometry": { "type": "Polygon", "coordinates": [ [ [ -4.12282, 41.480369499000062 ], [ -4.10872349999994, 41.483272499000066 ], [ -4.100256, 41.48685849900005 ], [ -4.099204499999928, 41.480678499000078 ], [ -4.097109499999931, 41.476501499000051 ], [ -4.09322149999997, 41.474567499000045 ], [ -4.080790499999978, 41.460964499000056 ], [ -4.070769499999926, 41.458133499000041 ], [ -4.068429499999979, 41.456291499000031 ], [ -4.07815127799995, 41.453006217000052 ], [ -4.079955254999959, 41.446998276000045 ], [ -4.09447, 41.43127449900004 ], [ -4.102065499999981, 41.433238999000025 ], [ -4.105455499999948, 41.432673999000031 ], [ -4.109774, 41.433894999000074 ], [ -4.112152499999979, 41.436527499000078 ], [ -4.110497, 41.441245999000046 ], [ -4.114616, 41.442657499000063 ], [ -4.123878499999933, 41.45153749900004 ], [ -4.124883499999953, 41.454273499000067 ], [ -4.120416499999976, 41.461189499000056 ], [ -4.121065499999929, 41.470382999000037 ], [ -4.12355, 41.477653499000041 ], [ -4.12282, 41.480369499000062 ] ] ] } },
{ "type": "Feature", "properties": { "code": "40128", "name": "Migueláñez" }, "geometry": { "type": "Polygon", "coordinates": [ [ [ -4.37334, 41.171230499000046 ], [ -4.383698326999934, 41.15747168200005 ], [ -4.362098954999965, 41.13975369700006 ], [ -4.353973768999936, 41.12430848300005 ], [ -4.337243754999974, 41.117093513000043 ], [ -4.341038, 41.107638999000073 ], [ -4.348847, 41.108627499000079 ], [ -4.352845, 41.107898999000042 ], [ -4.366838503999929, 41.111511715000063 ], [ -4.37514148799994, 41.122564712000042 ], [ -4.402609428999938, 41.130191835000062 ], [ -4.408283146999963, 41.142300814000066 ], [ -4.406630776999975, 41.160927620000052 ], [ -4.415804499999979, 41.166923499000063 ], [ -4.413608801999942, 41.170960320000063 ], [ -4.400884158999929, 41.164896170000077 ], [ -4.37334, 41.171230499000046 ] ] ] } },
{ "type": "Feature", "properties": { "code": "40129", "name": "Montejo de Arévalo" }, "geometry": { "type": "Polygon", "coordinates": [ [ [ -4.722127499999942, 41.149329999000031 ], [ -4.721365, 41.156978499000047 ], [ -4.708977499999946, 41.166927499000053 ], [ -4.702369, 41.174518499000044 ], [ -4.692877, 41.177245999000036 ], [ -4.684464, 41.180690999000035 ], [ -4.683036, 41.184478999000078 ], [ -4.680587499999945, 41.185748999000054 ], [ -4.665941499999974, 41.180339999000068 ], [ -4.652740499999936, 41.172180499000035 ], [ -4.643721, 41.16810999900008 ], [ -4.634212499999933, 41.168246999000075 ], [ -4.627779499999974, 41.170806999000035 ], [ -4.622543, 41.160026499000026 ], [ -4.617327, 41.155380499000046 ], [ -4.611188, 41.151927999000065 ], [ -4.651486118999969, 41.139279333000047 ], [ -4.656180123999945, 41.133555646000048 ], [ -4.656108, 41.127891499000043 ], [ -4.658252053999945, 41.125409878000028 ], [ -4.679969531999973, 41.127021745000036 ], [ -4.705463309999971, 41.13527736900005 ], [ -4.711134185999981, 41.135212326000044 ], [ -4.716749, 41.132659999000055 ], [ -4.719976, 41.134910499000057 ], [ -4.719681499999979, 41.140922499000055 ], [ -4.720394, 41.145419999000069 ], [ -4.722127499999942, 41.149329999000031 ] ] ] } },
{ "type": "Feature", "properties": { "code": "40130", "name": "Montejo de la Vega de la Serrezuela" }, "geometry": { "type": "Polygon", "coordinates": [ [ [ -3.681425, 41.552028499000073 ], [ -3.675538499999959, 41.554439499000068 ], [ -3.671751499999971, 41.560424999000077 ], [ -3.669476, 41.560672499000077 ], [ -3.661076499999979, 41.566070499000034 ], [ -3.658879, 41.565894999000079 ], [ -3.645279499999958, 41.572097499000051 ], [ -3.626151, 41.570003499000052 ], [ -3.616864499999963, 41.57715199900008 ], [ -3.607500467999955, 41.56617439300004 ], [ -3.599144432999935, 41.570010447000072 ], [ -3.572652499999947, 41.565391499000043 ], [ -3.573479997999925, 41.559315841000057 ], [ -3.568283895999969, 41.552780054000038 ], [ -3.573682861999941, 41.542602135000038 ], [ -3.573142280999946, 41.53721467500003 ], [ -3.575698822999925, 41.534632484000042 ], [ -3.588004, 41.533496999000079 ], [ -3.613261794999971, 41.54542987800005 ], [ -3.635149521999949, 41.54631168800006 ], [ -3.644013219999977, 41.542676529000062 ], [ -3.644842, 41.538795499000059 ], [ -3.668062, 41.539855999000054 ], [ -3.676858, 41.541633499000056 ], [ -3.689203499999962, 41.54058849900008 ], [ -3.681425, 41.552028499000073 ] ] ] } },
{ "type": "Feature", "properties": { "code": "40131", "name": "Monterrubio" }, "geometry": { "type": "Polygon", "coordinates": [ [ [ -4.371307, 40.865119999000058 ], [ -4.333407762999968, 40.858666655000036 ], [ -4.328644983999936, 40.850801963000038 ], [ -4.334993570999927, 40.842294458000026 ], [ -4.333738, 40.837863999000035 ], [ -4.337741, 40.829250499000068 ], [ -4.348489793999931, 40.824094566000042 ], [ -4.362263499999926, 40.827926499000057 ], [ -4.36971237399996, 40.822742667000057 ], [ -4.395961, 40.822074999000051 ], [ -4.402720656999975, 40.823124524000036 ], [ -4.410022671999968, 40.831116739000038 ], [ -4.404808499999945, 40.852973999000028 ], [ -4.395608614999958, 40.854096628000036 ], [ -4.384581189999949, 40.865203888000053 ], [ -4.371307, 40.865119999000058 ] ] ] } },
{ "type": "Feature", "properties": { "code": "40132", "name": "Moral de Hornuez" }, "geometry": { "type": "Polygon", "coordinates": [ [ [ -3.636787, 41.491370999000026 ], [ -3.627632499999947, 41.494914999000059 ], [ -3.624677, 41.500243499000078 ], [ -3.61839, 41.503070999000045 ], [ -3.615136, 41.507365999000058 ], [ -3.60963049999998, 41.511901999000031 ], [ -3.608952, 41.513759499000059 ], [ -3.606919499999947, 41.51029199900006 ], [ -3.609959, 41.506080499000063 ], [ -3.596110601999953, 41.496126008000033 ], [ -3.595063557999936, 41.481533456000079 ], [ -3.581001153999978, 41.473365462000061 ], [ -3.586008781999965, 41.455616621000047 ], [ -3.582476, 41.44782649900003 ], [ -3.592907472999968, 41.444084181000051 ], [ -3.624096877999932, 41.45205098100007 ], [ -3.633447587999967, 41.452543001000038 ], [ -3.634713499999975, 41.450443499000073 ], [ -3.647184, 41.449039499000037 ], [ -3.650005134999958, 41.45048371200005 ], [ -3.658357601999967, 41.44745309700005 ], [ -3.666078640999956, 41.451421608000032 ], [ -3.665094027999942, 41.465605104000076 ], [ -3.674926, 41.469993999000053 ], [ -3.651368977999937, 41.482727686000032 ], [ -3.645736687999943, 41.488921119000054 ], [ -3.636787, 41.491370999000026 ] ] ] } },
{ "type": "Feature", "properties": { "code": "40134", "name": "Mozoncillo" }, "geometry": { "type": "Polygon", "coordinates": [ [ [ -4.213436499999943, 41.109420499000066 ], [ -4.21604949999994, 41.116744999000048 ], [ -4.22412, 41.120288999000024 ], [ -4.231825543999946, 41.156512477000035 ], [ -4.229746735999925, 41.163544773000069 ], [ -4.233674005999944, 41.168669825000052 ], [ -4.233707659999936, 41.174208993000036 ], [ -4.237701, 41.177432999000075 ], [ -4.212892, 41.182349999000053 ], [ -4.205878, 41.182464499000048 ], [ -4.201136499999961, 41.177538999000035 ], [ -4.202200499999947, 41.173061499000028 ], [ -4.198577, 41.17113499900006 ], [ -4.194303, 41.170738499000038 ], [ -4.187626499999965, 41.167377499000054 ], [ -4.180161, 41.165283499000054 ], [ -4.17482, 41.169929499000034 ], [ -4.171841, 41.169303999000078 ], [ -4.173809499999948, 41.165302499000063 ], [ -4.17066449999993, 41.163406499000075 ], [ -4.164926499999979, 41.164672999000061 ], [ -4.156745, 41.156818499000053 ], [ -4.151309255999934, 41.153273990000059 ], [ -4.153962435999972, 41.15093240300007 ], [ -4.152073411999936, 41.148170655000058 ], [ -4.137385774999927, 41.141342652000048 ], [ -4.125576499999966, 41.130984999000077 ], [ -4.138384499999972, 41.120609499000068 ], [ -4.151630875999956, 41.123348370000031 ], [ -4.162005310999973, 41.117961918000049 ], [ -4.163744665999957, 41.110346465000077 ], [ -4.16815130599997, 41.108848855000076 ], [ -4.171533164999971, 41.115922714000078 ], [ -4.180741146999935, 41.120273867000037 ], [ -4.197970215999931, 41.119933865000064 ], [ -4.211816278999947, 41.115228870000067 ], [ -4.213436499999943, 41.109420499000066 ] ] ] } },
{ "type": "Feature", "properties": { "code": "40135", "name": "Muñopedro" }, "geometry": { "type": "Polygon", "coordinates": [ [ [ -4.558386499999926, 40.940166499000043 ], [ -4.546790000999977, 40.943385029000069 ], [ -4.523755022999978, 40.936604249000027 ], [ -4.519409659999951, 40.932661750000079 ], [ -4.504612854999948, 40.937663331000067 ], [ -4.477374499999939, 40.935577499000033 ], [ -4.475306196999952, 40.930253632000074 ], [ -4.476988769999934, 40.920877197000038 ], [ -4.47101349999997, 40.915435999000067 ], [ -4.472779783999954, 40.905898097000033 ], [ -4.461592835999966, 40.899578942000062 ], [ -4.459290143999965, 40.891085444000055 ], [ -4.448118725999961, 40.888265431000036 ], [ -4.445566603999964, 40.880898714000068 ], [ -4.437776955999936, 40.879757505000043 ], [ -4.43214947499996, 40.871464588000038 ], [ -4.414498, 40.864562999000043 ], [ -4.415735, 40.859653499000046 ], [ -4.425361796999937, 40.862654866000071 ], [ -4.431582908999928, 40.860067875000027 ], [ -4.43940886799993, 40.84172269700008 ], [ -4.437325428999941, 40.829210300000057 ], [ -4.448183424999968, 40.829123654000057 ], [ -4.454957386999979, 40.82562332100008 ], [ -4.463654619999943, 40.815837370000054 ], [ -4.469193032999954, 40.802498967000076 ], [ -4.473205, 40.800071499000069 ], [ -4.485253108999927, 40.813825924000071 ], [ -4.493819851999945, 40.832205645000045 ], [ -4.498722, 40.833533999000053 ], [ -4.500242188999948, 40.838848399000028 ], [ -4.508205664999934, 40.84441560700003 ], [ -4.506801568999947, 40.856396073000042 ], [ -4.499459872999978, 40.86203854200005 ], [ -4.486523447999957, 40.865135362000046 ], [ -4.480392502999962, 40.86945482200008 ], [ -4.491419985999926, 40.880998396000052 ], [ -4.498028589999933, 40.884773598000038 ], [ -4.508440251999957, 40.884923829000059 ], [ -4.516774756999951, 40.869879519000051 ], [ -4.53362, 40.864139999000031 ], [ -4.536896188999947, 40.872896634000028 ], [ -4.559593499999949, 40.885867999000027 ], [ -4.553511132999972, 40.90738488900007 ], [ -4.559304, 40.916534499000079 ], [ -4.558386499999926, 40.940166499000043 ] ] ] } },
{ "type": "Feature", "properties": { "code": "40136", "name": "Muñoveros" }, "geometry": { "type": "Polygon", "coordinates": [ [ [ -3.969652499999938, 41.146598999000048 ], [ -3.969162806999975, 41.150297915000067 ], [ -3.977381622999928, 41.156532886000036 ], [ -3.976446499999952, 41.174815999000032 ], [ -3.963642401999948, 41.189231151000058 ], [ -3.968807525999978, 41.198714599000027 ], [ -3.964286, 41.200930999000036 ], [ -3.946474006999949, 41.194925896000029 ], [ -3.943358515999932, 41.197184778000064 ], [ -3.936239611999952, 41.191458891000025 ], [ -3.926205258999971, 41.191328068000075 ], [ -3.917904, 41.182105999000044 ], [ -3.921204176999936, 41.179829941000037 ], [ -3.927919223999936, 41.161713216000066 ], [ -3.94175200799998, 41.158571214000062 ], [ -3.954195082999945, 41.151792613000055 ], [ -3.957259255999929, 41.147782606000078 ], [ -3.956292, 41.143222999000045 ], [ -3.962579860999938, 41.14241390400008 ], [ -3.969652499999938, 41.146598999000048 ] ] ] } },
{ "type": "Feature", "properties": { "code": "40138", "name": "Nava de la Asunción" }, "geometry": { "type": "Polygon", "coordinates": [ [ [ -4.502365499999939, 41.092578999000068 ], [ -4.509201873999928, 41.102481769000065 ], [ -4.526988931999938, 41.105031593000035 ], [ -4.552389404999929, 41.100683041000025 ], [ -4.566862499999957, 41.106071499000052 ], [ -4.568528, 41.10798199900006 ], [ -4.571297499999957, 41.10933299900006 ], [ -4.574708, 41.115420999000037 ], [ -4.576938499999926, 41.121428999000045 ], [ -4.546105654999963, 41.134077895000075 ], [ -4.535065000999964, 41.135398348000081 ], [ -4.521303063999937, 41.13113861100004 ], [ -4.518520592999948, 41.135781583000039 ], [ -4.530790964999937, 41.152640138000038 ], [ -4.518984749999959, 41.15596817900007 ], [ -4.518470499999978, 41.166812999000058 ], [ -4.515838842999926, 41.170371055000032 ], [ -4.495123284999977, 41.175369236000051 ], [ -4.487408057999971, 41.181484614000055 ], [ -4.484495564999975, 41.186711355000057 ], [ -4.490064307999944, 41.195891695000057 ], [ -4.48528, 41.19874549900004 ], [ -4.467277512999942, 41.19243597600007 ], [ -4.465651862999948, 41.189357533000077 ], [ -4.456163913999944, 41.190082688000075 ], [ -4.447920766999971, 41.183531722000055 ], [ -4.438478921999945, 41.184321179000051 ], [ -4.435955419999971, 41.177249131000053 ], [ -4.415804499999979, 41.166923499000063 ], [ -4.406630776999975, 41.160927620000052 ], [ -4.407266, 41.157245499000055 ], [ -4.431742499999928, 41.142318999000054 ], [ -4.440737614999932, 41.12035912500005 ], [ -4.449954796999975, 41.111117442000079 ], [ -4.502365499999939, 41.092578999000068 ] ] ] } },
{ "type": "Feature", "properties": { "code": "40139", "name": "Navafría" }, "geometry": { "type": "Polygon", "coordinates": [ [ [ -3.844351499999959, 40.982301999000072 ], [ -3.845787370999972, 40.991303577000053 ], [ -3.852868172999933, 41.002136709000069 ], [ -3.857174996999959, 41.027962669000033 ], [ -3.855176330999939, 41.040327379000075 ], [ -3.848898945999963, 41.054059577000032 ], [ -3.848801718999937, 41.066088925000031 ], [ -3.831896499999971, 41.086291999000025 ], [ -3.812515514999973, 41.06632404700008 ], [ -3.808175940999945, 41.051660645000027 ], [ -3.809359745999927, 41.04162788900004 ], [ -3.819102415999964, 41.017360473000053 ], [ -3.819288450999977, 41.00627171900004 ], [ -3.829094, 40.986654999000052 ], [ -3.835016, 40.984147499000073 ], [ -3.839120499999979, 40.983869999000035 ], [ -3.844351499999959, 40.982301999000072 ] ] ] } },
{ "type": "Feature", "properties": { "code": "40140", "name": "Navalilla" }, "geometry": { "type": "Polygon", "coordinates": [ [ [ -3.904043, 41.328029499000024 ], [ -3.914424262999944, 41.323820215000069 ], [ -3.957427637999956, 41.33431291800008 ], [ -3.981685800999969, 41.323854635000032 ], [ -3.985779831999935, 41.318393981000042 ], [ -4.01045449999998, 41.317237999000042 ], [ -4.002524631999961, 41.333043826000051 ], [ -3.985977141999967, 41.339567309000074 ], [ -3.968250233999925, 41.354390439000042 ], [ -3.950461, 41.353111499000079 ], [ -3.940723499999933, 41.353477499000064 ], [ -3.936726, 41.355628999000032 ], [ -3.924984, 41.358039999000027 ], [ -3.921556873999975, 41.35376797300006 ], [ -3.909854033999977, 41.352903302000072 ], [ -3.911756899999943, 41.346128803000056 ], [ -3.906003442999975, 41.340324329000055 ], [ -3.914947876999975, 41.33586719200008 ], [ -3.904043, 41.328029499000024 ] ] ] } },
{ "type": "Feature", "properties": { "code": "40141", "name": "Navalmanzano" }, "geometry": { "type": "Polygon", "coordinates": [ [ [ -4.231497499999932, 41.256061499000054 ], [ -4.230512499999975, 41.254504999000062 ], [ -4.224309, 41.250136999000063 ], [ -4.221826499999963, 41.24699399900004 ], [ -4.217744, 41.243819999000038 ], [ -4.223404499999958, 41.237510499000052 ], [ -4.223959499999978, 41.225696499000037 ], [ -4.221605499999953, 41.220431999000027 ], [ -4.223480499999937, 41.216701499000067 ], [ -4.22211, 41.211734499000045 ], [ -4.220174499999928, 41.208240499000055 ], [ -4.230241928999931, 41.202274862000024 ], [ -4.235259395999947, 41.19105145900005 ], [ -4.247622207999939, 41.189962517000026 ], [ -4.256852499999979, 41.185851999000079 ], [ -4.276499499999943, 41.181926999000041 ], [ -4.294586386999981, 41.195639477000043 ], [ -4.306578499999944, 41.19801699900006 ], [ -4.299799499999949, 41.199554499000044 ], [ -4.287815, 41.210532999000066 ], [ -4.283566, 41.22881299900007 ], [ -4.266347141999972, 41.232058003000077 ], [ -4.261305494999931, 41.239158560000078 ], [ -4.231497499999932, 41.256061499000054 ] ] ] } },
{ "type": "Feature", "properties": { "code": "40142", "name": "Navares de Ayuso" }, "geometry": { "type": "Polygon", "coordinates": [ [ [ -3.68261, 41.365527999000051 ], [ -3.681265, 41.362727999000072 ], [ -3.687145, 41.356845999000029 ], [ -3.690399, 41.355907499000068 ], [ -3.691754, 41.354026999000041 ], [ -3.687841499999934, 41.349139999000045 ], [ -3.697126, 41.347751499000026 ], [ -3.701140499999951, 41.339618499000039 ], [ -3.70970049999994, 41.33984749900003 ], [ -3.709877, 41.349502499000039 ], [ -3.711425499999962, 41.357860999000025 ], [ -3.714721499999939, 41.365146499000048 ], [ -3.721196499999962, 41.370021999000073 ], [ -3.717652499999929, 41.377315499000076 ], [ -3.708895499999926, 41.388068999000041 ], [ -3.70812049999995, 41.397094499000048 ], [ -3.703959499999939, 41.40712699900007 ], [ -3.688345924999965, 41.400027641000065 ], [ -3.680948496999974, 41.375396202000047 ], [ -3.68261, 41.365527999000051 ] ] ] } },
{ "type": "Feature", "properties": { "code": "40143", "name": "Navares de Enmedio" }, "geometry": { "type": "MultiPolygon", "coordinates": [ [ [ [ -3.715997499999958, 41.426952499000038 ], [ -3.707741499999941, 41.427364499000078 ], [ -3.708023456999967, 41.42182831000008 ], [ -3.702114380999944, 41.413391835000027 ], [ -3.70812049999995, 41.397094499000048 ], [ -3.708895499999926, 41.388068999000041 ], [ -3.717652499999929, 41.377315499000076 ], [ -3.721196499999962, 41.370021999000073 ], [ -3.74924589099993, 41.373024318000034 ], [ -3.762528, 41.392146999000033 ], [ -3.741356714999938, 41.402742605000071 ], [ -3.733471616999964, 41.418075110000075 ], [ -3.715997499999958, 41.426952499000038 ] ] ], [ [ [ -3.723076499999934, 41.441562499000042 ], [ -3.741764341999954, 41.436629065000034 ], [ -3.747967134999953, 41.440622690000055 ], [ -3.759864446999927, 41.438685445000033 ], [ -3.764921925999943, 41.435102707000055 ], [ -3.772486, 41.441169499000068 ], [ -3.750483390999932, 41.451129975000072 ], [ -3.739509, 41.45078249900007 ], [ -3.72912249999996, 41.457622499000081 ], [ -3.714571249999949, 41.445937270000059 ], [ -3.723076499999934, 41.441562499000042 ] ] ] ] } },
{ "type": "Feature", "properties": { "code": "40144", "name": "Navares de las Cuevas" }, "geometry": { "type": "Polygon", "coordinates": [ [ [ -3.792446499999926, 41.431831499000054 ], [ -3.772486, 41.441169499000068 ], [ -3.764921925999943, 41.435102707000055 ], [ -3.759864446999927, 41.438685445000033 ], [ -3.747967134999953, 41.440622690000055 ], [ -3.741764341999954, 41.436629065000034 ], [ -3.723076499999934, 41.441562499000042 ], [ -3.722860956999966, 41.436282589000029 ], [ -3.715997499999958, 41.426952499000038 ], [ -3.733471616999964, 41.418075110000075 ], [ -3.741356714999938, 41.402742605000071 ], [ -3.766323499999942, 41.390285499000072 ], [ -3.775234778999959, 41.393130506000034 ], [ -3.780314407999981, 41.403793730000075 ], [ -3.763805893999972, 41.406202115000042 ], [ -3.760291889999962, 41.40920834800005 ], [ -3.792942, 41.430167999000048 ], [ -3.792446499999926, 41.431831499000054 ] ] ] } },
{ "type": "Feature", "properties": { "code": "40145", "name": "Navas de Oro" }, "geometry": { "type": "Polygon", "coordinates": [ [ [ -4.443805, 41.24882149900003 ], [ -4.43229678199998, 41.245382355000061 ], [ -4.415084253999964, 41.232047160000036 ], [ -4.40327949999994, 41.229057499000078 ], [ -4.393064803999948, 41.227561736000041 ], [ -4.387030548999974, 41.221504779000043 ], [ -4.389298871999927, 41.21594772800006 ], [ -4.381098121999969, 41.212204705000033 ], [ -4.375896423999961, 41.204787264000061 ], [ -4.36158504399998, 41.203076797000051 ], [ -4.345453, 41.194877499000029 ], [ -4.350994, 41.188289499000064 ], [ -4.368769, 41.173796999000047 ], [ -4.371575, 41.172920499000043 ], [ -4.37334, 41.171230499000046 ], [ -4.400884158999929, 41.164896170000077 ], [ -4.413608801999942, 41.170960320000063 ], [ -4.415804499999979, 41.166923499000063 ], [ -4.435955419999971, 41.177249131000053 ], [ -4.438478921999945, 41.184321179000051 ], [ -4.447920766999971, 41.183531722000055 ], [ -4.456163913999944, 41.190082688000075 ], [ -4.465651862999948, 41.189357533000077 ], [ -4.467277512999942, 41.19243597600007 ], [ -4.48528, 41.19874549900004 ], [ -4.482264563999934, 41.202551279000033 ], [ -4.482526759999928, 41.222483443000044 ], [ -4.470146565999926, 41.239678125000069 ], [ -4.45889712099995, 41.246483972000078 ], [ -4.443805, 41.24882149900003 ] ] ] } },
{ "type": "Feature", "properties": { "code": "40146", "name": "Navas de San Antonio" }, "geometry": { "type": "Polygon", "coordinates": [ [ [ -4.308597, 40.787360999000043 ], [ -4.278554, 40.763339999000038 ], [ -4.283302732999971, 40.755093259000034 ], [ -4.293057665999925, 40.747244969000064 ], [ -4.321985641999959, 40.728161693000061 ], [ -4.339333321999959, 40.721971140000051 ], [ -4.354213388999938, 40.707824384000048 ], [ -4.359261609999976, 40.68193326800008 ], [ -4.355923184999938, 40.650061914000048 ], [ -4.364736499999935, 40.637519999000062 ], [ -4.388618, 40.634975499000063 ], [ -4.39245619899998, 40.679017764000037 ], [ -4.39085668599995, 40.71187202200008 ], [ -4.385393281999939, 40.72468765800005 ], [ -4.384608664999973, 40.737926363000042 ], [ -4.368794, 40.763114999000038 ], [ -4.368303, 40.766887499000063 ], [ -4.365084, 40.771728499000062 ], [ -4.350904720999949, 40.771911095000064 ], [ -4.315025284999933, 40.78048902300003 ], [ -4.308597, 40.787360999000043 ] ] ] } },
{ "type": "Feature", "properties": { "code": "40148", "name": "Nieva" }, "geometry": { "type": "Polygon", "coordinates": [ [ [ -4.502365499999939, 41.092578999000068 ], [ -4.449954796999975, 41.111117442000079 ], [ -4.440737614999932, 41.12035912500005 ], [ -4.431742499999928, 41.142318999000054 ], [ -4.430562651999935, 41.124805295000044 ], [ -4.416737499999954, 41.111076999000034 ], [ -4.411828, 41.108199999000078 ], [ -4.410263499999928, 41.106288999000071 ], [ -4.407872, 41.093078499000057 ], [ -4.406362, 41.088115499000025 ], [ -4.404168499999969, 41.084636499000055 ], [ -4.40432, 41.080528499000025 ], [ -4.418744275999927, 41.073215380000079 ], [ -4.42315581899993, 41.06385189100007 ], [ -4.452751, 41.064479999000071 ], [ -4.464440709999963, 41.070674300000064 ], [ -4.48722749999996, 41.072807499000078 ], [ -4.49294722999997, 41.077786232000051 ], [ -4.498605, 41.078502499000081 ], [ -4.498099, 41.080302999000025 ], [ -4.501087, 41.086074999000061 ], [ -4.502365499999939, 41.092578999000068 ] ] ] } },
{ "type": "Feature", "properties": { "code": "40149", "name": "Olombrada" }, "geometry": { "type": "Polygon", "coordinates": [ [ [ -4.12282, 41.480369499000062 ], [ -4.12355, 41.477653499000041 ], [ -4.121065499999929, 41.470382999000037 ], [ -4.120416499999976, 41.461189499000056 ], [ -4.124883499999953, 41.454273499000067 ], [ -4.123878499999933, 41.45153749900004 ], [ -4.114616, 41.442657499000063 ], [ -4.110497, 41.441245999000046 ], [ -4.112152499999979, 41.436527499000078 ], [ -4.109774, 41.433894999000074 ], [ -4.105455499999948, 41.432673999000031 ], [ -4.102065499999981, 41.433238999000025 ], [ -4.09447, 41.43127449900004 ], [ -4.098556499999972, 41.426742499000056 ], [ -4.100329, 41.421733999000026 ], [ -4.097007499999961, 41.414180499000054 ], [ -4.106201, 41.411735499000031 ], [ -4.112613, 41.408790499000077 ], [ -4.116480499999966, 41.402644999000074 ], [ -4.129466026999978, 41.410171603000038 ], [ -4.169289, 41.391456499000071 ], [ -4.174645995999981, 41.399210419000042 ], [ -4.200481454999931, 41.396950239000034 ], [ -4.203447499999925, 41.400932499000078 ], [ -4.20244, 41.403499499000077 ], [ -4.203052, 41.410697999000035 ], [ -4.201176499999974, 41.412231499000029 ], [ -4.205608499999926, 41.414355999000065 ], [ -4.207094, 41.418403499000078 ], [ -4.2052, 41.420856499000081 ], [ -4.203028499999959, 41.430858499000067 ], [ -4.205037499999946, 41.437862499000062 ], [ -4.214470499999948, 41.451427499000033 ], [ -4.227860499999963, 41.459968999000068 ], [ -4.195770870999979, 41.471438641000077 ], [ -4.168190219999929, 41.476343444000065 ], [ -4.158338499999957, 41.482097499000076 ], [ -4.142756967999958, 41.470913725000059 ], [ -4.13568713799998, 41.476956951000034 ], [ -4.12282, 41.480369499000062 ] ] ] } },
{ "type": "Feature", "properties": { "code": "40150", "name": "Orejana" }, "geometry": { "type": "Polygon", "coordinates": [ [ [ -3.818845, 41.158981999000048 ], [ -3.821763499999975, 41.159736499000076 ], [ -3.81982, 41.161704999000051 ], [ -3.81135949999998, 41.165744499000027 ], [ -3.805219499999964, 41.16769799900004 ], [ -3.803012, 41.169460499000024 ], [ -3.793988499999955, 41.16953249900007 ], [ -3.780853499999978, 41.174628999000049 ], [ -3.762535778999961, 41.174871360000054 ], [ -3.73564, 41.168819499000051 ], [ -3.728205457999934, 41.162891701000035 ], [ -3.722342499999968, 41.15301499900005 ], [ -3.742328499999928, 41.144611499000064 ], [ -3.754992499999958, 41.141277499000068 ], [ -3.758450499999981, 41.139323999000055 ], [ -3.760594927999932, 41.142558264000058 ], [ -3.77914141399998, 41.148330261000069 ], [ -3.804994700999941, 41.145119392000026 ], [ -3.818845, 41.151378499000032 ], [ -3.813373, 41.156848999000033 ], [ -3.81317, 41.158824999000046 ], [ -3.818845, 41.158981999000048 ] ] ] } },
{ "type": "Feature", "properties": { "code": "40151", "name": "Ortigosa de Pestaño" }, "geometry": { "type": "Polygon", "coordinates": [ [ [ -4.416737499999954, 41.111076999000034 ], [ -4.383376225999939, 41.100402787000064 ], [ -4.376828, 41.095748999000079 ], [ -4.378689496999925, 41.093367271000034 ], [ -4.373722654999938, 41.080443413000069 ], [ -4.382810584999959, 41.072347784000044 ], [ -4.39412809099997, 41.073868560000051 ], [ -4.40432, 41.080528499000025 ], [ -4.404168499999969, 41.084636499000055 ], [ -4.406362, 41.088115499000025 ], [ -4.407872, 41.093078499000057 ], [ -4.410263499999928, 41.106288999000071 ], [ -4.411828, 41.108199999000078 ], [ -4.416737499999954, 41.111076999000034 ] ] ] } },
{ "type": "Feature", "properties": { "code": "40152", "name": "Otero de Herreros" }, "geometry": { "type": "Polygon", "coordinates": [ [ [ -4.204137, 40.852520499000036 ], [ -4.199200167999948, 40.843800114000032 ], [ -4.18444016199993, 40.836194866000028 ], [ -4.173530308999943, 40.826053288000026 ], [ -4.155742, 40.788841499000057 ], [ -4.165656866999939, 40.789653825000073 ], [ -4.185951448999958, 40.784644092000065 ], [ -4.202441894999936, 40.786824644000035 ], [ -4.222688499999947, 40.785178999000038 ], [ -4.233658284999933, 40.790968981000049 ], [ -4.247003434999954, 40.789308524000035 ], [ -4.246319, 40.802852499000039 ], [ -4.235040136999942, 40.81957944100003 ], [ -4.247677499999952, 40.842410999000037 ], [ -4.239345843999956, 40.848916202000055 ], [ -4.235071250999965, 40.858255531000054 ], [ -4.227015327999936, 40.86171908700004 ], [ -4.220739135999963, 40.861695783000073 ], [ -4.204137, 40.852520499000036 ] ] ] } },
{ "type": "Feature", "properties": { "code": "40154", "name": "Pajarejos" }, "geometry": { "type": "Polygon", "coordinates": [ [ [ -3.575571499999967, 41.374812999000028 ], [ -3.585189205999939, 41.377204749000043 ], [ -3.591112738999925, 41.375516349000065 ], [ -3.601057780999952, 41.384715406000055 ], [ -3.61525649999993, 41.389671499000031 ], [ -3.618124727999941, 41.397614524000062 ], [ -3.612030322999942, 41.402097235000042 ], [ -3.612763499999971, 41.408179999000026 ], [ -3.604703865999966, 41.406064963000063 ], [ -3.595437, 41.408012499000051 ], [ -3.58056303199993, 41.397019422000028 ], [ -3.577003943999955, 41.381702681000036 ], [ -3.570793499999979, 41.376964999000052 ], [ -3.575571499999967, 41.374812999000028 ] ] ] } },
{ "type": "Feature", "properties": { "code": "40155", "name": "Palazuelos de Eresma" }, "geometry": { "type": "Polygon", "coordinates": [ [ [ -4.05274449999996, 40.90210649900007 ], [ -4.06306258099994, 40.901998683000045 ], [ -4.064158892999956, 40.908164578000026 ], [ -4.074178114999938, 40.91337973800006 ], [ -4.078368128999955, 40.922897588000069 ], [ -4.07411901699993, 40.931807892000052 ], [ -4.083395, 40.939685999000062 ], [ -4.058128, 40.949874999000031 ], [ -4.053747250999947, 40.942598290000035 ], [ -4.040237615999956, 40.938165148000053 ], [ -4.028714124999965, 40.93655003300006 ], [ -4.024002861999975, 40.943052820000048 ], [ -4.002478242999928, 40.937856858000032 ], [ -3.993112615999962, 40.942630703000077 ], [ -3.985822374999941, 40.938502325000059 ], [ -3.981032016999961, 40.940145405000067 ], [ -3.958184650999954, 40.933647446000066 ], [ -3.944660325999962, 40.926419082000052 ], [ -3.937791499999946, 40.927134999000032 ], [ -3.93697436399998, 40.916788876000055 ], [ -3.944800499999928, 40.903295999000079 ], [ -3.959283908999964, 40.903623244000073 ], [ -3.967384086999971, 40.899586266000028 ], [ -3.983365330999959, 40.89916691600007 ], [ -3.972784136999962, 40.918256098000029 ], [ -3.996005904999947, 40.922563306000029 ], [ -4.020602075999932, 40.913668125000072 ], [ -4.032904593999945, 40.914773166000032 ], [ -4.05274449999996, 40.90210649900007 ] ] ] } },
{ "type": "Feature", "properties": { "code": "40156", "name": "Pedraza" }, "geometry": { "type": "Polygon", "coordinates": [ [ [ -3.78474749999998, 41.10818849900005 ], [ -3.791252499999928, 41.096496499000068 ], [ -3.796619, 41.093299999000067 ], [ -3.802273499999956, 41.095088499000042 ], [ -3.812675101999957, 41.096723368000028 ], [ -3.815504578999935, 41.104946692000055 ], [ -3.824244499999963, 41.108588999000062 ], [ -3.826187793999964, 41.116510761000029 ], [ -3.837667804999967, 41.116747333000035 ], [ -3.839571767999928, 41.123236819000056 ], [ -3.846702, 41.127639999000053 ], [ -3.849625499999945, 41.131809499000042 ], [ -3.845729499999948, 41.133575499000074 ], [ -3.844917, 41.135238499000025 ], [ -3.843386, 41.141292499000031 ], [ -3.84377, 41.148021499000038 ], [ -3.837005, 41.15391549900005 ], [ -3.832274499999926, 41.156814499000063 ], [ -3.828762499999925, 41.153335499000036 ], [ -3.818845, 41.151378499000032 ], [ -3.804994700999941, 41.145119392000026 ], [ -3.77914141399998, 41.148330261000069 ], [ -3.760594927999932, 41.142558264000058 ], [ -3.758450499999981, 41.139323999000055 ], [ -3.75693, 41.129443999000046 ], [ -3.762445499999956, 41.118957499000032 ], [ -3.778235, 41.114501999000026 ], [ -3.785081, 41.110187499000062 ], [ -3.78474749999998, 41.10818849900005 ] ] ] } },
{ "type": "Feature", "properties": { "code": "40157", "name": "Pelayos del Arroyo" }, "geometry": { "type": "MultiPolygon", "coordinates": [ [ [ [ -3.912846499999944, 41.05894949900005 ], [ -3.91922349999993, 41.053613499000051 ], [ -3.926071499999978, 41.049853999000049 ], [ -3.928990499999941, 41.049193499000069 ], [ -3.932085499999971, 41.046771999000043 ], [ -3.945041024999966, 41.049036950000072 ], [ -3.954195082999945, 41.058036874000038 ], [ -3.931505379999976, 41.071713533000036 ], [ -3.914251499999978, 41.071743999000034 ], [ -3.911741, 41.066481999000075 ], [ -3.912846499999944, 41.05894949900005 ] ] ], [ [ [ -3.961472, 41.056342999000037 ], [ -3.970712825999954, 41.044947456000045 ], [ -3.970181, 41.036853499000074 ], [ -3.974472700999968, 41.04596104400008 ], [ -3.980688698999927, 41.050229646000048 ], [ -3.997209282999961, 41.050452141000051 ], [ -4.007572464999953, 41.054333892000045 ], [ -4.015901, 41.052211499000066 ], [ -4.01662749999997, 41.053104499000028 ], [ -4.013681499999961, 41.05420299900004 ], [ -4.009136499999954, 41.058242999000072 ], [ -4.002878, 41.06609749900008 ], [ -3.978996750999954, 41.064215473000047 ], [ -3.961472, 41.056342999000037 ] ] ] ] } },
{ "type": "Feature", "properties": { "code": "40158", "name": "Perosillo" }, "geometry": { "type": "Polygon", "coordinates": [ [ [ -4.116480499999966, 41.402644999000074 ], [ -4.113601499999959, 41.395854999000051 ], [ -4.132538230999955, 41.388668537000058 ], [ -4.141640835999965, 41.378856408000047 ], [ -4.151469590999966, 41.377776761000064 ], [ -4.152078499999959, 41.367129999000042 ], [ -4.155593, 41.371192999000073 ], [ -4.160728499999948, 41.369456999000079 ], [ -4.162724, 41.370040499000027 ], [ -4.164464, 41.367057999000053 ], [ -4.163728, 41.371955999000079 ], [ -4.162239, 41.375106999000025 ], [ -4.162795, 41.380748999000048 ], [ -4.164347, 41.383967999000049 ], [ -4.169137, 41.387576999000032 ], [ -4.169289, 41.391456499000071 ], [ -4.129466026999978, 41.410171603000038 ], [ -4.116480499999966, 41.402644999000074 ] ] ] } },
{ "type": "Feature", "properties": { "code": "40159", "name": "Pinarejos" }, "geometry": { "type": "Polygon", "coordinates": [ [ [ -4.257121499999926, 41.270824499000071 ], [ -4.254576519999944, 41.262253246000057 ], [ -4.231497499999932, 41.256061499000054 ], [ -4.261305494999931, 41.239158560000078 ], [ -4.266347141999972, 41.232058003000077 ], [ -4.283566, 41.22881299900007 ], [ -4.321095, 41.238467999000079 ], [ -4.325233499999968, 41.238411499000051 ], [ -4.333366499999954, 41.23982249900007 ], [ -4.340949499999965, 41.245380499000078 ], [ -4.338008173999981, 41.249031716000047 ], [ -4.339363, 41.262378499000079 ], [ -4.331715499999973, 41.260215499000026 ], [ -4.298015499999963, 41.278270999000028 ], [ -4.285496499999965, 41.276134499000079 ], [ -4.285215, 41.272136999000054 ], [ -4.257121499999926, 41.270824499000071 ] ] ] } },
{ "type": "Feature", "properties": { "code": "40160", "name": "Pinarnegrillo" }, "geometry": { "type": "MultiPolygon", "coordinates": [ [ [ [ -4.255322, 41.182467999000039 ], [ -4.256852499999979, 41.185851999000079 ], [ -4.247622207999939, 41.189962517000026 ], [ -4.235259395999947, 41.19105145900005 ], [ -4.230241928999931, 41.202274862000024 ], [ -4.220174499999928, 41.208240499000055 ], [ -4.211422499999969, 41.207786499000065 ], [ -4.205508499999951, 41.206569999000067 ], [ -4.18363, 41.205642499000078 ], [ -4.187632, 41.200736999000071 ], [ -4.192434499999933, 41.192039499000032 ], [ -4.19633349999998, 41.191997499000081 ], [ -4.201974499999949, 41.188747499000044 ], [ -4.205821499999956, 41.183356999000068 ], [ -4.218661499999939, 41.18123999900007 ], [ -4.230346499999939, 41.181403999000054 ], [ -4.233231, 41.185741499000073 ], [ -4.255322, 41.182467999000039 ] ] ], [ [ [ -4.329175499999963, 41.189597999000057 ], [ -4.319914499999925, 41.193965999000056 ], [ -4.317815499999938, 41.196349999000063 ], [ -4.313946, 41.198428999000043 ], [ -4.306578499999944, 41.19801699900006 ], [ -4.294586386999981, 41.195639477000043 ], [ -4.276499499999943, 41.181926999000041 ], [ -4.284073108999962, 41.175133906000042 ], [ -4.283043328999952, 41.165276363000032 ], [ -4.294362546999935, 41.163678582000045 ], [ -4.312043064999955, 41.177860262000024 ], [ -4.325582434999944, 41.181781948000037 ], [ -4.329175499999963, 41.189597999000057 ] ] ] ] } },
{ "type": "Feature", "properties": { "code": "40161", "name": "Carabias" }, "geometry": { "type": "Polygon", "coordinates": [ [ [ -3.72912249999996, 41.457622499000081 ], [ -3.732013785999925, 41.46933023400004 ], [ -3.724783736999939, 41.479107428000077 ], [ -3.728028, 41.486171999000078 ], [ -3.705190521999953, 41.47287054700007 ], [ -3.689146769999979, 41.471036069000036 ], [ -3.680443, 41.474239499000078 ], [ -3.677604, 41.473033999000052 ], [ -3.674926, 41.469993999000053 ], [ -3.665094027999942, 41.465605104000076 ], [ -3.666078640999956, 41.451421608000032 ], [ -3.658357601999967, 41.44745309700005 ], [ -3.650005134999958, 41.45048371200005 ], [ -3.647184, 41.449039499000037 ], [ -3.650155431999963, 41.446975958000053 ], [ -3.650564801999963, 41.44123260300006 ], [ -3.663749481999957, 41.436108730000058 ], [ -3.66662249999996, 41.422942999000043 ], [ -3.673842499999978, 41.430141499000058 ], [ -3.682897, 41.431999499000028 ], [ -3.690181499999937, 41.430377999000029 ], [ -3.693250499999976, 41.432037499000046 ], [ -3.696688, 41.432105999000044 ], [ -3.701442, 41.431114499000046 ], [ -3.707741499999941, 41.427364499000078 ], [ -3.715997499999958, 41.426952499000038 ], [ -3.722860956999966, 41.436282589000029 ], [ -3.723076499999934, 41.441562499000042 ], [ -3.714571249999949, 41.445937270000059 ], [ -3.72912249999996, 41.457622499000081 ] ] ] } },
{ "type": "Feature", "properties": { "code": "40162", "name": "Prádena" }, "geometry": { "type": "Polygon", "coordinates": [ [ [ -3.694737499999974, 41.19692599900003 ], [ -3.705123493999963, 41.184048493000034 ], [ -3.708738511999968, 41.171629607000057 ], [ -3.677536499999974, 41.172168999000064 ], [ -3.661542040999962, 41.144459088000076 ], [ -3.634168, 41.125625999000079 ], [ -3.644867, 41.121244499000056 ], [ -3.651728793999951, 41.107564315000047 ], [ -3.679384, 41.08418449900006 ], [ -3.687448499999959, 41.08488999900004 ], [ -3.687256386999934, 41.090670741000054 ], [ -3.691655290999961, 41.099315274000048 ], [ -3.68962808699996, 41.111302152000064 ], [ -3.701292441999954, 41.124102106000066 ], [ -3.71057508399997, 41.142384049000043 ], [ -3.722342499999968, 41.15301499900005 ], [ -3.728205457999934, 41.162891701000035 ], [ -3.73564, 41.168819499000051 ], [ -3.736252, 41.174438499000075 ], [ -3.733026406999954, 41.18897910000004 ], [ -3.710246, 41.205001999000046 ], [ -3.70599, 41.202976499000044 ], [ -3.701627499999972, 41.198802999000065 ], [ -3.694737499999974, 41.19692599900003 ] ] ] } },
{ "type": "Feature", "properties": { "code": "40163", "name": "Puebla de Pedraza" }, "geometry": { "type": "Polygon", "coordinates": [ [ [ -3.917904, 41.182105999000044 ], [ -3.926205258999971, 41.191328068000075 ], [ -3.936239611999952, 41.191458891000025 ], [ -3.943358515999932, 41.197184778000064 ], [ -3.946474006999949, 41.194925896000029 ], [ -3.960358, 41.199813999000071 ], [ -3.946874631999947, 41.208472207000057 ], [ -3.937584327999957, 41.201237900000081 ], [ -3.93331337199993, 41.201271449000046 ], [ -3.904781182999955, 41.225636823000059 ], [ -3.886259499999937, 41.218288499000039 ], [ -3.878204625999956, 41.212534320000032 ], [ -3.870321499999932, 41.211040499000035 ], [ -3.882958737999957, 41.201111511000079 ], [ -3.894691, 41.185756999000034 ], [ -3.900945499999978, 41.182636499000068 ], [ -3.905769, 41.177196499000047 ], [ -3.911714408999956, 41.176910215000078 ], [ -3.917904, 41.182105999000044 ] ] ] } },
{ "type": "Feature", "properties": { "code": "40164", "name": "Rapariegos" }, "geometry": { "type": "MultiPolygon", "coordinates": [ [ [ [ -4.583314, 41.125148999000032 ], [ -4.576938499999926, 41.121428999000045 ], [ -4.574708, 41.115420999000037 ], [ -4.571297499999957, 41.10933299900006 ], [ -4.587100629999952, 41.102452881000033 ], [ -4.61142162699997, 41.099099710000075 ], [ -4.624293, 41.100517499000034 ], [ -4.620935, 41.105331499000044 ], [ -4.620020499999953, 41.110289999000031 ], [ -4.608487499999967, 41.110145499000055 ], [ -4.597785, 41.112228499000025 ], [ -4.583314, 41.125148999000032 ] ] ], [ [ [ -4.663656, 41.110694999000032 ], [ -4.659467695999979, 41.109978916000046 ], [ -4.643560416999946, 41.09961577200005 ], [ -4.631131883999956, 41.098622409000029 ], [ -4.628995499999974, 41.097118499000032 ], [ -4.626371251999956, 41.085566068000048 ], [ -4.632332110999926, 41.07558892000003 ], [ -4.631215716999975, 41.06534791100006 ], [ -4.650305, 41.061198999000055 ], [ -4.673386273999938, 41.07408477000007 ], [ -4.685737, 41.093448499000033 ], [ -4.67949208899995, 41.108689269000081 ], [ -4.67119039499994, 41.107568247000074 ], [ -4.663656, 41.110694999000032 ] ] ] ] } },
{ "type": "Feature", "properties": { "code": "40165", "name": "Rebollo" }, "geometry": { "type": "Polygon", "coordinates": [ [ [ -3.890822499999956, 41.190578999000024 ], [ -3.882958737999957, 41.201111511000079 ], [ -3.867678, 41.212428999000053 ], [ -3.864700499999969, 41.212864499000034 ], [ -3.857914499999936, 41.21202499900005 ], [ -3.855702420999933, 41.207035737000069 ], [ -3.842528946999948, 41.201611907000029 ], [ -3.827924499999938, 41.200477499000044 ], [ -3.832724, 41.192489499000033 ], [ -3.837971499999981, 41.176528999000027 ], [ -3.845246260999943, 41.17552261700007 ], [ -3.864895, 41.167743499000039 ], [ -3.870749119999971, 41.173568248000038 ], [ -3.868374474999939, 41.179536504000055 ], [ -3.882101, 41.191169999000067 ], [ -3.890822499999956, 41.190578999000024 ] ] ] } },
{ "type": "Feature", "properties": { "code": "40166", "name": "Remondo" }, "geometry": { "type": "Polygon", "coordinates": [ [ [ -4.473908, 41.322269499000072 ], [ -4.493410313999959, 41.326914444000067 ], [ -4.502062452999951, 41.343452996000053 ], [ -4.501785603999963, 41.348302703000059 ], [ -4.497760486999937, 41.349290342000074 ], [ -4.499593672999936, 41.356863402000045 ], [ -4.495864687999926, 41.362996887000065 ], [ -4.484021499999926, 41.365664999000046 ], [ -4.475916466999934, 41.352616692000026 ], [ -4.472214667999936, 41.342612819000067 ], [ -4.471822938999935, 41.33513064400006 ], [ -4.47452, 41.323379499000055 ], [ -4.473908, 41.322269499000072 ] ] ] } },
{ "type": "Feature", "properties": { "code": "40168", "name": "Riaguas de San Bartolomé" }, "geometry": { "type": "Polygon", "coordinates": [ [ [ -3.453395499999942, 41.430526999000051 ], [ -3.457344642999942, 41.422093994000079 ], [ -3.471944712999971, 41.415753177000056 ], [ -3.474841499999968, 41.410575999000059 ], [ -3.49484257599994, 41.409670006000056 ], [ -3.502909244999955, 41.416311177000068 ], [ -3.512888, 41.417811999000037 ], [ -3.509547, 41.43882349900008 ], [ -3.504129704999968, 41.433127847000037 ], [ -3.486299370999973, 41.437573712000074 ], [ -3.459417, 41.439349999000058 ], [ -3.458015499999931, 41.432327499000053 ], [ -3.453395499999942, 41.430526999000051 ] ] ] } },
{ "type": "Feature", "properties": { "code": "40170", "name": "Riaza" }, "geometry": { "type": "MultiPolygon", "coordinates": [ [ [ [ -3.39020249999993, 41.342666999000073 ], [ -3.385748117999981, 41.33866936700008 ], [ -3.377152536999972, 41.350696259000074 ], [ -3.366327488999957, 41.358203905000039 ], [ -3.354860333999966, 41.334710277000056 ], [ -3.347299758999952, 41.330618755000046 ], [ -3.331607967999958, 41.343492432000062 ], [ -3.330815293999933, 41.347598969000046 ], [ -3.303667273999963, 41.338487305000058 ], [ -3.298388581999973, 41.333926043000076 ], [ -3.276306792999947, 41.295550330000026 ], [ -3.276376, 41.275182499000039 ], [ -3.29254737499997, 41.258025282000062 ], [ -3.323840399999938, 41.261472143000049 ], [ -3.337856286999966, 41.253081819000045 ], [ -3.367046558999959, 41.259938093000073 ], [ -3.397558686999957, 41.257918422000046 ], [ -3.411470154999961, 41.263881510000033 ], [ -3.415174, 41.273204999000029 ], [ -3.416883970999947, 41.286563175000026 ], [ -3.425166948999959, 41.297428374000049 ], [ -3.42900549999996, 41.316192499000067 ], [ -3.420845247999978, 41.325284543000066 ], [ -3.412303681999958, 41.323689823000052 ], [ -3.401233045999959, 41.327043187000072 ], [ -3.39020249999993, 41.342666999000073 ] ] ], [ [ [ -3.426461, 41.27199149900008 ], [ -3.432988042999966, 41.266981022000039 ], [ -3.445779466999966, 41.266151539000077 ], [ -3.465699554999958, 41.256963386000052 ], [ -3.462169747999951, 41.249581186000057 ], [ -3.459520666999936, 41.227500205000069 ], [ -3.453831499999978, 41.215755499000068 ], [ -3.462225, 41.218189499000061 ], [ -3.481315332999941, 41.252069264000056 ], [ -3.481783661999941, 41.260780891000024 ], [ -3.50326064799998, 41.282691872000044 ], [ -3.498498870999981, 41.295754644000056 ], [ -3.488508071999945, 41.293362105000028 ], [ -3.491378187999942, 41.309038172000044 ], [ -3.444109508999929, 41.300792152000042 ], [ -3.433324130999949, 41.295781241000043 ], [ -3.426477839999961, 41.281863983000051 ], [ -3.426461, 41.27199149900008 ] ] ], [ [ [ -3.446554499999934, 41.343921499000032 ], [ -3.440424499999949, 41.351241999000081 ], [ -3.430307, 41.319617999000059 ], [ -3.437565055999926, 41.326034082000035 ], [ -3.44433, 41.329509999000038 ], [ -3.444075, 41.334258999000042 ], [ -3.448398, 41.340755499000068 ], [ -3.446554499999934, 41.343921499000032 ] ] ], [ [ [ -3.52668, 41.331161499000075 ], [ -3.528451545999928, 41.316526368000041 ], [ -3.538748574999943, 41.32079568100005 ], [ -3.555012407999925, 41.320235740000044 ], [ -3.560972499999934, 41.324947499000075 ], [ -3.549920504999932, 41.346189467000045 ], [ -3.539418, 41.345496999000034 ], [ -3.537571, 41.346271499000068 ], [ -3.534356, 41.341819999000052 ], [ -3.533213499999931, 41.338355999000044 ], [ -3.527458, 41.334121499000048 ], [ -3.52668, 41.331161499000075 ] ] ], [ [ [ -3.562770499999942, 41.324073999000063 ], [ -3.566120499999954, 41.321880499000031 ], [ -3.567605, 41.319591499000069 ], [ -3.574954478999928, 41.335279035000042 ], [ -3.590391316999956, 41.343185657000049 ], [ -3.593863499999941, 41.358543499000064 ], [ -3.592174499999942, 41.35953549900006 ], [ -3.589688499999966, 41.359656999000038 ], [ -3.581193, 41.364204499000039 ], [ -3.564892033999968, 41.363637333000042 ], [ -3.560869281999942, 41.352516078000065 ], [ -3.565089418999946, 41.336838398000054 ], [ -3.562770499999942, 41.324073999000063 ] ] ] ] } },
{ "type": "Feature", "properties": { "code": "40171", "name": "Ribota" }, "geometry": { "type": "Polygon", "coordinates": [ [ [ -3.430307, 41.319617999000059 ], [ -3.440424499999949, 41.351241999000081 ], [ -3.439015693999977, 41.355366568000079 ], [ -3.448971499999971, 41.356288999000071 ], [ -3.455559, 41.35819249900004 ], [ -3.450537, 41.366607499000054 ], [ -3.443652314999952, 41.373380261000079 ], [ -3.43385189299994, 41.374789449000048 ], [ -3.425186812999925, 41.379612928000029 ], [ -3.406997461999936, 41.375283773000035 ], [ -3.39020249999993, 41.342666999000073 ], [ -3.401233045999959, 41.327043187000072 ], [ -3.412303681999958, 41.323689823000052 ], [ -3.420845247999978, 41.325284543000066 ], [ -3.42900549999996, 41.316192499000067 ], [ -3.430307, 41.319617999000059 ] ] ] } },
{ "type": "Feature", "properties": { "code": "40172", "name": "Riofrío de Riaza" }, "geometry": { "type": "Polygon", "coordinates": [ [ [ -3.410648499999979, 41.259956499000054 ], [ -3.405125263999935, 41.25887080900003 ], [ -3.399939008999979, 41.253047313000025 ], [ -3.399232594999944, 41.242149831000063 ], [ -3.405598261999955, 41.233421553000028 ], [ -3.401468631999933, 41.225539032000029 ], [ -3.401395, 41.213724999000078 ], [ -3.40882146499996, 41.212205810000057 ], [ -3.41781881199995, 41.216001534000043 ], [ -3.442442373999938, 41.214871998000035 ], [ -3.453765499999975, 41.202176999000073 ], [ -3.449921365999955, 41.21317567400007 ], [ -3.453831499999978, 41.215755499000068 ], [ -3.459520666999936, 41.227500205000069 ], [ -3.462169747999951, 41.249581186000057 ], [ -3.465699554999958, 41.256963386000052 ], [ -3.445779466999966, 41.266151539000077 ], [ -3.432988042999966, 41.266981022000039 ], [ -3.426461, 41.27199149900008 ], [ -3.415882848999956, 41.261479403000067 ], [ -3.410648499999979, 41.259956499000054 ] ] ] } },
{ "type": "Feature", "properties": { "code": "40173", "name": "Roda de Eresma" }, "geometry": { "type": "Polygon", "coordinates": [ [ [ -4.201208, 41.042144999000072 ], [ -4.194963055999949, 41.046492904000047 ], [ -4.152064, 41.042419499000061 ], [ -4.160183047999965, 41.02648732800003 ], [ -4.170454108999934, 41.024447541000029 ], [ -4.174511, 41.015460999000027 ], [ -4.181805499999939, 41.019675999000071 ], [ -4.191235, 41.016936999000052 ], [ -4.197715630999937, 41.023693114000025 ], [ -4.203302, 41.037543999000036 ], [ -4.201208, 41.042144999000072 ] ] ] } },
{ "type": "Feature", "properties": { "code": "40174", "name": "Sacramenia" }, "geometry": { "type": "Polygon", "coordinates": [ [ [ -3.972428499999978, 41.469928499000048 ], [ -3.978426499999955, 41.469131499000071 ], [ -3.981413499999974, 41.471790499000065 ], [ -3.986215, 41.470946999000034 ], [ -3.993703614999959, 41.474780499000076 ], [ -3.994327974999976, 41.485919519000049 ], [ -4.005697993999945, 41.495999723000068 ], [ -4.008078806999947, 41.510302006000074 ], [ -3.999928, 41.516097999000067 ], [ -3.994362499999966, 41.530826499000057 ], [ -3.961900949999972, 41.518639568000026 ], [ -3.959329467999964, 41.522363350000035 ], [ -3.948409924999964, 41.522390678000079 ], [ -3.94583546399997, 41.519372811000039 ], [ -3.914618936999943, 41.539769225000043 ], [ -3.910247978999962, 41.534234916000059 ], [ -3.88687, 41.536453499000061 ], [ -3.885806499999944, 41.532298999000034 ], [ -3.887089828999933, 41.528177650000032 ], [ -3.894943138999963, 41.528368791000048 ], [ -3.897220690999973, 41.524968062000028 ], [ -3.894905614999971, 41.51775101700008 ], [ -3.899422039999934, 41.51377713800008 ], [ -3.893330404999972, 41.512001088000034 ], [ -3.891519941999945, 41.50783055100004 ], [ -3.901457329999971, 41.502258571000027 ], [ -3.89840924799995, 41.492759098000079 ], [ -3.909873513999969, 41.488543686000071 ], [ -3.933808605999957, 41.491084604000037 ], [ -3.946427352999933, 41.48662037500003 ], [ -3.957438897999964, 41.487067985000067 ], [ -3.962898225999936, 41.483680908000053 ], [ -3.962770095999929, 41.474963226000057 ], [ -3.972428499999978, 41.469928499000048 ] ] ] } },
{ "type": "Feature", "properties": { "code": "40176", "name": "Samboal" }, "geometry": { "type": "Polygon", "coordinates": [ [ [ -4.396961, 41.323951499000032 ], [ -4.393540318999953, 41.318539261000069 ], [ -4.393119548999948, 41.303107966000027 ], [ -4.389062620999937, 41.290959341000075 ], [ -4.39894709899994, 41.278699743000061 ], [ -4.374986350999961, 41.262169922000055 ], [ -4.376281, 41.25526049900003 ], [ -4.38379257899993, 41.256376666000051 ], [ -4.389499552999951, 41.253977804000044 ], [ -4.395730839999942, 41.243424841000035 ], [ -4.396348564999926, 41.236252934000049 ], [ -4.40327949999994, 41.229057499000078 ], [ -4.415084253999964, 41.232047160000036 ], [ -4.43229678199998, 41.245382355000061 ], [ -4.443805, 41.24882149900003 ], [ -4.451338, 41.253814499000043 ], [ -4.463849499999981, 41.259269999000026 ], [ -4.472432499999968, 41.26462949900008 ], [ -4.471487, 41.291572999000039 ], [ -4.467808499999933, 41.295898499000032 ], [ -4.451376151999966, 41.288428553000074 ], [ -4.442701044999978, 41.302045594000049 ], [ -4.432616552999946, 41.305578235000041 ], [ -4.431330499999945, 41.310001499000066 ], [ -4.420749499999943, 41.311809499000049 ], [ -4.417160499999966, 41.319846999000049 ], [ -4.396961, 41.323951499000032 ] ] ] } },
{ "type": "Feature", "properties": { "code": "40177", "name": "San Cristóbal de Cuéllar" }, "geometry": { "type": "Polygon", "coordinates": [ [ [ -4.407506499999954, 41.441852499000049 ], [ -4.391462411999953, 41.438688074000027 ], [ -4.377351550999947, 41.441254170000036 ], [ -4.364936499999942, 41.436004499000035 ], [ -4.361994511999967, 41.431928603000074 ], [ -4.362154585999974, 41.424215188000062 ], [ -4.379875053999967, 41.41830477700006 ], [ -4.388460171999952, 41.411079521000033 ], [ -4.387076886999978, 41.405485836000025 ], [ -4.392989, 41.399940499000024 ], [ -4.402324, 41.39795299900004 ], [ -4.413274, 41.400413499000081 ], [ -4.413513, 41.410865999000066 ], [ -4.404845499999965, 41.417834999000036 ], [ -4.40998849999994, 41.425449499000081 ], [ -4.431425, 41.432704999000066 ], [ -4.407506499999954, 41.441852499000049 ] ] ] } },
{ "type": "Feature", "properties": { "code": "40178", "name": "San Cristóbal de la Vega" }, "geometry": { "type": "Polygon", "coordinates": [ [ [ -4.662580499999933, 41.126174999000057 ], [ -4.658252053999945, 41.125409878000028 ], [ -4.656108, 41.127891499000043 ], [ -4.64735737999996, 41.127289875000031 ], [ -4.643625232999966, 41.122441009000056 ], [ -4.639918069999965, 41.122085723000055 ], [ -4.617271813999935, 41.126760485000034 ], [ -4.600147, 41.137447499000075 ], [ -4.588889499999937, 41.130179999000063 ], [ -4.583314, 41.125148999000032 ], [ -4.597785, 41.112228499000025 ], [ -4.608487499999967, 41.110145499000055 ], [ -4.620020499999953, 41.110289999000031 ], [ -4.620935, 41.105331499000044 ], [ -4.622296, 41.102592499000025 ], [ -4.628995499999974, 41.097118499000032 ], [ -4.631131883999956, 41.098622409000029 ], [ -4.643560416999946, 41.09961577200005 ], [ -4.659467695999979, 41.109978916000046 ], [ -4.663656, 41.110694999000032 ], [ -4.664152499999943, 41.120479499000055 ], [ -4.660838499999954, 41.123706999000035 ], [ -4.662580499999933, 41.126174999000057 ] ] ] } },
{ "type": "Feature", "properties": { "code": "40179", "name": "Sanchonuño" }, "geometry": { "type": "Polygon", "coordinates": [ [ [ -4.25819649999994, 41.305782499000031 ], [ -4.272132499999941, 41.301223499000059 ], [ -4.282367499999964, 41.300533499000039 ], [ -4.289207, 41.301467999000067 ], [ -4.29626, 41.301151499000071 ], [ -4.304112499999974, 41.303260999000031 ], [ -4.3125, 41.308715999000071 ], [ -4.335632, 41.31245799900006 ], [ -4.337650934999942, 41.326214277000076 ], [ -4.335187924999957, 41.347478852000052 ], [ -4.333190771999966, 41.351104848000034 ], [ -4.32814201399998, 41.351932238000074 ], [ -4.296599515999958, 41.344187614000077 ], [ -4.28610914099994, 41.33645492200003 ], [ -4.235969275999935, 41.322133687000075 ], [ -4.232992709999962, 41.314392916000031 ], [ -4.248106894999978, 41.313859773000047 ], [ -4.25819649999994, 41.305782499000031 ] ] ] } },
{ "type": "Feature", "properties": { "code": "40180", "name": "Sangarcía" }, "geometry": { "type": "Polygon", "coordinates": [ [ [ -4.369113, 40.95444849900008 ], [ -4.385844647999932, 40.945934303000058 ], [ -4.386157499999968, 40.942222499000025 ], [ -4.396827962999964, 40.933058403000075 ], [ -4.410135864999972, 40.931388739000056 ], [ -4.408608136999931, 40.924244825000073 ], [ -4.418488261999926, 40.912662442000055 ], [ -4.47101349999997, 40.915435999000067 ], [ -4.476988769999934, 40.920877197000038 ], [ -4.475306196999952, 40.930253632000074 ], [ -4.477374499999939, 40.935577499000033 ], [ -4.47694268999993, 40.945349968000073 ], [ -4.469167353999978, 40.956598147000079 ], [ -4.469319699999971, 40.96258182400004 ], [ -4.463021716999947, 40.96554958400003 ], [ -4.44392622099997, 40.955904081000028 ], [ -4.429566307999949, 40.95934113900006 ], [ -4.42549719799996, 40.965256113000066 ], [ -4.417331855999976, 40.96849256400003 ], [ -4.408367518999967, 40.969336204000058 ], [ -4.398098193999942, 40.964717956000072 ], [ -4.389973749999967, 40.968493595000041 ], [ -4.384201, 40.966323999000053 ], [ -4.374817571999927, 40.954138647000036 ], [ -4.369113, 40.95444849900008 ] ] ] } },
{ "type": "Feature", "properties": { "code": "40181", "name": "Real Sitio de San Ildefonso" }, "geometry": { "type": "MultiPolygon", "coordinates": [ [ [ [ -4.05274449999996, 40.90210649900007 ], [ -4.032904593999945, 40.914773166000032 ], [ -4.020602075999932, 40.913668125000072 ], [ -3.996005904999947, 40.922563306000029 ], [ -3.972784136999962, 40.918256098000029 ], [ -3.983365330999959, 40.89916691600007 ], [ -3.967384086999971, 40.899586266000028 ], [ -3.959283908999964, 40.903623244000073 ], [ -3.944800499999928, 40.903295999000079 ], [ -3.95114552299998, 40.894083757000033 ], [ -3.942360779999944, 40.88665575300007 ], [ -3.946981438999956, 40.864228138000044 ], [ -3.964888390999931, 40.837625850000052 ], [ -3.962689052999963, 40.821770426000057 ], [ -3.979097862999936, 40.799452216000077 ], [ -3.97796, 40.787373999000067 ], [ -3.979516499999932, 40.784510499000078 ], [ -3.984068, 40.785902999000029 ], [ -3.989591, 40.785426999000038 ], [ -4.002694499999961, 40.78860449900003 ], [ -4.007493, 40.787862999000026 ], [ -4.01501049999996, 40.782950499000037 ], [ -4.021157499999958, 40.781146999000043 ], [ -4.032238499999949, 40.781561499000077 ], [ -4.036142499999926, 40.783483499000056 ], [ -4.042043499999977, 40.783742999000026 ], [ -4.046799499999963, 40.790133499000035 ], [ -4.053348, 40.790590999000074 ], [ -4.069931, 40.793870499000036 ], [ -4.071153, 40.796321999000043 ], [ -4.071083, 40.80005249900006 ], [ -4.07784, 40.802203999000028 ], [ -4.082709, 40.805709999000044 ], [ -4.088825, 40.807117499000071 ], [ -4.09416049999993, 40.809997499000076 ], [ -4.091285, 40.813941999000065 ], [ -4.09011849999996, 40.818710499000076 ], [ -4.094666, 40.828429999000036 ], [ -4.093771, 40.837539499000059 ], [ -4.092860499999972, 40.839122499000041 ], [ -4.09308249999998, 40.841842499000052 ], [ -4.086526102999926, 40.847706300000027 ], [ -4.073729714999956, 40.850133656000025 ], [ -4.07999965099998, 40.857913035000024 ], [ -4.080544492999934, 40.870012454000062 ], [ -4.064651051999931, 40.883139965000055 ], [ -4.05274449999996, 40.90210649900007 ] ] ], [ [ [ -4.167100499999947, 40.879703499000072 ], [ -4.162394812999935, 40.890384079000057 ], [ -4.14258590999998, 40.896213870000054 ], [ -4.131139392999955, 40.888639903000069 ], [ -4.131289, 40.877341999000066 ], [ -4.133639717999927, 40.874003346000052 ], [ -4.145505855999943, 40.873718292000035 ], [ -4.150050973999953, 40.869733482000072 ], [ -4.154565499999933, 40.871402999000054 ], [ -4.167100499999947, 40.879703499000072 ] ] ] ] } },
{ "type": "Feature", "properties": { "code": "40182", "name": "San Martín y Mudrián" }, "geometry": { "type": "Polygon", "coordinates": [ [ [ -4.40327949999994, 41.229057499000078 ], [ -4.396348564999926, 41.236252934000049 ], [ -4.395730839999942, 41.243424841000035 ], [ -4.389499552999951, 41.253977804000044 ], [ -4.38379257899993, 41.256376666000051 ], [ -4.376281, 41.25526049900003 ], [ -4.359649668999964, 41.247984326000051 ], [ -4.340949499999965, 41.245380499000078 ], [ -4.333366499999954, 41.23982249900007 ], [ -4.325233499999968, 41.238411499000051 ], [ -4.321095, 41.238467999000079 ], [ -4.283566, 41.22881299900007 ], [ -4.287815, 41.210532999000066 ], [ -4.299799499999949, 41.199554499000044 ], [ -4.306578499999944, 41.19801699900006 ], [ -4.313946, 41.198428999000043 ], [ -4.317815499999938, 41.196349999000063 ], [ -4.319914499999925, 41.193965999000056 ], [ -4.329175499999963, 41.189597999000057 ], [ -4.33605446599995, 41.194057318000034 ], [ -4.345453, 41.194877499000029 ], [ -4.36158504399998, 41.203076797000051 ], [ -4.375896423999961, 41.204787264000061 ], [ -4.381098121999969, 41.212204705000033 ], [ -4.389298871999927, 41.21594772800006 ], [ -4.387030548999974, 41.221504779000043 ], [ -4.393064803999948, 41.227561736000041 ], [ -4.40327949999994, 41.229057499000078 ] ] ] } },
{ "type": "Feature", "properties": { "code": "40183", "name": "San Miguel de Bernuy" }, "geometry": { "type": "Polygon", "coordinates": [ [ [ -3.959115499999939, 41.366077499000028 ], [ -3.967601903999935, 41.374602699000036 ], [ -3.970627814999943, 41.406998901000065 ], [ -3.96296420699997, 41.418549910000024 ], [ -3.954195082999945, 41.419455086000028 ], [ -3.944405499999959, 41.42458749900004 ], [ -3.938934717999928, 41.423567069000057 ], [ -3.931547011999953, 41.413610560000052 ], [ -3.912114499999973, 41.408973499000069 ], [ -3.927962998999931, 41.400861378000059 ], [ -3.941824312999927, 41.389030267000066 ], [ -3.943879930999969, 41.381649140000036 ], [ -3.930050654999945, 41.375581354000076 ], [ -3.946678, 41.357547999000076 ], [ -3.959115499999939, 41.366077499000028 ] ] ] } },
{ "type": "Feature", "properties": { "code": "40184", "name": "San Pedro de Gaíllos" }, "geometry": { "type": "Polygon", "coordinates": [ [ [ -3.827924499999938, 41.200477499000044 ], [ -3.842528946999948, 41.201611907000029 ], [ -3.855702420999933, 41.207035737000069 ], [ -3.857914499999936, 41.21202499900005 ], [ -3.840356722999957, 41.230766861000063 ], [ -3.831093, 41.258624999000062 ], [ -3.812193, 41.258281499000077 ], [ -3.806577955999956, 41.24790401000007 ], [ -3.79637530499997, 41.237451988000032 ], [ -3.778609499999959, 41.234912999000073 ], [ -3.781796499999928, 41.229831499000056 ], [ -3.785548499999948, 41.21641149900006 ], [ -3.794120733999932, 41.209959795000032 ], [ -3.796773, 41.203498999000033 ], [ -3.809844126999963, 41.202290448000042 ], [ -3.817286832999969, 41.198601463000045 ], [ -3.827924499999938, 41.200477499000044 ] ] ] } },
{ "type": "Feature", "properties": { "code": "40185", "name": "Santa María la Real de Nieva" }, "geometry": { "type": "Polygon", "coordinates": [ [ [ -4.477374499999939, 40.935577499000033 ], [ -4.504612854999948, 40.937663331000067 ], [ -4.519409659999951, 40.932661750000079 ], [ -4.523755022999978, 40.936604249000027 ], [ -4.546790000999977, 40.943385029000069 ], [ -4.558386499999926, 40.940166499000043 ], [ -4.561923, 40.940517499000066 ], [ -4.56685, 40.94546499900008 ], [ -4.554428897999969, 40.958443639000052 ], [ -4.532966527999974, 40.969406044000038 ], [ -4.530018176999931, 40.97595920200007 ], [ -4.51169669899997, 40.975231997000037 ], [ -4.506158332999973, 40.993401993000077 ], [ -4.509498, 41.007152499000028 ], [ -4.504382, 41.011195999000051 ], [ -4.491277499999967, 41.015510499000072 ], [ -4.485133499999961, 41.018893999000056 ], [ -4.463797128999943, 41.021476072000041 ], [ -4.450666704999946, 41.031091337000078 ], [ -4.453960051999957, 41.037644780000051 ], [ -4.452882966999937, 41.048046606000071 ], [ -4.456151911999939, 41.058061400000042 ], [ -4.452751, 41.064479999000071 ], [ -4.42315581899993, 41.06385189100007 ], [ -4.418744275999927, 41.073215380000079 ], [ -4.40432, 41.080528499000025 ], [ -4.39412809099997, 41.073868560000051 ], [ -4.382810584999959, 41.072347784000044 ], [ -4.373722654999938, 41.080443413000069 ], [ -4.378689496999925, 41.093367271000034 ], [ -4.376828, 41.095748999000079 ], [ -4.364335947999962, 41.099692238000046 ], [ -4.352845, 41.107898999000042 ], [ -4.348847, 41.108627499000079 ], [ -4.337436404999949, 41.107693512000026 ], [ -4.326231577999977, 41.094529543000078 ], [ -4.330726247999962, 41.091180137000038 ], [ -4.332501308999952, 41.082452615000079 ], [ -4.341699325999969, 41.070882491000077 ], [ -4.343534654999928, 41.063372171000026 ], [ -4.33661793899995, 41.05563674900003 ], [ -4.313794892999965, 41.051341659000059 ], [ -4.309318, 41.046722499000055 ], [ -4.30854751499993, 41.027429797000025 ], [ -4.296557, 41.020362999000042 ], [ -4.326193382999975, 41.010576465000042 ], [ -4.328011499999945, 40.99763499900007 ], [ -4.376418545999968, 40.992375242000037 ], [ -4.386169406999954, 40.988222642000039 ], [ -4.388252987999977, 40.985029306000058 ], [ -4.384283093999954, 40.979253473000028 ], [ -4.384201, 40.966323999000053 ], [ -4.389973749999967, 40.968493595000041 ], [ -4.398098193999942, 40.964717956000072 ], [ -4.408367518999967, 40.969336204000058 ], [ -4.417331855999976, 40.96849256400003 ], [ -4.42549719799996, 40.965256113000066 ], [ -4.429566307999949, 40.95934113900006 ], [ -4.44392622099997, 40.955904081000028 ], [ -4.463021716999947, 40.96554958400003 ], [ -4.469319699999971, 40.96258182400004 ], [ -4.469167353999978, 40.956598147000079 ], [ -4.47694268999993, 40.945349968000073 ], [ -4.477374499999939, 40.935577499000033 ] ] ] } },
{ "type": "Feature", "properties": { "code": "40186", "name": "Santa Marta del Cerro" }, "geometry": { "type": "Polygon", "coordinates": [ [ [ -3.672900499999969, 41.233958999000038 ], [ -3.654961263999951, 41.211033402000055 ], [ -3.655137499999967, 41.201030499000069 ], [ -3.665438499999937, 41.202972499000055 ], [ -3.671408499999927, 41.201362499000027 ], [ -3.677767, 41.193378499000062 ], [ -3.684312728999942, 41.196474628000033 ], [ -3.694737499999974, 41.19692599900003 ], [ -3.701627499999972, 41.198802999000065 ], [ -3.70599, 41.202976499000044 ], [ -3.710246, 41.205001999000046 ], [ -3.714437393999958, 41.21666332500007 ], [ -3.723893499999974, 41.224769499000047 ], [ -3.686091014999931, 41.227546626000048 ], [ -3.672900499999969, 41.233958999000038 ] ] ] } },
{ "type": "Feature", "properties": { "code": "40188", "name": "Santiuste de Pedraza" }, "geometry": { "type": "Polygon", "coordinates": [ [ [ -3.880153499999949, 41.127544499000066 ], [ -3.846702, 41.127639999000053 ], [ -3.839571767999928, 41.123236819000056 ], [ -3.837667804999967, 41.116747333000035 ], [ -3.826187793999964, 41.116510761000029 ], [ -3.824244499999963, 41.108588999000062 ], [ -3.832838, 41.100439499000061 ], [ -3.84238884399997, 41.103219722000063 ], [ -3.851884826999935, 41.093970062000039 ], [ -3.863854774999936, 41.100513350000028 ], [ -3.86727465599995, 41.098893629000031 ], [ -3.874383465999927, 41.079450254000051 ], [ -3.882626977999962, 41.068378286000041 ], [ -3.868408429999931, 41.042894169000078 ], [ -3.87537003999995, 41.037546142000053 ], [ -3.879861207999966, 41.037884037000026 ], [ -3.885006998999927, 41.053441216000067 ], [ -3.88353204699996, 41.060259750000057 ], [ -3.886490547999927, 41.064385909000066 ], [ -3.904548364999926, 41.069803087000025 ], [ -3.911741, 41.066481999000075 ], [ -3.914251499999978, 41.071743999000034 ], [ -3.912136, 41.082500499000048 ], [ -3.906981162999955, 41.098234750000074 ], [ -3.885645009999962, 41.115856053000073 ], [ -3.880153499999949, 41.127544499000066 ] ] ] } },
{ "type": "Feature", "properties": { "code": "40189", "name": "Santiuste de San Juan Bautista" }, "geometry": { "type": "Polygon", "coordinates": [ [ [ -4.627779499999974, 41.170806999000035 ], [ -4.628449499999931, 41.176696999000058 ], [ -4.632069, 41.182742999000027 ], [ -4.631955, 41.184844999000063 ], [ -4.627283499999976, 41.18835849900006 ], [ -4.609641499999952, 41.197345999000049 ], [ -4.603835695999976, 41.193400563000068 ], [ -4.591729029999954, 41.175497136000047 ], [ -4.546704304999935, 41.190649488000076 ], [ -4.53766849799996, 41.188305104000051 ], [ -4.539930370999969, 41.179114035000055 ], [ -4.535782215999973, 41.165924056000051 ], [ -4.524805929999957, 41.16224440700006 ], [ -4.518470499999978, 41.166812999000058 ], [ -4.518984749999959, 41.15596817900007 ], [ -4.530790964999937, 41.152640138000038 ], [ -4.518520592999948, 41.135781583000039 ], [ -4.521303063999937, 41.13113861100004 ], [ -4.535065000999964, 41.135398348000081 ], [ -4.546105654999963, 41.134077895000075 ], [ -4.576938499999926, 41.121428999000045 ], [ -4.583314, 41.125148999000032 ], [ -4.59607, 41.135375999000075 ], [ -4.600147, 41.137447499000075 ], [ -4.611188, 41.151927999000065 ], [ -4.617327, 41.155380499000046 ], [ -4.622543, 41.160026499000026 ], [ -4.627779499999974, 41.170806999000035 ] ] ] } },
{ "type": "Feature", "properties": { "code": "40190", "name": "Santo Domingo de Pirón" }, "geometry": { "type": "Polygon", "coordinates": [ [ [ -3.890160499999979, 40.968803999000045 ], [ -3.895019, 40.965478999000027 ], [ -3.898485, 40.958787999000037 ], [ -3.915412911999965, 40.972836190000066 ], [ -3.954195082999945, 40.986772255000062 ], [ -3.967262148999964, 40.99766984200005 ], [ -3.973079692999931, 41.005047336000075 ], [ -3.972348905999979, 41.008917101000065 ], [ -3.987624215999972, 41.019324919000042 ], [ -3.991620710999939, 41.028022204000081 ], [ -4.004683689999979, 41.028334322000035 ], [ -4.009239499999978, 41.036105999000029 ], [ -4.009684600999947, 41.043548522000037 ], [ -4.015901, 41.052211499000066 ], [ -4.007572464999953, 41.054333892000045 ], [ -3.997209282999961, 41.050452141000051 ], [ -3.980688698999927, 41.050229646000048 ], [ -3.974472700999968, 41.04596104400008 ], [ -3.970181, 41.036853499000074 ], [ -3.957869581999944, 41.02679414000005 ], [ -3.95513060199994, 41.01110651700003 ], [ -3.935183468999981, 41.003897291000044 ], [ -3.890160499999979, 40.968803999000045 ] ] ] } },
{ "type": "Feature", "properties": { "code": "40191", "name": "Santo Tomé del Puerto" }, "geometry": { "type": "Polygon", "coordinates": [ [ [ -3.532505, 41.214130499000078 ], [ -3.52037304299995, 41.212468514000079 ], [ -3.528265640999962, 41.199263644000041 ], [ -3.522700264999969, 41.191597011000056 ], [ -3.517212499999971, 41.162859999000034 ], [ -3.527492958999972, 41.165922418000036 ], [ -3.554611032999958, 41.164904249000074 ], [ -3.569743850999942, 41.159719773000063 ], [ -3.583212171999946, 41.160799692000069 ], [ -3.591919340999937, 41.154952999000045 ], [ -3.613550499999974, 41.149005499000054 ], [ -3.61984949999993, 41.143107999000051 ], [ -3.654439941999954, 41.18048118400003 ], [ -3.657054236999954, 41.189227646000063 ], [ -3.663134639999953, 41.194330992000062 ], [ -3.662761, 41.202518999000063 ], [ -3.655137499999967, 41.201030499000069 ], [ -3.65306603099998, 41.195711558000028 ], [ -3.642905563999932, 41.197108446000072 ], [ -3.620347, 41.211070999000071 ], [ -3.606672071999981, 41.206437950000065 ], [ -3.594470177999938, 41.208362952000073 ], [ -3.58391076099997, 41.205573710000067 ], [ -3.575384722999956, 41.208305461000066 ], [ -3.556534424999938, 41.200532300000077 ], [ -3.541588173999969, 41.205838143000051 ], [ -3.531298289999938, 41.204649508000045 ], [ -3.528000058999964, 41.210669148000079 ], [ -3.532505, 41.214130499000078 ] ] ] } },
{ "type": "Feature", "properties": { "code": "40192", "name": "Sauquillo de Cabezas" }, "geometry": { "type": "Polygon", "coordinates": [ [ [ -4.058930499999974, 41.161304499000039 ], [ -4.063916, 41.162189499000078 ], [ -4.068071, 41.159763499000064 ], [ -4.078787, 41.164203499000052 ], [ -4.090049499999964, 41.182094499000073 ], [ -4.091947, 41.19001399900003 ], [ -4.08413749999994, 41.196636499000078 ], [ -4.07343, 41.208469499000046 ], [ -4.068297499999971, 41.212570499000037 ], [ -4.060748, 41.22078299900005 ], [ -4.049349, 41.228606999000078 ], [ -4.041739, 41.238628499000072 ], [ -4.035091, 41.23551549900003 ], [ -4.04487557899995, 41.222565218000057 ], [ -4.041018726999937, 41.199601703000042 ], [ -4.044490114999974, 41.184435621000034 ], [ -4.058930499999974, 41.161304499000039 ] ] ] } },
{ "type": "Feature", "properties": { "code": "40193", "name": "Sebúlcor" }, "geometry": { "type": "Polygon", "coordinates": [ [ [ -3.918666499999972, 41.286136499000065 ], [ -3.882309499999963, 41.31060399900008 ], [ -3.873643499999957, 41.313834999000051 ], [ -3.86174912599995, 41.305798204000041 ], [ -3.861232580999967, 41.296705518000067 ], [ -3.83068872399997, 41.291745566000031 ], [ -3.828741276999949, 41.278923729000041 ], [ -3.85226075099996, 41.262856576000047 ], [ -3.871632542999976, 41.264979885000059 ], [ -3.902509588999976, 41.256527254000048 ], [ -3.906426953999926, 41.262734410000064 ], [ -3.909008703999973, 41.276522064000062 ], [ -3.918666499999972, 41.286136499000065 ] ] ] } },
{ "type": "Feature", "properties": { "code": "40194", "name": "Segovia" }, "geometry": { "type": "Polygon", "coordinates": [ [ [ -4.182142499999941, 40.968604999000036 ], [ -4.164296741999976, 40.967813542000044 ], [ -4.155121365999946, 40.972801611000079 ], [ -4.151268164999976, 40.986746176000054 ], [ -4.138359499999979, 40.98550365300008 ], [ -4.129603, 40.989066999000045 ], [ -4.131134716999952, 40.981573572000059 ], [ -4.114309499999933, 40.97811899900006 ], [ -4.11689998099996, 40.965240814000026 ], [ -4.112143310999954, 40.962271502000078 ], [ -4.107486859999938, 40.96374979400008 ], [ -4.097378, 40.956840499000066 ], [ -4.104536670999948, 40.950009742000077 ], [ -4.091949982999949, 40.947146608000025 ], [ -4.07411901699993, 40.931807892000052 ], [ -4.078368128999955, 40.922897588000069 ], [ -4.074178114999938, 40.91337973800006 ], [ -4.064158892999956, 40.908164578000026 ], [ -4.06306258099994, 40.901998683000045 ], [ -4.05274449999996, 40.90210649900007 ], [ -4.064651051999931, 40.883139965000055 ], [ -4.080544492999934, 40.870012454000062 ], [ -4.07999965099998, 40.857913035000024 ], [ -4.073729714999956, 40.850133656000025 ], [ -4.086526102999926, 40.847706300000027 ], [ -4.09308249999998, 40.841842499000052 ], [ -4.131289, 40.877341999000066 ], [ -4.131139392999955, 40.888639903000069 ], [ -4.14258590999998, 40.896213870000054 ], [ -4.162394812999935, 40.890384079000057 ], [ -4.167100499999947, 40.879703499000072 ], [ -4.172327985999971, 40.87931608100007 ], [ -4.178991047999943, 40.867404133000036 ], [ -4.188340770999957, 40.863627736000069 ], [ -4.192941499999961, 40.852157499000043 ], [ -4.197615, 40.852081499000064 ], [ -4.19962449999997, 40.852935999000067 ], [ -4.204137, 40.852520499000036 ], [ -4.220739135999963, 40.861695783000073 ], [ -4.227015327999936, 40.86171908700004 ], [ -4.235071250999965, 40.858255531000054 ], [ -4.239345843999956, 40.848916202000055 ], [ -4.247677499999952, 40.842410999000037 ], [ -4.266720966999969, 40.842216957000062 ], [ -4.281193624999958, 40.83672921200008 ], [ -4.294227957999965, 40.838193337000064 ], [ -4.30419, 40.834686499000043 ], [ -4.310827961999962, 40.840403871000035 ], [ -4.317144648999943, 40.840186652000057 ], [ -4.323615, 40.835132499000053 ], [ -4.326229363999971, 40.838629585000035 ], [ -4.333738, 40.837863999000035 ], [ -4.334993570999927, 40.842294458000026 ], [ -4.332406, 40.845920499000044 ], [ -4.292505596999945, 40.853915178000079 ], [ -4.30228083399993, 40.870978745000059 ], [ -4.290843963999976, 40.872365357000035 ], [ -4.281688297999949, 40.879391577000035 ], [ -4.273321626999973, 40.879683046000025 ], [ -4.272999, 40.887420499000029 ], [ -4.264864063999937, 40.89123866400007 ], [ -4.250756048999961, 40.891440920000036 ], [ -4.238968303999968, 40.901411712000026 ], [ -4.223746679999977, 40.902947657000027 ], [ -4.224552, 40.904620999000031 ], [ -4.218712327999981, 40.921960044000059 ], [ -4.207189487999926, 40.923677952000048 ], [ -4.197615551999945, 40.936346761000038 ], [ -4.179933683999934, 40.946173369000064 ], [ -4.190771756999936, 40.959483344000034 ], [ -4.182142499999941, 40.968604999000036 ] ] ] } },
{ "type": "Feature", "properties": { "code": "40195", "name": "Sepúlveda" }, "geometry": { "type": "Polygon", "coordinates": [ [ [ -3.847934499999951, 41.265834999000049 ], [ -3.828741276999949, 41.278923729000041 ], [ -3.83068872399997, 41.291745566000031 ], [ -3.861232580999967, 41.296705518000067 ], [ -3.86174912599995, 41.305798204000041 ], [ -3.873643499999957, 41.313834999000051 ], [ -3.851385574999938, 41.328265360000046 ], [ -3.880861259999961, 41.344791720000046 ], [ -3.883272236999971, 41.349118109000074 ], [ -3.877385499999946, 41.354060999000069 ], [ -3.870293499999946, 41.353763499000024 ], [ -3.857154499999979, 41.355583499000033 ], [ -3.854283499999951, 41.354530499000077 ], [ -3.842642499999954, 41.35751699900004 ], [ -3.831256, 41.352409499000032 ], [ -3.808401, 41.347781999000063 ], [ -3.806127, 41.348518499000079 ], [ -3.799499, 41.348113999000077 ], [ -3.783797499999935, 41.344508999000027 ], [ -3.771035499999925, 41.339706499000044 ], [ -3.763950499999964, 41.334770499000058 ], [ -3.754641, 41.333732499000064 ], [ -3.743856, 41.336459999000056 ], [ -3.742461, 41.333587499000032 ], [ -3.742347, 41.32987599900008 ], [ -3.744507, 41.328502499000081 ], [ -3.744715422999946, 41.323120197000037 ], [ -3.736942080999938, 41.315653811000061 ], [ -3.71880465299995, 41.308369666000033 ], [ -3.703733856999975, 41.303321383000025 ], [ -3.683061499999951, 41.305671499000027 ], [ -3.676898279999932, 41.295964464000065 ], [ -3.658237, 41.28188349900006 ], [ -3.665262254999959, 41.275147883000045 ], [ -3.667327723999961, 41.268982962000052 ], [ -3.685370553999974, 41.270329316000073 ], [ -3.68807206799994, 41.26771995200005 ], [ -3.68650811699996, 41.257604611000033 ], [ -3.671733, 41.244746999000029 ], [ -3.672900499999969, 41.233958999000038 ], [ -3.686091014999931, 41.227546626000048 ], [ -3.723893499999974, 41.224769499000047 ], [ -3.727649553999925, 41.230526027000053 ], [ -3.728551068999934, 41.241167932000053 ], [ -3.721418637999932, 41.255134937000037 ], [ -3.724783007999974, 41.276258600000062 ], [ -3.732519771999932, 41.285205008000048 ], [ -3.737657894999927, 41.278799104000029 ], [ -3.752586507999979, 41.277826483000069 ], [ -3.753859491999947, 41.27004936000003 ], [ -3.77626349999997, 41.237939499000049 ], [ -3.787677153999937, 41.258307542000068 ], [ -3.789614666999967, 41.267502772000057 ], [ -3.812193, 41.258281499000077 ], [ -3.831093, 41.258624999000062 ], [ -3.83971623399998, 41.264577403000033 ], [ -3.847934499999951, 41.265834999000049 ] ] ] } },
{ "type": "Feature", "properties": { "code": "40196", "name": "Sequera de Fresno" }, "geometry": { "type": "Polygon", "coordinates": [ [ [ -3.562770499999942, 41.324073999000063 ], [ -3.565089418999946, 41.336838398000054 ], [ -3.560869281999942, 41.352516078000065 ], [ -3.564892033999968, 41.363637333000042 ], [ -3.581193, 41.364204499000039 ], [ -3.581203, 41.369479999000077 ], [ -3.575571499999967, 41.374812999000028 ], [ -3.558051861999957, 41.381145957000058 ], [ -3.549310657999968, 41.379126742000039 ], [ -3.548645, 41.389556999000035 ], [ -3.526733083999943, 41.364172391000068 ], [ -3.539418, 41.345496999000034 ], [ -3.549920504999932, 41.346189467000045 ], [ -3.560972499999934, 41.324947499000075 ], [ -3.562770499999942, 41.324073999000063 ] ] ] } },
{ "type": "Feature", "properties": { "code": "40198", "name": "Sotillo" }, "geometry": { "type": "Polygon", "coordinates": [ [ [ -3.617691, 41.240737999000032 ], [ -3.627172692999977, 41.246635510000033 ], [ -3.645303315999968, 41.243839642000069 ], [ -3.649546077999958, 41.247708702000068 ], [ -3.671733, 41.244746999000029 ], [ -3.68650811699996, 41.257604611000033 ], [ -3.68807206799994, 41.26771995200005 ], [ -3.685370553999974, 41.270329316000073 ], [ -3.667327723999961, 41.268982962000052 ], [ -3.665262254999959, 41.275147883000045 ], [ -3.656722499999944, 41.283180499000025 ], [ -3.653786499999967, 41.283393999000054 ], [ -3.644107499999961, 41.280296499000031 ], [ -3.637917, 41.277427499000055 ], [ -3.620664529999942, 41.27351727100006 ], [ -3.605538, 41.254497499000081 ], [ -3.614492483999925, 41.248657501000025 ], [ -3.60449049999994, 41.24188999900008 ], [ -3.607439499999941, 41.240729999000052 ], [ -3.608443499999964, 41.242229499000075 ], [ -3.617691, 41.240737999000032 ] ] ] } },
{ "type": "Feature", "properties": { "code": "40199", "name": "Sotosalbos" }, "geometry": { "type": "Polygon", "coordinates": [ [ [ -3.932085499999971, 41.046771999000043 ], [ -3.924841907999962, 41.037853808000079 ], [ -3.933409564999977, 41.035025135000069 ], [ -3.935077276999948, 41.030872969000029 ], [ -3.915882935999946, 41.024404294000078 ], [ -3.896035132999941, 40.989588259000072 ], [ -3.880630499999938, 40.972771999000031 ], [ -3.883378499999935, 40.971190999000044 ], [ -3.886791, 40.971109999000078 ], [ -3.890160499999979, 40.968803999000045 ], [ -3.935183468999981, 41.003897291000044 ], [ -3.95513060199994, 41.01110651700003 ], [ -3.957869581999944, 41.02679414000005 ], [ -3.970181, 41.036853499000074 ], [ -3.970712825999954, 41.044947456000045 ], [ -3.961472, 41.056342999000037 ], [ -3.954195082999945, 41.058036874000038 ], [ -3.945041024999966, 41.049036950000072 ], [ -3.932085499999971, 41.046771999000043 ] ] ] } },
{ "type": "Feature", "properties": { "code": "40200", "name": "Tabanera la Luenga" }, "geometry": { "type": "Polygon", "coordinates": [ [ [ -4.288633499999946, 41.095256999000071 ], [ -4.282199685999956, 41.093194101000051 ], [ -4.267487074999963, 41.098073407000072 ], [ -4.232273358999976, 41.113116436000041 ], [ -4.22412, 41.120288999000024 ], [ -4.21604949999994, 41.116744999000048 ], [ -4.213436499999943, 41.109420499000066 ], [ -4.21640709299993, 41.103727205000041 ], [ -4.215339990999951, 41.098127054000031 ], [ -4.206123, 41.087138999000047 ], [ -4.242263474999959, 41.088347136000039 ], [ -4.270170201999974, 41.084827894000057 ], [ -4.27784, 41.080268999000054 ], [ -4.287444108999978, 41.090240996000034 ], [ -4.288633499999946, 41.095256999000071 ] ] ] } },
{ "type": "Feature", "properties": { "code": "40201", "name": "Tolocirio" }, "geometry": { "type": "Polygon", "coordinates": [ [ [ -4.611188, 41.151927999000065 ], [ -4.600147, 41.137447499000075 ], [ -4.617271813999935, 41.126760485000034 ], [ -4.639918069999965, 41.122085723000055 ], [ -4.643625232999966, 41.122441009000056 ], [ -4.64735737999996, 41.127289875000031 ], [ -4.656108, 41.127891499000043 ], [ -4.656180123999945, 41.133555646000048 ], [ -4.651486118999969, 41.139279333000047 ], [ -4.611188, 41.151927999000065 ] ] ] } },
{ "type": "Feature", "properties": { "code": "40202", "name": "Torreadrada" }, "geometry": { "type": "Polygon", "coordinates": [ [ [ -3.835832, 41.499770999000077 ], [ -3.834177499999953, 41.499641499000063 ], [ -3.830513499999938, 41.495097999000052 ], [ -3.823903, 41.481132999000067 ], [ -3.805911141999957, 41.459007330000077 ], [ -3.792446499999926, 41.431831499000054 ], [ -3.792942, 41.430167999000048 ], [ -3.802164895999965, 41.427957831000072 ], [ -3.813287499999944, 41.430091999000069 ], [ -3.821772, 41.42824549900007 ], [ -3.869616637999968, 41.442977726000038 ], [ -3.880662, 41.452499499000055 ], [ -3.873521099999948, 41.455367172000081 ], [ -3.865161966999949, 41.463576497000076 ], [ -3.866385, 41.479163999000036 ], [ -3.865546252999934, 41.489368711000054 ], [ -3.853291661999947, 41.488065833000064 ], [ -3.842301499999962, 41.500617999000042 ], [ -3.835832, 41.499770999000077 ] ] ] } },
{ "type": "Feature", "properties": { "code": "40203", "name": "Torrecaballeros" }, "geometry": { "type": "MultiPolygon", "coordinates": [ [ [ [ -4.043727499999932, 41.011150499000053 ], [ -4.019705285999976, 41.01675240000003 ], [ -3.997139454999967, 41.011877669000057 ], [ -3.981989642999963, 41.000427382000055 ], [ -3.98009928099998, 40.992833928000039 ], [ -3.957206734999943, 40.979320081000026 ], [ -3.959569939999938, 40.970413350000058 ], [ -3.936602431999972, 40.969415549000075 ], [ -3.908876450999969, 40.962959475000048 ], [ -3.904169, 40.956477999000072 ], [ -3.919817, 40.937833999000077 ], [ -3.922933027999932, 40.946574803000033 ], [ -3.954195082999945, 40.950886074000039 ], [ -4.004948437999929, 40.96737739200006 ], [ -4.051118499999973, 40.975528999000062 ], [ -4.039949802999956, 40.98274520700005 ], [ -4.047204527999952, 41.002551218000065 ], [ -4.042909549999933, 41.007925036000074 ], [ -4.043727499999932, 41.011150499000053 ] ] ], [ [ [ -4.010160789999929, 41.017622309000046 ], [ -4.004207360999942, 41.022469711000042 ], [ -4.000633995999976, 41.018802231000052 ], [ -4.003392359999964, 41.015705301000025 ], [ -4.010160789999929, 41.017622309000046 ] ] ] ] } },
{ "type": "Feature", "properties": { "code": "40204", "name": "Torrecilla del Pinar" }, "geometry": { "type": "Polygon", "coordinates": [ [ [ -4.065455499999928, 41.319625999000039 ], [ -4.068697, 41.322036499000035 ], [ -4.058311, 41.334605999000075 ], [ -4.078133249999951, 41.359370604000048 ], [ -4.079221, 41.366077499000028 ], [ -4.06606592299994, 41.378274215000033 ], [ -4.064275499999951, 41.383746999000039 ], [ -4.04694531399997, 41.384705025000073 ], [ -4.021016499999973, 41.396758999000042 ], [ -4.02233, 41.391944999000032 ], [ -4.01835, 41.375296999000057 ], [ -4.021417, 41.374152999000046 ], [ -4.021185499999945, 41.367904999000075 ], [ -4.032434, 41.356238999000027 ], [ -4.056718499999931, 41.333575999000061 ], [ -4.065455499999928, 41.319625999000039 ] ] ] } },
{ "type": "Feature", "properties": { "code": "40205", "name": "Torreiglesias" }, "geometry": { "type": "Polygon", "coordinates": [ [ [ -4.002878, 41.06609749900008 ], [ -4.009136499999954, 41.058242999000072 ], [ -4.013681499999961, 41.05420299900004 ], [ -4.01662749999997, 41.053104499000028 ], [ -4.022259, 41.054137999000034 ], [ -4.043040675999976, 41.070998146000079 ], [ -4.05437835999993, 41.073320271000057 ], [ -4.069955544999971, 41.070884742000032 ], [ -4.087058499999955, 41.081794499000068 ], [ -4.079702623999935, 41.09221012900008 ], [ -4.063793466999925, 41.103610974000048 ], [ -4.067471815999966, 41.111975395000059 ], [ -4.074746645999937, 41.11395200700008 ], [ -4.074262533999956, 41.123375341000042 ], [ -4.082433639999977, 41.132056419000037 ], [ -4.084841499999925, 41.141681499000072 ], [ -4.075407735999931, 41.15030192200004 ], [ -4.078481426999929, 41.156235952000031 ], [ -4.07421, 41.162696999000048 ], [ -4.068071, 41.159763499000064 ], [ -4.063916, 41.162189499000078 ], [ -4.048661424999977, 41.159246722000034 ], [ -4.023518182999965, 41.136673633000044 ], [ -4.011328140999979, 41.132005320000076 ], [ -4.00406955099993, 41.109654538000029 ], [ -4.009016809999935, 41.087262701000043 ], [ -4.004468290999966, 41.079977669000073 ], [ -4.002878, 41.06609749900008 ] ] ] } },
{ "type": "Feature", "properties": { "code": "40206", "name": "Torre Val de San Pedro" }, "geometry": { "type": "Polygon", "coordinates": [ [ [ -3.831896499999971, 41.086291999000025 ], [ -3.848801718999937, 41.066088925000031 ], [ -3.848898945999963, 41.054059577000032 ], [ -3.855176330999939, 41.040327379000075 ], [ -3.857174996999959, 41.027962669000033 ], [ -3.852868172999933, 41.002136709000069 ], [ -3.845787370999972, 40.991303577000053 ], [ -3.844351499999959, 40.982301999000072 ], [ -3.86911872099995, 40.972462277000034 ], [ -3.880106, 40.974421999000072 ], [ -3.885547000999964, 40.995742637000035 ], [ -3.883227078999937, 41.020722877000026 ], [ -3.884948559999941, 41.028150908000043 ], [ -3.897409558999925, 41.035519609000062 ], [ -3.911456070999975, 41.05354102900003 ], [ -3.912846499999944, 41.05894949900005 ], [ -3.911741, 41.066481999000075 ], [ -3.904548364999926, 41.069803087000025 ], [ -3.886490547999927, 41.064385909000066 ], [ -3.88353204699996, 41.060259750000057 ], [ -3.885006998999927, 41.053441216000067 ], [ -3.879861207999966, 41.037884037000026 ], [ -3.87537003999995, 41.037546142000053 ], [ -3.868408429999931, 41.042894169000078 ], [ -3.882626977999962, 41.068378286000041 ], [ -3.874383465999927, 41.079450254000051 ], [ -3.86727465599995, 41.098893629000031 ], [ -3.863854774999936, 41.100513350000028 ], [ -3.851884826999935, 41.093970062000039 ], [ -3.84238884399997, 41.103219722000063 ], [ -3.832838, 41.100439499000061 ], [ -3.827588029999959, 41.095645964000028 ], [ -3.831896499999971, 41.086291999000025 ] ] ] } },
{ "type": "Feature", "properties": { "code": "40207", "name": "Trescasas" }, "geometry": { "type": "Polygon", "coordinates": [ [ [ -4.061561, 40.969344999000043 ], [ -4.067261499999972, 40.973506999000051 ], [ -4.065436, 40.975227499000027 ], [ -4.058345, 40.974807999000063 ], [ -4.051118499999973, 40.975528999000062 ], [ -4.004948437999929, 40.96737739200006 ], [ -3.954195082999945, 40.950886074000039 ], [ -3.922933027999932, 40.946574803000033 ], [ -3.919817, 40.937833999000077 ], [ -3.921598, 40.929905999000027 ], [ -3.929644499999938, 40.927002999000081 ], [ -3.944660325999962, 40.926419082000052 ], [ -3.958184650999954, 40.933647446000066 ], [ -3.981032016999961, 40.940145405000067 ], [ -3.985822374999941, 40.938502325000059 ], [ -3.993112615999962, 40.942630703000077 ], [ -4.002478242999928, 40.937856858000032 ], [ -4.024002861999975, 40.943052820000048 ], [ -4.028714124999965, 40.93655003300006 ], [ -4.040237615999956, 40.938165148000053 ], [ -4.053747250999947, 40.942598290000035 ], [ -4.058128, 40.949874999000031 ], [ -4.054373157999976, 40.96193138600006 ], [ -4.061561, 40.969344999000043 ] ] ] } },
{ "type": "Feature", "properties": { "code": "40208", "name": "Turégano" }, "geometry": { "type": "Polygon", "coordinates": [ [ [ -4.058930499999974, 41.161304499000039 ], [ -4.044490114999974, 41.184435621000034 ], [ -4.041018726999937, 41.199601703000042 ], [ -4.04487557899995, 41.222565218000057 ], [ -4.035091, 41.23551549900003 ], [ -4.025806499999931, 41.234653499000046 ], [ -4.029138290999981, 41.225476190000052 ], [ -4.023585174999937, 41.219424319000041 ], [ -4.022090832999936, 41.211349215000041 ], [ -4.017256964999945, 41.207858932000079 ], [ -4.016372559999979, 41.200787441000045 ], [ -4.017773434999981, 41.193313008000075 ], [ -4.026087449999977, 41.18807866700007 ], [ -4.026355613999954, 41.182339222000053 ], [ -3.976446499999952, 41.174815999000032 ], [ -3.977381622999928, 41.156532886000036 ], [ -3.969162806999975, 41.150297915000067 ], [ -3.969652499999938, 41.146598999000048 ], [ -3.97686327699995, 41.147253959000068 ], [ -3.981391382999959, 41.142069237000044 ], [ -3.981515135999928, 41.13453144500005 ], [ -3.992199725999967, 41.129657704000067 ], [ -3.991302859999962, 41.119850436000036 ], [ -3.983053475999952, 41.111451931000033 ], [ -3.962708757999962, 41.099598073000038 ], [ -3.948773, 41.099365499000044 ], [ -3.941008134999947, 41.088924212000052 ], [ -3.92335886099994, 41.081837549000056 ], [ -3.912136, 41.082500499000048 ], [ -3.914251499999978, 41.071743999000034 ], [ -3.931505379999976, 41.071713533000036 ], [ -3.954195082999945, 41.058036874000038 ], [ -3.961472, 41.056342999000037 ], [ -3.978996750999954, 41.064215473000047 ], [ -4.002878, 41.06609749900008 ], [ -4.004468290999966, 41.079977669000073 ], [ -4.009016809999935, 41.087262701000043 ], [ -4.00406955099993, 41.109654538000029 ], [ -4.011328140999979, 41.132005320000076 ], [ -4.023518182999965, 41.136673633000044 ], [ -4.048661424999977, 41.159246722000034 ], [ -4.058930499999974, 41.161304499000039 ] ] ] } },
{ "type": "Feature", "properties": { "code": "40210", "name": "Urueñas" }, "geometry": { "type": "Polygon", "coordinates": [ [ [ -3.762528, 41.392146999000033 ], [ -3.74924589099993, 41.373024318000034 ], [ -3.721196499999962, 41.370021999000073 ], [ -3.714721499999939, 41.365146499000048 ], [ -3.711425499999962, 41.357860999000025 ], [ -3.709877, 41.349502499000039 ], [ -3.70970049999994, 41.33984749900003 ], [ -3.744507, 41.328502499000081 ], [ -3.742347, 41.32987599900008 ], [ -3.742461, 41.333587499000032 ], [ -3.743856, 41.336459999000056 ], [ -3.754641, 41.333732499000064 ], [ -3.763950499999964, 41.334770499000058 ], [ -3.771035499999925, 41.339706499000044 ], [ -3.783797499999935, 41.344508999000027 ], [ -3.799499, 41.348113999000077 ], [ -3.806127, 41.348518499000079 ], [ -3.805472, 41.350684999000066 ], [ -3.806766499999981, 41.358672999000078 ], [ -3.7974, 41.367015999000046 ], [ -3.798451499999942, 41.371837499000037 ], [ -3.801375499999949, 41.378169999000079 ], [ -3.771515232999946, 41.383720162000031 ], [ -3.766323499999942, 41.390285499000072 ], [ -3.762528, 41.392146999000033 ] ] ] } },
{ "type": "Feature", "properties": { "code": "40211", "name": "Valdeprados" }, "geometry": { "type": "Polygon", "coordinates": [ [ [ -4.246319, 40.802852499000039 ], [ -4.253388131999941, 40.802864871000054 ], [ -4.273434812999938, 40.812965424000026 ], [ -4.295394002999956, 40.809845080000059 ], [ -4.303847, 40.804450999000039 ], [ -4.306232094999928, 40.807389994000062 ], [ -4.304244861999962, 40.815066066000043 ], [ -4.313362189999964, 40.825506822000079 ], [ -4.30419, 40.834686499000043 ], [ -4.294227957999965, 40.838193337000064 ], [ -4.281193624999958, 40.83672921200008 ], [ -4.266720966999969, 40.842216957000062 ], [ -4.247677499999952, 40.842410999000037 ], [ -4.235040136999942, 40.81957944100003 ], [ -4.246319, 40.802852499000039 ] ] ] } },
{ "type": "Feature", "properties": { "code": "40212", "name": "Valdevacas de Montejo" }, "geometry": { "type": "Polygon", "coordinates": [ [ [ -3.588004, 41.533496999000079 ], [ -3.59304949999995, 41.529498999000054 ], [ -3.600252, 41.521587499000077 ], [ -3.605251, 41.517688999000029 ], [ -3.608952, 41.513759499000059 ], [ -3.60963049999998, 41.511901999000031 ], [ -3.615136, 41.507365999000058 ], [ -3.61839, 41.503070999000045 ], [ -3.624677, 41.500243499000078 ], [ -3.627632499999947, 41.494914999000059 ], [ -3.636787, 41.491370999000026 ], [ -3.644143499999927, 41.493877499000064 ], [ -3.64835949999997, 41.497333499000035 ], [ -3.644699, 41.500251999000056 ], [ -3.640531, 41.510238499000025 ], [ -3.642244499999947, 41.519973999000058 ], [ -3.641264499999977, 41.52757249900003 ], [ -3.644842, 41.538795499000059 ], [ -3.644013219999977, 41.542676529000062 ], [ -3.635149521999949, 41.54631168800006 ], [ -3.613261794999971, 41.54542987800005 ], [ -3.588004, 41.533496999000079 ] ] ] } },
{ "type": "Feature", "properties": { "code": "40213", "name": "Valdevacas y Guijar" }, "geometry": { "type": "Polygon", "coordinates": [ [ [ -3.941614, 41.128337999000053 ], [ -3.937839649999944, 41.136721465000051 ], [ -3.946683390999965, 41.136117623000075 ], [ -3.956292, 41.143222999000045 ], [ -3.957259255999929, 41.147782606000078 ], [ -3.954195082999945, 41.151792613000055 ], [ -3.94175200799998, 41.158571214000062 ], [ -3.927919223999936, 41.161713216000066 ], [ -3.921204176999936, 41.179829941000037 ], [ -3.917904, 41.182105999000044 ], [ -3.911714408999956, 41.176910215000078 ], [ -3.905769, 41.177196499000047 ], [ -3.908434541999952, 41.166453878000027 ], [ -3.899351503999981, 41.156420077000064 ], [ -3.890095, 41.150985999000056 ], [ -3.895046890999936, 41.142366628000048 ], [ -3.890248, 41.135852999000065 ], [ -3.897084499999949, 41.134727499000064 ], [ -3.901288499999964, 41.131984999000053 ], [ -3.912183, 41.129764499000032 ], [ -3.92704649999996, 41.130302499000038 ], [ -3.941614, 41.128337999000053 ] ] ] } },
{ "type": "Feature", "properties": { "code": "40214", "name": "Valseca" }, "geometry": { "type": "Polygon", "coordinates": [ [ [ -4.122372499999926, 41.019683999000051 ], [ -4.130297599999949, 40.999209034000046 ], [ -4.129603, 40.989066999000045 ], [ -4.138359499999979, 40.98550365300008 ], [ -4.151268164999976, 40.986746176000054 ], [ -4.155121365999946, 40.972801611000079 ], [ -4.164296741999976, 40.967813542000044 ], [ -4.182142499999941, 40.968604999000036 ], [ -4.178051996999955, 40.976445765000051 ], [ -4.180882499999939, 40.980579499000044 ], [ -4.177561596999965, 40.984712374000026 ], [ -4.194800025999939, 40.998742066000034 ], [ -4.212339499999928, 40.991290999000057 ], [ -4.21542431499995, 40.992198840000071 ], [ -4.215294158999939, 40.995242186000041 ], [ -4.202533054999947, 40.999679796000066 ], [ -4.200891427999977, 41.010356113000057 ], [ -4.191235, 41.016936999000052 ], [ -4.186203, 41.018882499000028 ], [ -4.181805499999939, 41.019675999000071 ], [ -4.176813, 41.017230999000049 ], [ -4.162686674999975, 41.007931601000053 ], [ -4.145658126999933, 41.014182903000062 ], [ -4.13212649999997, 41.025325999000074 ], [ -4.122372499999926, 41.019683999000051 ] ] ] } },
{ "type": "Feature", "properties": { "code": "40215", "name": "Valtiendas" }, "geometry": { "type": "Polygon", "coordinates": [ [ [ -3.972428499999978, 41.469928499000048 ], [ -3.962770095999929, 41.474963226000057 ], [ -3.962898225999936, 41.483680908000053 ], [ -3.957438897999964, 41.487067985000067 ], [ -3.946427352999933, 41.48662037500003 ], [ -3.933808605999957, 41.491084604000037 ], [ -3.909873513999969, 41.488543686000071 ], [ -3.89840924799995, 41.492759098000079 ], [ -3.901457329999971, 41.502258571000027 ], [ -3.891519941999945, 41.50783055100004 ], [ -3.893330404999972, 41.512001088000034 ], [ -3.899422039999934, 41.51377713800008 ], [ -3.894905614999971, 41.51775101700008 ], [ -3.897220690999973, 41.524968062000028 ], [ -3.894943138999963, 41.528368791000048 ], [ -3.887089828999933, 41.528177650000032 ], [ -3.885806499999944, 41.532298999000034 ], [ -3.875563374999956, 41.534490838000067 ], [ -3.866725157999952, 41.531351140000027 ], [ -3.842301499999962, 41.500617999000042 ], [ -3.853291661999947, 41.488065833000064 ], [ -3.865546252999934, 41.489368711000054 ], [ -3.866385, 41.479163999000036 ], [ -3.875605792999977, 41.476401088000046 ], [ -3.881665758999929, 41.477817154000036 ], [ -3.887805589999971, 41.470055448000039 ], [ -3.897085163999975, 41.47128854500005 ], [ -3.904174117999958, 41.465457985000057 ], [ -3.937652949999972, 41.466561611000031 ], [ -3.940839731999972, 41.462991505000048 ], [ -3.943245499999932, 41.44944749900003 ], [ -3.962347636999937, 41.45759329100008 ], [ -3.972428499999978, 41.469928499000048 ] ] ] } },
{ "type": "Feature", "properties": { "code": "40216", "name": "Valverde del Majano" }, "geometry": { "type": "Polygon", "coordinates": [ [ [ -4.239866, 40.982024999000032 ], [ -4.227919711999959, 40.977805556000078 ], [ -4.219605499999943, 40.980376999000043 ], [ -4.20533538799998, 40.971290785000065 ], [ -4.193072000999962, 40.978021603000059 ], [ -4.185789532999934, 40.977596401000028 ], [ -4.180882499999939, 40.980579499000044 ], [ -4.178051996999955, 40.976445765000051 ], [ -4.182142499999941, 40.968604999000036 ], [ -4.190771756999936, 40.959483344000034 ], [ -4.179933683999934, 40.946173369000064 ], [ -4.197615551999945, 40.936346761000038 ], [ -4.207189487999926, 40.923677952000048 ], [ -4.218712327999981, 40.921960044000059 ], [ -4.224552, 40.904620999000031 ], [ -4.236944169999958, 40.912452141000074 ], [ -4.238234267999928, 40.928973306000046 ], [ -4.244190424999942, 40.933584622000069 ], [ -4.245267499999954, 40.938575999000079 ], [ -4.245455101999937, 40.947875319000048 ], [ -4.256103, 40.962535999000067 ], [ -4.242263474999959, 40.973958900000071 ], [ -4.239866, 40.982024999000032 ] ] ] } },
{ "type": "Feature", "properties": { "code": "40218", "name": "Valle de Tabladillo" }, "geometry": { "type": "Polygon", "coordinates": [ [ [ -3.853577499999972, 41.376537499000051 ], [ -3.850518499999964, 41.377624499000035 ], [ -3.847199, 41.376144499000077 ], [ -3.832724, 41.381274999000027 ], [ -3.832657, 41.383643999000071 ], [ -3.82695, 41.38251499900008 ], [ -3.815390499999978, 41.381965499000046 ], [ -3.808222, 41.380584999000064 ], [ -3.806595499999958, 41.379623499000047 ], [ -3.801684, 41.379962999000043 ], [ -3.798451499999942, 41.371837499000037 ], [ -3.7974, 41.367015999000046 ], [ -3.806766499999981, 41.358672999000078 ], [ -3.805472, 41.350684999000066 ], [ -3.806127, 41.348518499000079 ], [ -3.808401, 41.347781999000063 ], [ -3.831256, 41.352409499000032 ], [ -3.842642499999954, 41.35751699900004 ], [ -3.854283499999951, 41.354530499000077 ], [ -3.857154499999979, 41.355583499000033 ], [ -3.870293499999946, 41.353763499000024 ], [ -3.877385499999946, 41.354060999000069 ], [ -3.874711099999956, 41.36214280300004 ], [ -3.853577499999972, 41.376537499000051 ] ] ] } },
{ "type": "Feature", "properties": { "code": "40219", "name": "Vallelado" }, "geometry": { "type": "Polygon", "coordinates": [ [ [ -4.392989, 41.399940499000024 ], [ -4.382748717999959, 41.385351796000066 ], [ -4.382203925999931, 41.378616136000062 ], [ -4.37091084399998, 41.37604893300005 ], [ -4.368729393999956, 41.368896361000054 ], [ -4.381883811999955, 41.366681002000064 ], [ -4.388374319999969, 41.36161372600003 ], [ -4.402689499999951, 41.36207949900006 ], [ -4.413967462999949, 41.36115828700008 ], [ -4.467286, 41.370632499000067 ], [ -4.452769023999963, 41.380089208000072 ], [ -4.456830737999951, 41.386588930000073 ], [ -4.451396576999969, 41.396248296000067 ], [ -4.465965, 41.416641499000036 ], [ -4.433461361999946, 41.428068389000032 ], [ -4.431425, 41.432704999000066 ], [ -4.40998849999994, 41.425449499000081 ], [ -4.404845499999965, 41.417834999000036 ], [ -4.413513, 41.410865999000066 ], [ -4.413274, 41.400413499000081 ], [ -4.402324, 41.39795299900004 ], [ -4.392989, 41.399940499000024 ] ] ] } },
{ "type": "Feature", "properties": { "code": "40220", "name": "Valleruela de Pedraza" }, "geometry": { "type": "Polygon", "coordinates": [ [ [ -3.837971499999981, 41.176528999000027 ], [ -3.832724, 41.192489499000033 ], [ -3.814764157999946, 41.191024544000072 ], [ -3.797025889999929, 41.180124527000032 ], [ -3.793988499999955, 41.16953249900007 ], [ -3.803012, 41.169460499000024 ], [ -3.805219499999964, 41.16769799900004 ], [ -3.81135949999998, 41.165744499000027 ], [ -3.81982, 41.161704999000051 ], [ -3.821763499999975, 41.159736499000076 ], [ -3.818845, 41.158981999000048 ], [ -3.828762499999925, 41.153335499000036 ], [ -3.834124499999973, 41.15892799900007 ], [ -3.832507, 41.162982999000064 ], [ -3.832941, 41.165240999000048 ], [ -3.837666, 41.172160999000027 ], [ -3.837971499999981, 41.176528999000027 ] ] ] } },
{ "type": "Feature", "properties": { "code": "40221", "name": "Valleruela de Sepúlveda" }, "geometry": { "type": "Polygon", "coordinates": [ [ [ -3.767440499999964, 41.216346999000052 ], [ -3.754269, 41.208019499000045 ], [ -3.750153, 41.20792749900005 ], [ -3.751139499999965, 41.205528499000025 ], [ -3.753267499999936, 41.203845999000066 ], [ -3.754712499999926, 41.198810499000047 ], [ -3.753369499999962, 41.197109499000078 ], [ -3.749574, 41.195853999000065 ], [ -3.741601499999945, 41.186824999000066 ], [ -3.743839499999979, 41.177047999000081 ], [ -3.736252, 41.174438499000075 ], [ -3.73564, 41.168819499000051 ], [ -3.762535778999961, 41.174871360000054 ], [ -3.780853499999978, 41.174628999000049 ], [ -3.78578190099995, 41.182748056000037 ], [ -3.788867938999942, 41.196467238000025 ], [ -3.796773, 41.203498999000033 ], [ -3.794120733999932, 41.209959795000032 ], [ -3.785548499999948, 41.21641149900006 ], [ -3.767440499999964, 41.216346999000052 ] ] ] } },
{ "type": "Feature", "properties": { "code": "40222", "name": "Veganzones" }, "geometry": { "type": "Polygon", "coordinates": [ [ [ -3.964286, 41.200930999000036 ], [ -3.968807525999978, 41.198714599000027 ], [ -3.963642401999948, 41.189231151000058 ], [ -3.976446499999952, 41.174815999000032 ], [ -4.026355613999954, 41.182339222000053 ], [ -4.026087449999977, 41.18807866700007 ], [ -4.017773434999981, 41.193313008000075 ], [ -4.016372559999979, 41.200787441000045 ], [ -4.017256964999945, 41.207858932000079 ], [ -4.022090832999936, 41.211349215000041 ], [ -4.023585174999937, 41.219424319000041 ], [ -4.029138290999981, 41.225476190000052 ], [ -4.025806499999931, 41.234653499000046 ], [ -4.015004988999976, 41.234195839000051 ], [ -3.99389085699994, 41.225699666000025 ], [ -3.988815919999979, 41.220391805000077 ], [ -3.990101141999958, 41.213536175000058 ], [ -3.982577359999937, 41.206313573000045 ], [ -3.965349792999973, 41.203700860000026 ], [ -3.964286, 41.200930999000036 ] ] ] } },
{ "type": "Feature", "properties": { "code": "40223", "name": "Vegas de Matute" }, "geometry": { "type": "Polygon", "coordinates": [ [ [ -4.303847, 40.804450999000039 ], [ -4.295394002999956, 40.809845080000059 ], [ -4.273434812999938, 40.812965424000026 ], [ -4.253388131999941, 40.802864871000054 ], [ -4.246319, 40.802852499000039 ], [ -4.247003434999954, 40.789308524000035 ], [ -4.233658284999933, 40.790968981000049 ], [ -4.222688499999947, 40.785178999000038 ], [ -4.242263474999959, 40.774400897000078 ], [ -4.25066353699998, 40.777321616000052 ], [ -4.25937922199995, 40.776403629000072 ], [ -4.270970793999936, 40.764743358000032 ], [ -4.278554, 40.763339999000038 ], [ -4.308597, 40.787360999000043 ], [ -4.307416085999932, 40.79154903500006 ], [ -4.30102603399996, 40.796049371000038 ], [ -4.303847, 40.804450999000039 ] ] ] } },
{ "type": "Feature", "properties": { "code": "40224", "name": "Ventosilla y Tejadilla" }, "geometry": { "type": "Polygon", "coordinates": [ [ [ -3.694737499999974, 41.19692599900003 ], [ -3.684312728999942, 41.196474628000033 ], [ -3.677767, 41.193378499000062 ], [ -3.674667499999941, 41.184074499000076 ], [ -3.672054, 41.18285449900003 ], [ -3.677536499999974, 41.172168999000064 ], [ -3.708738511999968, 41.171629607000057 ], [ -3.705123493999963, 41.184048493000034 ], [ -3.694737499999974, 41.19692599900003 ] ] ] } },
{ "type": "Feature", "properties": { "code": "40225", "name": "Villacastín" }, "geometry": { "type": "Polygon", "coordinates": [ [ [ -4.481420499999956, 40.791614499000048 ], [ -4.479986, 40.795283999000048 ], [ -4.469193032999954, 40.802498967000076 ], [ -4.463654619999943, 40.815837370000054 ], [ -4.454957386999979, 40.82562332100008 ], [ -4.448183424999968, 40.829123654000057 ], [ -4.437325428999941, 40.829210300000057 ], [ -4.43940886799993, 40.84172269700008 ], [ -4.431582908999928, 40.860067875000027 ], [ -4.425361796999937, 40.862654866000071 ], [ -4.412125, 40.858402999000077 ], [ -4.404808499999945, 40.852973999000028 ], [ -4.410022671999968, 40.831116739000038 ], [ -4.402720656999975, 40.823124524000036 ], [ -4.395961, 40.822074999000051 ], [ -4.397384060999968, 40.812290852000046 ], [ -4.393997712999976, 40.800272181000025 ], [ -4.38012919099998, 40.785107616000062 ], [ -4.375977703999979, 40.771013732000029 ], [ -4.368794, 40.763114999000038 ], [ -4.384608664999973, 40.737926363000042 ], [ -4.385393281999939, 40.72468765800005 ], [ -4.39085668599995, 40.71187202200008 ], [ -4.39245619899998, 40.679017764000037 ], [ -4.388618, 40.634975499000063 ], [ -4.419649499999935, 40.633453499000041 ], [ -4.421905076999963, 40.672727185000042 ], [ -4.43500914699996, 40.714249255000027 ], [ -4.427850973999966, 40.730251601000077 ], [ -4.431332966999946, 40.741548414000079 ], [ -4.438958753999941, 40.749521260000051 ], [ -4.459377148999977, 40.758593402000031 ], [ -4.47293329799993, 40.774132881000071 ], [ -4.473490910999942, 40.782466277000026 ], [ -4.480401791999952, 40.786943440000073 ], [ -4.481420499999956, 40.791614499000048 ] ] ] } },
{ "type": "Feature", "properties": { "code": "40228", "name": "Villaverde de Íscar" }, "geometry": { "type": "Polygon", "coordinates": [ [ [ -4.593418499999927, 41.296409499000049 ], [ -4.601042142999972, 41.302613449000035 ], [ -4.604155577999961, 41.31258045800007 ], [ -4.596874499999956, 41.320594499000038 ], [ -4.586430904999929, 41.316537543000038 ], [ -4.574261055999955, 41.307048552000026 ], [ -4.560851295999953, 41.302734840000028 ], [ -4.532716954999955, 41.319604593000065 ], [ -4.526496751999957, 41.320527501000072 ], [ -4.506044368999937, 41.311118212000054 ], [ -4.500089499999945, 41.30092249900008 ], [ -4.500114, 41.296336999000061 ], [ -4.516980499999931, 41.288188999000056 ], [ -4.518551, 41.281188999000051 ], [ -4.533302971999944, 41.279682126000068 ], [ -4.560312499999952, 41.269298499000058 ], [ -4.573907499999962, 41.275211499000079 ], [ -4.577545400999952, 41.285406282000054 ], [ -4.593418499999927, 41.296409499000049 ] ] ] } },
{ "type": "Feature", "properties": { "code": "40229", "name": "Villaverde de Montejo" }, "geometry": { "type": "Polygon", "coordinates": [ [ [ -3.689203499999962, 41.54058849900008 ], [ -3.676858, 41.541633499000056 ], [ -3.668062, 41.539855999000054 ], [ -3.644842, 41.538795499000059 ], [ -3.641264499999977, 41.52757249900003 ], [ -3.642244499999947, 41.519973999000058 ], [ -3.640531, 41.510238499000025 ], [ -3.644699, 41.500251999000056 ], [ -3.64835949999997, 41.497333499000035 ], [ -3.644143499999927, 41.493877499000064 ], [ -3.636787, 41.491370999000026 ], [ -3.645736687999943, 41.488921119000054 ], [ -3.651368977999937, 41.482727686000032 ], [ -3.674926, 41.469993999000053 ], [ -3.677604, 41.473033999000052 ], [ -3.680443, 41.474239499000078 ], [ -3.688919617999943, 41.492728810000074 ], [ -3.684332411999947, 41.496450657000025 ], [ -3.681022544999962, 41.509895003000054 ], [ -3.691575, 41.534534999000073 ], [ -3.689203499999962, 41.54058849900008 ] ] ] } },
{ "type": "Feature", "properties": { "code": "40230", "name": "Villeguillo" }, "geometry": { "type": "Polygon", "coordinates": [ [ [ -4.573907499999962, 41.275211499000079 ], [ -4.560312499999952, 41.269298499000058 ], [ -4.560943573999964, 41.263590092000072 ], [ -4.550815119999925, 41.254750927000032 ], [ -4.551085952999927, 41.237355071000025 ], [ -4.562206839999931, 41.234144343000025 ], [ -4.593435598999974, 41.238023574000067 ], [ -4.604863499999965, 41.233134999000072 ], [ -4.615196499999968, 41.241374999000072 ], [ -4.59736733799997, 41.264816395000025 ], [ -4.573907499999962, 41.275211499000079 ] ] ] } },
{ "type": "Feature", "properties": { "code": "40231", "name": "Yanguas de Eresma" }, "geometry": { "type": "Polygon", "coordinates": [ [ [ -4.27784, 41.080268999000054 ], [ -4.270170201999974, 41.084827894000057 ], [ -4.242263474999959, 41.088347136000039 ], [ -4.206123, 41.087138999000047 ], [ -4.200013, 41.085761999000056 ], [ -4.194793499999946, 41.069675499000027 ], [ -4.197447499999953, 41.063728499000035 ], [ -4.205278, 41.05327199900006 ], [ -4.21589914599997, 41.058037899000055 ], [ -4.231253610999943, 41.058255892000034 ], [ -4.253127400999972, 41.050304062000066 ], [ -4.258361959999945, 41.046653278000065 ], [ -4.26145932999998, 41.037990211000078 ], [ -4.275050499999963, 41.031947999000067 ], [ -4.27715349999994, 41.037933499000076 ], [ -4.274276, 41.039241999000069 ], [ -4.278439499999934, 41.045413999000061 ], [ -4.261305, 41.054122999000072 ], [ -4.261636499999952, 41.056514999000058 ], [ -4.268517499999973, 41.053558499000076 ], [ -4.260184573999936, 41.062271123000073 ], [ -4.27332731599995, 41.06684044900004 ], [ -4.27784, 41.080268999000054 ] ] ] } },
{ "type": "Feature", "properties": { "code": "40233", "name": "Zarzuela del Monte" }, "geometry": { "type": "Polygon", "coordinates": [ [ [ -4.365084, 40.771728499000062 ], [ -4.361376496999981, 40.78206231300004 ], [ -4.365793505999932, 40.801408603000027 ], [ -4.35907063999997, 40.817400080000027 ], [ -4.362263499999926, 40.827926499000057 ], [ -4.348489793999931, 40.824094566000042 ], [ -4.337741, 40.829250499000068 ], [ -4.324084070999959, 40.830851780000046 ], [ -4.323615, 40.835132499000053 ], [ -4.317144648999943, 40.840186652000057 ], [ -4.310827961999962, 40.840403871000035 ], [ -4.30419, 40.834686499000043 ], [ -4.313362189999964, 40.825506822000079 ], [ -4.304244861999962, 40.815066066000043 ], [ -4.306232094999928, 40.807389994000062 ], [ -4.303847, 40.804450999000039 ], [ -4.30102603399996, 40.796049371000038 ], [ -4.307416085999932, 40.79154903500006 ], [ -4.308597, 40.787360999000043 ], [ -4.315025284999933, 40.78048902300003 ], [ -4.350904720999949, 40.771911095000064 ], [ -4.365084, 40.771728499000062 ] ] ] } },
{ "type": "Feature", "properties": { "code": "40234", "name": "Zarzuela del Pinar" }, "geometry": { "type": "Polygon", "coordinates": [ [ [ -4.135451, 41.262656999000058 ], [ -4.15429649999993, 41.25503149900004 ], [ -4.162830180999947, 41.256664966000073 ], [ -4.182137056999977, 41.250830339000061 ], [ -4.208968206999941, 41.249672279000038 ], [ -4.217744, 41.243819999000038 ], [ -4.221826499999963, 41.24699399900004 ], [ -4.224309, 41.250136999000063 ], [ -4.230512499999975, 41.254504999000062 ], [ -4.231497499999932, 41.256061499000054 ], [ -4.221186608999972, 41.261483877000046 ], [ -4.218964519999929, 41.270500546000051 ], [ -4.212507673999937, 41.274218626000049 ], [ -4.179816604999928, 41.277957914000069 ], [ -4.154718499999944, 41.274196499000027 ], [ -4.139559272999975, 41.26755827900007 ], [ -4.135451, 41.262656999000058 ] ] ] } },
{ "type": "Feature", "properties": { "code": "40901", "name": "Ortigosa del Monte" }, "geometry": { "type": "Polygon", "coordinates": [ [ [ -4.155742, 40.788841499000057 ], [ -4.173530308999943, 40.826053288000026 ], [ -4.18444016199993, 40.836194866000028 ], [ -4.199200167999948, 40.843800114000032 ], [ -4.204137, 40.852520499000036 ], [ -4.19962449999997, 40.852935999000067 ], [ -4.197615, 40.852081499000064 ], [ -4.178031118999968, 40.851340424000057 ], [ -4.167462365999938, 40.846212034000075 ], [ -4.152077550999934, 40.824187238000036 ], [ -4.131963584999937, 40.804052947000059 ], [ -4.131660499999953, 40.789626999000063 ], [ -4.146511128999975, 40.790946212000051 ], [ -4.155742, 40.788841499000057 ] ] ] } },
{ "type": "Feature", "properties": { "code": "40902", "name": "Cozuelos de Fuentidueña" }, "geometry": { "type": "Polygon", "coordinates": [ [ [ -4.113601499999959, 41.395854999000051 ], [ -4.116480499999966, 41.402644999000074 ], [ -4.112613, 41.408790499000077 ], [ -4.106201, 41.411735499000031 ], [ -4.10169, 41.41242599900005 ], [ -4.099528499999963, 41.413959499000043 ], [ -4.082947654999941, 41.413611581000055 ], [ -4.063839499999972, 41.402557499000068 ], [ -4.064275499999951, 41.383746999000039 ], [ -4.06606592299994, 41.378274215000033 ], [ -4.079221, 41.366077499000028 ], [ -4.090438823999932, 41.377417248000029 ], [ -4.104844300999957, 41.383540384000071 ], [ -4.113601499999959, 41.395854999000051 ] ] ] } },
{ "type": "Feature", "properties": { "code": "40903", "name": "Marazoleja" }, "geometry": { "type": "Polygon", "coordinates": [ [ [ -4.386157499999968, 40.942222499000025 ], [ -4.385844647999932, 40.945934303000058 ], [ -4.364662, 40.957023499000059 ], [ -4.359506, 40.960536999000055 ], [ -4.347848499999941, 40.97102299900007 ], [ -4.344362499999932, 40.970836499000029 ], [ -4.338573, 40.973094999000068 ], [ -4.335262, 40.977519999000037 ], [ -4.333154499999978, 40.97907649900003 ], [ -4.327907499999981, 40.979369999000028 ], [ -4.328155, 40.975726999000074 ], [ -4.330195499999945, 40.972552999000072 ], [ -4.330184499999973, 40.969119999000043 ], [ -4.32189649999998, 40.968303999000057 ], [ -4.318867, 40.962943999000061 ], [ -4.312088499999959, 40.962112499000057 ], [ -4.333502327999952, 40.938561322000055 ], [ -4.334912052999925, 40.931532409000056 ], [ -4.331556, 40.930350999000041 ], [ -4.33553, 40.922298499000078 ], [ -4.343702, 40.920634999000072 ], [ -4.344053, 40.916839499000048 ], [ -4.342406499999925, 40.911193999000034 ], [ -4.342334499999936, 40.908263999000042 ], [ -4.343328499999927, 40.904514499000072 ], [ -4.359509, 40.90388499900007 ], [ -4.36789, 40.907821499000079 ], [ -4.367302, 40.913303499000051 ], [ -4.373410499999977, 40.919852999000057 ], [ -4.375140499999929, 40.918544999000062 ], [ -4.386157499999968, 40.942222499000025 ] ] ] } },
{ "type": "Feature", "properties": { "code": "40904", "name": "Navas de Riofrío" }, "geometry": { "type": "Polygon", "coordinates": [ [ [ -4.101775499999974, 40.806609999000045 ], [ -4.098895162999952, 40.813805529000035 ], [ -4.099733684999933, 40.819604433000052 ], [ -4.110522085999946, 40.824990264000064 ], [ -4.126974116999975, 40.845338498000046 ], [ -4.145796093999934, 40.858137075000059 ], [ -4.149420867999936, 40.866546222000068 ], [ -4.154565499999933, 40.871402999000054 ], [ -4.150050973999953, 40.869733482000072 ], [ -4.145505855999943, 40.873718292000035 ], [ -4.133639717999927, 40.874003346000052 ], [ -4.131289, 40.877341999000066 ], [ -4.09308249999998, 40.841842499000052 ], [ -4.092860499999972, 40.839122499000041 ], [ -4.093771, 40.837539499000059 ], [ -4.094666, 40.828429999000036 ], [ -4.09011849999996, 40.818710499000076 ], [ -4.091285, 40.813941999000065 ], [ -4.09416049999993, 40.809997499000076 ], [ -4.101775499999974, 40.806609999000045 ] ] ] } },
{ "type": "Feature", "properties": { "code": "40905", "name": "Cuevas de Provanco" }, "geometry": { "type": "Polygon", "coordinates": [ [ [ -3.980689499999926, 41.583366499000078 ], [ -3.963849, 41.586074999000061 ], [ -3.96274, 41.58152749900006 ], [ -3.960512499999936, 41.577968499000065 ], [ -3.954195082999945, 41.574114977000079 ], [ -3.914523499999973, 41.563445999000066 ], [ -3.894695876999947, 41.55157403100003 ], [ -3.88687, 41.536453499000061 ], [ -3.910247978999962, 41.534234916000059 ], [ -3.914618936999943, 41.539769225000043 ], [ -3.94583546399997, 41.519372811000039 ], [ -3.948409924999964, 41.522390678000079 ], [ -3.959329467999964, 41.522363350000035 ], [ -3.961900949999972, 41.518639568000026 ], [ -3.993731, 41.530967499000042 ], [ -3.993117, 41.536990999000068 ], [ -3.993835389999958, 41.554974845000061 ], [ -3.981475073999945, 41.574063168000066 ], [ -3.980689499999926, 41.583366499000078 ] ] ] } },
{ "type": "Feature", "properties": { "code": "40906", "name": "San Cristóbal de Segovia" }, "geometry": { "type": "Polygon", "coordinates": [ [ [ -4.058128, 40.949874999000031 ], [ -4.083395, 40.939685999000062 ], [ -4.091949982999949, 40.947146608000025 ], [ -4.104536670999948, 40.950009742000077 ], [ -4.097378, 40.956840499000066 ], [ -4.092098156999953, 40.954733646000079 ], [ -4.083534019999945, 40.961237446000041 ], [ -4.065852599999971, 40.961792378000041 ], [ -4.062177531999964, 40.964338803000032 ], [ -4.061561, 40.969344999000043 ], [ -4.054373157999976, 40.96193138600006 ], [ -4.058128, 40.949874999000031 ] ] ] } }
]
}
