{
"type": "FeatureCollection",
"crs": { "type": "name", "properties": { "name": "urn:ogc:def:crs:OGC:1.3:CRS84" } },
"features": [
{ "type": "Feature", "properties": { "code": "46068", "name": "Benissoda" }, "geometry": { "type": "Polygon", "coordinates": [ [ [ -0.53524, 38.810367499000051 ], [ -0.537437783999962, 38.825793435000037 ], [ -0.543796676999932, 38.840523527000073 ], [ -0.540051499999947, 38.844253499000047 ], [ -0.520841059999952, 38.829047852000031 ], [ -0.525572, 38.810584999000071 ], [ -0.53524, 38.810367499000051 ] ] ] } },
{ "type": "Feature", "properties": { "code": "46069", "name": "Benissuera" }, "geometry": { "type": "Polygon", "coordinates": [ [ [ -0.485629499999959, 38.900027999000031 ], [ -0.490632347999963, 38.905110056000069 ], [ -0.491075, 38.912055999000074 ], [ -0.478488255999935, 38.915821376000054 ], [ -0.470007, 38.913608499000077 ], [ -0.470592, 38.910476499000026 ], [ -0.473489, 38.909034499000029 ], [ -0.479368499999964, 38.901279499000054 ], [ -0.483544499999937, 38.899638999000047 ], [ -0.485629499999959, 38.900027999000031 ] ] ] } },
{ "type": "Feature", "properties": { "code": "46070", "name": "Bétera" }, "geometry": { "type": "Polygon", "coordinates": [ [ [ -0.449696499999959, 39.545392999000057 ], [ -0.462212499999964, 39.552623499000049 ], [ -0.468513499999972, 39.558860999000046 ], [ -0.47550549999994, 39.560607999000069 ], [ -0.482001, 39.565371999000035 ], [ -0.482608004999975, 39.570977596000034 ], [ -0.488281983999968, 39.569713755000066 ], [ -0.495115731999931, 39.573735118000059 ], [ -0.501825877999977, 39.57369479700003 ], [ -0.5102, 39.585376999000061 ], [ -0.518793749999929, 39.613781835000054 ], [ -0.510969, 39.641872999000043 ], [ -0.492763, 39.650329499000065 ], [ -0.486899, 39.649799499000039 ], [ -0.463495499999965, 39.64316149900003 ], [ -0.410076, 39.608901999000068 ], [ -0.395653, 39.592529499000079 ], [ -0.418238260999942, 39.562803731000031 ], [ -0.426978, 39.562291999000024 ], [ -0.438833709999926, 39.559501855000065 ], [ -0.441505961999951, 39.553428246000067 ], [ -0.449696499999959, 39.545392999000057 ] ] ] } },
{ "type": "Feature", "properties": { "code": "46071", "name": "Bicorp" }, "geometry": { "type": "Polygon", "coordinates": [ [ [ -0.800629499999957, 39.169498499000042 ], [ -0.772036042999957, 39.148911097000052 ], [ -0.76208405999995, 39.137459008000064 ], [ -0.76752567799997, 39.117629777000047 ], [ -0.775491018999958, 39.105542258000071 ], [ -0.798216120999939, 39.08986802000004 ], [ -0.805336163999925, 39.080446194000046 ], [ -0.820684136999944, 39.07375397900006 ], [ -0.831455332999951, 39.063884370000039 ], [ -0.841527524999947, 39.062068766000039 ], [ -0.871145371999944, 39.036252365000053 ], [ -0.888845, 39.024795499000049 ], [ -0.899739902999954, 39.047682814000041 ], [ -0.902386413999977, 39.062786921000054 ], [ -0.901888611999937, 39.071541697000043 ], [ -0.895898454999951, 39.07775977700004 ], [ -0.915882839999938, 39.108749849000048 ], [ -0.91343606199996, 39.145226702000059 ], [ -0.918954, 39.151187999000058 ], [ -0.886931323999931, 39.168063757000027 ], [ -0.863249033999978, 39.167303975000038 ], [ -0.845703499999956, 39.170955499000058 ], [ -0.822350106999977, 39.167378585000051 ], [ -0.800629499999957, 39.169498499000042 ] ] ] } },
{ "type": "Feature", "properties": { "code": "46072", "name": "Bocairent" }, "geometry": { "type": "Polygon", "coordinates": [ [ [ -0.595154, 38.795100999000056 ], [ -0.585870199999931, 38.770737333000056 ], [ -0.564931802999979, 38.755466218000038 ], [ -0.560031668999954, 38.754566075000071 ], [ -0.531455499999936, 38.767226999000059 ], [ -0.529561, 38.767097499000045 ], [ -0.525782, 38.763892999000063 ], [ -0.52512749999994, 38.760192999000026 ], [ -0.520818, 38.756694999000047 ], [ -0.515229, 38.755229999000051 ], [ -0.507404, 38.75526049900003 ], [ -0.507049499999937, 38.742973499000072 ], [ -0.535473063999973, 38.732455716000061 ], [ -0.55244066299997, 38.71709188400007 ], [ -0.58261744899994, 38.708978881000064 ], [ -0.593642474999967, 38.700571081000078 ], [ -0.613894284999958, 38.691382536000049 ], [ -0.61798749999997, 38.686652999000046 ], [ -0.627791396999953, 38.687051083000028 ], [ -0.63785809899997, 38.697956626000064 ], [ -0.641307410999957, 38.703673071000026 ], [ -0.644741185999976, 38.727871478000054 ], [ -0.654306618999954, 38.730480531000069 ], [ -0.677523730999951, 38.729896889000031 ], [ -0.689219459999947, 38.740401855000073 ], [ -0.706185406999964, 38.73448344600007 ], [ -0.717132, 38.750579999000024 ], [ -0.712537, 38.749625999000045 ], [ -0.703914499999939, 38.753005999000038 ], [ -0.689738, 38.756557499000053 ], [ -0.67166949999995, 38.766521999000076 ], [ -0.659881, 38.769809499000075 ], [ -0.652027499999974, 38.77339949900005 ], [ -0.642394499999966, 38.775829499000054 ], [ -0.628721499999926, 38.780685499000072 ], [ -0.613018499999953, 38.789321999000038 ], [ -0.595154, 38.795100999000056 ] ] ] } },
{ "type": "Feature", "properties": { "code": "46073", "name": "Bolbaite" }, "geometry": { "type": "Polygon", "coordinates": [ [ [ -0.803547, 39.018920999000045 ], [ -0.824029198999938, 39.028567670000029 ], [ -0.832526499999972, 39.037456499000029 ], [ -0.820103176999964, 39.042332547000058 ], [ -0.815480627999932, 39.041126344000077 ], [ -0.795634565999933, 39.056556313000044 ], [ -0.782456499999967, 39.06106599900005 ], [ -0.782167885999968, 39.057869365000045 ], [ -0.772247436999976, 39.060261392000029 ], [ -0.75260476699998, 39.059172029000024 ], [ -0.703264014999945, 39.074780485000076 ], [ -0.683508471999971, 39.079338007000047 ], [ -0.67411, 39.077987499000074 ], [ -0.667027099999927, 39.062986188000025 ], [ -0.675587714999949, 39.052927586000067 ], [ -0.691820162999932, 39.050448280000069 ], [ -0.720633235999969, 39.03747985900003 ], [ -0.758224568999935, 39.036155991000044 ], [ -0.778153728999939, 39.032103870000071 ], [ -0.803547, 39.018920999000045 ] ] ] } },
{ "type": "Feature", "properties": { "code": "46074", "name": "Bonrepòs i Mirambell" }, "geometry": { "type": "Polygon", "coordinates": [ [ [ -0.366532499999948, 39.523667999000054 ], [ -0.363276016999976, 39.521681795000063 ], [ -0.361467, 39.516435499000067 ], [ -0.364126499999941, 39.511199999000041 ], [ -0.366613, 39.512630999000066 ], [ -0.372593497999958, 39.52179398800007 ], [ -0.370871, 39.527387999000041 ], [ -0.366532499999948, 39.523667999000054 ] ] ] } },
{ "type": "Feature", "properties": { "code": "46075", "name": "Bufali" }, "geometry": { "type": "MultiPolygon", "coordinates": [ [ [ [ -0.447388, 38.819694499000036 ], [ -0.453475, 38.817279499000051 ], [ -0.455651499999931, 38.820831499000064 ], [ -0.464221, 38.827304999000035 ], [ -0.461526, 38.828284999000061 ], [ -0.45834949999994, 38.827205499000058 ], [ -0.456055, 38.827300999000045 ], [ -0.449435, 38.82233399900008 ], [ -0.447388, 38.819694499000036 ] ] ], [ [ [ -0.519212, 38.895881499000041 ], [ -0.519394499999976, 38.893955499000072 ], [ -0.512771, 38.876605999000049 ], [ -0.50550949999996, 38.86437999900005 ], [ -0.519376380999972, 38.868159048000052 ], [ -0.526460499999928, 38.891639499000064 ], [ -0.519212, 38.895881499000041 ] ] ] ] } },
{ "type": "Feature", "properties": { "code": "46076", "name": "Bugarra" }, "geometry": { "type": "Polygon", "coordinates": [ [ [ -0.798041499999954, 39.632671499000026 ], [ -0.794229962999964, 39.638271910000071 ], [ -0.795770227999981, 39.65077795600007 ], [ -0.787609, 39.660606499000039 ], [ -0.750944, 39.658588499000075 ], [ -0.72939, 39.655482999000071 ], [ -0.729882, 39.653386999000077 ], [ -0.738839093999957, 39.642482421000068 ], [ -0.754292345999943, 39.59595543000006 ], [ -0.760344045999943, 39.58812752700004 ], [ -0.775942499999928, 39.552470999000036 ], [ -0.784118, 39.553386499000055 ], [ -0.784954, 39.555286499000033 ], [ -0.78962, 39.556414999000026 ], [ -0.79357620199994, 39.572779954000055 ], [ -0.789740605999953, 39.602946306000035 ], [ -0.79077531799993, 39.614623293000079 ], [ -0.798041499999954, 39.632671499000026 ] ] ] } },
{ "type": "Feature", "properties": { "code": "46077", "name": "Buñol" }, "geometry": { "type": "Polygon", "coordinates": [ [ [ -0.733533, 39.423549999000045 ], [ -0.733879, 39.420772499000066 ], [ -0.747656499999948, 39.41679749900004 ], [ -0.756269, 39.415218499000048 ], [ -0.764913, 39.411861499000054 ], [ -0.770426499999928, 39.406841499000052 ], [ -0.777718499999935, 39.402133999000057 ], [ -0.784193, 39.400119499000027 ], [ -0.789398499999947, 39.400031999000078 ], [ -0.793650499999956, 39.402561499000058 ], [ -0.797096, 39.402663999000026 ], [ -0.815820396999925, 39.409351058000027 ], [ -0.836668150999969, 39.409985525000025 ], [ -0.851303394999945, 39.405176534000077 ], [ -0.873131332999947, 39.388816317000078 ], [ -0.882393760999946, 39.387295552000069 ], [ -0.915434208999955, 39.392698056000029 ], [ -0.940418514999976, 39.401863717000026 ], [ -0.953219472999933, 39.383792342000049 ], [ -0.965174151999975, 39.388509930000055 ], [ -0.96739508099995, 39.394731364000052 ], [ -0.975242499999979, 39.396751499000061 ], [ -0.978077499999927, 39.426063499000065 ], [ -0.977345, 39.428058499000031 ], [ -0.966502912999943, 39.424777533000054 ], [ -0.935662038999965, 39.422525161000067 ], [ -0.90673146499995, 39.427035104000026 ], [ -0.882395064999969, 39.438359613000046 ], [ -0.866505637999978, 39.459488226000076 ], [ -0.853155, 39.488517499000068 ], [ -0.842192499999953, 39.483524499000055 ], [ -0.824265, 39.478252499000064 ], [ -0.809544, 39.475765499000033 ], [ -0.788077499999929, 39.462711499000079 ], [ -0.771068, 39.453773499000079 ], [ -0.761819499999945, 39.451530499000057 ], [ -0.747330499999975, 39.445655999000053 ], [ -0.733533, 39.423549999000045 ] ] ] } },
{ "type": "Feature", "properties": { "code": "46078", "name": "Burjassot" }, "geometry": { "type": "Polygon", "coordinates": [ [ [ -0.418716, 39.517370999000036 ], [ -0.415626929999974, 39.518928259000063 ], [ -0.401124, 39.511190999000064 ], [ -0.397126091999951, 39.50430530400007 ], [ -0.39916089299993, 39.499847554000041 ], [ -0.411022475999971, 39.498454276000075 ], [ -0.418248819999974, 39.50430530400007 ], [ -0.424137499999972, 39.50739149900005 ], [ -0.426414110999929, 39.511486598000033 ], [ -0.418716, 39.517370999000036 ] ] ] } },
{ "type": "Feature", "properties": { "code": "46079", "name": "Calles" }, "geometry": { "type": "Polygon", "coordinates": [ [ [ -0.887722499999938, 39.803885499000046 ], [ -0.894008499999927, 39.794048499000041 ], [ -0.887189, 39.78790649900003 ], [ -0.882218, 39.773681499000077 ], [ -0.88713249999995, 39.762282999000035 ], [ -0.889520886999946, 39.742748335000044 ], [ -0.917437264999933, 39.732340603000068 ], [ -0.937465156999963, 39.728974038000047 ], [ -0.952117539999961, 39.722240733000035 ], [ -0.968418763999978, 39.70612605000008 ], [ -0.986017510999943, 39.698001072000068 ], [ -0.995115066999972, 39.696745372000066 ], [ -1.001941513999952, 39.68520583600008 ], [ -1.026157499999954, 39.664343999000039 ], [ -1.046918671999947, 39.678797401000054 ], [ -1.047363218999976, 39.682355320000056 ], [ -1.038018520999969, 39.693183469000076 ], [ -1.020039117999943, 39.690814807000038 ], [ -1.012696653999967, 39.704145944000061 ], [ -0.986563321999938, 39.730441406000068 ], [ -0.970669769999972, 39.740279480000027 ], [ -0.96566689499997, 39.747170777000065 ], [ -0.976167435999969, 39.757134809000036 ], [ -0.968892897999979, 39.759679763000065 ], [ -0.964575344999957, 39.769595558000049 ], [ -0.953821820999963, 39.771759469000074 ], [ -0.94467620599994, 39.784662062000052 ], [ -0.918748618999928, 39.790399133000051 ], [ -0.901500763999934, 39.79988429000008 ], [ -0.887722499999938, 39.803885499000046 ] ] ] } },
{ "type": "Feature", "properties": { "code": "46080", "name": "Camporrobles" }, "geometry": { "type": "Polygon", "coordinates": [ [ [ -1.368502499999977, 39.689632499000027 ], [ -1.358296, 39.685794999000052 ], [ -1.342678499999977, 39.681606499000054 ], [ -1.325767, 39.673103499000035 ], [ -1.312793499999941, 39.670500999000069 ], [ -1.291945, 39.672553999000058 ], [ -1.279547499999978, 39.677901999000028 ], [ -1.272067, 39.686050499000032 ], [ -1.261961, 39.698917499000061 ], [ -1.244928, 39.697265499000025 ], [ -1.278981600999941, 39.66677069800005 ], [ -1.317909252999925, 39.643250259000069 ], [ -1.344047607999926, 39.632200633000025 ], [ -1.348701372999926, 39.626072081000075 ], [ -1.342694499999936, 39.614024999000037 ], [ -1.374402566999947, 39.615319126000031 ], [ -1.402245046999951, 39.607348640000055 ], [ -1.404429043999926, 39.595636765000052 ], [ -1.41595349399995, 39.58894884800003 ], [ -1.417371, 39.564181999000027 ], [ -1.44327949999996, 39.565963499000077 ], [ -1.461767499999951, 39.572238999000035 ], [ -1.470112, 39.571808499000042 ], [ -1.462056, 39.576637499000071 ], [ -1.456163499999946, 39.585490999000058 ], [ -1.452955499999973, 39.591518499000074 ], [ -1.445655, 39.611232499000039 ], [ -1.44095, 39.619056499000067 ], [ -1.436488, 39.628825999000071 ], [ -1.417903499999966, 39.654952999000045 ], [ -1.403974499999947, 39.665996499000073 ], [ -1.368502499999977, 39.689632499000027 ] ] ] } },
{ "type": "Feature", "properties": { "code": "46081", "name": "Canals" }, "geometry": { "type": "Polygon", "coordinates": [ [ [ -0.600915, 38.986083999000073 ], [ -0.593333813999948, 38.985571383000035 ], [ -0.590353499999935, 38.98848749900003 ], [ -0.588284499999929, 38.988200999000071 ], [ -0.583662, 38.989978999000073 ], [ -0.582462499999963, 38.989287999000055 ], [ -0.580933750999975, 38.986414330000059 ], [ -0.576825, 38.985999999000057 ], [ -0.569573, 38.982021499000041 ], [ -0.566296499999964, 38.978942999000026 ], [ -0.570797094999932, 38.977672656000038 ], [ -0.57017558299998, 38.970629951000035 ], [ -0.57516417599993, 38.964082835000056 ], [ -0.552594, 38.941767999000035 ], [ -0.57063741099995, 38.93151303500008 ], [ -0.575325211999939, 38.924706048000075 ], [ -0.58205449999997, 38.922553999000058 ], [ -0.596307499999966, 38.912055999000074 ], [ -0.601397499999962, 38.916717499000072 ], [ -0.603146, 38.919997999000032 ], [ -0.601312499999949, 38.928836999000055 ], [ -0.603314, 38.93928149900006 ], [ -0.605044, 38.942733499000042 ], [ -0.604363, 38.944438999000056 ], [ -0.60917349999994, 38.948196499000062 ], [ -0.610461499999928, 38.95215199900008 ], [ -0.614574, 38.958533999000053 ], [ -0.616046499999925, 38.962455499000043 ], [ -0.603984340999943, 38.962195371000064 ], [ -0.582223575999933, 38.969232177000038 ], [ -0.589256447999958, 38.978187595000065 ], [ -0.596307804999924, 38.976496874000077 ], [ -0.604935499999954, 38.978507999000044 ], [ -0.603746, 38.982314999000039 ], [ -0.604001, 38.985316999000077 ], [ -0.600915, 38.986083999000073 ] ], [ [ -0.588222415999951, 38.983166850000032 ], [ -0.583453566999935, 38.982141009000031 ], [ -0.582433762999926, 38.98734603500003 ], [ -0.586544714999945, 38.986879597000041 ], [ -0.588222415999951, 38.983166850000032 ] ] ] } },
{ "type": "Feature", "properties": { "code": "46082", "name": "Canet d'En Berenguer" }, "geometry": { "type": "Polygon", "coordinates": [ [ [ -0.201333, 39.685348499000042 ], [ -0.203548, 39.671779499000024 ], [ -0.23456637399994, 39.678613770000027 ], [ -0.225709590999941, 39.688619571000061 ], [ -0.201333, 39.685348499000042 ] ] ] } },
{ "type": "Feature", "properties": { "code": "46083", "name": "Carcaixent" }, "geometry": { "type": "Polygon", "coordinates": [ [ [ -0.50355, 39.110126499000046 ], [ -0.497943204999956, 39.11381254500003 ], [ -0.495371, 39.125221499000077 ], [ -0.486278821999974, 39.123865472000034 ], [ -0.487112, 39.132415999000045 ], [ -0.475479114999928, 39.128407870000046 ], [ -0.470470770999952, 39.135268250000024 ], [ -0.459117571999968, 39.138129406000076 ], [ -0.460547650999956, 39.143256809000036 ], [ -0.457186356999955, 39.144776591000038 ], [ -0.450765028999967, 39.134837223000034 ], [ -0.355044971999973, 39.089835964000031 ], [ -0.333999, 39.069476999000074 ], [ -0.344568411999944, 39.074926682000068 ], [ -0.362375909999969, 39.077590789000055 ], [ -0.379237587999967, 39.06666879900007 ], [ -0.381475, 39.057327499000053 ], [ -0.38577, 39.058368999000038 ], [ -0.391366499999947, 39.056693999000061 ], [ -0.414144, 39.068084499000065 ], [ -0.439641499999937, 39.072494499000072 ], [ -0.439470661999962, 39.078811576000078 ], [ -0.444279730999938, 39.082575131000056 ], [ -0.461446654999975, 39.086866776000079 ], [ -0.473486784999977, 39.095047485000066 ], [ -0.487696705999952, 39.099905400000068 ], [ -0.496668, 39.098365999000066 ], [ -0.503192514999967, 39.105292457000076 ], [ -0.50355, 39.110126499000046 ] ] ] } },
{ "type": "Feature", "properties": { "code": "46084", "name": "Càrcer" }, "geometry": { "type": "Polygon", "coordinates": [ [ [ -0.574695, 39.082439499000031 ], [ -0.563711, 39.083593499000074 ], [ -0.565183769999976, 39.064904627000033 ], [ -0.556793, 39.044617499000026 ], [ -0.565847090999966, 39.041749632000062 ], [ -0.56744249999997, 39.038169999000047 ], [ -0.579971200999978, 39.049949759000071 ], [ -0.592149499999948, 39.050872999000035 ], [ -0.586034870999924, 39.055675224000026 ], [ -0.586823675999938, 39.063688310000032 ], [ -0.572837213999946, 39.069336732000068 ], [ -0.574317826999959, 39.074206242000059 ], [ -0.580861499999969, 39.076217499000052 ], [ -0.574695, 39.082439499000031 ] ] ] } },
{ "type": "Feature", "properties": { "code": "46085", "name": "Carlet" }, "geometry": { "type": "Polygon", "coordinates": [ [ [ -0.472421, 39.236274999000045 ], [ -0.482022499999971, 39.230509999000049 ], [ -0.502623829999948, 39.216022094000039 ], [ -0.510828894999975, 39.213213070000052 ], [ -0.511464458999967, 39.208896405000075 ], [ -0.517544, 39.206195999000045 ], [ -0.522197682999945, 39.216495245000033 ], [ -0.528997188999938, 39.221140572000024 ], [ -0.53952834699993, 39.212701982000056 ], [ -0.564520508999976, 39.211744829000054 ], [ -0.593731, 39.203174499000056 ], [ -0.602049499999964, 39.229610499000046 ], [ -0.572161, 39.243404499000064 ], [ -0.565729499999975, 39.244807999000045 ], [ -0.560390499999926, 39.247699499000078 ], [ -0.556756, 39.253612499000042 ], [ -0.540286499999979, 39.259616999000059 ], [ -0.504400499999974, 39.26877599900007 ], [ -0.472421, 39.236274999000045 ] ] ] } },
{ "type": "Feature", "properties": { "code": "46086", "name": "Carrícola" }, "geometry": { "type": "Polygon", "coordinates": [ [ [ -0.485780499999976, 38.855216999000049 ], [ -0.483672, 38.856826999000077 ], [ -0.470330745999945, 38.854633331000059 ], [ -0.461809430999949, 38.843587873000047 ], [ -0.461153992999925, 38.836036708000051 ], [ -0.456055, 38.827300999000045 ], [ -0.45834949999994, 38.827205499000058 ], [ -0.461526, 38.828284999000061 ], [ -0.473829613999953, 38.836744209000074 ], [ -0.481849, 38.836635499000067 ], [ -0.485856444999968, 38.844409509000059 ], [ -0.485780499999976, 38.855216999000049 ] ] ] } },
{ "type": "Feature", "properties": { "code": "46087", "name": "Casas Altas" }, "geometry": { "type": "Polygon", "coordinates": [ [ [ -1.207115499999929, 40.001849999000058 ], [ -1.221476344999928, 40.016492797000069 ], [ -1.25692662299997, 40.031916592000073 ], [ -1.311357, 40.026435999000057 ], [ -1.312273, 40.031131499000026 ], [ -1.301899189999972, 40.032352371000059 ], [ -1.265943909999976, 40.051478438000061 ], [ -1.248453394999956, 40.050082725000038 ], [ -1.218113947999939, 40.038159269000062 ], [ -1.220098812999936, 40.027053828000078 ], [ -1.20863376099993, 40.014260301000036 ], [ -1.191719499999977, 40.001544999000032 ], [ -1.207115499999929, 40.001849999000058 ] ] ] } },
{ "type": "Feature", "properties": { "code": "46088", "name": "Casas Bajas" }, "geometry": { "type": "Polygon", "coordinates": [ [ [ -1.311357, 40.026435999000057 ], [ -1.25692662299997, 40.031916592000073 ], [ -1.221476344999928, 40.016492797000069 ], [ -1.207115499999929, 40.001849999000058 ], [ -1.248307402999956, 39.995441127000049 ], [ -1.261809107999966, 39.997772735000069 ], [ -1.28636, 40.008193999000071 ], [ -1.307966, 40.010482999000033 ], [ -1.311357, 40.026435999000057 ] ] ] } },
{ "type": "Feature", "properties": { "code": "46089", "name": "Casinos" }, "geometry": { "type": "Polygon", "coordinates": [ [ [ -0.789359499999932, 39.698180999000044 ], [ -0.78983, 39.704631499000072 ], [ -0.793258499999979, 39.720371499000066 ], [ -0.734919369999943, 39.73556702500008 ], [ -0.714748349999979, 39.725453746000028 ], [ -0.705335558999934, 39.709747285000049 ], [ -0.688661565999951, 39.696936872000038 ], [ -0.696247457999959, 39.688636081000027 ], [ -0.746237724999958, 39.667689109000037 ], [ -0.789359499999932, 39.698180999000044 ] ] ] } },
{ "type": "Feature", "properties": { "code": "46090", "name": "Castelló de Rugat" }, "geometry": { "type": "Polygon", "coordinates": [ [ [ -0.392984, 38.862189999000066 ], [ -0.398669604999952, 38.870284153000057 ], [ -0.415430531999959, 38.87787678400008 ], [ -0.425231, 38.878429499000049 ], [ -0.417964238999957, 38.892923130000042 ], [ -0.411372724999978, 38.89466556900004 ], [ -0.406565973999932, 38.891599363000068 ], [ -0.402908317999959, 38.899601200000063 ], [ -0.378321, 38.904052499000045 ], [ -0.371060499999942, 38.904517999000063 ], [ -0.368924, 38.896608499000024 ], [ -0.366895499999941, 38.895310499000061 ], [ -0.36524049999997, 38.892287999000075 ], [ -0.372366463999924, 38.890661683000076 ], [ -0.373110580999935, 38.886855868000055 ], [ -0.366707930999951, 38.880531154000039 ], [ -0.365850099999932, 38.875926522000043 ], [ -0.35859709999994, 38.871752916000048 ], [ -0.356671400999971, 38.864142557000037 ], [ -0.351453080999931, 38.864566013000058 ], [ -0.352652499999976, 38.868640999000036 ], [ -0.347294809999937, 38.866821535000042 ], [ -0.344680499999924, 38.861766999000054 ], [ -0.350655098999937, 38.859612542000036 ], [ -0.351266499999952, 38.856330999000079 ], [ -0.366046137999945, 38.855838213000027 ], [ -0.374849965999942, 38.860291146000066 ], [ -0.392984, 38.862189999000066 ] ], [ [ -0.376756458999978, 38.894577125000069 ], [ -0.371013112999947, 38.893112385000052 ], [ -0.367846147999956, 38.895891550000044 ], [ -0.371745096999973, 38.897532700000056 ], [ -0.376756458999978, 38.894577125000069 ] ] ] } },
{ "type": "Feature", "properties": { "code": "46091", "name": "Castellonet de la Conquesta" }, "geometry": { "type": "Polygon", "coordinates": [ [ [ -0.273061499999926, 38.891499499000076 ], [ -0.278465, 38.911104499000032 ], [ -0.269095577999963, 38.912208116000045 ], [ -0.272915209999951, 38.920947062000039 ], [ -0.261036, 38.919922499000052 ], [ -0.258618499999955, 38.91906749900005 ], [ -0.256287499999928, 38.919711999000072 ], [ -0.247971499999949, 38.909109999000066 ], [ -0.251841179999928, 38.905981930000053 ], [ -0.253573, 38.898134999000035 ], [ -0.273061499999926, 38.891499499000076 ] ] ] } },
{ "type": "Feature", "properties": { "code": "46092", "name": "Castielfabib" }, "geometry": { "type": "Polygon", "coordinates": [ [ [ -1.252636499999937, 40.112967999000034 ], [ -1.253620694999938, 40.108889432000069 ], [ -1.25701, 40.108085499000026 ], [ -1.26237158899994, 40.113073610000072 ], [ -1.272123552999972, 40.11204592100006 ], [ -1.269030297999961, 40.101121606000049 ], [ -1.271477499999946, 40.092270499000051 ], [ -1.27465, 40.091621499000041 ], [ -1.302271499999961, 40.093650499000034 ], [ -1.314287, 40.093540499000028 ], [ -1.341446106999967, 40.089061611000034 ], [ -1.360164, 40.083820499000069 ], [ -1.363762, 40.080455999000037 ], [ -1.366667, 40.080127999000069 ], [ -1.371474, 40.080692499000065 ], [ -1.389517499999954, 40.086494499000025 ], [ -1.397000499999933, 40.090518999000039 ], [ -1.410175, 40.104518999000049 ], [ -1.419468, 40.108051499000055 ], [ -1.429301499999951, 40.113609499000063 ], [ -1.442788, 40.118060999000079 ], [ -1.456189499999937, 40.130969999000058 ], [ -1.457212499999969, 40.135074499000041 ], [ -1.448831499999926, 40.145358499000054 ], [ -1.445526, 40.143611999000029 ], [ -1.431832, 40.139281999000048 ], [ -1.429718, 40.139354999000034 ], [ -1.427619499999935, 40.140758499000071 ], [ -1.42237, 40.142360499000063 ], [ -1.411712499999965, 40.140819499000031 ], [ -1.404554, 40.139190499000051 ], [ -1.400555, 40.136611999000024 ], [ -1.39354, 40.134380499000031 ], [ -1.389197, 40.135345499000039 ], [ -1.384891, 40.138213999000072 ], [ -1.365161801999932, 40.138375045000032 ], [ -1.362907039999925, 40.131490955000061 ], [ -1.357364483999959, 40.12893004700004 ], [ -1.335714970999959, 40.141970859000025 ], [ -1.317809202999968, 40.148688460000074 ], [ -1.31741404099995, 40.163137258000063 ], [ -1.322323131999951, 40.172380131000068 ], [ -1.322963499999958, 40.184871499000053 ], [ -1.315681025999936, 40.199992155000075 ], [ -1.299850092999975, 40.20733498900006 ], [ -1.2982, 40.211700499000074 ], [ -1.293635793999954, 40.20700667400007 ], [ -1.295821776999958, 40.197454561000029 ], [ -1.287550524999972, 40.182768210000063 ], [ -1.284238971999969, 40.172298197000032 ], [ -1.277189660999966, 40.167251352000051 ], [ -1.275986233999959, 40.162128343000063 ], [ -1.253029418999972, 40.144023091000065 ], [ -1.24670320599995, 40.146621043000039 ], [ -1.244266499999981, 40.145984499000065 ], [ -1.248547336999934, 40.135261399000058 ], [ -1.246333495999977, 40.127644485000076 ], [ -1.250638, 40.122996499000067 ], [ -1.251468665999937, 40.124672825000061 ], [ -1.253369112999962, 40.124865362000037 ], [ -1.261166480999975, 40.119839132000038 ], [ -1.259673459999931, 40.116415505000077 ], [ -1.252636499999937, 40.112967999000034 ] ] ] } },
{ "type": "Feature", "properties": { "code": "46093", "name": "Catadau" }, "geometry": { "type": "Polygon", "coordinates": [ [ [ -0.540286499999979, 39.259616999000059 ], [ -0.556756, 39.253612499000042 ], [ -0.560390499999926, 39.247699499000078 ], [ -0.565729499999975, 39.244807999000045 ], [ -0.572161, 39.243404499000064 ], [ -0.602049499999964, 39.229610499000046 ], [ -0.636608, 39.237804999000048 ], [ -0.644617499999924, 39.242885499000067 ], [ -0.662677, 39.251689999000064 ], [ -0.690143499999976, 39.262599999000031 ], [ -0.687473, 39.266628499000035 ], [ -0.680860499999937, 39.263297999000031 ], [ -0.675866, 39.26183749900008 ], [ -0.662601499999937, 39.265491499000063 ], [ -0.644553499999972, 39.26628099900006 ], [ -0.620810499999948, 39.270858499000042 ], [ -0.609498, 39.274257999000042 ], [ -0.591675499999951, 39.275169499000071 ], [ -0.570337, 39.278114499000026 ], [ -0.566468, 39.279338999000061 ], [ -0.56168016099997, 39.272578796000062 ], [ -0.563440688999947, 39.267696538000052 ], [ -0.560831249999978, 39.260971458000029 ], [ -0.549178750999943, 39.264014494000037 ], [ -0.540286499999979, 39.259616999000059 ] ] ] } },
{ "type": "Feature", "properties": { "code": "46094", "name": "Catarroja" }, "geometry": { "type": "Polygon", "coordinates": [ [ [ -0.34727, 39.369820999000069 ], [ -0.35615, 39.364913499000068 ], [ -0.373998655999969, 39.380939731000069 ], [ -0.389984115999937, 39.387233943000069 ], [ -0.407747047999976, 39.401211226000044 ], [ -0.437905857999965, 39.403267031000041 ], [ -0.450135, 39.400684499000079 ], [ -0.450711499999954, 39.40279749900003 ], [ -0.427673, 39.417484499000068 ], [ -0.421141, 39.419429499000046 ], [ -0.41653202599997, 39.414632142000073 ], [ -0.408134081999947, 39.415210319000039 ], [ -0.396395499999926, 39.404290999000068 ], [ -0.394639499999926, 39.403528999000059 ], [ -0.378515499999935, 39.400790499000038 ], [ -0.371277499999962, 39.398856999000031 ], [ -0.367515499999968, 39.396874999000033 ], [ -0.363339, 39.392167999000037 ], [ -0.357162, 39.378658999000038 ], [ -0.354199, 39.375050999000052 ], [ -0.34727, 39.369820999000069 ] ] ] } },
{ "type": "Feature", "properties": { "code": "46095", "name": "Caudete de las Fuentes" }, "geometry": { "type": "Polygon", "coordinates": [ [ [ -1.322383, 39.580100999000081 ], [ -1.299321206999934, 39.570098727000072 ], [ -1.266932639999936, 39.561887363000039 ], [ -1.24706348199993, 39.54630234800004 ], [ -1.242688308999959, 39.546728835000067 ], [ -1.235445, 39.541358999000067 ], [ -1.236063, 39.531188999000051 ], [ -1.243599, 39.529471999000066 ], [ -1.255968, 39.529002999000056 ], [ -1.267368499999975, 39.526218499000038 ], [ -1.297849, 39.521560499000032 ], [ -1.316893499999935, 39.51578149900007 ], [ -1.321402499999976, 39.529956499000036 ], [ -1.331925499999954, 39.531684999000049 ], [ -1.331794, 39.535205999000027 ], [ -1.329040499999962, 39.540382499000032 ], [ -1.32918449999994, 39.566413999000076 ], [ -1.322383, 39.580100999000081 ] ] ] } },
{ "type": "Feature", "properties": { "code": "46096", "name": "Cerdà" }, "geometry": { "type": "MultiPolygon", "coordinates": [ [ [ [ -0.569129499999974, 38.983173499000031 ], [ -0.569573, 38.982021499000041 ], [ -0.576825, 38.985999999000057 ], [ -0.574530098999958, 38.98785214600008 ], [ -0.569777017999968, 38.986736564000068 ], [ -0.568133771999953, 38.985417913000049 ], [ -0.569129499999974, 38.983173499000031 ] ] ], [ [ [ -0.582462499999963, 38.989287999000055 ], [ -0.580252, 38.988044499000068 ], [ -0.578514, 38.986583499000062 ], [ -0.580933750999975, 38.986414330000059 ], [ -0.582462499999963, 38.989287999000055 ] ] ], [ [ [ -0.581298, 38.992626499000039 ], [ -0.584062, 38.990780499000039 ], [ -0.586089499999957, 38.992316999000025 ], [ -0.583973957999945, 38.994026752000025 ], [ -0.581298, 38.992626499000039 ] ] ], [ [ [ -0.594868499999961, 38.986049499000046 ], [ -0.590353499999935, 38.98848749900003 ], [ -0.593333813999948, 38.985571383000035 ], [ -0.594868499999961, 38.986049499000046 ] ] ], [ [ [ -0.604001, 38.985316999000077 ], [ -0.603746, 38.982314999000039 ], [ -0.61542426699998, 38.982403910000073 ], [ -0.61693558199994, 38.983350578000056 ], [ -0.615454560999979, 38.984330174000036 ], [ -0.604001, 38.985316999000077 ] ] ] ] } },
{ "type": "Feature", "properties": { "code": "46097", "name": "Cofrentes" }, "geometry": { "type": "Polygon", "coordinates": [ [ [ -0.996735, 39.20975499900004 ], [ -1.003993424999976, 39.215945364000049 ], [ -1.052335288999927, 39.207426195000039 ], [ -1.087345561999939, 39.218919120000066 ], [ -1.121718398999974, 39.226966945000072 ], [ -1.141250022999941, 39.228607828000065 ], [ -1.176847499999951, 39.246677499000043 ], [ -1.176007499999969, 39.265539499000056 ], [ -1.12020634199996, 39.275921713000059 ], [ -1.112028314999975, 39.284965882000051 ], [ -1.089667837999968, 39.293781484000078 ], [ -1.090982379999957, 39.31152878000006 ], [ -1.071852307999961, 39.31201926600005 ], [ -1.059279499999946, 39.315551499000037 ], [ -1.03672265299997, 39.294253439000045 ], [ -1.032015520999948, 39.274410320000072 ], [ -1.01069952499995, 39.24816822300005 ], [ -0.996735, 39.20975499900004 ] ] ] } },
{ "type": "Feature", "properties": { "code": "46098", "name": "Corbera" }, "geometry": { "type": "Polygon", "coordinates": [ [ [ -0.347466499999939, 39.127342499000065 ], [ -0.372087044999944, 39.14581534000007 ], [ -0.379791317999945, 39.15541337500008 ], [ -0.38128293099993, 39.165991838000025 ], [ -0.392104499999959, 39.176200999000059 ], [ -0.374683499999946, 39.178816999000048 ], [ -0.336877499999957, 39.177814499000078 ], [ -0.329065392999951, 39.175295070000061 ], [ -0.326375499999926, 39.164436499000033 ], [ -0.323344, 39.162898999000049 ], [ -0.323536450999939, 39.158825326000056 ], [ -0.318187, 39.160339499000031 ], [ -0.307200499999965, 39.155021499000043 ], [ -0.308768499999928, 39.149059499000032 ], [ -0.306603, 39.149440999000035 ], [ -0.306696, 39.146976499000061 ], [ -0.338132363999932, 39.154012155000032 ], [ -0.341059728999937, 39.138689536000072 ], [ -0.347466499999939, 39.127342499000065 ] ] ] } },
{ "type": "Feature", "properties": { "code": "46099", "name": "Cortes de Pallás" }, "geometry": { "type": "Polygon", "coordinates": [ [ [ -1.059279499999946, 39.315551499000037 ], [ -1.027900517999967, 39.324095071000045 ], [ -0.995819471999937, 39.33985109200006 ], [ -0.971305954999934, 39.334442294000041 ], [ -0.926643179999928, 39.315386883000031 ], [ -0.899663499999974, 39.310088999000072 ], [ -0.889675175999969, 39.287439474000053 ], [ -0.888786223999944, 39.274271833000057 ], [ -0.882527811999978, 39.276003905000039 ], [ -0.867141171999947, 39.272363589000065 ], [ -0.854571090999968, 39.275131281000029 ], [ -0.850493703999973, 39.284193481000045 ], [ -0.839123860999962, 39.280376414000045 ], [ -0.834913215999961, 39.274306607000028 ], [ -0.814934228999959, 39.272302799000045 ], [ -0.807487499999979, 39.265735499000073 ], [ -0.815855661999933, 39.261303092000048 ], [ -0.84439829799993, 39.233070273000067 ], [ -0.876193952999927, 39.22380465100008 ], [ -0.865968497999972, 39.194740929000034 ], [ -0.857867757999941, 39.182220984000026 ], [ -0.845703499999956, 39.170955499000058 ], [ -0.863249033999978, 39.167303975000038 ], [ -0.886931323999931, 39.168063757000027 ], [ -0.918954, 39.151187999000058 ], [ -0.959574, 39.16953649900006 ], [ -0.980013499999927, 39.183768999000051 ], [ -0.99032, 39.201572499000065 ], [ -0.996735, 39.20975499900004 ], [ -1.01069952499995, 39.24816822300005 ], [ -1.032015520999948, 39.274410320000072 ], [ -1.03672265299997, 39.294253439000045 ], [ -1.059279499999946, 39.315551499000037 ] ] ] } },
{ "type": "Feature", "properties": { "code": "46100", "name": "Cotes" }, "geometry": { "type": "Polygon", "coordinates": [ [ [ -0.580861499999969, 39.076217499000052 ], [ -0.574317826999959, 39.074206242000059 ], [ -0.572837213999946, 39.069336732000068 ], [ -0.586823675999938, 39.063688310000032 ], [ -0.586034870999924, 39.055675224000026 ], [ -0.592149499999948, 39.050872999000035 ], [ -0.594535499999949, 39.050750999000059 ], [ -0.598069499999951, 39.04840099900008 ], [ -0.600281, 39.047893499000054 ], [ -0.607899, 39.048160499000062 ], [ -0.62252, 39.045604499000035 ], [ -0.625180499999942, 39.056548999000029 ], [ -0.628725, 39.059406499000033 ], [ -0.622489499999972, 39.058910499000035 ], [ -0.616533499999946, 39.06041699900004 ], [ -0.611906, 39.060207499000057 ], [ -0.599371499999961, 39.066570499000079 ], [ -0.587441833999947, 39.067010099000072 ], [ -0.580861499999969, 39.076217499000052 ] ] ] } },
{ "type": "Feature", "properties": { "code": "46101", "name": "Quart de les Valls" }, "geometry": { "type": "Polygon", "coordinates": [ [ [ -0.264754, 39.73478699900005 ], [ -0.288133499999958, 39.730732499000055 ], [ -0.298379046999969, 39.732570791000057 ], [ -0.30961379699994, 39.746445599000026 ], [ -0.309283354999934, 39.752244567000048 ], [ -0.293483772999934, 39.759178294000037 ], [ -0.273640499999942, 39.755100499000037 ], [ -0.264754, 39.73478699900005 ] ] ] } },
{ "type": "Feature", "properties": { "code": "46102", "name": "Quart de Poblet" }, "geometry": { "type": "Polygon", "coordinates": [ [ [ -0.433493, 39.467023999000048 ], [ -0.439776499999937, 39.464279999000041 ], [ -0.440875651999932, 39.470621006000044 ], [ -0.450556387999939, 39.475936024000077 ], [ -0.483317673999977, 39.474420236000071 ], [ -0.525975917999972, 39.451451854000027 ], [ -0.550673, 39.449252999000066 ], [ -0.552459499999941, 39.470345999000074 ], [ -0.530670645999976, 39.471158573000025 ], [ -0.526948, 39.484532499000068 ], [ -0.514061499999968, 39.482757499000058 ], [ -0.500812, 39.482642999000063 ], [ -0.492693, 39.483394999000041 ], [ -0.483392499999979, 39.482745999000031 ], [ -0.477666, 39.484195999000065 ], [ -0.467869499999949, 39.484687499000074 ], [ -0.461944, 39.483943999000076 ], [ -0.449114, 39.484771999000031 ], [ -0.446355499999925, 39.488033499000039 ], [ -0.44959549999993, 39.491637999000034 ], [ -0.443297763999965, 39.492162188000066 ], [ -0.433672244999968, 39.48682378500007 ], [ -0.426010499999961, 39.487964499000043 ], [ -0.421564, 39.485750999000061 ], [ -0.433493, 39.467023999000048 ] ] ] } },
{ "type": "Feature", "properties": { "code": "46103", "name": "Quartell" }, "geometry": { "type": "MultiPolygon", "coordinates": [ [ [ [ -0.22529616099996, 39.723628734000044 ], [ -0.222642460999964, 39.725580078000064 ], [ -0.202386113999978, 39.720413507000046 ], [ -0.197809137999968, 39.71646529800006 ], [ -0.196807384999943, 39.714027531000056 ], [ -0.21616819999997, 39.719699733000027 ], [ -0.22529616099996, 39.723628734000044 ] ] ], [ [ [ -0.243454, 39.729110499000058 ], [ -0.234040499999935, 39.727561999000045 ], [ -0.231041155999947, 39.723507605000066 ], [ -0.248802, 39.722804999000061 ], [ -0.250049651999973, 39.726377152000055 ], [ -0.243454, 39.729110499000058 ] ] ], [ [ [ -0.264374, 39.734939499000063 ], [ -0.271125, 39.750457999000048 ], [ -0.25974, 39.74353049900003 ], [ -0.262104499999964, 39.741306499000075 ], [ -0.261273499999959, 39.739016999000057 ], [ -0.25689449999993, 39.735816999000065 ], [ -0.260511015999953, 39.73310328000008 ], [ -0.264374, 39.734939499000063 ] ] ] ] } },
{ "type": "Feature", "properties": { "code": "46104", "name": "Quatretonda" }, "geometry": { "type": "Polygon", "coordinates": [ [ [ -0.38008149999996, 39.021570999000062 ], [ -0.357915, 39.00957149900006 ], [ -0.358386, 39.007820999000046 ], [ -0.355321499999945, 39.006975999000076 ], [ -0.331305499999928, 39.00652799900007 ], [ -0.321610499999963, 39.000358499000072 ], [ -0.339988179999978, 38.99438985300003 ], [ -0.350514144999977, 38.982259228000032 ], [ -0.350765499999966, 38.972415999000077 ], [ -0.35495949999995, 38.970123499000067 ], [ -0.358387499999935, 38.970138499000029 ], [ -0.367856, 38.960322999000027 ], [ -0.374928499999953, 38.95697799900006 ], [ -0.376682, 38.953513999000052 ], [ -0.383373, 38.946979499000065 ], [ -0.389523, 38.923701999000059 ], [ -0.391338499999961, 38.911910999000042 ], [ -0.401383858999964, 38.914381989000049 ], [ -0.404637416999947, 38.92104319200007 ], [ -0.417118703999961, 38.924225406000062 ], [ -0.447077499999978, 38.920146999000053 ], [ -0.425284482999928, 38.933428656000046 ], [ -0.421336997999958, 38.958320679000053 ], [ -0.39419324399995, 38.981147405000058 ], [ -0.396754537999925, 38.984063214000059 ], [ -0.403873, 38.984294999000042 ], [ -0.39584949999994, 38.999450499000034 ], [ -0.38008149999996, 39.021570999000062 ] ] ] } },
{ "type": "Feature", "properties": { "code": "46105", "name": "Cullera" }, "geometry": { "type": "Polygon", "coordinates": [ [ [ -0.272708499999965, 39.122581499000034 ], [ -0.273368466999955, 39.128765430000044 ], [ -0.295618, 39.134151499000041 ], [ -0.301695072999962, 39.144136837000076 ], [ -0.306696, 39.146976499000061 ], [ -0.306603, 39.149440999000035 ], [ -0.308768499999928, 39.149059499000032 ], [ -0.307200499999965, 39.155021499000043 ], [ -0.304807499999924, 39.162834499000041 ], [ -0.300495499999954, 39.168155499000079 ], [ -0.296344188999967, 39.164482207000049 ], [ -0.287595513999975, 39.166042007000044 ], [ -0.286535125999933, 39.169437438000045 ], [ -0.293154640999944, 39.173799098000075 ], [ -0.289983826999958, 39.176079041000037 ], [ -0.283956803999956, 39.17316865500004 ], [ -0.281057113999964, 39.175070804000029 ], [ -0.282843768999953, 39.183276072000069 ], [ -0.274400292999928, 39.204028003000076 ], [ -0.263128189999975, 39.215513736000048 ], [ -0.244578499999932, 39.225429499000029 ], [ -0.223295647999976, 39.191426292000074 ], [ -0.216720158999976, 39.185483330000068 ], [ -0.219853438999962, 39.181342950000044 ], [ -0.235904995999931, 39.178544575000046 ], [ -0.240887495999971, 39.165626233000069 ], [ -0.237294368999926, 39.140397349000068 ], [ -0.221945499999947, 39.105777999000054 ], [ -0.236605632999954, 39.104239522000057 ], [ -0.272708499999965, 39.122581499000034 ] ] ] } },
{ "type": "Feature", "properties": { "code": "46106", "name": "Chelva" }, "geometry": { "type": "MultiPolygon", "coordinates": [ [ [ [ -1.050785796999946, 39.821890626000027 ], [ -1.044108499999936, 39.816008999000076 ], [ -1.067032499999925, 39.820888999000033 ], [ -1.072135499999945, 39.83427449900006 ], [ -1.071091499999966, 39.848155999000028 ], [ -1.057944473999953, 39.848605831000043 ], [ -1.050493028999938, 39.842870485000049 ], [ -1.053707996999947, 39.829554063000046 ], [ -1.050785796999946, 39.821890626000027 ] ] ], [ [ [ -1.044108499999936, 39.816008999000076 ], [ -1.026769, 39.815456499000049 ], [ -1.008877, 39.817771999000058 ], [ -0.99409449999996, 39.821147999000061 ], [ -0.98149, 39.839755999000033 ], [ -0.95263, 39.839168499000039 ], [ -0.895902499999977, 39.84947949900004 ], [ -0.89065, 39.846561499000074 ], [ -0.883384, 39.828204999000036 ], [ -0.886859499999957, 39.819595499000059 ], [ -0.887722499999938, 39.803885499000046 ], [ -0.901500763999934, 39.79988429000008 ], [ -0.918748618999928, 39.790399133000051 ], [ -0.94467620599994, 39.784662062000052 ], [ -0.953821820999963, 39.771759469000074 ], [ -0.964575344999957, 39.769595558000049 ], [ -0.968892897999979, 39.759679763000065 ], [ -0.976167435999969, 39.757134809000036 ], [ -0.96566689499997, 39.747170777000065 ], [ -0.970669769999972, 39.740279480000027 ], [ -0.986563321999938, 39.730441406000068 ], [ -1.012696653999967, 39.704145944000061 ], [ -1.020039117999943, 39.690814807000038 ], [ -1.038018520999969, 39.693183469000076 ], [ -1.047363218999976, 39.682355320000056 ], [ -1.046918671999947, 39.678797401000054 ], [ -1.021936553999979, 39.661112156000058 ], [ -1.040629, 39.650550999000075 ], [ -1.043478, 39.64540099900006 ], [ -1.04876749999994, 39.639236499000049 ], [ -1.051638, 39.639114499000073 ], [ -1.062648267999975, 39.630183067000075 ], [ -1.061872656999981, 39.622255994000056 ], [ -1.067139499999939, 39.613471999000069 ], [ -1.069616, 39.613658999000052 ], [ -1.083149499999934, 39.616683999000031 ], [ -1.08845249999996, 39.617030999000065 ], [ -1.095794499999954, 39.620738999000025 ], [ -1.098551, 39.622638499000061 ], [ -1.113318499999934, 39.63784799900003 ], [ -1.120526499999926, 39.642757499000027 ], [ -1.128069, 39.645263499000066 ], [ -1.146796, 39.659721499000057 ], [ -1.128807945999938, 39.67638600600003 ], [ -1.092904075999968, 39.696512976000065 ], [ -1.076779544999965, 39.722327206000045 ], [ -1.063084276999973, 39.732393693000063 ], [ -1.065546499999925, 39.739551499000072 ], [ -1.033187737999924, 39.75270830200003 ], [ -1.02695519699995, 39.762416864000045 ], [ -1.028642742999978, 39.77261642600007 ], [ -1.022974852999937, 39.784252605000063 ], [ -1.022195631999978, 39.796534505000068 ], [ -1.027169131999926, 39.80584323100004 ], [ -1.044108499999936, 39.816008999000076 ] ] ] ] } },
{ "type": "Feature", "properties": { "code": "46107", "name": "Chella" }, "geometry": { "type": "Polygon", "coordinates": [ [ [ -0.803547, 39.018920999000045 ], [ -0.778153728999939, 39.032103870000071 ], [ -0.758224568999935, 39.036155991000044 ], [ -0.720633235999969, 39.03747985900003 ], [ -0.691820162999932, 39.050448280000069 ], [ -0.675587714999949, 39.052927586000067 ], [ -0.667027099999927, 39.062986188000025 ], [ -0.67411, 39.077987499000074 ], [ -0.668402, 39.07967749900007 ], [ -0.660587499999963, 39.086639499000057 ], [ -0.651291, 39.077262999000027 ], [ -0.647972, 39.075607499000057 ], [ -0.641759, 39.07072049900006 ], [ -0.625180499999942, 39.056548999000029 ], [ -0.62252, 39.045604499000035 ], [ -0.629006499999946, 39.040698999000028 ], [ -0.63421649999998, 39.038245999000026 ], [ -0.645128499999942, 39.034915999000077 ], [ -0.658458499999938, 39.028644499000052 ], [ -0.668303499999979, 39.025760499000057 ], [ -0.690943499999946, 39.024318999000059 ], [ -0.697706499999924, 39.023406999000031 ], [ -0.703452499999969, 39.021125999000049 ], [ -0.7117, 39.022586999000055 ], [ -0.71682149999998, 39.020965499000056 ], [ -0.723724, 39.022208999000043 ], [ -0.731814, 39.025302999000075 ], [ -0.75169649999998, 39.019363499000065 ], [ -0.760778499999958, 39.014869499000042 ], [ -0.764953499999933, 39.011039499000049 ], [ -0.77061649999996, 39.008681999000032 ], [ -0.783456499999943, 39.008079499000075 ], [ -0.79612, 39.005561999000065 ], [ -0.800516, 39.015006999000036 ], [ -0.803547, 39.018920999000045 ] ] ] } },
{ "type": "Feature", "properties": { "code": "46108", "name": "Chera" }, "geometry": { "type": "Polygon", "coordinates": [ [ [ -0.963921, 39.630130499000074 ], [ -0.933844738999937, 39.599926570000036 ], [ -0.931713663999972, 39.588190375000067 ], [ -0.926133738999965, 39.577957870000034 ], [ -0.900102190999974, 39.568413902000032 ], [ -0.898067499999968, 39.563911499000028 ], [ -0.910131084999932, 39.562685199000043 ], [ -0.933740235999949, 39.554499066000062 ], [ -0.935054157999957, 39.551790787000073 ], [ -0.931657, 39.543620999000041 ], [ -0.945813499999929, 39.545825999000044 ], [ -0.955135, 39.548171999000033 ], [ -0.963249499999961, 39.551288499000066 ], [ -0.982689, 39.553157499000065 ], [ -1.014289499999961, 39.583705999000074 ], [ -1.004626, 39.602325499000074 ], [ -0.997155499999963, 39.611015499000075 ], [ -0.991579, 39.61577599900005 ], [ -0.988988, 39.620750499000053 ], [ -0.981672499999945, 39.623088999000061 ], [ -0.972502499999962, 39.627506499000049 ], [ -0.963921, 39.630130499000074 ] ] ] } },
{ "type": "Feature", "properties": { "code": "46109", "name": "Cheste" }, "geometry": { "type": "Polygon", "coordinates": [ [ [ -0.591286, 39.47829499900007 ], [ -0.61692121599998, 39.48189661400005 ], [ -0.647328346999927, 39.471341516000052 ], [ -0.671782074999953, 39.472125300000073 ], [ -0.730228817999944, 39.50430530400007 ], [ -0.755425375999948, 39.523883254000054 ], [ -0.767309997999973, 39.537923083000067 ], [ -0.795156, 39.554787499000042 ], [ -0.78962, 39.556414999000026 ], [ -0.784954, 39.555286499000033 ], [ -0.784118, 39.553386499000055 ], [ -0.775942499999928, 39.552470999000036 ], [ -0.773872, 39.550882499000068 ], [ -0.750628, 39.541567999000051 ], [ -0.743811499999936, 39.537874999000053 ], [ -0.71811, 39.545284999000046 ], [ -0.695338, 39.53486999900008 ], [ -0.684832, 39.532050999000035 ], [ -0.659187, 39.525844499000073 ], [ -0.638384, 39.52434899900004 ], [ -0.606299499999977, 39.517295499000056 ], [ -0.606777, 39.51356049900005 ], [ -0.596175499999958, 39.500007499000048 ], [ -0.589119499999924, 39.485024499000076 ], [ -0.591286, 39.47829499900007 ] ] ] } },
{ "type": "Feature", "properties": { "code": "46110", "name": "Xirivella" }, "geometry": { "type": "Polygon", "coordinates": [ [ [ -0.418158499999947, 39.468898499000034 ], [ -0.412112900999944, 39.465639969000051 ], [ -0.416358748999926, 39.454637121000076 ], [ -0.44345124299997, 39.448036587000047 ], [ -0.447376499999962, 39.452489999000079 ], [ -0.448816, 39.459902499000066 ], [ -0.433493, 39.467023999000048 ], [ -0.422119090999956, 39.470309021000048 ], [ -0.418158499999947, 39.468898499000034 ] ] ] } },
{ "type": "Feature", "properties": { "code": "46111", "name": "Chiva" }, "geometry": { "type": "Polygon", "coordinates": [ [ [ -0.920066, 39.538631499000076 ], [ -0.919649499999935, 39.543937499000037 ], [ -0.893645499999934, 39.552711999000053 ], [ -0.888113499999974, 39.553603999000075 ], [ -0.867880499999956, 39.551837499000044 ], [ -0.846099, 39.547198999000045 ], [ -0.829719, 39.54249949900003 ], [ -0.795156, 39.554787499000042 ], [ -0.767309997999973, 39.537923083000067 ], [ -0.755425375999948, 39.523883254000054 ], [ -0.730228817999944, 39.50430530400007 ], [ -0.671782074999953, 39.472125300000073 ], [ -0.647328346999927, 39.471341516000052 ], [ -0.61692121599998, 39.48189661400005 ], [ -0.591286, 39.47829499900007 ], [ -0.575036804999968, 39.470053668000048 ], [ -0.552459499999941, 39.470345999000074 ], [ -0.550673, 39.449252999000066 ], [ -0.534484499999962, 39.443668499000069 ], [ -0.553836962999981, 39.429641711000045 ], [ -0.56374025599996, 39.428771871000038 ], [ -0.600845980999964, 39.434830868000063 ], [ -0.61721, 39.444206499000074 ], [ -0.672548284999948, 39.447257155000045 ], [ -0.698904959999936, 39.440943502000039 ], [ -0.703699658999938, 39.437460049000038 ], [ -0.721033472999977, 39.435670565000066 ], [ -0.730864538999924, 39.42903261500004 ], [ -0.733533, 39.423549999000045 ], [ -0.747330499999975, 39.445655999000053 ], [ -0.761819499999945, 39.451530499000057 ], [ -0.771068, 39.453773499000079 ], [ -0.788077499999929, 39.462711499000079 ], [ -0.809544, 39.475765499000033 ], [ -0.824265, 39.478252499000064 ], [ -0.842192499999953, 39.483524499000055 ], [ -0.853155, 39.488517499000068 ], [ -0.860382638999965, 39.494667529000026 ], [ -0.865387210999927, 39.50430530400007 ], [ -0.871187538999948, 39.512717618000067 ], [ -0.920066, 39.538631499000076 ] ] ] } },
{ "type": "Feature", "properties": { "code": "46112", "name": "Chulilla" }, "geometry": { "type": "Polygon", "coordinates": [ [ [ -0.914782499999944, 39.648898999000039 ], [ -0.911647, 39.674472499000046 ], [ -0.908561, 39.679374499000062 ], [ -0.904254499999979, 39.683421999000075 ], [ -0.892909, 39.685702499000058 ], [ -0.878785, 39.685004999000057 ], [ -0.867682, 39.687728999000058 ], [ -0.854576499999951, 39.686542499000041 ], [ -0.842665, 39.684482499000069 ], [ -0.826991785999951, 39.676714951000065 ], [ -0.801844616999972, 39.657303628000079 ], [ -0.796209097999963, 39.656641282000066 ], [ -0.787609, 39.660606499000039 ], [ -0.795770227999981, 39.65077795600007 ], [ -0.794229962999964, 39.638271910000071 ], [ -0.798041499999954, 39.632671499000026 ], [ -0.831041894999942, 39.627419165000049 ], [ -0.865998, 39.609065999000052 ], [ -0.874243499999977, 39.615558499000031 ], [ -0.885927, 39.61943799900007 ], [ -0.889737499999967, 39.625545499000054 ], [ -0.901811499999951, 39.626899999000045 ], [ -0.905798, 39.632636999000056 ], [ -0.905858, 39.636836999000025 ], [ -0.908348499999931, 39.641612999000074 ], [ -0.914782499999944, 39.648898999000039 ] ] ] } },
{ "type": "Feature", "properties": { "code": "46113", "name": "Daimús" }, "geometry": { "type": "Polygon", "coordinates": [ [ [ -0.156358499999953, 38.961456499000064 ], [ -0.164986823999925, 38.964877072000036 ], [ -0.15750012999996, 38.972686044000056 ], [ -0.157719511999971, 38.978662532000044 ], [ -0.14686949999998, 38.983402499000078 ], [ -0.135941499999944, 38.970992999000032 ], [ -0.156358499999953, 38.961456499000064 ] ] ] } },
{ "type": "Feature", "properties": { "code": "46114", "name": "Domeño" }, "geometry": { "type": "MultiPolygon", "coordinates": [ [ [ [ -0.688221357999964, 39.671743701000025 ], [ -0.683262419999949, 39.674333231000048 ], [ -0.659899503999952, 39.661516445000075 ], [ -0.664183376999972, 39.652777471000036 ], [ -0.661794716999964, 39.645055739000043 ], [ -0.672969827999964, 39.645855706000077 ], [ -0.676459614999942, 39.664137376000042 ], [ -0.688221357999964, 39.671743701000025 ] ] ], [ [ [ -0.840118, 39.73848749900003 ], [ -0.856372499999964, 39.722743999000045 ], [ -0.874427499999967, 39.709617499000046 ], [ -0.890651499999933, 39.695479999000042 ], [ -0.905222874999936, 39.69892610800008 ], [ -0.922463397999934, 39.698306135000053 ], [ -0.952606381999942, 39.687437877000036 ], [ -0.963478389999977, 39.675515864000033 ], [ -0.983296721999977, 39.666387751000059 ], [ -1.010154066999974, 39.633004537000033 ], [ -1.040629, 39.650550999000075 ], [ -1.021936553999979, 39.661112156000058 ], [ -1.026157499999954, 39.664343999000039 ], [ -1.001941513999952, 39.68520583600008 ], [ -0.995115066999972, 39.696745372000066 ], [ -0.986017510999943, 39.698001072000068 ], [ -0.968418763999978, 39.70612605000008 ], [ -0.952117539999961, 39.722240733000035 ], [ -0.937465156999963, 39.728974038000047 ], [ -0.917437264999933, 39.732340603000068 ], [ -0.889520886999946, 39.742748335000044 ], [ -0.887361, 39.757247999000072 ], [ -0.875946990999978, 39.757812881000063 ], [ -0.854893863999962, 39.752850018000061 ], [ -0.840118, 39.73848749900003 ] ] ] ] } },
{ "type": "Feature", "properties": { "code": "46115", "name": "Dos Aguas" }, "geometry": { "type": "Polygon", "coordinates": [ [ [ -0.716178, 39.223209499000063 ], [ -0.725493516999961, 39.227195084000073 ], [ -0.731849023999928, 39.23454614700006 ], [ -0.737387372999933, 39.234547826000039 ], [ -0.773667926999963, 39.250429646000043 ], [ -0.782542342999932, 39.265340111000057 ], [ -0.790962499999978, 39.266467922000061 ], [ -0.796761434999951, 39.260844317000078 ], [ -0.807487499999979, 39.265735499000073 ], [ -0.814934228999959, 39.272302799000045 ], [ -0.834913215999961, 39.274306607000028 ], [ -0.839123860999962, 39.280376414000045 ], [ -0.850493703999973, 39.284193481000045 ], [ -0.854571090999968, 39.275131281000029 ], [ -0.867141171999947, 39.272363589000065 ], [ -0.882527811999978, 39.276003905000039 ], [ -0.888786223999944, 39.274271833000057 ], [ -0.889675175999969, 39.287439474000053 ], [ -0.899663499999974, 39.310088999000072 ], [ -0.887714499999959, 39.313285999000072 ], [ -0.871526, 39.315883499000051 ], [ -0.858158, 39.319080499000052 ], [ -0.847523, 39.320190499000034 ], [ -0.830872, 39.321124999000062 ], [ -0.794117, 39.318782999000064 ], [ -0.777363, 39.319607499000028 ], [ -0.745148, 39.325175999000066 ], [ -0.712716499999942, 39.322959999000034 ], [ -0.694780499999979, 39.31520849900005 ], [ -0.68156, 39.294105499000068 ], [ -0.676137746999927, 39.283836232000056 ], [ -0.690143499999976, 39.262599999000031 ], [ -0.701520499999958, 39.258101999000075 ], [ -0.706081499999925, 39.257571999000049 ], [ -0.708124, 39.236511499000073 ], [ -0.710961499999939, 39.229018999000061 ], [ -0.716178, 39.223209499000063 ] ] ] } },
{ "type": "Feature", "properties": { "code": "46116", "name": "Eliana, l'" }, "geometry": { "type": "Polygon", "coordinates": [ [ [ -0.521544, 39.576114499000028 ], [ -0.510778332999962, 39.568901450000055 ], [ -0.511033564999934, 39.562693904000071 ], [ -0.504180432999931, 39.560361141000044 ], [ -0.506417, 39.553944999000066 ], [ -0.514147, 39.542342499000029 ], [ -0.52612795899995, 39.551698142000077 ], [ -0.55442, 39.560582999000076 ], [ -0.531333419999953, 39.579226491000043 ], [ -0.521544, 39.576114499000028 ] ] ] } },
{ "type": "Feature", "properties": { "code": "46117", "name": "Emperador" }, "geometry": { "type": "Polygon", "coordinates": [ [ [ -0.342686672999946, 39.552263034000077 ], [ -0.33992981199998, 39.556511154000077 ], [ -0.335928386999967, 39.555184375000067 ], [ -0.338052216999927, 39.551352535000035 ], [ -0.342686672999946, 39.552263034000077 ] ] ] } },
{ "type": "Feature", "properties": { "code": "46118", "name": "Enguera" }, "geometry": { "type": "Polygon", "coordinates": [ [ [ -0.92431849999997, 38.891585999000029 ], [ -0.941577, 38.900076999000078 ], [ -0.947633499999938, 38.90802349900008 ], [ -0.951626499999975, 38.911413499000048 ], [ -0.951918, 38.915983499000049 ], [ -0.953556499999934, 38.919212499000025 ], [ -0.957010499999967, 38.920709499000054 ], [ -0.958222, 38.938319499000045 ], [ -0.959391499999924, 38.944286499000043 ], [ -0.936883826999974, 38.949982067000064 ], [ -0.906934146999959, 38.969543590000058 ], [ -0.897137544999964, 38.981384717000026 ], [ -0.894139100999951, 38.992535824000072 ], [ -0.882019, 39.012351499000033 ], [ -0.879164749999973, 39.01153376700006 ], [ -0.873794711999949, 39.013749490000066 ], [ -0.872187073999953, 39.017337445000067 ], [ -0.866660576999948, 39.019436907000056 ], [ -0.86268262699997, 39.017631827000059 ], [ -0.86188748099994, 39.022251044000029 ], [ -0.855197688999965, 39.023706055000048 ], [ -0.851301324999952, 39.029494822000061 ], [ -0.845749762999958, 39.030598878000035 ], [ -0.832526499999972, 39.037456499000029 ], [ -0.824029198999938, 39.028567670000029 ], [ -0.803547, 39.018920999000045 ], [ -0.800516, 39.015006999000036 ], [ -0.79612, 39.005561999000065 ], [ -0.783456499999943, 39.008079499000075 ], [ -0.77061649999996, 39.008681999000032 ], [ -0.764953499999933, 39.011039499000049 ], [ -0.760778499999958, 39.014869499000042 ], [ -0.75169649999998, 39.019363499000065 ], [ -0.731814, 39.025302999000075 ], [ -0.723724, 39.022208999000043 ], [ -0.71682149999998, 39.020965499000056 ], [ -0.664606, 39.00158699900004 ], [ -0.644774499999926, 38.985023499000079 ], [ -0.643670499999928, 38.980712999000048 ], [ -0.651119499999936, 38.980945499000029 ], [ -0.652910499999962, 38.981918499000074 ], [ -0.66745549999996, 38.973865499000055 ], [ -0.669179, 38.97100049900007 ], [ -0.672803499999929, 38.967765999000051 ], [ -0.683304, 38.96364199900006 ], [ -0.689044, 38.958106999000051 ], [ -0.695195, 38.949966499000027 ], [ -0.698874499999931, 38.946784999000045 ], [ -0.71016149999997, 38.939872499000046 ], [ -0.721021, 38.92967599900004 ], [ -0.727545499999962, 38.925128999000037 ], [ -0.738962, 38.924476499000036 ], [ -0.760721, 38.919959999000071 ], [ -0.763583, 38.916942499000072 ], [ -0.786081188999958, 38.918879488000073 ], [ -0.813375220999944, 38.912816515000031 ], [ -0.835524986999928, 38.916938519000041 ], [ -0.902399, 38.90015149900006 ], [ -0.908628499999963, 38.89658349900003 ], [ -0.92431849999997, 38.891585999000029 ] ] ] } },
{ "type": "Feature", "properties": { "code": "46119", "name": "Énova, l'" }, "geometry": { "type": "Polygon", "coordinates": [ [ [ -0.47217349999994, 39.060996999000054 ], [ -0.46577949999994, 39.067191999000045 ], [ -0.452345492999939, 39.063408853000055 ], [ -0.451019557999928, 39.060397006000073 ], [ -0.466130998999972, 39.058119629000032 ], [ -0.474564208999936, 39.047278074000076 ], [ -0.467306965999967, 39.041552554000077 ], [ -0.448771133999969, 39.039645204000067 ], [ -0.436457, 39.029189999000039 ], [ -0.443213155999956, 39.026859964000039 ], [ -0.469664499999965, 39.028625499000043 ], [ -0.482070499999963, 39.040382499000032 ], [ -0.487296708999963, 39.049136257000043 ], [ -0.47217349999994, 39.060996999000054 ] ] ] } },
{ "type": "Feature", "properties": { "code": "46120", "name": "Estivella" }, "geometry": { "type": "Polygon", "coordinates": [ [ [ -0.323675, 39.71800999900006 ], [ -0.338393322999934, 39.711547080000059 ], [ -0.347187585999961, 39.703802064000058 ], [ -0.376431499999967, 39.694152999000039 ], [ -0.389165, 39.690738499000076 ], [ -0.399427, 39.702236999000036 ], [ -0.404771499999924, 39.713969999000028 ], [ -0.408285499999977, 39.718562999000028 ], [ -0.404387997999947, 39.725050273000079 ], [ -0.398805022999966, 39.728007367000032 ], [ -0.356196265999927, 39.727866497000036 ], [ -0.340269038999963, 39.733887464000077 ], [ -0.331498499999952, 39.729568499000038 ], [ -0.323675, 39.71800999900006 ] ] ] } },
{ "type": "Feature", "properties": { "code": "46121", "name": "Estubeny" }, "geometry": { "type": "Polygon", "coordinates": [ [ [ -0.621354, 39.030055999000069 ], [ -0.603015781999943, 39.024222873000042 ], [ -0.597007678999944, 39.018363259000068 ], [ -0.600052499999947, 39.012653499000066 ], [ -0.603352521999966, 39.011784547000047 ], [ -0.602020499999981, 39.009116999000071 ], [ -0.625727499999925, 39.001933999000073 ], [ -0.629437312999926, 39.006781868000076 ], [ -0.632408660999943, 39.026714722000065 ], [ -0.629600572999948, 39.029470261000029 ], [ -0.621354, 39.030055999000069 ] ] ] } },
{ "type": "Feature", "properties": { "code": "46122", "name": "Faura" }, "geometry": { "type": "Polygon", "coordinates": [ [ [ -0.248802, 39.722804999000061 ], [ -0.254319690999978, 39.725133552000045 ], [ -0.260855, 39.72277499900008 ], [ -0.268774960999963, 39.723905150000064 ], [ -0.263453819999938, 39.728906056000028 ], [ -0.264754, 39.73478699900005 ], [ -0.260511015999953, 39.73310328000008 ], [ -0.25689449999993, 39.735816999000065 ], [ -0.250931391999927, 39.731307167000068 ], [ -0.243454, 39.729110499000058 ], [ -0.250049651999973, 39.726377152000055 ], [ -0.248802, 39.722804999000061 ] ] ] } },
{ "type": "Feature", "properties": { "code": "46123", "name": "Favara" }, "geometry": { "type": "Polygon", "coordinates": [ [ [ -0.272708499999965, 39.122581499000034 ], [ -0.286223548999942, 39.116599378000046 ], [ -0.297695671999975, 39.102227733000063 ], [ -0.304645499999936, 39.099117499000045 ], [ -0.324662499999931, 39.111903999000049 ], [ -0.317203338999946, 39.123015088000045 ], [ -0.295618, 39.134151499000041 ], [ -0.273368466999955, 39.128765430000044 ], [ -0.272708499999965, 39.122581499000034 ] ] ] } },
{ "type": "Feature", "properties": { "code": "46124", "name": "Fontanars dels Alforins" }, "geometry": { "type": "Polygon", "coordinates": [ [ [ -0.837502499999971, 38.736499499000047 ], [ -0.836980061999952, 38.741983516000062 ], [ -0.860045, 38.769007499000054 ], [ -0.839683499999978, 38.785804499000051 ], [ -0.831917499999975, 38.788757499000042 ], [ -0.824996, 38.792995499000028 ], [ -0.818867499999953, 38.79726049900006 ], [ -0.817040499999962, 38.79980499900006 ], [ -0.814249, 38.801822499000025 ], [ -0.807824499999924, 38.804793999000026 ], [ -0.792903499999966, 38.809188999000071 ], [ -0.761954, 38.821151999000051 ], [ -0.755145, 38.824523999000064 ], [ -0.752788, 38.82366199900008 ], [ -0.742643, 38.826823999000055 ], [ -0.735355, 38.832893499000079 ], [ -0.727451499999972, 38.835799999000074 ], [ -0.721084499999961, 38.836784499000032 ], [ -0.728342402999942, 38.801258886000028 ], [ -0.733110058999955, 38.795992210000065 ], [ -0.733499608999978, 38.789843437000059 ], [ -0.737522461999959, 38.787082416000032 ], [ -0.733930101999931, 38.780134522000026 ], [ -0.731933499999968, 38.756267499000046 ], [ -0.743474330999959, 38.758686071000056 ], [ -0.7433, 38.755637999000044 ], [ -0.75253982199996, 38.754697724000039 ], [ -0.761094318999938, 38.74981957600005 ], [ -0.78498985899995, 38.74755194800008 ], [ -0.793523088999962, 38.739287496000031 ], [ -0.801001, 38.737170999000057 ], [ -0.817658862999963, 38.737757571000031 ], [ -0.831964612999968, 38.732592882000063 ], [ -0.837502499999971, 38.736499499000047 ] ] ] } },
{ "type": "Feature", "properties": { "code": "46125", "name": "Fortaleny" }, "geometry": { "type": "MultiPolygon", "coordinates": [ [ [ [ -0.300495499999954, 39.168155499000079 ], [ -0.304807499999924, 39.162834499000041 ], [ -0.307200499999965, 39.155021499000043 ], [ -0.318187, 39.160339499000031 ], [ -0.316985, 39.161842499000045 ], [ -0.312444, 39.162261999000066 ], [ -0.308473, 39.168368999000052 ], [ -0.305074, 39.170703999000068 ], [ -0.300495499999954, 39.168155499000079 ] ] ], [ [ [ -0.331338, 39.192371499000046 ], [ -0.324974868999959, 39.194744512000057 ], [ -0.309184070999947, 39.189723624000067 ], [ -0.311539558999925, 39.184067107000033 ], [ -0.30733349999997, 39.176124499000025 ], [ -0.312369500999978, 39.175242599000057 ], [ -0.312711692999926, 39.173430838000058 ], [ -0.318431526999973, 39.170361696000043 ], [ -0.323344, 39.162898999000049 ], [ -0.326375499999926, 39.164436499000033 ], [ -0.322612162999974, 39.171069736000049 ], [ -0.325863927999933, 39.184798683000054 ], [ -0.331338, 39.192371499000046 ] ] ] ] } },
{ "type": "Feature", "properties": { "code": "46126", "name": "Foios" }, "geometry": { "type": "Polygon", "coordinates": [ [ [ -0.383828499999936, 39.575102499000025 ], [ -0.346604418999959, 39.538510491000068 ], [ -0.31225, 39.527900499000054 ], [ -0.313922, 39.524982499000032 ], [ -0.340771813999936, 39.533831259000067 ], [ -0.350265803999946, 39.533943646000068 ], [ -0.353411499999936, 39.529486999000028 ], [ -0.362052499999947, 39.53232299900003 ], [ -0.367345414999932, 39.541492847000029 ], [ -0.376822, 39.54223999900006 ], [ -0.380844, 39.54638649900005 ], [ -0.382380499999954, 39.551608999000052 ], [ -0.374183610999978, 39.557975762000069 ], [ -0.384596911999949, 39.569543908000071 ], [ -0.383828499999936, 39.575102499000025 ] ] ] } },
{ "type": "Feature", "properties": { "code": "46127", "name": "Font d'En Carròs, la" }, "geometry": { "type": "Polygon", "coordinates": [ [ [ -0.161077, 38.926799499000026 ], [ -0.15576249999998, 38.925571499000057 ], [ -0.150318, 38.926475499000048 ], [ -0.138106015999938, 38.921227505000047 ], [ -0.13731764399995, 38.917976270000054 ], [ -0.150940840999965, 38.903443841000069 ], [ -0.161496, 38.897065499000064 ], [ -0.179690499999936, 38.901668999000037 ], [ -0.184256499999947, 38.925878499000078 ], [ -0.180722499999945, 38.928919499000074 ], [ -0.161077, 38.926799499000026 ] ] ] } },
{ "type": "Feature", "properties": { "code": "46128", "name": "Font de la Figuera, la" }, "geometry": { "type": "Polygon", "coordinates": [ [ [ -0.92431849999997, 38.891585999000029 ], [ -0.908628499999963, 38.89658349900003 ], [ -0.902399, 38.90015149900006 ], [ -0.89942623099995, 38.893229015000031 ], [ -0.875311070999942, 38.873978998000041 ], [ -0.861593463999952, 38.84913537400007 ], [ -0.85182128799994, 38.839240006000068 ], [ -0.852092167999956, 38.834873939000033 ], [ -0.864159779999966, 38.826118296000061 ], [ -0.850076077999972, 38.811479398000074 ], [ -0.833602850999966, 38.802393448000032 ], [ -0.833780135999973, 38.792795075000072 ], [ -0.839683499999978, 38.785804499000051 ], [ -0.860045, 38.769007499000054 ], [ -0.88238006499995, 38.771546790000059 ], [ -0.906294871999933, 38.767651009000076 ], [ -0.914653423999937, 38.771353212000065 ], [ -0.916813436999973, 38.781324239000071 ], [ -0.929144, 38.783650499000032 ], [ -0.929385, 38.787056999000072 ], [ -0.93404849999996, 38.793632499000068 ], [ -0.933061, 38.810868499000037 ], [ -0.927449, 38.81577149900005 ], [ -0.924487, 38.823769499000036 ], [ -0.930606, 38.829835499000069 ], [ -0.931854499999929, 38.841507999000044 ], [ -0.935156, 38.85562999900003 ], [ -0.93001, 38.863435499000047 ], [ -0.931986, 38.867991999000026 ], [ -0.931099, 38.871495999000047 ], [ -0.931378, 38.879487999000048 ], [ -0.927096, 38.884719499000028 ], [ -0.92431849999997, 38.891585999000029 ] ] ] } },
{ "type": "Feature", "properties": { "code": "46129", "name": "Fuenterrobles" }, "geometry": { "type": "Polygon", "coordinates": [ [ [ -1.417371, 39.564181999000027 ], [ -1.41595349399995, 39.58894884800003 ], [ -1.404429043999926, 39.595636765000052 ], [ -1.402245046999951, 39.607348640000055 ], [ -1.374402566999947, 39.615319126000031 ], [ -1.342694499999936, 39.614024999000037 ], [ -1.334606535999967, 39.598815955000077 ], [ -1.330297505999965, 39.582663394000065 ], [ -1.322383, 39.580100999000081 ], [ -1.32918449999994, 39.566413999000076 ], [ -1.329040499999962, 39.540382499000032 ], [ -1.331794, 39.535205999000027 ], [ -1.340576, 39.536792999000056 ], [ -1.357492, 39.545898499000032 ], [ -1.363556, 39.547847499000056 ], [ -1.379663, 39.548839499000053 ], [ -1.38538449999993, 39.549991499000043 ], [ -1.389979, 39.552181499000028 ], [ -1.396825499999977, 39.553069999000058 ], [ -1.402906, 39.560485999000036 ], [ -1.417371, 39.564181999000027 ] ] ] } },
{ "type": "Feature", "properties": { "code": "46130", "name": "Gavarda" }, "geometry": { "type": "Polygon", "coordinates": [ [ [ -0.537215499999945, 39.085822999000072 ], [ -0.53463344599993, 39.078484046000028 ], [ -0.536167860999967, 39.075381727000035 ], [ -0.539667, 39.075832499000057 ], [ -0.54182871699993, 39.079148520000047 ], [ -0.550311171999965, 39.080164190000062 ], [ -0.555438, 39.090137499000036 ], [ -0.563711, 39.083593499000074 ], [ -0.574695, 39.082439499000031 ], [ -0.581555, 39.105979999000056 ], [ -0.582436499999972, 39.113719999000068 ], [ -0.575984, 39.11118699900004 ], [ -0.571735499999932, 39.106656999000052 ], [ -0.564119, 39.103832999000076 ], [ -0.553517499999941, 39.101826999000025 ], [ -0.54740849999996, 39.099566999000047 ], [ -0.546935, 39.097192499000073 ], [ -0.541572499999972, 39.096685999000044 ], [ -0.541416, 39.088714499000048 ], [ -0.537215499999945, 39.085822999000072 ] ] ] } },
{ "type": "Feature", "properties": { "code": "46131", "name": "Gandia" }, "geometry": { "type": "Polygon", "coordinates": [ [ [ -0.156358499999953, 38.961456499000064 ], [ -0.154353939999964, 38.957069399000034 ], [ -0.14802549999996, 38.958610499000031 ], [ -0.147068984999976, 38.956449402000032 ], [ -0.14904249999995, 38.954833999000073 ], [ -0.16470159499994, 38.953444946000047 ], [ -0.171341, 38.949756499000046 ], [ -0.182591, 38.955280499000025 ], [ -0.212030364999976, 38.957749521000039 ], [ -0.218965, 38.95513549900005 ], [ -0.222960081999929, 38.960855948000074 ], [ -0.275661599999978, 38.968043646000069 ], [ -0.288703508999959, 38.964756032000025 ], [ -0.296004, 38.966785499000025 ], [ -0.296162, 38.973323999000058 ], [ -0.292554, 38.984996999000032 ], [ -0.292353, 38.988460499000041 ], [ -0.293596604999948, 38.992723303000048 ], [ -0.287449, 38.99626549900006 ], [ -0.281768, 38.998374999000077 ], [ -0.275816499999962, 38.998245499000063 ], [ -0.275282499999946, 39.001952999000025 ], [ -0.26861, 39.009205499000075 ], [ -0.249113353999974, 38.999475919000076 ], [ -0.209662081999966, 39.000449219000075 ], [ -0.196800893999978, 39.004639460000078 ], [ -0.182654400999979, 39.01699153800007 ], [ -0.192866, 39.030964999000048 ], [ -0.194042327999966, 39.036778631000061 ], [ -0.181142, 39.030788499000039 ], [ -0.156562977999954, 38.998526238000068 ], [ -0.15206225999998, 38.996226319000073 ], [ -0.14686949999998, 38.983402499000078 ], [ -0.157719511999971, 38.978662532000044 ], [ -0.15750012999996, 38.972686044000056 ], [ -0.164986823999925, 38.964877072000036 ], [ -0.156358499999953, 38.961456499000064 ] ], [ [ -0.201643857999954, 38.960196032000056 ], [ -0.191682218999972, 38.958745771000054 ], [ -0.189593613999932, 38.961731461000056 ], [ -0.197803230999966, 38.964652689000047 ], [ -0.201643857999954, 38.960196032000056 ] ] ] } },
{ "type": "Feature", "properties": { "code": "46132", "name": "Genovés, el" }, "geometry": { "type": "MultiPolygon", "coordinates": [ [ [ [ -0.433448, 38.980163499000071 ], [ -0.457355319999976, 38.976277402000051 ], [ -0.491173499999945, 38.96526699900005 ], [ -0.498457688999963, 38.968611894000048 ], [ -0.492214912999941, 38.975696704000029 ], [ -0.492147494999926, 38.979503353000041 ], [ -0.48627191099996, 38.982931377000057 ], [ -0.488829246999956, 38.985290366000072 ], [ -0.480027479999933, 38.99926122800008 ], [ -0.473640905999957, 39.002094815000078 ], [ -0.473913, 39.005988499000068 ], [ -0.459638, 39.004432499000075 ], [ -0.449809763999951, 39.001240448000033 ], [ -0.442752825999946, 39.002289823000069 ], [ -0.435588945999939, 38.99842874400008 ], [ -0.432562083999926, 38.991595160000031 ], [ -0.433448, 38.980163499000071 ] ] ], [ [ [ -0.526390374999949, 38.97255136900003 ], [ -0.521552473999975, 38.972813701000064 ], [ -0.521955267999942, 38.967236083000046 ], [ -0.52443556299994, 38.967171430000064 ], [ -0.526390374999949, 38.97255136900003 ] ] ] ] } },
{ "type": "Feature", "properties": { "code": "46133", "name": "Gestalgar" }, "geometry": { "type": "Polygon", "coordinates": [ [ [ -0.865998, 39.609065999000052 ], [ -0.831041894999942, 39.627419165000049 ], [ -0.798041499999954, 39.632671499000026 ], [ -0.79077531799993, 39.614623293000079 ], [ -0.789740605999953, 39.602946306000035 ], [ -0.79357620199994, 39.572779954000055 ], [ -0.78962, 39.556414999000026 ], [ -0.813031499999965, 39.548843499000043 ], [ -0.829719, 39.54249949900003 ], [ -0.846099, 39.547198999000045 ], [ -0.867880499999956, 39.551837499000044 ], [ -0.888113499999974, 39.553603999000075 ], [ -0.893645499999934, 39.552711999000053 ], [ -0.919649499999935, 39.543937499000037 ], [ -0.920066, 39.538631499000076 ], [ -0.92705, 39.540107499000044 ], [ -0.931657, 39.543620999000041 ], [ -0.935054157999957, 39.551790787000073 ], [ -0.933740235999949, 39.554499066000062 ], [ -0.910131084999932, 39.562685199000043 ], [ -0.898067499999968, 39.563911499000028 ], [ -0.894702499999937, 39.568515499000057 ], [ -0.893352499999935, 39.574282999000047 ], [ -0.890544, 39.580512999000064 ], [ -0.881088, 39.588676999000029 ], [ -0.865998, 39.609065999000052 ] ] ] } },
{ "type": "Feature", "properties": { "code": "46134", "name": "Gilet" }, "geometry": { "type": "Polygon", "coordinates": [ [ [ -0.362366499999951, 39.666331999000079 ], [ -0.360392, 39.672843999000065 ], [ -0.357463, 39.677516999000034 ], [ -0.35098249999993, 39.678051499000048 ], [ -0.335207499999967, 39.686294499000041 ], [ -0.330166499999962, 39.68790799900006 ], [ -0.32564949999994, 39.691631499000039 ], [ -0.31979660099995, 39.686456579000037 ], [ -0.319744052999965, 39.681713599000034 ], [ -0.31193049999996, 39.678226499000061 ], [ -0.317567881999935, 39.671990293000079 ], [ -0.318677036999929, 39.665377287000069 ], [ -0.325703260999944, 39.659837499000048 ], [ -0.325042941999925, 39.653000837000036 ], [ -0.329137343999946, 39.650369608000062 ], [ -0.35577951199997, 39.65880345000005 ], [ -0.362366499999951, 39.666331999000079 ] ] ] } },
{ "type": "Feature", "properties": { "code": "46135", "name": "Godella" }, "geometry": { "type": "Polygon", "coordinates": [ [ [ -0.398882499999957, 39.521915999000043 ], [ -0.401124, 39.511190999000064 ], [ -0.415626929999974, 39.518928259000063 ], [ -0.418716, 39.517370999000036 ], [ -0.423921, 39.520293999000046 ], [ -0.425476, 39.523536999000044 ], [ -0.433198, 39.527393499000027 ], [ -0.449696499999959, 39.545392999000057 ], [ -0.441505961999951, 39.553428246000067 ], [ -0.438833709999926, 39.559501855000065 ], [ -0.432819, 39.561144499000079 ], [ -0.42250753999997, 39.539789122000059 ], [ -0.416239575999953, 39.536200002000044 ], [ -0.413203088999978, 39.529027867000025 ], [ -0.404859275999968, 39.522808618000056 ], [ -0.398882499999957, 39.521915999000043 ] ] ] } },
{ "type": "Feature", "properties": { "code": "46136", "name": "Godelleta" }, "geometry": { "type": "Polygon", "coordinates": [ [ [ -0.733879, 39.420772499000066 ], [ -0.733533, 39.423549999000045 ], [ -0.730864538999924, 39.42903261500004 ], [ -0.721033472999977, 39.435670565000066 ], [ -0.703699658999938, 39.437460049000038 ], [ -0.698904959999936, 39.440943502000039 ], [ -0.672548284999948, 39.447257155000045 ], [ -0.61721, 39.444206499000074 ], [ -0.603907, 39.409969499000056 ], [ -0.625635, 39.410656499000027 ], [ -0.654050499999926, 39.40735999900005 ], [ -0.678635, 39.409160499000052 ], [ -0.685406499999942, 39.408809499000029 ], [ -0.701117499999953, 39.410293499000034 ], [ -0.717742, 39.413745999000071 ], [ -0.727847, 39.413726499000063 ], [ -0.733879, 39.420772499000066 ] ] ] } },
{ "type": "Feature", "properties": { "code": "46137", "name": "Granja de la Costera, la" }, "geometry": { "type": "MultiPolygon", "coordinates": [ [ [ [ -0.560267, 38.990512999000032 ], [ -0.560343499999931, 38.999747999000078 ], [ -0.553662, 38.996219499000063 ], [ -0.555768200999978, 38.992232641000044 ], [ -0.560267, 38.990512999000032 ] ] ], [ [ [ -0.560557, 38.98340999900006 ], [ -0.558965, 38.981006499000046 ], [ -0.564285065999968, 38.978712453000071 ], [ -0.566296499999964, 38.978942999000026 ], [ -0.569573, 38.982021499000041 ], [ -0.569129499999974, 38.983173499000031 ], [ -0.564780783999936, 38.981677059000049 ], [ -0.560557, 38.98340999900006 ] ] ] ] } },
{ "type": "Feature", "properties": { "code": "46138", "name": "Guadasséquies" }, "geometry": { "type": "Polygon", "coordinates": [ [ [ -0.491486, 38.918731499000046 ], [ -0.492523118999941, 38.922564542000032 ], [ -0.505580924999947, 38.920525695000038 ], [ -0.507098499999927, 38.927364499000078 ], [ -0.512494, 38.932063999000036 ], [ -0.492185862999975, 38.934267466000051 ], [ -0.484602489999929, 38.929159632000051 ], [ -0.475238499999932, 38.932327499000053 ], [ -0.475742361999949, 38.926864280000075 ], [ -0.491486, 38.918731499000046 ] ] ] } },
{ "type": "Feature", "properties": { "code": "46139", "name": "Guadassuar" }, "geometry": { "type": "MultiPolygon", "coordinates": [ [ [ [ -0.499943, 39.160450499000035 ], [ -0.50101, 39.162688999000068 ], [ -0.500698, 39.165275499000074 ], [ -0.501859775999947, 39.169083059000059 ], [ -0.510259464999933, 39.174645598000041 ], [ -0.520860064999965, 39.176381426000034 ], [ -0.52143766599994, 39.181919252000057 ], [ -0.517298411999946, 39.186314151000033 ], [ -0.509684811999932, 39.181712269000059 ], [ -0.505437063999977, 39.182263339000031 ], [ -0.495414441999969, 39.188224744000024 ], [ -0.481199508999964, 39.207361834000039 ], [ -0.482022499999971, 39.230509999000049 ], [ -0.472421, 39.236274999000045 ], [ -0.467569, 39.238068499000065 ], [ -0.463561, 39.230193999000051 ], [ -0.462931499999968, 39.224513999000067 ], [ -0.466972, 39.208789999000032 ], [ -0.46052549999996, 39.180935999000042 ], [ -0.49362949999994, 39.160960999000054 ], [ -0.499943, 39.160450499000035 ] ] ], [ [ [ -0.58062549999994, 39.183513499000071 ], [ -0.553883062999944, 39.174170239000034 ], [ -0.523598447999973, 39.174806639000053 ], [ -0.518827, 39.170104999000046 ], [ -0.53215849999998, 39.165523499000074 ], [ -0.534293499999933, 39.160693999000046 ], [ -0.535132, 39.156566499000064 ], [ -0.542509499999937, 39.149406499000065 ], [ -0.540025, 39.158275499000069 ], [ -0.540014499999927, 39.164230499000041 ], [ -0.556041, 39.163009499000054 ], [ -0.594408, 39.16290649900003 ], [ -0.626304, 39.156390999000052 ], [ -0.63348442299997, 39.157736886000066 ], [ -0.610431991999974, 39.181356669000024 ], [ -0.601062283999966, 39.184899830000063 ], [ -0.58062549999994, 39.183513499000071 ] ] ] ] } },
{ "type": "Feature", "properties": { "code": "46140", "name": "Guardamar de la Safor" }, "geometry": { "type": "Polygon", "coordinates": [ [ [ -0.156358499999953, 38.961456499000064 ], [ -0.135941499999944, 38.970992999000032 ], [ -0.132917499999962, 38.968177999000034 ], [ -0.144809517999931, 38.961438844000043 ], [ -0.14802549999996, 38.958610499000031 ], [ -0.154353939999964, 38.957069399000034 ], [ -0.156358499999953, 38.961456499000064 ] ] ] } },
{ "type": "Feature", "properties": { "code": "46141", "name": "Higueruelas" }, "geometry": { "type": "Polygon", "coordinates": [ [ [ -0.887361, 39.757247999000072 ], [ -0.88713249999995, 39.762282999000035 ], [ -0.882218, 39.773681499000077 ], [ -0.887189, 39.78790649900003 ], [ -0.894008499999927, 39.794048499000041 ], [ -0.887722499999938, 39.803885499000046 ], [ -0.884307499999977, 39.802268999000034 ], [ -0.872787499999959, 39.800471999000081 ], [ -0.850307499999928, 39.783469999000033 ], [ -0.834671, 39.763358999000047 ], [ -0.830502499999966, 39.754848499000047 ], [ -0.840118, 39.73848749900003 ], [ -0.854893863999962, 39.752850018000061 ], [ -0.875946990999978, 39.757812881000063 ], [ -0.887361, 39.757247999000072 ] ] ] } },
{ "type": "Feature", "properties": { "code": "46142", "name": "Jalance" }, "geometry": { "type": "Polygon", "coordinates": [ [ [ -0.996735, 39.20975499900004 ], [ -0.99032, 39.201572499000065 ], [ -0.980013499999927, 39.183768999000051 ], [ -1.004737619999958, 39.17703698400004 ], [ -1.017448601999945, 39.179424822000044 ], [ -1.042334492999942, 39.163671887000078 ], [ -1.197052, 39.176742499000056 ], [ -1.18939, 39.200830499000062 ], [ -1.185834499999942, 39.20420449900007 ], [ -1.180623, 39.212310999000067 ], [ -1.176334499999939, 39.230262499000048 ], [ -1.175739499999963, 39.238471999000069 ], [ -1.176847499999951, 39.246677499000043 ], [ -1.141250022999941, 39.228607828000065 ], [ -1.121718398999974, 39.226966945000072 ], [ -1.087345561999939, 39.218919120000066 ], [ -1.052335288999927, 39.207426195000039 ], [ -1.003993424999976, 39.215945364000049 ], [ -0.996735, 39.20975499900004 ] ] ] } },
{ "type": "Feature", "properties": { "code": "46143", "name": "Xeraco" }, "geometry": { "type": "Polygon", "coordinates": [ [ [ -0.192866, 39.030964999000048 ], [ -0.210306883999976, 39.024124211000071 ], [ -0.227587878999941, 39.025718640000036 ], [ -0.240519000999939, 39.021162702000026 ], [ -0.248821423999971, 39.01492401400003 ], [ -0.275244, 39.020377999000061 ], [ -0.272847, 39.025664999000071 ], [ -0.268678499999965, 39.02980799900007 ], [ -0.245254, 39.048816499000054 ], [ -0.229598499999952, 39.053840499000046 ], [ -0.199406, 39.058498499000052 ], [ -0.181142, 39.030788499000039 ], [ -0.194042327999966, 39.036778631000061 ], [ -0.192866, 39.030964999000048 ] ] ] } },
{ "type": "Feature", "properties": { "code": "46144", "name": "Jarafuel" }, "geometry": { "type": "Polygon", "coordinates": [ [ [ -0.959574, 39.16953649900006 ], [ -0.985735445999978, 39.159029855000028 ], [ -0.991680950999978, 39.152210710000077 ], [ -1.011683975999972, 39.142797829000074 ], [ -1.068513197999948, 39.122703756000078 ], [ -1.070742, 39.115272499000071 ], [ -1.073547499999961, 39.114600999000061 ], [ -1.07606149999998, 39.114425499000049 ], [ -1.080819, 39.118114999000056 ], [ -1.091058499999974, 39.121852999000055 ], [ -1.097288, 39.122989499000028 ], [ -1.111765499999933, 39.12314599900003 ], [ -1.120787499999949, 39.119678499000031 ], [ -1.130428499999937, 39.118598999000028 ], [ -1.141481499999941, 39.120555999000032 ], [ -1.147177, 39.119491499000048 ], [ -1.159121499999969, 39.121429499000044 ], [ -1.171587, 39.122077999000055 ], [ -1.185638, 39.124015499000052 ], [ -1.194593, 39.124400999000045 ], [ -1.198696, 39.12358849900005 ], [ -1.213942, 39.123203999000054 ], [ -1.232315, 39.13370149900004 ], [ -1.226955499999974, 39.151721999000074 ], [ -1.210489499999937, 39.162234999000077 ], [ -1.197052, 39.176742499000056 ], [ -1.042334492999942, 39.163671887000078 ], [ -1.017448601999945, 39.179424822000044 ], [ -1.004737619999958, 39.17703698400004 ], [ -0.980013499999927, 39.183768999000051 ], [ -0.959574, 39.16953649900006 ] ] ] } },
{ "type": "Feature", "properties": { "code": "46145", "name": "Xàtiva" }, "geometry": { "type": "MultiPolygon", "coordinates": [ [ [ [ -0.431809499999929, 39.071410999000079 ], [ -0.414144, 39.068084499000065 ], [ -0.391366499999947, 39.056693999000061 ], [ -0.38577, 39.058368999000038 ], [ -0.381475, 39.057327499000053 ], [ -0.378579499999944, 39.053161499000055 ], [ -0.375445, 39.05168549900003 ], [ -0.374260499999934, 39.050273999000069 ], [ -0.374137499999961, 39.046413499000039 ], [ -0.382985499999961, 39.03835299900004 ], [ -0.407239, 39.042976499000076 ], [ -0.407375499999944, 39.039871499000071 ], [ -0.409320499999978, 39.041309499000079 ], [ -0.409637499999974, 39.043697499000075 ], [ -0.41443449999997, 39.048072999000055 ], [ -0.425684, 39.052017499000044 ], [ -0.43484849999993, 39.051666499000078 ], [ -0.431809499999929, 39.071410999000079 ] ] ], [ [ [ -0.528550499999938, 38.948379499000055 ], [ -0.530487, 38.95012299900003 ], [ -0.540415499999938, 38.94694449900004 ], [ -0.543041499999958, 38.945071999000049 ], [ -0.545269499999961, 38.945022999000059 ], [ -0.552594, 38.941767999000035 ], [ -0.57516417599993, 38.964082835000056 ], [ -0.57017558299998, 38.970629951000035 ], [ -0.570797094999932, 38.977672656000038 ], [ -0.566296499999964, 38.978942999000026 ], [ -0.564285065999968, 38.978712453000071 ], [ -0.559944, 38.980720499000029 ], [ -0.554960139999935, 38.977339624000081 ], [ -0.556340679999948, 38.971738329000061 ], [ -0.549085269999978, 38.973120136000034 ], [ -0.542187296999941, 38.980663025000069 ], [ -0.551196, 38.985393499000054 ], [ -0.54670514399993, 38.992710859000056 ], [ -0.553662, 38.996219499000063 ], [ -0.547853551999935, 39.000505163000071 ], [ -0.548716055999932, 39.009445876000029 ], [ -0.554191043999936, 39.016249351000056 ], [ -0.549266499999931, 39.021175499000037 ], [ -0.540038164999942, 39.012365769000041 ], [ -0.522354367999981, 39.013630151000029 ], [ -0.525762, 39.039760499000067 ], [ -0.51139984699995, 39.044461653000042 ], [ -0.510993499999927, 39.049419499000066 ], [ -0.494197836999945, 39.039337922000072 ], [ -0.486751738999942, 39.037959154000077 ], [ -0.482070499999963, 39.040382499000032 ], [ -0.469664499999965, 39.028625499000043 ], [ -0.469419499999958, 39.018954999000073 ], [ -0.477802665999945, 39.014924855000061 ], [ -0.473913, 39.005988499000068 ], [ -0.473640905999957, 39.002094815000078 ], [ -0.480027479999933, 38.99926122800008 ], [ -0.488829246999956, 38.985290366000072 ], [ -0.48627191099996, 38.982931377000057 ], [ -0.492147494999926, 38.979503353000041 ], [ -0.492214912999941, 38.975696704000029 ], [ -0.498457688999963, 38.968611894000048 ], [ -0.49019, 38.964328499000032 ], [ -0.495526193999979, 38.960158190000072 ], [ -0.504213213999947, 38.960581180000077 ], [ -0.528550499999938, 38.948379499000055 ] ], [ [ -0.526390374999949, 38.97255136900003 ], [ -0.52443556299994, 38.967171430000064 ], [ -0.521955267999942, 38.967236083000046 ], [ -0.521552473999975, 38.972813701000064 ], [ -0.526390374999949, 38.97255136900003 ] ] ], [ [ [ -0.512494, 38.932063999000036 ], [ -0.518176637999943, 38.935161528000037 ], [ -0.521553, 38.940296499000056 ], [ -0.519791681999948, 38.942187111000067 ], [ -0.512412143999939, 38.943668566000042 ], [ -0.506979499999943, 38.93306349900007 ], [ -0.512494, 38.932063999000036 ] ] ], [ [ [ -0.543981499999973, 39.047118999000077 ], [ -0.553192585999966, 39.050627199000076 ], [ -0.554020428999934, 39.055397922000054 ], [ -0.551292499999931, 39.056876999000053 ], [ -0.544641, 39.055053499000053 ], [ -0.543981499999973, 39.047118999000077 ] ] ], [ [ [ -0.5662, 39.026557999000033 ], [ -0.56744249999997, 39.038169999000047 ], [ -0.565847090999966, 39.041749632000062 ], [ -0.553167, 39.045456499000068 ], [ -0.550472, 39.047164999000074 ], [ -0.551851133999946, 39.035468545000072 ], [ -0.54871449999996, 39.026820999000051 ], [ -0.550374083999941, 39.024186671000052 ], [ -0.55924939099998, 39.023024907000035 ], [ -0.5662, 39.026557999000033 ] ] ], [ [ [ -0.584062, 38.990780499000039 ], [ -0.583662, 38.989978999000073 ], [ -0.588284499999929, 38.988200999000071 ], [ -0.587015741999949, 38.990941271000054 ], [ -0.588794083999971, 38.991354966000074 ], [ -0.590291, 38.990306499000042 ], [ -0.59005898099997, 38.993011056000057 ], [ -0.586089499999957, 38.992316999000025 ], [ -0.584062, 38.990780499000039 ] ] ], [ [ [ -0.604935499999954, 38.978507999000044 ], [ -0.628833499999928, 38.980121999000062 ], [ -0.632223, 38.981624499000077 ], [ -0.643670499999928, 38.980712999000048 ], [ -0.644774499999926, 38.985023499000079 ], [ -0.636364065999942, 38.98901774400008 ], [ -0.628218, 39.00062549900008 ], [ -0.624111700999947, 38.99577006700008 ], [ -0.598813405999977, 38.993247738000036 ], [ -0.600915, 38.986083999000073 ], [ -0.615454560999979, 38.984330174000036 ], [ -0.61693558199994, 38.983350578000056 ], [ -0.61542426699998, 38.982403910000073 ], [ -0.603746, 38.982314999000039 ], [ -0.604935499999954, 38.978507999000044 ] ] ], [ [ [ -0.600052499999947, 39.012653499000066 ], [ -0.598900164999975, 39.010485800000026 ], [ -0.602020499999981, 39.009116999000071 ], [ -0.603352521999966, 39.011784547000047 ], [ -0.600052499999947, 39.012653499000066 ] ] ] ] } },
{ "type": "Feature", "properties": { "code": "46146", "name": "Xeresa" }, "geometry": { "type": "Polygon", "coordinates": [ [ [ -0.275244, 39.020377999000061 ], [ -0.248821423999971, 39.01492401400003 ], [ -0.240519000999939, 39.021162702000026 ], [ -0.227587878999941, 39.025718640000036 ], [ -0.210306883999976, 39.024124211000071 ], [ -0.192866, 39.030964999000048 ], [ -0.182654400999979, 39.01699153800007 ], [ -0.196800893999978, 39.004639460000078 ], [ -0.209662081999966, 39.000449219000075 ], [ -0.249113353999974, 38.999475919000076 ], [ -0.272614499999975, 39.010657999000045 ], [ -0.275442, 39.013110999000048 ], [ -0.28077449999995, 39.015346499000032 ], [ -0.275244, 39.020377999000061 ] ] ] } },
{ "type": "Feature", "properties": { "code": "46147", "name": "Llíria" }, "geometry": { "type": "Polygon", "coordinates": [ [ [ -0.729882, 39.653386999000077 ], [ -0.72939, 39.655482999000071 ], [ -0.750944, 39.658588499000075 ], [ -0.787609, 39.660606499000039 ], [ -0.787512, 39.677497499000026 ], [ -0.789359499999932, 39.698180999000044 ], [ -0.746237724999958, 39.667689109000037 ], [ -0.696247457999959, 39.688636081000027 ], [ -0.688661565999951, 39.696936872000038 ], [ -0.705335558999934, 39.709747285000049 ], [ -0.714748349999979, 39.725453746000028 ], [ -0.734919369999943, 39.73556702500008 ], [ -0.793258499999979, 39.720371499000066 ], [ -0.79636, 39.729575999000076 ], [ -0.795862499999942, 39.735027999000067 ], [ -0.794535, 39.739295999000035 ], [ -0.78711149999998, 39.742256499000064 ], [ -0.76812949999993, 39.761268499000039 ], [ -0.741449, 39.780372499000066 ], [ -0.73300949999998, 39.782100999000079 ], [ -0.699947, 39.774687499000038 ], [ -0.697977, 39.771071999000071 ], [ -0.669421499999942, 39.762595999000041 ], [ -0.652293, 39.754089499000031 ], [ -0.630954, 39.74634099900004 ], [ -0.588168499999938, 39.741695499000059 ], [ -0.577282907999972, 39.717134292000026 ], [ -0.57513542199996, 39.704824763000033 ], [ -0.585589307999953, 39.679649855000036 ], [ -0.546871, 39.662810499000045 ], [ -0.542524499999956, 39.657585999000048 ], [ -0.539300499999968, 39.651586499000075 ], [ -0.549247, 39.63759249900005 ], [ -0.552276, 39.624080999000057 ], [ -0.560013, 39.613298499000052 ], [ -0.571195499999931, 39.603428499000074 ], [ -0.579031, 39.606611499000053 ], [ -0.585264499999937, 39.603002999000068 ], [ -0.607513, 39.603384499000072 ], [ -0.63323349999996, 39.60799399900003 ], [ -0.642045, 39.612613999000075 ], [ -0.654554499999961, 39.615714999000033 ], [ -0.664015499999948, 39.61389549900008 ], [ -0.67761349999995, 39.621979999000075 ], [ -0.683591499999977, 39.629905999000073 ], [ -0.70649, 39.651849499000036 ], [ -0.724519499999928, 39.65471149900003 ], [ -0.729882, 39.653386999000077 ] ], [ [ -0.58493526999996, 39.618846637000047 ], [ -0.577167782999936, 39.607058270000039 ], [ -0.569721063999964, 39.609574532000067 ], [ -0.560383051999963, 39.61832817800007 ], [ -0.565730325999937, 39.624269249000065 ], [ -0.58493526999996, 39.618846637000047 ] ], [ [ -0.688221357999964, 39.671743701000025 ], [ -0.676459614999942, 39.664137376000042 ], [ -0.672969827999964, 39.645855706000077 ], [ -0.661794716999964, 39.645055739000043 ], [ -0.664183376999972, 39.652777471000036 ], [ -0.659899503999952, 39.661516445000075 ], [ -0.683262419999949, 39.674333231000048 ], [ -0.688221357999964, 39.671743701000025 ] ] ] } },
{ "type": "Feature", "properties": { "code": "46148", "name": "Loriguilla" }, "geometry": { "type": "MultiPolygon", "coordinates": [ [ [ [ -0.596175499999958, 39.500007499000048 ], [ -0.562142737999977, 39.498846995000065 ], [ -0.551649431999977, 39.492436695000038 ], [ -0.589119499999924, 39.485024499000076 ], [ -0.596175499999958, 39.500007499000048 ] ] ], [ [ [ -0.963921, 39.630130499000074 ], [ -0.972502499999962, 39.627506499000049 ], [ -0.981672499999945, 39.623088999000061 ], [ -0.988988, 39.620750499000053 ], [ -0.991579, 39.61577599900005 ], [ -0.997155499999963, 39.611015499000075 ], [ -1.004626, 39.602325499000074 ], [ -1.014289499999961, 39.583705999000074 ], [ -1.017523, 39.586681499000065 ], [ -1.02492849999993, 39.589969499000063 ], [ -1.027776, 39.590186999000025 ], [ -1.032335499999931, 39.592834499000048 ], [ -1.056082, 39.609061499000063 ], [ -1.067139499999939, 39.613471999000069 ], [ -1.061872656999981, 39.622255994000056 ], [ -1.062648267999975, 39.630183067000075 ], [ -1.051638, 39.639114499000073 ], [ -1.04876749999994, 39.639236499000049 ], [ -1.043478, 39.64540099900006 ], [ -1.040629, 39.650550999000075 ], [ -1.010154066999974, 39.633004537000033 ], [ -0.983296721999977, 39.666387751000059 ], [ -0.963478389999977, 39.675515864000033 ], [ -0.952606381999942, 39.687437877000036 ], [ -0.922463397999934, 39.698306135000053 ], [ -0.905222874999936, 39.69892610800008 ], [ -0.890651499999933, 39.695479999000042 ], [ -0.897606, 39.690390999000044 ], [ -0.908561, 39.679374499000062 ], [ -0.911647, 39.674472499000046 ], [ -0.914782499999944, 39.648898999000039 ], [ -0.931276, 39.645725499000037 ], [ -0.946952, 39.640960499000073 ], [ -0.9536, 39.637553999000033 ], [ -0.963921, 39.630130499000074 ] ] ] ] } },
{ "type": "Feature", "properties": { "code": "46149", "name": "Losa del Obispo" }, "geometry": { "type": "Polygon", "coordinates": [ [ [ -0.904254499999979, 39.683421999000075 ], [ -0.897606, 39.690390999000044 ], [ -0.892437499999971, 39.69389299900007 ], [ -0.874427499999967, 39.709617499000046 ], [ -0.856372499999964, 39.722743999000045 ], [ -0.850417, 39.712013499000079 ], [ -0.842985, 39.70193849900005 ], [ -0.836356, 39.699824999000043 ], [ -0.842665, 39.684482499000069 ], [ -0.854576499999951, 39.686542499000041 ], [ -0.867682, 39.687728999000058 ], [ -0.878785, 39.685004999000057 ], [ -0.892909, 39.685702499000058 ], [ -0.904254499999979, 39.683421999000075 ] ] ] } },
{ "type": "Feature", "properties": { "code": "46150", "name": "Llutxent" }, "geometry": { "type": "Polygon", "coordinates": [ [ [ -0.296004, 38.966785499000025 ], [ -0.302337845999944, 38.951291518000062 ], [ -0.291902, 38.948227999000039 ], [ -0.291517, 38.945395999000027 ], [ -0.29978049999994, 38.93523699900004 ], [ -0.30379, 38.933669999000074 ], [ -0.321454632999973, 38.930259506000027 ], [ -0.339182979999975, 38.936325700000054 ], [ -0.342777604999981, 38.929182450000042 ], [ -0.340054007999925, 38.922688691000076 ], [ -0.357013379999955, 38.919640095000034 ], [ -0.360112755999978, 38.914522086000034 ], [ -0.359064252999929, 38.908923332000029 ], [ -0.370437, 38.904600999000024 ], [ -0.378321, 38.904052499000045 ], [ -0.381531768999935, 38.912311332000058 ], [ -0.391338499999961, 38.911910999000042 ], [ -0.389523, 38.923701999000059 ], [ -0.383373, 38.946979499000065 ], [ -0.376682, 38.953513999000052 ], [ -0.374928499999953, 38.95697799900006 ], [ -0.367856, 38.960322999000027 ], [ -0.358387499999935, 38.970138499000029 ], [ -0.35495949999995, 38.970123499000067 ], [ -0.350765499999966, 38.972415999000077 ], [ -0.348528822999924, 38.96533799000008 ], [ -0.334365686999945, 38.962575592000064 ], [ -0.322491510999953, 38.980797019000079 ], [ -0.292353, 38.988460499000041 ], [ -0.292554, 38.984996999000032 ], [ -0.296162, 38.973323999000058 ], [ -0.296004, 38.966785499000025 ] ] ] } },
{ "type": "Feature", "properties": { "code": "46151", "name": "Llocnou d'En Fenollet" }, "geometry": { "type": "Polygon", "coordinates": [ [ [ -0.469419499999958, 39.018954999000073 ], [ -0.459638, 39.004432499000075 ], [ -0.473913, 39.005988499000068 ], [ -0.477802665999945, 39.014924855000061 ], [ -0.469419499999958, 39.018954999000073 ] ] ] } },
{ "type": "Feature", "properties": { "code": "46152", "name": "Llocnou de la Corona" }, "geometry": { "type": "Polygon", "coordinates": [ [ [ -0.383883425999954, 39.419210675000045 ], [ -0.382607195999924, 39.421708655000032 ], [ -0.380694662999929, 39.421398590000081 ], [ -0.381215205999979, 39.419500409000079 ], [ -0.383883425999954, 39.419210675000045 ] ] ] } },
{ "type": "Feature", "properties": { "code": "46153", "name": "Llocnou de Sant Jeroni" }, "geometry": { "type": "Polygon", "coordinates": [ [ [ -0.278465, 38.911104499000032 ], [ -0.273061499999926, 38.891499499000076 ], [ -0.294842499999959, 38.889155499000026 ], [ -0.302510987999938, 38.891727439000078 ], [ -0.301066177999928, 38.900791415000072 ], [ -0.304941499999927, 38.916962999000077 ], [ -0.282295857999941, 38.915492674000063 ], [ -0.278465, 38.911104499000032 ] ] ] } },
{ "type": "Feature", "properties": { "code": "46154", "name": "Llanera de Ranes" }, "geometry": { "type": "Polygon", "coordinates": [ [ [ -0.560343499999931, 38.999747999000078 ], [ -0.560267, 38.990512999000032 ], [ -0.562225, 38.986263499000074 ], [ -0.583973957999945, 38.994026752000025 ], [ -0.586089499999957, 38.992316999000025 ], [ -0.59005898099997, 38.993011056000057 ], [ -0.590353499999935, 38.98848749900003 ], [ -0.594868499999961, 38.986049499000046 ], [ -0.600915, 38.986083999000073 ], [ -0.598813405999977, 38.993247738000036 ], [ -0.624111700999947, 38.99577006700008 ], [ -0.628218, 39.00062549900008 ], [ -0.602020499999981, 39.009116999000071 ], [ -0.598900164999975, 39.010485800000026 ], [ -0.599906, 39.013580499000057 ], [ -0.592908548999958, 39.014588609000043 ], [ -0.590264499999932, 39.011901999000031 ], [ -0.560343499999931, 38.999747999000078 ] ] ] } },
{ "type": "Feature", "properties": { "code": "46155", "name": "Llaurí" }, "geometry": { "type": "MultiPolygon", "coordinates": [ [ [ [ -0.324662499999931, 39.111903999000049 ], [ -0.342865980999932, 39.120672352000042 ], [ -0.347466499999939, 39.127342499000065 ], [ -0.341059728999937, 39.138689536000072 ], [ -0.338132363999932, 39.154012155000032 ], [ -0.306696, 39.146976499000061 ], [ -0.301695072999962, 39.144136837000076 ], [ -0.295618, 39.134151499000041 ], [ -0.317203338999946, 39.123015088000045 ], [ -0.324662499999931, 39.111903999000049 ] ] ], [ [ [ -0.30733349999997, 39.176124499000025 ], [ -0.309461321999947, 39.172983622000061 ], [ -0.305074, 39.170703999000068 ], [ -0.308473, 39.168368999000052 ], [ -0.312444, 39.162261999000066 ], [ -0.316985, 39.161842499000045 ], [ -0.318187, 39.160339499000031 ], [ -0.323536450999939, 39.158825326000056 ], [ -0.323344, 39.162898999000049 ], [ -0.318431526999973, 39.170361696000043 ], [ -0.312711692999926, 39.173430838000058 ], [ -0.312369500999978, 39.175242599000057 ], [ -0.30733349999997, 39.176124499000025 ] ] ] ] } },
{ "type": "Feature", "properties": { "code": "46156", "name": "Llombai" }, "geometry": { "type": "Polygon", "coordinates": [ [ [ -0.582283, 39.32371499900006 ], [ -0.576827499999979, 39.325809499000059 ], [ -0.57018, 39.329921499000079 ], [ -0.555767, 39.334712999000033 ], [ -0.538707, 39.323955499000078 ], [ -0.519026499999939, 39.319553499000051 ], [ -0.512571499999979, 39.316814499000031 ], [ -0.50392949999997, 39.310943999000074 ], [ -0.513074449999976, 39.30662452100006 ], [ -0.52039737299998, 39.298135578000029 ], [ -0.533442911999941, 39.289718797000035 ], [ -0.548446608999939, 39.283850185000063 ], [ -0.561097614999937, 39.28395534200007 ], [ -0.566468, 39.279338999000061 ], [ -0.570337, 39.278114499000026 ], [ -0.591675499999951, 39.275169499000071 ], [ -0.609498, 39.274257999000042 ], [ -0.620810499999948, 39.270858499000042 ], [ -0.644553499999972, 39.26628099900006 ], [ -0.662601499999937, 39.265491499000063 ], [ -0.675866, 39.26183749900008 ], [ -0.680860499999937, 39.263297999000031 ], [ -0.687473, 39.266628499000035 ], [ -0.676137746999927, 39.283836232000056 ], [ -0.68156, 39.294105499000068 ], [ -0.664803, 39.291366999000047 ], [ -0.659529, 39.291285999000024 ], [ -0.64973649999996, 39.294971499000042 ], [ -0.632564, 39.299468999000055 ], [ -0.624061499999925, 39.300540999000077 ], [ -0.599823, 39.305736499000034 ], [ -0.594999499999972, 39.309791499000028 ], [ -0.590722, 39.310096499000053 ], [ -0.585397, 39.316508999000064 ], [ -0.580848499999945, 39.318569499000034 ], [ -0.582206499999927, 39.321246999000039 ], [ -0.582283, 39.32371499900006 ] ] ] } },
{ "type": "Feature", "properties": { "code": "46157", "name": "Llosa de Ranes, la" }, "geometry": { "type": "Polygon", "coordinates": [ [ [ -0.550472, 39.047164999000074 ], [ -0.544868, 39.044486999000071 ], [ -0.542895, 39.04476149900006 ], [ -0.541833, 39.046405999000058 ], [ -0.53770183499995, 39.041042358000027 ], [ -0.525762, 39.039760499000067 ], [ -0.522354367999981, 39.013630151000029 ], [ -0.540038164999942, 39.012365769000041 ], [ -0.549266499999931, 39.021175499000037 ], [ -0.546236258999954, 39.024344610000071 ], [ -0.54871449999996, 39.026820999000051 ], [ -0.551851133999946, 39.035468545000072 ], [ -0.550472, 39.047164999000074 ] ] ] } },
{ "type": "Feature", "properties": { "code": "46158", "name": "Macastre" }, "geometry": { "type": "Polygon", "coordinates": [ [ [ -0.847523, 39.320190499000034 ], [ -0.848125, 39.32441699900005 ], [ -0.841501499999936, 39.336078499000052 ], [ -0.823164, 39.352340499000036 ], [ -0.81781, 39.358459499000048 ], [ -0.803128499999957, 39.369937999000058 ], [ -0.797388, 39.383037499000068 ], [ -0.795335, 39.391864999000063 ], [ -0.783347499999934, 39.390510499000072 ], [ -0.764359499999955, 39.380450999000061 ], [ -0.763376499999936, 39.349773499000037 ], [ -0.765201, 39.321266499000046 ], [ -0.777363, 39.319607499000028 ], [ -0.794117, 39.318782999000064 ], [ -0.830872, 39.321124999000062 ], [ -0.847523, 39.320190499000034 ] ] ] } },
{ "type": "Feature", "properties": { "code": "46159", "name": "Manises" }, "geometry": { "type": "Polygon", "coordinates": [ [ [ -0.515151, 39.524959499000033 ], [ -0.506601002999957, 39.521529041000065 ], [ -0.504364485999929, 39.514381931000059 ], [ -0.498798853999972, 39.510255145000031 ], [ -0.482608004999975, 39.511229679000053 ], [ -0.473742711999932, 39.508790659000056 ], [ -0.47246832899998, 39.506532116000074 ], [ -0.473530585999924, 39.50430530400007 ], [ -0.472210785999948, 39.501313739000068 ], [ -0.45610927499996, 39.497958862000075 ], [ -0.446355499999925, 39.488033499000039 ], [ -0.449114, 39.484771999000031 ], [ -0.461944, 39.483943999000076 ], [ -0.467869499999949, 39.484687499000074 ], [ -0.477666, 39.484195999000065 ], [ -0.483392499999979, 39.482745999000031 ], [ -0.492693, 39.483394999000041 ], [ -0.500812, 39.482642999000063 ], [ -0.514061499999968, 39.482757499000058 ], [ -0.526948, 39.484532499000068 ], [ -0.529463, 39.50712949900003 ], [ -0.526656, 39.510215999000025 ], [ -0.525032, 39.513702499000033 ], [ -0.515013, 39.522651499000062 ], [ -0.515151, 39.524959499000033 ] ] ] } },
{ "type": "Feature", "properties": { "code": "46160", "name": "Manuel" }, "geometry": { "type": "Polygon", "coordinates": [ [ [ -0.496092499999975, 39.068549999000027 ], [ -0.486410546999934, 39.063593154000046 ], [ -0.478853499999957, 39.071712499000057 ], [ -0.475431696999976, 39.071400812000036 ], [ -0.477768555999944, 39.06575704800008 ], [ -0.47217349999994, 39.060996999000054 ], [ -0.487296708999963, 39.049136257000043 ], [ -0.482070499999963, 39.040382499000032 ], [ -0.486751738999942, 39.037959154000077 ], [ -0.494197836999945, 39.039337922000072 ], [ -0.510993499999927, 39.049419499000066 ], [ -0.507848499999966, 39.056350999000074 ], [ -0.502028803999963, 39.057367750000026 ], [ -0.501099948999979, 39.063854308000032 ], [ -0.496092499999975, 39.068549999000027 ] ] ] } },
{ "type": "Feature", "properties": { "code": "46161", "name": "Marines" }, "geometry": { "type": "Polygon", "coordinates": [ [ [ -0.493945499999938, 39.716593499000055 ], [ -0.501956050999979, 39.723675503000038 ], [ -0.51836437399993, 39.720219260000079 ], [ -0.524639055999955, 39.721925827000064 ], [ -0.568268069999931, 39.707314541000073 ], [ -0.546871, 39.662810499000045 ], [ -0.585589307999953, 39.679649855000036 ], [ -0.57513542199996, 39.704824763000033 ], [ -0.577282907999972, 39.717134292000026 ], [ -0.588168499999938, 39.741695499000059 ], [ -0.58126249999998, 39.756721499000037 ], [ -0.57608, 39.75500099900006 ], [ -0.569612, 39.754043499000034 ], [ -0.545139, 39.753971499000045 ], [ -0.540407499999958, 39.752444999000033 ], [ -0.527041499999939, 39.751548999000079 ], [ -0.510833, 39.745284999000035 ], [ -0.502425, 39.740600499000038 ], [ -0.498495, 39.739242499000056 ], [ -0.491200499999934, 39.72996899900005 ], [ -0.4911, 39.724380499000063 ], [ -0.493945499999938, 39.716593499000055 ] ] ] } },
{ "type": "Feature", "properties": { "code": "46162", "name": "Massalavés" }, "geometry": { "type": "Polygon", "coordinates": [ [ [ -0.499943, 39.160450499000035 ], [ -0.496809829999961, 39.151509487000055 ], [ -0.507729376999976, 39.149163821000059 ], [ -0.512411, 39.144237499000042 ], [ -0.521651639999959, 39.136780263000048 ], [ -0.527293606999933, 39.136674760000062 ], [ -0.529364, 39.139545499000064 ], [ -0.531897912999966, 39.145909852000045 ], [ -0.529670153999973, 39.151075561000027 ], [ -0.535132, 39.156566499000064 ], [ -0.534293499999933, 39.160693999000046 ], [ -0.53215849999998, 39.165523499000074 ], [ -0.518827, 39.170104999000046 ], [ -0.513773052999966, 39.163255691000074 ], [ -0.500698, 39.165275499000074 ], [ -0.50101, 39.162688999000068 ], [ -0.499943, 39.160450499000035 ] ] ] } },
{ "type": "Feature", "properties": { "code": "46163", "name": "Massalfassar" }, "geometry": { "type": "Polygon", "coordinates": [ [ [ -0.295603, 39.549476499000036 ], [ -0.299287, 39.545093499000075 ], [ -0.326520499999958, 39.552789999000026 ], [ -0.331827039999951, 39.557006065000053 ], [ -0.328542499999969, 39.563690999000073 ], [ -0.320264499999951, 39.561347499000078 ], [ -0.295603, 39.549476499000036 ] ] ] } },
{ "type": "Feature", "properties": { "code": "46164", "name": "Massamagrell" }, "geometry": { "type": "Polygon", "coordinates": [ [ [ -0.328542499999969, 39.563690999000073 ], [ -0.349115559999973, 39.575216889000046 ], [ -0.361518499999931, 39.596648499000025 ], [ -0.336759499999971, 39.584365499000057 ], [ -0.337421687999949, 39.581848152000077 ], [ -0.324955684999964, 39.573670495000044 ], [ -0.314958009999941, 39.572534570000073 ], [ -0.312027781999973, 39.568871769000054 ], [ -0.286256499999979, 39.559932999000068 ], [ -0.289378, 39.556655999000043 ], [ -0.313353700999926, 39.565626695000049 ], [ -0.320264499999951, 39.561347499000078 ], [ -0.328542499999969, 39.563690999000073 ] ] ] } },
{ "type": "Feature", "properties": { "code": "46165", "name": "Massanassa" }, "geometry": { "type": "Polygon", "coordinates": [ [ [ -0.40352, 39.415908999000067 ], [ -0.367423774999963, 39.405821141000047 ], [ -0.343065499999966, 39.370857499000067 ], [ -0.341052, 39.366744999000048 ], [ -0.344057, 39.365825499000039 ], [ -0.34727, 39.369820999000069 ], [ -0.354199, 39.375050999000052 ], [ -0.357162, 39.378658999000038 ], [ -0.363339, 39.392167999000037 ], [ -0.367515499999968, 39.396874999000033 ], [ -0.371277499999962, 39.398856999000031 ], [ -0.378515499999935, 39.400790499000038 ], [ -0.396395499999926, 39.404290999000068 ], [ -0.401718, 39.409797499000035 ], [ -0.405984499999931, 39.412840999000025 ], [ -0.40352, 39.415908999000067 ] ] ] } },
{ "type": "Feature", "properties": { "code": "46166", "name": "Meliana" }, "geometry": { "type": "Polygon", "coordinates": [ [ [ -0.313922, 39.524982499000032 ], [ -0.318978499999957, 39.514495999000076 ], [ -0.338363, 39.518371499000068 ], [ -0.354912145999947, 39.524479687000053 ], [ -0.353411499999936, 39.529486999000028 ], [ -0.350265803999946, 39.533943646000068 ], [ -0.340771813999936, 39.533831259000067 ], [ -0.313922, 39.524982499000032 ] ] ] } },
{ "type": "Feature", "properties": { "code": "46167", "name": "Millares" }, "geometry": { "type": "Polygon", "coordinates": [ [ [ -0.800629499999957, 39.169498499000042 ], [ -0.822350106999977, 39.167378585000051 ], [ -0.845703499999956, 39.170955499000058 ], [ -0.857867757999941, 39.182220984000026 ], [ -0.865968497999972, 39.194740929000034 ], [ -0.876193952999927, 39.22380465100008 ], [ -0.84439829799993, 39.233070273000067 ], [ -0.815855661999933, 39.261303092000048 ], [ -0.807487499999979, 39.265735499000073 ], [ -0.796761434999951, 39.260844317000078 ], [ -0.790962499999978, 39.266467922000061 ], [ -0.782542342999932, 39.265340111000057 ], [ -0.773667926999963, 39.250429646000043 ], [ -0.737387372999933, 39.234547826000039 ], [ -0.731849023999928, 39.23454614700006 ], [ -0.725493516999961, 39.227195084000073 ], [ -0.716178, 39.223209499000063 ], [ -0.715213966999954, 39.219624496000051 ], [ -0.709161871999925, 39.217655153000067 ], [ -0.701947660999963, 39.210225496000078 ], [ -0.699817854999935, 39.20495969500007 ], [ -0.712366055999951, 39.201415670000074 ], [ -0.729156660999934, 39.184367761000033 ], [ -0.732574, 39.176563499000054 ], [ -0.735256499999934, 39.174506999000073 ], [ -0.742279499999938, 39.174625499000058 ], [ -0.750797, 39.176486999000076 ], [ -0.760249, 39.175937499000042 ], [ -0.772697499999936, 39.171745499000053 ], [ -0.777105, 39.17292799900008 ], [ -0.783678499999951, 39.173007999000049 ], [ -0.800629499999957, 39.169498499000042 ] ] ] } },
{ "type": "Feature", "properties": { "code": "46168", "name": "Miramar" }, "geometry": { "type": "Polygon", "coordinates": [ [ [ -0.118856499999936, 38.954017499000031 ], [ -0.144006, 38.94665549900003 ], [ -0.146636, 38.948394499000074 ], [ -0.14904249999995, 38.954833999000073 ], [ -0.147068984999976, 38.956449402000032 ], [ -0.14802549999996, 38.958610499000031 ], [ -0.145963, 38.959975999000051 ], [ -0.134137150999948, 38.959914445000038 ], [ -0.127634, 38.962695999000061 ], [ -0.118856499999936, 38.954017499000031 ] ] ] } },
{ "type": "Feature", "properties": { "code": "46169", "name": "Mislata" }, "geometry": { "type": "Polygon", "coordinates": [ [ [ -0.421564, 39.485750999000061 ], [ -0.411573822999969, 39.481299063000051 ], [ -0.412052505999952, 39.475106941000035 ], [ -0.418158499999947, 39.468898499000034 ], [ -0.422119090999956, 39.470309021000048 ], [ -0.433493, 39.467023999000048 ], [ -0.421564, 39.485750999000061 ] ] ] } },
{ "type": "Feature", "properties": { "code": "46170", "name": "Mogente / Moixent" }, "geometry": { "type": "Polygon", "coordinates": [ [ [ -0.839683499999978, 38.785804499000051 ], [ -0.833780135999973, 38.792795075000072 ], [ -0.833602850999966, 38.802393448000032 ], [ -0.850076077999972, 38.811479398000074 ], [ -0.864159779999966, 38.826118296000061 ], [ -0.852092167999956, 38.834873939000033 ], [ -0.85182128799994, 38.839240006000068 ], [ -0.861593463999952, 38.84913537400007 ], [ -0.875311070999942, 38.873978998000041 ], [ -0.89942623099995, 38.893229015000031 ], [ -0.902399, 38.90015149900006 ], [ -0.835524986999928, 38.916938519000041 ], [ -0.813375220999944, 38.912816515000031 ], [ -0.786081188999958, 38.918879488000073 ], [ -0.763583, 38.916942499000072 ], [ -0.756397838999931, 38.912397641000041 ], [ -0.747384194999938, 38.911401851000051 ], [ -0.738796170999933, 38.902554504000079 ], [ -0.73368672099997, 38.901825620000068 ], [ -0.72433445799993, 38.893810098000074 ], [ -0.692622, 38.848048999000071 ], [ -0.701147, 38.843810999000027 ], [ -0.721084499999961, 38.836784499000032 ], [ -0.727451499999972, 38.835799999000074 ], [ -0.735355, 38.832893499000079 ], [ -0.742643, 38.826823999000055 ], [ -0.752788, 38.82366199900008 ], [ -0.755145, 38.824523999000064 ], [ -0.761954, 38.821151999000051 ], [ -0.792903499999966, 38.809188999000071 ], [ -0.807824499999924, 38.804793999000026 ], [ -0.814249, 38.801822499000025 ], [ -0.817040499999962, 38.79980499900006 ], [ -0.818867499999953, 38.79726049900006 ], [ -0.831917499999975, 38.788757499000042 ], [ -0.839683499999978, 38.785804499000051 ] ] ] } },
{ "type": "Feature", "properties": { "code": "46171", "name": "Moncada" }, "geometry": { "type": "Polygon", "coordinates": [ [ [ -0.426978, 39.562291999000024 ], [ -0.418238260999942, 39.562803731000031 ], [ -0.395653, 39.592529499000079 ], [ -0.379791, 39.599368999000035 ], [ -0.378771712999935, 39.596340072000032 ], [ -0.383985262999943, 39.586774559000048 ], [ -0.383356499999934, 39.575893499000074 ], [ -0.384596911999949, 39.569543908000071 ], [ -0.374183610999978, 39.557975762000069 ], [ -0.388238558999944, 39.546856093000031 ], [ -0.384458, 39.533270999000081 ], [ -0.396031317999928, 39.528672816000039 ], [ -0.402213570999947, 39.540563968000072 ], [ -0.426978, 39.562291999000024 ] ] ] } },
{ "type": "Feature", "properties": { "code": "46172", "name": "Montserrat" }, "geometry": { "type": "Polygon", "coordinates": [ [ [ -0.643738, 39.370437499000047 ], [ -0.643654499999968, 39.375003499000059 ], [ -0.641970499999957, 39.377437499000052 ], [ -0.634102499999926, 39.383514999000056 ], [ -0.608811, 39.389770499000065 ], [ -0.590615, 39.391853499000035 ], [ -0.573973, 39.386924499000031 ], [ -0.549888499999952, 39.389056999000047 ], [ -0.536509499999966, 39.386829499000044 ], [ -0.538589, 39.36138549900005 ], [ -0.542118499999958, 39.355369499000062 ], [ -0.552271, 39.332511999000076 ], [ -0.555767, 39.334712999000033 ], [ -0.57018, 39.329921499000079 ], [ -0.576827499999979, 39.325809499000059 ], [ -0.582283, 39.32371499900006 ], [ -0.609138, 39.343444999000042 ], [ -0.643738, 39.370437499000047 ] ] ] } },
{ "type": "Feature", "properties": { "code": "46173", "name": "Montaverner" }, "geometry": { "type": "Polygon", "coordinates": [ [ [ -0.485629499999959, 38.900027999000031 ], [ -0.481047499999931, 38.900153999000054 ], [ -0.47647749999993, 38.904479999000046 ], [ -0.469988499999943, 38.89403149900005 ], [ -0.475252144999956, 38.885125351000056 ], [ -0.486117308999951, 38.878432185000065 ], [ -0.490870308999945, 38.871453917000053 ], [ -0.489633499999968, 38.868190999000035 ], [ -0.497226233999925, 38.866390989000024 ], [ -0.50064224099998, 38.871934804000034 ], [ -0.510189163999939, 38.875991231000057 ], [ -0.505541221999977, 38.886536550000073 ], [ -0.509783499999969, 38.893119999000078 ], [ -0.497684100999948, 38.891335877000074 ], [ -0.485629499999959, 38.900027999000031 ] ] ] } },
{ "type": "Feature", "properties": { "code": "46174", "name": "Montesa" }, "geometry": { "type": "Polygon", "coordinates": [ [ [ -0.623414, 38.890121499000031 ], [ -0.642616499999974, 38.906116499000063 ], [ -0.660348, 38.92575449900005 ], [ -0.672025499999961, 38.933719499000063 ], [ -0.679063, 38.935104499000033 ], [ -0.681198, 38.937522999000066 ], [ -0.686351499999944, 38.940841999000043 ], [ -0.694123499999932, 38.94204299900008 ], [ -0.698874499999931, 38.946784999000045 ], [ -0.695195, 38.949966499000027 ], [ -0.689044, 38.958106999000051 ], [ -0.683304, 38.96364199900006 ], [ -0.672803499999929, 38.967765999000051 ], [ -0.669179, 38.97100049900007 ], [ -0.66745549999996, 38.973865499000055 ], [ -0.652910499999962, 38.981918499000074 ], [ -0.651119499999936, 38.980945499000029 ], [ -0.643670499999928, 38.980712999000048 ], [ -0.632223, 38.981624499000077 ], [ -0.628833499999928, 38.980121999000062 ], [ -0.622907634999933, 38.975257266000028 ], [ -0.614574, 38.958533999000053 ], [ -0.610461499999928, 38.95215199900008 ], [ -0.60917349999994, 38.948196499000062 ], [ -0.604363, 38.944438999000056 ], [ -0.605044, 38.942733499000042 ], [ -0.603314, 38.93928149900006 ], [ -0.601312499999949, 38.928836999000055 ], [ -0.603146, 38.919997999000032 ], [ -0.601397499999962, 38.916717499000072 ], [ -0.596307499999966, 38.912055999000074 ], [ -0.61449013899994, 38.902217998000026 ], [ -0.623414, 38.890121499000031 ] ] ] } },
{ "type": "Feature", "properties": { "code": "46175", "name": "Montitxelvo / Montichelvo" }, "geometry": { "type": "Polygon", "coordinates": [ [ [ -0.312642, 38.87498849900004 ], [ -0.31924001699997, 38.87737889400006 ], [ -0.328314886999976, 38.87574658300008 ], [ -0.334361814999966, 38.881796597000061 ], [ -0.347691128999941, 38.888260449000029 ], [ -0.353203739999969, 38.896888882000042 ], [ -0.363225, 38.901320999000063 ], [ -0.35334908599998, 38.908832156000074 ], [ -0.332621, 38.908197499000039 ], [ -0.331444330999943, 38.898646527000039 ], [ -0.316321302999938, 38.890705826000044 ], [ -0.310809, 38.881511499000055 ], [ -0.312642, 38.87498849900004 ] ] ] } },
{ "type": "Feature", "properties": { "code": "46176", "name": "Montroi / Montroy" }, "geometry": { "type": "Polygon", "coordinates": [ [ [ -0.68156, 39.294105499000068 ], [ -0.694780499999979, 39.31520849900005 ], [ -0.654509463999943, 39.364608795000038 ], [ -0.643738, 39.370437499000047 ], [ -0.609138, 39.343444999000042 ], [ -0.615945719999957, 39.329803561000062 ], [ -0.68156, 39.294105499000068 ] ] ] } },
{ "type": "Feature", "properties": { "code": "46177", "name": "Museros" }, "geometry": { "type": "Polygon", "coordinates": [ [ [ -0.328542499999969, 39.563690999000073 ], [ -0.331827039999951, 39.557006065000053 ], [ -0.326520499999958, 39.552789999000026 ], [ -0.33828, 39.551022999000054 ], [ -0.348287871999958, 39.552587205000066 ], [ -0.383356499999934, 39.575893499000074 ], [ -0.383985262999943, 39.586774559000048 ], [ -0.378771712999935, 39.596340072000032 ], [ -0.379791, 39.599368999000035 ], [ -0.367829499999971, 39.600051999000073 ], [ -0.361518499999931, 39.596648499000025 ], [ -0.349115559999973, 39.575216889000046 ], [ -0.328542499999969, 39.563690999000073 ] ], [ [ -0.342686672999946, 39.552263034000077 ], [ -0.338052216999927, 39.551352535000035 ], [ -0.335928386999967, 39.555184375000067 ], [ -0.33992981199998, 39.556511154000077 ], [ -0.342686672999946, 39.552263034000077 ] ] ] } },
{ "type": "Feature", "properties": { "code": "46178", "name": "Nàquera" }, "geometry": { "type": "Polygon", "coordinates": [ [ [ -0.392905, 39.65920249900006 ], [ -0.390661499999965, 39.64263949900004 ], [ -0.379306499999927, 39.624256499000069 ], [ -0.374614, 39.61434949900007 ], [ -0.369103499999937, 39.60546849900004 ], [ -0.367152, 39.605018499000039 ], [ -0.367829499999971, 39.600051999000073 ], [ -0.379791, 39.599368999000035 ], [ -0.395653, 39.592529499000079 ], [ -0.410076, 39.608901999000068 ], [ -0.463495499999965, 39.64316149900003 ], [ -0.458797229999959, 39.65761193000003 ], [ -0.43780669399996, 39.669035609000048 ], [ -0.398982, 39.674049499000034 ], [ -0.393079, 39.664837499000043 ], [ -0.392905, 39.65920249900006 ] ] ] } },
{ "type": "Feature", "properties": { "code": "46179", "name": "Navarrés" }, "geometry": { "type": "Polygon", "coordinates": [ [ [ -0.664527499999963, 39.107078499000067 ], [ -0.660351, 39.102542999000036 ], [ -0.657050499999968, 39.095378999000047 ], [ -0.660587499999963, 39.086639499000057 ], [ -0.668402, 39.07967749900007 ], [ -0.67411, 39.077987499000074 ], [ -0.683508471999971, 39.079338007000047 ], [ -0.703264014999945, 39.074780485000076 ], [ -0.75260476699998, 39.059172029000024 ], [ -0.772247436999976, 39.060261392000029 ], [ -0.782167885999968, 39.057869365000045 ], [ -0.78376327999996, 39.064543139000079 ], [ -0.778730939999946, 39.067714063000039 ], [ -0.779281908999963, 39.073157036000055 ], [ -0.770770900999935, 39.087500091000038 ], [ -0.744529669999963, 39.101358210000058 ], [ -0.731934401999979, 39.103265824000061 ], [ -0.719872043999942, 39.113787777000027 ], [ -0.709275416999958, 39.130933251000044 ], [ -0.697959, 39.137267999000073 ], [ -0.69067, 39.130206999000052 ], [ -0.673578, 39.118430999000054 ], [ -0.664527499999963, 39.107078499000067 ] ] ] } },
{ "type": "Feature", "properties": { "code": "46180", "name": "Novetlè" }, "geometry": { "type": "Polygon", "coordinates": [ [ [ -0.551196, 38.985393499000054 ], [ -0.542187296999941, 38.980663025000069 ], [ -0.549085269999978, 38.973120136000034 ], [ -0.556340679999948, 38.971738329000061 ], [ -0.554960139999935, 38.977339624000081 ], [ -0.559944, 38.980720499000029 ], [ -0.551196, 38.985393499000054 ] ] ] } },
{ "type": "Feature", "properties": { "code": "46181", "name": "Oliva" }, "geometry": { "type": "Polygon", "coordinates": [ [ [ -0.037616, 38.886413499000071 ], [ -0.036507264999955, 38.88105902500007 ], [ -0.026014694999958, 38.872224315000039 ], [ -0.02902936199996, 38.860814320000031 ], [ -0.042075, 38.856445499000074 ], [ -0.046264663999978, 38.864273326000045 ], [ -0.062081186999933, 38.873360558000059 ], [ -0.071046071999945, 38.88492885900007 ], [ -0.08649053299996, 38.87950631700005 ], [ -0.093260571999963, 38.873316012000032 ], [ -0.103529850999962, 38.874416386000064 ], [ -0.148001499999964, 38.858424999000079 ], [ -0.155018, 38.860469999000031 ], [ -0.153686, 38.871879499000045 ], [ -0.159609499999931, 38.883503499000028 ], [ -0.160832, 38.887391499000046 ], [ -0.161496, 38.897065499000064 ], [ -0.150940840999965, 38.903443841000069 ], [ -0.13731764399995, 38.917976270000054 ], [ -0.138106015999938, 38.921227505000047 ], [ -0.147961, 38.925426499000025 ], [ -0.147941378999974, 38.932252875000074 ], [ -0.142082499999958, 38.936839999000028 ], [ -0.134326399999964, 38.935782939000035 ], [ -0.1077, 38.943515999000056 ], [ -0.068975549999948, 38.909610950000058 ], [ -0.037616, 38.886413499000071 ] ] ] } },
{ "type": "Feature", "properties": { "code": "46182", "name": "Olocau" }, "geometry": { "type": "Polygon", "coordinates": [ [ [ -0.539300499999968, 39.651586499000075 ], [ -0.542524499999956, 39.657585999000048 ], [ -0.546871, 39.662810499000045 ], [ -0.568268069999931, 39.707314541000073 ], [ -0.524639055999955, 39.721925827000064 ], [ -0.51836437399993, 39.720219260000079 ], [ -0.501956050999979, 39.723675503000038 ], [ -0.493945499999938, 39.716593499000055 ], [ -0.492373499999928, 39.710147999000071 ], [ -0.489705499999957, 39.705875499000058 ], [ -0.489980499999945, 39.702800999000033 ], [ -0.514714513999934, 39.659960395000041 ], [ -0.518283034999968, 39.636344392000069 ], [ -0.522342859999981, 39.635844749000057 ], [ -0.535289334999959, 39.645081858000026 ], [ -0.539300499999968, 39.651586499000075 ] ] ] } },
{ "type": "Feature", "properties": { "code": "46183", "name": "Olleria, l'" }, "geometry": { "type": "Polygon", "coordinates": [ [ [ -0.528550499999938, 38.948379499000055 ], [ -0.521553, 38.940296499000056 ], [ -0.518176637999943, 38.935161528000037 ], [ -0.512494, 38.932063999000036 ], [ -0.507098499999927, 38.927364499000078 ], [ -0.507908911999948, 38.920344357000033 ], [ -0.517585889999964, 38.915626245000055 ], [ -0.510400240999957, 38.908372306000047 ], [ -0.516707499999939, 38.89495449900005 ], [ -0.519212, 38.895881499000041 ], [ -0.526460499999928, 38.891639499000064 ], [ -0.535527687999945, 38.891819266000027 ], [ -0.541912649999972, 38.886191373000031 ], [ -0.555671751999967, 38.887508973000024 ], [ -0.558794336999938, 38.882886656000039 ], [ -0.568601499999943, 38.881461999000066 ], [ -0.578119183999945, 38.886746585000026 ], [ -0.574739434999969, 38.915977078000026 ], [ -0.58205449999997, 38.922553999000058 ], [ -0.575325211999939, 38.924706048000075 ], [ -0.57063741099995, 38.93151303500008 ], [ -0.552594, 38.941767999000035 ], [ -0.545269499999961, 38.945022999000059 ], [ -0.543041499999958, 38.945071999000049 ], [ -0.540415499999938, 38.94694449900004 ], [ -0.530487, 38.95012299900003 ], [ -0.528550499999938, 38.948379499000055 ] ] ] } },
{ "type": "Feature", "properties": { "code": "46184", "name": "Ontinyent" }, "geometry": { "type": "Polygon", "coordinates": [ [ [ -0.584957499999973, 38.867889499000057 ], [ -0.570867499999963, 38.830115499000044 ], [ -0.560133, 38.804122999000072 ], [ -0.595154, 38.795100999000056 ], [ -0.613018499999953, 38.789321999000038 ], [ -0.628721499999926, 38.780685499000072 ], [ -0.642394499999966, 38.775829499000054 ], [ -0.652027499999974, 38.77339949900005 ], [ -0.659881, 38.769809499000075 ], [ -0.67166949999995, 38.766521999000076 ], [ -0.689738, 38.756557499000053 ], [ -0.703914499999939, 38.753005999000038 ], [ -0.712537, 38.749625999000045 ], [ -0.719003499999928, 38.751041499000053 ], [ -0.722154499999931, 38.753680999000039 ], [ -0.72643549999998, 38.752212499000052 ], [ -0.73323, 38.751704999000026 ], [ -0.735965499999963, 38.75359749900008 ], [ -0.731933499999968, 38.756267499000046 ], [ -0.733930101999931, 38.780134522000026 ], [ -0.737522461999959, 38.787082416000032 ], [ -0.733499608999978, 38.789843437000059 ], [ -0.733110058999955, 38.795992210000065 ], [ -0.728342402999942, 38.801258886000028 ], [ -0.721084499999961, 38.836784499000032 ], [ -0.701147, 38.843810999000027 ], [ -0.660961499999928, 38.861717499000065 ], [ -0.648501347999968, 38.864181314000064 ], [ -0.640571365999961, 38.859811720000039 ], [ -0.599309848999951, 38.863716027000066 ], [ -0.584957499999973, 38.867889499000057 ] ] ] } },
{ "type": "Feature", "properties": { "code": "46185", "name": "Otos" }, "geometry": { "type": "MultiPolygon", "coordinates": [ [ [ [ -0.446736, 38.890136999000049 ], [ -0.439295499999957, 38.880305999000029 ], [ -0.433346744999938, 38.852941059000045 ], [ -0.435542793999957, 38.840902670000048 ], [ -0.431466, 38.826553499000056 ], [ -0.444236499999931, 38.82049949900005 ], [ -0.444473142999925, 38.850102459000027 ], [ -0.452090838999936, 38.857675490000076 ], [ -0.454103716999953, 38.871693349000054 ], [ -0.450965366999981, 38.888521465000053 ], [ -0.446736, 38.890136999000049 ] ] ], [ [ [ -0.466173499999968, 38.912463999000067 ], [ -0.457179780999979, 38.902605926000035 ], [ -0.441431084999977, 38.898146977000067 ], [ -0.440736907999963, 38.895393589000037 ], [ -0.446116, 38.892322499000045 ], [ -0.458318650999956, 38.897776789000034 ], [ -0.469988499999943, 38.89403149900005 ], [ -0.47647749999993, 38.904479999000046 ], [ -0.473489, 38.909034499000029 ], [ -0.470592, 38.910476499000026 ], [ -0.470007, 38.913608499000077 ], [ -0.466173499999968, 38.912463999000067 ] ] ] ] } },
{ "type": "Feature", "properties": { "code": "46186", "name": "Paiporta" }, "geometry": { "type": "Polygon", "coordinates": [ [ [ -0.40352, 39.415908999000067 ], [ -0.405984499999931, 39.412840999000025 ], [ -0.408134081999947, 39.415210319000039 ], [ -0.41653202599997, 39.414632142000073 ], [ -0.421141, 39.419429499000046 ], [ -0.425741783999968, 39.428827106000028 ], [ -0.420700601999954, 39.431922820000068 ], [ -0.420550499999933, 39.435157999000069 ], [ -0.404137487999947, 39.436200994000046 ], [ -0.401696499999957, 39.427929499000072 ], [ -0.40352, 39.415908999000067 ] ] ] } },
{ "type": "Feature", "properties": { "code": "46187", "name": "Palma de Gandía" }, "geometry": { "type": "Polygon", "coordinates": [ [ [ -0.195144499999969, 38.928577499000028 ], [ -0.199457499999937, 38.925018999000031 ], [ -0.19899, 38.92224199900005 ], [ -0.211904748999928, 38.922746927000048 ], [ -0.214345483999978, 38.924133037000047 ], [ -0.216979726999966, 38.922089859000039 ], [ -0.223026255999969, 38.922673389000067 ], [ -0.227165542999956, 38.921160560000033 ], [ -0.234349268999949, 38.925753311000051 ], [ -0.235318843999949, 38.929040022000038 ], [ -0.237562002999937, 38.931538076000038 ], [ -0.237020991999941, 38.936292303000073 ], [ -0.238352499999962, 38.937738999000032 ], [ -0.232970464999937, 38.938674401000071 ], [ -0.23332699599996, 38.940641182000036 ], [ -0.23797449999995, 38.940585999000064 ], [ -0.237600357999952, 38.947103064000032 ], [ -0.243171996999934, 38.951064900000063 ], [ -0.248193862999926, 38.952087857000038 ], [ -0.25586549999997, 38.948458999000025 ], [ -0.288233, 38.954369499000052 ], [ -0.280576500999928, 38.955649342000072 ], [ -0.272761797999976, 38.966375302000074 ], [ -0.244595570999934, 38.958768557000042 ], [ -0.241614, 38.963241499000048 ], [ -0.222960081999929, 38.960855948000074 ], [ -0.218965, 38.95513549900005 ], [ -0.220425216999956, 38.94472950100004 ], [ -0.210933, 38.937442499000042 ], [ -0.205963965999956, 38.93013746400004 ], [ -0.195144499999969, 38.928577499000028 ] ] ] } },
{ "type": "Feature", "properties": { "code": "46188", "name": "Palmera" }, "geometry": { "type": "Polygon", "coordinates": [ [ [ -0.143668499999933, 38.940402999000071 ], [ -0.158163229999957, 38.937472124000067 ], [ -0.159619654999972, 38.939905486000043 ], [ -0.155494172999965, 38.943788946000041 ], [ -0.156175, 38.946468499000048 ], [ -0.146636, 38.948394499000074 ], [ -0.144006, 38.94665549900003 ], [ -0.143668499999933, 38.940402999000071 ] ] ] } },
{ "type": "Feature", "properties": { "code": "46189", "name": "Palomar, el" }, "geometry": { "type": "MultiPolygon", "coordinates": [ [ [ [ -0.461526, 38.828284999000061 ], [ -0.464221, 38.827304999000035 ], [ -0.455651499999931, 38.820831499000064 ], [ -0.453475, 38.817279499000051 ], [ -0.46055, 38.814864999000065 ], [ -0.461294, 38.810466999000027 ], [ -0.466693499999963, 38.818668499000069 ], [ -0.473578499999974, 38.82419199900005 ], [ -0.478119, 38.829383999000072 ], [ -0.481849, 38.836635499000067 ], [ -0.473829613999953, 38.836744209000074 ], [ -0.461526, 38.828284999000061 ] ] ], [ [ [ -0.497404499999959, 38.84970849900003 ], [ -0.507765276999976, 38.85144865500007 ], [ -0.50550949999996, 38.86437999900005 ], [ -0.512771, 38.876605999000049 ], [ -0.519394499999976, 38.893955499000072 ], [ -0.519212, 38.895881499000041 ], [ -0.509783499999969, 38.893119999000078 ], [ -0.505541221999977, 38.886536550000073 ], [ -0.510189163999939, 38.875991231000057 ], [ -0.50064224099998, 38.871934804000034 ], [ -0.497226233999925, 38.866390989000024 ], [ -0.489633499999968, 38.868190999000035 ], [ -0.483672, 38.856826999000077 ], [ -0.497404499999959, 38.84970849900003 ] ] ] ] } },
{ "type": "Feature", "properties": { "code": "46190", "name": "Paterna" }, "geometry": { "type": "Polygon", "coordinates": [ [ [ -0.426010499999961, 39.487964499000043 ], [ -0.433672244999968, 39.48682378500007 ], [ -0.443297763999965, 39.492162188000066 ], [ -0.44959549999993, 39.491637999000034 ], [ -0.45610927499996, 39.497958862000075 ], [ -0.472210785999948, 39.501313739000068 ], [ -0.473530585999924, 39.50430530400007 ], [ -0.47246832899998, 39.506532116000074 ], [ -0.473742711999932, 39.508790659000056 ], [ -0.482608004999975, 39.511229679000053 ], [ -0.498798853999972, 39.510255145000031 ], [ -0.504364485999929, 39.514381931000059 ], [ -0.506601002999957, 39.521529041000065 ], [ -0.515151, 39.524959499000033 ], [ -0.518047834999948, 39.52893927000008 ], [ -0.514147, 39.542342499000029 ], [ -0.506417, 39.553944999000066 ], [ -0.493542912999942, 39.544681397000033 ], [ -0.478606672999945, 39.545250915000054 ], [ -0.472608789999924, 39.553105869000035 ], [ -0.482001, 39.565371999000035 ], [ -0.47550549999994, 39.560607999000069 ], [ -0.468513499999972, 39.558860999000046 ], [ -0.462212499999964, 39.552623499000049 ], [ -0.449696499999959, 39.545392999000057 ], [ -0.433198, 39.527393499000027 ], [ -0.425476, 39.523536999000044 ], [ -0.423921, 39.520293999000046 ], [ -0.418716, 39.517370999000036 ], [ -0.426414110999929, 39.511486598000033 ], [ -0.424137499999972, 39.50739149900005 ], [ -0.429451555999947, 39.505823159000045 ], [ -0.430696539999929, 39.50430530400007 ], [ -0.426010499999961, 39.487964499000043 ] ] ] } },
{ "type": "Feature", "properties": { "code": "46191", "name": "Pedralba" }, "geometry": { "type": "Polygon", "coordinates": [ [ [ -0.685596, 39.606696999000064 ], [ -0.691303954999967, 39.605879562000041 ], [ -0.699406647999979, 39.582735290000073 ], [ -0.71732511099998, 39.564936586000044 ], [ -0.720552710999925, 39.552834743000062 ], [ -0.71811, 39.545284999000046 ], [ -0.743811499999936, 39.537874999000053 ], [ -0.750628, 39.541567999000051 ], [ -0.773872, 39.550882499000068 ], [ -0.775942499999928, 39.552470999000036 ], [ -0.760344045999943, 39.58812752700004 ], [ -0.754292345999943, 39.59595543000006 ], [ -0.738839093999957, 39.642482421000068 ], [ -0.729882, 39.653386999000077 ], [ -0.724519499999928, 39.65471149900003 ], [ -0.70649, 39.651849499000036 ], [ -0.683591499999977, 39.629905999000073 ], [ -0.67761349999995, 39.621979999000075 ], [ -0.684887597999932, 39.618065289000072 ], [ -0.685596, 39.606696999000064 ] ] ] } },
{ "type": "Feature", "properties": { "code": "46192", "name": "Petrés" }, "geometry": { "type": "Polygon", "coordinates": [ [ [ -0.31193049999996, 39.678226499000061 ], [ -0.319744052999965, 39.681713599000034 ], [ -0.31979660099995, 39.686456579000037 ], [ -0.324284499999976, 39.690456499000049 ], [ -0.318086050999966, 39.691256555000052 ], [ -0.303722956999934, 39.685502540000073 ], [ -0.299487456999941, 39.679366106000032 ], [ -0.31193049999996, 39.678226499000061 ] ] ] } },
{ "type": "Feature", "properties": { "code": "46193", "name": "Picanya" }, "geometry": { "type": "Polygon", "coordinates": [ [ [ -0.435392, 39.412791499000036 ], [ -0.446259139999938, 39.421797599000058 ], [ -0.439815934999956, 39.429809854000041 ], [ -0.44364995899997, 39.437703746000068 ], [ -0.454933883999956, 39.442704779000053 ], [ -0.456813499999953, 39.449656499000071 ], [ -0.447376499999962, 39.452489999000079 ], [ -0.44345124299997, 39.448036587000047 ], [ -0.431472499999927, 39.450644999000076 ], [ -0.420550499999933, 39.435157999000069 ], [ -0.420700601999954, 39.431922820000068 ], [ -0.425741783999968, 39.428827106000028 ], [ -0.421141, 39.419429499000046 ], [ -0.427673, 39.417484499000068 ], [ -0.435392, 39.412791499000036 ] ] ] } },
{ "type": "Feature", "properties": { "code": "46194", "name": "Picassent" }, "geometry": { "type": "Polygon", "coordinates": [ [ [ -0.465837499999964, 39.399703999000053 ], [ -0.46113349999996, 39.375224999000068 ], [ -0.455359, 39.371711499000071 ], [ -0.450615, 39.364608499000042 ], [ -0.449183, 39.363468499000078 ], [ -0.430552499999976, 39.36459749900007 ], [ -0.43366352299995, 39.348583426000062 ], [ -0.432628639999962, 39.334463299000049 ], [ -0.426104499999951, 39.33038349900005 ], [ -0.422081734999949, 39.311760236000055 ], [ -0.425933, 39.304710499000066 ], [ -0.429489499999931, 39.301952499000038 ], [ -0.442970499999944, 39.300815499000066 ], [ -0.479966499999932, 39.302596999000059 ], [ -0.487075, 39.302264999000045 ], [ -0.496436499999959, 39.304446999000049 ], [ -0.50392949999997, 39.310943999000074 ], [ -0.512571499999979, 39.316814499000031 ], [ -0.526228499999945, 39.321574999000063 ], [ -0.538707, 39.323955499000078 ], [ -0.552271, 39.332511999000076 ], [ -0.542118499999958, 39.355369499000062 ], [ -0.538589, 39.36138549900005 ], [ -0.536509499999966, 39.386829499000044 ], [ -0.509586499999955, 39.398559499000044 ], [ -0.504469499999971, 39.399116999000057 ], [ -0.475584, 39.398323499000071 ], [ -0.465837499999964, 39.399703999000053 ] ] ] } },
{ "type": "Feature", "properties": { "code": "46195", "name": "Piles" }, "geometry": { "type": "Polygon", "coordinates": [ [ [ -0.1077, 38.943515999000056 ], [ -0.134326399999964, 38.935782939000035 ], [ -0.142082499999958, 38.936839999000028 ], [ -0.143668499999933, 38.940402999000071 ], [ -0.144006, 38.94665549900003 ], [ -0.118856499999936, 38.954017499000031 ], [ -0.1077, 38.943515999000056 ] ] ] } },
{ "type": "Feature", "properties": { "code": "46196", "name": "Pinet" }, "geometry": { "type": "Polygon", "coordinates": [ [ [ -0.350765499999966, 38.972415999000077 ], [ -0.350514144999977, 38.982259228000032 ], [ -0.339988179999978, 38.99438985300003 ], [ -0.321610499999963, 39.000358499000072 ], [ -0.312231192999946, 38.996859477000044 ], [ -0.287449, 38.99626549900006 ], [ -0.293596604999948, 38.992723303000048 ], [ -0.292353, 38.988460499000041 ], [ -0.322491510999953, 38.980797019000079 ], [ -0.334365686999945, 38.962575592000064 ], [ -0.348528822999924, 38.96533799000008 ], [ -0.350765499999966, 38.972415999000077 ] ] ] } },
{ "type": "Feature", "properties": { "code": "46197", "name": "Polinyà de Xúquer" }, "geometry": { "type": "Polygon", "coordinates": [ [ [ -0.374683499999946, 39.178816999000048 ], [ -0.37427856599993, 39.188211766000052 ], [ -0.388484644999949, 39.193967530000066 ], [ -0.397337843999935, 39.191424869000059 ], [ -0.404821499999969, 39.183937499000081 ], [ -0.41098, 39.186107499000059 ], [ -0.408597829999962, 39.199358011000072 ], [ -0.403329499999927, 39.199035499000047 ], [ -0.394272667999928, 39.201996786000052 ], [ -0.386421580999979, 39.198116016000029 ], [ -0.378941785999928, 39.203147822000062 ], [ -0.363044427999967, 39.198962984000048 ], [ -0.35151, 39.202724499000055 ], [ -0.351720360999934, 39.185836694000045 ], [ -0.340620040999966, 39.18390557400005 ], [ -0.336877499999957, 39.177814499000078 ], [ -0.374683499999946, 39.178816999000048 ] ] ] } },
{ "type": "Feature", "properties": { "code": "46198", "name": "Potries" }, "geometry": { "type": "Polygon", "coordinates": [ [ [ -0.184256499999947, 38.925878499000078 ], [ -0.179690499999936, 38.901668999000037 ], [ -0.195402860999934, 38.909957683000073 ], [ -0.204746499999942, 38.910771499000077 ], [ -0.197376924999958, 38.918748807000043 ], [ -0.199457499999937, 38.925018999000031 ], [ -0.193118020999975, 38.923911861000079 ], [ -0.184256499999947, 38.925878499000078 ] ] ] } },
{ "type": "Feature", "properties": { "code": "46199", "name": "Pobla de Farnals, la" }, "geometry": { "type": "Polygon", "coordinates": [ [ [ -0.286256499999979, 39.559932999000068 ], [ -0.312027781999973, 39.568871769000054 ], [ -0.314958009999941, 39.572534570000073 ], [ -0.324955684999964, 39.573670495000044 ], [ -0.337421687999949, 39.581848152000077 ], [ -0.336759499999971, 39.584365499000057 ], [ -0.32720050699993, 39.581962929000042 ], [ -0.323223, 39.586879999000075 ], [ -0.312456834999978, 39.578001450000045 ], [ -0.31174482299997, 39.573792587000071 ], [ -0.280369499999949, 39.566173499000058 ], [ -0.286256499999979, 39.559932999000068 ] ] ] } },
{ "type": "Feature", "properties": { "code": "46200", "name": "Pobla del Duc, la" }, "geometry": { "type": "Polygon", "coordinates": [ [ [ -0.378321, 38.904052499000045 ], [ -0.402908317999959, 38.899601200000063 ], [ -0.406565973999932, 38.891599363000068 ], [ -0.411372724999978, 38.89466556900004 ], [ -0.417964238999957, 38.892923130000042 ], [ -0.425231, 38.878429499000049 ], [ -0.439295499999957, 38.880305999000029 ], [ -0.446736, 38.890136999000049 ], [ -0.446116, 38.892322499000045 ], [ -0.440736907999963, 38.895393589000037 ], [ -0.441431084999977, 38.898146977000067 ], [ -0.457179780999979, 38.902605926000035 ], [ -0.466173499999968, 38.912463999000067 ], [ -0.448636525999973, 38.912289738000027 ], [ -0.447707499999979, 38.919971499000042 ], [ -0.417118703999961, 38.924225406000062 ], [ -0.404637416999947, 38.92104319200007 ], [ -0.401383858999964, 38.914381989000049 ], [ -0.391338499999961, 38.911910999000042 ], [ -0.381531768999935, 38.912311332000058 ], [ -0.378321, 38.904052499000045 ] ] ] } },
{ "type": "Feature", "properties": { "code": "46201", "name": "Puebla de San Miguel" }, "geometry": { "type": "Polygon", "coordinates": [ [ [ -1.149847499999964, 40.114784499000052 ], [ -1.136182643999973, 40.104180973000041 ], [ -1.132828105999977, 40.098042621000047 ], [ -1.110932318999971, 40.092076213000041 ], [ -1.089943905999974, 40.077122879000058 ], [ -1.082647, 40.071266499000046 ], [ -1.07259130999995, 40.059965928000054 ], [ -1.071849489999977, 40.053736410000056 ], [ -1.084542411999962, 40.036625340000057 ], [ -1.133596172999944, 40.016134923000038 ], [ -1.145654657999955, 40.016464663000079 ], [ -1.165154, 40.010108999000067 ], [ -1.170559440999966, 40.022581574000071 ], [ -1.191100063999954, 40.052579199000036 ], [ -1.167434286999935, 40.068940789000067 ], [ -1.161235057999932, 40.077122879000058 ], [ -1.16003349999994, 40.081226499000024 ], [ -1.157228499999974, 40.08520149900005 ], [ -1.152374499999951, 40.096877999000071 ], [ -1.149587, 40.109660999000027 ], [ -1.149847499999964, 40.114784499000052 ] ] ] } },
{ "type": "Feature", "properties": { "code": "46202", "name": "Pobla de Vallbona, la" }, "geometry": { "type": "Polygon", "coordinates": [ [ [ -0.521544, 39.576114499000028 ], [ -0.531333419999953, 39.579226491000043 ], [ -0.55442, 39.560582999000076 ], [ -0.572620499999971, 39.56559549900004 ], [ -0.571686050999972, 39.572001383000043 ], [ -0.576135977999968, 39.574464506000027 ], [ -0.578887226999939, 39.581126554000036 ], [ -0.573519125999951, 39.583341311000027 ], [ -0.569526080999935, 39.581692233000069 ], [ -0.568332589999955, 39.58496804400005 ], [ -0.571083323999972, 39.590947012000072 ], [ -0.56988387399997, 39.594961573000035 ], [ -0.576312499999972, 39.605389999000067 ], [ -0.571195499999931, 39.603428499000074 ], [ -0.560013, 39.613298499000052 ], [ -0.552276, 39.624080999000057 ], [ -0.549247, 39.63759249900005 ], [ -0.539300499999968, 39.651586499000075 ], [ -0.535289334999959, 39.645081858000026 ], [ -0.522342859999981, 39.635844749000057 ], [ -0.518283034999968, 39.636344392000069 ], [ -0.51657849999998, 39.647230999000044 ], [ -0.510969, 39.641872999000043 ], [ -0.518793749999929, 39.613781835000054 ], [ -0.5102, 39.585376999000061 ], [ -0.51676723099996, 39.58445153200006 ], [ -0.521544, 39.576114499000028 ] ] ] } },
{ "type": "Feature", "properties": { "code": "46203", "name": "Pobla Llarga, la" }, "geometry": { "type": "MultiPolygon", "coordinates": [ [ [ [ -0.478853499999957, 39.071712499000057 ], [ -0.479245761999948, 39.074161335000042 ], [ -0.494260499999939, 39.081855999000027 ], [ -0.496948868999937, 39.085318545000064 ], [ -0.491300337999974, 39.090601837000065 ], [ -0.496668, 39.098365999000066 ], [ -0.487696705999952, 39.099905400000068 ], [ -0.473486784999977, 39.095047485000066 ], [ -0.461446654999975, 39.086866776000079 ], [ -0.444279730999938, 39.082575131000056 ], [ -0.439470661999962, 39.078811576000078 ], [ -0.439641499999937, 39.072494499000072 ], [ -0.464887983999972, 39.074054822000051 ], [ -0.46577949999994, 39.067191999000045 ], [ -0.47217349999994, 39.060996999000054 ], [ -0.477768555999944, 39.06575704800008 ], [ -0.475431696999976, 39.071400812000036 ], [ -0.478853499999957, 39.071712499000057 ] ] ], [ [ [ -0.500554499999964, 39.073115999000038 ], [ -0.502010499999926, 39.077075999000044 ], [ -0.499983, 39.078849999000056 ], [ -0.496652, 39.079528999000047 ], [ -0.497153499999968, 39.072860999000056 ], [ -0.500554499999964, 39.073115999000038 ] ] ] ] } },
{ "type": "Feature", "properties": { "code": "46204", "name": "Puig de Santa Maria, el" }, "geometry": { "type": "Polygon", "coordinates": [ [ [ -0.353204499999947, 39.633534999000062 ], [ -0.336956499999928, 39.620158999000068 ], [ -0.310145499999976, 39.603152999000031 ], [ -0.301701499999979, 39.60104749900006 ], [ -0.267993499999932, 39.598251499000071 ], [ -0.280369499999949, 39.566173499000058 ], [ -0.31174482299997, 39.573792587000071 ], [ -0.312456834999978, 39.578001450000045 ], [ -0.323223, 39.586879999000075 ], [ -0.374614, 39.61434949900007 ], [ -0.379306499999927, 39.624256499000069 ], [ -0.353204499999947, 39.633534999000062 ] ] ] } },
{ "type": "Feature", "properties": { "code": "46205", "name": "Puçol" }, "geometry": { "type": "Polygon", "coordinates": [ [ [ -0.267993499999932, 39.598251499000071 ], [ -0.301701499999979, 39.60104749900006 ], [ -0.310145499999976, 39.603152999000031 ], [ -0.336956499999928, 39.620158999000068 ], [ -0.353204499999947, 39.633534999000062 ], [ -0.340156817999969, 39.639199948000055 ], [ -0.296457472999975, 39.628924098000027 ], [ -0.268990230999975, 39.614515446000041 ], [ -0.258823, 39.614932999000075 ], [ -0.267993499999932, 39.598251499000071 ] ] ] } },
{ "type": "Feature", "properties": { "code": "46206", "name": "Quesa" }, "geometry": { "type": "Polygon", "coordinates": [ [ [ -0.732574, 39.176563499000054 ], [ -0.72716960899993, 39.169681130000072 ], [ -0.726302866999958, 39.159852805000071 ], [ -0.709757885999977, 39.151889760000074 ], [ -0.697959, 39.137267999000073 ], [ -0.709275416999958, 39.130933251000044 ], [ -0.719872043999942, 39.113787777000027 ], [ -0.731934401999979, 39.103265824000061 ], [ -0.744529669999963, 39.101358210000058 ], [ -0.770770900999935, 39.087500091000038 ], [ -0.779281908999963, 39.073157036000055 ], [ -0.778730939999946, 39.067714063000039 ], [ -0.78376327999996, 39.064543139000079 ], [ -0.782456499999967, 39.06106599900005 ], [ -0.795634565999933, 39.056556313000044 ], [ -0.815480627999932, 39.041126344000077 ], [ -0.820103176999964, 39.042332547000058 ], [ -0.832526499999972, 39.037456499000029 ], [ -0.845749762999958, 39.030598878000035 ], [ -0.851301324999952, 39.029494822000061 ], [ -0.855197688999965, 39.023706055000048 ], [ -0.86188748099994, 39.022251044000029 ], [ -0.86268262699997, 39.017631827000059 ], [ -0.866660576999948, 39.019436907000056 ], [ -0.872187073999953, 39.017337445000067 ], [ -0.873794711999949, 39.013749490000066 ], [ -0.879164749999973, 39.01153376700006 ], [ -0.882019, 39.012351499000033 ], [ -0.881454330999929, 39.015218214000072 ], [ -0.888845, 39.024795499000049 ], [ -0.871145371999944, 39.036252365000053 ], [ -0.841527524999947, 39.062068766000039 ], [ -0.831455332999951, 39.063884370000039 ], [ -0.820684136999944, 39.07375397900006 ], [ -0.805336163999925, 39.080446194000046 ], [ -0.798216120999939, 39.08986802000004 ], [ -0.775491018999958, 39.105542258000071 ], [ -0.76752567799997, 39.117629777000047 ], [ -0.76208405999995, 39.137459008000064 ], [ -0.772036042999957, 39.148911097000052 ], [ -0.800629499999957, 39.169498499000042 ], [ -0.783678499999951, 39.173007999000049 ], [ -0.777105, 39.17292799900008 ], [ -0.772697499999936, 39.171745499000053 ], [ -0.760249, 39.175937499000042 ], [ -0.750797, 39.176486999000076 ], [ -0.742279499999938, 39.174625499000058 ], [ -0.735256499999934, 39.174506999000073 ], [ -0.732574, 39.176563499000054 ] ] ] } },
{ "type": "Feature", "properties": { "code": "46207", "name": "Rafelbunyol" }, "geometry": { "type": "Polygon", "coordinates": [ [ [ -0.367829499999971, 39.600051999000073 ], [ -0.367152, 39.605018499000039 ], [ -0.369103499999937, 39.60546849900004 ], [ -0.374614, 39.61434949900007 ], [ -0.323223, 39.586879999000075 ], [ -0.32720050699993, 39.581962929000042 ], [ -0.336759499999971, 39.584365499000057 ], [ -0.367829499999971, 39.600051999000073 ] ] ] } },
{ "type": "Feature", "properties": { "code": "46208", "name": "Rafelcofer" }, "geometry": { "type": "Polygon", "coordinates": [ [ [ -0.170406499999956, 38.940345499000045 ], [ -0.166629499999942, 38.942352499000037 ], [ -0.163254, 38.942813999000066 ], [ -0.161077, 38.926799499000026 ], [ -0.180722499999945, 38.928919499000074 ], [ -0.17979867899993, 38.93332239800003 ], [ -0.170406499999956, 38.940345499000045 ] ] ] } },
{ "type": "Feature", "properties": { "code": "46209", "name": "Rafelguaraf" }, "geometry": { "type": "Polygon", "coordinates": [ [ [ -0.436457, 39.029189999000039 ], [ -0.448771133999969, 39.039645204000067 ], [ -0.467306965999967, 39.041552554000077 ], [ -0.474564208999936, 39.047278074000076 ], [ -0.466130998999972, 39.058119629000032 ], [ -0.451019557999928, 39.060397006000073 ], [ -0.452345492999939, 39.063408853000055 ], [ -0.46577949999994, 39.067191999000045 ], [ -0.464887983999972, 39.074054822000051 ], [ -0.431809499999929, 39.071410999000079 ], [ -0.43484849999993, 39.051666499000078 ], [ -0.425684, 39.052017499000044 ], [ -0.41443449999997, 39.048072999000055 ], [ -0.409637499999974, 39.043697499000075 ], [ -0.409320499999978, 39.041309499000079 ], [ -0.407375499999944, 39.039871499000071 ], [ -0.407239, 39.042976499000076 ], [ -0.382985499999961, 39.03835299900004 ], [ -0.392394489999958, 39.033225419000075 ], [ -0.415418750999947, 39.036331037000025 ], [ -0.436457, 39.029189999000039 ] ] ] } },
{ "type": "Feature", "properties": { "code": "46210", "name": "Ráfol de Salem" }, "geometry": { "type": "Polygon", "coordinates": [ [ [ -0.423085, 38.878490499000065 ], [ -0.415430531999959, 38.87787678400008 ], [ -0.398669604999952, 38.870284153000057 ], [ -0.392984, 38.862189999000066 ], [ -0.39916498599996, 38.859067419000041 ], [ -0.402770743999952, 38.851137971000071 ], [ -0.40091, 38.842635999000038 ], [ -0.405408284999965, 38.843994447000057 ], [ -0.406070945999943, 38.85320314300003 ], [ -0.412432887999955, 38.856462596000028 ], [ -0.421786674999964, 38.867598179000026 ], [ -0.423085, 38.878490499000065 ] ] ] } },
{ "type": "Feature", "properties": { "code": "46211", "name": "Real de Gandia, el" }, "geometry": { "type": "Polygon", "coordinates": [ [ [ -0.182591, 38.955280499000025 ], [ -0.183748972999979, 38.946684693000066 ], [ -0.192685165999933, 38.944139155000073 ], [ -0.187547, 38.939516499000035 ], [ -0.198851544999968, 38.936667930000056 ], [ -0.210933, 38.937442499000042 ], [ -0.220425216999956, 38.94472950100004 ], [ -0.218965, 38.95513549900005 ], [ -0.212030364999976, 38.957749521000039 ], [ -0.182591, 38.955280499000025 ] ] ] } },
{ "type": "Feature", "properties": { "code": "46212", "name": "Real" }, "geometry": { "type": "Polygon", "coordinates": [ [ [ -0.582283, 39.32371499900006 ], [ -0.582206499999927, 39.321246999000039 ], [ -0.580848499999945, 39.318569499000034 ], [ -0.585397, 39.316508999000064 ], [ -0.590722, 39.310096499000053 ], [ -0.594999499999972, 39.309791499000028 ], [ -0.599823, 39.305736499000034 ], [ -0.624061499999925, 39.300540999000077 ], [ -0.632564, 39.299468999000055 ], [ -0.64973649999996, 39.294971499000042 ], [ -0.659529, 39.291285999000024 ], [ -0.664803, 39.291366999000047 ], [ -0.68156, 39.294105499000068 ], [ -0.615945719999957, 39.329803561000062 ], [ -0.609138, 39.343444999000042 ], [ -0.582283, 39.32371499900006 ] ] ] } },
{ "type": "Feature", "properties": { "code": "46213", "name": "Requena" }, "geometry": { "type": "Polygon", "coordinates": [ [ [ -0.982729, 39.336704499000064 ], [ -0.995819471999937, 39.33985109200006 ], [ -1.027900517999967, 39.324095071000045 ], [ -1.071852307999961, 39.31201926600005 ], [ -1.090982379999957, 39.31152878000006 ], [ -1.089667837999968, 39.293781484000078 ], [ -1.112028314999975, 39.284965882000051 ], [ -1.12020634199996, 39.275921713000059 ], [ -1.176007499999969, 39.265539499000056 ], [ -1.174215745999959, 39.279931915000077 ], [ -1.162810305999926, 39.304701417000047 ], [ -1.163954601999933, 39.308779707000042 ], [ -1.177319985999929, 39.31421569400004 ], [ -1.197729337999931, 39.315075926000077 ], [ -1.207268630999977, 39.325502019000055 ], [ -1.215354499999933, 39.319100999000057 ], [ -1.223196189999953, 39.316480265000052 ], [ -1.242933032999929, 39.321973892000074 ], [ -1.246968473999971, 39.326746863000039 ], [ -1.251503012999933, 39.323596696000038 ], [ -1.275562658999945, 39.333064800000045 ], [ -1.282799724999961, 39.328955969000049 ], [ -1.291032038999958, 39.33353039900004 ], [ -1.298869499999967, 39.330695499000058 ], [ -1.300364661999936, 39.337001568000062 ], [ -1.31281869999998, 39.342432869000049 ], [ -1.322134435999942, 39.339094101000057 ], [ -1.330985557999952, 39.340328524000029 ], [ -1.333579756999939, 39.338701741000079 ], [ -1.331550894999964, 39.335990103000029 ], [ -1.335587669999938, 39.334574544000077 ], [ -1.342658601999972, 39.339663312000027 ], [ -1.352937234999956, 39.340758596000057 ], [ -1.368712406999975, 39.355973363000032 ], [ -1.385141499999975, 39.354293999000049 ], [ -1.382221668999932, 39.359480334000068 ], [ -1.383566, 39.366276499000037 ], [ -1.368977590999975, 39.369991603000074 ], [ -1.355014995999966, 39.389088362000052 ], [ -1.331494347999978, 39.406770854000058 ], [ -1.319520598999929, 39.420232817000056 ], [ -1.299115481999934, 39.427599618000045 ], [ -1.273017078999942, 39.44379079600003 ], [ -1.278492100999927, 39.458240258000046 ], [ -1.277838250999935, 39.49174791400003 ], [ -1.272331002999977, 39.50430530400007 ], [ -1.277589930999966, 39.516403707000052 ], [ -1.274387499999932, 39.525157999000044 ], [ -1.255968, 39.529002999000056 ], [ -1.243599, 39.529471999000066 ], [ -1.236063, 39.531188999000051 ], [ -1.235445, 39.541358999000067 ], [ -1.183184091999976, 39.540978369000072 ], [ -1.171978563999971, 39.545292017000065 ], [ -1.157475810999927, 39.555117799000072 ], [ -1.159066849999931, 39.572545851000029 ], [ -1.147036732999936, 39.587254244000064 ], [ -1.135949052999933, 39.593183550000049 ], [ -1.12430752299997, 39.593640051000079 ], [ -1.105222239999932, 39.600537469000074 ], [ -1.08845249999996, 39.617030999000065 ], [ -1.083149499999934, 39.616683999000031 ], [ -1.067139499999939, 39.613471999000069 ], [ -1.056082, 39.609061499000063 ], [ -1.027776, 39.590186999000025 ], [ -1.02492849999993, 39.589969499000063 ], [ -1.017523, 39.586681499000065 ], [ -0.982689, 39.553157499000065 ], [ -0.97977549999996, 39.541648999000074 ], [ -0.980789499999958, 39.533961999000041 ], [ -0.978088, 39.51676149900004 ], [ -0.979293499999926, 39.51052099900005 ], [ -0.967374931999927, 39.485437773000058 ], [ -0.965099920999933, 39.474375082000051 ], [ -0.96849487399993, 39.450393836000046 ], [ -0.978077499999927, 39.426063499000065 ], [ -0.975242499999979, 39.396751499000061 ], [ -0.976744768999936, 39.373596028000065 ], [ -0.984236857999974, 39.357217841000079 ], [ -0.982729, 39.336704499000064 ] ] ] } },
{ "type": "Feature", "properties": { "code": "46214", "name": "Riba-roja de Túria" }, "geometry": { "type": "Polygon", "coordinates": [ [ [ -0.606299499999977, 39.517295499000056 ], [ -0.604185, 39.521793499000069 ], [ -0.601839499999926, 39.532123499000079 ], [ -0.590604, 39.562286499000038 ], [ -0.592544499999974, 39.566858999000033 ], [ -0.572620499999971, 39.56559549900004 ], [ -0.55442, 39.560582999000076 ], [ -0.52612795899995, 39.551698142000077 ], [ -0.514147, 39.542342499000029 ], [ -0.518047834999948, 39.52893927000008 ], [ -0.515151, 39.524959499000033 ], [ -0.515013, 39.522651499000062 ], [ -0.525032, 39.513702499000033 ], [ -0.526656, 39.510215999000025 ], [ -0.529463, 39.50712949900003 ], [ -0.526948, 39.484532499000068 ], [ -0.530670645999976, 39.471158573000025 ], [ -0.575036804999968, 39.470053668000048 ], [ -0.591286, 39.47829499900007 ], [ -0.589119499999924, 39.485024499000076 ], [ -0.551649431999977, 39.492436695000038 ], [ -0.562142737999977, 39.498846995000065 ], [ -0.596175499999958, 39.500007499000048 ], [ -0.606777, 39.51356049900005 ], [ -0.606299499999977, 39.517295499000056 ] ] ] } },
{ "type": "Feature", "properties": { "code": "46215", "name": "Riola" }, "geometry": { "type": "Polygon", "coordinates": [ [ [ -0.331338, 39.192371499000046 ], [ -0.325863927999933, 39.184798683000054 ], [ -0.322612162999974, 39.171069736000049 ], [ -0.326375499999926, 39.164436499000033 ], [ -0.329065392999951, 39.175295070000061 ], [ -0.336877499999957, 39.177814499000078 ], [ -0.340620040999966, 39.18390557400005 ], [ -0.351720360999934, 39.185836694000045 ], [ -0.35151, 39.202724499000055 ], [ -0.342688606999957, 39.207245765000039 ], [ -0.338680887999942, 39.202996366000036 ], [ -0.327005760999953, 39.202682765000077 ], [ -0.332859764999967, 39.195661684000072 ], [ -0.331338, 39.192371499000046 ] ] ] } },
{ "type": "Feature", "properties": { "code": "46216", "name": "Rocafort" }, "geometry": { "type": "Polygon", "coordinates": [ [ [ -0.398882499999957, 39.521915999000043 ], [ -0.404859275999968, 39.522808618000056 ], [ -0.413203088999978, 39.529027867000025 ], [ -0.416239575999953, 39.536200002000044 ], [ -0.42250753999997, 39.539789122000059 ], [ -0.42951, 39.554048999000031 ], [ -0.415110523999942, 39.544710568000028 ], [ -0.407574874999966, 39.531652533000056 ], [ -0.398618917999954, 39.525870199000053 ], [ -0.398882499999957, 39.521915999000043 ] ] ] } },
{ "type": "Feature", "properties": { "code": "46217", "name": "Rotglà i Corberà" }, "geometry": { "type": "Polygon", "coordinates": [ [ [ -0.54871449999996, 39.026820999000051 ], [ -0.546236258999954, 39.024344610000071 ], [ -0.554191043999936, 39.016249351000056 ], [ -0.548716055999932, 39.009445876000029 ], [ -0.547853551999935, 39.000505163000071 ], [ -0.553662, 38.996219499000063 ], [ -0.560343499999931, 38.999747999000078 ], [ -0.590264499999932, 39.011901999000031 ], [ -0.571171697999944, 39.018364882000071 ], [ -0.5662, 39.026557999000033 ], [ -0.55924939099998, 39.023024907000035 ], [ -0.550374083999941, 39.024186671000052 ], [ -0.54871449999996, 39.026820999000051 ] ] ] } },
{ "type": "Feature", "properties": { "code": "46218", "name": "Ròtova" }, "geometry": { "type": "MultiPolygon", "coordinates": [ [ [ [ -0.23797449999995, 38.940585999000064 ], [ -0.23332699599996, 38.940641182000036 ], [ -0.232970464999937, 38.938674401000071 ], [ -0.238225, 38.937981499000045 ], [ -0.23797449999995, 38.940585999000064 ] ] ], [ [ [ -0.288233, 38.954369499000052 ], [ -0.25586549999997, 38.948458999000025 ], [ -0.246139595999978, 38.933785152000041 ], [ -0.259668499999975, 38.926700999000047 ], [ -0.272900617999937, 38.923581069000079 ], [ -0.277651618999926, 38.935483460000057 ], [ -0.291517, 38.945395999000027 ], [ -0.291902, 38.948227999000039 ], [ -0.288233, 38.954369499000052 ] ] ] ] } },
{ "type": "Feature", "properties": { "code": "46219", "name": "Rugat" }, "geometry": { "type": "MultiPolygon", "coordinates": [ [ [ [ -0.352652499999976, 38.868640999000036 ], [ -0.351453080999931, 38.864566013000058 ], [ -0.356671400999971, 38.864142557000037 ], [ -0.35859709999994, 38.871752916000048 ], [ -0.365850099999932, 38.875926522000043 ], [ -0.366707930999951, 38.880531154000039 ], [ -0.373110580999935, 38.886855868000055 ], [ -0.372366463999924, 38.890661683000076 ], [ -0.36524049999997, 38.892287999000075 ], [ -0.357891931999973, 38.890759960000025 ], [ -0.355529016999981, 38.883162737000077 ], [ -0.350830623999968, 38.882290055000055 ], [ -0.354752512999937, 38.875160873000027 ], [ -0.352652499999976, 38.868640999000036 ] ] ], [ [ [ -0.376756458999978, 38.894577125000069 ], [ -0.371745096999973, 38.897532700000056 ], [ -0.367846147999956, 38.895891550000044 ], [ -0.371013112999947, 38.893112385000052 ], [ -0.376756458999978, 38.894577125000069 ] ] ] ] } },
{ "type": "Feature", "properties": { "code": "46220", "name": "Sagunto / Sagunt" }, "geometry": { "type": "Polygon", "coordinates": [ [ [ -0.328725499999962, 39.801434499000038 ], [ -0.31596049999996, 39.799835499000039 ], [ -0.308501499999977, 39.796993499000052 ], [ -0.297414499999945, 39.785186999000075 ], [ -0.276461, 39.770545999000035 ], [ -0.272634092999965, 39.760715960000027 ], [ -0.273640499999942, 39.755100499000037 ], [ -0.293483772999934, 39.759178294000037 ], [ -0.309283354999934, 39.752244567000048 ], [ -0.30961379699994, 39.746445599000026 ], [ -0.298379046999969, 39.732570791000057 ], [ -0.288133499999958, 39.730732499000055 ], [ -0.29052373199994, 39.72631472900008 ], [ -0.283651856999938, 39.714811647000033 ], [ -0.270597781999925, 39.713532719000057 ], [ -0.264485848999925, 39.716452773000071 ], [ -0.260855, 39.72277499900008 ], [ -0.254319690999978, 39.725133552000045 ], [ -0.248802, 39.722804999000061 ], [ -0.231041155999947, 39.723507605000066 ], [ -0.234040499999935, 39.727561999000045 ], [ -0.229574542999956, 39.730655983000077 ], [ -0.195531499999959, 39.724338499000055 ], [ -0.188467, 39.721954499000049 ], [ -0.196669499999928, 39.702872999000078 ], [ -0.201333, 39.685348499000042 ], [ -0.225709590999941, 39.688619571000061 ], [ -0.23456637399994, 39.678613770000027 ], [ -0.203548, 39.671779499000024 ], [ -0.209256322999977, 39.660775418000071 ], [ -0.208444114999963, 39.644559025000035 ], [ -0.210634174999939, 39.652451493000058 ], [ -0.216284151999957, 39.654089689000045 ], [ -0.219802415999936, 39.64661913100008 ], [ -0.238873197999965, 39.634877454000048 ], [ -0.258823, 39.614932999000075 ], [ -0.268990230999975, 39.614515446000041 ], [ -0.296457472999975, 39.628924098000027 ], [ -0.340156817999969, 39.639199948000055 ], [ -0.353204499999947, 39.633534999000062 ], [ -0.379306499999927, 39.624256499000069 ], [ -0.364328499999942, 39.645042499000056 ], [ -0.362923, 39.654441999000028 ], [ -0.362366499999951, 39.666331999000079 ], [ -0.35577951199997, 39.65880345000005 ], [ -0.329137343999946, 39.650369608000062 ], [ -0.325042941999925, 39.653000837000036 ], [ -0.325703260999944, 39.659837499000048 ], [ -0.318677036999929, 39.665377287000069 ], [ -0.317567881999935, 39.671990293000079 ], [ -0.31193049999996, 39.678226499000061 ], [ -0.299487456999941, 39.679366106000032 ], [ -0.303722956999934, 39.685502540000073 ], [ -0.318086050999966, 39.691256555000052 ], [ -0.324284499999976, 39.690456499000049 ], [ -0.32564949999994, 39.691631499000039 ], [ -0.327208882999969, 39.69633525100005 ], [ -0.316342672999951, 39.70105486600005 ], [ -0.311979131999976, 39.70756835800006 ], [ -0.323675, 39.71800999900006 ], [ -0.331498499999952, 39.729568499000038 ], [ -0.330984022999928, 39.737449007000066 ], [ -0.334955775999958, 39.739618386000075 ], [ -0.336447263999958, 39.744971190000058 ], [ -0.348189499999933, 39.748237499000027 ], [ -0.346173499999963, 39.751216999000064 ], [ -0.32027812299998, 39.778950179000049 ], [ -0.319002104999925, 39.786752772000057 ], [ -0.326140896999959, 39.791379995000057 ], [ -0.32849049999993, 39.797466499000052 ], [ -0.328725499999962, 39.801434499000038 ] ], [ [ -0.22529616099996, 39.723628734000044 ], [ -0.21616819999997, 39.719699733000027 ], [ -0.196807384999943, 39.714027531000056 ], [ -0.197809137999968, 39.71646529800006 ], [ -0.202386113999978, 39.720413507000046 ], [ -0.222642460999964, 39.725580078000064 ], [ -0.22529616099996, 39.723628734000044 ] ] ] } },
{ "type": "Feature", "properties": { "code": "46221", "name": "Salem" }, "geometry": { "type": "Polygon", "coordinates": [ [ [ -0.351266499999952, 38.856330999000079 ], [ -0.35510249999993, 38.849796499000036 ], [ -0.38220486299997, 38.835128783000073 ], [ -0.402142499999968, 38.83978649900007 ], [ -0.40091, 38.842635999000038 ], [ -0.402770743999952, 38.851137971000071 ], [ -0.39916498599996, 38.859067419000041 ], [ -0.392984, 38.862189999000066 ], [ -0.374849965999942, 38.860291146000066 ], [ -0.366046137999945, 38.855838213000027 ], [ -0.351266499999952, 38.856330999000079 ] ] ] } },
{ "type": "Feature", "properties": { "code": "46222", "name": "Sant Joanet" }, "geometry": { "type": "Polygon", "coordinates": [ [ [ -0.496652, 39.079528999000047 ], [ -0.494260499999939, 39.081855999000027 ], [ -0.479245761999948, 39.074161335000042 ], [ -0.478853499999957, 39.071712499000057 ], [ -0.486410546999934, 39.063593154000046 ], [ -0.496092499999975, 39.068549999000027 ], [ -0.497153499999968, 39.072860999000056 ], [ -0.496652, 39.079528999000047 ] ] ] } },
{ "type": "Feature", "properties": { "code": "46223", "name": "Sedaví" }, "geometry": { "type": "Polygon", "coordinates": [ [ [ -0.357096499999955, 39.419511499000066 ], [ -0.354661594999925, 39.416040183000064 ], [ -0.356936034999933, 39.414859038000031 ], [ -0.371550765999928, 39.421673693000059 ], [ -0.375232136999955, 39.419180772000061 ], [ -0.379864778999945, 39.421865824000065 ], [ -0.386655402999963, 39.42298209300003 ], [ -0.387723516999927, 39.425373013000069 ], [ -0.391061499999978, 39.426734499000077 ], [ -0.386870958999964, 39.432107816000041 ], [ -0.364303832999951, 39.420498560000055 ], [ -0.357096499999955, 39.419511499000066 ] ] ] } },
{ "type": "Feature", "properties": { "code": "46224", "name": "Segart" }, "geometry": { "type": "Polygon", "coordinates": [ [ [ -0.376431499999967, 39.694152999000039 ], [ -0.372758, 39.689819499000066 ], [ -0.36291749999998, 39.684928999000078 ], [ -0.365857, 39.679347999000072 ], [ -0.365127499999971, 39.677078499000061 ], [ -0.368739, 39.671916999000075 ], [ -0.381523499999957, 39.66677499900004 ], [ -0.392905, 39.65920249900006 ], [ -0.393079, 39.664837499000043 ], [ -0.398982, 39.674049499000034 ], [ -0.389165, 39.690738499000076 ], [ -0.376431499999967, 39.694152999000039 ] ] ] } },
{ "type": "Feature", "properties": { "code": "46225", "name": "Sellent" }, "geometry": { "type": "Polygon", "coordinates": [ [ [ -0.5662, 39.026557999000033 ], [ -0.571171697999944, 39.018364882000071 ], [ -0.590264499999932, 39.011901999000031 ], [ -0.592908548999958, 39.014588609000043 ], [ -0.599906, 39.013580499000057 ], [ -0.597007678999944, 39.018363259000068 ], [ -0.603015781999943, 39.024222873000042 ], [ -0.621354, 39.030055999000069 ], [ -0.618364, 39.035533999000052 ], [ -0.618501, 39.038314999000079 ], [ -0.623659, 39.043689999000037 ], [ -0.62252, 39.045604499000035 ], [ -0.607899, 39.048160499000062 ], [ -0.600281, 39.047893499000054 ], [ -0.598069499999951, 39.04840099900008 ], [ -0.594535499999949, 39.050750999000059 ], [ -0.579971200999978, 39.049949759000071 ], [ -0.56744249999997, 39.038169999000047 ], [ -0.5662, 39.026557999000033 ] ] ] } },
{ "type": "Feature", "properties": { "code": "46226", "name": "Sempere" }, "geometry": { "type": "Polygon", "coordinates": [ [ [ -0.474865499999964, 38.933086499000069 ], [ -0.467210904999945, 38.922719861000076 ], [ -0.457509899999934, 38.917468662000033 ], [ -0.447707499999979, 38.919971499000042 ], [ -0.448636525999973, 38.912289738000027 ], [ -0.466173499999968, 38.912463999000067 ], [ -0.478488255999935, 38.915821376000054 ], [ -0.491075, 38.912055999000074 ], [ -0.49254, 38.913672999000028 ], [ -0.491486, 38.918731499000046 ], [ -0.475742361999949, 38.926864280000075 ], [ -0.474865499999964, 38.933086499000069 ] ] ] } },
{ "type": "Feature", "properties": { "code": "46227", "name": "Senyera" }, "geometry": { "type": "Polygon", "coordinates": [ [ [ -0.500554499999964, 39.073115999000038 ], [ -0.497153499999968, 39.072860999000056 ], [ -0.496092499999975, 39.068549999000027 ], [ -0.501099948999979, 39.063854308000032 ], [ -0.502028803999963, 39.057367750000026 ], [ -0.507848499999966, 39.056350999000074 ], [ -0.513021232999961, 39.058343739000065 ], [ -0.516138122999962, 39.067486123000037 ], [ -0.500554499999964, 39.073115999000038 ] ] ] } },
{ "type": "Feature", "properties": { "code": "46228", "name": "Serra" }, "geometry": { "type": "Polygon", "coordinates": [ [ [ -0.489980499999945, 39.702800999000033 ], [ -0.476138593999963, 39.716762015000029 ], [ -0.470664499999941, 39.726443499000027 ], [ -0.459430920999978, 39.715344781000056 ], [ -0.44503149999997, 39.71890649900007 ], [ -0.43906949999996, 39.717372999000077 ], [ -0.426891, 39.717010499000025 ], [ -0.416958499999964, 39.717792499000041 ], [ -0.415028499999949, 39.718864499000063 ], [ -0.408285499999977, 39.718562999000028 ], [ -0.404771499999924, 39.713969999000028 ], [ -0.399427, 39.702236999000036 ], [ -0.389165, 39.690738499000076 ], [ -0.398982, 39.674049499000034 ], [ -0.43780669399996, 39.669035609000048 ], [ -0.458797229999959, 39.65761193000003 ], [ -0.463495499999965, 39.64316149900003 ], [ -0.486899, 39.649799499000039 ], [ -0.492763, 39.650329499000065 ], [ -0.510969, 39.641872999000043 ], [ -0.51657849999998, 39.647230999000044 ], [ -0.514714513999934, 39.659960395000041 ], [ -0.489980499999945, 39.702800999000033 ] ] ] } },
{ "type": "Feature", "properties": { "code": "46229", "name": "Siete Aguas" }, "geometry": { "type": "Polygon", "coordinates": [ [ [ -0.982689, 39.553157499000065 ], [ -0.963249499999961, 39.551288499000066 ], [ -0.955135, 39.548171999000033 ], [ -0.945813499999929, 39.545825999000044 ], [ -0.931657, 39.543620999000041 ], [ -0.92705, 39.540107499000044 ], [ -0.920066, 39.538631499000076 ], [ -0.871187538999948, 39.512717618000067 ], [ -0.865387210999927, 39.50430530400007 ], [ -0.860382638999965, 39.494667529000026 ], [ -0.853155, 39.488517499000068 ], [ -0.866505637999978, 39.459488226000076 ], [ -0.882395064999969, 39.438359613000046 ], [ -0.90673146499995, 39.427035104000026 ], [ -0.935662038999965, 39.422525161000067 ], [ -0.966502912999943, 39.424777533000054 ], [ -0.977345, 39.428058499000031 ], [ -0.96849487399993, 39.450393836000046 ], [ -0.965099920999933, 39.474375082000051 ], [ -0.967374931999927, 39.485437773000058 ], [ -0.979293499999926, 39.51052099900005 ], [ -0.978088, 39.51676149900004 ], [ -0.980789499999958, 39.533961999000041 ], [ -0.97977549999996, 39.541648999000074 ], [ -0.982689, 39.553157499000065 ] ] ] } },
{ "type": "Feature", "properties": { "code": "46230", "name": "Silla" }, "geometry": { "type": "Polygon", "coordinates": [ [ [ -0.392310499999951, 39.38444049900005 ], [ -0.378350499999954, 39.381905999000026 ], [ -0.372440499999925, 39.377661499000055 ], [ -0.357348, 39.36387299900008 ], [ -0.363348440999971, 39.360364263000065 ], [ -0.37008308399993, 39.36133195900004 ], [ -0.38394238199993, 39.35372321400007 ], [ -0.387741496999979, 39.341751404000036 ], [ -0.397695449999958, 39.331895073000055 ], [ -0.395538, 39.326259499000059 ], [ -0.405618, 39.325683499000036 ], [ -0.426104499999951, 39.33038349900005 ], [ -0.432628639999962, 39.334463299000049 ], [ -0.43366352299995, 39.348583426000062 ], [ -0.430552499999976, 39.36459749900007 ], [ -0.428245, 39.367248499000027 ], [ -0.425035499999979, 39.376258999000072 ], [ -0.396011797999961, 39.379728070000056 ], [ -0.392310499999951, 39.38444049900005 ] ] ] } },
{ "type": "Feature", "properties": { "code": "46231", "name": "Simat de la Valldigna" }, "geometry": { "type": "Polygon", "coordinates": [ [ [ -0.333999, 39.069476999000074 ], [ -0.338503957999933, 39.062543779000066 ], [ -0.330526065999948, 39.053153287000043 ], [ -0.315016354999955, 39.056192832000079 ], [ -0.30400074299996, 39.049235189000058 ], [ -0.292948818999946, 39.051139841000065 ], [ -0.292252473999952, 39.04362610000004 ], [ -0.285904838999954, 39.032215262000079 ], [ -0.275244, 39.020377999000061 ], [ -0.28077449999995, 39.015346499000032 ], [ -0.309795319999978, 39.024557680000044 ], [ -0.334152751999966, 39.025874271000077 ], [ -0.349500355999965, 39.022074157000077 ], [ -0.357915, 39.00957149900006 ], [ -0.38008149999996, 39.021570999000062 ], [ -0.384368448999965, 39.032026444000053 ], [ -0.382985499999961, 39.03835299900004 ], [ -0.374137499999961, 39.046413499000039 ], [ -0.374260499999934, 39.050273999000069 ], [ -0.375445, 39.05168549900003 ], [ -0.378579499999944, 39.053161499000055 ], [ -0.381475, 39.057327499000053 ], [ -0.379237587999967, 39.06666879900007 ], [ -0.362375909999969, 39.077590789000055 ], [ -0.344568411999944, 39.074926682000068 ], [ -0.333999, 39.069476999000074 ] ] ] } },
{ "type": "Feature", "properties": { "code": "46232", "name": "Sinarcas" }, "geometry": { "type": "Polygon", "coordinates": [ [ [ -1.244928, 39.697265499000025 ], [ -1.261961, 39.698917499000061 ], [ -1.271277647999966, 39.714185180000072 ], [ -1.271281151999972, 39.730073146000052 ], [ -1.275028328999952, 39.737344007000047 ], [ -1.262033, 39.756454499000029 ], [ -1.249211072999969, 39.772219656000061 ], [ -1.233467714999961, 39.78391810200003 ], [ -1.216201303999981, 39.807969744000047 ], [ -1.210677499999974, 39.833270999000035 ], [ -1.204255699999976, 39.829620938000062 ], [ -1.201257537999936, 39.820899059000055 ], [ -1.194706818999975, 39.813432566000074 ], [ -1.181177748999971, 39.805140060000042 ], [ -1.164797586999953, 39.782390111000041 ], [ -1.150068, 39.774650499000074 ], [ -1.159881, 39.765716499000064 ], [ -1.164734, 39.760169999000027 ], [ -1.16775, 39.751598499000067 ], [ -1.169387, 39.74974049900004 ], [ -1.168474, 39.747203999000078 ], [ -1.169471, 39.743877499000064 ], [ -1.161556499999961, 39.730823499000053 ], [ -1.161265499999956, 39.714961999000025 ], [ -1.162622, 39.708244499000045 ], [ -1.162482, 39.694141499000068 ], [ -1.163170499999978, 39.687999499000057 ], [ -1.167063, 39.678367499000046 ], [ -1.191214376999937, 39.691604060000031 ], [ -1.244928, 39.697265499000025 ] ] ] } },
{ "type": "Feature", "properties": { "code": "46233", "name": "Sollana" }, "geometry": { "type": "Polygon", "coordinates": [ [ [ -0.405618, 39.325683499000036 ], [ -0.395538, 39.326259499000059 ], [ -0.390172261999965, 39.315979044000073 ], [ -0.381567113999949, 39.316026543000078 ], [ -0.375418297999943, 39.308148432000053 ], [ -0.364147946999935, 39.305761966000034 ], [ -0.346082771999932, 39.315323131000071 ], [ -0.33297749999997, 39.315666499000031 ], [ -0.334182642999963, 39.306286593000038 ], [ -0.341718205999939, 39.296343310000054 ], [ -0.341025578999961, 39.291049301000044 ], [ -0.352797687999953, 39.273497797000061 ], [ -0.357787, 39.246872999000061 ], [ -0.364393499999949, 39.248378499000069 ], [ -0.370756, 39.24399949900004 ], [ -0.375765499999943, 39.242484499000057 ], [ -0.41342949999995, 39.243069999000056 ], [ -0.414260499999955, 39.25729749900006 ], [ -0.402978513999926, 39.264808205000065 ], [ -0.397565418999932, 39.277401865000058 ], [ -0.40642791099998, 39.313083756000026 ], [ -0.405618, 39.325683499000036 ] ] ] } },
{ "type": "Feature", "properties": { "code": "46234", "name": "Sot de Chera" }, "geometry": { "type": "Polygon", "coordinates": [ [ [ -0.898067499999968, 39.563911499000028 ], [ -0.900102190999974, 39.568413902000032 ], [ -0.926133738999965, 39.577957870000034 ], [ -0.931713663999972, 39.588190375000067 ], [ -0.933844738999937, 39.599926570000036 ], [ -0.963921, 39.630130499000074 ], [ -0.9536, 39.637553999000033 ], [ -0.946952, 39.640960499000073 ], [ -0.931276, 39.645725499000037 ], [ -0.914782499999944, 39.648898999000039 ], [ -0.908348499999931, 39.641612999000074 ], [ -0.905858, 39.636836999000025 ], [ -0.905798, 39.632636999000056 ], [ -0.901811499999951, 39.626899999000045 ], [ -0.889737499999967, 39.625545499000054 ], [ -0.885927, 39.61943799900007 ], [ -0.874243499999977, 39.615558499000031 ], [ -0.865998, 39.609065999000052 ], [ -0.881088, 39.588676999000029 ], [ -0.890544, 39.580512999000064 ], [ -0.893352499999935, 39.574282999000047 ], [ -0.894702499999937, 39.568515499000057 ], [ -0.898067499999968, 39.563911499000028 ] ] ] } },
{ "type": "Feature", "properties": { "code": "46235", "name": "Sueca" }, "geometry": { "type": "Polygon", "coordinates": [ [ [ -0.244578499999932, 39.225429499000029 ], [ -0.263128189999975, 39.215513736000048 ], [ -0.274400292999928, 39.204028003000076 ], [ -0.282843768999953, 39.183276072000069 ], [ -0.281057113999964, 39.175070804000029 ], [ -0.283956803999956, 39.17316865500004 ], [ -0.289983826999958, 39.176079041000037 ], [ -0.293154640999944, 39.173799098000075 ], [ -0.286535125999933, 39.169437438000045 ], [ -0.287595513999975, 39.166042007000044 ], [ -0.296344188999967, 39.164482207000049 ], [ -0.300495499999954, 39.168155499000079 ], [ -0.309461321999947, 39.172983622000061 ], [ -0.30733349999997, 39.176124499000025 ], [ -0.311539558999925, 39.184067107000033 ], [ -0.309184070999947, 39.189723624000067 ], [ -0.324974868999959, 39.194744512000057 ], [ -0.331338, 39.192371499000046 ], [ -0.332859764999967, 39.195661684000072 ], [ -0.327005760999953, 39.202682765000077 ], [ -0.338680887999942, 39.202996366000036 ], [ -0.342688606999957, 39.207245765000039 ], [ -0.355764499999964, 39.201064999000039 ], [ -0.361070760999951, 39.214349415000072 ], [ -0.35419087799994, 39.238284788000044 ], [ -0.349763904999975, 39.242675106000036 ], [ -0.351313158999972, 39.245676294000077 ], [ -0.357787, 39.246872999000061 ], [ -0.352797687999953, 39.273497797000061 ], [ -0.341025578999961, 39.291049301000044 ], [ -0.341718205999939, 39.296343310000054 ], [ -0.334182642999963, 39.306286593000038 ], [ -0.33297749999997, 39.315666499000031 ], [ -0.319945115999928, 39.312409529000035 ], [ -0.317414906999943, 39.303955780000081 ], [ -0.306602627999951, 39.29980936700008 ], [ -0.291209340999956, 39.283368596000059 ], [ -0.274244, 39.278938499000049 ], [ -0.244578499999932, 39.225429499000029 ] ] ] } },
{ "type": "Feature", "properties": { "code": "46236", "name": "Sumacàrcer" }, "geometry": { "type": "Polygon", "coordinates": [ [ [ -0.660587499999963, 39.086639499000057 ], [ -0.657050499999968, 39.095378999000047 ], [ -0.660351, 39.102542999000036 ], [ -0.664527499999963, 39.107078499000067 ], [ -0.655806980999955, 39.117680379000035 ], [ -0.647316499999931, 39.120708499000045 ], [ -0.635327, 39.110553499000048 ], [ -0.634682508999958, 39.100987992000057 ], [ -0.625817781999956, 39.099291731000051 ], [ -0.627384627999959, 39.093153338000036 ], [ -0.625124247999963, 39.090321636000056 ], [ -0.612765966999973, 39.087422307000054 ], [ -0.607103392999932, 39.082421919000069 ], [ -0.602218568999945, 39.086629601000027 ], [ -0.598236117999932, 39.084466078000048 ], [ -0.599371499999961, 39.066570499000079 ], [ -0.611906, 39.060207499000057 ], [ -0.616533499999946, 39.06041699900004 ], [ -0.622489499999972, 39.058910499000035 ], [ -0.628725, 39.059406499000033 ], [ -0.641759, 39.07072049900006 ], [ -0.647972, 39.075607499000057 ], [ -0.651291, 39.077262999000027 ], [ -0.660587499999963, 39.086639499000057 ] ] ] } },
{ "type": "Feature", "properties": { "code": "46237", "name": "Tavernes Blanques" }, "geometry": { "type": "Polygon", "coordinates": [ [ [ -0.364126499999941, 39.511199999000041 ], [ -0.356377499999951, 39.507560999000077 ], [ -0.359693, 39.503391499000031 ], [ -0.362077462999935, 39.502476631000036 ], [ -0.367426834999947, 39.50430530400007 ], [ -0.369760096999926, 39.509354009000049 ], [ -0.366613, 39.512630999000066 ], [ -0.364126499999941, 39.511199999000041 ] ] ] } },
{ "type": "Feature", "properties": { "code": "46238", "name": "Tavernes de la Valldigna" }, "geometry": { "type": "Polygon", "coordinates": [ [ [ -0.221945499999947, 39.105777999000054 ], [ -0.199406, 39.058498499000052 ], [ -0.229598499999952, 39.053840499000046 ], [ -0.245254, 39.048816499000054 ], [ -0.268678499999965, 39.02980799900007 ], [ -0.26673330999995, 39.040075786000045 ], [ -0.289347880999969, 39.063319847000059 ], [ -0.289278804999924, 39.077388779000046 ], [ -0.298632859999941, 39.083329410000033 ], [ -0.296789953999962, 39.092942881000056 ], [ -0.304645499999936, 39.099117499000045 ], [ -0.297695671999975, 39.102227733000063 ], [ -0.286223548999942, 39.116599378000046 ], [ -0.272708499999965, 39.122581499000034 ], [ -0.236605632999954, 39.104239522000057 ], [ -0.221945499999947, 39.105777999000054 ] ] ] } },
{ "type": "Feature", "properties": { "code": "46239", "name": "Teresa de Cofrentes" }, "geometry": { "type": "Polygon", "coordinates": [ [ [ -1.070742, 39.115272499000071 ], [ -1.068513197999948, 39.122703756000078 ], [ -1.011683975999972, 39.142797829000074 ], [ -0.991680950999978, 39.152210710000077 ], [ -0.985735445999978, 39.159029855000028 ], [ -0.959574, 39.16953649900006 ], [ -0.918954, 39.151187999000058 ], [ -0.91343606199996, 39.145226702000059 ], [ -0.915882839999938, 39.108749849000048 ], [ -0.905668, 39.09349049900004 ], [ -0.911601150999957, 39.087283601000024 ], [ -0.932819438999957, 39.080526037000027 ], [ -0.936635846999934, 39.074878665000028 ], [ -0.94866426599998, 39.073424098000032 ], [ -0.955040956999937, 39.067979091000041 ], [ -0.964839392999977, 39.065629906000026 ], [ -0.979665080999951, 39.064433729000029 ], [ -1.003904573999932, 39.068625839000049 ], [ -1.043632852999963, 39.067200850000063 ], [ -1.050699339999937, 39.076350861000037 ], [ -1.056744, 39.077460999000039 ], [ -1.04338140699997, 39.086785708000036 ], [ -1.043013144999975, 39.090446141000029 ], [ -1.045976338999935, 39.094299608000028 ], [ -1.055205367999974, 39.095720045000064 ], [ -1.070742, 39.115272499000071 ] ] ] } },
{ "type": "Feature", "properties": { "code": "46240", "name": "Terrateig" }, "geometry": { "type": "Polygon", "coordinates": [ [ [ -0.306805, 38.917096499000024 ], [ -0.304941499999927, 38.916962999000077 ], [ -0.301066177999928, 38.900791415000072 ], [ -0.302510987999938, 38.891727439000078 ], [ -0.294842499999959, 38.889155499000026 ], [ -0.299252499999966, 38.881694999000047 ], [ -0.310809, 38.881511499000055 ], [ -0.316321302999938, 38.890705826000044 ], [ -0.331444330999943, 38.898646527000039 ], [ -0.332621, 38.908197499000039 ], [ -0.311942554999973, 38.907799216000058 ], [ -0.306805, 38.917096499000024 ] ] ] } },
{ "type": "Feature", "properties": { "code": "46241", "name": "Titaguas" }, "geometry": { "type": "Polygon", "coordinates": [ [ [ -1.044108499999936, 39.816008999000076 ], [ -1.050785796999946, 39.821890626000027 ], [ -1.053707996999947, 39.829554063000046 ], [ -1.050493028999938, 39.842870485000049 ], [ -1.057944473999953, 39.848605831000043 ], [ -1.071091499999966, 39.848155999000028 ], [ -1.095024, 39.836425999000028 ], [ -1.104631, 39.834827999000026 ], [ -1.116982499999949, 39.836559499000032 ], [ -1.129964499999971, 39.836219999000036 ], [ -1.139037499999972, 39.844699999000056 ], [ -1.148939, 39.844184999000049 ], [ -1.16003, 39.855594499000063 ], [ -1.166821499999969, 39.863944999000068 ], [ -1.197860499999933, 39.872864999000058 ], [ -1.182114499999955, 39.879897999000036 ], [ -1.149307, 39.891379999000037 ], [ -1.141609499999959, 39.89447399900007 ], [ -1.13605, 39.897662999000033 ], [ -1.103703, 39.909309499000074 ], [ -1.090721, 39.912971499000037 ], [ -1.081429499999956, 39.903419499000051 ], [ -1.066571, 39.89932649900004 ], [ -1.053725499999928, 39.850147499000059 ], [ -1.049394499999948, 39.844173499000078 ], [ -1.048034, 39.840644999000062 ], [ -1.049662, 39.835582499000054 ], [ -1.046788499999934, 39.828929999000025 ], [ -1.044108499999936, 39.816008999000076 ] ] ] } },
{ "type": "Feature", "properties": { "code": "46242", "name": "Torrebaja" }, "geometry": { "type": "MultiPolygon", "coordinates": [ [ [ [ -1.250638, 40.122996499000067 ], [ -1.24497, 40.116141999000035 ], [ -1.253833862999954, 40.12142999200006 ], [ -1.255368807999957, 40.118867728000055 ], [ -1.252636499999937, 40.112967999000034 ], [ -1.259673459999931, 40.116415505000077 ], [ -1.261166480999975, 40.119839132000038 ], [ -1.253369112999962, 40.124865362000037 ], [ -1.251468665999937, 40.124672825000061 ], [ -1.250638, 40.122996499000067 ] ] ], [ [ [ -1.271477499999946, 40.092270499000051 ], [ -1.269030297999961, 40.101121606000049 ], [ -1.272123552999972, 40.11204592100006 ], [ -1.26237158899994, 40.113073610000072 ], [ -1.252939804999926, 40.105105131000073 ], [ -1.25279411899993, 40.098565116000032 ], [ -1.247273805999953, 40.092633357000068 ], [ -1.247953535999955, 40.08685095800007 ], [ -1.271477499999946, 40.092270499000051 ] ] ] ] } },
{ "type": "Feature", "properties": { "code": "46243", "name": "Torrella" }, "geometry": { "type": "MultiPolygon", "coordinates": [ [ [ [ -0.578514, 38.986583499000062 ], [ -0.584062, 38.990780499000039 ], [ -0.581298, 38.992626499000039 ], [ -0.562225, 38.986263499000074 ], [ -0.560557, 38.98340999900006 ], [ -0.564780783999936, 38.981677059000049 ], [ -0.569129499999974, 38.983173499000031 ], [ -0.568133771999953, 38.985417913000049 ], [ -0.569777017999968, 38.986736564000068 ], [ -0.574530098999958, 38.98785214600008 ], [ -0.576825, 38.985999999000057 ], [ -0.578514, 38.986583499000062 ] ] ], [ [ [ -0.588284499999929, 38.988200999000071 ], [ -0.590353499999935, 38.98848749900003 ], [ -0.590291, 38.990306499000042 ], [ -0.588794083999971, 38.991354966000074 ], [ -0.587015741999949, 38.990941271000054 ], [ -0.588284499999929, 38.988200999000071 ] ] ] ] } },
{ "type": "Feature", "properties": { "code": "46244", "name": "Torrent" }, "geometry": { "type": "Polygon", "coordinates": [ [ [ -0.456813499999953, 39.449656499000071 ], [ -0.454933883999956, 39.442704779000053 ], [ -0.44364995899997, 39.437703746000068 ], [ -0.439815934999956, 39.429809854000041 ], [ -0.446259139999938, 39.421797599000058 ], [ -0.435392, 39.412791499000036 ], [ -0.438163499999973, 39.41055699900005 ], [ -0.450711499999954, 39.40279749900003 ], [ -0.465837499999964, 39.399703999000053 ], [ -0.475584, 39.398323499000071 ], [ -0.504469499999971, 39.399116999000057 ], [ -0.509586499999955, 39.398559499000044 ], [ -0.536509499999966, 39.386829499000044 ], [ -0.549888499999952, 39.389056999000047 ], [ -0.573973, 39.386924499000031 ], [ -0.590615, 39.391853499000035 ], [ -0.593273499999952, 39.404098499000042 ], [ -0.598309499999971, 39.40826849900003 ], [ -0.599302, 39.410106499000051 ], [ -0.603907, 39.409969499000056 ], [ -0.61721, 39.444206499000074 ], [ -0.600845980999964, 39.434830868000063 ], [ -0.56374025599996, 39.428771871000038 ], [ -0.553836962999981, 39.429641711000045 ], [ -0.534484499999962, 39.443668499000069 ], [ -0.524229499999933, 39.44323349900003 ], [ -0.517290499999945, 39.441959499000063 ], [ -0.507787, 39.444530499000052 ], [ -0.504904, 39.442912999000043 ], [ -0.497292, 39.444297499000072 ], [ -0.486559499999942, 39.444812999000078 ], [ -0.456813499999953, 39.449656499000071 ] ] ] } },
{ "type": "Feature", "properties": { "code": "46245", "name": "Torres Torres" }, "geometry": { "type": "Polygon", "coordinates": [ [ [ -0.439335, 39.730071999000074 ], [ -0.416075905999946, 39.727156733000072 ], [ -0.370388426999966, 39.740267030000041 ], [ -0.357580449999944, 39.747231164000027 ], [ -0.348189499999933, 39.748237499000027 ], [ -0.336447263999958, 39.744971190000058 ], [ -0.334955775999958, 39.739618386000075 ], [ -0.330984022999928, 39.737449007000066 ], [ -0.331498499999952, 39.729568499000038 ], [ -0.340269038999963, 39.733887464000077 ], [ -0.356196265999927, 39.727866497000036 ], [ -0.398805022999966, 39.728007367000032 ], [ -0.404387997999947, 39.725050273000079 ], [ -0.408285499999977, 39.718562999000028 ], [ -0.415028499999949, 39.718864499000063 ], [ -0.416958499999964, 39.717792499000041 ], [ -0.426891, 39.717010499000025 ], [ -0.43906949999996, 39.717372999000077 ], [ -0.44503149999997, 39.71890649900007 ], [ -0.439335, 39.730071999000074 ] ] ] } },
{ "type": "Feature", "properties": { "code": "46246", "name": "Tous" }, "geometry": { "type": "Polygon", "coordinates": [ [ [ -0.58062549999994, 39.183513499000071 ], [ -0.601062283999966, 39.184899830000063 ], [ -0.610431991999974, 39.181356669000024 ], [ -0.63348442299997, 39.157736886000066 ], [ -0.626304, 39.156390999000052 ], [ -0.610485034999954, 39.151461453000024 ], [ -0.602564549999954, 39.154135305000068 ], [ -0.597489155999938, 39.144977113000039 ], [ -0.584641020999925, 39.143483278000076 ], [ -0.583999567999967, 39.136535429000048 ], [ -0.598954409999976, 39.139563254000052 ], [ -0.628783161999934, 39.133834206000074 ], [ -0.647316499999931, 39.120708499000045 ], [ -0.655806980999955, 39.117680379000035 ], [ -0.664527499999963, 39.107078499000067 ], [ -0.673578, 39.118430999000054 ], [ -0.69067, 39.130206999000052 ], [ -0.697959, 39.137267999000073 ], [ -0.709757885999977, 39.151889760000074 ], [ -0.726302866999958, 39.159852805000071 ], [ -0.72716960899993, 39.169681130000072 ], [ -0.732574, 39.176563499000054 ], [ -0.729156660999934, 39.184367761000033 ], [ -0.712366055999951, 39.201415670000074 ], [ -0.699817854999935, 39.20495969500007 ], [ -0.701947660999963, 39.210225496000078 ], [ -0.709161871999925, 39.217655153000067 ], [ -0.715213966999954, 39.219624496000051 ], [ -0.716178, 39.223209499000063 ], [ -0.710961499999939, 39.229018999000061 ], [ -0.708124, 39.236511499000073 ], [ -0.706081499999925, 39.257571999000049 ], [ -0.701520499999958, 39.258101999000075 ], [ -0.690143499999976, 39.262599999000031 ], [ -0.662677, 39.251689999000064 ], [ -0.644617499999924, 39.242885499000067 ], [ -0.636608, 39.237804999000048 ], [ -0.602049499999964, 39.229610499000046 ], [ -0.593731, 39.203174499000056 ], [ -0.588195, 39.199466499000039 ], [ -0.581786499999964, 39.18812549900008 ], [ -0.58062549999994, 39.183513499000071 ] ] ] } },
{ "type": "Feature", "properties": { "code": "46247", "name": "Tuéjar" }, "geometry": { "type": "Polygon", "coordinates": [ [ [ -1.071091499999966, 39.848155999000028 ], [ -1.072135499999945, 39.83427449900006 ], [ -1.067032499999925, 39.820888999000033 ], [ -1.044108499999936, 39.816008999000076 ], [ -1.027169131999926, 39.80584323100004 ], [ -1.022195631999978, 39.796534505000068 ], [ -1.022974852999937, 39.784252605000063 ], [ -1.028642742999978, 39.77261642600007 ], [ -1.02695519699995, 39.762416864000045 ], [ -1.033187737999924, 39.75270830200003 ], [ -1.065546499999925, 39.739551499000072 ], [ -1.072956624999961, 39.749110727000073 ], [ -1.092007027999955, 39.762472141000046 ], [ -1.13536862899997, 39.76421797900008 ], [ -1.150068, 39.774650499000074 ], [ -1.164797586999953, 39.782390111000041 ], [ -1.181177748999971, 39.805140060000042 ], [ -1.194706818999975, 39.813432566000074 ], [ -1.201257537999936, 39.820899059000055 ], [ -1.204255699999976, 39.829620938000062 ], [ -1.210677499999974, 39.833270999000035 ], [ -1.210842, 39.83819199900006 ], [ -1.200825298999973, 39.857045250000056 ], [ -1.200406371999975, 39.869354093000027 ], [ -1.197860499999933, 39.872864999000058 ], [ -1.166821499999969, 39.863944999000068 ], [ -1.16003, 39.855594499000063 ], [ -1.148939, 39.844184999000049 ], [ -1.139037499999972, 39.844699999000056 ], [ -1.129964499999971, 39.836219999000036 ], [ -1.116982499999949, 39.836559499000032 ], [ -1.104631, 39.834827999000026 ], [ -1.095024, 39.836425999000028 ], [ -1.071091499999966, 39.848155999000028 ] ] ] } },
{ "type": "Feature", "properties": { "code": "46248", "name": "Turís" }, "geometry": { "type": "Polygon", "coordinates": [ [ [ -0.727847, 39.413726499000063 ], [ -0.717742, 39.413745999000071 ], [ -0.701117499999953, 39.410293499000034 ], [ -0.687974, 39.409030999000038 ], [ -0.678635, 39.409160499000052 ], [ -0.654050499999926, 39.40735999900005 ], [ -0.625635, 39.410656499000027 ], [ -0.599302, 39.410106499000051 ], [ -0.598309499999971, 39.40826849900003 ], [ -0.593273499999952, 39.404098499000042 ], [ -0.590615, 39.391853499000035 ], [ -0.608811, 39.389770499000065 ], [ -0.634102499999926, 39.383514999000056 ], [ -0.637339, 39.381527499000072 ], [ -0.643654499999968, 39.375003499000059 ], [ -0.643738, 39.370437499000047 ], [ -0.654509463999943, 39.364608795000038 ], [ -0.694780499999979, 39.31520849900005 ], [ -0.712716499999942, 39.322959999000034 ], [ -0.745148, 39.325175999000066 ], [ -0.744477499999959, 39.330100999000081 ], [ -0.742219, 39.334678499000063 ], [ -0.741433499999971, 39.339996499000051 ], [ -0.741021, 39.352088999000046 ], [ -0.739308499999936, 39.358047499000065 ], [ -0.739086499999928, 39.375377499000081 ], [ -0.736514499999942, 39.378814499000043 ], [ -0.737822, 39.380389999000045 ], [ -0.738601499999959, 39.384647499000039 ], [ -0.738428499999941, 39.396842999000057 ], [ -0.737522, 39.400455499000032 ], [ -0.734024, 39.407008999000027 ], [ -0.727847, 39.413726499000063 ] ] ] } },
{ "type": "Feature", "properties": { "code": "46249", "name": "Utiel" }, "geometry": { "type": "Polygon", "coordinates": [ [ [ -1.146796, 39.659721499000057 ], [ -1.128069, 39.645263499000066 ], [ -1.120526499999926, 39.642757499000027 ], [ -1.113318499999934, 39.63784799900003 ], [ -1.098551, 39.622638499000061 ], [ -1.08845249999996, 39.617030999000065 ], [ -1.105222239999932, 39.600537469000074 ], [ -1.12430752299997, 39.593640051000079 ], [ -1.135949052999933, 39.593183550000049 ], [ -1.147036732999936, 39.587254244000064 ], [ -1.159066849999931, 39.572545851000029 ], [ -1.157475810999927, 39.555117799000072 ], [ -1.171978563999971, 39.545292017000065 ], [ -1.183184091999976, 39.540978369000072 ], [ -1.235445, 39.541358999000067 ], [ -1.242688308999959, 39.546728835000067 ], [ -1.24706348199993, 39.54630234800004 ], [ -1.266932639999936, 39.561887363000039 ], [ -1.299321206999934, 39.570098727000072 ], [ -1.322383, 39.580100999000081 ], [ -1.330297505999965, 39.582663394000065 ], [ -1.334606535999967, 39.598815955000077 ], [ -1.348701372999926, 39.626072081000075 ], [ -1.344047607999926, 39.632200633000025 ], [ -1.317909252999925, 39.643250259000069 ], [ -1.278981600999941, 39.66677069800005 ], [ -1.244928, 39.697265499000025 ], [ -1.191214376999937, 39.691604060000031 ], [ -1.162137518999941, 39.675452512000049 ], [ -1.158596811999928, 39.666642312000079 ], [ -1.146796, 39.659721499000057 ] ] ] } },
{ "type": "Feature", "properties": { "code": "46250", "name": "València" }, "geometry": { "type": "MultiPolygon", "coordinates": [ [ [ [ -0.274244, 39.278938499000049 ], [ -0.291209340999956, 39.283368596000059 ], [ -0.306602627999951, 39.29980936700008 ], [ -0.317414906999943, 39.303955780000081 ], [ -0.319945115999928, 39.312409529000035 ], [ -0.33297749999997, 39.315666499000031 ], [ -0.346082771999932, 39.315323131000071 ], [ -0.364147946999935, 39.305761966000034 ], [ -0.375418297999943, 39.308148432000053 ], [ -0.381567113999949, 39.316026543000078 ], [ -0.390172261999965, 39.315979044000073 ], [ -0.397695449999958, 39.331895073000055 ], [ -0.387741496999979, 39.341751404000036 ], [ -0.38394238199993, 39.35372321400007 ], [ -0.37008308399993, 39.36133195900004 ], [ -0.363348440999971, 39.360364263000065 ], [ -0.34727, 39.369820999000069 ], [ -0.344057, 39.365825499000039 ], [ -0.341052, 39.366744999000048 ], [ -0.343065499999966, 39.370857499000067 ], [ -0.332050556999945, 39.370832857000039 ], [ -0.33640859999997, 39.382945153000037 ], [ -0.350073856999927, 39.402134949000072 ], [ -0.349992339999972, 39.42071295900007 ], [ -0.357096499999955, 39.419511499000066 ], [ -0.364303832999951, 39.420498560000055 ], [ -0.386870958999964, 39.432107816000041 ], [ -0.391061499999978, 39.426734499000077 ], [ -0.401696499999957, 39.427929499000072 ], [ -0.404137487999947, 39.436200994000046 ], [ -0.420550499999933, 39.435157999000069 ], [ -0.431472499999927, 39.450644999000076 ], [ -0.416358748999926, 39.454637121000076 ], [ -0.412112900999944, 39.465639969000051 ], [ -0.418158499999947, 39.468898499000034 ], [ -0.412052505999952, 39.475106941000035 ], [ -0.411573822999969, 39.481299063000051 ], [ -0.426010499999961, 39.487964499000043 ], [ -0.430696539999929, 39.50430530400007 ], [ -0.429451555999947, 39.505823159000045 ], [ -0.424137499999972, 39.50739149900005 ], [ -0.418248819999974, 39.50430530400007 ], [ -0.411022475999971, 39.498454276000075 ], [ -0.39916089299993, 39.499847554000041 ], [ -0.397126091999951, 39.50430530400007 ], [ -0.401124, 39.511190999000064 ], [ -0.398618917999954, 39.525870199000053 ], [ -0.407574874999966, 39.531652533000056 ], [ -0.415110523999942, 39.544710568000028 ], [ -0.42951, 39.554048999000031 ], [ -0.432819, 39.561144499000079 ], [ -0.426978, 39.562291999000024 ], [ -0.402213570999947, 39.540563968000072 ], [ -0.396031317999928, 39.528672816000039 ], [ -0.384458, 39.533270999000081 ], [ -0.38361694799994, 39.530762253000034 ], [ -0.370871, 39.527387999000041 ], [ -0.372593497999958, 39.52179398800007 ], [ -0.366613, 39.512630999000066 ], [ -0.369760096999926, 39.509354009000049 ], [ -0.367426834999947, 39.50430530400007 ], [ -0.362077462999935, 39.502476631000036 ], [ -0.359693, 39.503391499000031 ], [ -0.35560232499995, 39.500259332000041 ], [ -0.356729434999977, 39.494025061000059 ], [ -0.35033053199993, 39.489155222000079 ], [ -0.323463499999946, 39.484626999000056 ], [ -0.321362862999933, 39.459586610000031 ], [ -0.318033108999941, 39.452535918000081 ], [ -0.325181817999976, 39.460869030000026 ], [ -0.330334987999947, 39.460279559000071 ], [ -0.322292836999964, 39.449316735000025 ], [ -0.333976733999975, 39.439513761000057 ], [ -0.334228637999956, 39.422466925000037 ], [ -0.313048209999977, 39.353257274000043 ], [ -0.290551050999966, 39.305731059000038 ], [ -0.274244, 39.278938499000049 ] ] ], [ [ [ -0.289378, 39.556655999000043 ], [ -0.295603, 39.549476499000036 ], [ -0.320264499999951, 39.561347499000078 ], [ -0.313353700999926, 39.565626695000049 ], [ -0.289378, 39.556655999000043 ] ] ], [ [ [ -0.333081499999935, 39.540313999000034 ], [ -0.335171832999947, 39.536456358000066 ], [ -0.33998700799998, 39.539041334000046 ], [ -0.338542727999936, 39.543286962000025 ], [ -0.342824476999965, 39.548159394000038 ], [ -0.33828, 39.551022999000054 ], [ -0.332037, 39.551853999000059 ], [ -0.333081499999935, 39.540313999000034 ] ] ], [ [ [ -0.351324499999976, 39.522699499000055 ], [ -0.361467, 39.516435499000067 ], [ -0.363276016999976, 39.521681795000063 ], [ -0.366532499999948, 39.523667999000054 ], [ -0.362052499999947, 39.53232299900003 ], [ -0.353411499999936, 39.529486999000028 ], [ -0.354912145999947, 39.524479687000053 ], [ -0.351324499999976, 39.522699499000055 ] ] ] ] } },
{ "type": "Feature", "properties": { "code": "46251", "name": "Vallada" }, "geometry": { "type": "Polygon", "coordinates": [ [ [ -0.692622, 38.848048999000071 ], [ -0.72433445799993, 38.893810098000074 ], [ -0.73368672099997, 38.901825620000068 ], [ -0.738796170999933, 38.902554504000079 ], [ -0.747384194999938, 38.911401851000051 ], [ -0.756397838999931, 38.912397641000041 ], [ -0.763583, 38.916942499000072 ], [ -0.760721, 38.919959999000071 ], [ -0.738962, 38.924476499000036 ], [ -0.727545499999962, 38.925128999000037 ], [ -0.721021, 38.92967599900004 ], [ -0.71016149999997, 38.939872499000046 ], [ -0.698874499999931, 38.946784999000045 ], [ -0.694123499999932, 38.94204299900008 ], [ -0.686351499999944, 38.940841999000043 ], [ -0.681198, 38.937522999000066 ], [ -0.679063, 38.935104499000033 ], [ -0.672025499999961, 38.933719499000063 ], [ -0.660348, 38.92575449900005 ], [ -0.642616499999974, 38.906116499000063 ], [ -0.623414, 38.890121499000031 ], [ -0.636556194999969, 38.880931218000057 ], [ -0.649061414999949, 38.877813335000042 ], [ -0.660961499999928, 38.861717499000065 ], [ -0.692622, 38.848048999000071 ] ] ] } },
{ "type": "Feature", "properties": { "code": "46252", "name": "Vallanca" }, "geometry": { "type": "Polygon", "coordinates": [ [ [ -1.400703, 40.067088999000077 ], [ -1.412024473999963, 40.080204639000044 ], [ -1.413524, 40.086086499000032 ], [ -1.419029619999947, 40.093779185000074 ], [ -1.407572, 40.101421999000024 ], [ -1.402480499999967, 40.096942999000078 ], [ -1.397000499999933, 40.090518999000039 ], [ -1.389517499999954, 40.086494499000025 ], [ -1.371474, 40.080692499000065 ], [ -1.366667, 40.080127999000069 ], [ -1.363762, 40.080455999000037 ], [ -1.360164, 40.083820499000069 ], [ -1.341446106999967, 40.089061611000034 ], [ -1.314287, 40.093540499000028 ], [ -1.314462704999926, 40.05952024100003 ], [ -1.321795521999945, 40.055366956000057 ], [ -1.313879482999937, 40.050127085000042 ], [ -1.312273, 40.031131499000026 ], [ -1.307966, 40.010482999000033 ], [ -1.33762398999994, 40.016604548000032 ], [ -1.358934499999975, 40.012351999000032 ], [ -1.364315499999975, 40.012195499000029 ], [ -1.376832, 40.016513499000041 ], [ -1.381257499999947, 40.027179499000056 ], [ -1.383111, 40.038982499000042 ], [ -1.393713, 40.053127499000027 ], [ -1.400703, 40.067088999000077 ] ] ] } },
{ "type": "Feature", "properties": { "code": "46253", "name": "Vallés" }, "geometry": { "type": "MultiPolygon", "coordinates": [ [ [ [ -0.560557, 38.98340999900006 ], [ -0.562225, 38.986263499000074 ], [ -0.560267, 38.990512999000032 ], [ -0.555768200999978, 38.992232641000044 ], [ -0.553662, 38.996219499000063 ], [ -0.54670514399993, 38.992710859000056 ], [ -0.551196, 38.985393499000054 ], [ -0.558965, 38.981006499000046 ], [ -0.560557, 38.98340999900006 ] ] ], [ [ [ -0.588222415999951, 38.983166850000032 ], [ -0.586544714999945, 38.986879597000041 ], [ -0.582433762999926, 38.98734603500003 ], [ -0.583453566999935, 38.982141009000031 ], [ -0.588222415999951, 38.983166850000032 ] ] ] ] } },
{ "type": "Feature", "properties": { "code": "46254", "name": "Venta del Moro" }, "geometry": { "type": "Polygon", "coordinates": [ [ [ -1.502803, 39.514076999000054 ], [ -1.481068, 39.50018299900006 ], [ -1.475382, 39.495391999000049 ], [ -1.474241, 39.492286499000045 ], [ -1.457607, 39.482497999000032 ], [ -1.442441, 39.486285999000074 ], [ -1.434425, 39.490127499000039 ], [ -1.420801, 39.50021349900004 ], [ -1.403139499999952, 39.517802999000025 ], [ -1.39239, 39.530917999000053 ], [ -1.389921, 39.538055499000052 ], [ -1.390384499999925, 39.541656499000055 ], [ -1.38538449999993, 39.549991499000043 ], [ -1.379663, 39.548839499000053 ], [ -1.363556, 39.547847499000056 ], [ -1.357492, 39.545898499000032 ], [ -1.340576, 39.536792999000056 ], [ -1.331794, 39.535205999000027 ], [ -1.331925499999954, 39.531684999000049 ], [ -1.321402499999976, 39.529956499000036 ], [ -1.316893499999935, 39.51578149900007 ], [ -1.297849, 39.521560499000032 ], [ -1.274387499999932, 39.525157999000044 ], [ -1.277589930999966, 39.516403707000052 ], [ -1.272331002999977, 39.50430530400007 ], [ -1.277838250999935, 39.49174791400003 ], [ -1.278492100999927, 39.458240258000046 ], [ -1.273017078999942, 39.44379079600003 ], [ -1.299115481999934, 39.427599618000045 ], [ -1.319520598999929, 39.420232817000056 ], [ -1.331494347999978, 39.406770854000058 ], [ -1.355014995999966, 39.389088362000052 ], [ -1.368977590999975, 39.369991603000074 ], [ -1.383566, 39.366276499000037 ], [ -1.406010626999944, 39.365983866000079 ], [ -1.407504169999925, 39.368938021000076 ], [ -1.398865084999954, 39.370294965000028 ], [ -1.397041094999963, 39.374821776000033 ], [ -1.400950901999977, 39.37595721100007 ], [ -1.407422340999972, 39.372518329000059 ], [ -1.411759510999957, 39.379237955000065 ], [ -1.421338853999941, 39.381537173000027 ], [ -1.424036921999971, 39.379901791000066 ], [ -1.421976365999967, 39.368558218000032 ], [ -1.423718290999943, 39.364799905000041 ], [ -1.430012104999946, 39.364910339000062 ], [ -1.428116854999928, 39.373229937000076 ], [ -1.431942210999978, 39.37652502800006 ], [ -1.432624267999927, 39.372568529000034 ], [ -1.439232557999958, 39.371344610000051 ], [ -1.444599204999975, 39.362594672000057 ], [ -1.454379, 39.361255999000036 ], [ -1.44950275399998, 39.367810027000075 ], [ -1.44955295699998, 39.376866333000066 ], [ -1.465407150999965, 39.382995039000036 ], [ -1.462950098999954, 39.385784845000046 ], [ -1.456802851999953, 39.38582443100006 ], [ -1.454091881999943, 39.398535976000062 ], [ -1.460313894999956, 39.399309823000067 ], [ -1.466814254999974, 39.39217992500005 ], [ -1.471634297999969, 39.391746473000069 ], [ -1.474893938999969, 39.395301674000052 ], [ -1.468367400999966, 39.401604471000041 ], [ -1.470546248999938, 39.406718199000068 ], [ -1.475814224999965, 39.407457523000062 ], [ -1.484254866999947, 39.401844506000032 ], [ -1.487880450999967, 39.404443295000078 ], [ -1.485496937999926, 39.421205844000042 ], [ -1.498410987999932, 39.416220186000032 ], [ -1.505244499999947, 39.417638999000076 ], [ -1.497884533999979, 39.428377901000033 ], [ -1.505532373999927, 39.429076721000058 ], [ -1.510929372999954, 39.433861900000068 ], [ -1.514324114999965, 39.429096693000076 ], [ -1.51961797599995, 39.431100144000027 ], [ -1.520626970999956, 39.434140883000055 ], [ -1.516759053999976, 39.437844096000049 ], [ -1.523320732999935, 39.442914103000078 ], [ -1.519075244999954, 39.448150626000029 ], [ -1.528067, 39.452220999000076 ], [ -1.52503717899998, 39.456677944000035 ], [ -1.514759757999968, 39.458578782000075 ], [ -1.511935359999939, 39.471552207000059 ], [ -1.505340155999932, 39.47836335900007 ], [ -1.510043535999955, 39.483467910000059 ], [ -1.507472322999945, 39.487873296000032 ], [ -1.508580531999939, 39.492179298000053 ], [ -1.503473085999929, 39.493166100000053 ], [ -1.50108595599994, 39.496718738000027 ], [ -1.50104211799993, 39.501605933000064 ], [ -1.506037825999954, 39.508061251000072 ], [ -1.502803, 39.514076999000054 ] ] ] } },
{ "type": "Feature", "properties": { "code": "46255", "name": "Vilallonga / Villalonga" }, "geometry": { "type": "Polygon", "coordinates": [ [ [ -0.160832, 38.887391499000046 ], [ -0.165287866999961, 38.881170916000031 ], [ -0.179733962999933, 38.878550762000032 ], [ -0.19132276299996, 38.871263104000036 ], [ -0.196807856999953, 38.866197431000046 ], [ -0.196242499999926, 38.859431999000037 ], [ -0.230467, 38.853484999000045 ], [ -0.239193, 38.857547999000076 ], [ -0.242025499999954, 38.860568999000066 ], [ -0.24576449999995, 38.858650499000078 ], [ -0.260201, 38.859924499000044 ], [ -0.27330749999993, 38.864017499000056 ], [ -0.282328, 38.869811999000035 ], [ -0.289035, 38.872619499000052 ], [ -0.299252499999966, 38.881694999000047 ], [ -0.294842499999959, 38.889155499000026 ], [ -0.273061499999926, 38.891499499000076 ], [ -0.253573, 38.898134999000035 ], [ -0.226897975999975, 38.895770181000046 ], [ -0.212341605999939, 38.90117702200007 ], [ -0.204746499999942, 38.910771499000077 ], [ -0.195402860999934, 38.909957683000073 ], [ -0.179690499999936, 38.901668999000037 ], [ -0.161496, 38.897065499000064 ], [ -0.160832, 38.887391499000046 ] ] ] } },
{ "type": "Feature", "properties": { "code": "46256", "name": "Vilamarxant" }, "geometry": { "type": "Polygon", "coordinates": [ [ [ -0.592544499999974, 39.566858999000033 ], [ -0.590604, 39.562286499000038 ], [ -0.601839499999926, 39.532123499000079 ], [ -0.604185, 39.521793499000069 ], [ -0.606299499999977, 39.517295499000056 ], [ -0.638384, 39.52434899900004 ], [ -0.659187, 39.525844499000073 ], [ -0.695338, 39.53486999900008 ], [ -0.71811, 39.545284999000046 ], [ -0.720552710999925, 39.552834743000062 ], [ -0.71732511099998, 39.564936586000044 ], [ -0.699406647999979, 39.582735290000073 ], [ -0.691303954999967, 39.605879562000041 ], [ -0.685596, 39.606696999000064 ], [ -0.672047888999941, 39.607129070000042 ], [ -0.658212587999969, 39.598406985000054 ], [ -0.646925031999956, 39.601047572000027 ], [ -0.636189275999925, 39.587627111000074 ], [ -0.619783660999929, 39.582757345000061 ], [ -0.609447824999961, 39.572590895000076 ], [ -0.602444915999968, 39.575048830000071 ], [ -0.592544499999974, 39.566858999000033 ] ] ] } },
{ "type": "Feature", "properties": { "code": "46257", "name": "Castelló" }, "geometry": { "type": "Polygon", "coordinates": [ [ [ -0.539667, 39.075832499000057 ], [ -0.536167860999967, 39.075381727000035 ], [ -0.53463344599993, 39.078484046000028 ], [ -0.537215499999945, 39.085822999000072 ], [ -0.531619552999928, 39.094311367000046 ], [ -0.50355, 39.110126499000046 ], [ -0.503192514999967, 39.105292457000076 ], [ -0.496668, 39.098365999000066 ], [ -0.491300337999974, 39.090601837000065 ], [ -0.496948868999937, 39.085318545000064 ], [ -0.494260499999939, 39.081855999000027 ], [ -0.496652, 39.079528999000047 ], [ -0.499983, 39.078849999000056 ], [ -0.502010499999926, 39.077075999000044 ], [ -0.500554499999964, 39.073115999000038 ], [ -0.516138122999962, 39.067486123000037 ], [ -0.513021232999961, 39.058343739000065 ], [ -0.507848499999966, 39.056350999000074 ], [ -0.510993499999927, 39.049419499000066 ], [ -0.51139984699995, 39.044461653000042 ], [ -0.525762, 39.039760499000067 ], [ -0.53770183499995, 39.041042358000027 ], [ -0.541833, 39.046405999000058 ], [ -0.543981499999973, 39.047118999000077 ], [ -0.544641, 39.055053499000053 ], [ -0.539667, 39.075832499000057 ] ] ] } },
{ "type": "Feature", "properties": { "code": "46258", "name": "Villar del Arzobispo" }, "geometry": { "type": "Polygon", "coordinates": [ [ [ -0.794535, 39.739295999000035 ], [ -0.795862499999942, 39.735027999000067 ], [ -0.79636, 39.729575999000076 ], [ -0.793258499999979, 39.720371499000066 ], [ -0.78983, 39.704631499000072 ], [ -0.787512, 39.677497499000026 ], [ -0.787609, 39.660606499000039 ], [ -0.796209097999963, 39.656641282000066 ], [ -0.801844616999972, 39.657303628000079 ], [ -0.826991785999951, 39.676714951000065 ], [ -0.842665, 39.684482499000069 ], [ -0.836356, 39.699824999000043 ], [ -0.842985, 39.70193849900005 ], [ -0.850417, 39.712013499000079 ], [ -0.856372499999964, 39.722743999000045 ], [ -0.840118, 39.73848749900003 ], [ -0.830502499999966, 39.754848499000047 ], [ -0.832592499999976, 39.758914999000069 ], [ -0.794535, 39.739295999000035 ] ] ] } },
{ "type": "Feature", "properties": { "code": "46259", "name": "Villargordo del Cabriel" }, "geometry": { "type": "Polygon", "coordinates": [ [ [ -1.470112, 39.571808499000042 ], [ -1.461767499999951, 39.572238999000035 ], [ -1.44327949999996, 39.565963499000077 ], [ -1.417371, 39.564181999000027 ], [ -1.410145, 39.562541999000075 ], [ -1.402906, 39.560485999000036 ], [ -1.396825499999977, 39.553069999000058 ], [ -1.389979, 39.552181499000028 ], [ -1.38538449999993, 39.549991499000043 ], [ -1.390384499999925, 39.541656499000055 ], [ -1.389921, 39.538055499000052 ], [ -1.39239, 39.530917999000053 ], [ -1.403139499999952, 39.517802999000025 ], [ -1.420801, 39.50021349900004 ], [ -1.434425, 39.490127499000039 ], [ -1.442441, 39.486285999000074 ], [ -1.457607, 39.482497999000032 ], [ -1.474241, 39.492286499000045 ], [ -1.475382, 39.495391999000049 ], [ -1.481068, 39.50018299900006 ], [ -1.502803, 39.514076999000054 ], [ -1.505436008999936, 39.521088793000047 ], [ -1.504765068999973, 39.532069985000078 ], [ -1.502215281999952, 39.535061270000028 ], [ -1.505174255999975, 39.540281764000042 ], [ -1.504008988999942, 39.546134344000052 ], [ -1.521074499999941, 39.548772499000052 ], [ -1.516857271999925, 39.55171912000003 ], [ -1.504060097999968, 39.552827207000064 ], [ -1.501753185999974, 39.558614319000071 ], [ -1.504335, 39.563918999000066 ], [ -1.483465, 39.569179499000029 ], [ -1.47677049999993, 39.569137499000078 ], [ -1.470112, 39.571808499000042 ] ] ] } },
{ "type": "Feature", "properties": { "code": "46260", "name": "Vinalesa" }, "geometry": { "type": "Polygon", "coordinates": [ [ [ -0.373914499999955, 39.528022999000029 ], [ -0.373768997999946, 39.536040908000075 ], [ -0.376822, 39.54223999900006 ], [ -0.367345414999932, 39.541492847000029 ], [ -0.362052499999947, 39.53232299900003 ], [ -0.366532499999948, 39.523667999000054 ], [ -0.370871, 39.527387999000041 ], [ -0.373914499999955, 39.528022999000029 ] ] ] } },
{ "type": "Feature", "properties": { "code": "46261", "name": "Yátova" }, "geometry": { "type": "Polygon", "coordinates": [ [ [ -0.847523, 39.320190499000034 ], [ -0.858158, 39.319080499000052 ], [ -0.871526, 39.315883499000051 ], [ -0.887714499999959, 39.313285999000072 ], [ -0.899663499999974, 39.310088999000072 ], [ -0.926643179999928, 39.315386883000031 ], [ -0.971305954999934, 39.334442294000041 ], [ -0.982729, 39.336704499000064 ], [ -0.984236857999974, 39.357217841000079 ], [ -0.976744768999936, 39.373596028000065 ], [ -0.975242499999979, 39.396751499000061 ], [ -0.96739508099995, 39.394731364000052 ], [ -0.965174151999975, 39.388509930000055 ], [ -0.953219472999933, 39.383792342000049 ], [ -0.940418514999976, 39.401863717000026 ], [ -0.915434208999955, 39.392698056000029 ], [ -0.882393760999946, 39.387295552000069 ], [ -0.873131332999947, 39.388816317000078 ], [ -0.851303394999945, 39.405176534000077 ], [ -0.836668150999969, 39.409985525000025 ], [ -0.815820396999925, 39.409351058000027 ], [ -0.797096, 39.402663999000026 ], [ -0.795673499999964, 39.399528499000041 ], [ -0.796112, 39.395564999000044 ], [ -0.795335, 39.391864999000063 ], [ -0.797388, 39.383037499000068 ], [ -0.803128499999957, 39.369937999000058 ], [ -0.81781, 39.358459499000048 ], [ -0.823164, 39.352340499000036 ], [ -0.841501499999936, 39.336078499000052 ], [ -0.848125, 39.32441699900005 ], [ -0.847523, 39.320190499000034 ] ] ] } },
{ "type": "Feature", "properties": { "code": "46262", "name": "Yesa, La" }, "geometry": { "type": "Polygon", "coordinates": [ [ [ -0.98149, 39.839755999000033 ], [ -0.981003499999929, 39.857135499000037 ], [ -0.979882499999974, 39.867046499000026 ], [ -0.979168, 39.909915999000077 ], [ -0.978869499999973, 39.933803499000078 ], [ -0.979838, 39.956168999000056 ], [ -0.976252, 39.975753499000064 ], [ -0.949434868999958, 39.966799136000077 ], [ -0.931566077999946, 39.956925411000043 ], [ -0.920412, 39.964416499000038 ], [ -0.905861606999963, 39.941845130000047 ], [ -0.902990784999929, 39.931191256000034 ], [ -0.903585390999979, 39.927583826000046 ], [ -0.908654288999969, 39.926417705000063 ], [ -0.91312166299997, 39.919066680000071 ], [ -0.908323498999948, 39.898829401000057 ], [ -0.900980638999954, 39.892351089000044 ], [ -0.907595599999979, 39.885449054000048 ], [ -0.911843467999972, 39.87277507500005 ], [ -0.908840307999981, 39.867248194000069 ], [ -0.895013499999948, 39.856785499000068 ], [ -0.899471217999974, 39.853863275000037 ], [ -0.895902499999977, 39.84947949900004 ], [ -0.95263, 39.839168499000039 ], [ -0.98149, 39.839755999000033 ] ] ] } },
{ "type": "Feature", "properties": { "code": "46263", "name": "Zarra" }, "geometry": { "type": "Polygon", "coordinates": [ [ [ -1.213942, 39.123203999000054 ], [ -1.198696, 39.12358849900005 ], [ -1.194593, 39.124400999000045 ], [ -1.185638, 39.124015499000052 ], [ -1.171587, 39.122077999000055 ], [ -1.159121499999969, 39.121429499000044 ], [ -1.147177, 39.119491499000048 ], [ -1.141481499999941, 39.120555999000032 ], [ -1.130428499999937, 39.118598999000028 ], [ -1.120787499999949, 39.119678499000031 ], [ -1.111765499999933, 39.12314599900003 ], [ -1.097288, 39.122989499000028 ], [ -1.091058499999974, 39.121852999000055 ], [ -1.080819, 39.118114999000056 ], [ -1.07606149999998, 39.114425499000049 ], [ -1.070742, 39.115272499000071 ], [ -1.055205367999974, 39.095720045000064 ], [ -1.045976338999935, 39.094299608000028 ], [ -1.043013144999975, 39.090446141000029 ], [ -1.04338140699997, 39.086785708000036 ], [ -1.056744, 39.077460999000039 ], [ -1.062909803999958, 39.078992757000037 ], [ -1.076753413999938, 39.074147939000056 ], [ -1.094103282999924, 39.073369656000068 ], [ -1.140227980999953, 39.080305459000044 ], [ -1.152781390999962, 39.088892642000076 ], [ -1.167891611999949, 39.089812660000064 ], [ -1.172157320999929, 39.101786762000074 ], [ -1.213942, 39.123203999000054 ] ] ] } },
{ "type": "Feature", "properties": { "code": "46902", "name": "Gátova" }, "geometry": { "type": "Polygon", "coordinates": [ [ [ -0.470664499999941, 39.726443499000027 ], [ -0.476138593999963, 39.716762015000029 ], [ -0.489980499999945, 39.702800999000033 ], [ -0.489705499999957, 39.705875499000058 ], [ -0.492373499999928, 39.710147999000071 ], [ -0.493945499999938, 39.716593499000055 ], [ -0.4911, 39.724380499000063 ], [ -0.491200499999934, 39.72996899900005 ], [ -0.498495, 39.739242499000056 ], [ -0.502425, 39.740600499000038 ], [ -0.510833, 39.745284999000035 ], [ -0.527041499999939, 39.751548999000079 ], [ -0.540407499999958, 39.752444999000033 ], [ -0.545139, 39.753971499000045 ], [ -0.569612, 39.754043499000034 ], [ -0.57608, 39.75500099900006 ], [ -0.58126249999998, 39.756721499000037 ], [ -0.57709449999993, 39.768028499000025 ], [ -0.576993499999958, 39.773208499000077 ], [ -0.558495499999935, 39.790546499000072 ], [ -0.548349, 39.795737999000039 ], [ -0.530898, 39.79622499900006 ], [ -0.51454954999997, 39.779297876000044 ], [ -0.498119072999941, 39.748028310000052 ], [ -0.482608004999975, 39.734176264000041 ], [ -0.475176633999979, 39.731813111000065 ], [ -0.470664499999941, 39.726443499000027 ] ] ] } },
{ "type": "Feature", "properties": { "code": "46903", "name": "San Antonio de Benagéber" }, "geometry": { "type": "Polygon", "coordinates": [ [ [ -0.506417, 39.553944999000066 ], [ -0.504180432999931, 39.560361141000044 ], [ -0.511033564999934, 39.562693904000071 ], [ -0.510778332999962, 39.568901450000055 ], [ -0.521544, 39.576114499000028 ], [ -0.51676723099996, 39.58445153200006 ], [ -0.5102, 39.585376999000061 ], [ -0.501825877999977, 39.57369479700003 ], [ -0.495115731999931, 39.573735118000059 ], [ -0.488281983999968, 39.569713755000066 ], [ -0.482608004999975, 39.570977596000034 ], [ -0.482001, 39.565371999000035 ], [ -0.472608789999924, 39.553105869000035 ], [ -0.478606672999945, 39.545250915000054 ], [ -0.493542912999942, 39.544681397000033 ], [ -0.506417, 39.553944999000066 ] ] ] } },
{ "type": "Feature", "properties": { "code": "46904", "name": "Benicull de Xúquer" }, "geometry": { "type": "Polygon", "coordinates": [ [ [ -0.374683499999946, 39.178816999000048 ], [ -0.392104499999959, 39.176200999000059 ], [ -0.396506, 39.181441999000072 ], [ -0.404821499999969, 39.183937499000081 ], [ -0.397337843999935, 39.191424869000059 ], [ -0.388484644999949, 39.193967530000066 ], [ -0.37427856599993, 39.188211766000052 ], [ -0.374683499999946, 39.178816999000048 ] ] ] } },
{ "type": "Feature", "properties": { "code": "46042", "name": "Aielo de Malferit" }, "geometry": { "type": "Polygon", "coordinates": [ [ [ -0.596307499999966, 38.912055999000074 ], [ -0.58205449999997, 38.922553999000058 ], [ -0.574739434999969, 38.915977078000026 ], [ -0.578119183999945, 38.886746585000026 ], [ -0.568601499999943, 38.881461999000066 ], [ -0.567782931999943, 38.877156668000055 ], [ -0.578306388999977, 38.873692712000036 ], [ -0.577913, 38.869605999000044 ], [ -0.599309848999951, 38.863716027000066 ], [ -0.640571365999961, 38.859811720000039 ], [ -0.648501347999968, 38.864181314000064 ], [ -0.660961499999928, 38.861717499000065 ], [ -0.649061414999949, 38.877813335000042 ], [ -0.636556194999969, 38.880931218000057 ], [ -0.623414, 38.890121499000031 ], [ -0.61449013899994, 38.902217998000026 ], [ -0.596307499999966, 38.912055999000074 ] ] ] } },
{ "type": "Feature", "properties": { "code": "46043", "name": "Aielo de Rugat" }, "geometry": { "type": "Polygon", "coordinates": [ [ [ -0.363225, 38.901320999000063 ], [ -0.353203739999969, 38.896888882000042 ], [ -0.347691128999941, 38.888260449000029 ], [ -0.334361814999966, 38.881796597000061 ], [ -0.328314886999976, 38.87574658300008 ], [ -0.31924001699997, 38.87737889400006 ], [ -0.312642, 38.87498849900004 ], [ -0.324716550999938, 38.86372945800008 ], [ -0.344680499999924, 38.861766999000054 ], [ -0.347294809999937, 38.866821535000042 ], [ -0.352652499999976, 38.868640999000036 ], [ -0.354752512999937, 38.875160873000027 ], [ -0.350830623999968, 38.882290055000055 ], [ -0.355529016999981, 38.883162737000077 ], [ -0.357891931999973, 38.890759960000025 ], [ -0.36524049999997, 38.892287999000075 ], [ -0.366895499999941, 38.895310499000061 ], [ -0.368924, 38.896608499000024 ], [ -0.371060499999942, 38.904517999000063 ], [ -0.363225, 38.901320999000063 ] ] ] } },
{ "type": "Feature", "properties": { "code": "46044", "name": "Ayora" }, "geometry": { "type": "Polygon", "coordinates": [ [ [ -1.147157, 38.929123999000069 ], [ -1.161392277999937, 38.955109011000047 ], [ -1.20181385199993, 38.993623209000077 ], [ -1.224143111999979, 39.022205794000058 ], [ -1.26055668999993, 39.04252819800007 ], [ -1.266710499999931, 39.05103249900003 ], [ -1.265196499999945, 39.052478499000074 ], [ -1.26575349999996, 39.054759999000055 ], [ -1.263733, 39.068351999000072 ], [ -1.265662499999962, 39.075481499000034 ], [ -1.255778499999963, 39.084037999000032 ], [ -1.255681, 39.106181499000058 ], [ -1.24047, 39.113750499000048 ], [ -1.232315, 39.13370149900004 ], [ -1.213942, 39.123203999000054 ], [ -1.172157320999929, 39.101786762000074 ], [ -1.167891611999949, 39.089812660000064 ], [ -1.152781390999962, 39.088892642000076 ], [ -1.140227980999953, 39.080305459000044 ], [ -1.094103282999924, 39.073369656000068 ], [ -1.076753413999938, 39.074147939000056 ], [ -1.062909803999958, 39.078992757000037 ], [ -1.050699339999937, 39.076350861000037 ], [ -1.043632852999963, 39.067200850000063 ], [ -1.003904573999932, 39.068625839000049 ], [ -0.979665080999951, 39.064433729000029 ], [ -0.964839392999977, 39.065629906000026 ], [ -0.955040956999937, 39.067979091000041 ], [ -0.94866426599998, 39.073424098000032 ], [ -0.936635846999934, 39.074878665000028 ], [ -0.932819438999957, 39.080526037000027 ], [ -0.911601150999957, 39.087283601000024 ], [ -0.905668, 39.09349049900004 ], [ -0.895898454999951, 39.07775977700004 ], [ -0.901888611999937, 39.071541697000043 ], [ -0.902386413999977, 39.062786921000054 ], [ -0.899739902999954, 39.047682814000041 ], [ -0.888845, 39.024795499000049 ], [ -0.881454330999929, 39.015218214000072 ], [ -0.882019, 39.012351499000033 ], [ -0.894139100999951, 38.992535824000072 ], [ -0.897137544999964, 38.981384717000026 ], [ -0.906934146999959, 38.969543590000058 ], [ -0.936883826999974, 38.949982067000064 ], [ -0.959391499999924, 38.944286499000043 ], [ -0.974403499999937, 38.942166999000051 ], [ -0.985024, 38.94619349900006 ], [ -0.991775, 38.947288499000081 ], [ -0.997976499999936, 38.949647499000037 ], [ -1.000532499999963, 38.949645499000042 ], [ -1.007066499999951, 38.945791999000051 ], [ -1.008645499999943, 38.942601999000033 ], [ -1.012678499999936, 38.939432499000077 ], [ -1.027087499999936, 38.935557499000026 ], [ -1.036869499999966, 38.93417099900006 ], [ -1.042961, 38.936584499000048 ], [ -1.054576, 38.934443499000054 ], [ -1.06906349999997, 38.934142499000075 ], [ -1.09228, 38.931271499000047 ], [ -1.105062, 38.928659499000048 ], [ -1.127122499999928, 38.929633999000032 ], [ -1.138643, 38.927520499000025 ], [ -1.147157, 38.929123999000069 ] ] ] } },
{ "type": "Feature", "properties": { "code": "46045", "name": "Barxeta" }, "geometry": { "type": "Polygon", "coordinates": [ [ [ -0.382985499999961, 39.03835299900004 ], [ -0.384368448999965, 39.032026444000053 ], [ -0.38008149999996, 39.021570999000062 ], [ -0.39584949999994, 38.999450499000034 ], [ -0.403873, 38.984294999000042 ], [ -0.408282568999937, 38.986754522000069 ], [ -0.422383628999967, 38.98625630600003 ], [ -0.433448, 38.980163499000071 ], [ -0.432562083999926, 38.991595160000031 ], [ -0.435588945999939, 38.99842874400008 ], [ -0.442752825999946, 39.002289823000069 ], [ -0.449809763999951, 39.001240448000033 ], [ -0.459638, 39.004432499000075 ], [ -0.469419499999958, 39.018954999000073 ], [ -0.469664499999965, 39.028625499000043 ], [ -0.443213155999956, 39.026859964000039 ], [ -0.415418750999947, 39.036331037000025 ], [ -0.392394489999958, 39.033225419000075 ], [ -0.382985499999961, 39.03835299900004 ] ] ] } },
{ "type": "Feature", "properties": { "code": "46046", "name": "Barx" }, "geometry": { "type": "Polygon", "coordinates": [ [ [ -0.26861, 39.009205499000075 ], [ -0.275282499999946, 39.001952999000025 ], [ -0.275816499999962, 38.998245499000063 ], [ -0.281768, 38.998374999000077 ], [ -0.287449, 38.99626549900006 ], [ -0.312231192999946, 38.996859477000044 ], [ -0.321610499999963, 39.000358499000072 ], [ -0.331305499999928, 39.00652799900007 ], [ -0.355321499999945, 39.006975999000076 ], [ -0.358386, 39.007820999000046 ], [ -0.357915, 39.00957149900006 ], [ -0.349500355999965, 39.022074157000077 ], [ -0.334152751999966, 39.025874271000077 ], [ -0.309795319999978, 39.024557680000044 ], [ -0.28077449999995, 39.015346499000032 ], [ -0.275442, 39.013110999000048 ], [ -0.272614499999975, 39.010657999000045 ], [ -0.26861, 39.009205499000075 ] ] ] } },
{ "type": "Feature", "properties": { "code": "46047", "name": "Bèlgida" }, "geometry": { "type": "Polygon", "coordinates": [ [ [ -0.444236499999931, 38.82049949900005 ], [ -0.447388, 38.819694499000036 ], [ -0.449435, 38.82233399900008 ], [ -0.456055, 38.827300999000045 ], [ -0.461153992999925, 38.836036708000051 ], [ -0.461809430999949, 38.843587873000047 ], [ -0.470330745999945, 38.854633331000059 ], [ -0.483672, 38.856826999000077 ], [ -0.490870308999945, 38.871453917000053 ], [ -0.486117308999951, 38.878432185000065 ], [ -0.475252144999956, 38.885125351000056 ], [ -0.469988499999943, 38.89403149900005 ], [ -0.458318650999956, 38.897776789000034 ], [ -0.446116, 38.892322499000045 ], [ -0.446736, 38.890136999000049 ], [ -0.450965366999981, 38.888521465000053 ], [ -0.454103716999953, 38.871693349000054 ], [ -0.452090838999936, 38.857675490000076 ], [ -0.444473142999925, 38.850102459000027 ], [ -0.444236499999931, 38.82049949900005 ] ] ] } },
{ "type": "Feature", "properties": { "code": "46048", "name": "Bellreguard" }, "geometry": { "type": "MultiPolygon", "coordinates": [ [ [ [ -0.127634, 38.962695999000061 ], [ -0.134137150999948, 38.959914445000038 ], [ -0.145963, 38.959975999000051 ], [ -0.144809517999931, 38.961438844000043 ], [ -0.132917499999962, 38.968177999000034 ], [ -0.127634, 38.962695999000061 ] ] ], [ [ [ -0.171341, 38.949756499000046 ], [ -0.16470159499994, 38.953444946000047 ], [ -0.14904249999995, 38.954833999000073 ], [ -0.146636, 38.948394499000074 ], [ -0.156175, 38.946468499000048 ], [ -0.156786499999953, 38.944686999000055 ], [ -0.158706499999937, 38.943401499000061 ], [ -0.166629499999942, 38.942352499000037 ], [ -0.171341, 38.949756499000046 ] ] ] ] } },
{ "type": "Feature", "properties": { "code": "46049", "name": "Bellús" }, "geometry": { "type": "Polygon", "coordinates": [ [ [ -0.506979499999943, 38.93306349900007 ], [ -0.512412143999939, 38.943668566000042 ], [ -0.519791681999948, 38.942187111000067 ], [ -0.521553, 38.940296499000056 ], [ -0.528550499999938, 38.948379499000055 ], [ -0.504213213999947, 38.960581180000077 ], [ -0.495526193999979, 38.960158190000072 ], [ -0.49019, 38.964328499000032 ], [ -0.485200016999954, 38.952473316000066 ], [ -0.47753141499993, 38.948973025000043 ], [ -0.478468413999963, 38.937397859000043 ], [ -0.474865499999964, 38.933086499000069 ], [ -0.475238499999932, 38.932327499000053 ], [ -0.484602489999929, 38.929159632000051 ], [ -0.492185862999975, 38.934267466000051 ], [ -0.506979499999943, 38.93306349900007 ] ] ] } },
{ "type": "Feature", "properties": { "code": "46050", "name": "Benagéber" }, "geometry": { "type": "Polygon", "coordinates": [ [ [ -1.146796, 39.659721499000057 ], [ -1.158596811999928, 39.666642312000079 ], [ -1.162137518999941, 39.675452512000049 ], [ -1.167063, 39.678367499000046 ], [ -1.163170499999978, 39.687999499000057 ], [ -1.162482, 39.694141499000068 ], [ -1.162622, 39.708244499000045 ], [ -1.161265499999956, 39.714961999000025 ], [ -1.161017, 39.723426999000026 ], [ -1.161556499999961, 39.730823499000053 ], [ -1.169471, 39.743877499000064 ], [ -1.168474, 39.747203999000078 ], [ -1.169387, 39.74974049900004 ], [ -1.16775, 39.751598499000067 ], [ -1.164734, 39.760169999000027 ], [ -1.159881, 39.765716499000064 ], [ -1.150068, 39.774650499000074 ], [ -1.13536862899997, 39.76421797900008 ], [ -1.092007027999955, 39.762472141000046 ], [ -1.072956624999961, 39.749110727000073 ], [ -1.065546499999925, 39.739551499000072 ], [ -1.063084276999973, 39.732393693000063 ], [ -1.076779544999965, 39.722327206000045 ], [ -1.092904075999968, 39.696512976000065 ], [ -1.128807945999938, 39.67638600600003 ], [ -1.146796, 39.659721499000057 ] ] ] } },
{ "type": "Feature", "properties": { "code": "46051", "name": "Benaguasil" }, "geometry": { "type": "Polygon", "coordinates": [ [ [ -0.685596, 39.606696999000064 ], [ -0.684887597999932, 39.618065289000072 ], [ -0.67761349999995, 39.621979999000075 ], [ -0.664015499999948, 39.61389549900008 ], [ -0.654554499999961, 39.615714999000033 ], [ -0.642045, 39.612613999000075 ], [ -0.63323349999996, 39.60799399900003 ], [ -0.607513, 39.603384499000072 ], [ -0.585264499999937, 39.603002999000068 ], [ -0.579031, 39.606611499000053 ], [ -0.576312499999972, 39.605389999000067 ], [ -0.56988387399997, 39.594961573000035 ], [ -0.571083323999972, 39.590947012000072 ], [ -0.568332589999955, 39.58496804400005 ], [ -0.569526080999935, 39.581692233000069 ], [ -0.573519125999951, 39.583341311000027 ], [ -0.578887226999939, 39.581126554000036 ], [ -0.576135977999968, 39.574464506000027 ], [ -0.571686050999972, 39.572001383000043 ], [ -0.572620499999971, 39.56559549900004 ], [ -0.592544499999974, 39.566858999000033 ], [ -0.602444915999968, 39.575048830000071 ], [ -0.609447824999961, 39.572590895000076 ], [ -0.619783660999929, 39.582757345000061 ], [ -0.636189275999925, 39.587627111000074 ], [ -0.646925031999956, 39.601047572000027 ], [ -0.658212587999969, 39.598406985000054 ], [ -0.672047888999941, 39.607129070000042 ], [ -0.685596, 39.606696999000064 ] ] ] } },
{ "type": "Feature", "properties": { "code": "46052", "name": "Benavites" }, "geometry": { "type": "Polygon", "coordinates": [ [ [ -0.195531499999959, 39.724338499000055 ], [ -0.229574542999956, 39.730655983000077 ], [ -0.234040499999935, 39.727561999000045 ], [ -0.243454, 39.729110499000058 ], [ -0.250931391999927, 39.731307167000068 ], [ -0.261273499999959, 39.739016999000057 ], [ -0.262104499999964, 39.741306499000075 ], [ -0.25974, 39.74353049900003 ], [ -0.232613600999969, 39.739111025000057 ], [ -0.195531499999959, 39.724338499000055 ] ] ] } },
{ "type": "Feature", "properties": { "code": "46053", "name": "Beneixida" }, "geometry": { "type": "MultiPolygon", "coordinates": [ [ [ [ -0.539667, 39.075832499000057 ], [ -0.544641, 39.055053499000053 ], [ -0.551292499999931, 39.056876999000053 ], [ -0.553142094999941, 39.069535702000053 ], [ -0.557757882999965, 39.076196706000076 ], [ -0.555438, 39.090137499000036 ], [ -0.550311171999965, 39.080164190000062 ], [ -0.54182871699993, 39.079148520000047 ], [ -0.539667, 39.075832499000057 ] ] ], [ [ [ -0.541833, 39.046405999000058 ], [ -0.542895, 39.04476149900006 ], [ -0.544868, 39.044486999000071 ], [ -0.548729, 39.046332999000072 ], [ -0.548174, 39.048808999000073 ], [ -0.541833, 39.046405999000058 ] ] ] ] } },
{ "type": "Feature", "properties": { "code": "46054", "name": "Benetússer" }, "geometry": { "type": "Polygon", "coordinates": [ [ [ -0.403361, 39.418922999000074 ], [ -0.401696499999957, 39.427929499000072 ], [ -0.399728499999981, 39.427798999000061 ], [ -0.393596533999926, 39.42465863700005 ], [ -0.392926703999933, 39.41887427100005 ], [ -0.403361, 39.418922999000074 ] ] ] } },
{ "type": "Feature", "properties": { "code": "46055", "name": "Beniarjó" }, "geometry": { "type": "Polygon", "coordinates": [ [ [ -0.187547, 38.939516499000035 ], [ -0.174651499999925, 38.940925499000059 ], [ -0.170406499999956, 38.940345499000045 ], [ -0.17979867899993, 38.93332239800003 ], [ -0.180722499999945, 38.928919499000074 ], [ -0.195144499999969, 38.928577499000028 ], [ -0.205963965999956, 38.93013746400004 ], [ -0.210933, 38.937442499000042 ], [ -0.198851544999968, 38.936667930000056 ], [ -0.187547, 38.939516499000035 ] ] ] } },
{ "type": "Feature", "properties": { "code": "46056", "name": "Beniatjar" }, "geometry": { "type": "Polygon", "coordinates": [ [ [ -0.403998, 38.83312599900006 ], [ -0.431466, 38.826553499000056 ], [ -0.435542793999957, 38.840902670000048 ], [ -0.433346744999938, 38.852941059000045 ], [ -0.439295499999957, 38.880305999000029 ], [ -0.423085, 38.878490499000065 ], [ -0.421786674999964, 38.867598179000026 ], [ -0.412432887999955, 38.856462596000028 ], [ -0.406070945999943, 38.85320314300003 ], [ -0.405408284999965, 38.843994447000057 ], [ -0.40091, 38.842635999000038 ], [ -0.403998, 38.83312599900006 ] ] ] } },
{ "type": "Feature", "properties": { "code": "46057", "name": "Benicolet" }, "geometry": { "type": "Polygon", "coordinates": [ [ [ -0.306805, 38.917096499000024 ], [ -0.311942554999973, 38.907799216000058 ], [ -0.35334908599998, 38.908832156000074 ], [ -0.363225, 38.901320999000063 ], [ -0.370437, 38.904600999000024 ], [ -0.359064252999929, 38.908923332000029 ], [ -0.360112755999978, 38.914522086000034 ], [ -0.357013379999955, 38.919640095000034 ], [ -0.340054007999925, 38.922688691000076 ], [ -0.342777604999981, 38.929182450000042 ], [ -0.339182979999975, 38.936325700000054 ], [ -0.321454632999973, 38.930259506000027 ], [ -0.30379, 38.933669999000074 ], [ -0.303392780999957, 38.924309791000042 ], [ -0.306805, 38.917096499000024 ] ] ] } },
{ "type": "Feature", "properties": { "code": "46058", "name": "Benifairó de les Valls" }, "geometry": { "type": "Polygon", "coordinates": [ [ [ -0.264754, 39.73478699900005 ], [ -0.263453819999938, 39.728906056000028 ], [ -0.268774960999963, 39.723905150000064 ], [ -0.260855, 39.72277499900008 ], [ -0.264485848999925, 39.716452773000071 ], [ -0.270597781999925, 39.713532719000057 ], [ -0.283651856999938, 39.714811647000033 ], [ -0.29052373199994, 39.72631472900008 ], [ -0.288133499999958, 39.730732499000055 ], [ -0.264754, 39.73478699900005 ] ] ] } },
{ "type": "Feature", "properties": { "code": "46059", "name": "Benifairó de la Valldigna" }, "geometry": { "type": "Polygon", "coordinates": [ [ [ -0.333999, 39.069476999000074 ], [ -0.327309483999954, 39.069904739000037 ], [ -0.326951970999971, 39.076151519000064 ], [ -0.317426337999962, 39.092312391000064 ], [ -0.303191499999969, 39.098171499000046 ], [ -0.296789953999962, 39.092942881000056 ], [ -0.298632859999941, 39.083329410000033 ], [ -0.289278804999924, 39.077388779000046 ], [ -0.289347880999969, 39.063319847000059 ], [ -0.26673330999995, 39.040075786000045 ], [ -0.268678499999965, 39.02980799900007 ], [ -0.272847, 39.025664999000071 ], [ -0.275244, 39.020377999000061 ], [ -0.285904838999954, 39.032215262000079 ], [ -0.292252473999952, 39.04362610000004 ], [ -0.292948818999946, 39.051139841000065 ], [ -0.30400074299996, 39.049235189000058 ], [ -0.315016354999955, 39.056192832000079 ], [ -0.330526065999948, 39.053153287000043 ], [ -0.338503957999933, 39.062543779000066 ], [ -0.333999, 39.069476999000074 ] ] ] } },
{ "type": "Feature", "properties": { "code": "46060", "name": "Benifaió" }, "geometry": { "type": "Polygon", "coordinates": [ [ [ -0.414260499999955, 39.25729749900006 ], [ -0.43743749999993, 39.264957499000047 ], [ -0.441365499999961, 39.267833999000061 ], [ -0.457738499999948, 39.273383499000033 ], [ -0.482737499999928, 39.285476999000025 ], [ -0.483980499999973, 39.295142999000063 ], [ -0.487075, 39.302264999000045 ], [ -0.479966499999932, 39.302596999000059 ], [ -0.442970499999944, 39.300815499000066 ], [ -0.429489499999931, 39.301952499000038 ], [ -0.424765499999978, 39.30649549900005 ], [ -0.414035951999949, 39.28128130500005 ], [ -0.414260499999955, 39.25729749900006 ] ] ] } },
{ "type": "Feature", "properties": { "code": "46061", "name": "Beniflá" }, "geometry": { "type": "Polygon", "coordinates": [ [ [ -0.199457499999937, 38.925018999000031 ], [ -0.195144499999969, 38.928577499000028 ], [ -0.180722499999945, 38.928919499000074 ], [ -0.184256499999947, 38.925878499000078 ], [ -0.193118020999975, 38.923911861000079 ], [ -0.199457499999937, 38.925018999000031 ] ] ] } },
{ "type": "Feature", "properties": { "code": "46062", "name": "Benigànim" }, "geometry": { "type": "Polygon", "coordinates": [ [ [ -0.403873, 38.984294999000042 ], [ -0.396754537999925, 38.984063214000059 ], [ -0.39419324399995, 38.981147405000058 ], [ -0.421336997999958, 38.958320679000053 ], [ -0.425284482999928, 38.933428656000046 ], [ -0.447077499999978, 38.920146999000053 ], [ -0.457509899999934, 38.917468662000033 ], [ -0.467210904999945, 38.922719861000076 ], [ -0.478468413999963, 38.937397859000043 ], [ -0.47753141499993, 38.948973025000043 ], [ -0.485200016999954, 38.952473316000066 ], [ -0.491173499999945, 38.96526699900005 ], [ -0.457355319999976, 38.976277402000051 ], [ -0.433448, 38.980163499000071 ], [ -0.422383628999967, 38.98625630600003 ], [ -0.408282568999937, 38.986754522000069 ], [ -0.403873, 38.984294999000042 ] ] ] } },
{ "type": "Feature", "properties": { "code": "46063", "name": "Benimodo" }, "geometry": { "type": "MultiPolygon", "coordinates": [ [ [ [ -0.593731, 39.203174499000056 ], [ -0.564520508999976, 39.211744829000054 ], [ -0.53952834699993, 39.212701982000056 ], [ -0.528997188999938, 39.221140572000024 ], [ -0.522197682999945, 39.216495245000033 ], [ -0.517544, 39.206195999000045 ], [ -0.541718, 39.195061499000076 ], [ -0.559690499999931, 39.193347999000025 ], [ -0.563448499999936, 39.194480999000064 ], [ -0.584509, 39.193813499000044 ], [ -0.588195, 39.199466499000039 ], [ -0.593731, 39.203174499000056 ] ] ], [ [ [ -0.535132, 39.156566499000064 ], [ -0.529670153999973, 39.151075561000027 ], [ -0.531897912999966, 39.145909852000045 ], [ -0.529364, 39.139545499000064 ], [ -0.542749499999957, 39.137855499000068 ], [ -0.545479651999926, 39.139824187000045 ], [ -0.542509499999937, 39.149406499000065 ], [ -0.535132, 39.156566499000064 ] ] ] ] } },
{ "type": "Feature", "properties": { "code": "46064", "name": "Benimuslem" }, "geometry": { "type": "Polygon", "coordinates": [ [ [ -0.508539, 39.145099499000025 ], [ -0.486584752999931, 39.148683641000048 ], [ -0.480631677999952, 39.141477257000076 ], [ -0.487112, 39.132415999000045 ], [ -0.486278821999974, 39.123865472000034 ], [ -0.495371, 39.125221499000077 ], [ -0.502824232999956, 39.130713039000057 ], [ -0.508539, 39.145099499000025 ] ] ] } },
{ "type": "Feature", "properties": { "code": "46065", "name": "Beniparrell" }, "geometry": { "type": "Polygon", "coordinates": [ [ [ -0.425035499999979, 39.376258999000072 ], [ -0.433965499999942, 39.384069499000077 ], [ -0.422859192999965, 39.389959202000057 ], [ -0.392310499999951, 39.38444049900005 ], [ -0.396011797999961, 39.379728070000056 ], [ -0.425035499999979, 39.376258999000072 ] ] ] } },
{ "type": "Feature", "properties": { "code": "46066", "name": "Benirredrà" }, "geometry": { "type": "Polygon", "coordinates": [ [ [ -0.201643857999954, 38.960196032000056 ], [ -0.197803230999966, 38.964652689000047 ], [ -0.189593613999932, 38.961731461000056 ], [ -0.191682218999972, 38.958745771000054 ], [ -0.201643857999954, 38.960196032000056 ] ] ] } },
{ "type": "Feature", "properties": { "code": "46067", "name": "Benissanó" }, "geometry": { "type": "Polygon", "coordinates": [ [ [ -0.58493526999996, 39.618846637000047 ], [ -0.565730325999937, 39.624269249000065 ], [ -0.560383051999963, 39.61832817800007 ], [ -0.569721063999964, 39.609574532000067 ], [ -0.577167782999936, 39.607058270000039 ], [ -0.58493526999996, 39.618846637000047 ] ] ] } },
{ "type": "Feature", "properties": { "code": "46001", "name": "Ademuz" }, "geometry": { "type": "Polygon", "coordinates": [ [ [ -1.165154, 40.010108999000067 ], [ -1.173958199999959, 40.010207761000061 ], [ -1.191719499999977, 40.001544999000032 ], [ -1.20863376099993, 40.014260301000036 ], [ -1.220098812999936, 40.027053828000078 ], [ -1.218113947999939, 40.038159269000062 ], [ -1.248453394999956, 40.050082725000038 ], [ -1.265943909999976, 40.051478438000061 ], [ -1.301899189999972, 40.032352371000059 ], [ -1.312273, 40.031131499000026 ], [ -1.313879482999937, 40.050127085000042 ], [ -1.321795521999945, 40.055366956000057 ], [ -1.314462704999926, 40.05952024100003 ], [ -1.314287, 40.093540499000028 ], [ -1.302271499999961, 40.093650499000034 ], [ -1.27465, 40.091621499000041 ], [ -1.271477499999946, 40.092270499000051 ], [ -1.247953535999955, 40.08685095800007 ], [ -1.247273805999953, 40.092633357000068 ], [ -1.25279411899993, 40.098565116000032 ], [ -1.252939804999926, 40.105105131000073 ], [ -1.25701, 40.108085499000026 ], [ -1.253620694999938, 40.108889432000069 ], [ -1.252636499999937, 40.112967999000034 ], [ -1.255368807999957, 40.118867728000055 ], [ -1.253833862999954, 40.12142999200006 ], [ -1.24497, 40.116141999000035 ], [ -1.201384499999961, 40.110862499000064 ], [ -1.149847499999964, 40.114784499000052 ], [ -1.149587, 40.109660999000027 ], [ -1.152374499999951, 40.096877999000071 ], [ -1.157228499999974, 40.08520149900005 ], [ -1.16003349999994, 40.081226499000024 ], [ -1.161235057999932, 40.077122879000058 ], [ -1.167434286999935, 40.068940789000067 ], [ -1.191100063999954, 40.052579199000036 ], [ -1.170559440999966, 40.022581574000071 ], [ -1.165154, 40.010108999000067 ] ] ] } },
{ "type": "Feature", "properties": { "code": "46002", "name": "Ador" }, "geometry": { "type": "MultiPolygon", "coordinates": [ [ [ [ -0.247971499999949, 38.909109999000066 ], [ -0.239601300999936, 38.914564079000058 ], [ -0.23495973699994, 38.922144263000064 ], [ -0.238917621999974, 38.93056103400005 ], [ -0.238352499999962, 38.937738999000032 ], [ -0.237020991999941, 38.936292303000073 ], [ -0.237562002999937, 38.931538076000038 ], [ -0.235318843999949, 38.929040022000038 ], [ -0.234349268999949, 38.925753311000051 ], [ -0.227165542999956, 38.921160560000033 ], [ -0.223026255999969, 38.922673389000067 ], [ -0.216979726999966, 38.922089859000039 ], [ -0.214345483999978, 38.924133037000047 ], [ -0.211904748999928, 38.922746927000048 ], [ -0.19899, 38.92224199900005 ], [ -0.197376924999958, 38.918748807000043 ], [ -0.212341605999939, 38.90117702200007 ], [ -0.226897975999975, 38.895770181000046 ], [ -0.253573, 38.898134999000035 ], [ -0.251841179999928, 38.905981930000053 ], [ -0.247971499999949, 38.909109999000066 ] ] ], [ [ [ -0.291902, 38.948227999000039 ], [ -0.302337845999944, 38.951291518000062 ], [ -0.296004, 38.966785499000025 ], [ -0.288703508999959, 38.964756032000025 ], [ -0.275661599999978, 38.968043646000069 ], [ -0.241614, 38.963241499000048 ], [ -0.244595570999934, 38.958768557000042 ], [ -0.272761797999976, 38.966375302000074 ], [ -0.280576500999928, 38.955649342000072 ], [ -0.288233, 38.954369499000052 ], [ -0.291902, 38.948227999000039 ] ] ] ] } },
{ "type": "Feature", "properties": { "code": "46003", "name": "Atzeneta d'Albaida" }, "geometry": { "type": "Polygon", "coordinates": [ [ [ -0.461294, 38.810466999000027 ], [ -0.461809, 38.807647499000041 ], [ -0.471356527999944, 38.810788109000043 ], [ -0.485598671999981, 38.828961842000069 ], [ -0.495260651999956, 38.824941387000024 ], [ -0.49861427999997, 38.82762580900004 ], [ -0.50279300699998, 38.826751044000048 ], [ -0.505133868999962, 38.837297653000064 ], [ -0.496521118999965, 38.845282882000049 ], [ -0.497404499999959, 38.84970849900003 ], [ -0.485780499999976, 38.855216999000049 ], [ -0.485856444999968, 38.844409509000059 ], [ -0.480661, 38.833736499000054 ], [ -0.478119, 38.829383999000072 ], [ -0.473578499999974, 38.82419199900005 ], [ -0.466693499999963, 38.818668499000069 ], [ -0.461294, 38.810466999000027 ] ] ] } },
{ "type": "Feature", "properties": { "code": "46004", "name": "Agullent" }, "geometry": { "type": "Polygon", "coordinates": [ [ [ -0.577913, 38.869605999000044 ], [ -0.573859303999939, 38.862587947000065 ], [ -0.558095364999929, 38.859750397000028 ], [ -0.55339317499994, 38.853165517000036 ], [ -0.540051499999947, 38.844253499000047 ], [ -0.543796676999932, 38.840523527000073 ], [ -0.537437783999962, 38.825793435000037 ], [ -0.53524, 38.810367499000051 ], [ -0.548195499999963, 38.805656499000065 ], [ -0.560133, 38.804122999000072 ], [ -0.570867499999963, 38.830115499000044 ], [ -0.584957499999973, 38.867889499000057 ], [ -0.577913, 38.869605999000044 ] ] ] } },
{ "type": "Feature", "properties": { "code": "46005", "name": "Alaquàs" }, "geometry": { "type": "Polygon", "coordinates": [ [ [ -0.448816, 39.459902499000066 ], [ -0.447376499999962, 39.452489999000079 ], [ -0.458725, 39.449055999000052 ], [ -0.486559499999942, 39.444812999000078 ], [ -0.497292, 39.444297499000072 ], [ -0.504904, 39.442912999000043 ], [ -0.507787, 39.444530499000052 ], [ -0.497141499999941, 39.446841999000071 ], [ -0.478769, 39.453021999000043 ], [ -0.472917, 39.455733999000074 ], [ -0.463008499999944, 39.457545999000047 ], [ -0.46307, 39.45999499900006 ], [ -0.452647499999955, 39.45930099900005 ], [ -0.448816, 39.459902499000066 ] ] ] } },
{ "type": "Feature", "properties": { "code": "46006", "name": "Albaida" }, "geometry": { "type": "Polygon", "coordinates": [ [ [ -0.568601499999943, 38.881461999000066 ], [ -0.558794336999938, 38.882886656000039 ], [ -0.555671751999967, 38.887508973000024 ], [ -0.541912649999972, 38.886191373000031 ], [ -0.535527687999945, 38.891819266000027 ], [ -0.526460499999928, 38.891639499000064 ], [ -0.519376380999972, 38.868159048000052 ], [ -0.50550949999996, 38.86437999900005 ], [ -0.507765276999976, 38.85144865500007 ], [ -0.497404499999959, 38.84970849900003 ], [ -0.496521118999965, 38.845282882000049 ], [ -0.505133868999962, 38.837297653000064 ], [ -0.50279300699998, 38.826751044000048 ], [ -0.49861427999997, 38.82762580900004 ], [ -0.495260651999956, 38.824941387000024 ], [ -0.485598671999981, 38.828961842000069 ], [ -0.471356527999944, 38.810788109000043 ], [ -0.461809, 38.807647499000041 ], [ -0.479395, 38.80464949900005 ], [ -0.515764499999932, 38.806834999000046 ], [ -0.525572, 38.810584999000071 ], [ -0.520841059999952, 38.829047852000031 ], [ -0.540051499999947, 38.844253499000047 ], [ -0.55339317499994, 38.853165517000036 ], [ -0.558095364999929, 38.859750397000028 ], [ -0.573859303999939, 38.862587947000065 ], [ -0.577913, 38.869605999000044 ], [ -0.578306388999977, 38.873692712000036 ], [ -0.567782931999943, 38.877156668000055 ], [ -0.568601499999943, 38.881461999000066 ] ] ] } },
{ "type": "Feature", "properties": { "code": "46007", "name": "Albal" }, "geometry": { "type": "Polygon", "coordinates": [ [ [ -0.450135, 39.400684499000079 ], [ -0.437905857999965, 39.403267031000041 ], [ -0.407747047999976, 39.401211226000044 ], [ -0.389984115999937, 39.387233943000069 ], [ -0.373998655999969, 39.380939731000069 ], [ -0.35615, 39.364913499000068 ], [ -0.357348, 39.36387299900008 ], [ -0.372440499999925, 39.377661499000055 ], [ -0.378350499999954, 39.381905999000026 ], [ -0.422859192999965, 39.389959202000057 ], [ -0.433965499999942, 39.384069499000077 ], [ -0.440005406999944, 39.387446671000077 ], [ -0.450135, 39.400684499000079 ] ] ] } },
{ "type": "Feature", "properties": { "code": "46008", "name": "Albalat de la Ribera" }, "geometry": { "type": "Polygon", "coordinates": [ [ [ -0.357787, 39.246872999000061 ], [ -0.351313158999972, 39.245676294000077 ], [ -0.349763904999975, 39.242675106000036 ], [ -0.35419087799994, 39.238284788000044 ], [ -0.361070760999951, 39.214349415000072 ], [ -0.355764499999964, 39.201064999000039 ], [ -0.363044427999967, 39.198962984000048 ], [ -0.378941785999928, 39.203147822000062 ], [ -0.386421580999979, 39.198116016000029 ], [ -0.394272667999928, 39.201996786000052 ], [ -0.403329499999927, 39.199035499000047 ], [ -0.404001, 39.203366499000026 ], [ -0.395631, 39.215509499000063 ], [ -0.393150499999933, 39.214822499000036 ], [ -0.38869649999998, 39.225116999000079 ], [ -0.382846499999971, 39.231353499000079 ], [ -0.375765499999943, 39.242484499000057 ], [ -0.370756, 39.24399949900004 ], [ -0.364393499999949, 39.248378499000069 ], [ -0.357787, 39.246872999000061 ] ] ] } },
{ "type": "Feature", "properties": { "code": "46009", "name": "Albalat dels Sorells" }, "geometry": { "type": "Polygon", "coordinates": [ [ [ -0.33828, 39.551022999000054 ], [ -0.342824476999965, 39.548159394000038 ], [ -0.338542727999936, 39.543286962000025 ], [ -0.33998700799998, 39.539041334000046 ], [ -0.335171832999947, 39.536456358000066 ], [ -0.333081499999935, 39.540313999000034 ], [ -0.310707, 39.530475499000033 ], [ -0.31225, 39.527900499000054 ], [ -0.346604418999959, 39.538510491000068 ], [ -0.383828499999936, 39.575102499000025 ], [ -0.383356499999934, 39.575893499000074 ], [ -0.348287871999958, 39.552587205000066 ], [ -0.33828, 39.551022999000054 ] ] ] } },
{ "type": "Feature", "properties": { "code": "46010", "name": "Albalat dels Tarongers" }, "geometry": { "type": "Polygon", "coordinates": [ [ [ -0.392905, 39.65920249900006 ], [ -0.381523499999957, 39.66677499900004 ], [ -0.368739, 39.671916999000075 ], [ -0.365127499999971, 39.677078499000061 ], [ -0.365857, 39.679347999000072 ], [ -0.36291749999998, 39.684928999000078 ], [ -0.372758, 39.689819499000066 ], [ -0.376431499999967, 39.694152999000039 ], [ -0.347187585999961, 39.703802064000058 ], [ -0.338393322999934, 39.711547080000059 ], [ -0.323675, 39.71800999900006 ], [ -0.311979131999976, 39.70756835800006 ], [ -0.316342672999951, 39.70105486600005 ], [ -0.327208882999969, 39.69633525100005 ], [ -0.32564949999994, 39.691631499000039 ], [ -0.330166499999962, 39.68790799900006 ], [ -0.335207499999967, 39.686294499000041 ], [ -0.35098249999993, 39.678051499000048 ], [ -0.357463, 39.677516999000034 ], [ -0.360392, 39.672843999000065 ], [ -0.362366499999951, 39.666331999000079 ], [ -0.362923, 39.654441999000028 ], [ -0.364328499999942, 39.645042499000056 ], [ -0.379306499999927, 39.624256499000069 ], [ -0.390661499999965, 39.64263949900004 ], [ -0.392905, 39.65920249900006 ] ] ] } },
{ "type": "Feature", "properties": { "code": "46011", "name": "Alberic" }, "geometry": { "type": "Polygon", "coordinates": [ [ [ -0.508539, 39.145099499000025 ], [ -0.502824232999956, 39.130713039000057 ], [ -0.495371, 39.125221499000077 ], [ -0.497943204999956, 39.11381254500003 ], [ -0.531619552999928, 39.094311367000046 ], [ -0.537215499999945, 39.085822999000072 ], [ -0.541416, 39.088714499000048 ], [ -0.541572499999972, 39.096685999000044 ], [ -0.546935, 39.097192499000073 ], [ -0.54740849999996, 39.099566999000047 ], [ -0.553517499999941, 39.101826999000025 ], [ -0.564119, 39.103832999000076 ], [ -0.571735499999932, 39.106656999000052 ], [ -0.575984, 39.11118699900004 ], [ -0.582436499999972, 39.113719999000068 ], [ -0.584955, 39.119548499000075 ], [ -0.583836, 39.12123499900008 ], [ -0.565684499999975, 39.13302999900003 ], [ -0.559392499999944, 39.134673999000029 ], [ -0.55140549999993, 39.133476499000039 ], [ -0.542749499999957, 39.137855499000068 ], [ -0.529364, 39.139545499000064 ], [ -0.527293606999933, 39.136674760000062 ], [ -0.521651639999959, 39.136780263000048 ], [ -0.512411, 39.144237499000042 ], [ -0.508539, 39.145099499000025 ] ] ] } },
{ "type": "Feature", "properties": { "code": "46012", "name": "Alborache" }, "geometry": { "type": "Polygon", "coordinates": [ [ [ -0.765201, 39.321266499000046 ], [ -0.763376499999936, 39.349773499000037 ], [ -0.764359499999955, 39.380450999000061 ], [ -0.783347499999934, 39.390510499000072 ], [ -0.795335, 39.391864999000063 ], [ -0.796112, 39.395564999000044 ], [ -0.795673499999964, 39.399528499000041 ], [ -0.797096, 39.402663999000026 ], [ -0.793650499999956, 39.402561499000058 ], [ -0.789398499999947, 39.400031999000078 ], [ -0.784193, 39.400119499000027 ], [ -0.777718499999935, 39.402133999000057 ], [ -0.770426499999928, 39.406841499000052 ], [ -0.764913, 39.411861499000054 ], [ -0.760967, 39.41357799900004 ], [ -0.733879, 39.420772499000066 ], [ -0.727847, 39.413726499000063 ], [ -0.734024, 39.407008999000027 ], [ -0.737522, 39.400455499000032 ], [ -0.738428499999941, 39.396842999000057 ], [ -0.738601499999959, 39.384647499000039 ], [ -0.737822, 39.380389999000045 ], [ -0.736514499999942, 39.378814499000043 ], [ -0.739086499999928, 39.375377499000081 ], [ -0.739308499999936, 39.358047499000065 ], [ -0.741021, 39.352088999000046 ], [ -0.741433499999971, 39.339996499000051 ], [ -0.742219, 39.334678499000063 ], [ -0.744477499999959, 39.330100999000081 ], [ -0.745148, 39.325175999000066 ], [ -0.765201, 39.321266499000046 ] ] ] } },
{ "type": "Feature", "properties": { "code": "46013", "name": "Alboraia / Alboraya" }, "geometry": { "type": "Polygon", "coordinates": [ [ [ -0.356377499999951, 39.507560999000077 ], [ -0.34894277899997, 39.506383482000047 ], [ -0.338640685999962, 39.511682359000076 ], [ -0.338363, 39.518371499000068 ], [ -0.318978499999957, 39.514495999000076 ], [ -0.32095, 39.507991999000069 ], [ -0.322714499999961, 39.497161499000072 ], [ -0.323463499999946, 39.484626999000056 ], [ -0.35033053199993, 39.489155222000079 ], [ -0.356729434999977, 39.494025061000059 ], [ -0.35560232499995, 39.500259332000041 ], [ -0.359693, 39.503391499000031 ], [ -0.356377499999951, 39.507560999000077 ] ] ] } },
{ "type": "Feature", "properties": { "code": "46014", "name": "Albuixech" }, "geometry": { "type": "Polygon", "coordinates": [ [ [ -0.333081499999935, 39.540313999000034 ], [ -0.332037, 39.551853999000059 ], [ -0.326520499999958, 39.552789999000026 ], [ -0.299287, 39.545093499000075 ], [ -0.308024, 39.534908499000039 ], [ -0.310707, 39.530475499000033 ], [ -0.333081499999935, 39.540313999000034 ] ] ] } },
{ "type": "Feature", "properties": { "code": "46015", "name": "Alcàsser" }, "geometry": { "type": "Polygon", "coordinates": [ [ [ -0.450711499999954, 39.40279749900003 ], [ -0.450135, 39.400684499000079 ], [ -0.440005406999944, 39.387446671000077 ], [ -0.433965499999942, 39.384069499000077 ], [ -0.425035499999979, 39.376258999000072 ], [ -0.428245, 39.367248499000027 ], [ -0.430552499999976, 39.36459749900007 ], [ -0.449183, 39.363468499000078 ], [ -0.451747499999954, 39.366020499000058 ], [ -0.455359, 39.371711499000071 ], [ -0.46113349999996, 39.375224999000068 ], [ -0.465837499999964, 39.399703999000053 ], [ -0.450711499999954, 39.40279749900003 ] ] ] } },
{ "type": "Feature", "properties": { "code": "46016", "name": "Alcàntera de Xúquer" }, "geometry": { "type": "Polygon", "coordinates": [ [ [ -0.548729, 39.046332999000072 ], [ -0.550472, 39.047164999000074 ], [ -0.553167, 39.045456499000068 ], [ -0.556793, 39.044617499000026 ], [ -0.565183769999976, 39.064904627000033 ], [ -0.563711, 39.083593499000074 ], [ -0.555438, 39.090137499000036 ], [ -0.557757882999965, 39.076196706000076 ], [ -0.553142094999941, 39.069535702000053 ], [ -0.551292499999931, 39.056876999000053 ], [ -0.554020428999934, 39.055397922000054 ], [ -0.553192585999966, 39.050627199000076 ], [ -0.548174, 39.048808999000073 ], [ -0.548729, 39.046332999000072 ] ] ] } },
{ "type": "Feature", "properties": { "code": "46017", "name": "Alzira" }, "geometry": { "type": "MultiPolygon", "coordinates": [ [ [ [ -0.487112, 39.132415999000045 ], [ -0.480631677999952, 39.141477257000076 ], [ -0.486584752999931, 39.148683641000048 ], [ -0.512411, 39.144237499000042 ], [ -0.507729376999976, 39.149163821000059 ], [ -0.496809829999961, 39.151509487000055 ], [ -0.499943, 39.160450499000035 ], [ -0.49362949999994, 39.160960999000054 ], [ -0.46052549999996, 39.180935999000042 ], [ -0.425289168999939, 39.173303715000031 ], [ -0.41098, 39.186107499000059 ], [ -0.396506, 39.181441999000072 ], [ -0.392104499999959, 39.176200999000059 ], [ -0.38128293099993, 39.165991838000025 ], [ -0.379791317999945, 39.15541337500008 ], [ -0.372087044999944, 39.14581534000007 ], [ -0.347466499999939, 39.127342499000065 ], [ -0.342865980999932, 39.120672352000042 ], [ -0.324662499999931, 39.111903999000049 ], [ -0.303191499999969, 39.098171499000046 ], [ -0.317426337999962, 39.092312391000064 ], [ -0.326951970999971, 39.076151519000064 ], [ -0.327309483999954, 39.069904739000037 ], [ -0.333999, 39.069476999000074 ], [ -0.355044971999973, 39.089835964000031 ], [ -0.450765028999967, 39.134837223000034 ], [ -0.457186356999955, 39.144776591000038 ], [ -0.460547650999956, 39.143256809000036 ], [ -0.459117571999968, 39.138129406000076 ], [ -0.470470770999952, 39.135268250000024 ], [ -0.475479114999928, 39.128407870000046 ], [ -0.487112, 39.132415999000045 ] ] ], [ [ [ -0.542509499999937, 39.149406499000065 ], [ -0.545479651999926, 39.139824187000045 ], [ -0.542749499999957, 39.137855499000068 ], [ -0.55140549999993, 39.133476499000039 ], [ -0.559392499999944, 39.134673999000029 ], [ -0.565684499999975, 39.13302999900003 ], [ -0.583836, 39.12123499900008 ], [ -0.584955, 39.119548499000075 ], [ -0.606852499999945, 39.116744999000048 ], [ -0.635327, 39.110553499000048 ], [ -0.647316499999931, 39.120708499000045 ], [ -0.628783161999934, 39.133834206000074 ], [ -0.598954409999976, 39.139563254000052 ], [ -0.583999567999967, 39.136535429000048 ], [ -0.584641020999925, 39.143483278000076 ], [ -0.597489155999938, 39.144977113000039 ], [ -0.602564549999954, 39.154135305000068 ], [ -0.610485034999954, 39.151461453000024 ], [ -0.626304, 39.156390999000052 ], [ -0.594408, 39.16290649900003 ], [ -0.556041, 39.163009499000054 ], [ -0.540014499999927, 39.164230499000041 ], [ -0.540025, 39.158275499000069 ], [ -0.542509499999937, 39.149406499000065 ] ] ] ] } },
{ "type": "Feature", "properties": { "code": "46018", "name": "Alcublas" }, "geometry": { "type": "Polygon", "coordinates": [ [ [ -0.691059, 39.852470499000049 ], [ -0.687475499999948, 39.849876499000061 ], [ -0.681359, 39.84759899900007 ], [ -0.668498499999941, 39.840403999000046 ], [ -0.662320499999964, 39.838920499000039 ], [ -0.656098499999928, 39.835967999000047 ], [ -0.650981, 39.81195449900008 ], [ -0.644654499999945, 39.791591499000049 ], [ -0.647052499999972, 39.787867499000072 ], [ -0.649029, 39.77084349900008 ], [ -0.652293, 39.754089499000031 ], [ -0.669421499999942, 39.762595999000041 ], [ -0.697977, 39.771071999000071 ], [ -0.710251896999978, 39.791891346000057 ], [ -0.712497499999927, 39.816852499000049 ], [ -0.707046140999978, 39.834414073000062 ], [ -0.691059, 39.852470499000049 ] ] ] } },
{ "type": "Feature", "properties": { "code": "46019", "name": "Alcúdia, l'" }, "geometry": { "type": "Polygon", "coordinates": [ [ [ -0.58062549999994, 39.183513499000071 ], [ -0.581786499999964, 39.18812549900008 ], [ -0.584509, 39.193813499000044 ], [ -0.563448499999936, 39.194480999000064 ], [ -0.559690499999931, 39.193347999000025 ], [ -0.541718, 39.195061499000076 ], [ -0.511464458999967, 39.208896405000075 ], [ -0.510828894999975, 39.213213070000052 ], [ -0.502623829999948, 39.216022094000039 ], [ -0.482022499999971, 39.230509999000049 ], [ -0.481199508999964, 39.207361834000039 ], [ -0.495414441999969, 39.188224744000024 ], [ -0.505437063999977, 39.182263339000031 ], [ -0.509684811999932, 39.181712269000059 ], [ -0.517298411999946, 39.186314151000033 ], [ -0.52143766599994, 39.181919252000057 ], [ -0.520860064999965, 39.176381426000034 ], [ -0.510259464999933, 39.174645598000041 ], [ -0.501859775999947, 39.169083059000059 ], [ -0.500698, 39.165275499000074 ], [ -0.513773052999966, 39.163255691000074 ], [ -0.518827, 39.170104999000046 ], [ -0.523598447999973, 39.174806639000053 ], [ -0.553883062999944, 39.174170239000034 ], [ -0.58062549999994, 39.183513499000071 ] ] ] } },
{ "type": "Feature", "properties": { "code": "46020", "name": "Alcúdia de Crespins, l'" }, "geometry": { "type": "Polygon", "coordinates": [ [ [ -0.628833499999928, 38.980121999000062 ], [ -0.604935499999954, 38.978507999000044 ], [ -0.596307804999924, 38.976496874000077 ], [ -0.589256447999958, 38.978187595000065 ], [ -0.582223575999933, 38.969232177000038 ], [ -0.603984340999943, 38.962195371000064 ], [ -0.616046499999925, 38.962455499000043 ], [ -0.622907634999933, 38.975257266000028 ], [ -0.628833499999928, 38.980121999000062 ] ] ] } },
{ "type": "Feature", "properties": { "code": "46021", "name": "Aldaia" }, "geometry": { "type": "Polygon", "coordinates": [ [ [ -0.550673, 39.449252999000066 ], [ -0.525975917999972, 39.451451854000027 ], [ -0.483317673999977, 39.474420236000071 ], [ -0.450556387999939, 39.475936024000077 ], [ -0.440875651999932, 39.470621006000044 ], [ -0.439776499999937, 39.464279999000041 ], [ -0.448816, 39.459902499000066 ], [ -0.452647499999955, 39.45930099900005 ], [ -0.46307, 39.45999499900006 ], [ -0.463008499999944, 39.457545999000047 ], [ -0.472917, 39.455733999000074 ], [ -0.478769, 39.453021999000043 ], [ -0.497141499999941, 39.446841999000071 ], [ -0.517290499999945, 39.441959499000063 ], [ -0.524229499999933, 39.44323349900003 ], [ -0.534484499999962, 39.443668499000069 ], [ -0.550673, 39.449252999000066 ] ] ] } },
{ "type": "Feature", "properties": { "code": "46022", "name": "Alfafar" }, "geometry": { "type": "Polygon", "coordinates": [ [ [ -0.40352, 39.415908999000067 ], [ -0.403361, 39.418922999000074 ], [ -0.392926703999933, 39.41887427100005 ], [ -0.393596533999926, 39.42465863700005 ], [ -0.399728499999981, 39.427798999000061 ], [ -0.391061499999978, 39.426734499000077 ], [ -0.387723516999927, 39.425373013000069 ], [ -0.386655402999963, 39.42298209300003 ], [ -0.379864778999945, 39.421865824000065 ], [ -0.375232136999955, 39.419180772000061 ], [ -0.371550765999928, 39.421673693000059 ], [ -0.356936034999933, 39.414859038000031 ], [ -0.354661594999925, 39.416040183000064 ], [ -0.357096499999955, 39.419511499000066 ], [ -0.349992339999972, 39.42071295900007 ], [ -0.350073856999927, 39.402134949000072 ], [ -0.33640859999997, 39.382945153000037 ], [ -0.332050556999945, 39.370832857000039 ], [ -0.343065499999966, 39.370857499000067 ], [ -0.367423774999963, 39.405821141000047 ], [ -0.40352, 39.415908999000067 ] ], [ [ -0.383883425999954, 39.419210675000045 ], [ -0.381215205999979, 39.419500409000079 ], [ -0.380694662999929, 39.421398590000081 ], [ -0.382607195999924, 39.421708655000032 ], [ -0.383883425999954, 39.419210675000045 ] ] ] } },
{ "type": "Feature", "properties": { "code": "46023", "name": "Alfauir" }, "geometry": { "type": "Polygon", "coordinates": [ [ [ -0.238225, 38.937981499000045 ], [ -0.238917621999974, 38.93056103400005 ], [ -0.23495973699994, 38.922144263000064 ], [ -0.239601300999936, 38.914564079000058 ], [ -0.247971499999949, 38.909109999000066 ], [ -0.256287499999928, 38.919711999000072 ], [ -0.258618499999955, 38.91906749900005 ], [ -0.261036, 38.919922499000052 ], [ -0.259668499999975, 38.926700999000047 ], [ -0.246139595999978, 38.933785152000041 ], [ -0.25586549999997, 38.948458999000025 ], [ -0.248193862999926, 38.952087857000038 ], [ -0.243171996999934, 38.951064900000063 ], [ -0.237600357999952, 38.947103064000032 ], [ -0.238225, 38.937981499000045 ] ] ] } },
{ "type": "Feature", "properties": { "code": "46024", "name": "Alfara de la Baronia" }, "geometry": { "type": "Polygon", "coordinates": [ [ [ -0.388918, 39.768699999000034 ], [ -0.386879, 39.769183999000063 ], [ -0.378106111999955, 39.767661393000026 ], [ -0.370782275999943, 39.770416773000079 ], [ -0.358457886999929, 39.766792266000039 ], [ -0.341572288999942, 39.78803189100006 ], [ -0.32849049999993, 39.797466499000052 ], [ -0.326140896999959, 39.791379995000057 ], [ -0.319002104999925, 39.786752772000057 ], [ -0.32027812299998, 39.778950179000049 ], [ -0.346173499999963, 39.751216999000064 ], [ -0.361735404999934, 39.758426098000029 ], [ -0.382365627999945, 39.757966235000026 ], [ -0.388918, 39.768699999000034 ] ] ] } },
{ "type": "Feature", "properties": { "code": "46025", "name": "Alfara del Patriarca" }, "geometry": { "type": "Polygon", "coordinates": [ [ [ -0.384458, 39.533270999000081 ], [ -0.388238558999944, 39.546856093000031 ], [ -0.382380499999954, 39.551608999000052 ], [ -0.380844, 39.54638649900005 ], [ -0.376822, 39.54223999900006 ], [ -0.373768997999946, 39.536040908000075 ], [ -0.373914499999955, 39.528022999000029 ], [ -0.38361694799994, 39.530762253000034 ], [ -0.384458, 39.533270999000081 ] ] ] } },
{ "type": "Feature", "properties": { "code": "46026", "name": "Alfarb" }, "geometry": { "type": "Polygon", "coordinates": [ [ [ -0.50392949999997, 39.310943999000074 ], [ -0.496436499999959, 39.304446999000049 ], [ -0.487075, 39.302264999000045 ], [ -0.483980499999973, 39.295142999000063 ], [ -0.482737499999928, 39.285476999000025 ], [ -0.503867214999957, 39.280614807000063 ], [ -0.504400499999974, 39.26877599900007 ], [ -0.540286499999979, 39.259616999000059 ], [ -0.549178750999943, 39.264014494000037 ], [ -0.560831249999978, 39.260971458000029 ], [ -0.563440688999947, 39.267696538000052 ], [ -0.56168016099997, 39.272578796000062 ], [ -0.566468, 39.279338999000061 ], [ -0.561097614999937, 39.28395534200007 ], [ -0.548446608999939, 39.283850185000063 ], [ -0.533442911999941, 39.289718797000035 ], [ -0.52039737299998, 39.298135578000029 ], [ -0.513074449999976, 39.30662452100006 ], [ -0.50392949999997, 39.310943999000074 ] ] ] } },
{ "type": "Feature", "properties": { "code": "46027", "name": "Alfarrasí" }, "geometry": { "type": "Polygon", "coordinates": [ [ [ -0.516707499999939, 38.89495449900005 ], [ -0.510400240999957, 38.908372306000047 ], [ -0.517585889999964, 38.915626245000055 ], [ -0.507908911999948, 38.920344357000033 ], [ -0.507098499999927, 38.927364499000078 ], [ -0.505580924999947, 38.920525695000038 ], [ -0.492523118999941, 38.922564542000032 ], [ -0.491486, 38.918731499000046 ], [ -0.49254, 38.913672999000028 ], [ -0.491075, 38.912055999000074 ], [ -0.490632347999963, 38.905110056000069 ], [ -0.485629499999959, 38.900027999000031 ], [ -0.497684100999948, 38.891335877000074 ], [ -0.509783499999969, 38.893119999000078 ], [ -0.516707499999939, 38.89495449900005 ] ] ] } },
{ "type": "Feature", "properties": { "code": "46028", "name": "Algar de Palància" }, "geometry": { "type": "Polygon", "coordinates": [ [ [ -0.378129499999943, 39.800385499000072 ], [ -0.356932499999971, 39.800083999000037 ], [ -0.349848, 39.801501999000038 ], [ -0.339261, 39.799731499000075 ], [ -0.328725499999962, 39.801434499000038 ], [ -0.32849049999993, 39.797466499000052 ], [ -0.341572288999942, 39.78803189100006 ], [ -0.358457886999929, 39.766792266000039 ], [ -0.370782275999943, 39.770416773000079 ], [ -0.378106111999955, 39.767661393000026 ], [ -0.386879, 39.769183999000063 ], [ -0.3855, 39.77295699900003 ], [ -0.385799499999962, 39.776439499000048 ], [ -0.39174, 39.779899499000066 ], [ -0.388752156999942, 39.789435673000071 ], [ -0.378129499999943, 39.800385499000072 ] ] ] } },
{ "type": "Feature", "properties": { "code": "46029", "name": "Algemesí" }, "geometry": { "type": "Polygon", "coordinates": [ [ [ -0.41098, 39.186107499000059 ], [ -0.425289168999939, 39.173303715000031 ], [ -0.46052549999996, 39.180935999000042 ], [ -0.466972, 39.208789999000032 ], [ -0.462931499999968, 39.224513999000067 ], [ -0.463561, 39.230193999000051 ], [ -0.467569, 39.238068499000065 ], [ -0.460552499999949, 39.236202499000058 ], [ -0.453465, 39.237422999000046 ], [ -0.431856, 39.247005499000068 ], [ -0.426621, 39.247581499000034 ], [ -0.41809, 39.246112999000047 ], [ -0.41342949999995, 39.243069999000056 ], [ -0.375765499999943, 39.242484499000057 ], [ -0.382846499999971, 39.231353499000079 ], [ -0.38869649999998, 39.225116999000079 ], [ -0.393150499999933, 39.214822499000036 ], [ -0.395631, 39.215509499000063 ], [ -0.404001, 39.203366499000026 ], [ -0.403329499999927, 39.199035499000047 ], [ -0.408597829999962, 39.199358011000072 ], [ -0.41098, 39.186107499000059 ] ] ] } },
{ "type": "Feature", "properties": { "code": "46030", "name": "Algímia d'Alfara" }, "geometry": { "type": "Polygon", "coordinates": [ [ [ -0.439335, 39.730071999000074 ], [ -0.437739284999964, 39.736400501000048 ], [ -0.419763063999937, 39.745370037000043 ], [ -0.407433904999948, 39.747003265000046 ], [ -0.388918, 39.768699999000034 ], [ -0.382365627999945, 39.757966235000026 ], [ -0.361735404999934, 39.758426098000029 ], [ -0.346173499999963, 39.751216999000064 ], [ -0.348189499999933, 39.748237499000027 ], [ -0.357580449999944, 39.747231164000027 ], [ -0.370388426999966, 39.740267030000041 ], [ -0.416075905999946, 39.727156733000072 ], [ -0.439335, 39.730071999000074 ] ] ] } },
{ "type": "Feature", "properties": { "code": "46031", "name": "Alginet" }, "geometry": { "type": "Polygon", "coordinates": [ [ [ -0.482737499999928, 39.285476999000025 ], [ -0.457738499999948, 39.273383499000033 ], [ -0.441365499999961, 39.267833999000061 ], [ -0.43743749999993, 39.264957499000047 ], [ -0.414260499999955, 39.25729749900006 ], [ -0.41342949999995, 39.243069999000056 ], [ -0.41809, 39.246112999000047 ], [ -0.426621, 39.247581499000034 ], [ -0.431856, 39.247005499000068 ], [ -0.453465, 39.237422999000046 ], [ -0.460552499999949, 39.236202499000058 ], [ -0.467569, 39.238068499000065 ], [ -0.472421, 39.236274999000045 ], [ -0.504400499999974, 39.26877599900007 ], [ -0.503867214999957, 39.280614807000063 ], [ -0.482737499999928, 39.285476999000025 ] ] ] } },
{ "type": "Feature", "properties": { "code": "46032", "name": "Almàssera" }, "geometry": { "type": "Polygon", "coordinates": [ [ [ -0.351324499999976, 39.522699499000055 ], [ -0.338363, 39.518371499000068 ], [ -0.338640685999962, 39.511682359000076 ], [ -0.34894277899997, 39.506383482000047 ], [ -0.356377499999951, 39.507560999000077 ], [ -0.364126499999941, 39.511199999000041 ], [ -0.361467, 39.516435499000067 ], [ -0.351324499999976, 39.522699499000055 ] ] ] } },
{ "type": "Feature", "properties": { "code": "46033", "name": "Almiserà" }, "geometry": { "type": "Polygon", "coordinates": [ [ [ -0.306805, 38.917096499000024 ], [ -0.303392780999957, 38.924309791000042 ], [ -0.30379, 38.933669999000074 ], [ -0.29978049999994, 38.93523699900004 ], [ -0.291517, 38.945395999000027 ], [ -0.277651618999926, 38.935483460000057 ], [ -0.272900617999937, 38.923581069000079 ], [ -0.259668499999975, 38.926700999000047 ], [ -0.261036, 38.919922499000052 ], [ -0.272915209999951, 38.920947062000039 ], [ -0.269095577999963, 38.912208116000045 ], [ -0.278465, 38.911104499000032 ], [ -0.282295857999941, 38.915492674000063 ], [ -0.306805, 38.917096499000024 ] ] ] } },
{ "type": "Feature", "properties": { "code": "46034", "name": "Almoines" }, "geometry": { "type": "Polygon", "coordinates": [ [ [ -0.170406499999956, 38.940345499000045 ], [ -0.174651499999925, 38.940925499000059 ], [ -0.187547, 38.939516499000035 ], [ -0.192685165999933, 38.944139155000073 ], [ -0.183748972999979, 38.946684693000066 ], [ -0.182591, 38.955280499000025 ], [ -0.171341, 38.949756499000046 ], [ -0.166629499999942, 38.942352499000037 ], [ -0.170406499999956, 38.940345499000045 ] ] ] } },
{ "type": "Feature", "properties": { "code": "46035", "name": "Almussafes" }, "geometry": { "type": "Polygon", "coordinates": [ [ [ -0.426104499999951, 39.33038349900005 ], [ -0.405618, 39.325683499000036 ], [ -0.40642791099998, 39.313083756000026 ], [ -0.397565418999932, 39.277401865000058 ], [ -0.402978513999926, 39.264808205000065 ], [ -0.414260499999955, 39.25729749900006 ], [ -0.414035951999949, 39.28128130500005 ], [ -0.424765499999978, 39.30649549900005 ], [ -0.422081734999949, 39.311760236000055 ], [ -0.426104499999951, 39.33038349900005 ] ] ] } },
{ "type": "Feature", "properties": { "code": "46036", "name": "Alpuente" }, "geometry": { "type": "Polygon", "coordinates": [ [ [ -1.090721, 39.912971499000037 ], [ -1.087935, 39.946681999000077 ], [ -1.087565499999926, 39.970439499000065 ], [ -1.083319136999933, 39.976915622000035 ], [ -1.057944473999953, 39.980465999000046 ], [ -1.025191316999951, 39.975100435000058 ], [ -1.004668878999951, 39.981227748000038 ], [ -0.990942250999979, 39.981519450000064 ], [ -0.976252, 39.975753499000064 ], [ -0.979838, 39.956168999000056 ], [ -0.978869499999973, 39.933803499000078 ], [ -0.979168, 39.909915999000077 ], [ -0.979882499999974, 39.867046499000026 ], [ -0.981003499999929, 39.857135499000037 ], [ -0.98149, 39.839755999000033 ], [ -0.99409449999996, 39.821147999000061 ], [ -1.008877, 39.817771999000058 ], [ -1.026769, 39.815456499000049 ], [ -1.044108499999936, 39.816008999000076 ], [ -1.046788499999934, 39.828929999000025 ], [ -1.049662, 39.835582499000054 ], [ -1.048034, 39.840644999000062 ], [ -1.049394499999948, 39.844173499000078 ], [ -1.053725499999928, 39.850147499000059 ], [ -1.066571, 39.89932649900004 ], [ -1.081429499999956, 39.903419499000051 ], [ -1.090721, 39.912971499000037 ] ] ] } },
{ "type": "Feature", "properties": { "code": "46037", "name": "Alqueria de la Comtessa, l'" }, "geometry": { "type": "Polygon", "coordinates": [ [ [ -0.163254, 38.942813999000066 ], [ -0.158706499999937, 38.943401499000061 ], [ -0.156786499999953, 38.944686999000055 ], [ -0.156175, 38.946468499000048 ], [ -0.155494172999965, 38.943788946000041 ], [ -0.159619654999972, 38.939905486000043 ], [ -0.158163229999957, 38.937472124000067 ], [ -0.143668499999933, 38.940402999000071 ], [ -0.142082499999958, 38.936839999000028 ], [ -0.147941378999974, 38.932252875000074 ], [ -0.147961, 38.925426499000025 ], [ -0.150318, 38.926475499000048 ], [ -0.15576249999998, 38.925571499000057 ], [ -0.161077, 38.926799499000026 ], [ -0.163254, 38.942813999000066 ] ] ] } },
{ "type": "Feature", "properties": { "code": "46038", "name": "Andilla" }, "geometry": { "type": "Polygon", "coordinates": [ [ [ -0.832592499999976, 39.758914999000069 ], [ -0.834671, 39.763358999000047 ], [ -0.850307499999928, 39.783469999000033 ], [ -0.872787499999959, 39.800471999000081 ], [ -0.884307499999977, 39.802268999000034 ], [ -0.887722499999938, 39.803885499000046 ], [ -0.886859499999957, 39.819595499000059 ], [ -0.883384, 39.828204999000036 ], [ -0.89065, 39.846561499000074 ], [ -0.895902499999977, 39.84947949900004 ], [ -0.899471217999974, 39.853863275000037 ], [ -0.895013499999948, 39.856785499000068 ], [ -0.887757271999931, 39.852518648000057 ], [ -0.86431306999998, 39.847444544000041 ], [ -0.828511376999927, 39.870893370000033 ], [ -0.797643, 39.881076499000073 ], [ -0.791969349999931, 39.880311777000031 ], [ -0.772675435999929, 39.868635017000031 ], [ -0.744472074999976, 39.832733543000074 ], [ -0.738283215999957, 39.830132029000026 ], [ -0.734927755999934, 39.819303912000066 ], [ -0.722604744999956, 39.813792715000034 ], [ -0.712497499999927, 39.816852499000049 ], [ -0.710251896999978, 39.791891346000057 ], [ -0.699947, 39.774687499000038 ], [ -0.73300949999998, 39.782100999000079 ], [ -0.741449, 39.780372499000066 ], [ -0.76812949999993, 39.761268499000039 ], [ -0.78711149999998, 39.742256499000064 ], [ -0.794535, 39.739295999000035 ], [ -0.832592499999976, 39.758914999000069 ] ] ] } },
{ "type": "Feature", "properties": { "code": "46039", "name": "Anna" }, "geometry": { "type": "Polygon", "coordinates": [ [ [ -0.628218, 39.00062549900008 ], [ -0.636364065999942, 38.98901774400008 ], [ -0.644774499999926, 38.985023499000079 ], [ -0.664606, 39.00158699900004 ], [ -0.71682149999998, 39.020965499000056 ], [ -0.7117, 39.022586999000055 ], [ -0.703452499999969, 39.021125999000049 ], [ -0.697706499999924, 39.023406999000031 ], [ -0.690943499999946, 39.024318999000059 ], [ -0.668303499999979, 39.025760499000057 ], [ -0.658458499999938, 39.028644499000052 ], [ -0.645128499999942, 39.034915999000077 ], [ -0.63421649999998, 39.038245999000026 ], [ -0.629006499999946, 39.040698999000028 ], [ -0.62252, 39.045604499000035 ], [ -0.623659, 39.043689999000037 ], [ -0.618501, 39.038314999000079 ], [ -0.618364, 39.035533999000052 ], [ -0.621354, 39.030055999000069 ], [ -0.629600572999948, 39.029470261000029 ], [ -0.632408660999943, 39.026714722000065 ], [ -0.629437312999926, 39.006781868000076 ], [ -0.625727499999925, 39.001933999000073 ], [ -0.628218, 39.00062549900008 ] ] ] } },
{ "type": "Feature", "properties": { "code": "46040", "name": "Antella" }, "geometry": { "type": "Polygon", "coordinates": [ [ [ -0.635327, 39.110553499000048 ], [ -0.606852499999945, 39.116744999000048 ], [ -0.584955, 39.119548499000075 ], [ -0.582436499999972, 39.113719999000068 ], [ -0.581555, 39.105979999000056 ], [ -0.574695, 39.082439499000031 ], [ -0.580861499999969, 39.076217499000052 ], [ -0.587441833999947, 39.067010099000072 ], [ -0.599371499999961, 39.066570499000079 ], [ -0.598236117999932, 39.084466078000048 ], [ -0.602218568999945, 39.086629601000027 ], [ -0.607103392999932, 39.082421919000069 ], [ -0.612765966999973, 39.087422307000054 ], [ -0.625124247999963, 39.090321636000056 ], [ -0.627384627999959, 39.093153338000036 ], [ -0.625817781999956, 39.099291731000051 ], [ -0.634682508999958, 39.100987992000057 ], [ -0.635327, 39.110553499000048 ] ] ] } },
{ "type": "Feature", "properties": { "code": "46041", "name": "Aras de los Olmos" }, "geometry": { "type": "Polygon", "coordinates": [ [ [ -1.14254649999998, 39.971949499000061 ], [ -1.131451168999945, 39.970001511000078 ], [ -1.125602077999929, 39.96249726800005 ], [ -1.114545239999927, 39.972365277000051 ], [ -1.109627390999947, 39.970162832000028 ], [ -1.104009493999968, 39.97428115200006 ], [ -1.092713118999939, 39.968649525000046 ], [ -1.087565499999926, 39.970439499000065 ], [ -1.087935, 39.946681999000077 ], [ -1.090721, 39.912971499000037 ], [ -1.103703, 39.909309499000074 ], [ -1.13605, 39.897662999000033 ], [ -1.141609499999959, 39.89447399900007 ], [ -1.149307, 39.891379999000037 ], [ -1.182114499999955, 39.879897999000036 ], [ -1.197860499999933, 39.872864999000058 ], [ -1.200091115999953, 39.875233524000066 ], [ -1.200188104999938, 39.887685591000036 ], [ -1.196630427999935, 39.913785411000049 ], [ -1.201319490999936, 39.923285602000078 ], [ -1.208492252999974, 39.929247803000067 ], [ -1.207087804999958, 39.945291907000069 ], [ -1.202592901999935, 39.949513970000055 ], [ -1.153901478999956, 39.963993655000024 ], [ -1.14254649999998, 39.971949499000061 ] ] ] } }
]
}
