{
"type": "FeatureCollection",
"crs": { "type": "name", "properties": { "name": "urn:ogc:def:crs:OGC:1.3:CRS84" } },
"features": [
{ "type": "Feature", "properties": { "code": "47149", "name": "San Pelayo" }, "geometry": { "type": "Polygon", "coordinates": [ [ [ -5.039308499999947, 41.670291999000028 ], [ -5.048487770999941, 41.685788756000079 ], [ -5.046865499999967, 41.696914999000057 ], [ -5.034613367999953, 41.700808433000077 ], [ -5.03428015999998, 41.711837117000073 ], [ -5.027432, 41.715148999000064 ], [ -5.016918295999972, 41.70568348300003 ], [ -5.010455767999929, 41.685185412000067 ], [ -5.000427499999944, 41.680476999000064 ], [ -5.01860106099997, 41.672454172000073 ], [ -5.030241387999979, 41.673129350000067 ], [ -5.039308499999947, 41.670291999000028 ] ] ] } },
{ "type": "Feature", "properties": { "code": "47150", "name": "San Román de Hornija" }, "geometry": { "type": "Polygon", "coordinates": [ [ [ -5.287583499999926, 41.428531999000029 ], [ -5.29928023399998, 41.435205694000047 ], [ -5.303461445999972, 41.449977976000071 ], [ -5.317565430999935, 41.449581550000062 ], [ -5.324813499999948, 41.455352499000071 ], [ -5.338214764999975, 41.462555863000034 ], [ -5.343765979999944, 41.479301349000025 ], [ -5.333705548999944, 41.475861029000043 ], [ -5.310993499999938, 41.49030699900004 ], [ -5.298381654999957, 41.500328459000059 ], [ -5.277414644999965, 41.505862619000027 ], [ -5.262219721999941, 41.50426505400003 ], [ -5.253954, 41.509701499000073 ], [ -5.24281309099996, 41.496420972000067 ], [ -5.241020370999934, 41.488530033000075 ], [ -5.236518977999935, 41.484175192000066 ], [ -5.236465, 41.478488999000035 ], [ -5.259360323999942, 41.461823616000061 ], [ -5.287583499999926, 41.428531999000029 ] ] ] } },
{ "type": "Feature", "properties": { "code": "47151", "name": "San Salvador" }, "geometry": { "type": "Polygon", "coordinates": [ [ [ -5.049931499999957, 41.598045499000079 ], [ -5.055273220999936, 41.603258785000037 ], [ -5.087525653999933, 41.612790178000068 ], [ -5.097500817999958, 41.620937419000029 ], [ -5.11409249999997, 41.628299999000035 ], [ -5.113633271999959, 41.633573843000079 ], [ -5.10397420399994, 41.637383768000063 ], [ -5.100632499999961, 41.64380649900005 ], [ -5.062645562999933, 41.618249268000056 ], [ -5.046838586999968, 41.613637978000042 ], [ -5.03922149999994, 41.602027999000029 ], [ -5.048402499999952, 41.600520999000025 ], [ -5.049931499999957, 41.598045499000079 ] ] ] } },
{ "type": "Feature", "properties": { "code": "47152", "name": "Santa Eufemia del Arroyo" }, "geometry": { "type": "Polygon", "coordinates": [ [ [ -5.311497, 41.882678999000063 ], [ -5.309858904999942, 41.894292154000027 ], [ -5.300538, 41.907043499000054 ], [ -5.295935499999928, 41.911159499000064 ], [ -5.293752499999925, 41.919929499000034 ], [ -5.274254499999927, 41.923687499000039 ], [ -5.267765, 41.923988499000075 ], [ -5.250518309999961, 41.909469860000058 ], [ -5.242926071999932, 41.894389189000037 ], [ -5.243194739999979, 41.884598895000067 ], [ -5.254141811999943, 41.877617122000061 ], [ -5.257114, 41.869834999000034 ], [ -5.266289815999926, 41.876297419000025 ], [ -5.276925984999934, 41.876879804000055 ], [ -5.305357, 41.867084499000043 ], [ -5.3099, 41.875839499000051 ], [ -5.311497, 41.882678999000063 ] ] ] } },
{ "type": "Feature", "properties": { "code": "47153", "name": "Santervás de Campos" }, "geometry": { "type": "Polygon", "coordinates": [ [ [ -5.111106499999948, 42.242889999000056 ], [ -5.094148489999952, 42.248013954000044 ], [ -5.069233269999927, 42.247887100000071 ], [ -5.060527721999961, 42.243434767000053 ], [ -5.052113435999956, 42.249045027000079 ], [ -5.054823499999941, 42.257499999000061 ], [ -5.046521917999939, 42.261428641000066 ], [ -5.042360702999929, 42.266970594000043 ], [ -5.037508998999954, 42.285999501000049 ], [ -5.040565845999936, 42.29290029100008 ], [ -5.038364, 42.297103999000058 ], [ -5.002154499999961, 42.289104499000075 ], [ -5.005941, 42.281104999000036 ], [ -5.006215, 42.275272499000039 ], [ -5.009927, 42.266544499000076 ], [ -5.008671499999934, 42.26143249900008 ], [ -5.016560499999969, 42.258945499000049 ], [ -5.018821, 42.253833499000052 ], [ -5.01552049999998, 42.24832899900008 ], [ -5.011574499999938, 42.245525499000053 ], [ -5.008985499999937, 42.242229499000075 ], [ -5.010375499999952, 42.235980999000049 ], [ -5.009175499999969, 42.231002499000056 ], [ -5.010355, 42.228091999000071 ], [ -5.015909499999964, 42.225608999000031 ], [ -5.024681499999929, 42.219871499000078 ], [ -5.024914, 42.217273499000044 ], [ -5.047729101999948, 42.218483089000074 ], [ -5.054700927999932, 42.211499975000038 ], [ -5.064186836999966, 42.207482351000067 ], [ -5.065440319999936, 42.202684607000037 ], [ -5.071077341999967, 42.19922568000004 ], [ -5.074467499999969, 42.189544499000078 ], [ -5.084197607999954, 42.19637029300003 ], [ -5.102255182999954, 42.200798192000036 ], [ -5.139708, 42.217330999000069 ], [ -5.135519, 42.222095499000034 ], [ -5.128701499999977, 42.225101499000061 ], [ -5.124440499999935, 42.228442999000038 ], [ -5.120717, 42.230193999000051 ], [ -5.111106499999948, 42.242889999000056 ] ] ] } },
{ "type": "Feature", "properties": { "code": "47154", "name": "Santibáñez de Valcorba" }, "geometry": { "type": "Polygon", "coordinates": [ [ [ -4.426245499999936, 41.589484999000035 ], [ -4.415999083999964, 41.580418579000025 ], [ -4.400757794999947, 41.572107737000067 ], [ -4.384526019999953, 41.569588262000025 ], [ -4.382061499999963, 41.56497949900006 ], [ -4.368109808999975, 41.559446687000047 ], [ -4.367458659999954, 41.552493369000047 ], [ -4.385360220999928, 41.547165575000065 ], [ -4.395369649999964, 41.549447899000029 ], [ -4.406968805999952, 41.545737597000027 ], [ -4.408458632999952, 41.542879102000029 ], [ -4.40526, 41.531379499000025 ], [ -4.41006060999996, 41.535525784000072 ], [ -4.414575691999971, 41.547867429000064 ], [ -4.425486330999945, 41.547553378000032 ], [ -4.431270321999932, 41.551767751000057 ], [ -4.455342782999935, 41.550139029000036 ], [ -4.460934282999972, 41.556695667000042 ], [ -4.469075499999974, 41.559306999000057 ], [ -4.461506199999974, 41.56504324000008 ], [ -4.460405719999926, 41.572372771000062 ], [ -4.43596, 41.58612049900006 ], [ -4.426245499999936, 41.589484999000035 ] ] ] } },
{ "type": "Feature", "properties": { "code": "47155", "name": "Santovenia de Pisuerga" }, "geometry": { "type": "Polygon", "coordinates": [ [ [ -4.634956, 41.692036999000038 ], [ -4.646181191999972, 41.685202248000053 ], [ -4.669166753999946, 41.682583664000049 ], [ -4.687373590999925, 41.684507052000072 ], [ -4.698216013999968, 41.693792090000045 ], [ -4.696707760999971, 41.69821780400008 ], [ -4.683305159999975, 41.702469876000066 ], [ -4.689041, 41.715644999000062 ], [ -4.688751041999978, 41.721064520000027 ], [ -4.683215, 41.725043999000036 ], [ -4.678716691999966, 41.720421284000054 ], [ -4.668814170999951, 41.717076031000033 ], [ -4.659021604999964, 41.707205377000037 ], [ -4.642589476999945, 41.70620526600004 ], [ -4.634956, 41.692036999000038 ] ] ] } },
{ "type": "Feature", "properties": { "code": "47156", "name": "San Vicente del Palacio" }, "geometry": { "type": "Polygon", "coordinates": [ [ [ -4.819344499999943, 41.218661999000062 ], [ -4.822263736999957, 41.211252670000079 ], [ -4.832009866999954, 41.202849069000081 ], [ -4.832125, 41.197009999000045 ], [ -4.842914499999949, 41.194778499000051 ], [ -4.864152499999932, 41.193507999000076 ], [ -4.883153, 41.175788999000076 ], [ -4.891697499999964, 41.173648999000079 ], [ -4.89126049999993, 41.18286899900005 ], [ -4.896141499999942, 41.191329999000061 ], [ -4.895821725999951, 41.196312324000075 ], [ -4.887596630999951, 41.204452311000068 ], [ -4.883821480999927, 41.218518761000041 ], [ -4.896963786999947, 41.219053835000068 ], [ -4.908402209999963, 41.226070725000056 ], [ -4.90751463099997, 41.241816057000051 ], [ -4.917805857999952, 41.259785200000067 ], [ -4.916216499999962, 41.266020499000035 ], [ -4.902712910999981, 41.263204515000041 ], [ -4.885491294999952, 41.248769128000049 ], [ -4.861083649999955, 41.243166920000078 ], [ -4.846040258999949, 41.230062403000034 ], [ -4.824635499999943, 41.233493499000076 ], [ -4.819344499999943, 41.218661999000062 ] ] ] } },
{ "type": "Feature", "properties": { "code": "47157", "name": "Sardón de Duero" }, "geometry": { "type": "Polygon", "coordinates": [ [ [ -4.459267499999953, 41.60522049900004 ], [ -4.448984503999952, 41.611725030000059 ], [ -4.448597431999929, 41.623979592000069 ], [ -4.418636, 41.629391499000064 ], [ -4.408633567999971, 41.625331895000045 ], [ -4.399934864999977, 41.629026754000051 ], [ -4.393578, 41.624217999000052 ], [ -4.387680591999981, 41.604087775000039 ], [ -4.388706811999953, 41.597807076000038 ], [ -4.394426214999953, 41.596266901000035 ], [ -4.403698769999949, 41.598910058000058 ], [ -4.400652045999948, 41.591089149000027 ], [ -4.404008632999933, 41.58392103400007 ], [ -4.41479875899995, 41.589415257000041 ], [ -4.426245499999936, 41.589484999000035 ], [ -4.43596, 41.58612049900006 ], [ -4.440894871999944, 41.597076207000043 ], [ -4.459267499999953, 41.60522049900004 ] ] ] } },
{ "type": "Feature", "properties": { "code": "47158", "name": "Seca, La" }, "geometry": { "type": "Polygon", "coordinates": [ [ [ -4.975886499999945, 41.46089549900006 ], [ -4.944382818999941, 41.465860799000041 ], [ -4.944839882999929, 41.470654480000064 ], [ -4.954440700999953, 41.481378621000033 ], [ -4.938159276999954, 41.494289524000067 ], [ -4.923035767999977, 41.48253477600008 ], [ -4.901887, 41.488288999000076 ], [ -4.896136064999951, 41.476357394000047 ], [ -4.876786704999972, 41.462570199000027 ], [ -4.862635499999953, 41.442329499000039 ], [ -4.858578499999965, 41.438960999000074 ], [ -4.872284879999938, 41.432721177000076 ], [ -4.875107938999975, 41.410522798000045 ], [ -4.881067180999935, 41.397412184000075 ], [ -4.90871376299998, 41.381181215000026 ], [ -4.928702499999929, 41.380943499000068 ], [ -4.933704361999958, 41.389629814000045 ], [ -4.938482457999953, 41.418732685000066 ], [ -4.952987994999944, 41.430728722000026 ], [ -4.949607624999942, 41.439544761000036 ], [ -4.957410394999954, 41.44558702900008 ], [ -4.969627841999966, 41.449130833000027 ], [ -4.975886499999945, 41.46089549900006 ] ] ] } },
{ "type": "Feature", "properties": { "code": "47159", "name": "Serrada" }, "geometry": { "type": "Polygon", "coordinates": [ [ [ -4.901571499999932, 41.493461499000034 ], [ -4.891140747999941, 41.484961060000046 ], [ -4.88461480899997, 41.486739673000045 ], [ -4.874895031999927, 41.484154688000046 ], [ -4.864637500999947, 41.475539004000041 ], [ -4.851482617999977, 41.470384238000065 ], [ -4.846363252999936, 41.470814257000029 ], [ -4.835063703999936, 41.478290491000052 ], [ -4.831764, 41.486488499000075 ], [ -4.81498587699997, 41.470477928000037 ], [ -4.808168499999965, 41.453365499000029 ], [ -4.808334203999948, 41.445847401000037 ], [ -4.819786, 41.436427999000045 ], [ -4.83229561099995, 41.441548343000079 ], [ -4.862635499999953, 41.442329499000039 ], [ -4.876786704999972, 41.462570199000027 ], [ -4.896136064999951, 41.476357394000047 ], [ -4.901887, 41.488288999000076 ], [ -4.901571499999932, 41.493461499000034 ] ] ] } },
{ "type": "Feature", "properties": { "code": "47160", "name": "Siete Iglesias de Trabancos" }, "geometry": { "type": "Polygon", "coordinates": [ [ [ -5.156865499999981, 41.404269999000064 ], [ -5.137216559999956, 41.377872153000055 ], [ -5.135158650999927, 41.365617999000051 ], [ -5.138078102999941, 41.362353793000068 ], [ -5.133954, 41.360205496000049 ], [ -5.138613616999976, 41.352004475000058 ], [ -5.138543219999974, 41.339768799000069 ], [ -5.159077499999967, 41.330825999000069 ], [ -5.166102959999932, 41.326611297000056 ], [ -5.176083700999925, 41.325582797000038 ], [ -5.207678289999933, 41.338146361000042 ], [ -5.22761167799996, 41.340558904000034 ], [ -5.238911499999972, 41.358771999000055 ], [ -5.207862570999964, 41.402422026000067 ], [ -5.191489, 41.419997999000032 ], [ -5.187318765999976, 41.428197307000062 ], [ -5.179065458999958, 41.427596750000077 ], [ -5.171578088999979, 41.415673532000028 ], [ -5.173176399999932, 41.409863801000029 ], [ -5.159988583999962, 41.409062953000046 ], [ -5.156865499999981, 41.404269999000064 ] ] ] } },
{ "type": "Feature", "properties": { "code": "47161", "name": "Simancas" }, "geometry": { "type": "Polygon", "coordinates": [ [ [ -4.885503, 41.616683999000031 ], [ -4.887902, 41.619087499000045 ], [ -4.853971510999941, 41.622777425000038 ], [ -4.84629836199997, 41.620134755000038 ], [ -4.838832869999976, 41.628415354000026 ], [ -4.828088, 41.628688999000076 ], [ -4.814608174999933, 41.610100405000026 ], [ -4.803313921999973, 41.606109939000078 ], [ -4.79716, 41.606948999000053 ], [ -4.788824754999951, 41.589518056000031 ], [ -4.776627795999957, 41.590177023000081 ], [ -4.793673260999981, 41.564658235000024 ], [ -4.810001290999935, 41.567027377000045 ], [ -4.818600493999952, 41.562449854000079 ], [ -4.848407147999978, 41.560742896000079 ], [ -4.86246, 41.55424399900005 ], [ -4.865498499999944, 41.550475999000071 ], [ -4.866479526999967, 41.557161524000037 ], [ -4.861966091999932, 41.56625026100005 ], [ -4.866967970999951, 41.58710482400005 ], [ -4.874170889999959, 41.600767111000039 ], [ -4.874282549999975, 41.607340728000054 ], [ -4.885503, 41.616683999000031 ] ] ] } },
{ "type": "Feature", "properties": { "code": "47162", "name": "Tamariz de Campos" }, "geometry": { "type": "Polygon", "coordinates": [ [ [ -5.005127, 41.947219999000026 ], [ -5.027015094999967, 41.944829283000047 ], [ -5.048464499999966, 41.939445499000044 ], [ -5.052533464999954, 41.952832717000035 ], [ -5.045480900999962, 41.964918694000062 ], [ -5.041774832999977, 41.983855447000053 ], [ -5.047744168999941, 42.005015424000078 ], [ -5.068294499999979, 42.019988999000077 ], [ -5.057462499999929, 42.019248999000069 ], [ -5.046854499999938, 42.023326499000063 ], [ -5.039424499999939, 42.02436749900005 ], [ -5.032156, 42.023696999000038 ], [ -5.025801051999963, 42.013214194000057 ], [ -5.027787746999934, 42.007872248000069 ], [ -5.023542061999933, 42.004633262000027 ], [ -5.013611429999969, 42.004818815000078 ], [ -5.003883900999938, 41.999696357000062 ], [ -4.975516499999969, 41.993533999000078 ], [ -4.972149628999944, 41.988884443000074 ], [ -4.972858990999953, 41.983229190000031 ], [ -4.976191165999978, 41.974375062000036 ], [ -4.983289, 41.96667099900003 ], [ -4.993604757999947, 41.962278765000065 ], [ -5.005127, 41.947219999000026 ] ] ] } },
{ "type": "Feature", "properties": { "code": "47163", "name": "Tiedra" }, "geometry": { "type": "Polygon", "coordinates": [ [ [ -5.324106499999971, 41.65047849900003 ], [ -5.313811525999938, 41.651471400000048 ], [ -5.288613263999935, 41.664556104000042 ], [ -5.28348, 41.673499999000057 ], [ -5.261041751999926, 41.676988571000038 ], [ -5.243334263999941, 41.683910648000051 ], [ -5.226651499999946, 41.682281499000055 ], [ -5.196269, 41.68972799900007 ], [ -5.190621499999963, 41.67735299900005 ], [ -5.203025082999943, 41.66973970600003 ], [ -5.215913, 41.630134499000064 ], [ -5.247521499999948, 41.61877049900005 ], [ -5.267636920999962, 41.631276906000039 ], [ -5.281496252999943, 41.635194623000075 ], [ -5.319533499999977, 41.636771999000075 ], [ -5.324014467999973, 41.642961436000064 ], [ -5.324106499999971, 41.65047849900003 ] ] ] } },
{ "type": "Feature", "properties": { "code": "47164", "name": "Tordehumos" }, "geometry": { "type": "Polygon", "coordinates": [ [ [ -5.113887, 41.749076999000067 ], [ -5.157367202999978, 41.771111595000036 ], [ -5.187205687999949, 41.795444879000058 ], [ -5.195519665999939, 41.810014049000074 ], [ -5.210920742999974, 41.819876793000049 ], [ -5.217302020999966, 41.817591945000061 ], [ -5.224364499999979, 41.810344499000053 ], [ -5.232824, 41.821349999000063 ], [ -5.240422499999966, 41.833457999000075 ], [ -5.242730499999936, 41.838528499000063 ], [ -5.235447608999948, 41.844303739000054 ], [ -5.236225499999932, 41.846786499000075 ], [ -5.230294, 41.848705499000062 ], [ -5.222355499999935, 41.847965499000054 ], [ -5.21558749999997, 41.850799499000061 ], [ -5.212510499999951, 41.850669999000047 ], [ -5.20169915699995, 41.84198708100007 ], [ -5.181863488999966, 41.835449262000054 ], [ -5.152114471999937, 41.847190415000057 ], [ -5.148548, 41.851379499000075 ], [ -5.143071473999953, 41.85066421700003 ], [ -5.139795933999949, 41.845284371000048 ], [ -5.134283555999957, 41.819275785000059 ], [ -5.113915013999929, 41.798332944000038 ], [ -5.110818966999943, 41.787859646000072 ], [ -5.091954, 41.759910499000057 ], [ -5.113887, 41.749076999000067 ] ] ] } },
{ "type": "Feature", "properties": { "code": "47165", "name": "Tordesillas" }, "geometry": { "type": "MultiPolygon", "coordinates": [ [ [ [ -4.901571499999932, 41.493461499000034 ], [ -4.901887, 41.488288999000076 ], [ -4.923035767999977, 41.48253477600008 ], [ -4.938159276999954, 41.494289524000067 ], [ -4.954440700999953, 41.481378621000033 ], [ -4.944839882999929, 41.470654480000064 ], [ -4.944382818999941, 41.465860799000041 ], [ -4.975886499999945, 41.46089549900006 ], [ -5.018029997999975, 41.461686925000038 ], [ -5.02383221599996, 41.464699835000033 ], [ -5.029459663999944, 41.460022084000059 ], [ -5.038601, 41.458591499000079 ], [ -5.041065499999945, 41.45930499900004 ], [ -5.046786, 41.464534499000081 ], [ -5.055747, 41.469951499000047 ], [ -5.05975849999993, 41.476436499000044 ], [ -5.067736499999967, 41.485904499000071 ], [ -5.07279854199993, 41.495227760000034 ], [ -5.102236499999947, 41.51345849900008 ], [ -5.076724481999975, 41.534662837000042 ], [ -5.055469564999953, 41.538524662000043 ], [ -5.043254735999938, 41.549352448000036 ], [ -5.023649499999976, 41.558746499000051 ], [ -5.01338235299994, 41.541551477000041 ], [ -4.992795496999975, 41.539947009000059 ], [ -4.985170499999981, 41.543475999000066 ], [ -4.98315933899994, 41.541628963000051 ], [ -4.964331294999965, 41.53194226800008 ], [ -4.95617217399996, 41.528812644000027 ], [ -4.951577964999956, 41.525865123000074 ], [ -4.940737575999947, 41.52787786500005 ], [ -4.920894887999964, 41.529723243000035 ], [ -4.918802765999942, 41.530666167000049 ], [ -4.925591164999958, 41.542367465000041 ], [ -4.93671113299996, 41.541614077000077 ], [ -4.944974122999952, 41.545834055000057 ], [ -4.946354799999938, 41.55096263300004 ], [ -4.945636499999978, 41.556823499000075 ], [ -4.932797709999932, 41.559241940000049 ], [ -4.925696983999956, 41.557522462000065 ], [ -4.919958378999979, 41.56034935200006 ], [ -4.914667623999946, 41.553884044000029 ], [ -4.908315, 41.556674999000052 ], [ -4.883342967999965, 41.548225 ], [ -4.869164126999976, 41.553961054000069 ], [ -4.865498499999944, 41.550475999000071 ], [ -4.859734327999945, 41.537847700000043 ], [ -4.886612, 41.513732999000069 ], [ -4.896973683999931, 41.519633419000058 ], [ -4.90395704599996, 41.52825664900007 ], [ -4.909341975999951, 41.529799249000064 ], [ -4.925095074999945, 41.523333427000068 ], [ -4.932769943999972, 41.508790040000065 ], [ -4.930554178999955, 41.502985921000061 ], [ -4.912164565999944, 41.506037989000049 ], [ -4.902069499999925, 41.504325999000059 ], [ -4.904084610999973, 41.500623551000047 ], [ -4.901571499999932, 41.493461499000034 ] ] ], [ [ [ -5.102554, 41.472842999000079 ], [ -5.111198391999949, 41.467081629000063 ], [ -5.116238581999937, 41.454098810000062 ], [ -5.121830854999928, 41.453140813000061 ], [ -5.131238986999961, 41.457174585000075 ], [ -5.138983499999938, 41.45174399900003 ], [ -5.154491961999952, 41.481851246000076 ], [ -5.156418499999972, 41.49237449900005 ], [ -5.153015420999964, 41.499424259000079 ], [ -5.128273, 41.503120499000033 ], [ -5.122597499999927, 41.499583999000038 ], [ -5.114140231999954, 41.492019285000026 ], [ -5.102554, 41.472842999000079 ] ] ] ] } },
{ "type": "Feature", "properties": { "code": "47166", "name": "Torrecilla de la Abadesa" }, "geometry": { "type": "MultiPolygon", "coordinates": [ [ [ [ -5.122597499999927, 41.499583999000038 ], [ -5.102236499999947, 41.51345849900008 ], [ -5.07279854199993, 41.495227760000034 ], [ -5.067736499999967, 41.485904499000071 ], [ -5.077718206999975, 41.474188424000033 ], [ -5.102554, 41.472842999000079 ], [ -5.114140231999954, 41.492019285000026 ], [ -5.122597499999927, 41.499583999000038 ] ] ], [ [ [ -5.190698499999939, 41.478702499000065 ], [ -5.188241330999972, 41.488483364000047 ], [ -5.183108499999946, 41.493804999000076 ], [ -5.168792263999933, 41.486689488000025 ], [ -5.156418499999972, 41.49237449900005 ], [ -5.154491961999952, 41.481851246000076 ], [ -5.138983499999938, 41.45174399900003 ], [ -5.151170755999942, 41.446567998000035 ], [ -5.160946775999946, 41.450241359000074 ], [ -5.179911704999938, 41.450329148000037 ], [ -5.187687, 41.456493499000032 ], [ -5.186894658999961, 41.468008516000054 ], [ -5.191474687999971, 41.473883699000055 ], [ -5.190698499999939, 41.478702499000065 ] ] ] ] } },
{ "type": "Feature", "properties": { "code": "47167", "name": "Torrecilla de la Orden" }, "geometry": { "type": "Polygon", "coordinates": [ [ [ -5.301546499999972, 41.262828999000078 ], [ -5.296982, 41.266460499000061 ], [ -5.291766, 41.269202999000072 ], [ -5.276371647999952, 41.261583424000037 ], [ -5.263142338999955, 41.249001473000078 ], [ -5.222701499999971, 41.243049499000051 ], [ -5.216901554999936, 41.235674140000071 ], [ -5.20743631199997, 41.234994941000025 ], [ -5.205868909999936, 41.22767693600008 ], [ -5.192779, 41.226451999000062 ], [ -5.203204333999963, 41.205770122000047 ], [ -5.222687951999944, 41.19601784300005 ], [ -5.229284, 41.189857499000027 ], [ -5.251095617999965, 41.199066681000033 ], [ -5.270009228999925, 41.198559756000066 ], [ -5.288115060999928, 41.195010689000071 ], [ -5.291625911999972, 41.18664226900006 ], [ -5.288771, 41.182006999000066 ], [ -5.296393368999929, 41.181616855000073 ], [ -5.302677785999947, 41.184763248000024 ], [ -5.331376499999976, 41.178558999000074 ], [ -5.329143882999972, 41.183139800000049 ], [ -5.340324, 41.194122499000059 ], [ -5.315525993999927, 41.212358714000061 ], [ -5.306880037999974, 41.224984554000059 ], [ -5.300290555999936, 41.224873201000037 ], [ -5.296923979999974, 41.227633402000038 ], [ -5.295869388999961, 41.24077432100006 ], [ -5.301546499999972, 41.262828999000078 ] ] ] } },
{ "type": "Feature", "properties": { "code": "47168", "name": "Torrecilla de la Torre" }, "geometry": { "type": "Polygon", "coordinates": [ [ [ -5.039308499999947, 41.670291999000028 ], [ -5.045187207999959, 41.663121931000035 ], [ -5.05577156399994, 41.660767123000028 ], [ -5.060514937999926, 41.655897408000044 ], [ -5.070329516999948, 41.657090770000025 ], [ -5.075028499999974, 41.660545499000079 ], [ -5.067581459999928, 41.666438378000066 ], [ -5.064579610999942, 41.673456904000034 ], [ -5.066951732999939, 41.686792995000076 ], [ -5.064731, 41.692596499000047 ], [ -5.06096, 41.693088499000055 ], [ -5.05400149999997, 41.696086499000046 ], [ -5.046865499999967, 41.696914999000057 ], [ -5.048487770999941, 41.685788756000079 ], [ -5.039308499999947, 41.670291999000028 ] ] ] } },
{ "type": "Feature", "properties": { "code": "47169", "name": "Torre de Esgueva" }, "geometry": { "type": "MultiPolygon", "coordinates": [ [ [ [ -4.207391, 41.733398499000032 ], [ -4.210609706999946, 41.738859532000049 ], [ -4.211174865999965, 41.762122669000064 ], [ -4.22208085699998, 41.772071933000063 ], [ -4.230846782999947, 41.774252037000053 ], [ -4.233500334999974, 41.778565456000081 ], [ -4.232954, 41.808112999000059 ], [ -4.215110403999972, 41.799992633000045 ], [ -4.195291036999947, 41.803461729000048 ], [ -4.186031499999956, 41.802390999000067 ], [ -4.19398485499994, 41.759475936000058 ], [ -4.204526993999934, 41.744043685000065 ], [ -4.207391, 41.733398499000032 ] ] ], [ [ [ -4.274931, 41.764980499000046 ], [ -4.273884854999949, 41.770956642000044 ], [ -4.286606, 41.774875999000074 ], [ -4.279319207999947, 41.787478794000037 ], [ -4.260228060999964, 41.804644497000027 ], [ -4.247298938999961, 41.803799445000038 ], [ -4.236052, 41.813960999000074 ], [ -4.236144177999961, 41.811407570000028 ], [ -4.242263474999959, 41.79844021200006 ], [ -4.244768056999931, 41.796637215000032 ], [ -4.250846001999946, 41.79669470500005 ], [ -4.253085493999947, 41.795538108000073 ], [ -4.256203002999939, 41.790632091000077 ], [ -4.256741898999962, 41.785131507000074 ], [ -4.262815841999952, 41.780512582000028 ], [ -4.260067427999957, 41.777806421000037 ], [ -4.263989600999935, 41.773222014000055 ], [ -4.263071, 41.76928299900004 ], [ -4.26822700799994, 41.771091126000044 ], [ -4.274931, 41.764980499000046 ] ] ] ] } },
{ "type": "Feature", "properties": { "code": "47170", "name": "Torre de Peñafiel" }, "geometry": { "type": "MultiPolygon", "coordinates": [ [ [ [ -4.065298, 41.494739499000048 ], [ -4.096814760999962, 41.528430547000028 ], [ -4.096206499999937, 41.545123999000054 ], [ -4.080185708999977, 41.541770417000066 ], [ -4.076932694999925, 41.527317366000034 ], [ -4.072100364999926, 41.526515056000051 ], [ -4.065378436999936, 41.518570451000073 ], [ -4.065592656999968, 41.512624989000074 ], [ -4.057213546999947, 41.50772046600008 ], [ -4.056491499999936, 41.500594999000043 ], [ -4.065298, 41.494739499000048 ] ] ], [ [ [ -4.205637499999966, 41.518153999000049 ], [ -4.194600916999946, 41.541594173000078 ], [ -4.179782209999928, 41.547964881000041 ], [ -4.176240771999971, 41.556184363000057 ], [ -4.169194220999941, 41.55989080900008 ], [ -4.158764, 41.572467999000025 ], [ -4.153039, 41.574905499000067 ], [ -4.151059499999974, 41.568221999000059 ], [ -4.137209, 41.57030499900003 ], [ -4.133630499999981, 41.568767499000046 ], [ -4.130915, 41.561523499000032 ], [ -4.127971, 41.559806999000045 ], [ -4.122922499999959, 41.560493499000074 ], [ -4.119651, 41.559299499000076 ], [ -4.11533449999996, 41.554515499000047 ], [ -4.108499, 41.55305099900005 ], [ -4.111584724999943, 41.545192879000069 ], [ -4.128903, 41.540412999000068 ], [ -4.133944607999979, 41.545520056000043 ], [ -4.160610477999967, 41.538951656000052 ], [ -4.182180499999959, 41.510757499000078 ], [ -4.19207849999998, 41.514643999000043 ], [ -4.193776499999956, 41.513789999000039 ], [ -4.205637499999966, 41.518153999000049 ] ] ] ] } },
{ "type": "Feature", "properties": { "code": "47171", "name": "Torrelobatón" }, "geometry": { "type": "MultiPolygon", "coordinates": [ [ [ [ -4.944487, 41.670413999000061 ], [ -4.963374787999953, 41.660045771000057 ], [ -4.976625720999948, 41.64479091000004 ], [ -4.976888309999936, 41.63787506400007 ], [ -4.982640432999972, 41.635332319000042 ], [ -4.98716782799994, 41.627002365000067 ], [ -4.986371887999951, 41.623201821000066 ], [ -4.978900188999944, 41.620664885000053 ], [ -4.950676390999945, 41.629326485000036 ], [ -4.932337611999969, 41.629486618000044 ], [ -4.920181901999968, 41.633967789000053 ], [ -4.914501499999972, 41.643531999000061 ], [ -4.910953, 41.64450049900006 ], [ -4.911042499999951, 41.640201499000057 ], [ -4.914099499999963, 41.63233199900003 ], [ -4.919792, 41.629588999000077 ], [ -4.923941, 41.629836999000077 ], [ -4.933346499999971, 41.619994999000028 ], [ -4.934501499999953, 41.623290999000062 ], [ -4.951106, 41.618255499000043 ], [ -4.986518, 41.609424499000056 ], [ -5.028069499999958, 41.603397499000039 ], [ -5.033217002999947, 41.617905498000027 ], [ -5.048468434999961, 41.629712871000038 ], [ -5.048513941999943, 41.637265524000043 ], [ -5.055247722999979, 41.647604973000057 ], [ -5.084998, 41.654132999000069 ], [ -5.081820166999933, 41.658454809000034 ], [ -5.075028499999974, 41.660545499000079 ], [ -5.070329516999948, 41.657090770000025 ], [ -5.060514937999926, 41.655897408000044 ], [ -5.05577156399994, 41.660767123000028 ], [ -5.045187207999959, 41.663121931000035 ], [ -5.039308499999947, 41.670291999000028 ], [ -5.030241387999979, 41.673129350000067 ], [ -5.01860106099997, 41.672454172000073 ], [ -5.000427499999944, 41.680476999000064 ], [ -4.996129499999938, 41.680514999000025 ], [ -4.989538499999981, 41.682681999000067 ], [ -4.983104499999968, 41.679317499000035 ], [ -4.959607499999947, 41.681388999000035 ], [ -4.952819, 41.680503999000052 ], [ -4.944487, 41.670413999000061 ] ] ], [ [ [ -5.080585499999927, 41.707721499000058 ], [ -5.071954781999978, 41.717149479000057 ], [ -5.045698578999975, 41.732199543000036 ], [ -5.040109, 41.732513499000049 ], [ -5.038062, 41.720641999000065 ], [ -5.027432, 41.715148999000064 ], [ -5.03428015999998, 41.711837117000073 ], [ -5.034613367999953, 41.700808433000077 ], [ -5.046865499999967, 41.696914999000057 ], [ -5.05400149999997, 41.696086499000046 ], [ -5.06096, 41.693088499000055 ], [ -5.064731, 41.692596499000047 ], [ -5.075689180999973, 41.695443521000072 ], [ -5.080585499999927, 41.707721499000058 ] ] ] ] } },
{ "type": "Feature", "properties": { "code": "47172", "name": "Torrescárcela" }, "geometry": { "type": "Polygon", "coordinates": [ [ [ -4.394021, 41.518115999000031 ], [ -4.389037733999942, 41.519104688000027 ], [ -4.381075591999945, 41.512533960000042 ], [ -4.36668948199997, 41.51147865300004 ], [ -4.359211374999973, 41.503566775000024 ], [ -4.340297126999928, 41.496361400000069 ], [ -4.307905116999962, 41.496764411000072 ], [ -4.295775204999927, 41.503272399000025 ], [ -4.290878, 41.500995499000055 ], [ -4.298447973999941, 41.486268433000077 ], [ -4.294099480999932, 41.478331092000076 ], [ -4.292143899999928, 41.463673868000058 ], [ -4.300651, 41.457717999000067 ], [ -4.317303546999938, 41.453654696000058 ], [ -4.321536314999946, 41.448429588000067 ], [ -4.330388825999933, 41.445592758000032 ], [ -4.33877327099998, 41.448671363000074 ], [ -4.362416, 41.449936499000046 ], [ -4.367159927999978, 41.46226643600005 ], [ -4.377291131999925, 41.467027982000047 ], [ -4.386304287999963, 41.466667785000027 ], [ -4.398776161999933, 41.474458964000064 ], [ -4.405460370999947, 41.473432464000041 ], [ -4.416269, 41.465575999000066 ], [ -4.424892928999952, 41.469726159000061 ], [ -4.425004499999943, 41.474021999000058 ], [ -4.396227513999975, 41.508579103000045 ], [ -4.394021, 41.518115999000031 ] ] ] } },
{ "type": "Feature", "properties": { "code": "47173", "name": "Traspinedo" }, "geometry": { "type": "Polygon", "coordinates": [ [ [ -4.459267499999953, 41.60522049900004 ], [ -4.440894871999944, 41.597076207000043 ], [ -4.43596, 41.58612049900006 ], [ -4.460405719999926, 41.572372771000062 ], [ -4.461506199999974, 41.56504324000008 ], [ -4.469075499999974, 41.559306999000057 ], [ -4.472907, 41.553791499000056 ], [ -4.475439499999936, 41.553874999000072 ], [ -4.491615018999937, 41.562886528000035 ], [ -4.505921978999936, 41.566808109000078 ], [ -4.513698, 41.573203999000043 ], [ -4.515301604999934, 41.58820608700006 ], [ -4.525037499999939, 41.594836999000051 ], [ -4.51493534399998, 41.599845892000076 ], [ -4.478788184999928, 41.606538577000038 ], [ -4.474939542999948, 41.611221202000024 ], [ -4.468239795999978, 41.610412229000076 ], [ -4.465152634999924, 41.605353298000068 ], [ -4.459267499999953, 41.60522049900004 ] ] ] } },
{ "type": "Feature", "properties": { "code": "47174", "name": "Trigueros del Valle" }, "geometry": { "type": "Polygon", "coordinates": [ [ [ -4.723935, 41.870990999000071 ], [ -4.708561464999946, 41.864638371000069 ], [ -4.693377414999929, 41.862880095000037 ], [ -4.688016889999972, 41.856394048000027 ], [ -4.666573844999959, 41.84503697100007 ], [ -4.636537499999974, 41.837943999000061 ], [ -4.63879815699994, 41.835617099000046 ], [ -4.632883849999928, 41.830833737000034 ], [ -4.638077858999964, 41.825732347000041 ], [ -4.631416180999963, 41.819632522000063 ], [ -4.626904083999932, 41.807499930000063 ], [ -4.613115277999952, 41.802203988000031 ], [ -4.617684360999931, 41.796559142000035 ], [ -4.605512, 41.786822999000037 ], [ -4.625613407999936, 41.764731821000055 ], [ -4.629764722999937, 41.764670956000032 ], [ -4.641620632999945, 41.784195261000036 ], [ -4.640312115999961, 41.79401742500005 ], [ -4.643007337999961, 41.800255917000072 ], [ -4.678734352999925, 41.812247091000074 ], [ -4.729718, 41.857970999000031 ], [ -4.732325, 41.861767499000052 ], [ -4.731470499999944, 41.86535599900003 ], [ -4.728274499999941, 41.868819999000038 ], [ -4.723935, 41.870990999000071 ] ] ] } },
{ "type": "Feature", "properties": { "code": "47175", "name": "Tudela de Duero" }, "geometry": { "type": "MultiPolygon", "coordinates": [ [ [ [ -4.638843, 41.611961999000073 ], [ -4.627917451999963, 41.616318818000025 ], [ -4.623520620999955, 41.62479872800003 ], [ -4.603743950999956, 41.627237249000075 ], [ -4.588476, 41.636066499000037 ], [ -4.570040006999932, 41.633068731000037 ], [ -4.569889251999939, 41.626344604000053 ], [ -4.557770805999951, 41.620142071000032 ], [ -4.546565087999966, 41.595581845000027 ], [ -4.540120631999969, 41.597969679000073 ], [ -4.531677361999925, 41.592037177000066 ], [ -4.525037499999939, 41.594836999000051 ], [ -4.515301604999934, 41.58820608700006 ], [ -4.513698, 41.573203999000043 ], [ -4.517578500999946, 41.574440564000042 ], [ -4.525875871999972, 41.569993493000027 ], [ -4.531045740999957, 41.570406829000035 ], [ -4.539514033999978, 41.563793697000051 ], [ -4.583207499999958, 41.555118499000059 ], [ -4.603637274999926, 41.556581191000078 ], [ -4.615822499999979, 41.568557999000063 ], [ -4.619628612999975, 41.575472771000079 ], [ -4.609445802999971, 41.581158483000024 ], [ -4.630562037999937, 41.609541395000065 ], [ -4.638843, 41.611961999000073 ] ] ], [ [ [ -4.684323499999948, 41.547538999000039 ], [ -4.684205499999962, 41.557769499000074 ], [ -4.678863313999955, 41.560517760000039 ], [ -4.669818, 41.558780499000079 ], [ -4.665706031999946, 41.564919746000044 ], [ -4.649785055999928, 41.568086918000063 ], [ -4.642245396999954, 41.567616625000028 ], [ -4.638481, 41.563438499000029 ], [ -4.637586818999978, 41.558023510000055 ], [ -4.659754361999944, 41.546676133000062 ], [ -4.684323499999948, 41.547538999000039 ] ] ] ] } },
{ "type": "Feature", "properties": { "code": "47176", "name": "Unión de Campos, La" }, "geometry": { "type": "Polygon", "coordinates": [ [ [ -5.374452499999961, 42.068122999000025 ], [ -5.389179302999935, 42.08768199800005 ], [ -5.38161649999995, 42.096442999000033 ], [ -5.376408499999968, 42.099502499000039 ], [ -5.377248499999951, 42.103179999000076 ], [ -5.379727, 42.103828499000031 ], [ -5.380736499999955, 42.107204999000032 ], [ -5.380013, 42.112792999000078 ], [ -5.377610499999946, 42.112876999000036 ], [ -5.372817174999966, 42.108713837000039 ], [ -5.363858019999952, 42.108661537000046 ], [ -5.35855817099997, 42.113905817000045 ], [ -5.344702625999957, 42.116036566000048 ], [ -5.337130499999944, 42.120528999000044 ], [ -5.334869788999981, 42.116713602000061 ], [ -5.321504499999946, 42.111930999000037 ], [ -5.31935494399994, 42.105180307000069 ], [ -5.298424, 42.088427999000032 ], [ -5.296715682999945, 42.08141104300006 ], [ -5.301251, 42.064616999000066 ], [ -5.302915499999926, 42.065868499000032 ], [ -5.306966, 42.064933499000063 ], [ -5.322446499999955, 42.058234999000035 ], [ -5.33562349999994, 42.059372499000062 ], [ -5.353538, 42.058826499000077 ], [ -5.361374, 42.061881999000036 ], [ -5.362457, 42.063751499000034 ], [ -5.367703499999948, 42.06637949900005 ], [ -5.374452499999961, 42.068122999000025 ] ] ] } },
{ "type": "Feature", "properties": { "code": "47177", "name": "Urones de Castroponce" }, "geometry": { "type": "Polygon", "coordinates": [ [ [ -5.288804, 42.125201999000069 ], [ -5.281001409999931, 42.130123390000051 ], [ -5.274010726999961, 42.130406177000054 ], [ -5.263893386999939, 42.127012835000073 ], [ -5.256153, 42.119075499000076 ], [ -5.262601968999945, 42.113492918000077 ], [ -5.254950878999978, 42.093562177000081 ], [ -5.257378499999959, 42.089172499000028 ], [ -5.268084, 42.087287999000068 ], [ -5.274003, 42.084403999000074 ], [ -5.290329, 42.085887999000079 ], [ -5.298424, 42.088427999000032 ], [ -5.31935494399994, 42.105180307000069 ], [ -5.321504499999946, 42.111930999000037 ], [ -5.288804, 42.125201999000069 ] ] ] } },
{ "type": "Feature", "properties": { "code": "47178", "name": "Urueña" }, "geometry": { "type": "Polygon", "coordinates": [ [ [ -5.194092499999954, 41.690372499000034 ], [ -5.195565298999952, 41.695445998000025 ], [ -5.217838699999959, 41.712085850000051 ], [ -5.230821747999926, 41.739808456000048 ], [ -5.236999859999969, 41.740315216000056 ], [ -5.240718165999965, 41.744514723000066 ], [ -5.243738, 41.756614499000079 ], [ -5.226336989999936, 41.757835395000029 ], [ -5.216761, 41.765441999000075 ], [ -5.186408782999933, 41.749061463000032 ], [ -5.169861873999935, 41.747637814000029 ], [ -5.152843282999925, 41.752538119000064 ], [ -5.127742, 41.74141699900008 ], [ -5.13587870799995, 41.732940605000067 ], [ -5.13155837499994, 41.725311226000031 ], [ -5.137694, 41.708644999000057 ], [ -5.154378964999978, 41.710816579000038 ], [ -5.184248365999963, 41.692292910000049 ], [ -5.194092499999954, 41.690372499000034 ] ] ] } },
{ "type": "Feature", "properties": { "code": "47179", "name": "Valbuena de Duero" }, "geometry": { "type": "Polygon", "coordinates": [ [ [ -4.322147499999971, 41.67324049900003 ], [ -4.321091869999975, 41.67682962300006 ], [ -4.33062547399993, 41.689184752000074 ], [ -4.342549419999955, 41.696514859000047 ], [ -4.342278952999948, 41.699248558000079 ], [ -4.335677, 41.70079049900005 ], [ -4.310418880999975, 41.702297953000027 ], [ -4.301498479999964, 41.695631890000072 ], [ -4.279106, 41.692237999000042 ], [ -4.269933499999979, 41.695685999000034 ], [ -4.262130794999962, 41.693179734000068 ], [ -4.227216, 41.704726999000059 ], [ -4.222459499999957, 41.70173999900004 ], [ -4.250573174999943, 41.689936913000054 ], [ -4.268041531999927, 41.687009313000033 ], [ -4.277764011999977, 41.688405059000047 ], [ -4.284845708999967, 41.685437723000064 ], [ -4.257277876999979, 41.666886849000036 ], [ -4.239063417999944, 41.66739209900004 ], [ -4.240057889999946, 41.663991731000067 ], [ -4.253398182999945, 41.659490382000058 ], [ -4.243413132999933, 41.652241850000053 ], [ -4.242263474999959, 41.647810719000063 ], [ -4.235892583999942, 41.648545047000027 ], [ -4.232143826999959, 41.645460207000042 ], [ -4.22975723299993, 41.637587441000051 ], [ -4.231309499999952, 41.626266499000053 ], [ -4.251515925999968, 41.62443105300008 ], [ -4.261353240999938, 41.627663721000033 ], [ -4.27332669599997, 41.626395347000027 ], [ -4.278572, 41.635451999000054 ], [ -4.287717875999931, 41.639083059000029 ], [ -4.291011024999932, 41.626015853000069 ], [ -4.29591174799998, 41.622095711000043 ], [ -4.304994668999939, 41.630624860000069 ], [ -4.305243918999963, 41.640525570000079 ], [ -4.311662901999966, 41.642085717000043 ], [ -4.317857, 41.638999999000077 ], [ -4.322014290999959, 41.652056866000066 ], [ -4.317612710999981, 41.660021144000041 ], [ -4.32294862699996, 41.667571475000045 ], [ -4.322147499999971, 41.67324049900003 ] ] ] } },
{ "type": "Feature", "properties": { "code": "47180", "name": "Valdearcos de la Vega" }, "geometry": { "type": "MultiPolygon", "coordinates": [ [ [ [ -4.094498, 41.634280999000055 ], [ -4.088594181999952, 41.648172536000061 ], [ -4.069756914999971, 41.64699568900005 ], [ -4.067915228999937, 41.651820342000065 ], [ -4.06111705099994, 41.650375991000033 ], [ -4.027253499999972, 41.657111999000051 ], [ -4.030243679999955, 41.632134180000037 ], [ -4.034958193999955, 41.62368529400004 ], [ -4.032186499999966, 41.617126499000051 ], [ -4.03681385699997, 41.61712874300008 ], [ -4.042179699999963, 41.624086113000033 ], [ -4.062301500999979, 41.62363287200003 ], [ -4.067161152999972, 41.631628102000036 ], [ -4.079151558999968, 41.629767478000076 ], [ -4.094498, 41.634280999000055 ] ] ], [ [ [ -4.071376, 41.656825999000034 ], [ -4.069432499999948, 41.653331999000045 ], [ -4.073537, 41.655383999000037 ], [ -4.071376, 41.656825999000034 ] ] ] ] } },
{ "type": "Feature", "properties": { "code": "47181", "name": "Valdenebro de los Valles" }, "geometry": { "type": "Polygon", "coordinates": [ [ [ -4.982144499999947, 41.815787999000065 ], [ -5.001984395999955, 41.842129571000044 ], [ -5.001344824999933, 41.851415989000031 ], [ -4.998221400999967, 41.855586833000075 ], [ -5.002139056999965, 41.873389360000033 ], [ -4.99961196199996, 41.88295357800007 ], [ -4.990851574999965, 41.892384102000051 ], [ -4.942202499999951, 41.878505499000028 ], [ -4.940309499999955, 41.876502499000026 ], [ -4.943602, 41.861423499000068 ], [ -4.941675499999974, 41.841136999000071 ], [ -4.937239499999976, 41.842239499000073 ], [ -4.941737151999973, 41.833948272000043 ], [ -4.942482477999931, 41.819552638000062 ], [ -4.916791, 41.803962499000079 ], [ -4.925992, 41.802142999000068 ], [ -4.928204, 41.800429499000074 ], [ -4.942887, 41.79914799900007 ], [ -4.952614, 41.800044999000079 ], [ -4.970782, 41.80921199900007 ], [ -4.976125499999966, 41.811126499000068 ], [ -4.982144499999947, 41.815787999000065 ] ] ] } },
{ "type": "Feature", "properties": { "code": "47182", "name": "Valdestillas" }, "geometry": { "type": "Polygon", "coordinates": [ [ [ -4.759248499999956, 41.494986999000048 ], [ -4.753849134999939, 41.458517498000049 ], [ -4.745757499999968, 41.448943999000051 ], [ -4.75442646099998, 41.444693645000029 ], [ -4.767500310999935, 41.443660729000044 ], [ -4.808168499999965, 41.453365499000029 ], [ -4.81498587699997, 41.470477928000037 ], [ -4.831764, 41.486488499000075 ], [ -4.823698762999925, 41.501393051000036 ], [ -4.803447499999947, 41.523208499000077 ], [ -4.796132975999967, 41.521064766000052 ], [ -4.786329512999941, 41.512509720000025 ], [ -4.774006344999975, 41.496216920000052 ], [ -4.759248499999956, 41.494986999000048 ] ] ] } },
{ "type": "Feature", "properties": { "code": "47183", "name": "Valdunquillo" }, "geometry": { "type": "Polygon", "coordinates": [ [ [ -5.323332, 42.018855999000039 ], [ -5.349373906999972, 42.023175867000077 ], [ -5.36821889099997, 42.033379833000026 ], [ -5.376311499999929, 42.041457999000045 ], [ -5.374455, 42.043189999000049 ], [ -5.375651, 42.046767999000053 ], [ -5.371208499999966, 42.051421499000071 ], [ -5.373152499999946, 42.06405249900007 ], [ -5.374452499999961, 42.068122999000025 ], [ -5.367703499999948, 42.06637949900005 ], [ -5.362457, 42.063751499000034 ], [ -5.361374, 42.061881999000036 ], [ -5.353538, 42.058826499000077 ], [ -5.33562349999994, 42.059372499000062 ], [ -5.322446499999955, 42.058234999000035 ], [ -5.312719, 42.06291599900004 ], [ -5.302915499999926, 42.065868499000032 ], [ -5.299991, 42.062561499000026 ], [ -5.297911499999941, 42.062167499000054 ], [ -5.298748, 42.060596499000042 ], [ -5.292835499999967, 42.057815499000071 ], [ -5.278979, 42.060291499000073 ], [ -5.273177499999974, 42.043761999000026 ], [ -5.291079761999981, 42.031033630000024 ], [ -5.323332, 42.018855999000039 ] ] ] } },
{ "type": "Feature", "properties": { "code": "47184", "name": "Valoria la Buena" }, "geometry": { "type": "Polygon", "coordinates": [ [ [ -4.501214, 41.771400499000038 ], [ -4.549598972999945, 41.781470789000025 ], [ -4.556002167999964, 41.780934075000062 ], [ -4.570562611999947, 41.773245231000033 ], [ -4.581158782999978, 41.772522827000046 ], [ -4.596116133999942, 41.782991935000041 ], [ -4.599136499999929, 41.792651999000043 ], [ -4.595248646999949, 41.794241080000063 ], [ -4.587036800999954, 41.788286146000075 ], [ -4.579817526999932, 41.788377341000057 ], [ -4.577689088999932, 41.791730088000065 ], [ -4.580884828999956, 41.800460344000044 ], [ -4.566561350999962, 41.80510213000008 ], [ -4.565050460999942, 41.817582344000073 ], [ -4.553614246999928, 41.816700418000039 ], [ -4.54857537099997, 41.819234001000041 ], [ -4.546258258999956, 41.824927307000053 ], [ -4.548274189999972, 41.83030132500005 ], [ -4.513594583999975, 41.82343269100005 ], [ -4.506949262999967, 41.82681019000006 ], [ -4.504250525999964, 41.831883832000074 ], [ -4.490689477999979, 41.838305314000024 ], [ -4.480462374999945, 41.838783858000056 ], [ -4.475997647999975, 41.843061309000063 ], [ -4.472400861999972, 41.840596590000075 ], [ -4.473365499999943, 41.832038999000076 ], [ -4.478344, 41.828578999000058 ], [ -4.461178, 41.820354499000075 ], [ -4.487176697999928, 41.818981287000042 ], [ -4.493397389999927, 41.778567343000077 ], [ -4.501214, 41.771400499000038 ] ] ] } },
{ "type": "Feature", "properties": { "code": "47185", "name": "Valverde de Campos" }, "geometry": { "type": "Polygon", "coordinates": [ [ [ -5.005538, 41.814345999000068 ], [ -5.00021531799996, 41.810722751000071 ], [ -5.004612475999977, 41.806779456000072 ], [ -5.044020065999973, 41.794008839000071 ], [ -5.048033046999933, 41.802400887000033 ], [ -5.04507162699997, 41.815671321000025 ], [ -5.056980499999952, 41.81731049900003 ], [ -5.058844616999977, 41.827158042000065 ], [ -5.069458499999939, 41.839526999000043 ], [ -5.04754042199994, 41.850563774000079 ], [ -5.034098195999945, 41.85140255400006 ], [ -5.010922250999954, 41.834780825000053 ], [ -5.005468427999972, 41.826922368000055 ], [ -5.008108021999931, 41.819172081000033 ], [ -5.005538, 41.814345999000068 ] ] ] } },
{ "type": "Feature", "properties": { "code": "47186", "name": "Valladolid" }, "geometry": { "type": "MultiPolygon", "coordinates": [ [ [ [ -4.86246, 41.55424399900005 ], [ -4.848407147999978, 41.560742896000079 ], [ -4.818600493999952, 41.562449854000079 ], [ -4.810001290999935, 41.567027377000045 ], [ -4.793673260999981, 41.564658235000024 ], [ -4.776627795999957, 41.590177023000081 ], [ -4.788824754999951, 41.589518056000031 ], [ -4.79716, 41.606948999000053 ], [ -4.780416758999934, 41.611132247000057 ], [ -4.764029472999937, 41.622824446000038 ], [ -4.776111, 41.634799999000052 ], [ -4.764977589999944, 41.645427763000043 ], [ -4.761199444999932, 41.662556473000052 ], [ -4.782732263999947, 41.665319404000059 ], [ -4.793658, 41.672944499000039 ], [ -4.78962121099994, 41.682913690000078 ], [ -4.801389147999942, 41.689659107000068 ], [ -4.792008499999952, 41.695651999000063 ], [ -4.759656013999972, 41.690887880000048 ], [ -4.746584458999962, 41.69204836800003 ], [ -4.737095388999933, 41.696383251000043 ], [ -4.72237383199996, 41.693017014000077 ], [ -4.713492436999957, 41.698852309000074 ], [ -4.706181147999928, 41.711425277000046 ], [ -4.695054, 41.716217499000038 ], [ -4.689041, 41.715644999000062 ], [ -4.683305159999975, 41.702469876000066 ], [ -4.696707760999971, 41.69821780400008 ], [ -4.698216013999968, 41.693792090000045 ], [ -4.687373590999925, 41.684507052000072 ], [ -4.669166753999946, 41.682583664000049 ], [ -4.646181191999972, 41.685202248000053 ], [ -4.634956, 41.692036999000038 ], [ -4.632267499999955, 41.691894499000057 ], [ -4.630816, 41.68743149900007 ], [ -4.646098527999925, 41.682785850000073 ], [ -4.647228824999956, 41.677959541000064 ], [ -4.660075442999926, 41.667768186000046 ], [ -4.655178210999964, 41.655994593000059 ], [ -4.655614374999971, 41.643212503000029 ], [ -4.643492499999979, 41.626999499000078 ], [ -4.663479571999972, 41.625890992000052 ], [ -4.692227036999952, 41.615316301000064 ], [ -4.694906937999974, 41.611165635000077 ], [ -4.692884210999978, 41.601533851000056 ], [ -4.695053499999972, 41.593573999000057 ], [ -4.709705778999933, 41.591509865000035 ], [ -4.726268780999931, 41.596566784000061 ], [ -4.750369285999966, 41.587905502000069 ], [ -4.757076301999973, 41.577892409000071 ], [ -4.758699270999955, 41.560138902000062 ], [ -4.771565015999954, 41.55491668500008 ], [ -4.767415, 41.549115999000037 ], [ -4.76949, 41.547381999000038 ], [ -4.774032045999945, 41.546219893000057 ], [ -4.777026848999981, 41.540246833000026 ], [ -4.770259917999965, 41.53072588100008 ], [ -4.781150847999925, 41.528659785000059 ], [ -4.787638410999932, 41.524299960000064 ], [ -4.801007283999979, 41.526353094000058 ], [ -4.813405, 41.524485499000036 ], [ -4.831643741999926, 41.52848752400007 ], [ -4.836463111999933, 41.538282362000075 ], [ -4.86246, 41.55424399900005 ] ] ], [ [ [ -4.908906499999944, 41.719527999000036 ], [ -4.919067519999942, 41.71857830600004 ], [ -4.919715, 41.732101499000066 ], [ -4.905635773999961, 41.730073910000044 ], [ -4.888973018999934, 41.749843344000055 ], [ -4.886066265999943, 41.76226078600007 ], [ -4.90530549999994, 41.776252999000064 ], [ -4.912041728999952, 41.779571528000076 ], [ -4.923691305999967, 41.79779191800003 ], [ -4.928204, 41.800429499000074 ], [ -4.925992, 41.802142999000068 ], [ -4.916791, 41.803962499000079 ], [ -4.907382586999972, 41.800229927000032 ], [ -4.88956051699995, 41.798863700000027 ], [ -4.875749642999949, 41.808551778000037 ], [ -4.852404957999966, 41.814807294000047 ], [ -4.85379239599996, 41.80181834800004 ], [ -4.850986064999972, 41.782572810000033 ], [ -4.84722084699996, 41.77962057700006 ], [ -4.839876499999946, 41.780051499000081 ], [ -4.812614, 41.737480499000071 ], [ -4.83179890599996, 41.73363233200007 ], [ -4.855207652999979, 41.722562182000047 ], [ -4.872500014999957, 41.730870302000028 ], [ -4.908906499999944, 41.719527999000036 ] ] ], [ [ [ -4.887902, 41.619087499000045 ], [ -4.894283621999932, 41.617599878000078 ], [ -4.900558768999929, 41.619429142000058 ], [ -4.901870423999981, 41.614584801000035 ], [ -4.909251342999937, 41.616831557000069 ], [ -4.912504575999947, 41.619286515000056 ], [ -4.91557083899994, 41.627817214000061 ], [ -4.911042499999951, 41.640201499000057 ], [ -4.905787911999937, 41.642574589000048 ], [ -4.887902, 41.619087499000045 ] ] ] ] } },
{ "type": "Feature", "properties": { "code": "47187", "name": "Vega de Ruiponce" }, "geometry": { "type": "Polygon", "coordinates": [ [ [ -5.171802499999956, 42.208244499000045 ], [ -5.16226249999994, 42.21685399900008 ], [ -5.139708, 42.217330999000069 ], [ -5.102255182999954, 42.200798192000036 ], [ -5.084197607999954, 42.19637029300003 ], [ -5.074467499999969, 42.189544499000078 ], [ -5.083826449999947, 42.178481979000026 ], [ -5.085389, 42.168552499000043 ], [ -5.116236, 42.159496499000056 ], [ -5.138469499999928, 42.170512999000039 ], [ -5.145009768999955, 42.181877215000043 ], [ -5.171333499999946, 42.192737499000032 ], [ -5.172583, 42.194534499000042 ], [ -5.174641, 42.195594999000036 ], [ -5.179853499999979, 42.200645499000075 ], [ -5.171802499999956, 42.208244499000045 ] ] ] } },
{ "type": "Feature", "properties": { "code": "47188", "name": "Vega de Valdetronco" }, "geometry": { "type": "Polygon", "coordinates": [ [ [ -5.133127, 41.620193499000038 ], [ -5.127346499999931, 41.620723999000063 ], [ -5.126492118999977, 41.614924937000069 ], [ -5.098835823999934, 41.598976569000058 ], [ -5.063907, 41.591220999000029 ], [ -5.074982002999946, 41.586981420000029 ], [ -5.082387707999942, 41.579410948000032 ], [ -5.113869, 41.570399999000074 ], [ -5.125929137999947, 41.587235677000081 ], [ -5.139298512999972, 41.593268853000041 ], [ -5.145926166999971, 41.599628328000051 ], [ -5.154214987999978, 41.599339109000027 ], [ -5.157195, 41.602298499000028 ], [ -5.147955475999936, 41.606139307000035 ], [ -5.141854078999927, 41.614760678000039 ], [ -5.133127, 41.620193499000038 ] ] ] } },
{ "type": "Feature", "properties": { "code": "47189", "name": "Velascálvaro" }, "geometry": { "type": "Polygon", "coordinates": [ [ [ -4.962320499999976, 41.210513999000057 ], [ -4.970448, 41.206283499000051 ], [ -4.99035, 41.199042999000028 ], [ -5.007577, 41.226955499000042 ], [ -5.003948499999979, 41.232799499000066 ], [ -4.98251159299997, 41.242721786000061 ], [ -4.927118013999973, 41.256553200000042 ], [ -4.918589499999939, 41.266746499000078 ], [ -4.921196, 41.243957499000032 ], [ -4.950201499999935, 41.223312499000031 ], [ -4.95709, 41.225402999000039 ], [ -4.962320499999976, 41.210513999000057 ] ] ] } },
{ "type": "Feature", "properties": { "code": "47190", "name": "Velilla" }, "geometry": { "type": "Polygon", "coordinates": [ [ [ -5.028037499999925, 41.566360499000041 ], [ -5.011274962999948, 41.581020442000067 ], [ -4.996876408999981, 41.587522555000078 ], [ -4.980046499999958, 41.599883999000042 ], [ -4.97653053099998, 41.596573172000035 ], [ -4.975825546999943, 41.581247455000039 ], [ -4.967285103999927, 41.57025711600005 ], [ -4.969227, 41.56408699900004 ], [ -4.974366499999974, 41.562278499000058 ], [ -4.971816499999932, 41.558898999000064 ], [ -4.974206, 41.555896999000026 ], [ -4.975373, 41.552443999000047 ], [ -4.979033, 41.548995999000056 ], [ -4.981476, 41.548114999000063 ], [ -4.985170499999981, 41.543475999000066 ], [ -4.992795496999975, 41.539947009000059 ], [ -5.01338235299994, 41.541551477000041 ], [ -5.023649499999976, 41.558746499000051 ], [ -5.023730499999942, 41.560554999000033 ], [ -5.027820499999962, 41.564410999000074 ], [ -5.028037499999925, 41.566360499000041 ] ] ] } },
{ "type": "Feature", "properties": { "code": "47191", "name": "Velliza" }, "geometry": { "type": "Polygon", "coordinates": [ [ [ -4.945636499999978, 41.556823499000075 ], [ -4.951364499999954, 41.555511499000033 ], [ -4.952851, 41.55787299900004 ], [ -4.957266499999946, 41.561542499000041 ], [ -4.959642, 41.565150999000025 ], [ -4.965446499999928, 41.567916999000033 ], [ -4.965279, 41.565955999000039 ], [ -4.969227, 41.56408699900004 ], [ -4.967285103999927, 41.57025711600005 ], [ -4.975825546999943, 41.581247455000039 ], [ -4.97653053099998, 41.596573172000035 ], [ -4.980046499999958, 41.599883999000042 ], [ -4.982143, 41.604465499000071 ], [ -4.984743499999979, 41.608295499000064 ], [ -4.986518, 41.609424499000056 ], [ -4.954651499999954, 41.617584499000031 ], [ -4.952634357999955, 41.607849767000062 ], [ -4.935693643999969, 41.587461483000027 ], [ -4.909428, 41.572028999000054 ], [ -4.910335534999945, 41.558848209000075 ], [ -4.908315, 41.556674999000052 ], [ -4.914667623999946, 41.553884044000029 ], [ -4.919958378999979, 41.56034935200006 ], [ -4.925696983999956, 41.557522462000065 ], [ -4.932797709999932, 41.559241940000049 ], [ -4.945636499999978, 41.556823499000075 ] ] ] } },
{ "type": "Feature", "properties": { "code": "47192", "name": "Ventosa de la Cuesta" }, "geometry": { "type": "Polygon", "coordinates": [ [ [ -4.852283, 41.403673499000035 ], [ -4.845880617999967, 41.414871274000063 ], [ -4.846300847999942, 41.426619600000038 ], [ -4.862635499999953, 41.442329499000039 ], [ -4.83229561099995, 41.441548343000079 ], [ -4.819786, 41.436427999000045 ], [ -4.812906267999949, 41.426487597000062 ], [ -4.803337, 41.397432999000046 ], [ -4.808818778999978, 41.395020970000076 ], [ -4.83743360699998, 41.397280056000056 ], [ -4.845993878999934, 41.402972994000038 ], [ -4.852283, 41.403673499000035 ] ] ] } },
{ "type": "Feature", "properties": { "code": "47193", "name": "Viana de Cega" }, "geometry": { "type": "Polygon", "coordinates": [ [ [ -4.803447499999947, 41.523208499000077 ], [ -4.813405, 41.524485499000036 ], [ -4.801007283999979, 41.526353094000058 ], [ -4.787638410999932, 41.524299960000064 ], [ -4.781150847999925, 41.528659785000059 ], [ -4.770259917999965, 41.53072588100008 ], [ -4.777026848999981, 41.540246833000026 ], [ -4.774032045999945, 41.546219893000057 ], [ -4.76949, 41.547381999000038 ], [ -4.769818848999932, 41.542072375000032 ], [ -4.756456080999953, 41.531320447000041 ], [ -4.74580132899996, 41.53095469200008 ], [ -4.740363970999965, 41.527222879000078 ], [ -4.722937, 41.508525499000029 ], [ -4.725561, 41.506740499000045 ], [ -4.735921499999961, 41.503421499000069 ], [ -4.751047, 41.496951999000032 ], [ -4.759248499999956, 41.494986999000048 ], [ -4.774006344999975, 41.496216920000052 ], [ -4.786329512999941, 41.512509720000025 ], [ -4.796132975999967, 41.521064766000052 ], [ -4.803447499999947, 41.523208499000077 ] ] ] } },
{ "type": "Feature", "properties": { "code": "47194", "name": "Viloria" }, "geometry": { "type": "Polygon", "coordinates": [ [ [ -4.364936499999942, 41.436004499000035 ], [ -4.377351550999947, 41.441254170000036 ], [ -4.391462411999953, 41.438688074000027 ], [ -4.407506499999954, 41.441852499000049 ], [ -4.407674, 41.446902999000031 ], [ -4.40143, 41.45101549900005 ], [ -4.398419, 41.451221499000042 ], [ -4.397140499999978, 41.453075499000079 ], [ -4.39895649999994, 41.455108499000062 ], [ -4.401253499999939, 41.460586499000044 ], [ -4.416269, 41.465575999000066 ], [ -4.405460370999947, 41.473432464000041 ], [ -4.398776161999933, 41.474458964000064 ], [ -4.386304287999963, 41.466667785000027 ], [ -4.377291131999925, 41.467027982000047 ], [ -4.367159927999978, 41.46226643600005 ], [ -4.362416, 41.449936499000046 ], [ -4.364936499999942, 41.436004499000035 ] ] ] } },
{ "type": "Feature", "properties": { "code": "47195", "name": "Villabáñez" }, "geometry": { "type": "Polygon", "coordinates": [ [ [ -4.58692, 41.64058299900006 ], [ -4.58105579599993, 41.639653388000056 ], [ -4.575512183999933, 41.647975621000057 ], [ -4.563912874999971, 41.653369270000042 ], [ -4.555688938999936, 41.652818375000038 ], [ -4.551243, 41.656509499000038 ], [ -4.536689, 41.659072999000045 ], [ -4.500296499999934, 41.659553499000026 ], [ -4.486585765999962, 41.634253282000032 ], [ -4.473049431999925, 41.63772646700005 ], [ -4.466733847999933, 41.632900900000038 ], [ -4.429664158999969, 41.627081327000042 ], [ -4.448597431999929, 41.623979592000069 ], [ -4.448984503999952, 41.611725030000059 ], [ -4.459267499999953, 41.60522049900004 ], [ -4.465152634999924, 41.605353298000068 ], [ -4.468239795999978, 41.610412229000076 ], [ -4.474939542999948, 41.611221202000024 ], [ -4.478788184999928, 41.606538577000038 ], [ -4.51493534399998, 41.599845892000076 ], [ -4.531677361999925, 41.592037177000066 ], [ -4.540120631999969, 41.597969679000073 ], [ -4.546565087999966, 41.595581845000027 ], [ -4.557770805999951, 41.620142071000032 ], [ -4.569889251999939, 41.626344604000053 ], [ -4.570040006999932, 41.633068731000037 ], [ -4.588476, 41.636066499000037 ], [ -4.58692, 41.64058299900006 ] ] ] } },
{ "type": "Feature", "properties": { "code": "47196", "name": "Villabaruz de Campos" }, "geometry": { "type": "Polygon", "coordinates": [ [ [ -4.951030499999945, 42.012054499000044 ], [ -4.964875090999953, 42.006848669000078 ], [ -4.975516499999969, 41.993533999000078 ], [ -5.003883900999938, 41.999696357000062 ], [ -5.013611429999969, 42.004818815000078 ], [ -5.023542061999933, 42.004633262000027 ], [ -5.027787746999934, 42.007872248000069 ], [ -5.025801051999963, 42.013214194000057 ], [ -5.030002499999966, 42.020949999000038 ], [ -4.999541, 42.033691499000042 ], [ -4.993208609999954, 42.028632492000042 ], [ -4.96372699899996, 42.023509860000047 ], [ -4.951030499999945, 42.012054499000044 ] ] ] } },
{ "type": "Feature", "properties": { "code": "47197", "name": "Villabrágima" }, "geometry": { "type": "Polygon", "coordinates": [ [ [ -5.148548, 41.851379499000075 ], [ -5.160488572999952, 41.869780160000062 ], [ -5.163775, 41.879981999000051 ], [ -5.148598097999979, 41.88690478500007 ], [ -5.137982499999964, 41.896495999000081 ], [ -5.114923, 41.898002499000029 ], [ -5.111223292999966, 41.882631804000027 ], [ -5.11623177499996, 41.874341167000068 ], [ -5.115567131999967, 41.868991832000063 ], [ -5.091150007999943, 41.869484697000075 ], [ -5.07857596499997, 41.858591300000057 ], [ -5.069458499999939, 41.839526999000043 ], [ -5.058844616999977, 41.827158042000065 ], [ -5.056980499999952, 41.81731049900003 ], [ -5.063657418999981, 41.802837274000069 ], [ -5.06446137599994, 41.780186555000057 ], [ -5.068365372999949, 41.776011610000069 ], [ -5.077000149999947, 41.774176385000032 ], [ -5.07629645399993, 41.769991571000048 ], [ -5.091954, 41.759910499000057 ], [ -5.110818966999943, 41.787859646000072 ], [ -5.113915013999929, 41.798332944000038 ], [ -5.134283555999957, 41.819275785000059 ], [ -5.139795933999949, 41.845284371000048 ], [ -5.143071473999953, 41.85066421700003 ], [ -5.148548, 41.851379499000075 ] ] ] } },
{ "type": "Feature", "properties": { "code": "47198", "name": "Villacarralón" }, "geometry": { "type": "Polygon", "coordinates": [ [ [ -5.031909499999927, 42.173610499000063 ], [ -5.056713440999943, 42.17923268100003 ], [ -5.06352837999998, 42.185596562000057 ], [ -5.077766, 42.186370999000076 ], [ -5.074467499999969, 42.189544499000078 ], [ -5.071077341999967, 42.19922568000004 ], [ -5.065440319999936, 42.202684607000037 ], [ -5.064186836999966, 42.207482351000067 ], [ -5.054700927999932, 42.211499975000038 ], [ -5.047729101999948, 42.218483089000074 ], [ -5.024914, 42.217273499000044 ], [ -5.012963499999955, 42.194610499000078 ], [ -5.013591285999951, 42.188592886000038 ], [ -5.019688004999978, 42.179320106000034 ], [ -5.031909499999927, 42.173610499000063 ] ] ] } },
{ "type": "Feature", "properties": { "code": "47199", "name": "Villacid de Campos" }, "geometry": { "type": "Polygon", "coordinates": [ [ [ -5.087642499999959, 42.076053499000068 ], [ -5.090659, 42.076618499000062 ], [ -5.102665499999944, 42.068294499000046 ], [ -5.115996499999937, 42.055179499000076 ], [ -5.137925745999951, 42.057791006000059 ], [ -5.160697, 42.06591049900004 ], [ -5.163626208999972, 42.076095029000044 ], [ -5.156247, 42.08365199900004 ], [ -5.150338305999981, 42.085559480000029 ], [ -5.131581499999925, 42.106724499000052 ], [ -5.101075943999945, 42.101801790000025 ], [ -5.085650089999945, 42.087831707000078 ], [ -5.083986692999929, 42.082000690000029 ], [ -5.087642499999959, 42.076053499000068 ] ] ] } },
{ "type": "Feature", "properties": { "code": "47200", "name": "Villaco" }, "geometry": { "type": "Polygon", "coordinates": [ [ [ -4.279106, 41.692237999000042 ], [ -4.277438614999937, 41.701750225000069 ], [ -4.286509294999973, 41.731469132000029 ], [ -4.284104493999962, 41.741611503000058 ], [ -4.278676480999934, 41.745406427000034 ], [ -4.280538926999952, 41.75473093100004 ], [ -4.274931, 41.764980499000046 ], [ -4.26822700799994, 41.771091126000044 ], [ -4.263071, 41.76928299900004 ], [ -4.256340364999971, 41.756257465000033 ], [ -4.249852957999963, 41.75106762300004 ], [ -4.247180509999964, 41.734818354000026 ], [ -4.250970447999975, 41.723893027000031 ], [ -4.260825620999981, 41.727992013000062 ], [ -4.264937701999941, 41.726801418000036 ], [ -4.260488803999976, 41.713935071000037 ], [ -4.269142593999959, 41.702205547000062 ], [ -4.269933499999979, 41.695685999000034 ], [ -4.279106, 41.692237999000042 ] ] ] } },
{ "type": "Feature", "properties": { "code": "47203", "name": "Villafrades de Campos" }, "geometry": { "type": "Polygon", "coordinates": [ [ [ -4.981796499999973, 42.096290499000077 ], [ -4.964049499999931, 42.092876999000055 ], [ -4.96048849999994, 42.093524999000067 ], [ -4.953086499999927, 42.093002499000079 ], [ -4.951275499999952, 42.091960999000037 ], [ -4.928042, 42.088184499000079 ], [ -4.917844499999944, 42.090778499000066 ], [ -4.90419849999995, 42.078376499000058 ], [ -4.916778499999964, 42.078292999000041 ], [ -4.927767, 42.073482499000079 ], [ -4.939568, 42.06126049900007 ], [ -4.947646499999962, 42.054294499000036 ], [ -4.94972, 42.051002499000049 ], [ -4.955540118999977, 42.057048783000027 ], [ -5.000836499999934, 42.066440499000066 ], [ -4.981796499999973, 42.096290499000077 ] ] ] } },
{ "type": "Feature", "properties": { "code": "47204", "name": "Villafranca de Duero" }, "geometry": { "type": "Polygon", "coordinates": [ [ [ -5.307558, 41.414062499000067 ], [ -5.318292052999936, 41.420527446000051 ], [ -5.338168349999933, 41.42602781800008 ], [ -5.332474931999968, 41.44340898400003 ], [ -5.32851949999997, 41.447106910000059 ], [ -5.331004510999946, 41.450516855000046 ], [ -5.324813499999948, 41.455352499000071 ], [ -5.317565430999935, 41.449581550000062 ], [ -5.303461445999972, 41.449977976000071 ], [ -5.29928023399998, 41.435205694000047 ], [ -5.287583499999926, 41.428531999000029 ], [ -5.298452499999939, 41.422160999000027 ], [ -5.307558, 41.414062499000067 ] ] ] } },
{ "type": "Feature", "properties": { "code": "47205", "name": "Villafrechós" }, "geometry": { "type": "Polygon", "coordinates": [ [ [ -5.257114, 41.869834999000034 ], [ -5.254141811999943, 41.877617122000061 ], [ -5.243194739999979, 41.884598895000067 ], [ -5.242926071999932, 41.894389189000037 ], [ -5.250518309999961, 41.909469860000058 ], [ -5.267765, 41.923988499000075 ], [ -5.258833531999926, 41.932745321000027 ], [ -5.254158823999944, 41.944644655000047 ], [ -5.243827, 41.95285399900007 ], [ -5.239656965999927, 41.945101408000028 ], [ -5.223149332999981, 41.932751125000038 ], [ -5.204366518999961, 41.925193988000046 ], [ -5.186034499999948, 41.922481499000071 ], [ -5.183132, 41.919383999000047 ], [ -5.180355499999962, 41.91146849900008 ], [ -5.17371049999997, 41.912162999000032 ], [ -5.169583499999931, 41.910285999000052 ], [ -5.152505499999961, 41.907203499000047 ], [ -5.142282499999965, 41.906196499000032 ], [ -5.139995, 41.899078499000041 ], [ -5.137982499999964, 41.896495999000081 ], [ -5.148598097999979, 41.88690478500007 ], [ -5.163775, 41.879981999000051 ], [ -5.179557178999971, 41.880803178000065 ], [ -5.190715654999963, 41.869140123000079 ], [ -5.195854586999928, 41.859354533000044 ], [ -5.212510499999951, 41.850669999000047 ], [ -5.21558749999997, 41.850799499000061 ], [ -5.222355499999935, 41.847965499000054 ], [ -5.230294, 41.848705499000062 ], [ -5.236225499999932, 41.846786499000075 ], [ -5.241638, 41.853477499000064 ], [ -5.245697499999949, 41.855216999000049 ], [ -5.247396499999979, 41.860019499000032 ], [ -5.257114, 41.869834999000034 ] ] ] } },
{ "type": "Feature", "properties": { "code": "47206", "name": "Villafuerte" }, "geometry": { "type": "Polygon", "coordinates": [ [ [ -4.335677, 41.70079049900005 ], [ -4.344622860999948, 41.709992622000073 ], [ -4.338859809999974, 41.717497637000065 ], [ -4.350289973999963, 41.723976024000081 ], [ -4.351420151999946, 41.733543200000042 ], [ -4.344093477999934, 41.744190790000061 ], [ -4.342054523999934, 41.753004426000075 ], [ -4.335581267999942, 41.756883671000026 ], [ -4.329779499999972, 41.768684499000074 ], [ -4.317668499999968, 41.763435499000025 ], [ -4.319885365999937, 41.761971133000031 ], [ -4.308715844999938, 41.735670240000047 ], [ -4.301783789999945, 41.730959866000035 ], [ -4.296958202999974, 41.721937666000031 ], [ -4.280007499999954, 41.709780999000031 ], [ -4.277438614999937, 41.701750225000069 ], [ -4.279106, 41.692237999000042 ], [ -4.301498479999964, 41.695631890000072 ], [ -4.310418880999975, 41.702297953000027 ], [ -4.335677, 41.70079049900005 ] ] ] } },
{ "type": "Feature", "properties": { "code": "47207", "name": "Villagarcía de Campos" }, "geometry": { "type": "Polygon", "coordinates": [ [ [ -5.249674499999969, 41.790576999000052 ], [ -5.228975, 41.804466499000057 ], [ -5.228361, 41.807231999000066 ], [ -5.226273499999934, 41.807101999000054 ], [ -5.224364499999979, 41.810344499000053 ], [ -5.217302020999966, 41.817591945000061 ], [ -5.210920742999974, 41.819876793000049 ], [ -5.195519665999939, 41.810014049000074 ], [ -5.187205687999949, 41.795444879000058 ], [ -5.157367202999978, 41.771111595000036 ], [ -5.113887, 41.749076999000067 ], [ -5.127742, 41.74141699900008 ], [ -5.152843282999925, 41.752538119000064 ], [ -5.169861873999935, 41.747637814000029 ], [ -5.186408782999933, 41.749061463000032 ], [ -5.216761, 41.765441999000075 ], [ -5.220494499999973, 41.768676499000037 ], [ -5.234505499999955, 41.777213999000026 ], [ -5.236656499999981, 41.782386999000039 ], [ -5.249674499999969, 41.790576999000052 ] ] ] } },
{ "type": "Feature", "properties": { "code": "47208", "name": "Villagómez la Nueva" }, "geometry": { "type": "Polygon", "coordinates": [ [ [ -5.197889499999974, 42.148936999000057 ], [ -5.193275, 42.151637999000059 ], [ -5.190550499999972, 42.154758499000025 ], [ -5.177160712999978, 42.151774768000053 ], [ -5.16414799699993, 42.152714216000049 ], [ -5.151894134999964, 42.163554352000062 ], [ -5.138469499999928, 42.170512999000039 ], [ -5.116236, 42.159496499000056 ], [ -5.123172448999981, 42.155514995000033 ], [ -5.119017518999954, 42.149665261000052 ], [ -5.123967, 42.142700499000057 ], [ -5.148329695999962, 42.14003720200003 ], [ -5.15702, 42.127891499000043 ], [ -5.171373365999955, 42.142315112000063 ], [ -5.197889499999974, 42.148936999000057 ] ] ] } },
{ "type": "Feature", "properties": { "code": "47209", "name": "Villalán de Campos" }, "geometry": { "type": "Polygon", "coordinates": [ [ [ -5.187109, 42.03142899900007 ], [ -5.170546016999936, 42.026978533000033 ], [ -5.170845691999943, 42.020784135000042 ], [ -5.157351499999947, 42.006301999000073 ], [ -5.161457729999938, 42.003006970000058 ], [ -5.169683728999928, 42.00318143700008 ], [ -5.194668706999948, 42.012590438000075 ], [ -5.208705308999981, 42.014148187000046 ], [ -5.234318499999972, 41.993255499000043 ], [ -5.236299051999936, 41.997904125000048 ], [ -5.24394710699994, 41.999802541000065 ], [ -5.248978215999955, 42.00443335500006 ], [ -5.250955, 42.030917999000053 ], [ -5.241089061999958, 42.028967201000057 ], [ -5.231546597999966, 42.031311022000068 ], [ -5.202068007999969, 42.025887134000072 ], [ -5.187109, 42.03142899900007 ] ] ] } },
{ "type": "Feature", "properties": { "code": "47210", "name": "Villalar de los Comuneros" }, "geometry": { "type": "Polygon", "coordinates": [ [ [ -5.128273, 41.503120499000033 ], [ -5.153015420999964, 41.499424259000079 ], [ -5.156418499999972, 41.49237449900005 ], [ -5.168792263999933, 41.486689488000025 ], [ -5.183108499999946, 41.493804999000076 ], [ -5.185085797999932, 41.496658281000066 ], [ -5.180039419999957, 41.505444036000029 ], [ -5.19139131999998, 41.520253017000073 ], [ -5.18604952499993, 41.528554849000045 ], [ -5.188154146999977, 41.532808028000034 ], [ -5.181574120999926, 41.543488676000038 ], [ -5.167785447999961, 41.553535977000081 ], [ -5.175109, 41.581859499000075 ], [ -5.169971, 41.585349999000073 ], [ -5.161329630999944, 41.579326107000043 ], [ -5.157906027999957, 41.572351189000074 ], [ -5.151948772999958, 41.571780904000036 ], [ -5.147567427999945, 41.558925671000054 ], [ -5.140106052999954, 41.564612312000065 ], [ -5.128176610999958, 41.560284739000053 ], [ -5.121550499999955, 41.562106999000036 ], [ -5.113487898999949, 41.551703567000061 ], [ -5.111087727999973, 41.531171402000041 ], [ -5.128273, 41.503120499000033 ] ] ] } },
{ "type": "Feature", "properties": { "code": "47211", "name": "Villalba de la Loma" }, "geometry": { "type": "Polygon", "coordinates": [ [ [ -5.179853499999979, 42.200645499000075 ], [ -5.174641, 42.195594999000036 ], [ -5.172583, 42.194534499000042 ], [ -5.170668499999977, 42.190643499000032 ], [ -5.172786, 42.186660499000027 ], [ -5.172427499999969, 42.183936999000025 ], [ -5.174505499999952, 42.179282999000066 ], [ -5.175887499999931, 42.168788999000071 ], [ -5.177504, 42.165408999000078 ], [ -5.18132849999995, 42.163959499000043 ], [ -5.189329499999928, 42.158645499000045 ], [ -5.190561, 42.157172999000068 ], [ -5.190550499999972, 42.154758499000025 ], [ -5.193275, 42.151637999000059 ], [ -5.197889499999974, 42.148936999000057 ], [ -5.201241499999981, 42.149276499000052 ], [ -5.209670607999954, 42.160868840000035 ], [ -5.219979934999969, 42.168074746000059 ], [ -5.217718908999927, 42.182019421000064 ], [ -5.208783, 42.189727499000071 ], [ -5.203051, 42.192737499000032 ], [ -5.200557, 42.19343199900004 ], [ -5.199003, 42.191913499000066 ], [ -5.194192499999929, 42.194328499000051 ], [ -5.19321, 42.196372999000062 ], [ -5.180152499999963, 42.196300499000074 ], [ -5.179853499999979, 42.200645499000075 ] ] ] } },
{ "type": "Feature", "properties": { "code": "47212", "name": "Villalba de los Alcores" }, "geometry": { "type": "Polygon", "coordinates": [ [ [ -4.839876499999946, 41.780051499000081 ], [ -4.84722084699996, 41.77962057700006 ], [ -4.850986064999972, 41.782572810000033 ], [ -4.85379239599996, 41.80181834800004 ], [ -4.852404957999966, 41.814807294000047 ], [ -4.875749642999949, 41.808551778000037 ], [ -4.88956051699995, 41.798863700000027 ], [ -4.907382586999972, 41.800229927000032 ], [ -4.916791, 41.803962499000079 ], [ -4.942482477999931, 41.819552638000062 ], [ -4.941737151999973, 41.833948272000043 ], [ -4.937239499999976, 41.842239499000073 ], [ -4.923989024999969, 41.854334659000074 ], [ -4.887833236999938, 41.875856510000062 ], [ -4.87394880599993, 41.897492405000037 ], [ -4.875499210999976, 41.914120666000031 ], [ -4.867720499999962, 41.917590999000026 ], [ -4.863048, 41.918269999000074 ], [ -4.860591, 41.917461499000069 ], [ -4.859183, 41.915099999000063 ], [ -4.855965499999968, 41.915584499000033 ], [ -4.838228369999968, 41.89777162200005 ], [ -4.827726240999937, 41.873116075000041 ], [ -4.812720143999968, 41.861059853000029 ], [ -4.789274499999976, 41.818015999000067 ], [ -4.791931499999976, 41.814823499000056 ], [ -4.823443858999951, 41.793736258000081 ], [ -4.826118318999931, 41.782153271000027 ], [ -4.839876499999946, 41.780051499000081 ] ] ] } },
{ "type": "Feature", "properties": { "code": "47213", "name": "Villalbarba" }, "geometry": { "type": "MultiPolygon", "coordinates": [ [ [ [ -5.17166, 41.593524999000067 ], [ -5.199407914999938, 41.623434235000047 ], [ -5.192966505999948, 41.624400338000044 ], [ -5.176453762999927, 41.619346685000039 ], [ -5.164369922999981, 41.61074203700008 ], [ -5.161027, 41.601325999000039 ], [ -5.161426791999929, 41.595866468000054 ], [ -5.17166, 41.593524999000067 ] ] ], [ [ [ -5.253611, 41.61163349900005 ], [ -5.247521499999948, 41.61877049900005 ], [ -5.215913, 41.630134499000064 ], [ -5.210394621999967, 41.627127140000027 ], [ -5.207652745999951, 41.616679973000032 ], [ -5.189825921999955, 41.597198073000072 ], [ -5.184191913999939, 41.584867895000059 ], [ -5.177894, 41.58127199900008 ], [ -5.188652125999965, 41.581814375000079 ], [ -5.201431499999956, 41.577789499000062 ], [ -5.231211542999972, 41.593781772000057 ], [ -5.248236102999954, 41.610570859000063 ], [ -5.253611, 41.61163349900005 ] ] ] ] } },
{ "type": "Feature", "properties": { "code": "47214", "name": "Villalón de Campos" }, "geometry": { "type": "Polygon", "coordinates": [ [ [ -5.082360499999936, 42.138175999000055 ], [ -5.059538442999951, 42.144740493000029 ], [ -5.043430359999945, 42.142722952000042 ], [ -5.02996481699995, 42.147182924000049 ], [ -5.026982, 42.153892499000051 ], [ -5.016803029999949, 42.156417127000054 ], [ -5.008321940999963, 42.14909035200003 ], [ -4.990781839999954, 42.144616605000067 ], [ -4.981268, 42.14682749900004 ], [ -4.97431176799995, 42.13063679000004 ], [ -4.980496579999965, 42.120359959000041 ], [ -4.978286781999941, 42.11321336900005 ], [ -4.981796499999973, 42.096290499000077 ], [ -5.000836499999934, 42.066440499000066 ], [ -5.009246499999961, 42.063346999000032 ], [ -5.007209499999931, 42.058143499000039 ], [ -5.022001, 42.063098999000033 ], [ -5.041422499999953, 42.076251999000078 ], [ -5.055977499999926, 42.07624449900004 ], [ -5.070065499999941, 42.074199499000031 ], [ -5.077427499999942, 42.075671999000065 ], [ -5.087642499999959, 42.076053499000068 ], [ -5.083986692999929, 42.082000690000029 ], [ -5.085650089999945, 42.087831707000078 ], [ -5.101075943999945, 42.101801790000025 ], [ -5.110925, 42.103458499000055 ], [ -5.096272499999941, 42.105438499000059 ], [ -5.080379499999935, 42.11092349900008 ], [ -5.079172, 42.113963999000077 ], [ -5.07503, 42.11783949900007 ], [ -5.073497499999974, 42.12128799900006 ], [ -5.073577, 42.123744999000053 ], [ -5.070799, 42.127940999000032 ], [ -5.07616, 42.134658499000068 ], [ -5.082360499999936, 42.138175999000055 ] ] ] } },
{ "type": "Feature", "properties": { "code": "47215", "name": "Villamuriel de Campos" }, "geometry": { "type": "Polygon", "coordinates": [ [ [ -5.186034499999948, 41.922481499000071 ], [ -5.204366518999961, 41.925193988000046 ], [ -5.223149332999981, 41.932751125000038 ], [ -5.239656965999927, 41.945101408000028 ], [ -5.243827, 41.95285399900007 ], [ -5.241428, 41.954654499000071 ], [ -5.223518607999949, 41.955785185000025 ], [ -5.203655718999926, 41.962218256000028 ], [ -5.165153499999974, 41.947906499000055 ], [ -5.175506501999962, 41.929168317000062 ], [ -5.186034499999948, 41.922481499000071 ] ] ] } },
{ "type": "Feature", "properties": { "code": "47216", "name": "Villán de Tordesillas" }, "geometry": { "type": "Polygon", "coordinates": [ [ [ -4.901853, 41.596393499000044 ], [ -4.899833308999973, 41.580786636000028 ], [ -4.909428, 41.572028999000054 ], [ -4.935693643999969, 41.587461483000027 ], [ -4.952634357999955, 41.607849767000062 ], [ -4.954651499999954, 41.617584499000031 ], [ -4.934501499999953, 41.623290999000062 ], [ -4.933346499999971, 41.619994999000028 ], [ -4.927878160999967, 41.616727105000052 ], [ -4.923655292999968, 41.607715988000052 ], [ -4.911356495999939, 41.593744661000073 ], [ -4.901853, 41.596393499000044 ] ] ] } },
{ "type": "Feature", "properties": { "code": "47217", "name": "Villanubla" }, "geometry": { "type": "Polygon", "coordinates": [ [ [ -4.815784, 41.737312499000041 ], [ -4.798212913999976, 41.70059245200008 ], [ -4.792008499999952, 41.695651999000063 ], [ -4.801389147999942, 41.689659107000068 ], [ -4.78962121099994, 41.682913690000078 ], [ -4.793658, 41.672944499000039 ], [ -4.808170429999961, 41.676385727000024 ], [ -4.827753556999937, 41.674749345000066 ], [ -4.829951197999947, 41.673460307000028 ], [ -4.829402, 41.667960999000059 ], [ -4.854338, 41.670035999000049 ], [ -4.867148499999928, 41.671900999000059 ], [ -4.871085941999979, 41.679826239000079 ], [ -4.870829307999941, 41.685954890000062 ], [ -4.884474163999926, 41.695937720000074 ], [ -4.891418624999972, 41.707033469000066 ], [ -4.902429617999928, 41.710486814000035 ], [ -4.908606, 41.71708299900007 ], [ -4.908906499999944, 41.719527999000036 ], [ -4.872500014999957, 41.730870302000028 ], [ -4.855207652999979, 41.722562182000047 ], [ -4.83179890599996, 41.73363233200007 ], [ -4.815784, 41.737312499000041 ] ] ] } },
{ "type": "Feature", "properties": { "code": "47218", "name": "Villanueva de Duero" }, "geometry": { "type": "Polygon", "coordinates": [ [ [ -4.902069499999925, 41.504325999000059 ], [ -4.890735651999933, 41.507503 ], [ -4.886612, 41.513732999000069 ], [ -4.859734327999945, 41.537847700000043 ], [ -4.865498499999944, 41.550475999000071 ], [ -4.86246, 41.55424399900005 ], [ -4.836463111999933, 41.538282362000075 ], [ -4.831643741999926, 41.52848752400007 ], [ -4.813405, 41.524485499000036 ], [ -4.803447499999947, 41.523208499000077 ], [ -4.823698762999925, 41.501393051000036 ], [ -4.831764, 41.486488499000075 ], [ -4.835063703999936, 41.478290491000052 ], [ -4.846363252999936, 41.470814257000029 ], [ -4.851482617999977, 41.470384238000065 ], [ -4.864637500999947, 41.475539004000041 ], [ -4.874895031999927, 41.484154688000046 ], [ -4.88461480899997, 41.486739673000045 ], [ -4.891140747999941, 41.484961060000046 ], [ -4.901571499999932, 41.493461499000034 ], [ -4.904084610999973, 41.500623551000047 ], [ -4.902069499999925, 41.504325999000059 ] ] ] } },
{ "type": "Feature", "properties": { "code": "47219", "name": "Villanueva de la Condesa" }, "geometry": { "type": "Polygon", "coordinates": [ [ [ -5.123967, 42.142700499000057 ], [ -5.119017518999954, 42.149665261000052 ], [ -5.123172448999981, 42.155514995000033 ], [ -5.116236, 42.159496499000056 ], [ -5.085389, 42.168552499000043 ], [ -5.066701, 42.142936499000029 ], [ -5.082360499999936, 42.138175999000055 ], [ -5.084575, 42.139648499000032 ], [ -5.088449, 42.140090999000051 ], [ -5.092683, 42.137836499000059 ], [ -5.09822349999996, 42.13781749900005 ], [ -5.107796, 42.134929499000066 ], [ -5.116988499999934, 42.134437499000057 ], [ -5.123967, 42.142700499000057 ] ] ] } },
{ "type": "Feature", "properties": { "code": "47220", "name": "Villanueva de los Caballeros" }, "geometry": { "type": "Polygon", "coordinates": [ [ [ -5.243738, 41.756614499000079 ], [ -5.273285121999947, 41.759771642000032 ], [ -5.295772499999941, 41.748931999000035 ], [ -5.314034499999934, 41.761451499000032 ], [ -5.321970499999964, 41.765048999000044 ], [ -5.324075, 41.765060499000072 ], [ -5.349912, 41.773856999000031 ], [ -5.349518, 41.780872499000054 ], [ -5.342697618999978, 41.788154310000039 ], [ -5.33358149999998, 41.789336999000056 ], [ -5.329162499999939, 41.788947999000072 ], [ -5.326331, 41.789836499000046 ], [ -5.322674499999948, 41.788207999000065 ], [ -5.320416, 41.790324999000063 ], [ -5.316383, 41.790980999000055 ], [ -5.314031, 41.793803999000033 ], [ -5.309389111999963, 41.790949923000028 ], [ -5.254914696999947, 41.79352575300004 ], [ -5.236656499999981, 41.782386999000039 ], [ -5.234505499999955, 41.777213999000026 ], [ -5.220494499999973, 41.768676499000037 ], [ -5.216761, 41.765441999000075 ], [ -5.226336989999936, 41.757835395000029 ], [ -5.243738, 41.756614499000079 ] ] ] } },
{ "type": "Feature", "properties": { "code": "47221", "name": "Villanueva de los Infantes" }, "geometry": { "type": "Polygon", "coordinates": [ [ [ -4.45579349999997, 41.689792499000077 ], [ -4.456512499999974, 41.687587499000074 ], [ -4.471494499999949, 41.67802049900007 ], [ -4.490343648999954, 41.679962243000034 ], [ -4.501251476999926, 41.702322201000072 ], [ -4.516683499999942, 41.72218299900004 ], [ -4.503899, 41.725574499000061 ], [ -4.497819, 41.72630299900004 ], [ -4.4911, 41.728496499000073 ], [ -4.484852, 41.729209999000034 ], [ -4.475969499999962, 41.733989499000074 ], [ -4.471829941999943, 41.722832990000029 ], [ -4.459385531999942, 41.71329654200008 ], [ -4.455637128999967, 41.702877778000072 ], [ -4.45579349999997, 41.689792499000077 ] ] ] } },
{ "type": "Feature", "properties": { "code": "47222", "name": "Villanueva de San Mancio" }, "geometry": { "type": "Polygon", "coordinates": [ [ [ -5.005127, 41.947219999000026 ], [ -5.002381790999948, 41.943136035000066 ], [ -5.00365538799997, 41.936764865000043 ], [ -4.988505304999933, 41.923334552000028 ], [ -4.983705499999928, 41.910014999000055 ], [ -4.984602818999974, 41.903070835000051 ], [ -4.987709674999962, 41.900221744000078 ], [ -4.997583585999962, 41.907566139000039 ], [ -5.02494097999994, 41.912932217000048 ], [ -5.028538883999943, 41.917970726000078 ], [ -5.045035101999929, 41.927717052000048 ], [ -5.048464499999966, 41.939445499000044 ], [ -5.027015094999967, 41.944829283000047 ], [ -5.005127, 41.947219999000026 ] ] ] } },
{ "type": "Feature", "properties": { "code": "47223", "name": "Villardefrades" }, "geometry": { "type": "Polygon", "coordinates": [ [ [ -5.301049499999976, 41.720901499000036 ], [ -5.301899297999967, 41.729291008000075 ], [ -5.300043900999981, 41.737164485000051 ], [ -5.296375811999951, 41.740397453000071 ], [ -5.295772499999941, 41.748931999000035 ], [ -5.273285121999947, 41.759771642000032 ], [ -5.243738, 41.756614499000079 ], [ -5.240718165999965, 41.744514723000066 ], [ -5.236999859999969, 41.740315216000056 ], [ -5.230821747999926, 41.739808456000048 ], [ -5.217838699999959, 41.712085850000051 ], [ -5.195565298999952, 41.695445998000025 ], [ -5.194092499999954, 41.690372499000034 ], [ -5.226651499999946, 41.682281499000055 ], [ -5.234210932999929, 41.692762171000027 ], [ -5.253853287999959, 41.702241411000045 ], [ -5.267604608999932, 41.714558466000028 ], [ -5.285501244999978, 41.720539658000064 ], [ -5.301049499999976, 41.720901499000036 ] ] ] } },
{ "type": "Feature", "properties": { "code": "47224", "name": "Villarmentero de Esgueva" }, "geometry": { "type": "Polygon", "coordinates": [ [ [ -4.53587049999993, 41.719438499000034 ], [ -4.535687947999975, 41.709457070000042 ], [ -4.543165810999938, 41.700546918000043 ], [ -4.544511454999963, 41.694307265000077 ], [ -4.539610071999959, 41.683213809000051 ], [ -4.536689, 41.659072999000045 ], [ -4.551243, 41.656509499000038 ], [ -4.556004962999964, 41.658143565000046 ], [ -4.56389637999996, 41.667368138000029 ], [ -4.562714892999963, 41.68216740400004 ], [ -4.572256, 41.710693499000058 ], [ -4.53587049999993, 41.719438499000034 ] ] ] } },
{ "type": "Feature", "properties": { "code": "47225", "name": "Villasexmir" }, "geometry": { "type": "Polygon", "coordinates": [ [ [ -5.028069499999958, 41.603397499000039 ], [ -5.03922149999994, 41.602027999000029 ], [ -5.046838586999968, 41.613637978000042 ], [ -5.062645562999933, 41.618249268000056 ], [ -5.100632499999961, 41.64380649900005 ], [ -5.100987499999974, 41.648807499000043 ], [ -5.084998, 41.654132999000069 ], [ -5.055247722999979, 41.647604973000057 ], [ -5.048513941999943, 41.637265524000043 ], [ -5.048468434999961, 41.629712871000038 ], [ -5.033217002999947, 41.617905498000027 ], [ -5.028069499999958, 41.603397499000039 ] ] ] } },
{ "type": "Feature", "properties": { "code": "47226", "name": "Villavaquerín" }, "geometry": { "type": "Polygon", "coordinates": [ [ [ -4.47676649999994, 41.678508499000031 ], [ -4.471494499999949, 41.67802049900007 ], [ -4.456512499999974, 41.687587499000074 ], [ -4.45579349999997, 41.689792499000077 ], [ -4.452772, 41.689037499000051 ], [ -4.441336499999977, 41.691920999000047 ], [ -4.434515499999975, 41.695876999000063 ], [ -4.428829, 41.700660499000037 ], [ -4.423387499999933, 41.701843499000063 ], [ -4.42092088499993, 41.698680096000032 ], [ -4.40851478999997, 41.695688356000062 ], [ -4.414114438999945, 41.687492823000071 ], [ -4.403282309999952, 41.676217338000072 ], [ -4.398536, 41.664844499000026 ], [ -4.402121502999933, 41.661652880000076 ], [ -4.402237893999938, 41.651920387000075 ], [ -4.407880317999968, 41.647136120000027 ], [ -4.408104339999966, 41.634110409000073 ], [ -4.418636, 41.629391499000064 ], [ -4.429664158999969, 41.627081327000042 ], [ -4.466733847999933, 41.632900900000038 ], [ -4.473049431999925, 41.63772646700005 ], [ -4.486585765999962, 41.634253282000032 ], [ -4.500296499999934, 41.659553499000026 ], [ -4.496959, 41.660163999000076 ], [ -4.490218499999969, 41.66473699900007 ], [ -4.481711, 41.667701499000032 ], [ -4.476851, 41.674312499000052 ], [ -4.47676649999994, 41.678508499000031 ] ] ] } },
{ "type": "Feature", "properties": { "code": "47227", "name": "Villavellid" }, "geometry": { "type": "Polygon", "coordinates": [ [ [ -5.301049499999976, 41.720901499000036 ], [ -5.285501244999978, 41.720539658000064 ], [ -5.267604608999932, 41.714558466000028 ], [ -5.253853287999959, 41.702241411000045 ], [ -5.234210932999929, 41.692762171000027 ], [ -5.226651499999946, 41.682281499000055 ], [ -5.243334263999941, 41.683910648000051 ], [ -5.261041751999926, 41.676988571000038 ], [ -5.28348, 41.673499999000057 ], [ -5.285276358999965, 41.681089413000052 ], [ -5.303274397999928, 41.687792267000077 ], [ -5.307307188999971, 41.696953060000055 ], [ -5.312879011999939, 41.699601151000024 ], [ -5.320011, 41.709323999000048 ], [ -5.309468722999952, 41.712767738000025 ], [ -5.301049499999976, 41.720901499000036 ] ] ] } },
{ "type": "Feature", "properties": { "code": "47228", "name": "Villaverde de Medina" }, "geometry": { "type": "Polygon", "coordinates": [ [ [ -5.033653499999957, 41.357547999000076 ], [ -5.025628725999979, 41.355476620000047 ], [ -5.004326510999931, 41.357695862000071 ], [ -4.980216499999926, 41.367801499000052 ], [ -4.970483729999955, 41.334950031000062 ], [ -4.989643097999931, 41.310610327000063 ], [ -4.988737, 41.288299499000061 ], [ -5.013379371999974, 41.278489095000054 ], [ -5.049201653999944, 41.277433034000069 ], [ -5.08303049999995, 41.290256499000066 ], [ -5.081298944999958, 41.296292021000056 ], [ -5.075659421999944, 41.299951993000036 ], [ -5.055686135999963, 41.326235851000035 ], [ -5.051119798999935, 41.342521853000051 ], [ -5.033653499999957, 41.357547999000076 ] ] ] } },
{ "type": "Feature", "properties": { "code": "47229", "name": "Villavicencio de los Caballeros" }, "geometry": { "type": "Polygon", "coordinates": [ [ [ -5.278979, 42.060291499000073 ], [ -5.25294, 42.082973499000047 ], [ -5.250885, 42.083690499000056 ], [ -5.241174499999943, 42.079494499000077 ], [ -5.223192499999925, 42.078960499000061 ], [ -5.219927499999926, 42.073367999000027 ], [ -5.209801499999969, 42.067588999000066 ], [ -5.207496499999934, 42.068370499000025 ], [ -5.182936, 42.063094999000043 ], [ -5.183116, 42.060901499000067 ], [ -5.179582, 42.058673999000064 ], [ -5.176223, 42.05901699900005 ], [ -5.174836143999926, 42.051996958000075 ], [ -5.186228912999979, 42.038478137000027 ], [ -5.187109, 42.03142899900007 ], [ -5.202068007999969, 42.025887134000072 ], [ -5.231546597999966, 42.031311022000068 ], [ -5.241089061999958, 42.028967201000057 ], [ -5.250955, 42.030917999000053 ], [ -5.273177499999974, 42.043761999000026 ], [ -5.278979, 42.060291499000073 ] ] ] } },
{ "type": "Feature", "properties": { "code": "47230", "name": "Wamba" }, "geometry": { "type": "Polygon", "coordinates": [ [ [ -4.908606, 41.71708299900007 ], [ -4.902429617999928, 41.710486814000035 ], [ -4.891418624999972, 41.707033469000066 ], [ -4.884474163999926, 41.695937720000074 ], [ -4.870829307999941, 41.685954890000062 ], [ -4.871085941999979, 41.679826239000079 ], [ -4.867148499999928, 41.671900999000059 ], [ -4.910953, 41.64450049900006 ], [ -4.914501499999972, 41.643531999000061 ], [ -4.937429177999945, 41.649070099000028 ], [ -4.947707335999951, 41.656355745000042 ], [ -4.944487, 41.670413999000061 ], [ -4.952819, 41.680503999000052 ], [ -4.946191135999925, 41.699735261000058 ], [ -4.941005104999931, 41.706884886000068 ], [ -4.930639366999969, 41.707985052000026 ], [ -4.908606, 41.71708299900007 ] ] ] } },
{ "type": "Feature", "properties": { "code": "47231", "name": "Zaratán" }, "geometry": { "type": "Polygon", "coordinates": [ [ [ -4.809379, 41.634570999000061 ], [ -4.824391555999966, 41.646540388000062 ], [ -4.830135608999967, 41.661039610000046 ], [ -4.829402, 41.667960999000059 ], [ -4.829951197999947, 41.673460307000028 ], [ -4.827753556999937, 41.674749345000066 ], [ -4.808170429999961, 41.676385727000024 ], [ -4.793658, 41.672944499000039 ], [ -4.782732263999947, 41.665319404000059 ], [ -4.761199444999932, 41.662556473000052 ], [ -4.764977589999944, 41.645427763000043 ], [ -4.776111, 41.634799999000052 ], [ -4.789630277999947, 41.635881648000066 ], [ -4.804646599999955, 41.632410932000028 ], [ -4.809379, 41.634570999000061 ] ] ] } },
{ "type": "Feature", "properties": { "code": "47232", "name": "Zarza, La" }, "geometry": { "type": "Polygon", "coordinates": [ [ [ -4.803971, 41.263911999000072 ], [ -4.802726, 41.274623499000029 ], [ -4.795973499999945, 41.277843499000028 ], [ -4.792929499999957, 41.28395849900005 ], [ -4.794773, 41.285480499000073 ], [ -4.797041499999978, 41.293334999000081 ], [ -4.782461393999938, 41.295294299000034 ], [ -4.772667252999952, 41.28895534600008 ], [ -4.756496398999957, 41.289013669000042 ], [ -4.735509069999978, 41.273061989000041 ], [ -4.73616523499993, 41.258025429000043 ], [ -4.756716001999962, 41.252020856000058 ], [ -4.748576, 41.241283499000076 ], [ -4.754380499999968, 41.238383999000064 ], [ -4.763658499999963, 41.238162999000053 ], [ -4.773144499999944, 41.239909999000076 ], [ -4.786489, 41.251430499000037 ], [ -4.789451499999927, 41.250644499000032 ], [ -4.796762499999943, 41.254855999000029 ], [ -4.799192, 41.258537499000056 ], [ -4.801428, 41.259509999000045 ], [ -4.803971, 41.263911999000072 ] ] ] } },
{ "type": "Feature", "properties": { "code": "47001", "name": "Adalia" }, "geometry": { "type": "Polygon", "coordinates": [ [ [ -5.133127, 41.620193499000038 ], [ -5.140700610999943, 41.625697685000034 ], [ -5.148283526999933, 41.627184954000029 ], [ -5.15372542199998, 41.634620624000036 ], [ -5.149374201999933, 41.640127677000066 ], [ -5.148269, 41.64862049900006 ], [ -5.129095980999978, 41.663779675000058 ], [ -5.10575549999993, 41.67276799900003 ], [ -5.101712010999961, 41.667521812000075 ], [ -5.100632499999961, 41.64380649900005 ], [ -5.10397420399994, 41.637383768000063 ], [ -5.113633271999959, 41.633573843000079 ], [ -5.11409249999997, 41.628299999000035 ], [ -5.127346499999931, 41.620723999000063 ], [ -5.133127, 41.620193499000038 ] ] ] } },
{ "type": "Feature", "properties": { "code": "47002", "name": "Aguasal" }, "geometry": { "type": "Polygon", "coordinates": [ [ [ -4.593418499999927, 41.296409499000049 ], [ -4.609367085999963, 41.294415548000075 ], [ -4.62557542299993, 41.281790839000053 ], [ -4.632219, 41.27272399900005 ], [ -4.637143, 41.270068999000046 ], [ -4.643165499999952, 41.264552999000045 ], [ -4.647696, 41.262424499000076 ], [ -4.652885499999968, 41.261378999000044 ], [ -4.654309499999954, 41.260104999000077 ], [ -4.664039, 41.258262499000068 ], [ -4.675026499999944, 41.261714999000048 ], [ -4.676527588999932, 41.274679301000049 ], [ -4.650578508999956, 41.29430089300007 ], [ -4.649273935999929, 41.304749814000047 ], [ -4.655520426999942, 41.320003836000069 ], [ -4.627782475999936, 41.327510672000074 ], [ -4.619818967999947, 41.32651973600008 ], [ -4.618467713999962, 41.328819078000038 ], [ -4.61179481299996, 41.319399343000043 ], [ -4.60097449999995, 41.321151499000052 ], [ -4.596874499999956, 41.320594499000038 ], [ -4.604155577999961, 41.31258045800007 ], [ -4.601042142999972, 41.302613449000035 ], [ -4.593418499999927, 41.296409499000049 ] ] ] } },
{ "type": "Feature", "properties": { "code": "47003", "name": "Aguilar de Campos" }, "geometry": { "type": "Polygon", "coordinates": [ [ [ -5.25462749999997, 41.980323999000063 ], [ -5.254696, 41.981635999000048 ], [ -5.252492307999944, 41.98514743800007 ], [ -5.24069525699997, 41.987917208000056 ], [ -5.208705308999981, 42.014148187000046 ], [ -5.194668706999948, 42.012590438000075 ], [ -5.169683728999928, 42.00318143700008 ], [ -5.161457729999938, 42.003006970000058 ], [ -5.157351499999947, 42.006301999000073 ], [ -5.149054, 42.00015249900008 ], [ -5.139803499999971, 41.997226999000077 ], [ -5.138142499999958, 41.992698499000028 ], [ -5.139027499999941, 41.988090499000066 ], [ -5.134037499999977, 41.986545499000044 ], [ -5.130917781999926, 41.976479297000026 ], [ -5.134132499999964, 41.966994999000065 ], [ -5.165153499999974, 41.947906499000055 ], [ -5.203655718999926, 41.962218256000028 ], [ -5.223518607999949, 41.955785185000025 ], [ -5.241428, 41.954654499000071 ], [ -5.253797775999942, 41.964276897000047 ], [ -5.252066247999949, 41.975358349000032 ], [ -5.25462749999997, 41.980323999000063 ] ] ] } },
{ "type": "Feature", "properties": { "code": "47004", "name": "Alaejos" }, "geometry": { "type": "Polygon", "coordinates": [ [ [ -5.159077499999967, 41.330825999000069 ], [ -5.156893452999952, 41.318529191000039 ], [ -5.142018911999969, 41.30820342100003 ], [ -5.147850435999942, 41.299041615000078 ], [ -5.150195, 41.278716999000039 ], [ -5.157699528999956, 41.274577779000026 ], [ -5.174739747999979, 41.271387966000077 ], [ -5.206619425999975, 41.271307894000074 ], [ -5.213932257999943, 41.265625039000042 ], [ -5.222701499999971, 41.243049499000051 ], [ -5.263142338999955, 41.249001473000078 ], [ -5.276371647999952, 41.261583424000037 ], [ -5.291766, 41.269202999000072 ], [ -5.296594499999969, 41.270728499000029 ], [ -5.294978, 41.282550499000081 ], [ -5.297293, 41.292358499000045 ], [ -5.3037, 41.300346499000057 ], [ -5.303267, 41.308387999000047 ], [ -5.306499, 41.311610999000038 ], [ -5.303535499999953, 41.315994499000055 ], [ -5.305513, 41.318221999000059 ], [ -5.264773262999938, 41.336236411000073 ], [ -5.238911499999972, 41.358771999000055 ], [ -5.22761167799996, 41.340558904000034 ], [ -5.207678289999933, 41.338146361000042 ], [ -5.176083700999925, 41.325582797000038 ], [ -5.166102959999932, 41.326611297000056 ], [ -5.159077499999967, 41.330825999000069 ] ] ] } },
{ "type": "Feature", "properties": { "code": "47005", "name": "Alcazarén" }, "geometry": { "type": "Polygon", "coordinates": [ [ [ -4.610305499999924, 41.390006999000036 ], [ -4.615900499999952, 41.375445999000078 ], [ -4.636575566999966, 41.363368319000074 ], [ -4.636902261999978, 41.354998058000035 ], [ -4.646414973999981, 41.354425048000053 ], [ -4.661380955999959, 41.344086721000053 ], [ -4.681151111999952, 41.346151833000079 ], [ -4.688798, 41.351871499000026 ], [ -4.688999471999978, 41.357612370000027 ], [ -4.696437742999933, 41.357660688000067 ], [ -4.715500963999943, 41.369536434000054 ], [ -4.718218958999955, 41.38873604500003 ], [ -4.73341234399993, 41.410453865000079 ], [ -4.723135499999955, 41.417419499000061 ], [ -4.712872129999937, 41.410201937000068 ], [ -4.700479437999945, 41.405967289000046 ], [ -4.676554906999968, 41.409436842000048 ], [ -4.654269864999947, 41.402359625000031 ], [ -4.636044190999939, 41.403193874000067 ], [ -4.621136499999977, 41.397979999000029 ], [ -4.610305499999924, 41.390006999000036 ] ] ] } },
{ "type": "Feature", "properties": { "code": "47006", "name": "Aldea de San Miguel" }, "geometry": { "type": "Polygon", "coordinates": [ [ [ -4.607702, 41.420764999000028 ], [ -4.633194590999949, 41.424848824000037 ], [ -4.634196437999947, 41.43294002500005 ], [ -4.647290629999929, 41.44017922200004 ], [ -4.653712, 41.450843999000028 ], [ -4.63588, 41.462627499000064 ], [ -4.63547449999993, 41.46504599900004 ], [ -4.625761, 41.472137499000041 ], [ -4.629270499999961, 41.477428499000041 ], [ -4.616444494999939, 41.475463254000033 ], [ -4.614400186999944, 41.471103467000034 ], [ -4.603402013999926, 41.466757077000068 ], [ -4.601717744999974, 41.44870247800003 ], [ -4.593754157999967, 41.444992607000074 ], [ -4.589890117999971, 41.437136190000047 ], [ -4.592229499999974, 41.427619999000058 ], [ -4.607702, 41.420764999000028 ] ] ] } },
{ "type": "Feature", "properties": { "code": "47007", "name": "Aldeamayor de San Martín" }, "geometry": { "type": "Polygon", "coordinates": [ [ [ -4.705939499999943, 41.526504499000055 ], [ -4.694689891999928, 41.525424318000034 ], [ -4.685487185999932, 41.529134275000047 ], [ -4.675798449999945, 41.541851257000076 ], [ -4.682721324999932, 41.543989836000037 ], [ -4.684323499999948, 41.547538999000039 ], [ -4.659754361999944, 41.546676133000062 ], [ -4.637586818999978, 41.558023510000055 ], [ -4.638481, 41.563438499000029 ], [ -4.615822499999979, 41.568557999000063 ], [ -4.603637274999926, 41.556581191000078 ], [ -4.583207499999958, 41.555118499000059 ], [ -4.577126466999971, 41.546423875000073 ], [ -4.584522499999935, 41.529422999000076 ], [ -4.585692625999968, 41.523163392000072 ], [ -4.591991461999953, 41.515347564000081 ], [ -4.628740499999935, 41.490199999000026 ], [ -4.655010165999954, 41.495548227000029 ], [ -4.672819002999972, 41.503148843000076 ], [ -4.686152963999973, 41.503193838000072 ], [ -4.690958333999959, 41.511092508000047 ], [ -4.705021418999934, 41.519866301000036 ], [ -4.705939499999943, 41.526504499000055 ] ] ] } },
{ "type": "Feature", "properties": { "code": "47008", "name": "Almenara de Adaja" }, "geometry": { "type": "Polygon", "coordinates": [ [ [ -4.647843499999965, 41.224124999000026 ], [ -4.650049938999928, 41.220838839000066 ], [ -4.647107514999959, 41.208808111000053 ], [ -4.650652, 41.20011499900005 ], [ -4.686415505999946, 41.187518494000074 ], [ -4.703048, 41.185561999000072 ], [ -4.708368, 41.193488999000067 ], [ -4.707988, 41.196315999000035 ], [ -4.70927249999994, 41.200252499000044 ], [ -4.712239499999953, 41.203414999000074 ], [ -4.714491, 41.20465099900008 ], [ -4.702945729999954, 41.212452065000036 ], [ -4.699680499999943, 41.220451499000035 ], [ -4.695018499999946, 41.220061999000052 ], [ -4.682977, 41.223136999000076 ], [ -4.676243499999941, 41.222892999000067 ], [ -4.668943499999955, 41.223937999000043 ], [ -4.656956, 41.226840999000046 ], [ -4.652791499999978, 41.229213999000081 ], [ -4.647843499999965, 41.224124999000026 ] ] ] } },
{ "type": "Feature", "properties": { "code": "47009", "name": "Amusquillo" }, "geometry": { "type": "Polygon", "coordinates": [ [ [ -4.280007499999954, 41.709780999000031 ], [ -4.296958202999974, 41.721937666000031 ], [ -4.301783789999945, 41.730959866000035 ], [ -4.308715844999938, 41.735670240000047 ], [ -4.319885365999937, 41.761971133000031 ], [ -4.317668499999968, 41.763435499000025 ], [ -4.317067341999973, 41.767911989000027 ], [ -4.306818499999963, 41.77591699900006 ], [ -4.286606, 41.774875999000074 ], [ -4.273884854999949, 41.770956642000044 ], [ -4.274931, 41.764980499000046 ], [ -4.280538926999952, 41.75473093100004 ], [ -4.278676480999934, 41.745406427000034 ], [ -4.284104493999962, 41.741611503000058 ], [ -4.286509294999973, 41.731469132000029 ], [ -4.280007499999954, 41.709780999000031 ] ] ] } },
{ "type": "Feature", "properties": { "code": "47010", "name": "Arroyo de la Encomienda" }, "geometry": { "type": "Polygon", "coordinates": [ [ [ -4.809379, 41.634570999000061 ], [ -4.804646599999955, 41.632410932000028 ], [ -4.789630277999947, 41.635881648000066 ], [ -4.776111, 41.634799999000052 ], [ -4.764029472999937, 41.622824446000038 ], [ -4.780416758999934, 41.611132247000057 ], [ -4.803313921999973, 41.606109939000078 ], [ -4.814608174999933, 41.610100405000026 ], [ -4.828088, 41.628688999000076 ], [ -4.826428, 41.63157299900007 ], [ -4.822470499999952, 41.633876999000051 ], [ -4.809379, 41.634570999000061 ] ] ] } },
{ "type": "Feature", "properties": { "code": "47011", "name": "Ataquines" }, "geometry": { "type": "Polygon", "coordinates": [ [ [ -4.703048, 41.185561999000072 ], [ -4.701934, 41.183524999000042 ], [ -4.702839, 41.176566999000045 ], [ -4.702369, 41.174518499000044 ], [ -4.708977499999946, 41.166927499000053 ], [ -4.721365, 41.156978499000047 ], [ -4.731802788999971, 41.15817478200006 ], [ -4.747276448999969, 41.167041012000027 ], [ -4.754937149999932, 41.178008410000075 ], [ -4.767750468999964, 41.182471416000055 ], [ -4.775696989999972, 41.180732570000032 ], [ -4.79448247199997, 41.166433898000037 ], [ -4.809025366999947, 41.164720351000028 ], [ -4.818816499999969, 41.160407999000029 ], [ -4.831423319999942, 41.175365458000044 ], [ -4.842133499999932, 41.178405499000064 ], [ -4.837619946999951, 41.181979256000034 ], [ -4.832125, 41.197009999000045 ], [ -4.832009866999954, 41.202849069000081 ], [ -4.822263736999957, 41.211252670000079 ], [ -4.819344499999943, 41.218661999000062 ], [ -4.791602216999934, 41.210108707000074 ], [ -4.773975, 41.211070999000071 ], [ -4.764689436999959, 41.193784317000052 ], [ -4.752867562999938, 41.188286454000036 ], [ -4.720270895999931, 41.204294255000036 ], [ -4.714491, 41.20465099900008 ], [ -4.712239499999953, 41.203414999000074 ], [ -4.70927249999994, 41.200252499000044 ], [ -4.707988, 41.196315999000035 ], [ -4.708368, 41.193488999000067 ], [ -4.703048, 41.185561999000072 ] ] ] } },
{ "type": "Feature", "properties": { "code": "47012", "name": "Bahabón" }, "geometry": { "type": "Polygon", "coordinates": [ [ [ -4.290878, 41.500995499000055 ], [ -4.277644, 41.509772999000063 ], [ -4.249455810999962, 41.498497710000038 ], [ -4.243192, 41.46089549900006 ], [ -4.250149256999975, 41.461139308000043 ], [ -4.262362419999931, 41.454043002000049 ], [ -4.269900563999954, 41.460337253000034 ], [ -4.292260502999966, 41.455269864000059 ], [ -4.300651, 41.457717999000067 ], [ -4.292143899999928, 41.463673868000058 ], [ -4.294099480999932, 41.478331092000076 ], [ -4.298447973999941, 41.486268433000077 ], [ -4.290878, 41.500995499000055 ] ] ] } },
{ "type": "Feature", "properties": { "code": "47013", "name": "Barcial de la Loma" }, "geometry": { "type": "Polygon", "coordinates": [ [ [ -5.267765, 41.923988499000075 ], [ -5.274254499999927, 41.923687499000039 ], [ -5.293752499999925, 41.919929499000034 ], [ -5.318779839999934, 41.936452981000059 ], [ -5.335233499999958, 41.937465499000041 ], [ -5.328958397999941, 41.943305398000064 ], [ -5.307105983999975, 41.952761635000059 ], [ -5.287417872999981, 41.972007315000042 ], [ -5.276064841999926, 41.978406663000044 ], [ -5.263428820999934, 41.981491536000078 ], [ -5.25462749999997, 41.980323999000063 ], [ -5.252066247999949, 41.975358349000032 ], [ -5.253797775999942, 41.964276897000047 ], [ -5.241428, 41.954654499000071 ], [ -5.254158823999944, 41.944644655000047 ], [ -5.258833531999926, 41.932745321000027 ], [ -5.267765, 41.923988499000075 ] ] ] } },
{ "type": "Feature", "properties": { "code": "47014", "name": "Barruelo del Valle" }, "geometry": { "type": "Polygon", "coordinates": [ [ [ -5.100987499999974, 41.648807499000043 ], [ -5.101712010999961, 41.667521812000075 ], [ -5.10575549999993, 41.67276799900003 ], [ -5.093456499999945, 41.693175999000061 ], [ -5.080585499999927, 41.707721499000058 ], [ -5.075689180999973, 41.695443521000072 ], [ -5.064731, 41.692596499000047 ], [ -5.066951732999939, 41.686792995000076 ], [ -5.064579610999942, 41.673456904000034 ], [ -5.067581459999928, 41.666438378000066 ], [ -5.075028499999974, 41.660545499000079 ], [ -5.081820166999933, 41.658454809000034 ], [ -5.084998, 41.654132999000069 ], [ -5.100987499999974, 41.648807499000043 ] ] ] } },
{ "type": "Feature", "properties": { "code": "47015", "name": "Becilla de Valderaduey" }, "geometry": { "type": "Polygon", "coordinates": [ [ [ -5.176223, 42.05901699900005 ], [ -5.179582, 42.058673999000064 ], [ -5.183116, 42.060901499000067 ], [ -5.182936, 42.063094999000043 ], [ -5.207496499999934, 42.068370499000025 ], [ -5.209801499999969, 42.067588999000066 ], [ -5.219927499999926, 42.073367999000027 ], [ -5.223192499999925, 42.078960499000061 ], [ -5.241174499999943, 42.079494499000077 ], [ -5.250885, 42.083690499000056 ], [ -5.25294, 42.082973499000047 ], [ -5.257378499999959, 42.089172499000028 ], [ -5.254950878999978, 42.093562177000081 ], [ -5.262601968999945, 42.113492918000077 ], [ -5.256153, 42.119075499000076 ], [ -5.253333, 42.118377499000076 ], [ -5.238782499999957, 42.119750999000075 ], [ -5.230568, 42.123523999000042 ], [ -5.226034499999969, 42.124274999000079 ], [ -5.220096, 42.122257499000057 ], [ -5.218673499999966, 42.124831999000037 ], [ -5.215843499999949, 42.126571499000079 ], [ -5.215967, 42.129424999000037 ], [ -5.195030165999981, 42.116813371000035 ], [ -5.188231068999926, 42.104587590000051 ], [ -5.156247, 42.08365199900004 ], [ -5.163626208999972, 42.076095029000044 ], [ -5.160697, 42.06591049900004 ], [ -5.165425, 42.062057499000048 ], [ -5.176223, 42.05901699900005 ] ] ] } },
{ "type": "Feature", "properties": { "code": "47016", "name": "Benafarces" }, "geometry": { "type": "Polygon", "coordinates": [ [ [ -5.253611, 41.61163349900005 ], [ -5.264382695999927, 41.612125043000049 ], [ -5.270560499999931, 41.601143499000045 ], [ -5.290733156999977, 41.608409753000046 ], [ -5.319455273999949, 41.61093743400005 ], [ -5.328914499999939, 41.615920999000025 ], [ -5.324142884999958, 41.63237364400004 ], [ -5.319533499999977, 41.636771999000075 ], [ -5.281496252999943, 41.635194623000075 ], [ -5.267636920999962, 41.631276906000039 ], [ -5.247521499999948, 41.61877049900005 ], [ -5.253611, 41.61163349900005 ] ] ] } },
{ "type": "Feature", "properties": { "code": "47017", "name": "Bercero" }, "geometry": { "type": "Polygon", "coordinates": [ [ [ -5.102236499999947, 41.51345849900008 ], [ -5.122597499999927, 41.499583999000038 ], [ -5.128273, 41.503120499000033 ], [ -5.111087727999973, 41.531171402000041 ], [ -5.113487898999949, 41.551703567000061 ], [ -5.121550499999955, 41.562106999000036 ], [ -5.120119652999961, 41.56630952900008 ], [ -5.113869, 41.570399999000074 ], [ -5.082387707999942, 41.579410948000032 ], [ -5.074982002999946, 41.586981420000029 ], [ -5.063907, 41.591220999000029 ], [ -5.052242134999972, 41.594022327000062 ], [ -5.048402499999952, 41.600520999000025 ], [ -5.028069499999958, 41.603397499000039 ], [ -5.026965913999959, 41.600780880000059 ], [ -5.046325184999944, 41.584032635000028 ], [ -5.035397739999951, 41.568200466000064 ], [ -5.028037499999925, 41.566360499000041 ], [ -5.027820499999962, 41.564410999000074 ], [ -5.023730499999942, 41.560554999000033 ], [ -5.023649499999976, 41.558746499000051 ], [ -5.043254735999938, 41.549352448000036 ], [ -5.055469564999953, 41.538524662000043 ], [ -5.076724481999975, 41.534662837000042 ], [ -5.102236499999947, 41.51345849900008 ] ] ] } },
{ "type": "Feature", "properties": { "code": "47018", "name": "Berceruelo" }, "geometry": { "type": "Polygon", "coordinates": [ [ [ -5.028069499999958, 41.603397499000039 ], [ -4.986518, 41.609424499000056 ], [ -4.984743499999979, 41.608295499000064 ], [ -4.982143, 41.604465499000071 ], [ -4.980046499999958, 41.599883999000042 ], [ -4.996876408999981, 41.587522555000078 ], [ -5.011274962999948, 41.581020442000067 ], [ -5.028037499999925, 41.566360499000041 ], [ -5.035397739999951, 41.568200466000064 ], [ -5.046325184999944, 41.584032635000028 ], [ -5.026965913999959, 41.600780880000059 ], [ -5.028069499999958, 41.603397499000039 ] ] ] } },
{ "type": "Feature", "properties": { "code": "47019", "name": "Berrueces" }, "geometry": { "type": "Polygon", "coordinates": [ [ [ -5.117339499999957, 41.960189999000079 ], [ -5.113108988999954, 41.967726436000078 ], [ -5.113149963999945, 41.975093352000044 ], [ -5.101674394999975, 41.976617664000059 ], [ -5.092959736999944, 41.96230263800004 ], [ -5.081827991999944, 41.959500165000065 ], [ -5.070329904999937, 41.950438432000055 ], [ -5.066895778999935, 41.945318127000064 ], [ -5.070556558999954, 41.939185185000042 ], [ -5.069519499999956, 41.935142499000051 ], [ -5.089802350999946, 41.925310368000055 ], [ -5.100398290999976, 41.923774814000069 ], [ -5.110414, 41.926185499000042 ], [ -5.116015796999932, 41.935329368000055 ], [ -5.112482933999956, 41.951902518000054 ], [ -5.119084972999929, 41.956768089000036 ], [ -5.117339499999957, 41.960189999000079 ] ] ] } },
{ "type": "Feature", "properties": { "code": "47020", "name": "Bobadilla del Campo" }, "geometry": { "type": "Polygon", "coordinates": [ [ [ -5.061847499999942, 41.188148499000079 ], [ -5.007577, 41.226955499000042 ], [ -4.99035, 41.199042999000028 ], [ -5.013886, 41.164264499000069 ], [ -5.022639607999963, 41.157413863000045 ], [ -5.021806499999968, 41.153568499000073 ], [ -5.049712, 41.142318999000054 ], [ -5.057127458999958, 41.147709288000044 ], [ -5.062581611999974, 41.158203141000058 ], [ -5.064776633999941, 41.169278271000053 ], [ -5.061847499999942, 41.188148499000079 ] ] ] } },
{ "type": "Feature", "properties": { "code": "47021", "name": "Bocigas" }, "geometry": { "type": "Polygon", "coordinates": [ [ [ -4.699680499999943, 41.220451499000035 ], [ -4.702436000999967, 41.233569272000068 ], [ -4.710904036999978, 41.237954752000064 ], [ -4.711145216999967, 41.246436229000039 ], [ -4.715661136999927, 41.256341950000035 ], [ -4.675026499999944, 41.261714999000048 ], [ -4.669555, 41.259689499000046 ], [ -4.661881731999927, 41.240138203000072 ], [ -4.652791499999978, 41.229213999000081 ], [ -4.656956, 41.226840999000046 ], [ -4.668943499999955, 41.223937999000043 ], [ -4.676243499999941, 41.222892999000067 ], [ -4.682977, 41.223136999000076 ], [ -4.695018499999946, 41.220061999000052 ], [ -4.699680499999943, 41.220451499000035 ] ] ] } },
{ "type": "Feature", "properties": { "code": "47022", "name": "Bocos de Duero" }, "geometry": { "type": "Polygon", "coordinates": [ [ [ -4.094498, 41.634280999000055 ], [ -4.079151558999968, 41.629767478000076 ], [ -4.067161152999972, 41.631628102000036 ], [ -4.062301500999979, 41.62363287200003 ], [ -4.042179699999963, 41.624086113000033 ], [ -4.03681385699997, 41.61712874300008 ], [ -4.032186499999966, 41.617126499000051 ], [ -4.028736, 41.614398999000059 ], [ -4.035103979999974, 41.608206239000026 ], [ -4.045081499999981, 41.605369499000062 ], [ -4.06186590599998, 41.610812330000044 ], [ -4.068382104999955, 41.621948605000057 ], [ -4.076016, 41.62033449900008 ], [ -4.078567867999936, 41.624916256000063 ], [ -4.090227456999969, 41.625556103000065 ], [ -4.095725426999934, 41.631361813000069 ], [ -4.094498, 41.634280999000055 ] ] ] } },
{ "type": "Feature", "properties": { "code": "47023", "name": "Boecillo" }, "geometry": { "type": "Polygon", "coordinates": [ [ [ -4.76949, 41.547381999000038 ], [ -4.767415, 41.549115999000037 ], [ -4.759095899999977, 41.548570553000047 ], [ -4.744939185999954, 41.555651125000054 ], [ -4.734182063999981, 41.550661521000052 ], [ -4.723551051999948, 41.557355188000031 ], [ -4.712543357999948, 41.554919376000043 ], [ -4.699916077999944, 41.559402983000041 ], [ -4.684205499999962, 41.557769499000074 ], [ -4.684323499999948, 41.547538999000039 ], [ -4.682721324999932, 41.543989836000037 ], [ -4.675798449999945, 41.541851257000076 ], [ -4.685487185999932, 41.529134275000047 ], [ -4.694689891999928, 41.525424318000034 ], [ -4.705939499999943, 41.526504499000055 ], [ -4.722937, 41.508525499000029 ], [ -4.740363970999965, 41.527222879000078 ], [ -4.74580132899996, 41.53095469200008 ], [ -4.756456080999953, 41.531320447000041 ], [ -4.769818848999932, 41.542072375000032 ], [ -4.76949, 41.547381999000038 ] ] ] } },
{ "type": "Feature", "properties": { "code": "47024", "name": "Bolaños de Campos" }, "geometry": { "type": "Polygon", "coordinates": [ [ [ -5.234318499999972, 41.993255499000043 ], [ -5.24069525699997, 41.987917208000056 ], [ -5.252492307999944, 41.98514743800007 ], [ -5.254696, 41.981635999000048 ], [ -5.261754074999942, 41.98411975700003 ], [ -5.283270705999939, 41.980361188000074 ], [ -5.300703830999964, 41.990809121000041 ], [ -5.308917253999937, 42.001565107000033 ], [ -5.316205847999925, 42.005226874000073 ], [ -5.323332, 42.018855999000039 ], [ -5.291079761999981, 42.031033630000024 ], [ -5.273177499999974, 42.043761999000026 ], [ -5.250955, 42.030917999000053 ], [ -5.248978215999955, 42.00443335500006 ], [ -5.24394710699994, 41.999802541000065 ], [ -5.236299051999936, 41.997904125000048 ], [ -5.234318499999972, 41.993255499000043 ] ] ] } },
{ "type": "Feature", "properties": { "code": "47025", "name": "Brahojos de Medina" }, "geometry": { "type": "Polygon", "coordinates": [ [ [ -5.007577, 41.226955499000042 ], [ -5.061847499999942, 41.188148499000079 ], [ -5.073593555999935, 41.181088660000057 ], [ -5.073275735999971, 41.201861498000028 ], [ -5.077505851999945, 41.22344436800006 ], [ -5.084342499999934, 41.23200599900008 ], [ -5.041829499999949, 41.253795499000034 ], [ -5.036345664999942, 41.247004418000074 ], [ -5.014755899999955, 41.246395829000051 ], [ -5.003948499999979, 41.232799499000066 ], [ -5.007577, 41.226955499000042 ] ] ] } },
{ "type": "Feature", "properties": { "code": "47026", "name": "Bustillo de Chaves" }, "geometry": { "type": "Polygon", "coordinates": [ [ [ -5.082360499999936, 42.138175999000055 ], [ -5.07616, 42.134658499000068 ], [ -5.070799, 42.127940999000032 ], [ -5.073577, 42.123744999000053 ], [ -5.073497499999974, 42.12128799900006 ], [ -5.07503, 42.11783949900007 ], [ -5.079172, 42.113963999000077 ], [ -5.080379499999935, 42.11092349900008 ], [ -5.088618499999939, 42.10770399900008 ], [ -5.099428499999931, 42.10471749900006 ], [ -5.110925, 42.103458499000055 ], [ -5.131581499999925, 42.106724499000052 ], [ -5.137138, 42.108703499000057 ], [ -5.139601, 42.112151999000048 ], [ -5.147507, 42.11740499900003 ], [ -5.15702, 42.127891499000043 ], [ -5.148329695999962, 42.14003720200003 ], [ -5.123967, 42.142700499000057 ], [ -5.116988499999934, 42.134437499000057 ], [ -5.107796, 42.134929499000066 ], [ -5.09822349999996, 42.13781749900005 ], [ -5.092683, 42.137836499000059 ], [ -5.088449, 42.140090999000051 ], [ -5.084575, 42.139648499000032 ], [ -5.082360499999936, 42.138175999000055 ] ] ] } },
{ "type": "Feature", "properties": { "code": "47027", "name": "Cabezón de Pisuerga" }, "geometry": { "type": "Polygon", "coordinates": [ [ [ -4.650246, 41.763450499000044 ], [ -4.635230000999968, 41.753676268000049 ], [ -4.621074953999937, 41.758671783000068 ], [ -4.612567, 41.75659949900006 ], [ -4.61216965999995, 41.748830754000039 ], [ -4.591533337999977, 41.738296740000067 ], [ -4.556878987999937, 41.729547079000042 ], [ -4.53587049999993, 41.719438499000034 ], [ -4.572256, 41.710693499000058 ], [ -4.612700593999932, 41.70327306300004 ], [ -4.62504843499994, 41.698851959000081 ], [ -4.632267499999955, 41.691894499000057 ], [ -4.634956, 41.692036999000038 ], [ -4.642589476999945, 41.70620526600004 ], [ -4.659021604999964, 41.707205377000037 ], [ -4.668814170999951, 41.717076031000033 ], [ -4.678716691999966, 41.720421284000054 ], [ -4.683215, 41.725043999000036 ], [ -4.650246, 41.763450499000044 ] ] ] } },
{ "type": "Feature", "properties": { "code": "47028", "name": "Cabezón de Valderaduey" }, "geometry": { "type": "Polygon", "coordinates": [ [ [ -5.171333499999946, 42.192737499000032 ], [ -5.145009768999955, 42.181877215000043 ], [ -5.138469499999928, 42.170512999000039 ], [ -5.151894134999964, 42.163554352000062 ], [ -5.16414799699993, 42.152714216000049 ], [ -5.177160712999978, 42.151774768000053 ], [ -5.190550499999972, 42.154758499000025 ], [ -5.190561, 42.157172999000068 ], [ -5.186905, 42.160648499000047 ], [ -5.177504, 42.165408999000078 ], [ -5.175887499999931, 42.168788999000071 ], [ -5.174505499999952, 42.179282999000066 ], [ -5.172427499999969, 42.183936999000025 ], [ -5.172786, 42.186660499000027 ], [ -5.170668499999977, 42.190643499000032 ], [ -5.171333499999946, 42.192737499000032 ] ] ] } },
{ "type": "Feature", "properties": { "code": "47029", "name": "Cabreros del Monte" }, "geometry": { "type": "Polygon", "coordinates": [ [ [ -5.329571499999929, 41.831134999000028 ], [ -5.307915315999935, 41.856555606000029 ], [ -5.308614251999927, 41.863554806000025 ], [ -5.305357, 41.867084499000043 ], [ -5.276925984999934, 41.876879804000055 ], [ -5.266289815999926, 41.876297419000025 ], [ -5.257114, 41.869834999000034 ], [ -5.247396499999979, 41.860019499000032 ], [ -5.245697499999949, 41.855216999000049 ], [ -5.241638, 41.853477499000064 ], [ -5.236225499999932, 41.846786499000075 ], [ -5.235447608999948, 41.844303739000054 ], [ -5.242730499999936, 41.838528499000063 ], [ -5.266451562999976, 41.832485422000047 ], [ -5.276837, 41.822887499000046 ], [ -5.28662200399998, 41.827067303000035 ], [ -5.309219928999937, 41.826064723000059 ], [ -5.329571499999929, 41.831134999000028 ] ] ] } },
{ "type": "Feature", "properties": { "code": "47030", "name": "Campaspero" }, "geometry": { "type": "Polygon", "coordinates": [ [ [ -4.227860499999963, 41.459968999000068 ], [ -4.234080577999976, 41.457146775000069 ], [ -4.243192, 41.46089549900006 ], [ -4.249455810999962, 41.498497710000038 ], [ -4.277644, 41.509772999000063 ], [ -4.274865499999976, 41.519119499000055 ], [ -4.272761, 41.52177049900007 ], [ -4.273717, 41.524039999000081 ], [ -4.272876, 41.525768499000037 ], [ -4.274235499999975, 41.528556999000045 ], [ -4.274675499999944, 41.531947999000067 ], [ -4.26645149999996, 41.532558499000061 ], [ -4.264772, 41.531280499000047 ], [ -4.261078, 41.53053649900005 ], [ -4.234970307999959, 41.536879536000072 ], [ -4.224705274999963, 41.52530389900005 ], [ -4.193776499999956, 41.513789999000039 ], [ -4.19207849999998, 41.514643999000043 ], [ -4.182180499999959, 41.510757499000078 ], [ -4.164480499999968, 41.497966999000027 ], [ -4.16699449999993, 41.492545999000072 ], [ -4.162853, 41.486705999000037 ], [ -4.158338499999957, 41.482097499000076 ], [ -4.168190219999929, 41.476343444000065 ], [ -4.195770870999979, 41.471438641000077 ], [ -4.227860499999963, 41.459968999000068 ] ] ] } },
{ "type": "Feature", "properties": { "code": "47031", "name": "Campillo, El" }, "geometry": { "type": "Polygon", "coordinates": [ [ [ -5.02308, 41.277812999000048 ], [ -5.013379371999974, 41.278489095000054 ], [ -4.988737, 41.288299499000061 ], [ -4.984006011999952, 41.282447492000074 ], [ -4.971343551999951, 41.275708866000059 ], [ -4.954370074999929, 41.276683711000032 ], [ -4.918589499999939, 41.266746499000078 ], [ -4.927118013999973, 41.256553200000042 ], [ -4.98251159299997, 41.242721786000061 ], [ -5.003948499999979, 41.232799499000066 ], [ -5.014755899999955, 41.246395829000051 ], [ -5.036345664999942, 41.247004418000074 ], [ -5.041829499999949, 41.253795499000034 ], [ -5.02308, 41.277812999000048 ] ] ] } },
{ "type": "Feature", "properties": { "code": "47032", "name": "Camporredondo" }, "geometry": { "type": "Polygon", "coordinates": [ [ [ -4.543474499999945, 41.448817999000028 ], [ -4.550828674999934, 41.455585008000071 ], [ -4.550435069999935, 41.462124525000036 ], [ -4.53317068299998, 41.464108556000042 ], [ -4.527490498999953, 41.479750435000028 ], [ -4.515882967999971, 41.493390040000065 ], [ -4.500117453999962, 41.504170231000046 ], [ -4.492973377999931, 41.504774978000057 ], [ -4.487017499999979, 41.497604499000033 ], [ -4.480955499999936, 41.483936499000038 ], [ -4.48092749999995, 41.474334499000065 ], [ -4.490149334999955, 41.460341988000039 ], [ -4.516163850999931, 41.462039120000043 ], [ -4.543474499999945, 41.448817999000028 ] ] ] } },
{ "type": "Feature", "properties": { "code": "47033", "name": "Canalejas de Peñafiel" }, "geometry": { "type": "Polygon", "coordinates": [ [ [ -4.108499, 41.55305099900005 ], [ -4.096687499999973, 41.550182499000073 ], [ -4.096206499999937, 41.545123999000054 ], [ -4.096814760999962, 41.528430547000028 ], [ -4.065298, 41.494739499000048 ], [ -4.078678, 41.49539949900003 ], [ -4.081564, 41.494578999000055 ], [ -4.094971, 41.489631499000041 ], [ -4.10872349999994, 41.483272499000066 ], [ -4.13568713799998, 41.476956951000034 ], [ -4.142756967999958, 41.470913725000059 ], [ -4.158338499999957, 41.482097499000076 ], [ -4.149503254999956, 41.49131107900007 ], [ -4.145311674999959, 41.501491003000069 ], [ -4.145144024999979, 41.512782802000061 ], [ -4.127149621999934, 41.529433077000078 ], [ -4.12589053399995, 41.53427808400005 ], [ -4.128903, 41.540412999000068 ], [ -4.111584724999943, 41.545192879000069 ], [ -4.108499, 41.55305099900005 ] ] ] } },
{ "type": "Feature", "properties": { "code": "47034", "name": "Canillas de Esgueva" }, "geometry": { "type": "Polygon", "coordinates": [ [ [ -4.120295, 41.731162999000048 ], [ -4.128793, 41.727458999000078 ], [ -4.139466499999969, 41.725993999000025 ], [ -4.144222, 41.722251999000036 ], [ -4.151071499999944, 41.725490499000045 ], [ -4.157586, 41.730083499000045 ], [ -4.159331499999951, 41.732829999000046 ], [ -4.161072499999932, 41.734008999000025 ], [ -4.151907302999973, 41.762732799000048 ], [ -4.153660571999978, 41.775805256000069 ], [ -4.135743, 41.803252999000051 ], [ -4.12322249999994, 41.807300499000064 ], [ -4.117923, 41.800266499000031 ], [ -4.11762, 41.796691999000075 ], [ -4.117872499999976, 41.787700499000039 ], [ -4.122960499999976, 41.773727499000074 ], [ -4.122003, 41.767745999000056 ], [ -4.114411, 41.754543499000079 ], [ -4.118577499999958, 41.749217999000052 ], [ -4.120295, 41.731162999000048 ] ] ] } },
{ "type": "Feature", "properties": { "code": "47035", "name": "Carpio" }, "geometry": { "type": "Polygon", "coordinates": [ [ [ -5.049712, 41.142318999000054 ], [ -5.059892, 41.138633499000036 ], [ -5.068019, 41.138362999000037 ], [ -5.076024, 41.13941599900005 ], [ -5.083568, 41.142864499000041 ], [ -5.100158, 41.147113499000056 ], [ -5.11007189299994, 41.148787647000063 ], [ -5.113653079999949, 41.152815611000051 ], [ -5.106490989999941, 41.169254601000034 ], [ -5.107617735999952, 41.190953818000025 ], [ -5.12621231199995, 41.207278689000077 ], [ -5.139815770999974, 41.20953075400007 ], [ -5.150807035999946, 41.221395061000067 ], [ -5.161432, 41.223693999000034 ], [ -5.141782988999978, 41.25067886100004 ], [ -5.132165050999959, 41.257185120000031 ], [ -5.143971819999933, 41.268606318000025 ], [ -5.14613849999995, 41.275153999000054 ], [ -5.129958981999948, 41.266323645000057 ], [ -5.113556234999976, 41.261379746000046 ], [ -5.103065923999964, 41.245167864000052 ], [ -5.084342499999934, 41.23200599900008 ], [ -5.077505851999945, 41.22344436800006 ], [ -5.073275735999971, 41.201861498000028 ], [ -5.073593555999935, 41.181088660000057 ], [ -5.061847499999942, 41.188148499000079 ], [ -5.064776633999941, 41.169278271000053 ], [ -5.062581611999974, 41.158203141000058 ], [ -5.057127458999958, 41.147709288000044 ], [ -5.049712, 41.142318999000054 ] ] ] } },
{ "type": "Feature", "properties": { "code": "47036", "name": "Casasola de Arión" }, "geometry": { "type": "Polygon", "coordinates": [ [ [ -5.293095499999936, 41.574378999000032 ], [ -5.268135359999974, 41.59060480200003 ], [ -5.27129950099993, 41.59605425400008 ], [ -5.270560499999931, 41.601143499000045 ], [ -5.264382695999927, 41.612125043000049 ], [ -5.253611, 41.61163349900005 ], [ -5.248236102999954, 41.610570859000063 ], [ -5.231211542999972, 41.593781772000057 ], [ -5.201431499999956, 41.577789499000062 ], [ -5.21539011599998, 41.573290180000072 ], [ -5.228986875999965, 41.564710416000025 ], [ -5.247807499999965, 41.546775999000033 ], [ -5.272619286999941, 41.551109617000066 ], [ -5.273189055999978, 41.558780158000047 ], [ -5.293095499999936, 41.574378999000032 ] ] ] } },
{ "type": "Feature", "properties": { "code": "47037", "name": "Castrejón de Trabancos" }, "geometry": { "type": "Polygon", "coordinates": [ [ [ -5.150195, 41.278716999000039 ], [ -5.14613849999995, 41.275153999000054 ], [ -5.143971819999933, 41.268606318000025 ], [ -5.132165050999959, 41.257185120000031 ], [ -5.141782988999978, 41.25067886100004 ], [ -5.161432, 41.223693999000034 ], [ -5.176722721999965, 41.227647116000071 ], [ -5.192779, 41.226451999000062 ], [ -5.205868909999936, 41.22767693600008 ], [ -5.20743631199997, 41.234994941000025 ], [ -5.216901554999936, 41.235674140000071 ], [ -5.222701499999971, 41.243049499000051 ], [ -5.213932257999943, 41.265625039000042 ], [ -5.206619425999975, 41.271307894000074 ], [ -5.174739747999979, 41.271387966000077 ], [ -5.157699528999956, 41.274577779000026 ], [ -5.150195, 41.278716999000039 ] ] ] } },
{ "type": "Feature", "properties": { "code": "47038", "name": "Castrillo de Duero" }, "geometry": { "type": "Polygon", "coordinates": [ [ [ -4.00334, 41.615955499000052 ], [ -4.00789623999998, 41.610671264000075 ], [ -3.993486059999952, 41.60791856600008 ], [ -3.991514061999965, 41.600028773000076 ], [ -3.985534381999969, 41.597302657000057 ], [ -3.980689499999926, 41.583366499000078 ], [ -3.981475073999945, 41.574063168000066 ], [ -3.993835389999958, 41.554974845000061 ], [ -3.99368, 41.539443999000071 ], [ -4.009254253999927, 41.548636084000066 ], [ -4.007631093999976, 41.554922131000069 ], [ -4.027478129999963, 41.563711345000058 ], [ -4.029330279999954, 41.58520857600007 ], [ -4.03270237199996, 41.593172356000025 ], [ -4.045081499999981, 41.605369499000062 ], [ -4.035103979999974, 41.608206239000026 ], [ -4.028736, 41.614398999000059 ], [ -4.017523414999971, 41.619823751000069 ], [ -4.00334, 41.615955499000052 ] ] ] } },
{ "type": "Feature", "properties": { "code": "47039", "name": "Castrillo-Tejeriego" }, "geometry": { "type": "Polygon", "coordinates": [ [ [ -4.423387499999933, 41.701843499000063 ], [ -4.405532148999953, 41.708621973000049 ], [ -4.398385499999961, 41.716098999000053 ], [ -4.397558499999946, 41.71893699900005 ], [ -4.360212499999932, 41.720455499000025 ], [ -4.344015, 41.720145999000067 ], [ -4.338859809999974, 41.717497637000065 ], [ -4.344622860999948, 41.709992622000073 ], [ -4.335677, 41.70079049900005 ], [ -4.342278952999948, 41.699248558000079 ], [ -4.342549419999955, 41.696514859000047 ], [ -4.33062547399993, 41.689184752000074 ], [ -4.321091869999975, 41.67682962300006 ], [ -4.322147499999971, 41.67324049900003 ], [ -4.335906254999941, 41.674735579000071 ], [ -4.349936807999939, 41.666472469000041 ], [ -4.373510202999967, 41.661329893000072 ], [ -4.381153833999974, 41.660742091000031 ], [ -4.38857571799997, 41.665385746000027 ], [ -4.398536, 41.664844499000026 ], [ -4.403282309999952, 41.676217338000072 ], [ -4.414114438999945, 41.687492823000071 ], [ -4.40851478999997, 41.695688356000062 ], [ -4.42092088499993, 41.698680096000032 ], [ -4.423387499999933, 41.701843499000063 ] ] ] } },
{ "type": "Feature", "properties": { "code": "47040", "name": "Castrobol" }, "geometry": { "type": "Polygon", "coordinates": [ [ [ -5.337130499999944, 42.120528999000044 ], [ -5.335658956999964, 42.135547022000026 ], [ -5.324792317999936, 42.138653054000031 ], [ -5.329970980999974, 42.144261440000037 ], [ -5.337338012999965, 42.145869038000058 ], [ -5.339922632999958, 42.150176787000078 ], [ -5.33264829999996, 42.15476041800008 ], [ -5.327546377999965, 42.162369487000035 ], [ -5.316354736999926, 42.161426309000035 ], [ -5.297870337999939, 42.153536428000052 ], [ -5.296997896999926, 42.145833895000067 ], [ -5.283558238999944, 42.132048931000043 ], [ -5.288804, 42.125201999000069 ], [ -5.321504499999946, 42.111930999000037 ], [ -5.334869788999981, 42.116713602000061 ], [ -5.337130499999944, 42.120528999000044 ] ] ] } },
{ "type": "Feature", "properties": { "code": "47041", "name": "Castrodeza" }, "geometry": { "type": "Polygon", "coordinates": [ [ [ -4.944487, 41.670413999000061 ], [ -4.947707335999951, 41.656355745000042 ], [ -4.937429177999945, 41.649070099000028 ], [ -4.914501499999972, 41.643531999000061 ], [ -4.920181901999968, 41.633967789000053 ], [ -4.932337611999969, 41.629486618000044 ], [ -4.950676390999945, 41.629326485000036 ], [ -4.978900188999944, 41.620664885000053 ], [ -4.986371887999951, 41.623201821000066 ], [ -4.98716782799994, 41.627002365000067 ], [ -4.982640432999972, 41.635332319000042 ], [ -4.976888309999936, 41.63787506400007 ], [ -4.976625720999948, 41.64479091000004 ], [ -4.963374787999953, 41.660045771000057 ], [ -4.944487, 41.670413999000061 ] ] ] } },
{ "type": "Feature", "properties": { "code": "47042", "name": "Castromembibre" }, "geometry": { "type": "Polygon", "coordinates": [ [ [ -5.324106499999971, 41.65047849900003 ], [ -5.324835049999933, 41.673573676000046 ], [ -5.328621712999961, 41.681534111000076 ], [ -5.338601457999971, 41.688077871000075 ], [ -5.340843499999949, 41.699111999000024 ], [ -5.339751, 41.703792499000031 ], [ -5.320011, 41.709323999000048 ], [ -5.312879011999939, 41.699601151000024 ], [ -5.307307188999971, 41.696953060000055 ], [ -5.303274397999928, 41.687792267000077 ], [ -5.285276358999965, 41.681089413000052 ], [ -5.28348, 41.673499999000057 ], [ -5.288613263999935, 41.664556104000042 ], [ -5.313811525999938, 41.651471400000048 ], [ -5.324106499999971, 41.65047849900003 ] ] ] } },
{ "type": "Feature", "properties": { "code": "47043", "name": "Castromonte" }, "geometry": { "type": "Polygon", "coordinates": [ [ [ -5.056980499999952, 41.81731049900003 ], [ -5.04507162699997, 41.815671321000025 ], [ -5.048033046999933, 41.802400887000033 ], [ -5.044020065999973, 41.794008839000071 ], [ -5.004612475999977, 41.806779456000072 ], [ -5.00021531799996, 41.810722751000071 ], [ -5.005538, 41.814345999000068 ], [ -4.991044024999951, 41.815034156000024 ], [ -4.964888, 41.793983499000035 ], [ -4.972791, 41.779735499000026 ], [ -4.97425, 41.775493499000049 ], [ -4.986560011999927, 41.771688576000031 ], [ -4.996383780999963, 41.759782966000046 ], [ -5.011799079999946, 41.748635043000036 ], [ -5.016738758999963, 41.739297629000077 ], [ -5.026781080999967, 41.734151517000043 ], [ -5.045698578999975, 41.732199543000036 ], [ -5.071954781999978, 41.717149479000057 ], [ -5.093456499999945, 41.693175999000061 ], [ -5.129914161999977, 41.702482648000057 ], [ -5.137694, 41.708644999000057 ], [ -5.13155837499994, 41.725311226000031 ], [ -5.13587870799995, 41.732940605000067 ], [ -5.127742, 41.74141699900008 ], [ -5.091954, 41.759910499000057 ], [ -5.07629645399993, 41.769991571000048 ], [ -5.077000149999947, 41.774176385000032 ], [ -5.068365372999949, 41.776011610000069 ], [ -5.06446137599994, 41.780186555000057 ], [ -5.063657418999981, 41.802837274000069 ], [ -5.056980499999952, 41.81731049900003 ] ] ] } },
{ "type": "Feature", "properties": { "code": "47044", "name": "Castronuevo de Esgueva" }, "geometry": { "type": "Polygon", "coordinates": [ [ [ -4.58692, 41.64058299900006 ], [ -4.598647056999937, 41.650628863000065 ], [ -4.600944097999957, 41.661001720000058 ], [ -4.609468092999975, 41.664314166000054 ], [ -4.616834094999945, 41.676749689000076 ], [ -4.630816, 41.68743149900007 ], [ -4.632267499999955, 41.691894499000057 ], [ -4.62504843499994, 41.698851959000081 ], [ -4.612700593999932, 41.70327306300004 ], [ -4.572256, 41.710693499000058 ], [ -4.562714892999963, 41.68216740400004 ], [ -4.56389637999996, 41.667368138000029 ], [ -4.556004962999964, 41.658143565000046 ], [ -4.551243, 41.656509499000038 ], [ -4.555688938999936, 41.652818375000038 ], [ -4.563912874999971, 41.653369270000042 ], [ -4.575512183999933, 41.647975621000057 ], [ -4.58105579599993, 41.639653388000056 ], [ -4.58692, 41.64058299900006 ] ] ] } },
{ "type": "Feature", "properties": { "code": "47045", "name": "Castronuño" }, "geometry": { "type": "Polygon", "coordinates": [ [ [ -5.187687, 41.456493499000032 ], [ -5.202680253999972, 41.454337126000041 ], [ -5.197783954999977, 41.427837540000041 ], [ -5.191489, 41.419997999000032 ], [ -5.207862570999964, 41.402422026000067 ], [ -5.238911499999972, 41.358771999000055 ], [ -5.264773262999938, 41.336236411000073 ], [ -5.305513, 41.318221999000059 ], [ -5.315342863999945, 41.320589575000042 ], [ -5.322144499999979, 41.326347499000065 ], [ -5.333517499999971, 41.364795499000024 ], [ -5.333065, 41.381549999000072 ], [ -5.31954860999997, 41.401913240000056 ], [ -5.298452499999939, 41.422160999000027 ], [ -5.287583499999926, 41.428531999000029 ], [ -5.259360323999942, 41.461823616000061 ], [ -5.236465, 41.478488999000035 ], [ -5.203623749999963, 41.479546467000034 ], [ -5.198487278999949, 41.482250149000038 ], [ -5.190698499999939, 41.478702499000065 ], [ -5.191474687999971, 41.473883699000055 ], [ -5.186894658999961, 41.468008516000054 ], [ -5.187687, 41.456493499000032 ] ] ] } },
{ "type": "Feature", "properties": { "code": "47046", "name": "Castroponce" }, "geometry": { "type": "Polygon", "coordinates": [ [ [ -5.197889499999974, 42.148936999000057 ], [ -5.171373365999955, 42.142315112000063 ], [ -5.147507, 42.11740499900003 ], [ -5.139601, 42.112151999000048 ], [ -5.137138, 42.108703499000057 ], [ -5.131581499999925, 42.106724499000052 ], [ -5.150338305999981, 42.085559480000029 ], [ -5.156247, 42.08365199900004 ], [ -5.188231068999926, 42.104587590000051 ], [ -5.195030165999981, 42.116813371000035 ], [ -5.215967, 42.129424999000037 ], [ -5.213989850999951, 42.136111095000047 ], [ -5.201241499999981, 42.149276499000052 ], [ -5.197889499999974, 42.148936999000057 ] ] ] } },
{ "type": "Feature", "properties": { "code": "47047", "name": "Castroverde de Cerrato" }, "geometry": { "type": "Polygon", "coordinates": [ [ [ -4.269933499999979, 41.695685999000034 ], [ -4.269142593999959, 41.702205547000062 ], [ -4.260488803999976, 41.713935071000037 ], [ -4.264937701999941, 41.726801418000036 ], [ -4.260825620999981, 41.727992013000062 ], [ -4.250970447999975, 41.723893027000031 ], [ -4.247180509999964, 41.734818354000026 ], [ -4.249852957999963, 41.75106762300004 ], [ -4.256340364999971, 41.756257465000033 ], [ -4.263071, 41.76928299900004 ], [ -4.263989600999935, 41.773222014000055 ], [ -4.260067427999957, 41.777806421000037 ], [ -4.262815841999952, 41.780512582000028 ], [ -4.256741898999962, 41.785131507000074 ], [ -4.256203002999939, 41.790632091000077 ], [ -4.253085493999947, 41.795538108000073 ], [ -4.250846001999946, 41.79669470500005 ], [ -4.244768056999931, 41.796637215000032 ], [ -4.242263474999959, 41.79844021200006 ], [ -4.236144177999961, 41.811407570000028 ], [ -4.236052, 41.813960999000074 ], [ -4.232954, 41.808112999000059 ], [ -4.233500334999974, 41.778565456000081 ], [ -4.230846782999947, 41.774252037000053 ], [ -4.22208085699998, 41.772071933000063 ], [ -4.211174865999965, 41.762122669000064 ], [ -4.210609706999946, 41.738859532000049 ], [ -4.207391, 41.733398499000032 ], [ -4.229513285999928, 41.713427483000032 ], [ -4.248754428999973, 41.704366781000033 ], [ -4.253434499999969, 41.69567949900005 ], [ -4.262130794999962, 41.693179734000068 ], [ -4.269933499999979, 41.695685999000034 ] ] ] } },
{ "type": "Feature", "properties": { "code": "47048", "name": "Ceinos de Campos" }, "geometry": { "type": "Polygon", "coordinates": [ [ [ -5.176223, 42.05901699900005 ], [ -5.165425, 42.062057499000048 ], [ -5.160697, 42.06591049900004 ], [ -5.137925745999951, 42.057791006000059 ], [ -5.115996499999937, 42.055179499000076 ], [ -5.115978499999926, 42.052081999000052 ], [ -5.107054499999947, 42.03947449900005 ], [ -5.105872499999975, 42.025996999000029 ], [ -5.10194249999995, 42.019576999000037 ], [ -5.102875499999925, 42.017505499000038 ], [ -5.108729, 42.009318999000072 ], [ -5.117303499999935, 42.004192499000055 ], [ -5.121190499999955, 41.998401499000067 ], [ -5.132025499999941, 41.98914699900007 ], [ -5.134037499999977, 41.986545499000044 ], [ -5.139027499999941, 41.988090499000066 ], [ -5.138142499999958, 41.992698499000028 ], [ -5.139803499999971, 41.997226999000077 ], [ -5.149054, 42.00015249900008 ], [ -5.155923499999972, 42.00477999900005 ], [ -5.170845691999943, 42.020784135000042 ], [ -5.170546016999936, 42.026978533000033 ], [ -5.187109, 42.03142899900007 ], [ -5.186228912999979, 42.038478137000027 ], [ -5.174836143999926, 42.051996958000075 ], [ -5.176223, 42.05901699900005 ] ] ] } },
{ "type": "Feature", "properties": { "code": "47049", "name": "Cervillego de la Cruz" }, "geometry": { "type": "Polygon", "coordinates": [ [ [ -4.962320499999976, 41.210513999000057 ], [ -4.959687499999973, 41.201766999000029 ], [ -4.938912, 41.198146999000073 ], [ -4.930834, 41.192725999000061 ], [ -4.944171714999925, 41.17954196800008 ], [ -4.965169104999973, 41.165741356000069 ], [ -4.989764499999978, 41.160815999000079 ], [ -5.00384943399996, 41.159493296000051 ], [ -5.013886, 41.164264499000069 ], [ -4.99035, 41.199042999000028 ], [ -4.970448, 41.206283499000051 ], [ -4.962320499999976, 41.210513999000057 ] ] ] } },
{ "type": "Feature", "properties": { "code": "47050", "name": "Cigales" }, "geometry": { "type": "Polygon", "coordinates": [ [ [ -4.789274499999976, 41.818015999000067 ], [ -4.770114499999977, 41.823112499000047 ], [ -4.769263, 41.825847499000076 ], [ -4.767130499999951, 41.82622899900008 ], [ -4.739606512999956, 41.824037796000027 ], [ -4.73546741499996, 41.815613047000056 ], [ -4.723772592999978, 41.805629465000038 ], [ -4.682126201999949, 41.791926993000061 ], [ -4.678660223999941, 41.784538921000035 ], [ -4.667461923999952, 41.773337901000048 ], [ -4.654866529999936, 41.768792672000075 ], [ -4.650246, 41.763450499000044 ], [ -4.683215, 41.725043999000036 ], [ -4.688751041999978, 41.721064520000027 ], [ -4.689041, 41.715644999000062 ], [ -4.707790347999946, 41.71813009400006 ], [ -4.717878, 41.724647499000071 ], [ -4.716599286999951, 41.734178346000078 ], [ -4.726759884999979, 41.744779329000039 ], [ -4.742506483999932, 41.770193291000055 ], [ -4.745388007999964, 41.779563692000067 ], [ -4.759049037999944, 41.792562094000061 ], [ -4.785437591999937, 41.807689129000039 ], [ -4.791931499999976, 41.814823499000056 ], [ -4.789274499999976, 41.818015999000067 ] ] ] } },
{ "type": "Feature", "properties": { "code": "47051", "name": "Ciguñuela" }, "geometry": { "type": "Polygon", "coordinates": [ [ [ -4.910953, 41.64450049900006 ], [ -4.867148499999928, 41.671900999000059 ], [ -4.854338, 41.670035999000049 ], [ -4.829402, 41.667960999000059 ], [ -4.830135608999967, 41.661039610000046 ], [ -4.824391555999966, 41.646540388000062 ], [ -4.809379, 41.634570999000061 ], [ -4.822470499999952, 41.633876999000051 ], [ -4.826428, 41.63157299900007 ], [ -4.828088, 41.628688999000076 ], [ -4.838832869999976, 41.628415354000026 ], [ -4.84629836199997, 41.620134755000038 ], [ -4.853971510999941, 41.622777425000038 ], [ -4.887902, 41.619087499000045 ], [ -4.905787911999937, 41.642574589000048 ], [ -4.911042499999951, 41.640201499000057 ], [ -4.910953, 41.64450049900006 ] ] ] } },
{ "type": "Feature", "properties": { "code": "47052", "name": "Cistérniga" }, "geometry": { "type": "Polygon", "coordinates": [ [ [ -4.643492499999979, 41.626999499000078 ], [ -4.638843, 41.611961999000073 ], [ -4.630562037999937, 41.609541395000065 ], [ -4.609445802999971, 41.581158483000024 ], [ -4.619628612999975, 41.575472771000079 ], [ -4.615822499999979, 41.568557999000063 ], [ -4.638481, 41.563438499000029 ], [ -4.642245396999954, 41.567616625000028 ], [ -4.649785055999928, 41.568086918000063 ], [ -4.665706031999946, 41.564919746000044 ], [ -4.669818, 41.558780499000079 ], [ -4.673199069999953, 41.580866143000037 ], [ -4.678529907999973, 41.59260732100006 ], [ -4.68149073799998, 41.594657228000074 ], [ -4.695053499999972, 41.593573999000057 ], [ -4.692884210999978, 41.601533851000056 ], [ -4.694906937999974, 41.611165635000077 ], [ -4.692227036999952, 41.615316301000064 ], [ -4.663479571999972, 41.625890992000052 ], [ -4.643492499999979, 41.626999499000078 ] ] ] } },
{ "type": "Feature", "properties": { "code": "47053", "name": "Cogeces de Íscar" }, "geometry": { "type": "Polygon", "coordinates": [ [ [ -4.556948, 41.387958499000035 ], [ -4.558428641999967, 41.396552136000025 ], [ -4.555617106999932, 41.407558685000026 ], [ -4.568555, 41.424007499000027 ], [ -4.553686598999946, 41.425244055000064 ], [ -4.546876, 41.432300499000064 ], [ -4.533909499999936, 41.429042499000047 ], [ -4.532221, 41.430019499000025 ], [ -4.530895499999929, 41.427623499000049 ], [ -4.528665499999931, 41.426921999000058 ], [ -4.515898499999935, 41.413615999000058 ], [ -4.514645, 41.40962599900007 ], [ -4.516523499999948, 41.408527499000058 ], [ -4.514355499999965, 41.40599049900004 ], [ -4.515985, 41.401420499000039 ], [ -4.515301, 41.394096499000057 ], [ -4.530121507999979, 41.396150353000053 ], [ -4.556948, 41.387958499000035 ] ] ] } },
{ "type": "Feature", "properties": { "code": "47054", "name": "Cogeces del Monte" }, "geometry": { "type": "Polygon", "coordinates": [ [ [ -4.277644, 41.509772999000063 ], [ -4.290878, 41.500995499000055 ], [ -4.295775204999927, 41.503272399000025 ], [ -4.307905116999962, 41.496764411000072 ], [ -4.340297126999928, 41.496361400000069 ], [ -4.359211374999973, 41.503566775000024 ], [ -4.36668948199997, 41.51147865300004 ], [ -4.381075591999945, 41.512533960000042 ], [ -4.389037733999942, 41.519104688000027 ], [ -4.394021, 41.518115999000031 ], [ -4.398857534999934, 41.526983260000065 ], [ -4.40526, 41.531379499000025 ], [ -4.408458632999952, 41.542879102000029 ], [ -4.406968805999952, 41.545737597000027 ], [ -4.395369649999964, 41.549447899000029 ], [ -4.385360220999928, 41.547165575000065 ], [ -4.367458659999954, 41.552493369000047 ], [ -4.368109808999975, 41.559446687000047 ], [ -4.382061499999963, 41.56497949900006 ], [ -4.370778131999941, 41.565632740000069 ], [ -4.359967579999932, 41.56114965200004 ], [ -4.351917542999956, 41.56261700400006 ], [ -4.343154091999963, 41.571073326000032 ], [ -4.33441286599998, 41.573105948000034 ], [ -4.320557208999958, 41.584395960000052 ], [ -4.319121525999947, 41.588373210000043 ], [ -4.322359383999981, 41.594884033000028 ], [ -4.297833499999967, 41.597816499000032 ], [ -4.304085461999932, 41.572974622000061 ], [ -4.301734214999954, 41.56468673300003 ], [ -4.280629319999946, 41.56369036600006 ], [ -4.275098513999978, 41.540226966000034 ], [ -4.258791, 41.531345999000052 ], [ -4.261078, 41.53053649900005 ], [ -4.264772, 41.531280499000047 ], [ -4.26645149999996, 41.532558499000061 ], [ -4.274675499999944, 41.531947999000067 ], [ -4.274235499999975, 41.528556999000045 ], [ -4.272876, 41.525768499000037 ], [ -4.273717, 41.524039999000081 ], [ -4.272761, 41.52177049900007 ], [ -4.274865499999976, 41.519119499000055 ], [ -4.277644, 41.509772999000063 ] ] ] } },
{ "type": "Feature", "properties": { "code": "47055", "name": "Corcos" }, "geometry": { "type": "Polygon", "coordinates": [ [ [ -4.758447, 41.825778999000079 ], [ -4.755391, 41.83242799900006 ], [ -4.74808349999995, 41.840545499000029 ], [ -4.726467, 41.854507499000078 ], [ -4.678734352999925, 41.812247091000074 ], [ -4.643007337999961, 41.800255917000072 ], [ -4.640312115999961, 41.79401742500005 ], [ -4.641620632999945, 41.784195261000036 ], [ -4.629764722999937, 41.764670956000032 ], [ -4.625613407999936, 41.764731821000055 ], [ -4.605512, 41.786822999000037 ], [ -4.599136499999929, 41.792651999000043 ], [ -4.596116133999942, 41.782991935000041 ], [ -4.585714, 41.775893999000061 ], [ -4.602446980999957, 41.774648759000058 ], [ -4.604727528999945, 41.769995732000041 ], [ -4.601151063999964, 41.761866549000047 ], [ -4.612567, 41.75659949900006 ], [ -4.621074953999937, 41.758671783000068 ], [ -4.635230000999968, 41.753676268000049 ], [ -4.650246, 41.763450499000044 ], [ -4.654866529999936, 41.768792672000075 ], [ -4.667461923999952, 41.773337901000048 ], [ -4.678660223999941, 41.784538921000035 ], [ -4.682126201999949, 41.791926993000061 ], [ -4.723772592999978, 41.805629465000038 ], [ -4.73546741499996, 41.815613047000056 ], [ -4.739606512999956, 41.824037796000027 ], [ -4.758447, 41.825778999000079 ] ] ] } },
{ "type": "Feature", "properties": { "code": "47056", "name": "Corrales de Duero" }, "geometry": { "type": "Polygon", "coordinates": [ [ [ -4.09661, 41.673927499000058 ], [ -4.089673588999972, 41.685323586000038 ], [ -4.061618777999968, 41.675530873000071 ], [ -4.05604632099994, 41.684128734000069 ], [ -4.055942012999935, 41.690012903000024 ], [ -4.044471590999933, 41.693093495000028 ], [ -4.04251241299994, 41.703556365000054 ], [ -4.039124499999957, 41.706676499000025 ], [ -4.026317679999977, 41.69194103500007 ], [ -4.023852, 41.67132949900008 ], [ -4.024767, 41.661655499000062 ], [ -4.025887, 41.659537999000065 ], [ -4.05505949999997, 41.655814999000029 ], [ -4.054324, 41.656966999000076 ], [ -4.05358711699995, 41.669085279000058 ], [ -4.059038957999974, 41.672355827000047 ], [ -4.06523606899998, 41.670418159000064 ], [ -4.071376, 41.656825999000034 ], [ -4.073537, 41.655383999000037 ], [ -4.082743401999949, 41.654152767000028 ], [ -4.089377105999972, 41.660530139000059 ], [ -4.098688488999926, 41.663045876000069 ], [ -4.099249, 41.668723999000065 ], [ -4.09661, 41.673927499000058 ] ] ] } },
{ "type": "Feature", "properties": { "code": "47057", "name": "Cubillas de Santa Marta" }, "geometry": { "type": "Polygon", "coordinates": [ [ [ -4.618108, 41.851222999000072 ], [ -4.604913837999959, 41.839552120000064 ], [ -4.590788590999978, 41.835991948000071 ], [ -4.58221685999996, 41.822796117000053 ], [ -4.566114, 41.812568499000065 ], [ -4.566561350999962, 41.80510213000008 ], [ -4.580884828999956, 41.800460344000044 ], [ -4.577689088999932, 41.791730088000065 ], [ -4.579817526999932, 41.788377341000057 ], [ -4.587036800999954, 41.788286146000075 ], [ -4.595248646999949, 41.794241080000063 ], [ -4.599136499999929, 41.792651999000043 ], [ -4.605512, 41.786822999000037 ], [ -4.617684360999931, 41.796559142000035 ], [ -4.613115277999952, 41.802203988000031 ], [ -4.626904083999932, 41.807499930000063 ], [ -4.631416180999963, 41.819632522000063 ], [ -4.638077858999964, 41.825732347000041 ], [ -4.632883849999928, 41.830833737000034 ], [ -4.63879815699994, 41.835617099000046 ], [ -4.618108, 41.851222999000072 ] ] ] } },
{ "type": "Feature", "properties": { "code": "47058", "name": "Cuenca de Campos" }, "geometry": { "type": "Polygon", "coordinates": [ [ [ -5.102875499999925, 42.017505499000038 ], [ -5.10194249999995, 42.019576999000037 ], [ -5.105872499999975, 42.025996999000029 ], [ -5.107054499999947, 42.03947449900005 ], [ -5.115978499999926, 42.052081999000052 ], [ -5.115996499999937, 42.055179499000076 ], [ -5.102665499999944, 42.068294499000046 ], [ -5.090659, 42.076618499000062 ], [ -5.077427499999942, 42.075671999000065 ], [ -5.070065499999941, 42.074199499000031 ], [ -5.055977499999926, 42.07624449900004 ], [ -5.048396499999967, 42.076560999000037 ], [ -5.041422499999953, 42.076251999000078 ], [ -5.039655, 42.075439499000026 ], [ -5.033836, 42.070731999000031 ], [ -5.022001, 42.063098999000033 ], [ -5.007209499999931, 42.058143499000039 ], [ -4.999541, 42.033691499000042 ], [ -5.030002499999966, 42.020949999000038 ], [ -5.032156, 42.023696999000038 ], [ -5.039424499999939, 42.02436749900005 ], [ -5.046854499999938, 42.023326499000063 ], [ -5.057462499999929, 42.019248999000069 ], [ -5.076420499999927, 42.020301999000026 ], [ -5.08904, 42.016532999000049 ], [ -5.102875499999925, 42.017505499000038 ] ] ] } },
{ "type": "Feature", "properties": { "code": "47059", "name": "Curiel de Duero" }, "geometry": { "type": "Polygon", "coordinates": [ [ [ -4.073537, 41.655383999000037 ], [ -4.069432499999948, 41.653331999000045 ], [ -4.051144499999964, 41.656497999000067 ], [ -4.025887, 41.659537999000065 ], [ -4.027253499999972, 41.657111999000051 ], [ -4.06111705099994, 41.650375991000033 ], [ -4.067915228999937, 41.651820342000065 ], [ -4.069756914999971, 41.64699568900005 ], [ -4.088594181999952, 41.648172536000061 ], [ -4.095725426999934, 41.631361813000069 ], [ -4.090227456999969, 41.625556103000065 ], [ -4.078567867999936, 41.624916256000063 ], [ -4.076016, 41.62033449900008 ], [ -4.084058252999966, 41.613647892000074 ], [ -4.095433250999974, 41.613820935000035 ], [ -4.103471191999972, 41.620625994000079 ], [ -4.131242499999928, 41.629836999000077 ], [ -4.137214, 41.634253999000066 ], [ -4.139691499999969, 41.637183999000058 ], [ -4.141736499999979, 41.641467999000042 ], [ -4.141948499999955, 41.647357999000064 ], [ -4.145602, 41.653606499000034 ], [ -4.138596606999954, 41.659084666000069 ], [ -4.124497002999931, 41.653079997000077 ], [ -4.110976104999963, 41.651747423000074 ], [ -4.099249, 41.668723999000065 ], [ -4.098688488999926, 41.663045876000069 ], [ -4.089377105999972, 41.660530139000059 ], [ -4.082743401999949, 41.654152767000028 ], [ -4.073537, 41.655383999000037 ] ] ] } },
{ "type": "Feature", "properties": { "code": "47060", "name": "Encinas de Esgueva" }, "geometry": { "type": "Polygon", "coordinates": [ [ [ -4.120295, 41.731162999000048 ], [ -4.118577499999958, 41.749217999000052 ], [ -4.114411, 41.754543499000079 ], [ -4.122003, 41.767745999000056 ], [ -4.122960499999976, 41.773727499000074 ], [ -4.117872499999976, 41.787700499000039 ], [ -4.117923, 41.800266499000031 ], [ -4.111053349999963, 41.794461839000064 ], [ -4.108286518999932, 41.785622286000034 ], [ -4.099981771999978, 41.775449814000069 ], [ -4.087267434999944, 41.779142776000072 ], [ -4.071070966999969, 41.770826912000075 ], [ -4.065322931999958, 41.77052956700004 ], [ -4.058805630999927, 41.774306728000056 ], [ -4.040900499999964, 41.768344499000079 ], [ -4.044506, 41.767421499000079 ], [ -4.049608, 41.768195999000056 ], [ -4.052762, 41.759475499000075 ], [ -4.055809499999953, 41.740680499000064 ], [ -4.070364211999959, 41.739720599000066 ], [ -4.075790255999948, 41.733874896000032 ], [ -4.076383499999963, 41.72607799900004 ], [ -4.104143, 41.721076999000047 ], [ -4.112919, 41.718272999000078 ], [ -4.120295, 41.731162999000048 ] ] ] } },
{ "type": "Feature", "properties": { "code": "47061", "name": "Esguevillas de Esgueva" }, "geometry": { "type": "Polygon", "coordinates": [ [ [ -4.403993, 41.783164999000064 ], [ -4.383341112999972, 41.786858141000039 ], [ -4.377836869999953, 41.78125869400003 ], [ -4.329779499999972, 41.768684499000074 ], [ -4.335581267999942, 41.756883671000026 ], [ -4.342054523999934, 41.753004426000075 ], [ -4.344093477999934, 41.744190790000061 ], [ -4.351420151999946, 41.733543200000042 ], [ -4.350289973999963, 41.723976024000081 ], [ -4.344015, 41.720145999000067 ], [ -4.360212499999932, 41.720455499000025 ], [ -4.397558499999946, 41.71893699900005 ], [ -4.398385499999961, 41.716098999000053 ], [ -4.39982286399993, 41.728378792000058 ], [ -4.404365690999953, 41.734439981000037 ], [ -4.442215499999975, 41.758643999000071 ], [ -4.434008, 41.761775999000065 ], [ -4.421447, 41.768127499000059 ], [ -4.403993, 41.783164999000064 ] ] ] } },
{ "type": "Feature", "properties": { "code": "47062", "name": "Fombellida" }, "geometry": { "type": "Polygon", "coordinates": [ [ [ -4.253434499999969, 41.69567949900005 ], [ -4.248754428999973, 41.704366781000033 ], [ -4.229513285999928, 41.713427483000032 ], [ -4.207391, 41.733398499000032 ], [ -4.204526993999934, 41.744043685000065 ], [ -4.19398485499994, 41.759475936000058 ], [ -4.186031499999956, 41.802390999000067 ], [ -4.163999545999957, 41.800785670000039 ], [ -4.154509554999947, 41.796849648000034 ], [ -4.135743, 41.803252999000051 ], [ -4.153660571999978, 41.775805256000069 ], [ -4.151907302999973, 41.762732799000048 ], [ -4.161072499999932, 41.734008999000025 ], [ -4.192644477999977, 41.722594400000048 ], [ -4.20120512699998, 41.715575733000037 ], [ -4.199753, 41.709319999000058 ], [ -4.227216, 41.704726999000059 ], [ -4.253434499999969, 41.69567949900005 ] ] ] } },
{ "type": "Feature", "properties": { "code": "47063", "name": "Fompedraza" }, "geometry": { "type": "Polygon", "coordinates": [ [ [ -4.158338499999957, 41.482097499000076 ], [ -4.162853, 41.486705999000037 ], [ -4.16699449999993, 41.492545999000072 ], [ -4.164480499999968, 41.497966999000027 ], [ -4.182180499999959, 41.510757499000078 ], [ -4.160610477999967, 41.538951656000052 ], [ -4.133944607999979, 41.545520056000043 ], [ -4.128903, 41.540412999000068 ], [ -4.12589053399995, 41.53427808400005 ], [ -4.127149621999934, 41.529433077000078 ], [ -4.145144024999979, 41.512782802000061 ], [ -4.145311674999959, 41.501491003000069 ], [ -4.149503254999956, 41.49131107900007 ], [ -4.158338499999957, 41.482097499000076 ] ] ] } },
{ "type": "Feature", "properties": { "code": "47064", "name": "Fontihoyuelo" }, "geometry": { "type": "Polygon", "coordinates": [ [ [ -5.026982, 42.153892499000051 ], [ -5.02996481699995, 42.147182924000049 ], [ -5.043430359999945, 42.142722952000042 ], [ -5.059538442999951, 42.144740493000029 ], [ -5.066701, 42.142936499000029 ], [ -5.085389, 42.168552499000043 ], [ -5.083826449999947, 42.178481979000026 ], [ -5.077766, 42.186370999000076 ], [ -5.06352837999998, 42.185596562000057 ], [ -5.056713440999943, 42.17923268100003 ], [ -5.031909499999927, 42.173610499000063 ], [ -5.026736353999979, 42.164682304000053 ], [ -5.026982, 42.153892499000051 ] ] ] } },
{ "type": "Feature", "properties": { "code": "47065", "name": "Fresno el Viejo" }, "geometry": { "type": "Polygon", "coordinates": [ [ [ -5.100158, 41.147113499000056 ], [ -5.109020535999946, 41.137907749000078 ], [ -5.122779650999973, 41.135433395000064 ], [ -5.124957, 41.132056999000042 ], [ -5.137789021999936, 41.144455839000045 ], [ -5.180166410999959, 41.166779102000078 ], [ -5.192235593999953, 41.16259205700004 ], [ -5.208636738999928, 41.165823272000068 ], [ -5.218247499999961, 41.159598999000025 ], [ -5.221341013999961, 41.162356084000066 ], [ -5.218546664999963, 41.16769479900006 ], [ -5.229284, 41.189857499000027 ], [ -5.222687951999944, 41.19601784300005 ], [ -5.203204333999963, 41.205770122000047 ], [ -5.192779, 41.226451999000062 ], [ -5.176722721999965, 41.227647116000071 ], [ -5.150807035999946, 41.221395061000067 ], [ -5.139815770999974, 41.20953075400007 ], [ -5.12621231199995, 41.207278689000077 ], [ -5.107617735999952, 41.190953818000025 ], [ -5.106490989999941, 41.169254601000034 ], [ -5.113653079999949, 41.152815611000051 ], [ -5.11007189299994, 41.148787647000063 ], [ -5.100158, 41.147113499000056 ] ] ] } },
{ "type": "Feature", "properties": { "code": "47066", "name": "Fuensaldaña" }, "geometry": { "type": "Polygon", "coordinates": [ [ [ -4.695054, 41.716217499000038 ], [ -4.706181147999928, 41.711425277000046 ], [ -4.713492436999957, 41.698852309000074 ], [ -4.72237383199996, 41.693017014000077 ], [ -4.737095388999933, 41.696383251000043 ], [ -4.746584458999962, 41.69204836800003 ], [ -4.759656013999972, 41.690887880000048 ], [ -4.792008499999952, 41.695651999000063 ], [ -4.798212913999976, 41.70059245200008 ], [ -4.815784, 41.737312499000041 ], [ -4.807044241999961, 41.736462091000078 ], [ -4.799520658999938, 41.728226925000058 ], [ -4.78664357599996, 41.721075733000077 ], [ -4.758535364999943, 41.71812226600008 ], [ -4.747351551999941, 41.723151753000025 ], [ -4.735232714999938, 41.71920417900003 ], [ -4.717878, 41.724647499000071 ], [ -4.707790347999946, 41.71813009400006 ], [ -4.695054, 41.716217499000038 ] ] ] } },
{ "type": "Feature", "properties": { "code": "47067", "name": "Fuente el Sol" }, "geometry": { "type": "Polygon", "coordinates": [ [ [ -4.930834, 41.192725999000061 ], [ -4.919068577999951, 41.188974191000057 ], [ -4.896141499999942, 41.191329999000061 ], [ -4.89126049999993, 41.18286899900005 ], [ -4.891697499999964, 41.173648999000079 ], [ -4.904480302999957, 41.166836228000079 ], [ -4.92719048999993, 41.162660305000031 ], [ -4.943051063999974, 41.151002667000057 ], [ -4.950838, 41.140720499000054 ], [ -4.95802, 41.139022999000076 ], [ -4.96258163899995, 41.140862786000071 ], [ -4.966676961999951, 41.151199833000078 ], [ -4.982629619999955, 41.152119615000061 ], [ -4.989764499999978, 41.160815999000079 ], [ -4.965169104999973, 41.165741356000069 ], [ -4.944171714999925, 41.17954196800008 ], [ -4.930834, 41.192725999000061 ] ] ] } },
{ "type": "Feature", "properties": { "code": "47068", "name": "Fuente-Olmedo" }, "geometry": { "type": "Polygon", "coordinates": [ [ [ -4.612556, 41.244125499000063 ], [ -4.62396149999995, 41.234351999000069 ], [ -4.62914, 41.232890999000062 ], [ -4.633124499999951, 41.229530499000077 ], [ -4.637281499999972, 41.227363499000035 ], [ -4.647843499999965, 41.224124999000026 ], [ -4.661881731999927, 41.240138203000072 ], [ -4.669555, 41.259689499000046 ], [ -4.664039, 41.258262499000068 ], [ -4.654309499999954, 41.260104999000077 ], [ -4.652885499999968, 41.261378999000044 ], [ -4.647696, 41.262424499000076 ], [ -4.643165499999952, 41.264552999000045 ], [ -4.637143, 41.270068999000046 ], [ -4.632219, 41.27272399900005 ], [ -4.63166549999994, 41.270640999000079 ], [ -4.625991499999941, 41.265689999000074 ], [ -4.625857, 41.263625999000055 ], [ -4.623853499999939, 41.262267999000073 ], [ -4.62521, 41.25681699900008 ], [ -4.624452, 41.25222799900007 ], [ -4.621792, 41.247462999000049 ], [ -4.612556, 41.244125499000063 ] ] ] } },
{ "type": "Feature", "properties": { "code": "47069", "name": "Gallegos de Hornija" }, "geometry": { "type": "Polygon", "coordinates": [ [ [ -5.063907, 41.591220999000029 ], [ -5.098835823999934, 41.598976569000058 ], [ -5.126492118999977, 41.614924937000069 ], [ -5.127346499999931, 41.620723999000063 ], [ -5.11409249999997, 41.628299999000035 ], [ -5.097500817999958, 41.620937419000029 ], [ -5.087525653999933, 41.612790178000068 ], [ -5.055273220999936, 41.603258785000037 ], [ -5.049931499999957, 41.598045499000079 ], [ -5.052242134999972, 41.594022327000062 ], [ -5.063907, 41.591220999000029 ] ] ] } },
{ "type": "Feature", "properties": { "code": "47070", "name": "Gatón de Campos" }, "geometry": { "type": "Polygon", "coordinates": [ [ [ -4.94972, 42.051002499000049 ], [ -4.945576499999959, 42.042297499000028 ], [ -4.938152499999944, 42.019862999000054 ], [ -4.936027, 42.017902499000058 ], [ -4.951030499999945, 42.012054499000044 ], [ -4.96372699899996, 42.023509860000047 ], [ -4.993208609999954, 42.028632492000042 ], [ -4.999541, 42.033691499000042 ], [ -5.009246499999961, 42.063346999000032 ], [ -5.000836499999934, 42.066440499000066 ], [ -4.955540118999977, 42.057048783000027 ], [ -4.94972, 42.051002499000049 ] ] ] } },
{ "type": "Feature", "properties": { "code": "47071", "name": "Geria" }, "geometry": { "type": "Polygon", "coordinates": [ [ [ -4.885503, 41.616683999000031 ], [ -4.874282549999975, 41.607340728000054 ], [ -4.874170889999959, 41.600767111000039 ], [ -4.866967970999951, 41.58710482400005 ], [ -4.861966091999932, 41.56625026100005 ], [ -4.866479526999967, 41.557161524000037 ], [ -4.865498499999944, 41.550475999000071 ], [ -4.869164126999976, 41.553961054000069 ], [ -4.883342967999965, 41.548225 ], [ -4.908315, 41.556674999000052 ], [ -4.910335534999945, 41.558848209000075 ], [ -4.909428, 41.572028999000054 ], [ -4.899833308999973, 41.580786636000028 ], [ -4.901853, 41.596393499000044 ], [ -4.89021396399994, 41.598972537000066 ], [ -4.882973724999943, 41.604075941000076 ], [ -4.885503, 41.616683999000031 ] ] ] } },
{ "type": "Feature", "properties": { "code": "47073", "name": "Herrín de Campos" }, "geometry": { "type": "Polygon", "coordinates": [ [ [ -4.917844499999944, 42.090778499000066 ], [ -4.928042, 42.088184499000079 ], [ -4.951275499999952, 42.091960999000037 ], [ -4.953086499999927, 42.093002499000079 ], [ -4.96048849999994, 42.093524999000067 ], [ -4.964049499999931, 42.092876999000055 ], [ -4.981796499999973, 42.096290499000077 ], [ -4.978286781999941, 42.11321336900005 ], [ -4.980496579999965, 42.120359959000041 ], [ -4.97431176799995, 42.13063679000004 ], [ -4.981268, 42.14682749900004 ], [ -4.979303192999964, 42.151016093000067 ], [ -4.967752510999958, 42.154993550000029 ], [ -4.963229362999925, 42.150514585000053 ], [ -4.945165302999953, 42.152488553000069 ], [ -4.927515, 42.150195999000061 ], [ -4.929647022999973, 42.142855032000057 ], [ -4.925888443999952, 42.122063688000026 ], [ -4.927808679999941, 42.117443655000045 ], [ -4.920387189999929, 42.097720020000054 ], [ -4.915611526999953, 42.092926172000034 ], [ -4.917844499999944, 42.090778499000066 ] ] ] } },
{ "type": "Feature", "properties": { "code": "47074", "name": "Hornillos de Eresma" }, "geometry": { "type": "Polygon", "coordinates": [ [ [ -4.688798, 41.351871499000026 ], [ -4.685398457999952, 41.332158349000053 ], [ -4.721593821999932, 41.322499357000027 ], [ -4.730807385999981, 41.329617295000048 ], [ -4.750067090999949, 41.333085710000034 ], [ -4.758689300999947, 41.357638639000072 ], [ -4.770782, 41.35522449900003 ], [ -4.751683182999955, 41.394087482000032 ], [ -4.742696505999959, 41.392619947000071 ], [ -4.737643251999941, 41.396983539000075 ], [ -4.725738, 41.39862049900006 ], [ -4.718218958999955, 41.38873604500003 ], [ -4.715500963999943, 41.369536434000054 ], [ -4.696437742999933, 41.357660688000067 ], [ -4.688999471999978, 41.357612370000027 ], [ -4.688798, 41.351871499000026 ] ] ] } },
{ "type": "Feature", "properties": { "code": "47075", "name": "Íscar" }, "geometry": { "type": "Polygon", "coordinates": [ [ [ -4.596874499999956, 41.320594499000038 ], [ -4.588854499999968, 41.320445999000071 ], [ -4.581469, 41.321853499000042 ], [ -4.579374, 41.325077499000031 ], [ -4.574591, 41.327972499000055 ], [ -4.566766499999972, 41.336582499000031 ], [ -4.558414499999969, 41.341117999000062 ], [ -4.556887499999959, 41.344814499000051 ], [ -4.566171, 41.362125499000058 ], [ -4.566044, 41.36871349900008 ], [ -4.563691499999948, 41.373859499000048 ], [ -4.565023499999938, 41.378562999000053 ], [ -4.563938355999937, 41.385177724000073 ], [ -4.530121507999979, 41.396150353000053 ], [ -4.515301, 41.394096499000057 ], [ -4.484022, 41.366805999000064 ], [ -4.484021499999926, 41.365664999000046 ], [ -4.495864687999926, 41.362996887000065 ], [ -4.499593672999936, 41.356863402000045 ], [ -4.497760486999937, 41.349290342000074 ], [ -4.501785603999963, 41.348302703000059 ], [ -4.502062452999951, 41.343452996000053 ], [ -4.493410313999959, 41.326914444000067 ], [ -4.473908, 41.322269499000072 ], [ -4.469823272999975, 41.313076290000026 ], [ -4.467808499999933, 41.295898499000032 ], [ -4.471487, 41.291572999000039 ], [ -4.490935040999943, 41.301203431000033 ], [ -4.500089499999945, 41.30092249900008 ], [ -4.506044368999937, 41.311118212000054 ], [ -4.526496751999957, 41.320527501000072 ], [ -4.532716954999955, 41.319604593000065 ], [ -4.560851295999953, 41.302734840000028 ], [ -4.574261055999955, 41.307048552000026 ], [ -4.586430904999929, 41.316537543000038 ], [ -4.596874499999956, 41.320594499000038 ] ] ] } },
{ "type": "Feature", "properties": { "code": "47076", "name": "Laguna de Duero" }, "geometry": { "type": "Polygon", "coordinates": [ [ [ -4.767415, 41.549115999000037 ], [ -4.771565015999954, 41.55491668500008 ], [ -4.758699270999955, 41.560138902000062 ], [ -4.757076301999973, 41.577892409000071 ], [ -4.750369285999966, 41.587905502000069 ], [ -4.726268780999931, 41.596566784000061 ], [ -4.709705778999933, 41.591509865000035 ], [ -4.68149073799998, 41.594657228000074 ], [ -4.678529907999973, 41.59260732100006 ], [ -4.673199069999953, 41.580866143000037 ], [ -4.669818, 41.558780499000079 ], [ -4.678863313999955, 41.560517760000039 ], [ -4.684205499999962, 41.557769499000074 ], [ -4.699916077999944, 41.559402983000041 ], [ -4.712543357999948, 41.554919376000043 ], [ -4.723551051999948, 41.557355188000031 ], [ -4.734182063999981, 41.550661521000052 ], [ -4.744939185999954, 41.555651125000054 ], [ -4.759095899999977, 41.548570553000047 ], [ -4.767415, 41.549115999000037 ] ] ] } },
{ "type": "Feature", "properties": { "code": "47077", "name": "Langayo" }, "geometry": { "type": "Polygon", "coordinates": [ [ [ -4.205637499999966, 41.518153999000049 ], [ -4.224705274999963, 41.52530389900005 ], [ -4.234970307999959, 41.536879536000072 ], [ -4.258791, 41.531345999000052 ], [ -4.275098513999978, 41.540226966000034 ], [ -4.280629319999946, 41.56369036600006 ], [ -4.301734214999954, 41.56468673300003 ], [ -4.304085461999932, 41.572974622000061 ], [ -4.301207499999975, 41.585960499000066 ], [ -4.28517825299997, 41.577358350000054 ], [ -4.26450194399996, 41.583357567000064 ], [ -4.244709215999933, 41.579763172000071 ], [ -4.237307594999947, 41.579193288000056 ], [ -4.226355140999942, 41.580002924000041 ], [ -4.218935511999973, 41.578875388000029 ], [ -4.203374100999952, 41.581095389000041 ], [ -4.191012669999964, 41.579621695000071 ], [ -4.178404590999946, 41.569124504000058 ], [ -4.173889214999974, 41.567560749000052 ], [ -4.163964499999963, 41.566867999000067 ], [ -4.169194220999941, 41.55989080900008 ], [ -4.176240771999971, 41.556184363000057 ], [ -4.179782209999928, 41.547964881000041 ], [ -4.194600916999946, 41.541594173000078 ], [ -4.205637499999966, 41.518153999000049 ] ] ] } },
{ "type": "Feature", "properties": { "code": "47078", "name": "Lomoviejo" }, "geometry": { "type": "Polygon", "coordinates": [ [ [ -4.891697499999964, 41.173648999000079 ], [ -4.883153, 41.175788999000076 ], [ -4.864152499999932, 41.193507999000076 ], [ -4.842914499999949, 41.194778499000051 ], [ -4.832125, 41.197009999000045 ], [ -4.837619946999951, 41.181979256000034 ], [ -4.842133499999932, 41.178405499000064 ], [ -4.867957192999938, 41.168341111000075 ], [ -4.881893587999969, 41.167228953000063 ], [ -4.885949148999941, 41.159079977000033 ], [ -4.884378, 41.146529999000052 ], [ -4.892699, 41.140033499000026 ], [ -4.909048499999926, 41.118781999000078 ], [ -4.938793648999933, 41.131969219000041 ], [ -4.950838, 41.140720499000054 ], [ -4.943051063999974, 41.151002667000057 ], [ -4.92719048999993, 41.162660305000031 ], [ -4.904480302999957, 41.166836228000079 ], [ -4.891697499999964, 41.173648999000079 ] ] ] } },
{ "type": "Feature", "properties": { "code": "47079", "name": "Llano de Olmedo" }, "geometry": { "type": "Polygon", "coordinates": [ [ [ -4.612556, 41.244125499000063 ], [ -4.621792, 41.247462999000049 ], [ -4.624452, 41.25222799900007 ], [ -4.62521, 41.25681699900008 ], [ -4.623853499999939, 41.262267999000073 ], [ -4.625857, 41.263625999000055 ], [ -4.625991499999941, 41.265689999000074 ], [ -4.63166549999994, 41.270640999000079 ], [ -4.632219, 41.27272399900005 ], [ -4.62557542299993, 41.281790839000053 ], [ -4.609367085999963, 41.294415548000075 ], [ -4.593418499999927, 41.296409499000049 ], [ -4.577545400999952, 41.285406282000054 ], [ -4.573907499999962, 41.275211499000079 ], [ -4.59736733799997, 41.264816395000025 ], [ -4.612556, 41.244125499000063 ] ] ] } },
{ "type": "Feature", "properties": { "code": "47080", "name": "Manzanillo" }, "geometry": { "type": "Polygon", "coordinates": [ [ [ -4.163964499999963, 41.566867999000067 ], [ -4.173889214999974, 41.567560749000052 ], [ -4.178404590999946, 41.569124504000058 ], [ -4.191012669999964, 41.579621695000071 ], [ -4.203374100999952, 41.581095389000041 ], [ -4.218935511999973, 41.578875388000029 ], [ -4.226355140999942, 41.580002924000041 ], [ -4.237307594999947, 41.579193288000056 ], [ -4.244709215999933, 41.579763172000071 ], [ -4.26450194399996, 41.583357567000064 ], [ -4.266692, 41.582923999000059 ], [ -4.270985085999939, 41.585707534000051 ], [ -4.266506576999973, 41.589249826000071 ], [ -4.246449458999962, 41.595772398000065 ], [ -4.224322499999971, 41.593784499000037 ], [ -4.180989563999958, 41.599364575000038 ], [ -4.155450003999931, 41.595645346000026 ], [ -4.158354255999939, 41.58839448100008 ], [ -4.154438994999964, 41.579227157000048 ], [ -4.158764, 41.572467999000025 ], [ -4.163964499999963, 41.566867999000067 ] ] ] } },
{ "type": "Feature", "properties": { "code": "47081", "name": "Marzales" }, "geometry": { "type": "Polygon", "coordinates": [ [ [ -5.157195, 41.602298499000028 ], [ -5.154214987999978, 41.599339109000027 ], [ -5.145926166999971, 41.599628328000051 ], [ -5.139298512999972, 41.593268853000041 ], [ -5.125929137999947, 41.587235677000081 ], [ -5.113869, 41.570399999000074 ], [ -5.120119652999961, 41.56630952900008 ], [ -5.121550499999955, 41.562106999000036 ], [ -5.128176610999958, 41.560284739000053 ], [ -5.140106052999954, 41.564612312000065 ], [ -5.147567427999945, 41.558925671000054 ], [ -5.151948772999958, 41.571780904000036 ], [ -5.157906027999957, 41.572351189000074 ], [ -5.161329630999944, 41.579326107000043 ], [ -5.169971, 41.585349999000073 ], [ -5.17166, 41.593524999000067 ], [ -5.161426791999929, 41.595866468000054 ], [ -5.161027, 41.601325999000039 ], [ -5.157195, 41.602298499000028 ] ] ] } },
{ "type": "Feature", "properties": { "code": "47082", "name": "Matapozuelos" }, "geometry": { "type": "Polygon", "coordinates": [ [ [ -4.803337, 41.397432999000046 ], [ -4.812906267999949, 41.426487597000062 ], [ -4.819786, 41.436427999000045 ], [ -4.808334203999948, 41.445847401000037 ], [ -4.808168499999965, 41.453365499000029 ], [ -4.767500310999935, 41.443660729000044 ], [ -4.75442646099998, 41.444693645000029 ], [ -4.745757499999968, 41.448943999000051 ], [ -4.735647, 41.436072999000032 ], [ -4.732628, 41.429366999000081 ], [ -4.723135499999955, 41.417419499000061 ], [ -4.73341234399993, 41.410453865000079 ], [ -4.725738, 41.39862049900006 ], [ -4.737643251999941, 41.396983539000075 ], [ -4.742696505999959, 41.392619947000071 ], [ -4.751683182999955, 41.394087482000032 ], [ -4.770782, 41.35522449900003 ], [ -4.782062817999929, 41.359345030000043 ], [ -4.79338649999994, 41.359504499000025 ], [ -4.794853, 41.371135499000047 ], [ -4.799958, 41.383308499000066 ], [ -4.800229499999944, 41.392758499000081 ], [ -4.803337, 41.397432999000046 ] ] ] } },
{ "type": "Feature", "properties": { "code": "47083", "name": "Matilla de los Caños" }, "geometry": { "type": "Polygon", "coordinates": [ [ [ -4.945636499999978, 41.556823499000075 ], [ -4.946354799999938, 41.55096263300004 ], [ -4.944974122999952, 41.545834055000057 ], [ -4.93671113299996, 41.541614077000077 ], [ -4.925591164999958, 41.542367465000041 ], [ -4.918802765999942, 41.530666167000049 ], [ -4.920894887999964, 41.529723243000035 ], [ -4.940737575999947, 41.52787786500005 ], [ -4.951577964999956, 41.525865123000074 ], [ -4.95617217399996, 41.528812644000027 ], [ -4.964331294999965, 41.53194226800008 ], [ -4.98315933899994, 41.541628963000051 ], [ -4.985170499999981, 41.543475999000066 ], [ -4.981476, 41.548114999000063 ], [ -4.979033, 41.548995999000056 ], [ -4.975373, 41.552443999000047 ], [ -4.974206, 41.555896999000026 ], [ -4.971816499999932, 41.558898999000064 ], [ -4.974366499999974, 41.562278499000058 ], [ -4.965279, 41.565955999000039 ], [ -4.965446499999928, 41.567916999000033 ], [ -4.959642, 41.565150999000025 ], [ -4.957266499999946, 41.561542499000041 ], [ -4.952851, 41.55787299900004 ], [ -4.951364499999954, 41.555511499000033 ], [ -4.945636499999978, 41.556823499000075 ] ] ] } },
{ "type": "Feature", "properties": { "code": "47084", "name": "Mayorga" }, "geometry": { "type": "MultiPolygon", "coordinates": [ [ [ [ -5.208783, 42.189727499000071 ], [ -5.217718908999927, 42.182019421000064 ], [ -5.219979934999969, 42.168074746000059 ], [ -5.209670607999954, 42.160868840000035 ], [ -5.201241499999981, 42.149276499000052 ], [ -5.213989850999951, 42.136111095000047 ], [ -5.215967, 42.129424999000037 ], [ -5.215843499999949, 42.126571499000079 ], [ -5.218673499999966, 42.124831999000037 ], [ -5.220096, 42.122257499000057 ], [ -5.226034499999969, 42.124274999000079 ], [ -5.230568, 42.123523999000042 ], [ -5.238782499999957, 42.119750999000075 ], [ -5.253333, 42.118377499000076 ], [ -5.256153, 42.119075499000076 ], [ -5.263893386999939, 42.127012835000073 ], [ -5.274010726999961, 42.130406177000054 ], [ -5.281001409999931, 42.130123390000051 ], [ -5.288804, 42.125201999000069 ], [ -5.283558238999944, 42.132048931000043 ], [ -5.296997896999926, 42.145833895000067 ], [ -5.297870337999939, 42.153536428000052 ], [ -5.316354736999926, 42.161426309000035 ], [ -5.327546377999965, 42.162369487000035 ], [ -5.33264829999996, 42.15476041800008 ], [ -5.339922632999958, 42.150176787000078 ], [ -5.337338012999965, 42.145869038000058 ], [ -5.329970980999974, 42.144261440000037 ], [ -5.324792317999936, 42.138653054000031 ], [ -5.335658956999964, 42.135547022000026 ], [ -5.337130499999944, 42.120528999000044 ], [ -5.344702625999957, 42.116036566000048 ], [ -5.35855817099997, 42.113905817000045 ], [ -5.363858019999952, 42.108661537000046 ], [ -5.372817174999966, 42.108713837000039 ], [ -5.377610499999946, 42.112876999000036 ], [ -5.373785543999929, 42.118245997000031 ], [ -5.375101394999945, 42.124904398000069 ], [ -5.372411101999944, 42.130548092000026 ], [ -5.381167, 42.15066549900007 ], [ -5.380471644999943, 42.163070868000034 ], [ -5.388612015999968, 42.174142484000072 ], [ -5.387056796999957, 42.188343374000056 ], [ -5.381224549999956, 42.197839916000078 ], [ -5.388493104999952, 42.206298678000053 ], [ -5.388998499999957, 42.217921999000055 ], [ -5.380774332999977, 42.224691953000047 ], [ -5.373742265999965, 42.222599206000041 ], [ -5.36103305499995, 42.224544095000056 ], [ -5.353131670999971, 42.220045742000025 ], [ -5.34576549999997, 42.219733999000027 ], [ -5.336947066999926, 42.216267423000033 ], [ -5.331618130999971, 42.208658826000033 ], [ -5.320693541999958, 42.206644998000058 ], [ -5.310726957999975, 42.200136236000048 ], [ -5.300509159999933, 42.21459632300008 ], [ -5.300532742999962, 42.222672041000067 ], [ -5.28827780599994, 42.229075941000076 ], [ -5.276768415999925, 42.217138908000038 ], [ -5.264933953999957, 42.211102481000069 ], [ -5.241341297999952, 42.214968857000031 ], [ -5.234056499999951, 42.218929999000068 ], [ -5.221399402999964, 42.19518153100006 ], [ -5.208783, 42.189727499000071 ] ] ], [ [ [ -5.298424, 42.088427999000032 ], [ -5.290329, 42.085887999000079 ], [ -5.274003, 42.084403999000074 ], [ -5.268084, 42.087287999000068 ], [ -5.257378499999959, 42.089172499000028 ], [ -5.25294, 42.082973499000047 ], [ -5.278979, 42.060291499000073 ], [ -5.292835499999967, 42.057815499000071 ], [ -5.298748, 42.060596499000042 ], [ -5.297911499999941, 42.062167499000054 ], [ -5.299991, 42.062561499000026 ], [ -5.301251, 42.064616999000066 ], [ -5.296715682999945, 42.08141104300006 ], [ -5.298424, 42.088427999000032 ] ] ], [ [ [ -5.306448499999931, 42.271560499000032 ], [ -5.301767499999926, 42.269214499000043 ], [ -5.304607062999935, 42.251167043000066 ], [ -5.315385662999972, 42.249720754000066 ], [ -5.317488329999946, 42.241432893000081 ], [ -5.332470606999948, 42.238080742000079 ], [ -5.337125, 42.230807999000035 ], [ -5.340960098999972, 42.233732246000045 ], [ -5.341557418999969, 42.245360482000081 ], [ -5.345787609999945, 42.251988349000044 ], [ -5.344846017999942, 42.266886783000075 ], [ -5.329659388999971, 42.273292239000057 ], [ -5.319764785999951, 42.267723318000037 ], [ -5.306448499999931, 42.271560499000032 ] ] ] ] } },
{ "type": "Feature", "properties": { "code": "47085", "name": "Medina del Campo" }, "geometry": { "type": "Polygon", "coordinates": [ [ [ -4.988737, 41.288299499000061 ], [ -4.989643097999931, 41.310610327000063 ], [ -4.970483729999955, 41.334950031000062 ], [ -4.980216499999926, 41.367801499000052 ], [ -4.963586156999952, 41.36047631100007 ], [ -4.950597239999979, 41.372031261000075 ], [ -4.939156175999926, 41.374030712000035 ], [ -4.928702499999929, 41.380943499000068 ], [ -4.90871376299998, 41.381181215000026 ], [ -4.881067180999935, 41.397412184000075 ], [ -4.875107938999975, 41.410522798000045 ], [ -4.872284879999938, 41.432721177000076 ], [ -4.858578499999965, 41.438960999000074 ], [ -4.846300847999942, 41.426619600000038 ], [ -4.845880617999967, 41.414871274000063 ], [ -4.852283, 41.403673499000035 ], [ -4.862307, 41.395425499000055 ], [ -4.868512499999952, 41.391697499000031 ], [ -4.868512499999952, 41.381805999000051 ], [ -4.86509, 41.377242499000033 ], [ -4.864132499999926, 41.373756999000079 ], [ -4.865447499999959, 41.370988999000076 ], [ -4.865010499999926, 41.367061999000043 ], [ -4.866244, 41.360426999000026 ], [ -4.864189, 41.35971149900007 ], [ -4.868435499999975, 41.355874999000036 ], [ -4.86583, 41.35175749900003 ], [ -4.867262499999981, 41.348786499000028 ], [ -4.867858, 41.342435999000031 ], [ -4.864278499999955, 41.344028499000046 ], [ -4.861041228999966, 41.331586147000053 ], [ -4.870302759999959, 41.320736932000045 ], [ -4.869556304999946, 41.309643908000055 ], [ -4.848934966999934, 41.295449899000062 ], [ -4.844104, 41.294906499000035 ], [ -4.841230724999946, 41.286509921000061 ], [ -4.855130366999958, 41.280379045000075 ], [ -4.841463859999976, 41.273370683000053 ], [ -4.814483, 41.249091999000029 ], [ -4.81763449999994, 41.237064499000041 ], [ -4.824635499999943, 41.233493499000076 ], [ -4.846040258999949, 41.230062403000034 ], [ -4.861083649999955, 41.243166920000078 ], [ -4.885491294999952, 41.248769128000049 ], [ -4.902712910999981, 41.263204515000041 ], [ -4.916216499999962, 41.266020499000035 ], [ -4.954370074999929, 41.276683711000032 ], [ -4.971343551999951, 41.275708866000059 ], [ -4.984006011999952, 41.282447492000074 ], [ -4.988737, 41.288299499000061 ] ] ] } },
{ "type": "Feature", "properties": { "code": "47086", "name": "Medina de Rioseco" }, "geometry": { "type": "MultiPolygon", "coordinates": [ [ [ [ -4.935766, 41.761668499000052 ], [ -4.915126764999968, 41.76896464400005 ], [ -4.90530549999994, 41.776252999000064 ], [ -4.886066265999943, 41.76226078600007 ], [ -4.888973018999934, 41.749843344000055 ], [ -4.905635773999961, 41.730073910000044 ], [ -4.919715, 41.732101499000066 ], [ -4.924408265999944, 41.734742549000032 ], [ -4.929007125999931, 41.739761404000035 ], [ -4.934298971999965, 41.743018038000059 ], [ -4.941560502999948, 41.752039441000079 ], [ -4.935766, 41.761668499000052 ] ] ], [ [ [ -4.94961, 41.933818999000039 ], [ -4.932619992999946, 41.926087499000062 ], [ -4.929625499999929, 41.91634349900005 ], [ -4.927145301999929, 41.89435823000008 ], [ -4.936956104999979, 41.887108003000037 ], [ -4.937593838999931, 41.881983871000045 ], [ -4.943971499999975, 41.87884499900008 ], [ -4.990851574999965, 41.892384102000051 ], [ -4.99961196199996, 41.88295357800007 ], [ -5.002139056999965, 41.873389360000033 ], [ -4.998221400999967, 41.855586833000075 ], [ -5.001344824999933, 41.851415989000031 ], [ -5.001984395999955, 41.842129571000044 ], [ -4.982144499999947, 41.815787999000065 ], [ -4.983014499999967, 41.808162499000048 ], [ -4.991044024999951, 41.815034156000024 ], [ -5.005538, 41.814345999000068 ], [ -5.008108021999931, 41.819172081000033 ], [ -5.005468427999972, 41.826922368000055 ], [ -5.010922250999954, 41.834780825000053 ], [ -5.034098195999945, 41.85140255400006 ], [ -5.04754042199994, 41.850563774000079 ], [ -5.069458499999939, 41.839526999000043 ], [ -5.07857596499997, 41.858591300000057 ], [ -5.091150007999943, 41.869484697000075 ], [ -5.115567131999967, 41.868991832000063 ], [ -5.11623177499996, 41.874341167000068 ], [ -5.111223292999966, 41.882631804000027 ], [ -5.114923, 41.898002499000029 ], [ -5.106764884999961, 41.897622966000029 ], [ -5.100874874999931, 41.902399068000079 ], [ -5.107260744999962, 41.912122495000062 ], [ -5.110414, 41.926185499000042 ], [ -5.100398290999976, 41.923774814000069 ], [ -5.089802350999946, 41.925310368000055 ], [ -5.069519499999956, 41.935142499000051 ], [ -5.064991, 41.932727999000065 ], [ -5.063399, 41.935710999000037 ], [ -5.061268, 41.936588499000038 ], [ -5.048464499999966, 41.939445499000044 ], [ -5.045035101999929, 41.927717052000048 ], [ -5.028538883999943, 41.917970726000078 ], [ -5.02494097999994, 41.912932217000048 ], [ -4.997583585999962, 41.907566139000039 ], [ -4.987709674999962, 41.900221744000078 ], [ -4.984602818999974, 41.903070835000051 ], [ -4.983705499999928, 41.910014999000055 ], [ -4.96700644699996, 41.924287215000049 ], [ -4.94961, 41.933818999000039 ] ] ] ] } },
{ "type": "Feature", "properties": { "code": "47087", "name": "Megeces" }, "geometry": { "type": "Polygon", "coordinates": [ [ [ -4.565023499999938, 41.378562999000053 ], [ -4.593617693999931, 41.389168715000039 ], [ -4.610305499999924, 41.390006999000036 ], [ -4.621136499999977, 41.397979999000029 ], [ -4.60798075799994, 41.415801080000051 ], [ -4.607702, 41.420764999000028 ], [ -4.592229499999974, 41.427619999000058 ], [ -4.568555, 41.424007499000027 ], [ -4.555617106999932, 41.407558685000026 ], [ -4.558428641999967, 41.396552136000025 ], [ -4.556948, 41.387958499000035 ], [ -4.563938355999937, 41.385177724000073 ], [ -4.565023499999938, 41.378562999000053 ] ] ] } },
{ "type": "Feature", "properties": { "code": "47088", "name": "Melgar de Abajo" }, "geometry": { "type": "Polygon", "coordinates": [ [ [ -5.16226249999994, 42.21685399900008 ], [ -5.159092132999945, 42.225710281000033 ], [ -5.162108294999939, 42.241554305000079 ], [ -5.169565772999931, 42.24592335300008 ], [ -5.182732, 42.264190499000051 ], [ -5.179590142999928, 42.270176507000031 ], [ -5.161024041999951, 42.27220027900006 ], [ -5.154297009999937, 42.278245890000051 ], [ -5.144328, 42.281528499000046 ], [ -5.14318433699998, 42.275271703000044 ], [ -5.132502371999976, 42.260747086000038 ], [ -5.125471279999942, 42.258991730000048 ], [ -5.120340933999955, 42.248453539000025 ], [ -5.111106499999948, 42.242889999000056 ], [ -5.120717, 42.230193999000051 ], [ -5.124440499999935, 42.228442999000038 ], [ -5.128701499999977, 42.225101499000061 ], [ -5.135519, 42.222095499000034 ], [ -5.139708, 42.217330999000069 ], [ -5.16226249999994, 42.21685399900008 ] ] ] } },
{ "type": "Feature", "properties": { "code": "47089", "name": "Melgar de Arriba" }, "geometry": { "type": "Polygon", "coordinates": [ [ [ -5.054823499999941, 42.257499999000061 ], [ -5.052113435999956, 42.249045027000079 ], [ -5.060527721999961, 42.243434767000053 ], [ -5.069233269999927, 42.247887100000071 ], [ -5.094148489999952, 42.248013954000044 ], [ -5.111106499999948, 42.242889999000056 ], [ -5.120340933999955, 42.248453539000025 ], [ -5.125471279999942, 42.258991730000048 ], [ -5.132502371999976, 42.260747086000038 ], [ -5.14318433699998, 42.275271703000044 ], [ -5.144328, 42.281528499000046 ], [ -5.121339683999963, 42.305875189000062 ], [ -5.112013499999932, 42.31181699900003 ], [ -5.093489403999968, 42.308226617000059 ], [ -5.085944065999968, 42.293420231000027 ], [ -5.078821538999932, 42.291315659000077 ], [ -5.074852040999929, 42.279737835000049 ], [ -5.062996494999936, 42.276746522000053 ], [ -5.067239497999935, 42.261593404000052 ], [ -5.054823499999941, 42.257499999000061 ] ] ] } },
{ "type": "Feature", "properties": { "code": "47090", "name": "Mojados" }, "geometry": { "type": "Polygon", "coordinates": [ [ [ -4.723135499999955, 41.417419499000061 ], [ -4.732628, 41.429366999000081 ], [ -4.735647, 41.436072999000032 ], [ -4.745757499999968, 41.448943999000051 ], [ -4.730005145999939, 41.462613109000074 ], [ -4.702178101999948, 41.45775233300003 ], [ -4.693311459999961, 41.449408519000031 ], [ -4.686027856999942, 41.44711641300006 ], [ -4.665585963999945, 41.45532001600003 ], [ -4.653712, 41.450843999000028 ], [ -4.647290629999929, 41.44017922200004 ], [ -4.634196437999947, 41.43294002500005 ], [ -4.633194590999949, 41.424848824000037 ], [ -4.607702, 41.420764999000028 ], [ -4.60798075799994, 41.415801080000051 ], [ -4.621136499999977, 41.397979999000029 ], [ -4.636044190999939, 41.403193874000067 ], [ -4.654269864999947, 41.402359625000031 ], [ -4.676554906999968, 41.409436842000048 ], [ -4.700479437999945, 41.405967289000046 ], [ -4.712872129999937, 41.410201937000068 ], [ -4.723135499999955, 41.417419499000061 ] ] ] } },
{ "type": "Feature", "properties": { "code": "47091", "name": "Monasterio de Vega" }, "geometry": { "type": "Polygon", "coordinates": [ [ [ -5.16226249999994, 42.21685399900008 ], [ -5.171802499999956, 42.208244499000045 ], [ -5.20484062099996, 42.235046882000063 ], [ -5.221652983999945, 42.234309390000078 ], [ -5.227779, 42.229877499000054 ], [ -5.240693761999978, 42.231442550000054 ], [ -5.252877651999938, 42.238362731000052 ], [ -5.246182454999939, 42.250900912000077 ], [ -5.24469849999997, 42.263847499000065 ], [ -5.231748979999963, 42.274847914000077 ], [ -5.230951692999952, 42.264617674000078 ], [ -5.228553876999968, 42.263386253000078 ], [ -5.22180777799997, 42.275916617000064 ], [ -5.218007836999959, 42.277765622000061 ], [ -5.197471006999933, 42.261160564000079 ], [ -5.182732, 42.264190499000051 ], [ -5.169565772999931, 42.24592335300008 ], [ -5.162108294999939, 42.241554305000079 ], [ -5.159092132999945, 42.225710281000033 ], [ -5.16226249999994, 42.21685399900008 ] ] ] } },
{ "type": "Feature", "properties": { "code": "47092", "name": "Montealegre de Campos" }, "geometry": { "type": "Polygon", "coordinates": [ [ [ -4.937239499999976, 41.842239499000073 ], [ -4.941675499999974, 41.841136999000071 ], [ -4.943602, 41.861423499000068 ], [ -4.940309499999955, 41.876502499000026 ], [ -4.942202499999951, 41.878505499000028 ], [ -4.943971499999975, 41.87884499900008 ], [ -4.937593838999931, 41.881983871000045 ], [ -4.936956104999979, 41.887108003000037 ], [ -4.927145301999929, 41.89435823000008 ], [ -4.929625499999929, 41.91634349900005 ], [ -4.911992106999946, 41.916606306000062 ], [ -4.901033109999958, 41.927232140000058 ], [ -4.889801, 41.932773499000064 ], [ -4.870493468999939, 41.931802774000062 ], [ -4.867720499999962, 41.917590999000026 ], [ -4.875499210999976, 41.914120666000031 ], [ -4.87394880599993, 41.897492405000037 ], [ -4.887833236999938, 41.875856510000062 ], [ -4.923989024999969, 41.854334659000074 ], [ -4.937239499999976, 41.842239499000073 ] ] ] } },
{ "type": "Feature", "properties": { "code": "47093", "name": "Montemayor de Pililla" }, "geometry": { "type": "Polygon", "coordinates": [ [ [ -4.425004499999943, 41.474021999000058 ], [ -4.436411924999959, 41.476749077000079 ], [ -4.451232312999934, 41.468276409000055 ], [ -4.466353218999927, 41.46885910900005 ], [ -4.477945021999972, 41.459274234000077 ], [ -4.480081728999949, 41.461261418000049 ], [ -4.478233199999977, 41.472039789000064 ], [ -4.48092749999995, 41.474334499000065 ], [ -4.480955499999936, 41.483936499000038 ], [ -4.481831499999942, 41.486690499000076 ], [ -4.487017499999979, 41.497604499000033 ], [ -4.488933, 41.500163999000051 ], [ -4.491752499999961, 41.518150499000058 ], [ -4.491343, 41.525836999000035 ], [ -4.489972499999965, 41.534557499000073 ], [ -4.487907, 41.538539999000079 ], [ -4.481376, 41.547618999000065 ], [ -4.475439499999936, 41.553874999000072 ], [ -4.472907, 41.553791499000056 ], [ -4.469075499999974, 41.559306999000057 ], [ -4.460934282999972, 41.556695667000042 ], [ -4.455342782999935, 41.550139029000036 ], [ -4.431270321999932, 41.551767751000057 ], [ -4.425486330999945, 41.547553378000032 ], [ -4.414575691999971, 41.547867429000064 ], [ -4.41006060999996, 41.535525784000072 ], [ -4.398857534999934, 41.526983260000065 ], [ -4.394021, 41.518115999000031 ], [ -4.396227513999975, 41.508579103000045 ], [ -4.425004499999943, 41.474021999000058 ] ] ] } },
{ "type": "Feature", "properties": { "code": "47094", "name": "Moral de la Reina" }, "geometry": { "type": "Polygon", "coordinates": [ [ [ -5.134037499999977, 41.986545499000044 ], [ -5.132025499999941, 41.98914699900007 ], [ -5.121190499999955, 41.998401499000067 ], [ -5.117303499999935, 42.004192499000055 ], [ -5.108729, 42.009318999000072 ], [ -5.102875499999925, 42.017505499000038 ], [ -5.08904, 42.016532999000049 ], [ -5.076420499999927, 42.020301999000026 ], [ -5.068294499999979, 42.019988999000077 ], [ -5.047744168999941, 42.005015424000078 ], [ -5.041774832999977, 41.983855447000053 ], [ -5.045480900999962, 41.964918694000062 ], [ -5.052533464999954, 41.952832717000035 ], [ -5.048464499999966, 41.939445499000044 ], [ -5.061268, 41.936588499000038 ], [ -5.063399, 41.935710999000037 ], [ -5.064991, 41.932727999000065 ], [ -5.069519499999956, 41.935142499000051 ], [ -5.070556558999954, 41.939185185000042 ], [ -5.066895778999935, 41.945318127000064 ], [ -5.070329904999937, 41.950438432000055 ], [ -5.081827991999944, 41.959500165000065 ], [ -5.092959736999944, 41.96230263800004 ], [ -5.101674394999975, 41.976617664000059 ], [ -5.113149963999945, 41.975093352000044 ], [ -5.113108988999954, 41.967726436000078 ], [ -5.117339499999957, 41.960189999000079 ], [ -5.134132499999964, 41.966994999000065 ], [ -5.130917781999926, 41.976479297000026 ], [ -5.134037499999977, 41.986545499000044 ] ] ] } },
{ "type": "Feature", "properties": { "code": "47095", "name": "Moraleja de las Panaderas" }, "geometry": { "type": "Polygon", "coordinates": [ [ [ -4.797041499999978, 41.293334999000081 ], [ -4.794773, 41.285480499000073 ], [ -4.792929499999957, 41.28395849900005 ], [ -4.795973499999945, 41.277843499000028 ], [ -4.802726, 41.274623499000029 ], [ -4.803971, 41.263911999000072 ], [ -4.805781499999966, 41.256408499000031 ], [ -4.814483, 41.249091999000029 ], [ -4.841463859999976, 41.273370683000053 ], [ -4.855130366999958, 41.280379045000075 ], [ -4.841230724999946, 41.286509921000061 ], [ -4.844104, 41.294906499000035 ], [ -4.817364771999962, 41.297325464000039 ], [ -4.797041499999978, 41.293334999000081 ] ] ] } },
{ "type": "Feature", "properties": { "code": "47096", "name": "Morales de Campos" }, "geometry": { "type": "Polygon", "coordinates": [ [ [ -5.212510499999951, 41.850669999000047 ], [ -5.195854586999928, 41.859354533000044 ], [ -5.190715654999963, 41.869140123000079 ], [ -5.179557178999971, 41.880803178000065 ], [ -5.163775, 41.879981999000051 ], [ -5.160488572999952, 41.869780160000062 ], [ -5.148548, 41.851379499000075 ], [ -5.152114471999937, 41.847190415000057 ], [ -5.181863488999966, 41.835449262000054 ], [ -5.20169915699995, 41.84198708100007 ], [ -5.212510499999951, 41.850669999000047 ] ] ] } },
{ "type": "Feature", "properties": { "code": "47097", "name": "Mota del Marqués" }, "geometry": { "type": "Polygon", "coordinates": [ [ [ -5.133127, 41.620193499000038 ], [ -5.141854078999927, 41.614760678000039 ], [ -5.147955475999936, 41.606139307000035 ], [ -5.161027, 41.601325999000039 ], [ -5.164369922999981, 41.61074203700008 ], [ -5.176453762999927, 41.619346685000039 ], [ -5.192966505999948, 41.624400338000044 ], [ -5.199407914999938, 41.623434235000047 ], [ -5.17166, 41.593524999000067 ], [ -5.169971, 41.585349999000073 ], [ -5.175109, 41.581859499000075 ], [ -5.177894, 41.58127199900008 ], [ -5.184191913999939, 41.584867895000059 ], [ -5.189825921999955, 41.597198073000072 ], [ -5.207652745999951, 41.616679973000032 ], [ -5.210394621999967, 41.627127140000027 ], [ -5.215913, 41.630134499000064 ], [ -5.203025082999943, 41.66973970600003 ], [ -5.190621499999963, 41.67735299900005 ], [ -5.189108417999932, 41.661092109000037 ], [ -5.169165410999938, 41.652000847000068 ], [ -5.148269, 41.64862049900006 ], [ -5.149374201999933, 41.640127677000066 ], [ -5.15372542199998, 41.634620624000036 ], [ -5.148283526999933, 41.627184954000029 ], [ -5.140700610999943, 41.625697685000034 ], [ -5.133127, 41.620193499000038 ] ] ] } },
{ "type": "Feature", "properties": { "code": "47098", "name": "Mucientes" }, "geometry": { "type": "Polygon", "coordinates": [ [ [ -4.812614, 41.737480499000071 ], [ -4.839876499999946, 41.780051499000081 ], [ -4.826118318999931, 41.782153271000027 ], [ -4.823443858999951, 41.793736258000081 ], [ -4.791931499999976, 41.814823499000056 ], [ -4.785437591999937, 41.807689129000039 ], [ -4.759049037999944, 41.792562094000061 ], [ -4.745388007999964, 41.779563692000067 ], [ -4.742506483999932, 41.770193291000055 ], [ -4.726759884999979, 41.744779329000039 ], [ -4.716599286999951, 41.734178346000078 ], [ -4.717878, 41.724647499000071 ], [ -4.735232714999938, 41.71920417900003 ], [ -4.747351551999941, 41.723151753000025 ], [ -4.758535364999943, 41.71812226600008 ], [ -4.78664357599996, 41.721075733000077 ], [ -4.799520658999938, 41.728226925000058 ], [ -4.807044241999961, 41.736462091000078 ], [ -4.812614, 41.737480499000071 ] ] ] } },
{ "type": "Feature", "properties": { "code": "47099", "name": "Mudarra, La" }, "geometry": { "type": "Polygon", "coordinates": [ [ [ -4.935766, 41.761668499000052 ], [ -4.940434800999981, 41.766786660000037 ], [ -4.956650409999952, 41.763361093000071 ], [ -4.967660262999971, 41.766535128000044 ], [ -4.97425, 41.775493499000049 ], [ -4.972791, 41.779735499000026 ], [ -4.964888, 41.793983499000035 ], [ -4.983014499999967, 41.808162499000048 ], [ -4.982144499999947, 41.815787999000065 ], [ -4.976125499999966, 41.811126499000068 ], [ -4.970782, 41.80921199900007 ], [ -4.952614, 41.800044999000079 ], [ -4.942887, 41.79914799900007 ], [ -4.928204, 41.800429499000074 ], [ -4.923691305999967, 41.79779191800003 ], [ -4.912041728999952, 41.779571528000076 ], [ -4.90530549999994, 41.776252999000064 ], [ -4.915126764999968, 41.76896464400005 ], [ -4.935766, 41.761668499000052 ] ] ] } },
{ "type": "Feature", "properties": { "code": "47100", "name": "Muriel" }, "geometry": { "type": "Polygon", "coordinates": [ [ [ -4.892699, 41.140033499000026 ], [ -4.884378, 41.146529999000052 ], [ -4.826413, 41.144626499000026 ], [ -4.813553499999955, 41.129394499000057 ], [ -4.813012103999938, 41.123960370000077 ], [ -4.818433856999945, 41.109768881000036 ], [ -4.814995, 41.103465999000036 ], [ -4.827987, 41.099170499000024 ], [ -4.846587499999941, 41.100486999000054 ], [ -4.853236, 41.099796499000036 ], [ -4.855585, 41.100745999000026 ], [ -4.856504305999977, 41.109172919000059 ], [ -4.866229359999977, 41.123894481000036 ], [ -4.878683929999966, 41.134164609000038 ], [ -4.892699, 41.140033499000026 ] ] ] } },
{ "type": "Feature", "properties": { "code": "47101", "name": "Nava del Rey" }, "geometry": { "type": "Polygon", "coordinates": [ [ [ -5.038601, 41.458591499000079 ], [ -5.038863060999972, 41.443185768000035 ], [ -5.043367098999965, 41.437256285000046 ], [ -5.043551903999969, 41.425455525000075 ], [ -5.050230264999925, 41.416780464000055 ], [ -5.050910626999951, 41.406167983000046 ], [ -5.048756663999939, 41.393833361000077 ], [ -5.040000064999958, 41.380417478000027 ], [ -5.033653499999957, 41.357547999000076 ], [ -5.051119798999935, 41.342521853000051 ], [ -5.055686135999963, 41.326235851000035 ], [ -5.075659421999944, 41.299951993000036 ], [ -5.081298944999958, 41.296292021000056 ], [ -5.08303049999995, 41.290256499000066 ], [ -5.090417, 41.291175999000075 ], [ -5.09851649999996, 41.294620499000075 ], [ -5.112853, 41.290702499000076 ], [ -5.117762, 41.292583499000045 ], [ -5.136386, 41.278873499000042 ], [ -5.14613849999995, 41.275153999000054 ], [ -5.150195, 41.278716999000039 ], [ -5.147850435999942, 41.299041615000078 ], [ -5.142018911999969, 41.30820342100003 ], [ -5.156893452999952, 41.318529191000039 ], [ -5.159077499999967, 41.330825999000069 ], [ -5.138543219999974, 41.339768799000069 ], [ -5.138613616999976, 41.352004475000058 ], [ -5.133954, 41.360205496000049 ], [ -5.138078102999941, 41.362353793000068 ], [ -5.135158650999927, 41.365617999000051 ], [ -5.137216559999956, 41.377872153000055 ], [ -5.156865499999981, 41.404269999000064 ], [ -5.143958533999978, 41.399248438000029 ], [ -5.132823199999962, 41.413208778000069 ], [ -5.121053217999929, 41.41649403200006 ], [ -5.103886388999967, 41.414558087000046 ], [ -5.095538605999934, 41.419596407000029 ], [ -5.076884495999934, 41.423553105000053 ], [ -5.080070623999973, 41.431850285000053 ], [ -5.078419532999931, 41.443303044000061 ], [ -5.082764568999949, 41.45437043000004 ], [ -5.055747, 41.469951499000047 ], [ -5.046786, 41.464534499000081 ], [ -5.041065499999945, 41.45930499900004 ], [ -5.038601, 41.458591499000079 ] ] ] } },
{ "type": "Feature", "properties": { "code": "47102", "name": "Nueva Villa de las Torres" }, "geometry": { "type": "Polygon", "coordinates": [ [ [ -5.02308, 41.277812999000048 ], [ -5.041829499999949, 41.253795499000034 ], [ -5.084342499999934, 41.23200599900008 ], [ -5.103065923999964, 41.245167864000052 ], [ -5.113556234999976, 41.261379746000046 ], [ -5.129958981999948, 41.266323645000057 ], [ -5.14613849999995, 41.275153999000054 ], [ -5.136386, 41.278873499000042 ], [ -5.117762, 41.292583499000045 ], [ -5.112853, 41.290702499000076 ], [ -5.09851649999996, 41.294620499000075 ], [ -5.090417, 41.291175999000075 ], [ -5.08303049999995, 41.290256499000066 ], [ -5.049201653999944, 41.277433034000069 ], [ -5.02308, 41.277812999000048 ] ] ] } },
{ "type": "Feature", "properties": { "code": "47103", "name": "Olivares de Duero" }, "geometry": { "type": "Polygon", "coordinates": [ [ [ -4.317857, 41.638999999000077 ], [ -4.332620685999927, 41.637358888000051 ], [ -4.348687298999948, 41.629886662000047 ], [ -4.368776373999935, 41.627265991000058 ], [ -4.385903948999953, 41.629016167000032 ], [ -4.393578, 41.624217999000052 ], [ -4.399934864999977, 41.629026754000051 ], [ -4.408633567999971, 41.625331895000045 ], [ -4.418636, 41.629391499000064 ], [ -4.408104339999966, 41.634110409000073 ], [ -4.407880317999968, 41.647136120000027 ], [ -4.402237893999938, 41.651920387000075 ], [ -4.402121502999933, 41.661652880000076 ], [ -4.398536, 41.664844499000026 ], [ -4.38857571799997, 41.665385746000027 ], [ -4.381153833999974, 41.660742091000031 ], [ -4.373510202999967, 41.661329893000072 ], [ -4.349936807999939, 41.666472469000041 ], [ -4.335906254999941, 41.674735579000071 ], [ -4.322147499999971, 41.67324049900003 ], [ -4.32294862699996, 41.667571475000045 ], [ -4.317612710999981, 41.660021144000041 ], [ -4.322014290999959, 41.652056866000066 ], [ -4.317857, 41.638999999000077 ] ] ] } },
{ "type": "Feature", "properties": { "code": "47104", "name": "Olmedo" }, "geometry": { "type": "Polygon", "coordinates": [ [ [ -4.699680499999943, 41.220451499000035 ], [ -4.702945729999954, 41.212452065000036 ], [ -4.714491, 41.20465099900008 ], [ -4.720270895999931, 41.204294255000036 ], [ -4.752867562999938, 41.188286454000036 ], [ -4.764689436999959, 41.193784317000052 ], [ -4.773975, 41.211070999000071 ], [ -4.767354, 41.214138499000057 ], [ -4.764453, 41.217143999000029 ], [ -4.756652, 41.220687999000063 ], [ -4.748835499999927, 41.230930499000067 ], [ -4.74734, 41.235187499000062 ], [ -4.748576, 41.241283499000076 ], [ -4.756716001999962, 41.252020856000058 ], [ -4.73616523499993, 41.258025429000043 ], [ -4.735509069999978, 41.273061989000041 ], [ -4.756496398999957, 41.289013669000042 ], [ -4.772667252999952, 41.28895534600008 ], [ -4.782461393999938, 41.295294299000034 ], [ -4.797041499999978, 41.293334999000081 ], [ -4.799197753999977, 41.306263228000034 ], [ -4.794942828999979, 41.324721102000069 ], [ -4.799422913999933, 41.33799852900006 ], [ -4.79403949999994, 41.350200499000039 ], [ -4.79338649999994, 41.359504499000025 ], [ -4.782062817999929, 41.359345030000043 ], [ -4.770782, 41.35522449900003 ], [ -4.758689300999947, 41.357638639000072 ], [ -4.750067090999949, 41.333085710000034 ], [ -4.730807385999981, 41.329617295000048 ], [ -4.721593821999932, 41.322499357000027 ], [ -4.685398457999952, 41.332158349000053 ], [ -4.688798, 41.351871499000026 ], [ -4.681151111999952, 41.346151833000079 ], [ -4.661380955999959, 41.344086721000053 ], [ -4.646414973999981, 41.354425048000053 ], [ -4.636902261999978, 41.354998058000035 ], [ -4.636575566999966, 41.363368319000074 ], [ -4.615900499999952, 41.375445999000078 ], [ -4.623958752999954, 41.362512456000047 ], [ -4.61205401899997, 41.32889429200003 ], [ -4.60097449999995, 41.321151499000052 ], [ -4.61179481299996, 41.319399343000043 ], [ -4.618467713999962, 41.328819078000038 ], [ -4.619818967999947, 41.32651973600008 ], [ -4.627782475999936, 41.327510672000074 ], [ -4.655520426999942, 41.320003836000069 ], [ -4.649273935999929, 41.304749814000047 ], [ -4.650578508999956, 41.29430089300007 ], [ -4.676527588999932, 41.274679301000049 ], [ -4.675026499999944, 41.261714999000048 ], [ -4.715661136999927, 41.256341950000035 ], [ -4.711145216999967, 41.246436229000039 ], [ -4.710904036999978, 41.237954752000064 ], [ -4.702436000999967, 41.233569272000068 ], [ -4.699680499999943, 41.220451499000035 ] ] ] } },
{ "type": "Feature", "properties": { "code": "47105", "name": "Olmos de Esgueva" }, "geometry": { "type": "Polygon", "coordinates": [ [ [ -4.536248, 41.720135999000036 ], [ -4.516683499999942, 41.72218299900004 ], [ -4.501251476999926, 41.702322201000072 ], [ -4.490343648999954, 41.679962243000034 ], [ -4.47676649999994, 41.678508499000031 ], [ -4.476851, 41.674312499000052 ], [ -4.480144499999938, 41.669090499000049 ], [ -4.485541, 41.666030999000043 ], [ -4.490218499999969, 41.66473699900007 ], [ -4.496959, 41.660163999000076 ], [ -4.500296499999934, 41.659553499000026 ], [ -4.536689, 41.659072999000045 ], [ -4.539610071999959, 41.683213809000051 ], [ -4.544511454999963, 41.694307265000077 ], [ -4.543165810999938, 41.700546918000043 ], [ -4.535687947999975, 41.709457070000042 ], [ -4.536248, 41.720135999000036 ] ] ] } },
{ "type": "Feature", "properties": { "code": "47106", "name": "Olmos de Peñafiel" }, "geometry": { "type": "Polygon", "coordinates": [ [ [ -3.99368, 41.539443999000071 ], [ -3.993117, 41.536990999000068 ], [ -3.993731, 41.530967499000042 ], [ -3.994362499999966, 41.530826499000057 ], [ -3.999968188999958, 41.538180186000034 ], [ -4.019626786999936, 41.54086317000008 ], [ -4.034029966999981, 41.548956937000071 ], [ -4.058827193999946, 41.555304819000071 ], [ -4.067638, 41.562057499000048 ], [ -4.066387805999966, 41.566999748000057 ], [ -4.059592020999958, 41.572893083000054 ], [ -4.060221810999963, 41.576130983000041 ], [ -4.042437723999967, 41.59713116100005 ], [ -4.041889, 41.602337499000043 ], [ -4.03270237199996, 41.593172356000025 ], [ -4.029330279999954, 41.58520857600007 ], [ -4.027478129999963, 41.563711345000058 ], [ -4.007631093999976, 41.554922131000069 ], [ -4.009254253999927, 41.548636084000066 ], [ -3.99368, 41.539443999000071 ] ] ] } },
{ "type": "Feature", "properties": { "code": "47109", "name": "Palazuelo de Vedija" }, "geometry": { "type": "Polygon", "coordinates": [ [ [ -5.137982499999964, 41.896495999000081 ], [ -5.139995, 41.899078499000041 ], [ -5.142282499999965, 41.906196499000032 ], [ -5.152505499999961, 41.907203499000047 ], [ -5.169583499999931, 41.910285999000052 ], [ -5.17371049999997, 41.912162999000032 ], [ -5.180355499999962, 41.91146849900008 ], [ -5.183132, 41.919383999000047 ], [ -5.186034499999948, 41.922481499000071 ], [ -5.175506501999962, 41.929168317000062 ], [ -5.165153499999974, 41.947906499000055 ], [ -5.134132499999964, 41.966994999000065 ], [ -5.117339499999957, 41.960189999000079 ], [ -5.119084972999929, 41.956768089000036 ], [ -5.112482933999956, 41.951902518000054 ], [ -5.116015796999932, 41.935329368000055 ], [ -5.110414, 41.926185499000042 ], [ -5.107260744999962, 41.912122495000062 ], [ -5.100874874999931, 41.902399068000079 ], [ -5.106764884999961, 41.897622966000029 ], [ -5.114923, 41.898002499000029 ], [ -5.137982499999964, 41.896495999000081 ] ] ] } },
{ "type": "Feature", "properties": { "code": "47110", "name": "Parrilla, La" }, "geometry": { "type": "Polygon", "coordinates": [ [ [ -4.475439499999936, 41.553874999000072 ], [ -4.481376, 41.547618999000065 ], [ -4.489972499999965, 41.534557499000073 ], [ -4.491752499999961, 41.518150499000058 ], [ -4.490867499999979, 41.515018499000064 ], [ -4.512503373999948, 41.507775065000033 ], [ -4.529746932999956, 41.508959742000059 ], [ -4.549402051999948, 41.51504979200007 ], [ -4.569941157999949, 41.517308255000046 ], [ -4.584522499999935, 41.529422999000076 ], [ -4.577126466999971, 41.546423875000073 ], [ -4.583207499999958, 41.555118499000059 ], [ -4.539514033999978, 41.563793697000051 ], [ -4.531045740999957, 41.570406829000035 ], [ -4.525875871999972, 41.569993493000027 ], [ -4.517578500999946, 41.574440564000042 ], [ -4.513698, 41.573203999000043 ], [ -4.505921978999936, 41.566808109000078 ], [ -4.491615018999937, 41.562886528000035 ], [ -4.475439499999936, 41.553874999000072 ] ] ] } },
{ "type": "Feature", "properties": { "code": "47111", "name": "Pedraja de Portillo, La" }, "geometry": { "type": "Polygon", "coordinates": [ [ [ -4.629270499999961, 41.477428499000041 ], [ -4.625761, 41.472137499000041 ], [ -4.63547449999993, 41.46504599900004 ], [ -4.63588, 41.462627499000064 ], [ -4.653712, 41.450843999000028 ], [ -4.665585963999945, 41.45532001600003 ], [ -4.686027856999942, 41.44711641300006 ], [ -4.693311459999961, 41.449408519000031 ], [ -4.702178101999948, 41.45775233300003 ], [ -4.730005145999939, 41.462613109000074 ], [ -4.745757499999968, 41.448943999000051 ], [ -4.753849134999939, 41.458517498000049 ], [ -4.759248499999956, 41.494986999000048 ], [ -4.747743, 41.49792099900003 ], [ -4.735921499999961, 41.503421499000069 ], [ -4.725561, 41.506740499000045 ], [ -4.722937, 41.508525499000029 ], [ -4.705939499999943, 41.526504499000055 ], [ -4.705021418999934, 41.519866301000036 ], [ -4.690958333999959, 41.511092508000047 ], [ -4.686152963999973, 41.503193838000072 ], [ -4.672819002999972, 41.503148843000076 ], [ -4.655010165999954, 41.495548227000029 ], [ -4.628740499999935, 41.490199999000026 ], [ -4.631013, 41.487178999000037 ], [ -4.629270499999961, 41.477428499000041 ] ] ] } },
{ "type": "Feature", "properties": { "code": "47112", "name": "Pedrajas de San Esteban" }, "geometry": { "type": "Polygon", "coordinates": [ [ [ -4.60097449999995, 41.321151499000052 ], [ -4.61205401899997, 41.32889429200003 ], [ -4.623958752999954, 41.362512456000047 ], [ -4.615900499999952, 41.375445999000078 ], [ -4.610305499999924, 41.390006999000036 ], [ -4.593617693999931, 41.389168715000039 ], [ -4.565023499999938, 41.378562999000053 ], [ -4.563691499999948, 41.373859499000048 ], [ -4.566044, 41.36871349900008 ], [ -4.566171, 41.362125499000058 ], [ -4.556887499999959, 41.344814499000051 ], [ -4.558414499999969, 41.341117999000062 ], [ -4.566766499999972, 41.336582499000031 ], [ -4.574591, 41.327972499000055 ], [ -4.579374, 41.325077499000031 ], [ -4.581469, 41.321853499000042 ], [ -4.588854499999968, 41.320445999000071 ], [ -4.60097449999995, 41.321151499000052 ] ] ] } },
{ "type": "Feature", "properties": { "code": "47113", "name": "Pedrosa del Rey" }, "geometry": { "type": "Polygon", "coordinates": [ [ [ -5.236465, 41.478488999000035 ], [ -5.236518977999935, 41.484175192000066 ], [ -5.241020370999934, 41.488530033000075 ], [ -5.24281309099996, 41.496420972000067 ], [ -5.253954, 41.509701499000073 ], [ -5.24183435599997, 41.518923686000051 ], [ -5.23324318799996, 41.518845719000069 ], [ -5.229911075999951, 41.527553151000063 ], [ -5.247807499999965, 41.546775999000033 ], [ -5.228986875999965, 41.564710416000025 ], [ -5.21539011599998, 41.573290180000072 ], [ -5.188652125999965, 41.581814375000079 ], [ -5.177894, 41.58127199900008 ], [ -5.175109, 41.581859499000075 ], [ -5.167785447999961, 41.553535977000081 ], [ -5.181574120999926, 41.543488676000038 ], [ -5.188154146999977, 41.532808028000034 ], [ -5.18604952499993, 41.528554849000045 ], [ -5.19139131999998, 41.520253017000073 ], [ -5.180039419999957, 41.505444036000029 ], [ -5.185085797999932, 41.496658281000066 ], [ -5.183108499999946, 41.493804999000076 ], [ -5.188241330999972, 41.488483364000047 ], [ -5.190698499999939, 41.478702499000065 ], [ -5.198487278999949, 41.482250149000038 ], [ -5.203623749999963, 41.479546467000034 ], [ -5.236465, 41.478488999000035 ] ] ] } },
{ "type": "Feature", "properties": { "code": "47114", "name": "Peñafiel" }, "geometry": { "type": "Polygon", "coordinates": [ [ [ -4.131242499999928, 41.629836999000077 ], [ -4.103471191999972, 41.620625994000079 ], [ -4.095433250999974, 41.613820935000035 ], [ -4.084058252999966, 41.613647892000074 ], [ -4.076016, 41.62033449900008 ], [ -4.068382104999955, 41.621948605000057 ], [ -4.06186590599998, 41.610812330000044 ], [ -4.045081499999981, 41.605369499000062 ], [ -4.041889, 41.602337499000043 ], [ -4.042437723999967, 41.59713116100005 ], [ -4.060221810999963, 41.576130983000041 ], [ -4.059592020999958, 41.572893083000054 ], [ -4.066387805999966, 41.566999748000057 ], [ -4.067638, 41.562057499000048 ], [ -4.076117119999935, 41.556141024000055 ], [ -4.087257395999927, 41.555096008000078 ], [ -4.096687499999973, 41.550182499000073 ], [ -4.11533449999996, 41.554515499000047 ], [ -4.119651, 41.559299499000076 ], [ -4.122922499999959, 41.560493499000074 ], [ -4.127971, 41.559806999000045 ], [ -4.130915, 41.561523499000032 ], [ -4.133630499999981, 41.568767499000046 ], [ -4.137209, 41.57030499900003 ], [ -4.151059499999974, 41.568221999000059 ], [ -4.153039, 41.574905499000067 ], [ -4.158764, 41.572467999000025 ], [ -4.154438994999964, 41.579227157000048 ], [ -4.158354255999939, 41.58839448100008 ], [ -4.155450003999931, 41.595645346000026 ], [ -4.180989563999958, 41.599364575000038 ], [ -4.224322499999971, 41.593784499000037 ], [ -4.217966221999973, 41.600389780000057 ], [ -4.216835774999936, 41.607186922000039 ], [ -4.20120469099993, 41.618514316000073 ], [ -4.199952009999947, 41.623828402000072 ], [ -4.204411499999935, 41.629066499000032 ], [ -4.179514375999929, 41.623681989000033 ], [ -4.169912160999957, 41.627916293000055 ], [ -4.167096194999942, 41.636976278000077 ], [ -4.150876729999936, 41.64111764900008 ], [ -4.145867107999948, 41.634387844000059 ], [ -4.13612047099997, 41.628474662000031 ], [ -4.131242499999928, 41.629836999000077 ] ] ] } },
{ "type": "Feature", "properties": { "code": "47115", "name": "Peñaflor de Hornija" }, "geometry": { "type": "Polygon", "coordinates": [ [ [ -4.97425, 41.775493499000049 ], [ -4.967660262999971, 41.766535128000044 ], [ -4.956650409999952, 41.763361093000071 ], [ -4.940434800999981, 41.766786660000037 ], [ -4.935766, 41.761668499000052 ], [ -4.941560502999948, 41.752039441000079 ], [ -4.934298971999965, 41.743018038000059 ], [ -4.929007125999931, 41.739761404000035 ], [ -4.924408265999944, 41.734742549000032 ], [ -4.919715, 41.732101499000066 ], [ -4.919067519999942, 41.71857830600004 ], [ -4.908906499999944, 41.719527999000036 ], [ -4.908606, 41.71708299900007 ], [ -4.930639366999969, 41.707985052000026 ], [ -4.941005104999931, 41.706884886000068 ], [ -4.946191135999925, 41.699735261000058 ], [ -4.952819, 41.680503999000052 ], [ -4.959607499999947, 41.681388999000035 ], [ -4.983104499999968, 41.679317499000035 ], [ -4.989538499999981, 41.682681999000067 ], [ -4.996129499999938, 41.680514999000025 ], [ -5.000427499999944, 41.680476999000064 ], [ -5.010455767999929, 41.685185412000067 ], [ -5.016918295999972, 41.70568348300003 ], [ -5.027432, 41.715148999000064 ], [ -5.038062, 41.720641999000065 ], [ -5.040109, 41.732513499000049 ], [ -5.026781080999967, 41.734151517000043 ], [ -5.016738758999963, 41.739297629000077 ], [ -5.011799079999946, 41.748635043000036 ], [ -4.996383780999963, 41.759782966000046 ], [ -4.986560011999927, 41.771688576000031 ], [ -4.97425, 41.775493499000049 ] ] ] } },
{ "type": "Feature", "properties": { "code": "47116", "name": "Pesquera de Duero" }, "geometry": { "type": "Polygon", "coordinates": [ [ [ -4.147942499999942, 41.656944499000076 ], [ -4.141948499999955, 41.647357999000064 ], [ -4.141736499999979, 41.641467999000042 ], [ -4.139691499999969, 41.637183999000058 ], [ -4.137214, 41.634253999000066 ], [ -4.131242499999928, 41.629836999000077 ], [ -4.13612047099997, 41.628474662000031 ], [ -4.145867107999948, 41.634387844000059 ], [ -4.150876729999936, 41.64111764900008 ], [ -4.167096194999942, 41.636976278000077 ], [ -4.169912160999957, 41.627916293000055 ], [ -4.179514375999929, 41.623681989000033 ], [ -4.204411499999935, 41.629066499000032 ], [ -4.219891992999976, 41.621121820000042 ], [ -4.22619008199996, 41.621917502000031 ], [ -4.231309499999952, 41.626266499000053 ], [ -4.22975723299993, 41.637587441000051 ], [ -4.232143826999959, 41.645460207000042 ], [ -4.235892583999942, 41.648545047000027 ], [ -4.242263474999959, 41.647810719000063 ], [ -4.243413132999933, 41.652241850000053 ], [ -4.253398182999945, 41.659490382000058 ], [ -4.240057889999946, 41.663991731000067 ], [ -4.239063417999944, 41.66739209900004 ], [ -4.257277876999979, 41.666886849000036 ], [ -4.284845708999967, 41.685437723000064 ], [ -4.277764011999977, 41.688405059000047 ], [ -4.268041531999927, 41.687009313000033 ], [ -4.250573174999943, 41.689936913000054 ], [ -4.222459499999957, 41.70173999900004 ], [ -4.21066105999995, 41.702005991000078 ], [ -4.200832752999929, 41.695002757000054 ], [ -4.189069694999944, 41.692697051000039 ], [ -4.171581182999944, 41.666908862000071 ], [ -4.147942499999942, 41.656944499000076 ] ] ] } },
{ "type": "Feature", "properties": { "code": "47117", "name": "Piña de Esgueva" }, "geometry": { "type": "Polygon", "coordinates": [ [ [ -4.398385499999961, 41.716098999000053 ], [ -4.405532148999953, 41.708621973000049 ], [ -4.423387499999933, 41.701843499000063 ], [ -4.428829, 41.700660499000037 ], [ -4.434515499999975, 41.695876999000063 ], [ -4.441336499999977, 41.691920999000047 ], [ -4.452772, 41.689037499000051 ], [ -4.45579349999997, 41.689792499000077 ], [ -4.455637128999967, 41.702877778000072 ], [ -4.459385531999942, 41.71329654200008 ], [ -4.471829941999943, 41.722832990000029 ], [ -4.475969499999962, 41.733989499000074 ], [ -4.472184, 41.737216999000054 ], [ -4.468547, 41.739093999000033 ], [ -4.463769499999955, 41.743720999000061 ], [ -4.454268, 41.759158999000078 ], [ -4.446873, 41.758208999000033 ], [ -4.442215499999975, 41.758643999000071 ], [ -4.404365690999953, 41.734439981000037 ], [ -4.39982286399993, 41.728378792000058 ], [ -4.398385499999961, 41.716098999000053 ] ] ] } },
{ "type": "Feature", "properties": { "code": "47118", "name": "Piñel de Abajo" }, "geometry": { "type": "Polygon", "coordinates": [ [ [ -4.147942499999942, 41.656944499000076 ], [ -4.171581182999944, 41.666908862000071 ], [ -4.189069694999944, 41.692697051000039 ], [ -4.200832752999929, 41.695002757000054 ], [ -4.21066105999995, 41.702005991000078 ], [ -4.222459499999957, 41.70173999900004 ], [ -4.227216, 41.704726999000059 ], [ -4.199753, 41.709319999000058 ], [ -4.16062692099996, 41.710298021000028 ], [ -4.147777451999957, 41.691002271000059 ], [ -4.135274507999952, 41.68443751500007 ], [ -4.126669499999934, 41.687812999000073 ], [ -4.129009379999957, 41.676190236000025 ], [ -4.147942499999942, 41.656944499000076 ] ] ] } },
{ "type": "Feature", "properties": { "code": "47119", "name": "Piñel de Arriba" }, "geometry": { "type": "Polygon", "coordinates": [ [ [ -4.102084499999933, 41.693466499000067 ], [ -4.10910518399993, 41.687438732000032 ], [ -4.126669499999934, 41.687812999000073 ], [ -4.135274507999952, 41.68443751500007 ], [ -4.147777451999957, 41.691002271000059 ], [ -4.16062692099996, 41.710298021000028 ], [ -4.199753, 41.709319999000058 ], [ -4.20120512699998, 41.715575733000037 ], [ -4.192644477999977, 41.722594400000048 ], [ -4.161072499999932, 41.734008999000025 ], [ -4.159331499999951, 41.732829999000046 ], [ -4.157586, 41.730083499000045 ], [ -4.151071499999944, 41.725490499000045 ], [ -4.144222, 41.722251999000036 ], [ -4.139466499999969, 41.725993999000025 ], [ -4.128793, 41.727458999000078 ], [ -4.120295, 41.731162999000048 ], [ -4.113605, 41.720367499000076 ], [ -4.102084499999933, 41.693466499000067 ] ] ] } },
{ "type": "Feature", "properties": { "code": "47121", "name": "Pollos" }, "geometry": { "type": "Polygon", "coordinates": [ [ [ -5.191489, 41.419997999000032 ], [ -5.197783954999977, 41.427837540000041 ], [ -5.202680253999972, 41.454337126000041 ], [ -5.187687, 41.456493499000032 ], [ -5.179911704999938, 41.450329148000037 ], [ -5.160946775999946, 41.450241359000074 ], [ -5.151170755999942, 41.446567998000035 ], [ -5.138983499999938, 41.45174399900003 ], [ -5.131238986999961, 41.457174585000075 ], [ -5.121830854999928, 41.453140813000061 ], [ -5.116238581999937, 41.454098810000062 ], [ -5.111198391999949, 41.467081629000063 ], [ -5.102554, 41.472842999000079 ], [ -5.077718206999975, 41.474188424000033 ], [ -5.067736499999967, 41.485904499000071 ], [ -5.05975849999993, 41.476436499000044 ], [ -5.055747, 41.469951499000047 ], [ -5.082764568999949, 41.45437043000004 ], [ -5.078419532999931, 41.443303044000061 ], [ -5.080070623999973, 41.431850285000053 ], [ -5.076884495999934, 41.423553105000053 ], [ -5.095538605999934, 41.419596407000029 ], [ -5.103886388999967, 41.414558087000046 ], [ -5.121053217999929, 41.41649403200006 ], [ -5.132823199999962, 41.413208778000069 ], [ -5.143958533999978, 41.399248438000029 ], [ -5.156865499999981, 41.404269999000064 ], [ -5.159988583999962, 41.409062953000046 ], [ -5.173176399999932, 41.409863801000029 ], [ -5.171578088999979, 41.415673532000028 ], [ -5.179065458999958, 41.427596750000077 ], [ -5.187318765999976, 41.428197307000062 ], [ -5.191489, 41.419997999000032 ] ] ] } },
{ "type": "Feature", "properties": { "code": "47122", "name": "Portillo" }, "geometry": { "type": "Polygon", "coordinates": [ [ [ -4.568555, 41.424007499000027 ], [ -4.592229499999974, 41.427619999000058 ], [ -4.589890117999971, 41.437136190000047 ], [ -4.593754157999967, 41.444992607000074 ], [ -4.601717744999974, 41.44870247800003 ], [ -4.603402013999926, 41.466757077000068 ], [ -4.614400186999944, 41.471103467000034 ], [ -4.616444494999939, 41.475463254000033 ], [ -4.629270499999961, 41.477428499000041 ], [ -4.631013, 41.487178999000037 ], [ -4.628740499999935, 41.490199999000026 ], [ -4.591991461999953, 41.515347564000081 ], [ -4.585692625999968, 41.523163392000072 ], [ -4.584522499999935, 41.529422999000076 ], [ -4.569941157999949, 41.517308255000046 ], [ -4.549402051999948, 41.51504979200007 ], [ -4.529746932999956, 41.508959742000059 ], [ -4.512503373999948, 41.507775065000033 ], [ -4.490867499999979, 41.515018499000064 ], [ -4.488933, 41.500163999000051 ], [ -4.492973377999931, 41.504774978000057 ], [ -4.500117453999962, 41.504170231000046 ], [ -4.515882967999971, 41.493390040000065 ], [ -4.527490498999953, 41.479750435000028 ], [ -4.53317068299998, 41.464108556000042 ], [ -4.550435069999935, 41.462124525000036 ], [ -4.550828674999934, 41.455585008000071 ], [ -4.543474499999945, 41.448817999000028 ], [ -4.54959367899994, 41.442921826000031 ], [ -4.546876, 41.432300499000064 ], [ -4.553686598999946, 41.425244055000064 ], [ -4.568555, 41.424007499000027 ] ] ] } },
{ "type": "Feature", "properties": { "code": "47123", "name": "Pozal de Gallinas" }, "geometry": { "type": "Polygon", "coordinates": [ [ [ -4.864278499999955, 41.344028499000046 ], [ -4.84502959699995, 41.356585242000051 ], [ -4.842534618999935, 41.352698513000064 ], [ -4.813402830999962, 41.353269787000045 ], [ -4.79403949999994, 41.350200499000039 ], [ -4.799422913999933, 41.33799852900006 ], [ -4.794942828999979, 41.324721102000069 ], [ -4.799197753999977, 41.306263228000034 ], [ -4.797041499999978, 41.293334999000081 ], [ -4.817364771999962, 41.297325464000039 ], [ -4.844104, 41.294906499000035 ], [ -4.848934966999934, 41.295449899000062 ], [ -4.869556304999946, 41.309643908000055 ], [ -4.870302759999959, 41.320736932000045 ], [ -4.861041228999966, 41.331586147000053 ], [ -4.864278499999955, 41.344028499000046 ] ] ] } },
{ "type": "Feature", "properties": { "code": "47124", "name": "Pozaldez" }, "geometry": { "type": "Polygon", "coordinates": [ [ [ -4.79338649999994, 41.359504499000025 ], [ -4.79403949999994, 41.350200499000039 ], [ -4.813402830999962, 41.353269787000045 ], [ -4.842534618999935, 41.352698513000064 ], [ -4.84502959699995, 41.356585242000051 ], [ -4.864278499999955, 41.344028499000046 ], [ -4.867858, 41.342435999000031 ], [ -4.867262499999981, 41.348786499000028 ], [ -4.86583, 41.35175749900003 ], [ -4.868435499999975, 41.355874999000036 ], [ -4.864189, 41.35971149900007 ], [ -4.866244, 41.360426999000026 ], [ -4.865010499999926, 41.367061999000043 ], [ -4.865447499999959, 41.370988999000076 ], [ -4.864132499999926, 41.373756999000079 ], [ -4.86509, 41.377242499000033 ], [ -4.868512499999952, 41.381805999000051 ], [ -4.868512499999952, 41.391697499000031 ], [ -4.862307, 41.395425499000055 ], [ -4.852283, 41.403673499000035 ], [ -4.845993878999934, 41.402972994000038 ], [ -4.83743360699998, 41.397280056000056 ], [ -4.808818778999978, 41.395020970000076 ], [ -4.803337, 41.397432999000046 ], [ -4.800229499999944, 41.392758499000081 ], [ -4.799958, 41.383308499000066 ], [ -4.794853, 41.371135499000047 ], [ -4.79338649999994, 41.359504499000025 ] ] ] } },
{ "type": "Feature", "properties": { "code": "47125", "name": "Pozuelo de la Orden" }, "geometry": { "type": "Polygon", "coordinates": [ [ [ -5.249674499999969, 41.790576999000052 ], [ -5.254914696999947, 41.79352575300004 ], [ -5.309389111999963, 41.790949923000028 ], [ -5.314031, 41.793803999000033 ], [ -5.280890763999935, 41.812854983000079 ], [ -5.276837, 41.822887499000046 ], [ -5.266451562999976, 41.832485422000047 ], [ -5.242730499999936, 41.838528499000063 ], [ -5.240422499999966, 41.833457999000075 ], [ -5.232824, 41.821349999000063 ], [ -5.224364499999979, 41.810344499000053 ], [ -5.226273499999934, 41.807101999000054 ], [ -5.228361, 41.807231999000066 ], [ -5.228975, 41.804466499000057 ], [ -5.249674499999969, 41.790576999000052 ] ] ] } },
{ "type": "Feature", "properties": { "code": "47126", "name": "Puras" }, "geometry": { "type": "Polygon", "coordinates": [ [ [ -4.627779499999974, 41.170806999000035 ], [ -4.634212499999933, 41.168246999000075 ], [ -4.643721, 41.16810999900008 ], [ -4.652740499999936, 41.172180499000035 ], [ -4.665941499999974, 41.180339999000068 ], [ -4.680587499999945, 41.185748999000054 ], [ -4.683036, 41.184478999000078 ], [ -4.684464, 41.180690999000035 ], [ -4.692877, 41.177245999000036 ], [ -4.702369, 41.174518499000044 ], [ -4.702839, 41.176566999000045 ], [ -4.701934, 41.183524999000042 ], [ -4.703048, 41.185561999000072 ], [ -4.686415505999946, 41.187518494000074 ], [ -4.650652, 41.20011499900005 ], [ -4.645405499999981, 41.197272999000063 ], [ -4.642688499999963, 41.194015499000045 ], [ -4.640462, 41.193694999000058 ], [ -4.638388499999962, 41.189914999000052 ], [ -4.636379, 41.190616499000043 ], [ -4.634504, 41.187221499000032 ], [ -4.631955, 41.184844999000063 ], [ -4.632069, 41.182742999000027 ], [ -4.628449499999931, 41.176696999000058 ], [ -4.627779499999974, 41.170806999000035 ] ] ] } },
{ "type": "Feature", "properties": { "code": "47127", "name": "Quintanilla de Arriba" }, "geometry": { "type": "Polygon", "coordinates": [ [ [ -4.204411499999935, 41.629066499000032 ], [ -4.199952009999947, 41.623828402000072 ], [ -4.20120469099993, 41.618514316000073 ], [ -4.216835774999936, 41.607186922000039 ], [ -4.217966221999973, 41.600389780000057 ], [ -4.224322499999971, 41.593784499000037 ], [ -4.246449458999962, 41.595772398000065 ], [ -4.266506576999973, 41.589249826000071 ], [ -4.270985085999939, 41.585707534000051 ], [ -4.266692, 41.582923999000059 ], [ -4.28517825299997, 41.577358350000054 ], [ -4.301207499999975, 41.585960499000066 ], [ -4.291100925999956, 41.617921029000058 ], [ -4.278572, 41.635451999000054 ], [ -4.27332669599997, 41.626395347000027 ], [ -4.261353240999938, 41.627663721000033 ], [ -4.251515925999968, 41.62443105300008 ], [ -4.231309499999952, 41.626266499000053 ], [ -4.22619008199996, 41.621917502000031 ], [ -4.219891992999976, 41.621121820000042 ], [ -4.204411499999935, 41.629066499000032 ] ] ] } },
{ "type": "Feature", "properties": { "code": "47128", "name": "Quintanilla del Molar" }, "geometry": { "type": "Polygon", "coordinates": [ [ [ -5.47847, 42.004417499000056 ], [ -5.474559499999941, 42.006049999000027 ], [ -5.459344, 42.006934999000066 ], [ -5.447825499999965, 42.010722999000052 ], [ -5.438359748999972, 42.009863318000043 ], [ -5.431602565999981, 42.00315241900006 ], [ -5.433799725999961, 41.982453109000062 ], [ -5.438297499999976, 41.967380499000058 ], [ -5.483589502999962, 41.984466526000062 ], [ -5.488423, 41.995528999000044 ], [ -5.483988213999965, 41.996394483000074 ], [ -5.479314243999966, 41.999235856000041 ], [ -5.47847, 42.004417499000056 ] ] ] } },
{ "type": "Feature", "properties": { "code": "47129", "name": "Quintanilla de Onésimo" }, "geometry": { "type": "Polygon", "coordinates": [ [ [ -4.278572, 41.635451999000054 ], [ -4.291100925999956, 41.617921029000058 ], [ -4.297833499999967, 41.597816499000032 ], [ -4.322359383999981, 41.594884033000028 ], [ -4.319121525999947, 41.588373210000043 ], [ -4.320557208999958, 41.584395960000052 ], [ -4.33441286599998, 41.573105948000034 ], [ -4.343154091999963, 41.571073326000032 ], [ -4.351917542999956, 41.56261700400006 ], [ -4.359967579999932, 41.56114965200004 ], [ -4.370778131999941, 41.565632740000069 ], [ -4.382061499999963, 41.56497949900006 ], [ -4.384526019999953, 41.569588262000025 ], [ -4.400757794999947, 41.572107737000067 ], [ -4.415999083999964, 41.580418579000025 ], [ -4.426245499999936, 41.589484999000035 ], [ -4.41479875899995, 41.589415257000041 ], [ -4.404008632999933, 41.58392103400007 ], [ -4.400652045999948, 41.591089149000027 ], [ -4.403698769999949, 41.598910058000058 ], [ -4.394426214999953, 41.596266901000035 ], [ -4.388706811999953, 41.597807076000038 ], [ -4.387680591999981, 41.604087775000039 ], [ -4.393578, 41.624217999000052 ], [ -4.385903948999953, 41.629016167000032 ], [ -4.368776373999935, 41.627265991000058 ], [ -4.348687298999948, 41.629886662000047 ], [ -4.332620685999927, 41.637358888000051 ], [ -4.317857, 41.638999999000077 ], [ -4.311662901999966, 41.642085717000043 ], [ -4.305243918999963, 41.640525570000079 ], [ -4.304994668999939, 41.630624860000069 ], [ -4.29591174799998, 41.622095711000043 ], [ -4.291011024999932, 41.626015853000069 ], [ -4.287717875999931, 41.639083059000029 ], [ -4.278572, 41.635451999000054 ] ] ] } },
{ "type": "Feature", "properties": { "code": "47130", "name": "Quintanilla de Trigueros" }, "geometry": { "type": "Polygon", "coordinates": [ [ [ -4.658459499999935, 41.89680499900004 ], [ -4.654283075999956, 41.892781524000043 ], [ -4.637295809999955, 41.88731247000004 ], [ -4.631811889999938, 41.862901708000038 ], [ -4.618108, 41.851222999000072 ], [ -4.636537499999974, 41.837943999000061 ], [ -4.666573844999959, 41.84503697100007 ], [ -4.688016889999972, 41.856394048000027 ], [ -4.693377414999929, 41.862880095000037 ], [ -4.708561464999946, 41.864638371000069 ], [ -4.723935, 41.870990999000071 ], [ -4.701529058999938, 41.886740260000067 ], [ -4.685681699999975, 41.891643311000053 ], [ -4.678406499999937, 41.899856499000066 ], [ -4.658459499999935, 41.89680499900004 ] ] ] } },
{ "type": "Feature", "properties": { "code": "47131", "name": "Rábano" }, "geometry": { "type": "Polygon", "coordinates": [ [ [ -3.994362499999966, 41.530826499000057 ], [ -3.999928, 41.516097999000067 ], [ -4.02615789999993, 41.517763290000062 ], [ -4.036115569999936, 41.510617506000074 ], [ -4.047461225999939, 41.50801972000005 ], [ -4.056491499999936, 41.500594999000043 ], [ -4.057213546999947, 41.50772046600008 ], [ -4.065592656999968, 41.512624989000074 ], [ -4.065378436999936, 41.518570451000073 ], [ -4.072100364999926, 41.526515056000051 ], [ -4.076932694999925, 41.527317366000034 ], [ -4.080185708999977, 41.541770417000066 ], [ -4.096206499999937, 41.545123999000054 ], [ -4.096687499999973, 41.550182499000073 ], [ -4.087257395999927, 41.555096008000078 ], [ -4.076117119999935, 41.556141024000055 ], [ -4.067638, 41.562057499000048 ], [ -4.058827193999946, 41.555304819000071 ], [ -4.034029966999981, 41.548956937000071 ], [ -4.019626786999936, 41.54086317000008 ], [ -3.999968188999958, 41.538180186000034 ], [ -3.994362499999966, 41.530826499000057 ] ] ] } },
{ "type": "Feature", "properties": { "code": "47132", "name": "Ramiro" }, "geometry": { "type": "Polygon", "coordinates": [ [ [ -4.814483, 41.249091999000029 ], [ -4.805781499999966, 41.256408499000031 ], [ -4.803971, 41.263911999000072 ], [ -4.801428, 41.259509999000045 ], [ -4.799192, 41.258537499000056 ], [ -4.796762499999943, 41.254855999000029 ], [ -4.789451499999927, 41.250644499000032 ], [ -4.786489, 41.251430499000037 ], [ -4.773144499999944, 41.239909999000076 ], [ -4.763658499999963, 41.238162999000053 ], [ -4.754380499999968, 41.238383999000064 ], [ -4.748576, 41.241283499000076 ], [ -4.74734, 41.235187499000062 ], [ -4.748835499999927, 41.230930499000067 ], [ -4.756652, 41.220687999000063 ], [ -4.764453, 41.217143999000029 ], [ -4.767354, 41.214138499000057 ], [ -4.773975, 41.211070999000071 ], [ -4.791602216999934, 41.210108707000074 ], [ -4.819344499999943, 41.218661999000062 ], [ -4.824635499999943, 41.233493499000076 ], [ -4.81763449999994, 41.237064499000041 ], [ -4.814483, 41.249091999000029 ] ] ] } },
{ "type": "Feature", "properties": { "code": "47133", "name": "Renedo de Esgueva" }, "geometry": { "type": "Polygon", "coordinates": [ [ [ -4.643492499999979, 41.626999499000078 ], [ -4.655614374999971, 41.643212503000029 ], [ -4.655178210999964, 41.655994593000059 ], [ -4.660075442999926, 41.667768186000046 ], [ -4.647228824999956, 41.677959541000064 ], [ -4.646098527999925, 41.682785850000073 ], [ -4.630816, 41.68743149900007 ], [ -4.616834094999945, 41.676749689000076 ], [ -4.609468092999975, 41.664314166000054 ], [ -4.600944097999957, 41.661001720000058 ], [ -4.598647056999937, 41.650628863000065 ], [ -4.58692, 41.64058299900006 ], [ -4.588476, 41.636066499000037 ], [ -4.603743950999956, 41.627237249000075 ], [ -4.623520620999955, 41.62479872800003 ], [ -4.627917451999963, 41.616318818000025 ], [ -4.638843, 41.611961999000073 ], [ -4.643492499999979, 41.626999499000078 ] ] ] } },
{ "type": "Feature", "properties": { "code": "47134", "name": "Roales de Campos" }, "geometry": { "type": "Polygon", "coordinates": [ [ [ -5.447825499999965, 42.010722999000052 ], [ -5.459344, 42.006934999000066 ], [ -5.471742, 42.006282499000065 ], [ -5.473966323999946, 42.014480189000039 ], [ -5.491529886999956, 42.032922951000046 ], [ -5.487926110999979, 42.03949997400008 ], [ -5.507759, 42.057494999000028 ], [ -5.50246958799994, 42.067285043000027 ], [ -5.517297156999973, 42.083862514000032 ], [ -5.520905499999969, 42.09712999900006 ], [ -5.498844792999932, 42.083651160000045 ], [ -5.47841023899997, 42.056709641000054 ], [ -5.478938514999925, 42.051487188000067 ], [ -5.440611863999948, 42.032555829000046 ], [ -5.426185061999945, 42.035294242000077 ], [ -5.421605499999941, 42.030666499000063 ], [ -5.445105937999926, 42.015213508000045 ], [ -5.447825499999965, 42.010722999000052 ] ] ] } },
{ "type": "Feature", "properties": { "code": "47135", "name": "Robladillo" }, "geometry": { "type": "Polygon", "coordinates": [ [ [ -4.885503, 41.616683999000031 ], [ -4.882973724999943, 41.604075941000076 ], [ -4.89021396399994, 41.598972537000066 ], [ -4.911356495999939, 41.593744661000073 ], [ -4.923655292999968, 41.607715988000052 ], [ -4.927878160999967, 41.616727105000052 ], [ -4.933346499999971, 41.619994999000028 ], [ -4.923941, 41.629836999000077 ], [ -4.919792, 41.629588999000077 ], [ -4.914099499999963, 41.63233199900003 ], [ -4.91557083899994, 41.627817214000061 ], [ -4.912504575999947, 41.619286515000056 ], [ -4.909251342999937, 41.616831557000069 ], [ -4.901870423999981, 41.614584801000035 ], [ -4.900558768999929, 41.619429142000058 ], [ -4.894283621999932, 41.617599878000078 ], [ -4.887902, 41.619087499000045 ], [ -4.885503, 41.616683999000031 ] ] ] } },
{ "type": "Feature", "properties": { "code": "47137", "name": "Roturas" }, "geometry": { "type": "MultiPolygon", "coordinates": [ [ [ [ -4.071376, 41.656825999000034 ], [ -4.069715, 41.659579999000073 ], [ -4.054324, 41.656966999000076 ], [ -4.05505949999997, 41.655814999000029 ], [ -4.069432499999948, 41.653331999000045 ], [ -4.071376, 41.656825999000034 ] ] ], [ [ [ -4.102084499999933, 41.693466499000067 ], [ -4.099728499999969, 41.689864999000065 ], [ -4.098593499999936, 41.682555999000044 ], [ -4.096896, 41.678767999000058 ], [ -4.09661, 41.673927499000058 ], [ -4.099249, 41.668723999000065 ], [ -4.110976104999963, 41.651747423000074 ], [ -4.124497002999931, 41.653079997000077 ], [ -4.138596606999954, 41.659084666000069 ], [ -4.145602, 41.653606499000034 ], [ -4.147942499999942, 41.656944499000076 ], [ -4.129009379999957, 41.676190236000025 ], [ -4.126669499999934, 41.687812999000073 ], [ -4.10910518399993, 41.687438732000032 ], [ -4.102084499999933, 41.693466499000067 ] ] ] ] } },
{ "type": "Feature", "properties": { "code": "47138", "name": "Rubí de Bracamonte" }, "geometry": { "type": "Polygon", "coordinates": [ [ [ -4.916216499999962, 41.266020499000035 ], [ -4.917805857999952, 41.259785200000067 ], [ -4.90751463099997, 41.241816057000051 ], [ -4.908402209999963, 41.226070725000056 ], [ -4.896963786999947, 41.219053835000068 ], [ -4.883821480999927, 41.218518761000041 ], [ -4.887596630999951, 41.204452311000068 ], [ -4.895821725999951, 41.196312324000075 ], [ -4.896141499999942, 41.191329999000061 ], [ -4.919068577999951, 41.188974191000057 ], [ -4.930834, 41.192725999000061 ], [ -4.938912, 41.198146999000073 ], [ -4.959687499999973, 41.201766999000029 ], [ -4.962320499999976, 41.210513999000057 ], [ -4.95709, 41.225402999000039 ], [ -4.950201499999935, 41.223312499000031 ], [ -4.921196, 41.243957499000032 ], [ -4.918589499999939, 41.266746499000078 ], [ -4.916216499999962, 41.266020499000035 ] ] ] } },
{ "type": "Feature", "properties": { "code": "47139", "name": "Rueda" }, "geometry": { "type": "Polygon", "coordinates": [ [ [ -4.975886499999945, 41.46089549900006 ], [ -4.969627841999966, 41.449130833000027 ], [ -4.957410394999954, 41.44558702900008 ], [ -4.949607624999942, 41.439544761000036 ], [ -4.952987994999944, 41.430728722000026 ], [ -4.938482457999953, 41.418732685000066 ], [ -4.933704361999958, 41.389629814000045 ], [ -4.928702499999929, 41.380943499000068 ], [ -4.939156175999926, 41.374030712000035 ], [ -4.950597239999979, 41.372031261000075 ], [ -4.963586156999952, 41.36047631100007 ], [ -4.980216499999926, 41.367801499000052 ], [ -5.004326510999931, 41.357695862000071 ], [ -5.025628725999979, 41.355476620000047 ], [ -5.033653499999957, 41.357547999000076 ], [ -5.040000064999958, 41.380417478000027 ], [ -5.048756663999939, 41.393833361000077 ], [ -5.050910626999951, 41.406167983000046 ], [ -5.050230264999925, 41.416780464000055 ], [ -5.043551903999969, 41.425455525000075 ], [ -5.043367098999965, 41.437256285000046 ], [ -5.038863060999972, 41.443185768000035 ], [ -5.038601, 41.458591499000079 ], [ -5.029459663999944, 41.460022084000059 ], [ -5.02383221599996, 41.464699835000033 ], [ -5.018029997999975, 41.461686925000038 ], [ -4.975886499999945, 41.46089549900006 ] ] ] } },
{ "type": "Feature", "properties": { "code": "47140", "name": "Saelices de Mayorga" }, "geometry": { "type": "Polygon", "coordinates": [ [ [ -5.171802499999956, 42.208244499000045 ], [ -5.179853499999979, 42.200645499000075 ], [ -5.180152499999963, 42.196300499000074 ], [ -5.19321, 42.196372999000062 ], [ -5.194192499999929, 42.194328499000051 ], [ -5.197066499999949, 42.192672999000081 ], [ -5.199003, 42.191913499000066 ], [ -5.200557, 42.19343199900004 ], [ -5.208783, 42.189727499000071 ], [ -5.221399402999964, 42.19518153100006 ], [ -5.234056499999951, 42.218929999000068 ], [ -5.227102771999967, 42.225915579000059 ], [ -5.227779, 42.229877499000054 ], [ -5.221652983999945, 42.234309390000078 ], [ -5.20484062099996, 42.235046882000063 ], [ -5.171802499999956, 42.208244499000045 ] ] ] } },
{ "type": "Feature", "properties": { "code": "47141", "name": "Salvador de Zapardiel" }, "geometry": { "type": "MultiPolygon", "coordinates": [ [ [ [ -4.818816499999969, 41.160407999000029 ], [ -4.821038499999929, 41.155845499000066 ], [ -4.825607499999933, 41.151267999000027 ], [ -4.827165, 41.146831499000029 ], [ -4.826413, 41.144626499000026 ], [ -4.884378, 41.146529999000052 ], [ -4.885949148999941, 41.159079977000033 ], [ -4.881893587999969, 41.167228953000063 ], [ -4.867957192999938, 41.168341111000075 ], [ -4.842133499999932, 41.178405499000064 ], [ -4.831423319999942, 41.175365458000044 ], [ -4.818816499999969, 41.160407999000029 ] ] ], [ [ [ -4.863706, 41.094031999000038 ], [ -4.875517482999953, 41.103693293000049 ], [ -4.909048499999926, 41.118781999000078 ], [ -4.892699, 41.140033499000026 ], [ -4.878683929999966, 41.134164609000038 ], [ -4.866229359999977, 41.123894481000036 ], [ -4.856504305999977, 41.109172919000059 ], [ -4.855585, 41.100745999000026 ], [ -4.863706, 41.094031999000038 ] ] ] ] } },
{ "type": "Feature", "properties": { "code": "47142", "name": "San Cebrián de Mazote" }, "geometry": { "type": "Polygon", "coordinates": [ [ [ -5.194092499999954, 41.690372499000034 ], [ -5.184248365999963, 41.692292910000049 ], [ -5.154378964999978, 41.710816579000038 ], [ -5.137694, 41.708644999000057 ], [ -5.129914161999977, 41.702482648000057 ], [ -5.093456499999945, 41.693175999000061 ], [ -5.10575549999993, 41.67276799900003 ], [ -5.129095980999978, 41.663779675000058 ], [ -5.148269, 41.64862049900006 ], [ -5.169165410999938, 41.652000847000068 ], [ -5.189108417999932, 41.661092109000037 ], [ -5.190621499999963, 41.67735299900005 ], [ -5.196269, 41.68972799900007 ], [ -5.194092499999954, 41.690372499000034 ] ] ] } },
{ "type": "Feature", "properties": { "code": "47143", "name": "San Llorente" }, "geometry": { "type": "MultiPolygon", "coordinates": [ [ [ [ -4.039124499999957, 41.706676499000025 ], [ -4.04251241299994, 41.703556365000054 ], [ -4.044471590999933, 41.693093495000028 ], [ -4.055942012999935, 41.690012903000024 ], [ -4.05604632099994, 41.684128734000069 ], [ -4.061618777999968, 41.675530873000071 ], [ -4.089673588999972, 41.685323586000038 ], [ -4.09661, 41.673927499000058 ], [ -4.096896, 41.678767999000058 ], [ -4.098593499999936, 41.682555999000044 ], [ -4.099728499999969, 41.689864999000065 ], [ -4.102084499999933, 41.693466499000067 ], [ -4.112919, 41.718272999000078 ], [ -4.104143, 41.721076999000047 ], [ -4.091409499999941, 41.723739499000033 ], [ -4.076383499999963, 41.72607799900004 ], [ -4.067904283999951, 41.726027959000078 ], [ -4.053990213999953, 41.719615974000078 ], [ -4.039124499999957, 41.706676499000025 ] ] ], [ [ [ -4.069715, 41.659579999000073 ], [ -4.06523606899998, 41.670418159000064 ], [ -4.059038957999974, 41.672355827000047 ], [ -4.05358711699995, 41.669085279000058 ], [ -4.054324, 41.656966999000076 ], [ -4.069715, 41.659579999000073 ] ] ] ] } },
{ "type": "Feature", "properties": { "code": "47144", "name": "San Martín de Valvení" }, "geometry": { "type": "Polygon", "coordinates": [ [ [ -4.585714, 41.775893999000061 ], [ -4.581158782999978, 41.772522827000046 ], [ -4.570562611999947, 41.773245231000033 ], [ -4.556002167999964, 41.780934075000062 ], [ -4.549598972999945, 41.781470789000025 ], [ -4.49706, 41.77020249900005 ], [ -4.484663499999954, 41.769527499000048 ], [ -4.468148499999927, 41.76331699900004 ], [ -4.454268, 41.759158999000078 ], [ -4.463769499999955, 41.743720999000061 ], [ -4.468547, 41.739093999000033 ], [ -4.482211499999949, 41.730350499000053 ], [ -4.484852, 41.729209999000034 ], [ -4.4911, 41.728496499000073 ], [ -4.497819, 41.72630299900004 ], [ -4.503899, 41.725574499000061 ], [ -4.516683499999942, 41.72218299900004 ], [ -4.536248, 41.720135999000036 ], [ -4.556878987999937, 41.729547079000042 ], [ -4.591533337999977, 41.738296740000067 ], [ -4.61216965999995, 41.748830754000039 ], [ -4.612567, 41.75659949900006 ], [ -4.601151063999964, 41.761866549000047 ], [ -4.604727528999945, 41.769995732000041 ], [ -4.602446980999957, 41.774648759000058 ], [ -4.585714, 41.775893999000061 ] ] ] } },
{ "type": "Feature", "properties": { "code": "47145", "name": "San Miguel del Arroyo" }, "geometry": { "type": "Polygon", "coordinates": [ [ [ -4.543474499999945, 41.448817999000028 ], [ -4.516163850999931, 41.462039120000043 ], [ -4.490149334999955, 41.460341988000039 ], [ -4.48092749999995, 41.474334499000065 ], [ -4.478233199999977, 41.472039789000064 ], [ -4.480081728999949, 41.461261418000049 ], [ -4.477945021999972, 41.459274234000077 ], [ -4.466353218999927, 41.46885910900005 ], [ -4.451232312999934, 41.468276409000055 ], [ -4.436411924999959, 41.476749077000079 ], [ -4.425004499999943, 41.474021999000058 ], [ -4.424892928999952, 41.469726159000061 ], [ -4.416269, 41.465575999000066 ], [ -4.401253499999939, 41.460586499000044 ], [ -4.39895649999994, 41.455108499000062 ], [ -4.397140499999978, 41.453075499000079 ], [ -4.398419, 41.451221499000042 ], [ -4.40143, 41.45101549900005 ], [ -4.407674, 41.446902999000031 ], [ -4.407506499999954, 41.441852499000049 ], [ -4.431425, 41.432704999000066 ], [ -4.433461361999946, 41.428068389000032 ], [ -4.465965, 41.416641499000036 ], [ -4.468988337999974, 41.413535852000052 ], [ -4.486629609999966, 41.409520948000079 ], [ -4.49969514999998, 41.412882479000075 ], [ -4.514645, 41.40962599900007 ], [ -4.515898499999935, 41.413615999000058 ], [ -4.517531, 41.415881999000078 ], [ -4.528665499999931, 41.426921999000058 ], [ -4.530895499999929, 41.427623499000049 ], [ -4.532221, 41.430019499000025 ], [ -4.533909499999936, 41.429042499000047 ], [ -4.546876, 41.432300499000064 ], [ -4.54959367899994, 41.442921826000031 ], [ -4.543474499999945, 41.448817999000028 ] ] ] } },
{ "type": "Feature", "properties": { "code": "47146", "name": "San Miguel del Pino" }, "geometry": { "type": "Polygon", "coordinates": [ [ [ -4.886612, 41.513732999000069 ], [ -4.890735651999933, 41.507503 ], [ -4.902069499999925, 41.504325999000059 ], [ -4.912164565999944, 41.506037989000049 ], [ -4.930554178999955, 41.502985921000061 ], [ -4.932769943999972, 41.508790040000065 ], [ -4.925095074999945, 41.523333427000068 ], [ -4.909341975999951, 41.529799249000064 ], [ -4.90395704599996, 41.52825664900007 ], [ -4.896973683999931, 41.519633419000058 ], [ -4.886612, 41.513732999000069 ] ] ] } },
{ "type": "Feature", "properties": { "code": "47147", "name": "San Pablo de la Moraleja" }, "geometry": { "type": "Polygon", "coordinates": [ [ [ -4.721365, 41.156978499000047 ], [ -4.722127499999942, 41.149329999000031 ], [ -4.749083653999946, 41.149395976000051 ], [ -4.766875873999936, 41.142930499000045 ], [ -4.783113944999968, 41.144151196000053 ], [ -4.813553499999955, 41.129394499000057 ], [ -4.826413, 41.144626499000026 ], [ -4.827165, 41.146831499000029 ], [ -4.825607499999933, 41.151267999000027 ], [ -4.821038499999929, 41.155845499000066 ], [ -4.818816499999969, 41.160407999000029 ], [ -4.809025366999947, 41.164720351000028 ], [ -4.79448247199997, 41.166433898000037 ], [ -4.775696989999972, 41.180732570000032 ], [ -4.767750468999964, 41.182471416000055 ], [ -4.754937149999932, 41.178008410000075 ], [ -4.747276448999969, 41.167041012000027 ], [ -4.731802788999971, 41.15817478200006 ], [ -4.721365, 41.156978499000047 ] ] ] } },
{ "type": "Feature", "properties": { "code": "47148", "name": "San Pedro de Latarce" }, "geometry": { "type": "Polygon", "coordinates": [ [ [ -5.390763, 41.757503499000052 ], [ -5.388852769999971, 41.762772555000026 ], [ -5.369898587999955, 41.777369934000035 ], [ -5.349518, 41.780872499000054 ], [ -5.349912, 41.773856999000031 ], [ -5.324075, 41.765060499000072 ], [ -5.321970499999964, 41.765048999000044 ], [ -5.314034499999934, 41.761451499000032 ], [ -5.295772499999941, 41.748931999000035 ], [ -5.296375811999951, 41.740397453000071 ], [ -5.300043900999981, 41.737164485000051 ], [ -5.301899297999967, 41.729291008000075 ], [ -5.301049499999976, 41.720901499000036 ], [ -5.309468722999952, 41.712767738000025 ], [ -5.339751, 41.703792499000031 ], [ -5.340843499999949, 41.699111999000024 ], [ -5.346107057999973, 41.701572328000054 ], [ -5.357466498999941, 41.700650155000062 ], [ -5.356591371999968, 41.717125269000064 ], [ -5.362330615999952, 41.728435517000037 ], [ -5.368124230999967, 41.727925906000053 ], [ -5.375217499999962, 41.719787499000063 ], [ -5.376532500999929, 41.72994987900006 ], [ -5.389291872999934, 41.750090449000027 ], [ -5.390763, 41.757503499000052 ] ] ] } }
]
}
