{
"type": "FeatureCollection",
"crs": { "type": "name", "properties": { "name": "urn:ogc:def:crs:OGC:1.3:CRS84" } },
"features": [
{ "type": "Feature", "properties": { "code": "48001", "name": "Abadiño" }, "geometry": { "type": "Polygon", "coordinates": [ [ [ -2.632369, 43.148142499000073 ], [ -2.61751468999995, 43.153863251000075 ], [ -2.617431728999975, 43.163891338000042 ], [ -2.62216449999994, 43.172518999000033 ], [ -2.615402, 43.178133499000069 ], [ -2.605595499999936, 43.181119999000032 ], [ -2.593296826999961, 43.165109434000044 ], [ -2.576644497999951, 43.15625471900006 ], [ -2.57505, 43.145484499000077 ], [ -2.582560499999943, 43.13915649900008 ], [ -2.591855832999954, 43.137480114000027 ], [ -2.596973830999957, 43.126717083000074 ], [ -2.614896077999958, 43.114119957000071 ], [ -2.616345012999943, 43.10812244400006 ], [ -2.620814369999948, 43.104425462000052 ], [ -2.614808903999972, 43.093159669000045 ], [ -2.62396949999993, 43.08529149900005 ], [ -2.633556723999959, 43.086336264000067 ], [ -2.658573679999961, 43.075043257000061 ], [ -2.661133, 43.065760499000078 ], [ -2.663078499999926, 43.068913499000075 ], [ -2.673848499999963, 43.100127499000052 ], [ -2.668820499999924, 43.098876499000028 ], [ -2.654634, 43.100041499000042 ], [ -2.650995499999965, 43.102629999000044 ], [ -2.650360499999977, 43.104493999000056 ], [ -2.651063499999964, 43.106625999000073 ], [ -2.645429, 43.107611499000029 ], [ -2.646086499999967, 43.110549999000057 ], [ -2.645243, 43.114622999000062 ], [ -2.645658, 43.116447999000059 ], [ -2.643745, 43.128340999000045 ], [ -2.635313660999941, 43.140137816000049 ], [ -2.632369, 43.148142499000073 ] ] ] } },
{ "type": "Feature", "properties": { "code": "48002", "name": "Abanto y Ciérvana-Abanto Zierbena" }, "geometry": { "type": "Polygon", "coordinates": [ [ [ -3.075543, 43.282980999000074 ], [ -3.093452499999955, 43.289922499000056 ], [ -3.104331499999944, 43.292233499000076 ], [ -3.111243499999944, 43.289653999000052 ], [ -3.113674, 43.291290999000068 ], [ -3.116861228999937, 43.296320726000033 ], [ -3.112953963999928, 43.300151982000045 ], [ -3.111015947999931, 43.316502716000059 ], [ -3.100957, 43.331880499000079 ], [ -3.094751652999946, 43.328760668000029 ], [ -3.071736648999945, 43.330832311000052 ], [ -3.062471, 43.328456999000025 ], [ -3.064422499999978, 43.327044999000066 ], [ -3.067465544999948, 43.320808251000074 ], [ -3.065647042999956, 43.306881004000047 ], [ -3.075543, 43.282980999000074 ] ] ] } },
{ "type": "Feature", "properties": { "code": "48003", "name": "Amorebieta-Etxano" }, "geometry": { "type": "Polygon", "coordinates": [ [ [ -2.782475499999975, 43.244560499000045 ], [ -2.767938252999954, 43.24743925100006 ], [ -2.757708518999948, 43.258099985000058 ], [ -2.756002725999963, 43.265016758000058 ], [ -2.746378856999968, 43.266917437000075 ], [ -2.740986499999963, 43.274988999000072 ], [ -2.733378133999963, 43.273359749000065 ], [ -2.73232309499997, 43.268989500000032 ], [ -2.727037440999936, 43.264821375000054 ], [ -2.726120895999941, 43.24923313000005 ], [ -2.715319277999924, 43.251010460000032 ], [ -2.715153211999962, 43.248131579000074 ], [ -2.718926199999942, 43.245197611000037 ], [ -2.716787409999938, 43.242548544000044 ], [ -2.703746728999931, 43.234984705000045 ], [ -2.674262738999971, 43.224740457000053 ], [ -2.671200336999959, 43.21942305400006 ], [ -2.673806900999978, 43.217364832000044 ], [ -2.668299446999924, 43.21442954500003 ], [ -2.669428093999954, 43.209463654000047 ], [ -2.666461499999969, 43.203673999000046 ], [ -2.676483675999975, 43.192374345000076 ], [ -2.67144658999996, 43.183188488000042 ], [ -2.676885220999964, 43.177300001000049 ], [ -2.677038, 43.17038799900007 ], [ -2.690509583999926, 43.165502247000063 ], [ -2.696456499999954, 43.156340499000066 ], [ -2.714499390999947, 43.171075310000049 ], [ -2.736813, 43.182071499000074 ], [ -2.747230542999944, 43.202208067000072 ], [ -2.750012664999929, 43.215849554000044 ], [ -2.771605101999967, 43.224490775000049 ], [ -2.77796, 43.230464999000048 ], [ -2.782475499999975, 43.244560499000045 ] ] ] } },
{ "type": "Feature", "properties": { "code": "48004", "name": "Amoroto" }, "geometry": { "type": "Polygon", "coordinates": [ [ [ -2.494367, 43.307286499000043 ], [ -2.514466499999969, 43.298336499000072 ], [ -2.536973, 43.310689499000034 ], [ -2.531568584999945, 43.315748229000064 ], [ -2.526126363999936, 43.334181410000042 ], [ -2.510240499999952, 43.348097999000061 ], [ -2.507725, 43.349517499000058 ], [ -2.505534499999953, 43.349623499000074 ], [ -2.501482259999932, 43.346948812000051 ], [ -2.503682890999926, 43.339830877000054 ], [ -2.488740714999949, 43.335607123000045 ], [ -2.485199, 43.331939999000042 ], [ -2.490464909999957, 43.331259193000051 ], [ -2.494170370999939, 43.327109907000079 ], [ -2.490745912999955, 43.317386158000033 ], [ -2.494367, 43.307286499000043 ] ] ] } },
{ "type": "Feature", "properties": { "code": "48005", "name": "Arakaldo" }, "geometry": { "type": "Polygon", "coordinates": [ [ [ -2.913225, 43.141963499000042 ], [ -2.938440499999956, 43.145129999000062 ], [ -2.939395499999932, 43.145785999000054 ], [ -2.939126303999956, 43.155165098000055 ], [ -2.927170450999938, 43.157601396000075 ], [ -2.916916718999971, 43.149242438000044 ], [ -2.913225, 43.141963499000042 ] ] ] } },
{ "type": "Feature", "properties": { "code": "48006", "name": "Arantzazu" }, "geometry": { "type": "Polygon", "coordinates": [ [ [ -2.776477499999942, 43.136154499000043 ], [ -2.781689780999955, 43.146232883000039 ], [ -2.797939739999947, 43.143285915000035 ], [ -2.807325499999934, 43.149869499000033 ], [ -2.808107846999974, 43.153168483000059 ], [ -2.80217, 43.163815499000066 ], [ -2.79709134899997, 43.159218681000027 ], [ -2.785985267999934, 43.158242142000063 ], [ -2.778671499999973, 43.15415499900007 ], [ -2.776477499999942, 43.136154499000043 ] ] ] } },
{ "type": "Feature", "properties": { "code": "48007", "name": "Munitibar-Arbatzegi Gerrikaitz" }, "geometry": { "type": "Polygon", "coordinates": [ [ [ -2.626268, 43.238423999000076 ], [ -2.619626410999956, 43.242825900000071 ], [ -2.619274380999968, 43.250711569000032 ], [ -2.628793262999977, 43.264265226000077 ], [ -2.628225808999957, 43.27595159100008 ], [ -2.622836093999979, 43.280882926000061 ], [ -2.602714499999934, 43.285703499000078 ], [ -2.597747798999933, 43.283427074000031 ], [ -2.591886918999933, 43.28308088600005 ], [ -2.588471887999958, 43.279584171000067 ], [ -2.580964372999972, 43.280540568000049 ], [ -2.578236048999941, 43.279827044000058 ], [ -2.572933987999932, 43.275234633000025 ], [ -2.567593402999933, 43.272819208000044 ], [ -2.561756231999937, 43.273355286000026 ], [ -2.557044, 43.272009999000034 ], [ -2.562319156999934, 43.26002303100006 ], [ -2.56971968199997, 43.256368372000054 ], [ -2.591664499999979, 43.226874999000074 ], [ -2.602091499999972, 43.22990549900004 ], [ -2.612676, 43.22685799900006 ], [ -2.614264397999932, 43.231797852000057 ], [ -2.626268, 43.238423999000076 ] ] ] } },
{ "type": "Feature", "properties": { "code": "48008", "name": "Artzentales" }, "geometry": { "type": "Polygon", "coordinates": [ [ [ -3.284818499999972, 43.197172999000031 ], [ -3.266672098999948, 43.205779555000049 ], [ -3.270633997999937, 43.217538260000026 ], [ -3.267509623999956, 43.223166247000051 ], [ -3.269838804999949, 43.230719214000032 ], [ -3.25347435499998, 43.244429935000028 ], [ -3.249176499999976, 43.259649499000034 ], [ -3.244754969999974, 43.271414519000075 ], [ -3.237969766999925, 43.276062912000043 ], [ -3.230248347999975, 43.277007574000038 ], [ -3.21838, 43.28682599900003 ], [ -3.209543499999938, 43.28347799900007 ], [ -3.199827525999979, 43.248175593000042 ], [ -3.19841, 43.218523499000071 ], [ -3.220918985999958, 43.216994186000079 ], [ -3.230923749999931, 43.209108364000031 ], [ -3.249500780999938, 43.204380774000072 ], [ -3.256108985999958, 43.195391581000081 ], [ -3.278148499999929, 43.194370499000058 ], [ -3.284818499999972, 43.197172999000031 ] ] ] } },
{ "type": "Feature", "properties": { "code": "48009", "name": "Arrankudiaga-Zollo" }, "geometry": { "type": "Polygon", "coordinates": [ [ [ -2.923659, 43.186721999000042 ], [ -2.907933527999944, 43.177593778000073 ], [ -2.909737246999953, 43.174556985000038 ], [ -2.905162657999938, 43.166560426000046 ], [ -2.908153, 43.157772999000031 ], [ -2.905753588999971, 43.14817346500007 ], [ -2.907784499999934, 43.141212499000062 ], [ -2.913225, 43.141963499000042 ], [ -2.916916718999971, 43.149242438000044 ], [ -2.927170450999938, 43.157601396000075 ], [ -2.939126303999956, 43.155165098000055 ], [ -2.939395499999932, 43.145785999000054 ], [ -2.952909443999943, 43.159537813000043 ], [ -2.94742206199993, 43.170099622000066 ], [ -2.960075583999981, 43.175232033000043 ], [ -2.972947, 43.186234499000079 ], [ -2.981526, 43.201952999000071 ], [ -2.962212566999938, 43.206086900000059 ], [ -2.956731499999933, 43.212570999000036 ], [ -2.939194559999976, 43.197187595000059 ], [ -2.935775822999972, 43.196634849000077 ], [ -2.930348321999929, 43.201030732000049 ], [ -2.923219760999928, 43.197649933000037 ], [ -2.92538430899998, 43.189488249000078 ], [ -2.923659, 43.186721999000042 ] ] ] } },
{ "type": "Feature", "properties": { "code": "48010", "name": "Arrieta" }, "geometry": { "type": "Polygon", "coordinates": [ [ [ -2.767398499999956, 43.323586999000042 ], [ -2.774052499999925, 43.323299999000028 ], [ -2.781032920999962, 43.326651544000072 ], [ -2.780815003999976, 43.331859472000076 ], [ -2.78668648699994, 43.337302629000078 ], [ -2.788213, 43.345699499000034 ], [ -2.786295451999933, 43.352898433000064 ], [ -2.771862327999941, 43.359461061000047 ], [ -2.765378, 43.37663599900003 ], [ -2.762534499999958, 43.375521499000058 ], [ -2.752340499999946, 43.365222999000025 ], [ -2.75304, 43.362277499000072 ], [ -2.747552499999927, 43.359190499000078 ], [ -2.74173, 43.357724999000027 ], [ -2.733705, 43.353225999000074 ], [ -2.740042747999951, 43.342891762000079 ], [ -2.749078132999955, 43.340873634000047 ], [ -2.749498623999955, 43.333551641000042 ], [ -2.75489923799995, 43.324717152000062 ], [ -2.767398499999956, 43.323586999000042 ] ] ] } },
{ "type": "Feature", "properties": { "code": "48011", "name": "Arrigorriaga" }, "geometry": { "type": "Polygon", "coordinates": [ [ [ -2.923659, 43.186721999000042 ], [ -2.92538430899998, 43.189488249000078 ], [ -2.923219760999928, 43.197649933000037 ], [ -2.930348321999929, 43.201030732000049 ], [ -2.935775822999972, 43.196634849000077 ], [ -2.939194559999976, 43.197187595000059 ], [ -2.956731499999933, 43.212570999000036 ], [ -2.946248499999967, 43.217560999000057 ], [ -2.928495579999947, 43.214156132000028 ], [ -2.909940284999948, 43.21999670200006 ], [ -2.90709555199993, 43.226636192000058 ], [ -2.920049375999952, 43.241105732000051 ], [ -2.913276499999938, 43.245813999000063 ], [ -2.898490513999946, 43.226400223000041 ], [ -2.898745418999965, 43.217569452000077 ], [ -2.885705, 43.216039499000033 ], [ -2.88321663399995, 43.198089938000066 ], [ -2.878475, 43.191221999000049 ], [ -2.878092, 43.188753499000029 ], [ -2.881170499999939, 43.18793449900005 ], [ -2.893718146999959, 43.191490806000047 ], [ -2.896849269999962, 43.190142162000029 ], [ -2.89475930499998, 43.186477614000069 ], [ -2.897373495999943, 43.183217910000053 ], [ -2.908677526999952, 43.187469788000044 ], [ -2.911618714999975, 43.191404438000063 ], [ -2.908399624999959, 43.19561241100007 ], [ -2.911603285999945, 43.202022595000074 ], [ -2.915460997999958, 43.203701313000067 ], [ -2.919766397999979, 43.200111905000028 ], [ -2.914235964999932, 43.191967649000048 ], [ -2.923659, 43.186721999000042 ] ] ] } },
{ "type": "Feature", "properties": { "code": "48012", "name": "Bakio" }, "geometry": { "type": "Polygon", "coordinates": [ [ [ -2.844372499999963, 43.432056499000055 ], [ -2.835092920999955, 43.431894742000054 ], [ -2.822807465999972, 43.43361374400007 ], [ -2.805110489999947, 43.431409306000035 ], [ -2.785219006999966, 43.447230281000031 ], [ -2.783115, 43.445506999000031 ], [ -2.778905110999972, 43.437093074000074 ], [ -2.79332949999997, 43.404273999000054 ], [ -2.808134385999949, 43.402749210000025 ], [ -2.812019926999938, 43.399495883000043 ], [ -2.842945499999928, 43.407132999000055 ], [ -2.846910125999955, 43.423771301000045 ], [ -2.844372499999963, 43.432056499000055 ] ] ] } },
{ "type": "Feature", "properties": { "code": "48013", "name": "Barakaldo" }, "geometry": { "type": "Polygon", "coordinates": [ [ [ -2.978147499999977, 43.301905999000041 ], [ -2.972701, 43.292194499000061 ], [ -2.97170717299997, 43.284900573000073 ], [ -2.977235586999939, 43.275296104000063 ], [ -2.971583608999936, 43.258290595000062 ], [ -2.977744499999972, 43.249289999000041 ], [ -2.98932092299998, 43.25588867700003 ], [ -3.00546535999996, 43.254118678000054 ], [ -3.017805764999935, 43.250063476000037 ], [ -3.013959288999956, 43.241673439000067 ], [ -3.020591499999966, 43.237891499000057 ], [ -3.02855427999998, 43.245204971000078 ], [ -3.031951499999934, 43.252789999000072 ], [ -3.049061, 43.265630499000054 ], [ -3.042420884999956, 43.265971628000045 ], [ -3.031943140999942, 43.278028206000045 ], [ -2.998425060999978, 43.30238263800004 ], [ -2.988282631999937, 43.304500128000029 ], [ -2.978147499999977, 43.301905999000041 ] ] ] } },
{ "type": "Feature", "properties": { "code": "48014", "name": "Barrika" }, "geometry": { "type": "Polygon", "coordinates": [ [ [ -2.98538549999995, 43.395515499000055 ], [ -2.973954073999948, 43.40495975400006 ], [ -2.96962534599993, 43.413114612000072 ], [ -2.960419390999959, 43.414782019000029 ], [ -2.949562499999956, 43.412143499000081 ], [ -2.948011751999957, 43.407996479000076 ], [ -2.951047281999934, 43.399421432000054 ], [ -2.941483318999929, 43.393933420000053 ], [ -2.947316499999943, 43.384417499000051 ], [ -2.964650499999948, 43.382651999000075 ], [ -2.98538549999995, 43.395515499000055 ] ] ] } },
{ "type": "Feature", "properties": { "code": "48015", "name": "Basauri" }, "geometry": { "type": "Polygon", "coordinates": [ [ [ -2.866800499999954, 43.231129999000075 ], [ -2.878353199999935, 43.219273241000053 ], [ -2.885705, 43.216039499000033 ], [ -2.898745418999965, 43.217569452000077 ], [ -2.898490513999946, 43.226400223000041 ], [ -2.913276499999938, 43.245813999000063 ], [ -2.905159, 43.245385499000065 ], [ -2.896952495999926, 43.240451216000054 ], [ -2.884591, 43.245237499000041 ], [ -2.877588379999963, 43.242343929000072 ], [ -2.866800499999954, 43.231129999000075 ] ] ] } },
{ "type": "Feature", "properties": { "code": "48016", "name": "Berango" }, "geometry": { "type": "Polygon", "coordinates": [ [ [ -2.960033, 43.359200999000052 ], [ -2.94655, 43.349124999000026 ], [ -2.947360499999945, 43.347198999000057 ], [ -2.951917499999979, 43.348890999000048 ], [ -2.952946, 43.346799499000042 ], [ -2.95932849999997, 43.348501499000065 ], [ -2.967049499999973, 43.344655499000055 ], [ -2.994772481999973, 43.347984387000054 ], [ -2.999716052999929, 43.363222565000058 ], [ -3.007991956999945, 43.370242045000055 ], [ -3.00096149999996, 43.378201499000056 ], [ -2.989465368999959, 43.369673548000037 ], [ -2.960033, 43.359200999000052 ] ] ] } },
{ "type": "Feature", "properties": { "code": "48017", "name": "Bermeo" }, "geometry": { "type": "MultiPolygon", "coordinates": [ [ [ [ -2.689427724999973, 43.429192473000057 ], [ -2.684885637999969, 43.426721591000046 ], [ -2.680546221999975, 43.42638908400005 ], [ -2.679848787999958, 43.42292163500008 ], [ -2.680363572999966, 43.421095617000049 ], [ -2.689427724999973, 43.429192473000057 ] ] ], [ [ [ -2.774312499999951, 43.386906499000077 ], [ -2.779057672999954, 43.39746757000006 ], [ -2.79332949999997, 43.404273999000054 ], [ -2.778905110999972, 43.437093074000074 ], [ -2.783115, 43.445506999000031 ], [ -2.763156201999948, 43.449263491000067 ], [ -2.750997273999928, 43.455633473000034 ], [ -2.747344703999943, 43.45160984100005 ], [ -2.746647511999925, 43.443242714000064 ], [ -2.736366404999956, 43.428758964000053 ], [ -2.720804889999954, 43.42509326000004 ], [ -2.717742305999934, 43.418852854000079 ], [ -2.713951499999951, 43.417678499000033 ], [ -2.715172941999981, 43.406132074000027 ], [ -2.732317034999937, 43.396017398000026 ], [ -2.724683349999964, 43.388464143000078 ], [ -2.762534499999958, 43.375521499000058 ], [ -2.765378, 43.37663599900003 ], [ -2.774312499999951, 43.386906499000077 ] ] ] ] } },
{ "type": "Feature", "properties": { "code": "48018", "name": "Berriatua" }, "geometry": { "type": "Polygon", "coordinates": [ [ [ -2.494367, 43.307286499000043 ], [ -2.490745912999955, 43.317386158000033 ], [ -2.494170370999939, 43.327109907000079 ], [ -2.490464909999957, 43.331259193000051 ], [ -2.485199, 43.331939999000042 ], [ -2.463998499999946, 43.33867649900003 ], [ -2.438023499999929, 43.333949999000026 ], [ -2.437253060999979, 43.326880435000078 ], [ -2.445864898999957, 43.325039933000028 ], [ -2.446935819999965, 43.319185325000035 ], [ -2.431725635999953, 43.318650555000033 ], [ -2.430638168999963, 43.314386139000078 ], [ -2.43326092999996, 43.311395141000048 ], [ -2.445839607999972, 43.313233728000057 ], [ -2.448514737999972, 43.306513948000031 ], [ -2.443979044999935, 43.305906834000041 ], [ -2.442011745999935, 43.302622866000036 ], [ -2.417832080999972, 43.320340950000059 ], [ -2.41314449999993, 43.320705499000042 ], [ -2.436872071999971, 43.298845891000042 ], [ -2.438562499999932, 43.286955499000044 ], [ -2.466138068999953, 43.294972476000055 ], [ -2.474895968999931, 43.302255234000029 ], [ -2.487130146999959, 43.300508151000031 ], [ -2.489175047999936, 43.305015626000056 ], [ -2.494367, 43.307286499000043 ] ] ] } },
{ "type": "Feature", "properties": { "code": "48019", "name": "Berriz" }, "geometry": { "type": "Polygon", "coordinates": [ [ [ -2.546373499999959, 43.179358999000044 ], [ -2.551927923999926, 43.174998856000059 ], [ -2.551552208999965, 43.16775199500006 ], [ -2.55481494199995, 43.16190014600005 ], [ -2.553036, 43.157226999000045 ], [ -2.563858717999949, 43.15579851800004 ], [ -2.57505, 43.145484499000077 ], [ -2.576644497999951, 43.15625471900006 ], [ -2.593296826999961, 43.165109434000044 ], [ -2.605595499999936, 43.181119999000032 ], [ -2.605715741999973, 43.193004924000036 ], [ -2.610964830999933, 43.207611397000051 ], [ -2.636127, 43.213740499000039 ], [ -2.641157, 43.221561999000073 ], [ -2.63593764999996, 43.22494438700005 ], [ -2.624139409999941, 43.222645217000036 ], [ -2.602091499999972, 43.22990549900004 ], [ -2.591664499999979, 43.226874999000074 ], [ -2.582146499999965, 43.221171499000036 ], [ -2.577992499999937, 43.217336499000055 ], [ -2.569386633999954, 43.20678153700004 ], [ -2.569081790999974, 43.194718072000057 ], [ -2.550470969999935, 43.185952728000075 ], [ -2.546373499999959, 43.179358999000044 ] ] ] } },
{ "type": "Feature", "properties": { "code": "48020", "name": "Bilbao" }, "geometry": { "type": "Polygon", "coordinates": [ [ [ -2.913276499999938, 43.245813999000063 ], [ -2.920049375999952, 43.241105732000051 ], [ -2.90709555199993, 43.226636192000058 ], [ -2.909940284999948, 43.21999670200006 ], [ -2.928495579999947, 43.214156132000028 ], [ -2.946248499999967, 43.217560999000057 ], [ -2.949340398999936, 43.224316439000063 ], [ -2.971637123999926, 43.233718924000073 ], [ -2.984378579999941, 43.244322059000069 ], [ -2.977744499999972, 43.249289999000041 ], [ -2.971583608999936, 43.258290595000062 ], [ -2.977235586999939, 43.275296104000063 ], [ -2.97170717299997, 43.284900573000073 ], [ -2.972701, 43.292194499000061 ], [ -2.966694761999975, 43.294015003000027 ], [ -2.953820057999963, 43.287599335000039 ], [ -2.946875499999976, 43.287656999000035 ], [ -2.947919961999958, 43.283589452000058 ], [ -2.944293140999946, 43.280352133000065 ], [ -2.91902168799993, 43.27455081200003 ], [ -2.915740228999937, 43.278822856000033 ], [ -2.91581187099996, 43.284876215000054 ], [ -2.909937499999955, 43.285212499000068 ], [ -2.900216288999957, 43.27782404900006 ], [ -2.900569464999933, 43.270931520000033 ], [ -2.880261, 43.265331999000068 ], [ -2.886626079999928, 43.255334074000075 ], [ -2.905159, 43.245385499000065 ], [ -2.913276499999938, 43.245813999000063 ] ] ] } },
{ "type": "Feature", "properties": { "code": "48021", "name": "Busturia" }, "geometry": { "type": "Polygon", "coordinates": [ [ [ -2.684390499999949, 43.39148749900005 ], [ -2.686788175999936, 43.383880665000049 ], [ -2.681318687999976, 43.37816957800004 ], [ -2.684470499999975, 43.372209999000063 ], [ -2.683310476999964, 43.36778487600003 ], [ -2.698933713999963, 43.366403385000069 ], [ -2.695959865999953, 43.353548488000058 ], [ -2.70609, 43.348482999000055 ], [ -2.717855545999953, 43.353460007000081 ], [ -2.728237414999967, 43.351342205000037 ], [ -2.733705, 43.353225999000074 ], [ -2.74173, 43.357724999000027 ], [ -2.747552499999927, 43.359190499000078 ], [ -2.75304, 43.362277499000072 ], [ -2.752340499999946, 43.365222999000025 ], [ -2.762534499999958, 43.375521499000058 ], [ -2.724683349999964, 43.388464143000078 ], [ -2.732317034999937, 43.396017398000026 ], [ -2.730388, 43.397555999000076 ], [ -2.721965413999953, 43.397728979000078 ], [ -2.719563499999936, 43.387742999000068 ], [ -2.704734, 43.389509499000042 ], [ -2.694520499999953, 43.39235099900003 ], [ -2.684390499999949, 43.39148749900005 ] ] ] } },
{ "type": "Feature", "properties": { "code": "48022", "name": "Karrantza Harana / Valle de Carranza" }, "geometry": { "type": "Polygon", "coordinates": [ [ [ -3.417608, 43.133315999000047 ], [ -3.422019997999939, 43.151040352000052 ], [ -3.432883495999931, 43.170273876000067 ], [ -3.435431499999936, 43.197976999000048 ], [ -3.432978029999958, 43.200872693000065 ], [ -3.432508828999971, 43.21044063100004 ], [ -3.437478645999931, 43.22107356500004 ], [ -3.445800427999927, 43.233111844000064 ], [ -3.450147, 43.236207999000044 ], [ -3.441862107999953, 43.235485759000028 ], [ -3.415388592999932, 43.241031011000075 ], [ -3.409205042999929, 43.248241499000073 ], [ -3.39731728199996, 43.247341141000049 ], [ -3.38864, 43.264184999000065 ], [ -3.382805572999928, 43.269740845000058 ], [ -3.369995537999955, 43.273832492000054 ], [ -3.359249525999928, 43.272430430000043 ], [ -3.338584, 43.278060999000047 ], [ -3.313138251999931, 43.27597828100005 ], [ -3.304632, 43.258628999000052 ], [ -3.304406221999955, 43.251883286000066 ], [ -3.293289330999926, 43.240411627000071 ], [ -3.296889184999941, 43.226880822000055 ], [ -3.293154398999945, 43.217962207000028 ], [ -3.296470006999925, 43.206693624000025 ], [ -3.284818499999972, 43.197172999000031 ], [ -3.278148499999929, 43.194370499000058 ], [ -3.278969869999969, 43.189788836000048 ], [ -3.296769636999954, 43.182445316000042 ], [ -3.310256534999951, 43.172478929000079 ], [ -3.332074534999947, 43.166145559000029 ], [ -3.341412562999949, 43.166237110000054 ], [ -3.350133900999936, 43.154339188000051 ], [ -3.369102229999953, 43.150912669000036 ], [ -3.38798156799993, 43.140821621000043 ], [ -3.417608, 43.133315999000047 ] ] ] } },
{ "type": "Feature", "properties": { "code": "48023", "name": "Artea" }, "geometry": { "type": "Polygon", "coordinates": [ [ [ -2.772377, 43.128228499000045 ], [ -2.77854597399994, 43.121493206000025 ], [ -2.792425153999943, 43.11769490100005 ], [ -2.811382499999979, 43.102125499000067 ], [ -2.827071499999931, 43.110564499000077 ], [ -2.827021151999929, 43.117912548000049 ], [ -2.805508647999943, 43.141352255000072 ], [ -2.807325499999934, 43.149869499000033 ], [ -2.797939739999947, 43.143285915000035 ], [ -2.781689780999955, 43.146232883000039 ], [ -2.77526249999994, 43.13386549900008 ], [ -2.771439, 43.132140999000057 ], [ -2.772377, 43.128228499000045 ] ] ] } },
{ "type": "Feature", "properties": { "code": "48024", "name": "Zeanuri" }, "geometry": { "type": "Polygon", "coordinates": [ [ [ -2.684117499999957, 43.03789449900006 ], [ -2.705786452999973, 43.035252882000066 ], [ -2.707624499999952, 43.030055499000071 ], [ -2.714683712999943, 43.03030315500007 ], [ -2.728159742999935, 43.024635853000063 ], [ -2.741639366999948, 43.033643176000055 ], [ -2.751806639999927, 43.027107940000064 ], [ -2.773800499999936, 43.028956999000059 ], [ -2.77475, 43.031097499000055 ], [ -2.781209499999932, 43.033946999000079 ], [ -2.788978499999928, 43.034514999000066 ], [ -2.795819949999952, 43.049805400000025 ], [ -2.804484989999935, 43.054771216000063 ], [ -2.796151503999965, 43.066638946000069 ], [ -2.798692, 43.070774999000037 ], [ -2.785813717999929, 43.084298946000047 ], [ -2.791250083999955, 43.090963824000028 ], [ -2.788637412999947, 43.100708575000056 ], [ -2.782478071999947, 43.107019924000042 ], [ -2.766773186999956, 43.112639708000074 ], [ -2.763047499999971, 43.122662499000057 ], [ -2.761464915999966, 43.120439808000071 ], [ -2.749747902999957, 43.121605773000056 ], [ -2.703856624999958, 43.083940901000062 ], [ -2.700855615999956, 43.069306403000041 ], [ -2.687720438999975, 43.051536648000081 ], [ -2.684117499999957, 43.03789449900006 ] ] ] } },
{ "type": "Feature", "properties": { "code": "48025", "name": "Zeberio" }, "geometry": { "type": "Polygon", "coordinates": [ [ [ -2.907784499999934, 43.141212499000062 ], [ -2.905753588999971, 43.14817346500007 ], [ -2.908153, 43.157772999000031 ], [ -2.901896610999927, 43.160242886000049 ], [ -2.896642611999937, 43.168085083000051 ], [ -2.90177207399995, 43.171264894000046 ], [ -2.901765828999942, 43.174902087000078 ], [ -2.888280818999931, 43.180801154000051 ], [ -2.881170499999939, 43.18793449900005 ], [ -2.878092, 43.188753499000029 ], [ -2.878475, 43.191221999000049 ], [ -2.867192571999965, 43.185488932000055 ], [ -2.859669499999939, 43.189120999000068 ], [ -2.851034439999978, 43.183523463000029 ], [ -2.856032125999945, 43.17452172600008 ], [ -2.841642499999978, 43.168955999000048 ], [ -2.835092920999955, 43.174672144000056 ], [ -2.820560499999942, 43.174281499000074 ], [ -2.813532499999951, 43.172783499000047 ], [ -2.806483499999956, 43.167963999000051 ], [ -2.80217, 43.163815499000066 ], [ -2.808107846999974, 43.153168483000059 ], [ -2.805508647999943, 43.141352255000072 ], [ -2.827021151999929, 43.117912548000049 ], [ -2.827071499999931, 43.110564499000077 ], [ -2.835092920999955, 43.109440132000032 ], [ -2.851681083999949, 43.118752009000048 ], [ -2.867255053999941, 43.122641523000027 ], [ -2.875177821999955, 43.12861175900008 ], [ -2.904848856999934, 43.136844177000057 ], [ -2.907784499999934, 43.141212499000062 ] ] ] } },
{ "type": "Feature", "properties": { "code": "48026", "name": "Dima" }, "geometry": { "type": "Polygon", "coordinates": [ [ [ -2.778671499999973, 43.15415499900007 ], [ -2.756515675999935, 43.156811116000029 ], [ -2.750124399999947, 43.168167995000033 ], [ -2.747060142999942, 43.183485906000044 ], [ -2.736813, 43.182071499000074 ], [ -2.714499390999947, 43.171075310000049 ], [ -2.692283, 43.15240299900006 ], [ -2.693829, 43.150705499000026 ], [ -2.693029631999934, 43.133503708000035 ], [ -2.680856130999928, 43.124061622000056 ], [ -2.68226006499998, 43.109659574000034 ], [ -2.678943013999969, 43.102849895000077 ], [ -2.673848499999963, 43.100127499000052 ], [ -2.663078499999926, 43.068913499000075 ], [ -2.669174890999955, 43.065569045000075 ], [ -2.670601049999959, 43.053510421000055 ], [ -2.675691596999968, 43.04737999300005 ], [ -2.67482313499994, 43.037379160000057 ], [ -2.68062, 43.033435499000063 ], [ -2.684117499999957, 43.03789449900006 ], [ -2.687720438999975, 43.051536648000081 ], [ -2.700855615999956, 43.069306403000041 ], [ -2.703856624999958, 43.083940901000062 ], [ -2.749747902999957, 43.121605773000056 ], [ -2.761464915999966, 43.120439808000071 ], [ -2.763047499999971, 43.122662499000057 ], [ -2.772377, 43.128228499000045 ], [ -2.771439, 43.132140999000057 ], [ -2.77526249999994, 43.13386549900008 ], [ -2.776477499999942, 43.136154499000043 ], [ -2.778671499999973, 43.15415499900007 ] ] ] } },
{ "type": "Feature", "properties": { "code": "48027", "name": "Durango" }, "geometry": { "type": "Polygon", "coordinates": [ [ [ -2.687814499999945, 43.153147499000056 ], [ -2.693251, 43.148197999000047 ], [ -2.693829, 43.150705499000026 ], [ -2.692283, 43.15240299900006 ], [ -2.694783, 43.153876999000033 ], [ -2.696456499999954, 43.156340499000066 ], [ -2.690509583999926, 43.165502247000063 ], [ -2.677038, 43.17038799900007 ], [ -2.671807894999972, 43.165177698000036 ], [ -2.65888029599995, 43.163432689000047 ], [ -2.649554907999971, 43.164319989000035 ], [ -2.642368450999925, 43.173195519000046 ], [ -2.632682298999953, 43.174717938000072 ], [ -2.62216449999994, 43.172518999000033 ], [ -2.617431728999975, 43.163891338000042 ], [ -2.61751468999995, 43.153863251000075 ], [ -2.632369, 43.148142499000073 ], [ -2.637438322999969, 43.151445832000036 ], [ -2.636850082999956, 43.155325782000034 ], [ -2.642450307999979, 43.16288075600005 ], [ -2.655469471999936, 43.151814974000047 ], [ -2.687814499999945, 43.153147499000056 ] ] ] } },
{ "type": "Feature", "properties": { "code": "48028", "name": "Ea" }, "geometry": { "type": "Polygon", "coordinates": [ [ [ -2.594020499999942, 43.361214499000027 ], [ -2.59548812099996, 43.364004699000077 ], [ -2.603444059999958, 43.366037467000069 ], [ -2.617976104999968, 43.365967105000038 ], [ -2.623734, 43.370693499000026 ], [ -2.626074512999935, 43.378957657000058 ], [ -2.617472311999961, 43.383819421000055 ], [ -2.61163849999997, 43.392001999000058 ], [ -2.601864583999941, 43.393831256000055 ], [ -2.581196315999932, 43.386858756000038 ], [ -2.561826269999926, 43.390328216000057 ], [ -2.552971509999963, 43.380928134000044 ], [ -2.550353, 43.374051499000075 ], [ -2.563228401999936, 43.367805495000027 ], [ -2.580612425999959, 43.36991970400004 ], [ -2.58497657199996, 43.36291312700007 ], [ -2.594020499999942, 43.361214499000027 ] ] ] } },
{ "type": "Feature", "properties": { "code": "48029", "name": "Etxebarri" }, "geometry": { "type": "Polygon", "coordinates": [ [ [ -2.905159, 43.245385499000065 ], [ -2.886626079999928, 43.255334074000075 ], [ -2.880261, 43.265331999000068 ], [ -2.868297495999968, 43.256697733000067 ], [ -2.884591, 43.245237499000041 ], [ -2.896952495999926, 43.240451216000054 ], [ -2.905159, 43.245385499000065 ] ] ] } },
{ "type": "Feature", "properties": { "code": "48030", "name": "Etxebarria" }, "geometry": { "type": "MultiPolygon", "coordinates": [ [ [ [ -2.442331645999957, 43.268734012000039 ], [ -2.434513802999959, 43.272686701000055 ], [ -2.429792102999954, 43.271290903000079 ], [ -2.43618117699998, 43.266589435000071 ], [ -2.442331645999957, 43.268734012000039 ] ] ], [ [ [ -2.436825, 43.243442499000025 ], [ -2.459863, 43.226138999000057 ], [ -2.467833728999949, 43.230401571000073 ], [ -2.478775322999979, 43.231389415000081 ], [ -2.483099841999945, 43.237288530000058 ], [ -2.477437563999956, 43.240654703000075 ], [ -2.47995083099994, 43.243502012000079 ], [ -2.505487560999939, 43.233991166000067 ], [ -2.513330597999925, 43.235388944000078 ], [ -2.514234711999961, 43.237983249000081 ], [ -2.505843305999974, 43.240930376000051 ], [ -2.499677238999936, 43.239808612000047 ], [ -2.490751768999928, 43.247581144000037 ], [ -2.48958364799995, 43.259585446000074 ], [ -2.502478678999978, 43.254563919000077 ], [ -2.50794971299996, 43.249219027000038 ], [ -2.512673462999942, 43.25085994300008 ], [ -2.512042533999931, 43.254563985000061 ], [ -2.494578582999964, 43.265027374000056 ], [ -2.481747684999959, 43.262808103000054 ], [ -2.482157220999966, 43.269091715000059 ], [ -2.477798758999938, 43.271569247000059 ], [ -2.458794902999955, 43.267246040000032 ], [ -2.453387674999931, 43.26080392700004 ], [ -2.451864731999933, 43.263233871000068 ], [ -2.454364091999935, 43.267670645000067 ], [ -2.449003739999966, 43.268404838000038 ], [ -2.447560987999964, 43.260448943000029 ], [ -2.439006499999948, 43.251831499000048 ], [ -2.436825, 43.243442499000025 ] ] ] ] } },
{ "type": "Feature", "properties": { "code": "48031", "name": "Elantxobe" }, "geometry": { "type": "Polygon", "coordinates": [ [ [ -2.631144, 43.398776999000063 ], [ -2.644907046999947, 43.401693081000076 ], [ -2.654799, 43.41265499900004 ], [ -2.646582149999972, 43.415501361000054 ], [ -2.63880046099996, 43.413137924000068 ], [ -2.63703271299994, 43.40407345300008 ], [ -2.631144, 43.398776999000063 ] ] ] } },
{ "type": "Feature", "properties": { "code": "48032", "name": "Elorrio" }, "geometry": { "type": "Polygon", "coordinates": [ [ [ -2.546387, 43.088008999000067 ], [ -2.547264499999926, 43.087666999000078 ], [ -2.55440178899994, 43.092019679000032 ], [ -2.553095260999953, 43.102346990000058 ], [ -2.562999780999974, 43.106812910000031 ], [ -2.569286215999966, 43.11412500800003 ], [ -2.571151011999973, 43.133791698000039 ], [ -2.582560499999943, 43.13915649900008 ], [ -2.563858717999949, 43.15579851800004 ], [ -2.553036, 43.157226999000045 ], [ -2.537278983999954, 43.15225328300005 ], [ -2.504781, 43.155771499000025 ], [ -2.501261026999941, 43.150840697000035 ], [ -2.502837208999949, 43.138202728000067 ], [ -2.496248, 43.12335949900006 ], [ -2.501911096999947, 43.115552078000064 ], [ -2.504716250999934, 43.098557302000074 ], [ -2.501815, 43.094995999000048 ], [ -2.514349266999943, 43.090596361000053 ], [ -2.526808077999931, 43.094952487000057 ], [ -2.542932839999935, 43.091518536000081 ], [ -2.546387, 43.088008999000067 ] ] ] } },
{ "type": "Feature", "properties": { "code": "48033", "name": "Ereño" }, "geometry": { "type": "Polygon", "coordinates": [ [ [ -2.627561499999956, 43.36976499900004 ], [ -2.623734, 43.370693499000026 ], [ -2.617976104999968, 43.365967105000038 ], [ -2.603444059999958, 43.366037467000069 ], [ -2.59548812099996, 43.364004699000077 ], [ -2.594020499999942, 43.361214499000027 ], [ -2.598920609999936, 43.355017014000055 ], [ -2.580639, 43.342644499000073 ], [ -2.609699499999977, 43.33070649900003 ], [ -2.617616261999956, 43.340642110000033 ], [ -2.639512, 43.350061499000049 ], [ -2.628058499999952, 43.363388499000052 ], [ -2.629756, 43.365774499000054 ], [ -2.627561499999956, 43.36976499900004 ] ] ] } },
{ "type": "Feature", "properties": { "code": "48034", "name": "Ermua" }, "geometry": { "type": "Polygon", "coordinates": [ [ [ -2.525475, 43.178030999000043 ], [ -2.520921120999958, 43.186978809000038 ], [ -2.496406, 43.207634999000049 ], [ -2.48764797299998, 43.200205835000077 ], [ -2.492479499999945, 43.180875999000079 ], [ -2.509087554999951, 43.17526730000003 ], [ -2.525475, 43.178030999000043 ] ] ] } },
{ "type": "Feature", "properties": { "code": "48035", "name": "Fruiz" }, "geometry": { "type": "Polygon", "coordinates": [ [ [ -2.774052499999925, 43.323299999000028 ], [ -2.78966749999995, 43.30997349900008 ], [ -2.807042564999961, 43.319231436000052 ], [ -2.798862768999925, 43.32984199200007 ], [ -2.798390133999931, 43.335873856000035 ], [ -2.802885, 43.341277499000057 ], [ -2.788213, 43.345699499000034 ], [ -2.78668648699994, 43.337302629000078 ], [ -2.780815003999976, 43.331859472000076 ], [ -2.781032920999962, 43.326651544000072 ], [ -2.774052499999925, 43.323299999000028 ] ] ] } },
{ "type": "Feature", "properties": { "code": "48036", "name": "Galdakao" }, "geometry": { "type": "Polygon", "coordinates": [ [ [ -2.782475499999975, 43.244560499000045 ], [ -2.77796, 43.230464999000048 ], [ -2.780402, 43.229113999000049 ], [ -2.788632070999938, 43.230401492000055 ], [ -2.795770586999936, 43.22478133900006 ], [ -2.800622, 43.225062999000045 ], [ -2.803593839999962, 43.229637417000049 ], [ -2.817716683999947, 43.229969437000079 ], [ -2.825914804999968, 43.218792955000026 ], [ -2.835092920999955, 43.217127146000053 ], [ -2.851331, 43.212436999000033 ], [ -2.860388797999974, 43.227043605000063 ], [ -2.866800499999954, 43.231129999000075 ], [ -2.877588379999963, 43.242343929000072 ], [ -2.884591, 43.245237499000041 ], [ -2.868297495999968, 43.256697733000067 ], [ -2.880261, 43.265331999000068 ], [ -2.872103, 43.263807999000051 ], [ -2.863549499999976, 43.26030649900008 ], [ -2.835092920999955, 43.252835724000079 ], [ -2.82976, 43.250331999000025 ], [ -2.828829, 43.253123499000026 ], [ -2.782475499999975, 43.244560499000045 ] ] ] } },
{ "type": "Feature", "properties": { "code": "48037", "name": "Galdames" }, "geometry": { "type": "Polygon", "coordinates": [ [ [ -3.150691499999937, 43.30546399900004 ], [ -3.143004592999944, 43.299130846000025 ], [ -3.113674, 43.291290999000068 ], [ -3.111243499999944, 43.289653999000052 ], [ -3.104331499999944, 43.292233499000076 ], [ -3.093452499999955, 43.289922499000056 ], [ -3.075543, 43.282980999000074 ], [ -3.058197, 43.270797999000081 ], [ -3.049061, 43.265630499000054 ], [ -3.031951499999934, 43.252789999000072 ], [ -3.038934438999945, 43.253305539000053 ], [ -3.053551629999959, 43.247586132000038 ], [ -3.071627160999981, 43.23064043100004 ], [ -3.09174918399998, 43.226624537000077 ], [ -3.098046798999974, 43.227094045000058 ], [ -3.113715709999951, 43.236601529000041 ], [ -3.132615, 43.239518499000042 ], [ -3.137849514999971, 43.247166694000043 ], [ -3.136903932999928, 43.261011491000033 ], [ -3.141406239999981, 43.265535053000065 ], [ -3.136486963999971, 43.277848410000047 ], [ -3.147872781999979, 43.284594518000063 ], [ -3.154687945999967, 43.30094955800007 ], [ -3.150691499999937, 43.30546399900004 ] ] ] } },
{ "type": "Feature", "properties": { "code": "48038", "name": "Gamiz-Fika" }, "geometry": { "type": "Polygon", "coordinates": [ [ [ -2.803768, 43.341883999000061 ], [ -2.798390133999931, 43.335873856000035 ], [ -2.798862768999925, 43.32984199200007 ], [ -2.807042564999961, 43.319231436000052 ], [ -2.78966749999995, 43.30997349900008 ], [ -2.788951893999979, 43.299790273000042 ], [ -2.77242949999993, 43.291961499000081 ], [ -2.780040920999966, 43.28706242800007 ], [ -2.790046851999932, 43.29185787800003 ], [ -2.802405499999963, 43.289896499000065 ], [ -2.827251, 43.302459499000065 ], [ -2.832020612999941, 43.303819515000043 ], [ -2.835092920999955, 43.306279443000051 ], [ -2.848472499999957, 43.313592499000038 ], [ -2.836903566999979, 43.319995948000042 ], [ -2.833477482999967, 43.326502808000043 ], [ -2.817791389999968, 43.337395235000031 ], [ -2.803768, 43.341883999000061 ] ] ] } },
{ "type": "Feature", "properties": { "code": "48039", "name": "Garai" }, "geometry": { "type": "Polygon", "coordinates": [ [ [ -2.636127, 43.213740499000039 ], [ -2.610964830999933, 43.207611397000051 ], [ -2.605715741999973, 43.193004924000036 ], [ -2.605595499999936, 43.181119999000032 ], [ -2.615402, 43.178133499000069 ], [ -2.632533102999957, 43.189667421000081 ], [ -2.639061412999979, 43.208198667000033 ], [ -2.636127, 43.213740499000039 ] ] ] } },
{ "type": "Feature", "properties": { "code": "48040", "name": "Gatika" }, "geometry": { "type": "Polygon", "coordinates": [ [ [ -2.931727, 43.375435499000048 ], [ -2.920422499999972, 43.389193499000044 ], [ -2.913974878999966, 43.386480548000065 ], [ -2.902067, 43.387005999000053 ], [ -2.876758053999936, 43.375497805000066 ], [ -2.866358, 43.374797999000066 ], [ -2.866285227999924, 43.367837688000066 ], [ -2.859046606999925, 43.36478038000007 ], [ -2.857783119999965, 43.360777167000037 ], [ -2.871367015999965, 43.354262627000026 ], [ -2.870152350999945, 43.343841025000074 ], [ -2.883908954999924, 43.338543925000067 ], [ -2.891119499999945, 43.332296499000051 ], [ -2.89724149999995, 43.335616999000081 ], [ -2.892109056999971, 43.348704773000065 ], [ -2.896696240999972, 43.358248011000057 ], [ -2.910941352999942, 43.357456137000042 ], [ -2.919588, 43.365038499000036 ], [ -2.920557843999973, 43.369087940000043 ], [ -2.931727, 43.375435499000048 ] ] ] } },
{ "type": "Feature", "properties": { "code": "48041", "name": "Gautegiz Arteaga" }, "geometry": { "type": "Polygon", "coordinates": [ [ [ -2.639512, 43.350061499000049 ], [ -2.646954170999948, 43.34788694000008 ], [ -2.651843286999963, 43.342849849000061 ], [ -2.658664, 43.342672499000059 ], [ -2.665637499999946, 43.347405499000047 ], [ -2.664566242999967, 43.353687051000065 ], [ -2.67599529499995, 43.35643576700005 ], [ -2.677628475999938, 43.369037262000063 ], [ -2.684470499999975, 43.372209999000063 ], [ -2.681318687999976, 43.37816957800004 ], [ -2.686788175999936, 43.383880665000049 ], [ -2.683106499999951, 43.39469899900007 ], [ -2.674871832999941, 43.392569691000062 ], [ -2.662563785999964, 43.37715348100005 ], [ -2.648739036999928, 43.372394161000045 ], [ -2.645278670999971, 43.377234851000026 ], [ -2.639367508999953, 43.373648598000045 ], [ -2.632337130999929, 43.373878153000078 ], [ -2.627561499999956, 43.36976499900004 ], [ -2.629756, 43.365774499000054 ], [ -2.628058499999952, 43.363388499000052 ], [ -2.639512, 43.350061499000049 ] ] ] } },
{ "type": "Feature", "properties": { "code": "48042", "name": "Gordexola" }, "geometry": { "type": "Polygon", "coordinates": [ [ [ -3.141839499999946, 43.161136499000065 ], [ -3.142235652999943, 43.16671782800006 ], [ -3.148292499999968, 43.174000999000043 ], [ -3.138039281999966, 43.181120003000046 ], [ -3.130204004999939, 43.181011237000064 ], [ -3.120065703999956, 43.186886389000051 ], [ -3.11418649999996, 43.18698099900007 ], [ -3.088720608999949, 43.19393057800005 ], [ -3.075357848999943, 43.193964152000035 ], [ -3.063597736999952, 43.190328865000026 ], [ -3.054379448999953, 43.193848924000065 ], [ -3.034560714999941, 43.195498195000027 ], [ -3.028415499999937, 43.20512099900003 ], [ -3.020316187999924, 43.20301065700005 ], [ -3.018417376999935, 43.194691084000056 ], [ -3.020718768999927, 43.191513988000054 ], [ -3.019222896999963, 43.181918237000048 ], [ -3.027172205999932, 43.170640381000055 ], [ -3.02740560899997, 43.161714175000043 ], [ -3.065135784999939, 43.155431432000057 ], [ -3.074687, 43.146353999000041 ], [ -3.092984641999976, 43.150697776000072 ], [ -3.108864, 43.14326599900005 ], [ -3.116483285999948, 43.146068969000055 ], [ -3.124254033999932, 43.154051591000041 ], [ -3.133766856999955, 43.156788844000062 ], [ -3.137968006999927, 43.161743083000033 ], [ -3.141839499999946, 43.161136499000065 ] ] ] } },
{ "type": "Feature", "properties": { "code": "48043", "name": "Gorliz" }, "geometry": { "type": "Polygon", "coordinates": [ [ [ -2.945560499999942, 43.41265499900004 ], [ -2.946671765999952, 43.41692984000008 ], [ -2.952032720999966, 43.418378439000037 ], [ -2.954732367999952, 43.42261979500006 ], [ -2.953311026999927, 43.428142796000031 ], [ -2.944947941999942, 43.43479861000003 ], [ -2.922318, 43.437452999000072 ], [ -2.909610074999932, 43.427859297000055 ], [ -2.918427, 43.41554749900007 ], [ -2.929909862999978, 43.408076024000025 ], [ -2.922061864999932, 43.398926584000037 ], [ -2.930261775999952, 43.390130580000061 ], [ -2.942485339999962, 43.400329179000039 ], [ -2.945560499999942, 43.41265499900004 ] ] ] } },
{ "type": "Feature", "properties": { "code": "48044", "name": "Getxo" }, "geometry": { "type": "Polygon", "coordinates": [ [ [ -3.011076499999945, 43.319865499000059 ], [ -3.015041, 43.320834999000056 ], [ -3.017594499999973, 43.323032499000078 ], [ -3.019627210999943, 43.328336248000028 ], [ -3.013653086999966, 43.331644948000076 ], [ -3.011303533999978, 43.336712156000033 ], [ -3.016048995999938, 43.34040252300008 ], [ -3.026493157999937, 43.341882357000031 ], [ -3.01566872899997, 43.341485566000074 ], [ -3.013878763999969, 43.346215878000066 ], [ -3.021377830999938, 43.353369303000079 ], [ -3.020813990999955, 43.358850640000071 ], [ -3.03717101999996, 43.372843316000058 ], [ -3.030719536999925, 43.378363985000078 ], [ -3.006178, 43.384136499000078 ], [ -3.00096149999996, 43.378201499000056 ], [ -3.007991956999945, 43.370242045000055 ], [ -2.999716052999929, 43.363222565000058 ], [ -2.994772481999973, 43.347984387000054 ], [ -2.967049499999973, 43.344655499000055 ], [ -2.967251, 43.341029999000057 ], [ -2.967723, 43.339260999000032 ], [ -2.996494876999975, 43.342653990000031 ], [ -3.011076499999945, 43.319865499000059 ] ] ] } },
{ "type": "Feature", "properties": { "code": "48045", "name": "Güeñes" }, "geometry": { "type": "Polygon", "coordinates": [ [ [ -3.020591499999966, 43.237891499000057 ], [ -3.013608425999962, 43.233092386000067 ], [ -3.01606695199996, 43.225222471000052 ], [ -3.008128562999957, 43.220012217000033 ], [ -3.00492318199997, 43.212966909000045 ], [ -2.994432948999929, 43.21008140400005 ], [ -2.981526, 43.201952999000071 ], [ -3.006835897999963, 43.196669057000065 ], [ -3.023454747999949, 43.214108858000031 ], [ -3.034456550999948, 43.215641773000073 ], [ -3.038337859999956, 43.210197189000041 ], [ -3.028415499999937, 43.20512099900003 ], [ -3.034560714999941, 43.195498195000027 ], [ -3.054379448999953, 43.193848924000065 ], [ -3.063597736999952, 43.190328865000026 ], [ -3.075357848999943, 43.193964152000035 ], [ -3.088720608999949, 43.19393057800005 ], [ -3.11418649999996, 43.18698099900007 ], [ -3.108467379999979, 43.195769173000031 ], [ -3.107906499999956, 43.21092956800004 ], [ -3.117463117999932, 43.216271440000071 ], [ -3.120327502999942, 43.226166758000033 ], [ -3.132615, 43.239518499000042 ], [ -3.113715709999951, 43.236601529000041 ], [ -3.098046798999974, 43.227094045000058 ], [ -3.09174918399998, 43.226624537000077 ], [ -3.071627160999981, 43.23064043100004 ], [ -3.053551629999959, 43.247586132000038 ], [ -3.038934438999945, 43.253305539000053 ], [ -3.031951499999934, 43.252789999000072 ], [ -3.02855427999998, 43.245204971000078 ], [ -3.020591499999966, 43.237891499000057 ] ] ] } },
{ "type": "Feature", "properties": { "code": "48046", "name": "Gernika-Lumo" }, "geometry": { "type": "Polygon", "coordinates": [ [ [ -2.706776499999933, 43.327236499000037 ], [ -2.687872646999949, 43.322876787000041 ], [ -2.677997495999932, 43.324193466000054 ], [ -2.676298, 43.326993499000025 ], [ -2.672717, 43.325861499000041 ], [ -2.672505205999926, 43.322346380000056 ], [ -2.665898, 43.319708999000056 ], [ -2.671493398999928, 43.317681854000057 ], [ -2.672780714999931, 43.308291009000072 ], [ -2.685731499999974, 43.29548999900004 ], [ -2.717671499999938, 43.307794999000066 ], [ -2.709863429999928, 43.317623337000043 ], [ -2.706776499999933, 43.327236499000037 ] ] ] } },
{ "type": "Feature", "properties": { "code": "48047", "name": "Gizaburuaga" }, "geometry": { "type": "Polygon", "coordinates": [ [ [ -2.516641, 43.342418999000074 ], [ -2.526126363999936, 43.334181410000042 ], [ -2.531568584999945, 43.315748229000064 ], [ -2.536973, 43.310689499000034 ], [ -2.540315350999947, 43.31115264400006 ], [ -2.542592114999934, 43.324781732000076 ], [ -2.550635240999952, 43.324864521000052 ], [ -2.558695, 43.328775999000072 ], [ -2.565652258999933, 43.329565527000057 ], [ -2.56521, 43.337957999000025 ], [ -2.544919662999973, 43.337336253000046 ], [ -2.535739680999939, 43.34188682100006 ], [ -2.516641, 43.342418999000074 ] ] ] } },
{ "type": "Feature", "properties": { "code": "48048", "name": "Ibarrangelu" }, "geometry": { "type": "Polygon", "coordinates": [ [ [ -2.654799, 43.41265499900004 ], [ -2.644907046999947, 43.401693081000076 ], [ -2.631144, 43.398776999000063 ], [ -2.619032225999945, 43.392365460000065 ], [ -2.61163849999997, 43.392001999000058 ], [ -2.617472311999961, 43.383819421000055 ], [ -2.626074512999935, 43.378957657000058 ], [ -2.623734, 43.370693499000026 ], [ -2.627561499999956, 43.36976499900004 ], [ -2.632337130999929, 43.373878153000078 ], [ -2.639367508999953, 43.373648598000045 ], [ -2.645278670999971, 43.377234851000026 ], [ -2.648739036999928, 43.372394161000045 ], [ -2.662563785999964, 43.37715348100005 ], [ -2.674871832999941, 43.392569691000062 ], [ -2.683106499999951, 43.39469899900007 ], [ -2.687133002999929, 43.397713650000071 ], [ -2.693168499999956, 43.397427999000058 ], [ -2.695102499999962, 43.405349999000066 ], [ -2.688342353999928, 43.404722719000063 ], [ -2.676800208999964, 43.412103195000043 ], [ -2.660761539999953, 43.410168748000046 ], [ -2.654799, 43.41265499900004 ] ] ] } },
{ "type": "Feature", "properties": { "code": "48049", "name": "Ispaster" }, "geometry": { "type": "MultiPolygon", "coordinates": [ [ [ [ -2.506886322999947, 43.360202450000031 ], [ -2.501440604999971, 43.362015434000057 ], [ -2.499374649999936, 43.360714915000074 ], [ -2.504918777999933, 43.356406702000072 ], [ -2.506886322999947, 43.360202450000031 ] ] ], [ [ [ -2.513667, 43.377132499000027 ], [ -2.514986306999958, 43.364841901000034 ], [ -2.50418, 43.352427999000042 ], [ -2.505534499999953, 43.349623499000074 ], [ -2.507725, 43.349517499000058 ], [ -2.510240499999952, 43.348097999000061 ], [ -2.516641, 43.342418999000074 ], [ -2.535739680999939, 43.34188682100006 ], [ -2.544919662999973, 43.337336253000046 ], [ -2.56521, 43.337957999000025 ], [ -2.580639, 43.342644499000073 ], [ -2.598920609999936, 43.355017014000055 ], [ -2.594020499999942, 43.361214499000027 ], [ -2.58497657199996, 43.36291312700007 ], [ -2.580612425999959, 43.36991970400004 ], [ -2.563228401999936, 43.367805495000027 ], [ -2.550353, 43.374051499000075 ], [ -2.513667, 43.377132499000027 ] ] ] ] } },
{ "type": "Feature", "properties": { "code": "48050", "name": "Izurtza" }, "geometry": { "type": "Polygon", "coordinates": [ [ [ -2.687814499999945, 43.153147499000056 ], [ -2.655469471999936, 43.151814974000047 ], [ -2.642450307999979, 43.16288075600005 ], [ -2.636850082999956, 43.155325782000034 ], [ -2.637438322999969, 43.151445832000036 ], [ -2.632369, 43.148142499000073 ], [ -2.635313660999941, 43.140137816000049 ], [ -2.63933, 43.134370999000055 ], [ -2.651742835999926, 43.14394349500003 ], [ -2.687814499999945, 43.153147499000056 ] ] ] } },
{ "type": "Feature", "properties": { "code": "48051", "name": "Lanestosa" }, "geometry": { "type": "Polygon", "coordinates": [ [ [ -3.435431499999936, 43.197976999000048 ], [ -3.433796448999942, 43.206674550000059 ], [ -3.450147, 43.236207999000044 ], [ -3.445800427999927, 43.233111844000064 ], [ -3.437478645999931, 43.22107356500004 ], [ -3.432508828999971, 43.21044063100004 ], [ -3.432978029999958, 43.200872693000065 ], [ -3.435431499999936, 43.197976999000048 ] ] ] } },
{ "type": "Feature", "properties": { "code": "48052", "name": "Larrabetzu" }, "geometry": { "type": "Polygon", "coordinates": [ [ [ -2.77242949999993, 43.291961499000081 ], [ -2.751688, 43.279560999000068 ], [ -2.74824, 43.27578599900005 ], [ -2.740986499999963, 43.274988999000072 ], [ -2.746378856999968, 43.266917437000075 ], [ -2.756002725999963, 43.265016758000058 ], [ -2.757708518999948, 43.258099985000058 ], [ -2.767938252999954, 43.24743925100006 ], [ -2.782475499999975, 43.244560499000045 ], [ -2.828829, 43.253123499000026 ], [ -2.825154469999973, 43.258571364000034 ], [ -2.803708316999973, 43.268649529000072 ], [ -2.806511005999937, 43.276972894000039 ], [ -2.802405499999963, 43.289896499000065 ], [ -2.790046851999932, 43.29185787800003 ], [ -2.780040920999966, 43.28706242800007 ], [ -2.77242949999993, 43.291961499000081 ] ] ] } },
{ "type": "Feature", "properties": { "code": "48053", "name": "Laukiz" }, "geometry": { "type": "Polygon", "coordinates": [ [ [ -2.89724149999995, 43.335616999000081 ], [ -2.906718470999976, 43.345268635000025 ], [ -2.912191574999952, 43.335425079000061 ], [ -2.925365, 43.335024999000041 ], [ -2.930987499999958, 43.34133599900008 ], [ -2.93906549999997, 43.345926499000029 ], [ -2.937162705999981, 43.355681489000062 ], [ -2.919588, 43.365038499000036 ], [ -2.910941352999942, 43.357456137000042 ], [ -2.896696240999972, 43.358248011000057 ], [ -2.892109056999971, 43.348704773000065 ], [ -2.89724149999995, 43.335616999000081 ] ] ] } },
{ "type": "Feature", "properties": { "code": "48054", "name": "Leioa" }, "geometry": { "type": "Polygon", "coordinates": [ [ [ -2.992652499999963, 43.313607499000057 ], [ -3.011076499999945, 43.319865499000059 ], [ -2.996494876999975, 43.342653990000031 ], [ -2.967723, 43.339260999000032 ], [ -2.962188891999972, 43.334371084000054 ], [ -2.97202940699998, 43.319146550000028 ], [ -2.98483105899993, 43.319176207000055 ], [ -2.992652499999963, 43.313607499000057 ] ] ] } },
{ "type": "Feature", "properties": { "code": "48055", "name": "Lemoa" }, "geometry": { "type": "Polygon", "coordinates": [ [ [ -2.737918499999978, 43.184783999000047 ], [ -2.745544349999932, 43.188025222000078 ], [ -2.754536806999965, 43.18639403800006 ], [ -2.762786546999962, 43.189103304000071 ], [ -2.787918614999967, 43.187495034000051 ], [ -2.799954499999956, 43.192051499000058 ], [ -2.794892783999956, 43.199996930000054 ], [ -2.794158178999965, 43.213414694000051 ], [ -2.780402, 43.229113999000049 ], [ -2.77796, 43.230464999000048 ], [ -2.771605101999967, 43.224490775000049 ], [ -2.750012664999929, 43.215849554000044 ], [ -2.747230542999944, 43.202208067000072 ], [ -2.737918499999978, 43.184783999000047 ] ] ] } },
{ "type": "Feature", "properties": { "code": "48056", "name": "Lemoiz" }, "geometry": { "type": "Polygon", "coordinates": [ [ [ -2.920422499999972, 43.389193499000044 ], [ -2.915982996999958, 43.39622412600005 ], [ -2.918427, 43.41554749900007 ], [ -2.909610074999932, 43.427859297000055 ], [ -2.922318, 43.437452999000072 ], [ -2.908237657999962, 43.438330263000068 ], [ -2.899632814999961, 43.43389935600004 ], [ -2.877886302999968, 43.435570038000037 ], [ -2.854199318999974, 43.430264300000033 ], [ -2.844372499999963, 43.432056499000055 ], [ -2.846910125999955, 43.423771301000045 ], [ -2.845027, 43.417667999000059 ], [ -2.88044010699997, 43.413405365000074 ], [ -2.884624722999945, 43.40550883800006 ], [ -2.89480720499995, 43.399948808000033 ], [ -2.902067, 43.387005999000053 ], [ -2.913974878999966, 43.386480548000065 ], [ -2.920422499999972, 43.389193499000044 ] ] ] } },
{ "type": "Feature", "properties": { "code": "48057", "name": "Lekeitio" }, "geometry": { "type": "Polygon", "coordinates": [ [ [ -2.513667, 43.377132499000027 ], [ -2.50823681199995, 43.37523059800003 ], [ -2.500366305999933, 43.365318463000051 ], [ -2.49420080799996, 43.368019547000074 ], [ -2.499729418999948, 43.358725810000067 ], [ -2.504002143999969, 43.356756134000079 ], [ -2.501954449999971, 43.353962359000036 ], [ -2.50418, 43.352427999000042 ], [ -2.514986306999958, 43.364841901000034 ], [ -2.513667, 43.377132499000027 ] ], [ [ -2.506886322999947, 43.360202450000031 ], [ -2.504918777999933, 43.356406702000072 ], [ -2.499374649999936, 43.360714915000074 ], [ -2.501440604999971, 43.362015434000057 ], [ -2.506886322999947, 43.360202450000031 ] ] ] } },
{ "type": "Feature", "properties": { "code": "48058", "name": "Mallabia" }, "geometry": { "type": "Polygon", "coordinates": [ [ [ -2.498996499999976, 43.212092999000049 ], [ -2.496406, 43.207634999000049 ], [ -2.520921120999958, 43.186978809000038 ], [ -2.525475, 43.178030999000043 ], [ -2.539472478999926, 43.180811049000056 ], [ -2.546373499999959, 43.179358999000044 ], [ -2.550470969999935, 43.185952728000075 ], [ -2.569081790999974, 43.194718072000057 ], [ -2.569386633999954, 43.20678153700004 ], [ -2.577992499999937, 43.217336499000055 ], [ -2.555122098999959, 43.230570133000072 ], [ -2.535186499999952, 43.229383499000051 ], [ -2.524821459999941, 43.225080251000065 ], [ -2.51817716499994, 43.217451105000066 ], [ -2.498996499999976, 43.212092999000049 ] ] ] } },
{ "type": "Feature", "properties": { "code": "48059", "name": "Mañaria" }, "geometry": { "type": "Polygon", "coordinates": [ [ [ -2.687814499999945, 43.153147499000056 ], [ -2.651742835999926, 43.14394349500003 ], [ -2.63933, 43.134370999000055 ], [ -2.643745, 43.128340999000045 ], [ -2.645658, 43.116447999000059 ], [ -2.645243, 43.114622999000062 ], [ -2.646086499999967, 43.110549999000057 ], [ -2.645429, 43.107611499000029 ], [ -2.651063499999964, 43.106625999000073 ], [ -2.650360499999977, 43.104493999000056 ], [ -2.650995499999965, 43.102629999000044 ], [ -2.654634, 43.100041499000042 ], [ -2.668820499999924, 43.098876499000028 ], [ -2.673848499999963, 43.100127499000052 ], [ -2.678943013999969, 43.102849895000077 ], [ -2.68226006499998, 43.109659574000034 ], [ -2.680856130999928, 43.124061622000056 ], [ -2.693029631999934, 43.133503708000035 ], [ -2.693251, 43.148197999000047 ], [ -2.687814499999945, 43.153147499000056 ] ] ] } },
{ "type": "Feature", "properties": { "code": "48060", "name": "Markina-Xemein" }, "geometry": { "type": "Polygon", "coordinates": [ [ [ -2.53287, 43.268221499000049 ], [ -2.527457574999971, 43.27208298000005 ], [ -2.525602464999963, 43.288235196000073 ], [ -2.514466499999969, 43.298336499000072 ], [ -2.494367, 43.307286499000043 ], [ -2.489175047999936, 43.305015626000056 ], [ -2.487130146999959, 43.300508151000031 ], [ -2.474895968999931, 43.302255234000029 ], [ -2.466138068999953, 43.294972476000055 ], [ -2.438562499999932, 43.286955499000044 ], [ -2.428196045999925, 43.281188599000075 ], [ -2.418061, 43.267601999000078 ], [ -2.425014949999934, 43.259474235000027 ], [ -2.439006499999948, 43.251831499000048 ], [ -2.447560987999964, 43.260448943000029 ], [ -2.449003739999966, 43.268404838000038 ], [ -2.454364091999935, 43.267670645000067 ], [ -2.451864731999933, 43.263233871000068 ], [ -2.453387674999931, 43.26080392700004 ], [ -2.458794902999955, 43.267246040000032 ], [ -2.477798758999938, 43.271569247000059 ], [ -2.482157220999966, 43.269091715000059 ], [ -2.481747684999959, 43.262808103000054 ], [ -2.494578582999964, 43.265027374000056 ], [ -2.512042533999931, 43.254563985000061 ], [ -2.512673462999942, 43.25085994300008 ], [ -2.50794971299996, 43.249219027000038 ], [ -2.502478678999978, 43.254563919000077 ], [ -2.48958364799995, 43.259585446000074 ], [ -2.490751768999928, 43.247581144000037 ], [ -2.499677238999936, 43.239808612000047 ], [ -2.505843305999974, 43.240930376000051 ], [ -2.514234711999961, 43.237983249000081 ], [ -2.513330597999925, 43.235388944000078 ], [ -2.505487560999939, 43.233991166000067 ], [ -2.47995083099994, 43.243502012000079 ], [ -2.477437563999956, 43.240654703000075 ], [ -2.483099841999945, 43.237288530000058 ], [ -2.478775322999979, 43.231389415000081 ], [ -2.467833728999949, 43.230401571000073 ], [ -2.459863, 43.226138999000057 ], [ -2.463253499999951, 43.22346649900004 ], [ -2.49383391799995, 43.224809475000029 ], [ -2.498614001999954, 43.218024118000073 ], [ -2.498996499999976, 43.212092999000049 ], [ -2.51817716499994, 43.217451105000066 ], [ -2.524821459999941, 43.225080251000065 ], [ -2.535186499999952, 43.229383499000051 ], [ -2.526558838999961, 43.242962942000077 ], [ -2.526658328999929, 43.254504609000037 ], [ -2.522755093999933, 43.263444178000043 ], [ -2.53287, 43.268221499000049 ] ], [ [ -2.442331645999957, 43.268734012000039 ], [ -2.43618117699998, 43.266589435000071 ], [ -2.429792102999954, 43.271290903000079 ], [ -2.434513802999959, 43.272686701000055 ], [ -2.442331645999957, 43.268734012000039 ] ] ] } },
{ "type": "Feature", "properties": { "code": "48061", "name": "Maruri-Jatabe" }, "geometry": { "type": "Polygon", "coordinates": [ [ [ -2.902067, 43.387005999000053 ], [ -2.89480720499995, 43.399948808000033 ], [ -2.884624722999945, 43.40550883800006 ], [ -2.88044010699997, 43.413405365000074 ], [ -2.845027, 43.417667999000059 ], [ -2.841321382999979, 43.40052213000007 ], [ -2.847551868999972, 43.382138600000076 ], [ -2.866358, 43.374797999000066 ], [ -2.876758053999936, 43.375497805000066 ], [ -2.902067, 43.387005999000053 ] ] ] } },
{ "type": "Feature", "properties": { "code": "48062", "name": "Mendata" }, "geometry": { "type": "Polygon", "coordinates": [ [ [ -2.647861499999976, 43.30698699900006 ], [ -2.644192087999954, 43.298719346000041 ], [ -2.63792353599996, 43.29679933500006 ], [ -2.617187853999951, 43.299080250000031 ], [ -2.604195499999946, 43.310936499000036 ], [ -2.595914, 43.304563499000039 ], [ -2.595909148999965, 43.294052823000072 ], [ -2.602714499999934, 43.285703499000078 ], [ -2.622836093999979, 43.280882926000061 ], [ -2.628225808999957, 43.27595159100008 ], [ -2.628793262999977, 43.264265226000077 ], [ -2.619274380999968, 43.250711569000032 ], [ -2.619626410999956, 43.242825900000071 ], [ -2.626268, 43.238423999000076 ], [ -2.638247106999927, 43.244561599000065 ], [ -2.651893598999948, 43.255804041000033 ], [ -2.654926972999931, 43.262665846000061 ], [ -2.666267072999972, 43.268816038000068 ], [ -2.674078, 43.27689699900003 ], [ -2.671506762999968, 43.280582157000026 ], [ -2.662538561999952, 43.283774281000035 ], [ -2.661568237999973, 43.291712325000049 ], [ -2.655617494999944, 43.295481270000039 ], [ -2.655872945999931, 43.301605889000029 ], [ -2.647861499999976, 43.30698699900006 ] ] ] } },
{ "type": "Feature", "properties": { "code": "48063", "name": "Mendexa" }, "geometry": { "type": "Polygon", "coordinates": [ [ [ -2.485199, 43.331939999000042 ], [ -2.488740714999949, 43.335607123000045 ], [ -2.503682890999926, 43.339830877000054 ], [ -2.501482259999932, 43.346948812000051 ], [ -2.505534499999953, 43.349623499000074 ], [ -2.50418, 43.352427999000042 ], [ -2.501954449999971, 43.353962359000036 ], [ -2.504002143999969, 43.356756134000079 ], [ -2.499729418999948, 43.358725810000067 ], [ -2.495845, 43.364841499000079 ], [ -2.488996333999978, 43.363583841000036 ], [ -2.483368649999932, 43.357041640000034 ], [ -2.472126046999961, 43.351094566000029 ], [ -2.463998499999946, 43.33867649900003 ], [ -2.485199, 43.331939999000042 ] ] ] } },
{ "type": "Feature", "properties": { "code": "48064", "name": "Meñaka" }, "geometry": { "type": "Polygon", "coordinates": [ [ [ -2.765378, 43.37663599900003 ], [ -2.771862327999941, 43.359461061000047 ], [ -2.786295451999933, 43.352898433000064 ], [ -2.788213, 43.345699499000034 ], [ -2.802885, 43.341277499000057 ], [ -2.803768, 43.341883999000061 ], [ -2.812470890999975, 43.358085649000031 ], [ -2.804028494999955, 43.368354148000037 ], [ -2.805857456999945, 43.374183516000073 ], [ -2.789602703999947, 43.376455705000069 ], [ -2.795786656999951, 43.382378261000042 ], [ -2.787314503999937, 43.391583350000076 ], [ -2.780506741999943, 43.392136440000058 ], [ -2.774312499999951, 43.386906499000077 ], [ -2.765378, 43.37663599900003 ] ] ] } },
{ "type": "Feature", "properties": { "code": "48065", "name": "Ugao-Miraballes" }, "geometry": { "type": "Polygon", "coordinates": [ [ [ -2.881170499999939, 43.18793449900005 ], [ -2.888280818999931, 43.180801154000051 ], [ -2.901765828999942, 43.174902087000078 ], [ -2.90177207399995, 43.171264894000046 ], [ -2.896642611999937, 43.168085083000051 ], [ -2.901896610999927, 43.160242886000049 ], [ -2.908153, 43.157772999000031 ], [ -2.905162657999938, 43.166560426000046 ], [ -2.909737246999953, 43.174556985000038 ], [ -2.907933527999944, 43.177593778000073 ], [ -2.923659, 43.186721999000042 ], [ -2.914235964999932, 43.191967649000048 ], [ -2.919766397999979, 43.200111905000028 ], [ -2.915460997999958, 43.203701313000067 ], [ -2.911603285999945, 43.202022595000074 ], [ -2.908399624999959, 43.19561241100007 ], [ -2.911618714999975, 43.191404438000063 ], [ -2.908677526999952, 43.187469788000044 ], [ -2.897373495999943, 43.183217910000053 ], [ -2.89475930499998, 43.186477614000069 ], [ -2.896849269999962, 43.190142162000029 ], [ -2.893718146999959, 43.191490806000047 ], [ -2.881170499999939, 43.18793449900005 ] ] ] } },
{ "type": "Feature", "properties": { "code": "48066", "name": "Morga" }, "geometry": { "type": "Polygon", "coordinates": [ [ [ -2.740986499999963, 43.274988999000072 ], [ -2.74824, 43.27578599900005 ], [ -2.751688, 43.279560999000068 ], [ -2.757402499999955, 43.283361999000078 ], [ -2.77242949999993, 43.291961499000081 ], [ -2.788951893999979, 43.299790273000042 ], [ -2.78966749999995, 43.30997349900008 ], [ -2.774052499999925, 43.323299999000028 ], [ -2.772207499999979, 43.323803999000063 ], [ -2.767398499999956, 43.323586999000042 ], [ -2.76329286899994, 43.317056277000063 ], [ -2.75894270699996, 43.319077699000047 ], [ -2.751867555999979, 43.31586031300003 ], [ -2.74487290899998, 43.319875219000039 ], [ -2.744878529999937, 43.310040449000041 ], [ -2.740343042999939, 43.304725400000052 ], [ -2.734747, 43.303303499000037 ], [ -2.737275783999962, 43.295546582000043 ], [ -2.733899342999962, 43.286437308000075 ], [ -2.740986499999963, 43.274988999000072 ] ] ] } },
{ "type": "Feature", "properties": { "code": "48067", "name": "Muxika" }, "geometry": { "type": "Polygon", "coordinates": [ [ [ -2.612676, 43.22685799900006 ], [ -2.624139409999941, 43.222645217000036 ], [ -2.63593764999996, 43.22494438700005 ], [ -2.641157, 43.221561999000073 ], [ -2.659129340999925, 43.219544076000034 ], [ -2.662104420999981, 43.212828234000028 ], [ -2.668015684999943, 43.210140376000027 ], [ -2.666461499999969, 43.203673999000046 ], [ -2.669428093999954, 43.209463654000047 ], [ -2.668299446999924, 43.21442954500003 ], [ -2.673806900999978, 43.217364832000044 ], [ -2.671200336999959, 43.21942305400006 ], [ -2.674262738999971, 43.224740457000053 ], [ -2.703746728999931, 43.234984705000045 ], [ -2.716787409999938, 43.242548544000044 ], [ -2.718926199999942, 43.245197611000037 ], [ -2.715153211999962, 43.248131579000074 ], [ -2.715319277999924, 43.251010460000032 ], [ -2.726120895999941, 43.24923313000005 ], [ -2.727037440999936, 43.264821375000054 ], [ -2.73232309499997, 43.268989500000032 ], [ -2.733378133999963, 43.273359749000065 ], [ -2.740986499999963, 43.274988999000072 ], [ -2.733899342999962, 43.286437308000075 ], [ -2.737275783999962, 43.295546582000043 ], [ -2.734747, 43.303303499000037 ], [ -2.730367499999943, 43.302395999000055 ], [ -2.722855, 43.303592499000047 ], [ -2.722321, 43.305457999000055 ], [ -2.717671499999938, 43.307794999000066 ], [ -2.685731499999974, 43.29548999900004 ], [ -2.677828981999937, 43.289465882000059 ], [ -2.677813673999935, 43.281870150000032 ], [ -2.666267072999972, 43.268816038000068 ], [ -2.654926972999931, 43.262665846000061 ], [ -2.651893598999948, 43.255804041000033 ], [ -2.638247106999927, 43.244561599000065 ], [ -2.614264397999932, 43.231797852000057 ], [ -2.612676, 43.22685799900006 ] ] ] } },
{ "type": "Feature", "properties": { "code": "48068", "name": "Mundaka" }, "geometry": { "type": "Polygon", "coordinates": [ [ [ -2.713951499999951, 43.417678499000033 ], [ -2.702251260999958, 43.415823916000079 ], [ -2.695102499999962, 43.405349999000066 ], [ -2.693168499999956, 43.397427999000058 ], [ -2.706488358999934, 43.397717664000027 ], [ -2.715044714999976, 43.394414467000047 ], [ -2.714602149999962, 43.389815393000049 ], [ -2.71976449999994, 43.389512499000034 ], [ -2.721965413999953, 43.397728979000078 ], [ -2.730388, 43.397555999000076 ], [ -2.715172941999981, 43.406132074000027 ], [ -2.713951499999951, 43.417678499000033 ] ] ] } },
{ "type": "Feature", "properties": { "code": "48069", "name": "Mungia" }, "geometry": { "type": "Polygon", "coordinates": [ [ [ -2.803768, 43.341883999000061 ], [ -2.817791389999968, 43.337395235000031 ], [ -2.833477482999967, 43.326502808000043 ], [ -2.836903566999979, 43.319995948000042 ], [ -2.848472499999957, 43.313592499000038 ], [ -2.859340499999973, 43.318615999000031 ], [ -2.874021917999926, 43.320411637000063 ], [ -2.887358499999948, 43.328004999000029 ], [ -2.891119499999945, 43.332296499000051 ], [ -2.883908954999924, 43.338543925000067 ], [ -2.870152350999945, 43.343841025000074 ], [ -2.871367015999965, 43.354262627000026 ], [ -2.857783119999965, 43.360777167000037 ], [ -2.859046606999925, 43.36478038000007 ], [ -2.866285227999924, 43.367837688000066 ], [ -2.866358, 43.374797999000066 ], [ -2.847551868999972, 43.382138600000076 ], [ -2.841321382999979, 43.40052213000007 ], [ -2.842945499999928, 43.407132999000055 ], [ -2.812019926999938, 43.399495883000043 ], [ -2.808134385999949, 43.402749210000025 ], [ -2.79332949999997, 43.404273999000054 ], [ -2.779057672999954, 43.39746757000006 ], [ -2.774312499999951, 43.386906499000077 ], [ -2.780506741999943, 43.392136440000058 ], [ -2.787314503999937, 43.391583350000076 ], [ -2.795786656999951, 43.382378261000042 ], [ -2.789602703999947, 43.376455705000069 ], [ -2.805857456999945, 43.374183516000073 ], [ -2.804028494999955, 43.368354148000037 ], [ -2.812470890999975, 43.358085649000031 ], [ -2.803768, 43.341883999000061 ] ] ] } },
{ "type": "Feature", "properties": { "code": "48070", "name": "Aulesti" }, "geometry": { "type": "Polygon", "coordinates": [ [ [ -2.595914, 43.304563499000039 ], [ -2.579445893999946, 43.305265471000041 ], [ -2.569096549999927, 43.309039942000027 ], [ -2.558695, 43.328775999000072 ], [ -2.550635240999952, 43.324864521000052 ], [ -2.542592114999934, 43.324781732000076 ], [ -2.540315350999947, 43.31115264400006 ], [ -2.536973, 43.310689499000034 ], [ -2.514466499999969, 43.298336499000072 ], [ -2.525602464999963, 43.288235196000073 ], [ -2.527457574999971, 43.27208298000005 ], [ -2.53287, 43.268221499000049 ], [ -2.561756231999937, 43.273355286000026 ], [ -2.567593402999933, 43.272819208000044 ], [ -2.572933987999932, 43.275234633000025 ], [ -2.578236048999941, 43.279827044000058 ], [ -2.580964372999972, 43.280540568000049 ], [ -2.588471887999958, 43.279584171000067 ], [ -2.591886918999933, 43.28308088600005 ], [ -2.597747798999933, 43.283427074000031 ], [ -2.602714499999934, 43.285703499000078 ], [ -2.595909148999965, 43.294052823000072 ], [ -2.595914, 43.304563499000039 ] ] ] } },
{ "type": "Feature", "properties": { "code": "48071", "name": "Muskiz" }, "geometry": { "type": "Polygon", "coordinates": [ [ [ -3.150691499999937, 43.30546399900004 ], [ -3.151461, 43.307173999000042 ], [ -3.150008760999981, 43.319000807000066 ], [ -3.153919389999942, 43.33825160400005 ], [ -3.151251730999945, 43.347439292000047 ], [ -3.153338, 43.353221999000027 ], [ -3.143389719999959, 43.351383526000063 ], [ -3.128045632999942, 43.353736758000025 ], [ -3.117548499999941, 43.34995249900004 ], [ -3.104535729999952, 43.339960890000043 ], [ -3.100957, 43.331880499000079 ], [ -3.111015947999931, 43.316502716000059 ], [ -3.112953963999928, 43.300151982000045 ], [ -3.116861228999937, 43.296320726000033 ], [ -3.113674, 43.291290999000068 ], [ -3.143004592999944, 43.299130846000025 ], [ -3.150691499999937, 43.30546399900004 ] ] ] } },
{ "type": "Feature", "properties": { "code": "48072", "name": "Otxandio" }, "geometry": { "type": "Polygon", "coordinates": [ [ [ -2.661133, 43.065760499000078 ], [ -2.634426143999974, 43.044459294000035 ], [ -2.631215444999953, 43.027959383000052 ], [ -2.633624499999939, 43.019909999000049 ], [ -2.666322365999974, 43.030566473000079 ], [ -2.676116, 43.026427999000077 ], [ -2.68062, 43.033435499000063 ], [ -2.67482313499994, 43.037379160000057 ], [ -2.675691596999968, 43.04737999300005 ], [ -2.670601049999959, 43.053510421000055 ], [ -2.669174890999955, 43.065569045000075 ], [ -2.663078499999926, 43.068913499000075 ], [ -2.661133, 43.065760499000078 ] ] ] } },
{ "type": "Feature", "properties": { "code": "48073", "name": "Ondarroa" }, "geometry": { "type": "Polygon", "coordinates": [ [ [ -2.438023499999929, 43.333949999000026 ], [ -2.421644087999937, 43.329028293000079 ], [ -2.412847, 43.321082999000055 ], [ -2.417832080999972, 43.320340950000059 ], [ -2.442011745999935, 43.302622866000036 ], [ -2.443979044999935, 43.305906834000041 ], [ -2.448514737999972, 43.306513948000031 ], [ -2.445839607999972, 43.313233728000057 ], [ -2.43326092999996, 43.311395141000048 ], [ -2.430638168999963, 43.314386139000078 ], [ -2.431725635999953, 43.318650555000033 ], [ -2.446935819999965, 43.319185325000035 ], [ -2.445864898999957, 43.325039933000028 ], [ -2.437253060999979, 43.326880435000078 ], [ -2.438023499999929, 43.333949999000026 ] ] ] } },
{ "type": "Feature", "properties": { "code": "48074", "name": "Urduña / Orduña" }, "geometry": { "type": "Polygon", "coordinates": [ [ [ -2.955577, 42.998898999000062 ], [ -2.958229, 42.994410499000026 ], [ -2.974705386999972, 42.989206527000078 ], [ -3.000590747999979, 42.989045808000071 ], [ -3.007851477999964, 42.981970649000061 ], [ -3.037528, 42.982438999000067 ], [ -3.043067785999938, 42.98404759400006 ], [ -3.059080792999964, 42.997281917000066 ], [ -3.062380978999954, 43.003359067000076 ], [ -3.076444672999969, 43.007725723000078 ], [ -3.089153499999952, 43.00150349900008 ], [ -3.089279939999926, 43.009873865000031 ], [ -3.065281010999968, 43.023609229000044 ], [ -3.062570544999971, 43.034949553000047 ], [ -3.051333058999944, 43.045342514000026 ], [ -3.029846106999969, 43.045646305000048 ], [ -3.027955473999953, 43.036963333000074 ], [ -3.018344499999955, 43.03735049900007 ], [ -3.031846343999973, 43.023003239000047 ], [ -3.031079899999952, 43.019680951000055 ], [ -2.986802742999942, 43.011507666000057 ], [ -2.985134578999975, 43.007620860000031 ], [ -2.990720502999977, 43.000254776000077 ], [ -2.984760452999978, 42.992632579000031 ], [ -2.965120382999942, 43.000632422000081 ], [ -2.955577, 42.998898999000062 ] ] ] } },
{ "type": "Feature", "properties": { "code": "48075", "name": "Orozko" }, "geometry": { "type": "Polygon", "coordinates": [ [ [ -2.907784499999934, 43.141212499000062 ], [ -2.904848856999934, 43.136844177000057 ], [ -2.875177821999955, 43.12861175900008 ], [ -2.867255053999941, 43.122641523000027 ], [ -2.851681083999949, 43.118752009000048 ], [ -2.835092920999955, 43.109440132000032 ], [ -2.827071499999931, 43.110564499000077 ], [ -2.811382499999979, 43.102125499000067 ], [ -2.798692, 43.070774999000037 ], [ -2.796151503999965, 43.066638946000069 ], [ -2.804484989999935, 43.054771216000063 ], [ -2.795819949999952, 43.049805400000025 ], [ -2.788978499999928, 43.034514999000066 ], [ -2.800424, 43.034197499000072 ], [ -2.811417499999948, 43.03598499900005 ], [ -2.821712499999933, 43.035596999000063 ], [ -2.835092920999955, 43.041250639000054 ], [ -2.864313375999927, 43.051416153000048 ], [ -2.880949943999951, 43.050736875000041 ], [ -2.89018249999998, 43.045716499000036 ], [ -2.91768854999998, 43.05959914400006 ], [ -2.930812992999961, 43.072364890000074 ], [ -2.958623135999972, 43.090332054000044 ], [ -2.972690499999942, 43.095059499000058 ], [ -2.97512, 43.099038999000072 ], [ -2.965293746999976, 43.10402623300007 ], [ -2.936865249999926, 43.135512447000053 ], [ -2.938440499999956, 43.145129999000062 ], [ -2.907784499999934, 43.141212499000062 ] ] ] } },
{ "type": "Feature", "properties": { "code": "48076", "name": "Sukarrieta" }, "geometry": { "type": "Polygon", "coordinates": [ [ [ -2.683106499999951, 43.39469899900007 ], [ -2.684390499999949, 43.39148749900005 ], [ -2.694520499999953, 43.39235099900003 ], [ -2.704734, 43.389509499000042 ], [ -2.719563499999936, 43.387742999000068 ], [ -2.71976449999994, 43.389512499000034 ], [ -2.714602149999962, 43.389815393000049 ], [ -2.715044714999976, 43.394414467000047 ], [ -2.706488358999934, 43.397717664000027 ], [ -2.687133002999929, 43.397713650000071 ], [ -2.683106499999951, 43.39469899900007 ] ] ] } },
{ "type": "Feature", "properties": { "code": "48077", "name": "Plentzia" }, "geometry": { "type": "Polygon", "coordinates": [ [ [ -2.947316499999943, 43.384417499000051 ], [ -2.941483318999929, 43.393933420000053 ], [ -2.951047281999934, 43.399421432000054 ], [ -2.948011751999957, 43.407996479000076 ], [ -2.949562499999956, 43.412143499000081 ], [ -2.945560499999942, 43.41265499900004 ], [ -2.942485339999962, 43.400329179000039 ], [ -2.930261775999952, 43.390130580000061 ], [ -2.922061864999932, 43.398926584000037 ], [ -2.929909862999978, 43.408076024000025 ], [ -2.918427, 43.41554749900007 ], [ -2.915982996999958, 43.39622412600005 ], [ -2.920422499999972, 43.389193499000044 ], [ -2.931727, 43.375435499000048 ], [ -2.939208899999926, 43.371576471000026 ], [ -2.947316499999943, 43.384417499000051 ] ] ] } },
{ "type": "Feature", "properties": { "code": "48078", "name": "Portugalete" }, "geometry": { "type": "Polygon", "coordinates": [ [ [ -3.028673, 43.312374499000043 ], [ -3.038494499999956, 43.316085999000052 ], [ -3.031424570999945, 43.324126147000072 ], [ -3.021949499999948, 43.326724999000078 ], [ -3.015041, 43.320834999000056 ], [ -3.006412, 43.318391999000028 ], [ -3.012987499999952, 43.312667999000041 ], [ -3.014294499999949, 43.306935999000075 ], [ -3.0123, 43.305025499000067 ], [ -3.022450698999933, 43.307092154000031 ], [ -3.028673, 43.312374499000043 ] ] ] } },
{ "type": "Feature", "properties": { "code": "48079", "name": "Errigoiti" }, "geometry": { "type": "Polygon", "coordinates": [ [ [ -2.70609, 43.348482999000055 ], [ -2.70347849999996, 43.344272499000056 ], [ -2.708511201999954, 43.338537537000036 ], [ -2.709913409999956, 43.330394197000032 ], [ -2.706776499999933, 43.327236499000037 ], [ -2.709863429999928, 43.317623337000043 ], [ -2.717671499999938, 43.307794999000066 ], [ -2.722321, 43.305457999000055 ], [ -2.722855, 43.303592499000047 ], [ -2.730367499999943, 43.302395999000055 ], [ -2.740343042999939, 43.304725400000052 ], [ -2.744878529999937, 43.310040449000041 ], [ -2.74487290899998, 43.319875219000039 ], [ -2.751867555999979, 43.31586031300003 ], [ -2.75894270699996, 43.319077699000047 ], [ -2.76329286899994, 43.317056277000063 ], [ -2.767398499999956, 43.323586999000042 ], [ -2.75489923799995, 43.324717152000062 ], [ -2.749498623999955, 43.333551641000042 ], [ -2.749078132999955, 43.340873634000047 ], [ -2.740042747999951, 43.342891762000079 ], [ -2.733705, 43.353225999000074 ], [ -2.728237414999967, 43.351342205000037 ], [ -2.717855545999953, 43.353460007000081 ], [ -2.70609, 43.348482999000055 ] ] ] } },
{ "type": "Feature", "properties": { "code": "48080", "name": "Valle de Trápaga-Trapagaran" }, "geometry": { "type": "Polygon", "coordinates": [ [ [ -3.028673, 43.312374499000043 ], [ -3.022450698999933, 43.307092154000031 ], [ -3.0123, 43.305025499000067 ], [ -3.004438499999935, 43.297412999000073 ], [ -3.031943140999942, 43.278028206000045 ], [ -3.042420884999956, 43.265971628000045 ], [ -3.049061, 43.265630499000054 ], [ -3.062847, 43.274225499000067 ], [ -3.058660499999974, 43.279761499000074 ], [ -3.057081499999924, 43.284340499000052 ], [ -3.062223499999959, 43.29214999900006 ], [ -3.06035849999995, 43.295589999000072 ], [ -3.050743, 43.296121999000036 ], [ -3.046386, 43.303267499000071 ], [ -3.03888349999994, 43.307079499000054 ], [ -3.036036, 43.30736949900006 ], [ -3.028673, 43.312374499000043 ] ] ] } },
{ "type": "Feature", "properties": { "code": "48081", "name": "Lezama" }, "geometry": { "type": "Polygon", "coordinates": [ [ [ -2.802405499999963, 43.289896499000065 ], [ -2.806511005999937, 43.276972894000039 ], [ -2.803708316999973, 43.268649529000072 ], [ -2.825154469999973, 43.258571364000034 ], [ -2.828829, 43.253123499000026 ], [ -2.82976, 43.250331999000025 ], [ -2.835092920999955, 43.252835724000079 ], [ -2.863549499999976, 43.26030649900008 ], [ -2.856831897999939, 43.272712256000034 ], [ -2.848390926999969, 43.276554083000065 ], [ -2.835092920999955, 43.296261969000057 ], [ -2.827251, 43.302459499000065 ], [ -2.802405499999963, 43.289896499000065 ] ] ] } },
{ "type": "Feature", "properties": { "code": "48082", "name": "Santurtzi" }, "geometry": { "type": "Polygon", "coordinates": [ [ [ -3.038494499999956, 43.316085999000052 ], [ -3.065535499999953, 43.324524499000063 ], [ -3.064422499999978, 43.327044999000066 ], [ -3.062471, 43.328456999000025 ], [ -3.060402005999947, 43.331766903000073 ], [ -3.070062991999976, 43.339422153000044 ], [ -3.069743499999959, 43.347011499000075 ], [ -3.048033283999928, 43.339411881000046 ], [ -3.033435089999955, 43.346181223000031 ], [ -3.033666364999931, 43.342615417000047 ], [ -3.038074164999955, 43.341612932000032 ], [ -3.034823925999945, 43.338886412000079 ], [ -3.036955287999945, 43.336420319000069 ], [ -3.030227862999936, 43.33304793700006 ], [ -3.028201309999929, 43.32840008200003 ], [ -3.021949499999948, 43.326724999000078 ], [ -3.031424570999945, 43.324126147000072 ], [ -3.038494499999956, 43.316085999000052 ] ] ] } },
{ "type": "Feature", "properties": { "code": "48083", "name": "Ortuella" }, "geometry": { "type": "Polygon", "coordinates": [ [ [ -3.075543, 43.282980999000074 ], [ -3.065647042999956, 43.306881004000047 ], [ -3.067465544999948, 43.320808251000074 ], [ -3.065535499999953, 43.324524499000063 ], [ -3.028673, 43.312374499000043 ], [ -3.036036, 43.30736949900006 ], [ -3.03888349999994, 43.307079499000054 ], [ -3.046386, 43.303267499000071 ], [ -3.050743, 43.296121999000036 ], [ -3.06035849999995, 43.295589999000072 ], [ -3.062223499999959, 43.29214999900006 ], [ -3.057081499999924, 43.284340499000052 ], [ -3.058660499999974, 43.279761499000074 ], [ -3.062847, 43.274225499000067 ], [ -3.075543, 43.282980999000074 ] ] ] } },
{ "type": "Feature", "properties": { "code": "48084", "name": "Sestao" }, "geometry": { "type": "Polygon", "coordinates": [ [ [ -2.992652499999963, 43.313607499000057 ], [ -2.98145586399994, 43.308463071000062 ], [ -2.978147499999977, 43.301905999000041 ], [ -2.988282631999937, 43.304500128000029 ], [ -2.998425060999978, 43.30238263800004 ], [ -3.004438499999935, 43.297412999000073 ], [ -3.014294499999949, 43.306935999000075 ], [ -3.012987499999952, 43.312667999000041 ], [ -3.006412, 43.318391999000028 ], [ -2.992652499999963, 43.313607499000057 ] ] ] } },
{ "type": "Feature", "properties": { "code": "48085", "name": "Sopela" }, "geometry": { "type": "Polygon", "coordinates": [ [ [ -2.964650499999948, 43.382651999000075 ], [ -2.967821361999938, 43.375157889000036 ], [ -2.950456844999962, 43.367273811000075 ], [ -2.960033, 43.359200999000052 ], [ -2.989465368999959, 43.369673548000037 ], [ -3.00096149999996, 43.378201499000056 ], [ -3.006178, 43.384136499000078 ], [ -2.98538549999995, 43.395515499000055 ], [ -2.964650499999948, 43.382651999000075 ] ] ] } },
{ "type": "Feature", "properties": { "code": "48086", "name": "Sopuerta" }, "geometry": { "type": "Polygon", "coordinates": [ [ [ -3.168775081999968, 43.227927355000077 ], [ -3.175058548999971, 43.218292003000045 ], [ -3.178497, 43.204374499000039 ], [ -3.19841, 43.218523499000071 ], [ -3.199827525999979, 43.248175593000042 ], [ -3.209543499999938, 43.28347799900007 ], [ -3.20508880999995, 43.290387983000073 ], [ -3.193697973999974, 43.297858563000034 ], [ -3.158823076999965, 43.301338421000025 ], [ -3.151461, 43.307173999000042 ], [ -3.150691499999937, 43.30546399900004 ], [ -3.154687945999967, 43.30094955800007 ], [ -3.147872781999979, 43.284594518000063 ], [ -3.136486963999971, 43.277848410000047 ], [ -3.141406239999981, 43.265535053000065 ], [ -3.136903932999928, 43.261011491000033 ], [ -3.137849514999971, 43.247166694000043 ], [ -3.132615, 43.239518499000042 ], [ -3.156706326999938, 43.22992596000006 ], [ -3.168775081999968, 43.227927355000077 ] ] ] } },
{ "type": "Feature", "properties": { "code": "48087", "name": "Trucios-Turtzioz" }, "geometry": { "type": "Polygon", "coordinates": [ [ [ -3.338584, 43.278060999000047 ], [ -3.343128499999978, 43.294279999000025 ], [ -3.332388505999972, 43.300616896000065 ], [ -3.322844613999962, 43.29295647400005 ], [ -3.296159976999945, 43.300152175000051 ], [ -3.293718897999952, 43.29272701900004 ], [ -3.290152491999947, 43.290469812000026 ], [ -3.279508181999972, 43.290317015000028 ], [ -3.265115830999946, 43.295500956000069 ], [ -3.227879077999944, 43.28648819600005 ], [ -3.21838, 43.28682599900003 ], [ -3.230248347999975, 43.277007574000038 ], [ -3.237969766999925, 43.276062912000043 ], [ -3.244754969999974, 43.271414519000075 ], [ -3.249176499999976, 43.259649499000034 ], [ -3.26723524199997, 43.266847329000029 ], [ -3.279283876999955, 43.26219618500005 ], [ -3.304632, 43.258628999000052 ], [ -3.313138251999931, 43.27597828100005 ], [ -3.338584, 43.278060999000047 ] ] ] } },
{ "type": "Feature", "properties": { "code": "48088", "name": "Ubide" }, "geometry": { "type": "Polygon", "coordinates": [ [ [ -2.707624499999952, 43.030055499000071 ], [ -2.705786452999973, 43.035252882000066 ], [ -2.684117499999957, 43.03789449900006 ], [ -2.676116, 43.026427999000077 ], [ -2.686609, 43.021856999000079 ], [ -2.707624499999952, 43.030055499000071 ] ] ] } },
{ "type": "Feature", "properties": { "code": "48089", "name": "Urduliz" }, "geometry": { "type": "Polygon", "coordinates": [ [ [ -2.93906549999997, 43.345926499000029 ], [ -2.94655, 43.349124999000026 ], [ -2.960033, 43.359200999000052 ], [ -2.950456844999962, 43.367273811000075 ], [ -2.967821361999938, 43.375157889000036 ], [ -2.964650499999948, 43.382651999000075 ], [ -2.947316499999943, 43.384417499000051 ], [ -2.939208899999926, 43.371576471000026 ], [ -2.931727, 43.375435499000048 ], [ -2.920557843999973, 43.369087940000043 ], [ -2.919588, 43.365038499000036 ], [ -2.937162705999981, 43.355681489000062 ], [ -2.93906549999997, 43.345926499000029 ] ] ] } },
{ "type": "Feature", "properties": { "code": "48090", "name": "Balmaseda" }, "geometry": { "type": "Polygon", "coordinates": [ [ [ -3.19841, 43.218523499000071 ], [ -3.178497, 43.204374499000039 ], [ -3.184640936999926, 43.199401508000051 ], [ -3.179084, 43.175230499000065 ], [ -3.187126906999936, 43.169589103000078 ], [ -3.199399369999981, 43.171451593000029 ], [ -3.208636446999947, 43.178499220000049 ], [ -3.21400445699993, 43.17440567500006 ], [ -3.223343470999964, 43.172750609000047 ], [ -3.253273499999978, 43.198747499000035 ], [ -3.249500780999938, 43.204380774000072 ], [ -3.230923749999931, 43.209108364000031 ], [ -3.220918985999958, 43.216994186000079 ], [ -3.19841, 43.218523499000071 ] ] ] } },
{ "type": "Feature", "properties": { "code": "48091", "name": "Atxondo" }, "geometry": { "type": "Polygon", "coordinates": [ [ [ -2.547264499999926, 43.087666999000078 ], [ -2.589489538999942, 43.081291659000044 ], [ -2.62396949999993, 43.08529149900005 ], [ -2.614808903999972, 43.093159669000045 ], [ -2.620814369999948, 43.104425462000052 ], [ -2.616345012999943, 43.10812244400006 ], [ -2.614896077999958, 43.114119957000071 ], [ -2.596973830999957, 43.126717083000074 ], [ -2.591855832999954, 43.137480114000027 ], [ -2.582560499999943, 43.13915649900008 ], [ -2.571151011999973, 43.133791698000039 ], [ -2.569286215999966, 43.11412500800003 ], [ -2.562999780999974, 43.106812910000031 ], [ -2.553095260999953, 43.102346990000058 ], [ -2.55440178899994, 43.092019679000032 ], [ -2.547264499999926, 43.087666999000078 ] ] ] } },
{ "type": "Feature", "properties": { "code": "48092", "name": "Bedia" }, "geometry": { "type": "Polygon", "coordinates": [ [ [ -2.800622, 43.225062999000045 ], [ -2.795770586999936, 43.22478133900006 ], [ -2.788632070999938, 43.230401492000055 ], [ -2.780402, 43.229113999000049 ], [ -2.794158178999965, 43.213414694000051 ], [ -2.794892783999956, 43.199996930000054 ], [ -2.799954499999956, 43.192051499000058 ], [ -2.820560499999942, 43.174281499000074 ], [ -2.835092920999955, 43.174672144000056 ], [ -2.841642499999978, 43.168955999000048 ], [ -2.848131727999942, 43.175748946000056 ], [ -2.849335828999926, 43.183087894000039 ], [ -2.837303763999955, 43.196069625000064 ], [ -2.835092920999955, 43.203689760000032 ], [ -2.82774453199994, 43.212548414000025 ], [ -2.810126262999972, 43.218418801000041 ], [ -2.800622, 43.225062999000045 ] ] ] } },
{ "type": "Feature", "properties": { "code": "48093", "name": "Areatza" }, "geometry": { "type": "Polygon", "coordinates": [ [ [ -2.811382499999979, 43.102125499000067 ], [ -2.792425153999943, 43.11769490100005 ], [ -2.77854597399994, 43.121493206000025 ], [ -2.772377, 43.128228499000045 ], [ -2.763047499999971, 43.122662499000057 ], [ -2.766773186999956, 43.112639708000074 ], [ -2.782478071999947, 43.107019924000042 ], [ -2.788637412999947, 43.100708575000056 ], [ -2.791250083999955, 43.090963824000028 ], [ -2.785813717999929, 43.084298946000047 ], [ -2.798692, 43.070774999000037 ], [ -2.811382499999979, 43.102125499000067 ] ] ] } },
{ "type": "Feature", "properties": { "code": "48094", "name": "Igorre" }, "geometry": { "type": "Polygon", "coordinates": [ [ [ -2.778671499999973, 43.15415499900007 ], [ -2.785985267999934, 43.158242142000063 ], [ -2.79709134899997, 43.159218681000027 ], [ -2.806483499999956, 43.167963999000051 ], [ -2.813532499999951, 43.172783499000047 ], [ -2.820560499999942, 43.174281499000074 ], [ -2.799954499999956, 43.192051499000058 ], [ -2.787918614999967, 43.187495034000051 ], [ -2.762786546999962, 43.189103304000071 ], [ -2.754536806999965, 43.18639403800006 ], [ -2.745544349999932, 43.188025222000078 ], [ -2.737918499999978, 43.184783999000047 ], [ -2.736813, 43.182071499000074 ], [ -2.747060142999942, 43.183485906000044 ], [ -2.750124399999947, 43.168167995000033 ], [ -2.756515675999935, 43.156811116000029 ], [ -2.778671499999973, 43.15415499900007 ] ] ] } },
{ "type": "Feature", "properties": { "code": "48095", "name": "Zaldibar" }, "geometry": { "type": "Polygon", "coordinates": [ [ [ -2.546373499999959, 43.179358999000044 ], [ -2.539472478999926, 43.180811049000056 ], [ -2.509087554999951, 43.17526730000003 ], [ -2.492479499999945, 43.180875999000079 ], [ -2.484869499999945, 43.171608499000058 ], [ -2.507703062999951, 43.164972607000038 ], [ -2.508852206999961, 43.160056950000069 ], [ -2.504781, 43.155771499000025 ], [ -2.537278983999954, 43.15225328300005 ], [ -2.553036, 43.157226999000045 ], [ -2.55481494199995, 43.16190014600005 ], [ -2.551552208999965, 43.16775199500006 ], [ -2.551927923999926, 43.174998856000059 ], [ -2.546373499999959, 43.179358999000044 ] ] ] } },
{ "type": "Feature", "properties": { "code": "48096", "name": "Zalla" }, "geometry": { "type": "Polygon", "coordinates": [ [ [ -3.168775081999968, 43.17825059900008 ], [ -3.171529, 43.177162499000076 ], [ -3.174091499999975, 43.177310999000042 ], [ -3.175557499999968, 43.175445499000034 ], [ -3.179084, 43.175230499000065 ], [ -3.184640936999926, 43.199401508000051 ], [ -3.178497, 43.204374499000039 ], [ -3.175058548999971, 43.218292003000045 ], [ -3.168775081999968, 43.227927355000077 ], [ -3.156706326999938, 43.22992596000006 ], [ -3.132615, 43.239518499000042 ], [ -3.120327502999942, 43.226166758000033 ], [ -3.117463117999932, 43.216271440000071 ], [ -3.107906499999956, 43.21092956800004 ], [ -3.108467379999979, 43.195769173000031 ], [ -3.11418649999996, 43.18698099900007 ], [ -3.120065703999956, 43.186886389000051 ], [ -3.130204004999939, 43.181011237000064 ], [ -3.138039281999966, 43.181120003000046 ], [ -3.148292499999968, 43.174000999000043 ], [ -3.168775081999968, 43.17825059900008 ] ] ] } },
{ "type": "Feature", "properties": { "code": "48097", "name": "Zaratamo" }, "geometry": { "type": "Polygon", "coordinates": [ [ [ -2.866800499999954, 43.231129999000075 ], [ -2.860388797999974, 43.227043605000063 ], [ -2.847054697999965, 43.204811348000078 ], [ -2.859669499999939, 43.189120999000068 ], [ -2.867192571999965, 43.185488932000055 ], [ -2.878475, 43.191221999000049 ], [ -2.88321663399995, 43.198089938000066 ], [ -2.885705, 43.216039499000033 ], [ -2.878353199999935, 43.219273241000053 ], [ -2.866800499999954, 43.231129999000075 ] ] ] } },
{ "type": "Feature", "properties": { "code": "48901", "name": "Derio" }, "geometry": { "type": "Polygon", "coordinates": [ [ [ -2.894671499999959, 43.296801499000026 ], [ -2.903727042999947, 43.303687179000065 ], [ -2.892915873999925, 43.308530664000045 ], [ -2.896407630999931, 43.321773704000066 ], [ -2.887358499999948, 43.328004999000029 ], [ -2.874021917999926, 43.320411637000063 ], [ -2.859340499999973, 43.318615999000031 ], [ -2.865879388999929, 43.313322046000053 ], [ -2.866319920999956, 43.291737717000046 ], [ -2.887889407999978, 43.286087275000057 ], [ -2.88551625599996, 43.281792298000028 ], [ -2.888510408999934, 43.277222864000066 ], [ -2.89460747399994, 43.27906734100003 ], [ -2.888780779999934, 43.293953651000038 ], [ -2.894671499999959, 43.296801499000026 ] ] ] } },
{ "type": "Feature", "properties": { "code": "48902", "name": "Erandio" }, "geometry": { "type": "Polygon", "coordinates": [ [ [ -2.946875499999976, 43.287656999000035 ], [ -2.953820057999963, 43.287599335000039 ], [ -2.966694761999975, 43.294015003000027 ], [ -2.972701, 43.292194499000061 ], [ -2.98145586399994, 43.308463071000062 ], [ -2.992652499999963, 43.313607499000057 ], [ -2.98483105899993, 43.319176207000055 ], [ -2.97202940699998, 43.319146550000028 ], [ -2.962188891999972, 43.334371084000054 ], [ -2.967723, 43.339260999000032 ], [ -2.967049499999973, 43.344655499000055 ], [ -2.95932849999997, 43.348501499000065 ], [ -2.952946, 43.346799499000042 ], [ -2.951917499999979, 43.348890999000048 ], [ -2.947360499999945, 43.347198999000057 ], [ -2.94655, 43.349124999000026 ], [ -2.934251499999959, 43.343701499000076 ], [ -2.930987499999958, 43.34133599900008 ], [ -2.925365, 43.335024999000041 ], [ -2.925117841999963, 43.33169394600003 ], [ -2.932135384999981, 43.330598462000069 ], [ -2.942611960999955, 43.316210104000049 ], [ -2.945419930999947, 43.303413667000029 ], [ -2.939960499999927, 43.303548999000043 ], [ -2.937962934999973, 43.300408385000026 ], [ -2.946875499999976, 43.287656999000035 ] ] ] } },
{ "type": "Feature", "properties": { "code": "48903", "name": "Loiu" }, "geometry": { "type": "Polygon", "coordinates": [ [ [ -2.89724149999995, 43.335616999000081 ], [ -2.891119499999945, 43.332296499000051 ], [ -2.887358499999948, 43.328004999000029 ], [ -2.896407630999931, 43.321773704000066 ], [ -2.892915873999925, 43.308530664000045 ], [ -2.903727042999947, 43.303687179000065 ], [ -2.894671499999959, 43.296801499000026 ], [ -2.904784836999966, 43.292883424000081 ], [ -2.909438, 43.286659999000051 ], [ -2.919824372999926, 43.293760305000035 ], [ -2.915899281999941, 43.297171967000054 ], [ -2.91995630599996, 43.304506555000046 ], [ -2.935966397999948, 43.306759137000029 ], [ -2.939960499999927, 43.303548999000043 ], [ -2.945419930999947, 43.303413667000029 ], [ -2.942611960999955, 43.316210104000049 ], [ -2.932135384999981, 43.330598462000069 ], [ -2.925117841999963, 43.33169394600003 ], [ -2.925365, 43.335024999000041 ], [ -2.912191574999952, 43.335425079000061 ], [ -2.906718470999976, 43.345268635000025 ], [ -2.89724149999995, 43.335616999000081 ] ] ] } },
{ "type": "Feature", "properties": { "code": "48904", "name": "Sondika" }, "geometry": { "type": "Polygon", "coordinates": [ [ [ -2.909937499999955, 43.285212499000068 ], [ -2.91581187099996, 43.284876215000054 ], [ -2.915740228999937, 43.278822856000033 ], [ -2.91902168799993, 43.27455081200003 ], [ -2.944293140999946, 43.280352133000065 ], [ -2.947919961999958, 43.283589452000058 ], [ -2.946875499999976, 43.287656999000035 ], [ -2.937962934999973, 43.300408385000026 ], [ -2.939960499999927, 43.303548999000043 ], [ -2.935966397999948, 43.306759137000029 ], [ -2.91995630599996, 43.304506555000046 ], [ -2.915899281999941, 43.297171967000054 ], [ -2.919824372999926, 43.293760305000035 ], [ -2.909438, 43.286659999000051 ], [ -2.909937499999955, 43.285212499000068 ] ] ] } },
{ "type": "Feature", "properties": { "code": "48905", "name": "Zamudio" }, "geometry": { "type": "Polygon", "coordinates": [ [ [ -2.863549499999976, 43.26030649900008 ], [ -2.872103, 43.263807999000051 ], [ -2.880261, 43.265331999000068 ], [ -2.900569464999933, 43.270931520000033 ], [ -2.900216288999957, 43.27782404900006 ], [ -2.909937499999955, 43.285212499000068 ], [ -2.904784836999966, 43.292883424000081 ], [ -2.894671499999959, 43.296801499000026 ], [ -2.888780779999934, 43.293953651000038 ], [ -2.89460747399994, 43.27906734100003 ], [ -2.888510408999934, 43.277222864000066 ], [ -2.88551625599996, 43.281792298000028 ], [ -2.887889407999978, 43.286087275000057 ], [ -2.866319920999956, 43.291737717000046 ], [ -2.865879388999929, 43.313322046000053 ], [ -2.859340499999973, 43.318615999000031 ], [ -2.848472499999957, 43.313592499000038 ], [ -2.835092920999955, 43.306279443000051 ], [ -2.832020612999941, 43.303819515000043 ], [ -2.827251, 43.302459499000065 ], [ -2.835092920999955, 43.296261969000057 ], [ -2.848390926999969, 43.276554083000065 ], [ -2.856831897999939, 43.272712256000034 ], [ -2.863549499999976, 43.26030649900008 ] ] ] } },
{ "type": "Feature", "properties": { "code": "48906", "name": "Forua" }, "geometry": { "type": "Polygon", "coordinates": [ [ [ -2.658664, 43.342672499000059 ], [ -2.669248764999963, 43.336287091000031 ], [ -2.677997495999932, 43.324193466000054 ], [ -2.687872646999949, 43.322876787000041 ], [ -2.706776499999933, 43.327236499000037 ], [ -2.709913409999956, 43.330394197000032 ], [ -2.708511201999954, 43.338537537000036 ], [ -2.70347849999996, 43.344272499000056 ], [ -2.698917191999954, 43.346457976000067 ], [ -2.665637499999946, 43.347405499000047 ], [ -2.658664, 43.342672499000059 ] ] ] } },
{ "type": "Feature", "properties": { "code": "48907", "name": "Kortezubi" }, "geometry": { "type": "Polygon", "coordinates": [ [ [ -2.603477, 43.317522999000062 ], [ -2.619498834999945, 43.318001805000051 ], [ -2.629942231999962, 43.325238912000032 ], [ -2.650677214999973, 43.323442406000026 ], [ -2.672717, 43.325861499000041 ], [ -2.676298, 43.326993499000025 ], [ -2.669248764999963, 43.336287091000031 ], [ -2.658664, 43.342672499000059 ], [ -2.651843286999963, 43.342849849000061 ], [ -2.646954170999948, 43.34788694000008 ], [ -2.639512, 43.350061499000049 ], [ -2.617616261999956, 43.340642110000033 ], [ -2.609699499999977, 43.33070649900003 ], [ -2.61038481199995, 43.326642425000045 ], [ -2.603614141999969, 43.322333431000061 ], [ -2.603477, 43.317522999000062 ] ] ] } },
{ "type": "Feature", "properties": { "code": "48908", "name": "Murueta" }, "geometry": { "type": "Polygon", "coordinates": [ [ [ -2.70609, 43.348482999000055 ], [ -2.695959865999953, 43.353548488000058 ], [ -2.698933713999963, 43.366403385000069 ], [ -2.683310476999964, 43.36778487600003 ], [ -2.684470499999975, 43.372209999000063 ], [ -2.677628475999938, 43.369037262000063 ], [ -2.67599529499995, 43.35643576700005 ], [ -2.664566242999967, 43.353687051000065 ], [ -2.665637499999946, 43.347405499000047 ], [ -2.698917191999954, 43.346457976000067 ], [ -2.70347849999996, 43.344272499000056 ], [ -2.70609, 43.348482999000055 ] ] ] } },
{ "type": "Feature", "properties": { "code": "48909", "name": "Nabarniz" }, "geometry": { "type": "Polygon", "coordinates": [ [ [ -2.56521, 43.337957999000025 ], [ -2.565652258999933, 43.329565527000057 ], [ -2.558695, 43.328775999000072 ], [ -2.569096549999927, 43.309039942000027 ], [ -2.579445893999946, 43.305265471000041 ], [ -2.595914, 43.304563499000039 ], [ -2.604195499999946, 43.310936499000036 ], [ -2.603614141999969, 43.322333431000061 ], [ -2.61038481199995, 43.326642425000045 ], [ -2.609699499999977, 43.33070649900003 ], [ -2.580639, 43.342644499000073 ], [ -2.56521, 43.337957999000025 ] ] ] } },
{ "type": "Feature", "properties": { "code": "48910", "name": "Iurreta" }, "geometry": { "type": "Polygon", "coordinates": [ [ [ -2.62216449999994, 43.172518999000033 ], [ -2.632682298999953, 43.174717938000072 ], [ -2.642368450999925, 43.173195519000046 ], [ -2.649554907999971, 43.164319989000035 ], [ -2.65888029599995, 43.163432689000047 ], [ -2.671807894999972, 43.165177698000036 ], [ -2.677038, 43.17038799900007 ], [ -2.676885220999964, 43.177300001000049 ], [ -2.67144658999996, 43.183188488000042 ], [ -2.676483675999975, 43.192374345000076 ], [ -2.666461499999969, 43.203673999000046 ], [ -2.668015684999943, 43.210140376000027 ], [ -2.662104420999981, 43.212828234000028 ], [ -2.659129340999925, 43.219544076000034 ], [ -2.641157, 43.221561999000073 ], [ -2.636127, 43.213740499000039 ], [ -2.639061412999979, 43.208198667000033 ], [ -2.632533102999957, 43.189667421000081 ], [ -2.615402, 43.178133499000069 ], [ -2.62216449999994, 43.172518999000033 ] ] ] } },
{ "type": "Feature", "properties": { "code": "48911", "name": "Ajangiz" }, "geometry": { "type": "Polygon", "coordinates": [ [ [ -2.647861499999976, 43.30698699900006 ], [ -2.655872945999931, 43.301605889000029 ], [ -2.655617494999944, 43.295481270000039 ], [ -2.661568237999973, 43.291712325000049 ], [ -2.662538561999952, 43.283774281000035 ], [ -2.671506762999968, 43.280582157000026 ], [ -2.674078, 43.27689699900003 ], [ -2.677813673999935, 43.281870150000032 ], [ -2.677828981999937, 43.289465882000059 ], [ -2.685731499999974, 43.29548999900004 ], [ -2.672780714999931, 43.308291009000072 ], [ -2.671493398999928, 43.317681854000057 ], [ -2.665898, 43.319708999000056 ], [ -2.648580448999951, 43.31034272200003 ], [ -2.647861499999976, 43.30698699900006 ] ] ] } },
{ "type": "Feature", "properties": { "code": "48912", "name": "Alonsotegi" }, "geometry": { "type": "Polygon", "coordinates": [ [ [ -3.020591499999966, 43.237891499000057 ], [ -3.013959288999956, 43.241673439000067 ], [ -3.017805764999935, 43.250063476000037 ], [ -3.00546535999996, 43.254118678000054 ], [ -2.98932092299998, 43.25588867700003 ], [ -2.977744499999972, 43.249289999000041 ], [ -2.984378579999941, 43.244322059000069 ], [ -2.971637123999926, 43.233718924000073 ], [ -2.949340398999936, 43.224316439000063 ], [ -2.946248499999967, 43.217560999000057 ], [ -2.956731499999933, 43.212570999000036 ], [ -2.962212566999938, 43.206086900000059 ], [ -2.981526, 43.201952999000071 ], [ -2.994432948999929, 43.21008140400005 ], [ -3.00492318199997, 43.212966909000045 ], [ -3.008128562999957, 43.220012217000033 ], [ -3.01606695199996, 43.225222471000052 ], [ -3.013608425999962, 43.233092386000067 ], [ -3.020591499999966, 43.237891499000057 ] ] ] } },
{ "type": "Feature", "properties": { "code": "48913", "name": "Zierbena" }, "geometry": { "type": "Polygon", "coordinates": [ [ [ -3.069743499999959, 43.347011499000075 ], [ -3.070062991999976, 43.339422153000044 ], [ -3.060402005999947, 43.331766903000073 ], [ -3.062471, 43.328456999000025 ], [ -3.071736648999945, 43.330832311000052 ], [ -3.094751652999946, 43.328760668000029 ], [ -3.100957, 43.331880499000079 ], [ -3.104535729999952, 43.339960890000043 ], [ -3.117548499999941, 43.34995249900004 ], [ -3.10980042999995, 43.362608658000056 ], [ -3.086298787999965, 43.376526845000058 ], [ -3.100506018999965, 43.364680707000048 ], [ -3.069743499999959, 43.347011499000075 ] ] ] } },
{ "type": "Feature", "properties": { "code": "48914", "name": "Arratzu" }, "geometry": { "type": "Polygon", "coordinates": [ [ [ -2.672717, 43.325861499000041 ], [ -2.650677214999973, 43.323442406000026 ], [ -2.629942231999962, 43.325238912000032 ], [ -2.619498834999945, 43.318001805000051 ], [ -2.603477, 43.317522999000062 ], [ -2.604195499999946, 43.310936499000036 ], [ -2.617187853999951, 43.299080250000031 ], [ -2.63792353599996, 43.29679933500006 ], [ -2.644192087999954, 43.298719346000041 ], [ -2.647861499999976, 43.30698699900006 ], [ -2.648580448999951, 43.31034272200003 ], [ -2.665898, 43.319708999000056 ], [ -2.672505205999926, 43.322346380000056 ], [ -2.672717, 43.325861499000041 ] ] ] } },
{ "type": "Feature", "properties": { "code": "48915", "name": "Ziortza-Bolibar" }, "geometry": { "type": "Polygon", "coordinates": [ [ [ -2.535186499999952, 43.229383499000051 ], [ -2.555122098999959, 43.230570133000072 ], [ -2.577992499999937, 43.217336499000055 ], [ -2.582146499999965, 43.221171499000036 ], [ -2.591664499999979, 43.226874999000074 ], [ -2.56971968199997, 43.256368372000054 ], [ -2.562319156999934, 43.26002303100006 ], [ -2.557044, 43.272009999000034 ], [ -2.53287, 43.268221499000049 ], [ -2.522755093999933, 43.263444178000043 ], [ -2.526658328999929, 43.254504609000037 ], [ -2.526558838999961, 43.242962942000077 ], [ -2.535186499999952, 43.229383499000051 ] ] ] } },
{ "type": "Feature", "properties": { "code": "48916", "name": "Usansolo" }, "geometry": { "type": "Polygon", "coordinates": [ [ [ -2.851331, 43.212436999000033 ], [ -2.835092920999955, 43.217127146000053 ], [ -2.825914804999968, 43.218792955000026 ], [ -2.817716683999947, 43.229969437000079 ], [ -2.803593839999962, 43.229637417000049 ], [ -2.800622, 43.225062999000045 ], [ -2.810126262999972, 43.218418801000041 ], [ -2.82774453199994, 43.212548414000025 ], [ -2.835092920999955, 43.203689760000032 ], [ -2.837303763999955, 43.196069625000064 ], [ -2.849335828999926, 43.183087894000039 ], [ -2.848131727999942, 43.175748946000056 ], [ -2.841642499999978, 43.168955999000048 ], [ -2.856032125999945, 43.17452172600008 ], [ -2.851034439999978, 43.183523463000029 ], [ -2.859669499999939, 43.189120999000068 ], [ -2.847054697999965, 43.204811348000078 ], [ -2.851331, 43.212436999000033 ] ] ] } }
]
}
