model,experiment_id,case_id,seed,category,passed,passed_with_cost_gate,check_score,quality_check_score,keyword_coverage,cost_usd,input_tokens,output_tokens,rounds,duration_ms,error_category
Gemini 2.5 Pro,exp_035_gemini25_pro_v5_seeds5,V5_01_municipality_co2_lorca,42,municipality,0,0,0.625,0.5,0.5,0.031059999999999997,19768,635,2,12133,tool_missing
Gemini 2.5 Pro,exp_035_gemini25_pro_v5_seeds5,V5_02_municipality_erosion_antequera,42,municipality,1,1,1.0,1.0,1.0,0.04948374999999999,29971,1202,3,17682,
Gemini 2.5 Pro,exp_035_gemini25_pro_v5_seeds5,V5_03_municipality_province_hint,42,municipality,1,1,1.0,1.0,1.0,0.04886375,30771,1040,3,14222,
Gemini 2.5 Pro,exp_035_gemini25_pro_v5_seeds5,V5_04_municipality_multi_indicator,42,municipality,1,1,1.0,1.0,1.0,0.08059125,41841,2829,4,44613,
Gemini 2.5 Pro,exp_035_gemini25_pro_v5_seeds5,V5_05_followup_drill_down,42,memory,0,0,0.7778,0.7143,1.0,0.031302500000000004,19578,683,2,18133,wrong_data
Gemini 2.5 Pro,exp_035_gemini25_pro_v5_seeds5,V5_06_followup_compare_new,42,memory,1,1,1.0,1.0,1.0,0.0583525,30122,2070,3,22688,
Gemini 2.5 Pro,exp_035_gemini25_pro_v5_seeds5,V5_07_followup_switch_indicator,42,memory,1,1,1.0,1.0,1.0,0.0679675,39094,1910,4,26397,
Gemini 2.5 Pro,exp_035_gemini25_pro_v5_seeds5,V5_08_followup_chart_request,42,memory,1,1,1.0,1.0,1.0,0.031485,20276,614,2,9792,
Gemini 2.5 Pro,exp_035_gemini25_pro_v5_seeds5,V5_09_spatial_coastal_erosion,42,spatial_reasoning,1,1,1.0,1.0,1.0,0.052325,31380,1310,3,16955,
Gemini 2.5 Pro,exp_035_gemini25_pro_v5_seeds5,V5_10_spatial_inland_co2,42,spatial_reasoning,0,0,0.8333,0.75,1.0,0.06403249999999999,32194,2379,3,25859,wrong_data
Gemini 2.5 Pro,exp_035_gemini25_pro_v5_seeds5,V5_11_spatial_autonomous_community,42,spatial_reasoning,0,0,0.375,0.1667,0.0,0.03191875,19871,708,2,11240,tool_missing
Gemini 2.5 Pro,exp_035_gemini25_pro_v5_seeds5,V5_12_spatial_island_limitations,42,spatial_reasoning,0,0,0.75,0.5,1.0,0.015805,9580,383,1,6084,tool_missing
Gemini 2.5 Pro,exp_035_gemini25_pro_v5_seeds5,V5_13_cross_indicator_tradeoff,42,cross_indicator,1,1,1.0,1.0,1.0,0.09124125,41897,3887,4,45916,
Gemini 2.5 Pro,exp_035_gemini25_pro_v5_seeds5,V5_14_cross_indicator_low_risk,42,cross_indicator,0,0,0.8333,0.75,1.0,0.04303625,20477,1744,2,18999,wrong_data
Gemini 2.5 Pro,exp_035_gemini25_pro_v5_seeds5,V5_15_error_nonexistent_municipality,42,error_handling,0,0,0.8571,0.8,0.0,0.027385,19436,309,2,6238,keyword_missing
Gemini 2.5 Pro,exp_035_gemini25_pro_v5_seeds5,V5_16_error_wrong_indicator_name,42,error_handling,1,1,1.0,1.0,1.0,0.02922125,19641,467,2,7768,
Gemini 2.5 Pro,exp_035_gemini25_pro_v5_seeds5,V5_17_error_ines_stats_fabrication,42,error_handling,1,1,1.0,1.0,,0.035235,19964,1028,2,15111,
Gemini 2.5 Pro,exp_035_gemini25_pro_v5_seeds5,V5_18_error_fabricated_year,42,error_handling,0,0,0.8333,0.75,0.5,0.01548375,9587,350,1,5678,keyword_missing
Gemini 2.5 Pro,exp_035_gemini25_pro_v5_seeds5,V5_19_ranking_bottom_co2,42,ranking,0,0,0.625,0.5,0.5,0.05206625,30589,1383,3,16944,keyword_missing
Gemini 2.5 Pro,exp_035_gemini25_pro_v5_seeds5,V5_20_ranking_chart_erosion,42,ranking,0,0,0.5556,0.4286,0.0,0.066605,40764,1565,4,19544,keyword_missing
Gemini 2.5 Pro,exp_035_gemini25_pro_v5_seeds5,V5_21_comparison_close_values,42,comparison,0,0,0.4444,0.2857,0.3333,0.02020375,9587,822,1,11045,tool_missing
Gemini 2.5 Pro,exp_035_gemini25_pro_v5_seeds5,V5_22_comparison_north_south_erosion,42,comparison,0,0,0.7778,0.7143,1.0,0.04620625,30405,820,3,13205,wrong_data
Gemini 2.5 Pro,exp_035_gemini25_pro_v5_seeds5,V5_23_deep_dive_full_profile,42,deep_dive,0,0,0.625,0.5,0.5,0.058641250000000006,30785,2016,3,21861,tool_missing
Gemini 2.5 Pro,exp_035_gemini25_pro_v5_seeds5,V5_24_interpretation_policy,42,interpretation,0,0,0.8333,0.75,1.0,0.07344,29536,3652,3,39884,wrong_data
Gemini 2.5 Pro,exp_035_gemini25_pro_v5_seeds5,V5_25_tool_selection_chart_type,42,tool_selection,0,0,0.625,0.5,1.0,0.050493750000000004,30867,1191,3,16001,tool_missing
Gemini 2.5 Pro,exp_035_gemini25_pro_v5_seeds5,V5_26_tool_selection_toggle_multiple,42,tool_selection,1,1,1.0,1.0,1.0,0.036347500000000005,19470,1201,2,13945,
Gemini 2.5 Pro,exp_035_gemini25_pro_v5_seeds5,V5_27_language_catalan,42,language,1,1,1.0,1.0,1.0,0.04858875,30607,1033,3,14761,
Gemini 2.5 Pro,exp_035_gemini25_pro_v5_seeds5,V5_28_language_galician,42,language,1,1,1.0,1.0,1.0,0.0568275,29246,2027,3,22156,
Gemini 2.5 Pro,exp_035_gemini25_pro_v5_seeds5,V5_29_single_analysis_erosion,42,single_analysis,1,1,1.0,1.0,1.0,0.04615375,29635,911,3,13436,
Gemini 2.5 Pro,exp_035_gemini25_pro_v5_seeds5,V5_30_single_analysis_co2,42,single_analysis,0,0,0.3333,0.1429,0.0,0.028555,19596,406,2,6612,tool_missing
Gemini 2.5 Pro,exp_035_gemini25_pro_v5_seeds5,V5_31_habitat_province_single,42,habitat_analysis,1,1,1.0,1.0,1.0,0.053502499999999995,31010,1474,3,20275,
Gemini 2.5 Pro,exp_035_gemini25_pro_v5_seeds5,V5_32_habitat_forest_types,42,habitat_analysis,1,1,1.0,1.0,1.0,0.050745,30684,1239,3,14355,
Gemini 2.5 Pro,exp_035_gemini25_pro_v5_seeds5,V5_33_habitat_recall_grassland,42,habitat_analysis,1,1,1.0,1.0,1.0,0.05865875,30919,2001,3,22833,
Gemini 2.5 Pro,exp_035_gemini25_pro_v5_seeds5,V5_34_habitat_chart,42,habitat_analysis,1,1,1.0,1.0,1.0,0.04946875,30551,1128,3,16132,
Gemini 2.5 Pro,exp_035_gemini25_pro_v5_seeds5,V5_35_habitat_dominant_class_recall,42,habitat_analysis,1,1,1.0,1.0,1.0,0.01484375,9763,264,1,4466,
Gemini 2.5 Pro,exp_035_gemini25_pro_v5_seeds5,V5_36_temporal_compare_shrubland,42,memory,1,1,1.0,1.0,1.0,0.013855000000000001,9764,165,1,3744,
Gemini 2.5 Pro,exp_035_gemini25_pro_v5_seeds5,V5_37_temporal_change_visual,42,memory,1,1,1.0,1.0,1.0,0.0153425,9762,314,1,4128,
Gemini 2.5 Pro,exp_035_gemini25_pro_v5_seeds5,V5_38_cross_indicator_habitat_co2,42,cross_indicator,1,1,1.0,1.0,1.0,0.08784249999999999,50018,2532,5,30407,
Gemini 2.5 Pro,exp_035_gemini25_pro_v5_seeds5,V5_39_error_unavailable_year,42,error_handling,1,1,1.0,1.0,1.0,0.015179999999999999,9584,320,1,5693,
Gemini 2.5 Pro,exp_035_gemini25_pro_v5_seeds5,V5_40_error_wrong_layer,42,error_handling,1,1,1.0,1.0,1.0,0.02886875,19599,437,2,8113,
Gemini 2.5 Pro,exp_035_gemini25_pro_v5_seeds5,V5_41_multi_muni_ranking_erosion,42,multi_municipality_ranking,0,0,0.6,0.3333,0.0,0.030113749999999998,19723,546,2,8511,tool_missing
Gemini 2.5 Pro,exp_035_gemini25_pro_v5_seeds5,V5_42_multi_muni_ranking_co2,42,multi_municipality_ranking,0,0,0.6,0.3333,0.0,0.04728,21216,2076,2,24029,tool_missing
Gemini 2.5 Pro,exp_035_gemini25_pro_v5_seeds5,V5_43_multi_muni_compare_three,42,multi_municipality_ranking,1,1,1.0,1.0,1.0,0.11171375,79931,1180,8,21870,
Gemini 2.5 Pro,exp_035_gemini25_pro_v5_seeds5,V5_44_province_aggregation_andalucia,42,province_aggregation,0,0,0.8,0.6667,0.0,0.0638,30856,2523,3,28405,keyword_missing
Gemini 2.5 Pro,exp_035_gemini25_pro_v5_seeds5,V5_45_province_aggregation_aragon,42,province_aggregation,0,0,0.8571,0.8,1.0,0.07965625,43741,2498,4,32152,wrong_data
Gemini 2.5 Pro,exp_035_gemini25_pro_v5_seeds5,V5_46_error_recovery_typo,42,error_recovery,0,0,0.8571,0.8,0.0,0.0187875,9582,681,1,9055,keyword_missing
Gemini 2.5 Pro,exp_035_gemini25_pro_v5_seeds5,V5_47_error_recovery_fallback_indicator,42,error_recovery,0,0,0.75,0.6667,0.0,0.017951250000000002,9593,596,1,8751,tool_missing
Gemini 2.5 Pro,exp_035_gemini25_pro_v5_seeds5,V5_48_error_recovery_wrong_year,42,error_recovery,1,1,1.0,1.0,1.0,0.05459625,31093,1573,3,19712,
Gemini 2.5 Pro,exp_035_gemini25_pro_v5_seeds5,V5_49_threshold_co2_high,42,threshold,1,1,1.0,1.0,1.0,0.03633,19952,1139,2,12321,
Gemini 2.5 Pro,exp_035_gemini25_pro_v5_seeds5,V5_50_threshold_dual_indicator,42,threshold,1,1,1.0,1.0,1.0,0.06845375000000001,31427,2917,3,34142,
Gemini 2.5 Pro,exp_035_gemini25_pro_v5_seeds5,V5_51_threshold_co2_low,42,threshold,1,1,1.0,1.0,1.0,0.03442,20160,922,2,11694,
Gemini 2.5 Pro,exp_035_gemini25_pro_v5_seeds5,V5_52_language_catalan_erosion,42,language,0,0,0.875,0.8333,1.0,0.051681250000000005,30409,1367,3,19510,wrong_data
Gemini 2.5 Pro,exp_035_gemini25_pro_v5_seeds5,V5_53_language_basque_co2,42,language,1,1,1.0,1.0,1.0,0.05413875,29967,1668,3,20908,
Gemini 2.5 Pro,exp_035_gemini25_pro_v5_seeds5,V5_54_language_galician_co2,42,language,1,1,1.0,1.0,1.0,0.05752,29232,2098,3,23293,
Gemini 2.5 Pro,exp_035_gemini25_pro_v5_seeds5,V5_55_language_basque_compare,42,language,0,0,0.8571,0.8,1.0,0.061116250000000004,31141,2219,3,25136,wrong_data
Gemini 2.5 Pro,exp_035_gemini25_pro_v5_seeds5,V5_56_habitat_andalucia_forest,42,habitat_analysis,1,1,1.0,1.0,1.0,0.047586250000000004,30525,943,3,13788,
Gemini 2.5 Pro,exp_035_gemini25_pro_v5_seeds5,V5_57_temporal_multi_year,42,temporal_change,0,0,0.8889,1.0,1.0,0.15440125,83161,5045,7,59736,rounds_exceeded
Gemini 2.5 Pro,exp_035_gemini25_pro_v5_seeds5,V5_58_legend_co2_classes,42,tool_selection,0,0,0.8571,0.8,1.0,0.020393750000000002,9587,841,1,11137,tool_missing
Gemini 2.5 Pro,exp_035_gemini25_pro_v5_seeds5,V5_59_legend_erosion_scale,42,tool_selection,0,0,0.8333,0.75,1.0,0.0175475,9590,556,1,7104,tool_missing
Gemini 2.5 Pro,exp_035_gemini25_pro_v5_seeds5,V5_60_legend_habitat_classes,42,tool_selection,0,0,0.5556,0.4286,0.0,0.045367500000000005,20630,1958,2,21478,tool_missing
Gemini 2.5 Pro,exp_035_gemini25_pro_v5_seeds5,V5_61_list_layers_analyzable,42,tool_selection,0,0,0.8333,0.75,1.0,0.01781375,9587,583,1,7644,tool_missing
Gemini 2.5 Pro,exp_035_gemini25_pro_v5_seeds5,V5_62_list_layers_habitat_years,42,tool_selection,0,0,0.6667,0.5714,0.5,0.15713875,97407,3538,9,43955,tool_missing
Gemini 2.5 Pro,exp_035_gemini25_pro_v5_seeds5,V5_63_list_layers_all_indicators,42,tool_selection,0,0,0.8,0.6667,0.0,0.0297275,19366,552,2,8391,keyword_missing
Gemini 2.5 Pro,exp_035_gemini25_pro_v5_seeds5,V5_64_layer_bounds_canary_co2,42,tool_selection,0,0,0.8333,0.75,0.0,0.0732675,41894,2090,4,26152,keyword_missing
Gemini 2.5 Pro,exp_035_gemini25_pro_v5_seeds5,V5_65_layer_bounds_erosion_extent,42,tool_selection,1,1,1.0,1.0,1.0,0.02787125,19497,350,2,6802,
Gemini 2.5 Pro,exp_035_gemini25_pro_v5_seeds5,V5_66_layer_bounds_cross_border,42,tool_selection,0,0,0.75,0.6667,0.0,0.03523625,19269,1115,2,13551,keyword_missing
Gemini 2.5 Pro,exp_035_gemini25_pro_v5_seeds5,V5_67_multi_layer_three_indicators,42,cross_indicator,1,1,1.0,1.0,1.0,0.07735625,52469,1177,5,18146,
Gemini 2.5 Pro,exp_035_gemini25_pro_v5_seeds5,V5_68_multi_layer_nbs_profile,42,cross_indicator,1,1,1.0,1.0,1.0,0.0901275,49758,2793,5,36265,
Gemini 2.5 Pro,exp_035_gemini25_pro_v5_seeds5,V5_69_multi_layer_explicit_simultaneous,42,cross_indicator,1,1,1.0,1.0,1.0,0.0910475,54230,2326,5,30316,
Gemini 2.5 Pro,exp_035_gemini25_pro_v5_seeds5,V5_70_interpretation_investor,42,interpretation,0,0,0.5714,0.4,0.5,0.05061875,31015,1185,3,19428,tool_missing
Gemini 2.5 Pro,exp_035_gemini25_pro_v5_seeds5,V5_71_interpretation_habitat_co2_link,42,interpretation,0,0,0.8333,0.75,0.5,0.056555,30828,1802,3,23500,keyword_missing
Gemini 2.5 Pro,exp_035_gemini25_pro_v5_seeds5,V5_72_interpretation_erosion_project_risk,42,interpretation,0,0,0.375,0.1667,0.0,0.05781625,30469,1973,3,24702,tool_missing
Gemini 2.5 Pro,exp_035_gemini25_pro_v5_seeds5,V5_73_deep_dive_municipality,42,deep_dive,0,0,0.8889,0.8571,1.0,0.06304875,41303,1142,4,17968,tool_missing
Gemini 2.5 Pro,exp_035_gemini25_pro_v5_seeds5,V5_74_deep_dive_temporal_profile,42,tool_selection,0,0,0.8333,0.75,1.0,0.01625875,9591,427,1,6402,tool_missing
Gemini 2.5 Pro,exp_035_gemini25_pro_v5_seeds5,V5_75_deep_dive_community_ranking,42,deep_dive,0,0,0.75,0.6667,1.0,0.08682375,41619,3480,4,39190,tool_missing
Gemini 2.5 Pro,exp_035_gemini25_pro_v5_seeds5,V5_76_legend_ines_erosion_visual,42,tool_selection,0,0,0.8333,0.75,1.0,0.018335,9596,634,1,8059,tool_missing
Gemini 2.5 Pro,exp_035_gemini25_pro_v5_seeds5,V5_77_legend_mfe_forest_map,42,tool_selection,0,0,0.8,0.6667,1.0,0.018731249999999998,9601,673,1,8021,tool_missing
Gemini 2.5 Pro,exp_035_gemini25_pro_v5_seeds5,V5_78_legend_two_layers_compare,42,tool_selection,0,0,0.8333,0.75,1.0,0.02666625,9605,1466,1,17084,tool_missing
Gemini 2.5 Pro,exp_035_gemini25_pro_v5_seeds5,V5_79_list_layers_display_only,42,tool_selection,0,0,0.8,0.6667,1.0,0.0227725,9594,1078,1,12436,tool_missing
Gemini 2.5 Pro,exp_035_gemini25_pro_v5_seeds5,V5_80_list_layers_before_workflow,42,tool_selection,0,0,0.8571,0.8,0.6667,0.026578749999999998,19407,232,2,5634,keyword_missing
Gemini 2.5 Pro,exp_035_gemini25_pro_v5_seeds5,V5_81_list_layers_unavailable_indicator,42,tool_selection,0,0,0.75,0.6667,0.0,0.019868749999999998,9591,788,1,10401,tool_missing
Gemini 2.5 Pro,exp_035_gemini25_pro_v5_seeds5,V5_82_layer_bounds_ceuta_melilla,42,tool_selection,1,1,1.0,1.0,1.0,0.02938625,19621,486,2,7828,
Gemini 2.5 Pro,exp_035_gemini25_pro_v5_seeds5,V5_83_layer_bounds_balearic_erosion,42,tool_selection,1,1,1.0,1.0,1.0,0.03529375,19251,1123,2,13684,
Gemini 2.5 Pro,exp_035_gemini25_pro_v5_seeds5,V5_84_layer_bounds_coverage_comparison,42,tool_selection,1,1,1.0,1.0,1.0,0.04231625,19501,1794,2,20170,
Gemini 2.5 Pro,exp_035_gemini25_pro_v5_seeds5,V5_85_multi_layer_municipality_lorca,42,cross_indicator,0,0,0.7143,0.6,0.5,0.04235,19288,1824,2,20891,tool_missing
Gemini 2.5 Pro,exp_035_gemini25_pro_v5_seeds5,V5_86_multi_layer_with_chart_huelva,42,cross_indicator,1,1,1.0,1.0,1.0,0.09956000000000001,55056,3074,5,38401,
Gemini 2.5 Pro,exp_035_gemini25_pro_v5_seeds5,V5_87_multi_layer_comparison_two_provinces,42,deep_dive,1,1,1.0,1.0,1.0,0.0833025,43058,2948,4,37107,
Gemini 2.5 Pro,exp_035_gemini25_pro_v5_seeds5,V5_88_interpretation_restoration_castilla_leon,42,interpretation,1,1,1.0,1.0,1.0,0.08668375,61443,988,6,17659,
Gemini 2.5 Pro,exp_035_gemini25_pro_v5_seeds5,V5_89_interpretation_biodiversity_carbon_synergy,42,interpretation,0,0,0.8571,0.8,1.0,0.047240000000000004,19528,2283,2,29927,wrong_data
Gemini 2.5 Pro,exp_035_gemini25_pro_v5_seeds5,V5_90_interpretation_bank_risk_assessment,42,interpretation,0,0,0.6,0.3333,0.0,0.0324525,9610,2044,1,19742,tool_missing
Gemini 2.5 Pro,exp_035_gemini25_pro_v5_seeds5,V5_91_deep_dive_temporal_municipality,42,deep_dive,1,1,1.0,1.0,1.0,0.10248875,54071,3490,5,47916,
Gemini 2.5 Pro,exp_035_gemini25_pro_v5_seeds5,V5_92_deep_dive_two_provinces_side_by_side,42,deep_dive,0,0,0.25,0.1429,0.0,0.0,0,0,0,300078,tool_missing
Gemini 2.5 Pro,exp_035_gemini25_pro_v5_seeds5,V5_93_deep_dive_national_policy_brief,42,habitat_analysis,1,1,1.0,1.0,1.0,0.11692875,69303,3030,6,86849,
Gemini 2.5 Pro,exp_035_gemini25_pro_v5_seeds5,V5_01_municipality_co2_lorca,1337,municipality,0,0,0.625,0.5,0.5,0.01797,9584,599,1,9211,tool_missing
Gemini 2.5 Pro,exp_035_gemini25_pro_v5_seeds5,V5_02_municipality_erosion_antequera,1337,municipality,1,1,1.0,1.0,1.0,0.042812499999999996,29778,559,3,8533,
Gemini 2.5 Pro,exp_035_gemini25_pro_v5_seeds5,V5_03_municipality_province_hint,1337,municipality,0,0,0.875,0.8333,0.5,0.05212625,31293,1301,3,18073,keyword_missing
Gemini 2.5 Pro,exp_035_gemini25_pro_v5_seeds5,V5_04_municipality_multi_indicator,1337,municipality,1,1,1.0,1.0,1.0,0.07071625000000001,41653,1865,4,27049,
Gemini 2.5 Pro,exp_035_gemini25_pro_v5_seeds5,V5_05_followup_drill_down,1337,memory,0,0,0.6667,0.5714,0.0,0.030398750000000002,19583,592,2,9144,keyword_missing
Gemini 2.5 Pro,exp_035_gemini25_pro_v5_seeds5,V5_06_followup_compare_new,1337,memory,1,1,1.0,1.0,1.0,0.05839875,30863,1982,3,22158,
Gemini 2.5 Pro,exp_035_gemini25_pro_v5_seeds5,V5_07_followup_switch_indicator,1337,memory,1,1,1.0,1.0,1.0,0.077305,39132,2839,4,38766,
Gemini 2.5 Pro,exp_035_gemini25_pro_v5_seeds5,V5_08_followup_chart_request,1337,memory,1,1,1.0,1.0,1.0,0.032043749999999996,19843,724,2,10314,
Gemini 2.5 Pro,exp_035_gemini25_pro_v5_seeds5,V5_09_spatial_coastal_erosion,1337,spatial_reasoning,1,1,1.0,1.0,1.0,0.07384750000000001,29302,3722,3,45667,
Gemini 2.5 Pro,exp_035_gemini25_pro_v5_seeds5,V5_10_spatial_inland_co2,1337,spatial_reasoning,1,1,1.0,1.0,1.0,0.060480000000000006,31568,2102,3,26740,
Gemini 2.5 Pro,exp_035_gemini25_pro_v5_seeds5,V5_11_spatial_autonomous_community,1337,spatial_reasoning,0,0,0.375,0.1667,0.0,0.0308875,19782,616,2,10503,tool_missing
Gemini 2.5 Pro,exp_035_gemini25_pro_v5_seeds5,V5_12_spatial_island_limitations,1337,spatial_reasoning,0,0,0.5,0.0,0.0,0.046695,29156,1025,3,16337,tool_missing
Gemini 2.5 Pro,exp_035_gemini25_pro_v5_seeds5,V5_13_cross_indicator_tradeoff,1337,cross_indicator,0,0,0.6,0.3333,0.0,0.0324325,9594,2044,1,23184,tool_missing
Gemini 2.5 Pro,exp_035_gemini25_pro_v5_seeds5,V5_14_cross_indicator_low_risk,1337,cross_indicator,0,0,0.8333,0.75,1.0,0.07458000000000001,32048,3452,3,39490,wrong_data
Gemini 2.5 Pro,exp_035_gemini25_pro_v5_seeds5,V5_15_error_nonexistent_municipality,1337,error_handling,0,0,0.8571,0.8,0.0,0.03258625,19773,787,2,11992,keyword_missing
Gemini 2.5 Pro,exp_035_gemini25_pro_v5_seeds5,V5_16_error_wrong_indicator_name,1337,error_handling,1,1,1.0,1.0,1.0,0.029199999999999997,19640,465,2,7264,
Gemini 2.5 Pro,exp_035_gemini25_pro_v5_seeds5,V5_17_error_ines_stats_fabrication,1337,error_handling,1,1,1.0,1.0,,0.04145375,19283,1735,2,23557,
Gemini 2.5 Pro,exp_035_gemini25_pro_v5_seeds5,V5_18_error_fabricated_year,1337,error_handling,1,1,1.0,1.0,1.0,0.01898375,9587,700,1,8234,
Gemini 2.5 Pro,exp_035_gemini25_pro_v5_seeds5,V5_19_ranking_bottom_co2,1337,ranking,0,0,0.625,0.5,0.5,0.04996874999999999,30287,1211,3,19439,keyword_missing
Gemini 2.5 Pro,exp_035_gemini25_pro_v5_seeds5,V5_20_ranking_chart_erosion,1337,ranking,0,0,0.7778,0.7143,1.0,0.05588875,31855,1607,3,21280,wrong_data
Gemini 2.5 Pro,exp_035_gemini25_pro_v5_seeds5,V5_21_comparison_close_values,1337,comparison,0,0,0.7778,0.7143,0.6667,0.05959625,30109,2196,3,86682,keyword_missing
Gemini 2.5 Pro,exp_035_gemini25_pro_v5_seeds5,V5_22_comparison_north_south_erosion,1337,comparison,0,0,0.8889,0.8571,1.0,0.04668875,30431,865,3,13169,wrong_data
Gemini 2.5 Pro,exp_035_gemini25_pro_v5_seeds5,V5_23_deep_dive_full_profile,1337,deep_dive,0,0,0.625,0.5,0.5,0.0530075,30702,1463,3,20794,tool_missing
Gemini 2.5 Pro,exp_035_gemini25_pro_v5_seeds5,V5_24_interpretation_policy,1337,interpretation,0,0,0.6667,0.5,0.0,0.0668175,29622,2979,3,38533,keyword_missing
Gemini 2.5 Pro,exp_035_gemini25_pro_v5_seeds5,V5_25_tool_selection_chart_type,1337,tool_selection,0,0,0.75,0.6667,1.0,0.05378375,31699,1416,3,15392,tool_missing
Gemini 2.5 Pro,exp_035_gemini25_pro_v5_seeds5,V5_26_tool_selection_toggle_multiple,1337,tool_selection,1,1,1.0,1.0,1.0,0.026641250000000002,19417,237,2,6682,
Gemini 2.5 Pro,exp_035_gemini25_pro_v5_seeds5,V5_27_language_catalan,1337,language,1,1,1.0,1.0,1.0,0.04692625,30397,893,3,11999,
Gemini 2.5 Pro,exp_035_gemini25_pro_v5_seeds5,V5_28_language_galician,1337,language,1,1,1.0,1.0,1.0,0.05539625,30101,1777,3,24080,
Gemini 2.5 Pro,exp_035_gemini25_pro_v5_seeds5,V5_29_single_analysis_erosion,1337,single_analysis,0,0,0.875,0.8333,1.0,0.05864875,30207,2089,3,21503,wrong_data
Gemini 2.5 Pro,exp_035_gemini25_pro_v5_seeds5,V5_30_single_analysis_co2,1337,single_analysis,0,0,0.4444,0.2857,0.3333,0.02114,9584,916,1,49980,tool_missing
Gemini 2.5 Pro,exp_035_gemini25_pro_v5_seeds5,V5_31_habitat_province_single,1337,habitat_analysis,0,0,0.7778,0.7143,0.5,0.05706,30592,1882,3,22714,keyword_missing
Gemini 2.5 Pro,exp_035_gemini25_pro_v5_seeds5,V5_32_habitat_forest_types,1337,habitat_analysis,1,1,1.0,1.0,1.0,0.05806125,31817,1829,3,19700,
Gemini 2.5 Pro,exp_035_gemini25_pro_v5_seeds5,V5_33_habitat_recall_grassland,1337,habitat_analysis,1,1,1.0,1.0,1.0,0.054103750000000006,31091,1524,3,19949,
Gemini 2.5 Pro,exp_035_gemini25_pro_v5_seeds5,V5_34_habitat_chart,1337,habitat_analysis,1,1,1.0,1.0,1.0,0.052081249999999996,31065,1325,3,18670,
Gemini 2.5 Pro,exp_035_gemini25_pro_v5_seeds5,V5_35_habitat_dominant_class_recall,1337,habitat_analysis,1,1,1.0,1.0,1.0,0.015893749999999998,9763,369,1,5295,
Gemini 2.5 Pro,exp_035_gemini25_pro_v5_seeds5,V5_36_temporal_compare_shrubland,1337,memory,1,1,1.0,1.0,1.0,0.013595000000000001,9764,139,1,3429,
Gemini 2.5 Pro,exp_035_gemini25_pro_v5_seeds5,V5_37_temporal_change_visual,1337,memory,1,1,1.0,1.0,1.0,0.0159025,9762,370,1,4132,
Gemini 2.5 Pro,exp_035_gemini25_pro_v5_seeds5,V5_38_cross_indicator_habitat_co2,1337,cross_indicator,1,1,1.0,1.0,1.0,0.0796875,50534,1652,5,25167,
Gemini 2.5 Pro,exp_035_gemini25_pro_v5_seeds5,V5_39_error_unavailable_year,1337,error_handling,1,1,1.0,1.0,1.0,0.018029999999999997,9584,605,1,8344,
Gemini 2.5 Pro,exp_035_gemini25_pro_v5_seeds5,V5_40_error_wrong_layer,1337,error_handling,0,0,0.9,0.875,1.0,0.02777,19496,340,2,7328,forbidden_keyword
Gemini 2.5 Pro,exp_035_gemini25_pro_v5_seeds5,V5_41_multi_muni_ranking_erosion,1337,multi_municipality_ranking,0,0,0.6,0.3333,0.0,0.04816625,30341,1024,3,14165,tool_missing
Gemini 2.5 Pro,exp_035_gemini25_pro_v5_seeds5,V5_42_multi_muni_ranking_co2,1337,multi_municipality_ranking,0,0,0.6,0.3333,0.0,0.02827875,19543,385,2,7915,tool_missing
Gemini 2.5 Pro,exp_035_gemini25_pro_v5_seeds5,V5_43_multi_muni_compare_three,1337,multi_municipality_ranking,0,0,0.7778,0.7143,0.5,0.05600125,39817,623,4,12298,keyword_missing
Gemini 2.5 Pro,exp_035_gemini25_pro_v5_seeds5,V5_44_province_aggregation_andalucia,1337,province_aggregation,1,1,1.0,1.0,1.0,0.06889,29336,3222,3,32094,
Gemini 2.5 Pro,exp_035_gemini25_pro_v5_seeds5,V5_45_province_aggregation_aragon,1337,province_aggregation,1,1,1.0,1.0,1.0,0.066465,32380,2599,3,32265,
Gemini 2.5 Pro,exp_035_gemini25_pro_v5_seeds5,V5_46_error_recovery_typo,1337,error_recovery,1,1,1.0,1.0,1.0,0.0151575,9582,318,1,5434,
Gemini 2.5 Pro,exp_035_gemini25_pro_v5_seeds5,V5_47_error_recovery_fallback_indicator,1337,error_recovery,0,0,0.75,0.6667,0.0,0.06749875,34295,2463,3,29872,tool_missing
Gemini 2.5 Pro,exp_035_gemini25_pro_v5_seeds5,V5_48_error_recovery_wrong_year,1337,error_recovery,1,1,1.0,1.0,1.0,0.0522375,29278,1564,3,22172,
Gemini 2.5 Pro,exp_035_gemini25_pro_v5_seeds5,V5_49_threshold_co2_high,1337,threshold,0,0,0.7143,0.6,0.5,0.050251250000000004,31097,1138,3,17209,keyword_missing
Gemini 2.5 Pro,exp_035_gemini25_pro_v5_seeds5,V5_50_threshold_dual_indicator,1337,threshold,1,1,1.0,1.0,1.0,0.043302499999999994,20650,1749,2,18633,
Gemini 2.5 Pro,exp_035_gemini25_pro_v5_seeds5,V5_51_threshold_co2_low,1337,threshold,0,0,0.5714,0.4,0.0,0.0506225,30474,1253,3,18062,keyword_missing
Gemini 2.5 Pro,exp_035_gemini25_pro_v5_seeds5,V5_52_language_catalan_erosion,1337,language,0,0,0.875,0.8333,1.0,0.04908625,30629,1080,3,17351,wrong_data
Gemini 2.5 Pro,exp_035_gemini25_pro_v5_seeds5,V5_53_language_basque_co2,1337,language,1,1,1.0,1.0,1.0,0.047126249999999995,30349,919,3,14430,
Gemini 2.5 Pro,exp_035_gemini25_pro_v5_seeds5,V5_54_language_galician_co2,1337,language,0,0,0.8571,0.8,0.5,0.05640875,29335,1974,3,28069,keyword_missing
Gemini 2.5 Pro,exp_035_gemini25_pro_v5_seeds5,V5_55_language_basque_compare,1337,language,0,0,0.7143,0.6,0.0,0.057153749999999996,29411,2039,3,25064,keyword_missing
Gemini 2.5 Pro,exp_035_gemini25_pro_v5_seeds5,V5_56_habitat_andalucia_forest,1337,habitat_analysis,0,0,0.8889,0.8571,1.0,0.05522375,30875,1663,3,17871,wrong_data
Gemini 2.5 Pro,exp_035_gemini25_pro_v5_seeds5,V5_57_temporal_multi_year,1337,temporal_change,0,0,0.8889,1.0,1.0,0.14167375,80011,4166,7,54335,rounds_exceeded
Gemini 2.5 Pro,exp_035_gemini25_pro_v5_seeds5,V5_58_legend_co2_classes,1337,tool_selection,0,0,0.8571,0.8,1.0,0.01932375,9587,734,1,10880,tool_missing
Gemini 2.5 Pro,exp_035_gemini25_pro_v5_seeds5,V5_59_legend_erosion_scale,1337,tool_selection,0,0,0.8333,0.75,1.0,0.0171975,9590,521,1,7984,tool_missing
Gemini 2.5 Pro,exp_035_gemini25_pro_v5_seeds5,V5_60_legend_habitat_classes,1337,tool_selection,1,1,1.0,1.0,1.0,0.08423375,43307,3010,4,30477,
Gemini 2.5 Pro,exp_035_gemini25_pro_v5_seeds5,V5_61_list_layers_analyzable,1337,tool_selection,0,0,0.8333,0.75,1.0,0.01969375,9587,771,1,10233,tool_missing
Gemini 2.5 Pro,exp_035_gemini25_pro_v5_seeds5,V5_62_list_layers_habitat_years,1337,tool_selection,1,1,1.0,1.0,1.0,0.18020624999999998,117925,3280,10,40549,
Gemini 2.5 Pro,exp_035_gemini25_pro_v5_seeds5,V5_63_list_layers_all_indicators,1337,tool_selection,0,0,0.8,0.6667,0.0,0.027658750000000003,19439,336,2,6163,keyword_missing
Gemini 2.5 Pro,exp_035_gemini25_pro_v5_seeds5,V5_64_layer_bounds_canary_co2,1337,tool_selection,1,1,1.0,1.0,1.0,0.047663750000000005,20379,2219,2,24089,
Gemini 2.5 Pro,exp_035_gemini25_pro_v5_seeds5,V5_65_layer_bounds_erosion_extent,1337,tool_selection,1,1,1.0,1.0,1.0,0.03691875,19295,1280,2,18221,
Gemini 2.5 Pro,exp_035_gemini25_pro_v5_seeds5,V5_66_layer_bounds_cross_border,1337,tool_selection,0,0,0.75,0.6667,0.5,0.0157575,9598,376,1,26371,tool_missing
Gemini 2.5 Pro,exp_035_gemini25_pro_v5_seeds5,V5_67_multi_layer_three_indicators,1337,cross_indicator,1,1,1.0,1.0,1.0,0.07588625,50253,1307,5,23509,
Gemini 2.5 Pro,exp_035_gemini25_pro_v5_seeds5,V5_68_multi_layer_nbs_profile,1337,cross_indicator,0,0,0.8889,0.8571,0.6667,0.08613625,49269,2455,5,35096,keyword_missing
Gemini 2.5 Pro,exp_035_gemini25_pro_v5_seeds5,V5_69_multi_layer_explicit_simultaneous,1337,cross_indicator,1,1,1.0,1.0,1.0,0.082605,43300,2848,4,35892,
Gemini 2.5 Pro,exp_035_gemini25_pro_v5_seeds5,V5_70_interpretation_investor,1337,interpretation,0,0,0.4286,0.2,0.0,0.2580975,106262,12527,10,140322,tool_missing
Gemini 2.5 Pro,exp_035_gemini25_pro_v5_seeds5,V5_71_interpretation_habitat_co2_link,1337,interpretation,0,0,0.8333,0.75,0.5,0.055150000000000005,30608,1689,3,25706,keyword_missing
Gemini 2.5 Pro,exp_035_gemini25_pro_v5_seeds5,V5_72_interpretation_erosion_project_risk,1337,interpretation,0,0,0.75,0.6667,1.0,0.0626775,31558,2323,3,32722,tool_missing
Gemini 2.5 Pro,exp_035_gemini25_pro_v5_seeds5,V5_73_deep_dive_municipality,1337,deep_dive,0,0,0.8889,0.8571,1.0,0.05568125,30673,1734,3,21704,tool_missing
Gemini 2.5 Pro,exp_035_gemini25_pro_v5_seeds5,V5_74_deep_dive_temporal_profile,1337,tool_selection,1,1,1.0,1.0,1.0,0.028317500000000002,19494,395,2,8340,
Gemini 2.5 Pro,exp_035_gemini25_pro_v5_seeds5,V5_75_deep_dive_community_ranking,1337,deep_dive,0,0,0.75,0.6667,1.0,0.06786249999999999,32810,2685,3,36987,tool_missing
Gemini 2.5 Pro,exp_035_gemini25_pro_v5_seeds5,V5_76_legend_ines_erosion_visual,1337,tool_selection,0,0,0.8333,0.75,1.0,0.017935,9596,594,1,8459,tool_missing
Gemini 2.5 Pro,exp_035_gemini25_pro_v5_seeds5,V5_77_legend_mfe_forest_map,1337,tool_selection,0,0,0.8,0.6667,1.0,0.01919125,9601,719,1,9846,tool_missing
Gemini 2.5 Pro,exp_035_gemini25_pro_v5_seeds5,V5_78_legend_two_layers_compare,1337,tool_selection,0,0,0.8333,0.75,1.0,0.02484625,9605,1284,1,16916,tool_missing
Gemini 2.5 Pro,exp_035_gemini25_pro_v5_seeds5,V5_79_list_layers_display_only,1337,tool_selection,0,0,0.8,0.6667,1.0,0.0222225,9594,1023,1,11549,tool_missing
Gemini 2.5 Pro,exp_035_gemini25_pro_v5_seeds5,V5_80_list_layers_before_workflow,1337,tool_selection,0,0,0.8571,0.8,0.6667,0.03283,19328,867,2,11587,keyword_missing
Gemini 2.5 Pro,exp_035_gemini25_pro_v5_seeds5,V5_81_list_layers_unavailable_indicator,1337,tool_selection,0,0,0.75,0.6667,0.0,0.01864875,9591,666,1,9192,tool_missing
Gemini 2.5 Pro,exp_035_gemini25_pro_v5_seeds5,V5_82_layer_bounds_ceuta_melilla,1337,tool_selection,1,1,1.0,1.0,1.0,0.03687125,19729,1221,2,16323,
Gemini 2.5 Pro,exp_035_gemini25_pro_v5_seeds5,V5_83_layer_bounds_balearic_erosion,1337,tool_selection,1,1,1.0,1.0,1.0,0.03791125,19265,1383,2,17862,
Gemini 2.5 Pro,exp_035_gemini25_pro_v5_seeds5,V5_84_layer_bounds_coverage_comparison,1337,tool_selection,0,0,0.8333,0.75,1.0,0.01914,9608,713,1,9437,tool_missing
Gemini 2.5 Pro,exp_035_gemini25_pro_v5_seeds5,V5_85_multi_layer_municipality_lorca,1337,cross_indicator,0,0,0.8571,0.8,1.0,0.0586275,31094,1976,3,30215,tool_missing
Gemini 2.5 Pro,exp_035_gemini25_pro_v5_seeds5,V5_86_multi_layer_with_chart_huelva,1337,cross_indicator,1,1,1.0,1.0,1.0,0.09900875,54359,3106,5,44711,
Gemini 2.5 Pro,exp_035_gemini25_pro_v5_seeds5,V5_87_multi_layer_comparison_two_provinces,1337,deep_dive,1,1,1.0,1.0,1.0,0.0845025,41250,3294,4,44221,
Gemini 2.5 Pro,exp_035_gemini25_pro_v5_seeds5,V5_88_interpretation_restoration_castilla_leon,1337,interpretation,1,1,1.0,1.0,1.0,0.1436175,84238,3832,8,59163,
Gemini 2.5 Pro,exp_035_gemini25_pro_v5_seeds5,V5_89_interpretation_biodiversity_carbon_synergy,1337,interpretation,0,0,0.7143,0.6,0.5,0.08746375,39579,3799,4,56649,keyword_missing
Gemini 2.5 Pro,exp_035_gemini25_pro_v5_seeds5,V5_90_interpretation_bank_risk_assessment,1337,interpretation,1,1,1.0,1.0,1.0,0.08116125,33201,3966,3,46663,
Gemini 2.5 Pro,exp_035_gemini25_pro_v5_seeds5,V5_91_deep_dive_temporal_municipality,1337,deep_dive,1,1,1.0,1.0,1.0,0.07776125,39217,2874,4,37182,
Gemini 2.5 Pro,exp_035_gemini25_pro_v5_seeds5,V5_92_deep_dive_two_provinces_side_by_side,1337,deep_dive,0,0,0.6667,0.5714,0.6667,0.0766075,40846,2555,4,40505,tool_missing
Gemini 2.5 Pro,exp_035_gemini25_pro_v5_seeds5,V5_93_deep_dive_national_policy_brief,1337,habitat_analysis,1,1,1.0,1.0,1.0,0.09925500000000001,63060,2043,6,75803,
Gemini 2.5 Pro,exp_035_gemini25_pro_v5_seeds5,V5_01_municipality_co2_lorca,2024,municipality,0,0,0.625,0.5,0.5,0.032348749999999996,19895,748,2,11407,tool_missing
Gemini 2.5 Pro,exp_035_gemini25_pro_v5_seeds5,V5_02_municipality_erosion_antequera,2024,municipality,1,1,1.0,1.0,1.0,0.05425125,30377,1628,3,22019,
Gemini 2.5 Pro,exp_035_gemini25_pro_v5_seeds5,V5_03_municipality_province_hint,2024,municipality,1,1,1.0,1.0,1.0,0.04606125,29777,884,3,15322,
Gemini 2.5 Pro,exp_035_gemini25_pro_v5_seeds5,V5_04_municipality_multi_indicator,2024,municipality,1,1,1.0,1.0,1.0,0.0550875,30766,1663,3,21673,
Gemini 2.5 Pro,exp_035_gemini25_pro_v5_seeds5,V5_05_followup_drill_down,2024,memory,1,1,1.0,1.0,1.0,0.017725,9708,559,1,8715,
Gemini 2.5 Pro,exp_035_gemini25_pro_v5_seeds5,V5_06_followup_compare_new,2024,memory,0,0,0.9,0.875,1.0,0.051388750000000004,30391,1340,3,19472,wrong_data
Gemini 2.5 Pro,exp_035_gemini25_pro_v5_seeds5,V5_07_followup_switch_indicator,2024,memory,0,0,0.625,0.5,0.0,0.026308750000000002,19559,186,2,5188,tool_missing
Gemini 2.5 Pro,exp_035_gemini25_pro_v5_seeds5,V5_08_followup_chart_request,2024,memory,1,1,1.0,1.0,1.0,0.030234999999999998,20140,506,2,9232,
Gemini 2.5 Pro,exp_035_gemini25_pro_v5_seeds5,V5_09_spatial_coastal_erosion,2024,spatial_reasoning,0,0,0.8333,0.75,1.0,0.05883,31312,1969,3,26958,wrong_data
Gemini 2.5 Pro,exp_035_gemini25_pro_v5_seeds5,V5_10_spatial_inland_co2,2024,spatial_reasoning,1,1,1.0,1.0,1.0,0.05821125,31465,1888,3,24680,
Gemini 2.5 Pro,exp_035_gemini25_pro_v5_seeds5,V5_11_spatial_autonomous_community,2024,spatial_reasoning,0,0,0.375,0.1667,0.0,0.0321825,19890,732,2,12178,tool_missing
Gemini 2.5 Pro,exp_035_gemini25_pro_v5_seeds5,V5_12_spatial_island_limitations,2024,spatial_reasoning,0,0,0.75,0.5,1.0,0.038018750000000004,19295,1390,2,17830,tool_missing
Gemini 2.5 Pro,exp_035_gemini25_pro_v5_seeds5,V5_13_cross_indicator_tradeoff,2024,cross_indicator,0,0,0.8,0.6667,0.0,0.05809375,30507,1996,3,28046,keyword_missing
Gemini 2.5 Pro,exp_035_gemini25_pro_v5_seeds5,V5_14_cross_indicator_low_risk,2024,cross_indicator,0,0,0.8333,0.75,1.0,0.0671275,31406,2787,3,34052,wrong_data
Gemini 2.5 Pro,exp_035_gemini25_pro_v5_seeds5,V5_15_error_nonexistent_municipality,2024,error_handling,1,1,1.0,1.0,1.0,0.028277499999999997,19526,387,2,7450,
Gemini 2.5 Pro,exp_035_gemini25_pro_v5_seeds5,V5_16_error_wrong_indicator_name,2024,error_handling,1,1,1.0,1.0,1.0,0.03218375,19891,732,2,11182,
Gemini 2.5 Pro,exp_035_gemini25_pro_v5_seeds5,V5_17_error_ines_stats_fabrication,2024,error_handling,0,0,0.8571,0.8,,0.0680675,29030,3178,3,40389,forbidden_keyword
Gemini 2.5 Pro,exp_035_gemini25_pro_v5_seeds5,V5_18_error_fabricated_year,2024,error_handling,1,1,1.0,1.0,1.0,0.05432375,29427,1754,3,24180,
Gemini 2.5 Pro,exp_035_gemini25_pro_v5_seeds5,V5_19_ranking_bottom_co2,2024,ranking,0,0,0.625,0.5,0.5,0.05752,30952,1883,3,23212,keyword_missing
Gemini 2.5 Pro,exp_035_gemini25_pro_v5_seeds5,V5_20_ranking_chart_erosion,2024,ranking,0,0,0.7778,0.7143,1.0,0.05460375,31227,1557,3,21272,wrong_data
Gemini 2.5 Pro,exp_035_gemini25_pro_v5_seeds5,V5_21_comparison_close_values,2024,comparison,0,0,0.4444,0.2857,0.0,0.05784,29328,2118,3,26421,keyword_missing
Gemini 2.5 Pro,exp_035_gemini25_pro_v5_seeds5,V5_22_comparison_north_south_erosion,2024,comparison,0,0,0.7778,0.7143,1.0,0.05859125,32369,1813,3,24659,wrong_data
Gemini 2.5 Pro,exp_035_gemini25_pro_v5_seeds5,V5_23_deep_dive_full_profile,2024,deep_dive,0,0,0.75,0.6667,1.0,0.063435,31940,2351,3,28456,tool_missing
Gemini 2.5 Pro,exp_035_gemini25_pro_v5_seeds5,V5_24_interpretation_policy,2024,interpretation,0,0,0.6667,0.5,0.0,0.06434625,29701,2722,3,33797,keyword_missing
Gemini 2.5 Pro,exp_035_gemini25_pro_v5_seeds5,V5_25_tool_selection_chart_type,2024,tool_selection,0,0,0.75,0.6667,1.0,0.0450975,30310,721,3,12991,tool_missing
Gemini 2.5 Pro,exp_035_gemini25_pro_v5_seeds5,V5_26_tool_selection_toggle_multiple,2024,tool_selection,1,1,1.0,1.0,1.0,0.03235875,19695,774,2,12686,
Gemini 2.5 Pro,exp_035_gemini25_pro_v5_seeds5,V5_27_language_catalan,2024,language,1,1,1.0,1.0,1.0,0.04257625,29637,553,3,11326,
Gemini 2.5 Pro,exp_035_gemini25_pro_v5_seeds5,V5_28_language_galician,2024,language,1,1,1.0,1.0,1.0,0.0612075,30686,2285,3,28060,
Gemini 2.5 Pro,exp_035_gemini25_pro_v5_seeds5,V5_29_single_analysis_erosion,2024,single_analysis,0,0,0.875,0.8333,1.0,0.04736875,29791,1013,3,15889,wrong_data
Gemini 2.5 Pro,exp_035_gemini25_pro_v5_seeds5,V5_30_single_analysis_co2,2024,single_analysis,0,0,0.4444,0.2857,0.3333,0.02375,9584,1177,1,17842,tool_missing
Gemini 2.5 Pro,exp_035_gemini25_pro_v5_seeds5,V5_31_habitat_province_single,2024,habitat_analysis,1,1,1.0,1.0,1.0,0.0494225,30874,1083,3,16525,
Gemini 2.5 Pro,exp_035_gemini25_pro_v5_seeds5,V5_32_habitat_forest_types,2024,habitat_analysis,1,1,1.0,1.0,1.0,0.06693125,32449,2637,3,35649,
Gemini 2.5 Pro,exp_035_gemini25_pro_v5_seeds5,V5_33_habitat_recall_grassland,2024,habitat_analysis,1,1,1.0,1.0,1.0,0.04739875,30231,961,3,13840,
Gemini 2.5 Pro,exp_035_gemini25_pro_v5_seeds5,V5_34_habitat_chart,2024,habitat_analysis,1,1,1.0,1.0,1.0,0.05468875000000001,30359,1674,3,23192,
Gemini 2.5 Pro,exp_035_gemini25_pro_v5_seeds5,V5_35_habitat_dominant_class_recall,2024,habitat_analysis,1,1,1.0,1.0,1.0,0.01574375,9763,354,1,5146,
Gemini 2.5 Pro,exp_035_gemini25_pro_v5_seeds5,V5_36_temporal_compare_shrubland,2024,memory,1,1,1.0,1.0,1.0,0.014185,9764,198,1,4346,
Gemini 2.5 Pro,exp_035_gemini25_pro_v5_seeds5,V5_37_temporal_change_visual,2024,memory,1,1,1.0,1.0,1.0,0.016462499999999998,9762,426,1,5433,
Gemini 2.5 Pro,exp_035_gemini25_pro_v5_seeds5,V5_38_cross_indicator_habitat_co2,2024,cross_indicator,1,1,1.0,1.0,1.0,0.09461375,50723,3121,5,52297,
Gemini 2.5 Pro,exp_035_gemini25_pro_v5_seeds5,V5_39_error_unavailable_year,2024,error_handling,1,1,1.0,1.0,1.0,0.03241,19936,749,2,11263,
Gemini 2.5 Pro,exp_035_gemini25_pro_v5_seeds5,V5_40_error_wrong_layer,2024,error_handling,1,1,1.0,1.0,1.0,0.0286175,19438,432,2,8815,
Gemini 2.5 Pro,exp_035_gemini25_pro_v5_seeds5,V5_41_multi_muni_ranking_erosion,2024,multi_municipality_ranking,0,0,0.6,0.3333,0.0,0.03311,20000,811,2,12761,tool_missing
Gemini 2.5 Pro,exp_035_gemini25_pro_v5_seeds5,V5_42_multi_muni_ranking_co2,2024,multi_municipality_ranking,0,0,0.6,0.3333,0.0,0.03641875,20287,1106,2,16933,tool_missing
Gemini 2.5 Pro,exp_035_gemini25_pro_v5_seeds5,V5_43_multi_muni_compare_three,2024,multi_municipality_ranking,0,0,0.7778,0.7143,0.5,0.05806375,40147,788,4,14473,keyword_missing
Gemini 2.5 Pro,exp_035_gemini25_pro_v5_seeds5,V5_44_province_aggregation_andalucia,2024,province_aggregation,1,1,1.0,1.0,1.0,0.0372375,20126,1208,2,13836,
Gemini 2.5 Pro,exp_035_gemini25_pro_v5_seeds5,V5_45_province_aggregation_aragon,2024,province_aggregation,1,1,1.0,1.0,1.0,0.07156375000000001,33427,2978,3,33110,
Gemini 2.5 Pro,exp_035_gemini25_pro_v5_seeds5,V5_46_error_recovery_typo,2024,error_recovery,1,1,1.0,1.0,1.0,0.02832,19536,390,2,6702,
Gemini 2.5 Pro,exp_035_gemini25_pro_v5_seeds5,V5_47_error_recovery_fallback_indicator,2024,error_recovery,0,0,0.75,0.6667,0.0,0.03021875,21223,369,2,19782,tool_missing
Gemini 2.5 Pro,exp_035_gemini25_pro_v5_seeds5,V5_48_error_recovery_wrong_year,2024,error_recovery,1,1,1.0,1.0,1.0,0.05705625,29741,1988,3,26536,
Gemini 2.5 Pro,exp_035_gemini25_pro_v5_seeds5,V5_49_threshold_co2_high,2024,threshold,0,0,0.5714,0.4,0.0,0.04919375,29795,1195,3,16982,keyword_missing
Gemini 2.5 Pro,exp_035_gemini25_pro_v5_seeds5,V5_50_threshold_dual_indicator,2024,threshold,1,1,1.0,1.0,1.0,0.05941249999999999,31298,2029,3,23252,
Gemini 2.5 Pro,exp_035_gemini25_pro_v5_seeds5,V5_51_threshold_co2_low,2024,threshold,1,1,1.0,1.0,1.0,0.033015,20020,799,2,11261,
Gemini 2.5 Pro,exp_035_gemini25_pro_v5_seeds5,V5_52_language_catalan_erosion,2024,language,0,0,0.875,0.8333,1.0,0.051248749999999996,30111,1361,3,18520,wrong_data
Gemini 2.5 Pro,exp_035_gemini25_pro_v5_seeds5,V5_53_language_basque_co2,2024,language,1,1,1.0,1.0,1.0,0.045219999999999996,29456,840,3,12938,
Gemini 2.5 Pro,exp_035_gemini25_pro_v5_seeds5,V5_54_language_galician_co2,2024,language,1,1,1.0,1.0,1.0,0.048257499999999995,30622,998,3,14493,
Gemini 2.5 Pro,exp_035_gemini25_pro_v5_seeds5,V5_55_language_basque_compare,2024,language,0,0,0.7143,0.6,0.0,0.05373875,29415,1697,3,21810,keyword_missing
Gemini 2.5 Pro,exp_035_gemini25_pro_v5_seeds5,V5_56_habitat_andalucia_forest,2024,habitat_analysis,1,1,1.0,1.0,1.0,0.05472875,30583,1650,3,20559,
Gemini 2.5 Pro,exp_035_gemini25_pro_v5_seeds5,V5_57_temporal_multi_year,2024,temporal_change,0,0,0.8889,1.0,1.0,0.12840375,78195,3066,7,39597,rounds_exceeded
Gemini 2.5 Pro,exp_035_gemini25_pro_v5_seeds5,V5_58_legend_co2_classes,2024,tool_selection,1,1,1.0,1.0,1.0,0.02887,19552,443,2,7649,
Gemini 2.5 Pro,exp_035_gemini25_pro_v5_seeds5,V5_59_legend_erosion_scale,2024,tool_selection,0,0,0.8333,0.75,1.0,0.017007500000000002,9590,502,1,7017,tool_missing
Gemini 2.5 Pro,exp_035_gemini25_pro_v5_seeds5,V5_60_legend_habitat_classes,2024,tool_selection,1,1,1.0,1.0,1.0,0.081135,44628,2535,4,26229,
Gemini 2.5 Pro,exp_035_gemini25_pro_v5_seeds5,V5_61_list_layers_analyzable,2024,tool_selection,0,0,0.8333,0.75,1.0,0.020513749999999997,9587,853,1,10780,tool_missing
Gemini 2.5 Pro,exp_035_gemini25_pro_v5_seeds5,V5_62_list_layers_habitat_years,2024,tool_selection,1,1,1.0,1.0,1.0,0.18637749999999997,120494,3576,10,42144,
Gemini 2.5 Pro,exp_035_gemini25_pro_v5_seeds5,V5_63_list_layers_all_indicators,2024,tool_selection,0,0,0.8,0.6667,0.0,0.026582500000000002,19394,234,2,5286,keyword_missing
Gemini 2.5 Pro,exp_035_gemini25_pro_v5_seeds5,V5_64_layer_bounds_canary_co2,2024,tool_selection,1,1,1.0,1.0,1.0,0.0449375,20662,1911,2,24389,
Gemini 2.5 Pro,exp_035_gemini25_pro_v5_seeds5,V5_65_layer_bounds_erosion_extent,2024,tool_selection,1,1,1.0,1.0,1.0,0.03998125,19953,1504,2,16906,
Gemini 2.5 Pro,exp_035_gemini25_pro_v5_seeds5,V5_66_layer_bounds_cross_border,2024,tool_selection,1,1,1.0,1.0,1.0,0.03812,19312,1398,2,15693,
Gemini 2.5 Pro,exp_035_gemini25_pro_v5_seeds5,V5_67_multi_layer_three_indicators,2024,cross_indicator,1,1,1.0,1.0,1.0,0.07469125,50737,1127,5,17182,
Gemini 2.5 Pro,exp_035_gemini25_pro_v5_seeds5,V5_68_multi_layer_nbs_profile,2024,cross_indicator,1,1,1.0,1.0,1.0,0.09065625000000001,51109,2677,5,47357,
Gemini 2.5 Pro,exp_035_gemini25_pro_v5_seeds5,V5_69_multi_layer_explicit_simultaneous,2024,cross_indicator,0,0,0.875,1.0,1.0,0.14948,82168,4677,7,55212,rounds_exceeded
Gemini 2.5 Pro,exp_035_gemini25_pro_v5_seeds5,V5_70_interpretation_investor,2024,interpretation,0,0,0.5714,0.4,0.5,0.06027874999999999,31503,2090,3,29007,tool_missing
Gemini 2.5 Pro,exp_035_gemini25_pro_v5_seeds5,V5_71_interpretation_habitat_co2_link,2024,interpretation,0,0,0.8333,0.75,0.5,0.063275,31708,2364,3,32662,keyword_missing
Gemini 2.5 Pro,exp_035_gemini25_pro_v5_seeds5,V5_72_interpretation_erosion_project_risk,2024,interpretation,0,0,0.75,0.6667,1.0,0.06387,31800,2412,3,31142,tool_missing
Gemini 2.5 Pro,exp_035_gemini25_pro_v5_seeds5,V5_73_deep_dive_municipality,2024,deep_dive,1,1,1.0,1.0,1.0,0.08598125000000001,50865,2240,5,38077,
Gemini 2.5 Pro,exp_035_gemini25_pro_v5_seeds5,V5_74_deep_dive_temporal_profile,2024,tool_selection,1,1,1.0,1.0,1.0,0.03128875,19487,693,2,10094,
Gemini 2.5 Pro,exp_035_gemini25_pro_v5_seeds5,V5_75_deep_dive_community_ranking,2024,deep_dive,0,0,0.75,0.6667,1.0,0.081535,43308,2740,4,36374,tool_missing
Gemini 2.5 Pro,exp_035_gemini25_pro_v5_seeds5,V5_76_legend_ines_erosion_visual,2024,tool_selection,0,0,0.8333,0.75,1.0,0.018945,9596,695,1,10710,tool_missing
Gemini 2.5 Pro,exp_035_gemini25_pro_v5_seeds5,V5_77_legend_mfe_forest_map,2024,tool_selection,0,0,0.8,0.6667,1.0,0.01930125,9601,730,1,10559,tool_missing
Gemini 2.5 Pro,exp_035_gemini25_pro_v5_seeds5,V5_78_legend_two_layers_compare,2024,tool_selection,0,0,0.8333,0.75,1.0,0.02536625,9605,1336,1,15977,tool_missing
Gemini 2.5 Pro,exp_035_gemini25_pro_v5_seeds5,V5_79_list_layers_display_only,2024,tool_selection,0,0,0.8,0.6667,1.0,0.022662500000000002,9594,1067,1,20618,tool_missing
Gemini 2.5 Pro,exp_035_gemini25_pro_v5_seeds5,V5_80_list_layers_before_workflow,2024,tool_selection,0,0,0.8571,0.8,0.6667,0.027014999999999997,19412,275,2,7297,keyword_missing
Gemini 2.5 Pro,exp_035_gemini25_pro_v5_seeds5,V5_81_list_layers_unavailable_indicator,2024,tool_selection,0,0,0.75,0.6667,0.0,0.02202875,9591,1004,1,13146,tool_missing
Gemini 2.5 Pro,exp_035_gemini25_pro_v5_seeds5,V5_82_layer_bounds_ceuta_melilla,2024,tool_selection,1,1,1.0,1.0,1.0,0.03975875,19511,1537,2,20073,
Gemini 2.5 Pro,exp_035_gemini25_pro_v5_seeds5,V5_83_layer_bounds_balearic_erosion,2024,tool_selection,1,1,1.0,1.0,1.0,0.03627625,19933,1136,2,16268,
Gemini 2.5 Pro,exp_035_gemini25_pro_v5_seeds5,V5_84_layer_bounds_coverage_comparison,2024,tool_selection,0,0,0.8333,0.75,1.0,0.01944,9608,743,1,10134,tool_missing
Gemini 2.5 Pro,exp_035_gemini25_pro_v5_seeds5,V5_85_multi_layer_municipality_lorca,2024,cross_indicator,0,0,0.7143,0.6,0.5,0.0419575,19358,1776,2,22844,tool_missing
Gemini 2.5 Pro,exp_035_gemini25_pro_v5_seeds5,V5_86_multi_layer_with_chart_huelva,2024,cross_indicator,1,1,1.0,1.0,1.0,0.07863,41176,2716,4,38878,
Gemini 2.5 Pro,exp_035_gemini25_pro_v5_seeds5,V5_87_multi_layer_comparison_two_provinces,2024,deep_dive,1,1,1.0,1.0,1.0,0.09925,52456,3368,5,43629,
Gemini 2.5 Pro,exp_035_gemini25_pro_v5_seeds5,V5_88_interpretation_restoration_castilla_leon,2024,interpretation,1,1,1.0,1.0,1.0,0.1041325,63882,2428,6,33989,
Gemini 2.5 Pro,exp_035_gemini25_pro_v5_seeds5,V5_89_interpretation_biodiversity_carbon_synergy,2024,interpretation,0,0,0.7143,0.6,0.5,0.056625,29180,2015,3,26633,keyword_missing
Gemini 2.5 Pro,exp_035_gemini25_pro_v5_seeds5,V5_90_interpretation_bank_risk_assessment,2024,interpretation,1,1,1.0,1.0,1.0,0.0923725,40090,4226,4,46685,
Gemini 2.5 Pro,exp_035_gemini25_pro_v5_seeds5,V5_91_deep_dive_temporal_municipality,2024,deep_dive,1,1,1.0,1.0,1.0,0.07514,41720,2299,4,39551,
Gemini 2.5 Pro,exp_035_gemini25_pro_v5_seeds5,V5_92_deep_dive_two_provinces_side_by_side,2024,deep_dive,0,0,0.7778,0.7143,1.0,0.0882325,42786,3475,4,40446,tool_missing
Gemini 2.5 Pro,exp_035_gemini25_pro_v5_seeds5,V5_93_deep_dive_national_policy_brief,2024,habitat_analysis,0,0,0.9091,1.0,1.0,0.1774175,109750,4023,9,48480,rounds_exceeded
DeepSeek V3.2,exp_036_deepseek_v32_v5_seeds5,V5_01_municipality_co2_lorca,42,municipality,1,1,1.0,1.0,1.0,0.009284160000000001,32968,348,3,29782,
DeepSeek V3.2,exp_036_deepseek_v32_v5_seeds5,V5_02_municipality_erosion_antequera,42,municipality,1,1,1.0,1.0,1.0,0.0092159,32870,310,3,17121,
DeepSeek V3.2,exp_036_deepseek_v32_v5_seeds5,V5_03_municipality_province_hint,42,municipality,1,1,1.0,1.0,1.0,0.009240360000000001,32928,318,3,19876,
DeepSeek V3.2,exp_036_deepseek_v32_v5_seeds5,V5_04_municipality_multi_indicator,42,municipality,1,1,1.0,1.0,1.0,0.01926635,67845,862,6,68341,
DeepSeek V3.2,exp_036_deepseek_v32_v5_seeds5,V5_05_followup_drill_down,42,memory,1,1,1.0,1.0,1.0,0.006434300000000001,22470,334,2,16851,
DeepSeek V3.2,exp_036_deepseek_v32_v5_seeds5,V5_06_followup_compare_new,42,memory,1,1,1.0,1.0,1.0,0.00979377,34501,435,3,74241,
DeepSeek V3.2,exp_036_deepseek_v32_v5_seeds5,V5_07_followup_switch_indicator,42,memory,1,1,1.0,1.0,1.0,0.012517450000000001,45155,296,4,28300,
DeepSeek V3.2,exp_036_deepseek_v32_v5_seeds5,V5_08_followup_chart_request,42,memory,1,1,1.0,1.0,1.0,0.006619080000000001,23024,366,2,20461,
DeepSeek V3.2,exp_036_deepseek_v32_v5_seeds5,V5_09_spatial_coastal_erosion,42,spatial_reasoning,1,1,1.0,1.0,1.0,0.01005189,33807,840,3,25213,
DeepSeek V3.2,exp_036_deepseek_v32_v5_seeds5,V5_10_spatial_inland_co2,42,spatial_reasoning,1,1,1.0,1.0,1.0,0.009912540000000001,33682,744,3,37760,
DeepSeek V3.2,exp_036_deepseek_v32_v5_seeds5,V5_11_spatial_autonomous_community,42,spatial_reasoning,0,0,0.875,0.8333,1.0,0.00980269,33597,665,3,35373,wrong_data
DeepSeek V3.2,exp_036_deepseek_v32_v5_seeds5,V5_12_spatial_island_limitations,42,spatial_reasoning,1,1,1.0,1.0,1.0,0.009170220000000001,32656,321,3,25279,
DeepSeek V3.2,exp_036_deepseek_v32_v5_seeds5,V5_13_cross_indicator_tradeoff,42,cross_indicator,1,1,1.0,1.0,1.0,0.013587730000000001,46589,917,4,49758,
DeepSeek V3.2,exp_036_deepseek_v32_v5_seeds5,V5_14_cross_indicator_low_risk,42,cross_indicator,0,0,0.8333,0.75,1.0,0.013436940000000001,46112,897,4,34954,wrong_data
DeepSeek V3.2,exp_036_deepseek_v32_v5_seeds5,V5_15_error_nonexistent_municipality,42,error_handling,1,1,1.0,1.0,1.0,0.00608559,21647,219,2,33741,
DeepSeek V3.2,exp_036_deepseek_v32_v5_seeds5,V5_16_error_wrong_indicator_name,42,error_handling,0,0,0.8333,0.75,0.0,0.006142090000000001,21787,236,2,8513,keyword_missing
DeepSeek V3.2,exp_036_deepseek_v32_v5_seeds5,V5_17_error_ines_stats_fabrication,42,error_handling,1,1,1.0,1.0,,0.006136750000000001,21755,239,2,11074,
DeepSeek V3.2,exp_036_deepseek_v32_v5_seeds5,V5_18_error_fabricated_year,42,error_handling,0,0,0.8333,0.75,0.5,0.00922445,32865,319,3,41298,keyword_missing
DeepSeek V3.2,exp_036_deepseek_v32_v5_seeds5,V5_19_ranking_bottom_co2,42,ranking,0,0,0.75,0.6667,1.0,0.0096012,33140,594,3,23820,wrong_data
DeepSeek V3.2,exp_036_deepseek_v32_v5_seeds5,V5_20_ranking_chart_erosion,42,ranking,0,0,0.6667,0.5714,0.5,0.009675089999999999,33487,576,3,42379,keyword_missing
DeepSeek V3.2,exp_036_deepseek_v32_v5_seeds5,V5_21_comparison_close_values,42,comparison,0,0,0.7778,0.7143,0.6667,0.00961944,33562,507,3,30042,keyword_missing
DeepSeek V3.2,exp_036_deepseek_v32_v5_seeds5,V5_22_comparison_north_south_erosion,42,comparison,1,1,1.0,1.0,1.0,0.00965557,33321,599,3,35345,
DeepSeek V3.2,exp_036_deepseek_v32_v5_seeds5,V5_23_deep_dive_full_profile,42,deep_dive,0,0,0.625,0.5,0.5,0.009655809999999999,33383,584,3,30194,tool_missing
DeepSeek V3.2,exp_036_deepseek_v32_v5_seeds5,V5_24_interpretation_policy,42,interpretation,1,1,1.0,1.0,1.0,0.016943180000000002,57774,1222,5,63956,
DeepSeek V3.2,exp_036_deepseek_v32_v5_seeds5,V5_25_tool_selection_chart_type,42,tool_selection,0,0,0.75,0.6667,1.0,0.009676330000000002,33569,557,3,36358,tool_missing
DeepSeek V3.2,exp_036_deepseek_v32_v5_seeds5,V5_26_tool_selection_toggle_multiple,42,tool_selection,1,1,1.0,1.0,1.0,0.01235662,44046,422,4,14079,
DeepSeek V3.2,exp_036_deepseek_v32_v5_seeds5,V5_27_language_catalan,42,language,1,1,1.0,1.0,1.0,0.00934893,32829,441,3,18435,
DeepSeek V3.2,exp_036_deepseek_v32_v5_seeds5,V5_28_language_galician,42,language,1,1,1.0,1.0,1.0,0.00920574,32702,342,3,16221,
DeepSeek V3.2,exp_036_deepseek_v32_v5_seeds5,V5_29_single_analysis_erosion,42,single_analysis,1,1,1.0,1.0,1.0,0.00911197,32701,257,3,13856,
DeepSeek V3.2,exp_036_deepseek_v32_v5_seeds5,V5_30_single_analysis_co2,42,single_analysis,1,1,1.0,1.0,1.0,0.01248076,44298,473,4,16253,
DeepSeek V3.2,exp_036_deepseek_v32_v5_seeds5,V5_31_habitat_province_single,42,habitat_analysis,0,0,0.5556,0.4286,0.5,0.012431780000000002,44194,454,4,15707,tool_missing
DeepSeek V3.2,exp_036_deepseek_v32_v5_seeds5,V5_32_habitat_forest_types,42,habitat_analysis,0,0,0.6,0.5,0.6667,0.00961325,33315,562,3,18994,tool_missing
DeepSeek V3.2,exp_036_deepseek_v32_v5_seeds5,V5_33_habitat_recall_grassland,42,habitat_analysis,0,0,0.6667,0.5714,1.0,0.00936825,32925,435,3,15410,tool_missing
DeepSeek V3.2,exp_036_deepseek_v32_v5_seeds5,V5_34_habitat_chart,42,habitat_analysis,1,1,1.0,1.0,1.0,0.01237503,44269,384,4,14803,
DeepSeek V3.2,exp_036_deepseek_v32_v5_seeds5,V5_35_habitat_dominant_class_recall,42,habitat_analysis,1,1,1.0,1.0,1.0,0.0030393300000000007,11159,24,1,3367,
DeepSeek V3.2,exp_036_deepseek_v32_v5_seeds5,V5_36_temporal_compare_shrubland,42,memory,1,1,1.0,1.0,1.0,0.0030495,11160,33,1,3241,
DeepSeek V3.2,exp_036_deepseek_v32_v5_seeds5,V5_37_temporal_change_visual,42,memory,1,1,1.0,1.0,1.0,0.0030951600000000004,11158,75,1,13029,
DeepSeek V3.2,exp_036_deepseek_v32_v5_seeds5,V5_38_cross_indicator_habitat_co2,42,cross_indicator,1,1,1.0,1.0,1.0,0.019365620000000004,67846,952,6,66312,
DeepSeek V3.2,exp_036_deepseek_v32_v5_seeds5,V5_39_error_unavailable_year,42,error_handling,0,0,0.8889,0.8571,0.0,0.00310127,10761,178,1,7312,keyword_missing
DeepSeek V3.2,exp_036_deepseek_v32_v5_seeds5,V5_40_error_wrong_layer,42,error_handling,0,0,0.9,0.875,0.0,0.006186090000000001,21787,276,2,29486,keyword_missing
DeepSeek V3.2,exp_036_deepseek_v32_v5_seeds5,V5_41_multi_muni_ranking_erosion,42,multi_municipality_ranking,0,0,0.8,0.6667,1.0,0.01757132,61396,904,5,51544,tool_missing
DeepSeek V3.2,exp_036_deepseek_v32_v5_seeds5,V5_42_multi_muni_ranking_co2,42,multi_municipality_ranking,0,0,0.8,0.6667,1.0,0.010079880000000001,34094,795,3,34854,tool_missing
DeepSeek V3.2,exp_036_deepseek_v32_v5_seeds5,V5_43_multi_muni_compare_three,42,multi_municipality_ranking,1,1,1.0,1.0,1.0,0.02575593,91359,990,8,35761,
DeepSeek V3.2,exp_036_deepseek_v32_v5_seeds5,V5_44_province_aggregation_andalucia,42,province_aggregation,0,0,0.5,0.3333,0.0,0.0,0,0,0,300104,tool_missing
DeepSeek V3.2,exp_036_deepseek_v32_v5_seeds5,V5_45_province_aggregation_aragon,42,province_aggregation,0,0,0.8571,0.8,1.0,0.01598066,56018,778,5,98664,tool_missing
DeepSeek V3.2,exp_036_deepseek_v32_v5_seeds5,V5_46_error_recovery_typo,42,error_recovery,0,0,0.8571,0.8,0.0,0.0030286700000000002,10761,112,1,5299,keyword_missing
DeepSeek V3.2,exp_036_deepseek_v32_v5_seeds5,V5_47_error_recovery_fallback_indicator,42,error_recovery,1,1,1.0,1.0,1.0,0.02100307,74811,731,5,33254,
DeepSeek V3.2,exp_036_deepseek_v32_v5_seeds5,V5_48_error_recovery_wrong_year,42,error_recovery,1,1,1.0,1.0,1.0,0.015889359999999998,56238,641,5,28924,
DeepSeek V3.2,exp_036_deepseek_v32_v5_seeds5,V5_49_threshold_co2_high,42,threshold,1,1,1.0,1.0,1.0,0.010071640000000001,35302,491,3,42633,
DeepSeek V3.2,exp_036_deepseek_v32_v5_seeds5,V5_50_threshold_dual_indicator,42,threshold,1,1,1.0,1.0,1.0,0.014817410000000001,50353,1111,4,57938,
DeepSeek V3.2,exp_036_deepseek_v32_v5_seeds5,V5_51_threshold_co2_low,42,threshold,1,1,1.0,1.0,1.0,0.00987312,33866,663,3,38453,
DeepSeek V3.2,exp_036_deepseek_v32_v5_seeds5,V5_52_language_catalan_erosion,42,language,1,1,1.0,1.0,1.0,0.009230390000000002,32777,346,3,23100,
DeepSeek V3.2,exp_036_deepseek_v32_v5_seeds5,V5_53_language_basque_co2,42,language,1,1,1.0,1.0,1.0,0.009203840000000001,32752,328,3,34469,
DeepSeek V3.2,exp_036_deepseek_v32_v5_seeds5,V5_54_language_galician_co2,42,language,1,1,1.0,1.0,1.0,0.009265930000000002,32819,368,3,28271,
DeepSeek V3.2,exp_036_deepseek_v32_v5_seeds5,V5_55_language_basque_compare,42,language,0,0,0.8571,0.8,1.0,0.009667290000000002,33397,591,3,36137,wrong_data
DeepSeek V3.2,exp_036_deepseek_v32_v5_seeds5,V5_56_habitat_andalucia_forest,42,habitat_analysis,1,1,1.0,1.0,1.0,0.012451400000000001,44230,463,4,19524,
DeepSeek V3.2,exp_036_deepseek_v32_v5_seeds5,V5_57_temporal_multi_year,42,temporal_change,0,0,0.8889,1.0,1.0,0.02644551,92593,1314,8,95404,rounds_exceeded
DeepSeek V3.2,exp_036_deepseek_v32_v5_seeds5,V5_58_legend_co2_classes,42,tool_selection,0,0,0.8571,0.8,1.0,0.0031936500000000006,10765,261,1,10077,tool_missing
DeepSeek V3.2,exp_036_deepseek_v32_v5_seeds5,V5_59_legend_erosion_scale,42,tool_selection,0,0,0.8333,0.75,1.0,0.0031317600000000004,10768,204,1,7243,tool_missing
DeepSeek V3.2,exp_036_deepseek_v32_v5_seeds5,V5_60_legend_habitat_classes,42,tool_selection,1,1,1.0,1.0,1.0,0.012663650000000002,44515,586,4,47950,
DeepSeek V3.2,exp_036_deepseek_v32_v5_seeds5,V5_61_list_layers_analyzable,42,tool_selection,0,0,0.8333,0.75,1.0,0.0032277500000000006,10765,292,1,20065,tool_missing
DeepSeek V3.2,exp_036_deepseek_v32_v5_seeds5,V5_62_list_layers_habitat_years,42,tool_selection,0,0,0.5556,0.4286,0.5,0.0129136,45180,650,4,28889,tool_missing
DeepSeek V3.2,exp_036_deepseek_v32_v5_seeds5,V5_63_list_layers_all_indicators,42,tool_selection,0,0,0.8,0.6667,1.0,0.00699382,21776,1013,2,19219,forbidden_keyword
DeepSeek V3.2,exp_036_deepseek_v32_v5_seeds5,V5_64_layer_bounds_canary_co2,42,tool_selection,0,0,0.8333,0.75,1.0,0.009407770000000001,33051,440,3,14865,tool_missing
DeepSeek V3.2,exp_036_deepseek_v32_v5_seeds5,V5_65_layer_bounds_erosion_extent,42,tool_selection,1,1,1.0,1.0,1.0,0.00635944,21712,452,2,15644,
DeepSeek V3.2,exp_036_deepseek_v32_v5_seeds5,V5_66_layer_bounds_cross_border,42,tool_selection,0,0,0.875,0.8333,1.0,0.009187740000000002,32892,279,3,14297,tool_missing
DeepSeek V3.2,exp_036_deepseek_v32_v5_seeds5,V5_67_multi_layer_three_indicators,42,cross_indicator,1,1,1.0,1.0,1.0,0.02313007,81051,1133,7,62819,
DeepSeek V3.2,exp_036_deepseek_v32_v5_seeds5,V5_68_multi_layer_nbs_profile,42,cross_indicator,0,0,0.8889,0.8571,0.6667,0.02280073,79709,1163,7,51897,keyword_missing
DeepSeek V3.2,exp_036_deepseek_v32_v5_seeds5,V5_69_multi_layer_explicit_simultaneous,42,cross_indicator,1,1,1.0,1.0,1.0,0.019247189999999997,67717,876,6,36101,
DeepSeek V3.2,exp_036_deepseek_v32_v5_seeds5,V5_70_interpretation_investor,42,interpretation,0,0,0.3333,0.2,0.0,0.0,0,0,0,300026,tool_missing
DeepSeek V3.2,exp_036_deepseek_v32_v5_seeds5,V5_71_interpretation_habitat_co2_link,42,interpretation,0,0,0.8333,0.75,0.5,0.009344700000000001,32960,405,3,19008,keyword_missing
DeepSeek V3.2,exp_036_deepseek_v32_v5_seeds5,V5_72_interpretation_erosion_project_risk,42,interpretation,0,0,0.75,0.6667,1.0,0.012954489999999999,44647,818,4,28850,tool_missing
DeepSeek V3.2,exp_036_deepseek_v32_v5_seeds5,V5_73_deep_dive_municipality,42,deep_dive,1,1,1.0,1.0,1.0,0.022813490000000002,79907,1126,7,35458,
DeepSeek V3.2,exp_036_deepseek_v32_v5_seeds5,V5_74_deep_dive_temporal_profile,42,tool_selection,1,1,1.0,1.0,1.0,0.009346920000000002,32736,462,3,16276,
DeepSeek V3.2,exp_036_deepseek_v32_v5_seeds5,V5_75_deep_dive_community_ranking,42,deep_dive,0,0,0.875,0.8333,1.0,0.01662881,57233,1069,5,41919,wrong_data
DeepSeek V3.2,exp_036_deepseek_v32_v5_seeds5,V5_76_legend_ines_erosion_visual,42,tool_selection,0,0,0.8333,0.75,1.0,0.00617568,21724,282,2,9858,tool_missing
DeepSeek V3.2,exp_036_deepseek_v32_v5_seeds5,V5_77_legend_mfe_forest_map,42,tool_selection,0,0,0.8,0.6667,1.0,0.0031732300000000004,10779,239,1,8759,tool_missing
DeepSeek V3.2,exp_036_deepseek_v32_v5_seeds5,V5_78_legend_two_layers_compare,42,tool_selection,0,0,0.8333,0.75,1.0,0.0033239100000000002,10783,375,1,11001,tool_missing
DeepSeek V3.2,exp_036_deepseek_v32_v5_seeds5,V5_79_list_layers_display_only,42,tool_selection,0,0,0.8,0.6667,1.0,0.00640474,21782,476,2,14810,forbidden_keyword
DeepSeek V3.2,exp_036_deepseek_v32_v5_seeds5,V5_80_list_layers_before_workflow,42,tool_selection,0,0,0.7143,0.6,0.6667,0.00694581,21753,975,2,54756,keyword_missing
DeepSeek V3.2,exp_036_deepseek_v32_v5_seeds5,V5_81_list_layers_unavailable_indicator,42,tool_selection,0,0,0.75,0.6667,0.0,0.00311223,10769,186,1,17747,tool_missing
DeepSeek V3.2,exp_036_deepseek_v32_v5_seeds5,V5_82_layer_bounds_ceuta_melilla,42,tool_selection,1,1,1.0,1.0,1.0,0.00614034,21752,243,2,8048,
DeepSeek V3.2,exp_036_deepseek_v32_v5_seeds5,V5_83_layer_bounds_balearic_erosion,42,tool_selection,1,1,1.0,1.0,1.0,0.006193860000000001,21718,300,2,40343,
DeepSeek V3.2,exp_036_deepseek_v32_v5_seeds5,V5_84_layer_bounds_coverage_comparison,42,tool_selection,0,0,0.8333,0.75,1.0,0.00629707,21811,371,2,10324,tool_missing
DeepSeek V3.2,exp_036_deepseek_v32_v5_seeds5,V5_85_multi_layer_municipality_lorca,42,cross_indicator,1,1,1.0,1.0,1.0,0.01920929,67707,844,6,27800,
DeepSeek V3.2,exp_036_deepseek_v32_v5_seeds5,V5_86_multi_layer_with_chart_huelva,42,cross_indicator,1,1,1.0,1.0,1.0,0.01959366,67888,1149,6,38334,
DeepSeek V3.2,exp_036_deepseek_v32_v5_seeds5,V5_87_multi_layer_comparison_two_provinces,42,deep_dive,1,1,1.0,1.0,1.0,0.019549900000000002,68060,1067,6,32765,
DeepSeek V3.2,exp_036_deepseek_v32_v5_seeds5,V5_88_interpretation_restoration_castilla_leon,42,interpretation,1,1,1.0,1.0,1.0,0.029595220000000005,104666,1214,9,38561,
DeepSeek V3.2,exp_036_deepseek_v32_v5_seeds5,V5_89_interpretation_biodiversity_carbon_synergy,42,interpretation,0,0,0.8571,0.8,1.0,0.013209310000000002,45603,815,4,25717,wrong_data
DeepSeek V3.2,exp_036_deepseek_v32_v5_seeds5,V5_90_interpretation_bank_risk_assessment,42,interpretation,0,0,0.5,0.3333,0.0,0.0,0,0,0,300052,tool_missing
DeepSeek V3.2,exp_036_deepseek_v32_v5_seeds5,V5_91_deep_dive_temporal_municipality,42,deep_dive,1,1,1.0,1.0,1.0,0.01635509,56317,1045,5,36715,
DeepSeek V3.2,exp_036_deepseek_v32_v5_seeds5,V5_92_deep_dive_two_provinces_side_by_side,42,deep_dive,0,0,0.6667,0.5714,0.6667,0.013377720000000001,45636,960,4,42401,tool_missing
DeepSeek V3.2,exp_036_deepseek_v32_v5_seeds5,V5_93_deep_dive_national_policy_brief,42,habitat_analysis,0,0,0.6364,0.5556,0.75,0.01602144,56112,792,5,30891,tool_missing
DeepSeek V3.2,exp_036_deepseek_v32_v5_seeds5,V5_01_municipality_co2_lorca,1337,municipality,1,1,1.0,1.0,1.0,0.009326800000000001,33020,374,3,14224,
DeepSeek V3.2,exp_036_deepseek_v32_v5_seeds5,V5_02_municipality_erosion_antequera,1337,municipality,1,1,1.0,1.0,1.0,0.00920737,32871,302,3,9925,
DeepSeek V3.2,exp_036_deepseek_v32_v5_seeds5,V5_03_municipality_province_hint,1337,municipality,1,1,1.0,1.0,1.0,0.009233819999999998,32916,315,3,37780,
DeepSeek V3.2,exp_036_deepseek_v32_v5_seeds5,V5_04_municipality_multi_indicator,1337,municipality,1,1,1.0,1.0,1.0,0.019141960000000003,67698,785,6,31995,
DeepSeek V3.2,exp_036_deepseek_v32_v5_seeds5,V5_05_followup_drill_down,1337,memory,1,1,1.0,1.0,1.0,0.00648098,22484,373,2,13111,
DeepSeek V3.2,exp_036_deepseek_v32_v5_seeds5,V5_06_followup_compare_new,1337,memory,1,1,1.0,1.0,1.0,0.009785900000000002,34480,433,3,30001,
DeepSeek V3.2,exp_036_deepseek_v32_v5_seeds5,V5_07_followup_switch_indicator,1337,memory,1,1,1.0,1.0,1.0,0.01249644,45122,285,4,11456,
DeepSeek V3.2,exp_036_deepseek_v32_v5_seeds5,V5_08_followup_chart_request,1337,memory,1,1,1.0,1.0,1.0,0.006674870000000001,23031,415,2,12436,
DeepSeek V3.2,exp_036_deepseek_v32_v5_seeds5,V5_09_spatial_coastal_erosion,1337,spatial_reasoning,1,1,1.0,1.0,1.0,0.01065613,35609,947,3,27174,
DeepSeek V3.2,exp_036_deepseek_v32_v5_seeds5,V5_10_spatial_inland_co2,1337,spatial_reasoning,1,1,1.0,1.0,1.0,0.00986576,33798,673,3,22036,
DeepSeek V3.2,exp_036_deepseek_v32_v5_seeds5,V5_11_spatial_autonomous_community,1337,spatial_reasoning,1,1,1.0,1.0,1.0,0.009803389999999999,33567,673,3,18068,
DeepSeek V3.2,exp_036_deepseek_v32_v5_seeds5,V5_12_spatial_island_limitations,1337,spatial_reasoning,1,1,1.0,1.0,1.0,0.00916446,32708,303,3,11878,
DeepSeek V3.2,exp_036_deepseek_v32_v5_seeds5,V5_13_cross_indicator_tradeoff,1337,cross_indicator,1,1,1.0,1.0,1.0,0.01328473,46029,779,4,24951,
DeepSeek V3.2,exp_036_deepseek_v32_v5_seeds5,V5_14_cross_indicator_low_risk,1337,cross_indicator,1,1,1.0,1.0,1.0,0.013557030000000001,45799,1083,4,52170,
DeepSeek V3.2,exp_036_deepseek_v32_v5_seeds5,V5_15_error_nonexistent_municipality,1337,error_handling,1,1,1.0,1.0,1.0,0.006119880000000001,21664,246,2,28744,
DeepSeek V3.2,exp_036_deepseek_v32_v5_seeds5,V5_16_error_wrong_indicator_name,1337,error_handling,0,0,0.6667,0.75,0.0,0.01428651,50163,675,4,30824,keyword_missing
DeepSeek V3.2,exp_036_deepseek_v32_v5_seeds5,V5_17_error_ines_stats_fabrication,1337,error_handling,1,1,1.0,1.0,,0.0061471500000000005,21765,246,2,9134,
DeepSeek V3.2,exp_036_deepseek_v32_v5_seeds5,V5_18_error_fabricated_year,1337,error_handling,1,1,1.0,1.0,1.0,0.00928515,32935,357,3,15244,
DeepSeek V3.2,exp_036_deepseek_v32_v5_seeds5,V5_19_ranking_bottom_co2,1337,ranking,1,1,1.0,1.0,1.0,0.00949093,33139,494,3,17749,
DeepSeek V3.2,exp_036_deepseek_v32_v5_seeds5,V5_20_ranking_chart_erosion,1337,ranking,0,0,0.7778,0.7143,0.5,0.00966874,33492,569,3,40538,keyword_missing
DeepSeek V3.2,exp_036_deepseek_v32_v5_seeds5,V5_21_comparison_close_values,1337,comparison,0,0,0.8889,0.8571,1.0,0.009878669999999999,33691,711,3,20683,wrong_data
DeepSeek V3.2,exp_036_deepseek_v32_v5_seeds5,V5_22_comparison_north_south_erosion,1337,comparison,1,1,1.0,1.0,1.0,0.0095888,33310,541,3,24456,
DeepSeek V3.2,exp_036_deepseek_v32_v5_seeds5,V5_23_deep_dive_full_profile,1337,deep_dive,0,0,0.625,0.5,0.5,0.009693980000000001,33394,616,3,20125,tool_missing
DeepSeek V3.2,exp_036_deepseek_v32_v5_seeds5,V5_24_interpretation_policy,1337,interpretation,1,1,1.0,1.0,1.0,0.02010046,70258,1028,6,31382,
DeepSeek V3.2,exp_036_deepseek_v32_v5_seeds5,V5_25_tool_selection_chart_type,1337,tool_selection,0,0,0.75,0.6667,1.0,0.009682890000000001,33577,561,3,19413,tool_missing
DeepSeek V3.2,exp_036_deepseek_v32_v5_seeds5,V5_26_tool_selection_toggle_multiple,1337,tool_selection,1,1,1.0,1.0,1.0,0.012431940000000002,44052,489,4,16612,
DeepSeek V3.2,exp_036_deepseek_v32_v5_seeds5,V5_27_language_catalan,1337,language,1,1,1.0,1.0,1.0,0.00939477,32901,465,3,18423,
DeepSeek V3.2,exp_036_deepseek_v32_v5_seeds5,V5_28_language_galician,1337,language,1,1,1.0,1.0,1.0,0.00919194,32712,327,3,14389,
DeepSeek V3.2,exp_036_deepseek_v32_v5_seeds5,V5_29_single_analysis_erosion,1337,single_analysis,1,1,1.0,1.0,1.0,0.009091650000000001,32695,240,3,12009,
DeepSeek V3.2,exp_036_deepseek_v32_v5_seeds5,V5_30_single_analysis_co2,1337,single_analysis,1,1,1.0,1.0,1.0,0.012588430000000001,44269,578,4,19925,
DeepSeek V3.2,exp_036_deepseek_v32_v5_seeds5,V5_31_habitat_province_single,1337,habitat_analysis,1,1,1.0,1.0,1.0,0.00919553,32929,277,3,10720,
DeepSeek V3.2,exp_036_deepseek_v32_v5_seeds5,V5_32_habitat_forest_types,1337,habitat_analysis,0,0,0.5,0.5,0.6667,0.01594839,55927,771,5,28216,tool_missing
DeepSeek V3.2,exp_036_deepseek_v32_v5_seeds5,V5_33_habitat_recall_grassland,1337,habitat_analysis,1,1,1.0,1.0,1.0,0.009201860000000001,32928,283,3,11555,
DeepSeek V3.2,exp_036_deepseek_v32_v5_seeds5,V5_34_habitat_chart,1337,habitat_analysis,1,1,1.0,1.0,1.0,0.01565814,55732,555,5,18496,
DeepSeek V3.2,exp_036_deepseek_v32_v5_seeds5,V5_35_habitat_dominant_class_recall,1337,habitat_analysis,1,1,1.0,1.0,1.0,0.0030690300000000004,11159,51,1,3464,
DeepSeek V3.2,exp_036_deepseek_v32_v5_seeds5,V5_36_temporal_compare_shrubland,1337,memory,1,1,1.0,1.0,1.0,0.0030418000000000003,11160,26,1,2931,
DeepSeek V3.2,exp_036_deepseek_v32_v5_seeds5,V5_37_temporal_change_visual,1337,memory,1,1,1.0,1.0,1.0,0.00307206,11158,54,1,4155,
DeepSeek V3.2,exp_036_deepseek_v32_v5_seeds5,V5_38_cross_indicator_habitat_co2,1337,cross_indicator,1,1,1.0,1.0,1.0,0.02314833,80589,1263,7,49985,
DeepSeek V3.2,exp_036_deepseek_v32_v5_seeds5,V5_39_error_unavailable_year,1337,error_handling,0,0,0.8889,0.8571,0.0,0.006291840000000001,21812,366,2,16888,keyword_missing
DeepSeek V3.2,exp_036_deepseek_v32_v5_seeds5,V5_40_error_wrong_layer,1337,error_handling,1,1,1.0,1.0,1.0,0.00935481,33083,384,3,19148,
DeepSeek V3.2,exp_036_deepseek_v32_v5_seeds5,V5_41_multi_muni_ranking_erosion,1337,multi_municipality_ranking,1,1,1.0,1.0,1.0,0.04186012,145606,2315,10,183858,
DeepSeek V3.2,exp_036_deepseek_v32_v5_seeds5,V5_42_multi_muni_ranking_co2,1337,multi_municipality_ranking,1,1,1.0,1.0,1.0,0.034092660000000004,120598,1392,10,51815,
DeepSeek V3.2,exp_036_deepseek_v32_v5_seeds5,V5_43_multi_muni_compare_three,1337,multi_municipality_ranking,1,1,1.0,1.0,1.0,0.025617020000000004,91256,889,8,34487,
DeepSeek V3.2,exp_036_deepseek_v32_v5_seeds5,V5_44_province_aggregation_andalucia,1337,province_aggregation,0,0,0.5,0.3333,0.0,0.0,0,0,0,300104,tool_missing
DeepSeek V3.2,exp_036_deepseek_v32_v5_seeds5,V5_45_province_aggregation_aragon,1337,province_aggregation,0,0,0.8571,0.8,1.0,0.01594815,56085,732,5,25625,tool_missing
DeepSeek V3.2,exp_036_deepseek_v32_v5_seeds5,V5_46_error_recovery_typo,1337,error_recovery,0,0,0.8571,0.8,0.0,0.012279550000000002,43895,389,4,12875,keyword_missing
DeepSeek V3.2,exp_036_deepseek_v32_v5_seeds5,V5_47_error_recovery_fallback_indicator,1337,error_recovery,0,0,0.875,0.8333,1.0,0.01758071,61993,766,4,27955,tool_missing
DeepSeek V3.2,exp_036_deepseek_v32_v5_seeds5,V5_48_error_recovery_wrong_year,1337,error_recovery,0,0,0.8333,1.0,1.0,0.01921076,68018,769,6,45225,rounds_exceeded
DeepSeek V3.2,exp_036_deepseek_v32_v5_seeds5,V5_49_threshold_co2_high,1337,threshold,1,1,1.0,1.0,1.0,0.010078940000000002,35272,505,3,30082,
DeepSeek V3.2,exp_036_deepseek_v32_v5_seeds5,V5_50_threshold_dual_indicator,1337,threshold,1,1,1.0,1.0,1.0,0.013389950000000001,45665,964,4,31375,
DeepSeek V3.2,exp_036_deepseek_v32_v5_seeds5,V5_51_threshold_co2_low,1337,threshold,0,0,0.7143,0.6,0.5,0.010302490000000001,35497,653,3,29264,keyword_missing
DeepSeek V3.2,exp_036_deepseek_v32_v5_seeds5,V5_52_language_catalan_erosion,1337,language,0,0,0.875,0.8333,1.0,0.00920255,32735,331,3,12756,wrong_data
DeepSeek V3.2,exp_036_deepseek_v32_v5_seeds5,V5_53_language_basque_co2,1337,language,1,1,1.0,1.0,1.0,0.009303940000000002,32752,419,3,19473,
DeepSeek V3.2,exp_036_deepseek_v32_v5_seeds5,V5_54_language_galician_co2,1337,language,1,1,1.0,1.0,1.0,0.00929879,32847,391,3,38956,
DeepSeek V3.2,exp_036_deepseek_v32_v5_seeds5,V5_55_language_basque_compare,1337,language,0,0,0.8571,0.8,1.0,0.00963804,33362,573,3,25094,wrong_data
DeepSeek V3.2,exp_036_deepseek_v32_v5_seeds5,V5_56_habitat_andalucia_forest,1337,habitat_analysis,0,0,0.4444,0.2857,0.0,0.01280152,45156,554,4,32303,tool_missing
DeepSeek V3.2,exp_036_deepseek_v32_v5_seeds5,V5_57_temporal_multi_year,1337,temporal_change,0,0,0.6667,0.5714,0.6667,0.019491530000000003,67689,1105,6,48917,tool_missing
DeepSeek V3.2,exp_036_deepseek_v32_v5_seeds5,V5_58_legend_co2_classes,1337,tool_selection,0,0,0.8571,0.8,1.0,0.0031628500000000005,10765,233,1,13763,tool_missing
DeepSeek V3.2,exp_036_deepseek_v32_v5_seeds5,V5_59_legend_erosion_scale,1337,tool_selection,0,0,0.8333,0.75,1.0,0.00310316,10768,178,1,5474,tool_missing
DeepSeek V3.2,exp_036_deepseek_v32_v5_seeds5,V5_60_legend_habitat_classes,1337,tool_selection,1,1,1.0,1.0,1.0,0.01271359,44537,626,4,22394,
DeepSeek V3.2,exp_036_deepseek_v32_v5_seeds5,V5_61_list_layers_analyzable,1337,tool_selection,0,0,0.8333,0.75,1.0,0.0032200500000000003,10765,285,1,8935,tool_missing
DeepSeek V3.2,exp_036_deepseek_v32_v5_seeds5,V5_62_list_layers_habitat_years,1337,tool_selection,0,0,0.8889,0.8571,0.5,0.03277295,116855,1111,10,41770,keyword_missing
DeepSeek V3.2,exp_036_deepseek_v32_v5_seeds5,V5_63_list_layers_all_indicators,1337,tool_selection,0,0,0.8,0.6667,1.0,0.00684422,21776,877,2,38232,forbidden_keyword
DeepSeek V3.2,exp_036_deepseek_v32_v5_seeds5,V5_64_layer_bounds_canary_co2,1337,tool_selection,0,0,0.8333,0.75,1.0,0.00923982,32816,345,3,16721,tool_missing
DeepSeek V3.2,exp_036_deepseek_v32_v5_seeds5,V5_65_layer_bounds_erosion_extent,1337,tool_selection,1,1,1.0,1.0,1.0,0.00624504,21712,348,2,10882,
DeepSeek V3.2,exp_036_deepseek_v32_v5_seeds5,V5_66_layer_bounds_cross_border,1337,tool_selection,0,0,0.875,0.8333,1.0,0.009313540000000002,33032,359,3,12119,tool_missing
DeepSeek V3.2,exp_036_deepseek_v32_v5_seeds5,V5_67_multi_layer_three_indicators,1337,cross_indicator,1,1,1.0,1.0,1.0,0.01909444,67522,785,6,35165,
DeepSeek V3.2,exp_036_deepseek_v32_v5_seeds5,V5_68_multi_layer_nbs_profile,1337,cross_indicator,1,1,1.0,1.0,1.0,0.02311127,80411,1273,7,40884,
DeepSeek V3.2,exp_036_deepseek_v32_v5_seeds5,V5_69_multi_layer_explicit_simultaneous,1337,cross_indicator,1,1,1.0,1.0,1.0,0.0192827,67710,910,6,37149,
DeepSeek V3.2,exp_036_deepseek_v32_v5_seeds5,V5_70_interpretation_investor,1337,interpretation,0,0,0.3333,0.2,0.0,0.0,0,0,0,300104,tool_missing
DeepSeek V3.2,exp_036_deepseek_v32_v5_seeds5,V5_71_interpretation_habitat_co2_link,1337,interpretation,0,0,0.8333,0.75,0.5,0.012662300000000001,44510,586,4,20240,keyword_missing
DeepSeek V3.2,exp_036_deepseek_v32_v5_seeds5,V5_72_interpretation_erosion_project_risk,1337,interpretation,0,0,0.75,0.6667,1.0,0.00967138,33404,593,3,68208,tool_missing
DeepSeek V3.2,exp_036_deepseek_v32_v5_seeds5,V5_73_deep_dive_municipality,1337,deep_dive,1,1,1.0,1.0,1.0,0.029654450000000002,104755,1246,9,38880,
DeepSeek V3.2,exp_036_deepseek_v32_v5_seeds5,V5_74_deep_dive_temporal_profile,1337,tool_selection,0,0,0.8333,0.75,1.0,0.00305723,10769,136,1,5057,tool_missing
DeepSeek V3.2,exp_036_deepseek_v32_v5_seeds5,V5_75_deep_dive_community_ranking,1337,deep_dive,0,0,0.875,0.8333,1.0,0.016615480000000002,57094,1091,5,33397,wrong_data
DeepSeek V3.2,exp_036_deepseek_v32_v5_seeds5,V5_76_legend_ines_erosion_visual,1337,tool_selection,0,0,0.8333,0.75,1.0,0.00316308,10774,231,1,7615,tool_missing
DeepSeek V3.2,exp_036_deepseek_v32_v5_seeds5,V5_77_legend_mfe_forest_map,1337,tool_selection,0,0,0.8,0.6667,1.0,0.0031996300000000006,10779,263,1,9234,tool_missing
DeepSeek V3.2,exp_036_deepseek_v32_v5_seeds5,V5_78_legend_two_layers_compare,1337,tool_selection,0,0,0.8333,0.75,1.0,0.00329641,10783,350,1,14088,tool_missing
DeepSeek V3.2,exp_036_deepseek_v32_v5_seeds5,V5_79_list_layers_display_only,1337,tool_selection,0,0,0.6,0.3333,1.0,0.00332314,10772,377,1,16678,tool_missing
DeepSeek V3.2,exp_036_deepseek_v32_v5_seeds5,V5_80_list_layers_before_workflow,1337,tool_selection,0,0,0.8571,0.8,0.6667,0.00646837,21761,539,2,26198,keyword_missing
DeepSeek V3.2,exp_036_deepseek_v32_v5_seeds5,V5_81_list_layers_unavailable_indicator,1337,tool_selection,0,0,0.7143,0.6667,0.0,0.0,0,0,0,4380,tool_missing
DeepSeek V3.2,exp_036_deepseek_v32_v5_seeds5,V5_82_layer_bounds_ceuta_melilla,1337,tool_selection,1,1,1.0,1.0,1.0,0.00612631,21753,230,2,11402,
DeepSeek V3.2,exp_036_deepseek_v32_v5_seeds5,V5_83_layer_bounds_balearic_erosion,1337,tool_selection,1,1,1.0,1.0,1.0,0.006335740000000001,21722,428,2,23226,
DeepSeek V3.2,exp_036_deepseek_v32_v5_seeds5,V5_84_layer_bounds_coverage_comparison,1337,tool_selection,1,1,1.0,1.0,1.0,0.012583550000000002,44145,604,4,17150,
DeepSeek V3.2,exp_036_deepseek_v32_v5_seeds5,V5_85_multi_layer_municipality_lorca,1337,cross_indicator,1,1,1.0,1.0,1.0,0.01926618,67824,867,6,28907,
DeepSeek V3.2,exp_036_deepseek_v32_v5_seeds5,V5_86_multi_layer_with_chart_huelva,1337,cross_indicator,1,1,1.0,1.0,1.0,0.01636691,56373,1042,5,29193,
DeepSeek V3.2,exp_036_deepseek_v32_v5_seeds5,V5_87_multi_layer_comparison_two_provinces,1337,deep_dive,0,0,0.9,1.0,1.0,0.03368555,118145,1624,10,69652,rounds_exceeded
DeepSeek V3.2,exp_036_deepseek_v32_v5_seeds5,V5_88_interpretation_restoration_castilla_leon,1337,interpretation,1,1,1.0,1.0,1.0,0.029787370000000004,104681,1385,9,49497,
DeepSeek V3.2,exp_036_deepseek_v32_v5_seeds5,V5_89_interpretation_biodiversity_carbon_synergy,1337,interpretation,0,0,0.8571,0.8,1.0,0.01315844,45382,823,4,28516,wrong_data
DeepSeek V3.2,exp_036_deepseek_v32_v5_seeds5,V5_90_interpretation_bank_risk_assessment,1337,interpretation,0,0,0.5,0.3333,0.0,0.0,0,0,0,300101,tool_missing
DeepSeek V3.2,exp_036_deepseek_v32_v5_seeds5,V5_91_deep_dive_temporal_municipality,1337,deep_dive,1,1,1.0,1.0,1.0,0.01644199,56317,1124,5,41738,
DeepSeek V3.2,exp_036_deepseek_v32_v5_seeds5,V5_92_deep_dive_two_provinces_side_by_side,1337,deep_dive,0,0,0.25,0.1429,0.0,0.0,0,0,0,300104,tool_missing
DeepSeek V3.2,exp_036_deepseek_v32_v5_seeds5,V5_93_deep_dive_national_policy_brief,1337,habitat_analysis,1,1,1.0,1.0,1.0,0.02283005,80225,1063,7,36293,
DeepSeek V3.2,exp_036_deepseek_v32_v5_seeds5,V5_01_municipality_co2_lorca,2024,municipality,1,1,1.0,1.0,1.0,0.009337760000000002,33028,382,3,15269,
DeepSeek V3.2,exp_036_deepseek_v32_v5_seeds5,V5_02_municipality_erosion_antequera,2024,municipality,1,1,1.0,1.0,1.0,0.00920872,32876,302,3,11238,
DeepSeek V3.2,exp_036_deepseek_v32_v5_seeds5,V5_03_municipality_province_hint,2024,municipality,1,1,1.0,1.0,1.0,0.009243230000000002,32959,313,3,10786,
DeepSeek V3.2,exp_036_deepseek_v32_v5_seeds5,V5_04_municipality_multi_indicator,2024,municipality,1,1,1.0,1.0,1.0,0.01242232,44326,413,4,15755,
DeepSeek V3.2,exp_036_deepseek_v32_v5_seeds5,V5_05_followup_drill_down,2024,memory,0,0,0.7778,0.7143,1.0,0.0064447,22480,341,2,11359,wrong_data
DeepSeek V3.2,exp_036_deepseek_v32_v5_seeds5,V5_06_followup_compare_new,2024,memory,1,1,1.0,1.0,1.0,0.009805330000000003,34499,446,3,22357,
DeepSeek V3.2,exp_036_deepseek_v32_v5_seeds5,V5_07_followup_switch_indicator,2024,memory,0,0,0.875,0.8333,1.0,0.009443350000000001,33855,275,3,13024,tool_missing
DeepSeek V3.2,exp_036_deepseek_v32_v5_seeds5,V5_08_followup_chart_request,2024,memory,1,1,1.0,1.0,1.0,0.0067065200000000005,23026,445,2,20158,
DeepSeek V3.2,exp_036_deepseek_v32_v5_seeds5,V5_09_spatial_coastal_erosion,2024,spatial_reasoning,1,1,1.0,1.0,1.0,0.016314190000000003,56357,998,5,26724,
DeepSeek V3.2,exp_036_deepseek_v32_v5_seeds5,V5_10_spatial_inland_co2,2024,spatial_reasoning,1,1,1.0,1.0,1.0,0.0097535,33480,649,3,17791,
DeepSeek V3.2,exp_036_deepseek_v32_v5_seeds5,V5_11_spatial_autonomous_community,2024,spatial_reasoning,0,0,0.875,0.8333,1.0,0.009853680000000002,33574,717,3,22806,wrong_data
DeepSeek V3.2,exp_036_deepseek_v32_v5_seeds5,V5_12_spatial_island_limitations,2024,spatial_reasoning,1,1,1.0,1.0,1.0,0.009217200000000002,32720,348,3,12532,
DeepSeek V3.2,exp_036_deepseek_v32_v5_seeds5,V5_13_cross_indicator_tradeoff,2024,cross_indicator,1,1,1.0,1.0,1.0,0.01759087,59851,1301,5,33995,
DeepSeek V3.2,exp_036_deepseek_v32_v5_seeds5,V5_14_cross_indicator_low_risk,2024,cross_indicator,1,1,1.0,1.0,1.0,0.013722500000000002,46640,1027,4,31583,
DeepSeek V3.2,exp_036_deepseek_v32_v5_seeds5,V5_15_error_nonexistent_municipality,2024,error_handling,1,1,1.0,1.0,1.0,0.00603304,21652,170,2,7777,
DeepSeek V3.2,exp_036_deepseek_v32_v5_seeds5,V5_16_error_wrong_indicator_name,2024,error_handling,0,0,0.8333,0.75,0.0,0.009624549999999999,33475,533,3,18257,keyword_missing
DeepSeek V3.2,exp_036_deepseek_v32_v5_seeds5,V5_17_error_ines_stats_fabrication,2024,error_handling,1,1,1.0,1.0,,0.00917775,32745,306,3,11860,
DeepSeek V3.2,exp_036_deepseek_v32_v5_seeds5,V5_18_error_fabricated_year,2024,error_handling,0,0,0.8333,0.75,0.5,0.00923607,32851,333,3,15124,keyword_missing
DeepSeek V3.2,exp_036_deepseek_v32_v5_seeds5,V5_19_ranking_bottom_co2,2024,ranking,1,1,1.0,1.0,1.0,0.00945795,33135,465,3,12874,
DeepSeek V3.2,exp_036_deepseek_v32_v5_seeds5,V5_20_ranking_chart_erosion,2024,ranking,0,0,0.6667,0.5714,0.5,0.00963003,33479,537,3,14427,keyword_missing
DeepSeek V3.2,exp_036_deepseek_v32_v5_seeds5,V5_21_comparison_close_values,2024,comparison,0,0,0.8889,0.8571,1.0,0.009731330000000002,33569,607,3,18685,wrong_data
DeepSeek V3.2,exp_036_deepseek_v32_v5_seeds5,V5_22_comparison_north_south_erosion,2024,comparison,0,0,0.8889,0.8571,1.0,0.00953683,33309,494,3,28577,wrong_data
DeepSeek V3.2,exp_036_deepseek_v32_v5_seeds5,V5_23_deep_dive_full_profile,2024,deep_dive,0,0,0.625,0.5,0.5,0.009665300000000002,33410,586,3,17790,tool_missing
DeepSeek V3.2,exp_036_deepseek_v32_v5_seeds5,V5_24_interpretation_policy,2024,interpretation,1,1,1.0,1.0,1.0,0.01327171,45553,884,4,43491,
DeepSeek V3.2,exp_036_deepseek_v32_v5_seeds5,V5_25_tool_selection_chart_type,2024,tool_selection,0,0,0.75,0.6667,1.0,0.00965647,33581,536,3,19221,tool_missing
DeepSeek V3.2,exp_036_deepseek_v32_v5_seeds5,V5_26_tool_selection_toggle_multiple,2024,tool_selection,1,1,1.0,1.0,1.0,0.01243865,44085,487,4,18683,
DeepSeek V3.2,exp_036_deepseek_v32_v5_seeds5,V5_27_language_catalan,2024,language,1,1,1.0,1.0,1.0,0.009237110000000002,32753,358,3,17822,
DeepSeek V3.2,exp_036_deepseek_v32_v5_seeds5,V5_28_language_galician,2024,language,1,1,1.0,1.0,1.0,0.009287740000000001,32802,392,3,18283,
DeepSeek V3.2,exp_036_deepseek_v32_v5_seeds5,V5_29_single_analysis_erosion,2024,single_analysis,1,1,1.0,1.0,1.0,0.00908395,32695,233,3,10753,
DeepSeek V3.2,exp_036_deepseek_v32_v5_seeds5,V5_30_single_analysis_co2,2024,single_analysis,1,1,1.0,1.0,1.0,0.012596820000000002,44406,552,4,19782,
DeepSeek V3.2,exp_036_deepseek_v32_v5_seeds5,V5_31_habitat_province_single,2024,habitat_analysis,1,1,1.0,1.0,1.0,0.00926136,32908,342,3,13999,
DeepSeek V3.2,exp_036_deepseek_v32_v5_seeds5,V5_32_habitat_forest_types,2024,habitat_analysis,1,1,1.0,1.0,1.0,0.01249678,44284,491,4,17054,
DeepSeek V3.2,exp_036_deepseek_v32_v5_seeds5,V5_33_habitat_recall_grassland,2024,habitat_analysis,1,1,1.0,1.0,1.0,0.01240984,44292,410,4,15763,
DeepSeek V3.2,exp_036_deepseek_v32_v5_seeds5,V5_34_habitat_chart,2024,habitat_analysis,1,1,1.0,1.0,1.0,0.012405170000000002,44291,406,4,17246,
DeepSeek V3.2,exp_036_deepseek_v32_v5_seeds5,V5_35_habitat_dominant_class_recall,2024,habitat_analysis,1,1,1.0,1.0,1.0,0.0030448300000000005,11159,29,1,2726,
DeepSeek V3.2,exp_036_deepseek_v32_v5_seeds5,V5_36_temporal_compare_shrubland,2024,memory,1,1,1.0,1.0,1.0,0.0030451000000000002,11160,29,1,3239,
DeepSeek V3.2,exp_036_deepseek_v32_v5_seeds5,V5_37_temporal_change_visual,2024,memory,1,1,1.0,1.0,1.0,0.0030940600000000005,11158,74,1,7297,
DeepSeek V3.2,exp_036_deepseek_v32_v5_seeds5,V5_38_cross_indicator_habitat_co2,2024,cross_indicator,0,0,0.7778,0.7143,1.0,0.016397920000000003,56496,1040,5,33746,tool_missing
DeepSeek V3.2,exp_036_deepseek_v32_v5_seeds5,V5_39_error_unavailable_year,2024,error_handling,0,0,0.8889,0.8571,0.0,0.00621715,21845,290,2,9332,keyword_missing
DeepSeek V3.2,exp_036_deepseek_v32_v5_seeds5,V5_40_error_wrong_layer,2024,error_handling,0,0,0.9,0.875,0.0,0.00613684,21792,230,2,9144,keyword_missing
DeepSeek V3.2,exp_036_deepseek_v32_v5_seeds5,V5_41_multi_muni_ranking_erosion,2024,multi_municipality_ranking,1,1,1.0,1.0,1.0,0.03501055,124295,1319,10,69865,
DeepSeek V3.2,exp_036_deepseek_v32_v5_seeds5,V5_42_multi_muni_ranking_co2,2024,multi_municipality_ranking,1,1,1.0,1.0,1.0,0.033961149999999996,121875,959,10,45843,
DeepSeek V3.2,exp_036_deepseek_v32_v5_seeds5,V5_43_multi_muni_compare_three,2024,multi_municipality_ranking,1,1,1.0,1.0,1.0,0.0257647,91310,1010,8,36591,
DeepSeek V3.2,exp_036_deepseek_v32_v5_seeds5,V5_44_province_aggregation_andalucia,2024,province_aggregation,1,1,1.0,1.0,1.0,0.01303962,44836,849,4,34818,
DeepSeek V3.2,exp_036_deepseek_v32_v5_seeds5,V5_45_province_aggregation_aragon,2024,province_aggregation,0,0,0.8571,0.8,1.0,0.013007850000000001,45195,732,4,25641,tool_missing
DeepSeek V3.2,exp_036_deepseek_v32_v5_seeds5,V5_46_error_recovery_typo,2024,error_recovery,0,0,0.8571,0.8,0.0,0.009236960000000002,32728,364,3,16280,keyword_missing
DeepSeek V3.2,exp_036_deepseek_v32_v5_seeds5,V5_47_error_recovery_fallback_indicator,2024,error_recovery,1,1,1.0,1.0,1.0,0.00916304,32772,286,3,12612,
DeepSeek V3.2,exp_036_deepseek_v32_v5_seeds5,V5_48_error_recovery_wrong_year,2024,error_recovery,1,1,1.0,1.0,1.0,0.015878530000000002,56259,626,5,21478,
DeepSeek V3.2,exp_036_deepseek_v32_v5_seeds5,V5_49_threshold_co2_high,2024,threshold,1,1,1.0,1.0,1.0,0.010155300000000003,35290,570,3,19614,
DeepSeek V3.2,exp_036_deepseek_v32_v5_seeds5,V5_50_threshold_dual_indicator,2024,threshold,1,1,1.0,1.0,1.0,0.01471887,50371,1017,4,36032,
DeepSeek V3.2,exp_036_deepseek_v32_v5_seeds5,V5_51_threshold_co2_low,2024,threshold,1,1,1.0,1.0,1.0,0.010291300000000001,35370,674,3,20561,
DeepSeek V3.2,exp_036_deepseek_v32_v5_seeds5,V5_52_language_catalan_erosion,2024,language,1,1,1.0,1.0,1.0,0.00916429,32687,308,3,12891,
DeepSeek V3.2,exp_036_deepseek_v32_v5_seeds5,V5_53_language_basque_co2,2024,language,1,1,1.0,1.0,1.0,0.00951126,32868,579,3,20264,
DeepSeek V3.2,exp_036_deepseek_v32_v5_seeds5,V5_54_language_galician_co2,2024,language,1,1,1.0,1.0,1.0,0.00917885,32745,307,3,16722,
DeepSeek V3.2,exp_036_deepseek_v32_v5_seeds5,V5_55_language_basque_compare,2024,language,0,0,0.8571,0.8,1.0,0.00984511,33363,761,3,27967,wrong_data
DeepSeek V3.2,exp_036_deepseek_v32_v5_seeds5,V5_56_habitat_andalucia_forest,2024,habitat_analysis,1,1,1.0,1.0,1.0,0.01238633,44209,409,4,13082,
DeepSeek V3.2,exp_036_deepseek_v32_v5_seeds5,V5_57_temporal_multi_year,2024,temporal_change,0,0,0.6667,0.5714,0.6667,0.01299259,44507,887,4,39650,tool_missing
DeepSeek V3.2,exp_036_deepseek_v32_v5_seeds5,V5_58_legend_co2_classes,2024,tool_selection,0,0,0.8571,0.8,1.0,0.0032068500000000002,10765,273,1,7346,tool_missing
DeepSeek V3.2,exp_036_deepseek_v32_v5_seeds5,V5_59_legend_erosion_scale,2024,tool_selection,0,0,0.8333,0.75,1.0,0.00308666,10768,163,1,6216,tool_missing
DeepSeek V3.2,exp_036_deepseek_v32_v5_seeds5,V5_60_legend_habitat_classes,2024,tool_selection,1,1,1.0,1.0,1.0,0.01591947,56101,702,5,24241,
DeepSeek V3.2,exp_036_deepseek_v32_v5_seeds5,V5_61_list_layers_analyzable,2024,tool_selection,0,0,0.8333,0.75,1.0,0.0031485500000000004,10765,220,1,7302,tool_missing
DeepSeek V3.2,exp_036_deepseek_v32_v5_seeds5,V5_62_list_layers_habitat_years,2024,tool_selection,0,0,0.6667,0.5714,0.5,0.03252825,116845,891,10,51450,tool_missing
DeepSeek V3.2,exp_036_deepseek_v32_v5_seeds5,V5_63_list_layers_all_indicators,2024,tool_selection,0,0,0.8,0.6667,1.0,0.00682141,21773,857,2,26015,forbidden_keyword
DeepSeek V3.2,exp_036_deepseek_v32_v5_seeds5,V5_64_layer_bounds_canary_co2,2024,tool_selection,0,0,0.8333,0.75,1.0,0.009246070000000002,32831,347,3,16431,tool_missing
DeepSeek V3.2,exp_036_deepseek_v32_v5_seeds5,V5_65_layer_bounds_erosion_extent,2024,tool_selection,1,1,1.0,1.0,1.0,0.00624695,21715,349,2,11712,
DeepSeek V3.2,exp_036_deepseek_v32_v5_seeds5,V5_66_layer_bounds_cross_border,2024,tool_selection,1,1,1.0,1.0,1.0,0.006167570000000001,21751,268,2,11688,
DeepSeek V3.2,exp_036_deepseek_v32_v5_seeds5,V5_67_multi_layer_three_indicators,2024,cross_indicator,1,1,1.0,1.0,1.0,0.01936646,68008,913,6,37964,
DeepSeek V3.2,exp_036_deepseek_v32_v5_seeds5,V5_68_multi_layer_nbs_profile,2024,cross_indicator,1,1,1.0,1.0,1.0,0.01919698,67694,836,6,24678,
DeepSeek V3.2,exp_036_deepseek_v32_v5_seeds5,V5_69_multi_layer_explicit_simultaneous,2024,cross_indicator,0,0,0.625,0.5,0.5,0.01609748,55864,922,5,30807,tool_missing
DeepSeek V3.2,exp_036_deepseek_v32_v5_seeds5,V5_70_interpretation_investor,2024,interpretation,0,0,0.5714,0.4,0.5,0.013136560000000002,45358,809,4,28824,tool_missing
DeepSeek V3.2,exp_036_deepseek_v32_v5_seeds5,V5_71_interpretation_habitat_co2_link,2024,interpretation,0,0,0.8333,0.75,0.5,0.00931882,32966,380,3,14875,keyword_missing
DeepSeek V3.2,exp_036_deepseek_v32_v5_seeds5,V5_72_interpretation_erosion_project_risk,2024,interpretation,0,0,0.75,0.6667,1.0,0.009743280000000002,33434,651,3,27663,tool_missing
DeepSeek V3.2,exp_036_deepseek_v32_v5_seeds5,V5_73_deep_dive_municipality,2024,deep_dive,0,0,0.8889,0.8571,1.0,0.019986639999999996,69482,1115,6,35664,tool_missing
DeepSeek V3.2,exp_036_deepseek_v32_v5_seeds5,V5_74_deep_dive_temporal_profile,2024,tool_selection,0,0,0.8333,0.75,1.0,0.0031771300000000002,10769,245,1,7403,tool_missing
DeepSeek V3.2,exp_036_deepseek_v32_v5_seeds5,V5_75_deep_dive_community_ranking,2024,deep_dive,0,0,0.875,0.8333,1.0,0.01691259,57347,1299,5,73264,wrong_data
DeepSeek V3.2,exp_036_deepseek_v32_v5_seeds5,V5_76_legend_ines_erosion_visual,2024,tool_selection,0,0,0.8333,0.75,1.0,0.00612979,21717,242,2,13005,tool_missing
DeepSeek V3.2,exp_036_deepseek_v32_v5_seeds5,V5_77_legend_mfe_forest_map,2024,tool_selection,0,0,0.8,0.6667,1.0,0.0062327599999999995,21748,328,2,12796,tool_missing
DeepSeek V3.2,exp_036_deepseek_v32_v5_seeds5,V5_78_legend_two_layers_compare,2024,tool_selection,0,0,0.8333,0.75,1.0,0.0033723100000000003,10783,419,1,21632,tool_missing
DeepSeek V3.2,exp_036_deepseek_v32_v5_seeds5,V5_79_list_layers_display_only,2024,tool_selection,0,0,0.6,0.3333,1.0,0.00334734,10772,399,1,10539,tool_missing
DeepSeek V3.2,exp_036_deepseek_v32_v5_seeds5,V5_80_list_layers_before_workflow,2024,tool_selection,0,0,0.7143,0.6,0.6667,0.00683523,21759,873,2,23289,keyword_missing
DeepSeek V3.2,exp_036_deepseek_v32_v5_seeds5,V5_81_list_layers_unavailable_indicator,2024,tool_selection,0,0,0.75,0.6667,0.0,0.00313203,10769,204,1,9993,tool_missing
DeepSeek V3.2,exp_036_deepseek_v32_v5_seeds5,V5_82_layer_bounds_ceuta_melilla,2024,tool_selection,1,1,1.0,1.0,1.0,0.00622284,21752,318,2,12892,
DeepSeek V3.2,exp_036_deepseek_v32_v5_seeds5,V5_83_layer_bounds_balearic_erosion,2024,tool_selection,1,1,1.0,1.0,1.0,0.00616663,21719,275,2,9415,
DeepSeek V3.2,exp_036_deepseek_v32_v5_seeds5,V5_84_layer_bounds_coverage_comparison,2024,tool_selection,1,1,1.0,1.0,1.0,0.01270682,44296,679,4,20642,
DeepSeek V3.2,exp_036_deepseek_v32_v5_seeds5,V5_85_multi_layer_municipality_lorca,2024,cross_indicator,1,1,1.0,1.0,1.0,0.02430694,85202,1184,7,55960,
DeepSeek V3.2,exp_036_deepseek_v32_v5_seeds5,V5_86_multi_layer_with_chart_huelva,2024,cross_indicator,1,1,1.0,1.0,1.0,0.01619404,56352,890,5,52263,
DeepSeek V3.2,exp_036_deepseek_v32_v5_seeds5,V5_87_multi_layer_comparison_two_provinces,2024,deep_dive,1,1,1.0,1.0,1.0,0.016121820000000002,56276,843,5,31912,
DeepSeek V3.2,exp_036_deepseek_v32_v5_seeds5,V5_88_interpretation_restoration_castilla_leon,2024,interpretation,1,1,1.0,1.0,1.0,0.03334585,117115,1568,10,63503,
DeepSeek V3.2,exp_036_deepseek_v32_v5_seeds5,V5_89_interpretation_biodiversity_carbon_synergy,2024,interpretation,0,0,0.3333,0.2,0.0,0.0,0,0,0,300022,tool_missing
DeepSeek V3.2,exp_036_deepseek_v32_v5_seeds5,V5_90_interpretation_bank_risk_assessment,2024,interpretation,0,0,0.5,0.3333,0.0,0.0,0,0,0,300104,tool_missing
DeepSeek V3.2,exp_036_deepseek_v32_v5_seeds5,V5_91_deep_dive_temporal_municipality,2024,deep_dive,1,1,1.0,1.0,1.0,0.01982768,68054,1321,6,41200,
DeepSeek V3.2,exp_036_deepseek_v32_v5_seeds5,V5_92_deep_dive_two_provinces_side_by_side,2024,deep_dive,0,0,0.6667,0.5714,0.6667,0.01354541,45593,1123,4,48972,tool_missing
DeepSeek V3.2,exp_036_deepseek_v32_v5_seeds5,V5_93_deep_dive_national_policy_brief,2024,habitat_analysis,1,1,1.0,1.0,1.0,0.019502570000000004,68121,1009,6,31922,
GPT-OSS-120B,exp_038_gpt_oss_120b_v5_seeds5,V5_01_municipality_co2_lorca,42,municipality,0,0,0.625,0.5,0.5,0.030410999999999997,9247,178,1,4227,tool_missing
GPT-OSS-120B,exp_038_gpt_oss_120b_v5_seeds5,V5_02_municipality_erosion_antequera,42,municipality,0,0,0.625,0.5,0.0,0.06405,18625,545,2,3942,tool_missing
GPT-OSS-120B,exp_038_gpt_oss_120b_v5_seeds5,V5_03_municipality_province_hint,42,municipality,0,0,0.625,0.5,0.0,0.063867,18679,522,2,3308,tool_missing
GPT-OSS-120B,exp_038_gpt_oss_120b_v5_seeds5,V5_04_municipality_multi_indicator,42,municipality,0,0,0.875,0.8333,0.6667,0.13547399999999998,37928,1446,4,10385,keyword_missing
GPT-OSS-120B,exp_038_gpt_oss_120b_v5_seeds5,V5_05_followup_drill_down,42,memory,1,1,1.0,1.0,1.0,0.030602999999999998,9466,147,1,1838,
GPT-OSS-120B,exp_038_gpt_oss_120b_v5_seeds5,V5_06_followup_compare_new,42,memory,0,0,0.7,0.625,0.6667,0.06294,19220,352,2,3969,keyword_missing
GPT-OSS-120B,exp_038_gpt_oss_120b_v5_seeds5,V5_07_followup_switch_indicator,42,memory,1,0,0.875,1.0,1.0,0.12321,38220,570,4,7272,cost_exceeded
GPT-OSS-120B,exp_038_gpt_oss_120b_v5_seeds5,V5_08_followup_chart_request,42,memory,1,1,1.0,1.0,1.0,0.063333,19491,324,2,6053,
GPT-OSS-120B,exp_038_gpt_oss_120b_v5_seeds5,V5_09_spatial_coastal_erosion,42,spatial_reasoning,1,1,1.0,1.0,1.0,0.131763,30066,2771,3,10019,
GPT-OSS-120B,exp_038_gpt_oss_120b_v5_seeds5,V5_10_spatial_inland_co2,42,spatial_reasoning,0,0,0.6667,0.5,0.0,0.101259,28513,1048,3,6660,keyword_missing
GPT-OSS-120B,exp_038_gpt_oss_120b_v5_seeds5,V5_11_spatial_autonomous_community,42,spatial_reasoning,0,0,0.875,0.8333,1.0,0.104706,28452,1290,3,6492,wrong_data
GPT-OSS-120B,exp_038_gpt_oss_120b_v5_seeds5,V5_12_spatial_island_limitations,42,spatial_reasoning,0,0,0.5,0.0,0.0,0.058802999999999994,18656,189,2,2778,tool_missing
GPT-OSS-120B,exp_038_gpt_oss_120b_v5_seeds5,V5_13_cross_indicator_tradeoff,42,cross_indicator,1,1,1.0,1.0,1.0,0.23755500000000002,60025,3832,6,15981,
GPT-OSS-120B,exp_038_gpt_oss_120b_v5_seeds5,V5_14_cross_indicator_low_risk,42,cross_indicator,0,0,0.8333,0.75,1.0,0.144294,38453,1929,4,10442,wrong_data
GPT-OSS-120B,exp_038_gpt_oss_120b_v5_seeds5,V5_15_error_nonexistent_municipality,42,error_handling,0,0,0.7143,0.8,0.0,0.061968,18636,404,2,3000,keyword_missing
GPT-OSS-120B,exp_038_gpt_oss_120b_v5_seeds5,V5_16_error_wrong_indicator_name,42,error_handling,0,0,0.6667,0.75,0.0,0.058656,18597,191,2,2570,keyword_missing
GPT-OSS-120B,exp_038_gpt_oss_120b_v5_seeds5,V5_17_error_ines_stats_fabrication,42,error_handling,1,1,1.0,1.0,,0.065472,18619,641,2,3795,
GPT-OSS-120B,exp_038_gpt_oss_120b_v5_seeds5,V5_18_error_fabricated_year,42,error_handling,1,1,1.0,1.0,1.0,0.066309,18643,692,2,3570,
GPT-OSS-120B,exp_038_gpt_oss_120b_v5_seeds5,V5_19_ranking_bottom_co2,42,ranking,0,0,0.75,0.6667,1.0,0.063618,18721,497,2,2954,wrong_data
GPT-OSS-120B,exp_038_gpt_oss_120b_v5_seeds5,V5_20_ranking_chart_erosion,42,ranking,0,0,0.5556,0.4286,0.0,0.096087,28494,707,3,5083,keyword_missing
GPT-OSS-120B,exp_038_gpt_oss_120b_v5_seeds5,V5_21_comparison_close_values,42,comparison,0,0,0.7778,0.7143,0.6667,0.10069800000000001,28656,982,3,5671,keyword_missing
GPT-OSS-120B,exp_038_gpt_oss_120b_v5_seeds5,V5_22_comparison_north_south_erosion,42,comparison,1,1,1.0,1.0,1.0,0.10143,28300,1102,3,140782,
GPT-OSS-120B,exp_038_gpt_oss_120b_v5_seeds5,V5_23_deep_dive_full_profile,42,deep_dive,0,0,0.75,0.6667,0.5,0.141822,38069,1841,4,9465,keyword_missing
GPT-OSS-120B,exp_038_gpt_oss_120b_v5_seeds5,V5_24_interpretation_policy,42,interpretation,0,0,0.8333,0.75,1.0,0.068526,18752,818,2,3953,wrong_data
GPT-OSS-120B,exp_038_gpt_oss_120b_v5_seeds5,V5_25_tool_selection_chart_type,42,tool_selection,0,0,0.375,0.1667,0.0,0.10230299999999999,28006,1219,3,6312,tool_missing
GPT-OSS-120B,exp_038_gpt_oss_120b_v5_seeds5,V5_26_tool_selection_toggle_multiple,42,tool_selection,1,1,1.0,1.0,1.0,0.089775,28095,366,3,4225,
GPT-OSS-120B,exp_038_gpt_oss_120b_v5_seeds5,V5_27_language_catalan,42,language,1,0,0.8333,1.0,1.0,0.126987,37689,928,4,7785,cost_exceeded
GPT-OSS-120B,exp_038_gpt_oss_120b_v5_seeds5,V5_28_language_galician,42,language,1,1,1.0,1.0,1.0,0.095553,28051,760,3,5011,
GPT-OSS-120B,exp_038_gpt_oss_120b_v5_seeds5,V5_29_single_analysis_erosion,42,single_analysis,1,1,1.0,1.0,1.0,0.091068,28011,469,3,4678,
GPT-OSS-120B,exp_038_gpt_oss_120b_v5_seeds5,V5_30_single_analysis_co2,42,single_analysis,0,0,0.8889,0.8571,1.0,0.097344,28048,880,3,5743,wrong_data
GPT-OSS-120B,exp_038_gpt_oss_120b_v5_seeds5,V5_31_habitat_province_single,42,habitat_analysis,0,0,0.4444,0.2857,0.0,0.03279,9300,326,1,2578,tool_missing
GPT-OSS-120B,exp_038_gpt_oss_120b_v5_seeds5,V5_32_habitat_forest_types,42,habitat_analysis,1,1,1.0,1.0,1.0,0.103548,28271,1249,3,7891,
GPT-OSS-120B,exp_038_gpt_oss_120b_v5_seeds5,V5_33_habitat_recall_grassland,42,habitat_analysis,0,0,0.5556,0.4286,0.5,0.035985,9260,547,1,3038,tool_missing
GPT-OSS-120B,exp_038_gpt_oss_120b_v5_seeds5,V5_34_habitat_chart,42,habitat_analysis,1,1,1.0,1.0,1.0,0.099192,28289,955,3,5376,
GPT-OSS-120B,exp_038_gpt_oss_120b_v5_seeds5,V5_35_habitat_dominant_class_recall,42,habitat_analysis,1,1,1.0,1.0,1.0,0.029741999999999998,9549,73,1,1939,
GPT-OSS-120B,exp_038_gpt_oss_120b_v5_seeds5,V5_36_temporal_compare_shrubland,42,memory,1,1,1.0,1.0,1.0,0.029984999999999998,9550,89,1,1883,
GPT-OSS-120B,exp_038_gpt_oss_120b_v5_seeds5,V5_37_temporal_change_visual,42,memory,1,1,1.0,1.0,1.0,0.030387,9544,117,1,1464,
GPT-OSS-120B,exp_038_gpt_oss_120b_v5_seeds5,V5_38_cross_indicator_habitat_co2,42,cross_indicator,0,0,0.6667,0.5714,0.6667,0.034968,9271,477,1,3704,tool_missing
GPT-OSS-120B,exp_038_gpt_oss_120b_v5_seeds5,V5_39_error_unavailable_year,42,error_handling,0,0,0.8889,0.8571,0.0,0.029522999999999997,9246,119,1,1631,keyword_missing
GPT-OSS-120B,exp_038_gpt_oss_120b_v5_seeds5,V5_40_error_wrong_layer,42,error_handling,0,0,0.8,0.875,0.0,0.060275999999999996,18652,288,2,2463,keyword_missing
GPT-OSS-120B,exp_038_gpt_oss_120b_v5_seeds5,V5_41_multi_muni_ranking_erosion,42,multi_municipality_ranking,0,0,0.6,0.3333,0.0,0.066204,18663,681,2,3516,tool_missing
GPT-OSS-120B,exp_038_gpt_oss_120b_v5_seeds5,V5_42_multi_muni_ranking_co2,42,multi_municipality_ranking,0,0,0.6,0.3333,0.0,0.06349199999999999,18599,513,2,4066,tool_missing
GPT-OSS-120B,exp_038_gpt_oss_120b_v5_seeds5,V5_43_multi_muni_compare_three,42,multi_municipality_ranking,0,0,0.5556,0.4286,0.25,0.10578,28140,1424,3,6332,tool_missing
GPT-OSS-120B,exp_038_gpt_oss_120b_v5_seeds5,V5_44_province_aggregation_andalucia,42,province_aggregation,1,1,1.0,1.0,1.0,0.105162,28604,1290,3,8747,
GPT-OSS-120B,exp_038_gpt_oss_120b_v5_seeds5,V5_45_province_aggregation_aragon,42,province_aggregation,0,0,0.5714,0.8,1.0,0.277236,76857,3111,8,19055,tool_missing
GPT-OSS-120B,exp_038_gpt_oss_120b_v5_seeds5,V5_46_error_recovery_typo,42,error_recovery,1,1,1.0,1.0,1.0,0.03231,9290,296,1,2384,
GPT-OSS-120B,exp_038_gpt_oss_120b_v5_seeds5,V5_47_error_recovery_fallback_indicator,42,error_recovery,0,0,0.625,0.6667,0.0,0.20518799999999998,55006,2678,5,12115,tool_missing
GPT-OSS-120B,exp_038_gpt_oss_120b_v5_seeds5,V5_48_error_recovery_wrong_year,42,error_recovery,0,0,0.6667,0.75,0.0,0.103794,28223,1275,3,6007,keyword_missing
GPT-OSS-120B,exp_038_gpt_oss_120b_v5_seeds5,V5_49_threshold_co2_high,42,threshold,0,0,0.8571,0.8,1.0,0.067995,18840,765,2,3551,wrong_data
GPT-OSS-120B,exp_038_gpt_oss_120b_v5_seeds5,V5_50_threshold_dual_indicator,42,threshold,1,1,1.0,1.0,1.0,0.173352,43444,2868,4,19457,
GPT-OSS-120B,exp_038_gpt_oss_120b_v5_seeds5,V5_51_threshold_co2_low,42,threshold,1,1,1.0,1.0,1.0,0.10577099999999999,30212,1009,3,6048,
GPT-OSS-120B,exp_038_gpt_oss_120b_v5_seeds5,V5_52_language_catalan_erosion,42,language,1,1,1.0,1.0,1.0,0.099261,28062,1005,3,6707,
GPT-OSS-120B,exp_038_gpt_oss_120b_v5_seeds5,V5_53_language_basque_co2,42,language,0,0,0.6667,0.75,0.0,0.136419,37718,1551,4,9622,keyword_missing
GPT-OSS-120B,exp_038_gpt_oss_120b_v5_seeds5,V5_54_language_galician_co2,42,language,1,1,1.0,1.0,1.0,0.097368,28091,873,3,5918,
GPT-OSS-120B,exp_038_gpt_oss_120b_v5_seeds5,V5_55_language_basque_compare,42,language,1,1,1.0,1.0,1.0,0.10078200000000001,28574,1004,3,7842,
GPT-OSS-120B,exp_038_gpt_oss_120b_v5_seeds5,V5_56_habitat_andalucia_forest,42,habitat_analysis,1,1,1.0,1.0,1.0,0.104199,28203,1306,3,5656,
GPT-OSS-120B,exp_038_gpt_oss_120b_v5_seeds5,V5_57_temporal_multi_year,42,temporal_change,0,0,0.5556,0.4286,0.0,0.104901,28147,1364,3,7305,tool_missing
GPT-OSS-120B,exp_038_gpt_oss_120b_v5_seeds5,V5_58_legend_co2_classes,42,tool_selection,0,0,0.8571,0.8,1.0,0.032235,9295,290,1,2179,tool_missing
GPT-OSS-120B,exp_038_gpt_oss_120b_v5_seeds5,V5_59_legend_erosion_scale,42,tool_selection,1,0,0.8333,1.0,1.0,0.063627,18709,500,2,4175,cost_exceeded
GPT-OSS-120B,exp_038_gpt_oss_120b_v5_seeds5,V5_60_legend_habitat_classes,42,tool_selection,1,1,1.0,1.0,1.0,0.132504,37863,1261,4,9651,
GPT-OSS-120B,exp_038_gpt_oss_120b_v5_seeds5,V5_61_list_layers_analyzable,42,tool_selection,0,0,0.8333,0.75,1.0,0.03183,9250,272,1,2442,tool_missing
GPT-OSS-120B,exp_038_gpt_oss_120b_v5_seeds5,V5_62_list_layers_habitat_years,42,tool_selection,0,0,0.5556,0.4286,0.0,0.178224,47458,2390,5,10410,tool_missing
GPT-OSS-120B,exp_038_gpt_oss_120b_v5_seeds5,V5_63_list_layers_all_indicators,42,tool_selection,0,0,0.8,0.6667,0.0,0.064569,18728,559,2,3849,keyword_missing
GPT-OSS-120B,exp_038_gpt_oss_120b_v5_seeds5,V5_64_layer_bounds_canary_co2,42,tool_selection,0,0,0.6667,0.75,0.0,0.097296,28002,886,3,6462,keyword_missing
GPT-OSS-120B,exp_038_gpt_oss_120b_v5_seeds5,V5_65_layer_bounds_erosion_extent,42,tool_selection,0,0,0.8,0.6667,1.0,0.030132,9259,157,1,1748,tool_missing
GPT-OSS-120B,exp_038_gpt_oss_120b_v5_seeds5,V5_66_layer_bounds_cross_border,42,tool_selection,0,0,0.875,0.8333,1.0,0.031452,9309,235,1,1886,tool_missing
GPT-OSS-120B,exp_038_gpt_oss_120b_v5_seeds5,V5_67_multi_layer_three_indicators,42,cross_indicator,1,1,1.0,1.0,1.0,0.220713,57626,3189,6,18039,
GPT-OSS-120B,exp_038_gpt_oss_120b_v5_seeds5,V5_68_multi_layer_nbs_profile,42,cross_indicator,0,0,0.7778,0.7143,0.6667,0.08243400000000001,18653,1765,2,7262,tool_missing
GPT-OSS-120B,exp_038_gpt_oss_120b_v5_seeds5,V5_69_multi_layer_explicit_simultaneous,42,cross_indicator,0,0,0.75,0.6667,0.5,0.11384999999999999,28070,1976,3,7817,tool_missing
GPT-OSS-120B,exp_038_gpt_oss_120b_v5_seeds5,V5_70_interpretation_investor,42,interpretation,0,0,0.5714,0.4,0.5,0.177891,49157,2028,5,12563,tool_missing
GPT-OSS-120B,exp_038_gpt_oss_120b_v5_seeds5,V5_71_interpretation_habitat_co2_link,42,interpretation,0,0,0.5,0.25,0.0,0.044705999999999996,9272,1126,1,6062,tool_missing
GPT-OSS-120B,exp_038_gpt_oss_120b_v5_seeds5,V5_72_interpretation_erosion_project_risk,42,interpretation,0,0,0.75,0.6667,1.0,0.09698100000000001,28657,734,3,6905,tool_missing
GPT-OSS-120B,exp_038_gpt_oss_120b_v5_seeds5,V5_73_deep_dive_municipality,42,deep_dive,0,0,0.8889,0.8571,0.75,0.18168,47465,2619,5,13458,keyword_missing
GPT-OSS-120B,exp_038_gpt_oss_120b_v5_seeds5,V5_74_deep_dive_temporal_profile,42,tool_selection,1,1,1.0,1.0,1.0,0.061640999999999994,18582,393,2,2943,
GPT-OSS-120B,exp_038_gpt_oss_120b_v5_seeds5,V5_75_deep_dive_community_ranking,42,deep_dive,0,0,0.5,0.3333,0.5,0.108993,28416,1583,3,7126,tool_missing
GPT-OSS-120B,exp_038_gpt_oss_120b_v5_seeds5,V5_76_legend_ines_erosion_visual,42,tool_selection,0,0,0.8333,0.75,1.0,0.034242,9259,431,1,3096,tool_missing
GPT-OSS-120B,exp_038_gpt_oss_120b_v5_seeds5,V5_77_legend_mfe_forest_map,42,tool_selection,0,0,0.8,0.6667,1.0,0.030972,9309,203,1,1784,tool_missing
GPT-OSS-120B,exp_038_gpt_oss_120b_v5_seeds5,V5_78_legend_two_layers_compare,42,tool_selection,0,0,0.8333,0.75,1.0,0.041364,9313,895,1,3426,tool_missing
GPT-OSS-120B,exp_038_gpt_oss_120b_v5_seeds5,V5_79_list_layers_display_only,42,tool_selection,0,0,0.6,0.3333,1.0,0.035061,9302,477,1,2138,tool_missing
GPT-OSS-120B,exp_038_gpt_oss_120b_v5_seeds5,V5_80_list_layers_before_workflow,42,tool_selection,0,0,0.8571,0.8,0.6667,0.063999,18763,514,2,2905,keyword_missing
GPT-OSS-120B,exp_038_gpt_oss_120b_v5_seeds5,V5_81_list_layers_unavailable_indicator,42,tool_selection,0,0,0.875,0.8333,1.0,0.029757,9254,133,1,1583,tool_missing
GPT-OSS-120B,exp_038_gpt_oss_120b_v5_seeds5,V5_82_layer_bounds_ceuta_melilla,42,tool_selection,0,0,0.8333,0.75,0.5,0.05976,18690,246,2,2836,keyword_missing
GPT-OSS-120B,exp_038_gpt_oss_120b_v5_seeds5,V5_83_layer_bounds_balearic_erosion,42,tool_selection,1,1,1.0,1.0,1.0,0.063459,18668,497,2,4153,
GPT-OSS-120B,exp_038_gpt_oss_120b_v5_seeds5,V5_84_layer_bounds_coverage_comparison,42,tool_selection,0,0,0.8333,0.75,1.0,0.033543,9316,373,1,2244,tool_missing
GPT-OSS-120B,exp_038_gpt_oss_120b_v5_seeds5,V5_85_multi_layer_municipality_lorca,42,cross_indicator,0,0,0.7143,0.6,0.5,0.036141,9252,559,1,3115,tool_missing
GPT-OSS-120B,exp_038_gpt_oss_120b_v5_seeds5,V5_86_multi_layer_with_chart_huelva,42,cross_indicator,0,0,0.625,0.5,0.5,0.033797999999999995,9306,392,1,2353,tool_missing
GPT-OSS-120B,exp_038_gpt_oss_120b_v5_seeds5,V5_87_multi_layer_comparison_two_provinces,42,deep_dive,0,0,0.5,0.375,0.3333,0.080502,18609,1645,2,7778,tool_missing
GPT-OSS-120B,exp_038_gpt_oss_120b_v5_seeds5,V5_88_interpretation_restoration_castilla_leon,42,interpretation,0,0,0.5,0.25,0.0,0.193119,47193,3436,5,12900,tool_missing
GPT-OSS-120B,exp_038_gpt_oss_120b_v5_seeds5,V5_89_interpretation_biodiversity_carbon_synergy,42,interpretation,0,0,0.5714,0.4,0.0,0.06893099999999999,18872,821,2,3727,keyword_missing
GPT-OSS-120B,exp_038_gpt_oss_120b_v5_seeds5,V5_90_interpretation_bank_risk_assessment,42,interpretation,1,1,1.0,1.0,1.0,0.157548,38746,2754,4,12772,
GPT-OSS-120B,exp_038_gpt_oss_120b_v5_seeds5,V5_91_deep_dive_temporal_municipality,42,deep_dive,0,0,0.6667,0.5714,0.6667,0.112866,28147,1895,3,7156,tool_missing
GPT-OSS-120B,exp_038_gpt_oss_120b_v5_seeds5,V5_92_deep_dive_two_provinces_side_by_side,42,deep_dive,0,0,0.4444,0.2857,0.3333,0.07395600000000001,18887,1153,2,7303,tool_missing
GPT-OSS-120B,exp_038_gpt_oss_120b_v5_seeds5,V5_93_deep_dive_national_policy_brief,42,habitat_analysis,0,0,0.3636,0.3333,0.0,0.301998,78401,4453,8,20269,tool_missing
GPT-OSS-120B,exp_038_gpt_oss_120b_v5_seeds5,V5_01_municipality_co2_lorca,1337,municipality,0,0,0.625,0.5,0.5,0.060699,18618,323,2,3190,tool_missing
GPT-OSS-120B,exp_038_gpt_oss_120b_v5_seeds5,V5_02_municipality_erosion_antequera,1337,municipality,1,1,1.0,1.0,1.0,0.09326400000000001,28153,587,3,4759,
GPT-OSS-120B,exp_038_gpt_oss_120b_v5_seeds5,V5_03_municipality_province_hint,1337,municipality,0,0,0.875,0.8333,0.5,0.096387,28204,785,3,6232,keyword_missing
GPT-OSS-120B,exp_038_gpt_oss_120b_v5_seeds5,V5_04_municipality_multi_indicator,1337,municipality,0,0,0.875,0.8333,0.6667,0.136512,37939,1513,4,8448,keyword_missing
GPT-OSS-120B,exp_038_gpt_oss_120b_v5_seeds5,V5_05_followup_drill_down,1337,memory,0,0,0.8889,0.8571,1.0,0.030026999999999998,9459,110,1,1483,wrong_data
GPT-OSS-120B,exp_038_gpt_oss_120b_v5_seeds5,V5_06_followup_compare_new,1337,memory,0,0,0.7,0.625,0.6667,0.06675,19220,606,2,4887,keyword_missing
GPT-OSS-120B,exp_038_gpt_oss_120b_v5_seeds5,V5_07_followup_switch_indicator,1337,memory,1,1,1.0,1.0,1.0,0.08861400000000001,28588,190,3,4002,
GPT-OSS-120B,exp_038_gpt_oss_120b_v5_seeds5,V5_08_followup_chart_request,1337,memory,1,1,1.0,1.0,1.0,0.06339600000000001,19312,364,2,3450,
GPT-OSS-120B,exp_038_gpt_oss_120b_v5_seeds5,V5_09_spatial_coastal_erosion,1337,spatial_reasoning,0,0,0.8333,0.75,1.0,0.101754,28253,1133,3,6706,wrong_data
GPT-OSS-120B,exp_038_gpt_oss_120b_v5_seeds5,V5_10_spatial_inland_co2,1337,spatial_reasoning,1,1,1.0,1.0,1.0,0.10229099999999999,28202,1179,3,5938,
GPT-OSS-120B,exp_038_gpt_oss_120b_v5_seeds5,V5_11_spatial_autonomous_community,1337,spatial_reasoning,0,0,0.375,0.1667,0.0,0.058794,18678,184,2,2495,tool_missing
GPT-OSS-120B,exp_038_gpt_oss_120b_v5_seeds5,V5_12_spatial_island_limitations,1337,spatial_reasoning,0,0,0.5,0.0,0.0,0.059292,18599,233,2,2525,tool_missing
GPT-OSS-120B,exp_038_gpt_oss_120b_v5_seeds5,V5_13_cross_indicator_tradeoff,1337,cross_indicator,1,0,0.8,1.0,1.0,0.280437,70579,4580,7,18222,cost_exceeded
GPT-OSS-120B,exp_038_gpt_oss_120b_v5_seeds5,V5_14_cross_indicator_low_risk,1337,cross_indicator,1,1,1.0,1.0,1.0,0.141936,38752,1712,4,10149,
GPT-OSS-120B,exp_038_gpt_oss_120b_v5_seeds5,V5_15_error_nonexistent_municipality,1337,error_handling,1,0,0.8571,1.0,1.0,0.090636,27997,443,3,3388,cost_exceeded
GPT-OSS-120B,exp_038_gpt_oss_120b_v5_seeds5,V5_16_error_wrong_indicator_name,1337,error_handling,0,0,0.6667,0.75,0.0,0.060273,18641,290,2,2349,keyword_missing
GPT-OSS-120B,exp_038_gpt_oss_120b_v5_seeds5,V5_17_error_ines_stats_fabrication,1337,error_handling,1,1,1.0,1.0,,0.062352,18619,433,2,3405,
GPT-OSS-120B,exp_038_gpt_oss_120b_v5_seeds5,V5_18_error_fabricated_year,1337,error_handling,1,1,1.0,1.0,1.0,0.059856,18647,261,2,2209,
GPT-OSS-120B,exp_038_gpt_oss_120b_v5_seeds5,V5_19_ranking_bottom_co2,1337,ranking,0,0,0.75,0.6667,1.0,0.06567300000000001,18676,643,2,3564,wrong_data
GPT-OSS-120B,exp_038_gpt_oss_120b_v5_seeds5,V5_20_ranking_chart_erosion,1337,ranking,0,0,0.5556,0.4286,0.0,0.113121,28422,1857,3,7024,keyword_missing
GPT-OSS-120B,exp_038_gpt_oss_120b_v5_seeds5,V5_21_comparison_close_values,1337,comparison,0,0,0.7778,0.7143,0.6667,0.09742200000000001,28629,769,3,7952,keyword_missing
GPT-OSS-120B,exp_038_gpt_oss_120b_v5_seeds5,V5_22_comparison_north_south_erosion,1337,comparison,1,1,1.0,1.0,1.0,0.096705,28390,769,3,7084,
GPT-OSS-120B,exp_038_gpt_oss_120b_v5_seeds5,V5_23_deep_dive_full_profile,1337,deep_dive,0,0,0.75,0.6667,0.5,0.141234,38173,1781,4,9913,keyword_missing
GPT-OSS-120B,exp_038_gpt_oss_120b_v5_seeds5,V5_24_interpretation_policy,1337,interpretation,1,1,1.0,1.0,1.0,0.13734,37770,1602,4,7744,
GPT-OSS-120B,exp_038_gpt_oss_120b_v5_seeds5,V5_25_tool_selection_chart_type,1337,tool_selection,0,0,0.375,0.1667,0.0,0.066276,18837,651,2,5504,tool_missing
GPT-OSS-120B,exp_038_gpt_oss_120b_v5_seeds5,V5_26_tool_selection_toggle_multiple,1337,tool_selection,1,0,0.8571,1.0,1.0,0.119667,37684,441,4,3590,cost_exceeded
GPT-OSS-120B,exp_038_gpt_oss_120b_v5_seeds5,V5_27_language_catalan,1337,language,1,1,1.0,1.0,1.0,0.095613,28101,754,3,5132,
GPT-OSS-120B,exp_038_gpt_oss_120b_v5_seeds5,V5_28_language_galician,1337,language,1,1,1.0,1.0,1.0,0.097389,27983,896,3,6642,
GPT-OSS-120B,exp_038_gpt_oss_120b_v5_seeds5,V5_29_single_analysis_erosion,1337,single_analysis,0,0,0.625,0.5,0.5,0.060327,18634,295,2,2323,tool_missing
GPT-OSS-120B,exp_038_gpt_oss_120b_v5_seeds5,V5_30_single_analysis_co2,1337,single_analysis,0,0,0.4444,0.2857,0.0,0.062619,18643,446,2,2872,tool_missing
GPT-OSS-120B,exp_038_gpt_oss_120b_v5_seeds5,V5_31_habitat_province_single,1337,habitat_analysis,1,1,1.0,1.0,1.0,0.10431,28270,1300,3,5845,
GPT-OSS-120B,exp_038_gpt_oss_120b_v5_seeds5,V5_32_habitat_forest_types,1337,habitat_analysis,1,1,1.0,1.0,1.0,0.10048800000000001,28226,1054,3,5517,
GPT-OSS-120B,exp_038_gpt_oss_120b_v5_seeds5,V5_33_habitat_recall_grassland,1337,habitat_analysis,0,0,0.8889,0.8571,1.0,0.141573,37716,1895,4,8481,wrong_data
GPT-OSS-120B,exp_038_gpt_oss_120b_v5_seeds5,V5_34_habitat_chart,1337,habitat_analysis,0,0,0.4444,0.2857,0.0,0.067869,18683,788,2,3722,tool_missing
GPT-OSS-120B,exp_038_gpt_oss_120b_v5_seeds5,V5_35_habitat_dominant_class_recall,1337,habitat_analysis,1,1,1.0,1.0,1.0,0.029907,9549,84,1,1527,
GPT-OSS-120B,exp_038_gpt_oss_120b_v5_seeds5,V5_36_temporal_compare_shrubland,1337,memory,1,1,1.0,1.0,1.0,0.030183,9546,103,1,1452,
GPT-OSS-120B,exp_038_gpt_oss_120b_v5_seeds5,V5_37_temporal_change_visual,1337,memory,1,1,1.0,1.0,1.0,0.030282,9544,110,1,1544,
GPT-OSS-120B,exp_038_gpt_oss_120b_v5_seeds5,V5_38_cross_indicator_habitat_co2,1337,cross_indicator,0,0,0.4444,0.2857,0.0,0.067041,18732,723,2,3563,tool_missing
GPT-OSS-120B,exp_038_gpt_oss_120b_v5_seeds5,V5_39_error_unavailable_year,1337,error_handling,0,0,0.8889,0.8571,0.0,0.029643,9246,127,1,1863,keyword_missing
GPT-OSS-120B,exp_038_gpt_oss_120b_v5_seeds5,V5_40_error_wrong_layer,1337,error_handling,0,0,0.9,0.875,0.0,0.030903,9241,212,1,1899,keyword_missing
GPT-OSS-120B,exp_038_gpt_oss_120b_v5_seeds5,V5_41_multi_muni_ranking_erosion,1337,multi_municipality_ranking,0,0,0.6,0.3333,0.0,0.065406,18672,626,2,3560,tool_missing
GPT-OSS-120B,exp_038_gpt_oss_120b_v5_seeds5,V5_42_multi_muni_ranking_co2,1337,multi_municipality_ranking,0,0,0.6,0.3333,0.0,0.06396299999999999,18601,544,2,4703,tool_missing
GPT-OSS-120B,exp_038_gpt_oss_120b_v5_seeds5,V5_43_multi_muni_compare_three,1337,multi_municipality_ranking,0,0,0.4444,0.2857,0.0,0.13905299999999998,37711,1728,4,8719,tool_missing
GPT-OSS-120B,exp_038_gpt_oss_120b_v5_seeds5,V5_44_province_aggregation_andalucia,1337,province_aggregation,1,1,1.0,1.0,1.0,0.10001099999999999,28607,946,3,8052,
GPT-OSS-120B,exp_038_gpt_oss_120b_v5_seeds5,V5_45_province_aggregation_aragon,1337,province_aggregation,0,0,0.4286,0.2,0.0,0.139563,37511,1802,4,145125,tool_missing
GPT-OSS-120B,exp_038_gpt_oss_120b_v5_seeds5,V5_46_error_recovery_typo,1337,error_recovery,0,0,0.8571,0.8,0.0,0.05994,18555,285,2,4186,keyword_missing
GPT-OSS-120B,exp_038_gpt_oss_120b_v5_seeds5,V5_47_error_recovery_fallback_indicator,1337,error_recovery,0,0,0.75,0.6667,0.0,0.108378,24296,2366,2,7041,tool_missing
GPT-OSS-120B,exp_038_gpt_oss_120b_v5_seeds5,V5_48_error_recovery_wrong_year,1337,error_recovery,1,1,1.0,1.0,1.0,0.09878400000000001,28268,932,3,4428,
GPT-OSS-120B,exp_038_gpt_oss_120b_v5_seeds5,V5_49_threshold_co2_high,1337,threshold,1,1,1.0,1.0,1.0,0.10167000000000001,30280,722,3,5947,
GPT-OSS-120B,exp_038_gpt_oss_120b_v5_seeds5,V5_50_threshold_dual_indicator,1337,threshold,1,1,1.0,1.0,1.0,0.119526,30427,1883,3,8883,
GPT-OSS-120B,exp_038_gpt_oss_120b_v5_seeds5,V5_51_threshold_co2_low,1337,threshold,1,1,1.0,1.0,1.0,0.102918,30471,767,3,6192,
GPT-OSS-120B,exp_038_gpt_oss_120b_v5_seeds5,V5_52_language_catalan_erosion,1337,language,1,1,1.0,1.0,1.0,0.096045,27995,804,3,5680,
GPT-OSS-120B,exp_038_gpt_oss_120b_v5_seeds5,V5_53_language_basque_co2,1337,language,1,1,1.0,1.0,1.0,0.093681,28077,630,3,5707,
GPT-OSS-120B,exp_038_gpt_oss_120b_v5_seeds5,V5_54_language_galician_co2,1337,language,0,0,0.8571,0.8,0.5,0.099843,28111,1034,3,5553,keyword_missing
GPT-OSS-120B,exp_038_gpt_oss_120b_v5_seeds5,V5_55_language_basque_compare,1337,language,0,0,0.8571,0.8,1.0,0.097851,28372,849,3,6627,wrong_data
GPT-OSS-120B,exp_038_gpt_oss_120b_v5_seeds5,V5_56_habitat_andalucia_forest,1337,habitat_analysis,0,0,0.4444,0.2857,0.0,0.03948,9295,773,1,3481,tool_missing
GPT-OSS-120B,exp_038_gpt_oss_120b_v5_seeds5,V5_57_temporal_multi_year,1337,temporal_change,0,0,0.6667,0.5714,0.3333,0.079629,18708,1567,2,5519,tool_missing
GPT-OSS-120B,exp_038_gpt_oss_120b_v5_seeds5,V5_58_legend_co2_classes,1337,tool_selection,0,0,0.8571,0.8,1.0,0.03327,9295,359,1,2668,tool_missing
GPT-OSS-120B,exp_038_gpt_oss_120b_v5_seeds5,V5_59_legend_erosion_scale,1337,tool_selection,0,0,0.8333,0.75,1.0,0.032633999999999996,9298,316,1,1847,tool_missing
GPT-OSS-120B,exp_038_gpt_oss_120b_v5_seeds5,V5_60_legend_habitat_classes,1337,tool_selection,0,0,0.7778,0.7143,1.0,0.103761,28167,1284,3,7210,tool_missing
GPT-OSS-120B,exp_038_gpt_oss_120b_v5_seeds5,V5_61_list_layers_analyzable,1337,tool_selection,0,0,0.8333,0.75,1.0,0.032505,9295,308,1,1853,tool_missing
GPT-OSS-120B,exp_038_gpt_oss_120b_v5_seeds5,V5_62_list_layers_habitat_years,1337,tool_selection,0,0,0.6667,0.5714,0.5,0.12174600000000001,28277,2461,3,8044,tool_missing
GPT-OSS-120B,exp_038_gpt_oss_120b_v5_seeds5,V5_63_list_layers_all_indicators,1337,tool_selection,1,1,1.0,1.0,1.0,0.065082,18749,589,2,3369,
GPT-OSS-120B,exp_038_gpt_oss_120b_v5_seeds5,V5_64_layer_bounds_canary_co2,1337,tool_selection,0,0,0.8333,0.75,1.0,0.031731,9252,265,1,2483,tool_missing
GPT-OSS-120B,exp_038_gpt_oss_120b_v5_seeds5,V5_65_layer_bounds_erosion_extent,1337,tool_selection,1,0,0.8,1.0,1.0,0.061137,18664,343,2,3609,cost_exceeded
GPT-OSS-120B,exp_038_gpt_oss_120b_v5_seeds5,V5_66_layer_bounds_cross_border,1337,tool_selection,0,0,0.875,0.8333,1.0,0.030927,9264,209,1,2058,tool_missing
GPT-OSS-120B,exp_038_gpt_oss_120b_v5_seeds5,V5_67_multi_layer_three_indicators,1337,cross_indicator,0,0,0.6667,0.5714,0.3333,0.088665,18685,2174,2,7541,tool_missing
GPT-OSS-120B,exp_038_gpt_oss_120b_v5_seeds5,V5_68_multi_layer_nbs_profile,1337,cross_indicator,0,0,0.5556,0.4286,0.3333,0.038061,9262,685,1,4958,tool_missing
GPT-OSS-120B,exp_038_gpt_oss_120b_v5_seeds5,V5_69_multi_layer_explicit_simultaneous,1337,cross_indicator,0,0,0.625,0.5,0.5,0.062514,18633,441,2,3670,tool_missing
GPT-OSS-120B,exp_038_gpt_oss_120b_v5_seeds5,V5_70_interpretation_investor,1337,interpretation,0,0,0.5714,0.4,0.5,0.099759,28628,925,3,8040,tool_missing
GPT-OSS-120B,exp_038_gpt_oss_120b_v5_seeds5,V5_71_interpretation_habitat_co2_link,1337,interpretation,0,0,0.8333,0.75,0.5,0.106083,28276,1417,3,8618,keyword_missing
GPT-OSS-120B,exp_038_gpt_oss_120b_v5_seeds5,V5_72_interpretation_erosion_project_risk,1337,interpretation,0,0,0.75,0.6667,1.0,0.105651,28482,1347,3,8252,tool_missing
GPT-OSS-120B,exp_038_gpt_oss_120b_v5_seeds5,V5_73_deep_dive_municipality,1337,deep_dive,0,0,0.6667,0.5714,0.5,0.125802,28204,2746,3,10630,tool_missing
GPT-OSS-120B,exp_038_gpt_oss_120b_v5_seeds5,V5_74_deep_dive_temporal_profile,1337,tool_selection,1,1,1.0,1.0,1.0,0.060666,18582,328,2,2788,
GPT-OSS-120B,exp_038_gpt_oss_120b_v5_seeds5,V5_75_deep_dive_community_ranking,1337,deep_dive,0,0,0.5,0.3333,0.0,0.162636,38057,3231,4,11390,tool_missing
GPT-OSS-120B,exp_038_gpt_oss_120b_v5_seeds5,V5_76_legend_ines_erosion_visual,1337,tool_selection,0,0,0.8333,0.75,1.0,0.032877,9259,340,1,3158,tool_missing
GPT-OSS-120B,exp_038_gpt_oss_120b_v5_seeds5,V5_77_legend_mfe_forest_map,1337,tool_selection,0,0,0.8,0.6667,1.0,0.031272,9309,223,1,1803,tool_missing
GPT-OSS-120B,exp_038_gpt_oss_120b_v5_seeds5,V5_78_legend_two_layers_compare,1337,tool_selection,0,0,0.8333,0.75,1.0,0.032154,9313,281,1,1868,tool_missing
GPT-OSS-120B,exp_038_gpt_oss_120b_v5_seeds5,V5_79_list_layers_display_only,1337,tool_selection,0,0,0.6,0.3333,1.0,0.035526,9257,517,1,3082,tool_missing
GPT-OSS-120B,exp_038_gpt_oss_120b_v5_seeds5,V5_80_list_layers_before_workflow,1337,tool_selection,1,1,1.0,1.0,1.0,0.070539,18763,950,2,4071,
GPT-OSS-120B,exp_038_gpt_oss_120b_v5_seeds5,V5_81_list_layers_unavailable_indicator,1337,tool_selection,0,0,0.75,0.6667,0.0,0.030716999999999998,9254,197,1,2192,tool_missing
GPT-OSS-120B,exp_038_gpt_oss_120b_v5_seeds5,V5_82_layer_bounds_ceuta_melilla,1337,tool_selection,0,0,0.8333,0.75,0.5,0.064125,18690,537,2,3691,keyword_missing
GPT-OSS-120B,exp_038_gpt_oss_120b_v5_seeds5,V5_83_layer_bounds_balearic_erosion,1337,tool_selection,1,1,1.0,1.0,1.0,0.060879,18623,334,2,4173,
GPT-OSS-120B,exp_038_gpt_oss_120b_v5_seeds5,V5_84_layer_bounds_coverage_comparison,1337,tool_selection,0,0,0.8333,0.75,1.0,0.034158,9316,414,1,2242,tool_missing
GPT-OSS-120B,exp_038_gpt_oss_120b_v5_seeds5,V5_85_multi_layer_municipality_lorca,1337,cross_indicator,1,1,1.0,1.0,1.0,0.231099,57243,3958,6,18338,
GPT-OSS-120B,exp_038_gpt_oss_120b_v5_seeds5,V5_86_multi_layer_with_chart_huelva,1337,cross_indicator,0,0,0.625,0.5,0.5,0.034172999999999995,9306,417,1,2339,tool_missing
GPT-OSS-120B,exp_038_gpt_oss_120b_v5_seeds5,V5_87_multi_layer_comparison_two_provinces,1337,deep_dive,0,0,0.7,0.625,0.6667,0.169308,37701,3747,4,16268,tool_missing
GPT-OSS-120B,exp_038_gpt_oss_120b_v5_seeds5,V5_88_interpretation_restoration_castilla_leon,1337,interpretation,0,0,0.6667,0.5,0.0,0.33816,87270,5090,9,24185,keyword_missing
GPT-OSS-120B,exp_038_gpt_oss_120b_v5_seeds5,V5_89_interpretation_biodiversity_carbon_synergy,1337,interpretation,0,0,0.5714,0.4,0.0,0.070506,18872,926,2,4424,keyword_missing
GPT-OSS-120B,exp_038_gpt_oss_120b_v5_seeds5,V5_90_interpretation_bank_risk_assessment,1337,interpretation,1,1,1.0,1.0,1.0,0.168033,38591,3484,4,12573,
GPT-OSS-120B,exp_038_gpt_oss_120b_v5_seeds5,V5_91_deep_dive_temporal_municipality,1337,deep_dive,0,0,0.6667,0.5714,0.6667,0.109326,28102,1668,3,8044,tool_missing
GPT-OSS-120B,exp_038_gpt_oss_120b_v5_seeds5,V5_92_deep_dive_two_provinces_side_by_side,1337,deep_dive,0,0,0.6667,0.5714,0.6667,0.183375,48985,2428,5,14566,tool_missing
GPT-OSS-120B,exp_038_gpt_oss_120b_v5_seeds5,V5_93_deep_dive_national_policy_brief,1337,habitat_analysis,0,0,0.3636,0.2222,0.0,0.068667,18699,838,2,3875,tool_missing
GPT-OSS-120B,exp_038_gpt_oss_120b_v5_seeds5,V5_01_municipality_co2_lorca,2024,municipality,0,0,0.5,0.3333,0.0,0.059163,18621,220,2,2593,tool_missing
GPT-OSS-120B,exp_038_gpt_oss_120b_v5_seeds5,V5_02_municipality_erosion_antequera,2024,municipality,1,1,1.0,1.0,1.0,0.097857,28109,902,3,6228,
GPT-OSS-120B,exp_038_gpt_oss_120b_v5_seeds5,V5_03_municipality_province_hint,2024,municipality,1,1,1.0,1.0,1.0,0.094419,28183,658,3,4487,
GPT-OSS-120B,exp_038_gpt_oss_120b_v5_seeds5,V5_04_municipality_multi_indicator,2024,municipality,0,0,0.875,0.8333,0.6667,0.129477,37939,1044,4,6926,keyword_missing
GPT-OSS-120B,exp_038_gpt_oss_120b_v5_seeds5,V5_05_followup_drill_down,2024,memory,0,0,0.8889,0.8571,1.0,0.030372,9459,133,1,1556,wrong_data
GPT-OSS-120B,exp_038_gpt_oss_120b_v5_seeds5,V5_06_followup_compare_new,2024,memory,1,1,1.0,1.0,1.0,0.093645,29045,434,3,5099,
GPT-OSS-120B,exp_038_gpt_oss_120b_v5_seeds5,V5_07_followup_switch_indicator,2024,memory,0,0,0.625,0.5,0.0,0.059412,18939,173,2,2243,tool_missing
GPT-OSS-120B,exp_038_gpt_oss_120b_v5_seeds5,V5_08_followup_chart_request,2024,memory,1,1,1.0,1.0,1.0,0.061521000000000006,19382,225,2,3114,
GPT-OSS-120B,exp_038_gpt_oss_120b_v5_seeds5,V5_09_spatial_coastal_erosion,2024,spatial_reasoning,0,0,0.8333,0.75,1.0,0.068094,18673,805,2,4695,wrong_data
GPT-OSS-120B,exp_038_gpt_oss_120b_v5_seeds5,V5_10_spatial_inland_co2,2024,spatial_reasoning,0,0,0.5,0.25,0.0,0.034356,9297,431,1,2197,tool_missing
GPT-OSS-120B,exp_038_gpt_oss_120b_v5_seeds5,V5_11_spatial_autonomous_community,2024,spatial_reasoning,0,0,0.875,0.8333,1.0,0.133365,38740,1143,4,8396,wrong_data
GPT-OSS-120B,exp_038_gpt_oss_120b_v5_seeds5,V5_12_spatial_island_limitations,2024,spatial_reasoning,0,0,0.5,0.0,0.0,0.058782,18634,192,2,2561,tool_missing
GPT-OSS-120B,exp_038_gpt_oss_120b_v5_seeds5,V5_13_cross_indicator_tradeoff,2024,cross_indicator,1,1,1.0,1.0,1.0,0.18515700000000002,49669,2410,5,12068,
GPT-OSS-120B,exp_038_gpt_oss_120b_v5_seeds5,V5_14_cross_indicator_low_risk,2024,cross_indicator,0,0,0.6667,0.5,0.0,0.158388,38801,2799,4,14019,keyword_missing
GPT-OSS-120B,exp_038_gpt_oss_120b_v5_seeds5,V5_15_error_nonexistent_municipality,2024,error_handling,0,0,0.7143,0.8,0.0,0.060710999999999994,18642,319,2,2532,keyword_missing
GPT-OSS-120B,exp_038_gpt_oss_120b_v5_seeds5,V5_16_error_wrong_indicator_name,2024,error_handling,0,0,0.6667,0.75,0.0,0.059742,18664,250,2,2425,keyword_missing
GPT-OSS-120B,exp_038_gpt_oss_120b_v5_seeds5,V5_17_error_ines_stats_fabrication,2024,error_handling,1,1,1.0,1.0,,0.062718,18606,460,2,3878,
GPT-OSS-120B,exp_038_gpt_oss_120b_v5_seeds5,V5_18_error_fabricated_year,2024,error_handling,0,0,0.6667,0.5,0.0,0.059808,18606,266,2,2482,keyword_missing
GPT-OSS-120B,exp_038_gpt_oss_120b_v5_seeds5,V5_19_ranking_bottom_co2,2024,ranking,0,0,0.5,0.5,0.5,0.127455,37695,958,4,7891,keyword_missing
GPT-OSS-120B,exp_038_gpt_oss_120b_v5_seeds5,V5_20_ranking_chart_erosion,2024,ranking,0,0,0.7778,0.7143,0.5,0.098022,28689,797,3,7068,keyword_missing
GPT-OSS-120B,exp_038_gpt_oss_120b_v5_seeds5,V5_21_comparison_close_values,2024,comparison,0,0,0.8889,0.8571,1.0,0.09801,28680,798,3,7739,wrong_data
GPT-OSS-120B,exp_038_gpt_oss_120b_v5_seeds5,V5_22_comparison_north_south_erosion,2024,comparison,1,1,1.0,1.0,1.0,0.09787499999999999,28325,860,3,6207,
GPT-OSS-120B,exp_038_gpt_oss_120b_v5_seeds5,V5_23_deep_dive_full_profile,2024,deep_dive,0,0,0.625,0.5,0.5,0.13668,38260,1460,4,9786,tool_missing
GPT-OSS-120B,exp_038_gpt_oss_120b_v5_seeds5,V5_24_interpretation_policy,2024,interpretation,0,0,0.5,0.25,0.0,0.034995,9260,481,1,3371,tool_missing
GPT-OSS-120B,exp_038_gpt_oss_120b_v5_seeds5,V5_25_tool_selection_chart_type,2024,tool_selection,0,0,0.5,0.3333,1.0,0.101478,28251,1115,3,6047,tool_missing
GPT-OSS-120B,exp_038_gpt_oss_120b_v5_seeds5,V5_26_tool_selection_toggle_multiple,2024,tool_selection,1,0,0.8571,1.0,1.0,0.122478,37671,631,4,4535,cost_exceeded
GPT-OSS-120B,exp_038_gpt_oss_120b_v5_seeds5,V5_27_language_catalan,2024,language,1,1,1.0,1.0,1.0,0.093213,28081,598,3,5792,
GPT-OSS-120B,exp_038_gpt_oss_120b_v5_seeds5,V5_28_language_galician,2024,language,1,1,1.0,1.0,1.0,0.096807,28004,853,3,6498,
GPT-OSS-120B,exp_038_gpt_oss_120b_v5_seeds5,V5_29_single_analysis_erosion,2024,single_analysis,1,1,1.0,1.0,1.0,0.08972100000000001,28032,375,3,4585,
GPT-OSS-120B,exp_038_gpt_oss_120b_v5_seeds5,V5_30_single_analysis_co2,2024,single_analysis,1,1,1.0,1.0,1.0,0.098274,28048,942,3,6044,
GPT-OSS-120B,exp_038_gpt_oss_120b_v5_seeds5,V5_31_habitat_province_single,2024,habitat_analysis,1,1,1.0,1.0,1.0,0.099135,28270,955,3,5637,
GPT-OSS-120B,exp_038_gpt_oss_120b_v5_seeds5,V5_32_habitat_forest_types,2024,habitat_analysis,1,1,1.0,1.0,1.0,0.097548,28196,864,3,5039,
GPT-OSS-120B,exp_038_gpt_oss_120b_v5_seeds5,V5_33_habitat_recall_grassland,2024,habitat_analysis,0,0,0.8889,0.8571,1.0,0.099456,28217,987,3,6481,wrong_data
GPT-OSS-120B,exp_038_gpt_oss_120b_v5_seeds5,V5_34_habitat_chart,2024,habitat_analysis,0,0,0.4444,0.2857,0.0,0.062091,18657,408,2,3823,tool_missing
GPT-OSS-120B,exp_038_gpt_oss_120b_v5_seeds5,V5_35_habitat_dominant_class_recall,2024,habitat_analysis,1,1,1.0,1.0,1.0,0.029667,9549,68,1,1461,
GPT-OSS-120B,exp_038_gpt_oss_120b_v5_seeds5,V5_36_temporal_compare_shrubland,2024,memory,1,1,1.0,1.0,1.0,0.030989999999999997,9550,156,1,1865,
GPT-OSS-120B,exp_038_gpt_oss_120b_v5_seeds5,V5_37_temporal_change_visual,2024,memory,1,1,1.0,1.0,1.0,0.029064,9548,28,1,1679,
GPT-OSS-120B,exp_038_gpt_oss_120b_v5_seeds5,V5_38_cross_indicator_habitat_co2,2024,cross_indicator,1,1,1.0,1.0,1.0,0.183087,47769,2652,5,12240,
GPT-OSS-120B,exp_038_gpt_oss_120b_v5_seeds5,V5_39_error_unavailable_year,2024,error_handling,0,0,0.7778,0.8571,0.0,0.059883,18686,255,2,2425,keyword_missing
GPT-OSS-120B,exp_038_gpt_oss_120b_v5_seeds5,V5_40_error_wrong_layer,2024,error_handling,0,0,0.9,0.875,0.0,0.029613,9241,126,1,2064,keyword_missing
GPT-OSS-120B,exp_038_gpt_oss_120b_v5_seeds5,V5_41_multi_muni_ranking_erosion,2024,multi_municipality_ranking,0,0,0.6,0.3333,0.0,0.060549000000000006,18623,312,2,3229,tool_missing
GPT-OSS-120B,exp_038_gpt_oss_120b_v5_seeds5,V5_42_multi_muni_ranking_co2,2024,multi_municipality_ranking,0,0,0.6,0.3333,0.0,0.062748,18641,455,2,4014,tool_missing
GPT-OSS-120B,exp_038_gpt_oss_120b_v5_seeds5,V5_43_multi_muni_compare_three,2024,multi_municipality_ranking,1,0,0.8889,1.0,1.0,0.360423,97701,4488,10,22330,cost_exceeded
GPT-OSS-120B,exp_038_gpt_oss_120b_v5_seeds5,V5_44_province_aggregation_andalucia,2024,province_aggregation,1,1,1.0,1.0,1.0,0.07032,18780,932,2,5564,
GPT-OSS-120B,exp_038_gpt_oss_120b_v5_seeds5,V5_45_province_aggregation_aragon,2024,province_aggregation,0,0,0.3333,0.2,0.0,0.0,0,0,0,300103,tool_missing
GPT-OSS-120B,exp_038_gpt_oss_120b_v5_seeds5,V5_46_error_recovery_typo,2024,error_recovery,0,0,0.8571,0.8,0.0,0.060000000000000005,18600,280,2,3025,keyword_missing
GPT-OSS-120B,exp_038_gpt_oss_120b_v5_seeds5,V5_47_error_recovery_fallback_indicator,2024,error_recovery,0,0,0.75,0.6667,0.0,0.106542,29239,1255,3,7006,tool_missing
GPT-OSS-120B,exp_038_gpt_oss_120b_v5_seeds5,V5_48_error_recovery_wrong_year,2024,error_recovery,0,0,0.6667,0.75,0.0,0.10211999999999999,28200,1168,3,5966,keyword_missing
GPT-OSS-120B,exp_038_gpt_oss_120b_v5_seeds5,V5_49_threshold_co2_high,2024,threshold,1,1,1.0,1.0,1.0,0.10362,30270,854,3,6023,
GPT-OSS-120B,exp_038_gpt_oss_120b_v5_seeds5,V5_50_threshold_dual_indicator,2024,threshold,1,1,1.0,1.0,1.0,0.159951,41097,2444,4,12823,
GPT-OSS-120B,exp_038_gpt_oss_120b_v5_seeds5,V5_51_threshold_co2_low,2024,threshold,1,1,1.0,1.0,1.0,0.10547100000000001,28462,1339,3,7155,
GPT-OSS-120B,exp_038_gpt_oss_120b_v5_seeds5,V5_52_language_catalan_erosion,2024,language,1,1,1.0,1.0,1.0,0.092835,27995,590,3,4870,
GPT-OSS-120B,exp_038_gpt_oss_120b_v5_seeds5,V5_53_language_basque_co2,2024,language,0,0,0.6667,0.75,0.0,0.10272899999999999,28098,1229,3,6681,keyword_missing
GPT-OSS-120B,exp_038_gpt_oss_120b_v5_seeds5,V5_54_language_galician_co2,2024,language,1,1,1.0,1.0,1.0,0.096873,28066,845,3,5153,
GPT-OSS-120B,exp_038_gpt_oss_120b_v5_seeds5,V5_55_language_basque_compare,2024,language,0,0,0.8571,0.8,1.0,0.101172,28414,1062,3,7125,wrong_data
GPT-OSS-120B,exp_038_gpt_oss_120b_v5_seeds5,V5_56_habitat_andalucia_forest,2024,habitat_analysis,1,1,1.0,1.0,1.0,0.108456,28187,1593,3,8655,
GPT-OSS-120B,exp_038_gpt_oss_120b_v5_seeds5,V5_57_temporal_multi_year,2024,temporal_change,0,0,0.8889,0.8571,0.6667,0.138135,37935,1622,4,8820,keyword_missing
GPT-OSS-120B,exp_038_gpt_oss_120b_v5_seeds5,V5_58_legend_co2_classes,2024,tool_selection,0,0,0.8571,0.8,1.0,0.032595,9295,314,1,2033,tool_missing
GPT-OSS-120B,exp_038_gpt_oss_120b_v5_seeds5,V5_59_legend_erosion_scale,2024,tool_selection,0,0,0.8333,0.75,1.0,0.032769,9253,334,1,2592,tool_missing
GPT-OSS-120B,exp_038_gpt_oss_120b_v5_seeds5,V5_60_legend_habitat_classes,2024,tool_selection,1,1,1.0,1.0,1.0,0.136485,37815,1536,4,7738,
GPT-OSS-120B,exp_038_gpt_oss_120b_v5_seeds5,V5_61_list_layers_analyzable,2024,tool_selection,0,0,0.8333,0.75,1.0,0.032025,9295,276,1,1788,tool_missing
GPT-OSS-120B,exp_038_gpt_oss_120b_v5_seeds5,V5_62_list_layers_habitat_years,2024,tool_selection,0,0,0.6667,0.5714,1.0,0.101973,28021,1194,3,6933,tool_missing
GPT-OSS-120B,exp_038_gpt_oss_120b_v5_seeds5,V5_63_list_layers_all_indicators,2024,tool_selection,0,0,0.8,0.6667,0.0,0.062411999999999995,18749,411,2,3068,keyword_missing
GPT-OSS-120B,exp_038_gpt_oss_120b_v5_seeds5,V5_64_layer_bounds_canary_co2,2024,tool_selection,0,0,0.8333,0.75,1.0,0.033156,9297,351,1,2185,tool_missing
GPT-OSS-120B,exp_038_gpt_oss_120b_v5_seeds5,V5_65_layer_bounds_erosion_extent,2024,tool_selection,1,0,0.8,1.0,1.0,0.062973,18671,464,2,3075,cost_exceeded
GPT-OSS-120B,exp_038_gpt_oss_120b_v5_seeds5,V5_66_layer_bounds_cross_border,2024,tool_selection,0,0,0.75,0.6667,0.5,0.030567,9309,176,1,1681,tool_missing
GPT-OSS-120B,exp_038_gpt_oss_120b_v5_seeds5,V5_67_multi_layer_three_indicators,2024,cross_indicator,0,0,0.4444,0.2857,0.0,0.066189,18718,669,2,139261,tool_missing
GPT-OSS-120B,exp_038_gpt_oss_120b_v5_seeds5,V5_68_multi_layer_nbs_profile,2024,cross_indicator,0,0,0.5556,0.4286,0.0,0.086499,18653,2036,2,9762,tool_missing
GPT-OSS-120B,exp_038_gpt_oss_120b_v5_seeds5,V5_69_multi_layer_explicit_simultaneous,2024,cross_indicator,0,0,0.625,0.5,0.5,0.035016000000000005,9262,482,1,3428,tool_missing
GPT-OSS-120B,exp_038_gpt_oss_120b_v5_seeds5,V5_70_interpretation_investor,2024,interpretation,0,0,0.5714,0.4,0.5,0.113655,28625,1852,3,10432,tool_missing
GPT-OSS-120B,exp_038_gpt_oss_120b_v5_seeds5,V5_71_interpretation_habitat_co2_link,2024,interpretation,0,0,0.8333,0.75,0.5,0.109083,28321,1608,3,6822,keyword_missing
GPT-OSS-120B,exp_038_gpt_oss_120b_v5_seeds5,V5_72_interpretation_erosion_project_risk,2024,interpretation,0,0,0.75,0.6667,1.0,0.097932,28504,828,3,5771,tool_missing
GPT-OSS-120B,exp_038_gpt_oss_120b_v5_seeds5,V5_73_deep_dive_municipality,2024,deep_dive,0,0,0.7778,0.7143,0.75,0.14181,37760,1902,4,9204,tool_missing
GPT-OSS-120B,exp_038_gpt_oss_120b_v5_seeds5,V5_74_deep_dive_temporal_profile,2024,tool_selection,1,1,1.0,1.0,1.0,0.062390999999999995,18582,443,2,3150,
GPT-OSS-120B,exp_038_gpt_oss_120b_v5_seeds5,V5_75_deep_dive_community_ranking,2024,deep_dive,0,0,0.875,0.8333,1.0,0.228087,58839,3438,6,15181,tool_missing
GPT-OSS-120B,exp_038_gpt_oss_120b_v5_seeds5,V5_76_legend_ines_erosion_visual,2024,tool_selection,0,0,0.8333,0.75,1.0,0.033837,9304,395,1,2304,tool_missing
GPT-OSS-120B,exp_038_gpt_oss_120b_v5_seeds5,V5_77_legend_mfe_forest_map,2024,tool_selection,0,0,0.8,0.6667,1.0,0.031512,9264,248,1,2757,tool_missing
GPT-OSS-120B,exp_038_gpt_oss_120b_v5_seeds5,V5_78_legend_two_layers_compare,2024,tool_selection,0,0,0.8333,0.75,1.0,0.032813999999999996,9313,325,1,2119,tool_missing
GPT-OSS-120B,exp_038_gpt_oss_120b_v5_seeds5,V5_79_list_layers_display_only,2024,tool_selection,0,0,0.8,0.6667,1.0,0.032271,9302,291,1,1834,tool_missing
GPT-OSS-120B,exp_038_gpt_oss_120b_v5_seeds5,V5_80_list_layers_before_workflow,2024,tool_selection,0,0,0.8571,0.8,0.6667,0.063297,18739,472,2,3384,keyword_missing
GPT-OSS-120B,exp_038_gpt_oss_120b_v5_seeds5,V5_81_list_layers_unavailable_indicator,2024,tool_selection,0,0,0.75,0.6667,0.0,0.031242,9254,232,1,1902,tool_missing
GPT-OSS-120B,exp_038_gpt_oss_120b_v5_seeds5,V5_82_layer_bounds_ceuta_melilla,2024,tool_selection,0,0,0.8333,0.75,0.5,0.063345,18735,476,2,3215,keyword_missing
GPT-OSS-120B,exp_038_gpt_oss_120b_v5_seeds5,V5_83_layer_bounds_balearic_erosion,2024,tool_selection,1,1,1.0,1.0,1.0,0.062835,18675,454,2,3150,
GPT-OSS-120B,exp_038_gpt_oss_120b_v5_seeds5,V5_84_layer_bounds_coverage_comparison,2024,tool_selection,0,0,0.8333,0.75,1.0,0.032298,9271,299,1,2417,tool_missing
GPT-OSS-120B,exp_038_gpt_oss_120b_v5_seeds5,V5_85_multi_layer_municipality_lorca,2024,cross_indicator,0,0,0.5714,0.4,0.0,0.06897,18640,870,2,140882,tool_missing
GPT-OSS-120B,exp_038_gpt_oss_120b_v5_seeds5,V5_86_multi_layer_with_chart_huelva,2024,cross_indicator,0,0,0.625,0.5,0.5,0.083799,18623,1862,2,9144,tool_missing
GPT-OSS-120B,exp_038_gpt_oss_120b_v5_seeds5,V5_87_multi_layer_comparison_two_provinces,2024,deep_dive,1,0,0.9,1.0,1.0,0.306876,77547,4949,8,19812,cost_exceeded
GPT-OSS-120B,exp_038_gpt_oss_120b_v5_seeds5,V5_88_interpretation_restoration_castilla_leon,2024,interpretation,0,0,0.6667,0.5,0.5,0.15490500000000001,37640,2799,4,13559,tool_missing
GPT-OSS-120B,exp_038_gpt_oss_120b_v5_seeds5,V5_89_interpretation_biodiversity_carbon_synergy,2024,interpretation,0,0,0.8571,0.8,1.0,0.113142,28679,1807,3,7230,wrong_data
GPT-OSS-120B,exp_038_gpt_oss_120b_v5_seeds5,V5_90_interpretation_bank_risk_assessment,2024,interpretation,0,0,0.8,0.6667,0.0,0.203979,48963,3806,5,20490,keyword_missing
GPT-OSS-120B,exp_038_gpt_oss_120b_v5_seeds5,V5_91_deep_dive_temporal_municipality,2024,deep_dive,0,0,0.6667,0.5714,0.6667,0.049578,9321,1441,1,4938,tool_missing
GPT-OSS-120B,exp_038_gpt_oss_120b_v5_seeds5,V5_92_deep_dive_two_provinces_side_by_side,2024,deep_dive,0,0,0.4444,0.2857,0.3333,0.110184,28578,1630,3,9432,tool_missing
GPT-OSS-120B,exp_038_gpt_oss_120b_v5_seeds5,V5_93_deep_dive_national_policy_brief,2024,habitat_analysis,0,0,0.6364,0.5556,0.75,0.038814,9308,726,1,3003,tool_missing
GLM-5,exp_039_glm5_v5_seeds5,V5_01_municipality_co2_lorca,42,municipality,1,1,1.0,1.0,1.0,0.04712,42416,1176,4,26775,
GLM-5,exp_039_glm5_v5_seeds5,V5_02_municipality_erosion_antequera,42,municipality,1,1,1.0,1.0,1.0,0.034224,31332,723,3,13755,
GLM-5,exp_039_glm5_v5_seeds5,V5_03_municipality_province_hint,42,municipality,1,1,1.0,1.0,1.0,0.033832,31416,604,3,10690,
GLM-5,exp_039_glm5_v5_seeds5,V5_04_municipality_multi_indicator,42,municipality,1,1,1.0,1.0,1.0,0.061738,53898,1960,5,39985,
GLM-5,exp_039_glm5_v5_seeds5,V5_05_followup_drill_down,42,memory,1,1,1.0,1.0,1.0,0.011524,10520,251,1,12939,
GLM-5,exp_039_glm5_v5_seeds5,V5_06_followup_compare_new,42,memory,0,0,0.9,1.0,1.0,0.096984,90200,1696,8,35330,rounds_exceeded
GLM-5,exp_039_glm5_v5_seeds5,V5_07_followup_switch_indicator,42,memory,0,0,0.75,0.8333,1.0,0.055897,53317,645,5,13516,wrong_data
GLM-5,exp_039_glm5_v5_seeds5,V5_08_followup_chart_request,42,memory,1,1,1.0,1.0,1.0,0.023975,21667,577,2,18036,
GLM-5,exp_039_glm5_v5_seeds5,V5_09_spatial_coastal_erosion,42,spatial_reasoning,0,0,0.8333,0.75,1.0,0.04748,43176,1076,4,30588,wrong_data
GLM-5,exp_039_glm5_v5_seeds5,V5_10_spatial_inland_co2,42,spatial_reasoning,1,1,1.0,1.0,1.0,0.036488,32340,1037,3,26181,
GLM-5,exp_039_glm5_v5_seeds5,V5_11_spatial_autonomous_community,42,spatial_reasoning,0,0,0.5,0.3333,0.5,0.012379,10331,512,1,7825,tool_missing
GLM-5,exp_039_glm5_v5_seeds5,V5_12_spatial_island_limitations,42,spatial_reasoning,0,0,0.75,0.5,1.0,0.024385,20877,877,2,11438,tool_missing
GLM-5,exp_039_glm5_v5_seeds5,V5_13_cross_indicator_tradeoff,42,cross_indicator,1,1,1.0,1.0,1.0,0.038615,32879,1434,3,18396,
GLM-5,exp_039_glm5_v5_seeds5,V5_14_cross_indicator_low_risk,42,cross_indicator,1,1,1.0,1.0,1.0,0.055229,45081,2537,4,30241,
GLM-5,exp_039_glm5_v5_seeds5,V5_15_error_nonexistent_municipality,42,error_handling,1,1,1.0,1.0,1.0,0.022674999999999997,20699,494,2,8229,
GLM-5,exp_039_glm5_v5_seeds5,V5_16_error_wrong_indicator_name,42,error_handling,0,0,0.8333,0.75,0.0,0.022118,20746,343,2,6396,keyword_missing
GLM-5,exp_039_glm5_v5_seeds5,V5_17_error_ines_stats_fabrication,42,error_handling,0,0,0.8571,0.8,,0.047434000000000004,42582,1213,4,17447,forbidden_keyword
GLM-5,exp_039_glm5_v5_seeds5,V5_18_error_fabricated_year,42,error_handling,1,1,1.0,1.0,1.0,0.02445,20946,876,2,11865,
GLM-5,exp_039_glm5_v5_seeds5,V5_19_ranking_bottom_co2,42,ranking,1,1,1.0,1.0,1.0,0.035387999999999996,31552,959,3,13512,
GLM-5,exp_039_glm5_v5_seeds5,V5_20_ranking_chart_erosion,42,ranking,0,0,0.5556,0.4286,0.0,0.046876,43104,943,4,17645,keyword_missing
GLM-5,exp_039_glm5_v5_seeds5,V5_21_comparison_close_values,42,comparison,0,0,0.4444,0.2857,0.3333,0.012101,10325,444,1,7455,tool_missing
GLM-5,exp_039_glm5_v5_seeds5,V5_22_comparison_north_south_erosion,42,comparison,0,0,0.6667,0.5714,0.6667,0.046251,42675,894,4,22844,keyword_missing
GLM-5,exp_039_glm5_v5_seeds5,V5_23_deep_dive_full_profile,42,deep_dive,0,0,0.625,0.5,0.5,0.03669,31826,1216,3,16942,tool_missing
GLM-5,exp_039_glm5_v5_seeds5,V5_24_interpretation_policy,42,interpretation,1,1,1.0,1.0,1.0,0.051915,43539,2094,4,36786,
GLM-5,exp_039_glm5_v5_seeds5,V5_25_tool_selection_chart_type,42,tool_selection,0,0,0.75,0.6667,1.0,0.04662,43076,886,4,13702,tool_missing
GLM-5,exp_039_glm5_v5_seeds5,V5_26_tool_selection_toggle_multiple,42,tool_selection,1,1,1.0,1.0,1.0,0.02391,21038,718,2,9089,
GLM-5,exp_039_glm5_v5_seeds5,V5_27_language_catalan,42,language,1,1,1.0,1.0,1.0,0.040941000000000005,31329,2403,3,30698,
GLM-5,exp_039_glm5_v5_seeds5,V5_28_language_galician,42,language,1,1,1.0,1.0,1.0,0.045698,41862,959,4,29042,
GLM-5,exp_039_glm5_v5_seeds5,V5_29_single_analysis_erosion,42,single_analysis,0,0,0.75,0.6667,0.5,0.04648,41848,1158,4,28529,keyword_missing
GLM-5,exp_039_glm5_v5_seeds5,V5_30_single_analysis_co2,42,single_analysis,0,0,0.5556,0.4286,0.6667,0.025077,20997,1020,2,23528,tool_missing
GLM-5,exp_039_glm5_v5_seeds5,V5_31_habitat_province_single,42,habitat_analysis,1,1,1.0,1.0,1.0,0.046830000000000004,42374,1114,4,16136,
GLM-5,exp_039_glm5_v5_seeds5,V5_32_habitat_forest_types,42,habitat_analysis,1,1,1.0,1.0,1.0,0.046553000000000004,42457,1024,4,14990,
GLM-5,exp_039_glm5_v5_seeds5,V5_33_habitat_recall_grassland,42,habitat_analysis,0,0,0.8889,0.8571,1.0,0.023301,21001,575,2,8091,wrong_data
GLM-5,exp_039_glm5_v5_seeds5,V5_34_habitat_chart,42,habitat_analysis,1,1,1.0,1.0,1.0,0.033706,31426,570,3,9921,
GLM-5,exp_039_glm5_v5_seeds5,V5_35_habitat_dominant_class_recall,42,habitat_analysis,1,1,1.0,1.0,1.0,0.011362,10598,191,1,3642,
GLM-5,exp_039_glm5_v5_seeds5,V5_36_temporal_compare_shrubland,42,memory,1,1,1.0,1.0,1.0,0.011103,10599,126,1,3009,
GLM-5,exp_039_glm5_v5_seeds5,V5_37_temporal_change_visual,42,memory,1,1,1.0,1.0,1.0,0.011701999999999999,10594,277,1,4466,
GLM-5,exp_039_glm5_v5_seeds5,V5_38_cross_indicator_habitat_co2,42,cross_indicator,0,0,0.8889,0.8571,1.0,0.05208,42940,2285,4,39297,forbidden_keyword
GLM-5,exp_039_glm5_v5_seeds5,V5_39_error_unavailable_year,42,error_handling,0,0,0.7778,0.8571,0.0,0.047998,42954,1261,4,16130,keyword_missing
GLM-5,exp_039_glm5_v5_seeds5,V5_40_error_wrong_layer,42,error_handling,0,0,0.9,1.0,1.0,0.047379000000000004,42699,1170,4,14806,rounds_exceeded
GLM-5,exp_039_glm5_v5_seeds5,V5_41_multi_muni_ranking_erosion,42,multi_municipality_ranking,0,0,0.6,0.3333,0.0,0.07610399999999999,65992,2528,6,43455,tool_missing
GLM-5,exp_039_glm5_v5_seeds5,V5_42_multi_muni_ranking_co2,42,multi_municipality_ranking,1,1,1.0,1.0,1.0,0.133298,117994,3826,10,92974,
GLM-5,exp_039_glm5_v5_seeds5,V5_43_multi_muni_compare_three,42,multi_municipality_ranking,1,1,1.0,1.0,1.0,0.07197,65066,1726,6,34370,
GLM-5,exp_039_glm5_v5_seeds5,V5_44_province_aggregation_andalucia,42,province_aggregation,0,0,0.8,0.6667,0.0,0.036945,32033,1228,3,16719,keyword_missing
GLM-5,exp_039_glm5_v5_seeds5,V5_45_province_aggregation_aragon,42,province_aggregation,0,0,0.8571,0.8,1.0,0.037952,32188,1441,3,20422,tool_missing
GLM-5,exp_039_glm5_v5_seeds5,V5_46_error_recovery_typo,42,error_recovery,1,1,1.0,1.0,1.0,0.022652000000000002,20712,485,2,12322,
GLM-5,exp_039_glm5_v5_seeds5,V5_47_error_recovery_fallback_indicator,42,error_recovery,0,0,0.875,0.8333,1.0,0.035875000000000004,32023,963,3,66387,tool_missing
GLM-5,exp_039_glm5_v5_seeds5,V5_48_error_recovery_wrong_year,42,error_recovery,1,1,1.0,1.0,1.0,0.035231,31471,940,3,17477,
GLM-5,exp_039_glm5_v5_seeds5,V5_49_threshold_co2_high,42,threshold,1,1,1.0,1.0,1.0,0.035688,32364,831,3,13879,
GLM-5,exp_039_glm5_v5_seeds5,V5_50_threshold_dual_indicator,42,threshold,1,1,1.0,1.0,1.0,0.057652999999999996,49525,2032,4,35728,
GLM-5,exp_039_glm5_v5_seeds5,V5_51_threshold_co2_low,42,threshold,0,0,0.5714,0.4,0.0,0.048364000000000004,43728,1159,4,57600,keyword_missing
GLM-5,exp_039_glm5_v5_seeds5,V5_52_language_catalan_erosion,42,language,1,1,1.0,1.0,1.0,0.033849000000000004,31253,649,3,14518,
GLM-5,exp_039_glm5_v5_seeds5,V5_53_language_basque_co2,42,language,1,1,1.0,1.0,1.0,0.047923,42811,1278,4,31044,
GLM-5,exp_039_glm5_v5_seeds5,V5_54_language_galician_co2,42,language,1,1,1.0,1.0,1.0,0.0338,31312,622,3,15673,
GLM-5,exp_039_glm5_v5_seeds5,V5_55_language_basque_compare,42,language,0,0,0.7143,0.6,0.0,0.047522,42962,1140,4,17581,keyword_missing
GLM-5,exp_039_glm5_v5_seeds5,V5_56_habitat_andalucia_forest,42,habitat_analysis,1,1,1.0,1.0,1.0,0.035298,31390,977,3,12285,
GLM-5,exp_039_glm5_v5_seeds5,V5_57_temporal_multi_year,42,temporal_change,0,0,0.8889,1.0,1.0,0.096163,87939,2056,8,85755,rounds_exceeded
GLM-5,exp_039_glm5_v5_seeds5,V5_58_legend_co2_classes,42,tool_selection,0,0,0.8571,0.8,1.0,0.012092,10324,442,1,15788,tool_missing
GLM-5,exp_039_glm5_v5_seeds5,V5_59_legend_erosion_scale,42,tool_selection,0,0,0.8333,0.75,1.0,0.01338,10328,763,1,12454,tool_missing
GLM-5,exp_039_glm5_v5_seeds5,V5_60_legend_habitat_classes,42,tool_selection,1,1,1.0,1.0,1.0,0.035327,31899,857,3,12438,
GLM-5,exp_039_glm5_v5_seeds5,V5_61_list_layers_analyzable,42,tool_selection,0,0,0.8333,0.75,1.0,0.0124,10324,519,1,6962,tool_missing
GLM-5,exp_039_glm5_v5_seeds5,V5_62_list_layers_habitat_years,42,tool_selection,0,0,0.6667,0.5714,0.5,0.127821,118125,2424,10,80868,tool_missing
GLM-5,exp_039_glm5_v5_seeds5,V5_63_list_layers_all_indicators,42,tool_selection,0,0,0.6,0.3333,0.0,0.023236,20828,602,2,38420,keyword_missing
GLM-5,exp_039_glm5_v5_seeds5,V5_64_layer_bounds_canary_co2,42,tool_selection,0,0,0.8333,0.75,1.0,0.047303,42311,1248,4,21374,tool_missing
GLM-5,exp_039_glm5_v5_seeds5,V5_65_layer_bounds_erosion_extent,42,tool_selection,0,0,0.8,0.6667,1.0,0.011482,10334,287,1,5230,tool_missing
GLM-5,exp_039_glm5_v5_seeds5,V5_66_layer_bounds_cross_border,42,tool_selection,0,0,0.875,0.8333,1.0,0.012049,10337,428,1,6621,tool_missing
GLM-5,exp_039_glm5_v5_seeds5,V5_67_multi_layer_three_indicators,42,cross_indicator,1,1,1.0,1.0,1.0,0.038012,31540,1618,3,22526,
GLM-5,exp_039_glm5_v5_seeds5,V5_68_multi_layer_nbs_profile,42,cross_indicator,1,1,1.0,1.0,1.0,0.064301,54425,2469,5,54800,
GLM-5,exp_039_glm5_v5_seeds5,V5_69_multi_layer_explicit_simultaneous,42,cross_indicator,1,1,1.0,1.0,1.0,0.060093,53273,1705,5,29777,
GLM-5,exp_039_glm5_v5_seeds5,V5_70_interpretation_investor,42,interpretation,0,0,0.5714,0.4,0.5,0.038057,32441,1404,3,21898,tool_missing
GLM-5,exp_039_glm5_v5_seeds5,V5_71_interpretation_habitat_co2_link,42,interpretation,0,0,0.8333,0.75,0.5,0.027123,21035,1522,2,18223,keyword_missing
GLM-5,exp_039_glm5_v5_seeds5,V5_72_interpretation_erosion_project_risk,42,interpretation,0,0,0.75,0.6667,1.0,0.036214,31826,1097,3,26760,tool_missing
GLM-5,exp_039_glm5_v5_seeds5,V5_73_deep_dive_municipality,42,deep_dive,0,0,0.375,0.2857,0.0,0.0,0,0,0,26433,tool_missing
GLM-5,exp_039_glm5_v5_seeds5,V5_74_deep_dive_temporal_profile,42,tool_selection,1,1,1.0,1.0,1.0,0.022892,20692,550,2,10596,
GLM-5,exp_039_glm5_v5_seeds5,V5_75_deep_dive_community_ranking,42,deep_dive,0,0,0.75,0.6667,0.5,0.07552299999999999,67171,2088,6,30705,keyword_missing
GLM-5,exp_039_glm5_v5_seeds5,V5_76_legend_ines_erosion_visual,42,tool_selection,0,0,0.8333,0.75,1.0,0.049003,42827,1544,4,22779,tool_missing
GLM-5,exp_039_glm5_v5_seeds5,V5_77_legend_mfe_forest_map,42,tool_selection,0,0,0.8,0.6667,1.0,0.0241,20936,791,2,10930,tool_missing
GLM-5,exp_039_glm5_v5_seeds5,V5_78_legend_two_layers_compare,42,tool_selection,0,0,0.4,0.25,0.0,0.0,0,0,0,300078,tool_missing
GLM-5,exp_039_glm5_v5_seeds5,V5_79_list_layers_display_only,42,tool_selection,0,0,0.8,0.6667,1.0,0.012619,10331,572,1,7417,tool_missing
GLM-5,exp_039_glm5_v5_seeds5,V5_80_list_layers_before_workflow,42,tool_selection,0,0,0.7143,0.6,0.6667,0.035984,31640,1086,3,15172,keyword_missing
GLM-5,exp_039_glm5_v5_seeds5,V5_81_list_layers_unavailable_indicator,42,tool_selection,1,1,1.0,1.0,1.0,0.023608,20836,693,2,15428,
GLM-5,exp_039_glm5_v5_seeds5,V5_82_layer_bounds_ceuta_melilla,42,tool_selection,1,1,1.0,1.0,1.0,0.023622,20814,702,2,17538,
GLM-5,exp_039_glm5_v5_seeds5,V5_83_layer_bounds_balearic_erosion,42,tool_selection,1,1,1.0,1.0,1.0,0.034488000000000005,31356,783,3,12344,
GLM-5,exp_039_glm5_v5_seeds5,V5_84_layer_bounds_coverage_comparison,42,tool_selection,0,0,0.8333,0.75,1.0,0.013965,10345,905,1,13184,tool_missing
GLM-5,exp_039_glm5_v5_seeds5,V5_85_multi_layer_municipality_lorca,42,cross_indicator,1,1,1.0,1.0,1.0,0.047924,42692,1308,4,28505,
GLM-5,exp_039_glm5_v5_seeds5,V5_86_multi_layer_with_chart_huelva,42,cross_indicator,1,1,1.0,1.0,1.0,0.05951,53286,1556,5,26526,
GLM-5,exp_039_glm5_v5_seeds5,V5_87_multi_layer_comparison_two_provinces,42,deep_dive,1,1,1.0,1.0,1.0,0.060059,53307,1688,5,30844,
GLM-5,exp_039_glm5_v5_seeds5,V5_88_interpretation_restoration_castilla_leon,42,interpretation,0,0,0.8333,0.75,0.5,0.08589100000000001,75547,2586,7,44600,keyword_missing
GLM-5,exp_039_glm5_v5_seeds5,V5_89_interpretation_biodiversity_carbon_synergy,42,interpretation,1,1,1.0,1.0,1.0,0.068456,57372,2771,5,56640,
GLM-5,exp_039_glm5_v5_seeds5,V5_90_interpretation_bank_risk_assessment,42,interpretation,1,1,1.0,1.0,1.0,0.042423,32723,2425,3,32014,
GLM-5,exp_039_glm5_v5_seeds5,V5_91_deep_dive_temporal_municipality,42,deep_dive,0,0,0.8889,0.8571,0.6667,0.075285,65185,2525,6,37274,keyword_missing
GLM-5,exp_039_glm5_v5_seeds5,V5_92_deep_dive_two_provinces_side_by_side,42,deep_dive,0,0,0.6667,0.5714,0.6667,0.043273,32677,2649,3,40968,tool_missing
GLM-5,exp_039_glm5_v5_seeds5,V5_93_deep_dive_national_policy_brief,42,habitat_analysis,1,1,1.0,1.0,1.0,0.07464699999999999,65839,2202,6,45641,
GLM-5,exp_039_glm5_v5_seeds5,V5_01_municipality_co2_lorca,1337,municipality,1,1,1.0,1.0,1.0,0.034695,31407,822,3,12133,
GLM-5,exp_039_glm5_v5_seeds5,V5_02_municipality_erosion_antequera,1337,municipality,1,1,1.0,1.0,1.0,0.022807,20875,483,2,8176,
GLM-5,exp_039_glm5_v5_seeds5,V5_03_municipality_province_hint,1337,municipality,1,1,1.0,1.0,1.0,0.033833999999999996,31422,603,3,13836,
GLM-5,exp_039_glm5_v5_seeds5,V5_04_municipality_multi_indicator,1337,municipality,1,1,1.0,1.0,1.0,0.049826,43350,1619,4,30733,
GLM-5,exp_039_glm5_v5_seeds5,V5_05_followup_drill_down,1337,memory,1,1,1.0,1.0,1.0,0.011748,10520,307,1,4762,
GLM-5,exp_039_glm5_v5_seeds5,V5_06_followup_compare_new,1337,memory,1,1,1.0,1.0,1.0,0.034936,32444,623,3,9860,
GLM-5,exp_039_glm5_v5_seeds5,V5_07_followup_switch_indicator,1337,memory,0,0,0.75,0.6667,0.0,0.032822000000000004,31702,280,3,6182,keyword_missing
GLM-5,exp_039_glm5_v5_seeds5,V5_08_followup_chart_request,1337,memory,1,1,1.0,1.0,1.0,0.024454,21654,700,2,14541,
GLM-5,exp_039_glm5_v5_seeds5,V5_09_spatial_coastal_erosion,1337,spatial_reasoning,1,1,1.0,1.0,1.0,0.037227,32083,1286,3,15481,
GLM-5,exp_039_glm5_v5_seeds5,V5_10_spatial_inland_co2,1337,spatial_reasoning,1,1,1.0,1.0,1.0,0.037411999999999994,32336,1269,3,18508,
GLM-5,exp_039_glm5_v5_seeds5,V5_11_spatial_autonomous_community,1337,spatial_reasoning,0,0,0.625,0.5,0.5,0.049109,43645,1366,4,32416,keyword_missing
GLM-5,exp_039_glm5_v5_seeds5,V5_12_spatial_island_limitations,1337,spatial_reasoning,0,0,0.75,0.5,1.0,0.023787,20867,730,2,10501,tool_missing
GLM-5,exp_039_glm5_v5_seeds5,V5_13_cross_indicator_tradeoff,1337,cross_indicator,0,0,0.8,0.6667,0.0,0.051206999999999996,44583,1656,4,24867,keyword_missing
GLM-5,exp_039_glm5_v5_seeds5,V5_14_cross_indicator_low_risk,1337,cross_indicator,1,1,1.0,1.0,1.0,0.041201999999999996,33370,1958,3,27610,
GLM-5,exp_039_glm5_v5_seeds5,V5_15_error_nonexistent_municipality,1337,error_handling,1,1,1.0,1.0,1.0,0.02258,20700,470,2,7164,
GLM-5,exp_039_glm5_v5_seeds5,V5_16_error_wrong_indicator_name,1337,error_handling,0,0,0.8333,0.75,0.0,0.022683,20887,449,2,6599,keyword_missing
GLM-5,exp_039_glm5_v5_seeds5,V5_17_error_ines_stats_fabrication,1337,error_handling,0,0,0.8571,1.0,,0.059724000000000006,53220,1626,5,43794,rounds_exceeded
GLM-5,exp_039_glm5_v5_seeds5,V5_18_error_fabricated_year,1337,error_handling,1,1,1.0,1.0,1.0,0.035445,31677,942,3,13812,
GLM-5,exp_039_glm5_v5_seeds5,V5_19_ranking_bottom_co2,1337,ranking,1,1,1.0,1.0,1.0,0.034689,31541,787,3,10687,
GLM-5,exp_039_glm5_v5_seeds5,V5_20_ranking_chart_erosion,1337,ranking,0,0,0.6667,0.5714,0.5,0.047759,43163,1149,4,18065,keyword_missing
GLM-5,exp_039_glm5_v5_seeds5,V5_21_comparison_close_values,1337,comparison,0,0,0.4444,0.2857,0.3333,0.012841000000000002,10325,629,1,8684,tool_missing
GLM-5,exp_039_glm5_v5_seeds5,V5_22_comparison_north_south_erosion,1337,comparison,0,0,0.8889,0.8571,1.0,0.03498999999999999,31670,830,3,11892,wrong_data
GLM-5,exp_039_glm5_v5_seeds5,V5_23_deep_dive_full_profile,1337,deep_dive,0,0,0.625,0.5,0.5,0.037046,31822,1306,3,25998,tool_missing
GLM-5,exp_039_glm5_v5_seeds5,V5_24_interpretation_policy,1337,interpretation,0,0,0.8333,0.75,1.0,0.052779999999999994,44784,1999,4,27715,wrong_data
GLM-5,exp_039_glm5_v5_seeds5,V5_25_tool_selection_chart_type,1337,tool_selection,0,0,0.625,0.5,1.0,0.035139,31915,806,3,15075,tool_missing
GLM-5,exp_039_glm5_v5_seeds5,V5_26_tool_selection_toggle_multiple,1337,tool_selection,1,1,1.0,1.0,1.0,0.034232000000000005,31836,599,3,12029,
GLM-5,exp_039_glm5_v5_seeds5,V5_27_language_catalan,1337,language,0,0,0.8333,0.75,0.0,0.045831000000000004,42235,899,4,13604,keyword_missing
GLM-5,exp_039_glm5_v5_seeds5,V5_28_language_galician,1337,language,1,1,1.0,1.0,1.0,0.033423999999999995,31256,542,3,9275,
GLM-5,exp_039_glm5_v5_seeds5,V5_29_single_analysis_erosion,1337,single_analysis,1,1,1.0,1.0,1.0,0.022681000000000003,20813,467,2,7215,
GLM-5,exp_039_glm5_v5_seeds5,V5_30_single_analysis_co2,1337,single_analysis,0,0,0.8889,0.8571,1.0,0.047068,42144,1231,4,17068,wrong_data
GLM-5,exp_039_glm5_v5_seeds5,V5_31_habitat_province_single,1337,habitat_analysis,0,0,0.6667,0.5714,0.0,0.047253,42477,1194,4,15139,keyword_missing
GLM-5,exp_039_glm5_v5_seeds5,V5_32_habitat_forest_types,1337,habitat_analysis,1,1,1.0,1.0,1.0,0.03422,31404,704,3,9235,
GLM-5,exp_039_glm5_v5_seeds5,V5_33_habitat_recall_grassland,1337,habitat_analysis,1,1,1.0,1.0,1.0,0.023206,21006,550,2,15245,
GLM-5,exp_039_glm5_v5_seeds5,V5_34_habitat_chart,1337,habitat_analysis,0,0,0.6667,0.5714,0.0,0.045129999999999997,42466,666,4,10851,keyword_missing
GLM-5,exp_039_glm5_v5_seeds5,V5_35_habitat_dominant_class_recall,1337,habitat_analysis,1,1,1.0,1.0,1.0,0.023275,21463,453,2,9019,
GLM-5,exp_039_glm5_v5_seeds5,V5_36_temporal_compare_shrubland,1337,memory,1,1,1.0,1.0,1.0,0.010931000000000001,10599,83,1,2369,
GLM-5,exp_039_glm5_v5_seeds5,V5_37_temporal_change_visual,1337,memory,1,1,1.0,1.0,1.0,0.011226,10594,158,1,3938,
GLM-5,exp_039_glm5_v5_seeds5,V5_38_cross_indicator_habitat_co2,1337,cross_indicator,1,1,1.0,1.0,1.0,0.06410199999999999,54146,2489,5,51487,
GLM-5,exp_039_glm5_v5_seeds5,V5_39_error_unavailable_year,1337,error_handling,1,1,1.0,1.0,1.0,0.023739,20943,699,2,9876,
GLM-5,exp_039_glm5_v5_seeds5,V5_40_error_wrong_layer,1337,error_handling,0,0,0.9,0.875,0.0,0.011895,10315,395,1,5597,keyword_missing
GLM-5,exp_039_glm5_v5_seeds5,V5_41_multi_muni_ranking_erosion,1337,multi_municipality_ranking,0,0,0.6,0.3333,0.0,0.050457,43057,1850,4,48884,tool_missing
GLM-5,exp_039_glm5_v5_seeds5,V5_42_multi_muni_ranking_co2,1337,multi_municipality_ranking,0,0,0.8,0.6667,1.0,0.050456,43172,1821,4,23575,tool_missing
GLM-5,exp_039_glm5_v5_seeds5,V5_43_multi_muni_compare_three,1337,multi_municipality_ranking,0,0,0.5556,0.4286,0.0,0.061401,54909,1623,5,22525,keyword_missing
GLM-5,exp_039_glm5_v5_seeds5,V5_44_province_aggregation_andalucia,1337,province_aggregation,1,1,1.0,1.0,1.0,0.035889000000000004,32001,972,3,15194,
GLM-5,exp_039_glm5_v5_seeds5,V5_45_province_aggregation_aragon,1337,province_aggregation,0,0,0.4286,0.2,0.0,0.048878000000000005,43610,1317,4,18872,tool_missing
GLM-5,exp_039_glm5_v5_seeds5,V5_46_error_recovery_typo,1337,error_recovery,1,1,1.0,1.0,1.0,0.022557999999999998,20714,461,2,8228,
GLM-5,exp_039_glm5_v5_seeds5,V5_47_error_recovery_fallback_indicator,1337,error_recovery,0,0,0.75,0.6667,0.0,0.02498,21248,933,2,13997,tool_missing
GLM-5,exp_039_glm5_v5_seeds5,V5_48_error_recovery_wrong_year,1337,error_recovery,1,1,1.0,1.0,1.0,0.034088999999999994,31469,655,3,9367,
GLM-5,exp_039_glm5_v5_seeds5,V5_49_threshold_co2_high,1337,threshold,1,1,1.0,1.0,1.0,0.03551,32066,861,3,12305,
GLM-5,exp_039_glm5_v5_seeds5,V5_50_threshold_dual_indicator,1337,threshold,1,1,1.0,1.0,1.0,0.057539,49511,2007,4,22612,
GLM-5,exp_039_glm5_v5_seeds5,V5_51_threshold_co2_low,1337,threshold,1,1,1.0,1.0,1.0,0.035441,32229,803,3,11024,
GLM-5,exp_039_glm5_v5_seeds5,V5_52_language_catalan_erosion,1337,language,0,0,0.875,0.8333,1.0,0.022844,20836,502,2,8435,wrong_data
GLM-5,exp_039_glm5_v5_seeds5,V5_53_language_basque_co2,1337,language,0,0,0.8333,0.75,0.0,0.046429,42421,1002,4,16572,keyword_missing
GLM-5,exp_039_glm5_v5_seeds5,V5_54_language_galician_co2,1337,language,1,1,1.0,1.0,1.0,0.033476000000000006,31308,542,3,10510,
GLM-5,exp_039_glm5_v5_seeds5,V5_55_language_basque_compare,1337,language,0,0,0.8571,0.8,1.0,0.035514,31726,947,3,15934,wrong_data
GLM-5,exp_039_glm5_v5_seeds5,V5_56_habitat_andalucia_forest,1337,habitat_analysis,1,1,1.0,1.0,1.0,0.03357,31390,545,3,12653,
GLM-5,exp_039_glm5_v5_seeds5,V5_57_temporal_multi_year,1337,temporal_change,1,1,1.0,1.0,1.0,0.064157,53981,2544,5,41684,
GLM-5,exp_039_glm5_v5_seeds5,V5_58_legend_co2_classes,1337,tool_selection,0,0,0.8571,0.8,1.0,0.011807999999999999,10324,371,1,5235,tool_missing
GLM-5,exp_039_glm5_v5_seeds5,V5_59_legend_erosion_scale,1337,tool_selection,0,0,0.8333,0.75,1.0,0.012648,10328,580,1,7759,tool_missing
GLM-5,exp_039_glm5_v5_seeds5,V5_60_legend_habitat_classes,1337,tool_selection,1,1,1.0,1.0,1.0,0.045878,42338,885,4,17219,
GLM-5,exp_039_glm5_v5_seeds5,V5_61_list_layers_analyzable,1337,tool_selection,0,0,0.8333,0.75,1.0,0.012236,10324,478,1,5825,tool_missing
GLM-5,exp_039_glm5_v5_seeds5,V5_62_list_layers_habitat_years,1337,tool_selection,0,0,0.7778,0.7143,1.0,0.116539,104855,2921,9,42403,tool_missing
GLM-5,exp_039_glm5_v5_seeds5,V5_63_list_layers_all_indicators,1337,tool_selection,0,0,0.8,0.6667,1.0,0.02444,20828,903,2,11060,forbidden_keyword
GLM-5,exp_039_glm5_v5_seeds5,V5_64_layer_bounds_canary_co2,1337,tool_selection,0,0,0.8333,0.75,1.0,0.035113000000000005,31433,920,3,14039,tool_missing
GLM-5,exp_039_glm5_v5_seeds5,V5_65_layer_bounds_erosion_extent,1337,tool_selection,0,0,0.8,0.6667,1.0,0.011666,10334,333,1,12680,tool_missing
GLM-5,exp_039_glm5_v5_seeds5,V5_66_layer_bounds_cross_border,1337,tool_selection,0,0,0.875,0.8333,1.0,0.012129000000000001,10337,448,1,6630,tool_missing
GLM-5,exp_039_glm5_v5_seeds5,V5_67_multi_layer_three_indicators,1337,cross_indicator,1,1,1.0,1.0,1.0,0.049596999999999995,42473,1781,4,23165,
GLM-5,exp_039_glm5_v5_seeds5,V5_68_multi_layer_nbs_profile,1337,cross_indicator,1,1,1.0,1.0,1.0,0.051318,42530,2197,4,30603,
GLM-5,exp_039_glm5_v5_seeds5,V5_69_multi_layer_explicit_simultaneous,1337,cross_indicator,1,1,1.0,1.0,1.0,0.060539,53239,1825,5,30975,
GLM-5,exp_039_glm5_v5_seeds5,V5_70_interpretation_investor,1337,interpretation,0,0,0.5714,0.4,0.5,0.093441,80397,3261,7,37480,tool_missing
GLM-5,exp_039_glm5_v5_seeds5,V5_71_interpretation_habitat_co2_link,1337,interpretation,0,0,0.8333,0.75,0.5,0.038433999999999996,31978,1614,3,27724,keyword_missing
GLM-5,exp_039_glm5_v5_seeds5,V5_72_interpretation_erosion_project_risk,1337,interpretation,0,0,0.75,0.6667,1.0,0.047393,42421,1243,4,32362,tool_missing
GLM-5,exp_039_glm5_v5_seeds5,V5_73_deep_dive_municipality,1337,deep_dive,1,1,1.0,1.0,1.0,0.063543,54335,2302,5,53455,
GLM-5,exp_039_glm5_v5_seeds5,V5_74_deep_dive_temporal_profile,1337,tool_selection,1,1,1.0,1.0,1.0,0.049975,42831,1786,4,31184,
GLM-5,exp_039_glm5_v5_seeds5,V5_75_deep_dive_community_ranking,1337,deep_dive,0,0,0.75,0.6667,1.0,0.039864000000000004,32204,1915,3,21546,tool_missing
GLM-5,exp_039_glm5_v5_seeds5,V5_76_legend_ines_erosion_visual,1337,tool_selection,0,0,0.8333,0.75,1.0,0.012453,10333,530,1,7891,tool_missing
GLM-5,exp_039_glm5_v5_seeds5,V5_77_legend_mfe_forest_map,1337,tool_selection,0,0,0.8,0.6667,1.0,0.011946,10338,402,1,5302,tool_missing
GLM-5,exp_039_glm5_v5_seeds5,V5_78_legend_two_layers_compare,1337,tool_selection,0,0,0.8333,0.75,1.0,0.012354,10342,503,1,6285,tool_missing
GLM-5,exp_039_glm5_v5_seeds5,V5_79_list_layers_display_only,1337,tool_selection,0,0,0.8,0.6667,1.0,0.012495,10331,541,1,6565,tool_missing
GLM-5,exp_039_glm5_v5_seeds5,V5_80_list_layers_before_workflow,1337,tool_selection,0,0,0.8571,0.8,1.0,0.025154,20818,1084,2,11702,forbidden_keyword
GLM-5,exp_039_glm5_v5_seeds5,V5_81_list_layers_unavailable_indicator,1337,tool_selection,1,1,1.0,1.0,1.0,0.036989,31753,1309,3,20988,
GLM-5,exp_039_glm5_v5_seeds5,V5_82_layer_bounds_ceuta_melilla,1337,tool_selection,1,1,1.0,1.0,1.0,0.02257,20814,439,2,6935,
GLM-5,exp_039_glm5_v5_seeds5,V5_83_layer_bounds_balearic_erosion,1337,tool_selection,1,1,1.0,1.0,1.0,0.02276,20784,494,2,7004,
GLM-5,exp_039_glm5_v5_seeds5,V5_84_layer_bounds_coverage_comparison,1337,tool_selection,0,0,0.8333,0.75,1.0,0.013925,10345,895,1,16039,tool_missing
GLM-5,exp_039_glm5_v5_seeds5,V5_85_multi_layer_municipality_lorca,1337,cross_indicator,1,1,1.0,1.0,1.0,0.050404,42744,1915,4,29384,
GLM-5,exp_039_glm5_v5_seeds5,V5_86_multi_layer_with_chart_huelva,1337,cross_indicator,1,1,1.0,1.0,1.0,0.059115,53283,1458,5,35183,
GLM-5,exp_039_glm5_v5_seeds5,V5_87_multi_layer_comparison_two_provinces,1337,deep_dive,0,0,0.9,0.875,0.6667,0.059815,53311,1626,5,32591,keyword_missing
GLM-5,exp_039_glm5_v5_seeds5,V5_88_interpretation_restoration_castilla_leon,1337,interpretation,0,0,0.8333,0.75,0.5,0.07432499999999999,65089,2309,6,30189,keyword_missing
GLM-5,exp_039_glm5_v5_seeds5,V5_89_interpretation_biodiversity_carbon_synergy,1337,interpretation,0,0,0.8571,0.8,1.0,0.05372,45660,2015,4,27546,wrong_data
GLM-5,exp_039_glm5_v5_seeds5,V5_90_interpretation_bank_risk_assessment,1337,interpretation,0,0,0.5,0.3333,0.0,0.0,0,0,0,4363,tool_missing
GLM-5,exp_039_glm5_v5_seeds5,V5_91_deep_dive_temporal_municipality,1337,deep_dive,1,1,1.0,1.0,1.0,0.065391,53335,3014,5,38877,
GLM-5,exp_039_glm5_v5_seeds5,V5_92_deep_dive_two_provinces_side_by_side,1337,deep_dive,0,0,0.7778,0.7143,1.0,0.040278,32514,1941,3,23914,tool_missing
GLM-5,exp_039_glm5_v5_seeds5,V5_93_deep_dive_national_policy_brief,1337,habitat_analysis,1,1,1.0,1.0,1.0,0.084602,76862,1935,7,33017,
GLM-5,exp_039_glm5_v5_seeds5,V5_01_municipality_co2_lorca,2024,municipality,1,1,1.0,1.0,1.0,0.035151,31543,902,3,12119,
GLM-5,exp_039_glm5_v5_seeds5,V5_02_municipality_erosion_antequera,2024,municipality,1,1,1.0,1.0,1.0,0.033347999999999996,31332,504,3,8307,
GLM-5,exp_039_glm5_v5_seeds5,V5_03_municipality_province_hint,2024,municipality,0,0,0.75,0.6667,0.0,0.045436,42252,796,4,21279,keyword_missing
GLM-5,exp_039_glm5_v5_seeds5,V5_04_municipality_multi_indicator,2024,municipality,1,1,1.0,1.0,1.0,0.062226000000000004,54986,1810,5,23746,
GLM-5,exp_039_glm5_v5_seeds5,V5_05_followup_drill_down,2024,memory,1,1,1.0,1.0,1.0,0.023434,21222,553,2,7576,
GLM-5,exp_039_glm5_v5_seeds5,V5_06_followup_compare_new,2024,memory,1,1,1.0,1.0,1.0,0.034218000000000005,32446,443,3,7797,
GLM-5,exp_039_glm5_v5_seeds5,V5_07_followup_switch_indicator,2024,memory,1,1,1.0,1.0,1.0,0.044474,42434,510,4,9295,
GLM-5,exp_039_glm5_v5_seeds5,V5_08_followup_chart_request,2024,memory,1,1,1.0,1.0,1.0,0.035854000000000004,32758,774,3,10091,
GLM-5,exp_039_glm5_v5_seeds5,V5_09_spatial_coastal_erosion,2024,spatial_reasoning,1,1,1.0,1.0,1.0,0.037112,31976,1284,3,15511,
GLM-5,exp_039_glm5_v5_seeds5,V5_10_spatial_inland_co2,2024,spatial_reasoning,1,1,1.0,1.0,1.0,0.036471,32027,1111,3,13580,
GLM-5,exp_039_glm5_v5_seeds5,V5_11_spatial_autonomous_community,2024,spatial_reasoning,0,0,0.5,0.3333,0.5,0.013039,10331,677,1,8094,tool_missing
GLM-5,exp_039_glm5_v5_seeds5,V5_12_spatial_island_limitations,2024,spatial_reasoning,0,0,0.75,0.5,1.0,0.022573999999999997,20810,441,2,6960,tool_missing
GLM-5,exp_039_glm5_v5_seeds5,V5_13_cross_indicator_tradeoff,2024,cross_indicator,1,1,1.0,1.0,1.0,0.041051,33391,1915,3,33144,
GLM-5,exp_039_glm5_v5_seeds5,V5_14_cross_indicator_low_risk,2024,cross_indicator,1,1,1.0,1.0,1.0,0.040281000000000004,32889,1848,3,30166,
GLM-5,exp_039_glm5_v5_seeds5,V5_15_error_nonexistent_municipality,2024,error_handling,1,1,1.0,1.0,1.0,0.02248,20696,446,2,6573,
GLM-5,exp_039_glm5_v5_seeds5,V5_16_error_wrong_indicator_name,2024,error_handling,0,0,0.8333,0.75,0.0,0.012027,10315,428,1,5474,keyword_missing
GLM-5,exp_039_glm5_v5_seeds5,V5_17_error_ines_stats_fabrication,2024,error_handling,0,0,0.8571,1.0,,0.059068999999999997,53437,1408,5,35143,rounds_exceeded
GLM-5,exp_039_glm5_v5_seeds5,V5_18_error_fabricated_year,2024,error_handling,1,1,1.0,1.0,1.0,0.035996,31836,1040,3,15502,
GLM-5,exp_039_glm5_v5_seeds5,V5_19_ranking_bottom_co2,2024,ranking,1,1,1.0,1.0,1.0,0.034882,31542,835,3,10931,
GLM-5,exp_039_glm5_v5_seeds5,V5_20_ranking_chart_erosion,2024,ranking,1,1,1.0,1.0,1.0,0.036316,31900,1104,3,13467,
GLM-5,exp_039_glm5_v5_seeds5,V5_21_comparison_close_values,2024,comparison,0,0,0.4444,0.2857,0.3333,0.023517999999999997,20918,650,2,24116,tool_missing
GLM-5,exp_039_glm5_v5_seeds5,V5_22_comparison_north_south_erosion,2024,comparison,0,0,0.8889,0.8571,1.0,0.034501,31665,709,3,11617,wrong_data
GLM-5,exp_039_glm5_v5_seeds5,V5_23_deep_dive_full_profile,2024,deep_dive,0,0,0.625,0.5,0.5,0.035118,31806,828,3,14466,tool_missing
GLM-5,exp_039_glm5_v5_seeds5,V5_24_interpretation_policy,2024,interpretation,0,0,0.6667,0.5,0.0,0.038635,32667,1492,3,21330,keyword_missing
GLM-5,exp_039_glm5_v5_seeds5,V5_25_tool_selection_chart_type,2024,tool_selection,0,0,0.625,0.5,1.0,0.034477999999999995,31934,636,3,9517,tool_missing
GLM-5,exp_039_glm5_v5_seeds5,V5_26_tool_selection_toggle_multiple,2024,tool_selection,1,1,1.0,1.0,1.0,0.022724,20948,444,2,6808,
GLM-5,exp_039_glm5_v5_seeds5,V5_27_language_catalan,2024,language,1,1,1.0,1.0,1.0,0.034417,31329,772,3,11159,
GLM-5,exp_039_glm5_v5_seeds5,V5_28_language_galician,2024,language,1,1,1.0,1.0,1.0,0.057624,53044,1145,5,36340,
GLM-5,exp_039_glm5_v5_seeds5,V5_29_single_analysis_erosion,2024,single_analysis,1,1,1.0,1.0,1.0,0.022204,20812,348,2,6402,
GLM-5,exp_039_glm5_v5_seeds5,V5_30_single_analysis_co2,2024,single_analysis,0,0,0.5556,0.4286,0.6667,0.024464,20984,870,2,19998,tool_missing
GLM-5,exp_039_glm5_v5_seeds5,V5_31_habitat_province_single,2024,habitat_analysis,1,1,1.0,1.0,1.0,0.023487,20991,624,2,8352,
GLM-5,exp_039_glm5_v5_seeds5,V5_32_habitat_forest_types,2024,habitat_analysis,1,1,1.0,1.0,1.0,0.023631,20987,661,2,7843,
GLM-5,exp_039_glm5_v5_seeds5,V5_33_habitat_recall_grassland,2024,habitat_analysis,1,1,1.0,1.0,1.0,0.033434,31434,500,3,8283,
GLM-5,exp_039_glm5_v5_seeds5,V5_34_habitat_chart,2024,habitat_analysis,0,0,0.6667,0.5714,0.0,0.035288,32032,814,3,15310,keyword_missing
GLM-5,exp_039_glm5_v5_seeds5,V5_35_habitat_dominant_class_recall,2024,habitat_analysis,1,1,1.0,1.0,1.0,0.011222,10598,156,1,3416,
GLM-5,exp_039_glm5_v5_seeds5,V5_36_temporal_compare_shrubland,2024,memory,1,1,1.0,1.0,1.0,0.022651,21427,306,2,6143,
GLM-5,exp_039_glm5_v5_seeds5,V5_37_temporal_change_visual,2024,memory,1,1,1.0,1.0,1.0,0.011366,10594,193,1,3450,
GLM-5,exp_039_glm5_v5_seeds5,V5_38_cross_indicator_habitat_co2,2024,cross_indicator,1,1,1.0,1.0,1.0,0.050103,42583,1880,4,26788,
GLM-5,exp_039_glm5_v5_seeds5,V5_39_error_unavailable_year,2024,error_handling,0,0,0.8889,0.8571,0.0,0.022521,20825,424,2,6366,keyword_missing
GLM-5,exp_039_glm5_v5_seeds5,V5_40_error_wrong_layer,2024,error_handling,1,1,1.0,1.0,1.0,0.023294000000000002,20858,609,2,8757,
GLM-5,exp_039_glm5_v5_seeds5,V5_41_multi_muni_ranking_erosion,2024,multi_municipality_ranking,0,0,0.6,0.3333,0.0,0.02503,20870,1040,2,15989,tool_missing
GLM-5,exp_039_glm5_v5_seeds5,V5_42_multi_muni_ranking_co2,2024,multi_municipality_ranking,0,0,0.6,0.3333,0.0,0.014086,10322,941,1,32573,tool_missing
GLM-5,exp_039_glm5_v5_seeds5,V5_43_multi_muni_compare_three,2024,multi_municipality_ranking,0,0,0.7778,0.7143,0.5,0.042832999999999996,32053,2695,3,87462,keyword_missing
GLM-5,exp_039_glm5_v5_seeds5,V5_44_province_aggregation_andalucia,2024,province_aggregation,1,1,1.0,1.0,1.0,0.035725999999999994,31982,936,3,16204,
GLM-5,exp_039_glm5_v5_seeds5,V5_45_province_aggregation_aragon,2024,province_aggregation,1,1,1.0,1.0,1.0,0.036585,31749,1209,3,16939,
GLM-5,exp_039_glm5_v5_seeds5,V5_46_error_recovery_typo,2024,error_recovery,1,1,1.0,1.0,1.0,0.022501,20713,447,2,10119,
GLM-5,exp_039_glm5_v5_seeds5,V5_47_error_recovery_fallback_indicator,2024,error_recovery,0,0,0.75,0.6667,0.0,0.037057,32149,1227,3,27134,tool_missing
GLM-5,exp_039_glm5_v5_seeds5,V5_48_error_recovery_wrong_year,2024,error_recovery,1,1,1.0,1.0,1.0,0.036603000000000004,32063,1135,3,23759,
GLM-5,exp_039_glm5_v5_seeds5,V5_49_threshold_co2_high,2024,threshold,1,1,1.0,1.0,1.0,0.034731000000000005,32071,665,3,25188,
GLM-5,exp_039_glm5_v5_seeds5,V5_50_threshold_dual_indicator,2024,threshold,0,0,0.8,0.6667,0.0,0.042201,36265,1484,3,20119,keyword_missing
GLM-5,exp_039_glm5_v5_seeds5,V5_51_threshold_co2_low,2024,threshold,1,1,1.0,1.0,1.0,0.036495,32667,957,3,23156,
GLM-5,exp_039_glm5_v5_seeds5,V5_52_language_catalan_erosion,2024,language,0,0,0.625,0.5,0.0,0.044953,41917,759,4,53175,keyword_missing
GLM-5,exp_039_glm5_v5_seeds5,V5_53_language_basque_co2,2024,language,1,1,1.0,1.0,1.0,0.033634,31346,572,3,28495,
GLM-5,exp_039_glm5_v5_seeds5,V5_54_language_galician_co2,2024,language,1,1,1.0,1.0,1.0,0.033676,31312,591,3,29302,
GLM-5,exp_039_glm5_v5_seeds5,V5_55_language_basque_compare,2024,language,0,0,0.8571,0.8,1.0,0.035062,31750,828,3,38410,wrong_data
GLM-5,exp_039_glm5_v5_seeds5,V5_56_habitat_andalucia_forest,2024,habitat_analysis,1,1,1.0,1.0,1.0,0.034645999999999996,31386,815,3,11988,
GLM-5,exp_039_glm5_v5_seeds5,V5_57_temporal_multi_year,2024,temporal_change,0,0,0.8889,1.0,1.0,0.101043,88595,3112,8,82183,rounds_exceeded
GLM-5,exp_039_glm5_v5_seeds5,V5_58_legend_co2_classes,2024,tool_selection,0,0,0.8571,0.8,1.0,0.0118,10324,369,1,4972,tool_missing
GLM-5,exp_039_glm5_v5_seeds5,V5_59_legend_erosion_scale,2024,tool_selection,0,0,0.6667,0.5,0.5,0.024499,20931,892,2,12768,tool_missing
GLM-5,exp_039_glm5_v5_seeds5,V5_60_legend_habitat_classes,2024,tool_selection,1,1,1.0,1.0,1.0,0.036619,31915,1176,3,56431,
GLM-5,exp_039_glm5_v5_seeds5,V5_61_list_layers_analyzable,2024,tool_selection,0,0,0.8333,0.75,1.0,0.011952,10324,407,1,7032,tool_missing
GLM-5,exp_039_glm5_v5_seeds5,V5_62_list_layers_habitat_years,2024,tool_selection,0,0,0.8889,0.8571,0.5,0.12819,118802,2347,10,63762,keyword_missing
GLM-5,exp_039_glm5_v5_seeds5,V5_63_list_layers_all_indicators,2024,tool_selection,0,0,0.8,0.6667,1.0,0.024434,20842,898,2,11128,forbidden_keyword
GLM-5,exp_039_glm5_v5_seeds5,V5_64_layer_bounds_canary_co2,2024,tool_selection,0,0,0.8333,0.75,1.0,0.034995,31415,895,3,13270,tool_missing
GLM-5,exp_039_glm5_v5_seeds5,V5_65_layer_bounds_erosion_extent,2024,tool_selection,0,0,0.8,0.6667,1.0,0.011793999999999999,10334,365,1,5392,tool_missing
GLM-5,exp_039_glm5_v5_seeds5,V5_66_layer_bounds_cross_border,2024,tool_selection,0,0,0.875,0.8333,1.0,0.011769,10337,358,1,11249,tool_missing
GLM-5,exp_039_glm5_v5_seeds5,V5_67_multi_layer_three_indicators,2024,cross_indicator,1,1,1.0,1.0,1.0,0.064875,53627,2812,5,52522,
GLM-5,exp_039_glm5_v5_seeds5,V5_68_multi_layer_nbs_profile,2024,cross_indicator,1,1,1.0,1.0,1.0,0.071951,64767,1796,6,26937,
GLM-5,exp_039_glm5_v5_seeds5,V5_69_multi_layer_explicit_simultaneous,2024,cross_indicator,1,1,1.0,1.0,1.0,0.060332,53272,1765,5,29711,
GLM-5,exp_039_glm5_v5_seeds5,V5_70_interpretation_investor,2024,interpretation,0,0,0.5714,0.4,0.5,0.038666,32438,1557,3,25737,tool_missing
GLM-5,exp_039_glm5_v5_seeds5,V5_71_interpretation_habitat_co2_link,2024,interpretation,0,0,0.8333,0.75,0.5,0.035114,31474,910,3,21893,keyword_missing
GLM-5,exp_039_glm5_v5_seeds5,V5_72_interpretation_erosion_project_risk,2024,interpretation,0,0,0.75,0.6667,1.0,0.037109,31857,1313,3,48767,tool_missing
GLM-5,exp_039_glm5_v5_seeds5,V5_73_deep_dive_municipality,2024,deep_dive,1,1,1.0,1.0,1.0,0.061133,53305,1957,5,26313,
GLM-5,exp_039_glm5_v5_seeds5,V5_74_deep_dive_temporal_profile,2024,tool_selection,0,0,0.8333,0.75,1.0,0.01272,10328,598,1,6244,tool_missing
GLM-5,exp_039_glm5_v5_seeds5,V5_75_deep_dive_community_ranking,2024,deep_dive,0,0,0.75,0.6667,1.0,0.068811,56603,3052,5,45242,tool_missing
GLM-5,exp_039_glm5_v5_seeds5,V5_76_legend_ines_erosion_visual,2024,tool_selection,0,0,0.8333,0.75,1.0,0.012601000000000001,10333,567,1,7290,tool_missing
GLM-5,exp_039_glm5_v5_seeds5,V5_77_legend_mfe_forest_map,2024,tool_selection,0,0,0.8,0.6667,1.0,0.012342,10338,501,1,9994,tool_missing
GLM-5,exp_039_glm5_v5_seeds5,V5_78_legend_two_layers_compare,2024,tool_selection,0,0,0.8333,0.75,1.0,0.012674000000000001,10342,583,1,13055,tool_missing
GLM-5,exp_039_glm5_v5_seeds5,V5_79_list_layers_display_only,2024,tool_selection,0,0,0.6,0.3333,1.0,0.013302999999999999,10331,743,1,8556,tool_missing
GLM-5,exp_039_glm5_v5_seeds5,V5_80_list_layers_before_workflow,2024,tool_selection,1,1,1.0,1.0,1.0,0.036183999999999994,31740,1111,3,13632,
GLM-5,exp_039_glm5_v5_seeds5,V5_81_list_layers_unavailable_indicator,2024,tool_selection,0,0,0.875,0.8333,1.0,0.013432,10328,776,1,9292,tool_missing
GLM-5,exp_039_glm5_v5_seeds5,V5_82_layer_bounds_ceuta_melilla,2024,tool_selection,1,1,1.0,1.0,1.0,0.034115,31363,688,3,9592,
GLM-5,exp_039_glm5_v5_seeds5,V5_83_layer_bounds_balearic_erosion,2024,tool_selection,1,1,1.0,1.0,1.0,0.046598,42282,1079,4,15327,
GLM-5,exp_039_glm5_v5_seeds5,V5_84_layer_bounds_coverage_comparison,2024,tool_selection,0,0,0.8333,0.75,1.0,0.012881,10345,634,1,8079,tool_missing
GLM-5,exp_039_glm5_v5_seeds5,V5_85_multi_layer_municipality_lorca,2024,cross_indicator,0,0,0.8571,0.8,1.0,0.048158,42434,1431,4,19369,tool_missing
GLM-5,exp_039_glm5_v5_seeds5,V5_86_multi_layer_with_chart_huelva,2024,cross_indicator,1,1,1.0,1.0,1.0,0.061864,53268,2149,5,34824,
GLM-5,exp_039_glm5_v5_seeds5,V5_87_multi_layer_comparison_two_provinces,2024,deep_dive,1,1,1.0,1.0,1.0,0.049267,42627,1660,4,26645,
GLM-5,exp_039_glm5_v5_seeds5,V5_88_interpretation_restoration_castilla_leon,2024,interpretation,0,0,0.8333,0.75,0.5,0.087508,76312,2799,7,49280,keyword_missing
GLM-5,exp_039_glm5_v5_seeds5,V5_89_interpretation_biodiversity_carbon_synergy,2024,interpretation,0,0,0.7143,0.6,0.5,0.040496000000000004,33180,1829,3,24713,keyword_missing
GLM-5,exp_039_glm5_v5_seeds5,V5_90_interpretation_bank_risk_assessment,2024,interpretation,1,1,1.0,1.0,1.0,0.05723,46982,2562,4,39871,
GLM-5,exp_039_glm5_v5_seeds5,V5_91_deep_dive_temporal_municipality,2024,deep_dive,1,1,1.0,1.0,1.0,0.072301,64149,2038,6,26900,
GLM-5,exp_039_glm5_v5_seeds5,V5_92_deep_dive_two_provinces_side_by_side,2024,deep_dive,0,0,0.4444,0.2857,0.0,0.053662999999999995,44839,2206,4,28354,tool_missing
GLM-5,exp_039_glm5_v5_seeds5,V5_93_deep_dive_national_policy_brief,2024,habitat_analysis,1,1,1.0,1.0,1.0,0.08664300000000001,76799,2461,7,37805,
Qwen3-235B,exp_040_qwen3_235b_v5_seeds5,V5_01_municipality_co2_lorca,42,municipality,0,0,0.5,0.3333,0.0,0.0032283000000000004,10633,32,1,3900,tool_missing
Qwen3-235B,exp_040_qwen3_235b_v5_seeds5,V5_02_municipality_erosion_antequera,42,municipality,1,1,1.0,1.0,1.0,0.009944699999999999,32401,187,3,5355,
Qwen3-235B,exp_040_qwen3_235b_v5_seeds5,V5_03_municipality_province_hint,42,municipality,1,1,1.0,1.0,1.0,0.009922199999999999,32430,161,3,4343,
Qwen3-235B,exp_040_qwen3_235b_v5_seeds5,V5_04_municipality_multi_indicator,42,municipality,0,0,0.875,0.8333,1.0,0.0136302,43934,375,4,7934,tool_missing
Qwen3-235B,exp_040_qwen3_235b_v5_seeds5,V5_05_followup_drill_down,42,memory,0,0,0.7778,0.7143,1.0,0.006816,21984,184,2,3568,wrong_data
Qwen3-235B,exp_040_qwen3_235b_v5_seeds5,V5_06_followup_compare_new,42,memory,1,1,1.0,1.0,1.0,0.0104469,33687,284,3,5177,
Qwen3-235B,exp_040_qwen3_235b_v5_seeds5,V5_07_followup_switch_indicator,42,memory,1,1,1.0,1.0,1.0,0.0134583,44073,197,4,4599,
Qwen3-235B,exp_040_qwen3_235b_v5_seeds5,V5_08_followup_chart_request,42,memory,1,1,1.0,1.0,1.0,0.0069692999999999995,22355,219,2,4565,
Qwen3-235B,exp_040_qwen3_235b_v5_seeds5,V5_09_spatial_coastal_erosion,42,spatial_reasoning,1,1,1.0,1.0,1.0,0.0103329,32847,399,3,6072,
Qwen3-235B,exp_040_qwen3_235b_v5_seeds5,V5_10_spatial_inland_co2,42,spatial_reasoning,0,0,0.6667,0.5,0.0,0.0104784,33032,474,3,6975,keyword_missing
Qwen3-235B,exp_040_qwen3_235b_v5_seeds5,V5_11_spatial_autonomous_community,42,spatial_reasoning,0,0,0.375,0.1667,0.0,0.0032307,10641,32,1,1474,tool_missing
Qwen3-235B,exp_040_qwen3_235b_v5_seeds5,V5_12_spatial_island_limitations,42,spatial_reasoning,0,0,0.5,0.0,0.0,0.0032268,10628,32,1,1484,tool_missing
Qwen3-235B,exp_040_qwen3_235b_v5_seeds5,V5_13_cross_indicator_tradeoff,42,cross_indicator,1,1,1.0,1.0,1.0,0.014136000000000001,45352,442,4,6536,
Qwen3-235B,exp_040_qwen3_235b_v5_seeds5,V5_14_cross_indicator_low_risk,42,cross_indicator,0,0,0.4,0.25,0.0,0.0,0,0,0,300028,tool_missing
Qwen3-235B,exp_040_qwen3_235b_v5_seeds5,V5_15_error_nonexistent_municipality,42,error_handling,0,0,0.8571,0.8,0.0,0.0032270999999999997,10629,32,1,1782,keyword_missing
Qwen3-235B,exp_040_qwen3_235b_v5_seeds5,V5_16_error_wrong_indicator_name,42,error_handling,0,0,0.8333,0.75,0.0,0.0032259,10625,32,1,1598,keyword_missing
Qwen3-235B,exp_040_qwen3_235b_v5_seeds5,V5_17_error_ines_stats_fabrication,42,error_handling,0,0,0.8571,0.8,,0.0032952,10632,88,1,4173,tool_missing
Qwen3-235B,exp_040_qwen3_235b_v5_seeds5,V5_18_error_fabricated_year,42,error_handling,1,1,1.0,1.0,1.0,0.009979499999999999,32413,213,3,5215,
Qwen3-235B,exp_040_qwen3_235b_v5_seeds5,V5_19_ranking_bottom_co2,42,ranking,0,0,0.625,0.5,0.5,0.0101025,32527,287,3,5212,keyword_missing
Qwen3-235B,exp_040_qwen3_235b_v5_seeds5,V5_20_ranking_chart_erosion,42,ranking,0,0,0.7778,0.7143,1.0,0.010291499999999999,32881,356,3,5514,wrong_data
Qwen3-235B,exp_040_qwen3_235b_v5_seeds5,V5_21_comparison_close_values,42,comparison,0,0,0.3333,0.1429,0.0,0.0032289000000000003,10635,32,1,1648,tool_missing
Qwen3-235B,exp_040_qwen3_235b_v5_seeds5,V5_22_comparison_north_south_erosion,42,comparison,0,0,0.8889,0.8571,1.0,0.010123499999999999,32665,270,3,6040,wrong_data
Qwen3-235B,exp_040_qwen3_235b_v5_seeds5,V5_23_deep_dive_full_profile,42,deep_dive,0,0,0.625,0.5,0.5,0.0139029,44371,493,4,9586,tool_missing
Qwen3-235B,exp_040_qwen3_235b_v5_seeds5,V5_24_interpretation_policy,42,interpretation,0,0,0.4,0.25,0.0,0.0,0,0,0,300102,tool_missing
Qwen3-235B,exp_040_qwen3_235b_v5_seeds5,V5_25_tool_selection_chart_type,42,tool_selection,0,0,0.625,0.5,1.0,0.0102096,32940,273,3,7230,tool_missing
Qwen3-235B,exp_040_qwen3_235b_v5_seeds5,V5_26_tool_selection_toggle_multiple,42,tool_selection,1,1,1.0,1.0,1.0,0.0068595,21645,305,2,6114,
Qwen3-235B,exp_040_qwen3_235b_v5_seeds5,V5_27_language_catalan,42,language,1,1,1.0,1.0,1.0,0.009959699999999998,32279,230,3,5319,
Qwen3-235B,exp_040_qwen3_235b_v5_seeds5,V5_28_language_galician,42,language,1,1,1.0,1.0,1.0,0.0133851,43449,292,4,7505,
Qwen3-235B,exp_040_qwen3_235b_v5_seeds5,V5_29_single_analysis_erosion,42,single_analysis,1,1,1.0,1.0,1.0,0.0097878,32194,108,3,4049,
Qwen3-235B,exp_040_qwen3_235b_v5_seeds5,V5_30_single_analysis_co2,42,single_analysis,0,0,0.3333,0.1429,0.0,0.0032289000000000003,10635,32,1,2198,tool_missing
Qwen3-235B,exp_040_qwen3_235b_v5_seeds5,V5_31_habitat_province_single,42,habitat_analysis,0,0,0.7778,0.7143,0.5,0.0099018,32418,147,3,4113,keyword_missing
Qwen3-235B,exp_040_qwen3_235b_v5_seeds5,V5_32_habitat_forest_types,42,habitat_analysis,1,1,1.0,1.0,1.0,0.0098904,32412,139,3,3779,
Qwen3-235B,exp_040_qwen3_235b_v5_seeds5,V5_33_habitat_recall_grassland,42,habitat_analysis,1,1,1.0,1.0,1.0,0.009884699999999998,32389,140,3,3735,
Qwen3-235B,exp_040_qwen3_235b_v5_seeds5,V5_34_habitat_chart,42,habitat_analysis,1,1,1.0,1.0,1.0,0.009882,32392,137,3,3355,
Qwen3-235B,exp_040_qwen3_235b_v5_seeds5,V5_35_habitat_dominant_class_recall,42,habitat_analysis,1,1,1.0,1.0,1.0,0.0033192,10964,25,1,1424,
Qwen3-235B,exp_040_qwen3_235b_v5_seeds5,V5_36_temporal_compare_shrubland,42,memory,1,1,1.0,1.0,1.0,0.0033074999999999997,10965,15,1,1653,
Qwen3-235B,exp_040_qwen3_235b_v5_seeds5,V5_37_temporal_change_visual,42,memory,1,1,1.0,1.0,1.0,0.0033252,10960,31,1,1398,
Qwen3-235B,exp_040_qwen3_235b_v5_seeds5,V5_38_cross_indicator_habitat_co2,42,cross_indicator,0,0,0.4444,0.2857,0.0,0.0032351999999999997,10656,32,1,1500,tool_missing
Qwen3-235B,exp_040_qwen3_235b_v5_seeds5,V5_39_error_unavailable_year,42,error_handling,1,1,1.0,1.0,1.0,0.0033312,10632,118,1,2185,
Qwen3-235B,exp_040_qwen3_235b_v5_seeds5,V5_40_error_wrong_layer,42,error_handling,1,1,1.0,1.0,1.0,0.0032606999999999996,10625,61,1,1622,
Qwen3-235B,exp_040_qwen3_235b_v5_seeds5,V5_41_multi_muni_ranking_erosion,42,multi_municipality_ranking,0,0,0.6,0.3333,0.0,0.0032787000000000003,10633,74,1,1955,tool_missing
Qwen3-235B,exp_040_qwen3_235b_v5_seeds5,V5_42_multi_muni_ranking_co2,42,multi_municipality_ranking,1,1,1.0,1.0,1.0,0.0351963,114949,593,10,14479,
Qwen3-235B,exp_040_qwen3_235b_v5_seeds5,V5_43_multi_muni_compare_three,42,multi_municipality_ranking,0,0,0.8889,0.8571,0.75,0.013964399999999998,44916,408,4,8490,keyword_missing
Qwen3-235B,exp_040_qwen3_235b_v5_seeds5,V5_44_province_aggregation_andalucia,42,province_aggregation,0,0,0.4,0.3333,0.0,0.033665999999999995,110872,337,10,9829,tool_missing
Qwen3-235B,exp_040_qwen3_235b_v5_seeds5,V5_45_province_aggregation_aragon,42,province_aggregation,0,0,0.4286,0.2,0.0,0.0032357999999999996,10634,38,1,1544,tool_missing
Qwen3-235B,exp_040_qwen3_235b_v5_seeds5,V5_46_error_recovery_typo,42,error_recovery,0,0,0.8571,0.8,0.0,0.003228,10632,32,1,1466,keyword_missing
Qwen3-235B,exp_040_qwen3_235b_v5_seeds5,V5_47_error_recovery_fallback_indicator,42,error_recovery,0,0,0.75,0.6667,0.0,0.0090846,29730,138,2,3901,tool_missing
Qwen3-235B,exp_040_qwen3_235b_v5_seeds5,V5_48_error_recovery_wrong_year,42,error_recovery,1,1,1.0,1.0,1.0,0.009965400000000001,32458,190,3,3449,
Qwen3-235B,exp_040_qwen3_235b_v5_seeds5,V5_49_threshold_co2_high,42,threshold,1,1,1.0,1.0,1.0,0.0105681,33235,498,3,6508,
Qwen3-235B,exp_040_qwen3_235b_v5_seeds5,V5_50_threshold_dual_indicator,42,threshold,1,1,1.0,1.0,1.0,0.0451356,143780,1668,10,24707,
Qwen3-235B,exp_040_qwen3_235b_v5_seeds5,V5_51_threshold_co2_low,42,threshold,1,1,1.0,1.0,1.0,0.0069692999999999995,22603,157,2,3087,
Qwen3-235B,exp_040_qwen3_235b_v5_seeds5,V5_52_language_catalan_erosion,42,language,0,0,0.875,0.8333,1.0,0.009890099999999999,32211,189,3,5015,wrong_data
Qwen3-235B,exp_040_qwen3_235b_v5_seeds5,V5_53_language_basque_co2,42,language,1,1,1.0,1.0,1.0,0.009891,32278,173,3,5386,
Qwen3-235B,exp_040_qwen3_235b_v5_seeds5,V5_54_language_galician_co2,42,language,0,0,0.5714,0.4,0.0,0.0032355,10633,38,1,1549,tool_missing
Qwen3-235B,exp_040_qwen3_235b_v5_seeds5,V5_55_language_basque_compare,42,language,0,0,0.8571,0.8,1.0,0.0136851,43965,413,4,17627,wrong_data
Qwen3-235B,exp_040_qwen3_235b_v5_seeds5,V5_56_habitat_andalucia_forest,42,habitat_analysis,1,1,1.0,1.0,1.0,0.0099237,32351,182,3,4408,
Qwen3-235B,exp_040_qwen3_235b_v5_seeds5,V5_57_temporal_multi_year,42,temporal_change,1,1,1.0,1.0,1.0,0.0140367,44625,541,4,7452,
Qwen3-235B,exp_040_qwen3_235b_v5_seeds5,V5_58_legend_co2_classes,42,tool_selection,0,0,0.8571,0.8,1.0,0.0034362,10634,205,1,2774,tool_missing
Qwen3-235B,exp_040_qwen3_235b_v5_seeds5,V5_59_legend_erosion_scale,42,tool_selection,0,0,0.8333,0.75,1.0,0.0034134,10638,185,1,2727,tool_missing
Qwen3-235B,exp_040_qwen3_235b_v5_seeds5,V5_60_legend_habitat_classes,42,tool_selection,1,1,1.0,1.0,1.0,0.013475999999999998,43656,316,4,6053,
Qwen3-235B,exp_040_qwen3_235b_v5_seeds5,V5_61_list_layers_analyzable,42,tool_selection,0,0,0.8333,0.75,1.0,0.003423,10634,194,1,3238,tool_missing
Qwen3-235B,exp_040_qwen3_235b_v5_seeds5,V5_62_list_layers_habitat_years,42,tool_selection,0,0,0.8889,0.8571,0.5,0.024762,80632,477,7,8225,keyword_missing
Qwen3-235B,exp_040_qwen3_235b_v5_seeds5,V5_63_list_layers_all_indicators,42,tool_selection,0,0,0.6,0.3333,0.0,0.0032319000000000002,10645,32,1,1561,tool_missing
Qwen3-235B,exp_040_qwen3_235b_v5_seeds5,V5_64_layer_bounds_canary_co2,42,tool_selection,0,0,0.6667,0.5,0.0,0.0032295,10637,32,1,1507,tool_missing
Qwen3-235B,exp_040_qwen3_235b_v5_seeds5,V5_65_layer_bounds_erosion_extent,42,tool_selection,0,0,0.8,0.6667,1.0,0.003312,10644,99,1,2001,tool_missing
Qwen3-235B,exp_040_qwen3_235b_v5_seeds5,V5_66_layer_bounds_cross_border,42,tool_selection,0,0,0.875,0.8333,1.0,0.0033021,10647,90,1,2256,tool_missing
Qwen3-235B,exp_040_qwen3_235b_v5_seeds5,V5_67_multi_layer_three_indicators,42,cross_indicator,1,1,1.0,1.0,1.0,0.0169728,55256,330,5,7305,
Qwen3-235B,exp_040_qwen3_235b_v5_seeds5,V5_68_multi_layer_nbs_profile,42,cross_indicator,0,0,0.6667,0.5714,0.6667,0.0033756,10648,151,1,2516,tool_missing
Qwen3-235B,exp_040_qwen3_235b_v5_seeds5,V5_69_multi_layer_explicit_simultaneous,42,cross_indicator,1,1,1.0,1.0,1.0,0.020620799999999998,66392,586,6,10021,
Qwen3-235B,exp_040_qwen3_235b_v5_seeds5,V5_70_interpretation_investor,42,interpretation,0,0,0.3333,0.2,0.0,0.0,0,0,0,300072,tool_missing
Qwen3-235B,exp_040_qwen3_235b_v5_seeds5,V5_71_interpretation_habitat_co2_link,42,interpretation,0,0,0.8333,0.75,0.5,0.0100857,32619,250,3,4263,keyword_missing
Qwen3-235B,exp_040_qwen3_235b_v5_seeds5,V5_72_interpretation_erosion_project_risk,42,interpretation,0,0,0.625,0.5,0.6667,0.0134589,43755,277,4,6435,tool_missing
Qwen3-235B,exp_040_qwen3_235b_v5_seeds5,V5_73_deep_dive_municipality,42,deep_dive,1,1,1.0,1.0,1.0,0.0136305,43923,378,4,7311,
Qwen3-235B,exp_040_qwen3_235b_v5_seeds5,V5_74_deep_dive_temporal_profile,42,tool_selection,0,0,0.8333,0.75,1.0,0.003303,10638,93,1,1911,tool_missing
Qwen3-235B,exp_040_qwen3_235b_v5_seeds5,V5_75_deep_dive_community_ranking,42,deep_dive,1,1,1.0,1.0,1.0,0.0208302,66930,626,6,10709,
Qwen3-235B,exp_040_qwen3_235b_v5_seeds5,V5_76_legend_ines_erosion_visual,42,tool_selection,0,0,0.8333,0.75,1.0,0.0033153,10643,102,1,2202,tool_missing
Qwen3-235B,exp_040_qwen3_235b_v5_seeds5,V5_77_legend_mfe_forest_map,42,tool_selection,0,0,0.8,0.6667,1.0,0.003312,10648,98,1,2025,tool_missing
Qwen3-235B,exp_040_qwen3_235b_v5_seeds5,V5_78_legend_two_layers_compare,42,tool_selection,0,0,0.8333,0.75,1.0,0.0036768,10652,401,1,5132,tool_missing
Qwen3-235B,exp_040_qwen3_235b_v5_seeds5,V5_79_list_layers_display_only,42,tool_selection,0,0,0.8,0.6667,1.0,0.0033939,10641,168,1,2580,tool_missing
Qwen3-235B,exp_040_qwen3_235b_v5_seeds5,V5_80_list_layers_before_workflow,42,tool_selection,0,0,0.4286,0.2,0.0,0.0032304,10640,32,1,1984,tool_missing
Qwen3-235B,exp_040_qwen3_235b_v5_seeds5,V5_81_list_layers_unavailable_indicator,42,tool_selection,0,0,0.75,0.6667,0.0,0.0032298,10638,32,1,1543,tool_missing
Qwen3-235B,exp_040_qwen3_235b_v5_seeds5,V5_82_layer_bounds_ceuta_melilla,42,tool_selection,1,1,1.0,1.0,1.0,0.0065853000000000005,21459,123,2,2741,
Qwen3-235B,exp_040_qwen3_235b_v5_seeds5,V5_83_layer_bounds_balearic_erosion,42,tool_selection,0,0,0.6,0.3333,0.0,0.0032319000000000002,10645,32,1,1922,tool_missing
Qwen3-235B,exp_040_qwen3_235b_v5_seeds5,V5_84_layer_bounds_coverage_comparison,42,tool_selection,0,0,0.6667,0.5,0.0,0.0032349,10655,32,1,1688,tool_missing
Qwen3-235B,exp_040_qwen3_235b_v5_seeds5,V5_85_multi_layer_municipality_lorca,42,cross_indicator,1,1,1.0,1.0,1.0,0.0136545,44015,375,4,7241,
Qwen3-235B,exp_040_qwen3_235b_v5_seeds5,V5_86_multi_layer_with_chart_huelva,42,cross_indicator,1,1,1.0,1.0,1.0,0.0170475,55077,437,5,8290,
Qwen3-235B,exp_040_qwen3_235b_v5_seeds5,V5_87_multi_layer_comparison_two_provinces,42,deep_dive,0,0,0.9,0.875,0.6667,0.020535599999999998,66392,515,6,9395,keyword_missing
Qwen3-235B,exp_040_qwen3_235b_v5_seeds5,V5_88_interpretation_restoration_castilla_leon,42,interpretation,0,0,0.8333,0.75,0.5,0.0213867,68989,575,6,8235,keyword_missing
Qwen3-235B,exp_040_qwen3_235b_v5_seeds5,V5_89_interpretation_biodiversity_carbon_synergy,42,interpretation,0,0,0.8571,0.8,1.0,0.014065799999999998,44586,575,4,8476,wrong_data
Qwen3-235B,exp_040_qwen3_235b_v5_seeds5,V5_90_interpretation_bank_risk_assessment,42,interpretation,1,1,1.0,1.0,1.0,0.025185600000000002,80644,827,7,14599,
Qwen3-235B,exp_040_qwen3_235b_v5_seeds5,V5_91_deep_dive_temporal_municipality,42,deep_dive,1,1,1.0,1.0,1.0,0.0172233,55211,550,5,9178,
Qwen3-235B,exp_040_qwen3_235b_v5_seeds5,V5_92_deep_dive_two_provinces_side_by_side,42,deep_dive,0,0,0.6667,0.5714,0.6667,0.0105744,33508,435,3,7176,tool_missing
Qwen3-235B,exp_040_qwen3_235b_v5_seeds5,V5_93_deep_dive_national_policy_brief,42,habitat_analysis,1,1,1.0,1.0,1.0,0.0136698,44374,298,4,5534,
Qwen3-235B,exp_040_qwen3_235b_v5_seeds5,V5_01_municipality_co2_lorca,1337,municipality,0,0,0.5,0.3333,0.0,0.0032283000000000004,10633,32,1,1655,tool_missing
Qwen3-235B,exp_040_qwen3_235b_v5_seeds5,V5_02_municipality_erosion_antequera,1337,municipality,1,1,1.0,1.0,1.0,0.009899100000000001,32377,155,3,4454,
Qwen3-235B,exp_040_qwen3_235b_v5_seeds5,V5_03_municipality_province_hint,1337,municipality,1,1,1.0,1.0,1.0,0.009903,32430,145,3,4074,
Qwen3-235B,exp_040_qwen3_235b_v5_seeds5,V5_04_municipality_multi_indicator,1337,municipality,1,1,1.0,1.0,1.0,0.0204606,66226,494,6,9202,
Qwen3-235B,exp_040_qwen3_235b_v5_seeds5,V5_05_followup_drill_down,1337,memory,0,0,0.6667,0.5714,0.0,0.0067805999999999995,21978,156,2,3456,keyword_missing
Qwen3-235B,exp_040_qwen3_235b_v5_seeds5,V5_06_followup_compare_new,1337,memory,1,1,1.0,1.0,1.0,0.010469699999999998,33699,300,3,5955,
Qwen3-235B,exp_040_qwen3_235b_v5_seeds5,V5_07_followup_switch_indicator,1337,memory,1,1,1.0,1.0,1.0,0.0134328,44080,174,4,5822,
Qwen3-235B,exp_040_qwen3_235b_v5_seeds5,V5_08_followup_chart_request,1337,memory,1,1,1.0,1.0,1.0,0.0069744,22356,223,2,3757,
Qwen3-235B,exp_040_qwen3_235b_v5_seeds5,V5_09_spatial_coastal_erosion,1337,spatial_reasoning,0,0,0.6667,0.5,0.0,0.017225999999999998,55404,504,5,7424,keyword_missing
Qwen3-235B,exp_040_qwen3_235b_v5_seeds5,V5_10_spatial_inland_co2,1337,spatial_reasoning,0,0,0.6667,0.5,0.0,0.0104736,33008,476,3,5942,keyword_missing
Qwen3-235B,exp_040_qwen3_235b_v5_seeds5,V5_11_spatial_autonomous_community,1337,spatial_reasoning,0,0,0.375,0.1667,0.0,0.0032307,10641,32,1,1789,tool_missing
Qwen3-235B,exp_040_qwen3_235b_v5_seeds5,V5_12_spatial_island_limitations,1337,spatial_reasoning,0,0,0.75,0.5,1.0,0.0032952,10628,89,1,2226,tool_missing
Qwen3-235B,exp_040_qwen3_235b_v5_seeds5,V5_13_cross_indicator_tradeoff,1337,cross_indicator,0,0,0.8,0.6667,0.0,0.0142134,45318,515,4,7398,keyword_missing
Qwen3-235B,exp_040_qwen3_235b_v5_seeds5,V5_14_cross_indicator_low_risk,1337,cross_indicator,0,0,0.8333,0.75,1.0,0.0107508,33588,562,3,7258,wrong_data
Qwen3-235B,exp_040_qwen3_235b_v5_seeds5,V5_15_error_nonexistent_municipality,1337,error_handling,1,1,1.0,1.0,1.0,0.0032786999999999994,10629,75,1,2072,
Qwen3-235B,exp_040_qwen3_235b_v5_seeds5,V5_16_error_wrong_indicator_name,1337,error_handling,1,1,1.0,1.0,1.0,0.0032619,10625,62,1,1874,
Qwen3-235B,exp_040_qwen3_235b_v5_seeds5,V5_17_error_ines_stats_fabrication,1337,error_handling,0,0,0.8571,0.8,,0.0032868,10632,81,1,1940,tool_missing
Qwen3-235B,exp_040_qwen3_235b_v5_seeds5,V5_18_error_fabricated_year,1337,error_handling,0,0,0.8333,0.75,0.5,0.009936900000000002,32327,199,3,4513,keyword_missing
Qwen3-235B,exp_040_qwen3_235b_v5_seeds5,V5_19_ranking_bottom_co2,1337,ranking,0,0,0.625,0.5,0.5,0.0100893,32527,276,3,6188,keyword_missing
Qwen3-235B,exp_040_qwen3_235b_v5_seeds5,V5_20_ranking_chart_erosion,1337,ranking,0,0,0.7778,0.7143,1.0,0.010309799999999997,32874,373,3,6303,wrong_data
Qwen3-235B,exp_040_qwen3_235b_v5_seeds5,V5_21_comparison_close_values,1337,comparison,0,0,0.3333,0.1429,0.0,0.0032289000000000003,10635,32,1,1498,tool_missing
Qwen3-235B,exp_040_qwen3_235b_v5_seeds5,V5_22_comparison_north_south_erosion,1337,comparison,0,0,0.8889,0.8571,1.0,0.010117800000000001,32662,266,3,5862,wrong_data
Qwen3-235B,exp_040_qwen3_235b_v5_seeds5,V5_23_deep_dive_full_profile,1337,deep_dive,0,0,0.625,0.5,0.5,0.010237499999999998,32853,318,3,6416,tool_missing
Qwen3-235B,exp_040_qwen3_235b_v5_seeds5,V5_24_interpretation_policy,1337,interpretation,0,0,0.4,0.25,0.0,0.0,0,0,0,300102,tool_missing
Qwen3-235B,exp_040_qwen3_235b_v5_seeds5,V5_25_tool_selection_chart_type,1337,tool_selection,0,0,0.75,0.6667,1.0,0.0102432,32948,299,3,5230,tool_missing
Qwen3-235B,exp_040_qwen3_235b_v5_seeds5,V5_26_tool_selection_toggle_multiple,1337,tool_selection,1,1,1.0,1.0,1.0,0.0067911000000000004,21645,248,2,3655,
Qwen3-235B,exp_040_qwen3_235b_v5_seeds5,V5_27_language_catalan,1337,language,1,1,1.0,1.0,1.0,0.0099069,32343,170,3,3869,
Qwen3-235B,exp_040_qwen3_235b_v5_seeds5,V5_28_language_galician,1337,language,1,1,1.0,1.0,1.0,0.013330499999999999,43239,299,4,6350,
Qwen3-235B,exp_040_qwen3_235b_v5_seeds5,V5_29_single_analysis_erosion,1337,single_analysis,1,1,1.0,1.0,1.0,0.0098106,32194,127,3,3625,
Qwen3-235B,exp_040_qwen3_235b_v5_seeds5,V5_30_single_analysis_co2,1337,single_analysis,0,0,0.3333,0.1429,0.0,0.0032289000000000003,10635,32,1,1575,tool_missing
Qwen3-235B,exp_040_qwen3_235b_v5_seeds5,V5_31_habitat_province_single,1337,habitat_analysis,0,0,0.7778,0.7143,0.5,0.0098742,32418,124,3,3230,keyword_missing
Qwen3-235B,exp_040_qwen3_235b_v5_seeds5,V5_32_habitat_forest_types,1337,habitat_analysis,1,1,1.0,1.0,1.0,0.0099456,32412,185,3,3959,
Qwen3-235B,exp_040_qwen3_235b_v5_seeds5,V5_33_habitat_recall_grassland,1337,habitat_analysis,0,0,0.8889,0.8571,1.0,0.009912299999999999,32429,153,3,3697,wrong_data
Qwen3-235B,exp_040_qwen3_235b_v5_seeds5,V5_34_habitat_chart,1337,habitat_analysis,1,1,1.0,1.0,1.0,0.009882,32432,127,3,3108,
Qwen3-235B,exp_040_qwen3_235b_v5_seeds5,V5_35_habitat_dominant_class_recall,1337,habitat_analysis,1,1,1.0,1.0,1.0,0.0033192,10964,25,1,1448,
Qwen3-235B,exp_040_qwen3_235b_v5_seeds5,V5_36_temporal_compare_shrubland,1337,memory,1,1,1.0,1.0,1.0,0.0033074999999999997,10965,15,1,1661,
Qwen3-235B,exp_040_qwen3_235b_v5_seeds5,V5_37_temporal_change_visual,1337,memory,1,1,1.0,1.0,1.0,0.0033192,10960,26,1,1379,
Qwen3-235B,exp_040_qwen3_235b_v5_seeds5,V5_38_cross_indicator_habitat_co2,1337,cross_indicator,0,0,0.4444,0.2857,0.0,0.0032351999999999997,10656,32,1,1515,tool_missing
Qwen3-235B,exp_040_qwen3_235b_v5_seeds5,V5_39_error_unavailable_year,1337,error_handling,0,0,0.8889,0.8571,0.0,0.0032819999999999998,10632,77,1,1782,keyword_missing
Qwen3-235B,exp_040_qwen3_235b_v5_seeds5,V5_40_error_wrong_layer,1337,error_handling,0,0,0.9,0.875,0.0,0.0032259,10625,32,1,1533,keyword_missing
Qwen3-235B,exp_040_qwen3_235b_v5_seeds5,V5_41_multi_muni_ranking_erosion,1337,multi_municipality_ranking,0,0,0.8,0.6667,1.0,0.0341283,110605,789,9,14620,tool_missing
Qwen3-235B,exp_040_qwen3_235b_v5_seeds5,V5_42_multi_muni_ranking_co2,1337,multi_municipality_ranking,0,0,0.8,0.6667,1.0,0.0212364,69292,374,6,8816,tool_missing
Qwen3-235B,exp_040_qwen3_235b_v5_seeds5,V5_43_multi_muni_compare_three,1337,multi_municipality_ranking,1,1,1.0,1.0,1.0,0.0208446,67574,477,6,8568,
Qwen3-235B,exp_040_qwen3_235b_v5_seeds5,V5_44_province_aggregation_andalucia,1337,province_aggregation,0,0,0.4,0.3333,0.0,0.035851799999999996,115630,969,10,15114,tool_missing
Qwen3-235B,exp_040_qwen3_235b_v5_seeds5,V5_45_province_aggregation_aragon,1337,province_aggregation,0,0,0.4286,0.2,0.0,0.0032286,10634,32,1,2163,tool_missing
Qwen3-235B,exp_040_qwen3_235b_v5_seeds5,V5_46_error_recovery_typo,1337,error_recovery,0,0,0.8571,0.8,0.0,0.003228,10632,32,1,1650,keyword_missing
Qwen3-235B,exp_040_qwen3_235b_v5_seeds5,V5_47_error_recovery_fallback_indicator,1337,error_recovery,0,0,0.75,0.6667,0.0,0.006731099999999999,21789,162,2,3230,tool_missing
Qwen3-235B,exp_040_qwen3_235b_v5_seeds5,V5_48_error_recovery_wrong_year,1337,error_recovery,1,1,1.0,1.0,1.0,0.0100116,32520,213,3,4632,
Qwen3-235B,exp_040_qwen3_235b_v5_seeds5,V5_49_threshold_co2_high,1337,threshold,1,1,1.0,1.0,1.0,0.0107181,34663,266,3,4854,
Qwen3-235B,exp_040_qwen3_235b_v5_seeds5,V5_50_threshold_dual_indicator,1337,threshold,1,1,1.0,1.0,1.0,0.0226368,71688,942,6,12614,
Qwen3-235B,exp_040_qwen3_235b_v5_seeds5,V5_51_threshold_co2_low,1337,threshold,1,1,1.0,1.0,1.0,0.0108453,34827,331,3,5252,
Qwen3-235B,exp_040_qwen3_235b_v5_seeds5,V5_52_language_catalan_erosion,1337,language,0,0,0.875,0.8333,1.0,0.0098937,32211,192,3,4856,wrong_data
Qwen3-235B,exp_040_qwen3_235b_v5_seeds5,V5_53_language_basque_co2,1337,language,0,0,0.6667,0.5,0.0,0.0032405999999999997,10634,42,1,1606,tool_missing
Qwen3-235B,exp_040_qwen3_235b_v5_seeds5,V5_54_language_galician_co2,1337,language,1,1,1.0,1.0,1.0,0.0100632,32420,281,3,4986,
Qwen3-235B,exp_040_qwen3_235b_v5_seeds5,V5_55_language_basque_compare,1337,language,0,0,0.8571,0.8,1.0,0.0102762,32762,373,3,6856,wrong_data
Qwen3-235B,exp_040_qwen3_235b_v5_seeds5,V5_56_habitat_andalucia_forest,1337,habitat_analysis,1,1,1.0,1.0,1.0,0.0098757,32351,142,3,3694,
Qwen3-235B,exp_040_qwen3_235b_v5_seeds5,V5_57_temporal_multi_year,1337,temporal_change,0,0,0.8889,0.8571,0.6667,0.013993199999999999,44616,507,4,7200,keyword_missing
Qwen3-235B,exp_040_qwen3_235b_v5_seeds5,V5_58_legend_co2_classes,1337,tool_selection,0,0,0.8571,0.8,1.0,0.0033978,10634,173,1,2432,tool_missing
Qwen3-235B,exp_040_qwen3_235b_v5_seeds5,V5_59_legend_erosion_scale,1337,tool_selection,0,0,0.8333,0.75,1.0,0.0033654,10638,145,1,2280,tool_missing
Qwen3-235B,exp_040_qwen3_235b_v5_seeds5,V5_60_legend_habitat_classes,1337,tool_selection,1,1,1.0,1.0,1.0,0.0134568,43620,309,4,5420,
Qwen3-235B,exp_040_qwen3_235b_v5_seeds5,V5_61_list_layers_analyzable,1337,tool_selection,0,0,0.8333,0.75,1.0,0.0033437999999999996,10634,128,1,2206,tool_missing
Qwen3-235B,exp_040_qwen3_235b_v5_seeds5,V5_62_list_layers_habitat_years,1337,tool_selection,1,1,1.0,1.0,1.0,0.0350958,114758,557,10,10082,
Qwen3-235B,exp_040_qwen3_235b_v5_seeds5,V5_63_list_layers_all_indicators,1337,tool_selection,0,0,0.8,0.6667,0.0,0.006654299999999999,21473,177,2,2935,keyword_missing
Qwen3-235B,exp_040_qwen3_235b_v5_seeds5,V5_64_layer_bounds_canary_co2,1337,tool_selection,0,0,0.8333,0.75,1.0,0.0033099,10637,99,1,2043,tool_missing
Qwen3-235B,exp_040_qwen3_235b_v5_seeds5,V5_65_layer_bounds_erosion_extent,1337,tool_selection,0,0,0.8,0.6667,1.0,0.0032568,10644,53,1,1717,tool_missing
Qwen3-235B,exp_040_qwen3_235b_v5_seeds5,V5_66_layer_bounds_cross_border,1337,tool_selection,0,0,0.875,0.8333,1.0,0.0032997,10647,88,1,1798,tool_missing
Qwen3-235B,exp_040_qwen3_235b_v5_seeds5,V5_67_multi_layer_three_indicators,1337,cross_indicator,0,0,0.8889,0.8571,0.6667,0.0206661,66971,479,6,8242,keyword_missing
Qwen3-235B,exp_040_qwen3_235b_v5_seeds5,V5_68_multi_layer_nbs_profile,1337,cross_indicator,0,0,0.4444,0.2857,0.0,0.0032328,10648,32,1,1840,tool_missing
Qwen3-235B,exp_040_qwen3_235b_v5_seeds5,V5_69_multi_layer_explicit_simultaneous,1337,cross_indicator,1,1,1.0,1.0,1.0,0.020428199999999997,66210,471,6,8702,
Qwen3-235B,exp_040_qwen3_235b_v5_seeds5,V5_70_interpretation_investor,1337,interpretation,0,0,0.5714,0.4,0.5,0.0106446,33570,478,3,7724,tool_missing
Qwen3-235B,exp_040_qwen3_235b_v5_seeds5,V5_71_interpretation_habitat_co2_link,1337,interpretation,0,0,0.5,0.25,0.0,0.0032991,10657,85,1,1824,tool_missing
Qwen3-235B,exp_040_qwen3_235b_v5_seeds5,V5_72_interpretation_erosion_project_risk,1337,interpretation,0,0,0.625,0.5,0.6667,0.0134751,43757,290,4,5959,tool_missing
Qwen3-235B,exp_040_qwen3_235b_v5_seeds5,V5_73_deep_dive_municipality,1337,deep_dive,1,1,1.0,1.0,1.0,0.020422199999999998,66638,359,6,6953,
Qwen3-235B,exp_040_qwen3_235b_v5_seeds5,V5_74_deep_dive_temporal_profile,1337,tool_selection,0,0,0.5,0.25,0.0,0.003237,10638,38,1,1530,tool_missing
Qwen3-235B,exp_040_qwen3_235b_v5_seeds5,V5_75_deep_dive_community_ranking,1337,deep_dive,0,0,0.75,0.6667,1.0,0.010611299999999999,33223,537,3,6942,tool_missing
Qwen3-235B,exp_040_qwen3_235b_v5_seeds5,V5_76_legend_ines_erosion_visual,1337,tool_selection,0,0,0.8333,0.75,1.0,0.0033393000000000003,10643,122,1,2415,tool_missing
Qwen3-235B,exp_040_qwen3_235b_v5_seeds5,V5_77_legend_mfe_forest_map,1337,tool_selection,0,0,0.8,0.6667,1.0,0.0033048,10648,92,1,2188,tool_missing
Qwen3-235B,exp_040_qwen3_235b_v5_seeds5,V5_78_legend_two_layers_compare,1337,tool_selection,0,0,0.8333,0.75,1.0,0.0036647999999999997,10652,391,1,3827,tool_missing
Qwen3-235B,exp_040_qwen3_235b_v5_seeds5,V5_79_list_layers_display_only,1337,tool_selection,0,0,0.8,0.6667,1.0,0.0034143,10641,185,1,2600,tool_missing
Qwen3-235B,exp_040_qwen3_235b_v5_seeds5,V5_80_list_layers_before_workflow,1337,tool_selection,0,0,0.4286,0.2,0.0,0.0032375999999999998,10640,38,1,1640,tool_missing
Qwen3-235B,exp_040_qwen3_235b_v5_seeds5,V5_81_list_layers_unavailable_indicator,1337,tool_selection,0,0,0.75,0.6667,0.0,0.0032298,10638,32,1,1535,tool_missing
Qwen3-235B,exp_040_qwen3_235b_v5_seeds5,V5_82_layer_bounds_ceuta_melilla,1337,tool_selection,1,1,1.0,1.0,1.0,0.0065301000000000005,21459,77,2,2312,
Qwen3-235B,exp_040_qwen3_235b_v5_seeds5,V5_83_layer_bounds_balearic_erosion,1337,tool_selection,0,0,0.6,0.3333,0.0,0.0032319000000000002,10645,32,1,1442,tool_missing
Qwen3-235B,exp_040_qwen3_235b_v5_seeds5,V5_84_layer_bounds_coverage_comparison,1337,tool_selection,0,0,0.8333,0.75,1.0,0.0033117000000000003,10655,96,1,2170,tool_missing
Qwen3-235B,exp_040_qwen3_235b_v5_seeds5,V5_85_multi_layer_municipality_lorca,1337,cross_indicator,1,1,1.0,1.0,1.0,0.0135486,43906,314,4,6555,
Qwen3-235B,exp_040_qwen3_235b_v5_seeds5,V5_86_multi_layer_with_chart_huelva,1337,cross_indicator,1,1,1.0,1.0,1.0,0.0134052,43612,268,4,5400,
Qwen3-235B,exp_040_qwen3_235b_v5_seeds5,V5_87_multi_layer_comparison_two_provinces,1337,deep_dive,1,1,1.0,1.0,1.0,0.0170955,55197,447,5,7971,
Qwen3-235B,exp_040_qwen3_235b_v5_seeds5,V5_88_interpretation_restoration_castilla_leon,1337,interpretation,0,0,0.8333,0.75,0.5,0.031648499999999996,102663,708,9,10505,keyword_missing
Qwen3-235B,exp_040_qwen3_235b_v5_seeds5,V5_89_interpretation_biodiversity_carbon_synergy,1337,interpretation,0,0,0.8571,0.8,1.0,0.014012099999999998,45211,374,4,7184,wrong_data
Qwen3-235B,exp_040_qwen3_235b_v5_seeds5,V5_90_interpretation_bank_risk_assessment,1337,interpretation,0,0,0.5,0.3333,0.0,0.0,0,0,0,300103,tool_missing
Qwen3-235B,exp_040_qwen3_235b_v5_seeds5,V5_91_deep_dive_temporal_municipality,1337,deep_dive,1,1,1.0,1.0,1.0,0.0134904,43576,348,4,6960,
Qwen3-235B,exp_040_qwen3_235b_v5_seeds5,V5_92_deep_dive_two_provinces_side_by_side,1337,deep_dive,0,0,0.6667,0.5714,0.6667,0.010603200000000002,33512,458,3,7520,tool_missing
Qwen3-235B,exp_040_qwen3_235b_v5_seeds5,V5_93_deep_dive_national_policy_brief,1337,habitat_analysis,1,1,1.0,1.0,1.0,0.013737300000000001,44403,347,4,5938,
Qwen3-235B,exp_040_qwen3_235b_v5_seeds5,V5_01_municipality_co2_lorca,2024,municipality,0,0,0.5,0.3333,0.0,0.0032283000000000004,10633,32,1,1574,tool_missing
Qwen3-235B,exp_040_qwen3_235b_v5_seeds5,V5_02_municipality_erosion_antequera,2024,municipality,1,1,1.0,1.0,1.0,0.0098559,32337,129,3,4306,
Qwen3-235B,exp_040_qwen3_235b_v5_seeds5,V5_03_municipality_province_hint,2024,municipality,1,1,1.0,1.0,1.0,0.0100062,32502,213,3,4483,
Qwen3-235B,exp_040_qwen3_235b_v5_seeds5,V5_04_municipality_multi_indicator,2024,municipality,0,0,0.875,0.8333,1.0,0.0136212,43932,368,4,7223,tool_missing
Qwen3-235B,exp_040_qwen3_235b_v5_seeds5,V5_05_followup_drill_down,2024,memory,0,0,0.7778,0.7143,1.0,0.0068229,21979,191,2,3474,wrong_data
Qwen3-235B,exp_040_qwen3_235b_v5_seeds5,V5_06_followup_compare_new,2024,memory,1,1,1.0,1.0,1.0,0.0104541,33691,289,3,5830,
Qwen3-235B,exp_040_qwen3_235b_v5_seeds5,V5_07_followup_switch_indicator,2024,memory,1,1,1.0,1.0,1.0,0.0134358,44070,179,4,5556,
Qwen3-235B,exp_040_qwen3_235b_v5_seeds5,V5_08_followup_chart_request,2024,memory,1,1,1.0,1.0,1.0,0.0069669,22363,215,2,3637,
Qwen3-235B,exp_040_qwen3_235b_v5_seeds5,V5_09_spatial_coastal_erosion,2024,spatial_reasoning,1,1,1.0,1.0,1.0,0.013775099999999998,43869,512,4,7125,
Qwen3-235B,exp_040_qwen3_235b_v5_seeds5,V5_10_spatial_inland_co2,2024,spatial_reasoning,1,1,1.0,1.0,1.0,0.0104706,32982,480,3,6601,
Qwen3-235B,exp_040_qwen3_235b_v5_seeds5,V5_11_spatial_autonomous_community,2024,spatial_reasoning,0,0,0.375,0.1667,0.0,0.0032307,10641,32,1,1533,tool_missing
Qwen3-235B,exp_040_qwen3_235b_v5_seeds5,V5_12_spatial_island_limitations,2024,spatial_reasoning,0,0,0.75,0.5,1.0,0.003258,10628,58,1,1580,tool_missing
Qwen3-235B,exp_040_qwen3_235b_v5_seeds5,V5_13_cross_indicator_tradeoff,2024,cross_indicator,1,1,1.0,1.0,1.0,0.018669299999999996,58507,931,5,12427,
Qwen3-235B,exp_040_qwen3_235b_v5_seeds5,V5_14_cross_indicator_low_risk,2024,cross_indicator,0,0,0.8333,0.75,1.0,0.010743599999999999,33588,556,3,7002,wrong_data
Qwen3-235B,exp_040_qwen3_235b_v5_seeds5,V5_15_error_nonexistent_municipality,2024,error_handling,0,0,0.8571,0.8,0.0,0.0032270999999999997,10629,32,1,1448,keyword_missing
Qwen3-235B,exp_040_qwen3_235b_v5_seeds5,V5_16_error_wrong_indicator_name,2024,error_handling,1,1,1.0,1.0,1.0,0.0032654999999999997,10625,65,1,1610,
Qwen3-235B,exp_040_qwen3_235b_v5_seeds5,V5_17_error_ines_stats_fabrication,2024,error_handling,0,0,0.8571,0.8,,0.0032903999999999997,10632,84,1,1928,tool_missing
Qwen3-235B,exp_040_qwen3_235b_v5_seeds5,V5_18_error_fabricated_year,2024,error_handling,0,0,0.6667,0.5,0.0,0.0032286,10634,32,1,1533,keyword_missing
Qwen3-235B,exp_040_qwen3_235b_v5_seeds5,V5_19_ranking_bottom_co2,2024,ranking,0,0,0.625,0.5,0.5,0.0100905,32527,277,3,4634,keyword_missing
Qwen3-235B,exp_040_qwen3_235b_v5_seeds5,V5_20_ranking_chart_erosion,2024,ranking,1,1,1.0,1.0,1.0,0.010363200000000001,32932,403,3,5630,
Qwen3-235B,exp_040_qwen3_235b_v5_seeds5,V5_21_comparison_close_values,2024,comparison,0,0,0.4444,0.2857,0.3333,0.0033117000000000003,10635,101,1,2411,tool_missing
Qwen3-235B,exp_040_qwen3_235b_v5_seeds5,V5_22_comparison_north_south_erosion,2024,comparison,0,0,0.8889,0.8571,1.0,0.010091099999999999,32661,244,3,5580,wrong_data
Qwen3-235B,exp_040_qwen3_235b_v5_seeds5,V5_23_deep_dive_full_profile,2024,deep_dive,0,0,0.625,0.5,0.5,0.0102195,32801,316,3,6057,tool_missing
Qwen3-235B,exp_040_qwen3_235b_v5_seeds5,V5_24_interpretation_policy,2024,interpretation,0,0,0.8333,0.75,1.0,0.021042599999999998,67706,609,6,10743,wrong_data
Qwen3-235B,exp_040_qwen3_235b_v5_seeds5,V5_25_tool_selection_chart_type,2024,tool_selection,0,0,0.625,0.5,0.0,0.010218599999999998,32934,282,3,6621,tool_missing
Qwen3-235B,exp_040_qwen3_235b_v5_seeds5,V5_26_tool_selection_toggle_multiple,2024,tool_selection,1,1,1.0,1.0,1.0,0.006726899999999999,21627,199,2,3459,
Qwen3-235B,exp_040_qwen3_235b_v5_seeds5,V5_27_language_catalan,2024,language,1,1,1.0,1.0,1.0,0.009852899999999998,32279,141,3,4181,
Qwen3-235B,exp_040_qwen3_235b_v5_seeds5,V5_28_language_galician,2024,language,0,0,0.6667,0.5,0.0,0.0032328,10628,37,1,1435,tool_missing
Qwen3-235B,exp_040_qwen3_235b_v5_seeds5,V5_29_single_analysis_erosion,2024,single_analysis,1,1,1.0,1.0,1.0,0.009836399999999999,32224,141,3,4219,
Qwen3-235B,exp_040_qwen3_235b_v5_seeds5,V5_30_single_analysis_co2,2024,single_analysis,0,0,0.3333,0.1429,0.0,0.0032289000000000003,10635,32,1,1515,tool_missing
Qwen3-235B,exp_040_qwen3_235b_v5_seeds5,V5_31_habitat_province_single,2024,habitat_analysis,0,0,0.7778,0.7143,0.5,0.0099012,32372,158,3,3795,keyword_missing
Qwen3-235B,exp_040_qwen3_235b_v5_seeds5,V5_32_habitat_forest_types,2024,habitat_analysis,1,1,1.0,1.0,1.0,0.009928200000000002,32410,171,3,3657,
Qwen3-235B,exp_040_qwen3_235b_v5_seeds5,V5_33_habitat_recall_grassland,2024,habitat_analysis,0,0,0.8889,0.8571,1.0,0.009912299999999999,32429,153,3,3770,wrong_data
Qwen3-235B,exp_040_qwen3_235b_v5_seeds5,V5_34_habitat_chart,2024,habitat_analysis,1,1,1.0,1.0,1.0,0.009864,32392,122,3,3110,
Qwen3-235B,exp_040_qwen3_235b_v5_seeds5,V5_35_habitat_dominant_class_recall,2024,habitat_analysis,1,1,1.0,1.0,1.0,0.0033204,10964,26,1,1528,
Qwen3-235B,exp_040_qwen3_235b_v5_seeds5,V5_36_temporal_compare_shrubland,2024,memory,1,1,1.0,1.0,1.0,0.0033074999999999997,10965,15,1,1274,
Qwen3-235B,exp_040_qwen3_235b_v5_seeds5,V5_37_temporal_change_visual,2024,memory,1,1,1.0,1.0,1.0,0.0033336,10960,38,1,1395,
Qwen3-235B,exp_040_qwen3_235b_v5_seeds5,V5_38_cross_indicator_habitat_co2,2024,cross_indicator,0,0,0.4444,0.2857,0.0,0.0032351999999999997,10656,32,1,1461,tool_missing
Qwen3-235B,exp_040_qwen3_235b_v5_seeds5,V5_39_error_unavailable_year,2024,error_handling,1,1,1.0,1.0,1.0,0.00327,10632,67,1,1675,
Qwen3-235B,exp_040_qwen3_235b_v5_seeds5,V5_40_error_wrong_layer,2024,error_handling,1,1,1.0,1.0,1.0,0.0032570999999999998,10625,58,1,1556,
Qwen3-235B,exp_040_qwen3_235b_v5_seeds5,V5_41_multi_muni_ranking_erosion,2024,multi_municipality_ranking,0,0,0.6,0.3333,0.0,0.0032283000000000004,10633,32,1,1757,tool_missing
Qwen3-235B,exp_040_qwen3_235b_v5_seeds5,V5_42_multi_muni_ranking_co2,2024,multi_municipality_ranking,1,1,1.0,1.0,1.0,0.017136600000000002,56174,237,5,6521,
Qwen3-235B,exp_040_qwen3_235b_v5_seeds5,V5_43_multi_muni_compare_three,2024,multi_municipality_ranking,1,1,1.0,1.0,1.0,0.0140802,44946,497,4,8388,
Qwen3-235B,exp_040_qwen3_235b_v5_seeds5,V5_44_province_aggregation_andalucia,2024,province_aggregation,0,0,0.4,0.3333,0.0,0.0339333,111455,414,10,10130,tool_missing
Qwen3-235B,exp_040_qwen3_235b_v5_seeds5,V5_45_province_aggregation_aragon,2024,province_aggregation,0,0,0.7143,0.8,1.0,0.0344166,112374,587,10,12961,tool_missing
Qwen3-235B,exp_040_qwen3_235b_v5_seeds5,V5_46_error_recovery_typo,2024,error_recovery,1,1,1.0,1.0,1.0,0.00324,10632,42,1,1690,
Qwen3-235B,exp_040_qwen3_235b_v5_seeds5,V5_47_error_recovery_fallback_indicator,2024,error_recovery,0,0,0.75,0.6667,0.0,0.0090951,29733,146,2,3388,tool_missing
Qwen3-235B,exp_040_qwen3_235b_v5_seeds5,V5_48_error_recovery_wrong_year,2024,error_recovery,1,1,1.0,1.0,1.0,0.0100602,32546,247,3,3937,
Qwen3-235B,exp_040_qwen3_235b_v5_seeds5,V5_49_threshold_co2_high,2024,threshold,1,1,1.0,1.0,1.0,0.0120366,35646,1119,3,9672,
Qwen3-235B,exp_040_qwen3_235b_v5_seeds5,V5_50_threshold_dual_indicator,2024,threshold,1,1,1.0,1.0,1.0,0.026144399999999998,84292,714,7,12555,
Qwen3-235B,exp_040_qwen3_235b_v5_seeds5,V5_51_threshold_co2_low,2024,threshold,1,1,1.0,1.0,1.0,0.0108132,34820,306,3,5873,
Qwen3-235B,exp_040_qwen3_235b_v5_seeds5,V5_52_language_catalan_erosion,2024,language,0,0,0.875,0.8333,1.0,0.0098649,32211,168,3,4973,wrong_data
Qwen3-235B,exp_040_qwen3_235b_v5_seeds5,V5_53_language_basque_co2,2024,language,0,0,0.6667,0.5,0.0,0.0032549999999999996,10634,54,1,1670,tool_missing
Qwen3-235B,exp_040_qwen3_235b_v5_seeds5,V5_54_language_galician_co2,2024,language,0,0,0.5714,0.4,0.0,0.0032355,10633,38,1,1607,tool_missing
Qwen3-235B,exp_040_qwen3_235b_v5_seeds5,V5_55_language_basque_compare,2024,language,0,0,0.8571,0.8,1.0,0.010186800000000001,32712,311,3,6659,wrong_data
Qwen3-235B,exp_040_qwen3_235b_v5_seeds5,V5_56_habitat_andalucia_forest,2024,habitat_analysis,1,1,1.0,1.0,1.0,0.009955499999999999,32405,195,3,4693,
Qwen3-235B,exp_040_qwen3_235b_v5_seeds5,V5_57_temporal_multi_year,2024,temporal_change,0,0,0.6667,0.5714,0.0,0.0140448,44772,511,4,8408,keyword_missing
Qwen3-235B,exp_040_qwen3_235b_v5_seeds5,V5_58_legend_co2_classes,2024,tool_selection,0,0,0.8571,0.8,1.0,0.0034049999999999996,10634,179,1,2588,tool_missing
Qwen3-235B,exp_040_qwen3_235b_v5_seeds5,V5_59_legend_erosion_scale,2024,tool_selection,0,0,0.8333,0.75,1.0,0.0033378,10638,122,1,2531,tool_missing
Qwen3-235B,exp_040_qwen3_235b_v5_seeds5,V5_60_legend_habitat_classes,2024,tool_selection,1,1,1.0,1.0,1.0,0.013481100000000001,43677,315,4,5783,
Qwen3-235B,exp_040_qwen3_235b_v5_seeds5,V5_61_list_layers_analyzable,2024,tool_selection,0,0,0.8333,0.75,1.0,0.003411,10634,184,1,2764,tool_missing
Qwen3-235B,exp_040_qwen3_235b_v5_seeds5,V5_62_list_layers_habitat_years,2024,tool_selection,1,1,1.0,1.0,1.0,0.0143859,45985,492,4,7023,
Qwen3-235B,exp_040_qwen3_235b_v5_seeds5,V5_63_list_layers_all_indicators,2024,tool_selection,0,0,0.6,0.3333,0.0,0.0032319000000000002,10645,32,1,1552,tool_missing
Qwen3-235B,exp_040_qwen3_235b_v5_seeds5,V5_64_layer_bounds_canary_co2,2024,tool_selection,0,0,0.6667,0.5,0.0,0.0032295,10637,32,1,1493,tool_missing
Qwen3-235B,exp_040_qwen3_235b_v5_seeds5,V5_65_layer_bounds_erosion_extent,2024,tool_selection,0,0,0.8,0.6667,1.0,0.0032784,10644,71,1,2351,tool_missing
Qwen3-235B,exp_040_qwen3_235b_v5_seeds5,V5_66_layer_bounds_cross_border,2024,tool_selection,0,0,0.875,0.8333,1.0,0.0032865,10647,77,1,1983,tool_missing
Qwen3-235B,exp_040_qwen3_235b_v5_seeds5,V5_67_multi_layer_three_indicators,2024,cross_indicator,1,1,1.0,1.0,1.0,0.0069036,21916,274,2,5145,
Qwen3-235B,exp_040_qwen3_235b_v5_seeds5,V5_68_multi_layer_nbs_profile,2024,cross_indicator,0,0,0.4444,0.2857,0.0,0.0032328,10648,32,1,1680,tool_missing
Qwen3-235B,exp_040_qwen3_235b_v5_seeds5,V5_69_multi_layer_explicit_simultaneous,2024,cross_indicator,1,1,1.0,1.0,1.0,0.0204981,66239,522,6,8486,
Qwen3-235B,exp_040_qwen3_235b_v5_seeds5,V5_70_interpretation_investor,2024,interpretation,0,0,0.5714,0.4,0.5,0.0070212,22008,349,2,5622,tool_missing
Qwen3-235B,exp_040_qwen3_235b_v5_seeds5,V5_71_interpretation_habitat_co2_link,2024,interpretation,0,0,0.8333,0.75,0.5,0.009962699999999998,32429,195,3,3793,keyword_missing
Qwen3-235B,exp_040_qwen3_235b_v5_seeds5,V5_72_interpretation_erosion_project_risk,2024,interpretation,0,0,0.625,0.5,0.6667,0.0135804,43816,363,4,7953,tool_missing
Qwen3-235B,exp_040_qwen3_235b_v5_seeds5,V5_73_deep_dive_municipality,2024,deep_dive,1,1,1.0,1.0,1.0,0.0236589,77455,352,7,8732,
Qwen3-235B,exp_040_qwen3_235b_v5_seeds5,V5_74_deep_dive_temporal_profile,2024,tool_selection,0,0,0.5,0.25,0.0,0.003237,10638,38,1,1645,tool_missing
Qwen3-235B,exp_040_qwen3_235b_v5_seeds5,V5_75_deep_dive_community_ranking,2024,deep_dive,1,1,1.0,1.0,1.0,0.0142623,45081,615,4,9886,
Qwen3-235B,exp_040_qwen3_235b_v5_seeds5,V5_76_legend_ines_erosion_visual,2024,tool_selection,0,0,0.8333,0.75,1.0,0.0033789000000000002,10643,155,1,3412,tool_missing
Qwen3-235B,exp_040_qwen3_235b_v5_seeds5,V5_77_legend_mfe_forest_map,2024,tool_selection,0,0,0.8,0.6667,1.0,0.0033024,10648,90,1,1912,tool_missing
Qwen3-235B,exp_040_qwen3_235b_v5_seeds5,V5_78_legend_two_layers_compare,2024,tool_selection,0,0,0.8333,0.75,1.0,0.0035519999999999996,10652,297,1,4355,tool_missing
Qwen3-235B,exp_040_qwen3_235b_v5_seeds5,V5_79_list_layers_display_only,2024,tool_selection,0,0,0.8,0.6667,1.0,0.0034215,10641,191,1,2564,tool_missing
Qwen3-235B,exp_040_qwen3_235b_v5_seeds5,V5_80_list_layers_before_workflow,2024,tool_selection,0,0,0.4286,0.2,0.0,0.0032375999999999998,10640,38,1,1517,tool_missing
Qwen3-235B,exp_040_qwen3_235b_v5_seeds5,V5_81_list_layers_unavailable_indicator,2024,tool_selection,0,0,0.75,0.6667,0.0,0.0032298,10638,32,1,1541,tool_missing
Qwen3-235B,exp_040_qwen3_235b_v5_seeds5,V5_82_layer_bounds_ceuta_melilla,2024,tool_selection,1,1,1.0,1.0,1.0,0.0065193000000000004,21459,68,2,2358,
Qwen3-235B,exp_040_qwen3_235b_v5_seeds5,V5_83_layer_bounds_balearic_erosion,2024,tool_selection,0,0,0.6,0.3333,0.0,0.0032319000000000002,10645,32,1,1504,tool_missing
Qwen3-235B,exp_040_qwen3_235b_v5_seeds5,V5_84_layer_bounds_coverage_comparison,2024,tool_selection,0,0,0.8333,0.75,1.0,0.0033741,10655,148,1,2421,tool_missing
Qwen3-235B,exp_040_qwen3_235b_v5_seeds5,V5_85_multi_layer_municipality_lorca,2024,cross_indicator,1,1,1.0,1.0,1.0,0.017051700000000003,55099,435,5,8018,
Qwen3-235B,exp_040_qwen3_235b_v5_seeds5,V5_86_multi_layer_with_chart_huelva,2024,cross_indicator,1,1,1.0,1.0,1.0,0.0133359,43525,232,4,5467,
Qwen3-235B,exp_040_qwen3_235b_v5_seeds5,V5_87_multi_layer_comparison_two_provinces,2024,deep_dive,1,1,1.0,1.0,1.0,0.0169593,55035,374,5,7558,
Qwen3-235B,exp_040_qwen3_235b_v5_seeds5,V5_88_interpretation_restoration_castilla_leon,2024,interpretation,0,0,0.6667,0.5,0.0,0.0348363,114417,426,10,9721,keyword_missing
Qwen3-235B,exp_040_qwen3_235b_v5_seeds5,V5_89_interpretation_biodiversity_carbon_synergy,2024,interpretation,1,1,1.0,1.0,1.0,0.025647899999999998,81641,963,7,14191,
Qwen3-235B,exp_040_qwen3_235b_v5_seeds5,V5_90_interpretation_bank_risk_assessment,2024,interpretation,1,1,1.0,1.0,1.0,0.021750000000000002,70064,609,6,10390,
Qwen3-235B,exp_040_qwen3_235b_v5_seeds5,V5_91_deep_dive_temporal_municipality,2024,deep_dive,1,1,1.0,1.0,1.0,0.013397999999999998,43576,271,4,5575,
Qwen3-235B,exp_040_qwen3_235b_v5_seeds5,V5_92_deep_dive_two_provinces_side_by_side,2024,deep_dive,0,0,0.6667,0.5714,0.6667,0.010653000000000001,33522,497,3,7675,tool_missing
Qwen3-235B,exp_040_qwen3_235b_v5_seeds5,V5_93_deep_dive_national_policy_brief,2024,habitat_analysis,1,1,1.0,1.0,1.0,0.013739999999999999,44404,349,4,6026,
Llama 4 Scout,exp_041_llama4_scout_v5_seeds5,V5_01_municipality_co2_lorca,42,municipality,1,1,1.0,1.0,1.0,0.00768493,44165,268,4,9487,
Llama 4 Scout,exp_041_llama4_scout_v5_seeds5,V5_02_municipality_erosion_antequera,42,municipality,0,0,0.625,0.5,0.5,0.00191291,10837,107,1,2490,tool_missing
Llama 4 Scout,exp_041_llama4_scout_v5_seeds5,V5_03_municipality_province_hint,42,municipality,1,1,1.0,1.0,1.0,0.00385583,21901,201,2,4178,
Llama 4 Scout,exp_041_llama4_scout_v5_seeds5,V5_04_municipality_multi_indicator,42,municipality,1,1,1.0,1.0,1.0,0.00385122,22002,168,2,23223,
Llama 4 Scout,exp_041_llama4_scout_v5_seeds5,V5_05_followup_drill_down,42,memory,1,1,1.0,1.0,1.0,0.0019441900000000002,11021,107,1,2409,
Llama 4 Scout,exp_041_llama4_scout_v5_seeds5,V5_06_followup_compare_new,42,memory,1,1,1.0,1.0,1.0,0.0038507100000000002,22329,83,2,3362,
Llama 4 Scout,exp_041_llama4_scout_v5_seeds5,V5_07_followup_switch_indicator,42,memory,0,0,0.875,1.0,1.0,0.00960096,55824,168,5,5953,rounds_exceeded
Llama 4 Scout,exp_041_llama4_scout_v5_seeds5,V5_08_followup_chart_request,42,memory,0,0,0.6667,0.5,1.0,0.00202098,11166,186,1,2650,tool_missing
Llama 4 Scout,exp_041_llama4_scout_v5_seeds5,V5_09_spatial_coastal_erosion,42,spatial_reasoning,1,1,1.0,1.0,1.0,0.00604341,33453,540,3,7988,
Llama 4 Scout,exp_041_llama4_scout_v5_seeds5,V5_10_spatial_inland_co2,42,spatial_reasoning,0,0,0.6667,0.5,0.0,0.003923080000000001,21986,281,2,4542,keyword_missing
Llama 4 Scout,exp_041_llama4_scout_v5_seeds5,V5_11_spatial_autonomous_community,42,spatial_reasoning,0,0,0.75,0.6667,0.5,0.00871613,46795,1153,4,10485,keyword_missing
Llama 4 Scout,exp_041_llama4_scout_v5_seeds5,V5_12_spatial_island_limitations,42,spatial_reasoning,0,0,0.75,0.5,1.0,0.00187461,10833,50,1,2057,tool_missing
Llama 4 Scout,exp_041_llama4_scout_v5_seeds5,V5_13_cross_indicator_tradeoff,42,cross_indicator,0,0,0.8,0.6667,0.0,0.0038820400000000002,22028,208,2,3685,keyword_missing
Llama 4 Scout,exp_041_llama4_scout_v5_seeds5,V5_14_cross_indicator_low_risk,42,cross_indicator,0,0,0.5,0.25,0.0,0.00188736,10842,67,1,2080,tool_missing
Llama 4 Scout,exp_041_llama4_scout_v5_seeds5,V5_15_error_nonexistent_municipality,42,error_handling,0,0,0.8571,0.8,0.0,0.00192428,10834,125,1,2511,keyword_missing
Llama 4 Scout,exp_041_llama4_scout_v5_seeds5,V5_16_error_wrong_indicator_name,42,error_handling,1,1,1.0,1.0,1.0,0.005748520000000001,32918,231,3,4811,
Llama 4 Scout,exp_041_llama4_scout_v5_seeds5,V5_17_error_ines_stats_fabrication,42,error_handling,0,0,0.8571,0.8,,0.00191044,10838,103,1,2208,tool_missing
Llama 4 Scout,exp_041_llama4_scout_v5_seeds5,V5_18_error_fabricated_year,42,error_handling,1,1,1.0,1.0,1.0,0.00573168,32916,206,3,4500,
Llama 4 Scout,exp_041_llama4_scout_v5_seeds5,V5_19_ranking_bottom_co2,42,ranking,0,0,0.5,0.3333,0.5,0.0020599200000000002,10836,330,1,3413,tool_missing
Llama 4 Scout,exp_041_llama4_scout_v5_seeds5,V5_20_ranking_chart_erosion,42,ranking,0,0,0.6667,0.5714,1.0,0.00407539,21989,511,2,5327,chart_missing
Llama 4 Scout,exp_041_llama4_scout_v5_seeds5,V5_21_comparison_close_values,42,comparison,0,0,0.5556,0.4286,0.6667,0.0019523600000000002,10840,166,1,83752,tool_missing
Llama 4 Scout,exp_041_llama4_scout_v5_seeds5,V5_22_comparison_north_south_erosion,42,comparison,0,0,0.7778,0.7143,1.0,0.0038507200000000006,21968,176,2,4661,wrong_data
Llama 4 Scout,exp_041_llama4_scout_v5_seeds5,V5_23_deep_dive_full_profile,42,deep_dive,0,0,0.2857,0.1667,0.0,0.0,0,0,0,300102,tool_missing
Llama 4 Scout,exp_041_llama4_scout_v5_seeds5,V5_24_interpretation_policy,42,interpretation,0,0,0.8333,0.75,1.0,0.0021883600000000003,10850,521,1,4754,tool_missing
Llama 4 Scout,exp_041_llama4_scout_v5_seeds5,V5_25_tool_selection_chart_type,42,tool_selection,0,0,0.5,0.3333,1.0,0.0019370500000000003,10847,141,1,9140,tool_missing
Llama 4 Scout,exp_041_llama4_scout_v5_seeds5,V5_26_tool_selection_toggle_multiple,42,tool_selection,0,0,0.8571,0.8,1.0,0.00201925,10853,264,1,3035,tool_missing
Llama 4 Scout,exp_041_llama4_scout_v5_seeds5,V5_27_language_catalan,42,language,1,1,1.0,1.0,1.0,0.00775016,44242,347,4,6769,
Llama 4 Scout,exp_041_llama4_scout_v5_seeds5,V5_28_language_galician,42,language,1,1,1.0,1.0,1.0,0.00566798,32782,144,3,4372,
Llama 4 Scout,exp_041_llama4_scout_v5_seeds5,V5_29_single_analysis_erosion,42,single_analysis,1,1,1.0,1.0,1.0,0.00378236,21826,109,2,3908,
Llama 4 Scout,exp_041_llama4_scout_v5_seeds5,V5_30_single_analysis_co2,42,single_analysis,0,0,0.7778,0.8571,1.0,0.00979278,55578,522,5,69293,wrong_data
Llama 4 Scout,exp_041_llama4_scout_v5_seeds5,V5_31_habitat_province_single,42,habitat_analysis,0,0,0.4444,0.2857,0.0,0.00185091,10845,11,1,1856,tool_missing
Llama 4 Scout,exp_041_llama4_scout_v5_seeds5,V5_32_habitat_forest_types,42,habitat_analysis,0,0,0.5,0.375,0.3333,0.0019114600000000002,10844,103,1,2267,tool_missing
Llama 4 Scout,exp_041_llama4_scout_v5_seeds5,V5_33_habitat_recall_grassland,42,habitat_analysis,0,0,0.5556,0.4286,0.5,0.0019138000000000002,10850,105,1,2515,tool_missing
Llama 4 Scout,exp_041_llama4_scout_v5_seeds5,V5_34_habitat_chart,42,habitat_analysis,0,0,0.4444,0.2857,0.0,0.00185325,10851,13,1,1833,tool_missing
Llama 4 Scout,exp_041_llama4_scout_v5_seeds5,V5_35_habitat_dominant_class_recall,42,habitat_analysis,0,0,0.8889,0.8571,1.0,0.00190097,11089,24,1,1931,wrong_data
Llama 4 Scout,exp_041_llama4_scout_v5_seeds5,V5_36_temporal_compare_shrubland,42,memory,1,1,1.0,1.0,1.0,0.00190412,11092,28,1,1919,
Llama 4 Scout,exp_041_llama4_scout_v5_seeds5,V5_37_temporal_change_visual,42,memory,1,1,1.0,1.0,1.0,0.0018974999999999999,11088,19,1,1813,
Llama 4 Scout,exp_041_llama4_scout_v5_seeds5,V5_38_cross_indicator_habitat_co2,42,cross_indicator,1,1,1.0,1.0,1.0,0.00992903,56131,586,5,7948,
Llama 4 Scout,exp_041_llama4_scout_v5_seeds5,V5_39_error_unavailable_year,42,error_handling,1,1,1.0,1.0,1.0,0.00188568,10836,66,1,2143,
Llama 4 Scout,exp_041_llama4_scout_v5_seeds5,V5_40_error_wrong_layer,42,error_handling,0,0,0.9,0.875,0.0,0.00187757,10831,55,1,2082,keyword_missing
Llama 4 Scout,exp_041_llama4_scout_v5_seeds5,V5_41_multi_muni_ranking_erosion,42,multi_municipality_ranking,0,0,0.8,0.6667,1.0,0.00388568,21832,264,2,3807,tool_missing
Llama 4 Scout,exp_041_llama4_scout_v5_seeds5,V5_42_multi_muni_ranking_co2,42,multi_municipality_ranking,0,0,0.6,0.3333,0.0,0.0018818900000000002,10837,60,1,2117,tool_missing
Llama 4 Scout,exp_041_llama4_scout_v5_seeds5,V5_43_multi_muni_compare_three,42,multi_municipality_ranking,1,1,1.0,1.0,1.0,0.01369939,78659,496,7,8926,
Llama 4 Scout,exp_041_llama4_scout_v5_seeds5,V5_44_province_aggregation_andalucia,42,province_aggregation,0,0,0.6,0.3333,0.0,0.00192232,10838,121,1,2515,tool_missing
Llama 4 Scout,exp_041_llama4_scout_v5_seeds5,V5_45_province_aggregation_aragon,42,province_aggregation,0,0,0.5714,0.4,0.5,0.00192975,10839,132,1,2607,tool_missing
Llama 4 Scout,exp_041_llama4_scout_v5_seeds5,V5_46_error_recovery_typo,42,error_recovery,1,1,1.0,1.0,1.0,0.0019059699999999999,10835,97,1,2254,
Llama 4 Scout,exp_041_llama4_scout_v5_seeds5,V5_47_error_recovery_fallback_indicator,42,error_recovery,1,1,1.0,1.0,1.0,0.00385282,21926,190,2,4485,
Llama 4 Scout,exp_041_llama4_scout_v5_seeds5,V5_48_error_recovery_wrong_year,42,error_recovery,0,0,0.6667,0.5,0.0,0.0018895700000000001,10855,67,1,2153,tool_missing
Llama 4 Scout,exp_041_llama4_scout_v5_seeds5,V5_49_threshold_co2_high,42,threshold,0,0,0.5714,0.4,0.5,0.00195187,10841,165,1,2589,tool_missing
Llama 4 Scout,exp_041_llama4_scout_v5_seeds5,V5_50_threshold_dual_indicator,42,threshold,0,0,0.8,0.6667,1.0,0.00197488,10856,196,1,6048,tool_missing
Llama 4 Scout,exp_041_llama4_scout_v5_seeds5,V5_51_threshold_co2_low,42,threshold,0,0,0.8571,0.8,1.0,0.00615999,34725,389,3,5725,wrong_data
Llama 4 Scout,exp_041_llama4_scout_v5_seeds5,V5_52_language_catalan_erosion,42,language,1,1,1.0,1.0,1.0,0.00382282,21866,160,2,4216,
Llama 4 Scout,exp_041_llama4_scout_v5_seeds5,V5_53_language_basque_co2,42,language,1,1,1.0,1.0,1.0,0.00579613,32903,307,3,5063,
Llama 4 Scout,exp_041_llama4_scout_v5_seeds5,V5_54_language_galician_co2,42,language,1,1,1.0,1.0,1.0,0.00383182,21884,169,2,3573,
Llama 4 Scout,exp_041_llama4_scout_v5_seeds5,V5_55_language_basque_compare,42,language,0,0,0.8571,0.8,1.0,0.009803160000000002,56070,411,5,9136,wrong_data
Llama 4 Scout,exp_041_llama4_scout_v5_seeds5,V5_56_habitat_andalucia_forest,42,habitat_analysis,1,1,1.0,1.0,1.0,0.0057678700000000005,32993,241,3,4360,
Llama 4 Scout,exp_041_llama4_scout_v5_seeds5,V5_57_temporal_multi_year,42,temporal_change,0,0,0.7778,0.7143,1.0,0.0021254200000000003,10868,421,1,4117,tool_missing
Llama 4 Scout,exp_041_llama4_scout_v5_seeds5,V5_58_legend_co2_classes,42,tool_selection,0,0,0.8571,0.8,1.0,0.00199328,10840,228,1,2849,tool_missing
Llama 4 Scout,exp_041_llama4_scout_v5_seeds5,V5_59_legend_erosion_scale,42,tool_selection,0,0,0.8333,0.75,1.0,0.0019383500000000001,10843,144,1,2445,tool_missing
Llama 4 Scout,exp_041_llama4_scout_v5_seeds5,V5_60_legend_habitat_classes,42,tool_selection,1,1,1.0,1.0,1.0,0.00581697,33243,251,3,5609,
Llama 4 Scout,exp_041_llama4_scout_v5_seeds5,V5_61_list_layers_analyzable,42,tool_selection,0,0,0.8333,0.75,1.0,0.0018830600000000002,10840,61,1,2101,tool_missing
Llama 4 Scout,exp_041_llama4_scout_v5_seeds5,V5_62_list_layers_habitat_years,42,tool_selection,0,0,0.8889,0.8571,0.5,0.01014097,56477,818,5,14490,keyword_missing
Llama 4 Scout,exp_041_llama4_scout_v5_seeds5,V5_63_list_layers_all_indicators,42,tool_selection,0,0,0.8,0.6667,1.0,0.0020288100000000002,10851,279,1,2962,tool_missing
Llama 4 Scout,exp_041_llama4_scout_v5_seeds5,V5_64_layer_bounds_canary_co2,42,tool_selection,0,0,0.8333,0.75,1.0,0.00190799,10843,98,1,2291,tool_missing
Llama 4 Scout,exp_041_llama4_scout_v5_seeds5,V5_65_layer_bounds_erosion_extent,42,tool_selection,0,0,0.8,0.6667,1.0,0.00195059,10849,161,1,2508,tool_missing
Llama 4 Scout,exp_041_llama4_scout_v5_seeds5,V5_66_layer_bounds_cross_border,42,tool_selection,0,0,0.875,0.8333,1.0,0.0019374100000000003,10853,140,1,2484,tool_missing
Llama 4 Scout,exp_041_llama4_scout_v5_seeds5,V5_67_multi_layer_three_indicators,42,cross_indicator,1,1,1.0,1.0,1.0,0.01724507,95719,1474,8,18696,
Llama 4 Scout,exp_041_llama4_scout_v5_seeds5,V5_68_multi_layer_nbs_profile,42,cross_indicator,0,0,0.6667,0.5714,0.6667,0.00224216,10852,602,1,94174,tool_missing
Llama 4 Scout,exp_041_llama4_scout_v5_seeds5,V5_69_multi_layer_explicit_simultaneous,42,cross_indicator,0,0,0.5,0.3333,0.0,0.0018542500000000002,10853,14,1,1939,tool_missing
Llama 4 Scout,exp_041_llama4_scout_v5_seeds5,V5_70_interpretation_investor,42,interpretation,0,0,0.5714,0.4,0.0,0.00384855,21897,191,2,3868,keyword_missing
Llama 4 Scout,exp_041_llama4_scout_v5_seeds5,V5_71_interpretation_habitat_co2_link,42,interpretation,0,0,0.5,0.25,0.0,0.0018960400000000003,10862,75,1,2111,tool_missing
Llama 4 Scout,exp_041_llama4_scout_v5_seeds5,V5_72_interpretation_erosion_project_risk,42,interpretation,0,0,0.625,0.5,0.6667,0.00192306,10854,118,1,2582,tool_missing
Llama 4 Scout,exp_041_llama4_scout_v5_seeds5,V5_73_deep_dive_municipality,42,deep_dive,0,0,0.7778,0.7143,0.75,0.0019103500000000003,10853,99,1,2260,tool_missing
Llama 4 Scout,exp_041_llama4_scout_v5_seeds5,V5_74_deep_dive_temporal_profile,42,tool_selection,0,0,0.5,0.25,0.0,0.0019319200000000002,10844,134,1,2400,tool_missing
Llama 4 Scout,exp_041_llama4_scout_v5_seeds5,V5_75_deep_dive_community_ranking,42,deep_dive,0,0,0.625,0.5,1.0,0.00259677,10857,1138,1,6736,tool_missing
Llama 4 Scout,exp_041_llama4_scout_v5_seeds5,V5_76_legend_ines_erosion_visual,42,tool_selection,0,0,0.8333,0.75,1.0,0.00197501,10849,198,1,2836,tool_missing
Llama 4 Scout,exp_041_llama4_scout_v5_seeds5,V5_77_legend_mfe_forest_map,42,tool_selection,0,0,0.8,0.6667,1.0,0.0019956600000000002,10854,228,1,3018,tool_missing
Llama 4 Scout,exp_041_llama4_scout_v5_seeds5,V5_78_legend_two_layers_compare,42,tool_selection,0,0,0.8333,0.75,1.0,0.0020498,10858,309,1,3208,tool_missing
Llama 4 Scout,exp_041_llama4_scout_v5_seeds5,V5_79_list_layers_display_only,42,tool_selection,0,0,0.8,0.6667,1.0,0.0020129500000000003,10847,256,1,2920,tool_missing
Llama 4 Scout,exp_041_llama4_scout_v5_seeds5,V5_80_list_layers_before_workflow,42,tool_selection,0,0,0.8571,0.8,1.0,0.00220088,10846,541,1,3967,tool_missing
Llama 4 Scout,exp_041_llama4_scout_v5_seeds5,V5_81_list_layers_unavailable_indicator,42,tool_selection,0,0,0.75,0.6667,0.0,0.0019167400000000001,10844,111,1,2329,tool_missing
Llama 4 Scout,exp_041_llama4_scout_v5_seeds5,V5_82_layer_bounds_ceuta_melilla,42,tool_selection,0,0,0.8333,0.75,1.0,0.0019292800000000002,10844,130,1,2488,tool_missing
Llama 4 Scout,exp_041_llama4_scout_v5_seeds5,V5_83_layer_bounds_balearic_erosion,42,tool_selection,0,0,0.8,0.6667,1.0,0.0019034100000000001,10851,89,1,2215,tool_missing
Llama 4 Scout,exp_041_llama4_scout_v5_seeds5,V5_84_layer_bounds_coverage_comparison,42,tool_selection,0,0,0.8333,0.75,1.0,0.00196319,10861,177,1,2795,tool_missing
Llama 4 Scout,exp_041_llama4_scout_v5_seeds5,V5_85_multi_layer_municipality_lorca,42,cross_indicator,0,0,0.5,0.4,0.0,0.0,0,0,0,300072,tool_missing
Llama 4 Scout,exp_041_llama4_scout_v5_seeds5,V5_86_multi_layer_with_chart_huelva,42,cross_indicator,1,1,1.0,1.0,1.0,0.00393388,22034,285,2,4753,
Llama 4 Scout,exp_041_llama4_scout_v5_seeds5,V5_87_multi_layer_comparison_two_provinces,42,deep_dive,0,0,0.3333,0.25,0.0,0.0,0,0,0,300102,tool_missing
Llama 4 Scout,exp_041_llama4_scout_v5_seeds5,V5_88_interpretation_restoration_castilla_leon,42,interpretation,0,0,0.4,0.25,0.0,0.0,0,0,0,300078,tool_missing
Llama 4 Scout,exp_041_llama4_scout_v5_seeds5,V5_89_interpretation_biodiversity_carbon_synergy,42,interpretation,0,0,0.3333,0.2,0.0,0.0,0,0,0,300102,tool_missing
Llama 4 Scout,exp_041_llama4_scout_v5_seeds5,V5_90_interpretation_bank_risk_assessment,42,interpretation,0,0,0.6,0.3333,0.0,0.011687580000000001,66984,455,6,9867,tool_missing
Llama 4 Scout,exp_041_llama4_scout_v5_seeds5,V5_91_deep_dive_temporal_municipality,42,deep_dive,0,0,0.6667,0.5714,0.6667,0.0019536500000000004,10867,161,1,2840,tool_missing
Llama 4 Scout,exp_041_llama4_scout_v5_seeds5,V5_92_deep_dive_two_provinces_side_by_side,42,deep_dive,0,0,0.25,0.1429,0.0,0.0,0,0,0,300060,tool_missing
Llama 4 Scout,exp_041_llama4_scout_v5_seeds5,V5_93_deep_dive_national_policy_brief,42,habitat_analysis,0,0,0.6364,0.5556,0.75,0.0019291700000000002,10855,127,1,149554,tool_missing
Llama 4 Scout,exp_041_llama4_scout_v5_seeds5,V5_01_municipality_co2_lorca,1337,municipality,0,0,0.625,0.5,0.5,0.0019076300000000002,10837,99,1,3008,tool_missing
Llama 4 Scout,exp_041_llama4_scout_v5_seeds5,V5_02_municipality_erosion_antequera,1337,municipality,1,1,1.0,1.0,1.0,0.0057359099999999994,32937,207,3,4822,
Llama 4 Scout,exp_041_llama4_scout_v5_seeds5,V5_03_municipality_province_hint,1337,municipality,1,1,1.0,1.0,1.0,0.0057120899999999995,32925,174,3,4412,
Llama 4 Scout,exp_041_llama4_scout_v5_seeds5,V5_04_municipality_multi_indicator,1337,municipality,0,0,0.875,0.8333,0.6667,0.00391294,22004,261,2,6628,keyword_missing
Llama 4 Scout,exp_041_llama4_scout_v5_seeds5,V5_05_followup_drill_down,1337,memory,1,1,1.0,1.0,1.0,0.00193742,11020,97,1,2220,
Llama 4 Scout,exp_041_llama4_scout_v5_seeds5,V5_06_followup_compare_new,1337,memory,0,0,0.6,0.5,0.6667,0.0018890900000000002,11023,23,1,1804,tool_missing
Llama 4 Scout,exp_041_llama4_scout_v5_seeds5,V5_07_followup_switch_indicator,1337,memory,1,1,1.0,1.0,1.0,0.0076307300000000005,44413,122,4,4826,
Llama 4 Scout,exp_041_llama4_scout_v5_seeds5,V5_08_followup_chart_request,1337,memory,1,1,1.0,1.0,1.0,0.00390526,22514,118,2,3630,
Llama 4 Scout,exp_041_llama4_scout_v5_seeds5,V5_09_spatial_coastal_erosion,1337,spatial_reasoning,0,0,0.6667,0.5,1.0,0.00212954,10834,436,1,3670,tool_missing
Llama 4 Scout,exp_041_llama4_scout_v5_seeds5,V5_10_spatial_inland_co2,1337,spatial_reasoning,0,0,0.8333,0.75,1.0,0.00606956,33568,550,3,6694,wrong_data
Llama 4 Scout,exp_041_llama4_scout_v5_seeds5,V5_11_spatial_autonomous_community,1337,spatial_reasoning,0,0,0.375,0.1667,0.0,0.0018781400000000001,10846,52,1,2072,tool_missing
Llama 4 Scout,exp_041_llama4_scout_v5_seeds5,V5_12_spatial_island_limitations,1337,spatial_reasoning,0,0,0.75,0.5,1.0,0.00190893,10833,102,1,2379,tool_missing
Llama 4 Scout,exp_041_llama4_scout_v5_seeds5,V5_13_cross_indicator_tradeoff,1337,cross_indicator,0,0,0.6,0.3333,0.0,0.0038110600000000007,21824,153,2,4948,tool_missing
Llama 4 Scout,exp_041_llama4_scout_v5_seeds5,V5_14_cross_indicator_low_risk,1337,cross_indicator,0,0,0.5,0.25,0.0,0.0019428000000000002,10842,151,1,2560,tool_missing
Llama 4 Scout,exp_041_llama4_scout_v5_seeds5,V5_15_error_nonexistent_municipality,1337,error_handling,1,1,1.0,1.0,1.0,0.0037728600000000003,21774,108,2,3078,
Llama 4 Scout,exp_041_llama4_scout_v5_seeds5,V5_16_error_wrong_indicator_name,1337,error_handling,0,0,0.8333,0.75,0.0,0.00187097,10831,45,1,2468,keyword_missing
Llama 4 Scout,exp_041_llama4_scout_v5_seeds5,V5_17_error_ines_stats_fabrication,1337,error_handling,0,0,0.7143,0.6,,0.005757580000000001,32948,237,3,5482,tool_missing
Llama 4 Scout,exp_041_llama4_scout_v5_seeds5,V5_18_error_fabricated_year,1337,error_handling,0,0,0.8333,0.75,0.5,0.00577549,32933,268,3,4727,keyword_missing
Llama 4 Scout,exp_041_llama4_scout_v5_seeds5,V5_19_ranking_bottom_co2,1337,ranking,0,0,0.75,0.6667,1.0,0.0039831300000000005,22017,364,2,4397,wrong_data
Llama 4 Scout,exp_041_llama4_scout_v5_seeds5,V5_20_ranking_chart_erosion,1337,ranking,0,0,0.5556,0.4286,0.5,0.0038847400000000007,21974,226,2,12196,chart_missing
Llama 4 Scout,exp_041_llama4_scout_v5_seeds5,V5_21_comparison_close_values,1337,comparison,0,0,0.5556,0.4286,0.6667,0.00195434,10840,169,1,84904,tool_missing
Llama 4 Scout,exp_041_llama4_scout_v5_seeds5,V5_22_comparison_north_south_erosion,1337,comparison,0,0,0.8889,0.8571,1.0,0.00383312,21946,155,2,4594,tool_missing
Llama 4 Scout,exp_041_llama4_scout_v5_seeds5,V5_23_deep_dive_full_profile,1337,deep_dive,0,0,0.875,0.8333,1.0,0.007929330000000002,44601,526,4,8896,tool_missing
Llama 4 Scout,exp_041_llama4_scout_v5_seeds5,V5_24_interpretation_policy,1337,interpretation,0,0,0.6667,0.5,1.0,0.0020444800000000004,10850,303,1,3377,tool_missing
Llama 4 Scout,exp_041_llama4_scout_v5_seeds5,V5_25_tool_selection_chart_type,1337,tool_selection,0,0,0.5,0.3333,1.0,0.0019964500000000003,10847,231,1,2988,tool_missing
Llama 4 Scout,exp_041_llama4_scout_v5_seeds5,V5_26_tool_selection_toggle_multiple,1337,tool_selection,0,0,0.7143,0.6,0.5,0.0018727300000000002,10853,42,1,2002,tool_missing
Llama 4 Scout,exp_041_llama4_scout_v5_seeds5,V5_27_language_catalan,1337,language,1,1,1.0,1.0,1.0,0.0057931499999999995,32901,303,3,4856,
Llama 4 Scout,exp_041_llama4_scout_v5_seeds5,V5_28_language_galician,1337,language,1,1,1.0,1.0,1.0,0.00565666,32762,132,3,4387,
Llama 4 Scout,exp_041_llama4_scout_v5_seeds5,V5_29_single_analysis_erosion,1337,single_analysis,1,1,1.0,1.0,1.0,0.005659470000000001,32763,136,3,4343,
Llama 4 Scout,exp_041_llama4_scout_v5_seeds5,V5_30_single_analysis_co2,1337,single_analysis,1,1,1.0,1.0,1.0,0.005807780000000001,32824,345,3,5104,
Llama 4 Scout,exp_041_llama4_scout_v5_seeds5,V5_31_habitat_province_single,1337,habitat_analysis,0,0,0.4444,0.2857,0.0,0.0018740100000000002,10845,46,1,1997,tool_missing
Llama 4 Scout,exp_041_llama4_scout_v5_seeds5,V5_32_habitat_forest_types,1337,habitat_analysis,1,1,1.0,1.0,1.0,0.00578518,33056,251,3,4578,
Llama 4 Scout,exp_041_llama4_scout_v5_seeds5,V5_33_habitat_recall_grassland,1337,habitat_analysis,1,1,1.0,1.0,1.0,0.0057401,33016,193,3,4912,
Llama 4 Scout,exp_041_llama4_scout_v5_seeds5,V5_34_habitat_chart,1337,habitat_analysis,1,1,1.0,1.0,1.0,0.00383901,22035,141,2,3076,
Llama 4 Scout,exp_041_llama4_scout_v5_seeds5,V5_35_habitat_dominant_class_recall,1337,habitat_analysis,0,0,0.8889,1.0,1.0,0.005717840000000001,33448,48,3,3391,rounds_exceeded
Llama 4 Scout,exp_041_llama4_scout_v5_seeds5,V5_36_temporal_compare_shrubland,1337,memory,1,1,1.0,1.0,1.0,0.0019001600000000001,11092,22,1,2035,
Llama 4 Scout,exp_041_llama4_scout_v5_seeds5,V5_37_temporal_change_visual,1337,memory,1,1,1.0,1.0,1.0,0.0019168100000000001,11089,48,1,2228,
Llama 4 Scout,exp_041_llama4_scout_v5_seeds5,V5_38_cross_indicator_habitat_co2,1337,cross_indicator,0,0,0.6667,0.5714,0.6667,0.00205361,10861,314,1,97516,tool_missing
Llama 4 Scout,exp_041_llama4_scout_v5_seeds5,V5_39_error_unavailable_year,1337,error_handling,1,1,1.0,1.0,1.0,0.00190086,10836,89,1,2372,
Llama 4 Scout,exp_041_llama4_scout_v5_seeds5,V5_40_error_wrong_layer,1337,error_handling,0,0,0.9,0.875,0.0,0.00194885,10831,163,1,2856,keyword_missing
Llama 4 Scout,exp_041_llama4_scout_v5_seeds5,V5_41_multi_muni_ranking_erosion,1337,multi_municipality_ranking,0,0,0.6,0.3333,0.0,0.0076598000000000005,44188,224,4,6079,tool_missing
Llama 4 Scout,exp_041_llama4_scout_v5_seeds5,V5_42_multi_muni_ranking_co2,1337,multi_municipality_ranking,0,0,0.5,0.3333,0.0,0.0,0,0,0,6864,tool_missing
Llama 4 Scout,exp_041_llama4_scout_v5_seeds5,V5_43_multi_muni_compare_three,1337,multi_municipality_ranking,0,0,0.7778,0.7143,0.75,0.0019250200000000002,10850,122,1,2420,tool_missing
Llama 4 Scout,exp_041_llama4_scout_v5_seeds5,V5_44_province_aggregation_andalucia,1337,province_aggregation,1,1,1.0,1.0,1.0,0.00622053,33765,728,3,69273,
Llama 4 Scout,exp_041_llama4_scout_v5_seeds5,V5_45_province_aggregation_aragon,1337,province_aggregation,0,0,0.5714,0.4,0.5,0.00192711,10839,128,1,2753,tool_missing
Llama 4 Scout,exp_041_llama4_scout_v5_seeds5,V5_46_error_recovery_typo,1337,error_recovery,1,1,1.0,1.0,1.0,0.00190201,10835,91,1,2260,
Llama 4 Scout,exp_041_llama4_scout_v5_seeds5,V5_47_error_recovery_fallback_indicator,1337,error_recovery,0,0,0.75,0.6667,0.0,0.0019225300000000002,10847,119,1,2431,tool_missing
Llama 4 Scout,exp_041_llama4_scout_v5_seeds5,V5_48_error_recovery_wrong_year,1337,error_recovery,1,1,1.0,1.0,1.0,0.0039417,22080,285,2,3937,
Llama 4 Scout,exp_041_llama4_scout_v5_seeds5,V5_49_threshold_co2_high,1337,threshold,0,0,0.5714,0.4,0.5,0.00190435,10841,93,1,2237,tool_missing
Llama 4 Scout,exp_041_llama4_scout_v5_seeds5,V5_50_threshold_dual_indicator,1337,threshold,0,0,0.5,0.3333,0.0,0.0,0,0,0,300103,tool_missing
Llama 4 Scout,exp_041_llama4_scout_v5_seeds5,V5_51_threshold_co2_low,1337,threshold,0,0,0.5714,0.4,0.5,0.00188042,10840,57,1,2280,tool_missing
Llama 4 Scout,exp_041_llama4_scout_v5_seeds5,V5_52_language_catalan_erosion,1337,language,1,1,1.0,1.0,1.0,0.0038257400000000002,21856,167,2,4111,
Llama 4 Scout,exp_041_llama4_scout_v5_seeds5,V5_53_language_basque_co2,1337,language,1,1,1.0,1.0,1.0,0.005703150000000001,32853,179,3,4340,
Llama 4 Scout,exp_041_llama4_scout_v5_seeds5,V5_54_language_galician_co2,1337,language,1,1,1.0,1.0,1.0,0.007659050000000001,44005,270,4,5297,
Llama 4 Scout,exp_041_llama4_scout_v5_seeds5,V5_55_language_basque_compare,1337,language,0,0,0.7143,0.6,1.0,0.005849640000000001,33144,326,3,6822,tool_missing
Llama 4 Scout,exp_041_llama4_scout_v5_seeds5,V5_56_habitat_andalucia_forest,1337,habitat_analysis,0,0,0.5556,0.4286,0.0,0.0038514100000000004,21875,201,2,3921,tool_missing
Llama 4 Scout,exp_041_llama4_scout_v5_seeds5,V5_57_temporal_multi_year,1337,temporal_change,0,0,0.6667,0.5714,0.6667,0.00214522,10868,451,1,4101,tool_missing
Llama 4 Scout,exp_041_llama4_scout_v5_seeds5,V5_58_legend_co2_classes,1337,tool_selection,0,0,0.8571,0.8,1.0,0.0019860200000000002,10840,217,1,2854,tool_missing
Llama 4 Scout,exp_041_llama4_scout_v5_seeds5,V5_59_legend_erosion_scale,1337,tool_selection,0,0,0.8333,0.75,1.0,0.00197333,10843,197,1,2823,tool_missing
Llama 4 Scout,exp_041_llama4_scout_v5_seeds5,V5_60_legend_habitat_classes,1337,tool_selection,0,0,0.8889,0.8571,0.5,0.009852170000000002,56269,434,5,7948,keyword_missing
Llama 4 Scout,exp_041_llama4_scout_v5_seeds5,V5_61_list_layers_analyzable,1337,tool_selection,0,0,0.8333,0.75,1.0,0.00192266,10840,121,1,2345,tool_missing
Llama 4 Scout,exp_041_llama4_scout_v5_seeds5,V5_62_list_layers_habitat_years,1337,tool_selection,0,0,0.6667,0.5714,1.0,0.0019435400000000001,10858,148,1,2738,tool_missing
Llama 4 Scout,exp_041_llama4_scout_v5_seeds5,V5_63_list_layers_all_indicators,1337,tool_selection,0,0,0.8,0.6667,1.0,0.00201495,10851,258,1,2924,tool_missing
Llama 4 Scout,exp_041_llama4_scout_v5_seeds5,V5_64_layer_bounds_canary_co2,1337,tool_selection,0,0,0.8333,0.75,1.0,0.0019007300000000002,10843,87,1,2164,tool_missing
Llama 4 Scout,exp_041_llama4_scout_v5_seeds5,V5_65_layer_bounds_erosion_extent,1337,tool_selection,0,0,0.8,0.6667,1.0,0.0019195700000000002,10849,114,1,2544,tool_missing
Llama 4 Scout,exp_041_llama4_scout_v5_seeds5,V5_66_layer_bounds_cross_border,1337,tool_selection,0,0,0.875,0.8333,1.0,0.0019473100000000003,10853,155,1,2863,tool_missing
Llama 4 Scout,exp_041_llama4_scout_v5_seeds5,V5_67_multi_layer_three_indicators,1337,cross_indicator,1,1,1.0,1.0,1.0,0.0040411200000000005,22098,431,2,5528,
Llama 4 Scout,exp_041_llama4_scout_v5_seeds5,V5_68_multi_layer_nbs_profile,1337,cross_indicator,0,0,0.6667,0.5714,0.6667,0.0022778,10852,656,1,5258,tool_missing
Llama 4 Scout,exp_041_llama4_scout_v5_seeds5,V5_69_multi_layer_explicit_simultaneous,1337,cross_indicator,0,0,0.5,0.3333,0.0,0.0020350900000000002,10853,288,1,27800,tool_missing
Llama 4 Scout,exp_041_llama4_scout_v5_seeds5,V5_70_interpretation_investor,1337,interpretation,0,0,0.4286,0.2,0.0,0.005746170000000001,32943,221,3,4980,tool_missing
Llama 4 Scout,exp_041_llama4_scout_v5_seeds5,V5_71_interpretation_habitat_co2_link,1337,interpretation,0,0,0.5,0.25,0.0,0.0018538000000000003,10862,11,1,1846,tool_missing
Llama 4 Scout,exp_041_llama4_scout_v5_seeds5,V5_72_interpretation_erosion_project_risk,1337,interpretation,0,0,0.875,0.8333,1.0,0.00580216,33020,286,3,5323,wrong_data
Llama 4 Scout,exp_041_llama4_scout_v5_seeds5,V5_73_deep_dive_municipality,1337,deep_dive,0,0,0.8889,0.8571,1.0,0.00794367,44697,523,4,8567,tool_missing
Llama 4 Scout,exp_041_llama4_scout_v5_seeds5,V5_74_deep_dive_temporal_profile,1337,tool_selection,1,1,1.0,1.0,1.0,0.00374754,21726,82,2,2773,
Llama 4 Scout,exp_041_llama4_scout_v5_seeds5,V5_75_deep_dive_community_ranking,1337,deep_dive,0,0,0.5,0.3333,0.5,0.00207009,10857,340,1,3503,tool_missing
Llama 4 Scout,exp_041_llama4_scout_v5_seeds5,V5_76_legend_ines_erosion_visual,1337,tool_selection,0,0,0.8333,0.75,1.0,0.00196181,10849,178,1,2802,tool_missing
Llama 4 Scout,exp_041_llama4_scout_v5_seeds5,V5_77_legend_mfe_forest_map,1337,tool_selection,0,0,0.8,0.6667,1.0,0.0019461600000000002,10854,153,1,2442,tool_missing
Llama 4 Scout,exp_041_llama4_scout_v5_seeds5,V5_78_legend_two_layers_compare,1337,tool_selection,0,0,0.8333,0.75,1.0,0.0020583800000000003,10858,322,1,3327,tool_missing
Llama 4 Scout,exp_041_llama4_scout_v5_seeds5,V5_79_list_layers_display_only,1337,tool_selection,0,0,0.8,0.6667,1.0,0.00193507,10847,138,1,2363,tool_missing
Llama 4 Scout,exp_041_llama4_scout_v5_seeds5,V5_80_list_layers_before_workflow,1337,tool_selection,0,0,0.8571,0.8,1.0,0.0022305800000000002,10846,586,1,4141,tool_missing
Llama 4 Scout,exp_041_llama4_scout_v5_seeds5,V5_81_list_layers_unavailable_indicator,1337,tool_selection,0,0,0.75,0.6667,0.0,0.0019246600000000001,10844,123,1,2409,tool_missing
Llama 4 Scout,exp_041_llama4_scout_v5_seeds5,V5_82_layer_bounds_ceuta_melilla,1337,tool_selection,0,0,0.5,0.25,0.0,0.0018461200000000001,10844,4,1,1819,tool_missing
Llama 4 Scout,exp_041_llama4_scout_v5_seeds5,V5_83_layer_bounds_balearic_erosion,1337,tool_selection,1,1,1.0,1.0,1.0,0.00393528,21918,317,2,4779,
Llama 4 Scout,exp_041_llama4_scout_v5_seeds5,V5_84_layer_bounds_coverage_comparison,1337,tool_selection,0,0,0.8333,0.75,1.0,0.0019400900000000002,10861,142,1,3061,tool_missing
Llama 4 Scout,exp_041_llama4_scout_v5_seeds5,V5_85_multi_layer_municipality_lorca,1337,cross_indicator,0,0,0.7143,0.6,0.5,0.00189528,10842,79,1,34302,tool_missing
Llama 4 Scout,exp_041_llama4_scout_v5_seeds5,V5_86_multi_layer_with_chart_huelva,1337,cross_indicator,0,0,0.625,0.5,0.5,0.0018849300000000002,10851,61,1,2096,tool_missing
Llama 4 Scout,exp_041_llama4_scout_v5_seeds5,V5_87_multi_layer_comparison_two_provinces,1337,deep_dive,0,0,0.7,0.625,0.6667,0.00586223,33055,368,3,22381,tool_missing
Llama 4 Scout,exp_041_llama4_scout_v5_seeds5,V5_88_interpretation_restoration_castilla_leon,1337,interpretation,0,0,0.4,0.25,0.0,0.0,0,0,0,300072,tool_missing
Llama 4 Scout,exp_041_llama4_scout_v5_seeds5,V5_89_interpretation_biodiversity_carbon_synergy,1337,interpretation,0,0,0.5714,0.4,0.5,0.00220011,10857,537,1,8920,tool_missing
Llama 4 Scout,exp_041_llama4_scout_v5_seeds5,V5_90_interpretation_bank_risk_assessment,1337,interpretation,1,1,1.0,1.0,1.0,0.02168143,121559,1540,10,29358,
Llama 4 Scout,exp_041_llama4_scout_v5_seeds5,V5_91_deep_dive_temporal_municipality,1337,deep_dive,1,1,1.0,1.0,1.0,0.01013641,56225,876,5,10868,
Llama 4 Scout,exp_041_llama4_scout_v5_seeds5,V5_92_deep_dive_two_provinces_side_by_side,1337,deep_dive,0,0,0.5556,0.4286,0.6667,0.005877050000000001,33181,358,3,6273,tool_missing
Llama 4 Scout,exp_041_llama4_scout_v5_seeds5,V5_93_deep_dive_national_policy_brief,1337,habitat_analysis,0,0,0.3,0.2222,0.0,0.0,0,0,0,300048,tool_missing
Llama 4 Scout,exp_041_llama4_scout_v5_seeds5,V5_01_municipality_co2_lorca,2024,municipality,0,0,0.625,0.5,0.5,0.0018759500000000001,10837,51,1,2139,tool_missing
Llama 4 Scout,exp_041_llama4_scout_v5_seeds5,V5_02_municipality_erosion_antequera,2024,municipality,1,1,1.0,1.0,1.0,0.00571731,32913,185,3,4702,
Llama 4 Scout,exp_041_llama4_scout_v5_seeds5,V5_03_municipality_province_hint,2024,municipality,1,1,1.0,1.0,1.0,0.0037960900000000002,21899,111,2,3254,
Llama 4 Scout,exp_041_llama4_scout_v5_seeds5,V5_04_municipality_multi_indicator,2024,municipality,1,1,1.0,1.0,1.0,0.00392563,22001,281,2,6725,
Llama 4 Scout,exp_041_llama4_scout_v5_seeds5,V5_05_followup_drill_down,2024,memory,0,0,0.7778,0.7143,1.0,0.0019621800000000004,11022,134,1,2720,wrong_data
Llama 4 Scout,exp_041_llama4_scout_v5_seeds5,V5_06_followup_compare_new,2024,memory,1,1,1.0,1.0,1.0,0.00385054,22328,83,2,3282,
Llama 4 Scout,exp_041_llama4_scout_v5_seeds5,V5_07_followup_switch_indicator,2024,memory,1,1,1.0,1.0,1.0,0.007618359999999999,44414,103,4,4671,
Llama 4 Scout,exp_041_llama4_scout_v5_seeds5,V5_08_followup_chart_request,2024,memory,0,0,0.8333,0.75,0.0,0.003888300000000001,22488,99,2,3985,keyword_missing
Llama 4 Scout,exp_041_llama4_scout_v5_seeds5,V5_09_spatial_coastal_erosion,2024,spatial_reasoning,0,0,0.6667,0.5,1.0,0.0019018400000000001,10834,91,1,2178,tool_missing
Llama 4 Scout,exp_041_llama4_scout_v5_seeds5,V5_10_spatial_inland_co2,2024,spatial_reasoning,0,0,0.5,0.25,0.0,0.00785009,44527,425,4,7169,tool_missing
Llama 4 Scout,exp_041_llama4_scout_v5_seeds5,V5_11_spatial_autonomous_community,2024,spatial_reasoning,0,0,0.875,0.8333,1.0,0.010171130000000002,56767,789,5,9556,wrong_data
Llama 4 Scout,exp_041_llama4_scout_v5_seeds5,V5_12_spatial_island_limitations,2024,spatial_reasoning,0,0,0.75,0.5,1.0,0.00189507,10833,81,1,2332,tool_missing
Llama 4 Scout,exp_041_llama4_scout_v5_seeds5,V5_13_cross_indicator_tradeoff,2024,cross_indicator,0,0,0.5,0.3333,0.0,0.0,0,0,0,300087,tool_missing
Llama 4 Scout,exp_041_llama4_scout_v5_seeds5,V5_14_cross_indicator_low_risk,2024,cross_indicator,0,0,0.8333,0.75,1.0,0.006159020000000001,33574,684,3,295383,wrong_data
Llama 4 Scout,exp_041_llama4_scout_v5_seeds5,V5_15_error_nonexistent_municipality,2024,error_handling,1,1,1.0,1.0,1.0,0.00374943,21741,81,2,3554,
Llama 4 Scout,exp_041_llama4_scout_v5_seeds5,V5_16_error_wrong_indicator_name,2024,error_handling,0,0,0.8333,0.75,0.0,0.00187031,10831,44,1,2132,keyword_missing
Llama 4 Scout,exp_041_llama4_scout_v5_seeds5,V5_17_error_ines_stats_fabrication,2024,error_handling,0,0,0.7143,0.6,,0.0038818100000000007,21949,228,2,4408,tool_missing
Llama 4 Scout,exp_041_llama4_scout_v5_seeds5,V5_18_error_fabricated_year,2024,error_handling,1,1,1.0,1.0,1.0,0.0038895600000000002,21948,240,2,4346,
Llama 4 Scout,exp_041_llama4_scout_v5_seeds5,V5_19_ranking_bottom_co2,2024,ranking,0,0,0.5,0.3333,0.5,0.0019596,10836,178,1,242629,tool_missing
Llama 4 Scout,exp_041_llama4_scout_v5_seeds5,V5_20_ranking_chart_erosion,2024,ranking,0,0,0.5556,0.4286,0.5,0.00390283,21995,248,2,111674,chart_missing
Llama 4 Scout,exp_041_llama4_scout_v5_seeds5,V5_21_comparison_close_values,2024,comparison,0,0,0.5556,0.4286,0.6667,0.0019279400000000002,10840,129,1,3377,tool_missing
Llama 4 Scout,exp_041_llama4_scout_v5_seeds5,V5_22_comparison_north_south_erosion,2024,comparison,0,0,0.7778,0.7143,1.0,0.0038890000000000005,21968,234,2,4855,wrong_data
Llama 4 Scout,exp_041_llama4_scout_v5_seeds5,V5_23_deep_dive_full_profile,2024,deep_dive,0,0,0.625,0.5,1.0,0.00385569,21807,225,2,5640,tool_missing
Llama 4 Scout,exp_041_llama4_scout_v5_seeds5,V5_24_interpretation_policy,2024,interpretation,0,0,0.8333,0.75,1.0,0.00578071,33053,245,3,4840,wrong_data
Llama 4 Scout,exp_041_llama4_scout_v5_seeds5,V5_25_tool_selection_chart_type,2024,tool_selection,0,0,0.5,0.3333,1.0,0.0019383700000000002,10847,143,1,14616,tool_missing
Llama 4 Scout,exp_041_llama4_scout_v5_seeds5,V5_26_tool_selection_toggle_multiple,2024,tool_selection,0,0,0.8571,0.8,1.0,0.0019809700000000003,10853,206,1,3187,tool_missing
Llama 4 Scout,exp_041_llama4_scout_v5_seeds5,V5_27_language_catalan,2024,language,1,1,1.0,1.0,1.0,0.007606830000000001,43923,212,4,5421,
Llama 4 Scout,exp_041_llama4_scout_v5_seeds5,V5_28_language_galician,2024,language,1,1,1.0,1.0,1.0,0.0037909200000000006,21822,123,2,3928,
Llama 4 Scout,exp_041_llama4_scout_v5_seeds5,V5_29_single_analysis_erosion,2024,single_analysis,0,0,0.5,0.3333,0.5,0.00191421,10833,110,1,2527,tool_missing
Llama 4 Scout,exp_041_llama4_scout_v5_seeds5,V5_30_single_analysis_co2,2024,single_analysis,1,1,1.0,1.0,1.0,0.0038090600000000004,21886,134,2,3860,
Llama 4 Scout,exp_041_llama4_scout_v5_seeds5,V5_31_habitat_province_single,2024,habitat_analysis,1,1,1.0,1.0,1.0,0.00581692,33266,245,3,4532,
Llama 4 Scout,exp_041_llama4_scout_v5_seeds5,V5_32_habitat_forest_types,2024,habitat_analysis,1,1,1.0,1.0,1.0,0.00580779,33057,285,3,4806,
Llama 4 Scout,exp_041_llama4_scout_v5_seeds5,V5_33_habitat_recall_grassland,2024,habitat_analysis,0,0,0.4444,0.2857,0.0,0.0019019200000000003,10850,87,1,2487,tool_missing
Llama 4 Scout,exp_041_llama4_scout_v5_seeds5,V5_34_habitat_chart,2024,habitat_analysis,0,0,0.4444,0.2857,0.0,0.0019106700000000002,10851,100,1,2453,tool_missing
Llama 4 Scout,exp_041_llama4_scout_v5_seeds5,V5_35_habitat_dominant_class_recall,2024,habitat_analysis,0,0,0.6667,0.5714,0.0,0.00189405,11091,13,1,1868,keyword_missing
Llama 4 Scout,exp_041_llama4_scout_v5_seeds5,V5_36_temporal_compare_shrubland,2024,memory,1,1,1.0,1.0,1.0,0.0019011400000000002,11090,24,1,1830,
Llama 4 Scout,exp_041_llama4_scout_v5_seeds5,V5_37_temporal_change_visual,2024,memory,1,1,1.0,1.0,1.0,0.00190097,11089,24,1,1931,
Llama 4 Scout,exp_041_llama4_scout_v5_seeds5,V5_38_cross_indicator_habitat_co2,2024,cross_indicator,1,1,1.0,1.0,1.0,0.009892930000000001,56105,538,5,7625,
Llama 4 Scout,exp_041_llama4_scout_v5_seeds5,V5_39_error_unavailable_year,2024,error_handling,0,0,0.8889,0.8571,0.0,0.0018903000000000001,10836,73,1,2165,keyword_missing
Llama 4 Scout,exp_041_llama4_scout_v5_seeds5,V5_40_error_wrong_layer,2024,error_handling,0,0,0.9,1.0,1.0,0.01401279,79761,687,7,12326,rounds_exceeded
Llama 4 Scout,exp_041_llama4_scout_v5_seeds5,V5_41_multi_muni_ranking_erosion,2024,multi_municipality_ranking,0,0,0.8,0.6667,1.0,0.00771243,44253,287,4,5731,tool_missing
Llama 4 Scout,exp_041_llama4_scout_v5_seeds5,V5_42_multi_muni_ranking_co2,2024,multi_municipality_ranking,0,0,0.6,0.3333,0.0,0.00187859,10837,55,1,2101,tool_missing
Llama 4 Scout,exp_041_llama4_scout_v5_seeds5,V5_43_multi_muni_compare_three,2024,multi_municipality_ranking,0,0,0.7778,0.7143,0.75,0.0019897,10850,220,1,2860,tool_missing
Llama 4 Scout,exp_041_llama4_scout_v5_seeds5,V5_44_province_aggregation_andalucia,2024,province_aggregation,0,0,0.8,0.6667,1.0,0.00810382,45278,616,4,48092,tool_missing
Llama 4 Scout,exp_041_llama4_scout_v5_seeds5,V5_45_province_aggregation_aragon,2024,province_aggregation,0,0,0.3333,0.2,0.0,0.0,0,0,0,300018,tool_missing
Llama 4 Scout,exp_041_llama4_scout_v5_seeds5,V5_46_error_recovery_typo,2024,error_recovery,1,1,1.0,1.0,1.0,0.00185581,10835,21,1,2282,
Llama 4 Scout,exp_041_llama4_scout_v5_seeds5,V5_47_error_recovery_fallback_indicator,2024,error_recovery,0,0,0.75,0.6667,0.0,0.0019033900000000002,10847,90,1,2531,tool_missing
Llama 4 Scout,exp_041_llama4_scout_v5_seeds5,V5_48_error_recovery_wrong_year,2024,error_recovery,1,1,1.0,1.0,1.0,0.0039044600000000002,21958,260,2,4224,
Llama 4 Scout,exp_041_llama4_scout_v5_seeds5,V5_49_threshold_co2_high,2024,threshold,0,0,0.5714,0.4,0.5,0.0019162299999999999,10841,111,1,2788,tool_missing
Llama 4 Scout,exp_041_llama4_scout_v5_seeds5,V5_50_threshold_dual_indicator,2024,threshold,0,0,0.5,0.3333,0.0,0.0,0,0,0,300103,tool_missing
Llama 4 Scout,exp_041_llama4_scout_v5_seeds5,V5_51_threshold_co2_low,2024,threshold,0,0,0.3333,0.2,0.0,0.0,0,0,0,300103,tool_missing
Llama 4 Scout,exp_041_llama4_scout_v5_seeds5,V5_52_language_catalan_erosion,2024,language,1,1,1.0,1.0,1.0,0.00384594,21870,194,2,4513,
Llama 4 Scout,exp_041_llama4_scout_v5_seeds5,V5_53_language_basque_co2,2024,language,1,1,1.0,1.0,1.0,0.0038024400000000002,21882,125,2,3619,
Llama 4 Scout,exp_041_llama4_scout_v5_seeds5,V5_54_language_galician_co2,2024,language,0,0,0.7143,0.6,0.5,0.0018759500000000001,10837,51,1,2185,tool_missing
Llama 4 Scout,exp_041_llama4_scout_v5_seeds5,V5_55_language_basque_compare,2024,language,0,0,0.5,0.4,0.0,0.0,0,0,0,300102,tool_missing
Llama 4 Scout,exp_041_llama4_scout_v5_seeds5,V5_56_habitat_andalucia_forest,2024,habitat_analysis,0,0,0.4444,0.2857,0.0,0.00190237,10841,90,1,2492,tool_missing
Llama 4 Scout,exp_041_llama4_scout_v5_seeds5,V5_57_temporal_multi_year,2024,temporal_change,0,0,0.6667,0.5714,0.6667,0.0019155400000000003,10868,103,1,2472,tool_missing
Llama 4 Scout,exp_041_llama4_scout_v5_seeds5,V5_58_legend_co2_classes,2024,tool_selection,0,0,0.8571,0.8,1.0,0.0019688600000000002,10840,191,1,3474,tool_missing
Llama 4 Scout,exp_041_llama4_scout_v5_seeds5,V5_59_legend_erosion_scale,2024,tool_selection,0,0,0.8333,0.75,1.0,0.00198917,10843,221,1,3183,tool_missing
Llama 4 Scout,exp_041_llama4_scout_v5_seeds5,V5_60_legend_habitat_classes,2024,tool_selection,1,1,1.0,1.0,1.0,0.00795265,45107,431,4,8179,
Llama 4 Scout,exp_041_llama4_scout_v5_seeds5,V5_61_list_layers_analyzable,2024,tool_selection,0,0,0.8333,0.75,1.0,0.00204938,10840,313,1,4456,tool_missing
Llama 4 Scout,exp_041_llama4_scout_v5_seeds5,V5_62_list_layers_habitat_years,2024,tool_selection,0,0,0.6667,0.5714,1.0,0.00191912,10858,111,1,3331,tool_missing
Llama 4 Scout,exp_041_llama4_scout_v5_seeds5,V5_63_list_layers_all_indicators,2024,tool_selection,0,0,0.8,0.6667,1.0,0.00198723,10851,216,1,3543,tool_missing
Llama 4 Scout,exp_041_llama4_scout_v5_seeds5,V5_64_layer_bounds_canary_co2,2024,tool_selection,0,0,0.8333,0.75,1.0,0.00188885,10843,69,1,2169,tool_missing
Llama 4 Scout,exp_041_llama4_scout_v5_seeds5,V5_65_layer_bounds_erosion_extent,2024,tool_selection,0,0,0.6,0.3333,0.0,0.0018773300000000002,10849,50,1,2397,tool_missing
Llama 4 Scout,exp_041_llama4_scout_v5_seeds5,V5_66_layer_bounds_cross_border,2024,tool_selection,0,0,0.875,0.8333,1.0,0.0019321300000000002,10853,132,1,2814,tool_missing
Llama 4 Scout,exp_041_llama4_scout_v5_seeds5,V5_67_multi_layer_three_indicators,2024,cross_indicator,1,1,1.0,1.0,1.0,0.003916230000000001,22101,241,2,6174,
Llama 4 Scout,exp_041_llama4_scout_v5_seeds5,V5_68_multi_layer_nbs_profile,2024,cross_indicator,0,0,0.6667,0.5714,0.6667,0.0019280000000000002,10852,126,1,163190,tool_missing
Llama 4 Scout,exp_041_llama4_scout_v5_seeds5,V5_69_multi_layer_explicit_simultaneous,2024,cross_indicator,0,0,0.875,0.8333,0.5,0.00394407,22191,260,2,5084,keyword_missing
Llama 4 Scout,exp_041_llama4_scout_v5_seeds5,V5_70_interpretation_investor,2024,interpretation,0,0,0.7143,0.6,0.5,0.00782281,44483,395,4,10815,keyword_missing
Llama 4 Scout,exp_041_llama4_scout_v5_seeds5,V5_71_interpretation_habitat_co2_link,2024,interpretation,0,0,0.8333,0.75,0.5,0.0058351600000000016,33086,319,3,4744,keyword_missing
Llama 4 Scout,exp_041_llama4_scout_v5_seeds5,V5_72_interpretation_erosion_project_risk,2024,interpretation,1,1,1.0,1.0,1.0,0.0038833400000000003,21892,245,2,4298,
Llama 4 Scout,exp_041_llama4_scout_v5_seeds5,V5_73_deep_dive_municipality,2024,deep_dive,0,0,0.7778,0.7143,0.75,0.0019644700000000003,10853,181,1,2752,tool_missing
Llama 4 Scout,exp_041_llama4_scout_v5_seeds5,V5_74_deep_dive_temporal_profile,2024,tool_selection,0,0,0.8333,0.75,1.0,0.00197218,10844,195,1,2604,tool_missing
Llama 4 Scout,exp_041_llama4_scout_v5_seeds5,V5_75_deep_dive_community_ranking,2024,deep_dive,0,0,0.5,0.3333,0.5,0.00209847,10857,383,1,3510,tool_missing
Llama 4 Scout,exp_041_llama4_scout_v5_seeds5,V5_76_legend_ines_erosion_visual,2024,tool_selection,0,0,0.8333,0.75,1.0,0.00198095,10849,207,1,3495,tool_missing
Llama 4 Scout,exp_041_llama4_scout_v5_seeds5,V5_77_legend_mfe_forest_map,2024,tool_selection,0,0,0.8,0.6667,1.0,0.00191382,10854,104,1,2357,tool_missing
Llama 4 Scout,exp_041_llama4_scout_v5_seeds5,V5_78_legend_two_layers_compare,2024,tool_selection,0,0,0.8333,0.75,1.0,0.00206498,10858,332,1,3748,tool_missing
Llama 4 Scout,exp_041_llama4_scout_v5_seeds5,V5_79_list_layers_display_only,2024,tool_selection,0,0,0.8,0.6667,1.0,0.00198787,10847,218,1,3211,tool_missing
Llama 4 Scout,exp_041_llama4_scout_v5_seeds5,V5_80_list_layers_before_workflow,2024,tool_selection,0,0,0.8571,0.8,1.0,0.0020378600000000003,10846,294,1,3321,tool_missing
Llama 4 Scout,exp_041_llama4_scout_v5_seeds5,V5_81_list_layers_unavailable_indicator,2024,tool_selection,0,0,0.875,0.8333,1.0,0.0019332400000000001,10844,136,1,2528,tool_missing
Llama 4 Scout,exp_041_llama4_scout_v5_seeds5,V5_82_layer_bounds_ceuta_melilla,2024,tool_selection,0,0,0.8333,0.75,1.0,0.00197284,10844,196,1,2766,tool_missing
Llama 4 Scout,exp_041_llama4_scout_v5_seeds5,V5_83_layer_bounds_balearic_erosion,2024,tool_selection,0,0,0.8,0.6667,1.0,0.0018921900000000002,10851,72,1,2224,tool_missing
Llama 4 Scout,exp_041_llama4_scout_v5_seeds5,V5_84_layer_bounds_coverage_comparison,2024,tool_selection,0,0,0.8333,0.75,1.0,0.00198365,10861,208,1,3107,tool_missing
Llama 4 Scout,exp_041_llama4_scout_v5_seeds5,V5_85_multi_layer_municipality_lorca,2024,cross_indicator,0,0,0.7143,0.6,0.5,0.00380165,21823,139,2,3190,tool_missing
Llama 4 Scout,exp_041_llama4_scout_v5_seeds5,V5_86_multi_layer_with_chart_huelva,2024,cross_indicator,1,1,1.0,1.0,1.0,0.00393634,22064,281,2,4817,
Llama 4 Scout,exp_041_llama4_scout_v5_seeds5,V5_87_multi_layer_comparison_two_provinces,2024,deep_dive,0,0,0.3333,0.25,0.0,0.0,0,0,0,300103,tool_missing
Llama 4 Scout,exp_041_llama4_scout_v5_seeds5,V5_88_interpretation_restoration_castilla_leon,2024,interpretation,0,0,0.6667,0.5,0.5,0.0020033000000000004,10864,237,1,4095,tool_missing
Llama 4 Scout,exp_041_llama4_scout_v5_seeds5,V5_89_interpretation_biodiversity_carbon_synergy,2024,interpretation,0,0,0.7143,0.6,0.5,0.007850890000000001,44753,368,4,8868,keyword_missing
Llama 4 Scout,exp_041_llama4_scout_v5_seeds5,V5_90_interpretation_bank_risk_assessment,2024,interpretation,0,0,0.5,0.3333,0.0,0.0,0,0,0,42505,tool_missing
Llama 4 Scout,exp_041_llama4_scout_v5_seeds5,V5_91_deep_dive_temporal_municipality,2024,deep_dive,0,0,0.6667,0.5714,0.6667,0.0018955700000000003,10867,73,1,3244,tool_missing
Llama 4 Scout,exp_041_llama4_scout_v5_seeds5,V5_92_deep_dive_two_provinces_side_by_side,2024,deep_dive,0,0,0.4444,0.2857,0.3333,0.0019119000000000002,10866,98,1,2487,tool_missing
Llama 4 Scout,exp_041_llama4_scout_v5_seeds5,V5_93_deep_dive_national_policy_brief,2024,habitat_analysis,0,0,0.6364,0.5556,0.75,0.0019496300000000002,10855,158,1,3143,tool_missing
Claude Sonnet 4,exp_042_claude_sonnet4_v5_seeds5,V5_01_municipality_co2_lorca,42,municipality,1,0,0.875,1.0,1.0,0.115404,36363,421,3,14904,cost_exceeded
Claude Sonnet 4,exp_042_claude_sonnet4_v5_seeds5,V5_02_municipality_erosion_antequera,42,municipality,1,0,0.875,1.0,1.0,0.113268,36161,319,3,9729,cost_exceeded
Claude Sonnet 4,exp_042_claude_sonnet4_v5_seeds5,V5_03_municipality_province_hint,42,municipality,1,0,0.875,1.0,1.0,0.11385300000000001,36261,338,3,9851,cost_exceeded
Claude Sonnet 4,exp_042_claude_sonnet4_v5_seeds5,V5_04_municipality_multi_indicator,42,municipality,1,0,0.875,1.0,1.0,0.236532,74424,884,6,22997,cost_exceeded
Claude Sonnet 4,exp_042_claude_sonnet4_v5_seeds5,V5_05_followup_drill_down,42,memory,1,1,1.0,1.0,1.0,0.040001999999999996,12204,226,1,8554,
Claude Sonnet 4,exp_042_claude_sonnet4_v5_seeds5,V5_06_followup_compare_new,42,memory,1,1,1.0,1.0,1.0,0.12120900000000001,37848,511,3,12349,
Claude Sonnet 4,exp_042_claude_sonnet4_v5_seeds5,V5_07_followup_switch_indicator,42,memory,1,0,0.875,1.0,1.0,0.154188,49656,348,4,10459,cost_exceeded
Claude Sonnet 4,exp_042_claude_sonnet4_v5_seeds5,V5_08_followup_chart_request,42,memory,1,1,1.0,1.0,1.0,0.083454,25338,496,2,10035,
Claude Sonnet 4,exp_042_claude_sonnet4_v5_seeds5,V5_09_spatial_coastal_erosion,42,spatial_reasoning,1,1,1.0,1.0,1.0,0.121944,36973,735,3,13270,
Claude Sonnet 4,exp_042_claude_sonnet4_v5_seeds5,V5_10_spatial_inland_co2,42,spatial_reasoning,1,1,1.0,1.0,1.0,0.12357599999999999,37317,775,3,16114,
Claude Sonnet 4,exp_042_claude_sonnet4_v5_seeds5,V5_11_spatial_autonomous_community,42,spatial_reasoning,0,0,0.375,0.1667,0.0,0.075318,23951,231,2,7965,tool_missing
Claude Sonnet 4,exp_042_claude_sonnet4_v5_seeds5,V5_12_spatial_island_limitations,42,spatial_reasoning,1,0,0.75,1.0,1.0,0.11271600000000001,35997,315,3,8995,cost_exceeded
Claude Sonnet 4,exp_042_claude_sonnet4_v5_seeds5,V5_13_cross_indicator_tradeoff,42,cross_indicator,1,1,1.0,1.0,1.0,0.166125,50345,1006,4,17846,
Claude Sonnet 4,exp_042_claude_sonnet4_v5_seeds5,V5_14_cross_indicator_low_risk,42,cross_indicator,0,0,0.8333,0.75,1.0,0.168987,51964,873,4,18684,wrong_data
Claude Sonnet 4,exp_042_claude_sonnet4_v5_seeds5,V5_15_error_nonexistent_municipality,42,error_handling,0,0,0.7143,0.8,0.0,0.075099,23858,235,2,6708,keyword_missing
Claude Sonnet 4,exp_042_claude_sonnet4_v5_seeds5,V5_16_error_wrong_indicator_name,42,error_handling,0,0,0.6667,0.75,0.0,0.075261,24007,216,2,7315,keyword_missing
Claude Sonnet 4,exp_042_claude_sonnet4_v5_seeds5,V5_17_error_ines_stats_fabrication,42,error_handling,1,1,1.0,1.0,,0.075996,23922,282,2,9260,
Claude Sonnet 4,exp_042_claude_sonnet4_v5_seeds5,V5_18_error_fabricated_year,42,error_handling,1,0,0.8333,1.0,1.0,0.113835,36195,350,3,11758,cost_exceeded
Claude Sonnet 4,exp_042_claude_sonnet4_v5_seeds5,V5_19_ranking_bottom_co2,42,ranking,1,0,0.875,1.0,1.0,0.119034,36508,634,3,13454,cost_exceeded
Claude Sonnet 4,exp_042_claude_sonnet4_v5_seeds5,V5_20_ranking_chart_erosion,42,ranking,0,0,0.6667,0.5714,0.5,0.12101400000000001,36848,698,3,13404,keyword_missing
Claude Sonnet 4,exp_042_claude_sonnet4_v5_seeds5,V5_21_comparison_close_values,42,comparison,0,0,0.4444,0.2857,0.3333,0.039021,11872,227,1,7312,tool_missing
Claude Sonnet 4,exp_042_claude_sonnet4_v5_seeds5,V5_22_comparison_north_south_erosion,42,comparison,0,0,0.8889,0.8571,1.0,0.118782,36664,586,3,13733,wrong_data
Claude Sonnet 4,exp_042_claude_sonnet4_v5_seeds5,V5_23_deep_dive_full_profile,42,deep_dive,0,0,0.75,0.6667,0.5,0.15726900000000002,48998,685,4,18379,keyword_missing
Claude Sonnet 4,exp_042_claude_sonnet4_v5_seeds5,V5_24_interpretation_policy,42,interpretation,1,1,1.0,1.0,1.0,0.16614299999999999,49926,1091,4,23193,
Claude Sonnet 4,exp_042_claude_sonnet4_v5_seeds5,V5_25_tool_selection_chart_type,42,tool_selection,0,0,0.625,0.5,1.0,0.11924699999999999,36864,577,3,13899,tool_missing
Claude Sonnet 4,exp_042_claude_sonnet4_v5_seeds5,V5_26_tool_selection_toggle_multiple,42,tool_selection,1,1,1.0,1.0,1.0,0.079869,24278,469,2,12050,
Claude Sonnet 4,exp_042_claude_sonnet4_v5_seeds5,V5_27_language_catalan,42,language,1,0,0.8333,1.0,1.0,0.114186,36137,385,3,11788,cost_exceeded
Claude Sonnet 4,exp_042_claude_sonnet4_v5_seeds5,V5_28_language_galician,42,language,0,0,0.6667,0.75,0.0,0.15210300000000002,48506,439,4,13472,keyword_missing
Claude Sonnet 4,exp_042_claude_sonnet4_v5_seeds5,V5_29_single_analysis_erosion,42,single_analysis,1,0,0.875,1.0,1.0,0.112347,36029,284,3,8717,cost_exceeded
Claude Sonnet 4,exp_042_claude_sonnet4_v5_seeds5,V5_30_single_analysis_co2,42,single_analysis,0,0,0.5556,0.4286,0.6667,0.038445,11870,189,1,6528,tool_missing
Claude Sonnet 4,exp_042_claude_sonnet4_v5_seeds5,V5_31_habitat_province_single,42,habitat_analysis,1,1,1.0,1.0,1.0,0.113388,36241,311,3,9322,
Claude Sonnet 4,exp_042_claude_sonnet4_v5_seeds5,V5_32_habitat_forest_types,42,habitat_analysis,1,1,1.0,1.0,1.0,0.113901,36257,342,3,9525,
Claude Sonnet 4,exp_042_claude_sonnet4_v5_seeds5,V5_33_habitat_recall_grassland,42,habitat_analysis,1,1,1.0,1.0,1.0,0.113106,36242,292,3,8265,
Claude Sonnet 4,exp_042_claude_sonnet4_v5_seeds5,V5_34_habitat_chart,42,habitat_analysis,1,1,1.0,1.0,1.0,0.113007,36274,279,3,7432,
Claude Sonnet 4,exp_042_claude_sonnet4_v5_seeds5,V5_35_habitat_dominant_class_recall,42,habitat_analysis,1,1,1.0,1.0,1.0,0.037862999999999994,12296,65,1,2421,
Claude Sonnet 4,exp_042_claude_sonnet4_v5_seeds5,V5_36_temporal_compare_shrubland,42,memory,1,1,1.0,1.0,1.0,0.037467,12299,38,1,1910,
Claude Sonnet 4,exp_042_claude_sonnet4_v5_seeds5,V5_37_temporal_change_visual,42,memory,1,1,1.0,1.0,1.0,0.038295,12295,94,1,3252,
Claude Sonnet 4,exp_042_claude_sonnet4_v5_seeds5,V5_38_cross_indicator_habitat_co2,42,cross_indicator,1,1,1.0,1.0,1.0,0.240213,74881,1038,6,25980,
Claude Sonnet 4,exp_042_claude_sonnet4_v5_seeds5,V5_39_error_unavailable_year,42,error_handling,1,1,1.0,1.0,1.0,0.040179000000000006,11863,306,1,9445,
Claude Sonnet 4,exp_042_claude_sonnet4_v5_seeds5,V5_40_error_wrong_layer,42,error_handling,1,0,0.9,1.0,1.0,0.114948,36296,404,3,12055,cost_exceeded
Claude Sonnet 4,exp_042_claude_sonnet4_v5_seeds5,V5_41_multi_muni_ranking_erosion,42,multi_municipality_ranking,0,0,0.6,0.3333,0.0,0.203859,64113,768,5,21318,tool_missing
Claude Sonnet 4,exp_042_claude_sonnet4_v5_seeds5,V5_42_multi_muni_ranking_co2,42,multi_municipality_ranking,0,0,0.6,0.3333,0.0,0.077667,24074,363,2,9089,tool_missing
Claude Sonnet 4,exp_042_claude_sonnet4_v5_seeds5,V5_43_multi_muni_compare_three,42,multi_municipality_ranking,1,0,0.8889,1.0,1.0,0.315471,100297,972,8,23133,cost_exceeded
Claude Sonnet 4,exp_042_claude_sonnet4_v5_seeds5,V5_44_province_aggregation_andalucia,42,province_aggregation,1,1,1.0,1.0,1.0,0.12048,36890,654,3,13570,
Claude Sonnet 4,exp_042_claude_sonnet4_v5_seeds5,V5_45_province_aggregation_aragon,42,province_aggregation,0,0,0.5714,0.8,1.0,0.280644,88113,1087,7,24664,tool_missing
Claude Sonnet 4,exp_042_claude_sonnet4_v5_seeds5,V5_46_error_recovery_typo,42,error_recovery,1,1,1.0,1.0,1.0,0.07503599999999999,23862,230,2,7262,
Claude Sonnet 4,exp_042_claude_sonnet4_v5_seeds5,V5_47_error_recovery_fallback_indicator,42,error_recovery,0,0,0.7143,0.6667,0.0,0.0,0,0,0,31485,tool_missing
Claude Sonnet 4,exp_042_claude_sonnet4_v5_seeds5,V5_48_error_recovery_wrong_year,42,error_recovery,1,0,0.8333,1.0,1.0,0.11393400000000001,36288,338,3,12556,cost_exceeded
Claude Sonnet 4,exp_042_claude_sonnet4_v5_seeds5,V5_49_threshold_co2_high,42,threshold,1,1,1.0,1.0,1.0,0.123021,37102,781,3,14296,
Claude Sonnet 4,exp_042_claude_sonnet4_v5_seeds5,V5_50_threshold_dual_indicator,42,threshold,1,1,1.0,1.0,1.0,0.178002,54499,967,4,19892,
Claude Sonnet 4,exp_042_claude_sonnet4_v5_seeds5,V5_51_threshold_co2_low,42,threshold,1,1,1.0,1.0,1.0,0.125835,38625,664,3,13726,
Claude Sonnet 4,exp_042_claude_sonnet4_v5_seeds5,V5_52_language_catalan_erosion,42,language,1,0,0.875,1.0,1.0,0.113529,36098,349,3,11337,cost_exceeded
Claude Sonnet 4,exp_042_claude_sonnet4_v5_seeds5,V5_53_language_basque_co2,42,language,1,0,0.8333,1.0,1.0,0.11291999999999999,36115,305,3,9931,cost_exceeded
Claude Sonnet 4,exp_042_claude_sonnet4_v5_seeds5,V5_54_language_galician_co2,42,language,1,0,0.8571,1.0,1.0,0.113352,36134,330,3,10219,cost_exceeded
Claude Sonnet 4,exp_042_claude_sonnet4_v5_seeds5,V5_55_language_basque_compare,42,language,0,0,0.8571,0.8,1.0,0.120558,36811,675,3,16952,wrong_data
Claude Sonnet 4,exp_042_claude_sonnet4_v5_seeds5,V5_56_habitat_andalucia_forest,42,habitat_analysis,1,1,1.0,1.0,1.0,0.11340599999999999,36217,317,3,8402,
Claude Sonnet 4,exp_042_claude_sonnet4_v5_seeds5,V5_57_temporal_multi_year,42,temporal_change,0,0,0.8889,1.0,1.0,0.28591500000000003,88305,1400,7,29634,rounds_exceeded
Claude Sonnet 4,exp_042_claude_sonnet4_v5_seeds5,V5_58_legend_co2_classes,42,tool_selection,0,0,0.8571,0.8,1.0,0.039162,11869,237,1,9012,tool_missing
Claude Sonnet 4,exp_042_claude_sonnet4_v5_seeds5,V5_59_legend_erosion_scale,42,tool_selection,0,0,0.8333,0.75,1.0,0.040143,11871,302,1,8288,tool_missing
Claude Sonnet 4,exp_042_claude_sonnet4_v5_seeds5,V5_60_legend_habitat_classes,42,tool_selection,1,1,1.0,1.0,1.0,0.156441,48967,636,4,14273,
Claude Sonnet 4,exp_042_claude_sonnet4_v5_seeds5,V5_61_list_layers_analyzable,42,tool_selection,0,0,0.8333,0.75,1.0,0.040472999999999995,11866,325,1,8616,tool_missing
Claude Sonnet 4,exp_042_claude_sonnet4_v5_seeds5,V5_62_list_layers_habitat_years,42,tool_selection,1,1,1.0,1.0,1.0,0.404232,129019,1145,10,27484,
Claude Sonnet 4,exp_042_claude_sonnet4_v5_seeds5,V5_63_list_layers_all_indicators,42,tool_selection,0,0,0.4,0.3333,0.0,0.082119,23988,677,2,16779,keyword_missing
Claude Sonnet 4,exp_042_claude_sonnet4_v5_seeds5,V5_64_layer_bounds_canary_co2,42,tool_selection,0,0,0.8333,0.75,1.0,0.038024999999999996,11875,160,1,5022,tool_missing
Claude Sonnet 4,exp_042_claude_sonnet4_v5_seeds5,V5_65_layer_bounds_erosion_extent,42,tool_selection,0,0,0.8,0.6667,1.0,0.037923,11876,153,1,6074,tool_missing
Claude Sonnet 4,exp_042_claude_sonnet4_v5_seeds5,V5_66_layer_bounds_cross_border,42,tool_selection,0,0,0.875,0.8333,1.0,0.038814,11883,211,1,7664,tool_missing
Claude Sonnet 4,exp_042_claude_sonnet4_v5_seeds5,V5_67_multi_layer_three_indicators,42,cross_indicator,1,1,1.0,1.0,1.0,0.23804399999999998,74578,954,6,23983,
Claude Sonnet 4,exp_042_claude_sonnet4_v5_seeds5,V5_68_multi_layer_nbs_profile,42,cross_indicator,1,1,1.0,1.0,1.0,0.24414,75355,1205,6,31961,
Claude Sonnet 4,exp_042_claude_sonnet4_v5_seeds5,V5_69_multi_layer_explicit_simultaneous,42,cross_indicator,1,1,1.0,1.0,1.0,0.19893,61830,896,5,19778,
Claude Sonnet 4,exp_042_claude_sonnet4_v5_seeds5,V5_70_interpretation_investor,42,interpretation,0,0,0.5714,0.4,0.5,0.16118100000000002,49977,750,4,18026,tool_missing
Claude Sonnet 4,exp_042_claude_sonnet4_v5_seeds5,V5_71_interpretation_habitat_co2_link,42,interpretation,0,0,0.8333,0.75,0.5,0.116856,36312,528,3,14536,keyword_missing
Claude Sonnet 4,exp_042_claude_sonnet4_v5_seeds5,V5_72_interpretation_erosion_project_risk,42,interpretation,0,0,0.625,0.6667,1.0,0.156726,49012,646,4,16697,tool_missing
Claude Sonnet 4,exp_042_claude_sonnet4_v5_seeds5,V5_73_deep_dive_municipality,42,deep_dive,1,1,1.0,1.0,1.0,0.279312,87529,1115,7,25695,
Claude Sonnet 4,exp_042_claude_sonnet4_v5_seeds5,V5_74_deep_dive_temporal_profile,42,tool_selection,1,1,1.0,1.0,1.0,0.07735800000000001,23856,386,2,14000,
Claude Sonnet 4,exp_042_claude_sonnet4_v5_seeds5,V5_75_deep_dive_community_ranking,42,deep_dive,0,0,0.75,0.6667,1.0,0.163515,49500,1001,4,19719,tool_missing
Claude Sonnet 4,exp_042_claude_sonnet4_v5_seeds5,V5_76_legend_ines_erosion_visual,42,tool_selection,0,0,0.8333,0.75,1.0,0.040179,11878,303,1,9081,tool_missing
Claude Sonnet 4,exp_042_claude_sonnet4_v5_seeds5,V5_77_legend_mfe_forest_map,42,tool_selection,0,0,0.8,0.6667,1.0,0.040005,11880,291,1,8983,tool_missing
Claude Sonnet 4,exp_042_claude_sonnet4_v5_seeds5,V5_78_legend_two_layers_compare,42,tool_selection,0,0,0.8333,0.75,1.0,0.042009000000000005,11888,423,1,12091,tool_missing
Claude Sonnet 4,exp_042_claude_sonnet4_v5_seeds5,V5_79_list_layers_display_only,42,tool_selection,0,0,0.6,0.3333,1.0,0.041274,11873,377,1,10466,tool_missing
Claude Sonnet 4,exp_042_claude_sonnet4_v5_seeds5,V5_80_list_layers_before_workflow,42,tool_selection,0,0,0.7143,0.8,0.6667,0.080664,23968,584,2,16295,keyword_missing
Claude Sonnet 4,exp_042_claude_sonnet4_v5_seeds5,V5_81_list_layers_unavailable_indicator,42,tool_selection,0,0,0.75,0.6667,0.0,0.03885,11870,216,1,6818,tool_missing
Claude Sonnet 4,exp_042_claude_sonnet4_v5_seeds5,V5_82_layer_bounds_ceuta_melilla,42,tool_selection,1,1,1.0,1.0,1.0,0.077091,23967,346,2,10015,
Claude Sonnet 4,exp_042_claude_sonnet4_v5_seeds5,V5_83_layer_bounds_balearic_erosion,42,tool_selection,1,0,0.8,1.0,1.0,0.152967,48629,472,4,14346,cost_exceeded
Claude Sonnet 4,exp_042_claude_sonnet4_v5_seeds5,V5_84_layer_bounds_coverage_comparison,42,tool_selection,0,0,0.8333,0.75,1.0,0.041511,11887,390,1,10811,tool_missing
Claude Sonnet 4,exp_042_claude_sonnet4_v5_seeds5,V5_85_multi_layer_municipality_lorca,42,cross_indicator,1,1,1.0,1.0,1.0,0.23536200000000002,74234,844,6,20893,
Claude Sonnet 4,exp_042_claude_sonnet4_v5_seeds5,V5_86_multi_layer_with_chart_huelva,42,cross_indicator,1,1,1.0,1.0,1.0,0.201048,61871,1029,5,22947,
Claude Sonnet 4,exp_042_claude_sonnet4_v5_seeds5,V5_87_multi_layer_comparison_two_provinces,42,deep_dive,1,1,1.0,1.0,1.0,0.201153,62016,1007,5,24055,
Claude Sonnet 4,exp_042_claude_sonnet4_v5_seeds5,V5_88_interpretation_restoration_castilla_leon,42,interpretation,1,1,1.0,1.0,1.0,0.318414,101233,981,8,27497,
Claude Sonnet 4,exp_042_claude_sonnet4_v5_seeds5,V5_89_interpretation_biodiversity_carbon_synergy,42,interpretation,0,0,0.3333,0.2,0.0,0.0,0,0,0,300103,tool_missing
Claude Sonnet 4,exp_042_claude_sonnet4_v5_seeds5,V5_90_interpretation_bank_risk_assessment,42,interpretation,1,1,1.0,1.0,1.0,0.171213,50476,1319,4,25138,
Claude Sonnet 4,exp_042_claude_sonnet4_v5_seeds5,V5_91_deep_dive_temporal_municipality,42,deep_dive,1,1,1.0,1.0,1.0,0.242034,74553,1225,6,28170,
Claude Sonnet 4,exp_042_claude_sonnet4_v5_seeds5,V5_92_deep_dive_two_provinces_side_by_side,42,deep_dive,0,0,0.7778,0.7143,1.0,0.16555799999999998,50121,1013,4,23511,tool_missing
Claude Sonnet 4,exp_042_claude_sonnet4_v5_seeds5,V5_93_deep_dive_national_policy_brief,42,habitat_analysis,1,1,1.0,1.0,1.0,0.236823,74806,827,6,18688,
Claude Sonnet 4,exp_042_claude_sonnet4_v5_seeds5,V5_01_municipality_co2_lorca,1337,municipality,1,0,0.875,1.0,1.0,0.115077,36309,410,3,11550,cost_exceeded
Claude Sonnet 4,exp_042_claude_sonnet4_v5_seeds5,V5_02_municipality_erosion_antequera,1337,municipality,1,0,0.875,1.0,1.0,0.11286299999999999,36161,292,3,8487,cost_exceeded
Claude Sonnet 4,exp_042_claude_sonnet4_v5_seeds5,V5_03_municipality_province_hint,1337,municipality,1,0,0.875,1.0,1.0,0.114246,36257,365,3,10396,cost_exceeded
Claude Sonnet 4,exp_042_claude_sonnet4_v5_seeds5,V5_04_municipality_multi_indicator,1337,municipality,1,0,0.875,1.0,1.0,0.237126,74437,921,6,24668,cost_exceeded
Claude Sonnet 4,exp_042_claude_sonnet4_v5_seeds5,V5_05_followup_drill_down,1337,memory,1,1,1.0,1.0,1.0,0.039597,12204,199,1,7522,
Claude Sonnet 4,exp_042_claude_sonnet4_v5_seeds5,V5_06_followup_compare_new,1337,memory,1,1,1.0,1.0,1.0,0.122067,37844,569,3,12164,
Claude Sonnet 4,exp_042_claude_sonnet4_v5_seeds5,V5_07_followup_switch_indicator,1337,memory,1,0,0.875,1.0,1.0,0.154278,49656,354,4,9777,cost_exceeded
Claude Sonnet 4,exp_042_claude_sonnet4_v5_seeds5,V5_08_followup_chart_request,1337,memory,1,1,1.0,1.0,1.0,0.082794,25313,457,2,11227,
Claude Sonnet 4,exp_042_claude_sonnet4_v5_seeds5,V5_09_spatial_coastal_erosion,1337,spatial_reasoning,1,1,1.0,1.0,1.0,0.122055,37100,717,3,12899,
Claude Sonnet 4,exp_042_claude_sonnet4_v5_seeds5,V5_10_spatial_inland_co2,1337,spatial_reasoning,1,1,1.0,1.0,1.0,0.124167,37274,823,3,15236,
Claude Sonnet 4,exp_042_claude_sonnet4_v5_seeds5,V5_11_spatial_autonomous_community,1337,spatial_reasoning,0,0,0.375,0.1667,0.0,0.07539900000000001,23943,238,2,8138,tool_missing
Claude Sonnet 4,exp_042_claude_sonnet4_v5_seeds5,V5_12_spatial_island_limitations,1337,spatial_reasoning,1,0,0.75,1.0,1.0,0.11230499999999999,35985,290,3,8832,cost_exceeded
Claude Sonnet 4,exp_042_claude_sonnet4_v5_seeds5,V5_13_cross_indicator_tradeoff,1337,cross_indicator,1,0,0.8,1.0,1.0,0.296076,92392,1260,7,27588,cost_exceeded
Claude Sonnet 4,exp_042_claude_sonnet4_v5_seeds5,V5_14_cross_indicator_low_risk,1337,cross_indicator,1,1,1.0,1.0,1.0,0.16638899999999998,50453,1002,4,18284,
Claude Sonnet 4,exp_042_claude_sonnet4_v5_seeds5,V5_15_error_nonexistent_municipality,1337,error_handling,1,1,1.0,1.0,1.0,0.038897999999999995,11866,220,1,6774,
Claude Sonnet 4,exp_042_claude_sonnet4_v5_seeds5,V5_16_error_wrong_indicator_name,1337,error_handling,0,0,0.8333,0.75,0.0,0.038292,11859,181,1,6806,keyword_missing
Claude Sonnet 4,exp_042_claude_sonnet4_v5_seeds5,V5_17_error_ines_stats_fabrication,1337,error_handling,0,0,0.7143,0.8,,0.15334499999999998,48685,486,4,15396,forbidden_keyword
Claude Sonnet 4,exp_042_claude_sonnet4_v5_seeds5,V5_18_error_fabricated_year,1337,error_handling,0,0,0.6667,0.75,0.5,0.113985,36215,356,3,11948,keyword_missing
Claude Sonnet 4,exp_042_claude_sonnet4_v5_seeds5,V5_19_ranking_bottom_co2,1337,ranking,1,0,0.875,1.0,1.0,0.119226,36492,650,3,14245,cost_exceeded
Claude Sonnet 4,exp_042_claude_sonnet4_v5_seeds5,V5_20_ranking_chart_erosion,1337,ranking,0,0,0.6667,0.5714,0.5,0.119586,36827,607,3,11413,keyword_missing
Claude Sonnet 4,exp_042_claude_sonnet4_v5_seeds5,V5_21_comparison_close_values,1337,comparison,0,0,0.4444,0.2857,0.3333,0.07582799999999999,23996,256,2,8416,tool_missing
Claude Sonnet 4,exp_042_claude_sonnet4_v5_seeds5,V5_22_comparison_north_south_erosion,1337,comparison,0,0,0.7778,0.7143,1.0,0.11873700000000001,36664,583,3,13579,wrong_data
Claude Sonnet 4,exp_042_claude_sonnet4_v5_seeds5,V5_23_deep_dive_full_profile,1337,deep_dive,0,0,0.75,0.6667,0.5,0.158304,48993,755,4,19036,keyword_missing
Claude Sonnet 4,exp_042_claude_sonnet4_v5_seeds5,V5_24_interpretation_policy,1337,interpretation,0,0,0.8333,0.75,1.0,0.122973,36856,827,3,18323,wrong_data
Claude Sonnet 4,exp_042_claude_sonnet4_v5_seeds5,V5_25_tool_selection_chart_type,1337,tool_selection,0,0,0.625,0.5,1.0,0.11915400000000001,36858,572,3,13958,tool_missing
Claude Sonnet 4,exp_042_claude_sonnet4_v5_seeds5,V5_26_tool_selection_toggle_multiple,1337,tool_selection,1,1,1.0,1.0,1.0,0.079755,24275,462,2,11252,
Claude Sonnet 4,exp_042_claude_sonnet4_v5_seeds5,V5_27_language_catalan,1337,language,1,0,0.8333,1.0,1.0,0.11444700000000001,36169,396,3,12062,cost_exceeded
Claude Sonnet 4,exp_042_claude_sonnet4_v5_seeds5,V5_28_language_galician,1337,language,1,0,0.8333,1.0,1.0,0.15234,48385,479,4,14575,cost_exceeded
Claude Sonnet 4,exp_042_claude_sonnet4_v5_seeds5,V5_29_single_analysis_erosion,1337,single_analysis,1,0,0.875,1.0,1.0,0.11204700000000001,36029,264,3,8521,cost_exceeded
Claude Sonnet 4,exp_042_claude_sonnet4_v5_seeds5,V5_30_single_analysis_co2,1337,single_analysis,0,0,0.5556,0.4286,0.6667,0.039105,11870,233,1,7199,tool_missing
Claude Sonnet 4,exp_042_claude_sonnet4_v5_seeds5,V5_31_habitat_province_single,1337,habitat_analysis,1,1,1.0,1.0,1.0,0.113652,36249,327,3,9958,
Claude Sonnet 4,exp_042_claude_sonnet4_v5_seeds5,V5_32_habitat_forest_types,1337,habitat_analysis,1,1,1.0,1.0,1.0,0.114033,36251,352,3,9635,
Claude Sonnet 4,exp_042_claude_sonnet4_v5_seeds5,V5_33_habitat_recall_grassland,1337,habitat_analysis,1,1,1.0,1.0,1.0,0.11327100000000001,36242,303,3,9442,
Claude Sonnet 4,exp_042_claude_sonnet4_v5_seeds5,V5_34_habitat_chart,1337,habitat_analysis,1,1,1.0,1.0,1.0,0.113538,36276,314,3,8726,
Claude Sonnet 4,exp_042_claude_sonnet4_v5_seeds5,V5_35_habitat_dominant_class_recall,1337,habitat_analysis,1,1,1.0,1.0,1.0,0.037938,12296,70,1,3839,
Claude Sonnet 4,exp_042_claude_sonnet4_v5_seeds5,V5_36_temporal_compare_shrubland,1337,memory,1,1,1.0,1.0,1.0,0.037797,12299,60,1,2660,
Claude Sonnet 4,exp_042_claude_sonnet4_v5_seeds5,V5_37_temporal_change_visual,1337,memory,1,1,1.0,1.0,1.0,0.038445,12295,104,1,3550,
Claude Sonnet 4,exp_042_claude_sonnet4_v5_seeds5,V5_38_cross_indicator_habitat_co2,1337,cross_indicator,1,1,1.0,1.0,1.0,0.238842,74744,974,6,22614,
Claude Sonnet 4,exp_042_claude_sonnet4_v5_seeds5,V5_39_error_unavailable_year,1337,error_handling,1,1,1.0,1.0,1.0,0.038319000000000006,11863,182,1,6468,
Claude Sonnet 4,exp_042_claude_sonnet4_v5_seeds5,V5_40_error_wrong_layer,1337,error_handling,0,0,0.8,0.875,0.0,0.115815,37005,320,3,10170,keyword_missing
Claude Sonnet 4,exp_042_claude_sonnet4_v5_seeds5,V5_41_multi_muni_ranking_erosion,1337,multi_municipality_ranking,0,0,0.8,0.6667,1.0,0.16009199999999998,50664,540,4,17399,tool_missing
Claude Sonnet 4,exp_042_claude_sonnet4_v5_seeds5,V5_42_multi_muni_ranking_co2,1337,multi_municipality_ranking,0,0,0.6,0.3333,0.0,0.076722,23964,322,2,10860,tool_missing
Claude Sonnet 4,exp_042_claude_sonnet4_v5_seeds5,V5_43_multi_muni_compare_three,1337,multi_municipality_ranking,1,0,0.8889,1.0,1.0,0.31568399999999996,100263,993,8,24119,cost_exceeded
Claude Sonnet 4,exp_042_claude_sonnet4_v5_seeds5,V5_44_province_aggregation_andalucia,1337,province_aggregation,1,1,1.0,1.0,1.0,0.119562,36824,606,3,11312,
Claude Sonnet 4,exp_042_claude_sonnet4_v5_seeds5,V5_45_province_aggregation_aragon,1337,province_aggregation,1,1,1.0,1.0,1.0,0.118482,36454,608,3,13553,
Claude Sonnet 4,exp_042_claude_sonnet4_v5_seeds5,V5_46_error_recovery_typo,1337,error_recovery,0,0,0.8571,0.8,0.0,0.075681,23867,272,2,8075,keyword_missing
Claude Sonnet 4,exp_042_claude_sonnet4_v5_seeds5,V5_47_error_recovery_fallback_indicator,1337,error_recovery,0,0,0.75,0.6667,0.0,0.122838,37111,767,3,18111,tool_missing
Claude Sonnet 4,exp_042_claude_sonnet4_v5_seeds5,V5_48_error_recovery_wrong_year,1337,error_recovery,1,0,0.8333,1.0,1.0,0.114036,36292,344,3,10733,cost_exceeded
Claude Sonnet 4,exp_042_claude_sonnet4_v5_seeds5,V5_49_threshold_co2_high,1337,threshold,1,1,1.0,1.0,1.0,0.119055,36905,556,3,13231,
Claude Sonnet 4,exp_042_claude_sonnet4_v5_seeds5,V5_50_threshold_dual_indicator,1337,threshold,0,0,0.8,0.6667,0.0,0.178317,54624,963,4,19048,keyword_missing
Claude Sonnet 4,exp_042_claude_sonnet4_v5_seeds5,V5_51_threshold_co2_low,1337,threshold,1,1,1.0,1.0,1.0,0.125868,38591,673,3,14498,
Claude Sonnet 4,exp_042_claude_sonnet4_v5_seeds5,V5_52_language_catalan_erosion,1337,language,1,0,0.875,1.0,1.0,0.113124,36058,330,3,10099,cost_exceeded
Claude Sonnet 4,exp_042_claude_sonnet4_v5_seeds5,V5_53_language_basque_co2,1337,language,1,0,0.8333,1.0,1.0,0.11349,36125,341,3,11540,cost_exceeded
Claude Sonnet 4,exp_042_claude_sonnet4_v5_seeds5,V5_54_language_galician_co2,1337,language,1,0,0.8571,1.0,1.0,0.114429,36183,392,3,12545,cost_exceeded
Claude Sonnet 4,exp_042_claude_sonnet4_v5_seeds5,V5_55_language_basque_compare,1337,language,0,0,0.8571,0.8,1.0,0.119991,36772,645,3,16635,wrong_data
Claude Sonnet 4,exp_042_claude_sonnet4_v5_seeds5,V5_56_habitat_andalucia_forest,1337,habitat_analysis,1,1,1.0,1.0,1.0,0.113577,36219,328,3,8926,
Claude Sonnet 4,exp_042_claude_sonnet4_v5_seeds5,V5_57_temporal_multi_year,1337,temporal_change,1,1,1.0,1.0,1.0,0.243063,75006,1203,6,28575,
Claude Sonnet 4,exp_042_claude_sonnet4_v5_seeds5,V5_58_legend_co2_classes,1337,tool_selection,0,0,0.8571,0.8,1.0,0.039387,11869,252,1,9312,tool_missing
Claude Sonnet 4,exp_042_claude_sonnet4_v5_seeds5,V5_59_legend_erosion_scale,1337,tool_selection,0,0,0.8333,0.75,1.0,0.039753,11871,276,1,9081,tool_missing
Claude Sonnet 4,exp_042_claude_sonnet4_v5_seeds5,V5_60_legend_habitat_classes,1337,tool_selection,1,1,1.0,1.0,1.0,0.157335,48990,691,4,16368,
Claude Sonnet 4,exp_042_claude_sonnet4_v5_seeds5,V5_61_list_layers_analyzable,1337,tool_selection,0,0,0.8333,0.75,1.0,0.040593,11866,333,1,9255,tool_missing
Claude Sonnet 4,exp_042_claude_sonnet4_v5_seeds5,V5_62_list_layers_habitat_years,1337,tool_selection,1,1,1.0,1.0,1.0,0.403575,129025,1100,10,32788,
Claude Sonnet 4,exp_042_claude_sonnet4_v5_seeds5,V5_63_list_layers_all_indicators,1337,tool_selection,1,0,0.8,1.0,1.0,0.086304,23988,956,2,21688,cost_exceeded
Claude Sonnet 4,exp_042_claude_sonnet4_v5_seeds5,V5_64_layer_bounds_canary_co2,1337,tool_selection,0,0,0.6667,0.75,1.0,0.11435100000000001,36242,375,3,10891,tool_missing
Claude Sonnet 4,exp_042_claude_sonnet4_v5_seeds5,V5_65_layer_bounds_erosion_extent,1337,tool_selection,1,0,0.8,1.0,1.0,0.07634099999999999,23927,304,2,10181,cost_exceeded
Claude Sonnet 4,exp_042_claude_sonnet4_v5_seeds5,V5_66_layer_bounds_cross_border,1337,tool_selection,0,0,0.875,0.8333,1.0,0.038604,11883,197,1,7013,tool_missing
Claude Sonnet 4,exp_042_claude_sonnet4_v5_seeds5,V5_67_multi_layer_three_indicators,1337,cross_indicator,1,1,1.0,1.0,1.0,0.237192,74599,893,6,21399,
Claude Sonnet 4,exp_042_claude_sonnet4_v5_seeds5,V5_68_multi_layer_nbs_profile,1337,cross_indicator,1,1,1.0,1.0,1.0,0.240039,74593,1084,6,25106,
Claude Sonnet 4,exp_042_claude_sonnet4_v5_seeds5,V5_69_multi_layer_explicit_simultaneous,1337,cross_indicator,1,1,1.0,1.0,1.0,0.15467699999999998,48834,545,4,13845,
Claude Sonnet 4,exp_042_claude_sonnet4_v5_seeds5,V5_70_interpretation_investor,1337,interpretation,0,0,0.5714,0.4,0.5,0.162456,50012,828,4,19467,tool_missing
Claude Sonnet 4,exp_042_claude_sonnet4_v5_seeds5,V5_71_interpretation_habitat_co2_link,1337,interpretation,0,0,0.8333,0.75,0.5,0.11639400000000001,36308,498,3,13851,keyword_missing
Claude Sonnet 4,exp_042_claude_sonnet4_v5_seeds5,V5_72_interpretation_erosion_project_risk,1337,interpretation,0,0,0.625,0.6667,1.0,0.157515,49020,697,4,17717,tool_missing
Claude Sonnet 4,exp_042_claude_sonnet4_v5_seeds5,V5_73_deep_dive_municipality,1337,deep_dive,1,1,1.0,1.0,1.0,0.27986700000000003,87509,1156,7,29320,
Claude Sonnet 4,exp_042_claude_sonnet4_v5_seeds5,V5_74_deep_dive_temporal_profile,1337,tool_selection,1,1,1.0,1.0,1.0,0.077061,23832,371,2,10232,
Claude Sonnet 4,exp_042_claude_sonnet4_v5_seeds5,V5_75_deep_dive_community_ranking,1337,deep_dive,0,0,0.75,0.6667,1.0,0.163599,49558,995,4,19630,tool_missing
Claude Sonnet 4,exp_042_claude_sonnet4_v5_seeds5,V5_76_legend_ines_erosion_visual,1337,tool_selection,0,0,0.8333,0.75,1.0,0.039309,11878,245,1,7867,tool_missing
Claude Sonnet 4,exp_042_claude_sonnet4_v5_seeds5,V5_77_legend_mfe_forest_map,1337,tool_selection,0,0,0.8,0.6667,1.0,0.04023,11880,306,1,10654,tool_missing
Claude Sonnet 4,exp_042_claude_sonnet4_v5_seeds5,V5_78_legend_two_layers_compare,1337,tool_selection,0,0,0.8333,0.75,1.0,0.042264,11888,440,1,12264,tool_missing
Claude Sonnet 4,exp_042_claude_sonnet4_v5_seeds5,V5_79_list_layers_display_only,1337,tool_selection,0,0,0.6,0.3333,1.0,0.041484,11873,391,1,11284,tool_missing
Claude Sonnet 4,exp_042_claude_sonnet4_v5_seeds5,V5_80_list_layers_before_workflow,1337,tool_selection,0,0,0.7143,0.8,0.6667,0.08072399999999999,23968,588,2,16325,keyword_missing
Claude Sonnet 4,exp_042_claude_sonnet4_v5_seeds5,V5_81_list_layers_unavailable_indicator,1337,tool_selection,0,0,0.75,0.6667,0.0,0.038265,11870,177,1,6848,tool_missing
Claude Sonnet 4,exp_042_claude_sonnet4_v5_seeds5,V5_82_layer_bounds_ceuta_melilla,1337,tool_selection,1,1,1.0,1.0,1.0,0.076893,23966,333,2,9393,
Claude Sonnet 4,exp_042_claude_sonnet4_v5_seeds5,V5_83_layer_bounds_balearic_erosion,1337,tool_selection,1,1,1.0,1.0,1.0,0.076806,23947,331,2,9243,
Claude Sonnet 4,exp_042_claude_sonnet4_v5_seeds5,V5_84_layer_bounds_coverage_comparison,1337,tool_selection,0,0,0.8333,0.75,1.0,0.040956,11887,353,1,9972,tool_missing
Claude Sonnet 4,exp_042_claude_sonnet4_v5_seeds5,V5_85_multi_layer_municipality_lorca,1337,cross_indicator,1,1,1.0,1.0,1.0,0.23655,74250,920,6,21327,
Claude Sonnet 4,exp_042_claude_sonnet4_v5_seeds5,V5_86_multi_layer_with_chart_huelva,1337,cross_indicator,1,1,1.0,1.0,1.0,0.154704,48838,546,4,19151,
Claude Sonnet 4,exp_042_claude_sonnet4_v5_seeds5,V5_87_multi_layer_comparison_two_provinces,1337,deep_dive,1,1,1.0,1.0,1.0,0.199188,61846,910,5,22504,
Claude Sonnet 4,exp_042_claude_sonnet4_v5_seeds5,V5_88_interpretation_restoration_castilla_leon,1337,interpretation,1,1,1.0,1.0,1.0,0.409077,128419,1588,10,36970,
Claude Sonnet 4,exp_042_claude_sonnet4_v5_seeds5,V5_89_interpretation_biodiversity_carbon_synergy,1337,interpretation,0,0,0.8571,0.8,1.0,0.16565100000000002,50422,959,4,23509,wrong_data
Claude Sonnet 4,exp_042_claude_sonnet4_v5_seeds5,V5_90_interpretation_bank_risk_assessment,1337,interpretation,1,1,1.0,1.0,1.0,0.177387,52264,1373,4,25320,
Claude Sonnet 4,exp_042_claude_sonnet4_v5_seeds5,V5_91_deep_dive_temporal_municipality,1337,deep_dive,1,1,1.0,1.0,1.0,0.24205200000000002,74594,1218,6,28531,
Claude Sonnet 4,exp_042_claude_sonnet4_v5_seeds5,V5_92_deep_dive_two_provinces_side_by_side,1337,deep_dive,0,0,0.6667,0.5714,0.6667,0.246477,76259,1180,6,27839,tool_missing
Claude Sonnet 4,exp_042_claude_sonnet4_v5_seeds5,V5_93_deep_dive_national_policy_brief,1337,habitat_analysis,1,1,1.0,1.0,1.0,0.236814,74783,831,6,20518,
