{"type": "FeatureCollection", "features": [{"type": "Feature", "properties": {"name": "Illes Balears", "code": "07"}, "geometry": {"type": "MultiPolygon", "coordinates": [[[[3.213645, 39.957514], [3.1544, 39.9232], [3.1384, 39.9281], [3.1313, 39.9269], [3.1108, 39.8993], [3.08, 39.9023], [3.0838, 39.8755], [3.1056, 39.8577], [3.1904, 39.8924], [3.2045, 39.8888], [3.1883, 39.8816], [3.1972, 39.8619], [3.1785, 39.8406], [3.1208, 39.8321], [3.1351, 39.7827], [3.2526, 39.7294], [3.3289, 39.7598], [3.3481, 39.7894], [3.4322, 39.7451], [3.4613, 39.7481], [3.4527, 39.7225], [3.4787, 39.7158], [3.4567, 39.7055], [3.4524, 39.6822], [3.4559, 39.6563], [3.441, 39.6565], [3.4363, 39.6343], [3.3969, 39.6283], [3.385, 39.5928], [3.4041, 39.5794], [3.3319, 39.5404], [3.3403, 39.5349], [3.2918, 39.4943], [3.2749, 39.4159], [3.2671, 39.4278], [3.261, 39.424], [3.2444, 39.3774], [3.2221, 39.3729], [3.2322, 39.3616], [3.188, 39.3519], [3.1711, 39.3265], [3.1464, 39.33], [3.0688, 39.2667], [3.0501, 39.2656], [3.0135, 39.3104], [2.9861, 39.3159], [2.9908, 39.3368], [2.9578, 39.3625], [2.9135, 39.3524], [2.8819, 39.3662], [2.7873, 39.3631], [2.742, 39.4062], [2.7473, 39.4415], [2.722, 39.4757], [2.7484, 39.5107], [2.6695, 39.5625], [2.6327, 39.5684], [2.6199, 39.5496], [2.6394, 39.5526], [2.6325, 39.5452], [2.6011, 39.5511], [2.5957, 39.5467], [2.5903, 39.5366], [2.5903, 39.5311], [2.5761, 39.5336], [2.5647, 39.528], [2.541, 39.5248], [2.5217, 39.4566], [2.4761, 39.4663], [2.4791, 39.4919], [2.4562, 39.5048], [2.4796, 39.5176], [2.4567, 39.5343], [2.4194, 39.5229], [2.4137, 39.539], [2.3869, 39.5209], [2.3885, 39.5337], [2.363, 39.5328], [2.3905, 39.5462], [2.3465, 39.5646], [2.356, 39.6056], [2.4622, 39.652], [2.5279, 39.7016], [2.5855, 39.7163], [2.6198, 39.756], [2.6632, 39.7724], [2.6694, 39.7922], [2.6945, 39.7913], [2.6995, 39.8108], [2.7756, 39.8399], [2.7784, 39.8556], [2.845, 39.8617], [2.9504, 39.9201], [2.9827, 39.9082], [3.0281, 39.9351], [3.061, 39.9326], [3.0603, 39.9198], [3.1205, 39.9314], [3.1657, 39.9599], [3.213645, 39.957514]], [[3.18794, 39.754295], [3.18794, 39.754295]], [[3.162003, 39.873743], [3.162003, 39.873743]], [[2.422212, 39.536541], [2.422212, 39.536541]], [[3.004081, 39.313018], [3.004081, 39.313018]], [[3.375877, 39.564976], [3.375877, 39.564976]], [[3.186067, 39.868986], [3.186067, 39.868986]], [[2.603965, 39.735293], [2.603965, 39.735293]], [[2.916974, 39.356889], [2.916974, 39.356889]], [[3.188677, 39.755086], [3.188677, 39.755086]], [[3.177212, 39.881109], [3.177212, 39.881109]], [[3.17599, 39.951883], [3.17599, 39.951883]], [[2.651584, 39.766737], [2.651584, 39.766737]], [[2.440324, 39.533034], [2.440324, 39.533034]], [[2.933169, 39.902787], [2.933169, 39.902787]], [[2.654073, 39.768637], [2.654073, 39.768637]], [[2.963381, 39.912405], [2.963381, 39.912405]], [[2.598114, 39.729939], [2.598114, 39.729939]], [[2.965979, 39.910459], [2.965979, 39.910459]], [[2.965324, 39.910675], [2.965324, 39.910675]], [[2.415237, 39.538551], [2.415237, 39.538551]], [[2.615316, 39.74444], [2.615316, 39.74444]], [[2.598369, 39.730273], [2.598369, 39.730273]], [[3.17571, 39.952442], [3.17571, 39.952442]], [[2.652559, 39.767875], [2.652559, 39.767875]], [[2.631275, 39.758908], [2.631275, 39.758908]], [[2.616058, 39.745172], [2.616058, 39.745172]], [[2.552152, 39.700659], [2.552152, 39.700659]], [[2.553444, 39.701061], [2.553444, 39.701061]], [[3.174948, 39.95174], [3.174948, 39.95174]], [[2.554151, 39.701838], [2.554151, 39.701838]], [[2.543826, 39.700366], [2.543826, 39.700366]], [[2.596819, 39.727853], [2.596819, 39.727853]], [[3.175265, 39.952172], [3.175265, 39.952172]], [[2.553746, 39.701251], [2.553746, 39.701251]], [[2.652233, 39.767613], [2.652233, 39.767613]], [[2.557531, 39.70213], [2.557531, 39.70213]], [[2.651779, 39.767287], [2.651779, 39.767287]], [[2.592864, 39.723848], [2.592864, 39.723848]], [[2.607217, 39.73807], [2.607217, 39.73807]], [[2.537655, 39.700413], [2.537655, 39.700413]], [[3.177734, 39.951628], [3.177734, 39.951628]], [[2.59703, 39.727773], [2.59703, 39.727773]], [[2.578302, 39.714227], [2.578302, 39.714227]], [[2.650396, 39.766013], [2.650396, 39.766013]], [[2.606623, 39.737861], [2.606623, 39.737861]], [[3.17656, 39.954909], [3.17656, 39.954909]], [[2.6427, 39.761962], [2.6427, 39.761962]], [[2.645335, 39.762628], [2.645335, 39.762628]], [[2.619843, 39.755339], [2.619843, 39.755339]], [[2.55851, 39.702368], [2.55851, 39.702368]], [[2.524427, 39.698765], [2.524427, 39.698765]], [[2.590985, 39.721976], [2.590985, 39.721976]], [[2.649919, 39.765669], [2.649919, 39.765669]], [[2.545988, 39.699608], [2.545988, 39.699608]], [[3.200177, 39.956222], [3.200177, 39.956222]], [[3.177064, 39.955323], [3.177064, 39.955323]]], [[[4.094163, 40.087967], [4.0929, 40.0596], [4.1034, 40.0445], [4.1335, 40.0632], [4.1266, 40.0262], [4.1408, 40.0359], [4.1365, 40.0671], [4.1555, 40.0679], [4.1727, 40.0602], [4.1608, 40.0335], [4.1711, 40.0365], [4.1822, 40.0218], [4.1953, 40.0322], [4.1941, 40.0098], [4.2053, 39.993], [4.2076, 40.013], [4.2205, 39.9967], [4.2699, 39.9965], [4.2549, 39.9929], [4.2662, 39.9819], [4.2548, 39.9639], [4.2655, 39.9499], [4.2807, 39.9499], [4.2743, 39.9337], [4.3097, 39.8804], [4.3278, 39.877], [4.3103, 39.87], [4.3103, 39.8782], [4.2961, 39.8919], [4.2565, 39.8971], [4.3074, 39.8654], [4.2875, 39.8152], [4.2692, 39.8091], [4.2188, 39.8291], [4.211, 39.8293], [4.0586, 39.906], [3.9595, 39.9384], [3.9002, 39.9225], [3.821, 39.9256], [3.836, 40.0024], [3.799, 39.9978], [3.7908, 40.0161], [3.8224, 40.0512], [3.8986, 40.0598], [3.9213, 40.0453], [3.9339, 40.0629], [3.9787, 40.0511], [4.0162, 40.0556], [4.0321, 40.0656], [4.0411, 40.0559], [4.0537, 40.0519], [4.0894, 40.069], [4.0815, 40.0891], [4.094163, 40.087967]], [[4.168776, 40.057175], [4.168776, 40.057175]], [[4.030035, 39.915574], [4.030035, 39.915574]], [[4.169055, 40.02891], [4.169055, 40.02891]], [[3.949057, 40.057696], [3.949057, 40.057696]], [[3.94686, 40.057363], [3.94686, 40.057363]], [[4.169478, 40.030338], [4.169478, 40.030338]], [[3.894989, 40.059009], [3.894989, 40.059009]], [[4.194557, 40.024848], [4.194557, 40.024848]], [[4.165046, 40.052248], [4.165046, 40.052248]]], [[[1.532527, 39.118387], [1.5571, 39.0933], [1.6042, 39.0909], [1.5985, 39.0824], [1.6099, 39.0793], [1.588, 39.0633], [1.6215, 39.0277], [1.5852, 39.0157], [1.5779, 39.0011], [1.5813, 38.9893], [1.5274, 38.9824], [1.5288, 38.945], [1.5102, 38.9468], [1.4768, 38.913], [1.4551, 38.917], [1.4572, 38.9037], [1.4506, 38.9117], [1.4395, 38.9167], [1.4386, 38.9025], [1.4213, 38.9036], [1.4032, 38.8748], [1.4063, 38.8317], [1.3845, 38.8424], [1.3712, 38.8304], [1.3433, 38.8711], [1.3204, 38.8558], [1.3148, 38.8681], [1.2974, 38.8622], [1.2959, 38.8772], [1.2677, 38.878], [1.2553, 38.8597], [1.2481, 38.8558], [1.2242, 38.8708], [1.2133, 38.902], [1.2365, 38.9388], [1.2149, 38.9582], [1.2292, 38.9745], [1.3065, 38.9724], [1.2845, 38.9939], [1.2989, 39.0095], [1.2939, 39.0315], [1.3588, 39.0741], [1.3661, 39.0642], [1.3752, 39.0623], [1.4263, 39.0925], [1.4405, 39.0805], [1.4627, 39.1035], [1.4884, 39.1105], [1.4924, 39.1017], [1.4984, 39.0988], [1.532527, 39.118387]], [[1.299647, 38.870125], [1.299647, 38.870125]], [[1.21879, 38.889589], [1.21879, 38.889589]], [[1.231663, 38.973437], [1.231663, 38.973437]], [[1.403294, 39.077241], [1.403294, 39.077241]], [[1.24366, 38.860529], [1.24366, 38.860529]], [[1.298627, 38.870371], [1.298627, 38.870371]], [[1.604978, 39.079766], [1.604978, 39.079766]], [[1.369394, 38.834292], [1.369394, 38.834292]], [[1.478515, 39.105765], [1.478515, 39.105765]], [[1.497077, 39.099212], [1.497077, 39.099212]], [[1.406444, 39.076482], [1.406444, 39.076482]], [[1.475829, 38.915402], [1.475829, 38.915402]], [[1.599588, 39.023079], [1.599588, 39.023079]], [[1.321281, 38.859877], [1.321281, 38.859877]], [[1.455738, 38.907929], [1.455738, 38.907929]], [[1.298391, 38.870143], [1.298391, 38.870143]], [[1.224996, 38.870924], [1.224996, 38.870924]], [[1.261968, 38.872048], [1.261968, 38.872048]], [[1.407162, 39.076951], [1.407162, 39.076951]], [[1.279721, 38.87815], [1.279721, 38.87815]], [[1.26261, 38.872202], [1.26261, 38.872202]], [[1.298361, 38.869944], [1.298361, 38.869944]], [[1.240191, 38.868928], [1.240191, 38.868928]], [[1.262241, 38.872187], [1.262241, 38.872187]], [[1.236161, 38.871544], [1.236161, 38.871544]], [[1.262415, 38.872145], [1.262415, 38.872145]], [[1.259847, 38.868772], [1.259847, 38.868772]], [[1.222467, 38.879896], [1.222467, 38.879896]], [[1.222506, 38.879716], [1.222506, 38.879716]], [[1.262867, 38.872061], [1.262867, 38.872061]], [[1.258335, 38.867416], [1.258335, 38.867416]], [[1.219655, 38.89236], [1.219655, 38.89236]], [[1.262848, 38.872367], [1.262848, 38.872367]], [[1.260309, 38.869653], [1.260309, 38.869653]], [[1.235589, 38.87231], [1.235589, 38.87231]], [[1.262515, 38.872317], [1.262515, 38.872317]], [[1.22586, 38.875136], [1.22586, 38.875136]], [[1.225141, 38.871106], [1.225141, 38.871106]], [[1.321178, 38.859335], [1.321178, 38.859335]]], [[[1.435889, 38.761761], [1.4965, 38.6882], [1.5303, 38.6728], [1.5691, 38.6916], [1.5847, 38.6628], [1.5241, 38.653], [1.4472, 38.685], [1.3855, 38.6413], [1.3803, 38.7193], [1.3966, 38.7355], [1.4192, 38.7225], [1.4333, 38.7716], [1.435889, 38.761761]], [[1.430463, 38.75465], [1.430463, 38.75465]], [[1.431098, 38.750874], [1.431098, 38.750874]], [[1.456707, 38.726552], [1.456707, 38.726552]], [[1.453155, 38.73019], [1.453155, 38.73019]], [[1.460056, 38.724343], [1.460056, 38.724343]], [[1.430446, 38.755434], [1.430446, 38.755434]], [[1.431484, 38.750068], [1.431484, 38.750068]], [[1.456991, 38.728358], [1.456991, 38.728358]], [[1.458934, 38.726266], [1.458934, 38.726266]], [[1.456852, 38.728401], [1.456852, 38.728401]], [[1.452501, 38.731182], [1.452501, 38.731182]], [[1.436402, 38.678604], [1.436402, 38.678604]], [[1.450258, 38.731702], [1.450258, 38.731702]], [[1.459442, 38.725101], [1.459442, 38.725101]], [[1.385005, 38.713355], [1.385005, 38.713355]], [[1.459713, 38.725888], [1.459713, 38.725888]], [[1.392043, 38.726725], [1.392043, 38.726725]]], [[[2.951196, 39.16548], [2.9766, 39.158], [2.9566, 39.1476], [2.9579, 39.1269], [2.9195, 39.1289], [2.9169, 39.1616], [2.9317, 39.1433], [2.9311, 39.1565], [2.9497, 39.1484], [2.951196, 39.16548]], [[2.92315, 39.132943], [2.92315, 39.132943]], [[2.937732, 39.128392], [2.937732, 39.128392]], [[2.956679, 39.134835], [2.956679, 39.134835]], [[2.917662, 39.156089], [2.917662, 39.156089]]], [[[2.33858, 39.597699], [2.3187, 39.5767], [2.3032, 39.5728], [2.3097, 39.5835], [2.33858, 39.597699]]], [[[2.966221, 39.190464], [2.973, 39.1867], [2.9616, 39.1754], [2.955, 39.1823], [2.966221, 39.190464]]], [[[1.423417, 38.796574], [1.4316, 38.7841], [1.4333, 38.7749], [1.4265, 38.7821], [1.4194, 38.7793], [1.423417, 38.796574]]], [[[1.214774, 38.989588], [1.2189, 38.9784], [1.2062, 38.9894], [1.214774, 38.989588]]], [[[1.200232, 38.870671], [1.203, 38.8647], [1.1884, 38.8626], [1.1956, 38.8699], [1.200232, 38.870671]]], [[[4.278059, 39.966676], [4.284, 39.9598], [4.273, 39.9567], [4.2736, 39.9643], [4.278059, 39.966676]]], [[[1.641432, 39.041523], [1.6504, 39.0322], [1.6398, 39.0348], [1.641432, 39.041523]]], [[[1.47785, 38.800252], [1.4803, 38.788], [1.4741, 38.7974], [1.4778, 38.8051], [1.47785, 38.800252]]], [[[4.290021, 39.802319], [4.2961, 39.8003], [4.2854, 39.7993], [4.290021, 39.802319]]], [[[4.306107, 39.878297], [4.3072, 39.8713], [4.3012, 39.8815], [4.306107, 39.878297]]], [[[3.475497, 39.708746], [3.475611, 39.708313], [3.475309, 39.708512], [3.475497, 39.708746]]], [[[4.308274, 39.897562], [4.308194, 39.897671], [4.308453, 39.897722], [4.308274, 39.897562]]], [[[2.584522, 39.53263], [2.584382, 39.532593], [2.584474, 39.532729], [2.584522, 39.53263]]], [[[4.183088, 40.033227], [4.183018, 40.033237], [4.183089, 40.033317], [4.183088, 40.033227]]]]}}, {"type": "Feature", "properties": {"name": "Asturias", "code": "33"}, "geometry": {"type": "MultiPolygon", "coordinates": [[[[-5.840833, 43.660619], [-5.83, 43.6401], [-5.7831, 43.6313], [-5.791, 43.6142], [-5.7556, 43.5834], [-5.712, 43.5686], [-5.6761, 43.571], [-5.7013, 43.5662], [-5.6792, 43.5412], [-5.6176, 43.559], [-5.4938, 43.544], [-5.4132, 43.5549], [-5.3882, 43.5297], [-5.2954, 43.5352], [-5.2162, 43.4749], [-5.1235, 43.4846], [-5.037, 43.4607], [-4.9829, 43.4549], [-4.9261, 43.4624], [-4.6993, 43.4048], [-4.6809, 43.4092], [-4.5674, 43.392], [-4.5187, 43.3958], [-4.5108, 43.3799], [-4.5344, 43.3683], [-4.5395, 43.344], [-4.5223, 43.3358], [-4.5217, 43.2806], [-4.5478, 43.2687], [-4.5552, 43.2881], [-4.6066, 43.3006], [-4.6319, 43.2677], [-4.7309, 43.2573], [-4.7197, 43.2358], [-4.7458, 43.1841], [-4.841, 43.1808], [-4.8712, 43.2281], [-4.9114, 43.2374], [-4.9639, 43.2124], [-4.9969, 43.1731], [-5.0759, 43.1815], [-5.1017, 43.1018], [-5.1478, 43.1151], [-5.2166, 43.0845], [-5.2821, 43.0774], [-5.3691, 43.0946], [-5.3905, 43.0493], [-5.4785, 43.0549], [-5.4938, 43.0214], [-5.5701, 43.0227], [-5.6933, 43.0565], [-5.7284, 43.0425], [-5.7639, 42.9701], [-5.804, 42.9626], [-5.9146, 42.9927], [-5.9567, 43.0186], [-5.975, 43.0654], [-6.0202, 43.0549], [-6.0819, 43.0757], [-6.096, 43.0313], [-6.1367, 43.021], [-6.1784, 43.0478], [-6.2156, 43.0472], [-6.2268, 43.0089], [-6.2852, 43.0364], [-6.3265, 43.0313], [-6.3591, 43.0596], [-6.397, 43.0383], [-6.3944, 43.0166], [-6.4111, 43.0169], [-6.4076, 42.9995], [-6.4241, 42.9879], [-6.4781, 42.9912], [-6.473, 42.9678], [-6.4336, 42.9642], [-6.4331, 42.9398], [-6.5412, 42.9125], [-6.6388, 42.9255], [-6.7227, 42.9175], [-6.7728, 42.8825], [-6.7707, 42.8986], [-6.8358, 42.9163], [-6.8361, 42.9578], [-6.8711, 42.9886], [-6.9103, 42.9901], [-6.9571, 43.0368], [-6.962, 42.9907], [-6.9972, 43.0195], [-6.9819, 43.0414], [-6.9646, 43.0347], [-6.9686, 43.0572], [-6.9387, 43.0865], [-6.9156, 43.0734], [-6.8276, 43.1232], [-6.8216, 43.1432], [-6.8389, 43.1661], [-6.8717, 43.1799], [-6.8682, 43.19], [-6.8854, 43.1568], [-6.9574, 43.1355], [-6.9808, 43.1665], [-6.9649, 43.1875], [-6.971, 43.2043], [-7.0014, 43.2073], [-7.0096, 43.2229], [-7.0201, 43.2132], [-7.0616, 43.244], [-7.0715, 43.2712], [-7.0598, 43.3053], [-7.1009, 43.3038], [-7.1312, 43.3313], [-7.1275, 43.3726], [-7.1825, 43.3925], [-7.1685, 43.4036], [-7.173, 43.4304], [-7.1017, 43.4275], [-7.0892, 43.4551], [-7.0483, 43.4771], [-7.0472, 43.509], [-7.0232, 43.5596], [-7.0173, 43.5559], [-7.006, 43.555], [-7.0002, 43.5541], [-6.9741, 43.5568], [-6.9254, 43.575], [-6.9102, 43.5664], [-6.8763, 43.5624], [-6.8283, 43.5664], [-6.8111, 43.5545], [-6.785, 43.556], [-6.7669, 43.5688], [-6.7221, 43.556], [-6.7095, 43.5641], [-6.6848, 43.5587], [-6.6263, 43.5729], [-6.5985, 43.554], [-6.5333, 43.5452], [-6.4745, 43.5503], [-6.4702, 43.5712], [-6.4455, 43.5627], [-6.4391, 43.5589], [-6.4298, 43.5528], [-6.3558, 43.5511], [-6.3036, 43.5634], [-6.2957, 43.5666], [-6.2854, 43.57], [-6.2677, 43.579], [-6.2559, 43.5778], [-6.2445, 43.5952], [-6.2031, 43.5729], [-6.1882, 43.5795], [-6.1864, 43.5639], [-6.1545, 43.5707], [-6.1474, 43.5675], [-6.113, 43.5554], [-6.0925, 43.5583], [-6.0782, 43.5647], [-6.0774, 43.5704], [-6.0779, 43.5643], [-6.066, 43.5659], [-6.0173, 43.5883], [-5.9971, 43.5741], [-5.9563, 43.5798], [-5.915, 43.608], [-5.9148, 43.6237], [-5.8872, 43.6232], [-5.8667, 43.6313], [-5.840833, 43.660619]], [[-5.590431, 43.54901], [-5.590431, 43.54901]], [[-6.932443, 43.571086], [-6.932443, 43.571086]], [[-6.755339, 43.564078], [-6.755339, 43.564078]], [[-5.597769, 43.549248], [-5.597769, 43.549248]], [[-4.893578, 43.449254], [-4.893578, 43.449254]], [[-5.607032, 43.556623], [-5.607032, 43.556623]], [[-6.251103, 43.583997], [-6.251103, 43.583997]], [[-4.614774, 43.396839], [-4.614774, 43.396839]], [[-6.451768, 43.563883], [-6.451768, 43.563883]], [[-4.628621, 43.399803], [-4.628621, 43.399803]], [[-6.44806, 43.562473], [-6.44806, 43.562473]], [[-4.628802, 43.39918], [-4.628802, 43.39918]], [[-4.629278, 43.398966], [-4.629278, 43.398966]], [[-5.605532, 43.550431], [-5.605532, 43.550431]], [[-4.625327, 43.398995], [-4.625327, 43.398995]], [[-6.459676, 43.566614], [-6.459676, 43.566614]], [[-6.452764, 43.562889], [-6.452764, 43.562889]], [[-6.447425, 43.561106], [-6.447425, 43.561106]], [[-7.023715, 43.55692], [-7.023715, 43.55692]], [[-6.251346, 43.582981], [-6.251346, 43.582981]], [[-6.932631, 43.57036], [-6.932631, 43.57036]], [[-4.896261, 43.450867], [-4.896261, 43.450867]], [[-6.460061, 43.56708], [-6.460061, 43.56708]], [[-6.454697, 43.565081], [-6.454697, 43.565081]], [[-6.756254, 43.564462], [-6.756254, 43.564462]], [[-7.025777, 43.547565], [-7.025777, 43.547565]], [[-4.86033, 43.444731], [-4.86033, 43.444731]], [[-6.454023, 43.563472], [-6.454023, 43.563472]], [[-5.602308, 43.55001], [-5.602308, 43.55001]], [[-6.446397, 43.562631], [-6.446397, 43.562631]], [[-6.454314, 43.564013], [-6.454314, 43.564013]], [[-6.762632, 43.566467], [-6.762632, 43.566467]], [[-5.615697, 43.557339], [-5.615697, 43.557339]], [[-6.01256, 43.582966], [-6.01256, 43.582966]], [[-4.913397, 43.454561], [-4.913397, 43.454561]], [[-6.45399, 43.565067], [-6.45399, 43.565067]], [[-6.149017, 43.565438], [-6.149017, 43.565438]], [[-6.008909, 43.581018], [-6.008909, 43.581018]], [[-6.451233, 43.563178], [-6.451233, 43.563178]], [[-6.455808, 43.564814], [-6.455808, 43.564814]], [[-6.756583, 43.564767], [-6.756583, 43.564767]], [[-6.455017, 43.565054], [-6.455017, 43.565054]], [[-6.935712, 43.570704], [-6.935712, 43.570704]], [[-6.448571, 43.562962], [-6.448571, 43.562962]], [[-6.016558, 43.58539], [-6.016558, 43.58539]], [[-6.456014, 43.564519], [-6.456014, 43.564519]], [[-6.450786, 43.563588], [-6.450786, 43.563588]], [[-6.451984, 43.562453], [-6.451984, 43.562453]], [[-6.455451, 43.564626], [-6.455451, 43.564626]], [[-6.44738, 43.562268], [-6.44738, 43.562268]], [[-6.451241, 43.562674], [-6.451241, 43.562674]], [[-6.451631, 43.56214], [-6.451631, 43.56214]], [[-6.453436, 43.563607], [-6.453436, 43.563607]], [[-6.453415, 43.563878], [-6.453415, 43.563878]], [[-6.455737, 43.564654], [-6.455737, 43.564654]], [[-6.451582, 43.562358], [-6.451582, 43.562358]], [[-6.456224, 43.565584], [-6.456224, 43.565584]], [[-6.456048, 43.56532], [-6.456048, 43.56532]], [[-6.455844, 43.564579], [-6.455844, 43.564579]], [[-6.456187, 43.565162], [-6.456187, 43.565162]], [[-6.119754, 43.556976], [-6.119879, 43.557], [-6.1197, 43.556887], [-6.119754, 43.556976]], [[-6.452349, 43.563424], [-6.452349, 43.563424]], [[-6.455752, 43.565563], [-6.455752, 43.565563]], [[-6.456036, 43.565113], [-6.456036, 43.565113]]], [[[-6.208626, 43.585546], [-6.208624, 43.584874], [-6.208974, 43.58519], [-6.208626, 43.585546]]], [[[-6.787825, 43.557522], [-6.787959, 43.557679], [-6.787741, 43.557759], [-6.787825, 43.557522]]], [[[-5.897294, 43.626752], [-5.897465, 43.626712], [-5.897186, 43.626827], [-5.897294, 43.626752]]], [[[-6.118708, 43.558058], [-6.118844, 43.558054], [-6.118676, 43.558167], [-6.118708, 43.558058]]], [[[-6.137649, 43.565895], [-6.137607, 43.565797], [-6.137775, 43.565945], [-6.137649, 43.565895]]], [[[-6.440136, 43.560731], [-6.440204, 43.56063], [-6.440246, 43.560719], [-6.440136, 43.560731]]], [[[-6.130585, 43.560533], [-6.130556, 43.560444], [-6.130694, 43.560485], [-6.130585, 43.560533]]], [[[-6.114831, 43.557786], [-6.114915, 43.557729], [-6.114944, 43.557818], [-6.114831, 43.557786]]]]}}, {"type": "Feature", "properties": {"name": "A Coruña", "code": "15"}, "geometry": {"type": "MultiPolygon", "coordinates": [[[[-7.680295, 43.787137], [-7.6623, 43.7748], [-7.7011, 43.7369], [-7.7026, 43.6864], [-7.7193, 43.6874], [-7.691, 43.6541], [-7.7355, 43.6221], [-7.7179, 43.5834], [-7.7462, 43.5808], [-7.7603, 43.548], [-7.7444, 43.5119], [-7.8217, 43.4017], [-7.8819, 43.4075], [-7.8982, 43.3911], [-7.887, 43.3372], [-7.9471, 43.286], [-7.9219, 43.2695], [-7.9614, 43.1898], [-7.9168, 43.0883], [-7.943, 43.0676], [-7.9053, 42.9854], [-7.9163, 42.9323], [-7.9433, 42.9174], [-7.9355, 42.9035], [-7.9954, 42.8504], [-8.0459, 42.8315], [-8.0751, 42.8533], [-8.1168, 42.8412], [-8.1833, 42.8601], [-8.2208, 42.8443], [-8.2073, 42.8252], [-8.2546, 42.8367], [-8.2806, 42.8109], [-8.3151, 42.8458], [-8.3253, 42.8312], [-8.3397, 42.8406], [-8.3316, 42.7944], [-8.3547, 42.7788], [-8.3921, 42.7894], [-8.4147, 42.7666], [-8.4073, 42.754], [-8.4704, 42.7437], [-8.5565, 42.7606], [-8.555, 42.7465], [-8.5999, 42.7431], [-8.6066, 42.7152], [-8.6509, 42.7292], [-8.7183, 42.706], [-8.747, 42.6508], [-8.77, 42.6531], [-8.7949, 42.6366], [-8.8259, 42.6461], [-8.8123, 42.6672], [-8.8446, 42.687], [-8.84, 42.661], [-8.852, 42.6652], [-8.8611, 42.6464], [-8.8377, 42.6323], [-8.8589, 42.6266], [-8.8574, 42.6064], [-8.8877, 42.6105], [-8.8735, 42.6324], [-8.8989, 42.6446], [-8.9373, 42.6071], [-8.9199, 42.587], [-8.9883, 42.5658], [-8.9959, 42.5296], [-9.0428, 42.5174], [-9.0297, 42.548], [-9.0393, 42.5656], [-9.0914, 42.5765], [-9.0819, 42.578], [-9.0792, 42.5981], [-9.0645, 42.6003], [-9.0405, 42.6374], [-9.0338, 42.6952], [-8.9909, 42.7405], [-8.9542, 42.7485], [-8.9246, 42.7883], [-8.9039, 42.7884], [-8.9042, 42.8138], [-8.8794, 42.8161], [-8.8757, 42.8289], [-8.8878, 42.8157], [-8.8991, 42.829], [-8.9088, 42.8252], [-8.909, 42.7963], [-8.9313, 42.8073], [-8.9631, 42.7786], [-8.9748, 42.7914], [-8.9816, 42.7781], [-9.0178, 42.781], [-9.0202, 42.8007], [-9.0639, 42.7869], [-9.0479, 42.7697], [-9.0863, 42.7377], [-9.1157, 42.7541], [-9.1346, 42.7907], [-9.1406, 42.7961], [-9.151, 42.798], [-9.1122, 42.813], [-9.1082, 42.8355], [-9.1382, 42.8499], [-9.1456, 42.8672], [-9.1255, 42.9056], [-9.1608, 42.9119], [-9.1728, 42.9443], [-9.191, 42.9519], [-9.1891, 42.9153], [-9.2333, 42.9409], [-9.2333, 42.9268], [-9.2627, 42.9193], [-9.2733, 42.8801], [-9.2755, 42.9103], [-9.2979, 42.9231], [-9.2572, 43.0024], [-9.3014, 43.0494], [-9.2619, 43.0486], [-9.2495, 43.0715], [-9.2578, 43.0907], [-9.221, 43.0884], [-9.2202, 43.114], [-9.1984, 43.104], [-9.1904, 43.0901], [-9.1671, 43.1055], [-9.1645, 43.1527], [-9.1927, 43.1221], [-9.2141, 43.1618], [-9.1993, 43.1544], [-9.1802, 43.1683], [-9.1745, 43.1916], [-9.1614, 43.1833], [-9.1501, 43.1954], [-9.107, 43.1853], [-9.1, 43.1874], [-9.0985, 43.1931], [-9.0907, 43.1806], [-9.0597, 43.185], [-9.0129, 43.2335], [-8.996, 43.2163], [-8.9809, 43.2293], [-8.9398, 43.2269], [-8.9528, 43.2635], [-8.9769, 43.262], [-8.9913, 43.2747], [-8.9848, 43.2823], [-8.9568, 43.2937], [-8.9277, 43.282], [-8.9064, 43.2942], [-8.9115, 43.303], [-8.9118, 43.3209], [-8.8755, 43.3125], [-8.8483, 43.3196], [-8.8412, 43.3453], [-8.785, 43.3039], [-8.7477, 43.2943], [-8.7259, 43.2989], [-8.7116, 43.29], [-8.6072, 43.3223], [-8.5681, 43.3118], [-8.535, 43.316], [-8.5059, 43.3306], [-8.4933, 43.3604], [-8.4567, 43.3598], [-8.4398, 43.3815], [-8.4089, 43.3693], [-8.4008, 43.39], [-8.3743, 43.3651], [-8.404, 43.3637], [-8.3784, 43.3573], [-8.387, 43.3395], [-8.3561, 43.3435], [-8.3378, 43.377], [-8.3553, 43.3904], [-8.3069, 43.4057], [-8.2088, 43.3278], [-8.223, 43.3869], [-8.1737, 43.4199], [-8.2332, 43.4293], [-8.2594, 43.4179], [-8.2797, 43.4366], [-8.3166, 43.445], [-8.2549, 43.4662], [-8.2015, 43.4601], [-8.1696, 43.4805], [-8.17, 43.4985], [-8.1523, 43.5041], [-8.1514, 43.5175], [-8.2005, 43.4772], [-8.2486, 43.4762], [-8.2473, 43.4933], [-8.2662, 43.4677], [-8.3411, 43.4584], [-8.3197, 43.498], [-8.3323, 43.513], [-8.2963, 43.535], [-8.3221, 43.5652], [-8.2601, 43.5579], [-8.1925, 43.6031], [-8.1884, 43.6211], [-8.1555, 43.6153], [-8.0933, 43.6666], [-8.0868, 43.6615], [-8.0773, 43.6442], [-8.0539, 43.6489], [-8.0759, 43.6603], [-8.0758, 43.6829], [-8.0666, 43.6826], [-8.0684, 43.6958], [-8.0641, 43.7041], [-8.033, 43.7146], [-8.0256, 43.7091], [-8.0004, 43.7051], [-7.9466, 43.7441], [-7.9227, 43.7432], [-7.9045, 43.7699], [-7.8684, 43.7736], [-7.8634, 43.7661], [-7.8592, 43.76], [-7.872, 43.7354], [-7.8493, 43.7103], [-7.876, 43.7233], [-7.8694, 43.7072], [-7.892, 43.6848], [-7.8719, 43.672], [-7.9045, 43.6714], [-7.847, 43.6682], [-7.8682, 43.6979], [-7.8605, 43.7067], [-7.834, 43.7111], [-7.8388, 43.6962], [-7.8149, 43.6951], [-7.8296, 43.7101], [-7.8126, 43.7266], [-7.7254, 43.7468], [-7.680295, 43.787137]], [[-8.35039, 43.348912], [-8.35039, 43.348912]], [[-7.976544, 43.719627], [-7.976544, 43.719627]], [[-8.109059, 43.648426], [-8.109059, 43.648426]], [[-9.214233, 43.109332], [-9.214233, 43.109332]], [[-8.474006, 43.35694], [-8.474006, 43.35694]], [[-7.975897, 43.720061], [-7.975897, 43.720061]], [[-9.036098, 43.206158], [-9.036098, 43.206158]], [[-9.045996, 42.570231], [-9.045996, 42.570231]], [[-9.259909, 42.994026], [-9.259909, 42.994026]], [[-7.870837, 43.772057], [-7.870837, 43.772057]], [[-8.094314, 43.660087], [-8.094314, 43.660087]], [[-9.091111, 42.742203], [-9.091111, 42.742203]], [[-8.28328, 43.386844], [-8.28328, 43.386844]], [[-9.117454, 42.842214], [-9.117454, 42.842214]], [[-9.274937, 42.963837], [-9.274937, 42.963837]], [[-8.962132, 43.289492], [-8.962132, 43.289492]], [[-8.277614, 43.558479], [-8.277614, 43.558479]], [[-7.988778, 43.712107], [-7.988778, 43.712107]], [[-8.301365, 43.561671], [-8.301365, 43.561671]], [[-8.094042, 43.664042], [-8.094042, 43.664042]], [[-7.8794, 43.765839], [-7.8794, 43.765839]], [[-9.214837, 43.110325], [-9.214837, 43.110325]], [[-8.23594, 43.572807], [-8.23594, 43.572807]], [[-9.020745, 43.21842], [-9.020745, 43.21842]], [[-9.02069, 43.222978], [-9.02069, 43.222978]], [[-8.956218, 42.581224], [-8.956218, 42.581224]], [[-7.978845, 43.719383], [-7.978845, 43.719383]], [[-8.985611, 43.270617], [-8.985611, 43.270617]], [[-9.290423, 42.936574], [-9.290423, 42.936574]], [[-8.981999, 43.267206], [-8.981999, 43.267206]], [[-8.269542, 43.429306], [-8.269542, 43.429306]], [[-9.117078, 42.84299], [-9.117078, 42.84299]], [[-9.277287, 42.962006], [-9.277287, 42.962006]], [[-8.237508, 43.572618], [-8.237508, 43.572618]], [[-8.23694, 43.572203], [-8.23694, 43.572203]], [[-7.988835, 43.712644], [-7.988835, 43.712644]], [[-7.97361, 43.719431], [-7.97361, 43.719431]], [[-9.021887, 43.21827], [-9.021887, 43.21827]], [[-7.688829, 43.751389], [-7.688829, 43.751389]], [[-8.301148, 43.562023], [-8.301148, 43.562023]], [[-9.021619, 43.21805], [-9.021619, 43.21805]], [[-8.230414, 43.576194], [-8.230414, 43.576194]], [[-8.985594, 43.270195], [-8.985594, 43.270195]], [[-7.934809, 43.743281], [-7.934809, 43.743281]], [[-8.218235, 43.584269], [-8.218235, 43.584269]], [[-7.989722, 43.712417], [-7.989722, 43.712417]], [[-8.075215, 43.673272], [-8.075215, 43.673272]], [[-8.065865, 43.691234], [-8.065865, 43.691234]], [[-7.934994, 43.742967], [-7.934994, 43.742967]], [[-7.94065, 43.74319], [-7.94065, 43.74319]], [[-8.242398, 43.568477], [-8.242398, 43.568477]], [[-9.117836, 42.844345], [-9.117836, 42.844345]], [[-8.303624, 43.56189], [-8.303624, 43.56189]], [[-9.141877, 42.882615], [-9.141877, 42.882615]], [[-8.087148, 43.659363], [-8.087148, 43.659363]], [[-7.975954, 43.718807], [-7.975954, 43.718807]], [[-8.302702, 43.561672], [-8.302702, 43.561672]], [[-7.941118, 43.74299], [-7.941118, 43.74299]], [[-8.943148, 42.580591], [-8.943148, 42.580591]], [[-7.919253, 43.749525], [-7.919253, 43.749525]], [[-9.077822, 42.590262], [-9.077822, 42.590262]], [[-9.155439, 43.18593], [-9.155439, 43.18593]], [[-8.280364, 43.558793], [-8.280364, 43.558793]], [[-7.978866, 43.718896], [-7.978866, 43.718896]], [[-7.910114, 43.761361], [-7.910114, 43.761361]], [[-9.071981, 42.598953], [-9.071981, 42.598953]], [[-7.876756, 43.76724], [-7.876756, 43.76724]], [[-9.117994, 42.840754], [-9.117994, 42.840754]], [[-9.01861, 43.223349], [-9.01861, 43.223349]], [[-9.262494, 42.988591], [-9.262494, 42.988591]], [[-8.082155, 43.651798], [-8.082155, 43.651798]], [[-9.077845, 42.587128], [-9.077845, 42.587128]], [[-9.153142, 43.187422], [-9.153142, 43.187422]], [[-8.228724, 43.576128], [-8.228724, 43.576128]], [[-8.942972, 42.581294], [-8.942972, 42.581294]], [[-7.990087, 43.712176], [-7.990087, 43.712176]], [[-9.278161, 42.958079], [-9.278161, 42.958079]], [[-8.987092, 43.277156], [-8.987092, 43.277156]], [[-9.015689, 43.230056], [-9.015689, 43.230056]], [[-9.020347, 43.22025], [-9.020347, 43.22025]], [[-8.95476, 42.579986], [-8.95476, 42.579986]], [[-8.968904, 43.22535], [-8.969141, 43.225509], [-8.969209, 43.225325], [-8.968904, 43.22535]], [[-8.229229, 43.576375], [-8.229229, 43.576375]], [[-9.11795, 42.840306], [-9.11795, 42.840306]], [[-9.274525, 42.962077], [-9.274525, 42.962077]], [[-8.954734, 42.580483], [-8.954734, 42.580483]], [[-8.98441, 43.269681], [-8.98441, 43.269681]], [[-9.067714, 42.572526], [-9.067714, 42.572526]], [[-8.979641, 43.28383], [-8.979641, 43.28383]], [[-8.956189, 43.264408], [-8.956189, 43.264408]], [[-9.259302, 42.993006], [-9.259302, 42.993006]], [[-9.021903, 43.22304], [-9.021903, 43.22304]], [[-8.086652, 43.657314], [-8.086652, 43.657314]], [[-9.260049, 42.992272], [-9.260049, 42.992272]], [[-9.261745, 42.984851], [-9.261745, 42.984851]], [[-9.282277, 42.947383], [-9.282277, 42.947383]], [[-9.274286, 42.964422], [-9.274286, 42.964422]], [[-9.078703, 42.582681], [-9.078703, 42.582681]], [[-9.021653, 43.218516], [-9.021653, 43.218516]], [[-9.260964, 42.986569], [-9.260964, 42.986569]], [[-8.230243, 43.575077], [-8.230243, 43.575077]], [[-9.141856, 42.883021], [-9.141856, 42.883021]], [[-9.285369, 43.038145], [-9.285369, 43.038145]], [[-9.015581, 43.223346], [-9.015581, 43.223346]], [[-9.278213, 42.959912], [-9.278213, 42.959912]], [[-9.07724, 42.587295], [-9.07724, 42.587295]], [[-8.970334, 43.224744], [-8.970334, 43.224744]], [[-9.262603, 42.980763], [-9.262603, 42.980763]], [[-9.262159, 42.9841], [-9.262159, 42.9841]], [[-8.082877, 43.653143], [-8.082877, 43.653143]], [[-9.018954, 42.709809], [-9.018954, 42.709809]], [[-9.261725, 42.98442], [-9.261725, 42.98442]], [[-9.262508, 42.983918], [-9.262508, 42.983918]], [[-9.279591, 42.956839], [-9.279591, 42.956839]], [[-7.821331, 43.715257], [-7.821442, 43.715252], [-7.821288, 43.715034], [-7.821331, 43.715257]], [[-8.986762, 43.223568], [-8.986762, 43.223568]], [[-8.238977, 43.571417], [-8.238977, 43.571417]], [[-9.014299, 43.229184], [-9.014299, 43.229184]], [[-9.261516, 42.979112], [-9.261516, 42.979112]], [[-9.017258, 43.223501], [-9.017258, 43.223501]], [[-8.238576, 43.571507], [-8.238576, 43.571507]], [[-9.26066, 42.991653], [-9.26066, 42.991653]], [[-8.228445, 43.57804], [-8.228445, 43.57804]], [[-9.067529, 42.573004], [-9.067529, 42.573004]], [[-9.015363, 43.229992], [-9.015363, 43.229992]], [[-8.2307, 43.574921], [-8.2307, 43.574921]], [[-9.078409, 42.582912], [-9.078409, 42.582912]], [[-9.018431, 43.223034], [-9.018431, 43.223034]], [[-9.277069, 42.961064], [-9.277069, 42.961064]], [[-9.021105, 43.218824], [-9.021105, 43.218824]], [[-8.098034, 43.65541], [-8.098034, 43.65541]], [[-8.229209, 43.57543], [-8.229209, 43.57543]], [[-9.261157, 42.978844], [-9.261157, 42.978844]], [[-8.227925, 43.576191], [-8.227925, 43.576191]], [[-9.259897, 42.991866], [-9.259897, 42.991866]], [[-8.973263, 43.225239], [-8.973263, 43.225239]], [[-9.262901, 42.98188], [-9.262901, 42.98188]], [[-8.977439, 43.262666], [-8.977439, 43.262666]], [[-9.066412, 42.575044], [-9.066412, 42.575044]], [[-8.230924, 43.574649], [-8.230924, 43.574649]], [[-8.229261, 43.576886], [-8.229261, 43.576886]], [[-9.277375, 42.961425], [-9.277375, 42.961425]], [[-9.274087, 42.961867], [-9.274087, 42.961867]], [[-9.02251, 43.218471], [-9.02251, 43.218471]], [[-8.956376, 42.578038], [-8.956376, 42.578038]], [[-8.243121, 43.568525], [-8.243121, 43.568525]], [[-8.231583, 43.574961], [-8.231583, 43.574961]], [[-8.230965, 43.576547], [-8.230965, 43.576547]], [[-9.021034, 43.222725], [-9.021034, 43.222725]], [[-9.065713, 42.57374], [-9.065713, 42.57374]], [[-9.018862, 43.222912], [-9.018862, 43.222912]], [[-8.957944, 42.57838], [-8.957944, 42.57838]], [[-9.010998, 43.225299], [-9.010998, 43.225299]], [[-9.26228, 42.98998], [-9.26228, 42.98998]], [[-8.229688, 43.462281], [-8.229688, 43.462281]], [[-8.987576, 43.276698], [-8.987576, 43.276698]], [[-9.26019, 42.992579], [-9.26019, 42.992579]], [[-8.230721, 43.462216], [-8.230721, 43.462216]], [[-8.234841, 43.462846], [-8.234841, 43.462846]], [[-8.231352, 43.462223], [-8.231352, 43.462223]], [[-9.019737, 43.223172], [-9.019737, 43.223172]], [[-8.23388, 43.462593], [-8.23388, 43.462593]], [[-8.954227, 42.579897], [-8.954227, 42.579897]], [[-9.275311, 42.962457], [-9.275311, 42.962457]], [[-8.233297, 43.462422], [-8.233297, 43.462422]], [[-9.014292, 43.228374], [-9.014292, 43.228374]], [[-8.957785, 42.577992], [-8.957785, 42.577992]], [[-9.110633, 42.820742], [-9.110633, 42.820742]], [[-8.975088, 43.225647], [-8.975088, 43.225647]], [[-8.23738, 43.572417], [-8.23738, 43.572417]], [[-9.014869, 43.223492], [-9.014869, 43.223492]], [[-9.015358, 43.223583], [-9.015358, 43.223583]]], [[[-9.012354, 42.482945], [-8.9994, 42.4688], [-9.0104, 42.463], [-9.0204, 42.4743], [-9.012354, 42.482945]], [[-9.002744, 42.47138], [-9.002744, 42.47138]]], [[[-8.837627, 43.362332], [-8.8441, 43.3552], [-8.8497, 43.3612], [-8.8445, 43.3611], [-8.837627, 43.362332]]], [[[-7.766971, 43.739526], [-7.767168, 43.739652], [-7.76686, 43.739836], [-7.766971, 43.739526]]], [[[-7.73642, 43.747154], [-7.736422, 43.746704], [-7.736526, 43.747078], [-7.73642, 43.747154]]], [[[-9.000629, 42.467836], [-9.00058, 42.467578], [-9.000784, 42.46781], [-9.000629, 42.467836]]], [[[-7.767946, 43.739908], [-7.768045, 43.740066], [-7.7678, 43.740103], [-7.767946, 43.739908]]], [[[-7.768976, 43.740684], [-7.76913, 43.74075], [-7.768905, 43.740885], [-7.768976, 43.740684]]], [[[-7.739709, 43.746657], [-7.739638, 43.74639], [-7.73982, 43.746491], [-7.739709, 43.746657]]], [[[-7.737577, 43.747493], [-7.737677, 43.747345], [-7.737686, 43.747615], [-7.737577, 43.747493]]], [[[-7.750561, 43.747106], [-7.750821, 43.747095], [-7.750754, 43.747188], [-7.750561, 43.747106]]], [[[-7.752883, 43.746163], [-7.752882, 43.745992], [-7.752969, 43.746151], [-7.752883, 43.746163]]], [[[-8.948794, 42.559845], [-8.948737, 42.559749], [-8.948872, 42.559769], [-8.948794, 42.559845]]], [[[-7.77157, 43.741449], [-7.771656, 43.741436], [-7.771633, 43.741617], [-7.77157, 43.741449]]], [[[-7.771624, 43.740096], [-7.771779, 43.740027], [-7.771773, 43.740099], [-7.771624, 43.740096]]], [[[-7.753035, 43.745887], [-7.753088, 43.745768], [-7.75311, 43.745893], [-7.753035, 43.745887]]], [[[-9.007934, 42.498202], [-9.007982, 42.498199], [-9.007902, 42.498249], [-9.007934, 42.498202]]]]}}, {"type": "Feature", "properties": {"name": "Girona", "code": "17"}, "geometry": {"type": "MultiPolygon", "coordinates": [[[[1.74871, 42.494818], [1.8236, 42.4866], [1.892, 42.4477], [1.9367, 42.4544], [1.9654, 42.3809], [2.0152, 42.3474], [2.0846, 42.3617], [2.1483, 42.4204], [2.2067, 42.4174], [2.2569, 42.4387], [2.4327, 42.3937], [2.4334, 42.3776], [2.4809, 42.341], [2.5309, 42.3329], [2.571, 42.3581], [2.6716, 42.3407], [2.6514, 42.3863], [2.6709, 42.3872], [2.6721, 42.4035], [2.7335, 42.4248], [2.7993, 42.4185], [2.8396, 42.4593], [2.9184, 42.4562], [2.9471, 42.4821], [2.9674, 42.4654], [3.0332, 42.4749], [3.0852, 42.4258], [3.1746, 42.4353], [3.1606, 42.428], [3.171, 42.4164], [3.1559, 42.4069], [3.165, 42.4007], [3.1534, 42.3914], [3.1634, 42.3917], [3.1551, 42.3787], [3.1629, 42.3605], [3.1946, 42.3358], [3.2293, 42.3516], [3.2382, 42.349], [3.2498, 42.3298], [3.2677, 42.3404], [3.3223, 42.3194], [3.2869, 42.3037], [3.2863, 42.2933], [3.2993, 42.2845], [3.2906, 42.282], [3.2762, 42.2871], [3.2769, 42.2799], [3.2879, 42.2657], [3.2537, 42.2525], [3.2644, 42.2379], [3.2295, 42.2515], [3.2181, 42.2323], [3.1626, 42.2642], [3.1117, 42.2059], [3.1239, 42.1285], [3.1768, 42.1115], [3.1695, 42.1053], [3.2147, 42.0612], [3.199, 42.0492], [3.1957, 42.0138], [3.2336, 41.9505], [3.2182, 41.9427], [3.2142, 41.9364], [3.2206, 41.9348], [3.2204, 41.9223], [3.2074, 41.9173], [3.203, 41.8916], [3.1833, 41.8878], [3.1783, 41.879], [3.1769, 41.8664], [3.1319, 41.842], [3.1022, 41.8449], [3.0563, 41.7876], [3.0462, 41.7888], [3.0487, 41.7827], [3.0437, 41.7817], [3.0297, 41.7795], [3.0302, 41.7708], [3.0111, 41.7722], [2.9775, 41.7577], [2.9349, 41.7204], [2.9348, 41.7152], [2.9026, 41.71], [2.8877, 41.7013], [2.8536, 41.6996], [2.8195, 41.6889], [2.7891, 41.67], [2.7778, 41.65], [2.7579, 41.6791], [2.7769, 41.7355], [2.6576, 41.7477], [2.5473, 41.7191], [2.516, 41.7619], [2.4691, 41.7778], [2.4722, 41.7896], [2.3529, 41.8079], [2.326, 41.8557], [2.328, 41.883], [2.3697, 41.8855], [2.3826, 41.8715], [2.4071, 41.8957], [2.4427, 41.8875], [2.4812, 41.916], [2.4291, 41.9689], [2.4743, 41.9693], [2.488, 41.9847], [2.4688, 41.9938], [2.4989, 42.0015], [2.5062, 42.0323], [2.4822, 42.0493], [2.4903, 42.0673], [2.458, 42.0793], [2.4175, 42.065], [2.3945, 42.0868], [2.4002, 42.1028], [2.366, 42.1213], [2.2949, 42.1027], [2.2995, 42.1342], [2.27, 42.1452], [2.2151, 42.1421], [2.2011, 42.1243], [2.1447, 42.1314], [2.1259, 42.1131], [2.0923, 42.1443], [2.0604, 42.1354], [2.004, 42.1495], [1.9915, 42.1826], [1.9659, 42.1788], [1.9652, 42.1991], [2.0073, 42.1941], [1.9955, 42.1723], [2.0048, 42.1621], [2.0605, 42.1779], [2.0533, 42.2195], [2.0302, 42.2159], [2.0167, 42.233], [2.0699, 42.2916], [1.9031, 42.3233], [1.8423, 42.3063], [1.8347, 42.3551], [1.8551, 42.3696], [1.83, 42.3814], [1.806, 42.3701], [1.8015, 42.4249], [1.7319, 42.4404], [1.7243, 42.487], [1.74871, 42.494818]], [[3.286605, 42.333108], [3.286605, 42.333108]], [[3.242269, 42.340121], [3.242269, 42.340121]], [[3.217833, 41.924941], [3.217833, 41.924941]], [[3.080968, 41.824191], [3.080968, 41.824191]], [[3.047064, 41.783376], [3.047064, 41.783376]], [[3.166557, 42.113836], [3.166557, 42.113836]], [[3.153255, 41.861093], [3.153255, 41.861093]], [[3.297956, 42.328342], [3.297956, 42.328342]], [[3.210652, 42.062807], [3.210652, 42.062807]], [[2.886889, 41.701537], [2.886889, 41.701537]], [[3.218288, 41.924286], [3.218288, 41.924286]], [[3.270844, 42.338682], [3.270844, 42.338682]], [[3.047398, 41.78424], [3.047398, 41.78424]], [[3.298979, 42.327412], [3.298979, 42.327412]], [[3.059622, 41.792055], [3.059622, 41.792055]], [[3.297536, 42.284772], [3.297536, 42.284772]], [[3.285108, 42.332335], [3.285108, 42.332335]], [[3.298649, 42.327997], [3.298649, 42.327997]], [[3.209589, 42.065647], [3.209589, 42.065647]], [[3.047608, 41.783149], [3.047608, 41.783149]], [[3.219642, 41.925445], [3.219642, 41.925445]], [[3.140954, 41.84836], [3.140954, 41.84836]], [[3.140808, 41.848467], [3.140808, 41.848467]], [[3.084654, 41.826103], [3.084654, 41.826103]], [[3.261125, 42.33502], [3.261125, 42.33502]], [[3.060063, 41.79277], [3.060063, 41.79277]], [[3.154382, 42.391338], [3.154382, 42.391338]], [[3.094504, 41.835841], [3.094504, 41.835841]], [[3.217837, 41.921763], [3.217837, 41.921763]], [[3.141825, 41.848656], [3.141825, 41.848656]], [[3.193059, 41.892223], [3.193059, 41.892223]], [[3.162142, 42.115308], [3.162142, 42.115308]], [[3.29714, 42.284082], [3.29714, 42.284082]], [[3.165745, 41.862122], [3.165745, 41.862122]], [[3.045641, 41.786781], [3.045641, 41.786781]], [[3.079063, 41.822258], [3.079063, 41.822258]], [[3.218871, 41.926189], [3.218871, 41.926189]], [[3.193441, 41.89231], [3.193441, 41.89231]], [[3.080116, 41.823841], [3.080116, 41.823841]], [[3.046117, 41.787233], [3.046117, 41.787233]], [[3.241814, 42.337977], [3.241814, 42.337977]], [[3.301254, 42.326999], [3.301254, 42.326999]], [[3.197839, 41.892072], [3.197839, 41.892072]], [[3.047375, 41.784502], [3.047375, 41.784502]], [[3.218506, 41.97398], [3.218506, 41.97398]], [[3.151906, 41.861085], [3.151906, 41.861085]], [[3.078227, 41.822447], [3.078227, 41.822447]], [[3.297843, 42.284692], [3.297843, 42.284692]], [[3.279889, 42.333153], [3.279889, 42.333153]], [[3.084659, 41.827467], [3.084659, 41.827467]], [[3.079396, 41.823609], [3.079396, 41.823609]], [[3.1435, 41.854804], [3.1435, 41.854804]], [[3.312921, 42.316462], [3.312921, 42.316462]], [[3.154847, 42.391007], [3.154847, 42.391007]], [[3.045768, 41.786343], [3.045768, 41.786343]], [[3.193339, 41.890272], [3.193339, 41.890272]], [[3.216705, 41.921158], [3.216705, 41.921158]], [[3.16189, 42.398549], [3.16189, 42.398549]], [[3.029681, 41.777821], [3.029681, 41.777821]], [[3.175733, 42.111604], [3.175733, 42.111604]], [[3.271577, 42.338848], [3.271577, 42.338848]], [[3.086007, 41.825615], [3.086007, 41.825615]], [[3.046841, 41.783559], [3.046841, 41.783559]], [[3.046098, 41.787027], [3.046098, 41.787027]], [[3.14315, 41.855174], [3.14315, 41.855174]], [[3.299344, 42.327185], [3.299344, 42.327185]], [[3.167469, 41.863145], [3.167469, 41.863145]], [[3.239802, 42.340328], [3.239802, 42.340328]], [[2.885782, 41.702044], [2.885782, 41.702044]], [[3.167077, 41.863193], [3.167077, 41.863193]], [[3.167199, 42.41451], [3.167199, 42.41451]], [[3.216249, 41.930203], [3.216249, 41.930203]], [[3.165466, 42.41319], [3.165466, 42.41319]], [[3.199476, 41.89156], [3.199476, 41.89156]], [[3.161419, 42.398079], [3.161419, 42.398079]], [[3.169502, 41.862874], [3.169502, 41.862874]], [[3.090304, 41.832293], [3.090304, 41.832293]], [[3.239583, 42.340439], [3.239583, 42.340439]], [[3.169804, 41.862758], [3.169804, 41.862758]], [[3.166213, 42.413996], [3.166213, 42.413996]], [[3.229995, 41.95455], [3.229995, 41.95455]], [[3.167335, 41.863125], [3.167335, 41.863125]], [[3.094052, 41.835963], [3.094052, 41.835963]], [[3.165505, 41.862378], [3.165505, 41.862378]], [[3.191741, 41.889693], [3.191741, 41.889693]], [[3.169388, 41.862808], [3.169388, 41.862808]], [[3.09475, 41.835836], [3.09475, 41.835836]], [[3.227529, 42.249688], [3.227529, 42.249688]], [[3.156998, 42.390774], [3.156998, 42.390774]], [[3.152848, 41.861367], [3.152848, 41.861367]], [[3.082535, 41.825697], [3.082535, 41.825697]], [[3.215993, 41.935735], [3.215993, 41.935735]], [[3.219352, 41.934949], [3.219352, 41.934949]], [[3.228776, 41.948496], [3.228776, 41.948496]], [[3.240227, 42.339468], [3.240227, 42.339468]], [[3.165572, 41.861951], [3.165572, 41.861951]], [[3.193558, 41.890287], [3.193558, 41.890287]], [[3.138666, 41.848474], [3.138666, 41.848474]], [[3.156428, 42.117713], [3.156428, 42.117713]], [[3.122428, 42.136443], [3.122428, 42.136443]], [[3.193416, 41.892059], [3.193416, 41.892059]], [[3.228763, 41.948362], [3.228763, 41.948362]], [[3.16153, 42.398343], [3.16153, 42.398343]], [[3.238441, 42.344219], [3.238441, 42.344219]], [[3.091553, 41.831965], [3.091553, 41.831965]], [[3.217026, 41.930133], [3.217026, 41.930133]], [[3.193354, 41.889929], [3.193354, 41.889929]], [[3.091885, 41.832262], [3.091885, 41.832262]], [[3.166102, 42.413849], [3.166102, 42.413849]], [[3.193112, 41.892274], [3.193112, 41.892274]], [[3.290652, 42.306745], [3.290652, 42.306745]], [[3.094113, 41.836911], [3.094113, 41.836911]], [[3.162522, 42.115476], [3.162522, 42.115476]], [[3.16781, 41.863181], [3.167757, 41.863256], [3.167736, 41.863158], [3.16781, 41.863181]], [[3.298019, 42.284394], [3.298019, 42.284394]], [[3.166731, 41.86323], [3.166731, 41.86323]], [[3.163954, 41.861651], [3.16388, 41.861637], [3.163957, 41.861561], [3.163954, 41.861651]], [[3.163918, 41.861527], [3.163847, 41.86154], [3.163886, 41.861448], [3.163918, 41.861527]], [[3.311139, 42.320818], [3.311139, 42.320818]], [[3.094574, 41.835781], [3.094574, 41.835781]], [[3.298975, 42.327736], [3.298975, 42.327736]], [[3.094279, 41.836553], [3.094279, 41.836553]], [[3.216204, 41.935426], [3.216204, 41.935426]], [[3.182263, 41.886362], [3.182263, 41.886362]], [[3.085733, 41.828313], [3.085733, 41.828313]], [[3.230021, 41.955188], [3.230021, 41.955188]], [[3.094085, 41.836555], [3.094085, 41.836555]], [[3.113662, 41.848198], [3.113662, 41.848198]], [[3.279759, 42.333187], [3.279759, 42.333187]], [[3.230174, 41.954406], [3.230174, 41.954406]], [[3.084826, 41.827577], [3.084826, 41.827577]], [[3.230163, 41.955522], [3.230163, 41.955522]], [[3.216051, 41.930024], [3.216051, 41.930024]], [[3.193066, 41.891799], [3.193066, 41.891799]], [[3.182204, 41.886248], [3.182137, 41.886297], [3.182131, 41.886243], [3.182204, 41.886248]], [[3.161401, 42.398269], [3.161401, 42.398269]], [[3.29769, 42.328473], [3.29769, 42.328473]], [[3.165805, 41.862371], [3.165748, 41.862401], [3.165766, 41.862337], [3.165805, 41.862371]], [[3.259179, 42.335208], [3.259179, 42.335208]], [[3.162499, 42.11599], [3.162499, 42.11599]], [[3.161772, 41.860626], [3.161721, 41.860602], [3.161741, 41.860556], [3.161772, 41.860626]], [[3.300182, 42.326833], [3.300182, 42.326833]], [[3.161504, 42.398209], [3.161504, 42.398209]], [[3.161687, 42.398344], [3.161687, 42.398344]], [[3.147371, 41.857755], [3.147371, 41.857755]], [[3.285601, 42.332164], [3.285601, 42.332164]], [[3.160023, 42.116511], [3.159963, 42.116514], [3.159973, 42.116496], [3.160023, 42.116511]]], [[[1.997127, 42.486369], [1.9867, 42.4715], [2.0128, 42.4483], [1.9567, 42.4577], [1.9788, 42.4948], [1.997127, 42.486369]]], [[[2.030427, 42.127198], [2.017, 42.1097], [2.0075, 42.1073], [2.0025, 42.1256], [2.030427, 42.127198]]], [[[3.319286, 42.324886], [3.3245, 42.3213], [3.3185, 42.3238], [3.319286, 42.324886]]], [[[3.163634, 42.364492], [3.163488, 42.364491], [3.163519, 42.364561], [3.163634, 42.364492]]], [[[3.208779, 41.906709], [3.208835, 41.906661], [3.208696, 41.906723], [3.208779, 41.906709]]], [[[3.231216, 41.969372], [3.231166, 41.969357], [3.231247, 41.969442], [3.231216, 41.969372]]], [[[3.179476, 41.872002], [3.179397, 41.871926], [3.179352, 41.871964], [3.179476, 41.872002]]], [[[3.178996, 41.878491], [3.178968, 41.878448], [3.178891, 41.878524], [3.178996, 41.878491]]], [[[3.186463, 41.862317], [3.186423, 41.862275], [3.186404, 41.86233], [3.186463, 41.862317]]], [[[3.183214, 41.881999], [3.183152, 41.881984], [3.183265, 41.882023], [3.183214, 41.881999]]], [[[3.178678, 41.871713], [3.17866, 41.871659], [3.178615, 41.871689], [3.178678, 41.871713]]], [[[3.186228, 41.862375], [3.186177, 41.862351], [3.186144, 41.86238], [3.186228, 41.862375]]], [[[3.178387, 41.871197], [3.178338, 41.871191], [3.178354, 41.871235], [3.178387, 41.871197]]], [[[3.18183, 41.881138], [3.18184, 41.881119], [3.181768, 41.881123], [3.18183, 41.881138]]], [[[3.182984, 41.883478], [3.182935, 41.883472], [3.182999, 41.883505], [3.182984, 41.883478]]], [[[3.228976, 41.969782], [3.228974, 41.969764], [3.228919, 41.969812], [3.228976, 41.969782]]], [[[3.208951, 41.906745], [3.20889, 41.906739], [3.208928, 41.906755], [3.208951, 41.906745]]]]}}, {"type": "Feature", "properties": {"name": "Las Palmas", "code": "35"}, "geometry": {"type": "MultiPolygon", "coordinates": [[[[-13.890506, 28.756853], [-13.8363, 28.7127], [-13.8243, 28.5528], [-13.8672, 28.4803], [-13.8499, 28.4011], [-13.9174, 28.252], [-14.0126, 28.2077], [-14.2183, 28.1656], [-14.3316, 28.0446], [-14.4778, 28.0775], [-14.5072, 28.0641], [-14.4914, 28.1109], [-14.4502, 28.1001], [-14.373, 28.1171], [-14.2225, 28.2151], [-14.2037, 28.3284], [-14.1623, 28.3687], [-14.1472, 28.4384], [-14.1005, 28.4753], [-14.0335, 28.593], [-14.0388, 28.6151], [-14.0089, 28.6775], [-14.021, 28.7073], [-13.9767, 28.7352], [-13.890506, 28.756853]], [[-14.032065, 28.625241], [-14.032065, 28.625241]], [[-14.474877, 28.104689], [-14.474877, 28.104689]], [[-14.476613, 28.104082], [-14.476613, 28.104082]], [[-14.211879, 28.267828], [-14.211879, 28.267828]], [[-14.209488, 28.259372], [-14.209488, 28.259372]]], [[[-15.418887, 28.180395], [-15.4012, 28.1665], [-15.4073, 28.1328], [-15.407, 28.1584], [-15.4176, 28.1282], [-15.4173, 28.1462], [-15.4278, 28.1467], [-15.4111, 28.1008], [-15.4198, 28.0597], [-15.3732, 28.0095], [-15.3751, 27.9977], [-15.37, 27.9967], [-15.3671, 27.9915], [-15.3843, 27.9673], [-15.3585, 27.9313], [-15.3844, 27.927], [-15.3859, 27.8574], [-15.4163, 27.8442], [-15.4244, 27.8082], [-15.5221, 27.7797], [-15.5639, 27.7604], [-15.5708, 27.7372], [-15.5989, 27.7346], [-15.659, 27.7567], [-15.6746, 27.7492], [-15.7876, 27.8347], [-15.8338, 27.9105], [-15.8345, 27.9711], [-15.8229, 28.0135], [-15.7864, 28.0211], [-15.7109, 28.083], [-15.6963, 28.1516], [-15.7093, 28.1656], [-15.6666, 28.1583], [-15.6375, 28.1719], [-15.5998, 28.1444], [-15.5269, 28.1553], [-15.4674, 28.126], [-15.4537, 28.128], [-15.4375, 28.1379], [-15.4315, 28.1513], [-15.4415, 28.1666], [-15.418887, 28.180395]], [[-15.794088, 28.018681], [-15.794088, 28.018681]]], [[[-13.467605, 29.229402], [-13.4239, 29.2087], [-13.4195, 29.1844], [-13.4291, 29.1542], [-13.4645, 29.128], [-13.4475, 29.0891], [-13.4861, 28.9928], [-13.6407, 28.9203], [-13.7364, 28.9067], [-13.7871, 28.8385], [-13.8018, 28.859], [-13.8764, 28.8587], [-13.8817, 28.8862], [-13.8291, 28.9302], [-13.8344, 28.9894], [-13.8154, 29.0334], [-13.7559, 29.0778], [-13.707, 29.08], [-13.6515, 29.1143], [-13.6577, 29.1235], [-13.6332, 29.1159], [-13.6018, 29.1361], [-13.5476, 29.1185], [-13.5246, 29.1411], [-13.4969, 29.2182], [-13.467605, 29.229402]], [[-13.759469, 29.072392], [-13.759469, 29.072392]], [[-13.759629, 29.071917], [-13.759629, 29.071917]]], [[[-13.507977, 29.29077], [-13.4716, 29.2657], [-13.5048, 29.225], [-13.544, 29.2185], [-13.507977, 29.29077]]], [[[-13.504872, 29.415619], [-13.4977, 29.413], [-13.4888, 29.4052], [-13.4918, 29.3968], [-13.5287, 29.3851], [-13.524, 29.4108], [-13.5189, 29.4102], [-13.504872, 29.415619]], [[-13.523411, 29.408709], [-13.523271, 29.408631], [-13.523309, 29.408731], [-13.523411, 29.408709]], [[-13.491776, 29.406453], [-13.491776, 29.406453]], [[-13.49159, 29.406704], [-13.49159, 29.406704]], [[-13.491359, 29.39848], [-13.491323, 29.398414], [-13.491274, 29.39843], [-13.491359, 29.39848]], [[-13.523551, 29.408817], [-13.523551, 29.408817]], [[-13.49122, 29.406031], [-13.491203, 29.406065], [-13.49126, 29.406031], [-13.49122, 29.406031]], [[-13.523621, 29.408907], [-13.523621, 29.408866], [-13.523592, 29.40887], [-13.523621, 29.408907]]], [[[-13.812827, 28.765188], [-13.8157, 28.7366], [-13.8308, 28.7396], [-13.8357, 28.7525], [-13.812827, 28.765188]]], [[[-13.534034, 29.303695], [-13.5313, 29.2904], [-13.5391, 29.2891], [-13.5403, 29.3026], [-13.534034, 29.303695]]], [[[-13.501837, 29.390533], [-13.501739, 29.390495], [-13.501831, 29.390471], [-13.501837, 29.390533]]], [[[-13.502274, 29.390404], [-13.502232, 29.390429], [-13.502211, 29.390351], [-13.502274, 29.390404]]], [[[-13.497934, 29.392512], [-13.497928, 29.392558], [-13.497846, 29.39254], [-13.497934, 29.392512]]], [[[-13.524909, 29.408949], [-13.524812, 29.408979], [-13.524807, 29.408947], [-13.524909, 29.408949]]], [[[-13.526298, 29.406354], [-13.526246, 29.406354], [-13.526241, 29.406291], [-13.526298, 29.406354]]], [[[-13.498272, 29.391962], [-13.498228, 29.391969], [-13.498266, 29.391912], [-13.498272, 29.391962]]], [[[-13.50198, 29.390765], [-13.501908, 29.39078], [-13.501905, 29.390748], [-13.50198, 29.390765]]], [[[-13.516612, 29.412321], [-13.516586, 29.412356], [-13.51655, 29.412324], [-13.516612, 29.412321]]], [[[-13.498034, 29.391999], [-13.497978, 29.391933], [-13.498028, 29.391951], [-13.498034, 29.391999]]], [[[-13.509689, 29.385207], [-13.509654, 29.385225], [-13.509666, 29.385165], [-13.509689, 29.385207]]], [[[-13.518402, 29.411081], [-13.518466, 29.411079], [-13.518387, 29.41111], [-13.518402, 29.411081]]], [[[-13.498355, 29.391774], [-13.498291, 29.391758], [-13.498336, 29.391753], [-13.498355, 29.391774]]], [[[-13.497603, 29.392672], [-13.497583, 29.392635], [-13.497595, 29.392612], [-13.497603, 29.392672]]], [[[-13.499276, 29.391792], [-13.499276, 29.391792], [-13.499275, 29.391792], [-13.499276, 29.391792]]]]}}, {"type": "Feature", "properties": {"name": "Pontevedra", "code": "36"}, "geometry": {"type": "MultiPolygon", "coordinates": [[[[-8.181012, 42.858278], [-8.1164, 42.8412], [-8.0751, 42.8533], [-8.0468, 42.8315], [-8.0136, 42.8502], [-7.9686, 42.8496], [-7.9564, 42.8397], [-7.9805, 42.8113], [-7.9784, 42.7787], [-7.9354, 42.7397], [-7.8664, 42.7206], [-7.8614, 42.7062], [-7.8897, 42.6837], [-7.8926, 42.6296], [-7.9301, 42.5788], [-7.9925, 42.5725], [-8.0186, 42.5422], [-8.0905, 42.5578], [-8.1468, 42.5487], [-8.1739, 42.572], [-8.3027, 42.4902], [-8.3663, 42.4873], [-8.342, 42.4657], [-8.3147, 42.381], [-8.3247, 42.345], [-8.262, 42.3154], [-8.2646, 42.2529], [-8.2295, 42.2329], [-8.1627, 42.2449], [-8.1641, 42.2221], [-8.1923, 42.2091], [-8.1613, 42.1786], [-8.2081, 42.1405], [-8.2508, 42.1377], [-8.2592, 42.121], [-8.3224, 42.1019], [-8.3319, 42.0842], [-8.5236, 42.0784], [-8.5567, 42.0514], [-8.637, 42.0471], [-8.6635, 42.0022], [-8.7441, 41.9653], [-8.7554, 41.9348], [-8.8716, 41.8663], [-8.8758, 41.8741], [-8.8819, 41.8813], [-8.8742, 41.899], [-8.8881, 41.9363], [-8.8768, 42.0024], [-8.8898, 42.0262], [-8.884, 42.0383], [-8.886, 42.0504], [-8.8968, 42.0668], [-8.8916, 42.0822], [-8.9007, 42.1123], [-8.8516, 42.1283], [-8.826, 42.1151], [-8.8201, 42.1414], [-8.8502, 42.1565], [-8.8225, 42.1571], [-8.816, 42.1875], [-8.797, 42.1979], [-8.7794, 42.2036], [-8.7778, 42.2199], [-8.7127, 42.2411], [-8.6612, 42.2849], [-8.6109, 42.2875], [-8.6237, 42.3099], [-8.6119, 42.3452], [-8.6368, 42.3475], [-8.6362, 42.3265], [-8.6623, 42.3111], [-8.6518, 42.2978], [-8.6897, 42.28], [-8.7315, 42.2867], [-8.7926, 42.2463], [-8.8138, 42.2594], [-8.8552, 42.2614], [-8.873, 42.25], [-8.8686, 42.2561], [-8.8625, 42.2689], [-8.8558, 42.3098], [-8.8316, 42.2781], [-8.8169, 42.2787], [-8.8184, 42.3135], [-8.8392, 42.3391], [-8.7911, 42.327], [-8.755, 42.3399], [-8.7369, 42.3766], [-8.6968, 42.3935], [-8.698, 42.4026], [-8.6867, 42.4028], [-8.6564, 42.4233], [-8.6519, 42.4284], [-8.6812, 42.4211], [-8.6952, 42.4377], [-8.7036, 42.427], [-8.7414, 42.4136], [-8.7487, 42.4032], [-8.7573, 42.4024], [-8.7617, 42.3944], [-8.7704, 42.3944], [-8.7747, 42.3877], [-8.8133, 42.4012], [-8.8389, 42.3843], [-8.8809, 42.4148], [-8.8712, 42.4353], [-8.8826, 42.4548], [-8.9333, 42.453], [-8.9375, 42.4792], [-8.8908, 42.4865], [-8.8898, 42.481], [-8.8911, 42.4948], [-8.8843, 42.4969], [-8.8716, 42.5012], [-8.8555, 42.4727], [-8.8727, 42.4616], [-8.8694, 42.4481], [-8.8559, 42.4508], [-8.8481, 42.4603], [-8.8196, 42.4518], [-8.8309, 42.4843], [-8.8053, 42.5008], [-8.8263, 42.5153], [-8.8164, 42.5202], [-8.8135, 42.5289], [-8.8289, 42.5185], [-8.8255, 42.5388], [-8.8364, 42.5587], [-8.8186, 42.5593], [-8.8349, 42.5648], [-8.7952, 42.5801], [-8.7853, 42.5996], [-8.7722, 42.5932], [-8.779, 42.6142], [-8.7283, 42.6677], [-8.7183, 42.706], [-8.6509, 42.7292], [-8.6066, 42.7152], [-8.5999, 42.7431], [-8.5563, 42.746], [-8.5534, 42.7613], [-8.4311, 42.7462], [-8.407, 42.7542], [-8.4147, 42.7666], [-8.3921, 42.7894], [-8.3547, 42.7788], [-8.3316, 42.7944], [-8.3397, 42.8406], [-8.3253, 42.8312], [-8.3151, 42.8458], [-8.2795, 42.8109], [-8.2546, 42.8367], [-8.2073, 42.8252], [-8.2208, 42.8443], [-8.181012, 42.858278]], [[-8.82467, 42.555856], [-8.82467, 42.555856]], [[-8.823031, 42.559046], [-8.823031, 42.559046]], [[-8.818149, 42.511746], [-8.818149, 42.511746]], [[-8.859803, 42.402918], [-8.859803, 42.402918]], [[-8.903296, 42.459028], [-8.903296, 42.459028]], [[-8.907176, 42.460853], [-8.907176, 42.460853]], [[-8.614507, 42.345962], [-8.614507, 42.345962]], [[-8.926321, 42.479062], [-8.926321, 42.479062]], [[-8.688523, 42.43326], [-8.688523, 42.43326]], [[-8.77745, 42.213739], [-8.77745, 42.213739]], [[-8.888192, 42.487029], [-8.888192, 42.487029]], [[-8.913558, 42.476033], [-8.913558, 42.476033]], [[-8.874404, 42.115521], [-8.874404, 42.115521]], [[-8.867868, 42.11871], [-8.867868, 42.11871]], [[-8.87479, 42.115123], [-8.87479, 42.115123]], [[-8.874995, 42.11459], [-8.874995, 42.11459]], [[-8.912001, 42.475645], [-8.912001, 42.475645]], [[-8.688749, 42.432663], [-8.688749, 42.432663]], [[-8.856081, 42.122528], [-8.856081, 42.122528]], [[-8.914308, 42.478569], [-8.914308, 42.478569]], [[-8.902752, 42.458165], [-8.902752, 42.458165]], [[-8.877053, 42.112666], [-8.877053, 42.112666]], [[-8.806187, 42.191345], [-8.806187, 42.191345]], [[-8.885913, 42.113165], [-8.885913, 42.113165]], [[-8.806948, 42.190802], [-8.806948, 42.190802]], [[-8.915528, 42.476552], [-8.915528, 42.476552]], [[-8.889012, 42.487725], [-8.889012, 42.487725]], [[-8.924474, 42.479851], [-8.924474, 42.479851]], [[-8.875627, 42.115809], [-8.875627, 42.115809]], [[-8.89983, 42.481082], [-8.89983, 42.481082]], [[-8.875715, 42.115444], [-8.875715, 42.115444]], [[-8.933539, 42.479137], [-8.933539, 42.479137]], [[-8.889422, 42.113587], [-8.889422, 42.113587]], [[-8.926153, 42.480502], [-8.926153, 42.480502]], [[-8.900838, 42.479769], [-8.900838, 42.479769]], [[-8.826974, 42.325308], [-8.826974, 42.325308]], [[-8.917926, 42.454454], [-8.917926, 42.454454]], [[-8.915384, 42.476703], [-8.915384, 42.476703]], [[-8.918716, 42.457924], [-8.918716, 42.457924]], [[-8.915054, 42.460085], [-8.915054, 42.460085]], [[-8.828224, 42.327539], [-8.828224, 42.327539]], [[-8.862455, 42.12176], [-8.862455, 42.12176]], [[-8.861032, 42.403719], [-8.861032, 42.403719]], [[-8.919753, 42.455908], [-8.919753, 42.455908]], [[-8.914298, 42.4764], [-8.914298, 42.4764]], [[-8.816411, 42.172866], [-8.816411, 42.172866]], [[-8.861362, 42.404521], [-8.861362, 42.404521]], [[-8.901678, 42.458374], [-8.901678, 42.458374]], [[-8.91613, 42.458994], [-8.91613, 42.458994]], [[-8.891866, 42.456288], [-8.891866, 42.456288]], [[-8.903142, 42.45882], [-8.903142, 42.45882]], [[-8.91602, 42.477382], [-8.91602, 42.477382]], [[-8.792962, 42.39646], [-8.792962, 42.39646]], [[-8.826869, 42.324953], [-8.826869, 42.324953]], [[-8.934052, 42.479417], [-8.934052, 42.479417]], [[-8.914817, 42.460539], [-8.914817, 42.460539]], [[-8.818034, 42.169201], [-8.818034, 42.169201]], [[-8.919718, 42.454506], [-8.919718, 42.454506]], [[-8.916178, 42.477635], [-8.916178, 42.477635]], [[-8.928821, 42.4785], [-8.928821, 42.4785]], [[-8.902903, 42.457959], [-8.902903, 42.457959]], [[-8.893064, 42.456883], [-8.893064, 42.456883]], [[-8.816291, 42.172611], [-8.816291, 42.172611]], [[-8.918729, 42.454593], [-8.918729, 42.454593]], [[-8.910871, 42.476172], [-8.910871, 42.476172]], [[-8.815966, 42.171584], [-8.815966, 42.171584]], [[-8.922896, 42.478466], [-8.922896, 42.478466]], [[-8.916985, 42.458257], [-8.916985, 42.458257]], [[-8.916095, 42.476766], [-8.916095, 42.476766]], [[-8.826265, 42.325506], [-8.826265, 42.325506]], [[-8.926197, 42.480446], [-8.926197, 42.480446]], [[-8.90205, 42.458328], [-8.90205, 42.458328]], [[-8.8785, 42.111322], [-8.8785, 42.111322]], [[-8.807462, 42.190992], [-8.807462, 42.190992]], [[-8.915552, 42.478477], [-8.915552, 42.478477]], [[-8.818452, 42.168477], [-8.818452, 42.168477]], [[-8.914791, 42.477247], [-8.914791, 42.477247]], [[-8.932662, 42.479507], [-8.932662, 42.479507]], [[-8.764472, 42.225188], [-8.764472, 42.225188]], [[-8.776947, 42.214458], [-8.776947, 42.214458]], [[-8.913744, 42.476716], [-8.913744, 42.476716]], [[-8.861121, 42.40402], [-8.861121, 42.40402]], [[-8.903779, 42.458733], [-8.903779, 42.458733]], [[-8.893403, 42.45674], [-8.893403, 42.45674]], [[-8.892396, 42.456495], [-8.892396, 42.456495]], [[-8.914349, 42.476946], [-8.914349, 42.476946]], [[-8.879268, 42.111256], [-8.879268, 42.111256]], [[-8.827302, 42.324913], [-8.827302, 42.324913]], [[-8.915786, 42.477484], [-8.915786, 42.477484]], [[-8.776815, 42.214609], [-8.776815, 42.214609]], [[-8.891733, 42.455908], [-8.891733, 42.455908]], [[-8.894377, 42.457013], [-8.894377, 42.457013]], [[-8.928288, 42.478519], [-8.928288, 42.478519]], [[-8.918418, 42.454906], [-8.918418, 42.454906]], [[-8.885572, 42.113146], [-8.885572, 42.113146]], [[-8.894222, 42.456913], [-8.894222, 42.456913]], [[-8.904338, 42.458992], [-8.904338, 42.458992]], [[-8.928506, 42.478382], [-8.928506, 42.478382]], [[-8.876296, 42.113632], [-8.876296, 42.113632]], [[-8.918425, 42.454591], [-8.918425, 42.454591]], [[-8.904647, 42.458535], [-8.904647, 42.458535]], [[-8.892502, 42.456723], [-8.892502, 42.456723]], [[-8.918815, 42.454985], [-8.918815, 42.454985]], [[-8.916863, 42.458254], [-8.916863, 42.458254]], [[-8.894106, 42.457225], [-8.894106, 42.457225]], [[-8.878657, 42.498809], [-8.878657, 42.498809]], [[-8.827236, 42.332325], [-8.827236, 42.332325]], [[-8.827155, 42.3325], [-8.827155, 42.3325]], [[-8.782177, 42.395134], [-8.782177, 42.395134]], [[-8.905133, 42.459428], [-8.905133, 42.459428]], [[-8.893966, 42.457035], [-8.893966, 42.457035]], [[-8.879173, 42.11154], [-8.879173, 42.11154]], [[-8.860558, 42.403716], [-8.860558, 42.403716]], [[-8.827047, 42.325178], [-8.827047, 42.325178]]], [[[-8.876723, 42.574866], [-8.8559, 42.566], [-8.8718, 42.5241], [-8.8753, 42.5298], [-8.8818, 42.5302], [-8.87, 42.5609], [-8.8807, 42.5577], [-8.8919, 42.5685], [-8.876723, 42.574866]], [[-8.874418, 42.534998], [-8.874418, 42.534998]], [[-8.87718, 42.535891], [-8.87718, 42.535891]], [[-8.871549, 42.534903], [-8.871549, 42.534903]], [[-8.873896, 42.547691], [-8.873896, 42.547691]], [[-8.874582, 42.54761], [-8.874582, 42.54761]], [[-8.865247, 42.543742], [-8.865247, 42.543742]]], [[[-8.921711, 42.399699], [-8.9366, 42.3568], [-8.9442, 42.3551], [-8.9451, 42.3804], [-8.9321, 42.3982], [-8.921711, 42.399699]], [[-8.934202, 42.389995], [-8.934202, 42.389995]], [[-8.930928, 42.373331], [-8.930928, 42.373331]], [[-8.939925, 42.369371], [-8.939925, 42.369371]], [[-8.930066, 42.376806], [-8.930066, 42.376806]], [[-8.932693, 42.367983], [-8.932693, 42.367983]], [[-8.943834, 42.374371], [-8.943834, 42.374371]], [[-8.934125, 42.38944], [-8.934125, 42.38944]], [[-8.929892, 42.377922], [-8.929892, 42.377922]], [[-8.930263, 42.377354], [-8.930263, 42.377354]]], [[[-8.913968, 42.251462], [-8.8955, 42.2274], [-8.9139, 42.2113], [-8.9035, 42.2243], [-8.9176, 42.2484], [-8.913968, 42.251462]], [[-8.9117, 42.243288], [-8.9117, 42.243288]], [[-8.908951, 42.239416], [-8.908951, 42.239416]], [[-8.906713, 42.237506], [-8.906713, 42.237506]], [[-8.910151, 42.242792], [-8.910151, 42.242792]]], [[[-8.907402, 42.205388], [-8.892, 42.1963], [-8.8897, 42.1911], [-8.9127, 42.1955], [-8.907402, 42.205388]], [[-8.911229, 42.196467], [-8.911229, 42.196467]], [[-8.911777, 42.196628], [-8.911777, 42.196628]], [[-8.910144, 42.197027], [-8.910144, 42.197027]], [[-8.910852, 42.196703], [-8.910852, 42.196703]]], [[[-8.84195, 42.500827], [-8.8441, 42.4855], [-8.8524, 42.483], [-8.8529, 42.4893], [-8.84195, 42.500827]]], [[[-8.778817, 42.620687], [-8.7863, 42.6141], [-8.787, 42.621], [-8.778817, 42.620687]]], [[[-8.877304, 41.873609], [-8.877316, 41.873608], [-8.877281, 41.873619], [-8.877304, 41.873609]]]]}}, {"type": "Feature", "properties": {"name": "Santa Cruz De Tenerife", "code": "38"}, "geometry": {"type": "MultiPolygon", "coordinates": [[[[-16.15754, 28.58816], [-16.1267, 28.5707], [-16.1267, 28.5636], [-16.1195, 28.5536], [-16.1253, 28.5497], [-16.1257, 28.5321], [-16.2372, 28.4854], [-16.2463, 28.4711], [-16.2357, 28.479], [-16.2471, 28.4557], [-16.2428, 28.4681], [-16.3604, 28.3795], [-16.3615, 28.3043], [-16.4247, 28.2045], [-16.4252, 28.1501], [-16.547, 28.0248], [-16.5952, 28.0291], [-16.6443, 28.0035], [-16.7023, 28.0041], [-16.7116, 28.0468], [-16.7378, 28.055], [-16.7376, 28.0867], [-16.777, 28.1171], [-16.807, 28.1745], [-16.8376, 28.2076], [-16.8412, 28.2644], [-16.8966, 28.3321], [-16.926, 28.3419], [-16.9182, 28.3607], [-16.832, 28.3933], [-16.8083, 28.3762], [-16.7518, 28.3707], [-16.6744, 28.402], [-16.604, 28.3942], [-16.5549, 28.4189], [-16.5333, 28.4167], [-16.5143, 28.419], [-16.456, 28.4601], [-16.4287, 28.4894], [-16.411, 28.5271], [-16.3342, 28.5577], [-16.3291, 28.5768], [-16.2236, 28.5654], [-16.193, 28.572], [-16.15754, 28.58816]], [[-16.82936, 28.200139], [-16.82936, 28.200139]], [[-16.648368, 28.39658], [-16.648368, 28.39658]], [[-16.376065, 28.291082], [-16.376065, 28.291082]], [[-16.469099, 28.108141], [-16.469099, 28.108141]], [[-16.377079, 28.289598], [-16.377079, 28.289598]], [[-16.573651, 28.404404], [-16.573651, 28.404404]], [[-16.713475, 28.384802], [-16.713475, 28.384802]], [[-16.649013, 28.396425], [-16.649013, 28.396425]], [[-16.378055, 28.288232], [-16.378055, 28.288232]], [[-16.292761, 28.572341], [-16.292761, 28.572341]], [[-16.730731, 28.377884], [-16.730731, 28.377884]], [[-16.655684, 28.005097], [-16.655684, 28.005097]], [[-16.855728, 28.381147], [-16.855728, 28.381147]], [[-16.574643, 28.40429], [-16.574643, 28.40429]], [[-16.63424, 28.396552], [-16.63424, 28.396552]], [[-16.591757, 28.398669], [-16.591757, 28.398669]], [[-16.884859, 28.369157], [-16.884859, 28.369157]], [[-16.880423, 28.36886], [-16.880423, 28.36886]], [[-16.857766, 28.380203], [-16.857766, 28.380203]], [[-16.677879, 28.398599], [-16.677879, 28.398599]], [[-16.47294, 28.447539], [-16.47294, 28.447539]], [[-16.12816, 28.538176], [-16.12816, 28.538176]], [[-16.623341, 28.017788], [-16.623341, 28.017788]], [[-16.586709, 28.029137], [-16.586709, 28.029137]], [[-16.445882, 28.134281], [-16.445882, 28.134281]], [[-16.468833, 28.10918], [-16.468833, 28.10918]], [[-16.632228, 28.396968], [-16.632228, 28.396968]], [[-16.623692, 28.01805], [-16.623692, 28.01805]], [[-16.884036, 28.369905], [-16.884036, 28.369905]], [[-16.462479, 28.113435], [-16.462479, 28.113435]], [[-16.638202, 28.395577], [-16.638202, 28.395577]], [[-16.622297, 28.018143], [-16.622297, 28.018143]], [[-16.442522, 28.137015], [-16.442522, 28.137015]], [[-16.431948, 28.160111], [-16.431948, 28.160111]], [[-16.429505, 28.164207], [-16.429505, 28.164207]], [[-16.293899, 28.571558], [-16.293899, 28.571558]], [[-16.428101, 28.153168], [-16.428101, 28.153168]], [[-16.472128, 28.105964], [-16.472128, 28.105964]], [[-16.472025, 28.106121], [-16.472025, 28.106121]], [[-16.540463, 28.03492], [-16.540545, 28.035017], [-16.540621, 28.034867], [-16.540463, 28.03492]], [[-16.128092, 28.537735], [-16.128092, 28.537735]], [[-16.629582, 28.013793], [-16.629582, 28.013793]], [[-16.541314, 28.035371], [-16.541314, 28.035371]], [[-16.540345, 28.035119], [-16.540345, 28.035119]], [[-16.580759, 28.02885], [-16.580759, 28.02885]], [[-16.461594, 28.119908], [-16.461594, 28.119908]], [[-16.128962, 28.537121], [-16.128962, 28.537121]], [[-16.661191, 28.008511], [-16.661191, 28.008511]], [[-16.586665, 28.028679], [-16.586665, 28.028679]], [[-16.128303, 28.537505], [-16.128303, 28.537505]], [[-16.127692, 28.536045], [-16.127692, 28.536045]], [[-16.882747, 28.371171], [-16.882747, 28.371171]], [[-16.577919, 28.029052], [-16.577919, 28.029052]], [[-16.119993, 28.554033], [-16.119993, 28.554033]], [[-16.1271, 28.54061], [-16.1271, 28.54061]], [[-16.127742, 28.535708], [-16.127742, 28.535708]], [[-16.651648, 28.007476], [-16.65154, 28.007462], [-16.651591, 28.007532], [-16.651648, 28.007476]], [[-16.461011, 28.121148], [-16.461011, 28.121148]], [[-16.663847, 28.007915], [-16.663847, 28.007915]], [[-16.882763, 28.371056], [-16.882696, 28.370982], [-16.882671, 28.371038], [-16.882763, 28.371056]], [[-16.625635, 28.018278], [-16.625635, 28.018278]]], [[[-17.91069, 28.857631], [-17.8581, 28.8327], [-17.8142, 28.8389], [-17.8092, 28.8452], [-17.8032, 28.8416], [-17.7888, 28.8439], [-17.7776, 28.8402], [-17.7246, 28.7431], [-17.7701, 28.6771], [-17.7499, 28.6243], [-17.7602, 28.5699], [-17.8406, 28.4528], [-17.8687, 28.4734], [-17.88, 28.5401], [-17.9259, 28.5962], [-18.0072, 28.7577], [-18.0057, 28.7844], [-17.9678, 28.8273], [-17.9462, 28.8426], [-17.9391, 28.8409], [-17.9268, 28.8462], [-17.9202, 28.8573], [-17.91069, 28.857631]], [[-17.962008, 28.82995], [-17.962008, 28.82995]], [[-17.958744, 28.831966], [-17.958744, 28.831966]], [[-17.732357, 28.752668], [-17.732357, 28.752668]], [[-18.005523, 28.76008], [-18.005523, 28.76008]], [[-17.924979, 28.848579], [-17.924979, 28.848579]], [[-17.778245, 28.839695], [-17.778245, 28.839695]], [[-17.766875, 28.816029], [-17.766875, 28.816029]], [[-17.817949, 28.489395], [-17.817949, 28.489395]], [[-17.86986, 28.482291], [-17.86986, 28.482291]], [[-17.964924, 28.67797], [-17.964924, 28.67797]], [[-17.822415, 28.481297], [-17.822415, 28.481297]], [[-17.878876, 28.838823], [-17.878876, 28.838823]], [[-17.729251, 28.744053], [-17.729251, 28.744053]], [[-17.897385, 28.844107], [-17.897385, 28.844107]], [[-17.793134, 28.526141], [-17.793134, 28.526141]], [[-17.805217, 28.508691], [-17.805057, 28.508809], [-17.805297, 28.508802], [-17.805217, 28.508691]], [[-17.868115, 28.477197], [-17.868115, 28.477197]], [[-17.962845, 28.673367], [-17.962845, 28.673367]], [[-17.994302, 28.741297], [-17.994302, 28.741297]], [[-17.88338, 28.839745], [-17.88338, 28.839745]], [[-17.875103, 28.83723], [-17.875103, 28.83723]], [[-17.776836, 28.836662], [-17.776836, 28.836662]], [[-17.814265, 28.497209], [-17.814265, 28.497209]], [[-17.801809, 28.512795], [-17.801734, 28.512928], [-17.802017, 28.512776], [-17.801809, 28.512795]], [[-17.807194, 28.843721], [-17.807194, 28.843721]], [[-17.956472, 28.657915], [-17.956522, 28.657996], [-17.956637, 28.657912], [-17.956472, 28.657915]], [[-17.822911, 28.47915], [-17.822911, 28.47915]], [[-17.821681, 28.482371], [-17.821464, 28.482396], [-17.821479, 28.48248], [-17.821681, 28.482371]], [[-17.964505, 28.677539], [-17.964505, 28.677539]], [[-18.004946, 28.765838], [-18.004822, 28.765774], [-18.004927, 28.765914], [-18.004946, 28.765838]], [[-17.876749, 28.838134], [-17.876749, 28.838134]], [[-17.9631, 28.675121], [-17.963015, 28.675024], [-17.962961, 28.675105], [-17.9631, 28.675121]], [[-17.822616, 28.479806], [-17.822616, 28.479806]], [[-17.868462, 28.473666], [-17.868272, 28.473793], [-17.868363, 28.473791], [-17.868462, 28.473666]], [[-17.814191, 28.49703], [-17.814029, 28.496998], [-17.813983, 28.497064], [-17.814191, 28.49703]], [[-17.877486, 28.838477], [-17.877486, 28.838477]], [[-17.793151, 28.524946], [-17.793151, 28.524946]], [[-17.743625, 28.766067], [-17.743537, 28.766055], [-17.743583, 28.766144], [-17.743625, 28.766067]], [[-17.964005, 28.676084], [-17.963982, 28.676138], [-17.964103, 28.676043], [-17.964005, 28.676084]], [[-17.744566, 28.767847], [-17.744566, 28.767847]], [[-17.744999, 28.768359], [-17.744999, 28.768359]], [[-18.005483, 28.76592], [-18.005445, 28.765858], [-18.005385, 28.765908], [-18.005483, 28.76592]], [[-17.995394, 28.743804], [-17.995394, 28.743804]], [[-17.87573, 28.837592], [-17.875714, 28.837494], [-17.875707, 28.837595], [-17.87573, 28.837592]]], [[[-17.260732, 28.217972], [-17.2451, 28.2008], [-17.2063, 28.1968], [-17.1961, 28.2001], [-17.1839, 28.1803], [-17.119, 28.1535], [-17.1035, 28.1284], [-17.0985, 28.0956], [-17.1679, 28.0359], [-17.2697, 28.025], [-17.3489, 28.0982], [-17.3412, 28.1312], [-17.346, 28.152], [-17.3346, 28.1629], [-17.3204, 28.2034], [-17.2934, 28.2071], [-17.2819, 28.2113], [-17.2767, 28.2179], [-17.260732, 28.217972]], [[-17.156153, 28.048355], [-17.156153, 28.048355]], [[-17.319757, 28.072157], [-17.319757, 28.072157]], [[-17.348082, 28.1006], [-17.348082, 28.1006]], [[-17.260366, 28.215345], [-17.260366, 28.215345]], [[-17.344911, 28.150749], [-17.344911, 28.150749]], [[-17.259674, 28.214668], [-17.259674, 28.214668]], [[-17.319572, 28.071491], [-17.319572, 28.071491]], [[-17.344988, 28.09478], [-17.344988, 28.09478]], [[-17.25774, 28.212636], [-17.25774, 28.212636]], [[-17.322324, 28.194613], [-17.322324, 28.194613]], [[-17.195453, 28.198156], [-17.195453, 28.198156]], [[-17.252764, 28.204921], [-17.252764, 28.204921]], [[-17.196215, 28.197868], [-17.196215, 28.197868]], [[-17.258599, 28.21343], [-17.258599, 28.21343]], [[-17.253506, 28.209861], [-17.253506, 28.209861]], [[-17.253008, 28.205088], [-17.253008, 28.205088]], [[-17.253843, 28.207464], [-17.253843, 28.207464]], [[-17.260031, 28.214451], [-17.260031, 28.214451]], [[-17.253725, 28.207286], [-17.253725, 28.207286]], [[-17.257188, 28.211917], [-17.257188, 28.211917]], [[-17.257761, 28.212294], [-17.257654, 28.212367], [-17.257753, 28.212379], [-17.257761, 28.212294]], [[-17.252918, 28.206179], [-17.252852, 28.20613], [-17.252838, 28.206219], [-17.252918, 28.206179]], [[-17.253475, 28.209756], [-17.253391, 28.20974], [-17.253393, 28.20979], [-17.253475, 28.209756]], [[-17.258091, 28.212191], [-17.258069, 28.21224], [-17.258165, 28.212187], [-17.258091, 28.212191]], [[-17.329428, 28.080595], [-17.329318, 28.080537], [-17.329405, 28.080637], [-17.329428, 28.080595]], [[-17.344954, 28.150395], [-17.344954, 28.150395]], [[-17.260538, 28.216955], [-17.260479, 28.216963], [-17.260526, 28.217017], [-17.260538, 28.216955]], [[-17.260871, 28.216777], [-17.26082, 28.216779], [-17.260827, 28.216826], [-17.260871, 28.216777]], [[-17.259951, 28.214519], [-17.259925, 28.214552], [-17.259947, 28.214599], [-17.259951, 28.214519]], [[-17.252981, 28.206028], [-17.252939, 28.206043], [-17.252978, 28.206073], [-17.252981, 28.206028]]], [[[-17.925162, 27.849511], [-17.9018, 27.842], [-17.8835, 27.8133], [-17.8835, 27.8031], [-17.927, 27.7323], [-17.957, 27.72], [-17.9779, 27.6395], [-18.0099, 27.6498], [-18.0504, 27.6926], [-18.1603, 27.7151], [-18.1516, 27.7606], [-18.1408, 27.7627], [-18.1324, 27.7703], [-18.0825, 27.7532], [-18.0368, 27.762], [-17.9891, 27.7998], [-17.9935, 27.8228], [-17.925162, 27.849511]], [[-18.028633, 27.672197], [-18.028633, 27.672197]], [[-18.072916, 27.753132], [-18.072916, 27.753132]], [[-17.899535, 27.836859], [-17.899535, 27.836859]], [[-17.908868, 27.842946], [-17.908868, 27.842946]], [[-17.914896, 27.844216], [-17.914896, 27.844216]], [[-17.915121, 27.844507], [-17.915121, 27.844507]], [[-17.993376, 27.795018], [-17.993376, 27.795018]], [[-17.970941, 27.82989], [-17.970941, 27.82989]], [[-18.023379, 27.668426], [-18.023379, 27.668426]], [[-17.916291, 27.845955], [-17.916291, 27.845955]], [[-18.09732, 27.755993], [-18.09732, 27.755993]], [[-17.971123, 27.669132], [-17.971123, 27.669132]], [[-18.065249, 27.754704], [-18.065249, 27.754704]], [[-18.066464, 27.754747], [-18.066464, 27.754747]], [[-17.970778, 27.669], [-17.970778, 27.669]], [[-18.061411, 27.755979], [-18.061411, 27.755979]], [[-18.074996, 27.753255], [-18.074996, 27.753255]], [[-18.095692, 27.756078], [-18.095692, 27.756078]], [[-17.887538, 27.818803], [-17.887538, 27.818803]], [[-17.973283, 27.827349], [-17.973283, 27.827349]], [[-18.023963, 27.668445], [-18.023963, 27.668445]], [[-18.157423, 27.72907], [-18.157423, 27.72907]], [[-17.974494, 27.827895], [-17.974494, 27.827895]], [[-17.973199, 27.827574], [-17.973199, 27.827574]], [[-18.152434, 27.738651], [-18.152434, 27.738651]], [[-18.152434, 27.738654], [-18.152439, 27.738652], [-18.152434, 27.738651], [-18.152434, 27.738654]]], [[[-17.869018, 28.474206], [-17.869225, 28.474137], [-17.868931, 28.474347], [-17.869018, 28.474206]]], [[[-17.267311, 28.217382], [-17.267411, 28.217438], [-17.267166, 28.217457], [-17.267311, 28.217382]]], [[[-17.878428, 28.517461], [-17.878342, 28.517536], [-17.878364, 28.517325], [-17.878428, 28.517461]]], [[[-17.286425, 28.211532], [-17.286478, 28.211657], [-17.286381, 28.211671], [-17.286425, 28.211532]]], [[[-17.329788, 28.080352], [-17.329692, 28.080399], [-17.329632, 28.080279], [-17.329788, 28.080352]]], [[[-17.242084, 28.202971], [-17.242007, 28.203024], [-17.241954, 28.202922], [-17.242084, 28.202971]]], [[[-17.313826, 28.055795], [-17.313729, 28.055807], [-17.313786, 28.055692], [-17.313826, 28.055795]]], [[[-17.346543, 28.148409], [-17.346537, 28.148455], [-17.346307, 28.148438], [-17.346543, 28.148409]]], [[[-17.236668, 28.203908], [-17.236744, 28.203939], [-17.236636, 28.203999], [-17.236668, 28.203908]]], [[[-17.334516, 28.175602], [-17.334462, 28.17567], [-17.334416, 28.175579], [-17.334516, 28.175602]]], [[[-17.239694, 28.203054], [-17.239662, 28.203149], [-17.239611, 28.203013], [-17.239694, 28.203054]]], [[[-17.340306, 28.156706], [-17.340248, 28.156789], [-17.340155, 28.156764], [-17.340306, 28.156706]]], [[[-17.238157, 28.204378], [-17.238063, 28.204397], [-17.23809, 28.204299], [-17.238157, 28.204378]]], [[[-16.238428, 28.570355], [-16.238387, 28.570434], [-16.238387, 28.570296], [-16.238428, 28.570355]]], [[[-18.008016, 28.770649], [-18.008004, 28.770722], [-18.007931, 28.770609], [-18.008016, 28.770649]]], [[[-17.247849, 28.204097], [-17.247937, 28.204088], [-17.247881, 28.204163], [-17.247849, 28.204097]]], [[[-17.334306, 28.175779], [-17.334242, 28.175848], [-17.334208, 28.175798], [-17.334306, 28.175779]]], [[[-17.341938, 28.154911], [-17.341999, 28.154911], [-17.34177, 28.154933], [-17.341938, 28.154911]]], [[[-17.281246, 28.212285], [-17.281195, 28.212302], [-17.281206, 28.212208], [-17.281246, 28.212285]]], [[[-17.964159, 28.667566], [-17.964087, 28.667592], [-17.964052, 28.667511], [-17.964159, 28.667566]]], [[[-17.825312, 28.472749], [-17.825402, 28.47274], [-17.825329, 28.472797], [-17.825312, 28.472749]]], [[[-16.15265, 28.587276], [-16.15255, 28.587261], [-16.15259, 28.587227], [-16.15265, 28.587276]]], [[[-16.204, 28.572703], [-16.203907, 28.572723], [-16.203937, 28.572676], [-16.204, 28.572703]]], [[[-16.23759, 28.569985], [-16.237548, 28.570014], [-16.237527, 28.569944], [-16.23759, 28.569985]]], [[[-16.146063, 28.58634], [-16.145976, 28.586293], [-16.146063, 28.586295], [-16.146063, 28.58634]]], [[[-17.238216, 28.203845], [-17.238152, 28.203893], [-17.238123, 28.203844], [-17.238216, 28.203845]]], [[[-17.272074, 28.216339], [-17.272028, 28.216364], [-17.272007, 28.216276], [-17.272074, 28.216339]]], [[[-16.158544, 28.591523], [-16.158462, 28.591496], [-16.158502, 28.591468], [-16.158544, 28.591523]]], [[[-17.336435, 28.166716], [-17.336392, 28.166746], [-17.336366, 28.166675], [-17.336435, 28.166716]]], [[[-16.151879, 28.587075], [-16.151825, 28.587084], [-16.151822, 28.587025], [-16.151879, 28.587075]]], [[[-17.964549, 28.668986], [-17.964483, 28.669002], [-17.964485, 28.668945], [-17.964549, 28.668986]]], [[[-17.232208, 28.200965], [-17.23216, 28.201015], [-17.232172, 28.200927], [-17.232208, 28.200965]]], [[[-17.223311, 28.201878], [-17.22327, 28.201951], [-17.223253, 28.201906], [-17.223311, 28.201878]]], [[[-17.231295, 28.201284], [-17.231245, 28.201294], [-17.231235, 28.201233], [-17.231295, 28.201284]]], [[[-17.232449, 28.200906], [-17.232411, 28.200936], [-17.232386, 28.200883], [-17.232449, 28.200906]]], [[[-17.336774, 28.168653], [-17.336724, 28.168668], [-17.336753, 28.168611], [-17.336774, 28.168653]]], [[[-17.232638, 28.200739], [-17.232586, 28.200743], [-17.232634, 28.200693], [-17.232638, 28.200739]]], [[[-16.152741, 28.586919], [-16.152669, 28.586908], [-16.152714, 28.586886], [-16.152741, 28.586919]]], [[[-16.12309, 28.560685], [-16.123026, 28.560676], [-16.123072, 28.560652], [-16.12309, 28.560685]]], [[[-16.237818, 28.570109], [-16.237793, 28.570079], [-16.237797, 28.570045], [-16.237818, 28.570109]]], [[[-16.231362, 28.567139], [-16.23132, 28.567093], [-16.231357, 28.567112], [-16.231362, 28.567139]]], [[[-16.236559, 28.569883], [-16.236546, 28.569904], [-16.236545, 28.569839], [-16.236559, 28.569883]]], [[[-16.236751, 28.569927], [-16.236699, 28.569952], [-16.236737, 28.569918], [-16.236751, 28.569927]]], [[[-16.230714, 28.567138], [-16.230707, 28.567154], [-16.230682, 28.567126], [-16.230714, 28.567138]]], [[[-16.237147, 28.569929], [-16.237135, 28.569949], [-16.237139, 28.569893], [-16.237147, 28.569929]]], [[[-16.235893, 28.569897], [-16.235882, 28.569914], [-16.235875, 28.569872], [-16.235893, 28.569897]]], [[[-16.235783, 28.568529], [-16.235742, 28.568498], [-16.235775, 28.568509], [-16.235783, 28.568529]]], [[[-16.233179, 28.567047], [-16.233176, 28.567065], [-16.233168, 28.567036], [-16.233179, 28.567047]]]]}}, {"type": "Feature", "properties": {"name": "Cantabria", "code": "39"}, "geometry": {"type": "MultiPolygon", "coordinates": [[[[-3.590244, 43.513559], [-3.5463, 43.5077], [-3.4978, 43.4722], [-3.4309, 43.462], [-3.4298, 43.441], [-3.465, 43.4446], [-3.4917, 43.4248], [-3.4636, 43.4313], [-3.4647, 43.4039], [-3.4501, 43.4361], [-3.4252, 43.4132], [-3.3238, 43.4192], [-3.3208, 43.4028], [-3.2213, 43.3939], [-3.2259, 43.3876], [-3.2119, 43.3748], [-3.1533, 43.3533], [-3.1515, 43.3069], [-3.2095, 43.2835], [-3.2252, 43.3089], [-3.2794, 43.2901], [-3.3324, 43.3019], [-3.3401, 43.278], [-3.4491, 43.2359], [-3.4176, 43.1334], [-3.6035, 43.1496], [-3.6124, 43.1695], [-3.651, 43.181], [-3.7047, 43.1163], [-3.7549, 43.1005], [-3.7646, 43.081], [-3.847, 43.0844], [-3.8318, 43.0638], [-3.8499, 43.0402], [-3.8907, 43.0418], [-3.9093, 43.0161], [-3.953, 43.0001], [-3.991, 42.9311], [-3.9737, 42.9119], [-3.9296, 42.9147], [-3.9335, 42.8996], [-3.8671, 42.9548], [-3.8306, 42.9292], [-3.8668, 42.8992], [-3.9078, 42.9145], [-3.8929, 42.8874], [-3.9243, 42.8892], [-3.8975, 42.8803], [-3.9148, 42.8601], [-3.8798, 42.8513], [-3.8637, 42.8898], [-3.8348, 42.8774], [-3.816, 42.8106], [-3.862, 42.7865], [-3.8944, 42.8045], [-3.911, 42.7684], [-3.9773, 42.758], [-3.9997, 42.769], [-4.0036, 42.8314], [-4.0547, 42.763], [-4.0813, 42.7615], [-4.1052, 42.793], [-4.1499, 42.7893], [-4.1854, 42.8173], [-4.1581, 42.8377], [-4.1404, 42.829], [-4.1261, 42.8566], [-4.1499, 42.8711], [-4.2142, 42.8472], [-4.2402, 42.9565], [-4.3485, 42.9726], [-4.3981, 43.0349], [-4.4476, 43.0585], [-4.4628, 43.0605], [-4.4757, 43.0387], [-4.5209, 43.0474], [-4.5584, 43.0195], [-4.6061, 43.0358], [-4.6381, 43.0167], [-4.7228, 43.0172], [-4.7433, 43.0282], [-4.744, 43.0564], [-4.7661, 43.0556], [-4.7665, 43.0745], [-4.8169, 43.0927], [-4.8514, 43.1259], [-4.8346, 43.1575], [-4.8481, 43.1781], [-4.7342, 43.1899], [-4.7196, 43.2365], [-4.7309, 43.2573], [-4.6319, 43.2677], [-4.6066, 43.3006], [-4.5552, 43.2881], [-4.5478, 43.2687], [-4.5235, 43.2782], [-4.5223, 43.3358], [-4.5388, 43.3559], [-4.5115, 43.3937], [-4.3894, 43.3899], [-4.3407, 43.4059], [-4.328, 43.3913], [-4.2803, 43.388], [-4.1752, 43.4011], [-4.0812, 43.4383], [-3.9787, 43.4409], [-3.9571, 43.4558], [-3.9455, 43.4711], [-3.8949, 43.4708], [-3.7852, 43.4918], [-3.7633, 43.4672], [-3.8143, 43.4495], [-3.8253, 43.4517], [-3.8152, 43.437], [-3.8307, 43.4352], [-3.8037, 43.4266], [-3.8227, 43.4136], [-3.816, 43.4018], [-3.7791, 43.421], [-3.7913, 43.4322], [-3.7761, 43.4494], [-3.7653, 43.4463], [-3.7461, 43.4515], [-3.7772, 43.4582], [-3.7346, 43.4593], [-3.590244, 43.513559]], [[-4.1106, 42.823846], [-4.1044, 42.7972], [-4.0891, 42.7999], [-4.0885, 42.8185], [-4.1106, 42.823846]], [[-4.174616, 42.823082], [-4.1746, 42.8116], [-4.1611, 42.8131], [-4.1631, 42.8209], [-4.174616, 42.823082]], [[-3.770827, 43.465164], [-3.770827, 43.465164]], [[-3.942538, 43.470975], [-3.942538, 43.470975]], [[-3.530836, 43.492715], [-3.530836, 43.492715]], [[-3.334688, 43.415195], [-3.334688, 43.415195]], [[-3.508996, 43.478119], [-3.508996, 43.478119]], [[-3.623765, 43.498237], [-3.623765, 43.498237]], [[-3.508345, 43.478671], [-3.508345, 43.478671]], [[-3.630414, 43.497706], [-3.630414, 43.497706]], [[-3.77697, 43.472759], [-3.77697, 43.472759]], [[-3.509714, 43.478187], [-3.509714, 43.478187]], [[-3.573892, 43.507483], [-3.573892, 43.507483]], [[-3.63093, 43.497388], [-3.63093, 43.497388]], [[-3.631008, 43.497703], [-3.631008, 43.497703]], [[-3.628298, 43.497645], [-3.628459, 43.49768], [-3.628606, 43.497509], [-3.628298, 43.497645]]], [[[-3.260215, 43.263579], [-3.2494, 43.2597], [-3.2698, 43.2321], [-3.2652, 43.2058], [-3.2858, 43.1979], [-3.3046, 43.2587], [-3.260215, 43.263579]]], [[[-4.389074, 43.394904], [-4.389491, 43.394755], [-4.389164, 43.395029], [-4.389074, 43.394904]]], [[[-3.768308, 43.464425], [-3.768504, 43.464306], [-3.768432, 43.46446], [-3.768308, 43.464425]]], [[[-4.463727, 43.393348], [-4.463936, 43.393301], [-4.463772, 43.393496], [-4.463727, 43.393348]]]]}}, {"type": "Feature", "properties": {"name": "Málaga", "code": "29"}, "geometry": {"type": "MultiPolygon", "coordinates": [[[[-4.406576, 37.27412], [-4.3789, 37.2742], [-4.385, 37.238], [-4.372, 37.2154], [-4.3225, 37.2042], [-4.3322, 37.1912], [-4.2871, 37.1195], [-4.2725, 37.0149], [-4.2313, 37.0169], [-4.1666, 36.9571], [-4.0999, 36.9527], [-4.0457, 36.9029], [-3.9295, 36.8829], [-3.8676, 36.8507], [-3.8267, 36.8553], [-3.7681, 36.802], [-3.7774, 36.7379], [-3.8447, 36.7535], [-3.9573, 36.7261], [-4.0673, 36.7487], [-4.1085, 36.7253], [-4.1808, 36.7147], [-4.3938, 36.7223], [-4.4153, 36.707], [-4.4133, 36.7177], [-4.4185, 36.7171], [-4.4174, 36.7089], [-4.5117, 36.5931], [-4.6028, 36.563], [-4.6381, 36.5071], [-4.7405, 36.4826], [-4.8609, 36.5076], [-4.935, 36.4998], [-5.0049, 36.4597], [-5.081, 36.4506], [-5.1769, 36.4143], [-5.22, 36.3754], [-5.248, 36.3104], [-5.2778, 36.3371], [-5.3201, 36.3251], [-5.3472, 36.4186], [-5.4296, 36.5333], [-5.4924, 36.5365], [-5.5243, 36.4977], [-5.6083, 36.5123], [-5.6042, 36.5489], [-5.5233, 36.5311], [-5.4608, 36.5888], [-5.4559, 36.6196], [-5.3807, 36.6318], [-5.324, 36.6733], [-5.3246, 36.724], [-5.2909, 36.7752], [-5.3198, 36.7867], [-5.3407, 36.8194], [-5.3016, 36.8696], [-5.2698, 36.8842], [-5.1723, 36.8235], [-5.1333, 36.8391], [-5.1051, 36.8979], [-5.0868, 36.9051], [-5.1101, 36.9593], [-5.0956, 36.9683], [-5.1423, 37.0058], [-5.1207, 37.0285], [-5.0531, 37.0306], [-4.9084, 37.1146], [-4.9033, 37.1388], [-4.9427, 37.1576], [-4.9396, 37.1757], [-4.9051, 37.1819], [-4.8976, 37.156], [-4.8755, 37.1582], [-4.8539, 37.1986], [-4.8259, 37.2007], [-4.7937, 37.1536], [-4.7086, 37.1977], [-4.7323, 37.2261], [-4.7179, 37.2399], [-4.7357, 37.2448], [-4.7197, 37.2597], [-4.6142, 37.2554], [-4.6023, 37.2092], [-4.5762, 37.2092], [-4.4981, 37.2233], [-4.4776, 37.2447], [-4.4857, 37.252], [-4.4641, 37.2521], [-4.445, 37.2776], [-4.406576, 37.27412]]]]}}, {"type": "Feature", "properties": {"name": "Almería", "code": "04"}, "geometry": {"type": "MultiPolygon", "coordinates": [[[[-2.181908, 37.898818], [-2.172, 37.8887], [-2.1232, 37.9006], [-2.1004, 37.8772], [-2.0218, 37.8682], [-1.9947, 37.8805], [-1.9745, 37.8685], [-1.9956, 37.8402], [-2.0088, 37.775], [-1.9958, 37.728], [-2.0127, 37.7006], [-2.0118, 37.6722], [-1.9768, 37.6187], [-1.8453, 37.4548], [-1.8089, 37.4335], [-1.8118, 37.4516], [-1.7371, 37.4426], [-1.6301, 37.3752], [-1.6771, 37.3528], [-1.689, 37.3392], [-1.7083, 37.3041], [-1.7588, 37.2631], [-1.7735, 37.2458], [-1.7752, 37.2395], [-1.7976, 37.2296], [-1.8495, 37.0683], [-1.9008, 36.9878], [-1.9037, 36.9374], [-1.9405, 36.9365], [-1.9673, 36.8989], [-1.9921, 36.8937], [-1.9996, 36.84], [-2.06, 36.8097], [-2.0604, 36.7777], [-2.1062, 36.7627], [-2.1243, 36.732], [-2.1842, 36.7192], [-2.2912, 36.8201], [-2.3614, 36.8416], [-2.4265, 36.8107], [-2.4751, 36.837], [-2.4641, 36.8259], [-2.482, 36.8356], [-2.5619, 36.8161], [-2.6196, 36.727], [-2.7003, 36.683], [-2.7715, 36.6814], [-2.8156, 36.7063], [-2.8495, 36.6955], [-2.9254, 36.7517], [-2.9777, 36.7383], [-3.1287, 36.7509], [-3.1402, 36.7878], [-3.029, 36.8444], [-3.0719, 36.9193], [-3.0313, 36.9246], [-3.0293, 36.9475], [-2.9905, 36.9582], [-2.9762, 36.9781], [-3.0057, 37.0233], [-3.0296, 37.1133], [-3.0003, 37.095], [-2.949, 37.0966], [-2.9291, 37.1566], [-2.881, 37.1871], [-2.875, 37.2315], [-2.8454, 37.2792], [-2.779, 37.2627], [-2.759, 37.2267], [-2.733, 37.2373], [-2.6601, 37.212], [-2.6657, 37.2853], [-2.6546, 37.3406], [-2.6373, 37.3433], [-2.6416, 37.3878], [-2.5142, 37.4795], [-2.4575, 37.4908], [-2.4563, 37.5094], [-2.3585, 37.5223], [-2.3557, 37.547], [-2.3743, 37.5573], [-2.3679, 37.5916], [-2.3913, 37.6325], [-2.3596, 37.6213], [-2.3089, 37.6334], [-2.3233, 37.6939], [-2.2768, 37.7762], [-2.3018, 37.8083], [-2.2894, 37.8315], [-2.295, 37.8763], [-2.2077, 37.9166], [-2.181908, 37.898818]], [[-1.819722, 37.177762], [-1.819722, 37.177762]], [[-1.820263, 37.174856], [-1.820263, 37.174856]], [[-2.567032, 36.811128], [-2.567032, 36.811128]], [[-1.718278, 37.296515], [-1.718278, 37.296515]], [[-2.174759, 36.722366], [-2.174759, 36.722366]], [[-1.71914, 37.296263], [-1.71914, 37.296263]], [[-1.720572, 37.295638], [-1.720572, 37.295638]], [[-1.709052, 37.303625], [-1.709052, 37.303625]], [[-1.719397, 37.296383], [-1.719397, 37.296383]], [[-1.717794, 37.297096], [-1.717794, 37.297096]], [[-1.719288, 37.296147], [-1.719288, 37.296147]]], [[[-1.699668, 37.317809], [-1.699781, 37.317792], [-1.699746, 37.317891], [-1.699668, 37.317809]]], [[[-1.698537, 37.319933], [-1.69865, 37.319916], [-1.698581, 37.320014], [-1.698537, 37.319933]]], [[[-1.697415, 37.322841], [-1.697394, 37.322741], [-1.697461, 37.322751], [-1.697415, 37.322841]]], [[[-1.7743, 37.243388], [-1.774357, 37.243308], [-1.774367, 37.243389], [-1.7743, 37.243388]]]]}}, {"type": "Feature", "properties": {"name": "Murcia", "code": "30"}, "geometry": {"type": "MultiPolygon", "coordinates": [[[[-1.149852, 38.746067], [-1.1197, 38.7377], [-1.1156, 38.7114], [-1.0261, 38.6545], [-1.0016, 38.5727], [-1.0261, 38.5228], [-1.0136, 38.4967], [-1.0942, 38.4379], [-1.0772, 38.4315], [-1.0844, 38.3462], [-0.9892, 38.3209], [-0.9677, 38.2756], [-0.9885, 38.1995], [-1.0368, 38.1377], [-1.0226, 38.0757], [-0.9002, 37.9231], [-0.8307, 37.8644], [-0.7624, 37.847], [-0.7509, 37.8218], [-0.7522, 37.7882], [-0.7758, 37.8191], [-0.7963, 37.8105], [-0.798, 37.7848], [-0.8448, 37.748], [-0.857, 37.7134], [-0.8028, 37.6582], [-0.7277, 37.6348], [-0.7198, 37.6488], [-0.7403, 37.6595], [-0.7299, 37.662], [-0.7457, 37.706], [-0.7456, 37.7482], [-0.7416, 37.7432], [-0.7335, 37.7465], [-0.7455, 37.749], [-0.7579, 37.7799], [-0.7465, 37.7808], [-0.7451, 37.7588], [-0.7278, 37.7501], [-0.7214, 37.74], [-0.7272, 37.7467], [-0.7331, 37.7469], [-0.7382, 37.7346], [-0.7315, 37.6785], [-0.7097, 37.6413], [-0.6883, 37.6328], [-0.7022, 37.6303], [-0.7318, 37.6015], [-0.82, 37.575], [-0.8763, 37.5774], [-0.9192, 37.5539], [-0.9604, 37.5587], [-0.9674, 37.5693], [-0.9498, 37.5676], [-0.992, 37.6015], [-0.9841, 37.5843], [-1.018, 37.5728], [-1.0312, 37.5791], [-1.074, 37.5842], [-1.1087, 37.5694], [-1.1271, 37.5521], [-1.1111, 37.5341], [-1.1665, 37.5421], [-1.1739, 37.563], [-1.2135, 37.5753], [-1.2462, 37.5761], [-1.2558, 37.5576], [-1.3262, 37.5627], [-1.4016, 37.5072], [-1.4597, 37.4866], [-1.4862, 37.4229], [-1.519, 37.4318], [-1.6268, 37.3739], [-1.7371, 37.4426], [-1.8118, 37.4516], [-1.8089, 37.4335], [-1.8453, 37.4548], [-2.0118, 37.6722], [-1.9958, 37.728], [-2.0088, 37.775], [-1.9953, 37.8414], [-1.9745, 37.8685], [-1.9947, 37.8805], [-2.0218, 37.8682], [-2.1004, 37.8772], [-2.1232, 37.9006], [-2.172, 37.8887], [-2.2472, 37.9344], [-2.2985, 38.0021], [-2.3416, 38.026], [-2.3299, 38.0654], [-2.2616, 38.113], [-2.2129, 38.203], [-2.1137, 38.2382], [-2.049, 38.3058], [-1.9826, 38.2814], [-1.9075, 38.298], [-1.7843, 38.3562], [-1.7958, 38.3703], [-1.7711, 38.3649], [-1.7713, 38.3785], [-1.7451, 38.3812], [-1.6876, 38.3658], [-1.6927, 38.3378], [-1.6702, 38.3116], [-1.5895, 38.31], [-1.5582, 38.3252], [-1.4785, 38.3764], [-1.4799, 38.4798], [-1.4987, 38.5321], [-1.4877, 38.5633], [-1.452, 38.5815], [-1.4477, 38.6495], [-1.4217, 38.677], [-1.3667, 38.704], [-1.3441, 38.6771], [-1.2496, 38.7387], [-1.1836, 38.7551], [-1.149852, 38.746067]], [[-1.468402, 37.470442], [-1.468402, 37.470442]], [[-1.118587, 37.561829], [-1.118587, 37.561829]], [[-1.623125, 37.378133], [-1.623125, 37.378133]], [[-1.011689, 37.576379], [-1.011689, 37.576379]], [[-1.468228, 37.472873], [-1.468228, 37.472873]], [[-1.502079, 37.429532], [-1.502079, 37.429532]], [[-0.999342, 37.584173], [-0.999342, 37.584173]], [[-1.01468, 37.574212], [-1.01468, 37.574212]]], [[[-0.770502, 37.702439], [-0.7646, 37.6937], [-0.7761, 37.6957], [-0.770502, 37.702439]]], [[[-0.796357, 37.701042], [-0.7975, 37.696], [-0.8044, 37.7015], [-0.796357, 37.701042]]], [[[-0.688275, 37.632269], [-0.6884, 37.632244], [-0.68833, 37.632324], [-0.688275, 37.632269]]], [[[-0.757891, 37.787313], [-0.757847, 37.787285], [-0.757949, 37.787287], [-0.757891, 37.787313]]], [[[-0.756719, 37.791544], [-0.756788, 37.791509], [-0.756775, 37.791554], [-0.756719, 37.791544]]]]}}, {"type": "Feature", "properties": {"name": "Albacete", "code": "02"}, "geometry": {"type": "MultiPolygon", "coordinates": [[[[-1.483657, 39.41824], [-1.4881, 39.4006], [-1.4667, 39.4023], [-1.4767, 39.3931], [-1.4522, 39.3976], [-1.4682, 39.3833], [-1.4488, 39.3782], [-1.4551, 39.3608], [-1.4323, 39.3776], [-1.426, 39.3628], [-1.4147, 39.3803], [-1.3366, 39.334], [-1.3127, 39.3432], [-1.165, 39.3105], [-1.1808, 39.2118], [-1.2557, 39.1062], [-1.2668, 39.051], [-1.2265, 39.0247], [-1.1467, 38.9294], [-0.9594, 38.9446], [-0.9565, 38.9201], [-0.9245, 38.8918], [-0.9357, 38.8559], [-0.9249, 38.8234], [-0.9289, 38.7838], [-0.9614, 38.7748], [-0.9158, 38.696], [-0.9625, 38.6569], [-1.0341, 38.6566], [-1.1156, 38.7114], [-1.1197, 38.7377], [-1.1836, 38.7551], [-1.2498, 38.7386], [-1.3441, 38.6771], [-1.3667, 38.704], [-1.3838, 38.6992], [-1.4477, 38.6495], [-1.452, 38.5815], [-1.4877, 38.5633], [-1.4972, 38.5381], [-1.4799, 38.4798], [-1.4785, 38.3764], [-1.5582, 38.3252], [-1.5895, 38.31], [-1.6702, 38.3116], [-1.6927, 38.3378], [-1.6891, 38.367], [-1.7691, 38.3794], [-1.7711, 38.3649], [-1.7958, 38.3703], [-1.7843, 38.3562], [-1.9075, 38.298], [-1.9826, 38.2814], [-2.0226, 38.3007], [-2.0638, 38.2976], [-2.1137, 38.2382], [-2.2129, 38.203], [-2.2616, 38.113], [-2.3299, 38.0654], [-2.3416, 38.026], [-2.4221, 38.0334], [-2.5475, 38.0798], [-2.4463, 38.1852], [-2.4543, 38.2155], [-2.4366, 38.2721], [-2.4852, 38.3003], [-2.4824, 38.3962], [-2.5719, 38.4141], [-2.5666, 38.4905], [-2.5927, 38.5108], [-2.6797, 38.4969], [-2.7641, 38.535], [-2.7468, 38.5468], [-2.7655, 38.5739], [-2.7501, 38.6156], [-2.7637, 38.6279], [-2.7282, 38.6161], [-2.6689, 38.6492], [-2.6381, 38.7353], [-2.6963, 38.7829], [-2.7322, 38.7818], [-2.7623, 38.8808], [-2.8829, 38.9385], [-2.8323, 39.0232], [-2.8099, 39.0238], [-2.805, 39.0789], [-2.8427, 39.1345], [-2.7232, 39.2648], [-2.7434, 39.317], [-2.635, 39.3268], [-2.6193, 39.3401], [-2.5488, 39.3235], [-2.511, 39.3422], [-2.3741, 39.2328], [-2.3499, 39.2785], [-2.3212, 39.2837], [-2.2887, 39.2267], [-2.1687, 39.2811], [-2.051, 39.2667], [-2.0956, 39.3594], [-2.0203, 39.3518], [-2.0284, 39.3368], [-1.9898, 39.2937], [-1.8871, 39.3048], [-1.7699, 39.2805], [-1.7393, 39.3212], [-1.5557, 39.4018], [-1.483657, 39.41824]]]]}}, {"type": "Feature", "properties": {"name": "Ávila", "code": "05"}, "geometry": {"type": "MultiPolygon", "coordinates": [[[[-5.013857, 41.16425], [-4.8637, 41.094], [-4.815, 41.1034], [-4.8135, 41.1294], [-4.7862, 41.1436], [-4.7221, 41.1493], [-4.7127, 41.0621], [-4.6383, 41.0313], [-4.6067, 40.9708], [-4.5664, 40.9562], [-4.5596, 40.8858], [-4.5316, 40.8586], [-4.5567, 40.8363], [-4.5464, 40.8255], [-4.4938, 40.8335], [-4.4738, 40.7747], [-4.4311, 40.7424], [-4.4196, 40.6334], [-4.256, 40.6515], [-4.274, 40.6799], [-4.2529, 40.6895], [-4.1602, 40.6898], [-4.1735, 40.674], [-4.1612, 40.6235], [-4.2454, 40.6024], [-4.2621, 40.6052], [-4.2711, 40.629], [-4.2907, 40.6278], [-4.2786, 40.6032], [-4.2893, 40.5642], [-4.3282, 40.5338], [-4.3157, 40.4648], [-4.3413, 40.4287], [-4.3211, 40.4103], [-4.4217, 40.4062], [-4.4437, 40.3857], [-4.4386, 40.3528], [-4.4606, 40.3414], [-4.4558, 40.3194], [-4.5029, 40.3149], [-4.5268, 40.3449], [-4.5462, 40.3418], [-4.5294, 40.2931], [-4.5695, 40.2573], [-4.5657, 40.2182], [-4.6542, 40.1981], [-4.6873, 40.212], [-4.6981, 40.2822], [-4.7616, 40.2609], [-4.8035, 40.2753], [-4.8182, 40.2548], [-4.8077, 40.2353], [-4.9247, 40.17], [-4.9255, 40.136], [-4.9563, 40.1333], [-4.9545, 40.1211], [-5.0133, 40.1111], [-5.0067, 40.1299], [-5.027, 40.1584], [-5.0681, 40.1503], [-5.1414, 40.0918], [-5.1998, 40.0825], [-5.2153, 40.1078], [-5.336, 40.1158], [-5.368, 40.1641], [-5.3697, 40.2183], [-5.3444, 40.2648], [-5.4291, 40.2526], [-5.4709, 40.2079], [-5.531, 40.1947], [-5.61, 40.2155], [-5.622, 40.2459], [-5.6492, 40.2497], [-5.6927, 40.2921], [-5.7371, 40.2938], [-5.673, 40.3485], [-5.6864, 40.3554], [-5.6784, 40.387], [-5.6912, 40.422], [-5.6342, 40.4604], [-5.5609, 40.4771], [-5.5746, 40.4443], [-5.5259, 40.4224], [-5.5115, 40.4263], [-5.5098, 40.4637], [-5.4655, 40.4659], [-5.4285, 40.5645], [-5.5247, 40.5407], [-5.5162, 40.5854], [-5.5009, 40.5974], [-5.4997, 40.5816], [-5.4477, 40.5796], [-5.383, 40.6208], [-5.3659, 40.6488], [-5.3855, 40.6714], [-5.2144, 40.7578], [-5.219, 40.773], [-5.1615, 40.814], [-5.1638, 40.8684], [-5.115, 40.9028], [-5.1276, 40.9541], [-5.1048, 40.9603], [-5.0898, 40.9966], [-5.1066, 41.0295], [-5.1465, 41.0436], [-5.1486, 41.0922], [-5.1292, 41.1054], [-5.124, 41.1356], [-5.1001, 41.1471], [-5.0599, 41.1386], [-5.013857, 41.16425]]]]}}, {"type": "Feature", "properties": {"name": "Araba/Álava", "code": "01"}, "geometry": {"type": "MultiPolygon", "coordinates": [[[[-3.026895, 43.216568], [-3.0068, 43.1966], [-2.98, 43.2019], [-2.9464, 43.1709], [-2.9542, 43.1597], [-2.9358, 43.1362], [-2.9755, 43.0995], [-2.8942, 43.0464], [-2.6336, 43.0199], [-2.6337, 43.0448], [-2.6617, 43.0743], [-2.5466, 43.0882], [-2.5249, 43.0453], [-2.5496, 43.0198], [-2.5965, 43.0092], [-2.6027, 42.9822], [-2.581, 42.9643], [-2.5425, 42.9502], [-2.5353, 42.9734], [-2.3548, 42.95], [-2.2412, 42.886], [-2.2354, 42.8353], [-2.281, 42.7851], [-2.2622, 42.7485], [-2.3169, 42.7393], [-2.324, 42.7238], [-2.3169, 42.6825], [-2.2936, 42.6779], [-2.2885, 42.6551], [-2.3819, 42.6343], [-2.3763, 42.6507], [-2.4158, 42.6627], [-2.4831, 42.6122], [-2.5001, 42.6165], [-2.4906, 42.5854], [-2.4622, 42.5874], [-2.4532, 42.5671], [-2.4211, 42.6071], [-2.3968, 42.5991], [-2.3922, 42.517], [-2.4231, 42.5107], [-2.4206, 42.4892], [-2.5147, 42.4901], [-2.5106, 42.52], [-2.5374, 42.4952], [-2.5305, 42.4836], [-2.5683, 42.4941], [-2.597, 42.4729], [-2.6054, 42.5035], [-2.6477, 42.4833], [-2.6758, 42.5257], [-2.7057, 42.5172], [-2.6805, 42.5945], [-2.7408, 42.6226], [-2.7637, 42.6228], [-2.778, 42.5813], [-2.825, 42.5549], [-2.8408, 42.5812], [-2.8199, 42.5915], [-2.8188, 42.6127], [-2.8418, 42.6086], [-2.8429, 42.6296], [-2.8957, 42.6546], [-2.9025, 42.6936], [-2.9314, 42.7084], [-2.9806, 42.7038], [-3.017, 42.7411], [-3.042, 42.7395], [-3.0497, 42.7656], [-3.1479, 42.7567], [-3.1233, 42.7893], [-3.1592, 42.8046], [-3.1132, 42.8611], [-3.1149, 42.8892], [-3.1628, 42.8567], [-3.1907, 42.8695], [-3.2222, 42.8386], [-3.2055, 42.8274], [-3.2826, 42.8755], [-3.2772, 42.9016], [-3.2485, 42.9121], [-3.2247, 42.9497], [-3.1447, 42.9347], [-3.1493, 42.9171], [-3.0921, 42.8988], [-3.0189, 42.9085], [-2.9815, 42.9388], [-3.0448, 42.9739], [-2.9557, 42.9989], [-2.9857, 42.9921], [-2.986, 43.0121], [-3.0329, 43.0203], [-3.0185, 43.0377], [-3.0286, 43.0466], [-3.0497, 43.0472], [-3.089, 43.0016], [-3.1778, 43.022], [-3.1419, 43.0298], [-3.1403, 43.0671], [-3.1582, 43.074], [-3.1339, 43.0972], [-3.1817, 43.1203], [-3.1618, 43.1543], [-3.1383, 43.1632], [-3.1113, 43.1435], [-3.0269, 43.1614], [-3.0165, 43.2028], [-3.0401, 43.2099], [-3.026895, 43.216568]], [[-2.835474, 42.79627], [-2.8685, 42.7399], [-2.7845, 42.6989], [-2.7679, 42.666], [-2.6592, 42.6725], [-2.6349, 42.6478], [-2.5174, 42.6463], [-2.522, 42.684], [-2.5778, 42.6682], [-2.609, 42.696], [-2.5726, 42.7252], [-2.5583, 42.7627], [-2.5894, 42.7503], [-2.6023, 42.7706], [-2.6437, 42.7647], [-2.7316, 42.7945], [-2.8268, 42.7844], [-2.835474, 42.79627]]]]}}, {"type": "Feature", "properties": {"name": "Badajoz", "code": "06"}, "geometry": {"type": "MultiPolygon", "coordinates": [[[[-4.677889, 39.434849], [-4.6717, 39.4135], [-4.7042, 39.3645], [-4.7067, 39.3277], [-4.761, 39.3208], [-4.7082, 39.2099], [-4.649, 39.1649], [-4.8103, 39.1994], [-4.8532, 39.1524], [-4.8744, 39.1004], [-4.8269, 39.0641], [-4.8328, 39.0462], [-4.88, 39.0324], [-4.9625, 39.0587], [-4.9182, 38.957], [-4.8324, 38.9389], [-4.8473, 38.8824], [-4.9149, 38.8874], [-4.9435, 38.8544], [-4.99, 38.7398], [-5.0992, 38.7077], [-5.1845, 38.7197], [-5.1673, 38.6805], [-5.1858, 38.6742], [-5.1842, 38.6597], [-5.2085, 38.6677], [-5.2147, 38.6486], [-5.2238, 38.6567], [-5.2922, 38.6108], [-5.3085, 38.5776], [-5.3717, 38.5836], [-5.3927, 38.5535], [-5.3832, 38.5405], [-5.4069, 38.5437], [-5.4186, 38.5127], [-5.4795, 38.4847], [-5.4845, 38.4634], [-5.5192, 38.4635], [-5.5681, 38.4334], [-5.5845, 38.4003], [-5.5592, 38.3669], [-5.5756, 38.3291], [-5.526, 38.2641], [-5.5204, 38.2076], [-5.5387, 38.2006], [-5.5397, 38.1607], [-5.5759, 38.1496], [-5.5848, 38.1317], [-5.6334, 38.1381], [-5.6936, 38.0837], [-5.7349, 38.0863], [-5.7388, 38.1328], [-5.6953, 38.1497], [-5.7058, 38.1694], [-5.6841, 38.158], [-5.6886, 38.1819], [-5.7282, 38.1974], [-5.8747, 38.1583], [-5.8807, 38.1323], [-5.9264, 38.105], [-5.909, 38.0628], [-5.9342, 38.0469], [-5.9537, 37.9953], [-6.1153, 37.9818], [-6.1802, 37.941], [-6.2015, 37.9621], [-6.3036, 37.9783], [-6.3527, 38.0074], [-6.3672, 38.0489], [-6.4139, 38.0586], [-6.4524, 38.056], [-6.4436, 38.047], [-6.4766, 38.0078], [-6.5457, 38.0281], [-6.5823, 38.0208], [-6.5805, 38.0528], [-6.6221, 38.097], [-6.7328, 38.09], [-6.7701, 38.0995], [-6.7701, 38.1121], [-6.8083, 38.1112], [-6.7951, 38.1785], [-6.8553, 38.179], [-6.9378, 38.2069], [-6.9365, 38.2205], [-6.9718, 38.2024], [-7.0112, 38.2046], [-7.0286, 38.1826], [-7.0664, 38.1866], [-7.0856, 38.1694], [-7.1429, 38.2405], [-7.1506, 38.2757], [-7.1696, 38.2793], [-7.2805, 38.4203], [-7.3359, 38.4349], [-7.2956, 38.4778], [-7.3226, 38.4782], [-7.303, 38.5449], [-7.2441, 38.6236], [-7.2697, 38.6388], [-7.2553, 38.7259], [-7.1285, 38.8138], [-7.0892, 38.8189], [-7.0683, 38.8538], [-7.0393, 38.8648], [-7.0331, 38.8792], [-7.052, 38.9072], [-6.9513, 39.024], [-6.9959, 39.0993], [-7.0391, 39.1184], [-7.1058, 39.0993], [-7.1438, 39.1093], [-7.1346, 39.1711], [-7.2414, 39.2085], [-7.2478, 39.254], [-7.2314, 39.2784], [-7.2039, 39.2657], [-7.1552, 39.3145], [-7.1554, 39.3297], [-7.1685, 39.3202], [-7.1778, 39.3312], [-7.1543, 39.3675], [-7.0739, 39.3812], [-7.063, 39.3723], [-7.0791, 39.3514], [-7.0986, 39.3591], [-7.1021, 39.3464], [-7.0772, 39.3102], [-7.0441, 39.3269], [-7.0326, 39.3676], [-7.0093, 39.3885], [-7.067, 39.4143], [-7.0494, 39.4367], [-6.8832, 39.3828], [-6.8021, 39.3895], [-6.797, 39.3445], [-6.7467, 39.3218], [-6.7612, 39.2766], [-6.8009, 39.2394], [-6.7675, 39.1884], [-6.681, 39.1772], [-6.6597, 39.1991], [-6.6334, 39.1968], [-6.5801, 39.1798], [-6.5743, 39.1584], [-6.5399, 39.1553], [-6.5404, 39.1817], [-6.3791, 39.1628], [-6.3241, 39.1864], [-6.3116, 39.1116], [-6.2309, 39.0898], [-6.2031, 39.0565], [-6.1574, 39.0555], [-6.1421, 39.0316], [-6.0186, 39.1291], [-6.0093, 39.0525], [-5.9423, 39.1085], [-5.9267, 39.1046], [-5.9376, 39.0838], [-5.9247, 39.0832], [-5.8335, 39.1103], [-5.8104, 39.1446], [-5.7552, 39.1323], [-5.687, 39.0821], [-5.6459, 39.1023], [-5.6044, 39.1004], [-5.5836, 39.1181], [-5.6009, 39.1343], [-5.5766, 39.1509], [-5.6132, 39.1882], [-5.551, 39.2159], [-5.5281, 39.1915], [-5.5146, 39.2097], [-5.4598, 39.1584], [-5.4127, 39.157], [-5.384, 39.1742], [-5.3491, 39.2336], [-5.34, 39.3333], [-5.2476, 39.3018], [-5.1235, 39.3365], [-5.1136, 39.3875], [-5.0899, 39.3904], [-5.0538, 39.3624], [-4.9846, 39.3716], [-4.974, 39.3947], [-4.9365, 39.3961], [-4.8709, 39.3683], [-4.7746, 39.3972], [-4.6903, 39.4518], [-4.677889, 39.434849]]]]}}, {"type": "Feature", "properties": {"name": "Alacant/Alicante", "code": "03"}, "geometry": {"type": "MultiPolygon", "coordinates": [[[[-0.159684, 38.883508], [-0.1481, 38.8584], [-0.0706, 38.8857], [-0.0347, 38.8569], [-0.0248, 38.8726], [-0.0375, 38.8869], [0.0153, 38.8638], [0.1258, 38.8486], [0.1095, 38.8455], [0.1975, 38.804], [0.1821, 38.7939], [0.1902, 38.7735], [0.2248, 38.7643], [0.2217, 38.7583], [0.224, 38.749], [0.2339, 38.7369], [0.1824, 38.7208], [0.1486, 38.6793], [0.0985, 38.6728], [0.0736, 38.6447], [0.0839, 38.631], [0.0514, 38.6413], [0.0306, 38.6259], [-0.0159, 38.6267], [-0.0617, 38.582], [-0.0496, 38.5622], [-0.0976, 38.5235], [-0.152, 38.535], [-0.375, 38.443], [-0.4046, 38.4015], [-0.4038, 38.3525], [-0.4443, 38.3633], [-0.5106, 38.3259], [-0.5137, 38.1975], [-0.5953, 38.1879], [-0.6308, 38.1489], [-0.6476, 38.0], [-0.666, 37.9762], [-0.6967, 37.9695], [-0.7198, 37.9114], [-0.7491, 37.8997], [-0.7624, 37.847], [-0.8319, 37.8651], [-0.9212, 37.9442], [-1.0226, 38.0757], [-1.0368, 38.1377], [-0.9885, 38.1995], [-0.9677, 38.2756], [-0.9892, 38.3209], [-1.0844, 38.3462], [-1.0881, 38.3678], [-1.0772, 38.4315], [-1.0942, 38.4379], [-1.0136, 38.4967], [-1.0261, 38.5228], [-1.0016, 38.5727], [-1.0269, 38.6555], [-0.9625, 38.6569], [-0.9158, 38.696], [-0.9614, 38.7748], [-0.9289, 38.7838], [-0.905, 38.7671], [-0.8617, 38.7709], [-0.8346, 38.7324], [-0.7349, 38.7594], [-0.7072, 38.7338], [-0.644, 38.7281], [-0.6425, 38.7041], [-0.6181, 38.6867], [-0.5071, 38.743], [-0.5296, 38.7671], [-0.5656, 38.7554], [-0.5913, 38.7968], [-0.4619, 38.8076], [-0.4034, 38.8397], [-0.3814, 38.8349], [-0.3108, 38.8815], [-0.2305, 38.8535], [-0.159684, 38.883508]], [[-0.721108, 37.92103], [-0.721108, 37.92103]], [[0.086456, 38.659564], [0.086456, 38.659564]], [[-0.720814, 37.92024], [-0.720814, 37.92024]], [[0.2319, 38.736502], [0.2319, 38.736502]], [[0.155892, 38.691754], [0.155892, 38.691754]]], [[[-0.4802, 38.166964], [-0.472, 38.1665], [-0.4649, 38.1632], [-0.4843, 38.1664], [-0.4802, 38.166964]], [[-0.476419, 38.166081], [-0.476419, 38.166081]]]]}}, {"type": "Feature", "properties": {"name": "Ourense", "code": "32"}, "geometry": {"type": "MultiPolygon", "coordinates": [[[[-7.920184, 42.566658], [-7.8885, 42.5415], [-7.924, 42.525], [-7.9016, 42.5214], [-7.9132, 42.5084], [-7.8754, 42.5109], [-7.8013, 42.48], [-7.765, 42.494], [-7.7483, 42.48], [-7.7884, 42.4735], [-7.7889, 42.466], [-7.7132, 42.4524], [-7.6979, 42.4295], [-7.6314, 42.4071], [-7.6191, 42.3849], [-7.5761, 42.4049], [-7.542, 42.3844], [-7.5076, 42.3868], [-7.3992, 42.4356], [-7.3699, 42.4214], [-7.3069, 42.4294], [-7.2201, 42.3872], [-7.2309, 42.3591], [-7.2027, 42.3257], [-7.1493, 42.4362], [-7.0997, 42.4588], [-7.0771, 42.5082], [-6.9785, 42.4933], [-6.9601, 42.5178], [-6.9251, 42.5194], [-6.8601, 42.4888], [-6.8228, 42.4909], [-6.8083, 42.4686], [-6.8228, 42.4529], [-6.8143, 42.4274], [-6.8435, 42.4058], [-6.734, 42.3591], [-6.7343, 42.3187], [-6.767, 42.2575], [-6.8032, 42.2387], [-6.7871, 42.2157], [-6.8436, 42.2283], [-6.8782, 42.2195], [-6.9011, 42.1896], [-6.9428, 42.1733], [-6.9446, 42.1417], [-6.9898, 42.1213], [-7.0027, 42.0842], [-7.0336, 42.0742], [-7.0118, 42.0524], [-6.9748, 42.0552], [-6.9611, 42.0279], [-7.0062, 41.9505], [-7.0735, 41.9503], [-7.0876, 41.9739], [-7.1406, 41.9908], [-7.1782, 41.9796], [-7.1899, 41.9418], [-7.1735, 41.9195], [-7.1973, 41.8801], [-7.2327, 41.8672], [-7.3158, 41.8428], [-7.3673, 41.8517], [-7.4273, 41.8075], [-7.4256, 41.8311], [-7.4528, 41.8651], [-7.5021, 41.8696], [-7.5211, 41.8419], [-7.6136, 41.8293], [-7.5863, 41.882], [-7.6538, 41.8814], [-7.7012, 41.9081], [-7.845, 41.8815], [-7.8456, 41.8639], [-7.8765, 41.8495], [-7.8919, 41.8599], [-7.8844, 41.9244], [-7.9058, 41.9274], [-7.921, 41.879], [-7.9809, 41.8724], [-8.0133, 41.8288], [-8.0939, 41.8089], [-8.1651, 41.8183], [-8.1706, 41.879], [-8.1997, 41.874], [-8.217, 41.9136], [-8.1635, 41.9827], [-8.0855, 42.017], [-8.0843, 42.0474], [-8.1185, 42.0821], [-8.1873, 42.0746], [-8.199, 42.1544], [-8.1612, 42.1792], [-8.1923, 42.2091], [-8.1646, 42.2214], [-8.1618, 42.2441], [-8.2295, 42.2329], [-8.2646, 42.2529], [-8.262, 42.3154], [-8.3247, 42.345], [-8.3147, 42.381], [-8.342, 42.4657], [-8.3663, 42.4873], [-8.3027, 42.4902], [-8.1739, 42.572], [-8.1468, 42.5487], [-8.0905, 42.5578], [-8.0186, 42.5422], [-7.9925, 42.5725], [-7.928, 42.5785], [-7.920184, 42.566658]]]]}}, {"type": "Feature", "properties": {"name": "Barcelona", "code": "08"}, "geometry": {"type": "MultiPolygon", "coordinates": [[[[1.918206, 42.317783], [2.0699, 42.2916], [2.0167, 42.233], [2.0302, 42.2159], [2.0533, 42.2195], [2.0605, 42.1779], [2.0048, 42.1621], [1.9955, 42.1723], [2.0073, 42.1941], [1.9652, 42.1991], [1.9659, 42.1788], [1.9915, 42.1826], [2.004, 42.1495], [2.0604, 42.1354], [2.0923, 42.1443], [2.1259, 42.1131], [2.1447, 42.1314], [2.2011, 42.1243], [2.2151, 42.1421], [2.27, 42.1452], [2.2995, 42.1342], [2.2949, 42.1027], [2.366, 42.1213], [2.4002, 42.1028], [2.3945, 42.0868], [2.4175, 42.065], [2.458, 42.0793], [2.4903, 42.0673], [2.4822, 42.0493], [2.5062, 42.0323], [2.4989, 42.0015], [2.4688, 41.9938], [2.488, 41.9847], [2.4743, 41.9693], [2.4291, 41.9689], [2.4812, 41.916], [2.4427, 41.8875], [2.4071, 41.8957], [2.3826, 41.8715], [2.3697, 41.8855], [2.328, 41.883], [2.326, 41.8557], [2.3516, 41.8097], [2.4722, 41.7896], [2.4691, 41.7778], [2.516, 41.7619], [2.5473, 41.7191], [2.6576, 41.7477], [2.7769, 41.7355], [2.7579, 41.6791], [2.7778, 41.65], [2.5554, 41.5794], [2.369, 41.4904], [2.2665, 41.4591], [2.1983, 41.3869], [2.1718, 41.335], [2.1866, 41.3669], [2.1847, 41.3808], [2.1159, 41.2905], [1.6474, 41.1927], [1.641, 41.2354], [1.624, 41.2229], [1.5831, 41.2361], [1.5702, 41.2607], [1.6197, 41.2537], [1.6368, 41.296], [1.5882, 41.2936], [1.5955, 41.3088], [1.5587, 41.3431], [1.578, 41.3625], [1.5368, 41.3854], [1.5093, 41.3944], [1.473, 41.3808], [1.4902, 41.4015], [1.4751, 41.4295], [1.4952, 41.4356], [1.4685, 41.444], [1.4846, 41.4749], [1.3963, 41.5129], [1.4087, 41.5349], [1.4486, 41.5371], [1.431, 41.5557], [1.4545, 41.5692], [1.4197, 41.5826], [1.3928, 41.5751], [1.4066, 41.6005], [1.3596, 41.6135], [1.3917, 41.6341], [1.4483, 41.6361], [1.415, 41.6746], [1.4234, 41.6841], [1.3819, 41.7058], [1.4248, 41.7328], [1.403, 41.7453], [1.417, 41.7946], [1.4711, 41.8009], [1.4611, 41.7767], [1.4826, 41.7711], [1.4824, 41.791], [1.5048, 41.7879], [1.5307, 41.7526], [1.5726, 41.7822], [1.5936, 41.7779], [1.5888, 41.8047], [1.6115, 41.8178], [1.6303, 41.8588], [1.6191, 41.8815], [1.5689, 41.88], [1.653, 41.9288], [1.6501, 41.9797], [1.6753, 41.9825], [1.6695, 41.9699], [1.6827, 41.9674], [1.7192, 41.9845], [1.6977, 42.0147], [1.6974, 41.9852], [1.6479, 42.0002], [1.6559, 42.0209], [1.666, 42.0035], [1.6993, 42.0289], [1.6925, 42.0461], [1.6702, 42.0444], [1.6913, 42.0871], [1.7221, 42.0911], [1.6986, 42.1357], [1.7391, 42.1765], [1.738, 42.1894], [1.6803, 42.2062], [1.6804, 42.2244], [1.7046, 42.2388], [1.6846, 42.2564], [1.6901, 42.2771], [1.6703, 42.2817], [1.918206, 42.317783]], [[2.021793, 42.127677], [2.0025, 42.1256], [2.0075, 42.1073], [2.0298, 42.1212], [2.021793, 42.127677]], [[1.711086, 41.890393], [1.7188, 41.8824], [1.7249, 41.893], [1.7094, 41.8971], [1.711086, 41.890393]], [[1.628974, 41.310655], [1.6375, 41.3097], [1.6425, 41.313], [1.6332, 41.3135], [1.628974, 41.310655]]], [[[1.656713, 42.114444], [1.6831, 42.1144], [1.6919, 42.1103], [1.6449, 42.1126], [1.656713, 42.114444]]]]}}, {"type": "Feature", "properties": {"name": "Burgos", "code": "09"}, "geometry": {"type": "MultiPolygon", "coordinates": [[[[-3.249184, 43.195997], [-3.2241, 43.1701], [-3.1586, 43.1781], [-3.1412, 43.1654], [-3.1818, 43.1209], [-3.1339, 43.0972], [-3.1582, 43.074], [-3.1403, 43.0671], [-3.142, 43.0294], [-3.1778, 43.022], [-3.0603, 43.0035], [-3.0415, 42.9699], [-2.9812, 42.9394], [-3.0189, 42.9085], [-3.0921, 42.8988], [-3.1493, 42.9171], [-3.1447, 42.9347], [-3.2247, 42.9497], [-3.2485, 42.9121], [-3.2772, 42.9016], [-3.2826, 42.8755], [-3.2055, 42.8274], [-3.2222, 42.8386], [-3.1907, 42.8695], [-3.1628, 42.8567], [-3.1149, 42.8892], [-3.1132, 42.8611], [-3.1592, 42.8046], [-3.1233, 42.7893], [-3.1479, 42.7567], [-3.0497, 42.7656], [-3.042, 42.7395], [-3.017, 42.7411], [-2.9806, 42.7038], [-2.9314, 42.7084], [-2.9025, 42.6936], [-2.8961, 42.655], [-2.8581, 42.6382], [-2.916, 42.6195], [-2.9465, 42.6393], [-3.0842, 42.6407], [-3.0598, 42.5892], [-3.1343, 42.5421], [-3.0726, 42.5289], [-3.0947, 42.4881], [-3.046, 42.4452], [-3.0633, 42.4249], [-3.0569, 42.3703], [-3.0827, 42.3974], [-3.0782, 42.4158], [-3.1013, 42.4168], [-3.1053, 42.3864], [-3.0848, 42.3854], [-3.0635, 42.3567], [-3.1097, 42.3514], [-3.0886, 42.2457], [-3.1291, 42.1976], [-3.0344, 42.086], [-2.9312, 42.0868], [-2.9136, 42.0229], [-2.9505, 41.9939], [-2.9708, 41.9293], [-3.0081, 41.9222], [-3.0168, 41.8869], [-3.0972, 41.8811], [-3.1362, 41.8119], [-3.1714, 41.793], [-3.1945, 41.8289], [-3.2344, 41.8406], [-3.2433, 41.864], [-3.2838, 41.8838], [-3.2755, 41.7687], [-3.3544, 41.7373], [-3.3584, 41.6934], [-3.3934, 41.6906], [-3.4592, 41.5896], [-3.5292, 41.6126], [-3.5504, 41.5966], [-3.5416, 41.5776], [-3.5665, 41.58], [-3.5726, 41.5654], [-3.6168, 41.5772], [-3.661, 41.5661], [-3.7283, 41.5176], [-3.7237, 41.4792], [-3.7395, 41.4508], [-3.7698, 41.4602], [-3.7662, 41.5379], [-3.8038, 41.5246], [-3.7876, 41.4859], [-3.8239, 41.4811], [-3.8946, 41.5522], [-3.9816, 41.5837], [-4.0059, 41.6194], [-4.0353, 41.6206], [-4.026, 41.6924], [-4.0767, 41.7336], [-4.0558, 41.7407], [-4.038, 41.7899], [-4.0901, 41.8309], [-4.0793, 41.8484], [-4.0888, 41.8706], [-4.0376, 41.8728], [-3.9807, 41.9006], [-3.9813, 41.9307], [-3.9291, 41.9594], [-3.892, 41.9579], [-3.8897, 41.9909], [-3.9102, 41.997], [-4.033, 41.9541], [-4.0148, 41.9986], [-3.9711, 42.0332], [-3.9817, 42.051], [-4.0392, 42.0534], [-4.0799, 42.0368], [-4.1041, 42.0616], [-4.103, 42.087], [-4.0775, 42.0827], [-4.0562, 42.1009], [-4.1038, 42.1097], [-4.1202, 42.1281], [-4.205, 42.1336], [-4.1886, 42.1764], [-4.2314, 42.2084], [-4.2288, 42.2504], [-4.2441, 42.2594], [-4.2648, 42.3525], [-4.2805, 42.3638], [-4.2727, 42.3857], [-4.3216, 42.3799], [-4.331, 42.3909], [-4.3162, 42.41], [-4.3353, 42.4306], [-4.3171, 42.4589], [-4.2426, 42.4562], [-4.2544, 42.4679], [-4.247, 42.4947], [-4.2862, 42.512], [-4.2721, 42.52], [-4.2777, 42.5447], [-4.3033, 42.5554], [-4.3053, 42.5708], [-4.2708, 42.5814], [-4.2854, 42.582], [-4.2939, 42.6053], [-4.2639, 42.618], [-4.2932, 42.6909], [-4.2667, 42.7053], [-4.257, 42.6881], [-4.145, 42.7525], [-4.1096, 42.7339], [-4.0853, 42.7641], [-3.9907, 42.771], [-3.9657, 42.7586], [-3.911, 42.7684], [-3.8944, 42.8045], [-3.8634, 42.7865], [-3.8229, 42.7991], [-3.8267, 42.8709], [-3.8637, 42.8898], [-3.8802, 42.8514], [-3.9148, 42.8601], [-3.8975, 42.8803], [-3.9243, 42.8892], [-3.8929, 42.8874], [-3.9106, 42.9109], [-3.8686, 42.8991], [-3.8335, 42.918], [-3.8395, 42.9398], [-3.8874, 42.9488], [-3.8913, 42.9255], [-3.9335, 42.8996], [-3.93, 42.9148], [-3.9746, 42.9124], [-3.9872, 42.9405], [-3.9455, 43.0058], [-3.9093, 43.0161], [-3.8907, 43.0418], [-3.8508, 43.0392], [-3.8318, 43.0638], [-3.847, 43.0844], [-3.7646, 43.081], [-3.7549, 43.1005], [-3.7047, 43.1163], [-3.6518, 43.1808], [-3.6124, 43.1695], [-3.6035, 43.1496], [-3.4346, 43.1317], [-3.249184, 43.195997]], [[-4.089605, 42.160566], [-4.1118, 42.1586], [-4.11, 42.1432], [-4.0621, 42.1316], [-4.0656, 42.1635], [-4.089605, 42.160566]], [[-4.034554, 42.106578], [-4.0276, 42.0879], [-4.0319, 42.0786], [-4.0244, 42.0836], [-4.034554, 42.106578]]], [[[-2.827707, 42.787973], [-2.7316, 42.7945], [-2.6437, 42.7647], [-2.6023, 42.7706], [-2.5894, 42.7503], [-2.5583, 42.7627], [-2.5726, 42.7252], [-2.609, 42.696], [-2.5778, 42.6682], [-2.522, 42.684], [-2.5174, 42.6463], [-2.6349, 42.6478], [-2.6592, 42.6725], [-2.7679, 42.666], [-2.7845, 42.6989], [-2.8685, 42.7399], [-2.8355, 42.7963], [-2.827707, 42.787973]]], [[[-2.934887, 42.594407], [-2.9452, 42.6039], [-2.9345, 42.6141], [-2.9226, 42.6008], [-2.934887, 42.594407]]], [[[-4.247809, 42.736042], [-4.2513, 42.7265], [-4.2632, 42.7305], [-4.2606, 42.7389], [-4.247809, 42.736042]]], [[[-2.991941, 42.604557], [-2.9945, 42.6155], [-2.9852, 42.6142], [-2.991941, 42.604557]]]]}}, {"type": "Feature", "properties": {"name": "Cáceres", "code": "10"}, "geometry": {"type": "MultiPolygon", "coordinates": [[[[-6.230476, 40.486602], [-6.1571, 40.4566], [-6.147, 40.4361], [-6.1161, 40.4416], [-6.1295, 40.4208], [-6.0651, 40.3969], [-6.0852, 40.3905], [-6.0722, 40.387], [-6.0824, 40.3632], [-6.1057, 40.3568], [-6.016, 40.3403], [-6.0059, 40.3058], [-5.9378, 40.2811], [-5.9172, 40.2777], [-5.8842, 40.3266], [-5.7993, 40.3538], [-5.782, 40.3125], [-5.8027, 40.2976], [-5.7931, 40.2867], [-5.6927, 40.2921], [-5.6492, 40.2497], [-5.622, 40.2459], [-5.6145, 40.2183], [-5.5481, 40.1972], [-5.4709, 40.2079], [-5.4291, 40.2526], [-5.3432, 40.2641], [-5.3697, 40.2183], [-5.368, 40.1641], [-5.336, 40.1158], [-5.369, 40.1001], [-5.3651, 39.9829], [-5.4061, 39.8777], [-5.3236, 39.8917], [-5.284, 39.8639], [-5.3126, 39.8243], [-5.3081, 39.76], [-5.2548, 39.7523], [-5.2065, 39.7976], [-5.1669, 39.7999], [-5.1585, 39.7597], [-5.174, 39.7513], [-5.1378, 39.715], [-5.1618, 39.6424], [-5.2066, 39.5972], [-4.9525, 39.395], [-4.9746, 39.3943], [-4.9842, 39.3717], [-5.0538, 39.3624], [-5.0899, 39.3904], [-5.1136, 39.3875], [-5.1235, 39.3365], [-5.2476, 39.3018], [-5.34, 39.3333], [-5.3491, 39.2336], [-5.384, 39.1742], [-5.4127, 39.157], [-5.4598, 39.1584], [-5.5146, 39.2097], [-5.5281, 39.1915], [-5.551, 39.2159], [-5.6132, 39.1882], [-5.5766, 39.1509], [-5.6009, 39.1343], [-5.5836, 39.1181], [-5.6044, 39.1004], [-5.6459, 39.1023], [-5.687, 39.0821], [-5.7552, 39.1323], [-5.8104, 39.1446], [-5.8335, 39.1103], [-5.9247, 39.0832], [-5.9376, 39.0838], [-5.9267, 39.1046], [-5.9423, 39.1085], [-6.0093, 39.0525], [-6.0186, 39.1291], [-6.1421, 39.0316], [-6.1574, 39.0555], [-6.2031, 39.0565], [-6.2309, 39.0898], [-6.3116, 39.1116], [-6.3241, 39.1864], [-6.3791, 39.1628], [-6.5404, 39.1817], [-6.5399, 39.1553], [-6.5743, 39.1584], [-6.5801, 39.1798], [-6.6334, 39.1968], [-6.6597, 39.1991], [-6.681, 39.1772], [-6.7675, 39.1884], [-6.8009, 39.2394], [-6.7612, 39.2766], [-6.7467, 39.3218], [-6.797, 39.3445], [-6.8044, 39.3904], [-6.8832, 39.3828], [-7.0494, 39.4367], [-7.067, 39.4143], [-7.0093, 39.3885], [-7.0459, 39.3249], [-7.0796, 39.3114], [-7.103, 39.3546], [-7.0791, 39.3514], [-7.063, 39.3723], [-7.1257, 39.3812], [-7.1612, 39.3613], [-7.1778, 39.3308], [-7.152, 39.3215], [-7.2039, 39.2657], [-7.3083, 39.3368], [-7.3235, 39.3819], [-7.2965, 39.4589], [-7.3813, 39.4918], [-7.3911, 39.5299], [-7.4297, 39.5345], [-7.4609, 39.5726], [-7.4959, 39.5864], [-7.5448, 39.6638], [-7.3328, 39.6412], [-7.2501, 39.6672], [-7.1493, 39.6529], [-7.0153, 39.6708], [-6.9767, 39.7727], [-6.9869, 39.8101], [-6.9035, 39.8713], [-6.9089, 39.9192], [-6.8858, 39.9404], [-6.8856, 39.9804], [-6.8641, 40.0125], [-6.9416, 40.1129], [-6.9934, 40.1127], [-7.0119, 40.1269], [-7.0156, 40.1781], [-7.0289, 40.1853], [-7.0122, 40.2265], [-6.9646, 40.2376], [-6.9505, 40.2583], [-6.8651, 40.2706], [-6.8345, 40.2476], [-6.7556, 40.2389], [-6.7186, 40.2692], [-6.6901, 40.2427], [-6.6718, 40.2632], [-6.587, 40.2707], [-6.5562, 40.2908], [-6.5604, 40.329], [-6.5363, 40.3472], [-6.4383, 40.3728], [-6.4188, 40.3993], [-6.3714, 40.4019], [-6.3446, 40.4428], [-6.2753, 40.4585], [-6.230476, 40.486602]]]]}}, {"type": "Feature", "properties": {"name": "Cádiz", "code": "11"}, "geometry": {"type": "MultiPolygon", "coordinates": [[[[-5.431317, 37.050394], [-5.4201, 37.0132], [-5.4603, 36.9753], [-5.439, 36.9353], [-5.4128, 36.9407], [-5.3924, 36.9733], [-5.3021, 37.0374], [-5.3002, 37.0137], [-5.2345, 36.941], [-5.1424, 37.0039], [-5.1151, 36.989], [-5.0956, 36.9683], [-5.1101, 36.9593], [-5.0868, 36.9051], [-5.1051, 36.8979], [-5.1333, 36.8391], [-5.1704, 36.8235], [-5.222, 36.8427], [-5.2698, 36.8842], [-5.3016, 36.8696], [-5.3407, 36.8194], [-5.3198, 36.7867], [-5.2909, 36.7752], [-5.3246, 36.724], [-5.324, 36.6733], [-5.3807, 36.6318], [-5.4559, 36.6196], [-5.4608, 36.5888], [-5.5233, 36.5311], [-5.6105, 36.5442], [-5.6083, 36.5123], [-5.5243, 36.4977], [-5.4924, 36.5365], [-5.4293, 36.5332], [-5.3472, 36.4186], [-5.3201, 36.3251], [-5.2778, 36.3371], [-5.2524, 36.3112], [-5.317, 36.2292], [-5.3386, 36.1535], [-5.365, 36.155], [-5.3522, 36.1562], [-5.3914, 36.1809], [-5.4406, 36.1621], [-5.4473, 36.1391], [-5.4431, 36.1287], [-5.4359, 36.1407], [-5.4436, 36.1274], [-5.43, 36.1408], [-5.4426, 36.1196], [-5.4311, 36.1056], [-5.4435, 36.0896], [-5.4295, 36.071], [-5.6111, 36.0001], [-5.6525, 36.0532], [-5.6893, 36.0674], [-5.7238, 36.0601], [-5.7763, 36.0878], [-5.7972, 36.0783], [-5.9149, 36.1848], [-6.0345, 36.1812], [-6.1028, 36.2841], [-6.1511, 36.3065], [-6.1822, 36.3686], [-6.2188, 36.3926], [-6.2888, 36.5234], [-6.3096, 36.5286], [-6.3051, 36.5367], [-6.2905, 36.5377], [-6.2873, 36.5428], [-6.2794, 36.543], [-6.2923, 36.5329], [-6.2768, 36.5407], [-6.2686, 36.532], [-6.2819, 36.5275], [-6.2564, 36.5078], [-6.2576, 36.4731], [-6.2298, 36.4626], [-6.1732, 36.5214], [-6.2005, 36.5287], [-6.2079, 36.5096], [-6.2456, 36.509], [-6.258, 36.5292], [-6.2291, 36.5251], [-6.2328, 36.5849], [-6.2494, 36.5723], [-6.2382, 36.5845], [-6.2659, 36.5798], [-6.2998, 36.6179], [-6.3201, 36.612], [-6.3112, 36.6178], [-6.3301, 36.6244], [-6.3262, 36.6104], [-6.3374, 36.6253], [-6.3537, 36.6142], [-6.3883, 36.629], [-6.4428, 36.7377], [-6.3424, 36.7944], [-6.3532, 36.855], [-6.331, 36.8988], [-6.2783, 36.9108], [-6.2538, 36.8939], [-6.1562, 36.8856], [-6.1044, 36.8573], [-5.8911, 36.8422], [-5.8765, 36.8947], [-5.8455, 36.9152], [-5.7138, 36.9204], [-5.6676, 36.976], [-5.6181, 36.9402], [-5.5871, 36.947], [-5.5834, 36.9151], [-5.5338, 36.8935], [-5.5461, 36.9302], [-5.4697, 36.9839], [-5.511, 37.0336], [-5.431317, 37.050394]]]]}}, {"type": "Feature", "properties": {"name": "Castelló/Castellón", "code": "12"}, "geometry": {"type": "MultiPolygon", "coordinates": [[[[-0.164957, 40.788631], [-0.1445, 40.7854], [-0.1268, 40.7533], [-0.0647, 40.7274], [0.0157, 40.7284], [0.0264, 40.695], [0.0422, 40.691], [0.1125, 40.7271], [0.1439, 40.7183], [0.2261, 40.7332], [0.2365, 40.7017], [0.2624, 40.7059], [0.2918, 40.6886], [0.2678, 40.659], [0.2788, 40.6301], [0.402, 40.6024], [0.4439, 40.5782], [0.438, 40.5471], [0.5132, 40.516], [0.4178, 40.4006], [0.4084, 40.3573], [0.2784, 40.2441], [0.264, 40.2086], [0.1905, 40.1704], [0.1476, 40.0829], [0.0497, 40.0354], [-0.0052, 39.9152], [-0.067, 39.8574], [-0.0889, 39.854], [-0.1883, 39.7219], [-0.2642, 39.7455], [-0.2765, 39.7705], [-0.3283, 39.8015], [-0.3779, 39.7999], [-0.3961, 39.7586], [-0.4562, 39.7147], [-0.5306, 39.796], [-0.577, 39.7732], [-0.5882, 39.7417], [-0.6523, 39.7541], [-0.6562, 39.836], [-0.6911, 39.8525], [-0.7126, 39.8168], [-0.7305, 39.8148], [-0.7736, 39.8698], [-0.8329, 39.911], [-0.8463, 39.9477], [-0.8379, 39.9766], [-0.7776, 39.9984], [-0.7536, 40.0466], [-0.6829, 40.0442], [-0.6272, 40.0762], [-0.6136, 40.07], [-0.6285, 40.1026], [-0.5786, 40.1373], [-0.5442, 40.2517], [-0.4945, 40.2287], [-0.4281, 40.2438], [-0.3836, 40.2648], [-0.4004, 40.2949], [-0.3886, 40.3069], [-0.3663, 40.3051], [-0.3406, 40.34], [-0.282, 40.3653], [-0.2852, 40.3863], [-0.3474, 40.4439], [-0.2726, 40.4738], [-0.2776, 40.5015], [-0.3018, 40.5154], [-0.2933, 40.611], [-0.3705, 40.6136], [-0.3811, 40.6642], [-0.3288, 40.6803], [-0.307, 40.6595], [-0.236, 40.6911], [-0.224, 40.7542], [-0.1972, 40.7845], [-0.164957, 40.788631]]], [[[0.690185, 39.895397], [0.690537, 39.895467], [0.690325, 39.895177], [0.690185, 39.895397]]], [[[0.673717, 39.851293], [0.673877, 39.851504], [0.674022, 39.851373], [0.673717, 39.851293]]], [[[0.674372, 39.851137], [0.674582, 39.851139], [0.674488, 39.850899], [0.674372, 39.851137]]], [[[0.672587, 39.851851], [0.6728, 39.851898], [0.67274, 39.851657], [0.672587, 39.851851]]], [[[0.674194, 39.851305], [0.674329, 39.851436], [0.674437, 39.851261], [0.674194, 39.851305]]]]}}, {"type": "Feature", "properties": {"name": "Ciudad Real", "code": "13"}, "geometry": {"type": "MultiPolygon", "coordinates": [[[[-4.138967, 39.566451], [-4.0418, 39.5754], [-4.0301, 39.522], [-4.0601, 39.5214], [-4.0681, 39.4571], [-4.1181, 39.4569], [-4.1481, 39.3628], [-4.1205, 39.3626], [-4.1044, 39.3411], [-4.0734, 39.3653], [-3.9722, 39.3522], [-3.9669, 39.2986], [-3.8574, 39.2585], [-3.7912, 39.2929], [-3.7225, 39.2696], [-3.6802, 39.2983], [-3.5326, 39.3042], [-3.4769, 39.3431], [-3.4705, 39.3721], [-3.4103, 39.4046], [-3.3091, 39.3992], [-3.3159, 39.4345], [-3.2942, 39.4708], [-3.1852, 39.4742], [-3.1845, 39.488], [-3.1573, 39.4961], [-3.0696, 39.4503], [-3.0226, 39.457], [-2.9995, 39.4416], [-2.9568, 39.4472], [-2.9277, 39.4708], [-2.9318, 39.4528], [-2.8699, 39.3905], [-2.8966, 39.3668], [-2.8824, 39.3509], [-2.8341, 39.3535], [-2.7932, 39.3977], [-2.776, 39.3948], [-2.7222, 39.2672], [-2.8427, 39.1345], [-2.805, 39.0789], [-2.8088, 39.0287], [-2.8323, 39.0232], [-2.8829, 38.9385], [-2.8358, 38.906], [-2.7925, 38.9056], [-2.7616, 38.8798], [-2.7527, 38.8147], [-2.7322, 38.7818], [-2.6963, 38.7829], [-2.641, 38.7431], [-2.6689, 38.6492], [-2.7282, 38.6161], [-2.7637, 38.6279], [-2.7501, 38.6156], [-2.7655, 38.5739], [-2.7468, 38.5468], [-2.78, 38.5097], [-2.8815, 38.4526], [-2.9058, 38.4699], [-2.9636, 38.4715], [-2.9935, 38.4501], [-3.0017, 38.4083], [-3.065, 38.4782], [-3.1383, 38.4386], [-3.2794, 38.4602], [-3.3265, 38.4821], [-3.375, 38.4752], [-3.3767, 38.4396], [-3.4517, 38.4003], [-3.5284, 38.4086], [-3.5419, 38.4454], [-3.5831, 38.4515], [-3.5982, 38.3985], [-3.7856, 38.4253], [-3.8301, 38.4128], [-3.8306, 38.3929], [-3.8543, 38.3751], [-3.9151, 38.3688], [-4.1566, 38.3813], [-4.2578, 38.4016], [-4.2768, 38.3902], [-4.2689, 38.3472], [-4.2873, 38.3428], [-4.453, 38.4009], [-4.5127, 38.4639], [-4.5663, 38.4909], [-4.5937, 38.4864], [-4.6228, 38.5238], [-4.7039, 38.5532], [-4.7074, 38.5719], [-4.8602, 38.614], [-4.877, 38.6861], [-5.0046, 38.6951], [-5.008, 38.7152], [-5.0469, 38.7291], [-4.99, 38.7398], [-4.9435, 38.8544], [-4.9149, 38.8874], [-4.8473, 38.8824], [-4.8311, 38.9356], [-4.9182, 38.957], [-4.9625, 39.0587], [-4.88, 39.0324], [-4.8328, 39.0462], [-4.8269, 39.0641], [-4.8744, 39.1004], [-4.8532, 39.1524], [-4.8103, 39.1994], [-4.6479, 39.1669], [-4.7082, 39.2099], [-4.761, 39.3208], [-4.7067, 39.3277], [-4.7042, 39.3645], [-4.6695, 39.4245], [-4.6877, 39.4503], [-4.6181, 39.4544], [-4.6184, 39.4847], [-4.5679, 39.4973], [-4.5546, 39.5108], [-4.5614, 39.5331], [-4.5427, 39.544], [-4.5311, 39.5316], [-4.525, 39.5616], [-4.4822, 39.5388], [-4.5112, 39.5221], [-4.4616, 39.4785], [-4.4419, 39.5231], [-4.3772, 39.496], [-4.2421, 39.4779], [-4.1932, 39.4954], [-4.1587, 39.5768], [-4.138967, 39.566451]]], [[[-4.76776, 39.515615], [-4.7429, 39.4875], [-4.7405, 39.4562], [-4.767, 39.4335], [-4.7554, 39.4157], [-4.7731, 39.3979], [-4.8709, 39.3683], [-4.9407, 39.3951], [-4.9082, 39.4937], [-4.8631, 39.5561], [-4.76776, 39.515615]]]]}}, {"type": "Feature", "properties": {"name": "Jaén", "code": "23"}, "geometry": {"type": "MultiPolygon", "coordinates": [[[[-2.766826, 38.532968], [-2.7025, 38.5011], [-2.5997, 38.5129], [-2.5702, 38.4948], [-2.5719, 38.4141], [-2.4824, 38.3962], [-2.4852, 38.3003], [-2.4366, 38.2721], [-2.4543, 38.2155], [-2.4463, 38.1852], [-2.5397, 38.0926], [-2.6063, 38.0619], [-2.5959, 38.0532], [-2.6051, 37.9981], [-2.6698, 37.9614], [-2.7027, 37.9715], [-2.7846, 37.9176], [-2.8732, 37.7915], [-2.8803, 37.7599], [-2.9038, 37.7512], [-2.9015, 37.6893], [-2.884, 37.6813], [-2.9779, 37.634], [-2.9782, 37.6028], [-3.051, 37.6184], [-3.0882, 37.5955], [-3.1721, 37.6429], [-3.2157, 37.6442], [-3.2625, 37.6392], [-3.2962, 37.5883], [-3.3993, 37.5641], [-3.5065, 37.6172], [-3.5362, 37.5973], [-3.5364, 37.5808], [-3.6271, 37.5285], [-3.7762, 37.4765], [-3.7856, 37.4909], [-3.8412, 37.3862], [-3.9509, 37.3783], [-3.9837, 37.3885], [-4.0481, 37.468], [-4.0877, 37.4861], [-4.06, 37.5058], [-4.0981, 37.5115], [-4.121, 37.5543], [-4.1607, 37.5751], [-4.1738, 37.6101], [-4.2201, 37.6202], [-4.2281, 37.6395], [-4.1644, 37.6815], [-4.1835, 37.707], [-4.2386, 37.7201], [-4.2079, 37.7801], [-4.2867, 37.7965], [-4.2581, 37.9393], [-4.2825, 38.022], [-4.26, 38.0222], [-4.2688, 38.0401], [-4.2401, 38.047], [-4.2519, 38.0635], [-4.2141, 38.0895], [-4.218, 38.1108], [-4.1612, 38.1455], [-4.1679, 38.1808], [-4.2012, 38.2141], [-4.196, 38.2378], [-4.2167, 38.247], [-4.2102, 38.3015], [-4.2385, 38.3151], [-4.2374, 38.3415], [-4.2693, 38.3477], [-4.2787, 38.3775], [-4.2682, 38.398], [-3.9151, 38.3688], [-3.8543, 38.3751], [-3.8306, 38.3929], [-3.8301, 38.4128], [-3.7856, 38.4253], [-3.5982, 38.3985], [-3.5831, 38.4515], [-3.5674, 38.452], [-3.5352, 38.4394], [-3.5284, 38.4086], [-3.471, 38.398], [-3.4248, 38.4068], [-3.3767, 38.4396], [-3.375, 38.4752], [-3.3265, 38.4821], [-3.2794, 38.4602], [-3.1383, 38.4386], [-3.065, 38.4782], [-3.0017, 38.4083], [-2.9935, 38.4501], [-2.9636, 38.4715], [-2.9058, 38.4699], [-2.8815, 38.4526], [-2.78, 38.5097], [-2.766826, 38.532968]]]]}}, {"type": "Feature", "properties": {"name": "Córdoba", "code": "14"}, "geometry": {"type": "MultiPolygon", "coordinates": [[[[-5.035409, 38.726189], [-5.0045, 38.7118], [-5.0046, 38.6951], [-4.877, 38.6861], [-4.8602, 38.614], [-4.7074, 38.5719], [-4.7039, 38.5532], [-4.6228, 38.5238], [-4.5937, 38.4864], [-4.5663, 38.4909], [-4.5127, 38.4639], [-4.453, 38.4009], [-4.2873, 38.3428], [-4.2374, 38.3415], [-4.2385, 38.3151], [-4.2102, 38.3015], [-4.2167, 38.247], [-4.196, 38.2378], [-4.2012, 38.2141], [-4.1679, 38.1808], [-4.1612, 38.145], [-4.218, 38.1108], [-4.2141, 38.0895], [-4.2519, 38.0635], [-4.2401, 38.047], [-4.2689, 38.0398], [-4.26, 38.0222], [-4.2823, 38.0228], [-4.2581, 37.9393], [-4.2867, 37.7965], [-4.2066, 37.7787], [-4.2386, 37.7201], [-4.1835, 37.707], [-4.1644, 37.6815], [-4.2281, 37.6395], [-4.2201, 37.6202], [-4.1738, 37.6101], [-4.1607, 37.5751], [-4.121, 37.5543], [-4.0981, 37.5115], [-4.06, 37.5058], [-4.0877, 37.4861], [-4.0481, 37.468], [-4.0008, 37.4021], [-4.0859, 37.4037], [-4.1578, 37.3423], [-4.204, 37.3529], [-4.2364, 37.3359], [-4.2365, 37.2972], [-4.2633, 37.2604], [-4.2553, 37.2296], [-4.2956, 37.1994], [-4.3276, 37.1843], [-4.3226, 37.2045], [-4.3716, 37.2152], [-4.3826, 37.2315], [-4.3797, 37.2752], [-4.418, 37.2824], [-4.4852, 37.2525], [-4.4776, 37.2447], [-4.4981, 37.2233], [-4.6023, 37.2092], [-4.6138, 37.2551], [-4.6453, 37.2469], [-4.6621, 37.2837], [-4.6811, 37.29], [-4.6585, 37.3043], [-4.6841, 37.3154], [-4.6684, 37.3198], [-4.6719, 37.335], [-4.6857, 37.3303], [-4.7187, 37.3585], [-4.7292, 37.3353], [-4.7822, 37.3285], [-4.8221, 37.3582], [-4.8147, 37.3775], [-4.8498, 37.4107], [-4.8406, 37.436], [-4.8847, 37.438], [-4.8753, 37.4505], [-4.9041, 37.4674], [-4.9045, 37.4895], [-4.9152, 37.4842], [-4.906, 37.4998], [-4.9487, 37.5215], [-4.932, 37.5459], [-4.9317, 37.6173], [-4.9743, 37.6002], [-4.9538, 37.6524], [-4.9998, 37.7066], [-5.0472, 37.7183], [-5.0726, 37.7077], [-5.0915, 37.6799], [-5.0764, 37.6689], [-5.07, 37.6618], [-5.0979, 37.6703], [-5.1086, 37.7007], [-5.1297, 37.6987], [-5.1079, 37.6626], [-5.1501, 37.6609], [-5.1768, 37.6806], [-5.2745, 37.6253], [-5.3233, 37.6142], [-5.3519, 37.5843], [-5.414, 37.6453], [-5.3937, 37.6553], [-5.4129, 37.665], [-5.4037, 37.693], [-5.3868, 37.6973], [-5.3763, 37.6776], [-5.3448, 37.7053], [-5.3271, 37.6916], [-5.3076, 37.6992], [-5.3098, 37.7736], [-5.3499, 37.7943], [-5.3445, 37.8399], [-5.4147, 37.8695], [-5.4156, 37.9437], [-5.4743, 37.9754], [-5.4938, 37.9969], [-5.4951, 38.0418], [-5.5388, 38.0938], [-5.5817, 38.1155], [-5.5856, 38.1404], [-5.5397, 38.1607], [-5.5387, 38.2006], [-5.5204, 38.2084], [-5.526, 38.2641], [-5.5756, 38.3291], [-5.5592, 38.3669], [-5.5843, 38.401], [-5.5528, 38.4456], [-5.4845, 38.4634], [-5.4795, 38.4847], [-5.41, 38.5202], [-5.4069, 38.5437], [-5.3837, 38.5398], [-5.3927, 38.5535], [-5.3717, 38.5836], [-5.3085, 38.5776], [-5.2922, 38.6108], [-5.2238, 38.6567], [-5.2147, 38.6486], [-5.2085, 38.6677], [-5.1842, 38.6597], [-5.1858, 38.6742], [-5.1673, 38.6805], [-5.1845, 38.7197], [-5.0992, 38.7077], [-5.035409, 38.726189]]], [[[-5.08114, 37.646553], [-5.0468, 37.6319], [-5.0312, 37.6415], [-5.0178, 37.5925], [-5.0479, 37.6081], [-5.0404, 37.6262], [-5.08114, 37.646553]]]]}}, {"type": "Feature", "properties": {"name": "Cuenca", "code": "16"}, "geometry": {"type": "MultiPolygon", "coordinates": [[[[-2.152111, 40.657693], [-2.0912, 40.6464], [-2.0358, 40.6016], [-1.9855, 40.5854], [-1.9659, 40.592], [-1.9645, 40.6115], [-1.9234, 40.5919], [-1.9095, 40.5417], [-1.882, 40.5188], [-1.8533, 40.4237], [-1.8367, 40.4277], [-1.8119, 40.4001], [-1.7778, 40.3919], [-1.6977, 40.3213], [-1.7295, 40.3029], [-1.7193, 40.2771], [-1.6903, 40.3097], [-1.5405, 40.1908], [-1.5109, 40.2037], [-1.4744, 40.185], [-1.4392, 40.197], [-1.4562, 40.131], [-1.4076, 40.1014], [-1.4203, 40.0935], [-1.3769, 40.0165], [-1.2495, 39.9951], [-1.1652, 40.0101], [-1.1424, 39.9718], [-1.2082, 39.9438], [-1.2, 39.8587], [-1.215, 39.8088], [-1.2754, 39.7386], [-1.262, 39.6989], [-1.3079, 39.6708], [-1.3685, 39.6896], [-1.4179, 39.6549], [-1.4618, 39.5769], [-1.5207, 39.55], [-1.5026, 39.5456], [-1.4992, 39.5005], [-1.5125, 39.4963], [-1.5134, 39.4583], [-1.5289, 39.4546], [-1.5209, 39.4315], [-1.4967, 39.4293], [-1.5052, 39.418], [-1.7393, 39.3212], [-1.7699, 39.2805], [-1.8871, 39.3048], [-1.9898, 39.2937], [-2.0284, 39.3368], [-2.0203, 39.3518], [-2.0956, 39.3594], [-2.051, 39.2667], [-2.1687, 39.2811], [-2.2887, 39.2267], [-2.3212, 39.2837], [-2.3499, 39.2785], [-2.3741, 39.2328], [-2.511, 39.3422], [-2.5488, 39.3235], [-2.6193, 39.3401], [-2.635, 39.3268], [-2.7423, 39.3182], [-2.776, 39.3948], [-2.7932, 39.3977], [-2.8306, 39.3551], [-2.8824, 39.3509], [-2.8966, 39.3668], [-2.8702, 39.3911], [-2.9323, 39.4539], [-2.9255, 39.6018], [-2.9082, 39.6423], [-2.9977, 39.7189], [-3.0763, 39.8557], [-3.1272, 39.8747], [-3.0971, 39.9335], [-3.0966, 39.9869], [-3.1426, 39.985], [-3.1655, 40.0282], [-3.1616, 40.0649], [-3.1182, 40.0614], [-3.0607, 40.0906], [-3.0562, 40.1137], [-3.0974, 40.1544], [-3.0638, 40.1683], [-3.016, 40.1527], [-3.0211, 40.1875], [-3.0051, 40.2091], [-2.9115, 40.1571], [-2.8737, 40.1736], [-2.8631, 40.2001], [-2.8215, 40.2052], [-2.8026, 40.264], [-2.817, 40.364], [-2.7795, 40.4453], [-2.7601, 40.442], [-2.76, 40.4123], [-2.7229, 40.3971], [-2.7174, 40.4198], [-2.6851, 40.398], [-2.7035, 40.4254], [-2.6732, 40.4486], [-2.6638, 40.4361], [-2.5862, 40.4503], [-2.5155, 40.4243], [-2.5045, 40.4486], [-2.5445, 40.4746], [-2.5287, 40.4984], [-2.5463, 40.519], [-2.5272, 40.5443], [-2.496, 40.5088], [-2.4267, 40.5407], [-2.4118, 40.5256], [-2.38, 40.5436], [-2.4173, 40.5834], [-2.3995, 40.6135], [-2.359, 40.5968], [-2.3434, 40.5694], [-2.2977, 40.5728], [-2.286, 40.5922], [-2.2942, 40.6247], [-2.2746, 40.6448], [-2.2138, 40.6192], [-2.1692, 40.6302], [-2.152111, 40.657693]]]]}}, {"type": "Feature", "properties": {"name": "Granada", "code": "18"}, "geometry": {"type": "MultiPolygon", "coordinates": [[[[-2.549753, 38.082888], [-2.4234, 38.0337], [-2.3416, 38.026], [-2.2985, 38.0021], [-2.2472, 37.9344], [-2.2077, 37.9166], [-2.295, 37.8763], [-2.2894, 37.8315], [-2.3018, 37.8083], [-2.2768, 37.7762], [-2.3233, 37.6939], [-2.3104, 37.63], [-2.3596, 37.6213], [-2.3913, 37.6325], [-2.3679, 37.5916], [-2.3743, 37.5573], [-2.3557, 37.547], [-2.3585, 37.5223], [-2.4563, 37.5094], [-2.4575, 37.4908], [-2.5142, 37.4795], [-2.6416, 37.3878], [-2.6373, 37.3433], [-2.6546, 37.3406], [-2.6657, 37.2853], [-2.6601, 37.212], [-2.733, 37.2373], [-2.759, 37.2267], [-2.779, 37.2627], [-2.8454, 37.2792], [-2.875, 37.2315], [-2.881, 37.1871], [-2.9291, 37.1566], [-2.949, 37.0966], [-3.0003, 37.095], [-3.0296, 37.1133], [-3.0057, 37.0233], [-2.9762, 36.9781], [-2.9905, 36.9582], [-3.0293, 36.9475], [-3.0313, 36.9246], [-3.0719, 36.9193], [-3.029, 36.8444], [-3.1402, 36.7878], [-3.1287, 36.7509], [-3.25, 36.7543], [-3.3373, 36.7387], [-3.4199, 36.6939], [-3.4827, 36.6973], [-3.5259, 36.7241], [-3.5537, 36.7149], [-3.6023, 36.7447], [-3.6577, 36.7466], [-3.7343, 36.7196], [-3.7488, 36.7376], [-3.7774, 36.7379], [-3.7681, 36.802], [-3.8267, 36.8553], [-3.8676, 36.8507], [-3.9295, 36.8829], [-4.0457, 36.9029], [-4.0999, 36.9527], [-4.1666, 36.9571], [-4.2313, 37.0169], [-4.2725, 37.0149], [-4.2871, 37.1195], [-4.3276, 37.1843], [-4.2553, 37.2296], [-4.2633, 37.2604], [-4.2365, 37.2972], [-4.2364, 37.3359], [-4.204, 37.3529], [-4.1578, 37.3423], [-4.0859, 37.4037], [-4.0008, 37.4021], [-3.9509, 37.3783], [-3.8422, 37.3858], [-3.7856, 37.4909], [-3.7762, 37.4765], [-3.6271, 37.5285], [-3.5364, 37.5808], [-3.5362, 37.5973], [-3.5065, 37.6172], [-3.3993, 37.5641], [-3.2962, 37.5883], [-3.2625, 37.6392], [-3.2157, 37.6442], [-3.1721, 37.6429], [-3.0882, 37.5955], [-3.051, 37.6184], [-2.9782, 37.6028], [-2.9779, 37.634], [-2.884, 37.6813], [-2.9015, 37.6893], [-2.9038, 37.7512], [-2.8803, 37.7599], [-2.8732, 37.7915], [-2.7846, 37.9176], [-2.7027, 37.9715], [-2.6698, 37.9614], [-2.6057, 37.9977], [-2.5959, 38.0532], [-2.6066, 38.0614], [-2.549753, 38.082888]]]]}}, {"type": "Feature", "properties": {"name": "Guadalajara", "code": "19"}, "geometry": {"type": "MultiPolygon", "coordinates": [[[[-2.901019, 41.325565], [-2.869, 41.3171], [-2.8669, 41.2745], [-2.8222, 41.2566], [-2.7755, 41.2501], [-2.7609, 41.274], [-2.7168, 41.2757], [-2.7095, 41.252], [-2.646, 41.2402], [-2.6292, 41.2152], [-2.5895, 41.2245], [-2.5937, 41.2002], [-2.6221, 41.188], [-2.5775, 41.1787], [-2.5953, 41.1503], [-2.5756, 41.1395], [-2.5365, 41.1625], [-2.5089, 41.1189], [-2.4823, 41.1163], [-2.4695, 41.0781], [-2.4189, 41.0577], [-2.3553, 41.0865], [-2.3234, 41.0565], [-2.2635, 41.0675], [-2.2321, 41.097], [-2.1753, 41.0838], [-2.1319, 41.1181], [-2.0564, 41.0697], [-2.0482, 41.0784], [-2.0656, 41.0958], [-2.0476, 41.1527], [-1.959, 41.1725], [-1.9324, 41.1386], [-1.8033, 41.0899], [-1.6174, 40.9437], [-1.6079, 40.9276], [-1.6214, 40.8804], [-1.5447, 40.8162], [-1.5399, 40.7607], [-1.562, 40.7398], [-1.5356, 40.687], [-1.5649, 40.6147], [-1.5455, 40.5952], [-1.5987, 40.5621], [-1.6781, 40.591], [-1.7016, 40.5411], [-1.6925, 40.4868], [-1.7486, 40.4629], [-1.8064, 40.3982], [-1.8367, 40.4277], [-1.8533, 40.4237], [-1.9165, 40.5828], [-1.9618, 40.6115], [-1.9659, 40.592], [-1.9855, 40.5854], [-2.1101, 40.6514], [-2.1569, 40.6587], [-2.1692, 40.6302], [-2.2138, 40.6192], [-2.2746, 40.6448], [-2.2948, 40.6229], [-2.2928, 40.5781], [-2.3335, 40.5672], [-2.399, 40.6137], [-2.4173, 40.5834], [-2.3835, 40.5409], [-2.4118, 40.5256], [-2.4267, 40.5407], [-2.496, 40.5088], [-2.5272, 40.5443], [-2.5387, 40.534], [-2.5463, 40.519], [-2.5287, 40.4984], [-2.5445, 40.4746], [-2.5045, 40.4486], [-2.5155, 40.4243], [-2.5862, 40.4503], [-2.6638, 40.4361], [-2.6732, 40.4486], [-2.7035, 40.4254], [-2.6851, 40.398], [-2.7174, 40.4198], [-2.7229, 40.3971], [-2.76, 40.4123], [-2.7601, 40.442], [-2.7809, 40.4442], [-2.817, 40.364], [-2.8026, 40.264], [-2.8238, 40.2032], [-2.8631, 40.2001], [-2.8737, 40.1736], [-2.9115, 40.1571], [-3.0051, 40.2091], [-3.0211, 40.1875], [-3.016, 40.1527], [-3.0638, 40.1683], [-3.0678, 40.1579], [-3.0882, 40.2003], [-3.0797, 40.2278], [-3.1094, 40.2852], [-3.1537, 40.2637], [-3.1734, 40.2342], [-3.1944, 40.248], [-3.1829, 40.3083], [-3.1412, 40.3505], [-3.1534, 40.3677], [-3.1306, 40.4052], [-3.1555, 40.4394], [-3.1986, 40.4423], [-3.2, 40.5144], [-3.2499, 40.5443], [-3.2971, 40.5375], [-3.2841, 40.569], [-3.3283, 40.5948], [-3.3216, 40.6122], [-3.3385, 40.6258], [-3.3237, 40.6297], [-3.3139, 40.6497], [-3.3165, 40.6552], [-3.3456, 40.6377], [-3.3934, 40.6925], [-3.4047, 40.6696], [-3.4686, 40.6899], [-3.4349, 40.728], [-3.4504, 40.7349], [-3.4443, 40.7616], [-3.459, 40.7813], [-3.5116, 40.7885], [-3.4774, 40.8236], [-3.4726, 40.8642], [-3.4405, 40.8753], [-3.4606, 40.9067], [-3.4441, 40.9068], [-3.4183, 40.9876], [-3.3944, 41.0003], [-3.4389, 41.0427], [-3.4258, 41.0829], [-3.4888, 41.0943], [-3.5093, 41.1364], [-3.5411, 41.1497], [-3.5397, 41.165], [-3.4669, 41.1833], [-3.4442, 41.2153], [-3.4025, 41.2136], [-3.3995, 41.2545], [-3.4115, 41.2607], [-3.4156, 41.2721], [-3.4098, 41.2606], [-3.3363, 41.253], [-3.2902, 41.2579], [-3.2758, 41.275], [-3.2743, 41.2603], [-3.2543, 41.2584], [-3.2312, 41.2949], [-3.1998, 41.3044], [-3.0619, 41.2734], [-2.9501, 41.2926], [-2.9412, 41.3139], [-2.901019, 41.325565]]], [[[-3.374049, 40.640249], [-3.3636, 40.6384], [-3.3717, 40.6258], [-3.3821, 40.6305], [-3.374049, 40.640249]]]]}}, {"type": "Feature", "properties": {"name": "Gipuzkoa/Guipúzcoa", "code": "20"}, "geometry": {"type": "MultiPolygon", "coordinates": [[[[-1.790863, 43.395366], [-1.7969, 43.3825], [-1.779, 43.3634], [-1.7892, 43.353], [-1.7374, 43.3302], [-1.7294, 43.2938], [-1.7832, 43.2868], [-1.795, 43.2469], [-1.8606, 43.2121], [-1.8677, 43.2305], [-1.8809, 43.2288], [-1.8819, 43.2068], [-1.9142, 43.2252], [-1.9207, 43.1506], [-1.902, 43.1359], [-1.9475, 43.0975], [-2.0228, 43.0652], [-2.0204, 43.0467], [-2.0414, 43.0297], [-2.0283, 42.9988], [-2.0383, 42.981], [-2.0952, 42.9726], [-2.1039, 42.949], [-2.1295, 42.9394], [-2.181, 42.9351], [-2.2103, 42.9499], [-2.2356, 42.9266], [-2.2399, 42.8952], [-2.2895, 42.9023], [-2.3023, 42.926], [-2.3548, 42.95], [-2.5353, 42.9734], [-2.5443, 42.9503], [-2.6027, 42.9822], [-2.5965, 43.0092], [-2.5496, 43.0198], [-2.5249, 43.0453], [-2.5473, 43.0847], [-2.5011, 43.0965], [-2.5097, 43.1614], [-2.4841, 43.1709], [-2.4979, 43.2199], [-2.4366, 43.2437], [-2.4181, 43.2676], [-2.439, 43.2949], [-2.4117, 43.3242], [-2.3529, 43.2987], [-2.2024, 43.3117], [-2.1896, 43.2924], [-2.1305, 43.2875], [-2.0305, 43.321], [-1.9909, 43.3159], [-1.9624, 43.3381], [-1.9238, 43.332], [-1.865, 43.3724], [-1.790863, 43.395366]], [[-2.268762, 43.300554], [-2.268762, 43.300554]], [[-1.798969, 43.391957], [-1.798969, 43.391957]], [[-1.80958, 43.388548], [-1.80958, 43.388548]]]]}}, {"type": "Feature", "properties": {"name": "Huelva", "code": "21"}, "geometry": {"type": "MultiPolygon", "coordinates": [[[[-6.926904, 38.204441], [-6.8484, 38.1772], [-6.7951, 38.1785], [-6.8158, 38.1201], [-6.7701, 38.1121], [-6.7582, 38.0927], [-6.6221, 38.097], [-6.5805, 38.0528], [-6.5836, 38.0213], [-6.5457, 38.0281], [-6.4766, 38.0078], [-6.4443, 38.0596], [-6.3672, 38.0489], [-6.347, 38.0028], [-6.2392, 37.9589], [-6.2015, 37.9621], [-6.17, 37.9098], [-6.1452, 37.9205], [-6.125, 37.9048], [-6.1643, 37.862], [-6.1422, 37.8557], [-6.1217, 37.8166], [-6.134, 37.7878], [-6.2024, 37.8055], [-6.2222, 37.7397], [-6.2524, 37.7428], [-6.2523, 37.7631], [-6.311, 37.7649], [-6.45, 37.7189], [-6.4751, 37.7251], [-6.5013, 37.668], [-6.5361, 37.651], [-6.5286, 37.6158], [-6.4433, 37.6234], [-6.3953, 37.6112], [-6.3924, 37.5541], [-6.3665, 37.5358], [-6.3562, 37.4962], [-6.3061, 37.433], [-6.3126, 37.4187], [-6.3563, 37.4122], [-6.3621, 37.3759], [-6.346, 37.3657], [-6.3846, 37.3375], [-6.333, 37.2991], [-6.3598, 37.2381], [-6.3452, 37.2183], [-6.3506, 37.1806], [-6.3361, 37.1696], [-6.3597, 37.1384], [-6.3424, 37.123], [-6.3864, 37.0763], [-6.3539, 36.9885], [-6.3789, 36.9347], [-6.331, 36.8988], [-6.3529, 36.8574], [-6.3455, 36.7987], [-6.3972, 36.8073], [-6.4493, 36.9078], [-6.5219, 36.9772], [-6.9167, 37.1763], [-6.9159, 37.1633], [-6.8494, 37.1274], [-6.8394, 37.119], [-6.8321, 37.108], [-6.9241, 37.1648], [-7.0597, 37.2108], [-7.2709, 37.2018], [-7.3764, 37.1712], [-7.4075, 37.1834], [-7.4338, 37.2497], [-7.4219, 37.2742], [-7.4421, 37.3108], [-7.4402, 37.3903], [-7.4628, 37.4098], [-7.4456, 37.4193], [-7.4638, 37.4869], [-7.5115, 37.5244], [-7.5228, 37.5534], [-7.5067, 37.5575], [-7.5039, 37.6045], [-7.489, 37.6036], [-7.4441, 37.6647], [-7.4525, 37.6781], [-7.4211, 37.7591], [-7.3241, 37.8158], [-7.2835, 37.8691], [-7.2485, 37.9545], [-7.2632, 37.9799], [-7.2022, 38.0035], [-7.1328, 37.9999], [-7.1207, 38.0052], [-7.1281, 38.0299], [-7.0988, 38.0438], [-7.0593, 38.0174], [-7.0024, 38.0227], [-6.9874, 38.1039], [-6.9521, 38.1528], [-6.9689, 38.1662], [-6.926904, 38.204441]]]]}}, {"type": "Feature", "properties": {"name": "Huesca", "code": "22"}, "geometry": {"type": "MultiPolygon", "coordinates": [[[[-0.747266, 42.922374], [-0.7245, 42.9202], [-0.7363, 42.913], [-0.7176, 42.8858], [-0.6788, 42.8845], [-0.602, 42.8321], [-0.6005, 42.8024], [-0.5691, 42.8069], [-0.5676, 42.7806], [-0.5296, 42.7916], [-0.5053, 42.8274], [-0.4417, 42.7954], [-0.3947, 42.799], [-0.3133, 42.8494], [-0.1887, 42.7869], [-0.16, 42.798], [-0.1064, 42.7206], [-0.0685, 42.7181], [-0.0564, 42.6923], [0.0003, 42.6853], [0.0158, 42.7018], [0.0584, 42.6976], [0.078, 42.7148], [0.117, 42.7112], [0.1758, 42.737], [0.26, 42.716], [0.2637, 42.6932], [0.2953, 42.6732], [0.3602, 42.7243], [0.4221, 42.6905], [0.5874, 42.6945], [0.5971, 42.7055], [0.6601, 42.6909], [0.6959, 42.6589], [0.7078, 42.6211], [0.7675, 42.6112], [0.7411, 42.5448], [0.7495, 42.5349], [0.7212, 42.5245], [0.7398, 42.5052], [0.6905, 42.4876], [0.7461, 42.3848], [0.7233, 42.3656], [0.7713, 42.3506], [0.7404, 42.3369], [0.7646, 42.3225], [0.7026, 42.19], [0.6987, 42.1723], [0.714, 42.1634], [0.6958, 42.152], [0.6996, 42.107], [0.6567, 42.0404], [0.6639, 42.0145], [0.6419, 41.9821], [0.6385, 41.9946], [0.6179, 41.9889], [0.6044, 41.9607], [0.5869, 41.9668], [0.5619, 41.9382], [0.6075, 41.9193], [0.5947, 41.9174], [0.5928, 41.8844], [0.6067, 41.8711], [0.5801, 41.8509], [0.5549, 41.8528], [0.5439, 41.8209], [0.5155, 41.8224], [0.4832, 41.8015], [0.4686, 41.765], [0.3987, 41.7578], [0.3954, 41.732], [0.3847, 41.7403], [0.3282, 41.6811], [0.3262, 41.6622], [0.358, 41.6317], [0.3496, 41.5995], [0.4285, 41.6024], [0.4469, 41.5422], [0.3967, 41.4903], [0.342, 41.484], [0.3553, 41.4518], [0.3358, 41.4075], [0.2406, 41.4284], [0.2191, 41.4036], [0.1826, 41.3944], [0.1637, 41.4065], [0.0934, 41.35], [0.0097, 41.3604], [-0.0234, 41.397], [-0.0293, 41.3778], [-0.0079, 41.3478], [-0.0494, 41.3605], [-0.0727, 41.3772], [-0.105, 41.4855], [-0.1567, 41.5353], [-0.1674, 41.5811], [-0.1564, 41.59], [-0.2057, 41.6023], [-0.2448, 41.5731], [-0.3126, 41.6241], [-0.3595, 41.6352], [-0.3745, 41.6881], [-0.4449, 41.7037], [-0.4894, 41.7317], [-0.5187, 41.7288], [-0.5007, 41.7613], [-0.5167, 41.8368], [-0.5552, 41.8713], [-0.6033, 41.8828], [-0.5955, 41.8996], [-0.6306, 41.9129], [-0.6578, 41.9575], [-0.7782, 41.9574], [-0.8849, 42.0036], [-0.8507, 42.0262], [-0.857, 42.051], [-0.8129, 42.0925], [-0.7935, 42.0544], [-0.7631, 42.0675], [-0.7702, 42.0872], [-0.7549, 42.0906], [-0.7609, 42.1299], [-0.7474, 42.1559], [-0.7598, 42.1702], [-0.7594, 42.2636], [-0.7289, 42.2977], [-0.7446, 42.3387], [-0.7364, 42.3699], [-0.7779, 42.3913], [-0.7718, 42.3467], [-0.8065, 42.2705], [-0.877, 42.2816], [-0.8905, 42.24], [-0.9189, 42.2573], [-0.8557, 42.3399], [-0.8442, 42.3846], [-0.8153, 42.3952], [-0.9044, 42.4348], [-0.9038, 42.4532], [-0.8777, 42.4616], [-0.897, 42.4791], [-0.893, 42.5099], [-0.9334, 42.5059], [-0.895, 42.5491], [-0.9342, 42.5726], [-0.9047, 42.599], [-0.9276, 42.6562], [-0.8931, 42.6623], [-0.88, 42.6881], [-0.9225, 42.7008], [-0.9044, 42.7122], [-0.9005, 42.7605], [-0.8733, 42.759], [-0.8475, 42.7859], [-0.86, 42.7986], [-0.8568, 42.8469], [-0.8185, 42.8694], [-0.8191, 42.9007], [-0.747266, 42.922374]]]]}}, {"type": "Feature", "properties": {"name": "León", "code": "24"}, "geometry": {"type": "MultiPolygon", "coordinates": [[[[-4.893577, 43.238479], [-4.8392, 43.1898], [-4.8518, 43.1731], [-4.8346, 43.1575], [-4.8514, 43.1259], [-4.8328, 43.1027], [-4.7342, 43.0471], [-4.7381, 43.019], [-4.7948, 42.9867], [-4.8092, 42.9303], [-4.8555, 42.8917], [-4.8656, 42.8605], [-4.8984, 42.8631], [-4.8959, 42.7852], [-4.9356, 42.7565], [-4.9159, 42.7206], [-4.8717, 42.708], [-4.9003, 42.6701], [-4.8947, 42.6239], [-4.916, 42.5548], [-4.888, 42.537], [-4.9, 42.4507], [-4.924, 42.4361], [-4.905, 42.4246], [-4.9143, 42.4012], [-4.9034, 42.3857], [-4.9726, 42.3744], [-4.9842, 42.3379], [-4.9412, 42.3417], [-4.9534, 42.2972], [-5.0384, 42.2971], [-5.0533, 42.2579], [-5.0938, 42.3093], [-5.112, 42.3118], [-5.1827, 42.2642], [-5.2365, 42.2733], [-5.254, 42.2398], [-5.226, 42.2267], [-5.2415, 42.2145], [-5.2656, 42.2109], [-5.2869, 42.2299], [-5.3075, 42.1993], [-5.3612, 42.2252], [-5.3881, 42.2214], [-5.3715, 42.1301], [-5.3901, 42.0898], [-5.3763, 42.0415], [-5.4387, 42.0315], [-5.4809, 42.0524], [-5.527, 42.1043], [-5.5434, 42.0994], [-5.5607, 42.056], [-5.5777, 42.0654], [-5.5866, 42.0509], [-5.5885, 42.0773], [-5.635, 42.082], [-5.6201, 42.1067], [-5.6676, 42.1421], [-5.6872, 42.1379], [-5.6768, 42.1203], [-5.7429, 42.1133], [-5.7552, 42.1366], [-5.7767, 42.1358], [-5.8449, 42.1107], [-5.8974, 42.1561], [-5.9116, 42.1406], [-5.9481, 42.1419], [-5.9535, 42.1237], [-6.0493, 42.1599], [-6.1602, 42.1658], [-6.2124, 42.1481], [-6.2937, 42.178], [-6.3126, 42.2066], [-6.4279, 42.2019], [-6.4976, 42.182], [-6.526, 42.2034], [-6.7197, 42.2134], [-6.7348, 42.2356], [-6.7843, 42.2536], [-6.7411, 42.2987], [-6.734, 42.3591], [-6.8435, 42.4058], [-6.8143, 42.4274], [-6.8228, 42.4529], [-6.8083, 42.4686], [-6.8232, 42.4913], [-6.8601, 42.4888], [-6.9322, 42.5205], [-6.9601, 42.5178], [-6.9785, 42.4933], [-7.0771, 42.5082], [-7.0599, 42.5293], [-7.0697, 42.5539], [-7.0336, 42.5841], [-7.0502, 42.5973], [-7.047, 42.6327], [-7.0044, 42.6429], [-7.0452, 42.6948], [-7.0109, 42.7237], [-6.9729, 42.725], [-6.9595, 42.755], [-6.9356, 42.7409], [-6.8674, 42.7872], [-6.8403, 42.8234], [-6.8713, 42.8738], [-6.8337, 42.8821], [-6.8354, 42.8736], [-6.8149, 42.8708], [-6.848, 42.9143], [-6.7769, 42.9014], [-6.7715, 42.8826], [-6.7232, 42.9174], [-6.6899, 42.9225], [-6.4898, 42.9202], [-6.4331, 42.9398], [-6.4336, 42.9642], [-6.473, 42.9678], [-6.4781, 42.9912], [-6.4241, 42.9879], [-6.4076, 42.9995], [-6.4111, 43.0169], [-6.3944, 43.0166], [-6.397, 43.0383], [-6.3591, 43.0596], [-6.3265, 43.0313], [-6.2852, 43.0364], [-6.2268, 43.0089], [-6.2156, 43.0472], [-6.1784, 43.0478], [-6.1367, 43.021], [-6.0969, 43.0306], [-6.0819, 43.0757], [-6.0202, 43.0549], [-5.975, 43.0654], [-5.9567, 43.0186], [-5.9146, 42.9927], [-5.804, 42.9626], [-5.7639, 42.9701], [-5.7284, 43.0425], [-5.6933, 43.0565], [-5.5701, 43.0227], [-5.4938, 43.0214], [-5.4785, 43.0549], [-5.3905, 43.0493], [-5.3691, 43.0946], [-5.2821, 43.0774], [-5.2166, 43.0845], [-5.1478, 43.1151], [-5.1017, 43.1018], [-5.0759, 43.1815], [-4.9969, 43.1731], [-4.9639, 43.2124], [-4.893577, 43.238479]], [[-5.341366, 42.26876], [-5.3396, 42.2319], [-5.3033, 42.252], [-5.3064, 42.2716], [-5.341366, 42.26876]]]]}}, {"type": "Feature", "properties": {"name": "Lleida", "code": "25"}, "geometry": {"type": "MultiPolygon", "coordinates": [[[[0.716037, 42.858321], [0.8555, 42.8268], [0.9264, 42.7893], [0.9602, 42.8059], [0.9839, 42.7867], [1.0789, 42.7883], [1.1661, 42.7089], [1.2291, 42.7278], [1.2527, 42.7145], [1.3573, 42.7197], [1.3511, 42.7027], [1.3892, 42.687], [1.3874, 42.6687], [1.4137, 42.6556], [1.443, 42.6028], [1.4265, 42.5828], [1.4449, 42.568], [1.4136, 42.5366], [1.4505, 42.5399], [1.4684, 42.51], [1.4192, 42.4842], [1.4412, 42.4754], [1.4444, 42.4414], [1.5517, 42.4325], [1.5611, 42.4586], [1.5792, 42.4497], [1.5974, 42.4663], [1.657, 42.4682], [1.67, 42.5042], [1.7036, 42.4898], [1.7256, 42.5044], [1.7319, 42.4404], [1.8015, 42.4249], [1.806, 42.3701], [1.83, 42.3814], [1.8551, 42.3696], [1.8347, 42.3551], [1.8425, 42.3063], [1.6703, 42.2817], [1.6901, 42.2771], [1.6846, 42.2564], [1.7046, 42.2388], [1.6804, 42.2244], [1.6803, 42.2062], [1.738, 42.1894], [1.7391, 42.1765], [1.6986, 42.1357], [1.7221, 42.0911], [1.6913, 42.0871], [1.6702, 42.0444], [1.6925, 42.0461], [1.6993, 42.0289], [1.666, 42.0035], [1.6559, 42.0209], [1.6479, 42.0002], [1.6974, 41.9852], [1.6977, 42.0147], [1.7192, 41.9845], [1.6827, 41.9674], [1.6695, 41.9699], [1.6753, 41.9825], [1.6501, 41.9797], [1.653, 41.9288], [1.5689, 41.88], [1.6191, 41.8815], [1.6303, 41.8588], [1.6115, 41.8178], [1.5888, 41.8047], [1.5936, 41.7779], [1.5726, 41.7822], [1.5307, 41.7526], [1.5048, 41.7879], [1.4824, 41.791], [1.4826, 41.7711], [1.4611, 41.7767], [1.4711, 41.8009], [1.417, 41.7946], [1.403, 41.7453], [1.4248, 41.7328], [1.3819, 41.7058], [1.4234, 41.6841], [1.415, 41.6746], [1.4483, 41.6361], [1.3917, 41.6341], [1.3596, 41.6135], [1.4066, 41.6005], [1.3923, 41.5783], [1.4034, 41.5582], [1.2199, 41.5696], [1.2108, 41.5486], [1.1647, 41.5345], [1.1809, 41.4881], [1.1122, 41.467], [1.0398, 41.5011], [1.0485, 41.4875], [1.0375, 41.48], [1.0749, 41.4584], [0.9452, 41.3498], [0.8633, 41.3381], [0.845, 41.3623], [0.8195, 41.3288], [0.7625, 41.3342], [0.7515, 41.3178], [0.6282, 41.2909], [0.5971, 41.2934], [0.5808, 41.3201], [0.5544, 41.3267], [0.5258, 41.2905], [0.5033, 41.2897], [0.4613, 41.3349], [0.4344, 41.3202], [0.4331, 41.276], [0.3857, 41.2788], [0.3484, 41.3289], [0.3729, 41.3535], [0.32, 41.3942], [0.3553, 41.4518], [0.342, 41.484], [0.3967, 41.4903], [0.4469, 41.5422], [0.4285, 41.6024], [0.3496, 41.5995], [0.358, 41.6317], [0.327, 41.6782], [0.3847, 41.7403], [0.3954, 41.732], [0.3987, 41.7578], [0.4686, 41.765], [0.4832, 41.8015], [0.5155, 41.8224], [0.5439, 41.8209], [0.5549, 41.8528], [0.5801, 41.8509], [0.6072, 41.8718], [0.5928, 41.8844], [0.5947, 41.9174], [0.6075, 41.9193], [0.5619, 41.9382], [0.5869, 41.9668], [0.6044, 41.9607], [0.6179, 41.9889], [0.6385, 41.9946], [0.6419, 41.9821], [0.6629, 42.0122], [0.6517, 42.0263], [0.6996, 42.107], [0.6958, 42.152], [0.714, 42.1634], [0.6987, 42.1723], [0.7026, 42.19], [0.7646, 42.3225], [0.7404, 42.3369], [0.7713, 42.3506], [0.7233, 42.3656], [0.7461, 42.3848], [0.6905, 42.4876], [0.7398, 42.5052], [0.7212, 42.5245], [0.7495, 42.5349], [0.7411, 42.5448], [0.7675, 42.6112], [0.699, 42.6286], [0.6959, 42.6589], [0.6599, 42.6886], [0.6762, 42.6909], [0.6802, 42.7233], [0.6426, 42.7537], [0.667, 42.7753], [0.645, 42.783], [0.6701, 42.8019], [0.6597, 42.839], [0.716037, 42.858321]], [[1.655261, 42.115088], [1.6449, 42.1126], [1.6919, 42.1103], [1.6831, 42.1144], [1.655261, 42.115088]]], [[[1.714279, 41.892351], [1.7249, 41.893], [1.7188, 41.8824], [1.706, 41.8894], [1.714279, 41.892351]]]]}}, {"type": "Feature", "properties": {"name": "La Rioja", "code": "26"}, "geometry": {"type": "MultiPolygon", "coordinates": [[[[-2.997229, 42.642139], [-2.9465, 42.6393], [-2.916, 42.6195], [-2.853, 42.6362], [-2.8418, 42.6086], [-2.8188, 42.6127], [-2.8199, 42.5915], [-2.8408, 42.5812], [-2.823, 42.5547], [-2.778, 42.5813], [-2.7637, 42.6228], [-2.7408, 42.6226], [-2.6805, 42.5945], [-2.7057, 42.5172], [-2.6758, 42.5257], [-2.6477, 42.4833], [-2.6054, 42.5035], [-2.597, 42.4729], [-2.5683, 42.4941], [-2.5305, 42.4836], [-2.5374, 42.4952], [-2.5097, 42.5201], [-2.5147, 42.4901], [-2.4156, 42.4906], [-2.3458, 42.4514], [-2.33, 42.4688], [-2.2987, 42.4574], [-2.288, 42.4674], [-2.2745, 42.4455], [-2.175, 42.4078], [-2.1119, 42.42], [-2.1155, 42.3991], [-2.0786, 42.3681], [-2.09, 42.347], [-2.07, 42.3425], [-2.016, 42.3693], [-1.9711, 42.3535], [-1.9657, 42.3344], [-1.9185, 42.327], [-1.9138, 42.3001], [-1.8707, 42.289], [-1.8723, 42.2527], [-1.8498, 42.2593], [-1.8023, 42.2234], [-1.7253, 42.2145], [-1.7042, 42.192], [-1.6801, 42.1916], [-1.7009, 42.1731], [-1.6797, 42.1517], [-1.7199, 42.1334], [-1.7397, 42.1497], [-1.779, 42.1377], [-1.8324, 42.1482], [-1.9092, 42.0591], [-1.9016, 42.0297], [-1.8472, 42.008], [-1.844, 41.9873], [-1.8652, 41.9776], [-1.8565, 41.9664], [-1.9703, 41.9191], [-2.0283, 41.9534], [-2.0364, 41.9394], [-2.1144, 41.9611], [-2.1241, 41.9953], [-2.1076, 42.0028], [-2.1619, 42.0667], [-2.1272, 42.0805], [-2.1334, 42.1011], [-2.2365, 42.1025], [-2.2696, 42.0886], [-2.2822, 42.1317], [-2.3182, 42.1452], [-2.4385, 42.1373], [-2.4844, 42.1063], [-2.5147, 42.1145], [-2.5149, 42.0689], [-2.5491, 42.0515], [-2.5799, 41.9963], [-2.747, 42.0093], [-2.7574, 42.0331], [-2.7059, 42.1036], [-2.7347, 42.125], [-2.7916, 42.1088], [-2.798, 42.0468], [-2.8895, 42.0104], [-2.9136, 42.0229], [-2.9312, 42.0868], [-3.0344, 42.086], [-3.1295, 42.199], [-3.0886, 42.2457], [-3.1097, 42.3514], [-3.0635, 42.3567], [-3.0848, 42.3854], [-3.1053, 42.3864], [-3.1013, 42.4168], [-3.0782, 42.4158], [-3.0827, 42.3974], [-3.0569, 42.3703], [-3.0633, 42.4249], [-3.046, 42.4452], [-3.0947, 42.4881], [-3.0726, 42.5289], [-3.1343, 42.5421], [-3.0598, 42.5892], [-3.0842, 42.6407], [-2.997229, 42.642139]], [[-2.945214, 42.603886], [-2.9392, 42.5943], [-2.9226, 42.6008], [-2.9345, 42.6141], [-2.945214, 42.603886]], [[-2.998976, 42.601766], [-2.9862, 42.6071], [-2.9852, 42.6142], [-2.9945, 42.6155], [-2.998976, 42.601766]]]]}}, {"type": "Feature", "properties": {"name": "Soria", "code": "42"}, "geometry": {"type": "MultiPolygon", "coordinates": [[[[-2.344003, 42.145502], [-2.2822, 42.1317], [-2.2696, 42.0886], [-2.2089, 42.1047], [-2.1273, 42.0972], [-2.1272, 42.0805], [-2.1619, 42.0667], [-2.1076, 42.0028], [-2.1241, 41.9953], [-2.11, 41.9579], [-2.0364, 41.9394], [-2.0283, 41.9534], [-1.9703, 41.9191], [-1.8559, 41.9663], [-1.8573, 41.9095], [-1.8176, 41.8534], [-1.8191, 41.8288], [-1.8527, 41.7889], [-1.8059, 41.7551], [-1.8092, 41.7367], [-1.7754, 41.7248], [-1.8121, 41.6865], [-1.8062, 41.6643], [-1.859, 41.6615], [-1.9231, 41.5983], [-1.9932, 41.6005], [-1.9937, 41.5771], [-1.9673, 41.5461], [-1.9811, 41.4864], [-1.9533, 41.4625], [-1.9537, 41.4243], [-1.9373, 41.4079], [-2.0293, 41.3842], [-2.0436, 41.3971], [-2.0356, 41.4269], [-2.1015, 41.4458], [-2.1168, 41.4249], [-2.116, 41.382], [-2.1631, 41.3554], [-2.1737, 41.2881], [-2.1462, 41.1844], [-2.0799, 41.171], [-2.0517, 41.1468], [-2.0656, 41.0958], [-2.0482, 41.0784], [-2.0564, 41.0697], [-2.1319, 41.1181], [-2.1753, 41.0838], [-2.2321, 41.097], [-2.2635, 41.0675], [-2.3234, 41.0565], [-2.3553, 41.0865], [-2.4189, 41.0577], [-2.4695, 41.0781], [-2.4823, 41.1163], [-2.5089, 41.1189], [-2.5365, 41.1625], [-2.5756, 41.1395], [-2.5953, 41.1503], [-2.5775, 41.1787], [-2.6221, 41.188], [-2.5937, 41.2002], [-2.5895, 41.2245], [-2.6292, 41.2152], [-2.646, 41.2402], [-2.7095, 41.252], [-2.7168, 41.2757], [-2.7609, 41.274], [-2.7755, 41.2501], [-2.8222, 41.2566], [-2.8669, 41.2745], [-2.8668, 41.3131], [-2.8884, 41.3252], [-2.9412, 41.3139], [-2.9501, 41.2926], [-3.0619, 41.2734], [-3.2074, 41.3042], [-3.3505, 41.3949], [-3.3304, 41.4607], [-3.4133, 41.4761], [-3.4214, 41.5139], [-3.4515, 41.5339], [-3.4797, 41.5209], [-3.5383, 41.552], [-3.5414, 41.6082], [-3.4597, 41.5893], [-3.3934, 41.6906], [-3.3584, 41.6934], [-3.3544, 41.7373], [-3.2755, 41.7687], [-3.2838, 41.8838], [-3.2433, 41.864], [-3.2344, 41.8406], [-3.1945, 41.8289], [-3.1714, 41.793], [-3.1362, 41.8119], [-3.0972, 41.8811], [-3.0168, 41.8869], [-2.9994, 41.9318], [-2.9708, 41.9293], [-2.9658, 41.966], [-2.9322, 42.018], [-2.8838, 42.0095], [-2.798, 42.0468], [-2.8033, 42.0805], [-2.7749, 42.1235], [-2.7347, 42.125], [-2.7059, 42.1036], [-2.7576, 42.0326], [-2.7462, 42.0087], [-2.5799, 41.9963], [-2.5491, 42.0515], [-2.5149, 42.0689], [-2.5147, 42.1145], [-2.4844, 42.1063], [-2.4405, 42.1368], [-2.344003, 42.145502]]]]}}, {"type": "Feature", "properties": {"name": "Navarra", "code": "31"}, "geometry": {"type": "MultiPolygon", "coordinates": [[[[-1.652305, 43.310241], [-1.6245, 43.3058], [-1.63, 43.285], [-1.6087, 43.252], [-1.5757, 43.2499], [-1.5564, 43.2794], [-1.5641, 43.2888], [-1.5355, 43.2949], [-1.4378, 43.2669], [-1.4137, 43.2737], [-1.3843, 43.2537], [-1.3814, 43.1897], [-1.4022, 43.1779], [-1.4141, 43.1283], [-1.4734, 43.0866], [-1.4412, 43.0464], [-1.3542, 43.0281], [-1.3326, 43.1076], [-1.27, 43.1183], [-1.309, 43.0712], [-1.2627, 43.044], [-1.2126, 43.0517], [-1.1456, 43.0258], [-1.1419, 43.0074], [-1.1147, 43.0239], [-1.0813, 43.0006], [-1.0121, 42.9926], [-0.9451, 42.9534], [-0.9085, 42.9645], [-0.8096, 42.9514], [-0.7559, 42.9681], [-0.7239, 42.9224], [-0.7832, 42.9217], [-0.8191, 42.9007], [-0.8185, 42.8694], [-0.8568, 42.8469], [-0.86, 42.7986], [-0.8475, 42.7859], [-0.8656, 42.7629], [-0.9005, 42.7605], [-0.9005, 42.7431], [-0.923, 42.744], [-0.9487, 42.7115], [-1.028, 42.7001], [-1.0368, 42.6516], [-1.0519, 42.6426], [-1.152, 42.6479], [-1.1571, 42.6109], [-1.1798, 42.6106], [-1.158, 42.5992], [-1.2019, 42.5782], [-1.2028, 42.5497], [-1.2707, 42.5489], [-1.2935, 42.511], [-1.2728, 42.4819], [-1.3415, 42.4239], [-1.3599, 42.378], [-1.3291, 42.3554], [-1.3991, 42.2913], [-1.3914, 42.2721], [-1.4175, 42.2124], [-1.3919, 42.1814], [-1.3989, 42.1262], [-1.3668, 42.107], [-1.3523, 42.0731], [-1.3106, 42.0723], [-1.3048, 42.0429], [-1.4182, 41.9136], [-1.4776, 41.9249], [-1.5593, 41.9139], [-1.6541, 41.9654], [-1.7152, 41.957], [-1.7669, 41.9958], [-1.8337, 41.9951], [-1.9016, 42.0297], [-1.9023, 42.0739], [-1.8324, 42.1482], [-1.779, 42.1377], [-1.7397, 42.1497], [-1.7199, 42.1334], [-1.6797, 42.1517], [-1.7009, 42.1731], [-1.6795, 42.1911], [-1.7042, 42.192], [-1.7253, 42.2145], [-1.8023, 42.2234], [-1.8498, 42.2593], [-1.8723, 42.2527], [-1.8707, 42.289], [-1.9138, 42.3001], [-1.9185, 42.327], [-1.9645, 42.3338], [-1.9955, 42.3636], [-2.09, 42.347], [-2.0786, 42.3681], [-2.1155, 42.3991], [-2.1119, 42.42], [-2.175, 42.4078], [-2.2745, 42.4455], [-2.288, 42.4674], [-2.2987, 42.4574], [-2.33, 42.4688], [-2.345, 42.4513], [-2.3522, 42.4656], [-2.4002, 42.4718], [-2.4238, 42.5096], [-2.3922, 42.517], [-2.3968, 42.5991], [-2.4211, 42.6071], [-2.4532, 42.5671], [-2.4622, 42.5874], [-2.4906, 42.5854], [-2.4993, 42.6105], [-2.4158, 42.6627], [-2.3763, 42.6507], [-2.3819, 42.6343], [-2.2885, 42.6551], [-2.2936, 42.6779], [-2.3169, 42.6825], [-2.324, 42.7238], [-2.3169, 42.7393], [-2.2622, 42.7485], [-2.281, 42.7851], [-2.2337, 42.8405], [-2.2531, 42.8928], [-2.2378, 42.896], [-2.2356, 42.9266], [-2.2103, 42.9499], [-2.181, 42.9351], [-2.1176, 42.9422], [-2.0952, 42.9726], [-2.0383, 42.981], [-2.0283, 42.9988], [-2.0414, 43.0297], [-2.0204, 43.0467], [-2.0228, 43.0652], [-1.9475, 43.0975], [-1.902, 43.1359], [-1.9207, 43.1506], [-1.9142, 43.2252], [-1.8819, 43.2068], [-1.8809, 43.2288], [-1.8677, 43.2305], [-1.8606, 43.2121], [-1.795, 43.2469], [-1.7832, 43.2868], [-1.652305, 43.310241]]], [[[-1.096228, 42.485665], [-1.0544, 42.4488], [-1.0564, 42.4343], [-1.1294, 42.4467], [-1.096228, 42.485665]]], [[[-1.148586, 42.441036], [-1.1584, 42.41], [-1.1878, 42.403], [-1.1828, 42.4246], [-1.148586, 42.441036]]]]}}, {"type": "Feature", "properties": {"name": "Ceuta", "code": "51"}, "geometry": {"type": "MultiPolygon", "coordinates": [[[[-5.344965, 35.87106], [-5.3729, 35.8835], [-5.3789, 35.9162], [-5.317, 35.8894], [-5.2787, 35.9001], [-5.344965, 35.87106]]]]}}, {"type": "Feature", "properties": {"name": "Lugo", "code": "27"}, "geometry": {"type": "MultiPolygon", "coordinates": [[[[-7.636218, 43.752801], [-7.6296, 43.7221], [-7.6061, 43.7178], [-7.6144, 43.6813], [-7.5967, 43.6743], [-7.5997, 43.6652], [-7.5943, 43.6794], [-7.6007, 43.6818], [-7.5763, 43.693], [-7.5845, 43.7118], [-7.5604, 43.7102], [-7.5571, 43.73], [-7.5243, 43.7368], [-7.5145, 43.7189], [-7.4682, 43.7242], [-7.4591, 43.7165], [-7.4784, 43.7088], [-7.4599, 43.7127], [-7.4489, 43.6926], [-7.4364, 43.7011], [-7.3571, 43.6712], [-7.2944, 43.5923], [-7.2455, 43.5752], [-7.2711, 43.5626], [-7.2558, 43.5469], [-7.2361, 43.5691], [-7.0372, 43.5523], [-7.0483, 43.4771], [-7.0892, 43.4551], [-7.1017, 43.4275], [-7.173, 43.4304], [-7.1685, 43.4036], [-7.1825, 43.3925], [-7.1275, 43.3726], [-7.1312, 43.3313], [-7.1009, 43.3038], [-7.0598, 43.3053], [-7.0715, 43.2712], [-7.0616, 43.244], [-7.0201, 43.2132], [-7.0096, 43.2229], [-7.0014, 43.2073], [-6.971, 43.2043], [-6.9649, 43.1875], [-6.9808, 43.1665], [-6.9574, 43.1355], [-6.8854, 43.1568], [-6.8682, 43.19], [-6.8216, 43.1432], [-6.8713, 43.0912], [-6.9156, 43.0734], [-6.9387, 43.0865], [-6.9686, 43.0572], [-6.9646, 43.0347], [-6.9819, 43.0414], [-6.9972, 43.0195], [-6.962, 42.9907], [-6.9571, 43.0368], [-6.9103, 42.9901], [-6.8643, 42.9835], [-6.8361, 42.9578], [-6.8419, 42.9282], [-6.8242, 42.9151], [-6.848, 42.9143], [-6.8149, 42.8708], [-6.8337, 42.8821], [-6.8713, 42.8738], [-6.8403, 42.8234], [-6.8674, 42.7872], [-6.9356, 42.7409], [-6.9595, 42.755], [-6.9729, 42.725], [-7.0109, 42.7237], [-7.0452, 42.6948], [-7.0044, 42.6429], [-7.047, 42.6327], [-7.0502, 42.5973], [-7.0336, 42.5841], [-7.0697, 42.5539], [-7.0599, 42.5293], [-7.0762, 42.4967], [-7.0997, 42.4588], [-7.1493, 42.4362], [-7.2027, 42.3257], [-7.2309, 42.3591], [-7.2201, 42.3872], [-7.3045, 42.4289], [-7.3699, 42.4214], [-7.3992, 42.4356], [-7.5076, 42.3868], [-7.542, 42.3844], [-7.5761, 42.4049], [-7.6167, 42.3842], [-7.6314, 42.4071], [-7.6979, 42.4295], [-7.7132, 42.4524], [-7.7889, 42.466], [-7.7483, 42.48], [-7.765, 42.494], [-7.8027, 42.4803], [-7.8754, 42.5109], [-7.9132, 42.5084], [-7.9016, 42.5214], [-7.924, 42.525], [-7.8887, 42.5381], [-7.9307, 42.5786], [-7.8926, 42.6296], [-7.8897, 42.6837], [-7.8614, 42.7062], [-7.8664, 42.7206], [-7.9354, 42.7397], [-7.9784, 42.7787], [-7.9805, 42.8113], [-7.9564, 42.8397], [-7.9997, 42.8489], [-7.9355, 42.9035], [-7.9433, 42.9174], [-7.9082, 42.9513], [-7.9053, 42.9854], [-7.943, 43.0676], [-7.9168, 43.0883], [-7.9614, 43.1898], [-7.9219, 43.2695], [-7.9471, 43.286], [-7.887, 43.3372], [-7.8851, 43.3754], [-7.8989, 43.3898], [-7.8819, 43.4075], [-7.8231, 43.4007], [-7.8073, 43.4373], [-7.7803, 43.4486], [-7.7588, 43.5085], [-7.7444, 43.5119], [-7.7603, 43.548], [-7.7488, 43.5777], [-7.7179, 43.5834], [-7.7355, 43.6221], [-7.691, 43.6541], [-7.7193, 43.6866], [-7.6986, 43.6957], [-7.6998, 43.7352], [-7.636218, 43.752801]], [[-7.139092, 43.557115], [-7.139092, 43.557115]], [[-7.609012, 43.676185], [-7.609012, 43.676185]], [[-7.435609, 43.69442], [-7.435609, 43.69442]], [[-7.179106, 43.562166], [-7.179106, 43.562166]], [[-7.380039, 43.677292], [-7.380039, 43.677292]], [[-7.163198, 43.555536], [-7.163198, 43.555536]], [[-7.145228, 43.556325], [-7.145228, 43.556325]], [[-7.119351, 43.556083], [-7.119351, 43.556083]]]]}}, {"type": "Feature", "properties": {"name": "Madrid", "code": "28"}, "geometry": {"type": "MultiPolygon", "coordinates": [[[[-3.536705, 41.160576], [-3.4888, 41.0943], [-3.4258, 41.0829], [-3.4389, 41.0427], [-3.3944, 41.0003], [-3.4183, 40.9876], [-3.4441, 40.9068], [-3.4606, 40.9067], [-3.4405, 40.8753], [-3.4726, 40.8642], [-3.4774, 40.8236], [-3.5116, 40.7885], [-3.459, 40.7813], [-3.4443, 40.7616], [-3.4504, 40.7349], [-3.4349, 40.728], [-3.4686, 40.6899], [-3.4047, 40.6696], [-3.3934, 40.6925], [-3.3456, 40.6377], [-3.3165, 40.6552], [-3.3385, 40.6258], [-3.3216, 40.6122], [-3.3283, 40.5948], [-3.2841, 40.569], [-3.2971, 40.5375], [-3.2499, 40.5443], [-3.2, 40.5144], [-3.1986, 40.4423], [-3.1555, 40.4394], [-3.1306, 40.4052], [-3.1534, 40.3677], [-3.1412, 40.3505], [-3.1829, 40.3083], [-3.1944, 40.248], [-3.1734, 40.2342], [-3.1537, 40.2637], [-3.1127, 40.2855], [-3.1015, 40.2781], [-3.0678, 40.1579], [-3.0893, 40.163], [-3.0968, 40.1424], [-3.0562, 40.1137], [-3.0607, 40.0906], [-3.1182, 40.0614], [-3.1616, 40.0649], [-3.1781, 40.0922], [-3.201, 40.0605], [-3.2758, 40.0473], [-3.3322, 40.0805], [-3.3753, 40.0754], [-3.3758, 40.0513], [-3.4011, 40.0342], [-3.5069, 40.0487], [-3.5197, 40.0211], [-3.59, 40.0132], [-3.6379, 39.9884], [-3.6345, 39.9659], [-3.7439, 39.9408], [-3.8044, 39.8847], [-3.8683, 39.9049], [-3.8752, 39.9287], [-3.84, 39.942], [-3.832, 39.9316], [-3.8095, 39.954], [-3.7833, 39.9448], [-3.7636, 39.9675], [-3.7705, 39.9506], [-3.7544, 39.9504], [-3.7588, 39.9689], [-3.7279, 39.9645], [-3.7462, 39.9811], [-3.7201, 39.9844], [-3.6999, 40.0195], [-3.6361, 40.0416], [-3.6076, 40.109], [-3.6557, 40.1249], [-3.6673, 40.1433], [-3.6837, 40.1323], [-3.7222, 40.1477], [-3.7444, 40.1322], [-3.7705, 40.1394], [-3.8046, 40.1768], [-3.8342, 40.1614], [-3.872, 40.1902], [-3.9311, 40.204], [-3.9509, 40.1903], [-3.9529, 40.2128], [-3.991, 40.2095], [-4.0262, 40.2356], [-4.024, 40.249], [-4.0729, 40.2655], [-4.1043, 40.2418], [-4.1458, 40.2452], [-4.144, 40.2646], [-4.1909, 40.2974], [-4.2032, 40.2688], [-4.248, 40.2735], [-4.27, 40.2357], [-4.3061, 40.2218], [-4.308, 40.2339], [-4.3485, 40.2367], [-4.3564, 40.3086], [-4.3801, 40.3183], [-4.3835, 40.289], [-4.4352, 40.2591], [-4.4374, 40.2367], [-4.5098, 40.2192], [-4.5279, 40.2001], [-4.575, 40.2066], [-4.5593, 40.2313], [-4.5688, 40.2587], [-4.5294, 40.2931], [-4.5462, 40.3418], [-4.5268, 40.3449], [-4.5029, 40.3149], [-4.4558, 40.3194], [-4.4606, 40.3414], [-4.4386, 40.3528], [-4.4437, 40.3857], [-4.4217, 40.4062], [-4.3211, 40.4103], [-4.3413, 40.4287], [-4.3157, 40.4648], [-4.3282, 40.5338], [-4.2893, 40.5642], [-4.2786, 40.6032], [-4.2907, 40.6278], [-4.2711, 40.629], [-4.2621, 40.6052], [-4.2454, 40.6024], [-4.1612, 40.6235], [-4.1729, 40.6304], [-4.1716, 40.6806], [-4.097, 40.7477], [-4.0767, 40.7889], [-3.9797, 40.7846], [-3.9471, 40.863], [-3.9523, 40.8936], [-3.9072, 40.9553], [-3.7814, 41.0003], [-3.7405, 41.0536], [-3.6761, 41.0867], [-3.6137, 41.1491], [-3.536705, 41.160576]], [[-3.372259, 40.635612], [-3.3803, 40.6329], [-3.3637, 40.6316], [-3.372259, 40.635612]]], [[[-4.255731, 40.65317], [-4.3195, 40.6476], [-4.3241, 40.658], [-4.2848, 40.6812], [-4.255731, 40.65317]]]]}}, {"type": "Feature", "properties": {"name": "Palencia", "code": "34"}, "geometry": {"type": "MultiPolygon", "coordinates": [[[[-4.456763, 43.057045], [-4.3981, 43.0349], [-4.3485, 42.9726], [-4.2402, 42.9565], [-4.2367, 42.9171], [-4.2226, 42.911], [-4.2247, 42.8568], [-4.1997, 42.8446], [-4.1812, 42.8587], [-4.1443, 42.8686], [-4.1255, 42.8543], [-4.1404, 42.829], [-4.16, 42.8369], [-4.1824, 42.8226], [-4.1838, 42.8121], [-4.1499, 42.7893], [-4.0985, 42.7912], [-4.0819, 42.7653], [-4.1096, 42.7339], [-4.145, 42.7525], [-4.257, 42.6881], [-4.2667, 42.7053], [-4.2932, 42.6909], [-4.2639, 42.618], [-4.2939, 42.6053], [-4.2854, 42.582], [-4.2708, 42.5814], [-4.3053, 42.5708], [-4.3033, 42.5554], [-4.2777, 42.5447], [-4.2721, 42.52], [-4.2862, 42.512], [-4.247, 42.4947], [-4.2544, 42.4679], [-4.2426, 42.4562], [-4.3171, 42.4589], [-4.335, 42.4199], [-4.3162, 42.41], [-4.3301, 42.4044], [-4.3216, 42.3799], [-4.2727, 42.3857], [-4.2805, 42.3638], [-4.2648, 42.3525], [-4.2441, 42.2594], [-4.2288, 42.2504], [-4.2314, 42.2084], [-4.1886, 42.1764], [-4.205, 42.1336], [-4.1202, 42.1281], [-4.1038, 42.1097], [-4.0562, 42.1009], [-4.0775, 42.0827], [-4.103, 42.087], [-4.1041, 42.0616], [-4.0799, 42.0368], [-4.0392, 42.0534], [-3.9814, 42.0506], [-3.9711, 42.0332], [-4.0148, 41.9986], [-4.033, 41.9541], [-3.8915, 41.9966], [-3.892, 41.9579], [-3.9291, 41.9594], [-3.9813, 41.9307], [-3.9807, 41.9006], [-4.0376, 41.8728], [-4.0888, 41.8706], [-4.0793, 41.8484], [-4.0901, 41.8309], [-4.038, 41.7899], [-4.0409, 41.7684], [-4.1003, 41.7747], [-4.1232, 41.8073], [-4.2139, 41.7994], [-4.236, 41.814], [-4.3176, 41.7634], [-4.3893, 41.7878], [-4.4542, 41.7592], [-4.5012, 41.7714], [-4.4873, 41.8201], [-4.4611, 41.8204], [-4.4783, 41.8286], [-4.4733, 41.843], [-4.5121, 41.8233], [-4.5492, 41.831], [-4.5661, 41.8126], [-4.6319, 41.8617], [-4.6373, 41.8881], [-4.6697, 41.9005], [-4.7282, 41.8688], [-4.7584, 41.8258], [-4.7892, 41.818], [-4.8691, 41.9317], [-4.9279, 41.915], [-4.9496, 41.9338], [-4.9837, 41.91], [-5.0049, 41.9379], [-4.9655, 42.0071], [-4.936, 42.0179], [-4.9476, 42.0543], [-4.9042, 42.0784], [-4.9287, 42.1183], [-4.9275, 42.1502], [-4.9943, 42.1449], [-5.027, 42.1539], [-5.0319, 42.1736], [-5.0124, 42.1898], [-5.0247, 42.2199], [-5.0092, 42.231], [-5.0188, 42.2539], [-5.0021, 42.2891], [-4.9534, 42.2972], [-4.9424, 42.3275], [-4.9425, 42.3465], [-4.9842, 42.3379], [-4.9726, 42.3744], [-4.9034, 42.3857], [-4.9143, 42.4012], [-4.905, 42.4246], [-4.924, 42.4361], [-4.9, 42.4507], [-4.888, 42.537], [-4.916, 42.5548], [-4.8947, 42.6239], [-4.9003, 42.6701], [-4.8717, 42.708], [-4.9159, 42.7206], [-4.9364, 42.7445], [-4.8959, 42.7852], [-4.9029, 42.81], [-4.8886, 42.8411], [-4.9003, 42.86], [-4.8656, 42.8605], [-4.8555, 42.8917], [-4.8092, 42.9303], [-4.7948, 42.9867], [-4.757, 43.0155], [-4.6995, 43.0267], [-4.6381, 43.0167], [-4.6061, 43.0358], [-4.5584, 43.0195], [-4.5209, 43.0474], [-4.4757, 43.0387], [-4.456763, 43.057045]], [[-4.256698, 42.727974], [-4.2513, 42.7265], [-4.2451, 42.736], [-4.2606, 42.7389], [-4.256698, 42.727974]]], [[[-4.00087, 42.8098], [-4.0031, 42.7634], [-4.0459, 42.7666], [-4.0502, 42.7798], [-4.0142, 42.8064], [-4.011, 42.8304], [-4.00087, 42.8098]]], [[[-4.071988, 42.165343], [-4.0621, 42.1316], [-4.11, 42.1432], [-4.1118, 42.1586], [-4.071988, 42.165343]]], [[[-4.098008, 42.82367], [-4.0877, 42.8056], [-4.101, 42.794], [-4.1131, 42.8167], [-4.098008, 42.82367]]], [[[-4.168587, 42.811535], [-4.1746, 42.8116], [-4.1823, 42.8203], [-4.1631, 42.8209], [-4.168587, 42.811535]]], [[[-4.030565, 42.079117], [-4.0377, 42.1026], [-4.0244, 42.0836], [-4.030565, 42.079117]]]]}}, {"type": "Feature", "properties": {"name": "Salamanca", "code": "37"}, "geometry": {"type": "MultiPolygon", "coordinates": [[[[-6.475919, 41.287337], [-6.3177, 41.2709], [-6.1345, 41.1904], [-6.1093, 41.2126], [-6.062, 41.2211], [-6.0088, 41.2005], [-6.0275, 41.1791], [-6.0218, 41.1553], [-5.9792, 41.1746], [-5.9532, 41.1401], [-5.9131, 41.1783], [-5.9213, 41.2182], [-5.8977, 41.2386], [-5.7673, 41.2157], [-5.657, 41.2455], [-5.6283, 41.2145], [-5.5879, 41.2024], [-5.5651, 41.217], [-5.4853, 41.1789], [-5.4843, 41.1455], [-5.4698, 41.1579], [-5.4769, 41.1783], [-5.4076, 41.1856], [-5.4002, 41.1454], [-5.357, 41.1408], [-5.3289, 41.1172], [-5.2979, 41.1259], [-5.2885, 41.1956], [-5.253, 41.1998], [-5.2296, 41.1905], [-5.2182, 41.1596], [-5.1797, 41.1673], [-5.1249, 41.132], [-5.1526, 41.062], [-5.1408, 41.0372], [-5.1066, 41.0295], [-5.0898, 40.9966], [-5.1048, 40.9603], [-5.1276, 40.9541], [-5.115, 40.9028], [-5.1638, 40.8684], [-5.1575, 40.8213], [-5.219, 40.773], [-5.2144, 40.7578], [-5.3777, 40.6778], [-5.3858, 40.6633], [-5.3659, 40.6488], [-5.383, 40.6208], [-5.4477, 40.5796], [-5.4997, 40.5816], [-5.5009, 40.5974], [-5.5162, 40.5854], [-5.5247, 40.5407], [-5.4285, 40.5645], [-5.4671, 40.464], [-5.5098, 40.4637], [-5.5115, 40.4263], [-5.5259, 40.4224], [-5.5746, 40.4443], [-5.5609, 40.4771], [-5.6342, 40.4604], [-5.6914, 40.4216], [-5.6784, 40.387], [-5.6864, 40.3554], [-5.673, 40.3485], [-5.7579, 40.2825], [-5.8022, 40.2965], [-5.782, 40.3125], [-5.7993, 40.3538], [-5.885, 40.3261], [-5.9172, 40.2777], [-5.9921, 40.299], [-6.0164, 40.3165], [-6.016, 40.3403], [-6.1057, 40.3568], [-6.0824, 40.3632], [-6.0722, 40.387], [-6.0852, 40.3905], [-6.065, 40.3966], [-6.1295, 40.4208], [-6.1161, 40.4416], [-6.147, 40.4361], [-6.1991, 40.4818], [-6.2346, 40.4866], [-6.2753, 40.4585], [-6.3446, 40.4428], [-6.3714, 40.4019], [-6.4188, 40.3993], [-6.4383, 40.3728], [-6.5363, 40.3472], [-6.5604, 40.329], [-6.5562, 40.2908], [-6.587, 40.2707], [-6.6718, 40.2632], [-6.6901, 40.2427], [-6.7182, 40.2692], [-6.7556, 40.2389], [-6.8345, 40.2476], [-6.8651, 40.2706], [-6.8629, 40.2974], [-6.7942, 40.3288], [-6.781, 40.3647], [-6.8348, 40.4082], [-6.8497, 40.4526], [-6.795, 40.5119], [-6.8008, 40.5506], [-6.8448, 40.5659], [-6.7939, 40.6617], [-6.8312, 40.7526], [-6.817, 40.8012], [-6.8261, 40.8432], [-6.8003, 40.8483], [-6.8088, 40.882], [-6.8485, 40.9008], [-6.8602, 40.9489], [-6.9216, 41.0033], [-6.9301, 41.0301], [-6.8084, 41.0365], [-6.754, 41.1028], [-6.7674, 41.1352], [-6.7013, 41.1804], [-6.6919, 41.2083], [-6.6478, 41.2476], [-6.5991, 41.2442], [-6.5914, 41.2555], [-6.5713, 41.239], [-6.5218, 41.276], [-6.497, 41.2656], [-6.4787, 41.275], [-6.49, 41.2887], [-6.475919, 41.287337]]]]}}, {"type": "Feature", "properties": {"name": "Segovia", "code": "40"}, "geometry": {"type": "MultiPolygon", "coordinates": [[[[-3.963827, 41.586082], [-3.8679, 41.5325], [-3.8239, 41.4811], [-3.7876, 41.4859], [-3.8038, 41.5246], [-3.7662, 41.5379], [-3.7698, 41.4602], [-3.7395, 41.4508], [-3.7237, 41.4792], [-3.7283, 41.5176], [-3.6717, 41.5604], [-3.6168, 41.5772], [-3.5726, 41.5654], [-3.5464, 41.5801], [-3.5383, 41.552], [-3.5019, 41.5292], [-3.4797, 41.5209], [-3.4581, 41.5368], [-3.4237, 41.5163], [-3.4133, 41.4761], [-3.3304, 41.4607], [-3.3505, 41.3949], [-3.2074, 41.3042], [-3.2389, 41.2879], [-3.2543, 41.2584], [-3.2743, 41.2603], [-3.2758, 41.275], [-3.2902, 41.2579], [-3.3363, 41.253], [-3.4098, 41.2606], [-3.4151, 41.2732], [-3.4115, 41.2607], [-3.3995, 41.2545], [-3.4025, 41.2136], [-3.4442, 41.2153], [-3.4669, 41.1833], [-3.5162, 41.1623], [-3.6137, 41.1491], [-3.6761, 41.0867], [-3.7405, 41.0536], [-3.7814, 41.0003], [-3.8905, 40.969], [-3.9379, 40.9272], [-3.9797, 40.7846], [-4.0701, 40.7939], [-4.1471, 40.694], [-4.2529, 40.6895], [-4.3162, 40.6668], [-4.3326, 40.6371], [-4.4196, 40.6334], [-4.4311, 40.7424], [-4.4738, 40.7747], [-4.4938, 40.8335], [-4.5464, 40.8255], [-4.5567, 40.8363], [-4.5316, 40.8586], [-4.5596, 40.8858], [-4.5664, 40.9562], [-4.6067, 40.9708], [-4.6383, 41.0313], [-4.7127, 41.0621], [-4.7213, 41.157], [-4.6806, 41.1857], [-4.6278, 41.1708], [-4.6509, 41.2214], [-4.5739, 41.2752], [-4.602, 41.3027], [-4.5968, 41.3206], [-4.5595, 41.3022], [-4.5286, 41.3211], [-4.4678, 41.2959], [-4.4706, 41.3185], [-4.5045, 41.3472], [-4.484, 41.3668], [-4.515, 41.4097], [-4.4682, 41.4131], [-4.4106, 41.4416], [-4.3649, 41.436], [-4.3624, 41.4499], [-4.2701, 41.4613], [-4.2611, 41.4506], [-4.1583, 41.4821], [-4.1425, 41.4699], [-4.0274, 41.5178], [-3.9999, 41.5161], [-3.9807, 41.5834], [-3.963827, 41.586082]]]]}}, {"type": "Feature", "properties": {"name": "Sevilla", "code": "41"}, "geometry": {"type": "MultiPolygon", "coordinates": [[[[-5.725076, 38.195777], [-5.6886, 38.1819], [-5.6841, 38.158], [-5.7058, 38.1694], [-5.6953, 38.1497], [-5.7388, 38.1328], [-5.7349, 38.0863], [-5.6936, 38.0837], [-5.6325, 38.1386], [-5.5848, 38.1317], [-5.4951, 38.0418], [-5.4932, 37.9958], [-5.4156, 37.9437], [-5.4147, 37.8695], [-5.3393, 37.833], [-5.35, 37.7947], [-5.31, 37.7742], [-5.3071, 37.7002], [-5.3271, 37.6916], [-5.3448, 37.7053], [-5.3763, 37.6776], [-5.3891, 37.6978], [-5.4142, 37.6745], [-5.3936, 37.656], [-5.414, 37.6453], [-5.3599, 37.6054], [-5.358, 37.5848], [-5.1768, 37.6806], [-5.1501, 37.6609], [-5.1079, 37.6626], [-5.1297, 37.6987], [-5.1086, 37.7007], [-5.0979, 37.6703], [-5.0699, 37.6594], [-5.0915, 37.6799], [-5.0726, 37.7077], [-5.0472, 37.7183], [-4.9998, 37.7066], [-4.9538, 37.6524], [-4.9743, 37.6002], [-4.9317, 37.6173], [-4.932, 37.5459], [-4.9489, 37.5219], [-4.906, 37.4998], [-4.9152, 37.4842], [-4.9045, 37.4895], [-4.9041, 37.4674], [-4.8753, 37.4505], [-4.8847, 37.438], [-4.8406, 37.436], [-4.8498, 37.4107], [-4.8147, 37.3775], [-4.8221, 37.3582], [-4.7822, 37.3285], [-4.7292, 37.3353], [-4.7187, 37.3585], [-4.6857, 37.3303], [-4.6712, 37.3345], [-4.6684, 37.3198], [-4.6841, 37.3154], [-4.6606, 37.2944], [-4.6753, 37.3018], [-4.6811, 37.29], [-4.6621, 37.2837], [-4.6533, 37.2558], [-4.73, 37.2535], [-4.7357, 37.2448], [-4.7179, 37.2399], [-4.7272, 37.2111], [-4.7086, 37.1977], [-4.7926, 37.1539], [-4.8259, 37.2007], [-4.8539, 37.1986], [-4.8755, 37.1582], [-4.8976, 37.156], [-4.9051, 37.1819], [-4.9396, 37.1757], [-4.9427, 37.1576], [-4.9033, 37.1388], [-4.9084, 37.1146], [-5.0531, 37.0306], [-5.1228, 37.0277], [-5.1626, 36.9814], [-5.2259, 36.9418], [-5.3002, 37.0137], [-5.3021, 37.0374], [-5.3924, 36.9733], [-5.4128, 36.9407], [-5.439, 36.9353], [-5.4603, 36.9753], [-5.4201, 37.0132], [-5.4337, 37.0524], [-5.511, 37.0336], [-5.4697, 36.9839], [-5.5461, 36.9302], [-5.5338, 36.8935], [-5.5834, 36.9151], [-5.5871, 36.947], [-5.6181, 36.9402], [-5.6676, 36.976], [-5.7138, 36.9204], [-5.8455, 36.9152], [-5.8765, 36.8947], [-5.8911, 36.8422], [-6.1044, 36.8573], [-6.1562, 36.8856], [-6.2538, 36.8939], [-6.2783, 36.9108], [-6.331, 36.8988], [-6.3789, 36.9347], [-6.3539, 36.9885], [-6.3864, 37.0744], [-6.3424, 37.123], [-6.3597, 37.1384], [-6.3361, 37.1696], [-6.3506, 37.1806], [-6.3452, 37.2183], [-6.3598, 37.2381], [-6.333, 37.2991], [-6.3846, 37.3375], [-6.346, 37.3657], [-6.3621, 37.3759], [-6.3563, 37.4122], [-6.3126, 37.4187], [-6.3061, 37.433], [-6.3562, 37.4962], [-6.3665, 37.5358], [-6.3924, 37.5541], [-6.3953, 37.6112], [-6.4433, 37.6234], [-6.5286, 37.6158], [-6.5361, 37.651], [-6.5013, 37.668], [-6.4751, 37.7251], [-6.45, 37.7189], [-6.311, 37.7649], [-6.2523, 37.7631], [-6.2524, 37.7428], [-6.2222, 37.7397], [-6.2024, 37.8055], [-6.134, 37.7878], [-6.1217, 37.8166], [-6.1422, 37.8557], [-6.1643, 37.862], [-6.1249, 37.9044], [-6.1452, 37.9205], [-6.175, 37.9151], [-6.1841, 37.929], [-6.1678, 37.9558], [-6.0517, 37.9968], [-5.9537, 37.9953], [-5.9342, 38.0469], [-5.909, 38.0628], [-5.9264, 38.105], [-5.8807, 38.1323], [-5.8747, 38.1583], [-5.725076, 38.195777]], [[-5.025996, 37.599569], [-5.0312, 37.6415], [-5.0468, 37.6319], [-5.0843, 37.6481], [-5.0404, 37.6262], [-5.0479, 37.6081], [-5.031, 37.6106], [-5.0266, 37.5954], [-5.0178, 37.5925], [-5.025996, 37.599569]]]]}}, {"type": "Feature", "properties": {"name": "Toledo", "code": "45"}, "geometry": {"type": "MultiPolygon", "coordinates": [[[[-4.37514, 40.314258], [-4.3564, 40.3086], [-4.3485, 40.2367], [-4.308, 40.2339], [-4.3061, 40.2218], [-4.27, 40.2357], [-4.248, 40.2735], [-4.2032, 40.2688], [-4.1909, 40.2974], [-4.144, 40.2646], [-4.1458, 40.2452], [-4.1043, 40.2418], [-4.0729, 40.2655], [-4.024, 40.249], [-4.0262, 40.2356], [-3.991, 40.2095], [-3.9529, 40.2128], [-3.9509, 40.1903], [-3.9311, 40.204], [-3.872, 40.1902], [-3.8342, 40.1614], [-3.8046, 40.1768], [-3.7705, 40.1394], [-3.7444, 40.1322], [-3.7222, 40.1477], [-3.6837, 40.1323], [-3.6673, 40.1433], [-3.6557, 40.1249], [-3.6076, 40.109], [-3.6361, 40.0416], [-3.6999, 40.0195], [-3.7201, 39.9844], [-3.7462, 39.9811], [-3.7279, 39.9645], [-3.7588, 39.9689], [-3.7544, 39.9504], [-3.7705, 39.9506], [-3.758, 39.9583], [-3.7636, 39.9675], [-3.7833, 39.9448], [-3.8095, 39.954], [-3.832, 39.9316], [-3.84, 39.942], [-3.8752, 39.9287], [-3.8689, 39.9052], [-3.8149, 39.8857], [-3.7439, 39.9408], [-3.6345, 39.9659], [-3.6379, 39.9884], [-3.59, 40.0132], [-3.5197, 40.0211], [-3.5069, 40.0487], [-3.4011, 40.0342], [-3.3758, 40.0513], [-3.3777, 40.0748], [-3.3344, 40.0811], [-3.2752, 40.0473], [-3.201, 40.0605], [-3.1664, 40.0911], [-3.1702, 40.0481], [-3.1426, 39.985], [-3.0966, 39.9869], [-3.0971, 39.9335], [-3.1272, 39.8747], [-3.0763, 39.8557], [-2.9977, 39.7189], [-2.9082, 39.6423], [-2.9255, 39.6018], [-2.9313, 39.4709], [-2.9568, 39.4472], [-2.9995, 39.4416], [-3.0226, 39.457], [-3.0696, 39.4503], [-3.1434, 39.4955], [-3.1845, 39.488], [-3.1852, 39.4742], [-3.2942, 39.4708], [-3.3159, 39.4345], [-3.3091, 39.3992], [-3.4103, 39.4046], [-3.4705, 39.3721], [-3.4769, 39.3431], [-3.5326, 39.3042], [-3.6802, 39.2983], [-3.7225, 39.2696], [-3.7912, 39.2929], [-3.8543, 39.2584], [-3.9669, 39.2986], [-3.9722, 39.3522], [-4.0734, 39.3653], [-4.1044, 39.3411], [-4.1205, 39.3626], [-4.1481, 39.3628], [-4.1181, 39.4569], [-4.0681, 39.4571], [-4.0601, 39.5214], [-4.0301, 39.522], [-4.0418, 39.5754], [-4.1243, 39.5636], [-4.1587, 39.5768], [-4.1932, 39.4954], [-4.2421, 39.4779], [-4.3772, 39.496], [-4.4419, 39.5231], [-4.4616, 39.4785], [-4.5112, 39.5221], [-4.4822, 39.5388], [-4.525, 39.5616], [-4.5311, 39.5316], [-4.5427, 39.544], [-4.5614, 39.5331], [-4.5546, 39.5108], [-4.5679, 39.4973], [-4.6184, 39.4847], [-4.6181, 39.4544], [-4.6903, 39.4518], [-4.7554, 39.4157], [-4.7681, 39.4299], [-4.7405, 39.4562], [-4.7517, 39.5018], [-4.8631, 39.5561], [-4.903, 39.5037], [-4.9497, 39.3931], [-5.2066, 39.5972], [-5.1618, 39.6424], [-5.1378, 39.715], [-5.174, 39.7513], [-5.1585, 39.7597], [-5.1669, 39.7999], [-5.2065, 39.7976], [-5.2548, 39.7523], [-5.3081, 39.76], [-5.3126, 39.8243], [-5.284, 39.8639], [-5.3236, 39.8917], [-5.4061, 39.8777], [-5.3651, 39.9829], [-5.3739, 40.0593], [-5.3594, 40.1084], [-5.2164, 40.108], [-5.2035, 40.0834], [-5.1716, 40.0848], [-5.0878, 40.1243], [-5.067, 40.1509], [-5.0185, 40.1591], [-5.0133, 40.1111], [-4.9545, 40.1211], [-4.9563, 40.1333], [-4.9255, 40.136], [-4.9247, 40.17], [-4.8077, 40.2353], [-4.8182, 40.2548], [-4.8035, 40.2753], [-4.7616, 40.2609], [-4.6981, 40.2822], [-4.6873, 40.212], [-4.6542, 40.1981], [-4.5791, 40.2172], [-4.5279, 40.2001], [-4.5098, 40.2192], [-4.4374, 40.2367], [-4.4352, 40.2591], [-4.3835, 40.289], [-4.37514, 40.314258]]]]}}, {"type": "Feature", "properties": {"name": "Tarragona", "code": "43"}, "geometry": {"type": "MultiPolygon", "coordinates": [[[[1.438562, 41.575683], [1.4545, 41.5692], [1.431, 41.5557], [1.4486, 41.5371], [1.4087, 41.5349], [1.3963, 41.5129], [1.4846, 41.4749], [1.4685, 41.444], [1.4952, 41.4356], [1.4751, 41.4295], [1.4902, 41.4015], [1.4825, 41.3986], [1.473, 41.3808], [1.5093, 41.3944], [1.5368, 41.3854], [1.578, 41.3625], [1.5587, 41.3431], [1.5955, 41.3088], [1.5882, 41.2936], [1.6368, 41.296], [1.6197, 41.2537], [1.5702, 41.2607], [1.5831, 41.2361], [1.624, 41.2229], [1.641, 41.2354], [1.6447, 41.1934], [1.5133, 41.178], [1.3949, 41.1316], [1.2979, 41.1278], [1.2208, 41.0836], [1.2491, 41.1086], [1.215, 41.1042], [1.1703, 41.0546], [1.1234, 41.0747], [1.0491, 41.0641], [0.9666, 41.0284], [0.8622, 40.9471], [0.7413, 40.8233], [0.6997, 40.8045], [0.7303, 40.7695], [0.7806, 40.7683], [0.7302, 40.7892], [0.7659, 40.7923], [0.8286, 40.7343], [0.872, 40.7349], [0.8806, 40.7185], [0.8636, 40.6899], [0.7583, 40.6415], [0.7021, 40.5804], [0.6614, 40.5573], [0.6176, 40.5536], [0.595, 40.5781], [0.6489, 40.5729], [0.657, 40.5783], [0.6603, 40.5915], [0.7087, 40.5909], [0.7452, 40.6361], [0.6013, 40.6221], [0.6046, 40.6091], [0.5904, 40.6128], [0.5379, 40.5672], [0.5147, 40.523], [0.438, 40.5471], [0.4439, 40.5782], [0.402, 40.6024], [0.2823, 40.6276], [0.2677, 40.6582], [0.2918, 40.6886], [0.2624, 40.7059], [0.2365, 40.7017], [0.2261, 40.7332], [0.1973, 40.7242], [0.1645, 40.7401], [0.1592, 40.7506], [0.1754, 40.7411], [0.1752, 40.7549], [0.23, 40.7674], [0.2336, 40.787], [0.2782, 40.8209], [0.2389, 40.8847], [0.2935, 40.9706], [0.2586, 41.0146], [0.2797, 41.0202], [0.2177, 41.0437], [0.2304, 41.0553], [0.2201, 41.0829], [0.2012, 41.0847], [0.2012, 41.1268], [0.2479, 41.1301], [0.253, 41.1502], [0.3033, 41.1644], [0.3224, 41.2252], [0.3813, 41.2364], [0.3857, 41.2788], [0.4331, 41.276], [0.4417, 41.3256], [0.4691, 41.331], [0.5033, 41.2897], [0.5258, 41.2905], [0.5544, 41.3267], [0.5808, 41.3201], [0.5971, 41.2934], [0.6282, 41.2909], [0.7515, 41.3178], [0.7625, 41.3342], [0.8195, 41.3288], [0.845, 41.3623], [0.8633, 41.3381], [0.9452, 41.3498], [1.0749, 41.4584], [1.0375, 41.48], [1.0485, 41.4875], [1.0398, 41.5011], [1.1122, 41.467], [1.1809, 41.4881], [1.1647, 41.5345], [1.2108, 41.5486], [1.2199, 41.5696], [1.3919, 41.5564], [1.4034, 41.5582], [1.3955, 41.5775], [1.438562, 41.575683]], [[0.737639, 40.637919], [0.737639, 40.637919]], [[0.707627, 40.635232], [0.707627, 40.635232]]], [[[1.633235, 41.313491], [1.6409, 41.3126], [1.629, 41.3107], [1.633235, 41.313491]]]]}}, {"type": "Feature", "properties": {"name": "Teruel", "code": "44"}, "geometry": {"type": "MultiPolygon", "coordinates": [[[[-0.502556, 41.354389], [-0.4799, 41.3459], [-0.4702, 41.3182], [-0.4208, 41.3117], [-0.4288, 41.2941], [-0.4059, 41.2724], [-0.3372, 41.2414], [-0.3175, 41.2575], [-0.2242, 41.1895], [-0.181, 41.1881], [-0.0159, 41.1227], [0.0369, 41.0466], [0.0786, 41.0803], [0.1459, 41.063], [0.2203, 41.0714], [0.2304, 41.0546], [0.2177, 41.0437], [0.2797, 41.0202], [0.2586, 41.0146], [0.2935, 40.9706], [0.2389, 40.8847], [0.2782, 40.8209], [0.2336, 40.787], [0.23, 40.7674], [0.1752, 40.7549], [0.1754, 40.7411], [0.1592, 40.7506], [0.1638, 40.7236], [0.1125, 40.7271], [0.0422, 40.691], [0.0264, 40.695], [0.0157, 40.7284], [-0.0647, 40.7274], [-0.1268, 40.7533], [-0.1445, 40.7854], [-0.165, 40.7886], [-0.1972, 40.7845], [-0.224, 40.7542], [-0.236, 40.6911], [-0.307, 40.6595], [-0.3288, 40.6803], [-0.378, 40.6675], [-0.3705, 40.6136], [-0.2933, 40.611], [-0.3018, 40.5154], [-0.2776, 40.5015], [-0.2726, 40.4738], [-0.3474, 40.4439], [-0.2854, 40.3865], [-0.2818, 40.3657], [-0.3406, 40.34], [-0.3663, 40.3051], [-0.3886, 40.3069], [-0.4004, 40.2949], [-0.3836, 40.2648], [-0.4281, 40.2438], [-0.4945, 40.2287], [-0.5442, 40.2517], [-0.5786, 40.1373], [-0.6285, 40.1026], [-0.6136, 40.07], [-0.6272, 40.0762], [-0.6829, 40.0442], [-0.7536, 40.0466], [-0.7776, 39.9984], [-0.8378, 39.9768], [-0.8404, 39.925], [-0.7977, 39.8811], [-0.8636, 39.8474], [-0.9126, 39.8724], [-0.9027, 39.9318], [-0.9205, 39.9644], [-0.9319, 39.9561], [-0.9894, 39.9818], [-1.105, 39.975], [-1.1217, 39.9609], [-1.1424, 39.9718], [-1.1652, 40.0101], [-1.0842, 40.0362], [-1.0721, 40.0605], [-1.148, 40.1145], [-1.2446, 40.1158], [-1.2443, 40.146], [-1.2843, 40.1715], [-1.2931, 40.2069], [-1.323, 40.1849], [-1.3197, 40.1464], [-1.3571, 40.1289], [-1.4333, 40.1395], [-1.4489, 40.1453], [-1.4392, 40.197], [-1.4744, 40.185], [-1.5109, 40.2037], [-1.5405, 40.1908], [-1.6903, 40.3097], [-1.7212, 40.2787], [-1.7295, 40.3029], [-1.6977, 40.3213], [-1.7778, 40.3919], [-1.8064, 40.3982], [-1.8006, 40.4142], [-1.7854, 40.4132], [-1.735, 40.472], [-1.6925, 40.4868], [-1.7016, 40.5411], [-1.6781, 40.591], [-1.5987, 40.5621], [-1.5455, 40.5952], [-1.5649, 40.6147], [-1.5356, 40.687], [-1.562, 40.7398], [-1.5399, 40.7607], [-1.5423, 40.8112], [-1.6214, 40.8804], [-1.6079, 40.9276], [-1.6174, 40.9437], [-1.5616, 40.9386], [-1.5053, 40.9641], [-1.473, 40.9488], [-1.4466, 40.9846], [-1.4764, 41.0149], [-1.4175, 41.0298], [-1.4052, 41.0663], [-1.3558, 41.0885], [-1.3542, 41.0575], [-1.2874, 41.0489], [-1.2533, 41.0773], [-1.2714, 41.1033], [-1.2544, 41.1229], [-1.21, 41.1388], [-1.174, 41.1237], [-1.1216, 41.1349], [-1.1057, 41.1676], [-1.0393, 41.1347], [-1.0009, 41.134], [-0.9724, 41.1535], [-0.9986, 41.0952], [-0.9529, 41.0754], [-0.9125, 41.093], [-0.8833, 41.1488], [-0.8599, 41.108], [-0.8285, 41.0964], [-0.7928, 41.1056], [-0.7614, 41.1697], [-0.694, 41.1123], [-0.6099, 41.1917], [-0.6692, 41.2368], [-0.6255, 41.2482], [-0.6297, 41.3118], [-0.5998, 41.3189], [-0.5485, 41.2677], [-0.5316, 41.2278], [-0.5097, 41.2383], [-0.5082, 41.2558], [-0.5272, 41.2882], [-0.5773, 41.3139], [-0.5818, 41.3481], [-0.502556, 41.354389]]]]}}, {"type": "Feature", "properties": {"name": "València/Valencia", "code": "46"}, "geometry": {"type": "MultiPolygon", "coordinates": [[[[-0.987142, 39.980725], [-0.9185, 39.9627], [-0.9027, 39.9318], [-0.9128, 39.8731], [-0.8886, 39.8521], [-0.8636, 39.8474], [-0.7938, 39.8814], [-0.7305, 39.8148], [-0.7126, 39.8168], [-0.6911, 39.8525], [-0.6562, 39.836], [-0.6523, 39.7541], [-0.6359, 39.7479], [-0.5882, 39.7417], [-0.577, 39.7732], [-0.5306, 39.796], [-0.4562, 39.7147], [-0.3961, 39.7586], [-0.3779, 39.7999], [-0.3283, 39.8015], [-0.2765, 39.7705], [-0.2642, 39.7455], [-0.1885, 39.7219], [-0.2081, 39.6433], [-0.2157, 39.6551], [-0.2543, 39.6208], [-0.316, 39.5234], [-0.3213, 39.4634], [-0.302, 39.4493], [-0.3021, 39.4342], [-0.3298, 39.4616], [-0.3166, 39.4433], [-0.3283, 39.4444], [-0.3344, 39.4337], [-0.3101, 39.428], [-0.3357, 39.4247], [-0.2785, 39.2785], [-0.2163, 39.1863], [-0.2383, 39.1767], [-0.2395, 39.1469], [-0.2035, 39.066], [-0.1443, 38.9953], [-0.1563, 38.9981], [-0.1611, 38.9924], [-0.1468, 38.9944], [-0.0274, 38.8616], [-0.0422, 38.8565], [-0.0706, 38.8857], [-0.1481, 38.8584], [-0.1608, 38.8874], [-0.2305, 38.8535], [-0.3108, 38.8815], [-0.3814, 38.8349], [-0.4034, 38.8397], [-0.4619, 38.8076], [-0.5952, 38.7951], [-0.5656, 38.7554], [-0.5296, 38.7671], [-0.5071, 38.743], [-0.6287, 38.6866], [-0.6434, 38.7278], [-0.7072, 38.7338], [-0.7349, 38.7594], [-0.8346, 38.7324], [-0.8617, 38.7709], [-0.9132, 38.7696], [-0.9338, 38.794], [-0.9245, 38.8918], [-0.9565, 38.9201], [-0.9594, 38.9446], [-1.1467, 38.9294], [-1.2265, 39.0247], [-1.2639, 39.0451], [-1.2557, 39.1062], [-1.1808, 39.2118], [-1.1619, 39.3054], [-1.2079, 39.3262], [-1.2233, 39.3161], [-1.3127, 39.3432], [-1.3366, 39.334], [-1.4147, 39.3803], [-1.426, 39.3628], [-1.4323, 39.3776], [-1.4551, 39.3608], [-1.4488, 39.3782], [-1.4682, 39.3833], [-1.4529, 39.3837], [-1.4527, 39.3987], [-1.4733, 39.3911], [-1.4706, 39.4075], [-1.4888, 39.4016], [-1.4833, 39.4225], [-1.499, 39.4154], [-1.4967, 39.4293], [-1.5217, 39.4327], [-1.5289, 39.4553], [-1.5134, 39.4583], [-1.5125, 39.4963], [-1.4992, 39.5005], [-1.5026, 39.5456], [-1.5207, 39.55], [-1.4621, 39.5766], [-1.4179, 39.6549], [-1.3685, 39.6896], [-1.3128, 39.6705], [-1.2679, 39.6911], [-1.2754, 39.7386], [-1.215, 39.8088], [-1.2, 39.8587], [-1.204, 39.9493], [-1.1424, 39.9718], [-1.1217, 39.9609], [-1.105, 39.975], [-0.987142, 39.980725]]], [[[-1.293083, 40.206923], [-1.2843, 40.1715], [-1.2443, 40.146], [-1.2446, 40.1158], [-1.148, 40.1145], [-1.0718, 40.0511], [-1.1341, 40.0158], [-1.2468, 39.9952], [-1.3769, 40.0165], [-1.4203, 40.0935], [-1.4076, 40.1014], [-1.4572, 40.1351], [-1.4489, 40.1453], [-1.3546, 40.1295], [-1.3166, 40.1497], [-1.323, 40.1849], [-1.293083, 40.206923]]]]}}, {"type": "Feature", "properties": {"name": "Valladolid", "code": "47"}, "geometry": {"type": "MultiPolygon", "coordinates": [[[[-5.112002, 42.311842], [-5.0938, 42.3093], [-5.0548, 42.2575], [-5.0384, 42.2971], [-5.0021, 42.2891], [-5.0188, 42.2539], [-5.0124, 42.1898], [-5.0319, 42.1736], [-5.027, 42.1539], [-4.9275, 42.1502], [-4.9287, 42.1183], [-4.9042, 42.0784], [-4.9476, 42.0543], [-4.936, 42.0179], [-4.9655, 42.0071], [-5.0051, 41.9472], [-4.9853, 41.9107], [-4.9496, 41.9338], [-4.9279, 41.915], [-4.8691, 41.9317], [-4.7892, 41.818], [-4.7584, 41.8258], [-4.7282, 41.8688], [-4.6648, 41.8995], [-4.5661, 41.8126], [-4.5492, 41.831], [-4.5121, 41.8233], [-4.4733, 41.843], [-4.4783, 41.8286], [-4.4611, 41.8204], [-4.4873, 41.8201], [-4.5012, 41.7714], [-4.4501, 41.7584], [-4.3893, 41.7878], [-4.3176, 41.7634], [-4.236, 41.814], [-4.2139, 41.7994], [-4.1232, 41.8073], [-4.1003, 41.7747], [-4.0409, 41.7684], [-4.0764, 41.7261], [-4.026, 41.6924], [-4.0353, 41.6206], [-4.0059, 41.6194], [-3.9844, 41.5975], [-3.9958, 41.5211], [-4.1425, 41.4699], [-4.1583, 41.4821], [-4.2611, 41.4506], [-4.2701, 41.4613], [-4.3624, 41.4499], [-4.3649, 41.436], [-4.4106, 41.4416], [-4.4682, 41.4131], [-4.515, 41.4097], [-4.484, 41.3668], [-4.5045, 41.3472], [-4.4706, 41.3185], [-4.4715, 41.2916], [-4.5286, 41.3211], [-4.5595, 41.3022], [-4.5968, 41.3206], [-4.602, 41.3027], [-4.5739, 41.2752], [-4.6509, 41.2214], [-4.6278, 41.1708], [-4.6806, 41.1857], [-4.7221, 41.1493], [-4.8058, 41.1352], [-4.828, 41.0992], [-4.8637, 41.094], [-4.9897, 41.1608], [-5.1249, 41.132], [-5.1797, 41.1673], [-5.2182, 41.1596], [-5.2296, 41.1905], [-5.253, 41.1998], [-5.3325, 41.1783], [-5.3403, 41.1941], [-5.2937, 41.2263], [-5.3022, 41.2593], [-5.2917, 41.2692], [-5.3346, 41.3706], [-5.3075, 41.4141], [-5.3392, 41.4256], [-5.3248, 41.4553], [-5.3447, 41.4793], [-5.2289, 41.5284], [-5.2931, 41.5744], [-5.2705, 41.6011], [-5.3289, 41.6159], [-5.3274, 41.6805], [-5.3581, 41.6997], [-5.3602, 41.7271], [-5.3752, 41.7198], [-5.3907, 41.7526], [-5.3702, 41.7778], [-5.2786, 41.8148], [-5.3304, 41.8318], [-5.3065, 41.8578], [-5.3111, 41.8916], [-5.2937, 41.9199], [-5.3352, 41.9375], [-5.2544, 41.9809], [-5.2806, 41.9788], [-5.3255, 42.0204], [-5.3764, 42.0396], [-5.3901, 42.0898], [-5.3715, 42.1301], [-5.389, 42.2179], [-5.3612, 42.2252], [-5.3075, 42.1993], [-5.2869, 42.2299], [-5.2656, 42.2109], [-5.2415, 42.2145], [-5.226, 42.2267], [-5.254, 42.2398], [-5.2365, 42.2733], [-5.1827, 42.2642], [-5.112002, 42.311842]]], [[[-5.51673, 42.093449], [-5.4809, 42.0524], [-5.4216, 42.0307], [-5.4474, 42.0137], [-5.4315, 42.0043], [-5.4383, 41.9674], [-5.4853, 41.9851], [-5.4714, 42.0101], [-5.51673, 42.093449]]], [[[-5.322061, 42.26773], [-5.3018, 42.2692], [-5.3033, 42.252], [-5.3413, 42.2327], [-5.3453, 42.2678], [-5.322061, 42.26773]]]]}}, {"type": "Feature", "properties": {"name": "Bizkaia/Vizcaya", "code": "48"}, "geometry": {"type": "MultiPolygon", "coordinates": [[[[-2.751495, 43.456648], [-2.7387, 43.4297], [-2.6957, 43.4068], [-2.6463, 43.4159], [-2.6186, 43.3919], [-2.5097, 43.3774], [-2.5026, 43.3642], [-2.4597, 43.3356], [-2.4126, 43.3213], [-2.439, 43.2949], [-2.4181, 43.2676], [-2.4366, 43.2437], [-2.4979, 43.2199], [-2.4841, 43.1709], [-2.5097, 43.1614], [-2.5011, 43.0965], [-2.6617, 43.0743], [-2.6337, 43.0448], [-2.6336, 43.0199], [-2.8942, 43.0464], [-2.9755, 43.0995], [-2.9358, 43.1362], [-2.9542, 43.1597], [-2.9464, 43.1709], [-2.98, 43.2019], [-3.0068, 43.1966], [-3.0272, 43.217], [-3.0401, 43.2099], [-3.0165, 43.2028], [-3.0269, 43.1614], [-3.0747, 43.1464], [-3.1113, 43.1435], [-3.158, 43.178], [-3.2241, 43.1701], [-3.2534, 43.1986], [-3.4176, 43.1334], [-3.4491, 43.2359], [-3.3401, 43.278], [-3.3324, 43.3019], [-3.2794, 43.2901], [-3.2252, 43.3089], [-3.2087, 43.2836], [-3.1515, 43.3069], [-3.1533, 43.3533], [-3.1148, 43.3505], [-3.1094, 43.3647], [-3.0841, 43.3779], [-3.1045, 43.3647], [-3.0812, 43.3519], [-3.0755, 43.3548], [-3.0723, 43.3627], [-3.0595, 43.3618], [-3.0479, 43.3593], [-3.0749, 43.3542], [-3.0318, 43.3466], [-3.0438, 43.3391], [-3.0207, 43.3255], [-3.0102, 43.3372], [-3.0278, 43.3419], [-3.0126, 43.3477], [-3.0396, 43.3733], [-2.9705, 43.4134], [-2.9469, 43.4121], [-2.9469, 43.436], [-2.807, 43.4305], [-2.751495, 43.456648]], [[-3.274784, 43.264545], [-3.3058, 43.2535], [-3.285, 43.1977], [-3.2652, 43.2058], [-3.2698, 43.2321], [-3.2511, 43.2487], [-3.2494, 43.2597], [-3.274784, 43.264545]]], [[[-3.048958, 43.046086], [-3.0185, 43.0377], [-3.0329, 43.0203], [-2.986, 43.0121], [-2.9857, 42.9921], [-2.9557, 42.9989], [-3.0045, 42.9827], [-3.0385, 42.9819], [-3.0603, 43.0035], [-3.089, 43.0016], [-3.048958, 43.046086]]], [[[-2.439615, 43.333182], [-2.439789, 43.333147], [-2.439738, 43.333255], [-2.439615, 43.333182]]], [[[-2.452358, 43.335937], [-2.452383, 43.335919], [-2.452481, 43.336009], [-2.452358, 43.335937]]]]}}, {"type": "Feature", "properties": {"name": "Zamora", "code": "49"}, "geometry": {"type": "MultiPolygon", "coordinates": [[[[-6.761138, 42.239866], [-6.7038, 42.2094], [-6.6386, 42.2173], [-6.6133, 42.2032], [-6.526, 42.2034], [-6.4976, 42.182], [-6.4279, 42.2019], [-6.3126, 42.2066], [-6.2937, 42.178], [-6.2124, 42.1481], [-6.1602, 42.1658], [-6.0493, 42.1599], [-5.9535, 42.1237], [-5.9481, 42.1419], [-5.9116, 42.1406], [-5.8974, 42.1561], [-5.8449, 42.1107], [-5.7767, 42.1358], [-5.7552, 42.1366], [-5.7429, 42.1133], [-5.6768, 42.1203], [-5.6872, 42.1379], [-5.6676, 42.1421], [-5.6201, 42.1067], [-5.635, 42.082], [-5.5885, 42.0773], [-5.5866, 42.0509], [-5.5777, 42.0654], [-5.5607, 42.056], [-5.5434, 42.0994], [-5.5261, 42.1038], [-5.4714, 42.0101], [-5.4856, 41.9858], [-5.4631, 41.9755], [-5.4383, 41.9674], [-5.4315, 42.0043], [-5.4474, 42.0137], [-5.3844, 42.0421], [-5.3255, 42.0204], [-5.2806, 41.9788], [-5.2605, 41.9846], [-5.2547, 41.9816], [-5.3352, 41.9375], [-5.2937, 41.9199], [-5.3111, 41.8916], [-5.3065, 41.8578], [-5.3304, 41.8318], [-5.2786, 41.8148], [-5.3914, 41.7605], [-5.3752, 41.7198], [-5.3617, 41.7288], [-5.3581, 41.6997], [-5.3274, 41.6805], [-5.3289, 41.6159], [-5.2705, 41.6011], [-5.2931, 41.5744], [-5.2289, 41.5284], [-5.3447, 41.4793], [-5.3248, 41.4553], [-5.3392, 41.4256], [-5.3075, 41.4141], [-5.3346, 41.3706], [-5.2917, 41.2692], [-5.3022, 41.2593], [-5.2937, 41.2263], [-5.3403, 41.1941], [-5.3303, 41.1776], [-5.2887, 41.182], [-5.2979, 41.1259], [-5.3289, 41.1172], [-5.357, 41.1408], [-5.387, 41.1359], [-5.4181, 41.1877], [-5.4769, 41.1783], [-5.4698, 41.1579], [-5.4843, 41.1455], [-5.4853, 41.1789], [-5.5651, 41.217], [-5.5879, 41.2024], [-5.6283, 41.2145], [-5.6628, 41.2458], [-5.7673, 41.2157], [-5.8977, 41.2386], [-5.9213, 41.2182], [-5.9131, 41.1783], [-5.9532, 41.1401], [-5.9792, 41.1746], [-6.0218, 41.1553], [-6.0275, 41.1791], [-6.0088, 41.2005], [-6.062, 41.2211], [-6.1093, 41.2126], [-6.1345, 41.1904], [-6.3177, 41.2709], [-6.4791, 41.2884], [-6.4376, 41.3057], [-6.4162, 41.348], [-6.3796, 41.3572], [-6.3899, 41.3854], [-6.3183, 41.3861], [-6.3328, 41.4115], [-6.2981, 41.4312], [-6.3058, 41.4495], [-6.2851, 41.4784], [-6.2624, 41.4865], [-6.2559, 41.5139], [-6.1894, 41.575], [-6.3022, 41.6627], [-6.4445, 41.6848], [-6.4985, 41.6571], [-6.5482, 41.6856], [-6.5491, 41.7254], [-6.569, 41.7435], [-6.5158, 41.8707], [-6.5712, 41.8836], [-6.5458, 41.9359], [-6.5738, 41.9607], [-6.5885, 41.9678], [-6.6212, 41.94], [-6.6993, 41.9333], [-6.7506, 41.9434], [-6.7687, 41.9839], [-6.7856, 41.9889], [-6.8115, 41.9925], [-6.8212, 41.9463], [-6.8444, 41.9423], [-6.9417, 41.9443], [-6.9579, 41.9693], [-6.9845, 41.9736], [-6.9911, 41.9883], [-6.9611, 42.0279], [-6.9748, 42.0552], [-7.0118, 42.0524], [-7.0336, 42.0742], [-7.0027, 42.0842], [-6.9898, 42.1213], [-6.949, 42.1357], [-6.9428, 42.1733], [-6.9011, 42.1896], [-6.8869, 42.2144], [-6.8436, 42.2283], [-6.7967, 42.209], [-6.7915, 42.2522], [-6.761138, 42.239866]]]]}}, {"type": "Feature", "properties": {"name": "Zaragoza", "code": "50"}, "geometry": {"type": "MultiPolygon", "coordinates": [[[[-0.909105, 42.744036], [-0.8969, 42.7357], [-0.9225, 42.7008], [-0.88, 42.6881], [-0.8931, 42.6623], [-0.9276, 42.6562], [-0.9047, 42.599], [-0.9342, 42.5726], [-0.895, 42.5491], [-0.9334, 42.5059], [-0.893, 42.5099], [-0.897, 42.4791], [-0.8777, 42.4616], [-0.9038, 42.4532], [-0.9044, 42.4348], [-0.8153, 42.3952], [-0.8442, 42.3846], [-0.8557, 42.3399], [-0.9189, 42.2573], [-0.8905, 42.24], [-0.877, 42.2816], [-0.8065, 42.2705], [-0.7718, 42.3467], [-0.7779, 42.3913], [-0.7364, 42.3699], [-0.7446, 42.3387], [-0.7289, 42.2963], [-0.7594, 42.2636], [-0.7598, 42.1702], [-0.7474, 42.1559], [-0.7609, 42.1299], [-0.7549, 42.0906], [-0.7702, 42.0872], [-0.7631, 42.0675], [-0.7935, 42.0544], [-0.8129, 42.0925], [-0.857, 42.051], [-0.8507, 42.0262], [-0.8849, 42.0036], [-0.7782, 41.9574], [-0.6578, 41.9575], [-0.6306, 41.9129], [-0.5955, 41.8996], [-0.6033, 41.8828], [-0.5552, 41.8713], [-0.5167, 41.8368], [-0.5007, 41.7613], [-0.5187, 41.7288], [-0.4894, 41.7317], [-0.4449, 41.7037], [-0.3745, 41.6881], [-0.3595, 41.6352], [-0.3126, 41.6241], [-0.2448, 41.5731], [-0.2057, 41.6023], [-0.1564, 41.59], [-0.1674, 41.5811], [-0.1567, 41.5353], [-0.105, 41.4855], [-0.0727, 41.3772], [-0.0494, 41.3605], [-0.0079, 41.3478], [-0.0293, 41.3778], [-0.0234, 41.397], [0.0097, 41.3604], [0.0934, 41.35], [0.1637, 41.4065], [0.1826, 41.3944], [0.2191, 41.4036], [0.2406, 41.4284], [0.3337, 41.4094], [0.32, 41.3942], [0.374, 41.3515], [0.3484, 41.3289], [0.3857, 41.2788], [0.3813, 41.2364], [0.3224, 41.2252], [0.292, 41.1564], [0.253, 41.1502], [0.2479, 41.1301], [0.2012, 41.1268], [0.2012, 41.0847], [0.2203, 41.0714], [0.1459, 41.063], [0.0786, 41.0803], [0.0369, 41.0466], [-0.0159, 41.1227], [-0.181, 41.1881], [-0.2242, 41.1895], [-0.3175, 41.2575], [-0.3372, 41.2414], [-0.4059, 41.2724], [-0.4288, 41.2941], [-0.4208, 41.3117], [-0.4702, 41.3182], [-0.4799, 41.3459], [-0.5026, 41.3544], [-0.5818, 41.3481], [-0.5773, 41.3139], [-0.5272, 41.2882], [-0.5082, 41.2558], [-0.5097, 41.2383], [-0.5316, 41.2278], [-0.5485, 41.2677], [-0.5998, 41.3189], [-0.6297, 41.3118], [-0.6255, 41.2482], [-0.6692, 41.2368], [-0.6099, 41.1917], [-0.694, 41.1123], [-0.7614, 41.1697], [-0.7928, 41.1056], [-0.8285, 41.0964], [-0.8599, 41.108], [-0.8833, 41.1488], [-0.9125, 41.093], [-0.9529, 41.0754], [-0.9986, 41.0952], [-0.9724, 41.1535], [-1.0009, 41.134], [-1.0393, 41.1347], [-1.1057, 41.1676], [-1.1216, 41.1349], [-1.174, 41.1237], [-1.21, 41.1388], [-1.2544, 41.1229], [-1.2714, 41.1033], [-1.2533, 41.0773], [-1.2874, 41.0489], [-1.3542, 41.0575], [-1.3558, 41.0885], [-1.4052, 41.0663], [-1.4175, 41.0298], [-1.4764, 41.0149], [-1.4466, 40.9846], [-1.473, 40.9488], [-1.5053, 40.9641], [-1.5616, 40.9386], [-1.631, 40.95], [-1.8033, 41.0899], [-1.9324, 41.1386], [-1.959, 41.1725], [-2.0517, 41.1468], [-2.0799, 41.171], [-2.1462, 41.1844], [-2.1705, 41.3188], [-2.1571, 41.334], [-2.1631, 41.3554], [-2.116, 41.382], [-2.1118, 41.4342], [-2.1015, 41.4458], [-2.0471, 41.4343], [-2.0356, 41.4269], [-2.0424, 41.389], [-2.0293, 41.3842], [-1.9373, 41.4079], [-1.9537, 41.4243], [-1.9533, 41.4625], [-1.9811, 41.4864], [-1.9673, 41.5461], [-1.9937, 41.5771], [-1.9932, 41.6005], [-1.9231, 41.5983], [-1.859, 41.6615], [-1.8062, 41.6643], [-1.8121, 41.6865], [-1.7754, 41.7248], [-1.8092, 41.7367], [-1.8059, 41.7551], [-1.8529, 41.7896], [-1.8191, 41.8288], [-1.8176, 41.8534], [-1.8573, 41.9095], [-1.8652, 41.9776], [-1.844, 41.9873], [-1.8472, 42.008], [-1.8337, 41.9951], [-1.7669, 41.9958], [-1.7152, 41.957], [-1.6541, 41.9654], [-1.5593, 41.9139], [-1.4108, 41.919], [-1.3395, 42.018], [-1.3048, 42.0429], [-1.3106, 42.0723], [-1.3523, 42.0731], [-1.3668, 42.107], [-1.3989, 42.1262], [-1.3919, 42.1814], [-1.4175, 42.2124], [-1.3914, 42.2721], [-1.3991, 42.2913], [-1.3291, 42.3554], [-1.3599, 42.378], [-1.3415, 42.4239], [-1.2728, 42.4819], [-1.2881, 42.5228], [-1.2648, 42.5568], [-1.2262, 42.5422], [-1.2028, 42.5497], [-1.2019, 42.5782], [-1.158, 42.5992], [-1.1798, 42.6106], [-1.1571, 42.6109], [-1.152, 42.6479], [-1.0519, 42.6426], [-1.0368, 42.6516], [-1.028, 42.7001], [-0.9692, 42.7037], [-0.909105, 42.744036]], [[-1.125577, 42.455863], [-1.108, 42.4413], [-1.051, 42.4415], [-1.0917, 42.4857], [-1.125577, 42.455863]], [[-1.148985, 42.432848], [-1.1828, 42.4246], [-1.1878, 42.403], [-1.1588, 42.4097], [-1.148985, 42.432848]]]]}}, {"type": "Feature", "properties": {"name": "Melilla", "code": "52"}, "geometry": {"type": "MultiPolygon", "coordinates": [[[[-2.950577, 35.265458], [-2.9703, 35.2887], [-2.9526, 35.3203], [-2.9233, 35.2902], [-2.950577, 35.265458]]]]}}]}